image_id,image_bytes,registered_function_bytes,additional_candidate_span_bytes,unassigned_bytes,unassigned_ranges,unassigned_return_hints,caveat
8013A000-00a125eadf140c989fb46fe3d5f8f8eb388a5c6aef64401fe31460e2c576dba4,4096,0,8,4088,0x0:0x4;0xC:0x1000,,candidate_spans_and_remaining_bytes_are_not_proven_code_data_classification
8013A000-00d38d7ca28ccbf212106d4663bbd23d72e84daa2879b30ccce8e7033c897dca,4096,0,8,4088,0x0:0x4;0xC:0x1000,,candidate_spans_and_remaining_bytes_are_not_proven_code_data_classification
8013A000-01ad48847f8211fa551f467cd50e20c7de8dd3e123682c36a084de0b484a1e09,4096,0,8,4088,0x0:0x4;0xC:0x1000,,candidate_spans_and_remaining_bytes_are_not_proven_code_data_classification
8013A000-021ad2ccc810980689825021d7c73232476191e1900311a5cb489a5917a512f4,4096,0,8,4088,0x0:0x4;0xC:0x1000,,candidate_spans_and_remaining_bytes_are_not_proven_code_data_classification
8013A000-0222f916aa3d177d3c787e4fb533576337c9aa27c84142c9de98e54f5473c5d2,4096,0,8,4088,0x0:0x4;0xC:0x1000,,candidate_spans_and_remaining_bytes_are_not_proven_code_data_classification
8013A000-024fd4f83a748f0ddc9c938a5e402b387cd37be9332bdd6bd6f3edd6787c507c,4096,0,8,4088,0x0:0x4;0xC:0x1000,,candidate_spans_and_remaining_bytes_are_not_proven_code_data_classification
8013A000-029333ba7e319a0209edf2a47e06871eff51ce7198834ae9fb74489b9ac7cc04,4096,0,8,4088,0x0:0x4;0xC:0x1000,,candidate_spans_and_remaining_bytes_are_not_proven_code_data_classification
8013A000-03276972414f0dbcb9c6a82dde58076d122a432ca5ebf6e5b549360d29a75e90,4096,0,8,4088,0x0:0x4;0xC:0x1000,,candidate_spans_and_remaining_bytes_are_not_proven_code_data_classification
8013A000-03737de3588aa946f3633c054d40c0be3b41f4afc1a3db72013eae383a2452e0,4096,0,8,4088,0x0:0x4;0xC:0x1000,,candidate_spans_and_remaining_bytes_are_not_proven_code_data_classification
8013A000-03a5ad1e481048e41d7d4c93c4bb58f474786344edb93180fe932dec55d27d41,4096,0,8,4088,0x0:0x4;0xC:0x1000,,candidate_spans_and_remaining_bytes_are_not_proven_code_data_classification
8013A000-03a607fb53ae895865e4b3b6f8ff2fa765ef437f33aaaf065a45d3fa1f2532dd,4096,0,8,4088,0x0:0x4;0xC:0x1000,,candidate_spans_and_remaining_bytes_are_not_proven_code_data_classification
8013A000-03b52f1107ef828e71d7e3744df633a8f3871e367df3212a05e4d4ad9c76b799,4096,0,8,4088,0x0:0x4;0xC:0x1000,,candidate_spans_and_remaining_bytes_are_not_proven_code_data_classification
8013A000-03b589a589aec256b3cf1596e4a6f273d1bdd6d758e5f55abfb9995bdb336f1e,4096,0,8,4088,0x0:0x4;0xC:0x1000,,candidate_spans_and_remaining_bytes_are_not_proven_code_data_classification
8013A000-04581aee407ba7905ebd8ec86f23a7f060fabc77ebb7e268e176517e1c98b952,4096,0,8,4088,0x0:0x4;0xC:0x1000,,candidate_spans_and_remaining_bytes_are_not_proven_code_data_classification
8013A000-05085be60cb0a1ae1a1d02767c011e25f81bac1a0c785171c5697a67a05ed3ed,4096,0,8,4088,0x0:0x4;0xC:0x1000,,candidate_spans_and_remaining_bytes_are_not_proven_code_data_classification
8013A000-056382cb2ad515de640c201dab3e7dc2d84218281485ccdfb9d9c2071bb7f1f6,4096,0,8,4088,0x0:0x4;0xC:0x1000,,candidate_spans_and_remaining_bytes_are_not_proven_code_data_classification
8013A000-05f5d2353599a9dd93fd090f3f45245be1a92d70a04128a04070398ff1646fcd,4096,0,8,4088,0x0:0x4;0xC:0x1000,,candidate_spans_and_remaining_bytes_are_not_proven_code_data_classification
8013A000-06026a72a31f5a04c5fe558c442c807d4a415b27a4a1b75b8683466f0ef74770,4096,0,8,4088,0x0:0x4;0xC:0x1000,,candidate_spans_and_remaining_bytes_are_not_proven_code_data_classification
8013A000-07624fe994de52e2ca05fe241f85d9eb1fd851b5524af7c5ab5c3edce71e49db,4096,0,8,4088,0x0:0x4;0xC:0x1000,,candidate_spans_and_remaining_bytes_are_not_proven_code_data_classification
8013A000-082823abdea56b8f379ad1d432190251026bbf25a352a1bf384878a685dbbcd0,4096,0,8,4088,0x0:0x4;0xC:0x1000,,candidate_spans_and_remaining_bytes_are_not_proven_code_data_classification
8013A000-089ba68b30d3fab1326e93b6ddbe55cd895e01b5d35b127ca5dd6e84a40de6a5,4096,0,8,4088,0x0:0x4;0xC:0x1000,,candidate_spans_and_remaining_bytes_are_not_proven_code_data_classification
8013A000-08e26b4098df59a16763273762b9c0b3c8eae4d484e93d3f5141e0ecce9ef8c7,4096,0,8,4088,0x0:0x4;0xC:0x1000,0x4AC,candidate_spans_and_remaining_bytes_are_not_proven_code_data_classification
8013A000-09bce070093eff3c8ce145086ba18a5a855894c977210cc6556ad8dc31bb2b21,4096,0,8,4088,0x0:0x4;0xC:0x1000,,candidate_spans_and_remaining_bytes_are_not_proven_code_data_classification
8013A000-09f4cec9a6268c1d7e7ee409ae94042caf6e659ea8abdf6e3c38e217beec6530,4096,0,8,4088,0x0:0x4;0xC:0x1000,,candidate_spans_and_remaining_bytes_are_not_proven_code_data_classification
8013A000-0a67099a05d53efac520d794d4cc491852d6c629a9ec056ebedf6bd9dfff5ae0,4096,0,8,4088,0x0:0x4;0xC:0x1000,,candidate_spans_and_remaining_bytes_are_not_proven_code_data_classification
8013A000-0a8bb3e80c1c730e8e4b022bbbba50c9602783062c4b0ba9014de0004dacbe5a,4096,0,8,4088,0x0:0x4;0xC:0x1000,,candidate_spans_and_remaining_bytes_are_not_proven_code_data_classification
8013A000-0b29e53beea6287731a6675d2a31751236e1e086949a693045c6c49f5d98c172,4096,0,8,4088,0x0:0x4;0xC:0x1000,,candidate_spans_and_remaining_bytes_are_not_proven_code_data_classification
8013A000-0b5e8a4e4aebe57679e48b6a065303475ad9a3594f0b467242a05ca9354e2003,4096,0,8,4088,0x0:0x4;0xC:0x1000,,candidate_spans_and_remaining_bytes_are_not_proven_code_data_classification
8013A000-0b9860cb219ea486c855edf981b7a12e144c0e5508ab987edd842188a657d0cd,4096,0,8,4088,0x0:0x4;0xC:0x1000,,candidate_spans_and_remaining_bytes_are_not_proven_code_data_classification
8013A000-0c8aebcccfaf488fa79e36662dfa58a3ea16e5c79520d91d289de343596f48da,4096,0,8,4088,0x0:0x4;0xC:0x1000,,candidate_spans_and_remaining_bytes_are_not_proven_code_data_classification
8013A000-0ccf43f478f9568b8a9366a9fe8bf3fa5c3b38ff19b4ba3f162ef114032e90cc,4096,0,8,4088,0x0:0x4;0xC:0x1000,,candidate_spans_and_remaining_bytes_are_not_proven_code_data_classification
8013A000-0d0a9d34d85773577ed357a2c9bc9789c8b714095488193af4e1837497cdc7f6,4096,0,8,4088,0x0:0x4;0xC:0x1000,,candidate_spans_and_remaining_bytes_are_not_proven_code_data_classification
8013A000-0d625369e3bd8024807bec93ba00a2b9a471a5d2f1f31e486f8a07e8a2245d09,4096,0,8,4088,0x0:0x4;0xC:0x1000,,candidate_spans_and_remaining_bytes_are_not_proven_code_data_classification
8013A000-0ef9647640bc1ddbe724350c7f79e92d1e2007e23c50b9afc5eaadb56804af2c,4096,0,8,4088,0x0:0x4;0xC:0x1000,,candidate_spans_and_remaining_bytes_are_not_proven_code_data_classification
8013A000-0f44938009c24bd990eb7e50bf6a4cd1d0ffaa216680666bf03967f0aa8ef889,4096,0,8,4088,0x0:0x4;0xC:0x1000,,candidate_spans_and_remaining_bytes_are_not_proven_code_data_classification
8013A000-0f624cee49761927d9423f9716d75b403967a948bd854208d8c29e7011add4a4,4096,0,8,4088,0x0:0x4;0xC:0x1000,,candidate_spans_and_remaining_bytes_are_not_proven_code_data_classification
8013A000-105ba030b7a5b1cb3ae3c0a62222f07acea38faa7372a581a4cc9d74872e9fed,4096,0,8,4088,0x0:0x4;0xC:0x1000,,candidate_spans_and_remaining_bytes_are_not_proven_code_data_classification
8013A000-113e253c146b2655ab415568dd078d87da5f0607fb018619d405161ddc48547a,4096,0,8,4088,0x0:0x4;0xC:0x1000,,candidate_spans_and_remaining_bytes_are_not_proven_code_data_classification
8013A000-11871bf25c4ebe2b13395650332f2cfcc2f59d5b6bc86cbf08aef21a4364f498,4096,0,8,4088,0x0:0x4;0xC:0x1000,,candidate_spans_and_remaining_bytes_are_not_proven_code_data_classification
8013A000-1288fac4b4c4eff1693fabcdbda8f50b21518af040e5e2864934100908e17279,4096,0,8,4088,0x0:0x4;0xC:0x1000,,candidate_spans_and_remaining_bytes_are_not_proven_code_data_classification
8013A000-130270431483f5aa43403a6e3cc8bdf1dc3a0de7ad59b46155a6e577c0202f0b,4096,0,8,4088,0x0:0x4;0xC:0x1000,,candidate_spans_and_remaining_bytes_are_not_proven_code_data_classification
8013A000-13b0ba8a82db4545900f8eed0f865978c6b9ac70ffa2a52457c76e304069bc8f,4096,0,8,4088,0x0:0x4;0xC:0x1000,,candidate_spans_and_remaining_bytes_are_not_proven_code_data_classification
8013A000-13b9cdbc00906074afcdd3aad867a7f5aaafa5e59c2b6e8cfe7e7f27224d8e10,4096,0,8,4088,0x0:0x4;0xC:0x1000,,candidate_spans_and_remaining_bytes_are_not_proven_code_data_classification
8013A000-142dd97e0d5572f5ae3d5ab66a81c28aa67a1d03f3e2bf541760c95d57ef6d84,4096,0,8,4088,0x0:0x4;0xC:0x1000,,candidate_spans_and_remaining_bytes_are_not_proven_code_data_classification
8013A000-16383ebc213180524bc997f271774415309cf1ff3e9729d92cb208f9e9fbf1ef,4096,0,8,4088,0x0:0x4;0xC:0x1000,,candidate_spans_and_remaining_bytes_are_not_proven_code_data_classification
8013A000-173ede884363df74b6360c7ba43988a5df9ec8a3738f76be686d5eb212468645,4096,0,8,4088,0x0:0x4;0xC:0x1000,,candidate_spans_and_remaining_bytes_are_not_proven_code_data_classification
8013A000-17aef7a59b191bba5d1f2cfa121622c034a36c2110f407c7d9d80f888a7f2bb8,4096,0,8,4088,0x0:0x4;0xC:0x1000,,candidate_spans_and_remaining_bytes_are_not_proven_code_data_classification
8013A000-17eebbcfa7f0a726f6380618adbe6d3ad7f26049652e7f4abdb0e005b3bcf94b,4096,0,8,4088,0x0:0x4;0xC:0x1000,,candidate_spans_and_remaining_bytes_are_not_proven_code_data_classification
8013A000-18473102118dc2d9fb8f650af07e5083f22706704f1a6e1f5b84f879518c2da9,4096,0,8,4088,0x0:0x4;0xC:0x1000,,candidate_spans_and_remaining_bytes_are_not_proven_code_data_classification
8013A000-186f6843ff984ba7d269780bafe0dcc25202c23c66d530ead16457af1381ed8d,4096,0,8,4088,0x0:0x4;0xC:0x1000,,candidate_spans_and_remaining_bytes_are_not_proven_code_data_classification
8013A000-192d4ceb119d39b9fcdeea857c3b12c4a8e72cfc3474d98e37453b28e0ff01e7,4096,0,8,4088,0x0:0x4;0xC:0x1000,,candidate_spans_and_remaining_bytes_are_not_proven_code_data_classification
8013A000-192d56b27957c3d5568558201e779982a685a43f1e7520dbfed208ac15c1183a,4096,0,8,4088,0x0:0x4;0xC:0x1000,,candidate_spans_and_remaining_bytes_are_not_proven_code_data_classification
8013A000-193250b9274093b75fcae956ede7bb3e47d7540a3cef7347e56e280b10478cc7,4096,0,8,4088,0x0:0x4;0xC:0x1000,,candidate_spans_and_remaining_bytes_are_not_proven_code_data_classification
8013A000-1b7b387caba510aab6ccaf1412fcc2192251bb5cd9a2728a77d6b2865099600d,4096,0,8,4088,0x0:0x4;0xC:0x1000,,candidate_spans_and_remaining_bytes_are_not_proven_code_data_classification
8013A000-1c06372f94ea3d953d73c38b13884eb5ef90b105651821fa2055da162a91498a,4096,0,8,4088,0x0:0x4;0xC:0x1000,,candidate_spans_and_remaining_bytes_are_not_proven_code_data_classification
8013A000-1c982a63a3453436e9ed04f534dd97b766fb5a44d67b9683b9a355722c1329ad,4096,0,8,4088,0x0:0x4;0xC:0x1000,,candidate_spans_and_remaining_bytes_are_not_proven_code_data_classification
8013A000-1d74ae50c3a45af15bd0ff8682dc59b9768e55889713f6a9eef6febd90be8956,4096,0,8,4088,0x0:0x4;0xC:0x1000,,candidate_spans_and_remaining_bytes_are_not_proven_code_data_classification
8013A000-1d7c9d1a2d377157812ebba362854dc04bf81fd5a2f12dd646f4db35ba6d81e3,4096,0,8,4088,0x0:0x4;0xC:0x1000,,candidate_spans_and_remaining_bytes_are_not_proven_code_data_classification
8013A000-1db57f5b12d911034448af2a7d5fd1178f5f1a1c97b942264f2d83977b46918f,4096,0,8,4088,0x0:0x4;0xC:0x1000,,candidate_spans_and_remaining_bytes_are_not_proven_code_data_classification
8013A000-1e6368ca735d0ee708ef6cc9fc19d355b4d33178c5c91acb84efdce66ad01819,4096,0,8,4088,0x0:0x4;0xC:0x1000,,candidate_spans_and_remaining_bytes_are_not_proven_code_data_classification
8013A000-1ea4f2450bbb0908c168735aaf80c7aa9e8166fe509f06035a85fa90d4512668,4096,0,8,4088,0x0:0x4;0xC:0x1000,,candidate_spans_and_remaining_bytes_are_not_proven_code_data_classification
8013A000-1eacc77478d98a2f7251231e0029c113a389839aaa67815160785e9ee2d5d36c,4096,0,8,4088,0x0:0x4;0xC:0x1000,,candidate_spans_and_remaining_bytes_are_not_proven_code_data_classification
8013A000-1f2fe6ad8530a0a206bdd0efa488490d6f501399d020969e714d0ccca0590c5b,4096,0,8,4088,0x0:0x4;0xC:0x1000,,candidate_spans_and_remaining_bytes_are_not_proven_code_data_classification
8013A000-1f5e0d4be98de06f59fbc6f9923d79a6307bd11fbb83b0e202c4791ffadb6464,4096,0,8,4088,0x0:0x4;0xC:0x1000,,candidate_spans_and_remaining_bytes_are_not_proven_code_data_classification
8013A000-1f8445c1c1d1c41aaf7ca68b6c898b716eca90388b5e097b5f11601096697213,4096,0,8,4088,0x0:0x4;0xC:0x1000,,candidate_spans_and_remaining_bytes_are_not_proven_code_data_classification
8013A000-1fb4f63db5fb4f5cd1579f9c9cc95533f21adec646ec019d8dcafef3dd7a700e,4096,0,8,4088,0x0:0x4;0xC:0x1000,,candidate_spans_and_remaining_bytes_are_not_proven_code_data_classification
8013A000-1ffcf920729b428ac18e563ecfbed1b9bedd9219098b19307c818c55d17123b9,4096,0,8,4088,0x0:0x4;0xC:0x1000,,candidate_spans_and_remaining_bytes_are_not_proven_code_data_classification
8013A000-207983087f1729229ffd5bc460ed6ea8f26b8df447377a3602649a3eb818a01d,4096,0,8,4088,0x0:0x4;0xC:0x1000,,candidate_spans_and_remaining_bytes_are_not_proven_code_data_classification
8013A000-21510c1a255d727761ac6df51f9ae2eb001e575066584535d748d0b7909ba11f,4096,0,8,4088,0x0:0x4;0xC:0x1000,,candidate_spans_and_remaining_bytes_are_not_proven_code_data_classification
8013A000-215d41a27ecfee5fa541c36394f317b2cfcd14c5bbc991dcf2e9814423bb27df,4096,0,8,4088,0x0:0x4;0xC:0x1000,,candidate_spans_and_remaining_bytes_are_not_proven_code_data_classification
8013A000-218072a048d1764baec54049518269607f25744932aac3a1a0317a093a34a484,4096,0,8,4088,0x0:0x4;0xC:0x1000,,candidate_spans_and_remaining_bytes_are_not_proven_code_data_classification
8013A000-218e776a129f4a9519516df7a5ae8984eff8626db21621afeb4c84302f70a2be,4096,0,8,4088,0x0:0x4;0xC:0x1000,,candidate_spans_and_remaining_bytes_are_not_proven_code_data_classification
8013A000-219601d73ad221e133a735c82eca5130b1b4f1e78343b9a27805b2db8c1ff735,4096,0,8,4088,0x0:0x4;0xC:0x1000,,candidate_spans_and_remaining_bytes_are_not_proven_code_data_classification
8013A000-21a038230f88131d2024bc0a12a0800aa6b340f62eae3f69ffa49c44b34ced8c,4096,0,8,4088,0x0:0x4;0xC:0x1000,,candidate_spans_and_remaining_bytes_are_not_proven_code_data_classification
8013A000-21d42447ec1fe13067ebbf8a14b2cf1366a3313264faa39ddcc1bc7e7e841fb4,4096,0,8,4088,0x0:0x4;0xC:0x1000,,candidate_spans_and_remaining_bytes_are_not_proven_code_data_classification
8013A000-21d68268373b74ed2bae45da3a4ce560b92a43e42e3841215db1fb9708dab158,4096,0,8,4088,0x0:0x4;0xC:0x1000,,candidate_spans_and_remaining_bytes_are_not_proven_code_data_classification
8013A000-224a52966a5a5b413fcc981402682b16bd8fd3562d2dc85275a980d57c86d487,4096,0,8,4088,0x0:0x4;0xC:0x1000,,candidate_spans_and_remaining_bytes_are_not_proven_code_data_classification
8013A000-225aa1d6b2da1e2c7461edfa6508ff4d79f4b623fd90f44e24d4d5ecac8d9eb7,4096,0,8,4088,0x0:0x4;0xC:0x1000,,candidate_spans_and_remaining_bytes_are_not_proven_code_data_classification
8013A000-22777bf4f64e520da69b4bb794658f1d81fed149f9dc53aba8d4fe148eb96e7a,4096,0,8,4088,0x0:0x4;0xC:0x1000,,candidate_spans_and_remaining_bytes_are_not_proven_code_data_classification
8013A000-2282a65aeecc871f520ed599ad2b1b75e596d8a0fcbb99e00f33522bcd63df17,4096,0,8,4088,0x0:0x4;0xC:0x1000,,candidate_spans_and_remaining_bytes_are_not_proven_code_data_classification
8013A000-2318fe2b0aadd3b830b0dd347e70ac863ba742f5423a8578e6928a4be056727f,4096,0,8,4088,0x0:0x4;0xC:0x1000,,candidate_spans_and_remaining_bytes_are_not_proven_code_data_classification
8013A000-2326c4ed0019808c949fdf70ad9fe3177c7543faeb5b97ad41143d2f97c0adc8,4096,0,8,4088,0x0:0x4;0xC:0x1000,,candidate_spans_and_remaining_bytes_are_not_proven_code_data_classification
8013A000-23a9b39219b1ffee390a5fb1c7b4e47d796528e44683321ed4da4a24aa979770,4096,0,8,4088,0x0:0x4;0xC:0x1000,,candidate_spans_and_remaining_bytes_are_not_proven_code_data_classification
8013A000-2414570dcad40eed06aa0fbe7374354497e16b0dd5250b9cae8fd28ccfd16938,4096,0,8,4088,0x0:0x4;0xC:0x1000,,candidate_spans_and_remaining_bytes_are_not_proven_code_data_classification
8013A000-2470f8f91a0f15005fea266f975ef7ea5bdb48aa5b37dd3db7c4f6533dfe0455,4096,0,8,4088,0x0:0x4;0xC:0x1000,,candidate_spans_and_remaining_bytes_are_not_proven_code_data_classification
8013A000-24a7a80efaf42f72528bcef89346eb4026648251f65c5f96405ce7e28e48f375,4096,0,8,4088,0x0:0x4;0xC:0x1000,,candidate_spans_and_remaining_bytes_are_not_proven_code_data_classification
8013A000-24af5357b259bbd1bc96fde991c31c96f972258b2ec610af130eef53f8b49606,4096,0,8,4088,0x0:0x4;0xC:0x1000,,candidate_spans_and_remaining_bytes_are_not_proven_code_data_classification
8013A000-24e265ceb59eea11bd8684d3b0e52cc3994f9e1ebdff0f0e5bfd0a72be82ac9e,4096,0,8,4088,0x0:0x4;0xC:0x1000,,candidate_spans_and_remaining_bytes_are_not_proven_code_data_classification
8013A000-252930c79c928c56aef3e71af11786bcc06920f55234ee9c111ce563d0a12c1a,4096,0,8,4088,0x0:0x4;0xC:0x1000,,candidate_spans_and_remaining_bytes_are_not_proven_code_data_classification
8013A000-2580639291884f83919479b4e5d806b215b5c7871dcc6d6301a4ba719f94485d,4096,0,8,4088,0x0:0x4;0xC:0x1000,,candidate_spans_and_remaining_bytes_are_not_proven_code_data_classification
8013A000-25aa52c908a14923281931d9b49e95e001bae9acad84f5d8a1e846d3d1a5bd90,4096,0,8,4088,0x0:0x4;0xC:0x1000,,candidate_spans_and_remaining_bytes_are_not_proven_code_data_classification
8013A000-25e531bed4e66edc0e3a8b00e1092d694e319e7faba3c88c9aee5c57a399f54f,4096,0,8,4088,0x0:0x4;0xC:0x1000,,candidate_spans_and_remaining_bytes_are_not_proven_code_data_classification
8013A000-25fa7e56293d89ff415c1a6084ddb8269f87d989cd313cd3011fdf58990f383c,4096,0,8,4088,0x0:0x4;0xC:0x1000,,candidate_spans_and_remaining_bytes_are_not_proven_code_data_classification
8013A000-26adecda080cbb7761c48d9d0cde9d3c976b026da1d740d2b507c3c9550abc52,4096,0,8,4088,0x0:0x4;0xC:0x1000,,candidate_spans_and_remaining_bytes_are_not_proven_code_data_classification
8013A000-26ef95abceea813a7d86f0ad840265c7f318ee471969fefa900e6cfb5821a039,4096,0,8,4088,0x0:0x4;0xC:0x1000,,candidate_spans_and_remaining_bytes_are_not_proven_code_data_classification
8013A000-27b87f2b443000505fe20494604df764e56b11c52055a8d5fac4dba0eb99f0c1,4096,0,8,4088,0x0:0x4;0xC:0x1000,,candidate_spans_and_remaining_bytes_are_not_proven_code_data_classification
8013A000-27bfcd3a70403493cacaeb168566dc5f954594982d239c41e8a58b0f8b1bf612,4096,0,8,4088,0x0:0x4;0xC:0x1000,,candidate_spans_and_remaining_bytes_are_not_proven_code_data_classification
8013A000-281a6821d9695eefa46335c86257910091acc313bf2b6e8cc5d8b7b3e977477e,4096,0,8,4088,0x0:0x4;0xC:0x1000,,candidate_spans_and_remaining_bytes_are_not_proven_code_data_classification
8013A000-29534d381cb2d765f402472d2277a0b213eea3d6bc07e4f06e00a05d1faa2477,4096,0,8,4088,0x0:0x4;0xC:0x1000,,candidate_spans_and_remaining_bytes_are_not_proven_code_data_classification
8013A000-297e431e643716dc58a4661a39e79394e97c738662955cadb0850125a05c3877,4096,0,8,4088,0x0:0x4;0xC:0x1000,,candidate_spans_and_remaining_bytes_are_not_proven_code_data_classification
8013A000-2a68202a6362d6a8bc677667b2e1c5f0d59da13f8cb02e06b8f03dc012145752,4096,0,8,4088,0x0:0x4;0xC:0x1000,,candidate_spans_and_remaining_bytes_are_not_proven_code_data_classification
8013A000-2b3dd21a8b912e1e9050233452aaa4c26aac4fce72e9a6a66dc7097fd5db4ba2,4096,0,8,4088,0x0:0x4;0xC:0x1000,,candidate_spans_and_remaining_bytes_are_not_proven_code_data_classification
8013A000-2bea30bef837fdff366664e9ccab85340f1deeaaf2f8d18d8bd8f5f11f3f525f,4096,0,8,4088,0x0:0x4;0xC:0x1000,,candidate_spans_and_remaining_bytes_are_not_proven_code_data_classification
8013A000-2ceebd2ab4558cfcb2b60c6c1be21353ddb3195633fcac3a438c4812cb523761,4096,0,8,4088,0x0:0x4;0xC:0x1000,,candidate_spans_and_remaining_bytes_are_not_proven_code_data_classification
8013A000-2e3c90e59878b17575d5b17ec093c1f9f4ae4e4e866931afeb4a3019dd5afc21,4096,0,8,4088,0x0:0x4;0xC:0x1000,,candidate_spans_and_remaining_bytes_are_not_proven_code_data_classification
8013A000-2e8ac30e2ca4ab8a3039fd5a241cce2182f490323f4c85e7bc1fcf8aa8c7f45e,4096,0,8,4088,0x0:0x4;0xC:0x1000,,candidate_spans_and_remaining_bytes_are_not_proven_code_data_classification
8013A000-2ee4466164ba1f055b45f7beb66b064e21c8ad036efb0445d0be19ba9a32cfc7,4096,0,8,4088,0x0:0x4;0xC:0x1000,,candidate_spans_and_remaining_bytes_are_not_proven_code_data_classification
8013A000-2f3b762c31bff6177095e222f868a327ee4a83a092195b2f8032780413e3c3f7,4096,0,8,4088,0x0:0x4;0xC:0x1000,,candidate_spans_and_remaining_bytes_are_not_proven_code_data_classification
8013A000-2fc005575793a725a3279b017dd67301bbafa4f2ec723dd9fc0ac33dc7b940fb,4096,0,8,4088,0x0:0x4;0xC:0x1000,,candidate_spans_and_remaining_bytes_are_not_proven_code_data_classification
8013A000-3029c25d64d9cd0170e03dd4e186e944273f2f2f7f2f83048bd71d9f003d74c9,4096,0,8,4088,0x0:0x4;0xC:0x1000,,candidate_spans_and_remaining_bytes_are_not_proven_code_data_classification
8013A000-307f9a6dae46ce3de2430a712e7f477cce6f18529a0c145d7f6064d236975019,4096,0,8,4088,0x0:0x4;0xC:0x1000,,candidate_spans_and_remaining_bytes_are_not_proven_code_data_classification
8013A000-309fde4b6937193fee508fc9f38eaa669be3ae9f96ae5b662a9aae0c6e36854e,4096,0,8,4088,0x0:0x4;0xC:0x1000,,candidate_spans_and_remaining_bytes_are_not_proven_code_data_classification
8013A000-30a334942311174dd972d5c14c438a68219d8d898e2b42cc24674a16a3c08faa,4096,0,8,4088,0x0:0x4;0xC:0x1000,,candidate_spans_and_remaining_bytes_are_not_proven_code_data_classification
8013A000-310dfd2f0fd15a6103d72c9491f4f51b27c0e80b779346436a326a70d07a3099,4096,0,8,4088,0x0:0x4;0xC:0x1000,,candidate_spans_and_remaining_bytes_are_not_proven_code_data_classification
8013A000-312e59d2faca899e7f9d7c54506ba6dd616d9ab83e8a08005b75c8f4f94a7a0d,4096,0,8,4088,0x0:0x4;0xC:0x1000,,candidate_spans_and_remaining_bytes_are_not_proven_code_data_classification
8013A000-31436abfe124a1e347b7360be9667d9bed7e3f7c27acb833914c127f1a45165c,4096,0,8,4088,0x0:0x4;0xC:0x1000,,candidate_spans_and_remaining_bytes_are_not_proven_code_data_classification
8013A000-3172e706347a10994094e4ac25df70cebe9832661c6e12b6a958581f2b62f2c1,4096,0,8,4088,0x0:0x4;0xC:0x1000,,candidate_spans_and_remaining_bytes_are_not_proven_code_data_classification
8013A000-3296ff8cd85e2094e8cef29615ce1010d9c9dca01eb0879aae3708b8ecd36855,4096,0,8,4088,0x0:0x4;0xC:0x1000,,candidate_spans_and_remaining_bytes_are_not_proven_code_data_classification
8013A000-32d3d07c3d74cd6dce0acfab27143972920c881bfdbbafefc1273543c677f74e,4096,0,8,4088,0x0:0x4;0xC:0x1000,,candidate_spans_and_remaining_bytes_are_not_proven_code_data_classification
8013A000-33cdc4fff8794b2e633ff0b956c309da0a626644033718fac86f374e3db99dcf,4096,0,8,4088,0x0:0x4;0xC:0x1000,,candidate_spans_and_remaining_bytes_are_not_proven_code_data_classification
8013A000-33efb6f25c1f527dbaf4e6c9caeb03359c9bfd8bf61ef317c745e487ad090ac5,4096,0,8,4088,0x0:0x4;0xC:0x1000,,candidate_spans_and_remaining_bytes_are_not_proven_code_data_classification
8013A000-34601ad2a825ebb383705965a7a38082d800999bd18e3381b366077223a9f52f,4096,0,8,4088,0x0:0x4;0xC:0x1000,,candidate_spans_and_remaining_bytes_are_not_proven_code_data_classification
8013A000-348f51f7bf3b51f618e35b03217ee7a8d6a645415bf7fe8c8d051775b2c2ed7a,4096,0,8,4088,0x0:0x4;0xC:0x1000,,candidate_spans_and_remaining_bytes_are_not_proven_code_data_classification
8013A000-34bfccba58a2384cbe24ec1ad5b043123628b41dde60d76838079a3cecd1585a,4096,0,8,4088,0x0:0x4;0xC:0x1000,,candidate_spans_and_remaining_bytes_are_not_proven_code_data_classification
8013A000-354ee9da6aa71868f4e353e890147f7108b9cd3c1238265fb3367c1aa6cae9c4,4096,0,8,4088,0x0:0x4;0xC:0x1000,,candidate_spans_and_remaining_bytes_are_not_proven_code_data_classification
8013A000-35e5979faafd4fac8341ef0cc11afad42eb39238b66d739defcd94bdb9676a06,4096,0,8,4088,0x0:0x4;0xC:0x1000,,candidate_spans_and_remaining_bytes_are_not_proven_code_data_classification
8013A000-3664bd1d913597334a7c705690fbb0acca00f01137ccc5c7becda0411e2d5aab,4096,0,8,4088,0x0:0x4;0xC:0x1000,0xD54,candidate_spans_and_remaining_bytes_are_not_proven_code_data_classification
8013A000-371a548b2846abbfe1d588d903804fa519c3efca33b75494f41619d0213239cb,4096,0,8,4088,0x0:0x4;0xC:0x1000,,candidate_spans_and_remaining_bytes_are_not_proven_code_data_classification
8013A000-375fd9dfca872be1b1159e5d7b22f06778725867f64e3543b0b9ac68b47838f7,4096,0,8,4088,0x0:0x4;0xC:0x1000,,candidate_spans_and_remaining_bytes_are_not_proven_code_data_classification
8013A000-38bf7c8b9bbb6da1966da4da912f39e26634ce19a81df88f2ffce8dde8fa7cdf,4096,0,8,4088,0x0:0x4;0xC:0x1000,,candidate_spans_and_remaining_bytes_are_not_proven_code_data_classification
8013A000-394c32000630635da614c549f4779254a9385cdce8643169e158bd53fe8f10b8,4096,0,8,4088,0x0:0x4;0xC:0x1000,,candidate_spans_and_remaining_bytes_are_not_proven_code_data_classification
8013A000-3995a478a1d8c16496c16f17e795c089ad80d2cba23d178bcb057e479c8fa9bc,4096,0,8,4088,0x0:0x4;0xC:0x1000,,candidate_spans_and_remaining_bytes_are_not_proven_code_data_classification
8013A000-39c605207f4fe48b9709dda1e63a93f3f04d678360459db9511ff7e7f7bc1b84,4096,0,8,4088,0x0:0x4;0xC:0x1000,,candidate_spans_and_remaining_bytes_are_not_proven_code_data_classification
8013A000-3a0ed511dc121b903fe50f4cae0237b4c2a6e6e7965e9560cba36a88079f3bc1,4096,0,8,4088,0x0:0x4;0xC:0x1000,,candidate_spans_and_remaining_bytes_are_not_proven_code_data_classification
8013A000-3ae8fc5f35a5f3b229d22044bc725b229f7d4c8b91ed39a788eccf6d61554cf5,4096,0,8,4088,0x0:0x4;0xC:0x1000,,candidate_spans_and_remaining_bytes_are_not_proven_code_data_classification
8013A000-3c2d1dc71730bb7fd6714b479396db786927477f6eee00ebad4298acadce6566,4096,0,8,4088,0x0:0x4;0xC:0x1000,,candidate_spans_and_remaining_bytes_are_not_proven_code_data_classification
8013A000-3c82feb8ca0858d4e95a08cad8265d5f993865f5996b13e9c20a70c0a4b7472c,4096,0,8,4088,0x0:0x4;0xC:0x1000,,candidate_spans_and_remaining_bytes_are_not_proven_code_data_classification
8013A000-3d2b56b76dad831d216bd4a91474ee6b0f90e1c8ea2be74080399742f38129b1,4096,0,8,4088,0x0:0x4;0xC:0x1000,,candidate_spans_and_remaining_bytes_are_not_proven_code_data_classification
8013A000-3d63c1c918a1e50e5e66ea6e48ef058e8f362ace02b213a3185366620a30f9e2,4096,0,8,4088,0x0:0x4;0xC:0x1000,,candidate_spans_and_remaining_bytes_are_not_proven_code_data_classification
8013A000-3d734f37bee36b8aecdfdedd9dfc76fe381251e60e25cc0606b39f6130460d98,4096,0,8,4088,0x0:0x4;0xC:0x1000,,candidate_spans_and_remaining_bytes_are_not_proven_code_data_classification
8013A000-3e3305ef955dd852eda90b5aaceaccfe6eefc7345b7e5d859a0b30d9ec798467,4096,0,8,4088,0x0:0x4;0xC:0x1000,,candidate_spans_and_remaining_bytes_are_not_proven_code_data_classification
8013A000-3f1882bfc39de920a96bbb254bfa7388456001dde637d371b48d7f79812b5cef,4096,0,8,4088,0x0:0x4;0xC:0x1000,,candidate_spans_and_remaining_bytes_are_not_proven_code_data_classification
8013A000-3f626828a2b335db609646259a17f02539697a80b9abf70d89664105deac4fe1,4096,0,8,4088,0x0:0x4;0xC:0x1000,,candidate_spans_and_remaining_bytes_are_not_proven_code_data_classification
8013A000-3f766810b8169816ca2d2203e2cac852a84dfd2451058e606ca7e229d83f1ed6,4096,0,8,4088,0x0:0x4;0xC:0x1000,,candidate_spans_and_remaining_bytes_are_not_proven_code_data_classification
8013A000-3f9ec38e0e0e90d34377b6bb5759df59ea410a19bb976aa7b619ffbc856dc418,4096,0,8,4088,0x0:0x4;0xC:0x1000,,candidate_spans_and_remaining_bytes_are_not_proven_code_data_classification
8013A000-40827f549bfce1eaefb46ef2a7fe584aa8c48b0933f7ab8700b3421efeb670eb,4096,0,8,4088,0x0:0x4;0xC:0x1000,0x4D4;0x840,candidate_spans_and_remaining_bytes_are_not_proven_code_data_classification
8013A000-40f4a350b2d180b6c20da969da4492cee9945669f4ecac4d0f261f96ee33bb20,4096,0,8,4088,0x0:0x4;0xC:0x1000,,candidate_spans_and_remaining_bytes_are_not_proven_code_data_classification
8013A000-412538e67a8233345d024e6ca708996c61463670a2cd3abdc5c17275bcf79315,4096,0,8,4088,0x0:0x4;0xC:0x1000,,candidate_spans_and_remaining_bytes_are_not_proven_code_data_classification
8013A000-41b4f800d68b68f251dc9b79d850f7849a8b4147b9da002db63a3570ce1a561a,4096,0,8,4088,0x0:0x4;0xC:0x1000,,candidate_spans_and_remaining_bytes_are_not_proven_code_data_classification
8013A000-41fc7537a03fa7ba172d7b5a5dbaa95988abbb2e699346e391dc39003c2b3419,4096,0,8,4088,0x0:0x4;0xC:0x1000,,candidate_spans_and_remaining_bytes_are_not_proven_code_data_classification
8013A000-424af63d0936a1803adef5bd7ab0fef1ad6b313357d387a257c99085454f573c,4096,0,8,4088,0x0:0x4;0xC:0x1000,,candidate_spans_and_remaining_bytes_are_not_proven_code_data_classification
8013A000-433abfd8389ea98f2223b299762a5cc6059eb3aa78a5fe0b482a25a47959736c,4096,0,8,4088,0x0:0x4;0xC:0x1000,,candidate_spans_and_remaining_bytes_are_not_proven_code_data_classification
8013A000-43f771530a9ed5fd64c5e98396dd6ee49ae60ab9e815231cd922a8c544cc027e,4096,0,8,4088,0x0:0x4;0xC:0x1000,,candidate_spans_and_remaining_bytes_are_not_proven_code_data_classification
8013A000-43f8bf10a48d32d0bcb34ba7a93560bfaa38937e4d9ba49967d2cae5d466abaa,4096,0,8,4088,0x0:0x4;0xC:0x1000,,candidate_spans_and_remaining_bytes_are_not_proven_code_data_classification
8013A000-444cd76060d016079e9431f215e297029e2aa6db4342a473fc2299cd3c43693c,4096,0,8,4088,0x0:0x4;0xC:0x1000,,candidate_spans_and_remaining_bytes_are_not_proven_code_data_classification
8013A000-44b46214a4c6cba1026be3f95ba6ea40660ee113bfe92886aa70eb4fccc47950,4096,0,8,4088,0x0:0x4;0xC:0x1000,,candidate_spans_and_remaining_bytes_are_not_proven_code_data_classification
8013A000-44c5d88067e104d61532b6f1760f0bf924aab1e908169acab3c1203eb455714f,4096,216,0,3880,0x0:0x4;0xDC:0x1000,,candidate_spans_and_remaining_bytes_are_not_proven_code_data_classification
8013A000-44c9a1d93bdac3170cc1862ce68c8024457006d25648efb0aa819b1bdfd30270,4096,0,8,4088,0x0:0x4;0xC:0x1000,,candidate_spans_and_remaining_bytes_are_not_proven_code_data_classification
8013A000-460acea70790707249b0651c66d2e48164b61fb6818ca5382ae114a2caf2c070,4096,276,0,3820,0x0:0x4;0x118:0x1000,0x150,candidate_spans_and_remaining_bytes_are_not_proven_code_data_classification
8013A000-4638612aea6f54fbf8ecc13fb75b5916185c18b7fb6fcdae49b77309d2790325,4096,0,8,4088,0x0:0x4;0xC:0x1000,,candidate_spans_and_remaining_bytes_are_not_proven_code_data_classification
8013A000-464467de6e379a46062805394aca4df78d29ef2c841652efc012ad326fbe967f,4096,0,8,4088,0x0:0x4;0xC:0x1000,,candidate_spans_and_remaining_bytes_are_not_proven_code_data_classification
8013A000-46a9598661dc3e1dee8d226b2bc7732937ec187e366293b225b8f73c0b30e47e,4096,0,8,4088,0x0:0x4;0xC:0x1000,,candidate_spans_and_remaining_bytes_are_not_proven_code_data_classification
8013A000-46d7a666c37c35f534b0ffc50a392b22a21c7be3aeca6208eac8a970962cb2ac,4096,0,8,4088,0x0:0x4;0xC:0x1000,,candidate_spans_and_remaining_bytes_are_not_proven_code_data_classification
8013A000-47334abba5423c1d0b4e083725419e0ef7545bb5e3d0ad9c94863d0a0506b8fc,4096,0,8,4088,0x0:0x4;0xC:0x1000,,candidate_spans_and_remaining_bytes_are_not_proven_code_data_classification
8013A000-47d562ec8e0534b54f17cc7c0f4e3c7ddf2181fe1fe62e8dad1eb66c34ddd5e9,4096,0,8,4088,0x0:0x4;0xC:0x1000,,candidate_spans_and_remaining_bytes_are_not_proven_code_data_classification
8013A000-48d898ac220ebd689492b868dfe7287fc5fffb7f2073bdb004e30a27843bb9d1,4096,0,8,4088,0x0:0x4;0xC:0x1000,,candidate_spans_and_remaining_bytes_are_not_proven_code_data_classification
8013A000-491b5f4264bd7f244f00e888461cf0d8b0c82ef1c1a2759e3b4f38fbcedc8621,4096,0,8,4088,0x0:0x4;0xC:0x1000,,candidate_spans_and_remaining_bytes_are_not_proven_code_data_classification
8013A000-49d78eefe923feaae3a97cb3f07e45870a7f189084a62957a7b0636296b22a9c,4096,0,8,4088,0x0:0x4;0xC:0x1000,,candidate_spans_and_remaining_bytes_are_not_proven_code_data_classification
8013A000-49f6c6829285831b87601c5c28dbeca6707016a108bd60d2753e8ca97c3d2753,4096,0,8,4088,0x0:0x4;0xC:0x1000,,candidate_spans_and_remaining_bytes_are_not_proven_code_data_classification
8013A000-4a34cb01bbe6afe6629ebdb38cd6d763d7d18736bf2a49823d0c32ac78dadc48,4096,0,8,4088,0x0:0x4;0xC:0x1000,,candidate_spans_and_remaining_bytes_are_not_proven_code_data_classification
8013A000-4a4b677326ecc9a8cc0c732960ec44d4871e36dfa61d37b321b2c09c57816572,4096,0,8,4088,0x0:0x4;0xC:0x1000,,candidate_spans_and_remaining_bytes_are_not_proven_code_data_classification
8013A000-4aafb25999ae09538564ff7b95ffbc68e2296d30677727bd2fe51beb62140827,4096,0,8,4088,0x0:0x4;0xC:0x1000,,candidate_spans_and_remaining_bytes_are_not_proven_code_data_classification
8013A000-4b2e2e7e39039e9a19f78f131caad58ee1147319057280687c34f4bf319d2221,4096,0,8,4088,0x0:0x4;0xC:0x1000,,candidate_spans_and_remaining_bytes_are_not_proven_code_data_classification
8013A000-4b439948810ad29598921f6b8bcf5a1476042cbc58c2ae6467b2a5593a42265b,4096,0,8,4088,0x0:0x4;0xC:0x1000,,candidate_spans_and_remaining_bytes_are_not_proven_code_data_classification
8013A000-4baf8ae5fe33aa6db0ac6d0d521ae9bff5b797f36ce939dd70a7d8275793f0b6,4096,216,0,3880,0x0:0x4;0xDC:0x1000,,candidate_spans_and_remaining_bytes_are_not_proven_code_data_classification
8013A000-4bcd42919dde66b3df0dedc516f54f4099bb17156e70a259d64c29869fa20394,4096,0,8,4088,0x0:0x4;0xC:0x1000,,candidate_spans_and_remaining_bytes_are_not_proven_code_data_classification
8013A000-4cbe477ce58fbd196c2602832ab573c430edfd1dc878330a18cb98505a2c5da5,4096,0,8,4088,0x0:0x4;0xC:0x1000,,candidate_spans_and_remaining_bytes_are_not_proven_code_data_classification
8013A000-4d07acbbfa5d17a8c252c6debc20cc1b22c1d4b4caeb907eb2540c6f3c76183d,4096,0,8,4088,0x0:0x4;0xC:0x1000,,candidate_spans_and_remaining_bytes_are_not_proven_code_data_classification
8013A000-4d2c8f7300d036217b19bfbbbc385774f403d9dce72f0d309803dfe86880fb9d,4096,0,8,4088,0x0:0x4;0xC:0x1000,,candidate_spans_and_remaining_bytes_are_not_proven_code_data_classification
8013A000-4d35dc596564bc23910577834d49e0e030159f98401709a4f1b614f8d470d5af,4096,0,8,4088,0x0:0x4;0xC:0x1000,,candidate_spans_and_remaining_bytes_are_not_proven_code_data_classification
8013A000-4d66559b64fc0553fa5ca91f48de2782affd4cf8436d1e51fd3dc5549b476f1a,4096,0,8,4088,0x0:0x4;0xC:0x1000,,candidate_spans_and_remaining_bytes_are_not_proven_code_data_classification
8013A000-4d9404ced0adc663eb4fca73523082d137d0f5a356ede1cd329fd7882a12ba07,4096,0,8,4088,0x0:0x4;0xC:0x1000,,candidate_spans_and_remaining_bytes_are_not_proven_code_data_classification
8013A000-4dc9fdd2a85e20ab207068fc16c96cc41f01d3d7990c57045f49309c9581cb9c,4096,0,8,4088,0x0:0x4;0xC:0x1000,,candidate_spans_and_remaining_bytes_are_not_proven_code_data_classification
8013A000-4e2bc33b73cdc878a850ba15bbaaeedb6885d25a198349335fdff9f4cc7fa8a5,4096,0,8,4088,0x0:0x4;0xC:0x1000,,candidate_spans_and_remaining_bytes_are_not_proven_code_data_classification
8013A000-4fa35dfd1030e92353aaeb05f7318eb1ba514b9e4190299a359b4cf7a9511957,4096,0,8,4088,0x0:0x4;0xC:0x1000,,candidate_spans_and_remaining_bytes_are_not_proven_code_data_classification
8013A000-50009ae8031518b1474ef8c8e69689c3c3e836014bae6d6903f20dbe87d9017e,4096,0,8,4088,0x0:0x4;0xC:0x1000,,candidate_spans_and_remaining_bytes_are_not_proven_code_data_classification
8013A000-505bce54156ba39ec64f2dbe579000a15092e470f68504e1d0179ab8f2ccdb0a,4096,0,8,4088,0x0:0x4;0xC:0x1000,,candidate_spans_and_remaining_bytes_are_not_proven_code_data_classification
8013A000-50acb9c09e46c07e80d2207e4fbb461e7f6071fda2598f457018c1ab10c84eb9,4096,0,8,4088,0x0:0x4;0xC:0x1000,,candidate_spans_and_remaining_bytes_are_not_proven_code_data_classification
8013A000-50dbc297a64749cf04883614d30a5acadafabe1cd864515a88bab4e1609ba725,4096,0,8,4088,0x0:0x4;0xC:0x1000,,candidate_spans_and_remaining_bytes_are_not_proven_code_data_classification
8013A000-51b418b889da6c563bb6a1fc32976004c5db84e9a641cf46730c3b208ced0037,4096,0,8,4088,0x0:0x4;0xC:0x1000,0x5E0;0x8F8;0xC7C;0xFE8,candidate_spans_and_remaining_bytes_are_not_proven_code_data_classification
8013A000-522f24ba933733b2d96857684df51e13862d4b1427f35d9501a6ef1d8066c9b2,4096,0,8,4088,0x0:0x4;0xC:0x1000,,candidate_spans_and_remaining_bytes_are_not_proven_code_data_classification
8013A000-5276be1066832e6d33e60d5f2d5f3689ff844691a90365cf1ac236f1db09c439,4096,0,8,4088,0x0:0x4;0xC:0x1000,,candidate_spans_and_remaining_bytes_are_not_proven_code_data_classification
8013A000-5290c49d88b68dddb0d7984e544f58c47366d56b1264cda0caa53cb279ddfee7,4096,0,8,4088,0x0:0x4;0xC:0x1000,,candidate_spans_and_remaining_bytes_are_not_proven_code_data_classification
8013A000-5323ef200f1435efe0bedc9fa82eabc7bff61cb67fc89a492a87753bd767ed86,4096,0,8,4088,0x0:0x4;0xC:0x1000,,candidate_spans_and_remaining_bytes_are_not_proven_code_data_classification
8013A000-5343bbe0bcd8ec10917677cf1637d16ac1c0a08d37ec9d6cd5abc2a729007100,4096,0,8,4088,0x0:0x4;0xC:0x1000,,candidate_spans_and_remaining_bytes_are_not_proven_code_data_classification
8013A000-536bd7f576ae0e42c91f5551da96b40c8d14035aae8425f549de2f8d0220b502,4096,0,8,4088,0x0:0x4;0xC:0x1000,0xD4,candidate_spans_and_remaining_bytes_are_not_proven_code_data_classification
8013A000-53e90c14340a46c54157a19a1f3bc49ff0027f5cb3637fc7c38748097d052302,4096,0,8,4088,0x0:0x4;0xC:0x1000,,candidate_spans_and_remaining_bytes_are_not_proven_code_data_classification
8013A000-540240a9018c7a434c1d80f66c41d0f9717951673475859007924bd7506f99b2,4096,0,8,4088,0x0:0x4;0xC:0x1000,,candidate_spans_and_remaining_bytes_are_not_proven_code_data_classification
8013A000-540afc1f64d02a51b58d896e81f77b4efb97451a61e7e35ad3bd04e2748ead3e,4096,0,8,4088,0x0:0x4;0xC:0x1000,,candidate_spans_and_remaining_bytes_are_not_proven_code_data_classification
8013A000-541867f48a2f8450aa6ab0c6ce6585df8340db38fa21d99a330226ca30d76f52,4096,0,8,4088,0x0:0x4;0xC:0x1000,,candidate_spans_and_remaining_bytes_are_not_proven_code_data_classification
8013A000-544f09a00282c43502f37de8d68ed876b4ba6f9dc23ec5592016dfa5994af2b7,4096,0,8,4088,0x0:0x4;0xC:0x1000,,candidate_spans_and_remaining_bytes_are_not_proven_code_data_classification
8013A000-545256dce74ae2585dcba924e674a35f8bdaafd1d6e38617c7cb3cddec4893ef,4096,0,8,4088,0x0:0x4;0xC:0x1000,,candidate_spans_and_remaining_bytes_are_not_proven_code_data_classification
8013A000-546c19de584a5fb6839b3e65f3c8811ef4541475d41233a7016a61e1a4d03a08,4096,0,8,4088,0x0:0x4;0xC:0x1000,,candidate_spans_and_remaining_bytes_are_not_proven_code_data_classification
8013A000-5477f01127a6aa11651415c0dc753548560ad4949c16969b97d545989ffef6f5,4096,0,8,4088,0x0:0x4;0xC:0x1000,,candidate_spans_and_remaining_bytes_are_not_proven_code_data_classification
8013A000-555ca81ca71e99de1eafdb4fe57a99eaf5fdee615cf1728d489cd275f3b488b4,4096,0,8,4088,0x0:0x4;0xC:0x1000,,candidate_spans_and_remaining_bytes_are_not_proven_code_data_classification
8013A000-55895b1406c3f1e9a62ddb5989a4bdbfa72eced78b2fd3baef3b96b62e5da424,4096,2564,0,1532,0x0:0x4;0xA08:0x1000,,candidate_spans_and_remaining_bytes_are_not_proven_code_data_classification
8013A000-55a75091ee713d6a601155b8f52db250755735a4316e7df1d1099b36071a8a33,4096,0,8,4088,0x0:0x4;0xC:0x1000,,candidate_spans_and_remaining_bytes_are_not_proven_code_data_classification
8013A000-5600f801760efc1b1592ea07e88d3d0d42a8f674a37c7bd67bab3b684b03c899,4096,0,8,4088,0x0:0x4;0xC:0x1000,,candidate_spans_and_remaining_bytes_are_not_proven_code_data_classification
8013A000-5632566f7ce53c43902e4c6f98599eed8c66b8d3c83fe3ad59e548ab8ea9761e,4096,0,8,4088,0x0:0x4;0xC:0x1000,,candidate_spans_and_remaining_bytes_are_not_proven_code_data_classification
8013A000-58747ca15ebc8b79ae1e620dd3c40dea82638d352d834e143904bb5a16c553be,4096,0,8,4088,0x0:0x4;0xC:0x1000,,candidate_spans_and_remaining_bytes_are_not_proven_code_data_classification
8013A000-58ef49df44785caa6034e45ec89b7b020352efa27d72500293a08f3c923188bf,4096,0,8,4088,0x0:0x4;0xC:0x1000,,candidate_spans_and_remaining_bytes_are_not_proven_code_data_classification
8013A000-595cd80fb70cf08264eacddef7fc1c9b153801d1aef42cd62d1b0a3b1279cd50,4096,0,8,4088,0x0:0x4;0xC:0x1000,,candidate_spans_and_remaining_bytes_are_not_proven_code_data_classification
8013A000-5a24b7b53652bae3c54959a8200a36a9b717ba57f0e34a224acc6cfdc956cb29,4096,0,8,4088,0x0:0x4;0xC:0x1000,,candidate_spans_and_remaining_bytes_are_not_proven_code_data_classification
8013A000-5abdb73e83203ecaa9915f65399935d432e14ae14af4f652ddc62f31a897cf7f,4096,0,8,4088,0x0:0x4;0xC:0x1000,,candidate_spans_and_remaining_bytes_are_not_proven_code_data_classification
8013A000-5ac39bfcde79c4b0471282b8081433fb2949cf88bfaf0dd5a00846f1d5b8ad3f,4096,0,8,4088,0x0:0x4;0xC:0x1000,,candidate_spans_and_remaining_bytes_are_not_proven_code_data_classification
8013A000-5c162063e02984ba22defbf0ab9ac1526935405756a0dc1c81c432735255c023,4096,0,8,4088,0x0:0x4;0xC:0x1000,,candidate_spans_and_remaining_bytes_are_not_proven_code_data_classification
8013A000-5c99870a60fc71218fa19621b9d8e0cc3580329fc9caf865993ee8d58fa309b0,4096,0,8,4088,0x0:0x4;0xC:0x1000,,candidate_spans_and_remaining_bytes_are_not_proven_code_data_classification
8013A000-5cdd7ba4db7c41749eb4332ccfb18428515b168ce495e1252300965fb5d8fb6a,4096,0,8,4088,0x0:0x4;0xC:0x1000,,candidate_spans_and_remaining_bytes_are_not_proven_code_data_classification
8013A000-5d2f7a6f9a9f69b40a1cb1b25ecab17b04f4e54088d3bce424fd2140f6976d96,4096,0,8,4088,0x0:0x4;0xC:0x1000,,candidate_spans_and_remaining_bytes_are_not_proven_code_data_classification
8013A000-5d651f4cafdae05c97cb49fe1d9c5c76bbefaadf46d2af94c2d1bb2e7efaaf7a,4096,0,8,4088,0x0:0x4;0xC:0x1000,,candidate_spans_and_remaining_bytes_are_not_proven_code_data_classification
8013A000-5df7afd281403ee5c7781d476f87e47ffcd96d4b3b7874cf8b5f1c7092719640,4096,0,8,4088,0x0:0x4;0xC:0x1000,,candidate_spans_and_remaining_bytes_are_not_proven_code_data_classification
8013A000-5e200836b6becde78852acfa3a0928806b1dd74b4e6459629b103c5bf1827b8b,4096,0,8,4088,0x0:0x4;0xC:0x1000,,candidate_spans_and_remaining_bytes_are_not_proven_code_data_classification
8013A000-5fd984f12d6a5e88031b6d141ea3254f9206c3ff890921b6cada96c9353c86aa,4096,0,8,4088,0x0:0x4;0xC:0x1000,,candidate_spans_and_remaining_bytes_are_not_proven_code_data_classification
8013A000-6009cb2696fba6ae83452a974d0ecd017b9225a16e8a9b105e3d2e43df354ccd,4096,0,8,4088,0x0:0x4;0xC:0x1000,,candidate_spans_and_remaining_bytes_are_not_proven_code_data_classification
8013A000-6155bdf590a4cbcf39a5834edebb846e5e522a18ebcdae64d12fc7b81ccba081,4096,0,8,4088,0x0:0x4;0xC:0x1000,,candidate_spans_and_remaining_bytes_are_not_proven_code_data_classification
8013A000-61b3efc1c6690b793cca9230943cbd7df44137baf9053c12815ee9dac3c2821a,4096,0,8,4088,0x0:0x4;0xC:0x1000,0x370,candidate_spans_and_remaining_bytes_are_not_proven_code_data_classification
8013A000-61bdecf4c0a1b96503e248a1bdeb6f54a7ed435dd4fe2d800727a1e631c887d1,4096,0,8,4088,0x0:0x4;0xC:0x1000,,candidate_spans_and_remaining_bytes_are_not_proven_code_data_classification
8013A000-620f9a5e7607316999fed1e22cb6ca25bd00c8acdab6f9d9e48a31e982e0618b,4096,0,8,4088,0x0:0x4;0xC:0x1000,,candidate_spans_and_remaining_bytes_are_not_proven_code_data_classification
8013A000-644f71299197cf7b2b4f0c7b9f10ced27d5774bc9b54f40475e76d5518243d9d,4096,0,8,4088,0x0:0x4;0xC:0x1000,,candidate_spans_and_remaining_bytes_are_not_proven_code_data_classification
8013A000-64651fd4d04a83c0a0204bfc272aa8ac0ff64b47c713fcd6508fbad3e75da443,4096,0,8,4088,0x0:0x4;0xC:0x1000,,candidate_spans_and_remaining_bytes_are_not_proven_code_data_classification
8013A000-64e592eb47008c2867ee20e4699eac9b7e5117411221b4480d02131dcd07474c,4096,0,8,4088,0x0:0x4;0xC:0x1000,,candidate_spans_and_remaining_bytes_are_not_proven_code_data_classification
8013A000-656b7f78a5c62eda49fb36be6426d3440e3d68a5b07178df6dca4036067a9dbc,4096,216,0,3880,0x0:0x4;0xDC:0x1000,,candidate_spans_and_remaining_bytes_are_not_proven_code_data_classification
8013A000-65c292591ce08acce8456d13a6ec71b1119194e119a80e843225c587ada9ff2a,4096,0,8,4088,0x0:0x4;0xC:0x1000,,candidate_spans_and_remaining_bytes_are_not_proven_code_data_classification
8013A000-66004a748652080a6b7042c60385a63a61199e3c831bfa6eeb260678b16d0b5f,4096,0,8,4088,0x0:0x4;0xC:0x1000,,candidate_spans_and_remaining_bytes_are_not_proven_code_data_classification
8013A000-6678074dbc383c0c24cccc6358718e8976453016c3e64493cccbf69ca64dd5e6,4096,0,8,4088,0x0:0x4;0xC:0x1000,,candidate_spans_and_remaining_bytes_are_not_proven_code_data_classification
8013A000-66ab227e4b06b48cdce2af18bc675486eb4919608cff7794d961ed8cacd2d544,4096,0,8,4088,0x0:0x4;0xC:0x1000,,candidate_spans_and_remaining_bytes_are_not_proven_code_data_classification
8013A000-673e97fafc996bb8b6bdc0037b7dbcf13325ea54f936551191cf0f2a77aedf93,4096,0,8,4088,0x0:0x4;0xC:0x1000,,candidate_spans_and_remaining_bytes_are_not_proven_code_data_classification
8013A000-67cb9b473aa20b614567f7ecfe35e6e5f2f5337cb597dc1e958d07f2b58ef135,4096,0,8,4088,0x0:0x4;0xC:0x1000,,candidate_spans_and_remaining_bytes_are_not_proven_code_data_classification
8013A000-691c41884316c606c9e5b67f17fc1183a4d04460431d3b666a50917b8c4ce331,4096,0,8,4088,0x0:0x4;0xC:0x1000,,candidate_spans_and_remaining_bytes_are_not_proven_code_data_classification
8013A000-6931da347af330fb4c19ae17bfe3cb546e1cb05e41fd2ec6ea726a6d305c276e,4096,0,8,4088,0x0:0x4;0xC:0x1000,,candidate_spans_and_remaining_bytes_are_not_proven_code_data_classification
8013A000-69d034464b38514d56cb21ef75d74f6726acae640f58a0382ee3b797ecfe77ec,4096,0,8,4088,0x0:0x4;0xC:0x1000,,candidate_spans_and_remaining_bytes_are_not_proven_code_data_classification
8013A000-6a3f9d81256397515cecd0a8276ba3eef462688bb2dedfa6417d3cb23d2d23e5,4096,0,8,4088,0x0:0x4;0xC:0x1000,,candidate_spans_and_remaining_bytes_are_not_proven_code_data_classification
8013A000-6aae3deddb49efb86bbd6b81ec8992cd93e1607eedc31b7cd81f5bdb8e4fc23f,4096,0,8,4088,0x0:0x4;0xC:0x1000,,candidate_spans_and_remaining_bytes_are_not_proven_code_data_classification
8013A000-6abff858230a36d833d9c7cc98267464af559d6251051dc6365991b5fb22f178,4096,0,8,4088,0x0:0x4;0xC:0x1000,,candidate_spans_and_remaining_bytes_are_not_proven_code_data_classification
8013A000-6b50a7cab8a4580b1f1bf8716a75205a549d440d24ceeceea60b8c667ae8057b,4096,0,8,4088,0x0:0x4;0xC:0x1000,,candidate_spans_and_remaining_bytes_are_not_proven_code_data_classification
8013A000-6bdfea1eaea20de046e7f247cddc49f8bef77c481d07719222f9cce8ba7f21bb,4096,0,8,4088,0x0:0x4;0xC:0x1000,,candidate_spans_and_remaining_bytes_are_not_proven_code_data_classification
8013A000-6be922fa13f5cce38aae101402235999e5ef08c8ee4850822b521f2f1005fc32,4096,0,8,4088,0x0:0x4;0xC:0x1000,,candidate_spans_and_remaining_bytes_are_not_proven_code_data_classification
8013A000-6c5c2e6b3a29969056f0e79b7e8e2e47653b2dd046e63a7c48bfe068211a2ef3,4096,0,8,4088,0x0:0x4;0xC:0x1000,,candidate_spans_and_remaining_bytes_are_not_proven_code_data_classification
8013A000-6c91e0b7f09ef5309e299e64572b8940d600299877709b0873d851d74e6dde77,4096,0,8,4088,0x0:0x4;0xC:0x1000,,candidate_spans_and_remaining_bytes_are_not_proven_code_data_classification
8013A000-6d8e2e16adc7f2e3ac4e881da6405655a65347d1fdbf3c930ee2f6ed2aa32e81,4096,0,8,4088,0x0:0x4;0xC:0x1000,,candidate_spans_and_remaining_bytes_are_not_proven_code_data_classification
8013A000-6dbd0b019371633709779a392749eb85cd8048dcb8544a5787aa1f4ba4e80608,4096,0,8,4088,0x0:0x4;0xC:0x1000,,candidate_spans_and_remaining_bytes_are_not_proven_code_data_classification
8013A000-6ef6f743b6e79ee947016be2e82df972bbf6eb28c21182ad7efde05c5c4dce86,4096,0,8,4088,0x0:0x4;0xC:0x1000,,candidate_spans_and_remaining_bytes_are_not_proven_code_data_classification
8013A000-6f79704cb0128d85de46e97221a40a609a345263412fd5bd66736b2caa360772,4096,0,8,4088,0x0:0x4;0xC:0x1000,,candidate_spans_and_remaining_bytes_are_not_proven_code_data_classification
8013A000-7005025cea92eb452d8c4a77c052712ff1fa00e0b66ae3bb10c07bd889960900,4096,0,8,4088,0x0:0x4;0xC:0x1000,,candidate_spans_and_remaining_bytes_are_not_proven_code_data_classification
8013A000-7020821b443dfc47a6e29af9067b7fe4c662f4989284f1bfa1805e0cf90e17cd,4096,0,8,4088,0x0:0x4;0xC:0x1000,,candidate_spans_and_remaining_bytes_are_not_proven_code_data_classification
8013A000-704bd6d006d940c1c25767f9eb25d0f8e693ac14d26bc311adf2db6a33ca2797,4096,0,8,4088,0x0:0x4;0xC:0x1000,,candidate_spans_and_remaining_bytes_are_not_proven_code_data_classification
8013A000-70794bd7b47aa59a3a2f8f3f3b18568aa095f62c42c783ce616e6f10354b467b,4096,0,8,4088,0x0:0x4;0xC:0x1000,,candidate_spans_and_remaining_bytes_are_not_proven_code_data_classification
8013A000-71077b2a2c3bb0bb5960f87a12c2df6da9dcd72456b3a86d1de35ae6f555cbfb,4096,0,8,4088,0x0:0x4;0xC:0x1000,,candidate_spans_and_remaining_bytes_are_not_proven_code_data_classification
8013A000-711092f2ea82cdd266707af8b74d64eb4967b0a71b36d8b490a1c83e1dceb4e3,4096,0,8,4088,0x0:0x4;0xC:0x1000,,candidate_spans_and_remaining_bytes_are_not_proven_code_data_classification
8013A000-716577ada7c5dfaafe2d11e213e5bb97aba22f727f5f5aef9f5232e94a6b6ecb,4096,0,8,4088,0x0:0x4;0xC:0x1000,,candidate_spans_and_remaining_bytes_are_not_proven_code_data_classification
8013A000-7178a2020d0bf69cf60db95cd7f1a35693b96b207dc547ed34793ea3e6155ae7,4096,0,8,4088,0x0:0x4;0xC:0x1000,,candidate_spans_and_remaining_bytes_are_not_proven_code_data_classification
8013A000-720654fe0278bd90b97c5e169ed4c1f9510a1c8e5f02cf10cb20c44610806053,4096,0,8,4088,0x0:0x4;0xC:0x1000,,candidate_spans_and_remaining_bytes_are_not_proven_code_data_classification
8013A000-7212bb81157ce33665006eaf877a26708bfa20c0415709430bcf85828d3732a2,4096,0,8,4088,0x0:0x4;0xC:0x1000,,candidate_spans_and_remaining_bytes_are_not_proven_code_data_classification
8013A000-730ea9b0bfbec930f6f278e9ea10e66299610279a38cfe51919bda296a9729e7,4096,0,8,4088,0x0:0x4;0xC:0x1000,,candidate_spans_and_remaining_bytes_are_not_proven_code_data_classification
8013A000-734315c76b044de3b7d7cbb66582bca607819700a07f7a16a422884acda16822,4096,0,8,4088,0x0:0x4;0xC:0x1000,,candidate_spans_and_remaining_bytes_are_not_proven_code_data_classification
8013A000-736245f15ec678b7134fbbc5dff3ecb32bed2f731d177f26110f19c6f44a7f2f,4096,0,8,4088,0x0:0x4;0xC:0x1000,,candidate_spans_and_remaining_bytes_are_not_proven_code_data_classification
8013A000-739b5215ad9c2b12e2b1cbfc01dddfc514bd9622037c813878f9715adb715051,4096,0,8,4088,0x0:0x4;0xC:0x1000,,candidate_spans_and_remaining_bytes_are_not_proven_code_data_classification
8013A000-739fb5ce8357aa3b210df484c6cf02e1f5ec5874c2ef7d298a28131c9c36b662,4096,0,8,4088,0x0:0x4;0xC:0x1000,,candidate_spans_and_remaining_bytes_are_not_proven_code_data_classification
8013A000-740451a539664aac31d7a0fd4ec4c82bab032574c9646039e936e7c0426e0b20,4096,0,8,4088,0x0:0x4;0xC:0x1000,,candidate_spans_and_remaining_bytes_are_not_proven_code_data_classification
8013A000-74261a382f2f3501b86a6b141e3680748a654ab41fafb1b692f0b34c94d87660,4096,0,8,4088,0x0:0x4;0xC:0x1000,,candidate_spans_and_remaining_bytes_are_not_proven_code_data_classification
8013A000-7521b858f0cec5253561f551a5a2f8243eb1c73518e7421f7e402ff5ad3b6b0b,4096,0,8,4088,0x0:0x4;0xC:0x1000,,candidate_spans_and_remaining_bytes_are_not_proven_code_data_classification
8013A000-757b103275d98cab765f7f8a8fa2d90b91805b7ed8912995019667b5d46ed7d7,4096,0,8,4088,0x0:0x4;0xC:0x1000,,candidate_spans_and_remaining_bytes_are_not_proven_code_data_classification
8013A000-763003e4936e6c1bc9557afccef7c1b1f9df47920852775f817a4cbcb34ca353,4096,0,8,4088,0x0:0x4;0xC:0x1000,,candidate_spans_and_remaining_bytes_are_not_proven_code_data_classification
8013A000-76714da44f34a31fd5ecefab2f50d4d9fc09090446e53012058dbe32183e482a,4096,0,8,4088,0x0:0x4;0xC:0x1000,,candidate_spans_and_remaining_bytes_are_not_proven_code_data_classification
8013A000-76ac4b210fe51649cb6c6dea517fcf5bf86a422598c94b07c4ce739d7ed4f47e,4096,0,8,4088,0x0:0x4;0xC:0x1000,,candidate_spans_and_remaining_bytes_are_not_proven_code_data_classification
8013A000-77c6b9df65f446c8e56fb266902d2e03fcf09d3c0570587bba33ec63967ca632,4096,0,8,4088,0x0:0x4;0xC:0x1000,,candidate_spans_and_remaining_bytes_are_not_proven_code_data_classification
8013A000-77f07764c608957cb46f341297208b4bf94f2eefe3caababd9ff4401d0b39813,4096,0,8,4088,0x0:0x4;0xC:0x1000,,candidate_spans_and_remaining_bytes_are_not_proven_code_data_classification
8013A000-77f3f687f0b51d2d90317b0e5bc6e716eabbf2af118d3fda783fad359563b88e,4096,0,8,4088,0x0:0x4;0xC:0x1000,,candidate_spans_and_remaining_bytes_are_not_proven_code_data_classification
8013A000-781b6b655263faa843325d7a3d28c8bcb620847b11babb0673b879e56b220510,4096,0,8,4088,0x0:0x4;0xC:0x1000,,candidate_spans_and_remaining_bytes_are_not_proven_code_data_classification
8013A000-782e60de7b4ea0d3fea671a9f09de5dd1d1d059a4607b254e5521695adf3efd7,4096,0,8,4088,0x0:0x4;0xC:0x1000,,candidate_spans_and_remaining_bytes_are_not_proven_code_data_classification
8013A000-7894cf86b3cf9e9b600ea649a400deab44db5bde580be29e5eceb063cc82a117,4096,0,8,4088,0x0:0x4;0xC:0x1000,,candidate_spans_and_remaining_bytes_are_not_proven_code_data_classification
8013A000-79162da59b9ef571cf6a96df1cc6602d30d282d322fc3c8a4ae5da68c64a6d57,4096,0,8,4088,0x0:0x4;0xC:0x1000,,candidate_spans_and_remaining_bytes_are_not_proven_code_data_classification
8013A000-794a2f3faad28dd35652b8b2c752f4e03c16857bbb4b32a5ef15a2403a0871d0,4096,0,8,4088,0x0:0x4;0xC:0x1000,,candidate_spans_and_remaining_bytes_are_not_proven_code_data_classification
8013A000-798db6453b17673dfee5a43e385a5012cb1f60da34b69a249c21b7c18dc68d55,4096,0,8,4088,0x0:0x4;0xC:0x1000,,candidate_spans_and_remaining_bytes_are_not_proven_code_data_classification
8013A000-79fd879fdf746e94253b2615c5315c5ed47696b03f2bf45fa1057a366ec05680,4096,0,8,4088,0x0:0x4;0xC:0x1000,,candidate_spans_and_remaining_bytes_are_not_proven_code_data_classification
8013A000-7a1050ac825432520753ecc9b7213db63dc51de0b48bea642808a8fcc17bb1bf,4096,0,8,4088,0x0:0x4;0xC:0x1000,,candidate_spans_and_remaining_bytes_are_not_proven_code_data_classification
8013A000-7a41a22d290a868b713e44bfaf7e2e02967f899e2fa6eae62c57aa8c26daf32e,4096,0,8,4088,0x0:0x4;0xC:0x1000,,candidate_spans_and_remaining_bytes_are_not_proven_code_data_classification
8013A000-7aa1f62ba8c262a1ac4813546a409707bafa75826a05af9926f35ee69de6e68e,4096,0,8,4088,0x0:0x4;0xC:0x1000,,candidate_spans_and_remaining_bytes_are_not_proven_code_data_classification
8013A000-7acf9661b5ffd9f60e147c54696770d6475fbe2f6633d29a1d2014ff7e8d9d27,4096,0,8,4088,0x0:0x4;0xC:0x1000,,candidate_spans_and_remaining_bytes_are_not_proven_code_data_classification
8013A000-7ad35582977ec053b3e01624fcb7e6d43bf297cf181ef15d8005859d3a185cf8,4096,0,8,4088,0x0:0x4;0xC:0x1000,,candidate_spans_and_remaining_bytes_are_not_proven_code_data_classification
8013A000-7b91760d304537b9b36197e4a92d310a7348e72760729a75a31e12b9e07963a5,4096,0,8,4088,0x0:0x4;0xC:0x1000,,candidate_spans_and_remaining_bytes_are_not_proven_code_data_classification
8013A000-7c015fb155ab34021071d0d3216c20bbeb4c344082ed1a63d65d2498723ef06a,4096,0,8,4088,0x0:0x4;0xC:0x1000,,candidate_spans_and_remaining_bytes_are_not_proven_code_data_classification
8013A000-7ca173fc73975ca05eec31c47585fd83cdcd15f989526fe8bcf82c7a4d50029e,4096,0,8,4088,0x0:0x4;0xC:0x1000,,candidate_spans_and_remaining_bytes_are_not_proven_code_data_classification
8013A000-7d1e188b497237f2cae1c98c8b402d3cfc22cc1221158462a429d81604064737,4096,0,8,4088,0x0:0x4;0xC:0x1000,,candidate_spans_and_remaining_bytes_are_not_proven_code_data_classification
8013A000-7d50310bb259ecc7e2166e08e5f7ec9f07781524aaf3fc401799d005bd6cac3c,4096,0,8,4088,0x0:0x4;0xC:0x1000,,candidate_spans_and_remaining_bytes_are_not_proven_code_data_classification
8013A000-7da175d92a56025eaaf9c65d2128ad745520bedc0de96ebf6c6f814a54d44033,4096,0,8,4088,0x0:0x4;0xC:0x1000,,candidate_spans_and_remaining_bytes_are_not_proven_code_data_classification
8013A000-7db41d40fa191a828b2d0f1a5dea0c205cd91a2eda77e06e80666c9ee6d71150,4096,0,8,4088,0x0:0x4;0xC:0x1000,,candidate_spans_and_remaining_bytes_are_not_proven_code_data_classification
8013A000-7e74dbc977d95edeaa627ce80604a355a6b531947e06cd81bbc22259545ecb46,4096,0,8,4088,0x0:0x4;0xC:0x1000,,candidate_spans_and_remaining_bytes_are_not_proven_code_data_classification
8013A000-7e8aad510c64b7e95aaeca537c137a9ee546f47be9beea27ce72766b9f36b620,4096,0,8,4088,0x0:0x4;0xC:0x1000,,candidate_spans_and_remaining_bytes_are_not_proven_code_data_classification
8013A000-7fe2fb6e8eeddb4e51062adffca4626d2ce480935d0387192cb112244052dd66,4096,0,8,4088,0x0:0x4;0xC:0x1000,,candidate_spans_and_remaining_bytes_are_not_proven_code_data_classification
8013A000-8042b46e1ffec90a905d5ed1c725c9224d9c399d30be1d4a7d8c92da54c218b4,4096,0,8,4088,0x0:0x4;0xC:0x1000,,candidate_spans_and_remaining_bytes_are_not_proven_code_data_classification
8013A000-805e776a8f96da2e367badbd3441467b0544d3bf80491fa512f2d58b6d54c774,4096,0,8,4088,0x0:0x4;0xC:0x1000,,candidate_spans_and_remaining_bytes_are_not_proven_code_data_classification
8013A000-80b0897c2f01e256c56efee3267e01807496676721a17f82fa29e9d22d250a56,4096,0,8,4088,0x0:0x4;0xC:0x1000,,candidate_spans_and_remaining_bytes_are_not_proven_code_data_classification
8013A000-813e25f224d97f0c555fe95ed977b33082909c7fb2cb64b21501691165c4811a,4096,0,8,4088,0x0:0x4;0xC:0x1000,,candidate_spans_and_remaining_bytes_are_not_proven_code_data_classification
8013A000-816e1a964a2276ed33b7bd9a895d280984a94ba60ddaa984dceb8207e070a4ef,4096,0,8,4088,0x0:0x4;0xC:0x1000,,candidate_spans_and_remaining_bytes_are_not_proven_code_data_classification
8013A000-8190d4ea45cf461c3359dbfbdacd77a2aed63b4ca51989d580febf48f4b28c6d,4096,0,8,4088,0x0:0x4;0xC:0x1000,,candidate_spans_and_remaining_bytes_are_not_proven_code_data_classification
8013A000-8242159e50e8a66973215907b79827e0cc2e9848c28ae1b230c8079f4fd70747,4096,0,8,4088,0x0:0x4;0xC:0x1000,,candidate_spans_and_remaining_bytes_are_not_proven_code_data_classification
8013A000-828895aecce009a1385a4a5e18d6134cdb77d2639adbff67ad00561b74d1bb68,4096,0,8,4088,0x0:0x4;0xC:0x1000,,candidate_spans_and_remaining_bytes_are_not_proven_code_data_classification
8013A000-82a57afd81c70273776e523f1c26a9d169db6614005f282c14b0495314064707,4096,0,8,4088,0x0:0x4;0xC:0x1000,,candidate_spans_and_remaining_bytes_are_not_proven_code_data_classification
8013A000-82c35416424595302a09ae196384488f75bfbe7389e3e1eb4aacc8096ef7e498,4096,0,8,4088,0x0:0x4;0xC:0x1000,,candidate_spans_and_remaining_bytes_are_not_proven_code_data_classification
8013A000-83f1fe1739a982a7fee490b22a2cdb7d22004d5c346903c2c82dcabe8fd932b3,4096,0,8,4088,0x0:0x4;0xC:0x1000,,candidate_spans_and_remaining_bytes_are_not_proven_code_data_classification
8013A000-84868e2cce974e598e625a2d5ab76004b676be5c5b275a7e2ff2e644b13456b7,4096,0,8,4088,0x0:0x4;0xC:0x1000,,candidate_spans_and_remaining_bytes_are_not_proven_code_data_classification
8013A000-85513235db4148838e79b2259a621ae6a21a32a49102a55070f6e8e7297ae440,4096,0,8,4088,0x0:0x4;0xC:0x1000,,candidate_spans_and_remaining_bytes_are_not_proven_code_data_classification
8013A000-85802c37845c20043fa5bb0e7efec595f6b58f9a72fdedadee1b4e46899a3757,4096,0,8,4088,0x0:0x4;0xC:0x1000,,candidate_spans_and_remaining_bytes_are_not_proven_code_data_classification
8013A000-858373435028712535c53122ad82ac2d1d0ebe8c7492584b4a6c49333bf40e15,4096,0,8,4088,0x0:0x4;0xC:0x1000,,candidate_spans_and_remaining_bytes_are_not_proven_code_data_classification
8013A000-85cf532b5e8cda6b8dc53a917e509c9f06f9a9db0ed5595dcfcca96e59e72110,4096,0,8,4088,0x0:0x4;0xC:0x1000,,candidate_spans_and_remaining_bytes_are_not_proven_code_data_classification
8013A000-8681a943303ec4a48cfc602a990186bc7c0e978ce1c6da2acf4f00a9fd0420ab,4096,0,8,4088,0x0:0x4;0xC:0x1000,,candidate_spans_and_remaining_bytes_are_not_proven_code_data_classification
8013A000-87035a8cdddc08643884e3314c9c19a42e7170df063d0e5bfff60679a5b3c0d6,4096,0,8,4088,0x0:0x4;0xC:0x1000,,candidate_spans_and_remaining_bytes_are_not_proven_code_data_classification
8013A000-8773a62be8a8dd6b17724eb93ae3622220e71f473d3394a538ba3ad102ebb028,4096,0,8,4088,0x0:0x4;0xC:0x1000,,candidate_spans_and_remaining_bytes_are_not_proven_code_data_classification
8013A000-877a6ef53644a8921b11456779f9b9352e4cb8555f5164680d2d2877d9c7bfa2,4096,0,8,4088,0x0:0x4;0xC:0x1000,,candidate_spans_and_remaining_bytes_are_not_proven_code_data_classification
8013A000-87b170defc21c03243763d0527fdbf4bd4dfdb4fd96f123295fccceb11f4df4a,4096,0,8,4088,0x0:0x4;0xC:0x1000,,candidate_spans_and_remaining_bytes_are_not_proven_code_data_classification
8013A000-88250030a77df495c1f5a32ded6c9b5cdbd480fcb33a69268c4cc6c9c02ad8b1,4096,0,8,4088,0x0:0x4;0xC:0x1000,,candidate_spans_and_remaining_bytes_are_not_proven_code_data_classification
8013A000-88bd83d2ff6b909b63a060d278c778150ac95f62fd940c07fce6f80edf8c226a,4096,0,8,4088,0x0:0x4;0xC:0x1000,,candidate_spans_and_remaining_bytes_are_not_proven_code_data_classification
8013A000-88d799f02c1ddad6ae58bc256061af763b95d39dd53647601512729330e5d206,4096,0,8,4088,0x0:0x4;0xC:0x1000,,candidate_spans_and_remaining_bytes_are_not_proven_code_data_classification
8013A000-88e875e1b153ab8831fa1578fd521144378d48e35b5ec4a6bb3ffea0a1b129d7,4096,1572,0,2524,0x0:0x4;0x628:0x1000,,candidate_spans_and_remaining_bytes_are_not_proven_code_data_classification
8013A000-891620733d81190cdaf1f83f06e35ad6d95a2b0391d6cdda88bd09ca26284ebe,4096,0,8,4088,0x0:0x4;0xC:0x1000,,candidate_spans_and_remaining_bytes_are_not_proven_code_data_classification
8013A000-89400456c923e135dd5ed4c1c5324f556158c74bf8e3058e215b52451b72943f,4096,0,8,4088,0x0:0x4;0xC:0x1000,,candidate_spans_and_remaining_bytes_are_not_proven_code_data_classification
8013A000-8940ce085a8c4607f2b7967bc840941a85ddf4cb897776341c07e5cd5f411796,4096,0,8,4088,0x0:0x4;0xC:0x1000,,candidate_spans_and_remaining_bytes_are_not_proven_code_data_classification
8013A000-89a71cbe77281e00273eac76a0ce65cf737a4816e15b642f97e6dd933e4714b6,4096,0,8,4088,0x0:0x4;0xC:0x1000,,candidate_spans_and_remaining_bytes_are_not_proven_code_data_classification
8013A000-89eff46c74a8484cc6ef326f7d3b2574582ea671778e2aa7efbd36820a449ebe,4096,0,8,4088,0x0:0x4;0xC:0x1000,,candidate_spans_and_remaining_bytes_are_not_proven_code_data_classification
8013A000-8a50c952d566d260c962989b3d4e20e4bff942db277a5c57084076586e3f9e8d,4096,0,8,4088,0x0:0x4;0xC:0x1000,,candidate_spans_and_remaining_bytes_are_not_proven_code_data_classification
8013A000-8aa42f89edd2b852c5b9c883ac770b11e7a6ed4d52982bf454857f4e44132492,4096,0,8,4088,0x0:0x4;0xC:0x1000,,candidate_spans_and_remaining_bytes_are_not_proven_code_data_classification
8013A000-8af88fcabb80b527ab5070077225a015bef74fe94d5dbc8e1d83d9c52bb220d7,4096,0,8,4088,0x0:0x4;0xC:0x1000,0x4B8,candidate_spans_and_remaining_bytes_are_not_proven_code_data_classification
8013A000-8b25858c06d7b42fcce3c4531d839296ab0d4abd99d795167b820461aaf79cd9,4096,0,8,4088,0x0:0x4;0xC:0x1000,,candidate_spans_and_remaining_bytes_are_not_proven_code_data_classification
8013A000-8bd81e6d32719a00d67c83bb1dde4e022bc80b778b26c465c4b74af055f7830a,4096,276,0,3820,0x0:0x4;0x118:0x1000,0x150,candidate_spans_and_remaining_bytes_are_not_proven_code_data_classification
8013A000-8c6703f890fc83e5823cc65bd11b8bbc1fd15f1b3a37f7611091d52df07a266e,4096,0,8,4088,0x0:0x4;0xC:0x1000,,candidate_spans_and_remaining_bytes_are_not_proven_code_data_classification
8013A000-8c907b1d4ff66af74fee740d2f0165bb38db2bbc0bbb4661b5f12b9c8358f266,4096,0,8,4088,0x0:0x4;0xC:0x1000,,candidate_spans_and_remaining_bytes_are_not_proven_code_data_classification
8013A000-8cb75508f3ffcce04712237618aed698e6665f92b2b73e5e0a1cf0228474dfb9,4096,0,8,4088,0x0:0x4;0xC:0x1000,,candidate_spans_and_remaining_bytes_are_not_proven_code_data_classification
8013A000-8d5c0c9deb1cc57c07719cfca56059761035df6c38c9bbadc1969ec62d4f1b92,4096,0,8,4088,0x0:0x4;0xC:0x1000,,candidate_spans_and_remaining_bytes_are_not_proven_code_data_classification
8013A000-8d7b54d1a7868f1b82121e2629670b3853f7a2911055a48cd31c05d3b50b0845,4096,0,8,4088,0x0:0x4;0xC:0x1000,,candidate_spans_and_remaining_bytes_are_not_proven_code_data_classification
8013A000-8ef5d2bc95a47de3a13276a5dd3b312cef576d11ccd24afe4ab65126b43e084d,4096,0,8,4088,0x0:0x4;0xC:0x1000,,candidate_spans_and_remaining_bytes_are_not_proven_code_data_classification
8013A000-8fa04b0a551ec16bcdd3f7a0ba93cf8d7e789a3de64733cf4fbdea8a232c06a7,4096,216,0,3880,0x0:0x4;0xDC:0x1000,,candidate_spans_and_remaining_bytes_are_not_proven_code_data_classification
8013A000-8fce8694a5cb50c45ea0325d7562eb4a4f6b83f69f138b94b03f15bd7dc1214a,4096,0,8,4088,0x0:0x4;0xC:0x1000,,candidate_spans_and_remaining_bytes_are_not_proven_code_data_classification
8013A000-90d4bfd6936fc7714831d037dc59815184b630e3c7d08947aebf805c474b5137,4096,0,8,4088,0x0:0x4;0xC:0x1000,,candidate_spans_and_remaining_bytes_are_not_proven_code_data_classification
8013A000-911b98012345f6a07dadce7a48c85a86cc7862ce7cf3188cf113d92150aa971f,4096,0,8,4088,0x0:0x4;0xC:0x1000,,candidate_spans_and_remaining_bytes_are_not_proven_code_data_classification
8013A000-91234872003ea02b1185627fb3ddcd3c4c7b6e40c0f736b66935df199d965c9f,4096,0,8,4088,0x0:0x4;0xC:0x1000,,candidate_spans_and_remaining_bytes_are_not_proven_code_data_classification
8013A000-92b2f5a6ec34027a62857a620c93524c78b102d5b958c8d622c8d15a72031c76,4096,0,8,4088,0x0:0x4;0xC:0x1000,,candidate_spans_and_remaining_bytes_are_not_proven_code_data_classification
8013A000-92f9e132146d4a2816cd8cc15e08c9250bf86d6a96f50001bacc7c59cf576cee,4096,0,8,4088,0x0:0x4;0xC:0x1000,,candidate_spans_and_remaining_bytes_are_not_proven_code_data_classification
8013A000-931adb9fceedd8540007981d9612375366bdc18bcf23aefd8668331562ce25a7,4096,0,8,4088,0x0:0x4;0xC:0x1000,,candidate_spans_and_remaining_bytes_are_not_proven_code_data_classification
8013A000-934d46aba5d25e2c8dffc0815cf255deac45fe6292327cc192db38a9c9d9f52c,4096,0,8,4088,0x0:0x4;0xC:0x1000,,candidate_spans_and_remaining_bytes_are_not_proven_code_data_classification
8013A000-94655a413deb587f6a2a9dcdc4462a7aeeda2e37e4296f3088f1ccdf50e1f56a,4096,0,8,4088,0x0:0x4;0xC:0x1000,,candidate_spans_and_remaining_bytes_are_not_proven_code_data_classification
8013A000-949b364bc464cf5454aef749c18cc51020af2fc51d526d668c74d5b7b5e0d5c9,4096,0,8,4088,0x0:0x4;0xC:0x1000,,candidate_spans_and_remaining_bytes_are_not_proven_code_data_classification
8013A000-94ecc11aa6682bd6cb308dd885ec023b3254d27d082cd15a2eb03f757c892bdf,4096,0,8,4088,0x0:0x4;0xC:0x1000,,candidate_spans_and_remaining_bytes_are_not_proven_code_data_classification
8013A000-95011bdffec8730686250c1564564c59873e64740eb9380d71eabf0b1bf94fcb,4096,0,8,4088,0x0:0x4;0xC:0x1000,,candidate_spans_and_remaining_bytes_are_not_proven_code_data_classification
8013A000-95f4397efe9dcb7c65d3287dd90076e3a8adfc77f7fad2e08fd618bafec93d1b,4096,0,8,4088,0x0:0x4;0xC:0x1000,,candidate_spans_and_remaining_bytes_are_not_proven_code_data_classification
8013A000-9625ec36728d890ad2b0934cd7648c985ab98c27bafbdc60f78d8bd0f1446c71,4096,0,8,4088,0x0:0x4;0xC:0x1000,,candidate_spans_and_remaining_bytes_are_not_proven_code_data_classification
8013A000-9687c56b545c333187f900873902f58129154b30ad7a2b54e3641c939d016ac3,4096,0,8,4088,0x0:0x4;0xC:0x1000,,candidate_spans_and_remaining_bytes_are_not_proven_code_data_classification
8013A000-968d40689a94a5b08f08cefbacc0714786ec454af6d560629cb6c3e4d11e8870,4096,0,8,4088,0x0:0x4;0xC:0x1000,,candidate_spans_and_remaining_bytes_are_not_proven_code_data_classification
8013A000-9784f4609967d928baf0fa1c5cd177a87fa37aae027f1bb113ee655585c434b1,4096,0,8,4088,0x0:0x4;0xC:0x1000,,candidate_spans_and_remaining_bytes_are_not_proven_code_data_classification
8013A000-97bc9647f5ad8e599666fc0826a634c833565ffbdf66b9ab70530da7541f6551,4096,0,8,4088,0x0:0x4;0xC:0x1000,,candidate_spans_and_remaining_bytes_are_not_proven_code_data_classification
8013A000-98828f99a5984ef4a0569e2087514321384e7c71b4edc3eb930b66f758083385,4096,0,8,4088,0x0:0x4;0xC:0x1000,,candidate_spans_and_remaining_bytes_are_not_proven_code_data_classification
8013A000-98c11d3fc69101280457f2360b04b10b17604e0ec21d3cdc6823306305bf37ae,4096,0,8,4088,0x0:0x4;0xC:0x1000,,candidate_spans_and_remaining_bytes_are_not_proven_code_data_classification
8013A000-99786ea85a3e0c1158ba2fc329607e0679d1fbb7a1e6b2899ec3c098186e55fd,4096,0,8,4088,0x0:0x4;0xC:0x1000,,candidate_spans_and_remaining_bytes_are_not_proven_code_data_classification
8013A000-999be898433734f0c2c5e78994e93b0f594a63074e4c58370ca7715b0f192d05,4096,0,8,4088,0x0:0x4;0xC:0x1000,,candidate_spans_and_remaining_bytes_are_not_proven_code_data_classification
8013A000-9a5a6aa5e5f1283d766c5ca72469c4f76aefcda66e5a2f821234d7f9c4bb78bd,4096,0,8,4088,0x0:0x4;0xC:0x1000,,candidate_spans_and_remaining_bytes_are_not_proven_code_data_classification
8013A000-9ad49f6bf5853946a2d179d8f6c34a2499c5652fff36c5df8a04ae0a7337431e,4096,0,8,4088,0x0:0x4;0xC:0x1000,,candidate_spans_and_remaining_bytes_are_not_proven_code_data_classification
8013A000-9aedf612f3c8c60f4b92bb30af265ce9635c4a9459077329d4c0c23df6df995c,4096,8,0,4088,0x0:0x4;0xC:0x1000,0x3B0;0x8A8,candidate_spans_and_remaining_bytes_are_not_proven_code_data_classification
8013A000-9ce8a15bb8a4ca7c47eda8fb17ed6007e5d44a667ec537d8874f0d4d7ef6678b,4096,0,8,4088,0x0:0x4;0xC:0x1000,,candidate_spans_and_remaining_bytes_are_not_proven_code_data_classification
8013A000-9cf262d22117edb1e3af1113a2e937fa424d6ab5c8792fd6923e7554463ea06a,4096,0,8,4088,0x0:0x4;0xC:0x1000,,candidate_spans_and_remaining_bytes_are_not_proven_code_data_classification
8013A000-9d13e34a7c3d033ce08d5b897616d5130d72d630f3e92ecca05234ad5b4d913a,4096,0,8,4088,0x0:0x4;0xC:0x1000,0x870,candidate_spans_and_remaining_bytes_are_not_proven_code_data_classification
8013A000-9d5a7b9d98456c84cc92c4b1b9eab34919f23b4ab8f852d8abae71e90c8e0aea,4096,0,8,4088,0x0:0x4;0xC:0x1000,,candidate_spans_and_remaining_bytes_are_not_proven_code_data_classification
8013A000-9e144f61812e9971c53a6e3fb0a6d0c41af18df514e44a7f261417bfa85dde1c,4096,0,8,4088,0x0:0x4;0xC:0x1000,,candidate_spans_and_remaining_bytes_are_not_proven_code_data_classification
8013A000-9e3cd952541ab49824b6457dc2be000c785ee84099aa43349d0c594cfda9c1b6,4096,0,8,4088,0x0:0x4;0xC:0x1000,,candidate_spans_and_remaining_bytes_are_not_proven_code_data_classification
8013A000-9e9b3094308e4aa8fb609fdcc8879caf1f571c1cd40a11835899676220f901e5,4096,0,8,4088,0x0:0x4;0xC:0x1000,,candidate_spans_and_remaining_bytes_are_not_proven_code_data_classification
8013A000-9f14bffb1b0d0888f70741dde6ab4894cb565be5ce17dea13ea6af36f22c08f0,4096,0,8,4088,0x0:0x4;0xC:0x1000,,candidate_spans_and_remaining_bytes_are_not_proven_code_data_classification
8013A000-9f220c8d34405b0b8662a51221a1655a490aec529c809cb65ad39489e3011525,4096,0,8,4088,0x0:0x4;0xC:0x1000,,candidate_spans_and_remaining_bytes_are_not_proven_code_data_classification
8013A000-9f5060d2166c90b6e1c803864dc1d5184bb7bacaf0bbd906ae58cf52ccc23b84,4096,0,8,4088,0x0:0x4;0xC:0x1000,,candidate_spans_and_remaining_bytes_are_not_proven_code_data_classification
8013A000-a05e4c25774a0c60d0ae3dc907182f36380ef36b5a3b927097dc85e0cb1e0576,4096,0,8,4088,0x0:0x4;0xC:0x1000,,candidate_spans_and_remaining_bytes_are_not_proven_code_data_classification
8013A000-a0ec103c6c906630e7b1cfe3b8e62a10d96bfb664e53d72fa37dd437ab1afdb7,4096,0,8,4088,0x0:0x4;0xC:0x1000,,candidate_spans_and_remaining_bytes_are_not_proven_code_data_classification
8013A000-a166f57099bf5284d481a94b99c67774c0afeb178f1c02f6ac72ffd4b0878593,4096,0,8,4088,0x0:0x4;0xC:0x1000,,candidate_spans_and_remaining_bytes_are_not_proven_code_data_classification
8013A000-a16b3a9c30d9ab3356ea0e9f3efc3a24b389a1d6a132aa022c85680be17e7abc,4096,0,8,4088,0x0:0x4;0xC:0x1000,,candidate_spans_and_remaining_bytes_are_not_proven_code_data_classification
8013A000-a1a71b7528711bcbe4fd506c8d01ca3ff3a36b077a69bc4229d31793ea307229,4096,0,8,4088,0x0:0x4;0xC:0x1000,,candidate_spans_and_remaining_bytes_are_not_proven_code_data_classification
8013A000-a1c550189103be93c96de4ffc605266c41c831f47f62e0db917f820185b29f98,4096,0,8,4088,0x0:0x4;0xC:0x1000,,candidate_spans_and_remaining_bytes_are_not_proven_code_data_classification
8013A000-a2a27849ba17ac0d11bce651c38671cb8bd7c67aac97fb08e4ee1598d536611c,4096,0,8,4088,0x0:0x4;0xC:0x1000,,candidate_spans_and_remaining_bytes_are_not_proven_code_data_classification
8013A000-a3491771238c5fb416eca6bb1647d96a06810b13f0801a3f56cd0eb42a4efb62,4096,0,8,4088,0x0:0x4;0xC:0x1000,,candidate_spans_and_remaining_bytes_are_not_proven_code_data_classification
8013A000-a37eafb96c6cb468d0d3e05097c5850bc2f3959912628372a6a49a5360931598,4096,0,8,4088,0x0:0x4;0xC:0x1000,,candidate_spans_and_remaining_bytes_are_not_proven_code_data_classification
8013A000-a3c913a710643ee4f333bbd51925f371fcbe07619f391b40230e031a761f1b57,4096,0,8,4088,0x0:0x4;0xC:0x1000,,candidate_spans_and_remaining_bytes_are_not_proven_code_data_classification
8013A000-a3dbf351bc4d47189d62ba93182158d40e74f35e38f2dd2a3556c49388130c94,4096,0,8,4088,0x0:0x4;0xC:0x1000,,candidate_spans_and_remaining_bytes_are_not_proven_code_data_classification
8013A000-a43b9dfca02aa7c33afd431df8a7478c9668707151305c0840d8e8990a1e5b55,4096,0,8,4088,0x0:0x4;0xC:0x1000,,candidate_spans_and_remaining_bytes_are_not_proven_code_data_classification
8013A000-a4c435dca3424ce1a7b83273d442ae09c8adbff1318add64a40dc93ea617be53,4096,0,8,4088,0x0:0x4;0xC:0x1000,,candidate_spans_and_remaining_bytes_are_not_proven_code_data_classification
8013A000-a4d1c7c4a6c9f6e1044b96fe81494cc1d5e5d7f26a0fe5b241ca903cbb7af13d,4096,0,8,4088,0x0:0x4;0xC:0x1000,,candidate_spans_and_remaining_bytes_are_not_proven_code_data_classification
8013A000-a50774b76fce042bc986460a60cd243f7570df2ba39a2d6864c3a4a64ef24951,4096,0,8,4088,0x0:0x4;0xC:0x1000,0x5B0;0xA54;0xEA0,candidate_spans_and_remaining_bytes_are_not_proven_code_data_classification
8013A000-a518a98dbd6930218f0397754542d68de2d67fbfabae5a3888dc904cffc3a847,4096,0,8,4088,0x0:0x4;0xC:0x1000,,candidate_spans_and_remaining_bytes_are_not_proven_code_data_classification
8013A000-a55e49b5b0c2f4f06390e14ada57f5d5f3e66366913b3a727f035e849049ca0e,4096,0,8,4088,0x0:0x4;0xC:0x1000,,candidate_spans_and_remaining_bytes_are_not_proven_code_data_classification
8013A000-a572fb1ee44b7f02ac2e8e2531d5ea8c0cbbb7919453ef77d97847e891780708,4096,0,8,4088,0x0:0x4;0xC:0x1000,,candidate_spans_and_remaining_bytes_are_not_proven_code_data_classification
8013A000-a696a5f8da7ee99a7b84d75e2265db2e1f7e8cea41fc729fd37624766cde76e9,4096,0,8,4088,0x0:0x4;0xC:0x1000,,candidate_spans_and_remaining_bytes_are_not_proven_code_data_classification
8013A000-a6ec8b48bdda8a66df6747d4af86080ec6a4837d187136fd6be1515237025aee,4096,0,8,4088,0x0:0x4;0xC:0x1000,,candidate_spans_and_remaining_bytes_are_not_proven_code_data_classification
8013A000-a750bd7a650c0bac24082fd24c7de9c2db480fc165540eca93b8705080c4858e,4096,0,8,4088,0x0:0x4;0xC:0x1000,,candidate_spans_and_remaining_bytes_are_not_proven_code_data_classification
8013A000-a7ea5449c44fe4a8ceb5555b24aa82e81edde00cde2d880114d0e20bf98c4125,4096,0,8,4088,0x0:0x4;0xC:0x1000,,candidate_spans_and_remaining_bytes_are_not_proven_code_data_classification
8013A000-a7fa87b3afc946e8913e7110a4545c270f52e564c6b445256d2ccc367d55c6d6,4096,0,8,4088,0x0:0x4;0xC:0x1000,,candidate_spans_and_remaining_bytes_are_not_proven_code_data_classification
8013A000-a9d4a95ca522915b714553f6854f6dcb7019aa05f34910fdf96634f6a1c5cde9,4096,0,8,4088,0x0:0x4;0xC:0x1000,,candidate_spans_and_remaining_bytes_are_not_proven_code_data_classification
8013A000-aa6d660361485883d1128b5891986a5ae0d4580f372f591cd3f12b00522657de,4096,0,8,4088,0x0:0x4;0xC:0x1000,,candidate_spans_and_remaining_bytes_are_not_proven_code_data_classification
8013A000-aaa8b512751e97a29ca1e2814ef3028a370b8721f8868450827becf4bf4a3cf5,4096,0,8,4088,0x0:0x4;0xC:0x1000,,candidate_spans_and_remaining_bytes_are_not_proven_code_data_classification
8013A000-ab96c18b5c34b2f70693ae3fc876b7543dd1f10dec91383588f2cd9cbbf00620,4096,0,8,4088,0x0:0x4;0xC:0x1000,,candidate_spans_and_remaining_bytes_are_not_proven_code_data_classification
8013A000-abca42951269e89876fb72b18f7df35f9afc8b72b356a805658a0d879defc023,4096,0,8,4088,0x0:0x4;0xC:0x1000,,candidate_spans_and_remaining_bytes_are_not_proven_code_data_classification
8013A000-abf1a0785c4e5d039fcc9ef9ee48e04de3610495de23f9bb1002dfc166653d0c,4096,0,8,4088,0x0:0x4;0xC:0x1000,,candidate_spans_and_remaining_bytes_are_not_proven_code_data_classification
8013A000-ac39fb97c3a7ee3bccf3b2ce8ac58af04e004f2692e61250e7ee7eabd29de445,4096,0,8,4088,0x0:0x4;0xC:0x1000,,candidate_spans_and_remaining_bytes_are_not_proven_code_data_classification
8013A000-acca814536608728da59c33319c3341637e5614f6b4fe6fbf66afd513f1aab8c,4096,0,8,4088,0x0:0x4;0xC:0x1000,0x894;0xF3C,candidate_spans_and_remaining_bytes_are_not_proven_code_data_classification
8013A000-ad06f732cd81dcbaea2b437a52352619e11ecd3b4a37b8d2f282291a049dab59,4096,0,8,4088,0x0:0x4;0xC:0x1000,,candidate_spans_and_remaining_bytes_are_not_proven_code_data_classification
8013A000-ad2dccf0ac378d08d79d67199c1f5ffb4b76b89893139b9d533d6f5bb0b7587a,4096,0,48,4048,0x0:0x4;0xC:0x198;0x1C0:0x1000,0x24;0x80;0xDC;0x15C;0x184,candidate_spans_and_remaining_bytes_are_not_proven_code_data_classification
8013A000-ad81fb24a403961b3f4bc95342331109177cbd99e02e62bf0d50ba798088eb58,4096,0,8,4088,0x0:0x4;0xC:0x1000,,candidate_spans_and_remaining_bytes_are_not_proven_code_data_classification
8013A000-adb0fd85d55c40f807b26738378b717e1f5c87efeb0f9472eb06aa1e3198ba36,4096,0,8,4088,0x0:0x4;0xC:0x1000,,candidate_spans_and_remaining_bytes_are_not_proven_code_data_classification
8013A000-aeb036cba023ef289716801a8d4d62f15f54c5281d5fbd7ff03a69f82e93ee77,4096,0,8,4088,0x0:0x4;0xC:0x1000,,candidate_spans_and_remaining_bytes_are_not_proven_code_data_classification
8013A000-b16fcfcee8d45962000e2d86c8db93a834b72efe029f5c2ca40507441b253810,4096,0,8,4088,0x0:0x4;0xC:0x1000,,candidate_spans_and_remaining_bytes_are_not_proven_code_data_classification
8013A000-b1a92eff4ba12ac7297cdef149aac423bfa138361a428a242909a5a8ef717960,4096,0,8,4088,0x0:0x4;0xC:0x1000,,candidate_spans_and_remaining_bytes_are_not_proven_code_data_classification
8013A000-b1b4048283b70de96b890d6ba45ca32a50e7ea56e993e39e95e73bf9e76015af,4096,0,8,4088,0x0:0x4;0xC:0x1000,,candidate_spans_and_remaining_bytes_are_not_proven_code_data_classification
8013A000-b21d3e1360d214006909b496a027e8a124d1336f3a85f3094a221eccd9cf118e,4096,0,8,4088,0x0:0x4;0xC:0x1000,,candidate_spans_and_remaining_bytes_are_not_proven_code_data_classification
8013A000-b245562aab87fb13cf062177530265c459f0bbdfd0d94855a60654cd49a7bb99,4096,0,8,4088,0x0:0x4;0xC:0x1000,,candidate_spans_and_remaining_bytes_are_not_proven_code_data_classification
8013A000-b29119902c473771da79642dac9de9f6705e752e0bfbdc90b84460108894ec83,4096,0,8,4088,0x0:0x4;0xC:0x1000,,candidate_spans_and_remaining_bytes_are_not_proven_code_data_classification
8013A000-b2df4e5b4bdc727934f799bc43ea998c3fef5ef6b3c74ef4d3c083de705bc9b7,4096,0,8,4088,0x0:0x4;0xC:0x1000,,candidate_spans_and_remaining_bytes_are_not_proven_code_data_classification
8013A000-b2f840556318c5d60bf2ca898b1a060dfb9de51e260dd7f535e5db6f0f319baa,4096,0,8,4088,0x0:0x4;0xC:0x1000,,candidate_spans_and_remaining_bytes_are_not_proven_code_data_classification
8013A000-b308936ccbdefa2de1d502433aaa39e84037b46bc4bccdc7f7b86193c9f02577,4096,0,8,4088,0x0:0x4;0xC:0x1000,,candidate_spans_and_remaining_bytes_are_not_proven_code_data_classification
8013A000-b30b3811eaac7f130cfa8d4086193a1b6b2c0b266c5fe406c0367977f106881a,4096,0,8,4088,0x0:0x4;0xC:0x1000,,candidate_spans_and_remaining_bytes_are_not_proven_code_data_classification
8013A000-b384dd23d9f9397d043eb10d2abbbe851de4f3f460654cde8fc4d716f5e6cfd1,4096,0,8,4088,0x0:0x4;0xC:0x1000,,candidate_spans_and_remaining_bytes_are_not_proven_code_data_classification
8013A000-b3857c2d99c1e279e94b15917d8c977637ee3f7c8b045e8e731e683ad4d39534,4096,0,8,4088,0x0:0x4;0xC:0x1000,,candidate_spans_and_remaining_bytes_are_not_proven_code_data_classification
8013A000-b4565fda9572dd02421d7e1b342d36f4a8b657a3b3d666ab378be5ea5819ebaf,4096,0,8,4088,0x0:0x4;0xC:0x1000,,candidate_spans_and_remaining_bytes_are_not_proven_code_data_classification
8013A000-b53ab590d0e7f56855a65c2a208d0798d4b28ca0beffcc795d380e34f79a0f4f,4096,0,8,4088,0x0:0x4;0xC:0x1000,,candidate_spans_and_remaining_bytes_are_not_proven_code_data_classification
8013A000-b55c5133847bcaabf8283b43556bcf91840d4d796c640ce29545384d839db022,4096,0,8,4088,0x0:0x4;0xC:0x1000,,candidate_spans_and_remaining_bytes_are_not_proven_code_data_classification
8013A000-b6083a6bb2209b7f53f1c52875096bf3ca5af1c39cec987eb435f794fd81bf3f,4096,0,8,4088,0x0:0x4;0xC:0x1000,,candidate_spans_and_remaining_bytes_are_not_proven_code_data_classification
8013A000-b62cf674db7ac7f50c75b80cb491ac0e4680fcd29810145d6a952f3850d7fc15,4096,0,8,4088,0x0:0x4;0xC:0x1000,,candidate_spans_and_remaining_bytes_are_not_proven_code_data_classification
8013A000-b6cefea9d30d74d1adaffe24a468c3928bb6e17bf8baebaae51988a61309618c,4096,0,8,4088,0x0:0x4;0xC:0x1000,,candidate_spans_and_remaining_bytes_are_not_proven_code_data_classification
8013A000-b72032da4b9e5100ce2d605f6c52afe5847d59bc8f8aa0da2e420734c92e55e4,4096,0,8,4088,0x0:0x4;0xC:0x1000,,candidate_spans_and_remaining_bytes_are_not_proven_code_data_classification
8013A000-b74109a5b61f766c321989cab6be2897b4dcaa9ed036a33f325114b6cba08fea,4096,0,8,4088,0x0:0x4;0xC:0x1000,,candidate_spans_and_remaining_bytes_are_not_proven_code_data_classification
8013A000-b75104024b32726094402167921611c2a3c34a102db32364d996ea432fe66991,4096,0,8,4088,0x0:0x4;0xC:0x1000,,candidate_spans_and_remaining_bytes_are_not_proven_code_data_classification
8013A000-b7597538fe008ff375c26239966c1d2d138620bbd76d4eb2d096ce20ebca04eb,4096,0,8,4088,0x0:0x4;0xC:0x1000,,candidate_spans_and_remaining_bytes_are_not_proven_code_data_classification
8013A000-b8695b75851542cfa5835dfa353c255cd90938a97530cf184bb1068ecae57a17,4096,0,8,4088,0x0:0x4;0xC:0x1000,,candidate_spans_and_remaining_bytes_are_not_proven_code_data_classification
8013A000-b8bab7fdbac3b957d177797b66beab27c35ca828b9a30f12c055c2e2c8b10961,4096,0,8,4088,0x0:0x4;0xC:0x1000,,candidate_spans_and_remaining_bytes_are_not_proven_code_data_classification
8013A000-b8e9340b1d94695f7c548401825fe1cccc3698528c63e85d49dc54814f735727,4096,0,8,4088,0x0:0x4;0xC:0x1000,,candidate_spans_and_remaining_bytes_are_not_proven_code_data_classification
8013A000-b995f57b272a71241f4452b35a2b6b5ec7f0ca77b635e6c1f26318acb1067494,4096,0,8,4088,0x0:0x4;0xC:0x1000,,candidate_spans_and_remaining_bytes_are_not_proven_code_data_classification
8013A000-ba9b5e2e8f61654681b0e74d45dfbd35abaa466e8d28a3525fc5715f372ccca3,4096,0,8,4088,0x0:0x4;0xC:0x1000,,candidate_spans_and_remaining_bytes_are_not_proven_code_data_classification
8013A000-bafc8c8854e1359f646522e5a7852fc9d38add0a96c3771ed3e36790e65b3579,4096,0,8,4088,0x0:0x4;0xC:0x1000,,candidate_spans_and_remaining_bytes_are_not_proven_code_data_classification
8013A000-bb25eb69b073a07751efadb3fcf1a895fd1a809b3070700051287b7c35ce2022,4096,0,8,4088,0x0:0x4;0xC:0x1000,,candidate_spans_and_remaining_bytes_are_not_proven_code_data_classification
8013A000-bb3a84e2e80dd3f63a51ea2a27b7981bd9c06d53387df2ce17c847b06f353af7,4096,0,8,4088,0x0:0x4;0xC:0x1000,,candidate_spans_and_remaining_bytes_are_not_proven_code_data_classification
8013A000-bb5c2fd4c52e908aef02a3a1788161b19397c366dc165f3a18d939488989876e,4096,0,8,4088,0x0:0x4;0xC:0x1000,,candidate_spans_and_remaining_bytes_are_not_proven_code_data_classification
8013A000-bc6031b1e4c3bdd91aa36d437a6fa41745dadb4dd09457bf0dddbaf713ceb7c4,4096,0,8,4088,0x0:0x4;0xC:0x1000,,candidate_spans_and_remaining_bytes_are_not_proven_code_data_classification
8013A000-bcb4ccc8d97c3dfb1f1e20cf196ac3456ca60181451012b160bb1d9a82b02df0,4096,0,8,4088,0x0:0x4;0xC:0x1000,,candidate_spans_and_remaining_bytes_are_not_proven_code_data_classification
8013A000-bd087abc8e9192b08f28aa8b86f831aa5d1dc56508136a62a1200345a982df03,4096,0,8,4088,0x0:0x4;0xC:0x1000,,candidate_spans_and_remaining_bytes_are_not_proven_code_data_classification
8013A000-bd2d7d671cb1263c9ca222b655ce4060f65823ebf9eebfcc4e00a0370c4e1aa7,4096,0,8,4088,0x0:0x4;0xC:0x1000,,candidate_spans_and_remaining_bytes_are_not_proven_code_data_classification
8013A000-bd5cf8dc6b85be7b613df49e0ac035b29f3dce7f814d132d4e3894d8251a95f4,4096,0,8,4088,0x0:0x4;0xC:0x1000,,candidate_spans_and_remaining_bytes_are_not_proven_code_data_classification
8013A000-bd780604d397f0a1c72694f5f4c273a69ec9c8eb97db2ba46791a91c47083773,4096,0,8,4088,0x0:0x4;0xC:0x1000,,candidate_spans_and_remaining_bytes_are_not_proven_code_data_classification
8013A000-bd958986a1f7a5326344b49644ada5d31d8ee82b68071f2dbf1703a62c7a3e68,4096,0,8,4088,0x0:0x4;0xC:0x1000,,candidate_spans_and_remaining_bytes_are_not_proven_code_data_classification
8013A000-bdcc10561776f9b3412aec01a49c4197dbc8698fa60f4efa08d67af125531efc,4096,0,8,4088,0x0:0x4;0xC:0x1000,,candidate_spans_and_remaining_bytes_are_not_proven_code_data_classification
8013A000-be5b35fb6da5c1c373aaf99fc6e3158f0863d507c7869e364661c5ccbfe347f6,4096,0,8,4088,0x0:0x4;0xC:0x1000,,candidate_spans_and_remaining_bytes_are_not_proven_code_data_classification
8013A000-beb9a84d247fa849c36e61e459e79599a9a8b608caa95d1768992857ce26882b,4096,0,8,4088,0x0:0x4;0xC:0x1000,,candidate_spans_and_remaining_bytes_are_not_proven_code_data_classification
8013A000-bfc51925da6e2d096b7f6366731dd667709e68ebc5e2660d380510998ed4766a,4096,0,8,4088,0x0:0x4;0xC:0x1000,,candidate_spans_and_remaining_bytes_are_not_proven_code_data_classification
8013A000-bfd93ea4c0e84b62059ad6a8bedb8bebd85878cbe6e40b364c946553af06c0a1,4096,0,8,4088,0x0:0x4;0xC:0x1000,,candidate_spans_and_remaining_bytes_are_not_proven_code_data_classification
8013A000-c03a66f64c221425bfcac4a0ed992ac94a9a4d14b97c4423806e83ddfd11b40a,4096,0,8,4088,0x0:0x4;0xC:0x1000,,candidate_spans_and_remaining_bytes_are_not_proven_code_data_classification
8013A000-c0ef86d390289a7be9518b9530c02469ba65f308072e265c0eea4f5a29586334,4096,0,8,4088,0x0:0x4;0xC:0x1000,,candidate_spans_and_remaining_bytes_are_not_proven_code_data_classification
8013A000-c1c94404a5194d5186eed186301676e5d33cb8f868028a186e4383ef8175bb7d,4096,0,8,4088,0x0:0x4;0xC:0x1000,,candidate_spans_and_remaining_bytes_are_not_proven_code_data_classification
8013A000-c237d4dd6dfaa284224825c9d4b58f4c58a81f34260673f7b24579f51a26572b,4096,0,8,4088,0x0:0x4;0xC:0x1000,,candidate_spans_and_remaining_bytes_are_not_proven_code_data_classification
8013A000-c2478badb46497bbb8d2fbe23880a6e01d1f02c5202711bcc979c10db97d5abd,4096,0,8,4088,0x0:0x4;0xC:0x1000,,candidate_spans_and_remaining_bytes_are_not_proven_code_data_classification
8013A000-c35f72a7fc4515183a548b5cb46e9fe3d2e94226be8c428ff6f7082ccb14469e,4096,0,8,4088,0x0:0x4;0xC:0x1000,,candidate_spans_and_remaining_bytes_are_not_proven_code_data_classification
8013A000-c3bcdd7ee170f233910d9ace4a1d3aebd99ecb9cf97f17c78680531786891d5d,4096,0,8,4088,0x0:0x4;0xC:0x1000,,candidate_spans_and_remaining_bytes_are_not_proven_code_data_classification
8013A000-c3d0ddaf22a7c3f53c3a6e1959445d649254f5a45865b7cb993c8d8129b0f56d,4096,0,8,4088,0x0:0x4;0xC:0x1000,,candidate_spans_and_remaining_bytes_are_not_proven_code_data_classification
8013A000-c446125df87e4adbd911ac8f5a2961c7f0c20b150f1b3c3e58fc37310abb7130,4096,0,8,4088,0x0:0x4;0xC:0x1000,,candidate_spans_and_remaining_bytes_are_not_proven_code_data_classification
8013A000-c50696aec6be6a7b456a35833901a32481153a63cfc6a83facff498bcf4011af,4096,0,8,4088,0x0:0x4;0xC:0x1000,,candidate_spans_and_remaining_bytes_are_not_proven_code_data_classification
8013A000-c560913dc81b3772becb7b5c4006af67c1673731016fb2ca4f6e28b36cbca4fe,4096,0,8,4088,0x0:0x4;0xC:0x1000,,candidate_spans_and_remaining_bytes_are_not_proven_code_data_classification
8013A000-c5660a41f8f4a39597ba2ccc1bdd2b56f9cf3b00f311f2ad5470f0948ed82279,4096,0,8,4088,0x0:0x4;0xC:0x1000,,candidate_spans_and_remaining_bytes_are_not_proven_code_data_classification
8013A000-c5a88cbe173162a86f46e0f04b906b2e74a448e254e23bda19e634614f16f16e,4096,0,8,4088,0x0:0x4;0xC:0x1000,,candidate_spans_and_remaining_bytes_are_not_proven_code_data_classification
8013A000-c63c841d66fd2b1cb99e274354ebe6b8258386cd79e2ef8e3677a0b7d7c2fe6d,4096,0,8,4088,0x0:0x4;0xC:0x1000,,candidate_spans_and_remaining_bytes_are_not_proven_code_data_classification
8013A000-c6b68c51407f8e8e5632f72774f4b7a97228024b6b55f87587b1b116b1be2881,4096,0,8,4088,0x0:0x4;0xC:0x1000,,candidate_spans_and_remaining_bytes_are_not_proven_code_data_classification
8013A000-c729fd64f47ec090f29cfc92ae9b8874d2facd126033063de545a7d89e3a471c,4096,0,8,4088,0x0:0x4;0xC:0x1000,,candidate_spans_and_remaining_bytes_are_not_proven_code_data_classification
8013A000-c7c6aa393e347d9d603335b01400a4783e9a9300f7b5dea3f70881c91960682e,4096,0,8,4088,0x0:0x4;0xC:0x1000,,candidate_spans_and_remaining_bytes_are_not_proven_code_data_classification
8013A000-c80a97aa74fb256066da51f1b48e19de98d7238422e2685a65d0e9f2a457bccf,4096,0,8,4088,0x0:0x4;0xC:0x1000,,candidate_spans_and_remaining_bytes_are_not_proven_code_data_classification
8013A000-c916dddc72fbcffb7e77bbbbb416d4972414a711b5f1e2dfbb25a8a79d5f6eb0,4096,0,8,4088,0x0:0x4;0xC:0x1000,,candidate_spans_and_remaining_bytes_are_not_proven_code_data_classification
8013A000-c9512a64a7bd5c7ef66dc6e0ba3d3f876d99522acd5244d4a996ac1dfbeb5867,4096,0,8,4088,0x0:0x4;0xC:0x1000,,candidate_spans_and_remaining_bytes_are_not_proven_code_data_classification
8013A000-c962a3d2b1eca521edaf1b9cf90340b9612a11dec4028ecd3284439675545fa0,4096,0,8,4088,0x0:0x4;0xC:0x1000,,candidate_spans_and_remaining_bytes_are_not_proven_code_data_classification
8013A000-c9e487fa2ff05fea9e31ec27316b21c2270b61c59a4d237f132ddc3606d1e576,4096,0,8,4088,0x0:0x4;0xC:0x1000,,candidate_spans_and_remaining_bytes_are_not_proven_code_data_classification
8013A000-ca6631290b1de9d039821fb9d14b7f4026a0936cec1dd49fce9405415b024d28,4096,0,8,4088,0x0:0x4;0xC:0x1000,,candidate_spans_and_remaining_bytes_are_not_proven_code_data_classification
8013A000-ca8d6248a2262b4904657c88ee17bf6f59f31166eaaae4b6dfaeaf7a5d9692fb,4096,0,8,4088,0x0:0x4;0xC:0x1000,,candidate_spans_and_remaining_bytes_are_not_proven_code_data_classification
8013A000-caa78a7c7de51a82f9190902a83cf88a244454d5cefea59ffd22fed96dead805,4096,0,8,4088,0x0:0x4;0xC:0x1000,,candidate_spans_and_remaining_bytes_are_not_proven_code_data_classification
8013A000-caad55605223b178c6276e7ffd34ce1d3820e145d61c494e1a49cb2f5095e138,4096,0,8,4088,0x0:0x4;0xC:0x1000,,candidate_spans_and_remaining_bytes_are_not_proven_code_data_classification
8013A000-cac578f02bfa901ad24e73d310aa02a1c8b4e9cc1da24142df53c75514601c51,4096,0,8,4088,0x0:0x4;0xC:0x1000,,candidate_spans_and_remaining_bytes_are_not_proven_code_data_classification
8013A000-cc16f28d9478b4bb5a9ae82f70a555765df076920d4eeba45cd7b9bf6500b582,4096,0,8,4088,0x0:0x4;0xC:0x1000,,candidate_spans_and_remaining_bytes_are_not_proven_code_data_classification
8013A000-cc3dbc7649cec82f83062f91eafb9fd0e43f7149b735948bc75f8ffb7123e0d0,4096,0,8,4088,0x0:0x4;0xC:0x1000,,candidate_spans_and_remaining_bytes_are_not_proven_code_data_classification
8013A000-cc63761451ac0ef439baa34dfcc75ef1872f8b6b3c0e1094d328945622a90b25,4096,0,8,4088,0x0:0x4;0xC:0x1000,,candidate_spans_and_remaining_bytes_are_not_proven_code_data_classification
8013A000-cd67ce2ab1490ca49ba0f8e47f82d6d4f8c9aaf606428692984cb3bc7a560029,4096,0,8,4088,0x0:0x4;0xC:0x1000,,candidate_spans_and_remaining_bytes_are_not_proven_code_data_classification
8013A000-cda3eda2a0fe88f3f06294560456a63f500644d20272e9624c2003879dc4f5a5,4096,0,8,4088,0x0:0x4;0xC:0x1000,,candidate_spans_and_remaining_bytes_are_not_proven_code_data_classification
8013A000-cdd096fd41f85e2e62ce478c138ffc0e419581ac7cb978c803e6752ae5de83b1,4096,0,8,4088,0x0:0x4;0xC:0x1000,,candidate_spans_and_remaining_bytes_are_not_proven_code_data_classification
8013A000-ce12425a6608d2125939eb22e4a2ea4bf87230e09fa3a761e16ec583d1fa1240,4096,0,8,4088,0x0:0x4;0xC:0x1000,,candidate_spans_and_remaining_bytes_are_not_proven_code_data_classification
8013A000-ce21af803f96845816cd1d84d33945ad8e2ec14a467e100b32a596d4d06754d8,4096,0,8,4088,0x0:0x4;0xC:0x1000,,candidate_spans_and_remaining_bytes_are_not_proven_code_data_classification
8013A000-ce32cf7897942533c49092e8117c4bd1d2bc971299c0f3cdb9f94b088ca0226c,4096,0,8,4088,0x0:0x4;0xC:0x1000,,candidate_spans_and_remaining_bytes_are_not_proven_code_data_classification
8013A000-ce64ac2bc240f8b228860dca8b625680ddb495c0bef009613cce53870eb9be4e,4096,0,8,4088,0x0:0x4;0xC:0x1000,,candidate_spans_and_remaining_bytes_are_not_proven_code_data_classification
8013A000-cf7149a1af71fcc823e8d271d54ea1383088d662f61eba05dcd415a4b91f4601,4096,0,8,4088,0x0:0x4;0xC:0x1000,,candidate_spans_and_remaining_bytes_are_not_proven_code_data_classification
8013A000-cf81bac28597d1b7ed06ede2ed35953fa0d76f7566d757b0c9ce429c91b1599c,4096,2448,0,1648,0x0:0x4;0x994:0x1000,,candidate_spans_and_remaining_bytes_are_not_proven_code_data_classification
8013A000-cf860ac53b71db64d8e98a09178a95cfb0c413ae0ea8e4d88931fe944b5e1f82,4096,0,8,4088,0x0:0x4;0xC:0x1000,,candidate_spans_and_remaining_bytes_are_not_proven_code_data_classification
8013A000-cfbe4494761e022d9e5230e29dc503d9621ec9e65945f1046e4fe8958749ae75,4096,0,8,4088,0x0:0x4;0xC:0x1000,,candidate_spans_and_remaining_bytes_are_not_proven_code_data_classification
8013A000-cfdfdd808638cca4c0c0e33015512c4fe0b416467204194bb46398688d89786b,4096,0,8,4088,0x0:0x4;0xC:0x1000,,candidate_spans_and_remaining_bytes_are_not_proven_code_data_classification
8013A000-d148889514628bb0ff990e73e577b3f6f69b0fdd90324c1d5c45acdae9119a74,4096,0,8,4088,0x0:0x4;0xC:0x1000,,candidate_spans_and_remaining_bytes_are_not_proven_code_data_classification
8013A000-d160e23d5dbc365d3c595cbd8a4e4889cbf05a8f789b7c8132338258fad630c6,4096,0,8,4088,0x0:0x4;0xC:0x1000,,candidate_spans_and_remaining_bytes_are_not_proven_code_data_classification
8013A000-d1d6f866f353cf2375c189003c00fd20de8a1f021fd72868927508c5f7e1f0c0,4096,0,8,4088,0x0:0x4;0xC:0x1000,,candidate_spans_and_remaining_bytes_are_not_proven_code_data_classification
8013A000-d20d454aca5ff0707582d09a6020db3f714705de9a4d304105fa15b93fec4d49,4096,0,8,4088,0x0:0x4;0xC:0x1000,,candidate_spans_and_remaining_bytes_are_not_proven_code_data_classification
8013A000-d23daefb9515536514853e04ed61b4639bd2d3f856e89f74111513fa711bcf5f,4096,0,8,4088,0x0:0x4;0xC:0x1000,,candidate_spans_and_remaining_bytes_are_not_proven_code_data_classification
8013A000-d32e874cec495ad4d05a55f46194a8f2d948d655a0ec2db6cc0bb3c0c1953291,4096,0,8,4088,0x0:0x4;0xC:0x1000,,candidate_spans_and_remaining_bytes_are_not_proven_code_data_classification
8013A000-d36820accb237c9fda6fced86ccd8641062fbc22d2650980c72763beda94cd34,4096,0,8,4088,0x0:0x4;0xC:0x1000,,candidate_spans_and_remaining_bytes_are_not_proven_code_data_classification
8013A000-d37af0a4742f3c8e2af5fe9dee2776c1833089bc325112bd06d9df93d49e98f1,4096,0,8,4088,0x0:0x4;0xC:0x1000,,candidate_spans_and_remaining_bytes_are_not_proven_code_data_classification
8013A000-d3c13e7ea8813740780e302a5432b71d87cd5c71ab85133e5224391c2eba3b31,4096,0,8,4088,0x0:0x4;0xC:0x1000,,candidate_spans_and_remaining_bytes_are_not_proven_code_data_classification
8013A000-d4427678dd22446665562cda62146bb11c70a7aa59fd31a279e720b0f78d25ad,4096,0,8,4088,0x0:0x4;0xC:0x1000,,candidate_spans_and_remaining_bytes_are_not_proven_code_data_classification
8013A000-d4577cf27afb04f14bffa32b3994f6690634f997cf21a7c06fca7cbba39a574d,4096,0,8,4088,0x0:0x4;0xC:0x1000,,candidate_spans_and_remaining_bytes_are_not_proven_code_data_classification
8013A000-d46f77138d1ad2467885975f08665e8b73e7c0077efaecc107ff4130cbc099fb,4096,0,8,4088,0x0:0x4;0xC:0x1000,,candidate_spans_and_remaining_bytes_are_not_proven_code_data_classification
8013A000-d4e713b61a3d74e93d78762fca85ef86a02069ee8e1aaa7a828cf99653deaadf,4096,0,8,4088,0x0:0x4;0xC:0x1000,,candidate_spans_and_remaining_bytes_are_not_proven_code_data_classification
8013A000-d5685011fe35ffddf2fa922888df326ff4ca7f8885389ced05c9505e8ae9bb34,4096,0,8,4088,0x0:0x4;0xC:0x1000,,candidate_spans_and_remaining_bytes_are_not_proven_code_data_classification
8013A000-d5c2c3aeda42e2a58776891bffc936f261774211a08ed521f2e2bc7e9a2499be,4096,0,8,4088,0x0:0x4;0xC:0x1000,,candidate_spans_and_remaining_bytes_are_not_proven_code_data_classification
8013A000-d65f484bd4266b73019b5c8574ada74ee2bd8aa840bf1d8b1b45d8f975b4df69,4096,0,8,4088,0x0:0x4;0xC:0x1000,,candidate_spans_and_remaining_bytes_are_not_proven_code_data_classification
8013A000-d678aa4b3f02089330bd2b4c417f44eac8b4d94b0d7aa8ff7a922fd5d5ea0665,4096,0,8,4088,0x0:0x4;0xC:0x1000,,candidate_spans_and_remaining_bytes_are_not_proven_code_data_classification
8013A000-d73fcc34413fafd0670964a1ea0e9abe5f147ddd318e121d5aa40bd8ea3f35ea,4096,0,8,4088,0x0:0x4;0xC:0x1000,,candidate_spans_and_remaining_bytes_are_not_proven_code_data_classification
8013A000-d7856474aa8827a5f97e6abbd6ff6cf148c1fbbcf88ce973a22244bf6830f650,4096,0,8,4088,0x0:0x4;0xC:0x1000,,candidate_spans_and_remaining_bytes_are_not_proven_code_data_classification
8013A000-d81ccf21a949dd604f036ed1cb91aec322f16a5e64cfd62e1342c818275d3892,4096,0,8,4088,0x0:0x4;0xC:0x1000,,candidate_spans_and_remaining_bytes_are_not_proven_code_data_classification
8013A000-d95c9437102ca1da4e4ae59afc3b31b506cf9af6fb5263be484ad5ca58ae232d,4096,0,8,4088,0x0:0x4;0xC:0x1000,,candidate_spans_and_remaining_bytes_are_not_proven_code_data_classification
8013A000-d9ceda8533c5ac458f995da88913fcc0fc1d40d16ac9e55d27d27e988fe65f1b,4096,0,8,4088,0x0:0x4;0xC:0x1000,,candidate_spans_and_remaining_bytes_are_not_proven_code_data_classification
8013A000-d9e386758f3ba30793babcc5cf9bc9e50adddb0370aba000901313eccc661819,4096,0,8,4088,0x0:0x4;0xC:0x1000,,candidate_spans_and_remaining_bytes_are_not_proven_code_data_classification
8013A000-d9f6c07e8fd7b1ddbabc75a9f4b196f5f8a2bdb7f1ab6e09d05cd7ce4c8b6c20,4096,0,8,4088,0x0:0x4;0xC:0x1000,,candidate_spans_and_remaining_bytes_are_not_proven_code_data_classification
8013A000-da2497c7eb0bca982a1eddf9432930d24cc45bf8437e4f23ce781a60f99c8a3d,4096,0,8,4088,0x0:0x4;0xC:0x1000,,candidate_spans_and_remaining_bytes_are_not_proven_code_data_classification
8013A000-daadba5c73107fc66a74475068d317cd6aca0a7f3a288bab727ec77ae60f21a1,4096,0,8,4088,0x0:0x4;0xC:0x1000,,candidate_spans_and_remaining_bytes_are_not_proven_code_data_classification
8013A000-dafcd480c42a0bbf5a732d001dabc9c028b89c16732af9251e0f0aaaf1d33d22,4096,0,8,4088,0x0:0x4;0xC:0x1000,,candidate_spans_and_remaining_bytes_are_not_proven_code_data_classification
8013A000-db4f0e7b307e79c0e808811888cf2dc8c843022b76486ea8824035d16aabb2a9,4096,0,8,4088,0x0:0x4;0xC:0x1000,,candidate_spans_and_remaining_bytes_are_not_proven_code_data_classification
8013A000-db8ee4d694bedacb24080966fe80e1de73814c330aeb45295cbde8680f05dacc,4096,0,8,4088,0x0:0x4;0xC:0x1000,,candidate_spans_and_remaining_bytes_are_not_proven_code_data_classification
8013A000-dba38b024c4be9de0cd6357785fef4e9a14340ff0e7b6bbff47e5e5c03dd97a1,4096,0,8,4088,0x0:0x4;0xC:0x1000,,candidate_spans_and_remaining_bytes_are_not_proven_code_data_classification
8013A000-dbbb749c6b2b5c6c34309dd665b14e3e9b04e2186845c6ffa760a80fcbab9559,4096,0,8,4088,0x0:0x4;0xC:0x1000,,candidate_spans_and_remaining_bytes_are_not_proven_code_data_classification
8013A000-dbdc936423359ae656b9dd02de970154ecea10507845d03cefb5ffbb26dab890,4096,0,8,4088,0x0:0x4;0xC:0x1000,,candidate_spans_and_remaining_bytes_are_not_proven_code_data_classification
8013A000-dbf46cbf5b279bb1a5afb348ed0b0591881d21754094c2a4a6116e66e55966a2,4096,0,8,4088,0x0:0x4;0xC:0x1000,,candidate_spans_and_remaining_bytes_are_not_proven_code_data_classification
8013A000-dc0979dce822ac8f291cd3667c005fadec97eee47a0e16a4d6834a0b701948d6,4096,0,8,4088,0x0:0x4;0xC:0x1000,,candidate_spans_and_remaining_bytes_are_not_proven_code_data_classification
8013A000-dc09c746f9bafdc456b3cdc03ba57064ee64d7f4f7ea81f5ea995f9d533a25ac,4096,0,8,4088,0x0:0x4;0xC:0x1000,,candidate_spans_and_remaining_bytes_are_not_proven_code_data_classification
8013A000-dc1408ae68ef571f0fd9082b72b4015fb6f05ffe327268f1e310a7ff70a2af22,4096,0,8,4088,0x0:0x4;0xC:0x1000,,candidate_spans_and_remaining_bytes_are_not_proven_code_data_classification
8013A000-dd064249c0473471475f82013f8c6deb6cca5242d11134d78758fb702115948e,4096,0,8,4088,0x0:0x4;0xC:0x1000,,candidate_spans_and_remaining_bytes_are_not_proven_code_data_classification
8013A000-ddf3a05a2c1749c7a1639ab5dc3648f65d6c87e2881c29876e26a769e3cf45b6,4096,0,8,4088,0x0:0x4;0xC:0x1000,,candidate_spans_and_remaining_bytes_are_not_proven_code_data_classification
8013A000-de6285191dc4e46015f244a632cef10d7eb0a50f4cf0a96b91785887520308ae,4096,0,8,4088,0x0:0x4;0xC:0x1000,,candidate_spans_and_remaining_bytes_are_not_proven_code_data_classification
8013A000-df7a082eb9e7f512bd80eeda2b19d0aad50884eb14a7ef430cf5785d91ebd02a,4096,0,8,4088,0x0:0x4;0xC:0x1000,,candidate_spans_and_remaining_bytes_are_not_proven_code_data_classification
8013A000-e04270ec63632e2e85796cd5b8972077a32574a3d0b2945756603cfc2f978b53,4096,0,8,4088,0x0:0x4;0xC:0x1000,,candidate_spans_and_remaining_bytes_are_not_proven_code_data_classification
8013A000-e0b13661e42aacafc385eb4b81bf1ab384bd432d4dd020542e66a002ca38a956,4096,0,8,4088,0x0:0x4;0xC:0x1000,,candidate_spans_and_remaining_bytes_are_not_proven_code_data_classification
8013A000-e10d369e8e9083e30f63fe430b0b29f8a84aa73c58ddcb463cce953a2a8ffc1b,4096,0,8,4088,0x0:0x4;0xC:0x1000,,candidate_spans_and_remaining_bytes_are_not_proven_code_data_classification
8013A000-e1aba946d2a4259db58c874f8d775ab8ca5aaf7b71d982f6dcb0a9d82f86ae71,4096,0,8,4088,0x0:0x4;0xC:0x1000,,candidate_spans_and_remaining_bytes_are_not_proven_code_data_classification
8013A000-e251ffd2a3665c9a6043a507bcf02c39ad08e152c838301d00abac018ac8aa3d,4096,0,8,4088,0x0:0x4;0xC:0x1000,,candidate_spans_and_remaining_bytes_are_not_proven_code_data_classification
8013A000-e2c849a1fa0e4d82a6854b491903ab5ed44f3aafb265fd0c734af0cba3f794fb,4096,0,8,4088,0x0:0x4;0xC:0x1000,,candidate_spans_and_remaining_bytes_are_not_proven_code_data_classification
8013A000-e2f7d5c1dbd36a2e09021454d320cc8bb9ea74b7b470cbb2848a524a2b603db8,4096,0,8,4088,0x0:0x4;0xC:0x1000,,candidate_spans_and_remaining_bytes_are_not_proven_code_data_classification
8013A000-e302a8ef7ddc7f770a3a192902e7fbdfd5579fc94b93f0afd3152fe751456ebd,4096,0,8,4088,0x0:0x4;0xC:0x1000,,candidate_spans_and_remaining_bytes_are_not_proven_code_data_classification
8013A000-e3f1ada5e5247ba979d5f431d0071847385bca6800f406f1626cadbd9552b9d0,4096,0,8,4088,0x0:0x4;0xC:0x1000,,candidate_spans_and_remaining_bytes_are_not_proven_code_data_classification
8013A000-e4164205ef96a49375a54e5c65dee87276ffbc926b2f604b7e1abb7021a4a7ea,4096,0,8,4088,0x0:0x4;0xC:0x1000,,candidate_spans_and_remaining_bytes_are_not_proven_code_data_classification
8013A000-e59ae8bdff1042fe72acb82f8377f1bf1c34d495ea5c354d955466f2e83302d2,4096,0,8,4088,0x0:0x4;0xC:0x1000,,candidate_spans_and_remaining_bytes_are_not_proven_code_data_classification
8013A000-e5b439c4ccbbcb4c907e2f621a3889a79c2859b78dfc04d9b981703bb528214c,4096,0,8,4088,0x0:0x4;0xC:0x1000,,candidate_spans_and_remaining_bytes_are_not_proven_code_data_classification
8013A000-e62dd7f62873f460be5e1bb0e6442ec5845b11a5b12b6ce905cd7e82da925d65,4096,0,8,4088,0x0:0x4;0xC:0x1000,,candidate_spans_and_remaining_bytes_are_not_proven_code_data_classification
8013A000-e82bcbbcc6ca1ccc5708be2aa6d1f61c93a40d931590acee2d8bdb6212493858,4096,0,8,4088,0x0:0x4;0xC:0x1000,,candidate_spans_and_remaining_bytes_are_not_proven_code_data_classification
8013A000-ea4002a87ecd116153e85c545d64b91eaee972f4e45e20785ed9a6693e05bce3,4096,0,8,4088,0x0:0x4;0xC:0x1000,,candidate_spans_and_remaining_bytes_are_not_proven_code_data_classification
8013A000-eab622f3eae9bb87049c8cb70a50bc59b533219c8d5574949af7a08b5eea8d0e,4096,0,8,4088,0x0:0x4;0xC:0x1000,,candidate_spans_and_remaining_bytes_are_not_proven_code_data_classification
8013A000-eb344b0259e4de6646b220163ac280c97e6da7213c0c72fabda5b2f4d6dedb17,4096,0,8,4088,0x0:0x4;0xC:0x1000,,candidate_spans_and_remaining_bytes_are_not_proven_code_data_classification
8013A000-eb84d2e348009fb5089403cea17ca3a206f38b5b8c56f234535ab2f31dd5eed6,4096,0,8,4088,0x0:0x4;0xC:0x1000,,candidate_spans_and_remaining_bytes_are_not_proven_code_data_classification
8013A000-eba7b5c3e93f048bc76f1862784685fcdb144a353e3efad2b79b2e5be6a56e2d,4096,0,8,4088,0x0:0x4;0xC:0x1000,,candidate_spans_and_remaining_bytes_are_not_proven_code_data_classification
8013A000-ebe25ee501275116b8ef4d5ff30e6712ab47aec77bb68334e28709fb23f4720e,4096,0,8,4088,0x0:0x4;0xC:0x1000,,candidate_spans_and_remaining_bytes_are_not_proven_code_data_classification
8013A000-ec33d262e7fa8f16ca2a77ad2b35a9916c1b8ef29ce7ff3704d8061330083348,4096,0,8,4088,0x0:0x4;0xC:0x1000,,candidate_spans_and_remaining_bytes_are_not_proven_code_data_classification
8013A000-ec6c4d60e468e166f48e17a1c260b0b34ffbc4e1af260b38cc2e369e8db41d62,4096,0,8,4088,0x0:0x4;0xC:0x1000,,candidate_spans_and_remaining_bytes_are_not_proven_code_data_classification
8013A000-ec8e59ccebdadf8259e604b0ae9f86f008625aa24f8fae8d97d116e58140d8f1,4096,0,8,4088,0x0:0x4;0xC:0x1000,,candidate_spans_and_remaining_bytes_are_not_proven_code_data_classification
8013A000-ed314ddc227993aee780138987c73557250bd0fff39124aa9dc49a9728b457f3,4096,0,8,4088,0x0:0x4;0xC:0x1000,,candidate_spans_and_remaining_bytes_are_not_proven_code_data_classification
8013A000-edfc5aa4e9eef643f89ca9f71bff1626aab35fed86a8a1408b1e44ffbaf479d9,4096,0,8,4088,0x0:0x4;0xC:0x1000,,candidate_spans_and_remaining_bytes_are_not_proven_code_data_classification
8013A000-ee5556aa98830a69b0af0d39a15889e91f021811c5c6c8151daf21d9d0d49404,4096,0,8,4088,0x0:0x4;0xC:0x1000,,candidate_spans_and_remaining_bytes_are_not_proven_code_data_classification
8013A000-eecd639ab400f880ad6d0bbd95e5ea7c0b0ceea14a0ba873cfe6046ff7802653,4096,0,8,4088,0x0:0x4;0xC:0x1000,,candidate_spans_and_remaining_bytes_are_not_proven_code_data_classification
8013A000-f058de7f3f624f438d88c05e795618a35466437090dd5bb0ee8087fa42824ee7,4096,0,8,4088,0x0:0x4;0xC:0x1000,,candidate_spans_and_remaining_bytes_are_not_proven_code_data_classification
8013A000-f10cd84bfa7249f64aa18f31c074b89da22ce083f0e4d3d3935fb082d275c5a6,4096,0,8,4088,0x0:0x4;0xC:0x1000,,candidate_spans_and_remaining_bytes_are_not_proven_code_data_classification
8013A000-f131ec2b68358161698be4b19fbd15356c11f0af534cc08c148ad414583bfc00,4096,0,8,4088,0x0:0x4;0xC:0x1000,,candidate_spans_and_remaining_bytes_are_not_proven_code_data_classification
8013A000-f1584d4223720fa4520be5f70d54e16a100ee8623458444403d56170d9a721ec,4096,0,8,4088,0x0:0x4;0xC:0x1000,,candidate_spans_and_remaining_bytes_are_not_proven_code_data_classification
8013A000-f19bad09fe55cacb232abc3d198c8583e75106921f14b9468032d6c0e4ee2d43,4096,0,8,4088,0x0:0x4;0xC:0x1000,,candidate_spans_and_remaining_bytes_are_not_proven_code_data_classification
8013A000-f21f3e7767f0a7f73de236f1e3b0a68df5198ddd0b5465ab1adc394a836797e2,4096,0,8,4088,0x0:0x4;0xC:0x1000,,candidate_spans_and_remaining_bytes_are_not_proven_code_data_classification
8013A000-f25552fde0c0d771b6f7d0d75e5f2e29ce9981d41c0d0b8ac9c24aa49998aeb0,4096,0,8,4088,0x0:0x4;0xC:0x1000,,candidate_spans_and_remaining_bytes_are_not_proven_code_data_classification
8013A000-f29a445f5a5fdcb28bc1f087e1bf59a048057516cddca37a4a8959b397b24b76,4096,0,8,4088,0x0:0x4;0xC:0x1000,,candidate_spans_and_remaining_bytes_are_not_proven_code_data_classification
8013A000-f368a47a5ddcab6d4e9e6a56f397d8ac96d2f68e4948c9e2af7e0be684df3645,4096,0,8,4088,0x0:0x4;0xC:0x1000,,candidate_spans_and_remaining_bytes_are_not_proven_code_data_classification
8013A000-f37a1deb643477a1918fc743bf9f95a90cea1c19104d12998adca12fb11c2057,4096,0,8,4088,0x0:0x4;0xC:0x1000,,candidate_spans_and_remaining_bytes_are_not_proven_code_data_classification
8013A000-f41ad4a5aaae9cefe59b0fb00d71c0d399cd87e1846e7c19ff06f88f35db9650,4096,0,8,4088,0x0:0x4;0xC:0x1000,,candidate_spans_and_remaining_bytes_are_not_proven_code_data_classification
8013A000-f478b134da94266904be4f500d9584af0a34e502b48bf443c8edf411efcf7a74,4096,0,8,4088,0x0:0x4;0xC:0x1000,,candidate_spans_and_remaining_bytes_are_not_proven_code_data_classification
8013A000-f4b816ce3d45b58a046ac160a15da78d0930df961c5a87850be92f457b661756,4096,0,8,4088,0x0:0x4;0xC:0x1000,,candidate_spans_and_remaining_bytes_are_not_proven_code_data_classification
8013A000-f584eff08ad48511cf9ded8429180a8515584e4c4ffb78e205a4f34d3c56dc9a,4096,0,8,4088,0x0:0x4;0xC:0x1000,,candidate_spans_and_remaining_bytes_are_not_proven_code_data_classification
8013A000-f5f660323116c549c8f1c9c905070ee482c21754e71527f271986fb63cc2a3f3,4096,0,8,4088,0x0:0x4;0xC:0x1000,,candidate_spans_and_remaining_bytes_are_not_proven_code_data_classification
8013A000-f67b98db1c8cc0d897cc4065a3a555dc2dc29e4639022925e6f1c2d34525ea18,4096,0,8,4088,0x0:0x4;0xC:0x1000,,candidate_spans_and_remaining_bytes_are_not_proven_code_data_classification
8013A000-f6c2fb6198980be14eedf17085066cb6edea3864f2dd0e905addce0c5f04d3c5,4096,0,8,4088,0x0:0x4;0xC:0x1000,,candidate_spans_and_remaining_bytes_are_not_proven_code_data_classification
8013A000-f7586de3a8d53c033ccd3e06e28127581dd7011fdde30f84b1d93527f896b33b,4096,0,8,4088,0x0:0x4;0xC:0x1000,,candidate_spans_and_remaining_bytes_are_not_proven_code_data_classification
8013A000-f759cb6472602acbe9d918ef1515c8d73df07b7da873fbb35d145f437ab30a8d,4096,0,8,4088,0x0:0x4;0xC:0x1000,,candidate_spans_and_remaining_bytes_are_not_proven_code_data_classification
8013A000-f7e037221f9ad6215bf17af4fb0e4481ad5e3c0f8c610716c6d14c8126686da0,4096,0,8,4088,0x0:0x4;0xC:0x1000,,candidate_spans_and_remaining_bytes_are_not_proven_code_data_classification
8013A000-f8655b10c9d14e4610eee2845ef5056fdd18068ae4651c13bfe648866f07e8fd,4096,0,8,4088,0x0:0x4;0xC:0x1000,,candidate_spans_and_remaining_bytes_are_not_proven_code_data_classification
8013A000-f886b1e1fe6a41667e70a3d457c1f23b26c131b0d8cd7044d1ec678380ef67c1,4096,0,8,4088,0x0:0x4;0xC:0x1000,,candidate_spans_and_remaining_bytes_are_not_proven_code_data_classification
8013A000-f894fe43976cb01464b5bd93dd42cf3681d19ca36288d3048c16e0f374577687,4096,0,8,4088,0x0:0x4;0xC:0x1000,,candidate_spans_and_remaining_bytes_are_not_proven_code_data_classification
8013A000-f8d7f234ff640cf688bbbb9e801051fd34c08efd2a3c13b0d3fa0c3f6a18419c,4096,0,8,4088,0x0:0x4;0xC:0x1000,,candidate_spans_and_remaining_bytes_are_not_proven_code_data_classification
8013A000-f9a15d42c10ba0de9ac9006c49705d68af374291e158078fda0a136c89bed52d,4096,0,8,4088,0x0:0x4;0xC:0x1000,,candidate_spans_and_remaining_bytes_are_not_proven_code_data_classification
8013A000-f9c43b8dc66f4c865f39a6697a093a33ff5730506c1ec1dd83b85f51fc8ec408,4096,216,0,3880,0x0:0x4;0xDC:0x1000,,candidate_spans_and_remaining_bytes_are_not_proven_code_data_classification
8013A000-f9cb9ed9f8f40acf3c3fabaae4d0a11097881a49087595c15bbeffb410076666,4096,0,8,4088,0x0:0x4;0xC:0x1000,,candidate_spans_and_remaining_bytes_are_not_proven_code_data_classification
8013A000-f9fc7caeae3aff9247ba6ec878e629bd310e96703e58efdefd37a70fdae3a33e,4096,0,8,4088,0x0:0x4;0xC:0x1000,,candidate_spans_and_remaining_bytes_are_not_proven_code_data_classification
8013A000-f9ffcadc44972891e77432405d82fec8917432f59562635a667e243177c7682e,4096,0,8,4088,0x0:0x4;0xC:0x1000,,candidate_spans_and_remaining_bytes_are_not_proven_code_data_classification
8013A000-fa015342cf268cd1fff0db46e7f87d5ea48357108b107dc135f36aba9b3dd77e,4096,0,8,4088,0x0:0x4;0xC:0x1000,,candidate_spans_and_remaining_bytes_are_not_proven_code_data_classification
8013A000-fada4342ed18c607feb1111a91c78331b14914212edfa09c95177813fc03d6d0,4096,0,8,4088,0x0:0x4;0xC:0x1000,,candidate_spans_and_remaining_bytes_are_not_proven_code_data_classification
8013A000-fbec50f1339c7582a6cba5cb26d9ddb087066c2d4f7c647ace8c4f4c646733f2,4096,0,8,4088,0x0:0x4;0xC:0x1000,,candidate_spans_and_remaining_bytes_are_not_proven_code_data_classification
8013A000-fbf2cb63501ce9c41406a010cc08b118aad3e271fb865859eec582f8412e6a0d,4096,0,8,4088,0x0:0x4;0xC:0x1000,,candidate_spans_and_remaining_bytes_are_not_proven_code_data_classification
8013A000-fc27c157add13869c347cdc3bcd5a6b8210ea4174aab28b686b6013eefbdd59a,4096,0,8,4088,0x0:0x4;0xC:0x1000,,candidate_spans_and_remaining_bytes_are_not_proven_code_data_classification
8013A000-fc528bc112fb77575a6984fbd9c2265d78820a78d366f2c273319e5de2863726,4096,0,8,4088,0x0:0x4;0xC:0x1000,,candidate_spans_and_remaining_bytes_are_not_proven_code_data_classification
8013A000-fd0a3b53b1398fb3f762c6c3c85dc4d18a24a86fd00dbff18a5fdb68f51e795c,4096,0,8,4088,0x0:0x4;0xC:0x1000,,candidate_spans_and_remaining_bytes_are_not_proven_code_data_classification
8013A000-fd621e931939713d7a521446b9855ca6260da82ff76ad6febf9b4774890f2ae4,4096,0,8,4088,0x0:0x4;0xC:0x1000,,candidate_spans_and_remaining_bytes_are_not_proven_code_data_classification
8013A000-fd9188f6fa70c3f148c6feecdfa1597e867c3e8d79079f53d3b60652d23b68b0,4096,0,8,4088,0x0:0x4;0xC:0x1000,,candidate_spans_and_remaining_bytes_are_not_proven_code_data_classification
8013A000-fdcaf1434b12d6dee8ae40da68ad37019e10c7085ac68a4d1d47d366e9b3f5c4,4096,0,8,4088,0x0:0x4;0xC:0x1000,,candidate_spans_and_remaining_bytes_are_not_proven_code_data_classification
8013A000-fed09e1dad50259e386510e80da21c17f6d48b7f12eecd70ddf350be469b0fe0,4096,0,8,4088,0x0:0x4;0xC:0x1000,,candidate_spans_and_remaining_bytes_are_not_proven_code_data_classification
8013B000-00729fbeae4938ffe886d20d4e56ee64a903c66780ae666a7a604f6313d54cdf,20480,11720,0,8760,0x0:0x4;0x2DCC:0x5000,,candidate_spans_and_remaining_bytes_are_not_proven_code_data_classification
8013B000-00733d607a50f6c2efd5ecc994456f7b9522fb5ab1b8721d6b448b045038fbd6,20480,0,8412,12068,0x0:0x4;0x20E0:0x5000,,candidate_spans_and_remaining_bytes_are_not_proven_code_data_classification
8013B000-0088ba4bbeb677da3d1862c5d2e9ecf6f4b3636312e3b5e1d0d44b40be046284,20480,0,0,20480,0x0:0x5000,0x3CD8,candidate_spans_and_remaining_bytes_are_not_proven_code_data_classification
8013B000-00b7fa77207ade338c38d11406f5f2b2a97703090a61858e433a0019089e96b7,20480,0,8892,11588,0x0:0x4;0x22C0:0x5000,0x3D2C,candidate_spans_and_remaining_bytes_are_not_proven_code_data_classification
8013B000-0102b8f12b55a1b4a0493e69a5c94e677d143d79abb6e1ddcf13aafc9578678f,20480,11896,0,8584,0x0:0x4;0x2E7C:0x5000,,candidate_spans_and_remaining_bytes_are_not_proven_code_data_classification
8013B000-012438fef9900d16ace6644d33b7f8cd4e26fbde8f352ecdf028fc3f5345c85a,20480,0,5328,15152,0x0:0x4;0x14D4:0x5000,,candidate_spans_and_remaining_bytes_are_not_proven_code_data_classification
8013B000-01329cdd562aa5d3aab49d60dea932bb1634a1256b3480060d813aade4dd5414,20480,0,4440,16040,0x0:0x4;0x115C:0x5000,,candidate_spans_and_remaining_bytes_are_not_proven_code_data_classification
8013B000-014b181667ba84c888c280d7985440935a09917489cb4ffb8743e48c20ea4f53,20480,11720,0,8760,0x0:0x4;0x2DCC:0x5000,,candidate_spans_and_remaining_bytes_are_not_proven_code_data_classification
8013B000-015d6cc54e2cbdf108bc5ef6592eb67d65abdf34a30a25b8d5fc54432059e0d5,20480,16108,0,4372,0x0:0x4;0x3EF0:0x5000,,candidate_spans_and_remaining_bytes_are_not_proven_code_data_classification
8013B000-01765a2abc9bba70b60af60960cf0b464624a8a98e31d39379dc372bdf7dd1a5,20480,0,4232,16248,0x0:0x4;0x108C:0x5000,0x1C40,candidate_spans_and_remaining_bytes_are_not_proven_code_data_classification
8013B000-01843d9babca83324ec824c9be1067be668317e42f5eff4ef2ce97f82fbd2b1a,20480,0,7148,13332,0x0:0x4;0x1BF0:0x5000,0x317C,candidate_spans_and_remaining_bytes_are_not_proven_code_data_classification
8013B000-01e5cf5dc74ff1ddcd564f0ec13f38e49f399c90463aa2c5b6ec95ae3d28dcf2,20480,0,5700,14780,0x0:0x4;0x1648:0x5000,0x2730;0x4004,candidate_spans_and_remaining_bytes_are_not_proven_code_data_classification
8013B000-01fc3fb757a60e9a87a976446df871a4f05740e5ef8c67e2a6b53f65b43df634,20480,6320,0,14160,0x0:0x4;0x18B4:0x5000,,candidate_spans_and_remaining_bytes_are_not_proven_code_data_classification
8013B000-0221dc1dde74da1a18dd4bfd825b2321260fe562cca294aff7bd9d5480c55bfb,20480,0,0,20480,0x0:0x5000,0x19F0,candidate_spans_and_remaining_bytes_are_not_proven_code_data_classification
8013B000-02294c104d66d26873023393f2043a086424a1b1e731c0a2f587919174c2c3a0,20480,0,6488,13992,0x0:0x4;0x195C:0x5000,0x328C,candidate_spans_and_remaining_bytes_are_not_proven_code_data_classification
8013B000-0269f5392ddda056804cc4437545d5b5ec6c036d37580f73bc7b4ce90d276100,20480,0,8560,11920,0x0:0x4;0x2174:0x5000,,candidate_spans_and_remaining_bytes_are_not_proven_code_data_classification
8013B000-033071f7418e6fe186c0ec357fd4698f85b7d26c5fd151b01ef2606465f399e1,20480,10440,0,10040,0x0:0x4;0x28CC:0x5000,,candidate_spans_and_remaining_bytes_are_not_proven_code_data_classification
8013B000-0343df9a21c663191707bf308215979b37389ba59b23392fbbfe005c802b688a,20480,0,0,20480,0x0:0x5000,0x2F68,candidate_spans_and_remaining_bytes_are_not_proven_code_data_classification
8013B000-035297147ba1d993de10babee6f07201856d03fee0bb67a8bcc38fad2a1a82e0,20480,0,6420,14060,0x0:0x4;0x1918:0x5000,,candidate_spans_and_remaining_bytes_are_not_proven_code_data_classification
8013B000-03869c095ee8403c9c33cf6ec46104d7235a704bbf9e0b796c287e5d179a7a66,20480,0,0,20480,0x0:0x5000,0x4ADC,candidate_spans_and_remaining_bytes_are_not_proven_code_data_classification
8013B000-039684c69c99ec7e982b625848f8ecb494ed48b338544f196bf16e6bf6e688bf,20480,0,3296,17184,0x0:0x4;0xCE4:0x5000,0x1260;0x19AC;0x1E94;0x2408;0x271C;0x2A9C;0x2E04,candidate_spans_and_remaining_bytes_are_not_proven_code_data_classification
8013B000-03a5e30a3d6e7d8f7b1add4d30b143079d9b5039b81a819372b78645451c0f6b,20480,0,4260,16220,0x0:0x4;0x10A8:0x5000,0x20B8,candidate_spans_and_remaining_bytes_are_not_proven_code_data_classification
8013B000-03d1ad5627ebc5a3f28f8f4cd16314dc0aa72fd81f8023cf567f9f695dc23053,20480,0,0,20480,0x0:0x5000,0x32A8,candidate_spans_and_remaining_bytes_are_not_proven_code_data_classification
8013B000-0402e5f7fdbbbc3735b78aa2a34ce86ff911ab93177fe5222d389c3e4acd217d,20480,0,5188,15292,0x0:0x4;0x1448:0x5000,,candidate_spans_and_remaining_bytes_are_not_proven_code_data_classification
8013B000-04877c0c1c5c7ed7dcfc6bde942e6bd0d5b7bb027c90d369d87c9f27f86a0f5e,20480,0,0,20480,0x0:0x5000,0x4DC4,candidate_spans_and_remaining_bytes_are_not_proven_code_data_classification
8013B000-0488172c0b08d4f0f6e7897a5f08dbeed82e63c0d98b3e92a8210060a513bcf7,20480,0,6488,13992,0x0:0x4;0x195C:0x5000,0x328C,candidate_spans_and_remaining_bytes_are_not_proven_code_data_classification
8013B000-04e80a8d5dadefdbe783541d2045063757b5daa0ab1276e91f4fa1fd4107fbc2,20480,9992,0,10488,0x0:0x4;0x270C:0x5000,,candidate_spans_and_remaining_bytes_are_not_proven_code_data_classification
8013B000-051b1e3c2a017a904adb9555b544b8819ceea4bf7eefc09d7abcac91f6c9c57d,20480,0,4976,15504,0x0:0x4;0x1374:0x5000,,candidate_spans_and_remaining_bytes_are_not_proven_code_data_classification
8013B000-0521d5b094d75729a2dc35f6d080cbcf972ebe987abf329fca8a175801dead19,20480,0,0,20480,0x0:0x5000,0x3590,candidate_spans_and_remaining_bytes_are_not_proven_code_data_classification
8013B000-0584ed46298219f89ad3f4df90482cb9588d85362edbbd62ea331ef3162bfe48,20480,0,7788,12692,0x0:0x4;0x1E70:0x5000,,candidate_spans_and_remaining_bytes_are_not_proven_code_data_classification
8013B000-058b581b5f18a780f0129f9dd4a657e7977fb655e79b9cd305aea9a39f032a84,20480,0,0,20480,0x0:0x5000,0x4ADC,candidate_spans_and_remaining_bytes_are_not_proven_code_data_classification
8013B000-058d993418bcb9a37246e2c356c916a393d45a758c52fdd718193b3a55a22862,20480,0,8412,12068,0x0:0x4;0x20E0:0x5000,,candidate_spans_and_remaining_bytes_are_not_proven_code_data_classification
8013B000-059b8a51bb025ebf6158a753b748ef0a82c7d62c04806c148407d07d254b3988,20480,0,4272,16208,0x0:0x4;0x10B4:0x5000,,candidate_spans_and_remaining_bytes_are_not_proven_code_data_classification
8013B000-064504ff64f79b8267b0bf6d80261669709fb2743bfca1730346f39d8395b12f,20480,0,0,20480,0x0:0x5000,0x3590,candidate_spans_and_remaining_bytes_are_not_proven_code_data_classification
8013B000-06dc6595e2c463349d63be047a3c5986e54737ac21b120e239b38eedb9bc9592,20480,0,7148,13332,0x0:0x4;0x1BF0:0x5000,0x32D8,candidate_spans_and_remaining_bytes_are_not_proven_code_data_classification
8013B000-070c770282036af0712d36a24697fb3111734bfee0d6851957dc1beed4f4988b,20480,0,2584,17896,0x0:0x4;0xA1C:0x5000,0x1284,candidate_spans_and_remaining_bytes_are_not_proven_code_data_classification
8013B000-07182ce4dcec2f3463763ec973699e602f196b240d3453647282bf5bff751442,20480,0,0,20480,0x0:0x5000,0x4DC4,candidate_spans_and_remaining_bytes_are_not_proven_code_data_classification
8013B000-0736f05af0181a20e4b0385784d08ac123deeb2f8d4057746d204ca3820c2230,20480,0,0,20480,0x0:0x5000,0x31C8,candidate_spans_and_remaining_bytes_are_not_proven_code_data_classification
8013B000-0775654efd20bd34bc3de9b5f50519c06a79e88dea825144e1316056ce79b18c,20480,0,0,20480,0x0:0x5000,0x19F0,candidate_spans_and_remaining_bytes_are_not_proven_code_data_classification
8013B000-07aa4396c788975e4129577a4e8f3da0d8cdfa526c93d741c55817f34ddf3237,20480,0,3904,16576,0x0:0x4;0xF44:0x5000,,candidate_spans_and_remaining_bytes_are_not_proven_code_data_classification
8013B000-07e13860cb2a75fa56e8532a969b3727af3a8ccb4dc01a2ac758eaeb74e4aaee,20480,0,3756,16724,0x0:0x4;0xEB0:0x5000,,candidate_spans_and_remaining_bytes_are_not_proven_code_data_classification
8013B000-07ea3c79c86bcb44c545c951df12458995a883853e23f060347d693dc3eb0e85,20480,0,0,20480,0x0:0x5000,0x32A8,candidate_spans_and_remaining_bytes_are_not_proven_code_data_classification
8013B000-0806eb29a9cf8379c3d84ae1f21b2017da05a9ff6eb2617347636c004eb7c014,20480,0,4160,16320,0x0:0x4;0x1044:0x5000,0x1DFC,candidate_spans_and_remaining_bytes_are_not_proven_code_data_classification
8013B000-08494e9b4d2b045d59e46d80ccac8413fed25a13561e80f564d276668e9ca6db,20480,0,6700,13780,0x0:0x4;0x1A30:0x5000,,candidate_spans_and_remaining_bytes_are_not_proven_code_data_classification
8013B000-088861f4baa7545bf7d02425ccda0a0551d52f3b31c2f03621f36ff4745d2add,20480,0,9260,11220,0x0:0x4;0x2430:0x5000,,candidate_spans_and_remaining_bytes_are_not_proven_code_data_classification
8013B000-089a317e95f4e67b84892c039470ccdf273d86bbc25adca55b4e94dab7a10950,20480,0,9260,11220,0x0:0x4;0x2430:0x5000,,candidate_spans_and_remaining_bytes_are_not_proven_code_data_classification
8013B000-08c3d08d29f44fd6df922f7ea0c6d07b398f1a56a614688a2bdf60284f3580e2,20480,0,7752,12728,0x0:0x4;0x1E4C:0x5000,0x22A4;0x28D8;0x2FE4;0x32F8;0x3678;0x39E0,candidate_spans_and_remaining_bytes_are_not_proven_code_data_classification
8013B000-08c9ef39232845edd6dda0670d22763e11a7a1058ff67c53d3459299be21350a,20480,0,6572,13908,0x0:0x4;0x19B0:0x5000,0x2DCC,candidate_spans_and_remaining_bytes_are_not_proven_code_data_classification
8013B000-08d604793561254b7c0986dfe25f414fd19afb8d2a5b59f2f77d07ef8b6c2606,20480,0,7564,12916,0x0:0x4;0x1D90:0x5000,,candidate_spans_and_remaining_bytes_are_not_proven_code_data_classification
8013B000-08fbd78d49d1602784e20074982528b449696510610e4a692c3c7abbafd781c1,20480,0,5660,14820,0x0:0x4;0x1620:0x5000,0x1A04,candidate_spans_and_remaining_bytes_are_not_proven_code_data_classification
8013B000-09047e2d65f7c9dade8979e65c5706cca7cf321693607e94bc823dc59aa7359e,20480,11688,0,8792,0x0:0x4;0x2DAC:0x5000,,candidate_spans_and_remaining_bytes_are_not_proven_code_data_classification
8013B000-09169a6c57e789362a0157ae6471c79fe821c293bfc0781aa98fe627712c6c6a,20480,11036,0,9444,0x0:0x4;0x2B20:0x5000,,candidate_spans_and_remaining_bytes_are_not_proven_code_data_classification
8013B000-093aabe0e78050de9017494d8cddec1b6c87542a0b2f6fc82d7094f791a097d6,20480,6320,0,14160,0x0:0x4;0x18B4:0x5000,,candidate_spans_and_remaining_bytes_are_not_proven_code_data_classification
8013B000-0940639f03b8c7959ff5c0e77832e71a5f49902883abcf46c273c8193384ceb1,20480,0,6196,14284,0x0:0x4;0x1838:0x5000,,candidate_spans_and_remaining_bytes_are_not_proven_code_data_classification
8013B000-095c64c5b34eb4c3e7a19ab4da655a1a7bf4128ec85d81c1eca83bc5f85423ef,20480,0,0,20480,0x0:0x5000,0x2F68,candidate_spans_and_remaining_bytes_are_not_proven_code_data_classification
8013B000-095cec44e149e9e5fa6b0baaffedce97507038ffa8846441128ab619e171e50a,20480,0,4080,16400,0x0:0x4;0xFF4:0x5000,0x16A0,candidate_spans_and_remaining_bytes_are_not_proven_code_data_classification
8013B000-09b84e4f46669c63e852e23e615ab7c8b37faa59bb9fcd8a1cd400613621cd8c,20480,0,6708,13772,0x0:0x4;0x1A38:0x5000,,candidate_spans_and_remaining_bytes_are_not_proven_code_data_classification
8013B000-09cd692f744db10536119c9d7c25abd8e11777c4348fe3f0bde2774fbb4c0ed3,20480,12468,0,8012,0x0:0x4;0x30B8:0x5000,,candidate_spans_and_remaining_bytes_are_not_proven_code_data_classification
8013B000-09e56ad1ae61ac20d31977fbab55cb0d9b589a5afb515692cbd051c1753fd7cd,20480,0,6688,13792,0x0:0x4;0x1A24:0x5000,,candidate_spans_and_remaining_bytes_are_not_proven_code_data_classification
8013B000-0a2a30bedd51a4dc7ed848ef117b61a50f7e0e0ade3c3c62f47745a15c0c374e,20480,0,0,20480,0x0:0x5000,0x44A4,candidate_spans_and_remaining_bytes_are_not_proven_code_data_classification
8013B000-0a3481620af94da6bb88fe18961acdcbff4fdcaf3ddf5be9ed3ec9a8cb3abb18,20480,0,4532,15948,0x0:0x4;0x11B8:0x5000,,candidate_spans_and_remaining_bytes_are_not_proven_code_data_classification
8013B000-0a66b953e744eaa5d4b00751b0ec9947f4aa090ba89de3cfb5f287e5eb28cb70,20480,0,0,20480,0x0:0x5000,0xE40,candidate_spans_and_remaining_bytes_are_not_proven_code_data_classification
8013B000-0a7c50594b3106c7ac3b921ca77551a81af1fc7ae84e40c60f9157a32946f151,20480,0,6700,13780,0x0:0x4;0x1A30:0x5000,,candidate_spans_and_remaining_bytes_are_not_proven_code_data_classification
8013B000-0aa8f0630a14f48ff3752b4f1ef4f3df7989a0d63e76ff471b5b162777833421,20480,0,0,20480,0x0:0x5000,0x3404,candidate_spans_and_remaining_bytes_are_not_proven_code_data_classification
8013B000-0adf7606a998111f59584e4a462225f92ab02e16ffafeccb2c9c788ce06cf54b,20480,0,5700,14780,0x0:0x4;0x1648:0x5000,,candidate_spans_and_remaining_bytes_are_not_proven_code_data_classification
8013B000-0aef287a190796fbdd8e89059c2a2d923c32fc66ddf277c26e014524f9acc642,20480,17452,0,3028,0x0:0x4;0x4430:0x5000,,candidate_spans_and_remaining_bytes_are_not_proven_code_data_classification
8013B000-0b1742c30d73de72047685bb4162a85b6b8c3d5c8bafcd842484926334d96e75,20480,0,0,20480,0x0:0x5000,0xE40;0x1204,candidate_spans_and_remaining_bytes_are_not_proven_code_data_classification
8013B000-0b5dfeffb9709c818e8237c12dabd543c3aafd0a9bc9c5778c9ff9ff73e292c2,20480,0,10956,9524,0x0:0x4;0x2AD0:0x5000,,candidate_spans_and_remaining_bytes_are_not_proven_code_data_classification
8013B000-0b7faf7ea908b05ee4e84a53ac04dd35585a93cf940105edeae5b27b4eb1a392,20480,0,0,20480,0x0:0x5000,0x32A8,candidate_spans_and_remaining_bytes_are_not_proven_code_data_classification
8013B000-0b8791d625fbe4a8c11754ba96ce8a99289a84767dbe14e7c9931415c58e35c4,20480,0,4260,16220,0x0:0x4;0x10A8:0x5000,,candidate_spans_and_remaining_bytes_are_not_proven_code_data_classification
8013B000-0b8c83013a77cf9107e274b94aa9200c9b451b3a015bf68305166367a6077b2c,20480,11720,0,8760,0x0:0x4;0x2DCC:0x5000,,candidate_spans_and_remaining_bytes_are_not_proven_code_data_classification
8013B000-0bea52a144106b39dee43118e7c061700d466bb72a7232afd919a385facc01ab,20480,0,9132,11348,0x0:0x4;0x23B0:0x5000,,candidate_spans_and_remaining_bytes_are_not_proven_code_data_classification
8013B000-0c27888a897445740043fdecd110b2d5c8648b4d3923f439c2b2884af8152d27,20480,0,5004,15476,0x0:0x4;0x1390:0x5000,,candidate_spans_and_remaining_bytes_are_not_proven_code_data_classification
8013B000-0c6613257017af28dd8f8dee3f2cdd710d25ba032fec3c755d18f0542059a462,20480,0,3316,17164,0x0:0x4;0xCF8:0x5000,0x161C,candidate_spans_and_remaining_bytes_are_not_proven_code_data_classification
8013B000-0c9ee543a5afecd75be13d517bc6e42b314436c24c20d1c7fe25bd48c5452f10,20480,0,5276,15204,0x0:0x4;0x14A0:0x5000,,candidate_spans_and_remaining_bytes_are_not_proven_code_data_classification
8013B000-0cb005802505ff71c456bb44062048613c21846e0bc37a15dfdb864c7ccc1fdb,20480,0,7572,12908,0x0:0x4;0x1D98:0x5000,0x1E80,candidate_spans_and_remaining_bytes_are_not_proven_code_data_classification
8013B000-0cbef9fa88b6196f8028984ffb4066752b88d7f0e4952dc3d8c72d205429dd2b,20480,0,0,20480,0x0:0x5000,0x3590,candidate_spans_and_remaining_bytes_are_not_proven_code_data_classification
8013B000-0cca32b3ffc6bd2850af0f8f5e4f9d66919cb149d3613017520f0c7f7c110c19,20480,0,0,20480,0x0:0x5000,0x3CD8,candidate_spans_and_remaining_bytes_are_not_proven_code_data_classification
8013B000-0ce86be216816be584d7c2a823b9335889d9c67d3f3c22b697100693f63a392b,20480,0,0,20480,0x0:0x5000,0x19F0,candidate_spans_and_remaining_bytes_are_not_proven_code_data_classification
8013B000-0d24d16035c00076df008f17df5c1ca4affd2d4f2015263b568989be23f49511,20480,0,7752,12728,0x0:0x4;0x1E4C:0x5000,,candidate_spans_and_remaining_bytes_are_not_proven_code_data_classification
8013B000-0db82729c3f3bcffa780076f3dd72c63e733cb42c5e157fd13af47f49c03b6fb,20480,0,14360,6120,0x0:0x4;0x381C:0x5000,,candidate_spans_and_remaining_bytes_are_not_proven_code_data_classification
8013B000-0ddd130404f438a3831eaaccda7262ea194075c3b1da145df00227ef6b9faea1,20480,0,9260,11220,0x0:0x4;0x2430:0x5000,,candidate_spans_and_remaining_bytes_are_not_proven_code_data_classification
8013B000-0dea362c7e3578a980bb5a462b97d515e23b5e7f5b17ae5c05079a7510dc3f85,20480,0,6364,14116,0x0:0x4;0x18E0:0x5000,0x2EC0,candidate_spans_and_remaining_bytes_are_not_proven_code_data_classification
8013B000-0e3c69e93828b4b35ad39a5df11328fc54e56612fcc5e692dd9fc9b36e635c01,20480,0,4656,15824,0x0:0x4;0x1234:0x5000,0x1C1C,candidate_spans_and_remaining_bytes_are_not_proven_code_data_classification
8013B000-0e4ff8ebc7c9eb95b77fa207c5b378bfa91129dff1205b0d83280f8df2540276,20480,0,8732,11748,0x0:0x4;0x2220:0x5000,,candidate_spans_and_remaining_bytes_are_not_proven_code_data_classification
8013B000-0eeafcc80a50001e70c87fba5f97fc7835cccedd96e3e3b1e94bc09ed26fa62c,20480,0,6524,13956,0x0:0x4;0x1980:0x5000,0x3844,candidate_spans_and_remaining_bytes_are_not_proven_code_data_classification
8013B000-0f1c6327487aa4e9dd763161858951f94b56a09b6725e6bb273105361486375f,20480,0,0,20480,0x0:0x5000,0x19F0,candidate_spans_and_remaining_bytes_are_not_proven_code_data_classification
8013B000-0f4a801cc981dc889992b85b659aa6643e3da578cc45421f1a2563a721037f35,20480,11404,0,9076,0x0:0x4;0x2C90:0x5000,,candidate_spans_and_remaining_bytes_are_not_proven_code_data_classification
8013B000-0f5264ad3a51a3d6af31960aae99e8c93aad98e3624f502bc08adb358df11e10,20480,16488,0,3992,0x0:0x4;0x406C:0x5000,,candidate_spans_and_remaining_bytes_are_not_proven_code_data_classification
8013B000-0fcbb011b0b84599e09bbce123fff859b2828835f5999106191dcc0bb4eb8d3f,20480,0,8836,11644,0x0:0x4;0x2288:0x5000,,candidate_spans_and_remaining_bytes_are_not_proven_code_data_classification
8013B000-0fdfb915aed82ab28a41ccd7ef009730ca1a4a3b73f896ac143beb198bfedfb3,20480,0,4160,16320,0x0:0x4;0x1044:0x5000,0x1824;0x2C5C,candidate_spans_and_remaining_bytes_are_not_proven_code_data_classification
8013B000-0ffc88813e185852db1c57e32986b11cb676a75f2b5d837cb2e83a938c70a401,20480,0,5004,15476,0x0:0x4;0x1390:0x5000,,candidate_spans_and_remaining_bytes_are_not_proven_code_data_classification
8013B000-1006dc41df15e6c12c9574ba217a5dccb43f56b1afcad79a1114251679748883,20480,0,6708,13772,0x0:0x4;0x1A38:0x5000,,candidate_spans_and_remaining_bytes_are_not_proven_code_data_classification
8013B000-10a5978291d1844d52418aacfdcb94fbefc6a3ea1a02fa0955927f1b6704ade4,20480,0,7524,12956,0x0:0x4;0x1D68:0x5000,0x2C5C,candidate_spans_and_remaining_bytes_are_not_proven_code_data_classification
8013B000-10d80bd3474975d41bb502a668436641244e543453955cfc474daec93c10f444,20480,8024,0,12456,0x0:0x4;0x1F5C:0x5000,,candidate_spans_and_remaining_bytes_are_not_proven_code_data_classification
8013B000-10ff590ce56cd374be6c1c4ea5a524d700c7af10ca4e2599e3aa3ec64a0f473f,20480,0,0,20480,0x0:0x5000,0x19F0,candidate_spans_and_remaining_bytes_are_not_proven_code_data_classification
8013B000-112e8d060e1e618ed526d3da3dc340a1aa8ac4b2ec900eaabf129efc453454ff,20480,0,9668,10812,0x0:0x4;0x25C8:0x5000,0x3790,candidate_spans_and_remaining_bytes_are_not_proven_code_data_classification
8013B000-117a89087facdd77d1a520a96c8e7debe3de0ecd537ec92fa74764db5ad120da,20480,0,5188,15292,0x0:0x4;0x1448:0x5000,,candidate_spans_and_remaining_bytes_are_not_proven_code_data_classification
8013B000-11ba9744710695fd2136a394f6864ed82a3bb710344dad2c1cfa667938ec0efd,20480,0,14360,6120,0x0:0x4;0x381C:0x5000,,candidate_spans_and_remaining_bytes_are_not_proven_code_data_classification
8013B000-11d08c956b9e93d138fb8ce639ccf96a48c3d4a3ff553b6505ab13357e838b73,20480,0,6772,13708,0x0:0x4;0x1A78:0x5000,0x23F0;0x461C,candidate_spans_and_remaining_bytes_are_not_proven_code_data_classification
8013B000-1238730851e5580189a616f3ece44bb8d53d5f4d97bcbd714c166a32e3056e27,20480,0,3296,17184,0x0:0x4;0xCE4:0x5000,0x16A0,candidate_spans_and_remaining_bytes_are_not_proven_code_data_classification
8013B000-1276c65e7945e22c0ed10e2c5ebda8d5e7a9bf0442f961ac4bce1c0c72ccb3bf,20480,0,5520,14960,0x0:0x4;0x1594:0x5000,,candidate_spans_and_remaining_bytes_are_not_proven_code_data_classification
8013B000-127e28c1c854bb8b95c5fdb4ab41c843db0de20957afdb081cd20b757cddaf3d,20480,0,6772,13708,0x0:0x4;0x1A78:0x5000,0x23F0,candidate_spans_and_remaining_bytes_are_not_proven_code_data_classification
8013B000-12b3abe9af1127fa238d117d577c7dcd19c67242dc2bb9fecbafd05c7cd14f4a,20480,0,6488,13992,0x0:0x4;0x195C:0x5000,0x328C,candidate_spans_and_remaining_bytes_are_not_proven_code_data_classification
8013B000-13b5831ef983a8d06ef5b6e816a680cbe9364864735d6452caf61dc6bfc263ee,20480,0,5292,15188,0x0:0x4;0x14B0:0x5000,,candidate_spans_and_remaining_bytes_are_not_proven_code_data_classification
8013B000-13ccda7be07b326dcd1e47bddd785728af0a2368e37f6605c36254d5179d5345,20480,0,11412,9068,0x0:0x4;0x2C98:0x5000,,candidate_spans_and_remaining_bytes_are_not_proven_code_data_classification
8013B000-146b045a7468913bc6ab2dbe0feafc7eaa853815c4079f2a976328163960924a,20480,0,4080,16400,0x0:0x4;0xFF4:0x5000,,candidate_spans_and_remaining_bytes_are_not_proven_code_data_classification
8013B000-1556c80a0873c38ac0c56138b271a0c80c9af7d01265a4b9a2a44d8570331535,20480,0,6488,13992,0x0:0x4;0x195C:0x5000,,candidate_spans_and_remaining_bytes_are_not_proven_code_data_classification
8013B000-155eb179f75f6e9fbdc914b3457e941077a3ee9569036e2e2d9b108096ad1aff,20480,0,6488,13992,0x0:0x4;0x195C:0x5000,0x328C,candidate_spans_and_remaining_bytes_are_not_proven_code_data_classification
8013B000-159469ef25f5a868102728c4b320f8eeead1d99cccb294d5ff91d0479353996f,20480,0,5348,15132,0x0:0x4;0x14E8:0x5000,0x1638,candidate_spans_and_remaining_bytes_are_not_proven_code_data_classification
8013B000-15e4c48ec7d40c713c9fed1e2294290b4f2560452063b4f3a04dd6e0ab3e3165,20480,0,13528,6952,0x0:0x4;0x34DC:0x5000,,candidate_spans_and_remaining_bytes_are_not_proven_code_data_classification
8013B000-15f3a1703ee4c9e63cd25ff143474ec858101dc30d2212f67684edf210470b70,20480,0,5728,14752,0x0:0x4;0x1664:0x5000,,candidate_spans_and_remaining_bytes_are_not_proven_code_data_classification
8013B000-161e633611110d96ac6d94409496272095d2e3738e972688ab283fc8e14cd288,20480,0,5524,14956,0x0:0x4;0x1598:0x5000,0x4ABC,candidate_spans_and_remaining_bytes_are_not_proven_code_data_classification
8013B000-169b43b6d34630dbfcd37e91a2800e6c046b1b12aeb4d5eb9ad42eb5da4fdb8e,20480,0,3316,17164,0x0:0x4;0xCF8:0x5000,0x14AC,candidate_spans_and_remaining_bytes_are_not_proven_code_data_classification
8013B000-16fe78ccff05f8ffeb0c4a42cff84cf0ad589451b5857b21baaadb915fb066d6,20480,0,5872,14608,0x0:0x4;0x16F4:0x5000,0x4004,candidate_spans_and_remaining_bytes_are_not_proven_code_data_classification
8013B000-171bb9f694014cfc1e6fd47f4e4208415a7bc3ec99258e9b9bd19e091662e7a2,20480,0,6488,13992,0x0:0x4;0x195C:0x5000,0x328C,candidate_spans_and_remaining_bytes_are_not_proven_code_data_classification
8013B000-17593f71a54e1893fb519e835313166ab14cd8d4b59b31556d34e807d32960de,20480,0,0,20480,0x0:0x5000,0x32A8,candidate_spans_and_remaining_bytes_are_not_proven_code_data_classification
8013B000-176f6eb7eb1aedb5a3969f0d23549832b75b27434ca8049dbc09a55ae51dedd0,20480,0,0,20480,0x0:0x5000,0x2F68,candidate_spans_and_remaining_bytes_are_not_proven_code_data_classification
8013B000-18095e08d8bba1220026cd6a2ca86f3c7200e84bc5ca5ef934ce23586c9725f1,20480,0,6524,13956,0x0:0x4;0x1980:0x5000,0x3844,candidate_spans_and_remaining_bytes_are_not_proven_code_data_classification
8013B000-1809dd34c852e1020a459846ac4eb1ca846a2002337a6c3fe202be4584ec4679,20480,2584,0,17896,0x0:0x4;0xA1C:0x5000,,candidate_spans_and_remaining_bytes_are_not_proven_code_data_classification
8013B000-18d6766c38bb2d01a3819ad85b3e7133331737e406af00b65cd37b425a8f6379,20480,0,8188,12292,0x0:0x4;0x2000:0x5000,,candidate_spans_and_remaining_bytes_are_not_proven_code_data_classification
8013B000-18ed9ed178d901b568ae93815583bc307c1d50f3b562747639ad3a516d16576f,20480,0,6196,14284,0x0:0x4;0x1838:0x5000,0x2FB8,candidate_spans_and_remaining_bytes_are_not_proven_code_data_classification
8013B000-19a5ce1b49a5715c8756f3591ff75c38736e6d9e6433a816ccf83e6848f41ad7,20480,0,3144,17336,0x0:0x4;0xC4C:0x5000,,candidate_spans_and_remaining_bytes_are_not_proven_code_data_classification
8013B000-19b1d76e0b695a04779ef0bfe5c3db14a060eb9fedaac7277006baac90cf35ca,20480,0,0,20480,0x0:0x5000,0x32A8,candidate_spans_and_remaining_bytes_are_not_proven_code_data_classification
8013B000-19e2721e382fe942f362fe639170cc2f5a2f5dcd2645251028bfa9fa075b8623,20480,0,15528,4952,0x0:0x4;0x3CAC:0x5000,0x4078,candidate_spans_and_remaining_bytes_are_not_proven_code_data_classification
8013B000-19f7e71be1e9d8d45bf756425fb95e4d997a0f35076216160b6c7377786a0fbd,20480,0,13168,7312,0x0:0x4;0x3374:0x5000,,candidate_spans_and_remaining_bytes_are_not_proven_code_data_classification
8013B000-1a45a7e6e5f24137367d9e2bb526f7bf6af1499026a48b5d9e099aa1d09b1c25,20480,0,5700,14780,0x0:0x4;0x1648:0x5000,,candidate_spans_and_remaining_bytes_are_not_proven_code_data_classification
8013B000-1a47532200bd36e91f0cc081fe926ec676cab54933ca5bf37da4d3a52e29cfd8,20480,0,15884,4596,0x0:0x4;0x3E10:0x5000,0x4454,candidate_spans_and_remaining_bytes_are_not_proven_code_data_classification
8013B000-1a796eeb33e771b51076f1a4c620693432648f603d49ce7585b74f514c3b18db,20480,0,0,20480,0x0:0x5000,0xE40;0x1204,candidate_spans_and_remaining_bytes_are_not_proven_code_data_classification
8013B000-1aeb19edb562fbb44c0c17bdbecdeef68169716d68e7d3cba9082bd6e4d97683,20480,0,6708,13772,0x0:0x4;0x1A38:0x5000,,candidate_spans_and_remaining_bytes_are_not_proven_code_data_classification
8013B000-1b36c7024c2af0be5437345116fe80d5efed25e5d3f1f9742a5cdc16ce4ea205,20480,0,6348,14132,0x0:0x4;0x18D0:0x5000,,candidate_spans_and_remaining_bytes_are_not_proven_code_data_classification
8013B000-1b6b7a6172f06bdbe4feca08ebf77b766952dd7a80f0c75c7b7f422094c02813,20480,0,6196,14284,0x0:0x4;0x1838:0x5000,,candidate_spans_and_remaining_bytes_are_not_proven_code_data_classification
8013B000-1b720957a93385aa0cd674057209df017cb661202877a12c297984ec10617144,20480,0,8684,11796,0x0:0x4;0x21F0:0x5000,,candidate_spans_and_remaining_bytes_are_not_proven_code_data_classification
8013B000-1b7db9eaf7c888e75667db12c585962391d2805287b5f9e65c831dc9038aaf65,20480,0,5004,15476,0x0:0x4;0x1390:0x5000,,candidate_spans_and_remaining_bytes_are_not_proven_code_data_classification
8013B000-1baf5ec75835ae31b5f98f9a97f478f00b8ea51f3eec2bb4f3808f3f118cae3a,20480,6320,0,14160,0x0:0x4;0x18B4:0x5000,,candidate_spans_and_remaining_bytes_are_not_proven_code_data_classification
8013B000-1c6a456d8ec82161b7625889a919db401786a223dc8cacc2241e016a75923292,20480,0,8188,12292,0x0:0x4;0x2000:0x5000,,candidate_spans_and_remaining_bytes_are_not_proven_code_data_classification
8013B000-1c7b0b952aa980be424f74d75d159c951f69eebfa748534eb8a310db66f9cc87,20480,0,8008,12472,0x0:0x4;0x1F4C:0x5000,,candidate_spans_and_remaining_bytes_are_not_proven_code_data_classification
8013B000-1cb7656c317e1dc409f860f977521bc9e5f04951adcdc259933b0175959c3702,20480,0,6708,13772,0x0:0x4;0x1A38:0x5000,,candidate_spans_and_remaining_bytes_are_not_proven_code_data_classification
8013B000-1cc95bed597791c80709344890fb545d43cd9e48170ee2dfee98ab9114b747c7,20480,0,5292,15188,0x0:0x4;0x14B0:0x5000,,candidate_spans_and_remaining_bytes_are_not_proven_code_data_classification
8013B000-1cfea5f1a4b43e14909bc32c240420d9cdba143602e781bb3c04828ac7742731,20480,0,0,20480,0x0:0x5000,0x31C8,candidate_spans_and_remaining_bytes_are_not_proven_code_data_classification
8013B000-1d70f0cd9ffc056c40cfaccb423e029f890f93182fbda92f3f315a99cf2d4290,20480,13712,0,6768,0x0:0x4;0x3594:0x5000,,candidate_spans_and_remaining_bytes_are_not_proven_code_data_classification
8013B000-1e06a4a42e8560f4380e9ce7c3888789e34278a6ddbc36e8b7830560610d2ab3,20480,0,7364,13116,0x0:0x4;0x1CC8:0x5000,,candidate_spans_and_remaining_bytes_are_not_proven_code_data_classification
8013B000-1e4fa25aafda4aea331caec3e7b2d1e618f9a0734f86e0d78703026c4295dfa4,20480,10440,0,10040,0x0:0x4;0x28CC:0x5000,,candidate_spans_and_remaining_bytes_are_not_proven_code_data_classification
8013B000-1e9676f73ce0eda1c09463d5dbf5fd5d2a2ac06deacdafb159791f3561178ab2,20480,0,4792,15688,0x0:0x4;0x12BC:0x5000,,candidate_spans_and_remaining_bytes_are_not_proven_code_data_classification
8013B000-1ee7f5be45cc83d8e5aefe27eb68027e0fb951166d1a1903bdc934cae8eaa292,20480,0,0,20480,0x0:0x5000,0x44A4,candidate_spans_and_remaining_bytes_are_not_proven_code_data_classification
8013B000-1f0d3ad4315967131217b06ae2c55971abed24134eae6bdab7dec6fa64a69126,20480,0,13600,6880,0x0:0x4;0x3524:0x5000,,candidate_spans_and_remaining_bytes_are_not_proven_code_data_classification
8013B000-1f620f1609a7d16118c2d9252775819faaa23ca782c5fdc26e4aae68584497a8,20480,0,7508,12972,0x0:0x4;0x1D58:0x5000,,candidate_spans_and_remaining_bytes_are_not_proven_code_data_classification
8013B000-1f8f4ac3aa93a18c72b508c161e8634c37753c994fc48e3ab3d5bfb1634679ee,20480,0,0,20480,0x0:0x5000,0x3CD8,candidate_spans_and_remaining_bytes_are_not_proven_code_data_classification
8013B000-1fe4fab01d0398c03c13c9e5a0733c6b6d9ed3fb49d418df89d0d57eb6c1dfbf,20480,0,7524,12956,0x0:0x4;0x1D68:0x5000,0x2C5C,candidate_spans_and_remaining_bytes_are_not_proven_code_data_classification
8013B000-206a233697967fbd9e6f9e881ce56ecb2750a499eb39fed456830187145e518c,20480,0,0,20480,0x0:0x5000,0x19F0,candidate_spans_and_remaining_bytes_are_not_proven_code_data_classification
8013B000-208b2f75d11081164ec431393eea222261837f903ad267275fd67da61eb0ae9f,20480,0,4840,15640,0x0:0x4;0x12EC:0x5000,,candidate_spans_and_remaining_bytes_are_not_proven_code_data_classification
8013B000-20955620f0164c35b67c9abb6ddf340ae11e263479fc22dccc3730ba62f2b48a,20480,0,7240,13240,0x0:0x4;0x1C4C:0x5000,,candidate_spans_and_remaining_bytes_are_not_proven_code_data_classification
8013B000-20a0b88cbe266c71fd5fd36079d571d1a4fd2bb68661eed8fb2cc3321cb28779,20480,0,8412,12068,0x0:0x4;0x20E0:0x5000,,candidate_spans_and_remaining_bytes_are_not_proven_code_data_classification
8013B000-20b01bd8d5d550689cb8a25ab6aa1878a23cf15fee11e7f156cf0032e4c1fcf4,20480,9992,0,10488,0x0:0x4;0x270C:0x5000,,candidate_spans_and_remaining_bytes_are_not_proven_code_data_classification
8013B000-20b1aa61d549cbe53f3b97f7b42fbf0fecb20103f6a41714995d0e32a1cf212b,20480,0,0,20480,0x0:0x5000,0x44A4,candidate_spans_and_remaining_bytes_are_not_proven_code_data_classification
8013B000-20c5d99bb894b16a5643c2a1a1ba1ba1e59b84d0ceedf09a8df4be1092391393,20480,0,7500,12980,0x0:0x4;0x1D50:0x5000,0x2130;0x2A94;0x2F90;0x377C,candidate_spans_and_remaining_bytes_are_not_proven_code_data_classification
8013B000-21062c63fd21def322a846b87baba8c00d7d9891cfcd0f13a28fc2b3f0ce6dc2,20480,0,5004,15476,0x0:0x4;0x1390:0x5000,,candidate_spans_and_remaining_bytes_are_not_proven_code_data_classification
8013B000-219fe971e5c179eff7cc119f8e41dfb196d95ddde2dac29340cb0268987d3a57,20480,0,6196,14284,0x0:0x4;0x1838:0x5000,0x2FB8,candidate_spans_and_remaining_bytes_are_not_proven_code_data_classification
8013B000-221252d7a149ecafe7f595e3c4d5ab18ea4a2d8e5cd184ad4837a62f2bf295e3,20480,0,4484,15996,0x0:0x4;0x1188:0x5000,0x1BF4,candidate_spans_and_remaining_bytes_are_not_proven_code_data_classification
8013B000-2223d29f18187bd6fc36910bd22102f441efae9ef4263cc677597c0073771c4f,20480,0,6524,13956,0x0:0x4;0x1980:0x5000,,candidate_spans_and_remaining_bytes_are_not_proven_code_data_classification
8013B000-222821e376a8958432667010b60d0bf3ec0c5e435a82edc8f591bf3b84f866d7,20480,0,7424,13056,0x0:0x4;0x1D04:0x5000,,candidate_spans_and_remaining_bytes_are_not_proven_code_data_classification
8013B000-224f56d1088ff8aea9f6f2cef72d9b51a577760150eff6f02fda82031b38811b,20480,0,3144,17336,0x0:0x4;0xC4C:0x5000,0xFD4,candidate_spans_and_remaining_bytes_are_not_proven_code_data_classification
8013B000-226b235f641e238a8d57fbf69607f36faafbf428252054dc5ad58be5e83fe343,20480,0,11792,8688,0x0:0x4;0x2E14:0x5000,0x3164;0x3870;0x3B84;0x3F04;0x426C,candidate_spans_and_remaining_bytes_are_not_proven_code_data_classification
8013B000-22a126d6a30173ef26e1b765f7cfa99f094babea3d026015b27d6586312e3116,20480,6320,0,14160,0x0:0x4;0x18B4:0x5000,,candidate_spans_and_remaining_bytes_are_not_proven_code_data_classification
8013B000-234ffaab6856327272ed477f309650ab14d0ceeba2b584a7b60d900dfb005d02,20480,0,6196,14284,0x0:0x4;0x1838:0x5000,,candidate_spans_and_remaining_bytes_are_not_proven_code_data_classification
8013B000-2392af543f20ff2951695788ae089c21da1db6d34c3a5a5b9ef5f695efe53488,20480,0,5560,14920,0x0:0x4;0x15BC:0x5000,0x197C,candidate_spans_and_remaining_bytes_are_not_proven_code_data_classification
8013B000-239ff3f8eeb02bc2b84867c0733cc50f83d66c35768b75003e3f16140170bd7a,20480,0,6196,14284,0x0:0x4;0x1838:0x5000,0x2FB8,candidate_spans_and_remaining_bytes_are_not_proven_code_data_classification
8013B000-23eb93309de94373d8558a4f05d45140014642fb6654839ddc959a3d84d075af,20480,0,9260,11220,0x0:0x4;0x2430:0x5000,,candidate_spans_and_remaining_bytes_are_not_proven_code_data_classification
8013B000-241d0ca277a52f31382aea28512a8a3814a2b9fa10ed56109eb07e6747cbebed,20480,0,0,20480,0x0:0x5000,0x1348;0x1F40,candidate_spans_and_remaining_bytes_are_not_proven_code_data_classification
8013B000-2422a99e327b4a6ab4f6ffad1139a96a4f3b25a905cbc12fbfec6344d314c634,20480,8284,0,12196,0x0:0x4;0x2060:0x5000,,candidate_spans_and_remaining_bytes_are_not_proven_code_data_classification
8013B000-2450cf685832b8bfa5f60ed47b5c8d97eb9721acd7e0736517fb5a9398e07b0f,20480,0,8036,12444,0x0:0x4;0x1F68:0x5000,,candidate_spans_and_remaining_bytes_are_not_proven_code_data_classification
8013B000-24555db2eb67a9e2c684e427d2934aa389c3666610fada05655a673882444581,20480,0,9452,11028,0x0:0x4;0x24F0:0x5000,,candidate_spans_and_remaining_bytes_are_not_proven_code_data_classification
8013B000-246c4ff77cdef67bb81caf70c426fbc5462f8f79007ed83b7156ae60d90e080a,20480,0,0,20480,0x0:0x5000,0x4ADC,candidate_spans_and_remaining_bytes_are_not_proven_code_data_classification
8013B000-2475c4e6f1a76047670a095bfd6c0aabd5d5be55d482ebc2d24f2aaa39440505,20480,0,0,20480,0x0:0x5000,0x2F68,candidate_spans_and_remaining_bytes_are_not_proven_code_data_classification
8013B000-24d5572536fa9c9fdea3c432ffedcb39ca1629409e3ad364cbc7c073cb53c23f,20480,0,11416,9064,0x0:0x4;0x2C9C:0x5000,,candidate_spans_and_remaining_bytes_are_not_proven_code_data_classification
8013B000-24e72c8f3d4c02bf62402429f238d64aa39a4fd38a75f0003df2544c8da16562,20480,14740,0,5740,0x0:0x4;0x3998:0x5000,,candidate_spans_and_remaining_bytes_are_not_proven_code_data_classification
8013B000-253ac563f9fc065984d292766509a58a2d003fd3479d893d564dc8a3203f305f,20480,0,13596,6884,0x0:0x4;0x3520:0x5000,,candidate_spans_and_remaining_bytes_are_not_proven_code_data_classification
8013B000-25a5b4e0cb3e8715447740ce8b914fbe9e42b0e3bf38a7388546b85ee0268395,20480,0,8108,12372,0x0:0x4;0x1FB0:0x5000,,candidate_spans_and_remaining_bytes_are_not_proven_code_data_classification
8013B000-25be73d7538da9adc69a64ed972d664c3f126b5338c494469efaa399e94cb0b6,20480,0,0,20480,0x0:0x5000,0x2358,candidate_spans_and_remaining_bytes_are_not_proven_code_data_classification
8013B000-25bf991c3144b8ae8b31d57cfa64ecb831b4bbb2c920f532f5d60052b05c7e18,20480,0,7616,12864,0x0:0x4;0x1DC4:0x5000,,candidate_spans_and_remaining_bytes_are_not_proven_code_data_classification
8013B000-25de72dcb747c8d54059b4e372d41b4aff5e7b47f7c524cc62ab7943fc246d44,20480,0,0,20480,0x0:0x5000,0x19F0,candidate_spans_and_remaining_bytes_are_not_proven_code_data_classification
8013B000-25df2d4248c2fb9067035a73425e6b08b635a95db2b664d5d408ac5f1d4243e1,20480,0,15884,4596,0x0:0x4;0x3E10:0x5000,0x4EA0,candidate_spans_and_remaining_bytes_are_not_proven_code_data_classification
8013B000-26db254fc1dc8e855526071a67e6499d0625ce886588e8219f98e9deda8d4785,20480,0,13600,6880,0x0:0x4;0x3524:0x5000,,candidate_spans_and_remaining_bytes_are_not_proven_code_data_classification
8013B000-26f97eaf3f06b8b7049278bd08e7b361b028b8ee59e9bd8d0f40678fd318408d,20480,10440,0,10040,0x0:0x4;0x28CC:0x5000,,candidate_spans_and_remaining_bytes_are_not_proven_code_data_classification
8013B000-27b469ad27658fb55dc38f908e103a53b7e2a1dec830e21f73c82b1bc3eb5d8e,20480,14520,0,5960,0x0:0x4;0x38BC:0x5000,,candidate_spans_and_remaining_bytes_are_not_proven_code_data_classification
8013B000-27fd0444134cd61399309b7e55aa3a59cbae8b1565cfd3ea5da163e73870795b,20480,0,4260,16220,0x0:0x4;0x10A8:0x5000,,candidate_spans_and_remaining_bytes_are_not_proven_code_data_classification
8013B000-281c914cfded28abb4e93934663fe1d50a50d5a0fc80e7fca9f9ba359f394938,20480,0,0,20480,0x0:0x5000,0x2358,candidate_spans_and_remaining_bytes_are_not_proven_code_data_classification
8013B000-287e6e4f15f0f7616e50170a26d850be1507c14d116b533d15146c15975fd269,20480,0,7240,13240,0x0:0x4;0x1C4C:0x5000,,candidate_spans_and_remaining_bytes_are_not_proven_code_data_classification
8013B000-28884af3ea4a78ae49b8c47877bea7c5e13ad5226e5304d0f34730c96af1752a,20480,0,6700,13780,0x0:0x4;0x1A30:0x5000,,candidate_spans_and_remaining_bytes_are_not_proven_code_data_classification
8013B000-28bd42e4abe9096892a4e5d4ab329f3ed1c3c1b5431e058838b2f5d7b51c2e6c,20480,0,6700,13780,0x0:0x4;0x1A30:0x5000,,candidate_spans_and_remaining_bytes_are_not_proven_code_data_classification
8013B000-28cb030054c5cd4d38ab2094ea565d4868ff802c2320ccf2c0209f3c0cc8d093,20480,0,7616,12864,0x0:0x4;0x1DC4:0x5000,,candidate_spans_and_remaining_bytes_are_not_proven_code_data_classification
8013B000-29965892ed4fc8d36836fe01fd9ac3917fda6d5b88badb73eebfb5595ae4d64a,20480,18256,0,2224,0x0:0x4;0x4754:0x5000,,candidate_spans_and_remaining_bytes_are_not_proven_code_data_classification
8013B000-29ae4cee2afc2976f302328cf5aa1c6eb69e1c3d47803d7f4198e72e7754af2d,20480,0,0,20480,0x0:0x5000,0x3CD8,candidate_spans_and_remaining_bytes_are_not_proven_code_data_classification
8013B000-29f5864229f8286bde64cb8f2af431b5b08a45d3153a6ebf74cddfda3560dbcd,20480,0,8188,12292,0x0:0x4;0x2000:0x5000,,candidate_spans_and_remaining_bytes_are_not_proven_code_data_classification
8013B000-2a07c9091bdb4ee9cb0df4fea1657b6b927fe0f796a474b5ca78c2079c19678a,20480,5200,0,15280,0x0:0x4;0x1454:0x5000,,candidate_spans_and_remaining_bytes_are_not_proven_code_data_classification
8013B000-2a609edd92fb5f62c62a205b8d84c6f4c6a0526c2635749fb3518a322e6fda6f,20480,0,4704,15776,0x0:0x4;0x1264:0x5000,0x1358,candidate_spans_and_remaining_bytes_are_not_proven_code_data_classification
8013B000-2a6d45b5ac978559c71d07e71b034b2ae13d574c929c0a8afabed208349a3744,20480,0,0,20480,0x0:0x5000,0x32A8,candidate_spans_and_remaining_bytes_are_not_proven_code_data_classification
8013B000-2a7a6df275796a9f58c0c5297d42fa5984d6778d175909838110f452a69c9ce2,20480,0,8364,12116,0x0:0x4;0x20B0:0x5000,,candidate_spans_and_remaining_bytes_are_not_proven_code_data_classification
8013B000-2a8036929edb7ac86e2988467f63a0a0d7c658d4848bf99a9da9c6c007a2cfdc,20480,11896,0,8584,0x0:0x4;0x2E7C:0x5000,,candidate_spans_and_remaining_bytes_are_not_proven_code_data_classification
8013B000-2aa456504be748f830672b061d40daec7f9cb4414867a5c1f7dc6417884efc8c,20480,0,9580,10900,0x0:0x4;0x2570:0x5000,,candidate_spans_and_remaining_bytes_are_not_proven_code_data_classification
8013B000-2acd711a45eff6181238c29815eb7693f84c949102a6faede7a3be3fc4b24f5d,20480,0,13896,6584,0x0:0x4;0x364C:0x5000,,candidate_spans_and_remaining_bytes_are_not_proven_code_data_classification
8013B000-2b12c19db340632561aaa72a28f944c1db539aae9a45257244397b2d4bdf599b,20480,0,7148,13332,0x0:0x4;0x1BF0:0x5000,0x2368;0x3004,candidate_spans_and_remaining_bytes_are_not_proven_code_data_classification
8013B000-2bb298182e1a025324c59f5f2683a7fa298c24822b0b03f4d6eda4fc39a0bd4f,20480,0,4484,15996,0x0:0x4;0x1188:0x5000,0x1BF4,candidate_spans_and_remaining_bytes_are_not_proven_code_data_classification
8013B000-2bb9707c96dfcdf1c300e75f93af9de98a1f4464ea5ca8672ab5ae17a4b86a3c,20480,0,4384,16096,0x0:0x4;0x1124:0x5000,,candidate_spans_and_remaining_bytes_are_not_proven_code_data_classification
8013B000-2bd0f0cad4b83a4f7a3413bf0456ffe78e4ab8e6d15b7440b10714f64d837184,20480,14740,0,5740,0x0:0x4;0x3998:0x5000,,candidate_spans_and_remaining_bytes_are_not_proven_code_data_classification
8013B000-2be29a82e178e87a1a1c8b3f49850aa22144e9db9ece526c51b522372b16749e,20480,0,13600,6880,0x0:0x4;0x3524:0x5000,,candidate_spans_and_remaining_bytes_are_not_proven_code_data_classification
8013B000-2bec2e6f37561843763248069c4e4755932b2cb7045bebdcced98735e101fca3,20480,0,4952,15528,0x0:0x4;0x135C:0x5000,,candidate_spans_and_remaining_bytes_are_not_proven_code_data_classification
8013B000-2d0630ea609aaa78e2cfc4c4b0cc9f00098be525bf252b3098e99f2fac23868c,20480,0,5660,14820,0x0:0x4;0x1620:0x5000,,candidate_spans_and_remaining_bytes_are_not_proven_code_data_classification
8013B000-2d0c7f1949fe60c62fffa4a4bf074a35a981fcb5ea1ff228794e73996a45f1d0,20480,0,0,20480,0x0:0x5000,0x3590,candidate_spans_and_remaining_bytes_are_not_proven_code_data_classification
8013B000-2d1b284ab4bdb2dd12539700fe5643f27147ad44f7082b6a5725b6c7c5ec419d,20480,0,7148,13332,0x0:0x4;0x1BF0:0x5000,0x32D8,candidate_spans_and_remaining_bytes_are_not_proven_code_data_classification
8013B000-2d312b053d486602ac7df4e85dd1fbd9cf2061c9d27465aa044d150bf33421ab,20480,0,5372,15108,0x0:0x4;0x1500:0x5000,,candidate_spans_and_remaining_bytes_are_not_proven_code_data_classification
8013B000-2d4f45843c6c1aa684927072e1ad6d50ed78b8dc204a87c8e3514b775b64da92,20480,0,15264,5216,0x0:0x4;0x3BA4:0x5000,,candidate_spans_and_remaining_bytes_are_not_proven_code_data_classification
8013B000-2d66a8bc273830a58e9f8276737271ba139c45ce5fabd8eebef126c782db3ed1,20480,0,13600,6880,0x0:0x4;0x3524:0x5000,,candidate_spans_and_remaining_bytes_are_not_proven_code_data_classification
8013B000-2d81194c5bb066366bbce11c5f33e2e32bf5c893cc4bfa3e30530b9fb3088183,20480,0,6488,13992,0x0:0x4;0x195C:0x5000,0x328C,candidate_spans_and_remaining_bytes_are_not_proven_code_data_classification
8013B000-2dbd230bdd83fc44755bc8eee849f1787aa1128d86cd83a1540c9562c183e40c,20480,0,6816,13664,0x0:0x4;0x1AA4:0x5000,,candidate_spans_and_remaining_bytes_are_not_proven_code_data_classification
8013B000-2df6500d0ca9705c2934c2628dfff4b6d2b3c7bfe17edb1c446531319960ffa3,20480,0,4952,15528,0x0:0x4;0x135C:0x5000,,candidate_spans_and_remaining_bytes_are_not_proven_code_data_classification
8013B000-2eb51b0297a69aafcd3fb6cf9ff72461e1ff21338169bcdb9c40b552ede46e9d,20480,0,3824,16656,0x0:0x4;0xEF4:0x5000,,candidate_spans_and_remaining_bytes_are_not_proven_code_data_classification
8013B000-2eba82f3eea0fa42fb590b2aa376857d3dbb7905ccf01675dbf7ba29acbe9bce,20480,0,5004,15476,0x0:0x4;0x1390:0x5000,,candidate_spans_and_remaining_bytes_are_not_proven_code_data_classification
8013B000-2ef1fa3f205bc43c4bcd1020a7befac8e7eb7792faa55f49a1bc89ed24758fad,20480,0,15612,4868,0x0:0x4;0x3D00:0x5000,,candidate_spans_and_remaining_bytes_are_not_proven_code_data_classification
8013B000-2f492e1ba180f160ce102b4d2dd4c3fbfb1c6465d762fc78d66d8c919d4a1397,20480,10440,0,10040,0x0:0x4;0x28CC:0x5000,0x2E0C;0x3394;0x3E68,candidate_spans_and_remaining_bytes_are_not_proven_code_data_classification
8013B000-2f7073d75378e73e18a13d08b546eec554ba8564c1a8e5f016ebba15d7c5afeb,20480,0,0,20480,0x0:0x5000,0x2F68,candidate_spans_and_remaining_bytes_are_not_proven_code_data_classification
8013B000-2f8066d41613a4bfd36014e1211d6e1f1272f913c8a03eb0ca1ad94a68bac55e,20480,12212,0,8268,0x0:0x4;0x2FB8:0x5000,,candidate_spans_and_remaining_bytes_are_not_proven_code_data_classification
8013B000-2fa9190037621f6d5f21d8d5ccaaed661d1b98cde5f97f2a65015533e292cd90,20480,9992,0,10488,0x0:0x4;0x270C:0x5000,,candidate_spans_and_remaining_bytes_are_not_proven_code_data_classification
8013B000-2fb8cc6882d9ef7c4a93f1c731b134383f53bc2110bd8031bfa35c9dcc8295b3,20480,0,4484,15996,0x0:0x4;0x1188:0x5000,0x1BF4,candidate_spans_and_remaining_bytes_are_not_proven_code_data_classification
8013B000-2fffe5eaca083b8615f4ea3aa92dd345d8c1251150c6a23305d93a497139fc26,20480,11572,0,8908,0x0:0x4;0x2D38:0x5000,,candidate_spans_and_remaining_bytes_are_not_proven_code_data_classification
8013B000-306f611c640f72aae0f05970dd129b338df81d4803e240d8fb81ef9225101786,20480,0,3756,16724,0x0:0x4;0xEB0:0x5000,,candidate_spans_and_remaining_bytes_are_not_proven_code_data_classification
8013B000-30842d330365b2fae4842b867935750d5ff242b110d930d4933c8809447aed3c,20480,0,15032,5448,0x0:0x4;0x3ABC:0x5000,,candidate_spans_and_remaining_bytes_are_not_proven_code_data_classification
8013B000-308922ff8d8bd0358f1c6ad08d546d761baf11db70814d3ef881388aadc23609,20480,14596,0,5884,0x0:0x4;0x3908:0x5000,0x3D54;0x41AC;0x4B14,candidate_spans_and_remaining_bytes_are_not_proven_code_data_classification
8013B000-308aecaf85079810fab4180299e66dac1ed63605af863e973907d7c530de0295,20480,0,0,20480,0x0:0x5000,0x4DC4,candidate_spans_and_remaining_bytes_are_not_proven_code_data_classification
8013B000-30b899f7e7cc4ba768191b04555dcb5611304495693c6f5fa512226cd325e0af,20480,0,12828,7652,0x0:0x4;0x3220:0x5000,,candidate_spans_and_remaining_bytes_are_not_proven_code_data_classification
8013B000-30d2cbae411111c8798b0110a80a5158799fb9e42c6131b57c2e42ca7e053a1a,20480,0,3316,17164,0x0:0x4;0xCF8:0x5000,0x161C,candidate_spans_and_remaining_bytes_are_not_proven_code_data_classification
8013B000-31070096e039852ff4f788278e18887703a60442fc32029a2da016a80a4c9208,20480,0,7608,12872,0x0:0x4;0x1DBC:0x5000,,candidate_spans_and_remaining_bytes_are_not_proven_code_data_classification
8013B000-311ed06c5c92223008bee677cbec1cf0edf32424363468aee0b9650529664776,20480,0,5004,15476,0x0:0x4;0x1390:0x5000,,candidate_spans_and_remaining_bytes_are_not_proven_code_data_classification
8013B000-313b94a8531de396b3f8e103b84a6ab9360cc6c30289f5e43df080e9bd88138a,20480,11720,0,8760,0x0:0x4;0x2DCC:0x5000,,candidate_spans_and_remaining_bytes_are_not_proven_code_data_classification
8013B000-3193051d2f07e24842bfb94c7b92a1a965d4449146a7069d251974e210ece97c,20480,0,6488,13992,0x0:0x4;0x195C:0x5000,0x328C,candidate_spans_and_remaining_bytes_are_not_proven_code_data_classification
8013B000-31c9b5e9ec926669ca62ec884e0dbcbc6826149de5dffb2cd30d5fb3d0b9122b,20480,0,8364,12116,0x0:0x4;0x20B0:0x5000,,candidate_spans_and_remaining_bytes_are_not_proven_code_data_classification
8013B000-31cfaf8c8645d47a95cb3bff6eb6e8cb2c7485882a83dac3f5f5ba9978f7a2b7,20480,0,5860,14620,0x0:0x4;0x16E8:0x5000,,candidate_spans_and_remaining_bytes_are_not_proven_code_data_classification
8013B000-320bf7f7a70c504f6f8ef56ad9c8a5177db4a9718c7d813e1a1ffcb9ffe6adde,20480,0,0,20480,0x0:0x5000,0x3CD8,candidate_spans_and_remaining_bytes_are_not_proven_code_data_classification
8013B000-32c40130efabc3300eac018c6e59057ddd7d26aebf9a155024bc1f8dd9037ffd,20480,14740,0,5740,0x0:0x4;0x3998:0x5000,,candidate_spans_and_remaining_bytes_are_not_proven_code_data_classification
8013B000-32ddf92c2fc24eaf0bb5b0e6378a1b4f8146e3a1912d968fc5e5373860d15f13,20480,0,6224,14256,0x0:0x4;0x1854:0x5000,0x29B0,candidate_spans_and_remaining_bytes_are_not_proven_code_data_classification
8013B000-331ace19722a7ff2fea23dc1be3f91e0a05751297e6b60c70c8d7ecb2bed48d5,20480,0,8412,12068,0x0:0x4;0x20E0:0x5000,,candidate_spans_and_remaining_bytes_are_not_proven_code_data_classification
8013B000-332b7acb1c3d23679eb9a6309d864d1e3bafb38a27538e3bc3231d68988ce9e4,20480,0,0,20480,0x0:0x5000,0x19F0,candidate_spans_and_remaining_bytes_are_not_proven_code_data_classification
8013B000-33542ba387fea362a8a770db022d5c5e985dc4e19d4c89f677eb9770f00fb72e,20480,0,8412,12068,0x0:0x4;0x20E0:0x5000,,candidate_spans_and_remaining_bytes_are_not_proven_code_data_classification
8013B000-336fdeedc1f04f3ec78de49da07c962486691f189b155a94a5ec082b0e0f35aa,20480,0,6324,14156,0x0:0x4;0x18B8:0x5000,,candidate_spans_and_remaining_bytes_are_not_proven_code_data_classification
8013B000-33856599215eea12571daf762f89672b7e185027ccc1e13708f1ec67903a4db7,20480,0,15264,5216,0x0:0x4;0x3BA4:0x5000,,candidate_spans_and_remaining_bytes_are_not_proven_code_data_classification
8013B000-3395b27e3f235908456f723fe8e35b9a1e5dd30fb0eddc0b9c63c90bd5550f94,20480,0,5560,14920,0x0:0x4;0x15BC:0x5000,0x239C,candidate_spans_and_remaining_bytes_are_not_proven_code_data_classification
8013B000-34068eb12b1cf94c5003b9b48e0b84d06416a1134ce5f029e07302caa3d785c3,20480,0,13528,6952,0x0:0x4;0x34DC:0x5000,,candidate_spans_and_remaining_bytes_are_not_proven_code_data_classification
8013B000-340a6568775bf2fa9013eed0e8dd18a5adc1857b02b84d07e64377fa097669e1,20480,0,0,20480,0x0:0x5000,0x2358,candidate_spans_and_remaining_bytes_are_not_proven_code_data_classification
8013B000-34290c7ddbb7d86f0da9eca7047d9a40257d3bec02a4d7ad71230e4e6dd46e56,20480,0,3996,16484,0x0:0x4;0xFA0:0x5000,0x1C90,candidate_spans_and_remaining_bytes_are_not_proven_code_data_classification
8013B000-34ed0e3d0533571e206563ffe3c53b22cb0c1834107770298ee684f679a8a9cf,20480,0,5136,15344,0x0:0x4;0x1414:0x5000,,candidate_spans_and_remaining_bytes_are_not_proven_code_data_classification
8013B000-34ef78e555ea92e2c27dbd616ae832888210706376bd52bf7a520442abb72410,20480,0,7748,12732,0x0:0x4;0x1E48:0x5000,,candidate_spans_and_remaining_bytes_are_not_proven_code_data_classification
8013B000-34fbf41c358d623ce5492dbabb4b9ca23e0ee975d7c230887c24dd3729e98bb3,20480,0,6488,13992,0x0:0x4;0x195C:0x5000,0x328C,candidate_spans_and_remaining_bytes_are_not_proven_code_data_classification
8013B000-34fc9219c56333d0bd4289572f1b8803d2f2e5971ad011ff818ff9d59f9bc80e,20480,0,9740,10740,0x0:0x4;0x2610:0x5000,,candidate_spans_and_remaining_bytes_are_not_proven_code_data_classification
8013B000-3510c50e10aa93bf60185ff47766b3b36c3febddf4390a3bd03d0bcb3c6406b9,20480,0,4440,16040,0x0:0x4;0x115C:0x5000,,candidate_spans_and_remaining_bytes_are_not_proven_code_data_classification
8013B000-3570683f09dd546ac985fd74366c0e260c9fa8d24614657cdfa96afad9f16bff,20480,0,4180,16300,0x0:0x4;0x1058:0x5000,,candidate_spans_and_remaining_bytes_are_not_proven_code_data_classification
8013B000-358269f3d13f75f93fbf641b0303b6911e1eaab8a88d514d87d382d7f28bf88c,20480,0,0,20480,0x0:0x5000,0x3590,candidate_spans_and_remaining_bytes_are_not_proven_code_data_classification
8013B000-3589fe0800c2798102d9650f56f7c92b80d4265acf91ca1725641a75b90b1513,20480,0,0,20480,0x0:0x5000,0x1F30;0x2D04,candidate_spans_and_remaining_bytes_are_not_proven_code_data_classification
8013B000-359445734f29ade76538b15af08a9a919ed4f71749044bd7ccde921f68eae195,20480,18256,0,2224,0x0:0x4;0x4754:0x5000,,candidate_spans_and_remaining_bytes_are_not_proven_code_data_classification
8013B000-360154c5dbec315484757dd7ca0f428f108585d68e6211229ad7911e6504403c,20480,0,4436,16044,0x0:0x4;0x1158:0x5000,,candidate_spans_and_remaining_bytes_are_not_proven_code_data_classification
8013B000-3626101e0ef1f7331c23cffe65804a1efca0c9e97b72549b8c4ee62eca010b17,20480,0,6888,13592,0x0:0x4;0x1AEC:0x5000,,candidate_spans_and_remaining_bytes_are_not_proven_code_data_classification
8013B000-36d42a0881e012c745cbb93debc2fde09f3a29a2462dcd6a20567ad1ff8ddb86,20480,0,13168,7312,0x0:0x4;0x3374:0x5000,,candidate_spans_and_remaining_bytes_are_not_proven_code_data_classification
8013B000-37158be68ed7ebb792fc07de5a301e71414eb7788ef396e67d88e363c0809650,20480,0,0,20480,0x0:0x5000,0x1F6C,candidate_spans_and_remaining_bytes_are_not_proven_code_data_classification
8013B000-3777d820458004deac57c574913b6fdeb21d7ba0766ac644e72ec1052092ecc8,20480,0,8460,12020,0x0:0x4;0x2110:0x5000,0x4A88,candidate_spans_and_remaining_bytes_are_not_proven_code_data_classification
8013B000-37a729f210b10498252489bdefc4d86f1994b4ffd002bb4febd054a02a0f2ac3,20480,0,6488,13992,0x0:0x4;0x195C:0x5000,0x328C,candidate_spans_and_remaining_bytes_are_not_proven_code_data_classification
8013B000-37c8ca7325b38b4ba02d4ec356e0413e144d42e74ee199b9e519b9be5daa6c87,20480,0,6044,14436,0x0:0x4;0x17A0:0x5000,,candidate_spans_and_remaining_bytes_are_not_proven_code_data_classification
8013B000-38140ad254524ea9a2bdb84edff8db73e69f938392240612394fda683e245ca4,20480,0,0,20480,0x0:0x5000,0x19F0,candidate_spans_and_remaining_bytes_are_not_proven_code_data_classification
8013B000-382975e0db418ee0a6134112cbfbdf676cc6c3555e748068a4f6e911144f040a,20480,0,14316,6164,0x0:0x4;0x37F0:0x5000,,candidate_spans_and_remaining_bytes_are_not_proven_code_data_classification
8013B000-3852350591246dacf851a5872b193f91e7d3c8511a1ae0191be62f9b14f6899b,20480,6320,0,14160,0x0:0x4;0x18B4:0x5000,,candidate_spans_and_remaining_bytes_are_not_proven_code_data_classification
8013B000-3877b80af0147b1f3be8916cb65c5e0a87333322d03df503a14e5f6e445232dd,20480,0,12216,8264,0x0:0x4;0x2FBC:0x5000,,candidate_spans_and_remaining_bytes_are_not_proven_code_data_classification
8013B000-3899c934edfee38f4620e4fc40d863871521c9682e090c0c579656a2d79b99a5,20480,0,6688,13792,0x0:0x4;0x1A24:0x5000,,candidate_spans_and_remaining_bytes_are_not_proven_code_data_classification
8013B000-3922471b8152bb41668194a3026a7e9f74558fb160c402f2f8d5671c8ee3ac2e,20480,0,0,20480,0x0:0x5000,0x3F90,candidate_spans_and_remaining_bytes_are_not_proven_code_data_classification
8013B000-39252e960a194b2803bb0b0bcee4baefe0b6e546f7aa344692211be1a89a1a2e,20480,0,10312,10168,0x0:0x4;0x284C:0x5000,,candidate_spans_and_remaining_bytes_are_not_proven_code_data_classification
8013B000-39b54c52d89e2770fb0225ea509f0e23acb07fe3cc300f5ef16fe13baa1b0857,20480,0,7524,12956,0x0:0x4;0x1D68:0x5000,0x2C5C,candidate_spans_and_remaining_bytes_are_not_proven_code_data_classification
8013B000-3a2147cc719e64e34e91229899cce7dfc3738b6a83c034befc3c6c77d8f392c3,20480,0,6364,14116,0x0:0x4;0x18E0:0x5000,0x2EC0,candidate_spans_and_remaining_bytes_are_not_proven_code_data_classification
8013B000-3a39559fe086fbb329cd0a71b3bbad7e1e6a50579ad9e690dda3ae1ac696cc55,20480,0,6196,14284,0x0:0x4;0x1838:0x5000,0x2FB8,candidate_spans_and_remaining_bytes_are_not_proven_code_data_classification
8013B000-3a6f3275c0f282d9b4e13689cc03d1b2688850ee478717fda0cf4221ea90d6b6,20480,16488,0,3992,0x0:0x4;0x406C:0x5000,,candidate_spans_and_remaining_bytes_are_not_proven_code_data_classification
8013B000-3a951835b0e9c9dea03726aa3825a9603eb672573397cfc5e7d544b85035b5fc,20480,0,6572,13908,0x0:0x4;0x19B0:0x5000,0x2DCC,candidate_spans_and_remaining_bytes_are_not_proven_code_data_classification
8013B000-3a96c793328eeb4fcb1d2250c4035274dd5bfde803148690fa160c530719279c,20480,0,0,20480,0x0:0x5000,0x2F68,candidate_spans_and_remaining_bytes_are_not_proven_code_data_classification
8013B000-3a99ba5d79f0eb45731253f9ddc92cc5400feaa61ecb267d1361830ad5dc675b,20480,0,8188,12292,0x0:0x4;0x2000:0x5000,,candidate_spans_and_remaining_bytes_are_not_proven_code_data_classification
8013B000-3ab2a9c6cafffbeb0e39cc6ef5f1b41e0a2b8539ba8598e5142dfa09c419e2cf,20480,0,4504,15976,0x0:0x4;0x119C:0x5000,,candidate_spans_and_remaining_bytes_are_not_proven_code_data_classification
8013B000-3b5650aa52ab6f7037a9d027dff680761e052064e9e6d252c06ecf0ff1fb9ec1,20480,0,7524,12956,0x0:0x4;0x1D68:0x5000,0x2C5C,candidate_spans_and_remaining_bytes_are_not_proven_code_data_classification
8013B000-3b5b12a238cca8ce82782efa58eb1b05f4c44a9338f00efdd2cd88244a783388,20480,0,5440,15040,0x0:0x4;0x1544:0x5000,0x44B8,candidate_spans_and_remaining_bytes_are_not_proven_code_data_classification
8013B000-3b7c62bbdfd405683f2e492fcac606b1b1e10c07583bc55ec74ec5fd388bc7dd,20480,0,6420,14060,0x0:0x4;0x1918:0x5000,,candidate_spans_and_remaining_bytes_are_not_proven_code_data_classification
8013B000-3b83d5660677067dcb1096070a7aa051d3d2256c54ec6080a13b88e5bacea336,20480,0,4476,16004,0x0:0x4;0x1180:0x5000,,candidate_spans_and_remaining_bytes_are_not_proven_code_data_classification
8013B000-3b8ea608c0cb61ad7dc71167adce3f64557d9b51da3dc02fe604c190f76e7a25,20480,0,8732,11748,0x0:0x4;0x2220:0x5000,,candidate_spans_and_remaining_bytes_are_not_proven_code_data_classification
8013B000-3b9ab0fa113836f9baf45ea1ca677bb7d66cb07115a5a70ea076f9ee8fb7a181,20480,0,6524,13956,0x0:0x4;0x1980:0x5000,,candidate_spans_and_remaining_bytes_are_not_proven_code_data_classification
8013B000-3be258fa7de1ae7a67d635cdc78385cd8cb0bb8612b515e6b1fb03e9ad630f7a,20480,0,12216,8264,0x0:0x4;0x2FBC:0x5000,,candidate_spans_and_remaining_bytes_are_not_proven_code_data_classification
8013B000-3c0574b84049408810d4a793b5340e9e174490f52a40ef84eaccdd54cffc3db2,20480,0,5400,15080,0x0:0x4;0x151C:0x5000,,candidate_spans_and_remaining_bytes_are_not_proven_code_data_classification
8013B000-3c28705ed322b17bd4256ffbb23c3c58494ecc6146138fe5ec564ed34dd37053,20480,0,9132,11348,0x0:0x4;0x23B0:0x5000,,candidate_spans_and_remaining_bytes_are_not_proven_code_data_classification
8013B000-3c931e8da242b78dc4a9bb08eedf8a01a45e531e027c4976cf31015fdf1904f7,20480,0,5584,14896,0x0:0x4;0x15D4:0x5000,0x1C40,candidate_spans_and_remaining_bytes_are_not_proven_code_data_classification
8013B000-3ca76f645edb0b824ffece9b7e0590c9951f4eb570dae6a490fad7f377b6d1ea,20480,0,0,20480,0x0:0x5000,0x2358,candidate_spans_and_remaining_bytes_are_not_proven_code_data_classification
8013B000-3cd4908140c0adfdaf2baa6562ac8ce0a8498088058d5f1229b0e843102ead39,20480,0,3092,17388,0x0:0x4;0xC18:0x5000,,candidate_spans_and_remaining_bytes_are_not_proven_code_data_classification
8013B000-3ce06661adc2825337aa65b0579aa5fbaa4b3eeef334633433e06c77925a17bc,20480,11348,0,9132,0x0:0x4;0x2C58:0x5000,,candidate_spans_and_remaining_bytes_are_not_proven_code_data_classification
8013B000-3ce3d95df21a8cb810569965e2260d521851f0b3bdc54bb47bfaf67e75ef3ed4,20480,11720,0,8760,0x0:0x4;0x2DCC:0x5000,,candidate_spans_and_remaining_bytes_are_not_proven_code_data_classification
8013B000-3d26cba19c157ac36213c0694c42d3af7590e792c16d257d46c82c7d33ae0863,20480,0,10332,10148,0x0:0x4;0x2860:0x5000,,candidate_spans_and_remaining_bytes_are_not_proven_code_data_classification
8013B000-3d52660187c9f095edfde1a815afd15b51d4e99a4b8fac3b42b9d7f16d7f5f42,20480,0,7500,12980,0x0:0x4;0x1D50:0x5000,0x2130;0x2A94;0x2F90;0x377C,candidate_spans_and_remaining_bytes_are_not_proven_code_data_classification
8013B000-3d5f27cd2e51f833602c321a1d0fa66f292145e67b03d747642f8e2eca1dd40e,20480,0,0,20480,0x0:0x5000,0x4BC8,candidate_spans_and_remaining_bytes_are_not_proven_code_data_classification
8013B000-3d7270776089b962c36930f3afb8833b395b029861f57d36f9bac9d441c900c9,20480,0,8188,12292,0x0:0x4;0x2000:0x5000,,candidate_spans_and_remaining_bytes_are_not_proven_code_data_classification
8013B000-3daaa0d796a85ef7fe35cee1329b4716bb62f0a9512635a816ee1f6b0fea9ac6,20480,0,6708,13772,0x0:0x4;0x1A38:0x5000,,candidate_spans_and_remaining_bytes_are_not_proven_code_data_classification
8013B000-3dc48063e1461fa2648ca64eb146fc38c0779f2c6f17fb22c1b21bae46457775,20480,17732,0,2748,0x0:0x4;0x4548:0x5000,,candidate_spans_and_remaining_bytes_are_not_proven_code_data_classification
8013B000-3e213511d8bbb5242caab0ec5b3ddb3ab2e4c89cab4efab78f3e062710ad744b,20480,0,0,20480,0x0:0x5000,0x32A8,candidate_spans_and_remaining_bytes_are_not_proven_code_data_classification
8013B000-3e36fc3c76f6dcdffa6bddcf2b204336f1d33ff6de90b9ad613344d56a5cf8bf,20480,0,10572,9908,0x0:0x4;0x2950:0x5000,,candidate_spans_and_remaining_bytes_are_not_proven_code_data_classification
8013B000-3e84fe7255071dd61696c87f302e159303b33e25dfe8faff6a91c8ae6f821d82,20480,0,15884,4596,0x0:0x4;0x3E10:0x5000,0x4454,candidate_spans_and_remaining_bytes_are_not_proven_code_data_classification
8013B000-3ea24f54d283b91b8a195813879dc77c437733a32d3c8b1dd5d0f05a965a8394,20480,0,4532,15948,0x0:0x4;0x11B8:0x5000,,candidate_spans_and_remaining_bytes_are_not_proven_code_data_classification
8013B000-3ebd75ba306eb3b8f5887406a6784feb411475892501307ba48e4bfc180bee84,20480,0,6204,14276,0x0:0x4;0x1840:0x5000,,candidate_spans_and_remaining_bytes_are_not_proven_code_data_classification
8013B000-3f421113915fee5b297cb848415acafd23e7d509072a747050d36b224e8a29bf,20480,0,0,20480,0x0:0x5000,0x3CD8,candidate_spans_and_remaining_bytes_are_not_proven_code_data_classification
8013B000-3f4919cece43ea0e2b5c6467d55a6b3a9d13ab2befca37eb72577976565ec26c,20480,0,11184,9296,0x0:0x4;0x2BB4:0x5000,,candidate_spans_and_remaining_bytes_are_not_proven_code_data_classification
8013B000-3f5f6495d174da7a257ef28949da570465d4f49308fecce0c079b65c75d8c6d9,20480,0,0,20480,0x0:0x5000,0xE40;0x1204,candidate_spans_and_remaining_bytes_are_not_proven_code_data_classification
8013B000-3fb950cd5f813f6eeb6ba6c4e95de8bcea3d8c5f2c5d96a7926c8174471a0f00,20480,0,12696,7784,0x0:0x4;0x319C:0x5000,0x4718,candidate_spans_and_remaining_bytes_are_not_proven_code_data_classification
8013B000-40312d841e594e10940c56419c3aee3d3f0db5c880e9305f0b1a993442e2a67c,20480,0,6420,14060,0x0:0x4;0x1918:0x5000,,candidate_spans_and_remaining_bytes_are_not_proven_code_data_classification
8013B000-4119ad57e08ba87b66845590be4f32065dadf0f5d630f292be03a445fed30a8c,20480,0,0,20480,0x0:0x5000,0x1F6C,candidate_spans_and_remaining_bytes_are_not_proven_code_data_classification
8013B000-411bcf43b18f65a3c97f29dc988aad7b2ee472c67b27a99bc850ee6826cb8ce1,20480,0,0,20480,0x0:0x5000,0xE40;0x1204,candidate_spans_and_remaining_bytes_are_not_proven_code_data_classification
8013B000-415416fad11cfd9ebd1f0a58b2b8b02753fd2195fa229c21a3f3a395fbd4e613,20480,0,0,20480,0x0:0x5000,0x19F0,candidate_spans_and_remaining_bytes_are_not_proven_code_data_classification
8013B000-415a9f88482a98de2d9151c3f70fc715b37ee1e7076bc54ecc57cd4231cb0e25,20480,0,7504,12976,0x0:0x4;0x1D54:0x5000,,candidate_spans_and_remaining_bytes_are_not_proven_code_data_classification
8013B000-418aa76e99f203e821a4ff6aa3e3bd6f0390892c9b5c9968b698c3e4f562d1e4,20480,0,6524,13956,0x0:0x4;0x1980:0x5000,0x3844,candidate_spans_and_remaining_bytes_are_not_proven_code_data_classification
8013B000-4214f9a9cad62172a3095dee583ebb0a1b0d10871c55c062ad24911bd1f3bc7f,20480,0,3296,17184,0x0:0x4;0xCE4:0x5000,,candidate_spans_and_remaining_bytes_are_not_proven_code_data_classification
8013B000-427160697071dcd35769b65700fb6558e06b2e827393b72610433c81056f419d,20480,0,3296,17184,0x0:0x4;0xCE4:0x5000,,candidate_spans_and_remaining_bytes_are_not_proven_code_data_classification
8013B000-428977d728a5a7b009bbdc48a718b095dd3dcb3c8fc643bef02c0f2388eeb245,20480,14288,0,6192,0x0:0x4;0x37D4:0x5000,,candidate_spans_and_remaining_bytes_are_not_proven_code_data_classification
8013B000-42918d9f97b4db7a9baaa75ae8b2f872e705991fcceb87c2b6c2212307cd85d1,20480,0,14620,5860,0x0:0x4;0x3920:0x5000,,candidate_spans_and_remaining_bytes_are_not_proven_code_data_classification
8013B000-42bb05600a3476d562aa08a9c71e2f759bb7efe32b9901f8e69d08735631d4bb,20480,0,8412,12068,0x0:0x4;0x20E0:0x5000,,candidate_spans_and_remaining_bytes_are_not_proven_code_data_classification
8013B000-42c5949e927c9825d2ad14ecc2fc3858b6061d55f6c0a17e62071f2650e46215,20480,0,0,20480,0x0:0x5000,0x4DC4,candidate_spans_and_remaining_bytes_are_not_proven_code_data_classification
8013B000-4391424c6d0e194023eeeb67b7ac74bd0aa8491845470d9171c17422daf11ff2,20480,0,8188,12292,0x0:0x4;0x2000:0x5000,,candidate_spans_and_remaining_bytes_are_not_proven_code_data_classification
8013B000-43a220ec98e003dba7f812dea96d0ce196af61438a9df09b9c86ee0fd457d3de,20480,0,14340,6140,0x0:0x4;0x3808:0x5000,,candidate_spans_and_remaining_bytes_are_not_proven_code_data_classification
8013B000-43cb2717ad8fad0fad2e8f2065659bd0dacb29cf885bd896ef23efa8137f1f11,20480,0,9476,11004,0x0:0x4;0x2508:0x5000,,candidate_spans_and_remaining_bytes_are_not_proven_code_data_classification
8013B000-43d9b229d9fa13e3ac39315d558f84648ca50a2c1684d08632f7ecacf4c704bc,20480,0,3136,17344,0x0:0x4;0xC44:0x5000,0x1338;0x1850;0x1CA4,candidate_spans_and_remaining_bytes_are_not_proven_code_data_classification
8013B000-43dfec4723aadb28a1a54cf25aa80eca5d8589cd6ec07263992eab5654a8f34e,20480,0,14644,5836,0x0:0x4;0x3938:0x5000,,candidate_spans_and_remaining_bytes_are_not_proven_code_data_classification
8013B000-43e5ce76ebee4d458467432879d77a8177ea90f286206eadcecddc88ef2c87dd,20480,10440,0,10040,0x0:0x4;0x28CC:0x5000,,candidate_spans_and_remaining_bytes_are_not_proven_code_data_classification
8013B000-442793dbbb82a9da6fc061e1f34d4853b5f93ca79ad2bb71163ef9c0fb9f3fc8,20480,0,2584,17896,0x0:0x4;0xA1C:0x5000,0x1284,candidate_spans_and_remaining_bytes_are_not_proven_code_data_classification
8013B000-4495564a3777960af3f679d6f65706102e9ec8eba1294d9dbfef657ffece0c6e,20480,0,0,20480,0x0:0x5000,0x2F68,candidate_spans_and_remaining_bytes_are_not_proven_code_data_classification
8013B000-44b2c5f99d92c4f5dd68678679b3bc16289bfb060c9cbb76e6e3f01fe3d61b06,20480,0,7752,12728,0x0:0x4;0x1E4C:0x5000,0x20C8;0x23DC;0x275C;0x2AC4,candidate_spans_and_remaining_bytes_are_not_proven_code_data_classification
8013B000-459fb62f7e887eae7cb22f6fe2ebc1f43e79151b2a72e29703b85aaf9c875c00,20480,0,8188,12292,0x0:0x4;0x2000:0x5000,,candidate_spans_and_remaining_bytes_are_not_proven_code_data_classification
8013B000-45dd7a1b88d10af192bf9dd286de4d40320a33076e796b055b30c210acffbf47,20480,0,4440,16040,0x0:0x4;0x115C:0x5000,,candidate_spans_and_remaining_bytes_are_not_proven_code_data_classification
8013B000-46387775948e0ac86c0e3a066bb1f817f2838e6be572d5a8cc42985aaae3e117,20480,7900,0,12580,0x0:0x4;0x1EE0:0x5000,0x1F74,candidate_spans_and_remaining_bytes_are_not_proven_code_data_classification
8013B000-4665788293e91b10e7deb4c076dc7ea25f25c2cc9aa8dd6e87da907f3f864697,20480,0,5736,14744,0x0:0x4;0x166C:0x5000,0x1AF0;0x4004,candidate_spans_and_remaining_bytes_are_not_proven_code_data_classification
8013B000-46ae8cd49069ac2ffb8c61c076d2950365e70f0d405da09fe532df09215a0f99,20480,0,4272,16208,0x0:0x4;0x10B4:0x5000,,candidate_spans_and_remaining_bytes_are_not_proven_code_data_classification
8013B000-46e364fdded7574704077f0e6a34e424c51bcfce1e8db8271116c712c487119a,20480,10440,0,10040,0x0:0x4;0x28CC:0x5000,,candidate_spans_and_remaining_bytes_are_not_proven_code_data_classification
8013B000-47388c489139be9b75bf1a431cdb79c326a8198b94c9ac2d5be77f5be6af65ec,20480,0,8412,12068,0x0:0x4;0x20E0:0x5000,,candidate_spans_and_remaining_bytes_are_not_proven_code_data_classification
8013B000-476f3c3d21b1f4851fa8f294396ff47e9740c6ac3ab84d0cff0a0aeb96fb099c,20480,0,8412,12068,0x0:0x4;0x20E0:0x5000,,candidate_spans_and_remaining_bytes_are_not_proven_code_data_classification
8013B000-487817089e1c6f4e5835717da918c3ee7dcd7c5c21772be23058500650127a44,20480,0,0,20480,0x0:0x5000,0x19F0,candidate_spans_and_remaining_bytes_are_not_proven_code_data_classification
8013B000-491fbec98e4c8c0f62417df75b79ae0f6af101026ada0eaae713b0cb1431c4e3,20480,13168,0,7312,0x0:0x4;0x3374:0x5000,,candidate_spans_and_remaining_bytes_are_not_proven_code_data_classification
8013B000-4949bd931ead1cce3f90ba1f7a133f68f6e8d1cacbee4cbd4cca829c4cc1b920,20480,0,8792,11688,0x0:0x4;0x225C:0x5000,,candidate_spans_and_remaining_bytes_are_not_proven_code_data_classification
8013B000-495e8dbd298810eba8e85b8d533749cb4d4be4dda03f9740f6830a77d54bf845,20480,0,3928,16552,0x0:0x4;0xF5C:0x5000,,candidate_spans_and_remaining_bytes_are_not_proven_code_data_classification
8013B000-49792b15f527b624943dd6652b5440fa105471e88e2ecc62d6b9ee147a3f6cc2,20480,0,8412,12068,0x0:0x4;0x20E0:0x5000,,candidate_spans_and_remaining_bytes_are_not_proven_code_data_classification
8013B000-4989b6850f8f6c98781875fb289c211ab75dea58cde390a30d81ab56b3cde3e7,20480,0,3296,17184,0x0:0x4;0xCE4:0x5000,,candidate_spans_and_remaining_bytes_are_not_proven_code_data_classification
8013B000-499ee3db6ac21c55dcc24cf6414fa7586e74fe38269e17f9e8054b3b23e3a95c,20480,0,4976,15504,0x0:0x4;0x1374:0x5000,,candidate_spans_and_remaining_bytes_are_not_proven_code_data_classification
8013B000-49d9c599c187a3bf4db87b12581ba174b069c37e4e838ae539597d2388503ebd,20480,0,3296,17184,0x0:0x4;0xCE4:0x5000,,candidate_spans_and_remaining_bytes_are_not_proven_code_data_classification
8013B000-4a178c6c792d2e1643a1b05d516cacd8da607bf0ac96050af07d4bae5d359d2d,20480,0,9164,11316,0x0:0x4;0x23D0:0x5000,,candidate_spans_and_remaining_bytes_are_not_proven_code_data_classification
8013B000-4a72d1315e1a0abd21a152b6c3e62b0500f2850fd75731426d57153d58552c91,20480,0,5520,14960,0x0:0x4;0x1594:0x5000,,candidate_spans_and_remaining_bytes_are_not_proven_code_data_classification
8013B000-4a7e3a52b8bb1ce840dfa50bee6aa795f2ed637aaff5f45d404fd42c2e632aee,20480,0,13600,6880,0x0:0x4;0x3524:0x5000,,candidate_spans_and_remaining_bytes_are_not_proven_code_data_classification
8013B000-4aab06edc2cecf7ba4360c204e9c7131d815cc0c973a2f1cde31c47e38885be0,20480,0,0,20480,0x0:0x5000,0x44A4,candidate_spans_and_remaining_bytes_are_not_proven_code_data_classification
8013B000-4ac216d0d121041f8f45158f6426dcd7f472295c4f96fc27c557d0edbe052005,20480,0,5560,14920,0x0:0x4;0x15BC:0x5000,0x239C,candidate_spans_and_remaining_bytes_are_not_proven_code_data_classification
8013B000-4ac25c6becb585e530e523ee1306a03e93c67cc37018f94380884c04aa573335,20480,0,4952,15528,0x0:0x4;0x135C:0x5000,,candidate_spans_and_remaining_bytes_are_not_proven_code_data_classification
8013B000-4ac6b543a8498f93e1b7bb5fc653b536fb2dffc2b6ba5fa9f8bdecd4a2d37971,20480,0,6900,13580,0x0:0x4;0x1AF8:0x5000,,candidate_spans_and_remaining_bytes_are_not_proven_code_data_classification
8013B000-4adf576be059ebea4b90048a5985d470fd36a2b9f22fe6f79344cc6358a0759b,20480,10440,0,10040,0x0:0x4;0x28CC:0x5000,0x4D04,candidate_spans_and_remaining_bytes_are_not_proven_code_data_classification
8013B000-4aeac55050ab40f9cd62785f3f7bae25731a47f215d768107027fe2f0d71a436,20480,0,7524,12956,0x0:0x4;0x1D68:0x5000,,candidate_spans_and_remaining_bytes_are_not_proven_code_data_classification
8013B000-4b1a3cc8e22f4d2fb692c4c2038ac7ed06d525e1d2ab98602bdff29950f602bb,20480,14740,0,5740,0x0:0x4;0x3998:0x5000,,candidate_spans_and_remaining_bytes_are_not_proven_code_data_classification
8013B000-4b30d6c33fda9d0284d00378b73894d5f827b7f11335125fd0ad7ca36e55919a,20480,0,0,20480,0x0:0x5000,0x19F0,candidate_spans_and_remaining_bytes_are_not_proven_code_data_classification
8013B000-4bc205cb22926ba11302acffcb54b4c59ba2c11a8b47befbec0286dddee35266,20480,6320,0,14160,0x0:0x4;0x18B4:0x5000,0x21D4,candidate_spans_and_remaining_bytes_are_not_proven_code_data_classification
8013B000-4ce2090043c8c3892c53d1812a466fb616a706b11673062f6372968ec574e66d,20480,0,4788,15692,0x0:0x4;0x12B8:0x5000,,candidate_spans_and_remaining_bytes_are_not_proven_code_data_classification
8013B000-4cf844f59cb7493c5865418f627a4d9095bcdb0db20b639ced798274991e7d5e,20480,0,5560,14920,0x0:0x4;0x15BC:0x5000,0x2004;0x3004,candidate_spans_and_remaining_bytes_are_not_proven_code_data_classification
8013B000-4d00af8618d3d6c6b7073af686dfda103bcf314127e14f139072d060de753812,20480,6056,0,14424,0x0:0x4;0x17AC:0x5000,,candidate_spans_and_remaining_bytes_are_not_proven_code_data_classification
8013B000-4d1e93d09947b064dd9046fec1644ebde8b76e22b769120b09dadbb7c6229f57,20480,0,16028,4452,0x0:0x4;0x3EA0:0x5000,,candidate_spans_and_remaining_bytes_are_not_proven_code_data_classification
8013B000-4d4842cc61fc7be16d19f6be89000d2ee6a62f8751bc6c19528a311c92b9730c,20480,0,9132,11348,0x0:0x4;0x23B0:0x5000,,candidate_spans_and_remaining_bytes_are_not_proven_code_data_classification
8013B000-4db010fb0da8d51256bb033fcf597c812f3b2ed8671094fc0ecbfc7d267cd0c1,20480,0,2584,17896,0x0:0x4;0xA1C:0x5000,0x1284,candidate_spans_and_remaining_bytes_are_not_proven_code_data_classification
8013B000-4dc7e84328b9b7246b342fe35b7640441b7fabf6164313b01e0728c30f5b1a7c,20480,0,10312,10168,0x0:0x4;0x284C:0x5000,,candidate_spans_and_remaining_bytes_are_not_proven_code_data_classification
8013B000-4e2999d4efb77f4ab4f82d94931164b29f85915c6eb7e54d2022b3923bafa148,20480,13712,0,6768,0x0:0x4;0x3594:0x5000,,candidate_spans_and_remaining_bytes_are_not_proven_code_data_classification
8013B000-4e50730954a9027f7259fe66015c1529de0f0d327653cf672fc878a768fc72e5,20480,0,0,20480,0x0:0x5000,0x32A8,candidate_spans_and_remaining_bytes_are_not_proven_code_data_classification
8013B000-4e5ac41ef3a25e14e5f1225a22121475afffc78f581962fd4c2ac29fd0b518d1,20480,0,8188,12292,0x0:0x4;0x2000:0x5000,,candidate_spans_and_remaining_bytes_are_not_proven_code_data_classification
8013B000-4e897de41ef3722e05acdf72d23480e64620b1d6e79f074169e5273c7a6a814a,20480,0,9452,11028,0x0:0x4;0x24F0:0x5000,,candidate_spans_and_remaining_bytes_are_not_proven_code_data_classification
8013B000-4eb6d39e4cb9d93b9d625f5a7cb55538d7b5ee1ddbe66c7927568a7fffdaca89,20480,0,6488,13992,0x0:0x4;0x195C:0x5000,0x328C,candidate_spans_and_remaining_bytes_are_not_proven_code_data_classification
8013B000-4eeac3c9663dd8409b794b24f2d637ff166f553f420fc4f585b04623339cb06c,20480,0,0,20480,0x0:0x5000,0x1348,candidate_spans_and_remaining_bytes_are_not_proven_code_data_classification
8013B000-4f3b8e3104b3d2fd6db3635a5b93a0f87217a8690229d4b7256924d3efa63fb9,20480,0,9260,11220,0x0:0x4;0x2430:0x5000,,candidate_spans_and_remaining_bytes_are_not_proven_code_data_classification
8013B000-4f4d3aa5473d3d70a17a9e0de32818ef4fd0876cb1afdda999e65d70c7467040,20480,0,15612,4868,0x0:0x4;0x3D00:0x5000,,candidate_spans_and_remaining_bytes_are_not_proven_code_data_classification
8013B000-4f51f40699b89b7c368051df8f5eb57895dc92c56f88845c2a6ed7a04abcb9b2,20480,0,0,20480,0x0:0x5000,0x19F0,candidate_spans_and_remaining_bytes_are_not_proven_code_data_classification
8013B000-4fa917251e86cbe8ba9953eb88edd04dbdd67c2967e5e4983744bce0105dc19f,20480,0,0,20480,0x0:0x5000,0xE40,candidate_spans_and_remaining_bytes_are_not_proven_code_data_classification
8013B000-50053bc45f87757be4dc7a5b2e2211067e66a0ac73c177b16c91f2b0479fd49d,20480,0,6196,14284,0x0:0x4;0x1838:0x5000,0x2FB8,candidate_spans_and_remaining_bytes_are_not_proven_code_data_classification
8013B000-501dd0e8c45d1e60a8886e764c93e9044977078bcdc2d8f556743bb30f7aab4e,20480,0,5860,14620,0x0:0x4;0x16E8:0x5000,,candidate_spans_and_remaining_bytes_are_not_proven_code_data_classification
8013B000-50368288b470d041d441308fed60e05f2b9707dba92ac259eb3f153299ec737e,20480,0,7516,12964,0x0:0x4;0x1D60:0x5000,,candidate_spans_and_remaining_bytes_are_not_proven_code_data_classification
8013B000-508577dc97adb237dba366d0d5dbbae3e1655178598198e4b52304d938159bf2,20480,0,15364,5116,0x0:0x4;0x3C08:0x5000,,candidate_spans_and_remaining_bytes_are_not_proven_code_data_classification
8013B000-50fce06ad1a68e44cd9d91ea6960a99b4757bcbfeb1dd81a74d2852dc19c53e3,20480,0,8412,12068,0x0:0x4;0x20E0:0x5000,,candidate_spans_and_remaining_bytes_are_not_proven_code_data_classification
8013B000-50ff506579279b7734daeeac2a173ce66274b898837d1da6840b25f39a42005a,20480,0,3092,17388,0x0:0x4;0xC18:0x5000,,candidate_spans_and_remaining_bytes_are_not_proven_code_data_classification
8013B000-51096f6610ff88b825fc2633b29e8d9e6aca39824376e7ff23db67da24e487ed,20480,0,0,20480,0x0:0x5000,0x1F6C,candidate_spans_and_remaining_bytes_are_not_proven_code_data_classification
8013B000-517f4f86e68f80b999863e31d61943cc8fb067ebdefd5ef1d6e978d64a840b75,20480,0,2904,17576,0x0:0x4;0xB5C:0x5000,0xF3C;0x1364;0x1850;0x1CA4,candidate_spans_and_remaining_bytes_are_not_proven_code_data_classification
8013B000-51c2b9657d1db5e9e98a6d83ec403862b74783836a40c749c0d6f648b1409584,20480,0,8584,11896,0x0:0x4;0x218C:0x5000,,candidate_spans_and_remaining_bytes_are_not_proven_code_data_classification
8013B000-51cd497bd440bca2d02fccbf54e382cfd55522f0061182c3657f894a69fd6816,20480,11688,0,8792,0x0:0x4;0x2DAC:0x5000,,candidate_spans_and_remaining_bytes_are_not_proven_code_data_classification
8013B000-51d749d10893bf32583d1909a40b72a6192d731069da3afb6f1891ae45b66c41,20480,0,11112,9368,0x0:0x4;0x2B6C:0x5000,,candidate_spans_and_remaining_bytes_are_not_proven_code_data_classification
8013B000-51e4ab7306309682ee642ca564a50f2a2a976963bcf8979a119ccee80780323f,20480,0,10312,10168,0x0:0x4;0x284C:0x5000,,candidate_spans_and_remaining_bytes_are_not_proven_code_data_classification
8013B000-51f071c57af94f24bdd19013c227ae1c6c4d04ee745574ea066b2c9f77093d5f,20480,0,4160,16320,0x0:0x4;0x1044:0x5000,0x1DFC,candidate_spans_and_remaining_bytes_are_not_proven_code_data_classification
8013B000-51f1d5afe5381512b6778e14069115f0a0eb633de4601f424b3f795389a7eee9,20480,0,0,20480,0x0:0x5000,0x19F0,candidate_spans_and_remaining_bytes_are_not_proven_code_data_classification
8013B000-522cdc9563926fb473a2edcd80d436da1af7187d4abc472d01dafe5631a5cf34,20480,0,0,20480,0x0:0x5000,0x22A4,candidate_spans_and_remaining_bytes_are_not_proven_code_data_classification
8013B000-522fe1380b7b4cb470061611326a45f48efe102f44cce4bc1b842bd3c0126022,20480,0,0,20480,0x0:0x5000,0x19F0,candidate_spans_and_remaining_bytes_are_not_proven_code_data_classification
8013B000-52bb4f8f92815ede6a0365fae4abb2523b8e9e0d0e3b36079064c08e873528b7,20480,0,5524,14956,0x0:0x4;0x1598:0x5000,0x2498,candidate_spans_and_remaining_bytes_are_not_proven_code_data_classification
8013B000-52c48f9578070263e8b50916e358bfc013162537f961aab13671472612271188,20480,2384,0,18096,0x0:0x4;0x954:0x5000,0xE2C,candidate_spans_and_remaining_bytes_are_not_proven_code_data_classification
8013B000-52f463601854553245df04d91896c00aaa8377861fc6894bb69adf6bcb4c42f3,20480,0,3316,17164,0x0:0x4;0xCF8:0x5000,0x161C,candidate_spans_and_remaining_bytes_are_not_proven_code_data_classification
8013B000-5384384b86f1cd3a39f9847aba35565267b9d1b50ecab0750bc249b3f3bc6e33,20480,0,3932,16548,0x0:0x4;0xF60:0x5000,0x161C,candidate_spans_and_remaining_bytes_are_not_proven_code_data_classification
8013B000-53a5b88c9439363e1493a44d56b1225e68852db8875d5dbcad731fb6afe9d424,20480,0,4260,16220,0x0:0x4;0x10A8:0x5000,0x20B8,candidate_spans_and_remaining_bytes_are_not_proven_code_data_classification
8013B000-53bbc37c5c589a05dd1efe64983869147e8c0005f84c23b32282226ebaaa20c0,20480,0,5004,15476,0x0:0x4;0x1390:0x5000,,candidate_spans_and_remaining_bytes_are_not_proven_code_data_classification
8013B000-53f27533b2fb49a2c732026ff67c82f10b451cac87eb4c4f8486ab7ca9f24bb2,20480,0,0,20480,0x0:0x5000,0x4DC4,candidate_spans_and_remaining_bytes_are_not_proven_code_data_classification
8013B000-5437159d05b97e388238c76e4af1a21acc0a1b4902d258e97ec5c0b023515b18,20480,0,4440,16040,0x0:0x4;0x115C:0x5000,,candidate_spans_and_remaining_bytes_are_not_proven_code_data_classification
8013B000-547cbb2c461ae5192c4f58263f79789abddae5bf4bf76d07ef175a7ba20f04a9,20480,0,6708,13772,0x0:0x4;0x1A38:0x5000,,candidate_spans_and_remaining_bytes_are_not_proven_code_data_classification
8013B000-54bda5fe665db5b3f86d2f3065a9f777f49ecf9ae136035265f3e59486f0b72e,20480,0,9580,10900,0x0:0x4;0x2570:0x5000,,candidate_spans_and_remaining_bytes_are_not_proven_code_data_classification
8013B000-54d9fbd8e37c5cc86bcc4fc76ddfde39466b6ea6bfbc13adce56619c1e7ca857,20480,0,8108,12372,0x0:0x4;0x1FB0:0x5000,,candidate_spans_and_remaining_bytes_are_not_proven_code_data_classification
8013B000-5535a9c084f7d0baa1bc493a866f9cbb4b20628b8a8cb9fbe3cef8f4e0d5a88a,20480,0,13412,7068,0x0:0x4;0x3468:0x5000,,candidate_spans_and_remaining_bytes_are_not_proven_code_data_classification
8013B000-553b6089e120df14e64fe80aeafdd2417557fdf89fa5d95e7cc5f500c2615ef5,20480,0,5860,14620,0x0:0x4;0x16E8:0x5000,,candidate_spans_and_remaining_bytes_are_not_proven_code_data_classification
8013B000-5555848e3bf20a8694e56c2bf24dbde36156f2c19d0a8916bcb3ab06e6b94d5f,20480,0,9312,11168,0x0:0x4;0x2464:0x5000,,candidate_spans_and_remaining_bytes_are_not_proven_code_data_classification
8013B000-559b032bf8b3268000c2f8196762b37a2d93f8ccbfe2eb8ae3fe1c365f73d90c,20480,0,0,20480,0x0:0x5000,0x2C24,candidate_spans_and_remaining_bytes_are_not_proven_code_data_classification
8013B000-55d01a5665fcfefc034cbc2d8b002f9638cff1c2718181bf554385d59dad0b3a,20480,0,0,20480,0x0:0x5000,0xE40;0x1204,candidate_spans_and_remaining_bytes_are_not_proven_code_data_classification
8013B000-5643fe71aaa5a3733a14b90deecb6b7ab1228e436ba35c1546ecac3566e08424,20480,0,0,20480,0x0:0x5000,0x3CD8,candidate_spans_and_remaining_bytes_are_not_proven_code_data_classification
8013B000-566857a2c0658593b45917237f4181d7ee09d036dff345045f9cca174e8c5e16,20480,0,0,20480,0x0:0x5000,0x44A4,candidate_spans_and_remaining_bytes_are_not_proven_code_data_classification
8013B000-567ab0f17ceb11ad967355a1a3f6c609120df71e355b5f6e6b1abba1c3a8ba9a,20480,0,5944,14536,0x0:0x4;0x173C:0x5000,,candidate_spans_and_remaining_bytes_are_not_proven_code_data_classification
8013B000-56a9c089cb88e67dc0f4b05ac49bbfcdfc68e9e3528d5fe4bdfdadfa3384c8a4,20480,0,10312,10168,0x0:0x4;0x284C:0x5000,,candidate_spans_and_remaining_bytes_are_not_proven_code_data_classification
8013B000-56c307a5ea33b6030a5fe1c65561bcbf519bbf9a3449ff52ac0044d821cb8c17,20480,0,6700,13780,0x0:0x4;0x1A30:0x5000,,candidate_spans_and_remaining_bytes_are_not_proven_code_data_classification
8013B000-573843cfe9117d3baef6bcefa226613ef1c63a126d923bba773be90693a103fe,20480,0,4832,15648,0x0:0x4;0x12E4:0x5000,0x28BC,candidate_spans_and_remaining_bytes_are_not_proven_code_data_classification
8013B000-57870ec42b7e024dbc0716f442d6fa18122b914cd39ed262e5375aa0078703c3,20480,0,8188,12292,0x0:0x4;0x2000:0x5000,,candidate_spans_and_remaining_bytes_are_not_proven_code_data_classification
8013B000-57f313bda717c3571b4556009bd50c104c02513b6c01467e0b016caef8fe840f,20480,0,0,20480,0x0:0x5000,0x4DC4,candidate_spans_and_remaining_bytes_are_not_proven_code_data_classification
8013B000-583292017568dbaa2b6f26b7e41537ddbe2dbb5491d29e4220e543ca889541bc,20480,0,0,20480,0x0:0x5000,0x3CD8,candidate_spans_and_remaining_bytes_are_not_proven_code_data_classification
8013B000-5836072fb8340ef5f6565464300b73f669237bfac621ca011ba5c78092464072,20480,0,4504,15976,0x0:0x4;0x119C:0x5000,,candidate_spans_and_remaining_bytes_are_not_proven_code_data_classification
8013B000-5839f20d2a0fca3ca78a26c5c527d50cb82480a73c6f925963be2905e1cc09ce,20480,0,0,20480,0x0:0x5000,0x3F90,candidate_spans_and_remaining_bytes_are_not_proven_code_data_classification
8013B000-58464b18efa3c44aec91f29eb726cb3b8c9f0a2774886b015fceefd8b67818e4,20480,0,8188,12292,0x0:0x4;0x2000:0x5000,,candidate_spans_and_remaining_bytes_are_not_proven_code_data_classification
8013B000-5851bde54c4ff2205e97bc64b43fa8c1354cab9dcee2b2612d731e2f272b1b41,20480,0,3296,17184,0x0:0x4;0xCE4:0x5000,0x238C,candidate_spans_and_remaining_bytes_are_not_proven_code_data_classification
8013B000-58dfc5e67bb1345ed85a663316782e7057a7613b710e9435459bfa692b538b94,20480,0,8412,12068,0x0:0x4;0x20E0:0x5000,,candidate_spans_and_remaining_bytes_are_not_proven_code_data_classification
8013B000-592feb32390f735dcdd00432fac8db4c6523f3a75868db948143b43a6109c321,20480,0,8836,11644,0x0:0x4;0x2288:0x5000,,candidate_spans_and_remaining_bytes_are_not_proven_code_data_classification
8013B000-5937c6ad3ede39235c3d995b5ffea4ac2d73c341f31341d853907881338637df,20480,0,13412,7068,0x0:0x4;0x3468:0x5000,,candidate_spans_and_remaining_bytes_are_not_proven_code_data_classification
8013B000-595de4e43332c2b6f7a464257bba38059850310f9f795c63b13d425513375bd1,20480,0,9132,11348,0x0:0x4;0x23B0:0x5000,,candidate_spans_and_remaining_bytes_are_not_proven_code_data_classification
8013B000-59693477ceaa4e57c683eb85864245a9af71e4a38eaf8408d860b69c0ee1a602,20480,0,5004,15476,0x0:0x4;0x1390:0x5000,,candidate_spans_and_remaining_bytes_are_not_proven_code_data_classification
8013B000-59a2a8a550bf45a6f58e4fbec8b9b8a611e98a81e42758d4a27a5f7915bbe659,20480,0,7752,12728,0x0:0x4;0x1E4C:0x5000,,candidate_spans_and_remaining_bytes_are_not_proven_code_data_classification
8013B000-59db1311833f53dad3598fe90ce5c339212ef1bb4f1d089ca233cc0676246bef,20480,0,7612,12868,0x0:0x4;0x1DC0:0x5000,,candidate_spans_and_remaining_bytes_are_not_proven_code_data_classification
8013B000-5a1f0328a5ed9faa0c33c531b98c09f0f24bc392351ca96c701aa9df9dc94a72,20480,0,7832,12648,0x0:0x4;0x1E9C:0x5000,0x419C;0x4678;0x4D84,candidate_spans_and_remaining_bytes_are_not_proven_code_data_classification
8013B000-5a7d5f5704e425fbed7ee0ad7260291a7884224d19d5955f523df38fdbcc3cfc,20480,0,0,20480,0x0:0x5000,0x19F0,candidate_spans_and_remaining_bytes_are_not_proven_code_data_classification
8013B000-5b4dd4ef0f7686ee201bb4d98b92688a703ae89f6a9d0c68f9e2724ce0803ba6,20480,0,7148,13332,0x0:0x4;0x1BF0:0x5000,0x317C,candidate_spans_and_remaining_bytes_are_not_proven_code_data_classification
8013B000-5bb653864cb319b8060191d70dfef8f2928429883834a07d79aad878d7c24f71,20480,0,8412,12068,0x0:0x4;0x20E0:0x5000,,candidate_spans_and_remaining_bytes_are_not_proven_code_data_classification
8013B000-5bb888063af13d8b11700156ecf57483d61f77f850262ba42e111788c9e0c006,20480,0,0,20480,0x0:0x5000,0xE40;0x1204,candidate_spans_and_remaining_bytes_are_not_proven_code_data_classification
8013B000-5bdc18fc8508ccde972e04b373e6dfd408ef572f47e11b98d962ebc7dfc843e1,20480,0,6196,14284,0x0:0x4;0x1838:0x5000,0x36A0;0x4194;0x456C;0x4884;0x4C08,candidate_spans_and_remaining_bytes_are_not_proven_code_data_classification
8013B000-5be8f7c7e839645c0a61f7cfec3120fb51d6d8e803d8c42029b4f59ba6527971,20480,0,14416,6064,0x0:0x4;0x3854:0x5000,,candidate_spans_and_remaining_bytes_are_not_proven_code_data_classification
8013B000-5bf4759c9021da8a60adcd2fdc7c56442af11dd52009defb5e5e675eb2be5db7,20480,0,14360,6120,0x0:0x4;0x381C:0x5000,,candidate_spans_and_remaining_bytes_are_not_proven_code_data_classification
8013B000-5c307d71ee295b915a21e6b434e987b677af2c7650a97c15f94e92fca08a7584,20480,17232,0,3248,0x0:0x4;0x4354:0x5000,,candidate_spans_and_remaining_bytes_are_not_proven_code_data_classification
8013B000-5cad947be47e2053bcfe96200a5781a06b21b810a5799cfe538f32cf6190227c,20480,0,6044,14436,0x0:0x4;0x17A0:0x5000,,candidate_spans_and_remaining_bytes_are_not_proven_code_data_classification
8013B000-5cd9f2abef3de7b297841f6f9307bc1aa042418e4e9d2043b9138345f13d2171,20480,0,10040,10440,0x0:0x4;0x273C:0x5000,0x4A88,candidate_spans_and_remaining_bytes_are_not_proven_code_data_classification
8013B000-5d32a0f367de821ad357b572770ccfe341d180a1d44a334fe91efff50b4a287f,20480,0,9140,11340,0x0:0x4;0x23B8:0x5000,,candidate_spans_and_remaining_bytes_are_not_proven_code_data_classification
8013B000-5d692cf6eabd36105ff8c91ad52285fef0920754360f85f666b1232dff2f29c3,20480,0,5836,14644,0x0:0x4;0x16D0:0x5000,,candidate_spans_and_remaining_bytes_are_not_proven_code_data_classification
8013B000-5d7eeaa083126f11a9e83e8b23f43f4e711b7932bbe6471ad1215d4794affc3f,20480,0,6572,13908,0x0:0x4;0x19B0:0x5000,,candidate_spans_and_remaining_bytes_are_not_proven_code_data_classification
8013B000-5d8af2656a362cf7a4f32e342afa0fde389104063f00f25c85d724866bd1216f,20480,0,6712,13768,0x0:0x4;0x1A3C:0x5000,,candidate_spans_and_remaining_bytes_are_not_proven_code_data_classification
8013B000-5e0b89fcea4bc6085e503afaac45c4b05c569b4b5facf026f05311adc33bd74c,20480,0,0,20480,0x0:0x5000,0x19F0,candidate_spans_and_remaining_bytes_are_not_proven_code_data_classification
8013B000-5e8132c36354c07ed82f299e2fa24588276416ee82268d91fea15f83e41126f5,20480,0,6708,13772,0x0:0x4;0x1A38:0x5000,,candidate_spans_and_remaining_bytes_are_not_proven_code_data_classification
8013B000-5ef6b557b5ef49753695a4f2b25390a550e45801d6bdc2d676dbbac31ae4d3af,20480,0,6196,14284,0x0:0x4;0x1838:0x5000,0x44B8,candidate_spans_and_remaining_bytes_are_not_proven_code_data_classification
8013B000-5f36ffe31b555f3366c9ab66eb17bf1a5d70fc0f3ab2067ff96d38d76e852820,20480,0,7612,12868,0x0:0x4;0x1DC0:0x5000,,candidate_spans_and_remaining_bytes_are_not_proven_code_data_classification
8013B000-602ea1db85ceec0d5d319fd6fcc23afc65df5131d9a621fdaae5efed93990550,20480,0,9440,11040,0x0:0x4;0x24E4:0x5000,,candidate_spans_and_remaining_bytes_are_not_proven_code_data_classification
8013B000-605f12fdcb9a16b1a430649f169ddf6b9a9510b292d345cc0ca211efd176b2c9,20480,0,6700,13780,0x0:0x4;0x1A30:0x5000,,candidate_spans_and_remaining_bytes_are_not_proven_code_data_classification
8013B000-606da6bc47abc79c64624069bdac2fadb4dd04fae460795a9d19d669923dfa22,20480,0,7788,12692,0x0:0x4;0x1E70:0x5000,,candidate_spans_and_remaining_bytes_are_not_proven_code_data_classification
8013B000-60ea1a6eb82d8408fde18dcb98a85252fd81fa1ae12ac378db5b8863b2ef941c,20480,0,4068,16412,0x0:0x4;0xFE8:0x5000,0x161C,candidate_spans_and_remaining_bytes_are_not_proven_code_data_classification
8013B000-610813cb090b4ed36add512f38f440d797ef4d9292a258792d9d159edc249538,20480,0,7524,12956,0x0:0x4;0x1D68:0x5000,0x2204,candidate_spans_and_remaining_bytes_are_not_proven_code_data_classification
8013B000-61114770624c5edd8bd39ffd61116621a137738b0c8f67114269e0f257b8f072,20480,6320,0,14160,0x0:0x4;0x18B4:0x5000,,candidate_spans_and_remaining_bytes_are_not_proven_code_data_classification
8013B000-6132878d19bfbc59dc3250faf71a5c1232d8ed33d9e952f7b2edb605453289c5,20480,0,13496,6984,0x0:0x4;0x34BC:0x5000,,candidate_spans_and_remaining_bytes_are_not_proven_code_data_classification
8013B000-615ad3c0f7bcd5d2b41d5bffdca56b247f8bd4ff25d882fef9c8dedce7b8e013,20480,18532,0,1948,0x0:0x4;0x4868:0x5000,0x4CAC,candidate_spans_and_remaining_bytes_are_not_proven_code_data_classification
8013B000-618b937c6e7e0cdfdc19a6871910b0a5cce8938e4c1a6965fcf3de1f752fcfba,20480,0,3756,16724,0x0:0x4;0xEB0:0x5000,0x161C,candidate_spans_and_remaining_bytes_are_not_proven_code_data_classification
8013B000-619e60672fdda9277b6cc37fa6df186d05dfc1d27541f7c1b878c119899730ce,20480,6320,0,14160,0x0:0x4;0x18B4:0x5000,,candidate_spans_and_remaining_bytes_are_not_proven_code_data_classification
8013B000-61ef8cce9ea8a6ad4bf268fd69b796c3e727e69e987e9c7f140134aae8d64f42,20480,0,0,20480,0x0:0x5000,0x2358,candidate_spans_and_remaining_bytes_are_not_proven_code_data_classification
8013B000-62229e9bc9dc4814973def92a81e598f87a0e70b946dc3483d632ea5e513f978,20480,0,8412,12068,0x0:0x4;0x20E0:0x5000,,candidate_spans_and_remaining_bytes_are_not_proven_code_data_classification
8013B000-624f39d0c0b5d69aa3094390df97788ea60572fffe4b5c51e25a480428a631dd,20480,0,5560,14920,0x0:0x4;0x15BC:0x5000,,candidate_spans_and_remaining_bytes_are_not_proven_code_data_classification
8013B000-6273e5cbb63146d306c10e8d15e3a5f14fd47868d9009df7936de7c5a57103f0,20480,0,0,20480,0x0:0x5000,0xE40,candidate_spans_and_remaining_bytes_are_not_proven_code_data_classification
8013B000-62837ca401857383d8bc0e23ccd4568db7b42be8ba6dc22d1e5cd446540433cd,20480,0,0,20480,0x0:0x5000,0x19F0,candidate_spans_and_remaining_bytes_are_not_proven_code_data_classification
8013B000-62bf8057db0d7c1b69bd85633e8fe9534d9823ebcd762f5d19aa22d6eb6a94ff,20480,0,5860,14620,0x0:0x4;0x16E8:0x5000,,candidate_spans_and_remaining_bytes_are_not_proven_code_data_classification
8013B000-62c89e93dd5ea15fd8205dfed84b304386d34c0bf1fb3cc625c6690a3273e162,20480,0,4068,16412,0x0:0x4;0xFE8:0x5000,0x197C,candidate_spans_and_remaining_bytes_are_not_proven_code_data_classification
8013B000-62e9cbd77984fa923541666fb952b38cd85ba5a57b086285c7ce512b5890a419,20480,14740,0,5740,0x0:0x4;0x3998:0x5000,,candidate_spans_and_remaining_bytes_are_not_proven_code_data_classification
8013B000-63224e14f9415731a3f4b82a912b109f6d0c0735e05b176f7dd07d6a964d17c6,20480,8024,0,12456,0x0:0x4;0x1F5C:0x5000,0x3874,candidate_spans_and_remaining_bytes_are_not_proven_code_data_classification
8013B000-634733dc67d23c37db091813d166be78a3a70c0dcf96e4638f71b921afc03ca4,20480,11952,0,8528,0x0:0x4;0x2EB4:0x5000,,candidate_spans_and_remaining_bytes_are_not_proven_code_data_classification
8013B000-634dc55492e259d743cfd39d6002f2edf1c23806989cb92fbf93c518c5e637f1,20480,0,4952,15528,0x0:0x4;0x135C:0x5000,,candidate_spans_and_remaining_bytes_are_not_proven_code_data_classification
8013B000-636bf80b3a6070f445f706e22370ca1791fdfcae47c4b91cadf0119fa88a3605,20480,0,10092,10388,0x0:0x4;0x2770:0x5000,,candidate_spans_and_remaining_bytes_are_not_proven_code_data_classification
8013B000-636c101ad9a381d33de4344490075a2cc74ed5dbdf3db03a9fbbb64f841e4fd5,20480,0,3384,17096,0x0:0x4;0xD3C:0x5000,0x3790,candidate_spans_and_remaining_bytes_are_not_proven_code_data_classification
8013B000-638e13f618ffec33fcb91c51fd74bd6378cfae4bafd7b5f2dab6d682af4ae1f0,20480,0,15268,5212,0x0:0x4;0x3BA8:0x5000,,candidate_spans_and_remaining_bytes_are_not_proven_code_data_classification
8013B000-639ecd76884ee8e101b8701fe86a314af87117101485afe6db4cef438821cfbb,20480,0,15292,5188,0x0:0x4;0x3BC0:0x5000,,candidate_spans_and_remaining_bytes_are_not_proven_code_data_classification
8013B000-63a1a8259f5f280e1b5e05e34c065d31f95c52b8e8b164e96de1fda0b6fde3a1,20480,0,0,20480,0x0:0x5000,0x4BC8,candidate_spans_and_remaining_bytes_are_not_proven_code_data_classification
8013B000-63e56feca1a61ad448d83e4fc702dac3b41d6a6b860059538a0ca65150085a7d,20480,0,5660,14820,0x0:0x4;0x1620:0x5000,0x1A04,candidate_spans_and_remaining_bytes_are_not_proven_code_data_classification
8013B000-6408983a79ecd23cbcba898c44ef099330766908a58be303492d746d3e6b66ab,20480,0,0,20480,0x0:0x5000,0x19F0,candidate_spans_and_remaining_bytes_are_not_proven_code_data_classification
8013B000-640abced1327baf9eff0513ffc4f9ee4543f54ca2aec2bfa8dedcc82766daa35,20480,0,3748,16732,0x0:0x4;0xEA8:0x5000,,candidate_spans_and_remaining_bytes_are_not_proven_code_data_classification
8013B000-643b2c996edba2b605d05eb169e56045e5a4e582da63a787cb31981977588e76,20480,0,6420,14060,0x0:0x4;0x1918:0x5000,,candidate_spans_and_remaining_bytes_are_not_proven_code_data_classification
8013B000-646f067889f2a217e6829d7abfe3412e44baed3c6eb58bc33b2c109e4d080cf2,20480,0,7508,12972,0x0:0x4;0x1D58:0x5000,,candidate_spans_and_remaining_bytes_are_not_proven_code_data_classification
8013B000-64e5d74496e1ed43931468268a5e6463ae08071470ebc7bf51feba9400601a76,20480,0,7524,12956,0x0:0x4;0x1D68:0x5000,,candidate_spans_and_remaining_bytes_are_not_proven_code_data_classification
8013B000-6550c8932ae251c8accd5d112f16d2e300ef35279bdab94cd5364d4a39d9be5a,20480,0,6524,13956,0x0:0x4;0x1980:0x5000,0x3844,candidate_spans_and_remaining_bytes_are_not_proven_code_data_classification
8013B000-655ea7d252bf4e825cceb624fe109f3409720d13c0345c1cdf27057a68e3db7d,20480,0,0,20480,0x0:0x5000,0x4ADC,candidate_spans_and_remaining_bytes_are_not_proven_code_data_classification
8013B000-65adf794b7ff666b16e7d0f784e3fb0175535fa65fa5d35ab2293d02049053cb,20480,0,2964,17516,0x0:0x4;0xB98:0x5000,0x1470,candidate_spans_and_remaining_bytes_are_not_proven_code_data_classification
8013B000-65eb4b0640c45fa250ea7aab7c7011f1f61b19251b61200eb0ae7766f18d8f58,20480,0,6700,13780,0x0:0x4;0x1A30:0x5000,,candidate_spans_and_remaining_bytes_are_not_proven_code_data_classification
8013B000-6654b62214da609361d72864f634203d04297c2ae358c30c0fd44df3af8323ba,20480,0,6688,13792,0x0:0x4;0x1A24:0x5000,,candidate_spans_and_remaining_bytes_are_not_proven_code_data_classification
8013B000-668a60330641c44376c860b727529f5b787a9424d61b3588f2b5cd4484e36e45,20480,0,4412,16068,0x0:0x4;0x1140:0x5000,,candidate_spans_and_remaining_bytes_are_not_proven_code_data_classification
8013B000-668b554a04e6a15819832f93aba58f27a6d494c5b3379a513521d49149ca5669,20480,0,0,20480,0x0:0x5000,0x32A8,candidate_spans_and_remaining_bytes_are_not_proven_code_data_classification
8013B000-66aaec890678c2696a14b8e3aa0ff6664a867076706dc849b20affa24f92d054,20480,16488,0,3992,0x0:0x4;0x406C:0x5000,,candidate_spans_and_remaining_bytes_are_not_proven_code_data_classification
8013B000-66de5012428bd7948663cbb184d5397ee1e9a04d7bb7f7c4030c101efbec5507,20480,0,8412,12068,0x0:0x4;0x20E0:0x5000,,candidate_spans_and_remaining_bytes_are_not_proven_code_data_classification
8013B000-67502e104dc6faed16ed6388770f69b163bc7256be404d3dcd3199505c30e875,20480,0,7364,13116,0x0:0x4;0x1CC8:0x5000,,candidate_spans_and_remaining_bytes_are_not_proven_code_data_classification
8013B000-67d9d8db7419b931fba01d0f566761b2f079511a1dd7b812ba24e908e43f0a5f,20480,0,4504,15976,0x0:0x4;0x119C:0x5000,,candidate_spans_and_remaining_bytes_are_not_proven_code_data_classification
8013B000-68045726557af9bd1b39e4aea75df3ce26bebdf08b6633f35e9fa5778e2654a3,20480,0,6700,13780,0x0:0x4;0x1A30:0x5000,,candidate_spans_and_remaining_bytes_are_not_proven_code_data_classification
8013B000-6811ec3c978f94d879886356c915758dcbac7f3a67a52fbfe054df8f4ef641e5,20480,0,0,20480,0x0:0x5000,0x4ADC,candidate_spans_and_remaining_bytes_are_not_proven_code_data_classification
8013B000-682ae7c3631593773d42b35f14cd46d3e5899462d04ac6839d675fed604acaec,20480,0,12152,8328,0x0:0x4;0x2F7C:0x5000,,candidate_spans_and_remaining_bytes_are_not_proven_code_data_classification
8013B000-683514fc04682a84ef20969897a71835ddc47ad406561e0648c42afebd0a46e4,20480,0,3592,16888,0x0:0x4;0xE0C:0x5000,,candidate_spans_and_remaining_bytes_are_not_proven_code_data_classification
8013B000-6881ae90433cd98162dfc1437bdbfc3820c169d3ec90bed4b748a26082e2d86a,20480,0,6420,14060,0x0:0x4;0x1918:0x5000,,candidate_spans_and_remaining_bytes_are_not_proven_code_data_classification
8013B000-688f12d22adef001e7f8a60bb6b6923ba3e708bbffab8dde68df9cb8af28f464,20480,2384,0,18096,0x0:0x4;0x954:0x5000,0xE2C,candidate_spans_and_remaining_bytes_are_not_proven_code_data_classification
8013B000-68932eef67fb24dd83d3767755b340a72c5facfe0a3a45e7ca5c5eeda98ecc4d,20480,0,9400,11080,0x0:0x4;0x24BC:0x5000,,candidate_spans_and_remaining_bytes_are_not_proven_code_data_classification
8013B000-68d5fa859cd64683a9970520c48f93b390e27c9e6cd45f9f7838a204c969d406,20480,11688,0,8792,0x0:0x4;0x2DAC:0x5000,,candidate_spans_and_remaining_bytes_are_not_proven_code_data_classification
8013B000-68d96b26955a25635c2cc625ceec54e482962a27ef90e3d25c442887c9db8d71,20480,0,6524,13956,0x0:0x4;0x1980:0x5000,0x3844,candidate_spans_and_remaining_bytes_are_not_proven_code_data_classification
8013B000-691ff3b69ab7e5d9673451258911db0288edd688511e284be920cfe84c31c012,20480,0,8412,12068,0x0:0x4;0x20E0:0x5000,,candidate_spans_and_remaining_bytes_are_not_proven_code_data_classification
8013B000-696db178ba14891a13376afd5bb2b2bfd6f86e34c316bd4d75df6742a2a0ac8d,20480,0,8684,11796,0x0:0x4;0x21F0:0x5000,,candidate_spans_and_remaining_bytes_are_not_proven_code_data_classification
8013B000-69a418b40c0da6ad4a32291dbfce725763588b4b90c6c3b2c9569788563197f2,20480,9992,0,10488,0x0:0x4;0x270C:0x5000,,candidate_spans_and_remaining_bytes_are_not_proven_code_data_classification
8013B000-69cdce19e15643dd8b5b72365f74780a769892a02e20c7b48720137878ae4963,20480,0,2584,17896,0x0:0x4;0xA1C:0x5000,0x1284,candidate_spans_and_remaining_bytes_are_not_proven_code_data_classification
8013B000-69fe401adcb207821980d2ac6e9def7c0343cd332dfc949eb4fc8e458f9706d0,20480,0,5004,15476,0x0:0x4;0x1390:0x5000,0x34B8,candidate_spans_and_remaining_bytes_are_not_proven_code_data_classification
8013B000-6a24feb272156183a9aeb2c539ac964d5aa5e5ba1c53f7e22bf0f1ddae9fd877,20480,0,6196,14284,0x0:0x4;0x1838:0x5000,,candidate_spans_and_remaining_bytes_are_not_proven_code_data_classification
8013B000-6a596b2a2c12d52ef30c22b86a8803d25363dc96b444e74f9cc81f60af3a8d56,20480,0,4656,15824,0x0:0x4;0x1234:0x5000,0x1C1C,candidate_spans_and_remaining_bytes_are_not_proven_code_data_classification
8013B000-6a63f8a24bcda8ef22014d9e83943ab38f44e8526690d3956bd0ac85695db9d7,20480,0,8020,12460,0x0:0x4;0x1F58:0x5000,,candidate_spans_and_remaining_bytes_are_not_proven_code_data_classification
8013B000-6a65ba34c4ca3fbec0b2e54692b8970ba3a2bbde6b1d32040c481fa37fe9b8d4,20480,11404,0,9076,0x0:0x4;0x2C90:0x5000,,candidate_spans_and_remaining_bytes_are_not_proven_code_data_classification
8013B000-6babf01ba674aaa7353f9d59c1543a11ffcddcf237b23999093f30e6a1943925,20480,0,9260,11220,0x0:0x4;0x2430:0x5000,,candidate_spans_and_remaining_bytes_are_not_proven_code_data_classification
8013B000-6bb2fe5d00de9da2106829be1eb06f21b5be0ab095b42a566a90bf22b4940970,20480,0,0,20480,0x0:0x5000,0x31C8,candidate_spans_and_remaining_bytes_are_not_proven_code_data_classification
8013B000-6bf4fbea686f296437290088625a918bc57190a57e0c36bc7ec53929c3839d03,20480,0,11156,9324,0x0:0x4;0x2B98:0x5000,,candidate_spans_and_remaining_bytes_are_not_proven_code_data_classification
8013B000-6c0da58e808dd93dcedfbcbb200de59350fe94c28e5bc0d3ea8059635d929994,20480,0,10312,10168,0x0:0x4;0x284C:0x5000,,candidate_spans_and_remaining_bytes_are_not_proven_code_data_classification
8013B000-6c3d79e7d9b0dd018f31a9bd44a3a9d30ecc2e083b5a7afbf7bed8182ebec129,20480,11404,0,9076,0x0:0x4;0x2C90:0x5000,,candidate_spans_and_remaining_bytes_are_not_proven_code_data_classification
8013B000-6ce6e701d7b28a6e6e098e02e9e0acbabebfa7052c6acaaa04547188c99fd7dd,20480,0,6524,13956,0x0:0x4;0x1980:0x5000,,candidate_spans_and_remaining_bytes_are_not_proven_code_data_classification
8013B000-6d104e39b68ee5f772b640ed0e78d021c8bbee737bb120a8d55fb9d7eaae0c6c,20480,0,0,20480,0x0:0x5000,0x2C24,candidate_spans_and_remaining_bytes_are_not_proven_code_data_classification
8013B000-6d2e2d5ba157df76518a1daa1125a2381b0d3599b8669d96bc63f56196cc5f58,20480,0,10092,10388,0x0:0x4;0x2770:0x5000,,candidate_spans_and_remaining_bytes_are_not_proven_code_data_classification
8013B000-6df40c132bf038ce7cf98cf2edc6933c1dc0f5803e42badec79b7c43a43405d4,20480,0,7240,13240,0x0:0x4;0x1C4C:0x5000,,candidate_spans_and_remaining_bytes_are_not_proven_code_data_classification
8013B000-6df437763e654af746fd64d2332ccf97a3eec1579e90b6094155ea996a1efc3e,20480,0,5296,15184,0x0:0x4;0x14B4:0x5000,,candidate_spans_and_remaining_bytes_are_not_proven_code_data_classification
8013B000-6f41fd6c7ea94ff64a1d137906c041cfd0fa6ea2c2d17d7ec3c19eac9d671394,20480,0,4160,16320,0x0:0x4;0x1044:0x5000,0x1DFC,candidate_spans_and_remaining_bytes_are_not_proven_code_data_classification
8013B000-6f5efa306051d3fcddfed8609d38be74eba79c4a6c7fac2c92025f93c28d97aa,20480,0,3868,16612,0x0:0x4;0xF20:0x5000,,candidate_spans_and_remaining_bytes_are_not_proven_code_data_classification
8013B000-6f6c7125d0991eca3414ddec370671f41287d2f3ed5ce027a9206d32332a3e70,20480,0,0,20480,0x0:0x5000,0x2F68,candidate_spans_and_remaining_bytes_are_not_proven_code_data_classification
8013B000-6fff592d14eb30c2761c6022b4b7f6b1c76f7aa63d0fdd27396dcd86c817d457,20480,0,0,20480,0x0:0x5000,0xE40;0x1204,candidate_spans_and_remaining_bytes_are_not_proven_code_data_classification
8013B000-701caf873d1bb0d3a5fb8a253382b23045ca443cabdff0b32021079abcbdcda7,20480,0,3932,16548,0x0:0x4;0xF60:0x5000,0x19C8,candidate_spans_and_remaining_bytes_are_not_proven_code_data_classification
8013B000-707fdc3a9da1b8deba46f411408b6b851d916e3c8162c787b5a54a4aa6dcc050,20480,6320,0,14160,0x0:0x4;0x18B4:0x5000,,candidate_spans_and_remaining_bytes_are_not_proven_code_data_classification
8013B000-708cfc54f0d1931535cf2632ee850fa63531e96287269d21d0ed5a39156fbd49,20480,0,6196,14284,0x0:0x4;0x1838:0x5000,,candidate_spans_and_remaining_bytes_are_not_proven_code_data_classification
8013B000-70bf1b626600b0fb5eae3a0376743697245aec244af883717c8f0ae14854dbe4,20480,0,9132,11348,0x0:0x4;0x23B0:0x5000,,candidate_spans_and_remaining_bytes_are_not_proven_code_data_classification
8013B000-710fddcd273dab3494b1f2dcaf37d3c94a8385f7bf32b63daf587bd993ccadeb,20480,0,14360,6120,0x0:0x4;0x381C:0x5000,,candidate_spans_and_remaining_bytes_are_not_proven_code_data_classification
8013B000-7128297f8c142662e3ed784a0c412161778e55c81fed645f1e4ea924cf4d3b01,20480,0,15292,5188,0x0:0x4;0x3BC0:0x5000,,candidate_spans_and_remaining_bytes_are_not_proven_code_data_classification
8013B000-715b4fc8c7da1ad80b899332df453063f9b6db2dca8ce062bae1c6880cd5338e,20480,0,0,20480,0x0:0x5000,0x2C24,candidate_spans_and_remaining_bytes_are_not_proven_code_data_classification
8013B000-71ba7a73492109b78cd3bb0d60c7381f809198710f6224da82166b31b69dbd88,20480,10440,0,10040,0x0:0x4;0x28CC:0x5000,,candidate_spans_and_remaining_bytes_are_not_proven_code_data_classification
8013B000-71d258490e64bdc7c162b8225a001926364c2401fa231ce5b08be8f7d597fefd,20480,0,4440,16040,0x0:0x4;0x115C:0x5000,,candidate_spans_and_remaining_bytes_are_not_proven_code_data_classification
8013B000-71e1d6b351c36d4c5b0932957e5494d259792aab588d97223c03aa3ef62b88ae,20480,0,11752,8728,0x0:0x4;0x2DEC:0x5000,,candidate_spans_and_remaining_bytes_are_not_proven_code_data_classification
8013B000-72114f1b88d444394e29caa31bb791a2f88515db43f8eab1463d697ef4293ddd,20480,0,9164,11316,0x0:0x4;0x23D0:0x5000,,candidate_spans_and_remaining_bytes_are_not_proven_code_data_classification
8013B000-72623a6b4ed7ee0f9d93c443d6ba9620c83729c8840c365813ff4512a814e1e2,20480,12212,0,8268,0x0:0x4;0x2FB8:0x5000,,candidate_spans_and_remaining_bytes_are_not_proven_code_data_classification
8013B000-7279c33c4c4f11cf20f62b7480942f951480c43e8ba6bf3ba52c0053e76b4575,20480,0,0,20480,0x0:0x5000,0x19F0,candidate_spans_and_remaining_bytes_are_not_proven_code_data_classification
8013B000-728ab07f040f6c3fd0f6b80db3bd805434d66a5247f23c277506112fd46fae02,20480,0,3592,16888,0x0:0x4;0xE0C:0x5000,0x10AC,candidate_spans_and_remaining_bytes_are_not_proven_code_data_classification
8013B000-72ac27c0a3dca9c429a492910b71cd111d8c7bbd0c2b94ee9cf27cb87cf1fcfe,20480,0,5004,15476,0x0:0x4;0x1390:0x5000,,candidate_spans_and_remaining_bytes_are_not_proven_code_data_classification
8013B000-72cd984f039c3414c6d1df667e397596de1cf8c1b1dd92ff89831dd4d1e7f7af,20480,0,0,20480,0x0:0x5000,0xE40;0x1204;0x3874,candidate_spans_and_remaining_bytes_are_not_proven_code_data_classification
8013B000-7312cb345ec88f52c704249f01efdd9798d35d1002182acbe902e8d90107edff,20480,0,0,20480,0x0:0x5000,0x19F0,candidate_spans_and_remaining_bytes_are_not_proven_code_data_classification
8013B000-7321d6b308105dbe28b998c2fd7921e8bdfeaab027be21fbdc7322aee909565d,20480,0,2784,17696,0x0:0x4;0xAE4:0x5000,0x1290,candidate_spans_and_remaining_bytes_are_not_proven_code_data_classification
8013B000-73233159470dd09455c04c21e5512b890725b2061dd02175c1974cda2b7fa9a7,20480,0,7852,12628,0x0:0x4;0x1EB0:0x5000,0x3ED4,candidate_spans_and_remaining_bytes_are_not_proven_code_data_classification
8013B000-7327684111b42dafb204ede41a259c848a14e3ea1dcb360afab738f7f5104174,20480,0,8412,12068,0x0:0x4;0x20E0:0x5000,,candidate_spans_and_remaining_bytes_are_not_proven_code_data_classification
8013B000-732c8e143618ce8fd842664087bb5f52db1167ad62f2c7610167426070f3515b,20480,0,0,20480,0x0:0x5000,0x32A8,candidate_spans_and_remaining_bytes_are_not_proven_code_data_classification
8013B000-735f6b0543e05f76e71df5c04b9e729461ebed9b2ef0d3b343df2f2f5b4c8239,20480,0,0,20480,0x0:0x5000,0x2C24,candidate_spans_and_remaining_bytes_are_not_proven_code_data_classification
8013B000-73b63146ee27943f76cfb390e150a78a6c5d0246767ba1c2ee107382368910fc,20480,0,0,20480,0x0:0x5000,0x22A4,candidate_spans_and_remaining_bytes_are_not_proven_code_data_classification
8013B000-73c1463bf5a097833261093e68f953e3601a2e9a4f1eb88a438c677da335acaf,20480,0,3316,17164,0x0:0x4;0xCF8:0x5000,0x161C,candidate_spans_and_remaining_bytes_are_not_proven_code_data_classification
8013B000-73fbee3cd379226ee812ea6829451f1ad39aa0027f9ca695154b1594a0d2e04b,20480,0,6196,14284,0x0:0x4;0x1838:0x5000,,candidate_spans_and_remaining_bytes_are_not_proven_code_data_classification
8013B000-741b0cb4e6f4770d050cd6c5ddf963b0c58c680a62ec71891861148a9e4c19b2,20480,0,4440,16040,0x0:0x4;0x115C:0x5000,,candidate_spans_and_remaining_bytes_are_not_proven_code_data_classification
8013B000-7456b7e88c39c5b097d20245bbfddd39b071019f2a30ccfedf2cbcef192ac6d1,20480,0,6204,14276,0x0:0x4;0x1840:0x5000,0x2914,candidate_spans_and_remaining_bytes_are_not_proven_code_data_classification
8013B000-745966066f8fe51fc489ea3dd9f750e3bb89ec528bf740b90a69cbcb5436540b,20480,0,0,20480,0x0:0x5000,0x3590,candidate_spans_and_remaining_bytes_are_not_proven_code_data_classification
8013B000-74cb6735d59ff5cb069cd95445b4b6498c0f86213a628f81c9ffa227f3f442da,20480,0,6516,13964,0x0:0x4;0x1978:0x5000,,candidate_spans_and_remaining_bytes_are_not_proven_code_data_classification
8013B000-74f0ffe85d8b690b9e29de4829b897987850b9e61800330a7759ce6328fefa7d,20480,0,3440,17040,0x0:0x4;0xD74:0x5000,0x11B0,candidate_spans_and_remaining_bytes_are_not_proven_code_data_classification
8013B000-7506341aa85e3c2c86a6b609c91949ed070ecfe013ad6c1a1b35307abdc185cc,20480,8120,0,12360,0x0:0x4;0x1FBC:0x5000,0x37F4,candidate_spans_and_remaining_bytes_are_not_proven_code_data_classification
8013B000-75a5311840d7c0caaeb8e1a024dd51ae079c5ce139b2f7a556d22a7c32e3b9c8,20480,0,5860,14620,0x0:0x4;0x16E8:0x5000,,candidate_spans_and_remaining_bytes_are_not_proven_code_data_classification
8013B000-75b721975c7a2c5ebfdd5af997736f28d392962e5c85b582c36ff71dc0d44c21,20480,0,5292,15188,0x0:0x4;0x14B0:0x5000,,candidate_spans_and_remaining_bytes_are_not_proven_code_data_classification
8013B000-75d6d05b1ffe9bee7f686d83a4c39094c4341d1034eac6fda045f3086924d074,20480,0,4160,16320,0x0:0x4;0x1044:0x5000,0x1DFC,candidate_spans_and_remaining_bytes_are_not_proven_code_data_classification
8013B000-75d6e042fa098b0c1f9f4bde21a1d6281a7fb2945a6a8ad688f883b851c516d0,20480,0,9132,11348,0x0:0x4;0x23B0:0x5000,,candidate_spans_and_remaining_bytes_are_not_proven_code_data_classification
8013B000-75eee3487d361b171fa4ac9d097de19d15be6ff6eb2bf0dcd854963ee3f62361,20480,0,8188,12292,0x0:0x4;0x2000:0x5000,,candidate_spans_and_remaining_bytes_are_not_proven_code_data_classification
8013B000-75f781d58fb243fdbb896f17a68b2c99b22b3e7a63bb64b29fa6867001a1be0c,20480,0,15608,4872,0x0:0x4;0x3CFC:0x5000,,candidate_spans_and_remaining_bytes_are_not_proven_code_data_classification
8013B000-760e88e9dd56c2e5a6bcfeb33cfbc7442ca92d7c7279bacc9b04b4c8eda7e1fb,20480,0,8188,12292,0x0:0x4;0x2000:0x5000,,candidate_spans_and_remaining_bytes_are_not_proven_code_data_classification
8013B000-76278b6226778546beed9f01c7c274c4ca369f602794cad2eadb823aa8ba0893,20480,2384,0,18096,0x0:0x4;0x954:0x5000,,candidate_spans_and_remaining_bytes_are_not_proven_code_data_classification
8013B000-7638cf8735f618470a0aa2a535c12352fad88eef42405efb0d04a20ba20b6988,20480,0,4068,16412,0x0:0x4;0xFE8:0x5000,0x197C,candidate_spans_and_remaining_bytes_are_not_proven_code_data_classification
8013B000-764cb720ada0b2094fc3271d0059e4f7520a9442c1e69993590b96efffe65897,20480,11404,0,9076,0x0:0x4;0x2C90:0x5000,,candidate_spans_and_remaining_bytes_are_not_proven_code_data_classification
8013B000-7659da50497e7ae89bf17d42161c780f8d2e897ba2260a32467298a131ad6d2f,20480,0,6700,13780,0x0:0x4;0x1A30:0x5000,,candidate_spans_and_remaining_bytes_are_not_proven_code_data_classification
8013B000-766c50dd178b8f97706f601b311e79082b0d5b0ca4eead87e71cee4c56fca367,20480,0,4440,16040,0x0:0x4;0x115C:0x5000,,candidate_spans_and_remaining_bytes_are_not_proven_code_data_classification
8013B000-76933489764a68d19eacb9a968fa191cf7737553c5cae6afa4b962205e1fe7f9,20480,0,3756,16724,0x0:0x4;0xEB0:0x5000,,candidate_spans_and_remaining_bytes_are_not_proven_code_data_classification
8013B000-76b3391656818fbfb30e01b36f8d3f52a6af94a5c5cfd1610b015fce20bb3584,20480,0,6364,14116,0x0:0x4;0x18E0:0x5000,0x2EC0,candidate_spans_and_remaining_bytes_are_not_proven_code_data_classification
8013B000-76d908f72b3846f6bb7113b003439578803852e0af2dac14b99e521b2829e679,20480,0,3296,17184,0x0:0x4;0xCE4:0x5000,0x16A0,candidate_spans_and_remaining_bytes_are_not_proven_code_data_classification
8013B000-771063e56cff8096678127e06250a8f2a30edd018fde7a42f688a3df0ff02bcc,20480,0,6844,13636,0x0:0x4;0x1AC0:0x5000,,candidate_spans_and_remaining_bytes_are_not_proven_code_data_classification
8013B000-771edb266f48d540b8614db21c54c0bd3ac8e11177fc41f69d03b7a679aa8be5,20480,0,7524,12956,0x0:0x4;0x1D68:0x5000,,candidate_spans_and_remaining_bytes_are_not_proven_code_data_classification
8013B000-772463a69635bc908ce1ead9dfba3a75e275184477303d9307ef4816741ef48e,20480,0,8412,12068,0x0:0x4;0x20E0:0x5000,,candidate_spans_and_remaining_bytes_are_not_proven_code_data_classification
8013B000-77396606b829555b7f35bd2bcf6b1e2ec30e2ba8eb3911c8e87dc2dab40e56c7,20480,0,4068,16412,0x0:0x4;0xFE8:0x5000,0x197C,candidate_spans_and_remaining_bytes_are_not_proven_code_data_classification
8013B000-77a25b62f4e32d68f5e226228d1d58127f4fb6e557418266de601cd2af4e9b61,20480,0,4840,15640,0x0:0x4;0x12EC:0x5000,,candidate_spans_and_remaining_bytes_are_not_proven_code_data_classification
8013B000-77d15e5b43a44cf9b11d02e27d65b1c159c0e5ac0e7e83288ecb8c24886f5791,20480,0,9164,11316,0x0:0x4;0x23D0:0x5000,,candidate_spans_and_remaining_bytes_are_not_proven_code_data_classification
8013B000-78073b43008c2af7c60357abebd2d7428ede6510d72912a497ce9477b553f169,20480,0,0,20480,0x0:0x5000,0x19F0,candidate_spans_and_remaining_bytes_are_not_proven_code_data_classification
8013B000-78789db8e409d4b9693f79e9e1caeeabf484a76ef85dc7b310ba45c51d65c4e2,20480,0,4160,16320,0x0:0x4;0x1044:0x5000,0x1DFC,candidate_spans_and_remaining_bytes_are_not_proven_code_data_classification
8013B000-787bdef8806864cf61b79dfec329d131581798d240f4b9aee93dc57d421ec102,20480,0,0,20480,0x0:0x5000,0x3CD8,candidate_spans_and_remaining_bytes_are_not_proven_code_data_classification
8013B000-78ac10c2ce7c6d51987ae92a1577e0bdb7ba1b509eba27d1d0fb783d23c57adf,20480,12568,0,7912,0x0:0x4;0x311C:0x5000,,candidate_spans_and_remaining_bytes_are_not_proven_code_data_classification
8013B000-790db77bcab6bae8e781b99cd383e2fa6fa9dace1033ac56202c5f6e6f1d1321,20480,15644,0,4836,0x0:0x4;0x3D20:0x5000,,candidate_spans_and_remaining_bytes_are_not_proven_code_data_classification
8013B000-79404aa1e575c1ee52f7705da312212c83facfc4ba977c36f479087454f70abf,20480,0,10312,10168,0x0:0x4;0x284C:0x5000,,candidate_spans_and_remaining_bytes_are_not_proven_code_data_classification
8013B000-795e9b4cc092a9984440db7aa8795a7b0982d8a6d4e2c99226bb04337eb15af1,20480,0,4160,16320,0x0:0x4;0x1044:0x5000,0x1DFC,candidate_spans_and_remaining_bytes_are_not_proven_code_data_classification
8013B000-7a1f0880b19dff556ddb4af29c68d635c25f11920a8724d728f1682f08af5666,20480,0,8188,12292,0x0:0x4;0x2000:0x5000,,candidate_spans_and_remaining_bytes_are_not_proven_code_data_classification
8013B000-7a21edf9756b25dfbfa2688984fae56e7567c93caaf7fda36aa3108ff4762202,20480,0,7884,12596,0x0:0x4;0x1ED0:0x5000,,candidate_spans_and_remaining_bytes_are_not_proven_code_data_classification
8013B000-7a3353a8ca444882aff843b255bce8dd2593aae8cff969e7116b69809ee847ac,20480,0,0,20480,0x0:0x5000,0x32A8,candidate_spans_and_remaining_bytes_are_not_proven_code_data_classification
8013B000-7a7b984824b2f3aed765708c524685cde68a0df53a7f5e097bdde33f8bc477c8,20480,0,8412,12068,0x0:0x4;0x20E0:0x5000,,candidate_spans_and_remaining_bytes_are_not_proven_code_data_classification
8013B000-7b0f2e5656b448a06c202c5d58240b3ffaaa12dbf5ee12a594cb2dfebe7d4846,20480,12100,0,8380,0x0:0x4;0x2F48:0x5000,,candidate_spans_and_remaining_bytes_are_not_proven_code_data_classification
8013B000-7b2156869cbf96693835808e81f483c8a47bbb6e681f2916eadf14f9c7ba0898,20480,0,0,20480,0x0:0x5000,0x2358,candidate_spans_and_remaining_bytes_are_not_proven_code_data_classification
8013B000-7b7a39f5697335a47965ff81b6ef9fe605bb89badb61e4ea571badc3f8a6d070,20480,0,5292,15188,0x0:0x4;0x14B0:0x5000,,candidate_spans_and_remaining_bytes_are_not_proven_code_data_classification
8013B000-7b95db844ee1fb4a1bb4e6e6da3de10fdd9994b5d4acda98a39fa2e8eb21f40c,20480,0,15032,5448,0x0:0x4;0x3ABC:0x5000,,candidate_spans_and_remaining_bytes_are_not_proven_code_data_classification
8013B000-7b9cf810e06e2648684f213a4957fcd74af4e42131d502bfed49a291f294e712,20480,0,3972,16508,0x0:0x4;0xF88:0x5000,,candidate_spans_and_remaining_bytes_are_not_proven_code_data_classification
8013B000-7bb112d7b5c88d341af917f500388c967fb74536566f6c58b5e81f9d6e728a83,20480,11720,0,8760,0x0:0x4;0x2DCC:0x5000,,candidate_spans_and_remaining_bytes_are_not_proven_code_data_classification
8013B000-7bb600d385b45a92b8ad2acee1f2c66a40284b10321df874427cec229ac91717,20480,0,10148,10332,0x0:0x4;0x27A8:0x5000,,candidate_spans_and_remaining_bytes_are_not_proven_code_data_classification
8013B000-7bd278dd95214abc7abc0586a63b072ecf53d15c6d122de746ab3475a92b3a68,20480,0,2584,17896,0x0:0x4;0xA1C:0x5000,,candidate_spans_and_remaining_bytes_are_not_proven_code_data_classification
8013B000-7c49f772dac05ca3f597b711bafa5899073663b8d2808c35bf576db55d6238c5,20480,0,4984,15496,0x0:0x4;0x137C:0x5000,,candidate_spans_and_remaining_bytes_are_not_proven_code_data_classification
8013B000-7c844020c5e63fadc4346b7da8887e0ae03c382b555bb222cd5d10a148693ccb,20480,0,0,20480,0x0:0x5000,0x3CD8,candidate_spans_and_remaining_bytes_are_not_proven_code_data_classification
8013B000-7d2858ba5924c89b19bcba06c14bb699e1b5c740ee550f6792eead3fe83dba86,20480,0,7508,12972,0x0:0x4;0x1D58:0x5000,,candidate_spans_and_remaining_bytes_are_not_proven_code_data_classification
8013B000-7d53912b595e251876286d6d23448ff8582ced621b1a731a6d4358e8206cc3be,20480,0,3824,16656,0x0:0x4;0xEF4:0x5000,,candidate_spans_and_remaining_bytes_are_not_proven_code_data_classification
8013B000-7d6d2abae41fb6a714628178621669331bdfbd5579c6d2f34a47418c67e5c95c,20480,0,6140,14340,0x0:0x4;0x1800:0x5000,,candidate_spans_and_remaining_bytes_are_not_proven_code_data_classification
8013B000-7e09ba3d20f18725413fbe56f9d61d5e78de228ed491fdb05c7cdd36a2507571,20480,0,7808,12672,0x0:0x4;0x1E84:0x5000,0x20D8,candidate_spans_and_remaining_bytes_are_not_proven_code_data_classification
8013B000-7eb3b7bc5775b7a21d2ca703d467b212de844f027311ee37d7e4aeadd0ad295d,20480,0,4704,15776,0x0:0x4;0x1264:0x5000,0x1358,candidate_spans_and_remaining_bytes_are_not_proven_code_data_classification
8013B000-7ed38cf0425bc33b59a9466a802243bf734b4efbc21f418cf62ec071818b0a33,20480,0,8412,12068,0x0:0x4;0x20E0:0x5000,,candidate_spans_and_remaining_bytes_are_not_proven_code_data_classification
8013B000-7f74d3cad4e561f830dc115f95bb6ced48247cf0de1339a86e80d85578f71d9b,20480,15584,0,4896,0x0:0x4;0x3CE4:0x5000,,candidate_spans_and_remaining_bytes_are_not_proven_code_data_classification
8013B000-7f85d2de7fd77f0d3ec02cc73f222a44ded0f3540337d6b59de4717b38c21f99,20480,0,3296,17184,0x0:0x4;0xCE4:0x5000,0x10CC;0x1BD4;0x1F80;0x2368;0x299C;0x30A8;0x33B4;0x3734;0x3A9C,candidate_spans_and_remaining_bytes_are_not_proven_code_data_classification
8013B000-8018d5a2e04e91eece18e36ab7080499f101d4dda73e770dda5ee7929f440e9f,20480,0,8836,11644,0x0:0x4;0x2288:0x5000,,candidate_spans_and_remaining_bytes_are_not_proven_code_data_classification
8013B000-8065ee759d02bf4d52f12a34491abe2d6a240fb6e6eb034cec6a7e6ca6d0bf97,20480,0,5860,14620,0x0:0x4;0x16E8:0x5000,0x1D14,candidate_spans_and_remaining_bytes_are_not_proven_code_data_classification
8013B000-807a314072b47fc78a2567b73a6430856d11a592f0c369f5888a035fb303600c,20480,0,7292,13188,0x0:0x4;0x1C80:0x5000,,candidate_spans_and_remaining_bytes_are_not_proven_code_data_classification
8013B000-8088f80ac4077dadb1af1cdb207eabea1975167eb18101414f381811c7de270c,20480,0,13600,6880,0x0:0x4;0x3524:0x5000,,candidate_spans_and_remaining_bytes_are_not_proven_code_data_classification
8013B000-80c516c6c22206c20acbf98ab57a81caeeb476248c4ae5a4965a9023018d6906,20480,0,8188,12292,0x0:0x4;0x2000:0x5000,,candidate_spans_and_remaining_bytes_are_not_proven_code_data_classification
8013B000-80c9e89acd510e2e73843c18adda81321be22ea3e3e85dcd881923bf424e7d40,20480,0,14360,6120,0x0:0x4;0x381C:0x5000,,candidate_spans_and_remaining_bytes_are_not_proven_code_data_classification
8013B000-815f1f57be12be2f25dee1351937900589e7cac41c10c7e7eb657e6f4498e184,20480,13712,0,6768,0x0:0x4;0x3594:0x5000,,candidate_spans_and_remaining_bytes_are_not_proven_code_data_classification
8013B000-81b37b9f3f96069a09826109b1c59ffee8b2fac5bdbae3edd59f3c89607fbb8c,20480,0,6772,13708,0x0:0x4;0x1A78:0x5000,0x23F0,candidate_spans_and_remaining_bytes_are_not_proven_code_data_classification
8013B000-81b735ea25de4a9dd8d389b1a72ad5f4c780b1cc91309c90c9ae1e73ee8990f0,20480,0,15292,5188,0x0:0x4;0x3BC0:0x5000,,candidate_spans_and_remaining_bytes_are_not_proven_code_data_classification
8013B000-81eae87b15cca90b4b2c10ad25875fdb2849a8b7994e64716ed0487e70623494,20480,0,8188,12292,0x0:0x4;0x2000:0x5000,,candidate_spans_and_remaining_bytes_are_not_proven_code_data_classification
8013B000-81eb63542db4821584686a56e079b7c2d2d301a43916281e3d051d1ecc51ddec,20480,0,0,20480,0x0:0x5000,0x2358,candidate_spans_and_remaining_bytes_are_not_proven_code_data_classification
8013B000-822df3ce769947d5cfb5aad1e0bbbac61fc7d4262d64e43312fcc672bc425ea6,20480,17308,0,3172,0x0:0x4;0x43A0:0x5000,,candidate_spans_and_remaining_bytes_are_not_proven_code_data_classification
8013B000-8250db481db318c3dff4fca79102e4dd4074d2fcce614398114e7cf682e34339,20480,0,6524,13956,0x0:0x4;0x1980:0x5000,,candidate_spans_and_remaining_bytes_are_not_proven_code_data_classification
8013B000-828713e7348a0192ad28a9c16c41c8d11822a71c19e08dbbd43f003387ab65e6,20480,0,9008,11472,0x0:0x4;0x2334:0x5000,,candidate_spans_and_remaining_bytes_are_not_proven_code_data_classification
8013B000-828af6614115aa6ab67f0faaec1e9eb1a85ac13b97ef9e397328ab26be223acf,20480,18532,0,1948,0x0:0x4;0x4868:0x5000,0x4CAC,candidate_spans_and_remaining_bytes_are_not_proven_code_data_classification
8013B000-82ca5c05497f275aaf87437fb08fc453cfffefae38386ed8def948e492d9894a,20480,0,9924,10556,0x0:0x4;0x26C8:0x5000,0x2DFC,candidate_spans_and_remaining_bytes_are_not_proven_code_data_classification
8013B000-834f194b6b0ae35c5b24496674c40bf4856f944ab1febaa7b1f499bf5c5d953b,20480,6320,0,14160,0x0:0x4;0x18B4:0x5000,,candidate_spans_and_remaining_bytes_are_not_proven_code_data_classification
8013B000-844307aa0acf6e129a136607e2637cb054679e54beb5ececc28c56d07e68a4c3,20480,13712,0,6768,0x0:0x4;0x3594:0x5000,,candidate_spans_and_remaining_bytes_are_not_proven_code_data_classification
8013B000-8453264b54daaa4b13a10c41a691c06292f732115e43453cad16406e815debfd,20480,0,6524,13956,0x0:0x4;0x1980:0x5000,0x3844,candidate_spans_and_remaining_bytes_are_not_proven_code_data_classification
8013B000-8496ca428ea144ad8098a3641cf8d79b5657c7d4bae9aca0e7f4c9810a10e857,20480,0,5004,15476,0x0:0x4;0x1390:0x5000,,candidate_spans_and_remaining_bytes_are_not_proven_code_data_classification
8013B000-84c6b88f3a95e0dd8b99a4cf660b2e40d7b84d091c8f14b893987fa1eb8553d2,20480,0,0,20480,0x0:0x5000,0x1F30,candidate_spans_and_remaining_bytes_are_not_proven_code_data_classification
8013B000-8556bb10a2fd92dbc66007c763291af28fc9a6ff64f4bcf6882f1a179e439573,20480,0,0,20480,0x0:0x5000,0x32A8,candidate_spans_and_remaining_bytes_are_not_proven_code_data_classification
8013B000-8585c930821046b75e4d53028fa948f2f90c7f22135deda29d3d7683282549c6,20480,0,7524,12956,0x0:0x4;0x1D68:0x5000,0x2C5C,candidate_spans_and_remaining_bytes_are_not_proven_code_data_classification
8013B000-859ed450c9c60d77ef1f8f97d13c989b6e44aee381ab2ab8983f8a0bf8d83495,20480,0,7060,13420,0x0:0x4;0x1B98:0x5000,,candidate_spans_and_remaining_bytes_are_not_proven_code_data_classification
8013B000-85b81d48bdb106a838220e65d281144b0f5da2a590790bc006d8559f99a50c58,20480,0,2904,17576,0x0:0x4;0xB5C:0x5000,0x10B4,candidate_spans_and_remaining_bytes_are_not_proven_code_data_classification
8013B000-85e585215203613ab75b647b0a3c42e8f364254468df49d7bc8fff56ec671736,20480,0,6196,14284,0x0:0x4;0x1838:0x5000,0x2FB8,candidate_spans_and_remaining_bytes_are_not_proven_code_data_classification
8013B000-8607f6a8504ec57971b79e65dbe65e12e64e55a4e1303b7577ab3f115434c103,20480,0,2584,17896,0x0:0x4;0xA1C:0x5000,,candidate_spans_and_remaining_bytes_are_not_proven_code_data_classification
8013B000-8610e0d9ab808a8f15b9ed5c6841a8a58af9675d730d89f7ed26ec305d7392ab,20480,0,6420,14060,0x0:0x4;0x1918:0x5000,,candidate_spans_and_remaining_bytes_are_not_proven_code_data_classification
8013B000-864dcf6d2cac9db46d286895c2ff27134ab9bdf83ec89698f4bec1ffbedddb0f,20480,0,10312,10168,0x0:0x4;0x284C:0x5000,,candidate_spans_and_remaining_bytes_are_not_proven_code_data_classification
8013B000-865e48af78e8d0d72d67f65cb162151825651952846225d2db8461c313e03c5b,20480,0,5836,14644,0x0:0x4;0x16D0:0x5000,,candidate_spans_and_remaining_bytes_are_not_proven_code_data_classification
8013B000-8685805ea015f9aa2e2ced2ce483b506633547ec37c4d46216c8040fe828b4db,20480,0,0,20480,0x0:0x5000,0x4ADC,candidate_spans_and_remaining_bytes_are_not_proven_code_data_classification
8013B000-86ea091fc22bea18c83f92fc2ea9a85819c0a8346803fca83580ae1471c4039f,20480,0,7172,13308,0x0:0x4;0x1C08:0x5000,0x32E4,candidate_spans_and_remaining_bytes_are_not_proven_code_data_classification
8013B000-8769a96f14bac63818b64db53aea84f581490f6566d97f9741ba27ddcf5d0ed7,20480,0,5340,15140,0x0:0x4;0x10B4:0x3520;0x394C:0x5000,0x18C4;0x2178;0x26D8;0x3008;0x3518,candidate_spans_and_remaining_bytes_are_not_proven_code_data_classification
8013B000-876e673a1b767de61496a51b23bab6f6c85cb3a96a888e5fea3f8890d8aa09d5,20480,12212,0,8268,0x0:0x4;0x2FB8:0x5000,,candidate_spans_and_remaining_bytes_are_not_proven_code_data_classification
8013B000-878b52cbdfc657f5045048b7d86ea2b30645c1c40e50ffb5c98e8ace0d40cf34,20480,0,4412,16068,0x0:0x4;0x1140:0x5000,0x13D4,candidate_spans_and_remaining_bytes_are_not_proven_code_data_classification
8013B000-87df6bd79a1114ccba97f5928d41619664bf3c1a0528557286078f92b8d0f110,20480,0,6700,13780,0x0:0x4;0x1A30:0x5000,,candidate_spans_and_remaining_bytes_are_not_proven_code_data_classification
8013B000-88680433e201ade4db7b8c132e4743f7970724aa3d19cd86d5ad41609b31a013,20480,0,0,20480,0x0:0x5000,0x3CD8,candidate_spans_and_remaining_bytes_are_not_proven_code_data_classification
8013B000-88a0cd652bae2df03949645b1a95ec22a2633f3d447ac3c84234c9f1557fe77d,20480,0,0,20480,0x0:0x5000,0x2F68,candidate_spans_and_remaining_bytes_are_not_proven_code_data_classification
8013B000-8927e3d3bfce9646da4ca917b60e791a215cbc4fcb39e8a6a2e3bb524b298e7e,20480,0,0,20480,0x0:0x5000,0xE40;0x1204,candidate_spans_and_remaining_bytes_are_not_proven_code_data_classification
8013B000-896fdd64b50eeb0c54352643112c1b85cfeca85f313ba6afa23aa964ab0f90c5,20480,0,6488,13992,0x0:0x4;0x195C:0x5000,0x328C,candidate_spans_and_remaining_bytes_are_not_proven_code_data_classification
8013B000-89783c235847eb1360387233ebc6cc384c6bfe85fc86dcb50ebeb01c0b94e162,20480,0,10092,10388,0x0:0x4;0x2770:0x5000,,candidate_spans_and_remaining_bytes_are_not_proven_code_data_classification
8013B000-898c3d66e4bb9657cee4776c6455f75adec4574ef354c61091c7d9efe04e221d,20480,0,3092,17388,0x0:0x4;0xC18:0x5000,,candidate_spans_and_remaining_bytes_are_not_proven_code_data_classification
8013B000-89e4640b0a685d400830e01a5110e9881c4fd7456369b7d6880fd28a9be92d7d,20480,0,3296,17184,0x0:0x4;0xCE4:0x5000,0x1260;0x19AC;0x1E94;0x2408;0x271C;0x2A9C;0x2E04,candidate_spans_and_remaining_bytes_are_not_proven_code_data_classification
8013B000-8a2044895305a84fc5d7b148c54a29461f1827637f1bac3485f387ed1c5e4644,20480,0,0,20480,0x0:0x5000,0x22A4,candidate_spans_and_remaining_bytes_are_not_proven_code_data_classification
8013B000-8a47b14cfbbc2d2512bbf6106573242b6d0c955843204bb13725e43192c2b5a1,20480,0,0,20480,0x0:0x5000,0x19F0;0x43E4;0x4C1C,candidate_spans_and_remaining_bytes_are_not_proven_code_data_classification
8013B000-8a50f9a16a19335dd7ad6c1b51cb1388b6d282e6a67cdee2f29180c7a8a1eec2,20480,0,7524,12956,0x0:0x4;0x1D68:0x5000,0x2C5C,candidate_spans_and_remaining_bytes_are_not_proven_code_data_classification
8013B000-8a62816f41a3fcf82042b92a02fa609d02ce99fa11b955d2bff6d81460f21931,20480,2384,0,18096,0x0:0x4;0x954:0x5000,0xE2C,candidate_spans_and_remaining_bytes_are_not_proven_code_data_classification
8013B000-8b2eb745fbb9117b9620d937aea9f7c8c3d6e304a2fba06a36b61b3f482d58b2,20480,0,7564,12916,0x0:0x4;0x1D90:0x5000,,candidate_spans_and_remaining_bytes_are_not_proven_code_data_classification
8013B000-8b42f17fe43d8d5fa0208d32430c22e8dd3a2b3a77d12c18f323885425420aec,20480,0,4568,15912,0x0:0x4;0x11DC:0x5000,,candidate_spans_and_remaining_bytes_are_not_proven_code_data_classification
8013B000-8b7cfad64c980a0a717971d3ac641409d2d8a5adedbac665802642164368763c,20480,0,4984,15496,0x0:0x4;0x137C:0x5000,0x3784,candidate_spans_and_remaining_bytes_are_not_proven_code_data_classification
8013B000-8b95385772ead2dfde12a52ecd9c9cc166a7c03193222a7f41c349d6794afb78,20480,17732,0,2748,0x0:0x4;0x4548:0x5000,,candidate_spans_and_remaining_bytes_are_not_proven_code_data_classification
8013B000-8bcbd6eef99dfd31dd5017a605fb72ff086d4329d4153821d668b61ed6d1864c,20480,0,8968,11512,0x0:0x4;0x230C:0x5000,,candidate_spans_and_remaining_bytes_are_not_proven_code_data_classification
8013B000-8bfbbd58e6b352a2dd067c3e6a94fe16b8e7084a4172a7610b9f2cd2815745a4,20480,0,6940,13540,0x0:0x4;0x1B20:0x5000,,candidate_spans_and_remaining_bytes_are_not_proven_code_data_classification
8013B000-8c0b74e29909ad05def12fe2b573ea4497eef73d9921dd67f960e97f5a697b78,20480,0,3764,16716,0x0:0x4;0xEB8:0x5000,,candidate_spans_and_remaining_bytes_are_not_proven_code_data_classification
8013B000-8ca94049f29d40b51f6f283d82bd58c7591ab814baed2869145318c5d37cd07a,20480,0,3296,17184,0x0:0x4;0xCE4:0x5000,0x16A0,candidate_spans_and_remaining_bytes_are_not_proven_code_data_classification
8013B000-8d2d0aaa0ce403e2405b02d9945ff2a7794aff601ccd54e8b4510308711529ad,20480,0,6700,13780,0x0:0x4;0x1A30:0x5000,,candidate_spans_and_remaining_bytes_are_not_proven_code_data_classification
8013B000-8d703d0beecc839c14236556f086d6ef93733887ed66d8baf248e0d48b5c0ee0,20480,0,3552,16928,0x0:0x4;0xDE4:0x5000,,candidate_spans_and_remaining_bytes_are_not_proven_code_data_classification
8013B000-8da51e548a5f3b93d64005cbf44aaa7dfbe53242a6d984e20833cafcda8ec312,20480,0,6204,14276,0x0:0x4;0x1840:0x5000,0x2914,candidate_spans_and_remaining_bytes_are_not_proven_code_data_classification
8013B000-8dd72fef29d2d986a503c105531dac2602d6baae4c903f3ea9f2342a307d1e56,20480,0,7148,13332,0x0:0x4;0x1BF0:0x5000,0x32D8,candidate_spans_and_remaining_bytes_are_not_proven_code_data_classification
8013B000-8ded7632128fa9d230555808545a0ba1a74515fd113f05b3089afbe06c437db8,20480,0,9132,11348,0x0:0x4;0x23B0:0x5000,,candidate_spans_and_remaining_bytes_are_not_proven_code_data_classification
8013B000-8e0a1292e85ec9e87edcada8dd41a6f3ce414155a7e6d0c924369fc029974787,20480,0,0,20480,0x0:0x5000,0x3590,candidate_spans_and_remaining_bytes_are_not_proven_code_data_classification
8013B000-8e2f9b167243544a0115addf8917f85d8dd69bc2ed6cf9fb971c2e3c8f0e3729,20480,11604,0,8876,0x0:0x4;0x2D58:0x5000,,candidate_spans_and_remaining_bytes_are_not_proven_code_data_classification
8013B000-8e6579213317ec239073538e254a450d8c5cf362eec6c8899194a9e208bda8e8,20480,0,10904,9576,0x0:0x4;0x2A9C:0x5000,0x326C,candidate_spans_and_remaining_bytes_are_not_proven_code_data_classification
8013B000-8e74878dfd020f0323501bc29d4cd6179a8c2c7c9f31febe97ab9f6bb588c98c,20480,0,6420,14060,0x0:0x4;0x1918:0x5000,,candidate_spans_and_remaining_bytes_are_not_proven_code_data_classification
8013B000-8e82ced371e0d6d812aeb88645d7507f3a9c910a1beacc67493f8efda0684982,20480,0,0,20480,0x0:0x5000,0x32A8,candidate_spans_and_remaining_bytes_are_not_proven_code_data_classification
8013B000-8eb5758ea988bf5f5c555e741a9c3d1ee1de700ae21ac26c0ae1fc10ebdde004,20480,0,6900,13580,0x0:0x4;0x1AF8:0x5000,,candidate_spans_and_remaining_bytes_are_not_proven_code_data_classification
8013B000-8f0c1843d726527740f4952ee65c015ef31eab1e47ecf4eff792004ca3d8bd56,20480,0,9164,11316,0x0:0x4;0x23D0:0x5000,,candidate_spans_and_remaining_bytes_are_not_proven_code_data_classification
8013B000-8f2267ec51184784fe7b3f02a62782b615aac18ef854a43efa7bb5c711186f66,20480,0,4180,16300,0x0:0x4;0x1058:0x5000,,candidate_spans_and_remaining_bytes_are_not_proven_code_data_classification
8013B000-8f4149fd24a93fc6850c169a9a35537060c7fca48aa9d43953ee24fcdcf25219,20480,0,3796,16684,0x0:0x4;0xED8:0x5000,,candidate_spans_and_remaining_bytes_are_not_proven_code_data_classification
8013B000-8f545b52e5a22e50ad1aa5987511697077f28f1e2adbd929ce37c2edbfd3f240,20480,8024,0,12456,0x0:0x4;0x1F5C:0x5000,,candidate_spans_and_remaining_bytes_are_not_proven_code_data_classification
8013B000-8fbe7c6a1fef2467659c65825dfcbf839446dfaec6e3d31991aafba952c3567a,20480,0,0,20480,0x0:0x5000,0x4BC8,candidate_spans_and_remaining_bytes_are_not_proven_code_data_classification
8013B000-9080eaf620ce99bbcd431aa4c6bcab1f2f20f78b18f3f18ef61f16941d051a41,20480,0,0,20480,0x0:0x5000,0x44A4,candidate_spans_and_remaining_bytes_are_not_proven_code_data_classification
8013B000-909cae8dee30963894e24d827d7d13980d53e732ca3c9a5114309afd6216c504,20480,0,9260,11220,0x0:0x4;0x2430:0x5000,,candidate_spans_and_remaining_bytes_are_not_proven_code_data_classification
8013B000-90ca763479217b8768cfc1d63374eb18153262f6e23db4687a535a57d527c557,20480,0,0,20480,0x0:0x5000,0x1348,candidate_spans_and_remaining_bytes_are_not_proven_code_data_classification
8013B000-90e16c67cb8900ded676719e58810822ceab6ae6cbea70127b799f2f484ce5ae,20480,11404,0,9076,0x0:0x4;0x2C90:0x5000,,candidate_spans_and_remaining_bytes_are_not_proven_code_data_classification
8013B000-90f4b797ecb053c12dc29ac616744b7155494fc61d4e577bcd23dc3a9fdf76c6,20480,0,6716,13764,0x0:0x4;0x1A40:0x5000,0x1E04;0x2390;0x2E6C;0x4004,candidate_spans_and_remaining_bytes_are_not_proven_code_data_classification
8013B000-9143c2a32c062ade13f82d0915b9b61652f83df4f4aaae88a2d2ec88d622cbe4,20480,0,7752,12728,0x0:0x4;0x1E4C:0x5000,,candidate_spans_and_remaining_bytes_are_not_proven_code_data_classification
8013B000-9169f130737eca9c65908de2ee64c68833861b91e90c28b9ef594d053103493b,20480,10440,0,10040,0x0:0x4;0x28CC:0x5000,,candidate_spans_and_remaining_bytes_are_not_proven_code_data_classification
8013B000-9179dcda7e800be4cc9e353709858c5f18e05ea71d066bcff34f69e200445acb,20480,11572,0,8908,0x0:0x4;0x2D38:0x5000,,candidate_spans_and_remaining_bytes_are_not_proven_code_data_classification
8013B000-917e211577dbfbc70d1d7d61d8752fec898d3f999395031fa95f584d25a7db1d,20480,9992,0,10488,0x0:0x4;0x270C:0x5000,,candidate_spans_and_remaining_bytes_are_not_proven_code_data_classification
8013B000-9207519007891b79215ba4bdcc0e243ef0b9df2867c221f7cd4d8ea8d7dcd6d6,20480,0,0,20480,0x0:0x5000,0x1F6C,candidate_spans_and_remaining_bytes_are_not_proven_code_data_classification
8013B000-92244ca494605c76c51749aa56f8466f3e4fc03d64d64f3041f373ad9286ac49,20480,0,3144,17336,0x0:0x4;0xC4C:0x5000,,candidate_spans_and_remaining_bytes_are_not_proven_code_data_classification
8013B000-92f3bfde96ea59a253aced4cb76da1f9ccdb852c130c4714f1a4b70942ec2fc2,20480,0,9140,11340,0x0:0x4;0x23B8:0x5000,,candidate_spans_and_remaining_bytes_are_not_proven_code_data_classification
8013B000-932a64acfc2ddae5dc60fd7b5c4622d52dcaf17ab347f5c12cc96d3070cc28c4,20480,0,0,20480,0x0:0x5000,0x1348,candidate_spans_and_remaining_bytes_are_not_proven_code_data_classification
8013B000-935444931bfd25400ec401ca2183b38f514a22e651e917e75c41396b5e01c6b9,20480,0,6524,13956,0x0:0x4;0x1980:0x5000,0x3844,candidate_spans_and_remaining_bytes_are_not_proven_code_data_classification
8013B000-936da6759a156a2b555c85453d35bd33a3b61969dbd73884f66a120d9631dc3a,20480,0,6708,13772,0x0:0x4;0x1A38:0x5000,,candidate_spans_and_remaining_bytes_are_not_proven_code_data_classification
8013B000-93801e1e3880e026bc1d297f0979d90e198ee6d4ab9e9f4fbcbe4c2e13375d46,20480,0,0,20480,0x0:0x5000,0x19F0,candidate_spans_and_remaining_bytes_are_not_proven_code_data_classification
8013B000-942ff4cfc89d16eeae6c64df0b1668e4f965e77e2db09204b7f6697f2f01bb20,20480,0,0,20480,0x0:0x5000,0x2358,candidate_spans_and_remaining_bytes_are_not_proven_code_data_classification
8013B000-94307919ee480ff9ad97eece8ff0bec7374e453c8fdc242ea9b026dc53209176,20480,0,0,20480,0x0:0x5000,0x3CD8,candidate_spans_and_remaining_bytes_are_not_proven_code_data_classification
8013B000-9441173d7f7eb3d467f253852a81a0083d60056bada109b6ad2b168a33c8b21e,20480,0,5660,14820,0x0:0x4;0x1620:0x5000,,candidate_spans_and_remaining_bytes_are_not_proven_code_data_classification
8013B000-9448ee3ab30bc3a1d86185b37407dc442157ace9af94f3a583523f5efbba058a,20480,0,0,20480,0x0:0x5000,0x3F90,candidate_spans_and_remaining_bytes_are_not_proven_code_data_classification
8013B000-94888beeb71687685543001149c82b7a6546ff44c8c97328c0c871900d5fd9a3,20480,0,0,20480,0x0:0x5000,0x1F30,candidate_spans_and_remaining_bytes_are_not_proven_code_data_classification
8013B000-94b7bc0a1dd19007a32a884f8a46ef6f4aaa62b578a2c61c398309a97f032e4f,20480,0,0,20480,0x0:0x5000,0x3590,candidate_spans_and_remaining_bytes_are_not_proven_code_data_classification
8013B000-95069f1bad72d406f1226b4a93cc7367da64423e7f86758947bc3a517d01cd1f,20480,0,8412,12068,0x0:0x4;0x20E0:0x5000,,candidate_spans_and_remaining_bytes_are_not_proven_code_data_classification
8013B000-9508a088b1564d78320ebcc73f3cc49e2e268e61b825f006cb1e74e95b3955d7,20480,0,0,20480,0x0:0x5000,0x4DC4,candidate_spans_and_remaining_bytes_are_not_proven_code_data_classification
8013B000-9561dc49df71a31b43ff45ba89368a5f3d963894bf42457b84aedb0cacdb1e2f,20480,0,2964,17516,0x0:0x4;0xB98:0x5000,0x1470,candidate_spans_and_remaining_bytes_are_not_proven_code_data_classification
8013B000-95789f81a6cb2935270ae36af0f7268806875b0a831277ebacea22dffa5ad531,20480,0,6572,13908,0x0:0x4;0x19B0:0x5000,0x2DCC,candidate_spans_and_remaining_bytes_are_not_proven_code_data_classification
8013B000-95dd1cca2b8b7d530c58ca48bbd7278b39756a45a8eac499b98a39e3ab744e6a,20480,0,11364,9116,0x0:0x4;0x2C68:0x5000,,candidate_spans_and_remaining_bytes_are_not_proven_code_data_classification
8013B000-968235e5b39bb7ee787d142085b83d06e8117459b41e5406eceb0b77ad197b67,20480,0,4260,16220,0x0:0x4;0x10A8:0x5000,0x20B8,candidate_spans_and_remaining_bytes_are_not_proven_code_data_classification
8013B000-968ad7880154e094fd182993f40fe5a1950ecb16f360db23d5771301c32f1b22,20480,0,7752,12728,0x0:0x4;0x1E4C:0x5000,,candidate_spans_and_remaining_bytes_are_not_proven_code_data_classification
8013B000-96bad9ad60faa6199be86cb782d07cbf2bf36c31abcf58a1f9d004236ed24946,20480,0,6708,13772,0x0:0x4;0x1A38:0x5000,,candidate_spans_and_remaining_bytes_are_not_proven_code_data_classification
8013B000-9726302d22eae9594338e1a03850d3af4f13ed1c9d73b79deba99470573734a8,20480,0,3592,16888,0x0:0x4;0xE0C:0x5000,0x11E4;0x1730;0x1E04;0x2390;0x2E6C;0x4004,candidate_spans_and_remaining_bytes_are_not_proven_code_data_classification
8013B000-97595d5e9e6973f5233ac41b29769ca51bc00c0e313c5c92f45d936030d5d877,20480,0,4436,16044,0x0:0x4;0x1158:0x5000,,candidate_spans_and_remaining_bytes_are_not_proven_code_data_classification
8013B000-978887603f1d8a7042b5db2c47ba02b08401c5bfa0bd1d4a3e1c7879cdf0b07a,20480,10440,0,10040,0x0:0x4;0x28CC:0x5000,,candidate_spans_and_remaining_bytes_are_not_proven_code_data_classification
8013B000-9791430d4a7d2168149940b790a2bd4f10bf89cbac23ea68f3300f3f3637476d,20480,0,6488,13992,0x0:0x4;0x195C:0x5000,0x328C,candidate_spans_and_remaining_bytes_are_not_proven_code_data_classification
8013B000-97ebed23ccf84ea184571ecec410fb8c1c17dae00d09cb295a4c081cd55ad9cf,20480,0,18816,1664,0x0:0x4;0x4984:0x5000,,candidate_spans_and_remaining_bytes_are_not_proven_code_data_classification
8013B000-980a0c733939f9908b16b655aa0f782576baf0dbaa375849d488b6f257ff473a,20480,0,0,20480,0x0:0x5000,0xE40;0x1204,candidate_spans_and_remaining_bytes_are_not_proven_code_data_classification
8013B000-98744c723980dde8406e1d520b543512d6fb7d2bfed3e6d494ff5b4a623a035c,20480,6320,0,14160,0x0:0x4;0x18B4:0x5000,,candidate_spans_and_remaining_bytes_are_not_proven_code_data_classification
8013B000-987c33285872275c0b5fbbf49117e942cba7dd833be41d32be086c70977ef006,20480,0,6816,13664,0x0:0x4;0x1AA4:0x5000,,candidate_spans_and_remaining_bytes_are_not_proven_code_data_classification
8013B000-98b001f98b364da0df0390c607ce645c6441f80760551d53131d9bba3c6b2ebf,20480,0,15720,4760,0x0:0x4;0x3D6C:0x5000,,candidate_spans_and_remaining_bytes_are_not_proven_code_data_classification
8013B000-98c28c6f92b6337847f12b1844d311fe89945c27c6ff4522e50b600fb99369bd,20480,11604,0,8876,0x0:0x4;0x2D58:0x5000,,candidate_spans_and_remaining_bytes_are_not_proven_code_data_classification
8013B000-98ce45955cb134f0be8962a2f31de9c8576bba75fe383bc101d3304bc8afb120,20480,0,0,20480,0x0:0x5000,0x32A8,candidate_spans_and_remaining_bytes_are_not_proven_code_data_classification
8013B000-98d038e396b1146d9b463bed92f438fc28e4aea45afc059969cc7ea716981562,20480,0,0,20480,0x0:0x5000,0x19F0,candidate_spans_and_remaining_bytes_are_not_proven_code_data_classification
8013B000-98db30c169b86f01421333e7472d1bbda3b04e152166e6703ada2c684401f3d5,20480,0,9208,11272,0x0:0x4;0x23FC:0x5000,,candidate_spans_and_remaining_bytes_are_not_proven_code_data_classification
8013B000-990cb4800796056635961e05541a6950290d99c4f9b51b1381982bfc72d4d9dc,20480,0,0,20480,0x0:0x5000,0xE40,candidate_spans_and_remaining_bytes_are_not_proven_code_data_classification
8013B000-99452abe45adef1cf375312298e762a55e22dcde342b2fb49aa7f5b6fd8f1158,20480,0,10052,10428,0x0:0x4;0x2748:0x5000,,candidate_spans_and_remaining_bytes_are_not_proven_code_data_classification
8013B000-998d8c02f5c5799d7bb2ef1fa6f5f4ae1701bab2fdb00bef7c4430d411020c20,20480,0,13600,6880,0x0:0x4;0x3524:0x5000,,candidate_spans_and_remaining_bytes_are_not_proven_code_data_classification
8013B000-99ceb082412ec9cb4eba3ee11d8eb6f4a496261f40af0abd8b025978ebb34d14,20480,0,2584,17896,0x0:0x4;0xA1C:0x5000,0x1284,candidate_spans_and_remaining_bytes_are_not_proven_code_data_classification
8013B000-9a0aa94320fb930f8e564d90bf6531eaa3884075e0b8d96eaa75cea84fc6b1e7,20480,0,7608,12872,0x0:0x4;0x1DBC:0x5000,,candidate_spans_and_remaining_bytes_are_not_proven_code_data_classification
8013B000-9a2769c0c5661eb146ba3abddf7c6ef26bc026d4701ae4c6ffa379855e4e4177,20480,2384,0,18096,0x0:0x4;0x954:0x5000,0xE2C,candidate_spans_and_remaining_bytes_are_not_proven_code_data_classification
8013B000-9a5c957d0a77692b9f66a68161abad8c947fac574b5eb3338e977ebbd663fed5,20480,0,3592,16888,0x0:0x4;0xE0C:0x5000,,candidate_spans_and_remaining_bytes_are_not_proven_code_data_classification
8013B000-9a885ae0334c644ba4e97a5a798e8a906e9ef8e903e4ac4ceedb856c7874f467,20480,0,7564,12916,0x0:0x4;0x1D90:0x5000,,candidate_spans_and_remaining_bytes_are_not_proven_code_data_classification
8013B000-9a99535c1985f181a3e610e3864e1c7493c3b920e5ead06a2a926315d1ef4ec1,20480,0,0,20480,0x0:0x5000,0x19F0,candidate_spans_and_remaining_bytes_are_not_proven_code_data_classification
8013B000-9ad7e1127bca4eefc552c26f3241bf3e7816fc805f06c42466315354b2083757,20480,0,9740,10740,0x0:0x4;0x2610:0x5000,,candidate_spans_and_remaining_bytes_are_not_proven_code_data_classification
8013B000-9b2525afbb382116415ce3c8b7710e6688e4b2b7f307f73b47090c685fa481c3,20480,0,4160,16320,0x0:0x4;0x1044:0x5000,0x1ABC,candidate_spans_and_remaining_bytes_are_not_proven_code_data_classification
8013B000-9b6d7e327e0c3a507e31a516525660fa2faca3f368ec8f49fcf49a48ac8f7397,20480,0,6196,14284,0x0:0x4;0x1838:0x5000,0x2FB8,candidate_spans_and_remaining_bytes_are_not_proven_code_data_classification
8013B000-9b9038de3e56571493c0dc81247c7e06dbc9e19facc69d9c9d0ee6ddb82df89f,20480,0,0,20480,0x0:0x5000,0x32A8,candidate_spans_and_remaining_bytes_are_not_proven_code_data_classification
8013B000-9bc2d402ac22a6a3d8ac2b4732b390296a659c04e8b058a154507f8cecd1edbb,20480,0,11156,9324,0x0:0x4;0x2B98:0x5000,,candidate_spans_and_remaining_bytes_are_not_proven_code_data_classification
8013B000-9bc4dfe9b87c47f37f44efc3164391efb8138d0ec8e8a88e4a0b3c5dbf5e4439,20480,0,6196,14284,0x0:0x4;0x1838:0x5000,,candidate_spans_and_remaining_bytes_are_not_proven_code_data_classification
8013B000-9bdc330f94bb357a895561eafad6869eee70d22911c4a9c1053ada8e0a17af65,20480,0,6196,14284,0x0:0x4;0x1838:0x5000,,candidate_spans_and_remaining_bytes_are_not_proven_code_data_classification
8013B000-9cab4bb494879ea6073cfa623e90db92b588b65fb878252b88eb6655bae9b264,20480,0,6036,14444,0x0:0x4;0x1798:0x5000,,candidate_spans_and_remaining_bytes_are_not_proven_code_data_classification
8013B000-9cb7a510d9b9dde57e965b3e58a74e16ae938f3d2c67d71721d766bc22be7b0b,20480,11952,0,8528,0x0:0x4;0x2EB4:0x5000,,candidate_spans_and_remaining_bytes_are_not_proven_code_data_classification
8013B000-9cbaac0b5b3c7cc8c2cb94edc1fc5ba1d0904b84d949fef2624b394190b23d9f,20480,0,0,20480,0x0:0x5000,0x32A8,candidate_spans_and_remaining_bytes_are_not_proven_code_data_classification
8013B000-9cbff628174aa95d3db6cd33a2e93ab5cb7e05d0b8d2ef9b9633bd79ec563d45,20480,0,2964,17516,0x0:0x4;0xB98:0x5000,0x1470,candidate_spans_and_remaining_bytes_are_not_proven_code_data_classification
8013B000-9d2ef81f37b1badf774aff6fa465f73795a134645050ac2b94fb974e47aa0511,20480,0,6940,13540,0x0:0x4;0x1B20:0x5000,,candidate_spans_and_remaining_bytes_are_not_proven_code_data_classification
8013B000-9d36164029a0c7c1f32734913f58703a702ab9ed7f1566c9bbeacde3cb6c04c8,20480,0,4980,15500,0x0:0x4;0x1378:0x5000,0x2078,candidate_spans_and_remaining_bytes_are_not_proven_code_data_classification
8013B000-9d434578ee11c91f111ce4493772727dd64d348029f3a06f7f684805d52d1400,20480,0,6708,13772,0x0:0x4;0x1A38:0x5000,,candidate_spans_and_remaining_bytes_are_not_proven_code_data_classification
8013B000-9d4717307a543dcac1263e2609c1348c4645433eb9fafb972bc8a78e5f288f2d,20480,0,8188,12292,0x0:0x4;0x2000:0x5000,0x2830,candidate_spans_and_remaining_bytes_are_not_proven_code_data_classification
8013B000-9d574340e2971f49ee3efa5d7219a22b3bdeb5c54da28db7adf4b116c0dc17aa,20480,0,15292,5188,0x0:0x4;0x3BC0:0x5000,,candidate_spans_and_remaining_bytes_are_not_proven_code_data_classification
8013B000-9d67cf30b604b42fd4521ed213bfc57be3d72a852ac34ea3061b968282e6f95a,20480,0,8412,12068,0x0:0x4;0x20E0:0x5000,,candidate_spans_and_remaining_bytes_are_not_proven_code_data_classification
8013B000-9e0b8c37fd390118b2a64108ed0007c3885717198c115b9b3f341e90782f8b58,20480,0,8676,11804,0x0:0x4;0x21E8:0x5000,0x4C1C,candidate_spans_and_remaining_bytes_are_not_proven_code_data_classification
8013B000-9e7469410ebcf1f9043b5e65d0b44f62186cd69f3ffc73aedded9a10b6f4a71e,20480,0,10672,9808,0x0:0x4;0x29B4:0x5000,,candidate_spans_and_remaining_bytes_are_not_proven_code_data_classification
8013B000-9eaf861109c1f32788aaa943c0f6176c41fdde0dbd84af31d946ea62f3ea632e,20480,0,2584,17896,0x0:0x4;0xA1C:0x5000,0x1284,candidate_spans_and_remaining_bytes_are_not_proven_code_data_classification
8013B000-9eb3a896c0de93396e0d5ff6ba331bd61923ecf15ae32cfdf3e63110ceb422d7,20480,0,0,20480,0x0:0x5000,0x3F90,candidate_spans_and_remaining_bytes_are_not_proven_code_data_classification
8013B000-9ec3add461ff2bdfaf2315928273c2202d74124df6d9a0a86793ddb2915fa47b,20480,0,7748,12732,0x0:0x4;0x1E48:0x5000,0x21D8,candidate_spans_and_remaining_bytes_are_not_proven_code_data_classification
8013B000-9edb2b889fb7aa949724658499510018e9a1b4155a758f66d945c8bc8623d55c,20480,0,8412,12068,0x0:0x4;0x20E0:0x5000,,candidate_spans_and_remaining_bytes_are_not_proven_code_data_classification
8013B000-9f5065b8122a17ddcc7b75c04b1e5c7dd6799cbaab44101441befc4f95752cde,20480,0,5820,14660,0x0:0x4;0x16C0:0x5000,,candidate_spans_and_remaining_bytes_are_not_proven_code_data_classification
8013B000-9f56909772e71048eed01cbecf312a9d07d3ee3f38b3797e40bf58a095500ce9,20480,0,7644,12836,0x0:0x4;0x1DE0:0x5000,,candidate_spans_and_remaining_bytes_are_not_proven_code_data_classification
8013B000-9f81515d7d407e90d8061836e0ac4ee44a848814ba6f0956bf8feb15a7fed8b0,20480,0,6196,14284,0x0:0x4;0x1838:0x5000,,candidate_spans_and_remaining_bytes_are_not_proven_code_data_classification
8013B000-9faafcbb5844343c3cf36208d441728ea309db2baa9dbe7338e1e5b7740b8bd6,20480,0,0,20480,0x0:0x5000,0xE40;0x1204,candidate_spans_and_remaining_bytes_are_not_proven_code_data_classification
8013B000-9fcecf175b5bebff6bb22b666182500d6721f0bf1a3a0c0abe08d7ca5599cf59,20480,0,2584,17896,0x0:0x4;0xA1C:0x5000,,candidate_spans_and_remaining_bytes_are_not_proven_code_data_classification
8013B000-9fddd25d858badc21294a4ce7451c567b8ef341438b5dd742decff6249cb2165,20480,0,0,20480,0x0:0x5000,0x3590,candidate_spans_and_remaining_bytes_are_not_proven_code_data_classification
8013B000-a017fc6c664f4e0f8bac49feb8a711849c12a9e4d8f41b7740646d93c86def09,20480,0,2584,17896,0x0:0x4;0xA1C:0x5000,0x1284,candidate_spans_and_remaining_bytes_are_not_proven_code_data_classification
8013B000-a044557e767e3c0ca2979d8929a69d5c708b14f56a377135bdbb19194a0cac64,20480,0,4160,16320,0x0:0x4;0x1044:0x5000,0x1DFC,candidate_spans_and_remaining_bytes_are_not_proven_code_data_classification
8013B000-a08af12f0684f736fdd11d5f036dcedd3dd4f7d023cc1966bc2d0fd11090f340,20480,0,8724,11756,0x0:0x4;0x2218:0x5000,0x2454,candidate_spans_and_remaining_bytes_are_not_proven_code_data_classification
8013B000-a0deb5dbfbfc5e39f772456a998922549e3c889616b2f9c52c1eee59d72f40bf,20480,0,15292,5188,0x0:0x4;0x3BC0:0x5000,,candidate_spans_and_remaining_bytes_are_not_proven_code_data_classification
8013B000-a120280b9d96f8f93c20d9215fc1f493bfb3d0a67eaba955d49738b0fdc5c2e9,20480,0,4924,15556,0x0:0x4;0x1340:0x5000,,candidate_spans_and_remaining_bytes_are_not_proven_code_data_classification
8013B000-a14a948f308a2c2fd3c3ba013cf06877f993eb2cd4eb17a86f915e9174636eb5,20480,0,6196,14284,0x0:0x4;0x1838:0x5000,,candidate_spans_and_remaining_bytes_are_not_proven_code_data_classification
8013B000-a1a114e03d95fc411861b107e5575107a6c4b1bab4da96a5eb6b0b00012b4c33,20480,0,0,20480,0x0:0x5000,0x2F68,candidate_spans_and_remaining_bytes_are_not_proven_code_data_classification
8013B000-a1a5acff05e612b9d2d3b26a210319b8788cd67d2bffca5e4ffd6d2fbb59e2bf,20480,0,5524,14956,0x0:0x4;0x1598:0x5000,,candidate_spans_and_remaining_bytes_are_not_proven_code_data_classification
8013B000-a1edf8ac06b3832af8aa2496a7c00173983cf9eb35448c6fc8499b794e3594c2,20480,13712,0,6768,0x0:0x4;0x3594:0x5000,,candidate_spans_and_remaining_bytes_are_not_proven_code_data_classification
8013B000-a1f37b475d57eb1ce180f1330926ebc15b7f02f7ba94afe486249373de41f930,20480,0,6524,13956,0x0:0x4;0x1980:0x5000,0x3844,candidate_spans_and_remaining_bytes_are_not_proven_code_data_classification
8013B000-a22c573eaa5cddd9ce13dfaad74c229d24b10625c7fa742d96b6776e65d231dd,20480,0,0,20480,0x0:0x5000,0x2C24,candidate_spans_and_remaining_bytes_are_not_proven_code_data_classification
8013B000-a22c576f1981fa61e6e2a4b3c4bf9e04ab43ba3cde41294f23d8c956189053dd,20480,0,0,20480,0x0:0x5000,0x22A4,candidate_spans_and_remaining_bytes_are_not_proven_code_data_classification
8013B000-a2d30c850640492a8225302818e7e0f9c8c469d88d927901c5fbd75a237f91a2,20480,0,4504,15976,0x0:0x4;0x119C:0x5000,,candidate_spans_and_remaining_bytes_are_not_proven_code_data_classification
8013B000-a31d6c311ccc1ecf3e62a5d2536398fc8c7e9edf0909c9b5c9b95aea53cbf5ec,20480,0,7060,13420,0x0:0x4;0x1B98:0x5000,,candidate_spans_and_remaining_bytes_are_not_proven_code_data_classification
8013B000-a3429da95cd932a0f79891a58bb20facbcb565bf00b0ddd84b52b778711b1128,20480,0,9260,11220,0x0:0x4;0x2430:0x5000,0x2DFC,candidate_spans_and_remaining_bytes_are_not_proven_code_data_classification
8013B000-a3474566747c6deee0a72b72d6b05be1953d8d0222d93f4eba9f9af5d9e86590,20480,0,6708,13772,0x0:0x4;0x1A38:0x5000,,candidate_spans_and_remaining_bytes_are_not_proven_code_data_classification
8013B000-a348c774489d61cfb6452362ffa31a292574ca8afbcd9af35e99ec252d7ec72c,20480,0,3868,16612,0x0:0x4;0xF20:0x5000,,candidate_spans_and_remaining_bytes_are_not_proven_code_data_classification
8013B000-a36f18ce16a7a0a8e8df81a16cc111c9cf6bf6f685cfb5318eaf54c71ddac86b,20480,0,0,20480,0x0:0x5000,0x2358,candidate_spans_and_remaining_bytes_are_not_proven_code_data_classification
8013B000-a3c8867b2fe82f8b727140b2f01e729a92937deac54426cfd505e45098f50b1f,20480,18256,0,2224,0x0:0x4;0x4754:0x5000,,candidate_spans_and_remaining_bytes_are_not_proven_code_data_classification
8013B000-a3f0e6a1504b15dc438fbd3586d3ca7be98240ca18159fbe4b8adcf3e2d7b216,20480,0,0,20480,0x0:0x5000,0x1348,candidate_spans_and_remaining_bytes_are_not_proven_code_data_classification
8013B000-a47369f63c9daa3e0425df42ff9dcdc11ff44942f3ddb06052ac742075003ae6,20480,0,0,20480,0x0:0x5000,0x4ADC,candidate_spans_and_remaining_bytes_are_not_proven_code_data_classification
8013B000-a4791921d15fee4513c6fd8e4aac4caf7cdc6b806566090bdfc76e01a1849ea6,20480,0,7752,12728,0x0:0x4;0x1E4C:0x5000,,candidate_spans_and_remaining_bytes_are_not_proven_code_data_classification
8013B000-a5074f2c9afb7ec53eff32c4038913b10cd91f784e479ebd2d68fb2288d5aaa6,20480,0,0,20480,0x0:0x5000,0x4DC4,candidate_spans_and_remaining_bytes_are_not_proven_code_data_classification
8013B000-a52169b511b5423a14d19e15b682e0d7feeba2987d23b2dbf66d7b0394bb9922,20480,0,11792,8688,0x0:0x4;0x2E14:0x5000,0x3164;0x3870;0x3B84;0x3F04;0x426C,candidate_spans_and_remaining_bytes_are_not_proven_code_data_classification
8013B000-a55e1819568c6d895d2dafcd18637e5d99a620e53978d4909f0224e32d50cc9e,20480,9992,0,10488,0x0:0x4;0x270C:0x5000,,candidate_spans_and_remaining_bytes_are_not_proven_code_data_classification
8013B000-a57155547ffbe80ddbcb7e1d4f168d94973d321b678a21ba7f96a7525615516e,20480,18532,0,1948,0x0:0x4;0x4868:0x5000,0x4CAC,candidate_spans_and_remaining_bytes_are_not_proven_code_data_classification
8013B000-a6a1114af6da0953f29719f7008e9ce300210ebe66795d5c8f82a8a1e5db78d9,20480,0,6488,13992,0x0:0x4;0x195C:0x5000,0x328C,candidate_spans_and_remaining_bytes_are_not_proven_code_data_classification
8013B000-a7b1db0a273647a556f2e6fd211b334576e626e75bdcc3d14566b0b7955e61b8,20480,0,6488,13992,0x0:0x4;0x195C:0x5000,0x328C,candidate_spans_and_remaining_bytes_are_not_proven_code_data_classification
8013B000-a7bd7e4704b1408f52e06f0afbb4cbeb5d056f9eb5d9a83f43a6896f04721b0b,20480,0,0,20480,0x0:0x5000,0xE40,candidate_spans_and_remaining_bytes_are_not_proven_code_data_classification
8013B000-a7e7814d59868ffc62e63696eccd5f2ac4ae258788f42cf3753807065f73f303,20480,0,9260,11220,0x0:0x4;0x2430:0x5000,,candidate_spans_and_remaining_bytes_are_not_proven_code_data_classification
8013B000-a7ee9a9b2a9b96e94c8b7d0d779c08e21aba13294f2a24f10c227bc9b1936170,20480,0,0,20480,0x0:0x5000,0x1F30,candidate_spans_and_remaining_bytes_are_not_proven_code_data_classification
8013B000-a806ae1ad9d051a22390413c140dad99c69f8301d79cdf756e54f76215e5d7f6,20480,0,10040,10440,0x0:0x4;0x273C:0x5000,,candidate_spans_and_remaining_bytes_are_not_proven_code_data_classification
8013B000-a82425b627a582c1d8fea71caf64f90676ae59bf777721993e38b2b8d4018ddf,20480,0,13600,6880,0x0:0x4;0x3524:0x5000,0x4BE4,candidate_spans_and_remaining_bytes_are_not_proven_code_data_classification
8013B000-a827c12cee5eda48a85505c7e44440c2a7d6cb8d8a479f0a09cf0e3aa0c2b610,20480,14740,0,5740,0x0:0x4;0x3998:0x5000,,candidate_spans_and_remaining_bytes_are_not_proven_code_data_classification
8013B000-a844f486af1aee39e91b02600ac2669cd87dceed26256c1976dbc8c29243f68e,20480,0,0,20480,0x0:0x5000,0x1F30,candidate_spans_and_remaining_bytes_are_not_proven_code_data_classification
8013B000-a8706af9491cd883bc27021d8b43398b336fb751dedc0a3b367844c52ff376bc,20480,0,8092,12388,0x0:0x4;0x1FA0:0x5000,,candidate_spans_and_remaining_bytes_are_not_proven_code_data_classification
8013B000-a8b2a3a827d6f850d34da3a1b810bf1bbac081e62263151f54de1c470ffd69c0,20480,11404,0,9076,0x0:0x4;0x2C90:0x5000,,candidate_spans_and_remaining_bytes_are_not_proven_code_data_classification
8013B000-a8bddff1b30deb3c45890a2cf871fe0b93fb7b58e5b7a425a3782ab839fc8b9d,20480,0,0,20480,0x0:0x5000,0x2358,candidate_spans_and_remaining_bytes_are_not_proven_code_data_classification
8013B000-a8ed8f62737895847bdaa81381e71e8ba8387f64a533fb86fff1685e5dca197a,20480,0,5524,14956,0x0:0x4;0x1598:0x5000,0x2498,candidate_spans_and_remaining_bytes_are_not_proven_code_data_classification
8013B000-a904b4794a3d3d0f367a0cbd96873cee16fd93a89291717332cd94ac46911433,20480,0,4080,16400,0x0:0x4;0xFF4:0x5000,,candidate_spans_and_remaining_bytes_are_not_proven_code_data_classification
8013B000-a96981e3293900b59c72be2687dd45131cac0ee3e28698d4bc13b81bc926f173,20480,0,0,20480,0x0:0x5000,0x22A4,candidate_spans_and_remaining_bytes_are_not_proven_code_data_classification
8013B000-a98fd656fd6e20365fbde4b202437b8b7ad80f7788aace4321f08fafac1c74f2,20480,0,7240,13240,0x0:0x4;0x1C4C:0x5000,0x2284,candidate_spans_and_remaining_bytes_are_not_proven_code_data_classification
8013B000-a9b66478f93c47a685018ff2de9f38d88966f70c2686e8f41d2911c506c5d824,20480,16488,0,3992,0x0:0x4;0x406C:0x5000,,candidate_spans_and_remaining_bytes_are_not_proven_code_data_classification
8013B000-a9d892034a0b11ccfe4d6f711e33e6587f7793e912460546da5829251b23bfaa,20480,0,7752,12728,0x0:0x4;0x1E4C:0x5000,0x2278;0x44B8,candidate_spans_and_remaining_bytes_are_not_proven_code_data_classification
8013B000-a9fbbbc78970d97f7a483bdb3e32f5da84e43aed29cec2fc663fd0ca7c8324d9,20480,0,4260,16220,0x0:0x4;0x10A8:0x5000,,candidate_spans_and_remaining_bytes_are_not_proven_code_data_classification
8013B000-aa31705af46916258ea964a0afcdfa59f2c87b5481d9b2d3f43e789b2abc270b,20480,0,8412,12068,0x0:0x4;0x20E0:0x5000,,candidate_spans_and_remaining_bytes_are_not_proven_code_data_classification
8013B000-aaf306c338fce1dce295fa851aea79fd3382e88cdda8773b9e8b156be1db0963,20480,0,0,20480,0x0:0x5000,0x4ADC,candidate_spans_and_remaining_bytes_are_not_proven_code_data_classification
8013B000-ab17c8d1633a1b90f86021f0a7e82b866abf4dadfceecf2d1e9d23a0e2c3b9da,20480,6320,0,14160,0x0:0x4;0x18B4:0x5000,,candidate_spans_and_remaining_bytes_are_not_proven_code_data_classification
8013B000-ab1b36edfd73bd71707bc314333e7ca42f158f5b9c9b40b3f6788db25aa8e469,20480,0,13168,7312,0x0:0x4;0x3374:0x5000,,candidate_spans_and_remaining_bytes_are_not_proven_code_data_classification
8013B000-ab3bf5a3ba0e69150d07d7f763b177010d720d414dd8158a1fe6de0687d7217a,20480,0,0,20480,0x0:0x5000,0x32A8;0x360C;0x3CE0;0x43EC;0x48DC;0x4E38,candidate_spans_and_remaining_bytes_are_not_proven_code_data_classification
8013B000-ab3c801e32280105ac3dc717345965b68c2dd6a8a00e2b11838f637891bfc94c,20480,0,3932,16548,0x0:0x4;0xF60:0x5000,0x19C8,candidate_spans_and_remaining_bytes_are_not_proven_code_data_classification
8013B000-ab7ea04c3604df058478d4c958a6783c5045d5302bceb9f709b9fe73a73df0e1,20480,0,8412,12068,0x0:0x4;0x20E0:0x5000,,candidate_spans_and_remaining_bytes_are_not_proven_code_data_classification
8013B000-abc7448cb7b5ffca0b8a1017b6527526160d30f4caf85900638230c7cff3b7e8,20480,0,5416,15064,0x0:0x4;0x152C:0x5000,,candidate_spans_and_remaining_bytes_are_not_proven_code_data_classification
8013B000-abd63e7b49e5c3b8666e9498d2405ed5e7343b44b58ef5c1a09deef990930f85,20480,0,0,20480,0x0:0x5000,0x3F90,candidate_spans_and_remaining_bytes_are_not_proven_code_data_classification
8013B000-abea3b97721e4d2c1d690670c0222348ffe439a66e6b80906e791b42d72e25ba,20480,0,6908,13572,0x0:0x4;0x1B00:0x5000,0x4D04,candidate_spans_and_remaining_bytes_are_not_proven_code_data_classification
8013B000-abf90a994f4f6c4e17536cbc5d7559d527a6c094b1bf6558308a006265d0607e,20480,0,6708,13772,0x0:0x4;0x1A38:0x5000,,candidate_spans_and_remaining_bytes_are_not_proven_code_data_classification
8013B000-ac22c7b338655e23dd384234963be13fa47dc68ac9b61a5df4a16cb4cf9ab2c7,20480,8284,0,12196,0x0:0x4;0x2060:0x5000,,candidate_spans_and_remaining_bytes_are_not_proven_code_data_classification
8013B000-ac2504c15108a49cd5fb49ab8e186873ca588b3763dc8b29e78d36727e7beb87,20480,0,0,20480,0x0:0x5000,0xE40;0x1204,candidate_spans_and_remaining_bytes_are_not_proven_code_data_classification
8013B000-ac35f2003f3862426cc53dda1ed0f8bd7dea8c74eca6acd28c13c38197c9d57c,20480,0,8412,12068,0x0:0x4;0x20E0:0x5000,,candidate_spans_and_remaining_bytes_are_not_proven_code_data_classification
8013B000-ac604aa494c3bdf4350a5251baee4eb348dd5e56b02c6dc81b5b47f0cf9c61b3,20480,0,6900,13580,0x0:0x4;0x1AF8:0x5000,,candidate_spans_and_remaining_bytes_are_not_proven_code_data_classification
8013B000-ac9b7494d231f988b084c35906f029bfa758e3ef5b68bb52fabb65a22bc0c2e1,20480,0,6196,14284,0x0:0x4;0x1838:0x5000,,candidate_spans_and_remaining_bytes_are_not_proven_code_data_classification
8013B000-aca93789e293ab6d459208d7ba15e6875e05ca36d86c126c1b8ad221951f6c25,20480,0,9224,11256,0x0:0x4;0x240C:0x5000,,candidate_spans_and_remaining_bytes_are_not_proven_code_data_classification
8013B000-accc5dbb0958a6e329b16bd31ef9dc115f51a2a55782daef89991b75ef0e8958,20480,0,8684,11796,0x0:0x4;0x21F0:0x5000,,candidate_spans_and_remaining_bytes_are_not_proven_code_data_classification
8013B000-ad3ac974b894f6c6432de1fe85c238a5576b12aaa95a26a138086251bf3428ac,20480,0,9452,11028,0x0:0x4;0x24F0:0x5000,,candidate_spans_and_remaining_bytes_are_not_proven_code_data_classification
8013B000-ad5a5c6b5e3ae8730d68a444bbec56c30d54c3eefefd03deb4f1c3932099b64f,20480,17308,0,3172,0x0:0x4;0x43A0:0x5000,,candidate_spans_and_remaining_bytes_are_not_proven_code_data_classification
8013B000-ad8e12b58ba454d519b1f8982a15c981df2fcdc5306fdad14c4fe493c622974b,20480,0,6940,13540,0x0:0x4;0x1B20:0x5000,,candidate_spans_and_remaining_bytes_are_not_proven_code_data_classification
8013B000-adb1c21e5ef3aa8ed27b4dcf58ae7df9374100a9aa6ace424ee5e03ef3835578,20480,0,4788,15692,0x0:0x4;0x12B8:0x5000,0x1954;0x4004;0x49C8;0x4D68,candidate_spans_and_remaining_bytes_are_not_proven_code_data_classification
8013B000-ae97ec701bafd34d0a857f5f7e31bb11fde849b1e33486e03afe41b03d423ace,20480,0,13596,6884,0x0:0x4;0x3520:0x5000,,candidate_spans_and_remaining_bytes_are_not_proven_code_data_classification
8013B000-aea21ed15e1c463e4fe04c7e2fcd6eff81f33ddb9ae816b21be75e8defaf6eb4,20480,0,11792,8688,0x0:0x4;0x2E14:0x5000,0x3164;0x3870;0x3B84;0x3F04;0x426C,candidate_spans_and_remaining_bytes_are_not_proven_code_data_classification
8013B000-aee351a65c1abdb59228d2f13f78eb7ff849d3f09c8bc882b89a105e06075e8d,20480,0,0,20480,0x0:0x5000,0x2F68,candidate_spans_and_remaining_bytes_are_not_proven_code_data_classification
8013B000-afa3035f40a037134a961a7848dc213b3cb58359a56af16f874c492ec7358b18,20480,0,7060,13420,0x0:0x4;0x1B98:0x5000,,candidate_spans_and_remaining_bytes_are_not_proven_code_data_classification
8013B000-afa3cd8a5cc90ef290867a3185dafc5a5beb6c7468dacb3fc3744de7a52daa31,20480,0,12076,8404,0x0:0x4;0x2F30:0x5000,,candidate_spans_and_remaining_bytes_are_not_proven_code_data_classification
8013B000-afbe179974e067805b4db251a32f8dc80310437fae9cbb0dbae24db52a6c4689,20480,0,7332,13148,0x0:0x4;0x1CA8:0x5000,,candidate_spans_and_remaining_bytes_are_not_proven_code_data_classification
8013B000-afc5fa90be0732d624a42cecde2dc7aa83f947d3b0ced67ccc6dc59a86bd5489,20480,0,7608,12872,0x0:0x4;0x1DBC:0x5000,,candidate_spans_and_remaining_bytes_are_not_proven_code_data_classification
8013B000-b027824a12142989502a5f744b8f3ec11a8b32f653958e7cdc8576ddde4165ee,20480,12212,0,8268,0x0:0x4;0x2FB8:0x5000,0x3D04,candidate_spans_and_remaining_bytes_are_not_proven_code_data_classification
8013B000-b036d1654008a1c64f0251514c5b97002aa4971c291a9e378aff4aedd3db06da,20480,0,0,20480,0x0:0x5000,0x3CD8,candidate_spans_and_remaining_bytes_are_not_proven_code_data_classification
8013B000-b069c8b006c6da84ed95df18e8fd84cba355009b688271610a3dc7bba047328d,20480,0,10860,9620,0x0:0x4;0x2A70:0x5000,,candidate_spans_and_remaining_bytes_are_not_proven_code_data_classification
8013B000-b0b12d0a346f0eb51ac210e3d00a5dcce9af6e4b86ac1adadc6c94b85bb220a2,20480,14740,0,5740,0x0:0x4;0x3998:0x5000,,candidate_spans_and_remaining_bytes_are_not_proven_code_data_classification
8013B000-b0fb1f21cdee3f4d513a8fbd669a0b02eec5c80e0689accfe45f74cf66882fc3,20480,0,0,20480,0x0:0x5000,0x44A4;0x4DB8,candidate_spans_and_remaining_bytes_are_not_proven_code_data_classification
8013B000-b106338ebd3f40f022c83639a9901357fde585d91166804aa92dd182f33260bf,20480,0,7612,12868,0x0:0x4;0x1DC0:0x5000,,candidate_spans_and_remaining_bytes_are_not_proven_code_data_classification
8013B000-b1786fb06751f650b55e2bf860eac0a2bd8d737bd9b53f419b262e0c996a1bff,20480,0,15540,4940,0x0:0x4;0x3CB8:0x5000,,candidate_spans_and_remaining_bytes_are_not_proven_code_data_classification
8013B000-b18a7100da6117a0b01350bfbb4b9d5742e3ce619e6e38ae0a19f54bbe2223bd,20480,14032,0,6448,0x0:0x4;0x36D4:0x5000,,candidate_spans_and_remaining_bytes_are_not_proven_code_data_classification
8013B000-b20b52e08a2453a39e736cbcb708eecfa222ad498a7f93b7adcb2f40e4419e3c,20480,0,8412,12068,0x0:0x4;0x20E0:0x5000,,candidate_spans_and_remaining_bytes_are_not_proven_code_data_classification
8013B000-b23c1d717c9648114ea264bd3ca12e250ffed2f434ff02ff0a179df3a6bb2ce8,20480,0,4356,16124,0x0:0x4;0x1108:0x5000,,candidate_spans_and_remaining_bytes_are_not_proven_code_data_classification
8013B000-b243e672911ce993aa06654997739f3f0ed67ab92c1c8447b8e70f4187cdc7f9,20480,0,6900,13580,0x0:0x4;0x1AF8:0x5000,,candidate_spans_and_remaining_bytes_are_not_proven_code_data_classification
8013B000-b2c0697e759ecfe1e5d746ca7ad4bc29bcd3719c05893056acb877274dc6eac8,20480,14652,0,5828,0x0:0x4;0x3940:0x5000,,candidate_spans_and_remaining_bytes_are_not_proven_code_data_classification
8013B000-b2db119cdcd8459fdc4f163d0a38fcdcff3df5bcad451754ffa8615c3668bed2,20480,10440,0,10040,0x0:0x4;0x28CC:0x5000,,candidate_spans_and_remaining_bytes_are_not_proven_code_data_classification
8013B000-b2f4e3a431b9c20968af3f66db47dfd596e447963ed3f77efa66f86c8d3b4d9b,20480,11720,0,8760,0x0:0x4;0x2DCC:0x5000,,candidate_spans_and_remaining_bytes_are_not_proven_code_data_classification
8013B000-b3081e5ba5a381a1c19b190b2955c9df6d2c70e910eee46f041dc7d86ed674cb,20480,0,8412,12068,0x0:0x4;0x20E0:0x5000,,candidate_spans_and_remaining_bytes_are_not_proven_code_data_classification
8013B000-b3690c70603aa4acad93d751daaec653ff3354d5edebe500f692ae3fa9446250,20480,0,0,20480,0x0:0x5000,0x2358,candidate_spans_and_remaining_bytes_are_not_proven_code_data_classification
8013B000-b3840e6d25b486d52b1f105243ad78ddf96a9f57d307da9b141b5979fc9c9826,20480,0,6488,13992,0x0:0x4;0x195C:0x5000,0x328C,candidate_spans_and_remaining_bytes_are_not_proven_code_data_classification
8013B000-b3ecd4f19f159f986b16616eb203bff8369d6d354b7a6466fc77a7586f9132ad,20480,0,4292,16188,0x0:0x4;0x10C8:0x5000,0x1E98,candidate_spans_and_remaining_bytes_are_not_proven_code_data_classification
8013B000-b3fea097fe158a8bb2a8b721a847af84f757366ffafc66aab6e9807328a0f767,20480,6320,0,14160,0x0:0x4;0x18B4:0x5000,,candidate_spans_and_remaining_bytes_are_not_proven_code_data_classification
8013B000-b48ca7727defcc2a59872fe5b24f1c4e4236451471ec96d6ed8076a115fd4a37,20480,18532,0,1948,0x0:0x4;0x4868:0x5000,0x4CAC,candidate_spans_and_remaining_bytes_are_not_proven_code_data_classification
8013B000-b4a84174b89463c0b0935f3738d1000668fe6296f15d8e1fbaf6e09017814369,20480,0,3756,16724,0x0:0x4;0xEB0:0x5000,0x10E0,candidate_spans_and_remaining_bytes_are_not_proven_code_data_classification
8013B000-b5e53b482b2e6858e07a36e693b70b56b50e9fe01650dddb2dc846bda8305c15,20480,0,0,20480,0x0:0x5000,0x3CD8,candidate_spans_and_remaining_bytes_are_not_proven_code_data_classification
8013B000-b5e846ffeb3c0a8d77e5ec2079a70b62fee9e933d165bbc618169ac5af883295,20480,0,6700,13780,0x0:0x4;0x1A30:0x5000,,candidate_spans_and_remaining_bytes_are_not_proven_code_data_classification
8013B000-b5f7082272bd71fd89d2c6c5864e075c299459cdfb99d56765f8638e0b05ff34,20480,0,6816,13664,0x0:0x4;0x1AA4:0x5000,,candidate_spans_and_remaining_bytes_are_not_proven_code_data_classification
8013B000-b610b7ee3fdddefc5d5ca99e8dd8b05984a8316a65075ea9cd2adc193426b07a,20480,0,4952,15528,0x0:0x4;0x135C:0x5000,,candidate_spans_and_remaining_bytes_are_not_proven_code_data_classification
8013B000-b646d0ffd79a3ad9cf35818060e75bbebf60ef76dc6b54138aefc7fcf212022f,20480,0,8912,11568,0x0:0x4;0x22D4:0x5000,,candidate_spans_and_remaining_bytes_are_not_proven_code_data_classification
8013B000-b66243a408dc6dd955054744104647693f29ada37b71cab899709c00ef750332,20480,0,0,20480,0x0:0x5000,0x2358,candidate_spans_and_remaining_bytes_are_not_proven_code_data_classification
8013B000-b6975b3276cfa9afa9367f93cdc9a25d14cc9b4becfad9f49f98fc754a8f5941,20480,0,8412,12068,0x0:0x4;0x20E0:0x5000,0x29A8;0x2D14;0x4004;0x4F54,candidate_spans_and_remaining_bytes_are_not_proven_code_data_classification
8013B000-b7c3e603fdeb27a6b4317138e89d95aca4643539121470fc0e709454adbed3ba,20480,0,3296,17184,0x0:0x4;0xCE4:0x5000,0x16A0,candidate_spans_and_remaining_bytes_are_not_proven_code_data_classification
8013B000-b81bc0a93080a513f1bab443abdf93d0cf281448d07712f6ccfc5c9deb2645fc,20480,0,9740,10740,0x0:0x4;0x2610:0x5000,0x26D0,candidate_spans_and_remaining_bytes_are_not_proven_code_data_classification
8013B000-b892ec14036cb500a2c64f13178d3d6af4e2fb8b084d3a935c761de97af2d0c1,20480,0,6524,13956,0x0:0x4;0x1980:0x5000,0x3844,candidate_spans_and_remaining_bytes_are_not_proven_code_data_classification
8013B000-b8a640b64db640fb7f240fdd421024452b6125096d2de8cb5115f65d6890859e,20480,0,6708,13772,0x0:0x4;0x1A38:0x5000,,candidate_spans_and_remaining_bytes_are_not_proven_code_data_classification
8013B000-b8b82b096a7d6f33d4e1b49cab3831390bc2059d94fdabf31f16b7aebf2c6b98,20480,0,0,20480,0x0:0x5000,0x2358;0x48C8,candidate_spans_and_remaining_bytes_are_not_proven_code_data_classification
8013B000-b8f9e4a48e8739f2515ebfdf8f9d97aef4113c21b870fdc87a73ecd8c428f02b,20480,0,8412,12068,0x0:0x4;0x20E0:0x5000,0x4420,candidate_spans_and_remaining_bytes_are_not_proven_code_data_classification
8013B000-b9432d2212f5b12d0a92fd6af3c7fb55e93f86d427ecb39d0e4ab50f6ed730bd,20480,0,4532,15948,0x0:0x4;0x11B8:0x5000,,candidate_spans_and_remaining_bytes_are_not_proven_code_data_classification
8013B000-b9e15907fc4197d36c127b6b3958e8b13a88e6fd15375cc2d86e1b731a8bde6f,20480,0,13920,6560,0x0:0x4;0x3664:0x5000,0x3AB4,candidate_spans_and_remaining_bytes_are_not_proven_code_data_classification
8013B000-b9ec12962a8edf754710da8bd31348bf266b7b92559ce4884271e5867f6678ce,20480,0,15044,5436,0x0:0x4;0x3AC8:0x5000,,candidate_spans_and_remaining_bytes_are_not_proven_code_data_classification
8013B000-ba1e35ceff97db4dacc3a685ef0706a68db555f6515a5f5ca7b435e459755dec,20480,0,3756,16724,0x0:0x4;0xEB0:0x5000,,candidate_spans_and_remaining_bytes_are_not_proven_code_data_classification
8013B000-ba4a3662d85b2606fd91b2a312a410ffa15ad19f204ee946a9341e897273992c,20480,0,11752,8728,0x0:0x4;0x2DEC:0x5000,,candidate_spans_and_remaining_bytes_are_not_proven_code_data_classification
8013B000-ba5adf6d3c284b984d16d5ad00ab248a7862fb94b242d19b764ad48826ba77db,20480,0,6488,13992,0x0:0x4;0x195C:0x5000,0x328C,candidate_spans_and_remaining_bytes_are_not_proven_code_data_classification
8013B000-ba6d79927339e85e90a87a7ed3d77596562a9ff60e1afc502318013991d36dac,20480,0,0,20480,0x0:0x5000,0x19F0,candidate_spans_and_remaining_bytes_are_not_proven_code_data_classification
8013B000-bb9301cfdf346a02180a00f333881681715bc2d87e03fb8cccd0c5c17b8e48ba,20480,0,4952,15528,0x0:0x4;0x135C:0x5000,0x2C34,candidate_spans_and_remaining_bytes_are_not_proven_code_data_classification
8013B000-bbf7a4b515a9f0686ddfb53d5a2f296108e0727e9534bc9dd28bab09f3e040d6,20480,0,9132,11348,0x0:0x4;0x23B0:0x5000,,candidate_spans_and_remaining_bytes_are_not_proven_code_data_classification
8013B000-bc3120fee143664836bed08a0aa6f7431cd50fcc5452831e709bcfc9c48bf009,20480,0,8836,11644,0x0:0x4;0x2288:0x5000,,candidate_spans_and_remaining_bytes_are_not_proven_code_data_classification
8013B000-bc4ed37c13b01b0668a1e2c3ba7e60322298a8d7840c833c2debd2de51261b08,20480,11896,0,8584,0x0:0x4;0x2E7C:0x5000,,candidate_spans_and_remaining_bytes_are_not_proven_code_data_classification
8013B000-bc51802b0b5408fabc2a428bef5954dbd76a8b25e270b0b8e2368a97674b6142,20480,0,10312,10168,0x0:0x4;0x284C:0x5000,,candidate_spans_and_remaining_bytes_are_not_proven_code_data_classification
8013B000-bcc9d257a47b93ab419062991baf4c0150f65a9a5185a536e59b992c711f4a9b,20480,0,5860,14620,0x0:0x4;0x16E8:0x5000,,candidate_spans_and_remaining_bytes_are_not_proven_code_data_classification
8013B000-bd2e1af9a1cee65a9957d6e9a5c95cb3dd0c9eaf4ad70e926823a60495302e4f,20480,0,14644,5836,0x0:0x4;0x3938:0x5000,,candidate_spans_and_remaining_bytes_are_not_proven_code_data_classification
8013B000-bd6d5c9b361c3d11c1bc2a9eaccbcdaae287be1fb9153bf908112767efb444e9,20480,0,7568,12912,0x0:0x4;0x1D94:0x5000,,candidate_spans_and_remaining_bytes_are_not_proven_code_data_classification
8013B000-bdc25751df79b753bccbe54af642d0be335ed0333b5e92574aa088a715bae18c,20480,0,5872,14608,0x0:0x4;0x16F4:0x5000,,candidate_spans_and_remaining_bytes_are_not_proven_code_data_classification
8013B000-bdf6bd8a0833f852f1c14c12cba704e3296787d4c8a748f6d4c4cb4d4494cb7e,20480,0,9440,11040,0x0:0x4;0x24E4:0x5000,,candidate_spans_and_remaining_bytes_are_not_proven_code_data_classification
8013B000-be663c977234b260f572af72efc07670d57cd625d4d09778de1382e90f5c2fcd,20480,14740,0,5740,0x0:0x4;0x3998:0x5000,,candidate_spans_and_remaining_bytes_are_not_proven_code_data_classification
8013B000-be74cc5309bd14b4fade6f139b914ff6479a89cddef6bb3698500dff17937ae0,20480,0,15292,5188,0x0:0x4;0x3BC0:0x5000,,candidate_spans_and_remaining_bytes_are_not_proven_code_data_classification
8013B000-bedfbc882806f3e071a19d52a2c634d872df7b19fb377cf8e510b8ac0ea839d0,20480,12212,0,8268,0x0:0x4;0x2FB8:0x5000,,candidate_spans_and_remaining_bytes_are_not_proven_code_data_classification
8013B000-bf8d666909a25113c2ad7c8f46fb04dd78671202299fd439ceb457461100a45e,20480,10448,0,10032,0x0:0x4;0x28D4:0x5000,,candidate_spans_and_remaining_bytes_are_not_proven_code_data_classification
8013B000-bfbbbdce59b061b59263c5881c29b396f7ad7f91f383792f44a1e81c95cf7dee,20480,0,5004,15476,0x0:0x4;0x1390:0x5000,,candidate_spans_and_remaining_bytes_are_not_proven_code_data_classification
8013B000-bfce5b112195cacdbe469655fa7974270b14fbe4c24130cd8523e8af5ff0c977,20480,0,9084,11396,0x0:0x4;0x2380:0x5000,,candidate_spans_and_remaining_bytes_are_not_proven_code_data_classification
8013B000-bfd4bc795c802587b093f88c9c45662b4811dfae5171c5da6c1310433effcb42,20480,0,5860,14620,0x0:0x4;0x16E8:0x5000,,candidate_spans_and_remaining_bytes_are_not_proven_code_data_classification
8013B000-bfdf4092d4ac48941c39d21b34376ff3658b5f6dd80f46a5d5823a8e2c06dd46,20480,0,4532,15948,0x0:0x4;0x11B8:0x5000,0x14A4,candidate_spans_and_remaining_bytes_are_not_proven_code_data_classification
8013B000-c083fd58b3ca1e9919506261ad7b002892436153c4550deb5628cf3a0712ba33,20480,0,6892,13588,0x0:0x4;0x1AF0:0x5000,,candidate_spans_and_remaining_bytes_are_not_proven_code_data_classification
8013B000-c180bf5e199a4596fd7c6f72f6c1e99f066510f575138ab7ee0e8578271887ab,20480,8120,0,12360,0x0:0x4;0x1FBC:0x5000,0x22F8;0x267C;0x29E8,candidate_spans_and_remaining_bytes_are_not_proven_code_data_classification
8013B000-c195bdec84c2aaf227016451e3c27cd14ddf9867813327145274d4afb5e617a3,20480,0,0,20480,0x0:0x5000,0x3F90,candidate_spans_and_remaining_bytes_are_not_proven_code_data_classification
8013B000-c1ade5e2c72d641f2fc9f3ad77ec0c4bdafc2370ebb9fb29aed7fcce0356f57e,20480,0,7524,12956,0x0:0x4;0x1D68:0x5000,,candidate_spans_and_remaining_bytes_are_not_proven_code_data_classification
8013B000-c1b74421e3acab1e196e5ef72ca13bbdd70bfc06b4ed071c0b74fafb2fcd7661,20480,0,18572,1908,0x0:0x4;0x4890:0x5000,,candidate_spans_and_remaining_bytes_are_not_proven_code_data_classification
8013B000-c1d76c5c226adc5a57ce8e4ab6db2bee7f47934bdec48929e8caabb93794aff1,20480,0,6196,14284,0x0:0x4;0x1838:0x5000,,candidate_spans_and_remaining_bytes_are_not_proven_code_data_classification
8013B000-c228b3b33eea0f19ebee269ac0eb6dff32d899fdcb18667eb682f45ac4e0cb46,20480,0,9452,11028,0x0:0x4;0x24F0:0x5000,,candidate_spans_and_remaining_bytes_are_not_proven_code_data_classification
8013B000-c29bec0bb19aac023573aaa39cd9079d29037763acb1752ac75ab3631d7b5b25,20480,0,0,20480,0x0:0x5000,0xE40;0x1204,candidate_spans_and_remaining_bytes_are_not_proven_code_data_classification
8013B000-c2d2d91534a0d70849df213b27e9d4f2c054b860b295fcdfe6713808a670e3f7,20480,0,7948,12532,0x0:0x4;0x1F10:0x5000,,candidate_spans_and_remaining_bytes_are_not_proven_code_data_classification
8013B000-c3083c15995e5c286190e2405a95cd566086dcb7d6d990557534fb296f010283,20480,0,0,20480,0x0:0x5000,0x44A4,candidate_spans_and_remaining_bytes_are_not_proven_code_data_classification
8013B000-c317e9af763a242ef9ff40ea8d05460a8617da447dc3fee33965a1bfddfcc19b,20480,17308,0,3172,0x0:0x4;0x43A0:0x5000,,candidate_spans_and_remaining_bytes_are_not_proven_code_data_classification
8013B000-c348a49326e2b38729b76e0ec693cfac729066e32c06467fcbc45123f4d68a59,20480,0,5400,15080,0x0:0x4;0x151C:0x5000,,candidate_spans_and_remaining_bytes_are_not_proven_code_data_classification
8013B000-c3ae82610bc8690b5f54efa9d4f8fc0e3c6803cb5c55948e4f861e4e7afb45da,20480,0,0,20480,0x0:0x5000,0x22A4,candidate_spans_and_remaining_bytes_are_not_proven_code_data_classification
8013B000-c3ec36ef950db2d94e5cc88e14568375c05553c9c3241da269bfe452973c3236,20480,0,0,20480,0x0:0x5000,0xE40;0x1204,candidate_spans_and_remaining_bytes_are_not_proven_code_data_classification
8013B000-c41edb8938f1130b74bf9b3bfc584a148cb5f2c62423866136d5091fb205998b,20480,0,0,20480,0x0:0x5000,0x1F6C,candidate_spans_and_remaining_bytes_are_not_proven_code_data_classification
8013B000-c42787d884f993202e89475cf54aa722ccc62a7ae63a7a743f417b1a76b96e0f,20480,0,3092,17388,0x0:0x4;0xC18:0x5000,,candidate_spans_and_remaining_bytes_are_not_proven_code_data_classification
8013B000-c4758540a4aef3adc01fecf4bb046cb5fdcc567b5ab48fb9e2e9f18aeeb7e8e6,20480,9992,0,10488,0x0:0x4;0x270C:0x5000,,candidate_spans_and_remaining_bytes_are_not_proven_code_data_classification
8013B000-c4871bb38ab06c3f967a4b3945641b7deff76ac56628f3de07e923aca7fa8001,20480,0,9260,11220,0x0:0x4;0x2430:0x5000,,candidate_spans_and_remaining_bytes_are_not_proven_code_data_classification
8013B000-c4ae3a07d1f009dfae7da7c8ce7bc974da836a53dc3577b19b06232176d0ac0c,20480,17452,0,3028,0x0:0x4;0x4430:0x5000,,candidate_spans_and_remaining_bytes_are_not_proven_code_data_classification
8013B000-c4be9e66f312379ca203d9bef5b2777059e3b63ff837fd6eb2da751fddc66d27,20480,0,6516,13964,0x0:0x4;0x1978:0x5000,0x2004;0x3004,candidate_spans_and_remaining_bytes_are_not_proven_code_data_classification
8013B000-c4c905d7d56a8be969170cb9a5a677123054618fe690257e45c18c01b5562d17,20480,0,8412,12068,0x0:0x4;0x20E0:0x5000,,candidate_spans_and_remaining_bytes_are_not_proven_code_data_classification
8013B000-c4c9793193d4d2fbd960ae7e93c8b84de44d0d4bf2db5e0ba026279fa35a8d85,20480,0,7752,12728,0x0:0x4;0x1E4C:0x5000,,candidate_spans_and_remaining_bytes_are_not_proven_code_data_classification
8013B000-c51c1d35f638b354b915b6e1493bc620dfddbbb04fcfa4e5f4b2f2598885ec98,20480,0,0,20480,0x0:0x5000,0xE40;0x1204,candidate_spans_and_remaining_bytes_are_not_proven_code_data_classification
8013B000-c5a0a3d8659438d49e173546463261f4ee95cd9c73c1bad0284ccb49873f4a1b,20480,16488,0,3992,0x0:0x4;0x406C:0x5000,,candidate_spans_and_remaining_bytes_are_not_proven_code_data_classification
8013B000-c5a9781b0147e0bcfd5be3c7b93f9471bcb29b6ef4269b5f7dd2ac045f534a6c,20480,0,0,20480,0x0:0x5000,0x32A8,candidate_spans_and_remaining_bytes_are_not_proven_code_data_classification
8013B000-c696dd060304dea1abe85eb81b84a9c64f30bf30a30623c820a3b1e15161f2d3,20480,2584,0,17896,0x0:0x4;0xA1C:0x5000,0x135C,candidate_spans_and_remaining_bytes_are_not_proven_code_data_classification
8013B000-c6aaf313c8c291e2b3ef30430af7412ee7a6c390c18d63495958e9e42ecfa52f,20480,0,4260,16220,0x0:0x4;0x10A8:0x5000,0x20B8,candidate_spans_and_remaining_bytes_are_not_proven_code_data_classification
8013B000-c6e12056120a0c202cb3da62d4d5b796e0e0a3f74cc4ff570f0c02ac9dbe1a33,20480,0,16028,4452,0x0:0x4;0x3EA0:0x5000,,candidate_spans_and_remaining_bytes_are_not_proven_code_data_classification
8013B000-c70a8162f3e6ced772967f7adb3f3812b64cd651cd33fea0028dc20f23ddfebb,20480,0,6048,14432,0x0:0x4;0x17A4:0x5000,,candidate_spans_and_remaining_bytes_are_not_proven_code_data_classification
8013B000-c73e4097502ea759fc7f6e12ddd0652a40b20a4ffee7fa04f61cd727abf82192,20480,0,9092,11388,0x0:0x4;0x2388:0x5000,,candidate_spans_and_remaining_bytes_are_not_proven_code_data_classification
8013B000-c760f29e4f5119a8cd9b8aef0cc6fe95c5f01db7bb03ecea765d2f2b8a6ff860,20480,0,4440,16040,0x0:0x4;0x115C:0x5000,,candidate_spans_and_remaining_bytes_are_not_proven_code_data_classification
8013B000-c7677216f914b67b4fb758701d7c8e670c3def95c1a51da36cb855f2df7e466a,20480,8120,0,12360,0x0:0x4;0x1FBC:0x5000,,candidate_spans_and_remaining_bytes_are_not_proven_code_data_classification
8013B000-c80f337000632328f9c87da203846ff3334efa8ff8e85bb99461db368d2f3a7b,20480,0,7524,12956,0x0:0x4;0x1D68:0x5000,0x2C5C,candidate_spans_and_remaining_bytes_are_not_proven_code_data_classification
8013B000-c811680b4afbfd0f90db9b1243eaecbc7cabcc87ce89d82ba8b27dbd05e5442e,20480,0,8412,12068,0x0:0x4;0x20E0:0x5000,,candidate_spans_and_remaining_bytes_are_not_proven_code_data_classification
8013B000-c8da688b72e02056530fbc919e550be504a251233a17d951b227f14cfe85d1f6,20480,0,5700,14780,0x0:0x4;0x1648:0x5000,,candidate_spans_and_remaining_bytes_are_not_proven_code_data_classification
8013B000-c8ec455facf815a74ff3220de65d4faf2bca9c899562ffb8106a212b6223b46b,20480,0,0,20480,0x0:0x5000,0x22A4,candidate_spans_and_remaining_bytes_are_not_proven_code_data_classification
8013B000-c8ff400bfac042329b662abea695a2c98c239c15aa57fcc12ea4e948963e20e7,20480,0,3592,16888,0x0:0x4;0xE0C:0x5000,,candidate_spans_and_remaining_bytes_are_not_proven_code_data_classification
8013B000-c90704095019ad4efdba24c7aa8df469b917109eb1fba866b5021a687f5b87e2,20480,0,3296,17184,0x0:0x4;0xCE4:0x5000,0x16A0,candidate_spans_and_remaining_bytes_are_not_proven_code_data_classification
8013B000-c91060dac2b7a0bd49d55d9b65a7bd32a46d53953a79843e34f87e642dfc765a,20480,0,6708,13772,0x0:0x4;0x1A38:0x5000,,candidate_spans_and_remaining_bytes_are_not_proven_code_data_classification
8013B000-c915421b1f185de851bc06f06753cab08024740ca5c9b81149ab28cf89f39495,20480,11952,0,8528,0x0:0x4;0x2EB4:0x5000,,candidate_spans_and_remaining_bytes_are_not_proven_code_data_classification
8013B000-c9b34544852294947abd02a54358b156879fcb04fbbead6611776e013e3e5fd3,20480,6320,0,14160,0x0:0x4;0x18B4:0x5000,,candidate_spans_and_remaining_bytes_are_not_proven_code_data_classification
8013B000-ca03e37aea3ab67fe7e69b1070d9eaa69d2a8c5734766c63ca0c4ee395c6a4dc,20480,0,0,20480,0x0:0x5000,0x19F0,candidate_spans_and_remaining_bytes_are_not_proven_code_data_classification
8013B000-ca5fba47b0f984eda4917e6dfae6027c593ce778db6e9e6cdaec949e7d47d4e6,20480,0,5296,15184,0x0:0x4;0x14B4:0x5000,,candidate_spans_and_remaining_bytes_are_not_proven_code_data_classification
8013B000-ca7259fe85e2a0dc130e36fb819d5033ff43ea648d6f33425914aabaf0d2873b,20480,0,5560,14920,0x0:0x4;0x15BC:0x5000,0x239C,candidate_spans_and_remaining_bytes_are_not_proven_code_data_classification
8013B000-ca90edb7be19bae31f115045a83f8e9a67c38fd0dbdb649a35dc54a63f83e6b7,20480,0,8412,12068,0x0:0x4;0x20E0:0x5000,,candidate_spans_and_remaining_bytes_are_not_proven_code_data_classification
8013B000-cb39521efa707cef873911f41d1d7cae16fc8e9a861c7df161de93fe9a4745c8,20480,0,0,20480,0x0:0x5000,0x3CD8,candidate_spans_and_remaining_bytes_are_not_proven_code_data_classification
8013B000-cb7810da8748b0541409c14455456b2c46dbe19dba59d0d6e060b3b3e58ebd75,20480,0,5088,15392,0x0:0x4;0x13E4:0x5000,,candidate_spans_and_remaining_bytes_are_not_proven_code_data_classification
8013B000-cc12064162ebb88bb33a3e02777ed6ad4a2c6fe06b6243be377c1e757940ef13,20480,0,6700,13780,0x0:0x4;0x1A30:0x5000,,candidate_spans_and_remaining_bytes_are_not_proven_code_data_classification
8013B000-cc3e9e8318638a564f7c26bfeeeb98b49dfef641d09efea56d094f08686f965f,20480,14448,0,6032,0x0:0x4;0x3874:0x5000,,candidate_spans_and_remaining_bytes_are_not_proven_code_data_classification
8013B000-cce590dd5de3c4e3df1b0198e4cc902abe148d72d84a678bd65f7254a83f4748,20480,0,9472,11008,0x0:0x4;0x2504:0x5000,,candidate_spans_and_remaining_bytes_are_not_proven_code_data_classification
8013B000-cd5861f54ff5e1401bfa37c86beccee5b061901e55d1c9c95a92954a01cda001,20480,0,6600,13880,0x0:0x4;0x19CC:0x5000,,candidate_spans_and_remaining_bytes_are_not_proven_code_data_classification
8013B000-cd6777c3708b6bd39b1704cc690513957dbb1be514fd0063255d6014d7a0a50e,20480,0,6196,14284,0x0:0x4;0x1838:0x5000,0x2FB8,candidate_spans_and_remaining_bytes_are_not_proven_code_data_classification
8013B000-cd6dc105ac1dfff2913d4d53b78660c10791a5853d8eaaa889ba64c2e85ba2c5,20480,0,6488,13992,0x0:0x4;0x195C:0x5000,,candidate_spans_and_remaining_bytes_are_not_proven_code_data_classification
8013B000-cd802979b6c93793214422ebb08f8531820482b2b36352b8a7bac994aac350f0,20480,0,5372,15108,0x0:0x4;0x1500:0x5000,,candidate_spans_and_remaining_bytes_are_not_proven_code_data_classification
8013B000-cdc5393fd8a3b273e9eee14a287a20b3e6457406dfcb6664f88869c6d51f80c2,20480,0,0,20480,0x0:0x5000,0x4ADC,candidate_spans_and_remaining_bytes_are_not_proven_code_data_classification
8013B000-cdfccc86f09acc63a2d420ba394e6a7aed56c66d8560a522fba246374e7fb72e,20480,0,0,20480,0x0:0x5000,0x19F0,candidate_spans_and_remaining_bytes_are_not_proven_code_data_classification
8013B000-ce26de53f44e960d38496df6100d6e8a54445f2e9ebaaafd134f05d58729cb17,20480,0,5700,14780,0x0:0x4;0x1648:0x5000,,candidate_spans_and_remaining_bytes_are_not_proven_code_data_classification
8013B000-cf11bdd94a2deea6da80aeea6e3a6448839574ec60ade555efb45d2d2b977c24,20480,0,6772,13708,0x0:0x4;0x1A78:0x5000,0x23F0,candidate_spans_and_remaining_bytes_are_not_proven_code_data_classification
8013B000-cf7374ba50cfe9cfec340a7948c053f48030ffa5f62a29bb0d39ef5fb7584e5f,20480,0,0,20480,0x0:0x5000,0x2358,candidate_spans_and_remaining_bytes_are_not_proven_code_data_classification
8013B000-d02c1caf5c78464deba90c65bcce9c5645bd7318eaec34a3a0f900c5096709d9,20480,0,9132,11348,0x0:0x4;0x23B0:0x5000,,candidate_spans_and_remaining_bytes_are_not_proven_code_data_classification
8013B000-d02d20f835c31944377409b9faa9befeb64d6f32781aa61f1365131e2051141f,20480,0,9140,11340,0x0:0x4;0x23B8:0x5000,,candidate_spans_and_remaining_bytes_are_not_proven_code_data_classification
8013B000-d044b9668c8f624679c201873a6db7fa4b33d7ecc3d968f976e3fad7b7bdb991,20480,0,6892,13588,0x0:0x4;0x1AF0:0x5000,,candidate_spans_and_remaining_bytes_are_not_proven_code_data_classification
8013B000-d0456ec3eec6c0f4936a5e77485a235010a355f8fbae8d6c468942ddfddd8b0f,20480,17308,0,3172,0x0:0x4;0x43A0:0x5000,,candidate_spans_and_remaining_bytes_are_not_proven_code_data_classification
8013B000-d0905c606fcf939a4b5e1db48a25d005e69343b0b621b72cf5f6cd8f90690631,20480,0,0,20480,0x0:0x5000,0x22A4,candidate_spans_and_remaining_bytes_are_not_proven_code_data_classification
8013B000-d0984c7bfef4b609d613cae6bffd1cf2433e20bb9c9da79eb61e5963eb03e9a8,20480,0,6772,13708,0x0:0x4;0x1A78:0x5000,0x23F0,candidate_spans_and_remaining_bytes_are_not_proven_code_data_classification
8013B000-d0c48e53a569f5933f959cd7bebff643289475749f646fa5c0fd5110b804c0a4,20480,0,0,20480,0x0:0x5000,0x3CD8,candidate_spans_and_remaining_bytes_are_not_proven_code_data_classification
8013B000-d0ccb7f931eab1a9dc026d2734acdc0240e48424d96fb668d3880cc171a8a65c,20480,0,4924,15556,0x0:0x4;0x1340:0x5000,,candidate_spans_and_remaining_bytes_are_not_proven_code_data_classification
8013B000-d0cd54af5bbe55af96439f1e7623021b92aa94eca89e20a0841aef4de67c0d80,20480,0,4260,16220,0x0:0x4;0x10A8:0x5000,0x14AC;0x1B3C;0x21E8;0x26EC;0x2EE4,candidate_spans_and_remaining_bytes_are_not_proven_code_data_classification
8013B000-d0ec5280973304ce9ea60447cd0eb8001ec161af4b3a308c756124d09a48824a,20480,0,8960,11520,0x0:0x4;0x2304:0x5000,,candidate_spans_and_remaining_bytes_are_not_proven_code_data_classification
8013B000-d0f279428e78b7419169cd899f8b7e821d416e074c1a05ba17998390d55259f1,20480,0,15884,4596,0x0:0x4;0x3E10:0x5000,0x4454,candidate_spans_and_remaining_bytes_are_not_proven_code_data_classification
8013B000-d10271ff6c4c7b9e052c134acb86750582cbde86bcedf1602ce73d82034902d2,20480,0,7524,12956,0x0:0x4;0x1D68:0x5000,,candidate_spans_and_remaining_bytes_are_not_proven_code_data_classification
8013B000-d10477aba3fbc60724c9a3960293a191ed8080778d2a66b325e2547ec8d2609d,20480,0,6488,13992,0x0:0x4;0x195C:0x5000,0x328C,candidate_spans_and_remaining_bytes_are_not_proven_code_data_classification
8013B000-d14c6f198494a0f5d72614037f3603565a026ecb69abd4f207cd050a6be17da2,20480,0,6708,13772,0x0:0x4;0x1A38:0x5000,,candidate_spans_and_remaining_bytes_are_not_proven_code_data_classification
8013B000-d178b3112acf5950e25f0b34d2403bb0e7c9217abd70d6401424f6cb8e9ad6d8,20480,0,6872,13608,0x0:0x4;0x1ADC:0x5000,,candidate_spans_and_remaining_bytes_are_not_proven_code_data_classification
8013B000-d1cfd91c718dcaa54d39f981f31c0541de750f56606e61616dd86addf276a2c7,20480,0,6196,14284,0x0:0x4;0x1838:0x5000,,candidate_spans_and_remaining_bytes_are_not_proven_code_data_classification
8013B000-d22634f14b10ae82186cccd52501999a50de179602a734f07917f6ae75233250,20480,0,10956,9524,0x0:0x4;0x2AD0:0x5000,,candidate_spans_and_remaining_bytes_are_not_proven_code_data_classification
8013B000-d2308e43e7d8fab71a28f95469f668be87c84f34117b16493c9da574e5c83444,20480,0,10672,9808,0x0:0x4;0x29B4:0x5000,,candidate_spans_and_remaining_bytes_are_not_proven_code_data_classification
8013B000-d29b7d9cac51cbc266953ede023ccacebd837cdcaed1a999ba63fbdd17104e1a,20480,0,9132,11348,0x0:0x4;0x23B0:0x5000,,candidate_spans_and_remaining_bytes_are_not_proven_code_data_classification
8013B000-d2c6179efd66e6a17cfa32ad5d2bee5324590ba5fc58e02a7597b2dc5e6ad208,20480,0,3816,16664,0x0:0x4;0xEEC:0x5000,,candidate_spans_and_remaining_bytes_are_not_proven_code_data_classification
8013B000-d2ef528c88ad5d5adabc05042db41e1bb51f67db7e426607f897c32c178583cb,20480,0,6204,14276,0x0:0x4;0x1840:0x5000,,candidate_spans_and_remaining_bytes_are_not_proven_code_data_classification
8013B000-d2f0957a2c874f96c0febdb6e1b44a30576ff8abfe846bed7d3fdf775a891cf6,20480,0,0,20480,0x0:0x5000,0x3CD8,candidate_spans_and_remaining_bytes_are_not_proven_code_data_classification
8013B000-d35d9e46592bdc04b613c0e921d40b1703faed8fe671dd9def1fad643fb532d4,20480,0,6420,14060,0x0:0x4;0x1918:0x5000,,candidate_spans_and_remaining_bytes_are_not_proven_code_data_classification
8013B000-d364bdc942a2d517493a38fc830e48a896ae8b456f55ed9c407114cc7079b484,20480,0,6196,14284,0x0:0x4;0x1838:0x5000,0x2FB8,candidate_spans_and_remaining_bytes_are_not_proven_code_data_classification
8013B000-d371c4443c528dc3ec7678256d58f4cefa0ab21656ce2f1c5347b57fc8e8c71d,20480,0,6900,13580,0x0:0x4;0x1AF8:0x5000,,candidate_spans_and_remaining_bytes_are_not_proven_code_data_classification
8013B000-d39cbff9c96def2a12ee97561eb20a720204bc17d2db2b4baa0bc5fd33697881,20480,0,6872,13608,0x0:0x4;0x1ADC:0x5000,0x1BF4;0x4C40,candidate_spans_and_remaining_bytes_are_not_proven_code_data_classification
8013B000-d3e600874f15f754dcb199d7b065a9dff6e2ec02e4553d6b86e52ccb2f88e80c,20480,0,7752,12728,0x0:0x4;0x1E4C:0x5000,,candidate_spans_and_remaining_bytes_are_not_proven_code_data_classification
8013B000-d3fe04e55f3e0688d68bad40de199d20cc3ee810cbb7d8e2c2dba6038d8d6ed8,20480,0,16508,3972,0x0:0x4;0x4080:0x5000,,candidate_spans_and_remaining_bytes_are_not_proven_code_data_classification
8013B000-d41cdc559b88f6d282ab761eac94ed3f148877ac4398d8abc891f004ca17ddcf,20480,0,9164,11316,0x0:0x4;0x23D0:0x5000,0x4718,candidate_spans_and_remaining_bytes_are_not_proven_code_data_classification
8013B000-d4298eb425e9b5070b5d66fa7b9bbb12258a0648d5c17aada50b9b29b1b900a6,20480,0,2964,17516,0x0:0x4;0xB98:0x5000,,candidate_spans_and_remaining_bytes_are_not_proven_code_data_classification
8013B000-d434e59c95d4be3ff51a45a293e5eb63dcfc7bd29330ea56c87b167e79c2a12d,20480,0,14360,6120,0x0:0x4;0x381C:0x5000,,candidate_spans_and_remaining_bytes_are_not_proven_code_data_classification
8013B000-d4a7334fe061ef64af93d86ec79a6756048d1aa78e0b966f65cefe2a75db5771,20480,0,6700,13780,0x0:0x4;0x1A30:0x5000,,candidate_spans_and_remaining_bytes_are_not_proven_code_data_classification
8013B000-d50d688145d535a6ddbf7f1da259ec6d0cb59669af0a09f55eb81eab93d18f9a,20480,0,4440,16040,0x0:0x4;0x115C:0x5000,,candidate_spans_and_remaining_bytes_are_not_proven_code_data_classification
8013B000-d5b68bd0d402e847be2161c5b897351960c59fe03c7112a304406958982757a3,20480,0,5860,14620,0x0:0x4;0x16E8:0x5000,0x1D14,candidate_spans_and_remaining_bytes_are_not_proven_code_data_classification
8013B000-d5cf525bbaa9940eb99452ef28f3824eb3241a139042194385ddc72f20c40d90,20480,0,3144,17336,0x0:0x4;0xC4C:0x5000,,candidate_spans_and_remaining_bytes_are_not_proven_code_data_classification
8013B000-d5d9514aba88f023527a520819143e8b489a138d8135b70f0adb0cf0dac310ef,20480,0,6892,13588,0x0:0x4;0x1AF0:0x5000,,candidate_spans_and_remaining_bytes_are_not_proven_code_data_classification
8013B000-d5d9c075e3f41722630da22aa472d2b93735006fe33c02d1b737a2361c00e771,20480,0,6420,14060,0x0:0x4;0x1918:0x5000,,candidate_spans_and_remaining_bytes_are_not_proven_code_data_classification
8013B000-d619f1569de5cbf16798bbb46f0c677472737209b9721591a59d577be95b1dac,20480,0,7752,12728,0x0:0x4;0x1E4C:0x5000,,candidate_spans_and_remaining_bytes_are_not_proven_code_data_classification
8013B000-d61fe59df2967d5565ed200df23dab8db0633e9c17d913b65fa402bdbfd40901,20480,0,7608,12872,0x0:0x4;0x1DBC:0x5000,,candidate_spans_and_remaining_bytes_are_not_proven_code_data_classification
8013B000-d6215b00834f7ff88e149de1c2e533564af41e0674bb448101df24d06c9e07c4,20480,0,7240,13240,0x0:0x4;0x1C4C:0x5000,,candidate_spans_and_remaining_bytes_are_not_proven_code_data_classification
8013B000-d62951b9a38d6ee83073e4abbce6ec4816c07b6a2ae10790115ddfed0b1cbaf2,20480,0,5348,15132,0x0:0x4;0x14E8:0x5000,0x1638;0x2B4C,candidate_spans_and_remaining_bytes_are_not_proven_code_data_classification
8013B000-d64ef602378f9db84133abdef55d1e330b71eeb4295836649c3077fd1e35e02d,20480,0,6196,14284,0x0:0x4;0x1838:0x5000,,candidate_spans_and_remaining_bytes_are_not_proven_code_data_classification
8013B000-d6a102740fa7ddf06110e4f1249fe9b7df38c213d804677048a839107980b03f,20480,0,8188,12292,0x0:0x4;0x2000:0x5000,,candidate_spans_and_remaining_bytes_are_not_proven_code_data_classification
8013B000-d6b4dea1911dcfd183c54c97bde455d06c75c189b4343c6689f4298c9400f2e7,20480,0,4160,16320,0x0:0x4;0x1044:0x5000,0x1DFC,candidate_spans_and_remaining_bytes_are_not_proven_code_data_classification
8013B000-d6c05621ade7ddc0aed114b862c9fdf76a0d975e1cf4bc76af64bba9eb7319b9,20480,0,6488,13992,0x0:0x4;0x195C:0x5000,0x328C,candidate_spans_and_remaining_bytes_are_not_proven_code_data_classification
8013B000-d6d7d5b00a639106a99cdf2895146957a097495a5e2fb0abcaf1f9c229045f81,20480,14384,0,6096,0x0:0x4;0x3834:0x5000,,candidate_spans_and_remaining_bytes_are_not_proven_code_data_classification
8013B000-d6fafc473ee5975689bd53a8d5135c18263257e7d0340141c8dd1a39697ec237,20480,18532,0,1948,0x0:0x4;0x4868:0x5000,0x4CAC,candidate_spans_and_remaining_bytes_are_not_proven_code_data_classification
8013B000-d7269581b222faf7596e038f495d6135037163936386f0ed1c89bb29ed0b7f16,20480,0,8188,12292,0x0:0x4;0x2000:0x5000,0x3204,candidate_spans_and_remaining_bytes_are_not_proven_code_data_classification
8013B000-d7842a8145410715675a45eb500eb1f551f0f8632bb16448dfc74eaecde8b705,20480,0,8188,12292,0x0:0x4;0x2000:0x5000,,candidate_spans_and_remaining_bytes_are_not_proven_code_data_classification
8013B000-d7e4d7085279d133db4f7c62723aab169e0cf2dc212fd37bc5a4210a5ed42782,20480,11720,0,8760,0x0:0x4;0x2DCC:0x5000,0x3670;0x4198;0x47A4,candidate_spans_and_remaining_bytes_are_not_proven_code_data_classification
8013B000-d842c52ddad50d98a0a6a1a2891e3a2fa7919bcc8032ac217d74325cc4a7076a,20480,17732,0,2748,0x0:0x4;0x4548:0x5000,,candidate_spans_and_remaining_bytes_are_not_proven_code_data_classification
8013B000-d86306bd51ea456105ff69ab03a846c84a4aa73158b4e2c3cd8a6c50d8669a22,20480,18256,0,2224,0x0:0x4;0x4754:0x5000,,candidate_spans_and_remaining_bytes_are_not_proven_code_data_classification
8013B000-d89c5f681cfadb871e37fb0ccc01a8aaf5a1257af9c643e7c36a10594d0b21c6,20480,0,0,20480,0x0:0x5000,0x19F0,candidate_spans_and_remaining_bytes_are_not_proven_code_data_classification
8013B000-d89d9de20f746ac7c2b9b3c7c10700633682af769a849d0f0e98262a02aa0471,20480,0,11112,9368,0x0:0x4;0x2B6C:0x5000,,candidate_spans_and_remaining_bytes_are_not_proven_code_data_classification
8013B000-d8c3b4054c55b6bcc1fb890a536d52b82192c9da45662f3f74cce47e68039980,20480,0,8616,11864,0x0:0x4;0x21AC:0x5000,0x423C,candidate_spans_and_remaining_bytes_are_not_proven_code_data_classification
8013B000-d8ed56214d29b296cacd61766fc3f43c825bda22b9472e55a0464cd630502664,20480,0,9164,11316,0x0:0x4;0x23D0:0x5000,,candidate_spans_and_remaining_bytes_are_not_proven_code_data_classification
8013B000-d909431d667d29b95454ea39225ce88c6134f521bd48771a1e9b3bc0938f721a,20480,0,6772,13708,0x0:0x4;0x1A78:0x5000,0x23F0,candidate_spans_and_remaining_bytes_are_not_proven_code_data_classification
8013B000-d957d8df285a864832bf93ad61c02d0cc73520751b0f633337e9f4bf67ebd04d,20480,0,7632,12848,0x0:0x4;0x1DD4:0x5000,,candidate_spans_and_remaining_bytes_are_not_proven_code_data_classification
8013B000-d95eb39f7d8ec7e211e7e5d733f47940398dfb833de3d20f64b544b71b59fd7d,20480,0,13496,6984,0x0:0x4;0x34BC:0x5000,,candidate_spans_and_remaining_bytes_are_not_proven_code_data_classification
8013B000-d9c83cfd57bc9cc71a3d60db27a456c29ae9f150a1c1e5d16bad522db0ce6ac0,20480,0,9260,11220,0x0:0x4;0x2430:0x5000,,candidate_spans_and_remaining_bytes_are_not_proven_code_data_classification
8013B000-d9ee528bc811bc94c964aca2e0ce27d176ca9e0348eccd6b7fb21affdc2e34db,20480,0,0,20480,0x0:0x5000,0x19F0,candidate_spans_and_remaining_bytes_are_not_proven_code_data_classification
8013B000-d9f5a47d39a08eb99f06c2b80da3bf102f0d82e82e5d1e79edf0c0afedc213f0,20480,0,0,20480,0x0:0x5000,0x2F68,candidate_spans_and_remaining_bytes_are_not_proven_code_data_classification
8013B000-da0ff820589f4745949e36d5a77dd8e971b095e3b7a8435ed5de4b9f92086aed,20480,0,8412,12068,0x0:0x4;0x20E0:0x5000,,candidate_spans_and_remaining_bytes_are_not_proven_code_data_classification
8013B000-da532683ce071844e7398fb7f6d22ff56e8772172cc010474a284cc0c6fa077d,20480,0,6708,13772,0x0:0x4;0x1A38:0x5000,,candidate_spans_and_remaining_bytes_are_not_proven_code_data_classification
8013B000-db75bdec2f2d1e8e524e6ab4f1118e0ad86a0e4761a7c8e8ff0204f046aa4c95,20480,12468,0,8012,0x0:0x4;0x30B8:0x5000,,candidate_spans_and_remaining_bytes_are_not_proven_code_data_classification
8013B000-db992557f1eada4b595db372f4453d25838d92e23ae0352f9eeadbb8694f7fe0,20480,0,4232,16248,0x0:0x4;0x108C:0x5000,0x1C40,candidate_spans_and_remaining_bytes_are_not_proven_code_data_classification
8013B000-dcac0f1b45c9d94de43bbdfcd499e93c30ad78e6124e23b62b462cbd99219be7,20480,11720,0,8760,0x0:0x4;0x2DCC:0x5000,,candidate_spans_and_remaining_bytes_are_not_proven_code_data_classification
8013B000-dcb3a6d3de7b0be57971877135ca195109f7d0d2b78b2cf30571181470dbf8d6,20480,11896,0,8584,0x0:0x4;0x2E7C:0x5000,,candidate_spans_and_remaining_bytes_are_not_proven_code_data_classification
8013B000-dcdf072e696bc06dc4a9c8da350981f2e36ba54b012799416901c2f38e98177b,20480,0,0,20480,0x0:0x5000,0x19F0,candidate_spans_and_remaining_bytes_are_not_proven_code_data_classification
8013B000-ddeab01516f7aaadca73034956f35fea5024143123b483efa3e04e752c2d694c,20480,0,4824,15656,0x0:0x4;0x12DC:0x5000,,candidate_spans_and_remaining_bytes_are_not_proven_code_data_classification
8013B000-de14c8031e046a1df508cbe550fe44989c604431bb7e82ee13138be328e47b27,20480,0,6276,14204,0x0:0x4;0x1888:0x5000,,candidate_spans_and_remaining_bytes_are_not_proven_code_data_classification
8013B000-de4466ef053f17dd2c0e214f8af0efdd7aa2445870c6706aac4825f7b1502917,20480,0,6940,13540,0x0:0x4;0x1B20:0x5000,,candidate_spans_and_remaining_bytes_are_not_proven_code_data_classification
8013B000-deed68f2c6d28ce1512f450e9987639700db55846bb6446e1be0523e6aae3b84,20480,10520,0,9960,0x0:0x4;0x291C:0x5000,0x2C7C;0x2FE8,candidate_spans_and_remaining_bytes_are_not_proven_code_data_classification
8013B000-def3f91276dcc27605c7bf8ba98987c480ac54af07bcc5c1da53aad92b298c5a,20480,0,0,20480,0x0:0x5000,0x44A4,candidate_spans_and_remaining_bytes_are_not_proven_code_data_classification
8013B000-df1279b62b18442f2a9063493b0ec5a507a32dc760f1dddcc742df0505e17590,20480,0,4984,15496,0x0:0x4;0x137C:0x5000,,candidate_spans_and_remaining_bytes_are_not_proven_code_data_classification
8013B000-df32385f7dab7fb0de2fd6032c28fc8af7eda68574c64fd9ade6f866924e6474,20480,14520,0,5960,0x0:0x4;0x38BC:0x5000,,candidate_spans_and_remaining_bytes_are_not_proven_code_data_classification
8013B000-dfa7bde4f44b0d26df03c6547fd3068019da6346167d361951e8e757f06d61eb,20480,0,5156,15324,0x0:0x4;0x1428:0x5000,0x1F54;0x24C8;0x2B60;0x317C;0x37B4;0x3DBC;0x4428,candidate_spans_and_remaining_bytes_are_not_proven_code_data_classification
8013B000-dfa90fdfa243e197b4765faf7fd9fdea5290bd1a939b7a96f43c23999dd18c49,20480,0,5292,15188,0x0:0x4;0x14B0:0x5000,,candidate_spans_and_remaining_bytes_are_not_proven_code_data_classification
8013B000-dfd4f27dbe68e65c051bdef0a2d5a4690d737573dfd76eff1198ce805e4b56f7,20480,11404,0,9076,0x0:0x4;0x2C90:0x5000,,candidate_spans_and_remaining_bytes_are_not_proven_code_data_classification
8013B000-dff0af722294f1f7c86f0eea1730b36830b3b822c762431ac53e3be55769892b,20480,11036,0,9444,0x0:0x4;0x2B20:0x5000,,candidate_spans_and_remaining_bytes_are_not_proven_code_data_classification
8013B000-dff3fe43a9441de5fac83c3bf7b2f4d745c94e404a170330167fb5ca9bda6283,20480,0,7748,12732,0x0:0x4;0x1E48:0x5000,,candidate_spans_and_remaining_bytes_are_not_proven_code_data_classification
8013B000-e01196ac8dea02c12508aa1d00d2e50c5c222394441048e3ec31e50e346d687a,20480,14740,0,5740,0x0:0x4;0x3998:0x5000,,candidate_spans_and_remaining_bytes_are_not_proven_code_data_classification
8013B000-e0afca2424b9b9f9b7c24541c30195c0a15060c9f5c783630185c48943d93fab,20480,0,6420,14060,0x0:0x4;0x1918:0x5000,,candidate_spans_and_remaining_bytes_are_not_proven_code_data_classification
8013B000-e0d18efacceaaeb3596080f1915031c5a218bc0835a2a1f5ed83b47066472585,20480,0,7364,13116,0x0:0x4;0x1CC8:0x5000,,candidate_spans_and_remaining_bytes_are_not_proven_code_data_classification
8013B000-e124cfd5c7f618a65eb84200ad5ae346ad4fcf855507f6410cee7369f49abc02,20480,17232,0,3248,0x0:0x4;0x4354:0x5000,,candidate_spans_and_remaining_bytes_are_not_proven_code_data_classification
8013B000-e14ef0ae0f5b7f9f505c275c3b8df8e8b830e6f40068285922beccf6d59e99f4,20480,0,10880,9600,0x0:0x4;0x2A84:0x5000,,candidate_spans_and_remaining_bytes_are_not_proven_code_data_classification
8013B000-e15544078d6832f1dca58487d3c6f4f238a0be8caea0f7750bab9f76885642da,20480,0,4952,15528,0x0:0x4;0x135C:0x5000,,candidate_spans_and_remaining_bytes_are_not_proven_code_data_classification
8013B000-e1600d295ebf23f39dc85952b66a7afc03e9f065bf2d86bccaf70995c1efd641,20480,0,4160,16320,0x0:0x4;0x1044:0x5000,,candidate_spans_and_remaining_bytes_are_not_proven_code_data_classification
8013B000-e160ee199a3a1edfef45259cfe0b26e8e1bf902e9c9c3cc981250c27d3007a34,20480,0,0,20480,0x0:0x5000,0x2F68,candidate_spans_and_remaining_bytes_are_not_proven_code_data_classification
8013B000-e27d2ab6352960331b9f355d23ec29d545bd5bf68e6bc032baef66f6de382ce1,20480,0,12216,8264,0x0:0x4;0x2FBC:0x5000,,candidate_spans_and_remaining_bytes_are_not_proven_code_data_classification
8013B000-e2b322e297ee90efb94206a6bb7ef1c7f6433b78b755642e60efa3801e713c4a,20480,0,5872,14608,0x0:0x4;0x16F4:0x5000,,candidate_spans_and_remaining_bytes_are_not_proven_code_data_classification
8013B000-e2c5716fbd644f913ee05e65edcf0eec5248caafaefaa31609f15f73398cbc21,20480,0,9452,11028,0x0:0x4;0x24F0:0x5000,,candidate_spans_and_remaining_bytes_are_not_proven_code_data_classification
8013B000-e2dedb5f77095b9c4d5b81d304e527b0291521b4878f01415a2eb9ef614c29a5,20480,0,0,20480,0x0:0x5000,0xE40;0x1204,candidate_spans_and_remaining_bytes_are_not_proven_code_data_classification
8013B000-e2ec4b7642cc951c9a130e1418ce81c50f3e2a0bb5dd1b9e23d24b4c834433e8,20480,0,7292,13188,0x0:0x4;0x1C80:0x5000,0x3D8C,candidate_spans_and_remaining_bytes_are_not_proven_code_data_classification
8013B000-e2edf350a5259e84f9f4a2e38aae8cc13b7a011c21ab13a05cc0b2acc53f0433,20480,0,10956,9524,0x0:0x4;0x2AD0:0x5000,,candidate_spans_and_remaining_bytes_are_not_proven_code_data_classification
8013B000-e30e7d8485c05546ea08fe19232542bdf15c2c0c7b9c1ae9c517d47a619e05c2,20480,0,13412,7068,0x0:0x4;0x3468:0x5000,,candidate_spans_and_remaining_bytes_are_not_proven_code_data_classification
8013B000-e3f761acb50b98577d0e87d9f670591bf671b0ddf8b885eaa20a1c564287ef99,20480,0,0,20480,0x0:0x5000,0x3F90,candidate_spans_and_remaining_bytes_are_not_proven_code_data_classification
8013B000-e40c9574e22ba032807f30ba2b10c4844a15d5176cf49ea17a77e8fc0b927780,20480,0,4260,16220,0x0:0x4;0x10A8:0x5000,0x20B8,candidate_spans_and_remaining_bytes_are_not_proven_code_data_classification
8013B000-e4e480e527ecda6b292a88668d7fb8c7a44a78e15fc315ce0cdf76ee798dab76,20480,0,6196,14284,0x0:0x4;0x1838:0x5000,,candidate_spans_and_remaining_bytes_are_not_proven_code_data_classification
8013B000-e4e81cbc13d5f7c7beea9cfe8c540d9e90b479a916ec03f28f70d0aa439b3a2e,20480,0,15264,5216,0x0:0x4;0x3BA4:0x5000,,candidate_spans_and_remaining_bytes_are_not_proven_code_data_classification
8013B000-e520529b2eb3b906178dce423e358c2f7099b815634fcaf3168e55c2fb918abe,20480,17732,0,2748,0x0:0x4;0x4548:0x5000,,candidate_spans_and_remaining_bytes_are_not_proven_code_data_classification
8013B000-e5718748b41fb49204901a40b8aba242148912e4a92a24d734934328f0d90762,20480,0,13596,6884,0x0:0x4;0x3520:0x5000,,candidate_spans_and_remaining_bytes_are_not_proven_code_data_classification
8013B000-e5be5dbc3e5e032a529b917f8ec61ab402b9a62b1ebf1d9cb287cd37d305d52c,20480,0,6572,13908,0x0:0x4;0x19B0:0x5000,,candidate_spans_and_remaining_bytes_are_not_proven_code_data_classification
8013B000-e5ebb5e4e19a9a1a2714b5d06b9a5e6c1fea8a59deda95c96284ab7bd277d4e6,20480,0,6940,13540,0x0:0x4;0x1B20:0x5000,,candidate_spans_and_remaining_bytes_are_not_proven_code_data_classification
8013B000-e665fec159ece4828674fd3b0a4adc95d28dcf8b75b8c58b7a0a871418ab79f8,20480,0,6060,14420,0x0:0x4;0x17B0:0x5000,,candidate_spans_and_remaining_bytes_are_not_proven_code_data_classification
8013B000-e73e81033ed85d8ae8d4fc8a8e29481044352e35979a429b08f06e8a9e290a46,20480,0,0,20480,0x0:0x5000,0x3CD8,candidate_spans_and_remaining_bytes_are_not_proven_code_data_classification
8013B000-e7afe988725314dd7500841a1aad0a9018e5b9b762e4cfa23bb9487c29ced128,20480,11952,0,8528,0x0:0x4;0x2EB4:0x5000,,candidate_spans_and_remaining_bytes_are_not_proven_code_data_classification
8013B000-e7d103b3520d929fad8cb1eb6ad60628feb84f77cef3d868e1572af271eac71a,20480,0,0,20480,0x0:0x5000,0x2358;0x317C,candidate_spans_and_remaining_bytes_are_not_proven_code_data_classification
8013B000-e7d2de54fd08e30386a2b866301c00cdd2e53baa6d2b5ccbf9c7a66d71cd911d,20480,17828,1364,1288,0x0:0x4;0x4AFC:0x5000,,candidate_spans_and_remaining_bytes_are_not_proven_code_data_classification
8013B000-e7d887f342f517179e1f9c34ccc32b769147cb9afa056d9c02efeea1fadbd41a,20480,8120,0,12360,0x0:0x4;0x1FBC:0x5000,,candidate_spans_and_remaining_bytes_are_not_proven_code_data_classification
8013B000-e7f779faab0b45732f3a27f4caefd169f45ab22b92aab62feb39c72ae84ccc39,20480,0,3296,17184,0x0:0x4;0xCE4:0x5000,0x1388;0x1900;0x1DD0,candidate_spans_and_remaining_bytes_are_not_proven_code_data_classification
8013B000-e80fea4e4f8d710f97f31387a3cf294e8b505faaf58de3856d517cb730e089cb,20480,0,7148,13332,0x0:0x4;0x1BF0:0x5000,0x4BE4,candidate_spans_and_remaining_bytes_are_not_proven_code_data_classification
8013B000-e8490e5a2ee8e00722ee5f703573f4a1b5c341140ddcb9b3d3571a6f83443ea1,20480,0,8684,11796,0x0:0x4;0x21F0:0x5000,,candidate_spans_and_remaining_bytes_are_not_proven_code_data_classification
8013B000-e868bdbfc0124ebbdbb7ba89678740054b042622d949601b26aaab4f37c71db2,20480,0,13596,6884,0x0:0x4;0x3520:0x5000,,candidate_spans_and_remaining_bytes_are_not_proven_code_data_classification
8013B000-e8769ba6771d1886ce3e946419e717733a3bbf4c1236c151d148576426f02605,20480,0,5004,15476,0x0:0x4;0x1390:0x5000,0x1ABC,candidate_spans_and_remaining_bytes_are_not_proven_code_data_classification
8013B000-e893b2c350b3e37d8c6900e203d359195cf30e4480fa4aefae653a71b97cfb5d,20480,0,10052,10428,0x0:0x4;0x2748:0x5000,,candidate_spans_and_remaining_bytes_are_not_proven_code_data_classification
8013B000-e8b4241150c25c61fc01050f71025ce2510c9b518470627fe42a276a77571d5a,20480,0,3928,16552,0x0:0x4;0xF5C:0x5000,,candidate_spans_and_remaining_bytes_are_not_proven_code_data_classification
8013B000-e8bdeeb34852912cec758427f3d26d8dfb6434b295459f2e62b75e3534c1ea2d,20480,0,6420,14060,0x0:0x4;0x1918:0x5000,,candidate_spans_and_remaining_bytes_are_not_proven_code_data_classification
8013B000-e8db27871680a23d13854a139a79b83c88cba1bf80340130c6677a56e6f01bce,20480,0,6196,14284,0x0:0x4;0x1838:0x5000,,candidate_spans_and_remaining_bytes_are_not_proven_code_data_classification
8013B000-e8e3849512224beeca017a178d78357e0fef91a2ad0461aa9f93faca7afaf261,20480,10440,0,10040,0x0:0x4;0x28CC:0x5000,,candidate_spans_and_remaining_bytes_are_not_proven_code_data_classification
8013B000-e929c9ceccac8ec382c8c552c2f1ccb479cf7b6cc665f2f710fe841dfd1a3927,20480,0,6036,14444,0x0:0x4;0x1798:0x5000,,candidate_spans_and_remaining_bytes_are_not_proven_code_data_classification
8013B000-e937c76ec1afee3e5da99fad6e8283e4c9ada648b7394b79a3afa718dc813fe0,20480,0,3756,16724,0x0:0x4;0xEB0:0x5000,,candidate_spans_and_remaining_bytes_are_not_proven_code_data_classification
8013B000-e952a9b655115c6cc6dbfdac500f6948643da76f14fd7dc85304d68a76308063,20480,11720,0,8760,0x0:0x4;0x2DCC:0x5000,,candidate_spans_and_remaining_bytes_are_not_proven_code_data_classification
8013B000-e98cedc39a4c6763d565c8e8eae528a869ca33551cc7cc399322a4584f890bc1,20480,2384,0,18096,0x0:0x4;0x954:0x5000,0xE2C,candidate_spans_and_remaining_bytes_are_not_proven_code_data_classification
8013B000-e9e8c34dcee352dc0cec3f0300a2bfa97c5f9cfd725ba434dbf98db2c01f1572,20480,17732,0,2748,0x0:0x4;0x4548:0x5000,,candidate_spans_and_remaining_bytes_are_not_proven_code_data_classification
8013B000-ea2f542fc3b9a6cae338930618ebb7665de3063aa28e5ef8ff14f1ea006ab604,20480,0,11252,9228,0x0:0x4;0x2BF8:0x5000,,candidate_spans_and_remaining_bytes_are_not_proven_code_data_classification
8013B000-eaad64467eca27fec6f107312fc2964d8cd9673c29e768899cfdaaef8ce81ccb,20480,0,7032,13448,0x0:0x4;0x1B7C:0x5000,,candidate_spans_and_remaining_bytes_are_not_proven_code_data_classification
8013B000-eacedfca6d21d30204428081160053f851b37e1dfaa482485df07b34a4b02b6b,20480,0,9164,11316,0x0:0x4;0x23D0:0x5000,,candidate_spans_and_remaining_bytes_are_not_proven_code_data_classification
8013B000-eae0709b5d3f066f38218c0b72903e1a79f166edabf07658e912feb8be660a0c,20480,14740,0,5740,0x0:0x4;0x3998:0x5000,,candidate_spans_and_remaining_bytes_are_not_proven_code_data_classification
8013B000-eb2cb059a4b1747123579cef6f7c7e094cc2c7bc580833157659bdb221d7f556,20480,0,5004,15476,0x0:0x4;0x1390:0x5000,,candidate_spans_and_remaining_bytes_are_not_proven_code_data_classification
8013B000-eb99e2509de7a9cdd844eed1bffcd2ad301f049875ec64282717e1e6377e6d1f,20480,0,3496,16984,0x0:0x4;0xDAC:0x5000,,candidate_spans_and_remaining_bytes_are_not_proven_code_data_classification
8013B000-ebb7f182ed9063b497fd2a6a7f971d0847481137ac2d85b031b2bbc6b8c88646,20480,0,4924,15556,0x0:0x4;0x1340:0x5000,,candidate_spans_and_remaining_bytes_are_not_proven_code_data_classification
8013B000-ebd2bde36a18c9d3cb879e161b6a84ac05fb86d55fe4fbbd732b1c6874088354,20480,0,4068,16412,0x0:0x4;0xFE8:0x5000,0x258C,candidate_spans_and_remaining_bytes_are_not_proven_code_data_classification
8013B000-ec0374ecc537b2132c1daebeef6d2922a030b54913223ae94ebcf22cd0dd53d3,20480,16488,0,3992,0x0:0x4;0x406C:0x5000,,candidate_spans_and_remaining_bytes_are_not_proven_code_data_classification
8013B000-ec1747dd62716ce4619ad6c0a88dca705cc3432102da117add26cdb3b08310b8,20480,10440,0,10040,0x0:0x4;0x28CC:0x5000,,candidate_spans_and_remaining_bytes_are_not_proven_code_data_classification
8013B000-ec90883a2728c62a1763eea6c9624e360f848ed8ff0206924c3d8c125f424fa8,20480,18532,0,1948,0x0:0x4;0x4868:0x5000,0x4CAC,candidate_spans_and_remaining_bytes_are_not_proven_code_data_classification
8013B000-ed7eb38a095dd5982ab37b2cabeaccafc3513905ee2555f6c67aebd66d4d6eaa,20480,2384,0,18096,0x0:0x4;0x954:0x5000,,candidate_spans_and_remaining_bytes_are_not_proven_code_data_classification
8013B000-eda7d98992c87f0ba55de6e068698ffe21a149550d2a1c56915443f6470dfc6b,20480,0,0,20480,0x0:0x5000,0x4ADC,candidate_spans_and_remaining_bytes_are_not_proven_code_data_classification
8013B000-edad0c2d74bcaa1a54309cda253b68290aa1969cf3073c57f7af57fb021a17a7,20480,0,13920,6560,0x0:0x4;0x3664:0x5000,,candidate_spans_and_remaining_bytes_are_not_proven_code_data_classification
8013B000-ede90d8a975fe9fd503a5d6969ee4fdf87478829ba29287aa76496e602fa1291,20480,0,13412,7068,0x0:0x4;0x3468:0x5000,,candidate_spans_and_remaining_bytes_are_not_proven_code_data_classification
8013B000-ee0a215d3d60072cc08c3f6407c53367623d1ada4fa981c8a858d86cab76a1b3,20480,0,19376,1104,0x0:0x4;0x4BB4:0x5000,,candidate_spans_and_remaining_bytes_are_not_proven_code_data_classification
8013B000-ee236c26ce0806d392208de39c3a4b80d5ac627f22d14ddfb97825ea24c5db34,20480,0,4440,16040,0x0:0x4;0x115C:0x5000,0x1954;0x49C8;0x4D68,candidate_spans_and_remaining_bytes_are_not_proven_code_data_classification
8013B000-ee256b410a9f7d808dbc57138a72ed5504b0b1f68862da41ad03bbd88055c645,20480,18256,0,2224,0x0:0x4;0x4754:0x5000,,candidate_spans_and_remaining_bytes_are_not_proven_code_data_classification
8013B000-ee4ed1d4d307bdf15ade3d50f2964b693459cd3bd9a947a052cadf32541ffc5e,20480,0,3868,16612,0x0:0x4;0xF20:0x5000,,candidate_spans_and_remaining_bytes_are_not_proven_code_data_classification
8013B000-ee7b4a35213d424d2de81c15327bfe5d0128ab60930f8080c602125fc631dca8,20480,0,15364,5116,0x0:0x4;0x3C08:0x5000,,candidate_spans_and_remaining_bytes_are_not_proven_code_data_classification
8013B000-ef1a808096a2dcb4ecfaa11912cb322d4b0b5c1a883d50828720f7cd72be6b6d,20480,0,9260,11220,0x0:0x4;0x2430:0x5000,,candidate_spans_and_remaining_bytes_are_not_proven_code_data_classification
8013B000-ef3d01563810007c798e4a84956204eb98b71926f5c0b5647898b51866203ec3,20480,0,6488,13992,0x0:0x4;0x195C:0x5000,0x328C,candidate_spans_and_remaining_bytes_are_not_proven_code_data_classification
8013B000-ef88835039213a4d1bd796cc25af643c262bf18c629608cfd26b5e44d3452ef9,20480,0,4260,16220,0x0:0x4;0x10A8:0x5000,,candidate_spans_and_remaining_bytes_are_not_proven_code_data_classification
8013B000-f03d69d49f2bb3cc32d4200def9a3460f024f77275c782d1fb5f2e498a7eeeda,20480,0,6364,14116,0x0:0x4;0x18E0:0x5000,0x258C,candidate_spans_and_remaining_bytes_are_not_proven_code_data_classification
8013B000-f08ed018e08081f42a9167edd6275e2d70826980710c1dc8a5081319a6a3537f,20480,0,8188,12292,0x0:0x4;0x2000:0x5000,,candidate_spans_and_remaining_bytes_are_not_proven_code_data_classification
8013B000-f0e78dc5f262621bbcc24dce22e0348ada0ba0e60ca95cdc0dfcc37b2b601bce,20480,14384,0,6096,0x0:0x4;0x3834:0x5000,,candidate_spans_and_remaining_bytes_are_not_proven_code_data_classification
8013B000-f106933c67b5cbde5c32717ff68eada90aa691cb829d330d1f019a0526843fca,20480,0,6524,13956,0x0:0x4;0x1980:0x5000,0x3844;0x3DF0,candidate_spans_and_remaining_bytes_are_not_proven_code_data_classification
8013B000-f12a5b841d9b817e978984e7901d060cab6d976948a817bd42f44c90caa7cfa3,20480,0,6196,14284,0x0:0x4;0x1838:0x5000,,candidate_spans_and_remaining_bytes_are_not_proven_code_data_classification
8013B000-f14ad30b942052d0d5760089ad294f268bd7381fd1be054c3a8c1c77ece241ee,20480,15048,0,5432,0x0:0x4;0x3ACC:0x5000,,candidate_spans_and_remaining_bytes_are_not_proven_code_data_classification
8013B000-f154ac08f4cdd184fed8cccc5f8ba01c81ea3d568c951819ad72a19fd3e6bb85,20480,0,4532,15948,0x0:0x4;0x11B8:0x5000,,candidate_spans_and_remaining_bytes_are_not_proven_code_data_classification
8013B000-f15cd38e048add9979534496fd3ebf42e4524b515e885391d86c9db246faf7a7,20480,0,0,20480,0x0:0x5000,0x3F90,candidate_spans_and_remaining_bytes_are_not_proven_code_data_classification
8013B000-f17e82c31a9e25325f9d65ba1c26cbab7dff212f79db544854846dc0139f5292,20480,0,13036,7444,0x0:0x4;0x32F0:0x5000,,candidate_spans_and_remaining_bytes_are_not_proven_code_data_classification
8013B000-f19d115ac23f10eda35779ad859553d4f3eced059e251a42fe22a003c4a988b0,20480,0,6204,14276,0x0:0x4;0x1840:0x5000,0x2914,candidate_spans_and_remaining_bytes_are_not_proven_code_data_classification
8013B000-f19e1b8b9998df7a9685d5fc1a74822bed0dff4ef4fc4e099401d3612add4fd2,20480,0,6204,14276,0x0:0x4;0x1840:0x5000,,candidate_spans_and_remaining_bytes_are_not_proven_code_data_classification
8013B000-f24e369218e72324f591cef0060d8b1a974aa419d9cb7b516923f666db156d95,20480,0,3824,16656,0x0:0x4;0xEF4:0x5000,,candidate_spans_and_remaining_bytes_are_not_proven_code_data_classification
8013B000-f268d9002593be0a9678d2faace3608336f47680fa3e57b625c6f2f17a317b34,20480,0,0,20480,0x0:0x5000,0x3CD8,candidate_spans_and_remaining_bytes_are_not_proven_code_data_classification
8013B000-f2e303d954fecdef4ddacbac7d3a29f8a04639b9c78936d8dcd1e060086ddb35,20480,0,6700,13780,0x0:0x4;0x1A30:0x5000,,candidate_spans_and_remaining_bytes_are_not_proven_code_data_classification
8013B000-f2ec071491e8760586a790c9cf166fd176b854abda6340baa85a8f087fa93e88,20480,0,8188,12292,0x0:0x4;0x2000:0x5000,,candidate_spans_and_remaining_bytes_are_not_proven_code_data_classification
8013B000-f356a7f838c49bb5d53ea1a1b29993a185922ef3de6364b6067cf0cc11438632,20480,0,9140,11340,0x0:0x4;0x23B8:0x5000,,candidate_spans_and_remaining_bytes_are_not_proven_code_data_classification
8013B000-f361dcd7b4ebb8f01fe3fdad30abb68cdf4aa555d493eeed8944cd8c9c9652b3,20480,0,11184,9296,0x0:0x4;0x2BB4:0x5000,,candidate_spans_and_remaining_bytes_are_not_proven_code_data_classification
8013B000-f3b3409bf096cd5982874703d60e0b17bfa7ea448b916256db9eb30521595dac,20480,0,5292,15188,0x0:0x4;0x14B0:0x5000,,candidate_spans_and_remaining_bytes_are_not_proven_code_data_classification
8013B000-f402bfc51223a5428b45c76296029611f7b7deebf44f7726b15fefba1e42f9f2,20480,0,6420,14060,0x0:0x4;0x1918:0x5000,,candidate_spans_and_remaining_bytes_are_not_proven_code_data_classification
8013B000-f4330a804d8332ce0c86f45a5bb7f29b0c6d46a8b0ea68d8cd4369ed8b9679d3,20480,0,9132,11348,0x0:0x4;0x23B0:0x5000,,candidate_spans_and_remaining_bytes_are_not_proven_code_data_classification
8013B000-f474af92027957fde586e2b44d0544cbb37065dffe9f229b5b4ce0595e6b9a19,20480,0,6196,14284,0x0:0x4;0x1838:0x5000,,candidate_spans_and_remaining_bytes_are_not_proven_code_data_classification
8013B000-f478da5a8d4e6e09618cd0ae672246447d7612d7e15eada485ed3785e930a714,20480,0,0,20480,0x0:0x5000,0xE40;0x1204,candidate_spans_and_remaining_bytes_are_not_proven_code_data_classification
8013B000-f4b1f2397a23b473bdb3039cd00f0d21829c60a9cd56e3a164afc559fd5926dd,20480,0,13168,7312,0x0:0x4;0x3374:0x5000,,candidate_spans_and_remaining_bytes_are_not_proven_code_data_classification
8013B000-f4bc1abd399403fa3e718907995e7347a2d067ac99dae438c85f4e7c5041b948,20480,0,6892,13588,0x0:0x4;0x1AF0:0x5000,,candidate_spans_and_remaining_bytes_are_not_proven_code_data_classification
8013B000-f4bf9babe4a12535c171cd1476db656a42be7b1093f53d04c1f27fba0af43569,20480,0,14316,6164,0x0:0x4;0x37F0:0x5000,,candidate_spans_and_remaining_bytes_are_not_proven_code_data_classification
8013B000-f4ca0a15dc0e0eeeae573d3b207b5906487138c4f7a2e127199acfb6e1801073,20480,0,0,20480,0x0:0x5000,0x1348,candidate_spans_and_remaining_bytes_are_not_proven_code_data_classification
8013B000-f4d830275d163a7ee1f3812b254d8a743ed30bc9f56c3ec45fcf5d6dde180324,20480,13712,0,6768,0x0:0x4;0x3594:0x5000,,candidate_spans_and_remaining_bytes_are_not_proven_code_data_classification
8013B000-f4ee0872b6ef2ea9e099e72b52c00c4cc2f7761004c974a40e165c222b637c04,20480,0,9924,10556,0x0:0x4;0x26C8:0x5000,,candidate_spans_and_remaining_bytes_are_not_proven_code_data_classification
8013B000-f5165189e28d374cdf3c7276e3ff7e4c3c9ee48a6956290c36d887d2c5b94131,20480,0,4260,16220,0x0:0x4;0x10A8:0x5000,0x20B8,candidate_spans_and_remaining_bytes_are_not_proven_code_data_classification
8013B000-f528d77dc68a0f5a06ba6e0d905e7c9de9babe54cebb886f63c80aa879d7ab8c,20480,0,4080,16400,0x0:0x4;0xFF4:0x5000,,candidate_spans_and_remaining_bytes_are_not_proven_code_data_classification
8013B000-f57e1c3369780987443423ee273e9ec7d0369eafa09d11810a673c341bfeff16,20480,0,8092,12388,0x0:0x4;0x1FA0:0x5000,,candidate_spans_and_remaining_bytes_are_not_proven_code_data_classification
8013B000-f58c1b6afddf26d150097a22cd46aa6dcce075f09e2c7502bd7a9cb5e767ec3a,20480,0,6816,13664,0x0:0x4;0x1AA4:0x5000,,candidate_spans_and_remaining_bytes_are_not_proven_code_data_classification
8013B000-f6035b64ecb0cc70938f9d3a4b00ef6e1f57e5633c3d289aaf1450b26f30be49,20480,0,14644,5836,0x0:0x4;0x3938:0x5000,,candidate_spans_and_remaining_bytes_are_not_proven_code_data_classification
8013B000-f646d13155a57d43c70581c6633052c06189f1e33db86af6bcaebbdd48ab1010,20480,9992,0,10488,0x0:0x4;0x270C:0x5000,,candidate_spans_and_remaining_bytes_are_not_proven_code_data_classification
8013B000-f65dd4d8cc92e12af12d185aca7f7ae74be5363ccfef3488897e84d26251983e,20480,0,8324,12156,0x0:0x4;0x2088:0x5000,,candidate_spans_and_remaining_bytes_are_not_proven_code_data_classification
8013B000-f67cca352e3ab44f4e38faddd8d00b06423901c43cb940236a433d67866d8b82,20480,0,6772,13708,0x0:0x4;0x1A78:0x5000,0x23F0,candidate_spans_and_remaining_bytes_are_not_proven_code_data_classification
8013B000-f6c4e4e2237e6bf253eeb98c3bf6f127b6258b58f8536667f0b46cd3a0dfa124,20480,0,0,20480,0x0:0x5000,0x2358,candidate_spans_and_remaining_bytes_are_not_proven_code_data_classification
8013B000-f74f54e30a5705ced49676ce779a331a700d5d4d99d168125fca934cbcf3cd16,20480,0,8188,12292,0x0:0x4;0x2000:0x5000,,candidate_spans_and_remaining_bytes_are_not_proven_code_data_classification
8013B000-f75b8f7510ce4091a0230d6b17a2a6c3d6db8551a00f4d425c1af195c942220e,20480,0,10572,9908,0x0:0x4;0x2950:0x5000,,candidate_spans_and_remaining_bytes_are_not_proven_code_data_classification
8013B000-f77d8a9b5196c88e66dc4c0c208d95bccfc785c4dd2f33e858e8c6694a6471a8,20480,0,4440,16040,0x0:0x4;0x115C:0x5000,,candidate_spans_and_remaining_bytes_are_not_proven_code_data_classification
8013B000-f79c0bfe0e14cbe7b8bfa7c062a6487551db2acb723efb74a0165417f3f92af8,20480,0,9164,11316,0x0:0x4;0x23D0:0x5000,0x4718,candidate_spans_and_remaining_bytes_are_not_proven_code_data_classification
8013B000-f7b7c6001d78fd04e9a1a19a311d52afcb53db302ce6d600e755c7d9f0fc227f,20480,0,9260,11220,0x0:0x4;0x2430:0x5000,,candidate_spans_and_remaining_bytes_are_not_proven_code_data_classification
8013B000-f7cb05fd28393e7e22f70e8f86f30f89b2025dfc947bfd0a1ff0c29510383533,20480,0,0,20480,0x0:0x5000,0x19F0,candidate_spans_and_remaining_bytes_are_not_proven_code_data_classification
8013B000-f7dd93525025f733e375c2fc1828c73a218e8f0a2027d8e0c065b257ee717d3a,20480,0,0,20480,0x0:0x5000,0x1F6C,candidate_spans_and_remaining_bytes_are_not_proven_code_data_classification
8013B000-f860f3fe2f9e624f2cd0c38210b0ec06a862739a6a3ecaf5663ecb5c2e1e7320,20480,0,0,20480,0x0:0x5000,0x19F0,candidate_spans_and_remaining_bytes_are_not_proven_code_data_classification
8013B000-f865e5c7bb7f168231c9ce8af448a70ead105fe7dd8889502e6839ea4ecd2be3,20480,0,7240,13240,0x0:0x4;0x1C4C:0x5000,,candidate_spans_and_remaining_bytes_are_not_proven_code_data_classification
8013B000-f879057a88593e7fab5eb9dbaf17deef8af1f4644268f5d7d4054fd2d0f1b04a,20480,0,6488,13992,0x0:0x4;0x195C:0x5000,0x328C,candidate_spans_and_remaining_bytes_are_not_proven_code_data_classification
8013B000-f8be9fb938602250a24366c128e925bab05729ab15db9e7a12c1cca4d6ecf4b9,20480,0,14620,5860,0x0:0x4;0x3920:0x5000,,candidate_spans_and_remaining_bytes_are_not_proven_code_data_classification
8013B000-f9120df5194f092076297788f4506c3ac7f3079f22a307ff8a0a2c5d3287af22,20480,0,8188,12292,0x0:0x4;0x2000:0x5000,,candidate_spans_and_remaining_bytes_are_not_proven_code_data_classification
8013B000-f917330250feb5553431154dba8911128a141dbba654bf0f9fb294f45cffe2e8,20480,0,6524,13956,0x0:0x4;0x1980:0x5000,0x3844,candidate_spans_and_remaining_bytes_are_not_proven_code_data_classification
8013B000-f96c27fbd7ce6066b20f8b9491431bb42b989d0985d5f60051a204e378a1f810,20480,0,4504,15976,0x0:0x4;0x119C:0x5000,,candidate_spans_and_remaining_bytes_are_not_proven_code_data_classification
8013B000-f982799b8e065209e8219a89638076c786d26752c05a6d4fdc4cd52926fe325e,20480,17732,0,2748,0x0:0x4;0x4548:0x5000,,candidate_spans_and_remaining_bytes_are_not_proven_code_data_classification
8013B000-f982fa35ef3d65627210c7cb39131cb2f9df2c650b1864b91e88e3e2ff4c5af1,20480,0,15612,4868,0x0:0x4;0x3D00:0x5000,,candidate_spans_and_remaining_bytes_are_not_proven_code_data_classification
8013B000-f9bda210d8c00898453d2d42151b644a6a7e547a1177525fa3fc60a17e3ef9a5,20480,0,19768,712,0x0:0x4;0x4D3C:0x5000,,candidate_spans_and_remaining_bytes_are_not_proven_code_data_classification
8013B000-f9dbe9cf91fd828892bc112c2d128389ea8c90b3d0a6643702465fcb2fb2d8fd,20480,0,5660,14820,0x0:0x4;0x1620:0x5000,0x1A04,candidate_spans_and_remaining_bytes_are_not_proven_code_data_classification
8013B000-f9e71cead68622201ece2142172916168e103f899c20a5ac79cb5a0af0ede24f,20480,0,8188,12292,0x0:0x4;0x2000:0x5000,,candidate_spans_and_remaining_bytes_are_not_proven_code_data_classification
8013B000-fa01a8b7908d1b93b2a4f36aa6038f4170c78fdc6b9f05998079528e9fee35a8,20480,0,6196,14284,0x0:0x4;0x1838:0x5000,0x2FB8,candidate_spans_and_remaining_bytes_are_not_proven_code_data_classification
8013B000-fa05fc62b88f72a83258a580cbf51fbce6b011ba44bfb78495ec8bcb80320cd4,20480,0,0,20480,0x0:0x5000,0x3590,candidate_spans_and_remaining_bytes_are_not_proven_code_data_classification
8013B000-fa2ac27726b2e66f2cb4399767d420a860251c349483df70f34a334e7d60ef44,20480,0,6708,13772,0x0:0x4;0x1A38:0x5000,,candidate_spans_and_remaining_bytes_are_not_proven_code_data_classification
8013B000-fa39ddf2026ceffa9f162d9f3bfec95136300df019d8c70afd18209870d71f01,20480,0,11416,9064,0x0:0x4;0x2C9C:0x5000,,candidate_spans_and_remaining_bytes_are_not_proven_code_data_classification
8013B000-fa4fd1d3f4c9f0faafb0f03dc4b3ecd5e5bed5979eafbce65765ed37aaeaca1d,20480,0,6488,13992,0x0:0x4;0x195C:0x5000,0x328C,candidate_spans_and_remaining_bytes_are_not_proven_code_data_classification
8013B000-fa637b90ad354641ac15805760fa4f62eafdabb4fec670e03e5c75eddf514bf4,20480,0,6140,14340,0x0:0x4;0x1800:0x5000,,candidate_spans_and_remaining_bytes_are_not_proven_code_data_classification
8013B000-facfd58349de1b27b73f5e5682b89782b01c64276db439b7ba09cc075ddbef07,20480,0,8412,12068,0x0:0x4;0x20E0:0x5000,0x417C,candidate_spans_and_remaining_bytes_are_not_proven_code_data_classification
8013B000-fae59dd92901125c0d644cbf58fa10c866f8272b9c1d156ef2d5619d95f31f59,20480,0,8188,12292,0x0:0x4;0x2000:0x5000,,candidate_spans_and_remaining_bytes_are_not_proven_code_data_classification
8013B000-fbb8cd32f093534d714ca14a3488c6897ef6925ccfe1423ec9aa7ab06ae69596,20480,0,5700,14780,0x0:0x4;0x1648:0x5000,,candidate_spans_and_remaining_bytes_are_not_proven_code_data_classification
8013B000-fbfbd9f9db67f206307d11cc6d971c850b3f22d3901ab55efdad328c74feee75,20480,0,6708,13772,0x0:0x4;0x1A38:0x5000,,candidate_spans_and_remaining_bytes_are_not_proven_code_data_classification
8013B000-fc18aaffc189f94e04efdb98613b0792e9744a24087e9904eed9d847342e7baa,20480,0,0,20480,0x0:0x5000,0x3590,candidate_spans_and_remaining_bytes_are_not_proven_code_data_classification
8013B000-fc68271aa544d955dc47575c69e8944f15b091c5cdbf8db445aa0576064450f8,20480,0,7148,13332,0x0:0x4;0x1BF0:0x5000,0x2368,candidate_spans_and_remaining_bytes_are_not_proven_code_data_classification
8013B000-fc850f5a49debd10ea803d5da70fb19816843551d07beff85a5a54d85b13307f,20480,0,0,20480,0x0:0x5000,0x2358,candidate_spans_and_remaining_bytes_are_not_proven_code_data_classification
8013B000-fcb0f34b9e3d3969b2c6f6c97ac4202e0960131872ae0962d8b1a86847ec9c89,20480,0,2904,17576,0x0:0x4;0xB5C:0x5000,,candidate_spans_and_remaining_bytes_are_not_proven_code_data_classification
8013B000-fcd6100faf6d59d10e6f5ccb8b530a80dc5a0ecc7afd91a4545b9de6a60bcb58,20480,0,14644,5836,0x0:0x4;0x3938:0x5000,,candidate_spans_and_remaining_bytes_are_not_proven_code_data_classification
8013B000-fd23ebee585f68b208b07fd3cbdc041227486417fff5aa373fc11f0da5c1901f,20480,0,7148,13332,0x0:0x4;0x1BF0:0x5000,0x32D8,candidate_spans_and_remaining_bytes_are_not_proven_code_data_classification
8013B000-fd5b489b9372d7bb38d4fc1eb0a858779ea1711e83aa3a619231fe694b1070c0,20480,0,8684,11796,0x0:0x4;0x21F0:0x5000,,candidate_spans_and_remaining_bytes_are_not_proven_code_data_classification
8013B000-fd792bc43a4bfaf5bf590fdfddce1f6c7ac137056ef7c66c69d6253fe78c3610,20480,11720,0,8760,0x0:0x4;0x2DCC:0x5000,,candidate_spans_and_remaining_bytes_are_not_proven_code_data_classification
8013B000-fd7a9cd3caad1e1e4af26f7fc2683a182356333e34543a107915f001282e2054,20480,0,8412,12068,0x0:0x4;0x20E0:0x5000,,candidate_spans_and_remaining_bytes_are_not_proven_code_data_classification
8013B000-fddff024af2a7b3ec0793de91964cbf46b24608c05d9c77c68a748325239cc8a,20480,0,8188,12292,0x0:0x4;0x2000:0x5000,,candidate_spans_and_remaining_bytes_are_not_proven_code_data_classification
8013B000-fdfff9abbadfecac39ab45fbf7ea923a7ecf96be72214f76677e84016845f3f9,20480,14740,0,5740,0x0:0x4;0x3998:0x5000,,candidate_spans_and_remaining_bytes_are_not_proven_code_data_classification
8013B000-fe1a367f538787d4dbcfbf62f798d4a5c715df09375225e1342cc4ce851f72bf,20480,0,4232,16248,0x0:0x4;0x108C:0x5000,,candidate_spans_and_remaining_bytes_are_not_proven_code_data_classification
8013B000-fe1c8244e2c2a8c203dc43752a52c97e8e7e75c0ec7e77801a5b7db65ca19681,20480,10440,0,10040,0x0:0x4;0x28CC:0x5000,,candidate_spans_and_remaining_bytes_are_not_proven_code_data_classification
8013B000-fe294af7c0e4eb05f92d8eda560bb1361c5ee7ffac9fb9407b75b8fe070d1e04,20480,0,4260,16220,0x0:0x4;0x10A8:0x5000,0x20B8,candidate_spans_and_remaining_bytes_are_not_proven_code_data_classification
8013B000-fe41b960c56a5e4ee53db51a3b2ce903d841b37a9d0b58daf781a2dd5fb01dea,20480,0,4808,15672,0x0:0x4;0x12CC:0x5000,,candidate_spans_and_remaining_bytes_are_not_proven_code_data_classification
8013B000-fe681780fa3b66ef4ca549800c1192492d9dfd2466bd9a7945c07ef42ae3ac00,20480,0,15056,5424,0x0:0x4;0x3AD4:0x5000,,candidate_spans_and_remaining_bytes_are_not_proven_code_data_classification
8013B000-fe6876ff326a1b3b74c81f769cdd387e153e295559c345e5b1228f4a984a5c83,20480,0,0,20480,0x0:0x5000,0x3CD8,candidate_spans_and_remaining_bytes_are_not_proven_code_data_classification
8013B000-feaa2e3c80003ae65c4317f6450723655f88e031f766d7340c2b2f3d999319a0,20480,0,6488,13992,0x0:0x4;0x195C:0x5000,0x328C,candidate_spans_and_remaining_bytes_are_not_proven_code_data_classification
8013B000-febd60a159c5170481120820566a41d0c742f8042a4bba969d6bba3ebc126c04,20480,0,7788,12692,0x0:0x4;0x1E70:0x5000,,candidate_spans_and_remaining_bytes_are_not_proven_code_data_classification
8013B000-fef7fd4bd1c0b86233c6f219bb21ff05653fec7eec2a18fe3a6b7afcd4b53d42,20480,0,5296,15184,0x0:0x4;0x14B4:0x5000,,candidate_spans_and_remaining_bytes_are_not_proven_code_data_classification
8013B000-ff5a8f6a28c291d229f159a17208346cdb4944a1e65bc382a67bd6ce0255933d,20480,0,4160,16320,0x0:0x4;0x1044:0x5000,,candidate_spans_and_remaining_bytes_are_not_proven_code_data_classification
8013B000-ff673ba9a335f2b6643bb473e27f4cf90ed4052cae8468dc8d7d60c4887d20ac,20480,0,13600,6880,0x0:0x4;0x3524:0x5000,,candidate_spans_and_remaining_bytes_are_not_proven_code_data_classification
8017A000-009238ca34a26f572c1a310123a0b507b18cca8afe35ffc1cec8bf8d7da90dfa,4096,0,8,4088,0x0:0x4;0xC:0x1000,,candidate_spans_and_remaining_bytes_are_not_proven_code_data_classification
8017A000-009a1da7ba232fc17da8d6c89d44ee8040ae3bc156d62ade1149362045c4f5e1,4096,0,8,4088,0x0:0x4;0xC:0x1000,,candidate_spans_and_remaining_bytes_are_not_proven_code_data_classification
8017A000-0105312f14c0a6254281ef53d0f4b5e43c62af3fd953b0d8cc4ddf4d174c4589,4096,0,8,4088,0x0:0x4;0xC:0x1000,,candidate_spans_and_remaining_bytes_are_not_proven_code_data_classification
8017A000-0107924c1f501dd0e24b29017263d3f66b46275fec71330577469de7d9e21668,4096,0,8,4088,0x0:0x4;0xC:0x1000,,candidate_spans_and_remaining_bytes_are_not_proven_code_data_classification
8017A000-011b153cb7c53d5598b3203a3a346484833ea16ca8b8a542553a81fadce507f9,4096,0,8,4088,0x0:0x4;0xC:0x1000,,candidate_spans_and_remaining_bytes_are_not_proven_code_data_classification
8017A000-026eb8c5a2f776de59d61522121aa1abc33ab38be8f964cb88d52c1f103fdbfc,4096,0,8,4088,0x0:0x4;0xC:0x1000,,candidate_spans_and_remaining_bytes_are_not_proven_code_data_classification
8017A000-035364fccbf1019713609b4f8e92877234ada854b015ac0131f798a6ac4a30b0,4096,0,8,4088,0x0:0x4;0xC:0x1000,,candidate_spans_and_remaining_bytes_are_not_proven_code_data_classification
8017A000-03c30a9089a72310cd46812ef436d285d0e6a6f973b8a3043e31093043389c74,4096,0,8,4088,0x0:0x4;0xC:0x1000,,candidate_spans_and_remaining_bytes_are_not_proven_code_data_classification
8017A000-047886fd3b4012dd0ade57794f0a55a6013961ce6051f54381289d1e6fec1bd4,4096,0,8,4088,0x0:0x4;0xC:0x1000,,candidate_spans_and_remaining_bytes_are_not_proven_code_data_classification
8017A000-050be82a6790b8528334443c3da1c2a7f4519d051dbfc1b24668ca07a5bd074f,4096,0,8,4088,0x0:0x4;0xC:0x1000,,candidate_spans_and_remaining_bytes_are_not_proven_code_data_classification
8017A000-0539e6b877910e1d2cbc82fa2e449a30cb745a656e3cd782c368a0b6e49e88fc,4096,0,8,4088,0x0:0x4;0xC:0x1000,,candidate_spans_and_remaining_bytes_are_not_proven_code_data_classification
8017A000-055f429546c96cfe36fa31c77c31ce1e14e703ee27809a4ed2169245c6650aa4,4096,0,8,4088,0x0:0x4;0xC:0x1000,,candidate_spans_and_remaining_bytes_are_not_proven_code_data_classification
8017A000-05a65f7237b6ba3d422e080429f89ad130386a0793dcca49c5f0c81c9eec073a,4096,0,8,4088,0x0:0x4;0xC:0x1000,,candidate_spans_and_remaining_bytes_are_not_proven_code_data_classification
8017A000-068d0dc36dbf03011444ff781be735dc3f3fb90eb9a7f8fcd9c4dc9e1b0eaa74,4096,0,8,4088,0x0:0x4;0xC:0x1000,,candidate_spans_and_remaining_bytes_are_not_proven_code_data_classification
8017A000-07661ef3bb92c3e63b781161ba28f59956efb814470ce93a13ce2c5fd45759f5,4096,0,8,4088,0x0:0x4;0xC:0x1000,,candidate_spans_and_remaining_bytes_are_not_proven_code_data_classification
8017A000-07945637af17519df8d9768cb98913db2d0c4fdc54db9be0fbda1cd6db8c55bf,4096,0,8,4088,0x0:0x4;0xC:0x1000,,candidate_spans_and_remaining_bytes_are_not_proven_code_data_classification
8017A000-07de20855179a04cd5c2e27a68b1fe49cbb83c7cca8f6e60b26f7bde2a4dd5c5,4096,0,8,4088,0x0:0x4;0xC:0x1000,,candidate_spans_and_remaining_bytes_are_not_proven_code_data_classification
8017A000-08051d760e96c8240a416b463d22800146d3fa728ff20f2b7429558ba2282edb,4096,0,8,4088,0x0:0x4;0xC:0x1000,,candidate_spans_and_remaining_bytes_are_not_proven_code_data_classification
8017A000-086bc687b0b82bac64dccb1c0b4d8750358dfaa968744a0a638c0349d9a85579,4096,0,8,4088,0x0:0x4;0xC:0x1000,,candidate_spans_and_remaining_bytes_are_not_proven_code_data_classification
8017A000-094d70cda0e59d8f6bbf7ab95e1392fb60846eedf94f8a8b7fc9bf34573a0ce1,4096,0,8,4088,0x0:0x4;0xC:0x1000,,candidate_spans_and_remaining_bytes_are_not_proven_code_data_classification
8017A000-09e4e5a8b38adff4c71e53478e6afd19b8b3781a2cd491b6bd2640644f4d15ad,4096,0,8,4088,0x0:0x4;0xC:0x1000,,candidate_spans_and_remaining_bytes_are_not_proven_code_data_classification
8017A000-0a0f3ce057fd69fc93ad0e155798866a9b13d093a8d15c3bf2db22ade20fd651,4096,0,8,4088,0x0:0x4;0xC:0x1000,,candidate_spans_and_remaining_bytes_are_not_proven_code_data_classification
8017A000-0a872e41c0f4ff4f549124dcd9de74fbbcce415d02755c79cbd0075fb9211a60,4096,0,8,4088,0x0:0x4;0xC:0x1000,,candidate_spans_and_remaining_bytes_are_not_proven_code_data_classification
8017A000-0ab262a45949b63ef94ff6c2b57c5a1cb87146fc049362b482275af9055ca5a7,4096,0,8,4088,0x0:0x4;0xC:0x1000,,candidate_spans_and_remaining_bytes_are_not_proven_code_data_classification
8017A000-0aec33e09e18836e05a9183f0340b035b588984f31efff4e3149471be806404a,4096,0,8,4088,0x0:0x4;0xC:0x1000,,candidate_spans_and_remaining_bytes_are_not_proven_code_data_classification
8017A000-0af6674edc376e4c7ea7293d7e01f19b32fcee4929bbd4687598b92e6c1472e7,4096,0,8,4088,0x0:0x4;0xC:0x1000,,candidate_spans_and_remaining_bytes_are_not_proven_code_data_classification
8017A000-0b02d181f220289b7df313e0477d03fc7107d63f70b0319dfcd0501ab6bdab9b,4096,0,8,4088,0x0:0x4;0xC:0x1000,,candidate_spans_and_remaining_bytes_are_not_proven_code_data_classification
8017A000-0b188cc6f3885a169a4c56b40d477df30d731534c0dc355320b36567ba64cdf4,4096,0,8,4088,0x0:0x4;0xC:0x1000,,candidate_spans_and_remaining_bytes_are_not_proven_code_data_classification
8017A000-0b37a95a5d42c106edeb4c1d6146f85860b7a9cef82d5b8a73e280aea17007f0,4096,0,8,4088,0x0:0x4;0xC:0x1000,,candidate_spans_and_remaining_bytes_are_not_proven_code_data_classification
8017A000-0c2be15d3e8e8068a3004ba1a0ce3ac9e93b86a2e6e9634582b60d398ad3efd8,4096,0,8,4088,0x0:0x4;0xC:0x1000,,candidate_spans_and_remaining_bytes_are_not_proven_code_data_classification
8017A000-0c5433bf50176264c34f1785e1058473e10ae0740f908b71790385ee4fc0a0ac,4096,0,8,4088,0x0:0x4;0xC:0x1000,,candidate_spans_and_remaining_bytes_are_not_proven_code_data_classification
8017A000-0cf7844550612c2acd6948dc5c8c9d6a6762910b101811856474ab7804be2627,4096,0,8,4088,0x0:0x4;0xC:0x1000,,candidate_spans_and_remaining_bytes_are_not_proven_code_data_classification
8017A000-0d2313aa65487cd3ed5f0c8a35aea41323cf7d52ec4663922a55d728848c6382,4096,0,8,4088,0x0:0x4;0xC:0x1000,,candidate_spans_and_remaining_bytes_are_not_proven_code_data_classification
8017A000-0d529eb9ce2137b9d864caeeb2b594504da50f14d98f199c55607fad46078354,4096,0,8,4088,0x0:0x4;0xC:0x1000,,candidate_spans_and_remaining_bytes_are_not_proven_code_data_classification
8017A000-0d57ae4bba23d2778a0a658f3d72cc7e2b6a1620718feec6253d41ae5d3bd284,4096,0,8,4088,0x0:0x4;0xC:0x1000,,candidate_spans_and_remaining_bytes_are_not_proven_code_data_classification
8017A000-0d8f930e7f21a0401b9daf223bf99a41b080c59f71f3ca7a8e7189e26e1603a6,4096,0,8,4088,0x0:0x4;0xC:0x1000,,candidate_spans_and_remaining_bytes_are_not_proven_code_data_classification
8017A000-0dc99e0121a23dc4793ea9b0c0f81bea61e5335aa2edea545240fb9d2462526b,4096,0,8,4088,0x0:0x4;0xC:0x1000,,candidate_spans_and_remaining_bytes_are_not_proven_code_data_classification
8017A000-0e42d1ab76b3d36dc02033ba706a93c545c0545429473705324f561119c5d2bb,4096,0,8,4088,0x0:0x4;0xC:0x1000,,candidate_spans_and_remaining_bytes_are_not_proven_code_data_classification
8017A000-0eb5ec09a8cdb8ca3490fc6ac2c1834fd52f08e0484693cfe32a9c2809ce5488,4096,0,8,4088,0x0:0x4;0xC:0x1000,,candidate_spans_and_remaining_bytes_are_not_proven_code_data_classification
8017A000-0f4957514ea65614c0f11dccec8aa8e40f3f11ae3a47ba697f832cbffbc730b7,4096,0,8,4088,0x0:0x4;0xC:0x1000,,candidate_spans_and_remaining_bytes_are_not_proven_code_data_classification
8017A000-1076fdd474ffe35638203bb0fa702112d4212878bfd14e5d024b08ffd4a784b4,4096,0,8,4088,0x0:0x4;0xC:0x1000,,candidate_spans_and_remaining_bytes_are_not_proven_code_data_classification
8017A000-11118a298e96374149d4de6885dbd703d35da50c8fe2c19d3a154971db03d3b4,4096,0,8,4088,0x0:0x4;0xC:0x1000,,candidate_spans_and_remaining_bytes_are_not_proven_code_data_classification
8017A000-123901c840a377fc76dc4f13ad3fb7f204b705ff60e7777c47cd4f994ba8b296,4096,0,8,4088,0x0:0x4;0xC:0x1000,,candidate_spans_and_remaining_bytes_are_not_proven_code_data_classification
8017A000-129e2f8d61f4995138b313fc51ef5b525d6cdc18d500296d583c4d29285d3cc3,4096,0,8,4088,0x0:0x4;0xC:0x1000,,candidate_spans_and_remaining_bytes_are_not_proven_code_data_classification
8017A000-12d7eac9c0d949f7105b56d2ed0969145f4262d987f1e53f124611b170492868,4096,0,8,4088,0x0:0x4;0xC:0x1000,,candidate_spans_and_remaining_bytes_are_not_proven_code_data_classification
8017A000-12d925ad7a086b71e2672682aa3dde1f68038b13aafe79916bcaada98d8b8034,4096,0,8,4088,0x0:0x4;0xC:0x1000,,candidate_spans_and_remaining_bytes_are_not_proven_code_data_classification
8017A000-12f6bc08f257edb122918a5b0e65ab6454c01b8e6ef333fd5c6569d92718dd0c,4096,0,8,4088,0x0:0x4;0xC:0x1000,,candidate_spans_and_remaining_bytes_are_not_proven_code_data_classification
8017A000-138689c27285a920db34bc5c0b0309edebe8d3ba0490fd628be6ec08f2fd42bb,4096,0,8,4088,0x0:0x4;0xC:0x1000,,candidate_spans_and_remaining_bytes_are_not_proven_code_data_classification
8017A000-13b4c96504248a918cd27fee7e62df68b0a7dd97b7096e7601a2e7637df8be6d,4096,0,8,4088,0x0:0x4;0xC:0x1000,,candidate_spans_and_remaining_bytes_are_not_proven_code_data_classification
8017A000-147e61d37f2884e84aba93d3d8c2d44d92988d5f36ad23cd5ce907371fd42274,4096,0,8,4088,0x0:0x4;0xC:0x1000,,candidate_spans_and_remaining_bytes_are_not_proven_code_data_classification
8017A000-14ce049bce25217ae01275a1cead9d3c9ebb905a21694d60fc259cd7096b93c1,4096,216,0,3880,0x0:0x4;0xDC:0x1000,,candidate_spans_and_remaining_bytes_are_not_proven_code_data_classification
8017A000-15d1fd0aa5a3cbf3647861f489db200c4234d6bb3e8296bec0500cb30909d7ff,4096,0,8,4088,0x0:0x4;0xC:0x1000,,candidate_spans_and_remaining_bytes_are_not_proven_code_data_classification
8017A000-15d89c84d21560a1f2fd0321aa6a55aa942d9338559a454c4dbda8c2c6adc54e,4096,0,8,4088,0x0:0x4;0xC:0x1000,,candidate_spans_and_remaining_bytes_are_not_proven_code_data_classification
8017A000-15faa85c6913955e80237ad5d93f9828078befda43eb8c5fc6fb056208ed6c2e,4096,0,8,4088,0x0:0x4;0xC:0x1000,,candidate_spans_and_remaining_bytes_are_not_proven_code_data_classification
8017A000-1640e9f7d4bf086645914de32bd2263a2eac4fa9d4c53283c5d0d18fc62a7acd,4096,0,8,4088,0x0:0x4;0xC:0x1000,,candidate_spans_and_remaining_bytes_are_not_proven_code_data_classification
8017A000-16797eca768664c671c32575b52fe978cc0facec9ff0a9b23ecec9a0bfdbec7a,4096,0,8,4088,0x0:0x4;0xC:0x1000,,candidate_spans_and_remaining_bytes_are_not_proven_code_data_classification
8017A000-16f3a35a85d77c786bb1ee6a20f1da20675fa3a81c147de6d582938e85a42ea3,4096,0,8,4088,0x0:0x4;0xC:0x1000,,candidate_spans_and_remaining_bytes_are_not_proven_code_data_classification
8017A000-1716ec77b2aee7ed72e3ba28d530baeec85571fda6c29d91760922a0b6256f4a,4096,0,8,4088,0x0:0x4;0xC:0x1000,,candidate_spans_and_remaining_bytes_are_not_proven_code_data_classification
8017A000-17e39f13d206e6cb2f9c04c3722e48f287b95d95dfd62c454cd603ccfd304fb8,4096,0,8,4088,0x0:0x4;0xC:0x1000,,candidate_spans_and_remaining_bytes_are_not_proven_code_data_classification
8017A000-18493d7beacd43a636b1120b92440c51d77921abbed5856cff11e2f0a032840d,4096,0,8,4088,0x0:0x4;0xC:0x1000,,candidate_spans_and_remaining_bytes_are_not_proven_code_data_classification
8017A000-187824d49156454319ebec9203d7ffe3c917a2d03522ca40fe8f0513b688ef61,4096,0,8,4088,0x0:0x4;0xC:0x1000,,candidate_spans_and_remaining_bytes_are_not_proven_code_data_classification
8017A000-18a8d343dbbb3579efe3d41ab3843e5dc680047d35e40d87c4d8755c7cd3a79d,4096,0,8,4088,0x0:0x4;0xC:0x1000,,candidate_spans_and_remaining_bytes_are_not_proven_code_data_classification
8017A000-196dcc3d634969c7eac9fe11a2afe7a320ed8d643db085b5e1f786afd26e52eb,4096,0,8,4088,0x0:0x4;0xC:0x1000,,candidate_spans_and_remaining_bytes_are_not_proven_code_data_classification
8017A000-19c6973bb90c85f0afdc9e731e2995fc72ca1b387bfe74c57070d03c785bf784,4096,0,8,4088,0x0:0x4;0xC:0x1000,,candidate_spans_and_remaining_bytes_are_not_proven_code_data_classification
8017A000-1a4db33d814fa757b59176ce90d60ec6078f6df057db010060d4b460c7a51086,4096,0,8,4088,0x0:0x4;0xC:0x1000,,candidate_spans_and_remaining_bytes_are_not_proven_code_data_classification
8017A000-1aa3bc469f5b51b9ba2b8e7fbe8e4e970841ec8d33e595b9fc42e84bcb41ceca,4096,0,8,4088,0x0:0x4;0xC:0x1000,,candidate_spans_and_remaining_bytes_are_not_proven_code_data_classification
8017A000-1ab033785401f09781eb555c567d9e5bdbebb031a35a8392c52837c3e2919eb3,4096,0,8,4088,0x0:0x4;0xC:0x1000,,candidate_spans_and_remaining_bytes_are_not_proven_code_data_classification
8017A000-1b50a3ff6ec8e1b9255ec7e1cd3f010a64f62fa8411e99f3c63e9167c4696bbd,4096,0,8,4088,0x0:0x4;0xC:0x1000,,candidate_spans_and_remaining_bytes_are_not_proven_code_data_classification
8017A000-1bcb7bf7d7521fdffd150fc4a5880088c48c48168715fce2a54ae838e0458f7f,4096,0,8,4088,0x0:0x4;0xC:0x1000,,candidate_spans_and_remaining_bytes_are_not_proven_code_data_classification
8017A000-1be138addcbae3c1aa6d7149e3563e0eef94b2d75346cc3739f4263c840da7d8,4096,0,8,4088,0x0:0x4;0xC:0x1000,,candidate_spans_and_remaining_bytes_are_not_proven_code_data_classification
8017A000-1be9c60d361eb2306387bf76eb1af66a08417bc2d471311b81185071512458b7,4096,0,8,4088,0x0:0x4;0xC:0x1000,,candidate_spans_and_remaining_bytes_are_not_proven_code_data_classification
8017A000-1c02699149cb6f1f64250a2192c280ac9263f03d271115363d8442c622fdb477,4096,0,8,4088,0x0:0x4;0xC:0x1000,,candidate_spans_and_remaining_bytes_are_not_proven_code_data_classification
8017A000-1c1c2886c91bf0728d53014dff32cc55827aa5385ce57df4d305b1dda9005020,4096,0,8,4088,0x0:0x4;0xC:0x1000,,candidate_spans_and_remaining_bytes_are_not_proven_code_data_classification
8017A000-1c5954aa95c7f174cec62f5811d5f1c8ae74cb9d7ac9315293ce68e8371e0a8f,4096,0,8,4088,0x0:0x4;0xC:0x1000,,candidate_spans_and_remaining_bytes_are_not_proven_code_data_classification
8017A000-1c7b4014ff9ab17ddd17422661cffc70fbf70dd8d65b2c82c9a0a8160487e3fe,4096,0,8,4088,0x0:0x4;0xC:0x1000,,candidate_spans_and_remaining_bytes_are_not_proven_code_data_classification
8017A000-1c9797d2d9ece51fded2b305451561190893ba0a22f7fb210495f567384797bd,4096,0,8,4088,0x0:0x4;0xC:0x1000,,candidate_spans_and_remaining_bytes_are_not_proven_code_data_classification
8017A000-1d60005761379b0fbf23b76247e03756003a6d6f6491c232985325e348f3982f,4096,0,8,4088,0x0:0x4;0xC:0x1000,,candidate_spans_and_remaining_bytes_are_not_proven_code_data_classification
8017A000-1e7ae83a0e4c4193fe9d55f1cc2ed2bc77f25aad579c9ac38e5497682ebfd101,4096,0,8,4088,0x0:0x4;0xC:0x1000,,candidate_spans_and_remaining_bytes_are_not_proven_code_data_classification
8017A000-1ed4ca8bd63fb46d30186aa62ca757b7e022dcd9902eba14681955a8e1edcb6b,4096,0,8,4088,0x0:0x4;0xC:0x1000,,candidate_spans_and_remaining_bytes_are_not_proven_code_data_classification
8017A000-1ee62bb8ba092cd2d76464a0c46cb5c6006d0fa7dc9c0842db6edfe3c1bef402,4096,0,8,4088,0x0:0x4;0xC:0x1000,,candidate_spans_and_remaining_bytes_are_not_proven_code_data_classification
8017A000-1f0fba453b050e5ce30a375bd1c1c10a2fb2bcdf04daa0434c35c6aa351e8635,4096,0,8,4088,0x0:0x4;0xC:0x1000,,candidate_spans_and_remaining_bytes_are_not_proven_code_data_classification
8017A000-1f387b2181b96188641476defaa68548eb6d758cd2706f8e222a14e91943d79d,4096,0,8,4088,0x0:0x4;0xC:0x1000,,candidate_spans_and_remaining_bytes_are_not_proven_code_data_classification
8017A000-1f42811a422998a253c022b87cba15b029b922bd8bdbe922d7b8d71cb9ff76fa,4096,0,8,4088,0x0:0x4;0xC:0x1000,,candidate_spans_and_remaining_bytes_are_not_proven_code_data_classification
8017A000-1fab99ba235f39d6fc0d89e1d8f52f56feb14d361c383331e811625eb51599e0,4096,0,8,4088,0x0:0x4;0xC:0x1000,,candidate_spans_and_remaining_bytes_are_not_proven_code_data_classification
8017A000-204de488c9deaa1b850335579822266e28e358fc08231cb3c9045889268c24ca,4096,0,8,4088,0x0:0x4;0xC:0x1000,,candidate_spans_and_remaining_bytes_are_not_proven_code_data_classification
8017A000-21f6bb239140311e56cf7a2d2e37b1a6df9ed2866c892c91dbcd6792c6b6783a,4096,0,8,4088,0x0:0x4;0xC:0x1000,0x13C,candidate_spans_and_remaining_bytes_are_not_proven_code_data_classification
8017A000-22c7664ba74226a9c7223a7f112b91687b9d170eb1184554c645522c4e73dfbb,4096,0,8,4088,0x0:0x4;0xC:0x1000,,candidate_spans_and_remaining_bytes_are_not_proven_code_data_classification
8017A000-22d4725b3437582503880cb52479707a2936deee9f59ae3bf2853826ed8cec20,4096,0,8,4088,0x0:0x4;0xC:0x1000,,candidate_spans_and_remaining_bytes_are_not_proven_code_data_classification
8017A000-23785f216175512d99872d55e253b0b8ae5efcd82717d05d1ea623af40997f20,4096,0,8,4088,0x0:0x4;0xC:0x1000,,candidate_spans_and_remaining_bytes_are_not_proven_code_data_classification
8017A000-239079185175b75a1e64f697c06de81dea1e38fd93687aaf4a6d1aebd57e662d,4096,0,8,4088,0x0:0x4;0xC:0x1000,,candidate_spans_and_remaining_bytes_are_not_proven_code_data_classification
8017A000-23e512c78ede4e35353f9cb4b5eb6ef5c3519ec0481cfb2f513feb59e7a2b61c,4096,0,8,4088,0x0:0x4;0xC:0x1000,,candidate_spans_and_remaining_bytes_are_not_proven_code_data_classification
8017A000-243b5e5ba2c02acb5b0c12e338fc4801d42d0cf30f21e792d0a596d87e3392fc,4096,0,8,4088,0x0:0x4;0xC:0x1000,,candidate_spans_and_remaining_bytes_are_not_proven_code_data_classification
8017A000-24b53806e223823ae28307159663e141b2e94043e7524c469e1221918de6fe0a,4096,0,8,4088,0x0:0x4;0xC:0x1000,,candidate_spans_and_remaining_bytes_are_not_proven_code_data_classification
8017A000-24d29af187bd778e335477c5299c2d29bd3a78c66905b6bd3dd46f9f02727c8f,4096,0,8,4088,0x0:0x4;0xC:0x1000,,candidate_spans_and_remaining_bytes_are_not_proven_code_data_classification
8017A000-25ad281302914c632912998f9ab29bb2ec3dd00f8ab7027c7a3f61365a3b998a,4096,0,8,4088,0x0:0x4;0xC:0x1000,,candidate_spans_and_remaining_bytes_are_not_proven_code_data_classification
8017A000-25de292fa1b3c4ac80d36bbd1a886ffd79a9da9331ffbe99da48626987f7612e,4096,2448,0,1648,0x0:0x4;0x994:0x1000,,candidate_spans_and_remaining_bytes_are_not_proven_code_data_classification
8017A000-26178820fd8c67d13c16d925fd40bd4b60763292ebc49b91b80454a6608af2f7,4096,0,8,4088,0x0:0x4;0xC:0x1000,,candidate_spans_and_remaining_bytes_are_not_proven_code_data_classification
8017A000-2720c0ec68aec6e38bb8e3baff1f9a57b48f92a8abadbb0f6340445be29ab376,4096,0,8,4088,0x0:0x4;0xC:0x1000,,candidate_spans_and_remaining_bytes_are_not_proven_code_data_classification
8017A000-276626fc7cf10842ad1660efdd3fe299ef9f247389ff56a51b1e84b2c86064bb,4096,0,8,4088,0x0:0x4;0xC:0x1000,,candidate_spans_and_remaining_bytes_are_not_proven_code_data_classification
8017A000-276c6a01a16a43e329f5f7511e616947563281c150dd93afe13e3e2d51c6ded2,4096,0,8,4088,0x0:0x4;0xC:0x1000,,candidate_spans_and_remaining_bytes_are_not_proven_code_data_classification
8017A000-27bb35c18e317a6ed557086c35c92a32cb88824705ff3b211094d4bcae051c3a,4096,216,0,3880,0x0:0x4;0xDC:0x1000,,candidate_spans_and_remaining_bytes_are_not_proven_code_data_classification
8017A000-2861bbbae8beef2ab228f54a411ee76171f06177f4c324ab82616d4bd50e610c,4096,0,8,4088,0x0:0x4;0xC:0x1000,,candidate_spans_and_remaining_bytes_are_not_proven_code_data_classification
8017A000-28d6822f761d0d940427a502f8e4482fb9204ac8d857da209b1b2b07abef2f9a,4096,0,8,4088,0x0:0x4;0xC:0x1000,,candidate_spans_and_remaining_bytes_are_not_proven_code_data_classification
8017A000-295f8a01af3d89c15755d64c6a0120a189716c7580b900db382f8b9266a13208,4096,0,8,4088,0x0:0x4;0xC:0x1000,,candidate_spans_and_remaining_bytes_are_not_proven_code_data_classification
8017A000-2a483d7cb165481f923135c371e1d505359f03a7da4ba02b0a2a2f8ecef9ecf8,4096,0,8,4088,0x0:0x4;0xC:0x1000,,candidate_spans_and_remaining_bytes_are_not_proven_code_data_classification
8017A000-2a8676350ac1880d2bb8007272b25d960069dd5a2de4072f2c90d8974581d0b5,4096,0,8,4088,0x0:0x4;0xC:0x1000,,candidate_spans_and_remaining_bytes_are_not_proven_code_data_classification
8017A000-2a8cf58dd809f41e420cc421814242ca8aa76b907d7a6e27341c800cbbaa99a9,4096,0,8,4088,0x0:0x4;0xC:0x1000,,candidate_spans_and_remaining_bytes_are_not_proven_code_data_classification
8017A000-2aaeec712f7c00a7f164f687ebb1c4d9b4c541a4d230c0cbac24d52c1b7ba29d,4096,0,8,4088,0x0:0x4;0xC:0x1000,,candidate_spans_and_remaining_bytes_are_not_proven_code_data_classification
8017A000-2b3de2898ffb5a9f101639d684e132bcdcacc05f942e2273bb225af682ebe30a,4096,0,8,4088,0x0:0x4;0xC:0x1000,,candidate_spans_and_remaining_bytes_are_not_proven_code_data_classification
8017A000-2b6e3077afdd0233432f0e41ca1e9d9d011096c63d728edc506e4da0c919239f,4096,0,8,4088,0x0:0x4;0xC:0x1000,,candidate_spans_and_remaining_bytes_are_not_proven_code_data_classification
8017A000-2be3a47151f59136c48b7929b59c2119343a16061d498ba93c0351e8d57c7f47,4096,0,8,4088,0x0:0x4;0xC:0x1000,,candidate_spans_and_remaining_bytes_are_not_proven_code_data_classification
8017A000-2c3593e651ee5cdffaefbf5e4325a17b310da295c62381f5a6a1af6129aaf498,4096,0,8,4088,0x0:0x4;0xC:0x1000,,candidate_spans_and_remaining_bytes_are_not_proven_code_data_classification
8017A000-2c6c9fc86aef9636f7841ed6572f0e9e131036ac0b7a84ba56d0820a18baec3a,4096,0,8,4088,0x0:0x4;0xC:0x1000,,candidate_spans_and_remaining_bytes_are_not_proven_code_data_classification
8017A000-2c900f1582988d9908bc5e2f91c50877d851f4542239ddbaafa9de33e8ea946d,4096,0,8,4088,0x0:0x4;0xC:0x1000,,candidate_spans_and_remaining_bytes_are_not_proven_code_data_classification
8017A000-2ccd03bb44df7434d8885203a51ddedfd10b5188e1ba2ee2fdbbfe8edf1dfb06,4096,0,8,4088,0x0:0x4;0xC:0x1000,,candidate_spans_and_remaining_bytes_are_not_proven_code_data_classification
8017A000-2cd17ffa2ad58fab3d0797116c2d576637598571fef8f6bb6bec6079e074b97d,4096,0,8,4088,0x0:0x4;0xC:0x1000,,candidate_spans_and_remaining_bytes_are_not_proven_code_data_classification
8017A000-2cf8ce7f9d7511a9be83528244de1e83615a6454d0d92d867b2783783b609c7d,4096,0,8,4088,0x0:0x4;0xC:0x1000,,candidate_spans_and_remaining_bytes_are_not_proven_code_data_classification
8017A000-2d2d3920a8c8b43e9ef38ce70dfac74407bfb445508797c1667b278a30fa585b,4096,0,8,4088,0x0:0x4;0xC:0x1000,,candidate_spans_and_remaining_bytes_are_not_proven_code_data_classification
8017A000-2d616efb9b8aa3c9ed651e33e3b7a28fd120e0c454679d80f7172849204b3d0f,4096,0,8,4088,0x0:0x4;0xC:0x1000,,candidate_spans_and_remaining_bytes_are_not_proven_code_data_classification
8017A000-2d78076ca0a61150fdbf565814b763e6606cbee44347de879e8b552b3bb6fabe,4096,0,8,4088,0x0:0x4;0xC:0x1000,,candidate_spans_and_remaining_bytes_are_not_proven_code_data_classification
8017A000-2d7d5883c55d2f879c9830ff7e2ed7b4ac52489fa60a126207a9df892c2f88f0,4096,0,8,4088,0x0:0x4;0xC:0x1000,,candidate_spans_and_remaining_bytes_are_not_proven_code_data_classification
8017A000-2d8d58b538eabe98ce377450a7c5c743b22125dd4346e098ead2e2fa925c8f40,4096,276,0,3820,0x0:0x4;0x118:0x1000,0x150,candidate_spans_and_remaining_bytes_are_not_proven_code_data_classification
8017A000-2de094dfd44e5f45151460ccf2efcecf81881b9c44cd3050e1a32933df0b4c0f,4096,0,8,4088,0x0:0x4;0xC:0x1000,,candidate_spans_and_remaining_bytes_are_not_proven_code_data_classification
8017A000-2dea19c1a848d792ee9eabeaa1bab17322bf521b60a1b6d8cdbe8193da325177,4096,0,8,4088,0x0:0x4;0xC:0x1000,,candidate_spans_and_remaining_bytes_are_not_proven_code_data_classification
8017A000-2eeba771bc12d56a8fc46b72251f6150dd9da3d9062a3cf365c2b619837bb550,4096,0,8,4088,0x0:0x4;0xC:0x1000,,candidate_spans_and_remaining_bytes_are_not_proven_code_data_classification
8017A000-2f9642adc083525ac0079f01bf6d182ad46f1cade23b711d64965c37693cf71c,4096,0,8,4088,0x0:0x4;0xC:0x1000,,candidate_spans_and_remaining_bytes_are_not_proven_code_data_classification
8017A000-3002f3ef6782130f510dc67b0f9f62feea79a2f609c3ff7d42fed64de56c488b,4096,0,8,4088,0x0:0x4;0xC:0x1000,,candidate_spans_and_remaining_bytes_are_not_proven_code_data_classification
8017A000-300e6d01df1ae14a19d0ad2d43003babab19d1e8f2ac7fc330259a129745f554,4096,0,8,4088,0x0:0x4;0xC:0x1000,,candidate_spans_and_remaining_bytes_are_not_proven_code_data_classification
8017A000-30bd6634fe7aadbbac805c358d08329daa13f969fd59067b8abf5c6f2e84a808,4096,0,8,4088,0x0:0x4;0xC:0x1000,,candidate_spans_and_remaining_bytes_are_not_proven_code_data_classification
8017A000-30bdadc4240a2a3c7a83a7f4852f2f92b9e5546243ea667a971df6ec246db741,4096,0,8,4088,0x0:0x4;0xC:0x1000,,candidate_spans_and_remaining_bytes_are_not_proven_code_data_classification
8017A000-30d186e5689e4661e7039edc0448ec7cf5bda96567ca4f9fe67615e4ec475918,4096,0,8,4088,0x0:0x4;0xC:0x1000,,candidate_spans_and_remaining_bytes_are_not_proven_code_data_classification
8017A000-30f048c1ab839a293703a785b1b19e79c2aaacd309914a330ce2e66d538bfece,4096,0,8,4088,0x0:0x4;0xC:0x1000,,candidate_spans_and_remaining_bytes_are_not_proven_code_data_classification
8017A000-3140f9c69264577074ec4fc7e225d90e91f210c3a195d3f663ded5eea848ffc3,4096,0,8,4088,0x0:0x4;0xC:0x1000,,candidate_spans_and_remaining_bytes_are_not_proven_code_data_classification
8017A000-31fe37d908aef126481033541e3b7f1eb712ec10f01c97c41a41e5cd4e2e1a1f,4096,0,8,4088,0x0:0x4;0xC:0x1000,,candidate_spans_and_remaining_bytes_are_not_proven_code_data_classification
8017A000-33653c20faad21d0e0dddd3f32fe81ab9a55d239a03e0303ae9d9c53528b7639,4096,0,8,4088,0x0:0x4;0xC:0x1000,0x4B0,candidate_spans_and_remaining_bytes_are_not_proven_code_data_classification
8017A000-33de561106f34f1e332f27a87d9afea64e49f47bdabe606e149fcfbddb2f5832,4096,0,8,4088,0x0:0x4;0xC:0x1000,,candidate_spans_and_remaining_bytes_are_not_proven_code_data_classification
8017A000-341a1d9992e3c502a95950c5d7100872e97b84eed2158f316af4b653c7b735ef,4096,0,8,4088,0x0:0x4;0xC:0x1000,,candidate_spans_and_remaining_bytes_are_not_proven_code_data_classification
8017A000-345c5eb3e64651b2e2ab385dce80f898a801f750ae3a6b09ddde0d6ff290c9e1,4096,0,8,4088,0x0:0x4;0xC:0x1000,,candidate_spans_and_remaining_bytes_are_not_proven_code_data_classification
8017A000-3537433356fb0850d5ac5c499f9dd9aad958c8600ec1eb2a65563c6bbb7b55e9,4096,0,8,4088,0x0:0x4;0xC:0x1000,,candidate_spans_and_remaining_bytes_are_not_proven_code_data_classification
8017A000-3560206a7d86d7c0fd5c3f210a48661593cef6ff069a475e1b653e24b75da7b5,4096,0,8,4088,0x0:0x4;0xC:0x1000,,candidate_spans_and_remaining_bytes_are_not_proven_code_data_classification
8017A000-35a6d7a1f111d4fece9827f332c4c9c2609db7e52352f71a7be0e0568eb03e18,4096,0,8,4088,0x0:0x4;0xC:0x1000,,candidate_spans_and_remaining_bytes_are_not_proven_code_data_classification
8017A000-36157ca5d5e2fb2a9cdc572b6150cb217d15b9cffc8d2da00c8244b7184151fc,4096,0,8,4088,0x0:0x4;0xC:0x1000,,candidate_spans_and_remaining_bytes_are_not_proven_code_data_classification
8017A000-37d3f76a9a2d97f88de97933c26375702ea40f73128e60d57d58a57b0533c408,4096,0,8,4088,0x0:0x4;0xC:0x1000,,candidate_spans_and_remaining_bytes_are_not_proven_code_data_classification
8017A000-380c2bb52b2d18cdf0076197e2abd078144dff0aa762c520ee8d2e8f3e5c59f9,4096,0,8,4088,0x0:0x4;0xC:0x1000,,candidate_spans_and_remaining_bytes_are_not_proven_code_data_classification
8017A000-3854064afb8e8e9bc081aca2ea47c2bf83b1eb2b72048a053b4eac02ac416281,4096,0,8,4088,0x0:0x4;0xC:0x1000,,candidate_spans_and_remaining_bytes_are_not_proven_code_data_classification
8017A000-385f7389895429b588ad2e430ded82e1d482c51b6178ff0d253d573769516caf,4096,0,8,4088,0x0:0x4;0xC:0x1000,,candidate_spans_and_remaining_bytes_are_not_proven_code_data_classification
8017A000-387c68f4ebe10ef34f3145bd3237970702fd8becd3837b0433b3c12ad15e585f,4096,0,8,4088,0x0:0x4;0xC:0x1000,,candidate_spans_and_remaining_bytes_are_not_proven_code_data_classification
8017A000-389cccea510d45b8792ba73b8755b49112ccc39a7b6da73945be7a72a1b8bb22,4096,0,8,4088,0x0:0x4;0xC:0x1000,,candidate_spans_and_remaining_bytes_are_not_proven_code_data_classification
8017A000-391b1c57d90723c9962916be8ee0d304057068587f4ad673979ef795ef802192,4096,0,8,4088,0x0:0x4;0xC:0x1000,,candidate_spans_and_remaining_bytes_are_not_proven_code_data_classification
8017A000-39b9d89116630dd62dde867759b2f14ae3a9f8697ab5cbf3d3c17ab088708a1d,4096,0,8,4088,0x0:0x4;0xC:0x1000,,candidate_spans_and_remaining_bytes_are_not_proven_code_data_classification
8017A000-39c27f8a2210dd095d79befcff13b9ceebe94c5c17282b3723794b670a8b50fd,4096,0,8,4088,0x0:0x4;0xC:0x1000,,candidate_spans_and_remaining_bytes_are_not_proven_code_data_classification
8017A000-3acf3735c2e8278b58ede3879713352f93447da1df2e80ac66d8fda690244389,4096,0,8,4088,0x0:0x4;0xC:0x1000,,candidate_spans_and_remaining_bytes_are_not_proven_code_data_classification
8017A000-3b5cc2f5efc7a132637b3c3c1211b61c4c8058bd176c604cf15466e03dafbb3b,4096,0,8,4088,0x0:0x4;0xC:0x1000,,candidate_spans_and_remaining_bytes_are_not_proven_code_data_classification
8017A000-3b79795dfadd838752e3c0d4df5918943b1095b81fbd717bb2c3ee5109c3f180,4096,0,8,4088,0x0:0x4;0xC:0x1000,,candidate_spans_and_remaining_bytes_are_not_proven_code_data_classification
8017A000-3bdb48283d12e0ae879135b7729423db7e180808235be8ef5db7500b4de01001,4096,0,8,4088,0x0:0x4;0xC:0x1000,,candidate_spans_and_remaining_bytes_are_not_proven_code_data_classification
8017A000-3c80f22e2c476d29c347f7118ff9b95c370bbf75783ed080929d0f6d45b3fe8f,4096,0,8,4088,0x0:0x4;0xC:0x1000,,candidate_spans_and_remaining_bytes_are_not_proven_code_data_classification
8017A000-3ccffeca381ef0b7be60706ec909e81c71ff5c3d519ba823052d772c80e3cdef,4096,0,8,4088,0x0:0x4;0xC:0x1000,,candidate_spans_and_remaining_bytes_are_not_proven_code_data_classification
8017A000-3d6db74468e247770f09ac2df3d2ba6503839c779cea897a7dbcc805eb025121,4096,0,8,4088,0x0:0x4;0xC:0x1000,,candidate_spans_and_remaining_bytes_are_not_proven_code_data_classification
8017A000-3da4442bb5e753729c73aae3b3d5bec630e73628f5dbe69bc8a26b407ed4c193,4096,0,8,4088,0x0:0x4;0xC:0x1000,,candidate_spans_and_remaining_bytes_are_not_proven_code_data_classification
8017A000-4038821a16cd4686dff18f2f59ea51fe31067c3046f579b7e4cf645cc6005a95,4096,8,0,4088,0x0:0x4;0xC:0x1000,,candidate_spans_and_remaining_bytes_are_not_proven_code_data_classification
8017A000-40c36370aefa13c6011000276625c7660a98d75edbb214bc5f048bd5539c70d6,4096,0,8,4088,0x0:0x4;0xC:0x1000,,candidate_spans_and_remaining_bytes_are_not_proven_code_data_classification
8017A000-418e0086b7dde7384901d362c8527d559d01d18db11e502016b9c7511351c01f,4096,0,8,4088,0x0:0x4;0xC:0x1000,,candidate_spans_and_remaining_bytes_are_not_proven_code_data_classification
8017A000-4221b8ae04e2fa367bdb11b8750c64f0ee4cc61b90ff02e25fcdea70c622fe4a,4096,0,8,4088,0x0:0x4;0xC:0x1000,,candidate_spans_and_remaining_bytes_are_not_proven_code_data_classification
8017A000-422bcaba9e2da4000829af33be0d85b22b1b3a0e0ee1cb18aea1b585c4e1bc1c,4096,0,8,4088,0x0:0x4;0xC:0x1000,,candidate_spans_and_remaining_bytes_are_not_proven_code_data_classification
8017A000-425c2cc53ee069e0a42292b4d52660d80d8bbb096200db2a29cc4df4404ac922,4096,0,8,4088,0x0:0x4;0xC:0x1000,,candidate_spans_and_remaining_bytes_are_not_proven_code_data_classification
8017A000-42cf447d088dec835dd09b9c910a10ffbf67daa58b5d5131c27a6653fcae6481,4096,0,8,4088,0x0:0x4;0xC:0x1000,,candidate_spans_and_remaining_bytes_are_not_proven_code_data_classification
8017A000-436e40644657d184a1f9db9e293971482213a6f182898d61b465a932c5541263,4096,0,8,4088,0x0:0x4;0xC:0x1000,,candidate_spans_and_remaining_bytes_are_not_proven_code_data_classification
8017A000-44b5335c2bbe3253db0a14b675c30a3786e2b1e3eb1b73bb27a170cd1ffb120f,4096,0,8,4088,0x0:0x4;0xC:0x1000,,candidate_spans_and_remaining_bytes_are_not_proven_code_data_classification
8017A000-44eafb9ce3d528b1c01e15b89ce565907a7a30f56441b5037ceae81672a6d133,4096,0,8,4088,0x0:0x4;0xC:0x1000,,candidate_spans_and_remaining_bytes_are_not_proven_code_data_classification
8017A000-45b296d040e137cd73db48bb8f3d1155eff649eb30a16e029c909405fb9a28c5,4096,0,8,4088,0x0:0x4;0xC:0x1000,,candidate_spans_and_remaining_bytes_are_not_proven_code_data_classification
8017A000-45b3a00e499f842c76a2e637c835b553234e007da829fd2a51960dd479d1ed5f,4096,0,8,4088,0x0:0x4;0xC:0x1000,,candidate_spans_and_remaining_bytes_are_not_proven_code_data_classification
8017A000-46472a3ceaf0a405145b7dcab31f7d180c8547c7cfe5fe525358dcf7ae93155c,4096,0,8,4088,0x0:0x4;0xC:0x1000,,candidate_spans_and_remaining_bytes_are_not_proven_code_data_classification
8017A000-4743d37ef40c6f60a526c1b377fa8b799329d9c3a4231aa53c4a9fb93f146450,4096,0,8,4088,0x0:0x4;0xC:0x1000,,candidate_spans_and_remaining_bytes_are_not_proven_code_data_classification
8017A000-48771d2621d60e58d7e29a8d696c98c8becbd99da69d60c95609dd6cb3086bf4,4096,0,8,4088,0x0:0x4;0xC:0x1000,,candidate_spans_and_remaining_bytes_are_not_proven_code_data_classification
8017A000-48c6731b68221539ae2baf02da9841169d30222ba117c858315adcea03ce256f,4096,0,8,4088,0x0:0x4;0xC:0x1000,,candidate_spans_and_remaining_bytes_are_not_proven_code_data_classification
8017A000-49629f39b37a1808a2e00c17ca3cf8908c7a888d40c6ac8c05f3e19c622aa6c2,4096,0,8,4088,0x0:0x4;0xC:0x1000,,candidate_spans_and_remaining_bytes_are_not_proven_code_data_classification
8017A000-4970702da9c6608b42bd00bcd76abeb786e892a769bff4109c76cafdd26010c4,4096,0,8,4088,0x0:0x4;0xC:0x1000,,candidate_spans_and_remaining_bytes_are_not_proven_code_data_classification
8017A000-4a7ac0a255be039037fd2c860e4cd18f33e52784379ec7c7762c6baadf8671a2,4096,0,8,4088,0x0:0x4;0xC:0x1000,,candidate_spans_and_remaining_bytes_are_not_proven_code_data_classification
8017A000-4ac48c8a0bd021a3e739b45ef2d340ad4e3b36af7a7f5caed1671af13c0ae849,4096,0,8,4088,0x0:0x4;0xC:0x1000,,candidate_spans_and_remaining_bytes_are_not_proven_code_data_classification
8017A000-4aee6cf2555fc8bd221a1403c18e3d840109ed67f073841c891d0462964728eb,4096,0,8,4088,0x0:0x4;0xC:0x1000,,candidate_spans_and_remaining_bytes_are_not_proven_code_data_classification
8017A000-4c09bba52373bff8032e86b2bc4dffa83333b0404fca44e0d969864839c5bf7d,4096,0,8,4088,0x0:0x4;0xC:0x1000,,candidate_spans_and_remaining_bytes_are_not_proven_code_data_classification
8017A000-4c39d81b6562d04e5ba9b448d2791053b20548d7eb474faa7e38bc4bc5868e77,4096,0,8,4088,0x0:0x4;0xC:0x1000,0x204,candidate_spans_and_remaining_bytes_are_not_proven_code_data_classification
8017A000-4c66170e0fc9d0ae1268b5fc9a0c309cb55dae321f560c24b460692190948072,4096,0,8,4088,0x0:0x4;0xC:0x1000,,candidate_spans_and_remaining_bytes_are_not_proven_code_data_classification
8017A000-4c8f232ee495b655b90f507ee5c36f730639b157af6aaedb9329010086ef26b5,4096,0,8,4088,0x0:0x4;0xC:0x1000,,candidate_spans_and_remaining_bytes_are_not_proven_code_data_classification
8017A000-4cbb7524c4ee44cdff8c3388b9ff31f8ba876168ee7e6cbc6c52ee2b08e6cc6b,4096,0,8,4088,0x0:0x4;0xC:0x1000,,candidate_spans_and_remaining_bytes_are_not_proven_code_data_classification
8017A000-4d4e6dedc67ab79e4f868f2563d4fd3eaf3c6a274d453f521f4227d92e5cf9aa,4096,0,8,4088,0x0:0x4;0xC:0x1000,,candidate_spans_and_remaining_bytes_are_not_proven_code_data_classification
8017A000-4de1034b007f63586118d65468ea4dfe436b554fab9fdf95c0dc1fdc7414ae63,4096,0,8,4088,0x0:0x4;0xC:0x1000,,candidate_spans_and_remaining_bytes_are_not_proven_code_data_classification
8017A000-4e04f41b34dbd2b9ef90b36da91e837869e3d20174b407159622e01fee15ae00,4096,0,8,4088,0x0:0x4;0xC:0x1000,,candidate_spans_and_remaining_bytes_are_not_proven_code_data_classification
8017A000-4ed849bd601295709e4166e3af90a597fcd6b8344109068ac486f7dfc3ef8b7f,4096,0,8,4088,0x0:0x4;0xC:0x1000,,candidate_spans_and_remaining_bytes_are_not_proven_code_data_classification
8017A000-4fcca9bd18f335c12eb4a9c8202871b1867be2709f00303b2daaa3d4722bfd57,4096,0,8,4088,0x0:0x4;0xC:0x1000,,candidate_spans_and_remaining_bytes_are_not_proven_code_data_classification
8017A000-4fe00d440b198030ad02f5ed8668d3c4b732ba0972f77006a5711ffc8a323aad,4096,0,8,4088,0x0:0x4;0xC:0x1000,,candidate_spans_and_remaining_bytes_are_not_proven_code_data_classification
8017A000-4fed53ac7a1cae72881573508e3cb8104116ad5c5486711c4e9d8b39e9beb788,4096,0,8,4088,0x0:0x4;0xC:0x1000,,candidate_spans_and_remaining_bytes_are_not_proven_code_data_classification
8017A000-50641c8a4cf6f8b1ab85a3ac54abbb98f10997da1b70724503011b82fa7f72e5,4096,0,8,4088,0x0:0x4;0xC:0x1000,,candidate_spans_and_remaining_bytes_are_not_proven_code_data_classification
8017A000-5088d10cc2831d9ec50a251bd0c9189c716a2f6a90d7c4d19f24c99211c3332b,4096,0,8,4088,0x0:0x4;0xC:0x1000,,candidate_spans_and_remaining_bytes_are_not_proven_code_data_classification
8017A000-50d5cbaa177ba779084e649bd708b8618a1645a89ba8ef6496d10dedbd60ce9b,4096,0,8,4088,0x0:0x4;0xC:0x1000,,candidate_spans_and_remaining_bytes_are_not_proven_code_data_classification
8017A000-516ab235acd32ba764590d9a46f998bae2a8b0117a6d22b511e8165903d9cdb7,4096,0,8,4088,0x0:0x4;0xC:0x1000,,candidate_spans_and_remaining_bytes_are_not_proven_code_data_classification
8017A000-5248f126b66daf8a0e7dd3b804187d45ab869dca1a9437610c1462288d839896,4096,0,8,4088,0x0:0x4;0xC:0x1000,,candidate_spans_and_remaining_bytes_are_not_proven_code_data_classification
8017A000-52c854550cb135c0c49f90a6ba8fbe703c6160f2b68c10ef723b13db49fd260c,4096,0,8,4088,0x0:0x4;0xC:0x1000,,candidate_spans_and_remaining_bytes_are_not_proven_code_data_classification
8017A000-52d06a8cbebfbffa91baaca97d909ec1f34123a5ad5beefd0d417a2dd5bc3b54,4096,0,8,4088,0x0:0x4;0xC:0x1000,,candidate_spans_and_remaining_bytes_are_not_proven_code_data_classification
8017A000-5366189f5d8627ccebd547dcb800af76c774a6bb706d0bf0f3570834cdc52584,4096,0,8,4088,0x0:0x4;0xC:0x1000,,candidate_spans_and_remaining_bytes_are_not_proven_code_data_classification
8017A000-539c4c1ee665b47ddb5092e582125744d96b38c2aa48bb5aee236e8b978de925,4096,0,8,4088,0x0:0x4;0xC:0x1000,,candidate_spans_and_remaining_bytes_are_not_proven_code_data_classification
8017A000-54aade6cf4ab186f3e6e407280863f1fec17ac727b406d35bf5eb43e3d6a2b75,4096,0,8,4088,0x0:0x4;0xC:0x1000,,candidate_spans_and_remaining_bytes_are_not_proven_code_data_classification
8017A000-54adfa90d022b3106e74536f354f2d9cccefbcf224d491e34459dfcd6658f58b,4096,0,8,4088,0x0:0x4;0xC:0x1000,,candidate_spans_and_remaining_bytes_are_not_proven_code_data_classification
8017A000-55416b34c8148c3ef8b4cc27d1b1333f362ad69b032532e705a4035d439f2ffe,4096,0,8,4088,0x0:0x4;0xC:0x1000,,candidate_spans_and_remaining_bytes_are_not_proven_code_data_classification
8017A000-566ce0c03e8b11ece5bfedccf8dc00a21a292a8fe37bfeb6d153ea6ddb522384,4096,0,8,4088,0x0:0x4;0xC:0x1000,,candidate_spans_and_remaining_bytes_are_not_proven_code_data_classification
8017A000-56f9ac2ef3186a697b13136bd6b1f8c7e1412c7ed39d9ef78916c6e2cb97335b,4096,0,8,4088,0x0:0x4;0xC:0x1000,,candidate_spans_and_remaining_bytes_are_not_proven_code_data_classification
8017A000-5739793dfbd90721412b2f42a4821e6ea724a0fefed52ac94d34fa93ae0f6a46,4096,0,8,4088,0x0:0x4;0xC:0x1000,,candidate_spans_and_remaining_bytes_are_not_proven_code_data_classification
8017A000-57b6c48089675a168ab829c30c68e424e2b9c45c3bf7264098b1ff1bbe714eeb,4096,0,8,4088,0x0:0x4;0xC:0x1000,,candidate_spans_and_remaining_bytes_are_not_proven_code_data_classification
8017A000-5829101171d4b07cabe33c3e8c7b94c3f75f505d119b582980316718e59c1da4,4096,0,8,4088,0x0:0x4;0xC:0x1000,,candidate_spans_and_remaining_bytes_are_not_proven_code_data_classification
8017A000-58742582ae610c5212cbf58aa91f489595af4ed635cfb9438c8b8e9c83b14a40,4096,0,8,4088,0x0:0x4;0xC:0x1000,,candidate_spans_and_remaining_bytes_are_not_proven_code_data_classification
8017A000-587703da51a4936b7400f2a07d0c8cc087421cb067173a36348891bfa84d811b,4096,0,8,4088,0x0:0x4;0xC:0x1000,,candidate_spans_and_remaining_bytes_are_not_proven_code_data_classification
8017A000-591d40c4646e2866dd044add0080f322c6bdb650938aefea85333731ed2fd3a0,4096,0,8,4088,0x0:0x4;0xC:0x1000,,candidate_spans_and_remaining_bytes_are_not_proven_code_data_classification
8017A000-592687c49b038b8cee51160c6fdf6f18a55e070ca0d86f2decb3085161aad405,4096,0,8,4088,0x0:0x4;0xC:0x1000,,candidate_spans_and_remaining_bytes_are_not_proven_code_data_classification
8017A000-5a032d77cae72341bcbd250b43751ab6dae126361cdb9eeabd468d240d3148c1,4096,0,8,4088,0x0:0x4;0xC:0x1000,,candidate_spans_and_remaining_bytes_are_not_proven_code_data_classification
8017A000-5a686c06cb9788639de00f23a4c7adb89d8f6c07225f05d4a3da4286dd668fa6,4096,0,8,4088,0x0:0x4;0xC:0x1000,,candidate_spans_and_remaining_bytes_are_not_proven_code_data_classification
8017A000-5b18cd2cf221ac6cdaaa30998471beb3828122f6875467915f301152b758fa47,4096,0,8,4088,0x0:0x4;0xC:0x1000,,candidate_spans_and_remaining_bytes_are_not_proven_code_data_classification
8017A000-5b21c2ff3b24c4b88daf2da4bea1713fe17b1b67469ae9aeb2fa208a8d0204dd,4096,0,8,4088,0x0:0x4;0xC:0x1000,,candidate_spans_and_remaining_bytes_are_not_proven_code_data_classification
8017A000-5b53f16402d792b55b0ca653a05110d92c33f839dded58704dc50c411b9ad187,4096,0,8,4088,0x0:0x4;0xC:0x1000,,candidate_spans_and_remaining_bytes_are_not_proven_code_data_classification
8017A000-5b85353611f44655eab542b944d211cca76a592e8a1e00101b2f0d9876e330d9,4096,0,8,4088,0x0:0x4;0xC:0x1000,,candidate_spans_and_remaining_bytes_are_not_proven_code_data_classification
8017A000-5c56a64610fe95fdf75f8878f49d6c66768b14fc047ac1491388cacf6ad27e90,4096,0,8,4088,0x0:0x4;0xC:0x1000,,candidate_spans_and_remaining_bytes_are_not_proven_code_data_classification
8017A000-5ce1ad98738f266316171e3045526882aed92e7f2a6689530baa044677b0201f,4096,0,8,4088,0x0:0x4;0xC:0x1000,0x204,candidate_spans_and_remaining_bytes_are_not_proven_code_data_classification
8017A000-5ce60580d7ef645d28b14aabc92fb20826104082b674b6eb0c38fae8a7860184,4096,0,8,4088,0x0:0x4;0xC:0x1000,,candidate_spans_and_remaining_bytes_are_not_proven_code_data_classification
8017A000-5d6546559f5999e752fb8f0f411ccbc421568a66beead8e37521d9c40a1dd2ee,4096,0,8,4088,0x0:0x4;0xC:0x1000,,candidate_spans_and_remaining_bytes_are_not_proven_code_data_classification
8017A000-5dbc8c9ec13840d95309c058e0aacf718cb034266381471ff6ae9437548da976,4096,0,8,4088,0x0:0x4;0xC:0x1000,,candidate_spans_and_remaining_bytes_are_not_proven_code_data_classification
8017A000-5dda425fc0132e55a8c1f40bcf4ed1b33070053bebae392ada953ecc18e81185,4096,0,8,4088,0x0:0x4;0xC:0x1000,,candidate_spans_and_remaining_bytes_are_not_proven_code_data_classification
8017A000-5e120e6f026bd931fabb6c39ae6bb1ee21b0a5d5031d8cd81404e9656587da8b,4096,0,8,4088,0x0:0x4;0xC:0x1000,,candidate_spans_and_remaining_bytes_are_not_proven_code_data_classification
8017A000-5e2fc711b63a59d68123260294dd9143db553dac5f0d464d37f8284c088b8036,4096,0,8,4088,0x0:0x4;0xC:0x1000,,candidate_spans_and_remaining_bytes_are_not_proven_code_data_classification
8017A000-5e694f3d11328a534bc5cb1ddb2f8843701ac070c9c1314a140683c6a0e5ae8e,4096,0,8,4088,0x0:0x4;0xC:0x1000,,candidate_spans_and_remaining_bytes_are_not_proven_code_data_classification
8017A000-5ea76d3fae3431999117a03116f7966830171441430e6096b0821f58a407ed2f,4096,0,8,4088,0x0:0x4;0xC:0x1000,,candidate_spans_and_remaining_bytes_are_not_proven_code_data_classification
8017A000-5f22dd560e72385411b5a3b33a6de49516b8193a3dbe7a74ce1143cad0417781,4096,0,8,4088,0x0:0x4;0xC:0x1000,,candidate_spans_and_remaining_bytes_are_not_proven_code_data_classification
8017A000-5f6003ae92aeb48b54838439751cc67b423b0866eef56641480b124aa3aaea28,4096,0,8,4088,0x0:0x4;0xC:0x1000,,candidate_spans_and_remaining_bytes_are_not_proven_code_data_classification
8017A000-5f84ca482f82205561a7e9aa55e2bd55f4db2e1c61fe7e4f0bf82a6abd21a1e1,4096,0,8,4088,0x0:0x4;0xC:0x1000,,candidate_spans_and_remaining_bytes_are_not_proven_code_data_classification
8017A000-60ca01053328a5d7d9e25945df9882ae621827ebd5f73c7d48ab5dd1a37c116c,4096,216,0,3880,0x0:0x4;0xDC:0x1000,,candidate_spans_and_remaining_bytes_are_not_proven_code_data_classification
8017A000-61509324112dae165d00972015734c66085a3415dd7026929e63adff025b907e,4096,0,8,4088,0x0:0x4;0xC:0x1000,,candidate_spans_and_remaining_bytes_are_not_proven_code_data_classification
8017A000-617ca6ad853501b436cfe2670bdf70d1f3e841baab983a3472d455664ef7ba2c,4096,0,8,4088,0x0:0x4;0xC:0x1000,,candidate_spans_and_remaining_bytes_are_not_proven_code_data_classification
8017A000-61d55516298b2afa60aaeecda61acc5815a04aac4b0aa019caed0d2b7d34cc66,4096,0,8,4088,0x0:0x4;0xC:0x1000,,candidate_spans_and_remaining_bytes_are_not_proven_code_data_classification
8017A000-62446ff4018181af23b42a411532a3703d9b074bab0df740bb88f6a71b40fa36,4096,0,8,4088,0x0:0x4;0xC:0x1000,,candidate_spans_and_remaining_bytes_are_not_proven_code_data_classification
8017A000-62562bc20dc5fb4ce83ecd19cd809b986a735cb3761c88308c7508a3e9f07bd3,4096,0,8,4088,0x0:0x4;0xC:0x1000,,candidate_spans_and_remaining_bytes_are_not_proven_code_data_classification
8017A000-6264cf69d116acc44eeddaa69c95a07b6faee2bb07002dfd8dc23f0995f813c8,4096,0,8,4088,0x0:0x4;0xC:0x1000,,candidate_spans_and_remaining_bytes_are_not_proven_code_data_classification
8017A000-627e4b2424aa13089ecbebbdbaec388afef9d48020de96af8ddad2a7ea5ed6a2,4096,0,8,4088,0x0:0x4;0xC:0x1000,,candidate_spans_and_remaining_bytes_are_not_proven_code_data_classification
8017A000-6401e76d027add6b65329ad886639abe66f2e4c5f3e7471c8a8fbab363e8aa04,4096,0,8,4088,0x0:0x4;0xC:0x1000,,candidate_spans_and_remaining_bytes_are_not_proven_code_data_classification
8017A000-6446f51b0123a0ee7aee51c5f1b3095bdddb6806080d08e136d974aa529791e5,4096,0,8,4088,0x0:0x4;0xC:0x1000,,candidate_spans_and_remaining_bytes_are_not_proven_code_data_classification
8017A000-64d6fb995d0f88b04246186bf5ae9e858d25d1949280f0e638260c743635802b,4096,0,8,4088,0x0:0x4;0xC:0x1000,,candidate_spans_and_remaining_bytes_are_not_proven_code_data_classification
8017A000-6530cb1a6abbd073cba53fb964dedcc64a8eba75547e819ed6a29a692dcf7ff6,4096,0,8,4088,0x0:0x4;0xC:0x1000,,candidate_spans_and_remaining_bytes_are_not_proven_code_data_classification
8017A000-654693a1d07c065e28cc4ef56619617911e8f9c4958f5215cc14a8694997fc89,4096,0,8,4088,0x0:0x4;0xC:0x1000,0xBE4,candidate_spans_and_remaining_bytes_are_not_proven_code_data_classification
8017A000-65c37cb9ec7e399300351ec44b47f3b0f37ae0c7e4c8ad79e022bed553b74297,4096,0,8,4088,0x0:0x4;0xC:0x1000,,candidate_spans_and_remaining_bytes_are_not_proven_code_data_classification
8017A000-664db85f2f98d8efa259bf38d47e7d463e1a4fac3fc6a55423d9fdcc74c7cd8d,4096,0,8,4088,0x0:0x4;0xC:0x1000,,candidate_spans_and_remaining_bytes_are_not_proven_code_data_classification
8017A000-664ea71c1a5e2bd1bc21fcc76c1efb1f26758b24a1b7b90eec9ed26c68fde8ce,4096,0,8,4088,0x0:0x4;0xC:0x1000,,candidate_spans_and_remaining_bytes_are_not_proven_code_data_classification
8017A000-667bb7ad6769f39706b7695f8cd924efbf44e0eb415db068f089dccd113b0f18,4096,0,8,4088,0x0:0x4;0xC:0x1000,,candidate_spans_and_remaining_bytes_are_not_proven_code_data_classification
8017A000-669ce8286f2c5339217d530d4c3c3905fd527eb71eb3d5d0949d548402cdacaf,4096,0,8,4088,0x0:0x4;0xC:0x1000,,candidate_spans_and_remaining_bytes_are_not_proven_code_data_classification
8017A000-6798115caa72e9e77568982aaf66cfc7c4eb831ab8b185b8f4c08300145c8f05,4096,0,8,4088,0x0:0x4;0xC:0x1000,,candidate_spans_and_remaining_bytes_are_not_proven_code_data_classification
8017A000-68848dc2e467a9902ca1e327734f0ecfbef2aae1b7bf231789171d2c71b3bada,4096,0,8,4088,0x0:0x4;0xC:0x1000,,candidate_spans_and_remaining_bytes_are_not_proven_code_data_classification
8017A000-688d1b1f15801ef95c12a34b9c2f47ed56f1c97a3b5bc3281f67772deeced079,4096,0,8,4088,0x0:0x4;0xC:0x1000,,candidate_spans_and_remaining_bytes_are_not_proven_code_data_classification
8017A000-68a76f7acc8ea3aa811199603a29421c52a036b103cf9312142ca075a0c4304e,4096,0,8,4088,0x0:0x4;0xC:0x1000,,candidate_spans_and_remaining_bytes_are_not_proven_code_data_classification
8017A000-6901f8f51fe496879e10fe5ad5c7b7f767efb3588ac8cba2158fc58487b04399,4096,0,8,4088,0x0:0x4;0xC:0x1000,,candidate_spans_and_remaining_bytes_are_not_proven_code_data_classification
8017A000-69cd1badce3acb7e42a72ea919a9961452e768a523b6c4ddb2004cdce0c925ed,4096,0,8,4088,0x0:0x4;0xC:0x1000,,candidate_spans_and_remaining_bytes_are_not_proven_code_data_classification
8017A000-6a20a2f3076f4533978930afe76cce3d645414961b1919719ec12b970c47e49b,4096,0,8,4088,0x0:0x4;0xC:0x1000,,candidate_spans_and_remaining_bytes_are_not_proven_code_data_classification
8017A000-6a41141b14a800f908931565534cb3fbd44d6328b867615b3d65fdc50aa8d748,4096,0,8,4088,0x0:0x4;0xC:0x1000,,candidate_spans_and_remaining_bytes_are_not_proven_code_data_classification
8017A000-6a50ce5765e4718aabdc488033c4a2a4146c9fec1834c4fe74cd94e526d0e658,4096,0,8,4088,0x0:0x4;0xC:0x1000,,candidate_spans_and_remaining_bytes_are_not_proven_code_data_classification
8017A000-6ae5b4de6f997d5875b23e961375211ff7bdb86d30b85d489068b864e24da911,4096,0,8,4088,0x0:0x4;0xC:0x1000,,candidate_spans_and_remaining_bytes_are_not_proven_code_data_classification
8017A000-6b014bdcf6fca826385adbc60da997123d02ca41a67947fed3d7a433fd550ea4,4096,0,8,4088,0x0:0x4;0xC:0x1000,,candidate_spans_and_remaining_bytes_are_not_proven_code_data_classification
8017A000-6b074d9173bdc70fc3ea50d9cecb479c39eba450cb1e5386a7ad36f7525c184b,4096,0,8,4088,0x0:0x4;0xC:0x1000,,candidate_spans_and_remaining_bytes_are_not_proven_code_data_classification
8017A000-6b3a32a66c438745ec0acc60efd50ad0e28216803deeaee8d06bd95b6adffcce,4096,0,8,4088,0x0:0x4;0xC:0x1000,,candidate_spans_and_remaining_bytes_are_not_proven_code_data_classification
8017A000-6b8468270828ab68fab64422504b057b0ae2fe90810f8cdc7e6503f35a5fee86,4096,0,8,4088,0x0:0x4;0xC:0x1000,,candidate_spans_and_remaining_bytes_are_not_proven_code_data_classification
8017A000-6bcaba2a2890327dc00a8631696f42a322ca6077802e1bd2f844c8e9ddd5aafc,4096,0,8,4088,0x0:0x4;0xC:0x1000,,candidate_spans_and_remaining_bytes_are_not_proven_code_data_classification
8017A000-6c06874f0a31a0a063824fab7e512aa731f29dae303736e7c2b3f2256f60147d,4096,0,8,4088,0x0:0x4;0xC:0x1000,,candidate_spans_and_remaining_bytes_are_not_proven_code_data_classification
8017A000-6c2aca5e8bf8109b5a11930869db87ea5668920c5ed2abd2b3647614d61d4e87,4096,0,8,4088,0x0:0x4;0xC:0x1000,,candidate_spans_and_remaining_bytes_are_not_proven_code_data_classification
8017A000-6c31d422d8242840ede1024ccc6aa3ef403bc2aec16796e522b53159943cfa51,4096,0,8,4088,0x0:0x4;0xC:0x1000,,candidate_spans_and_remaining_bytes_are_not_proven_code_data_classification
8017A000-6c44d65a7f1493a57686c3fd52bae2952f67539c04576d4dbc30e2e00cf9eebd,4096,0,8,4088,0x0:0x4;0xC:0x1000,,candidate_spans_and_remaining_bytes_are_not_proven_code_data_classification
8017A000-6ccd81388c7ad821aa99252c8df699ef71fa963a397f551737abb54eb912b030,4096,0,8,4088,0x0:0x4;0xC:0x1000,,candidate_spans_and_remaining_bytes_are_not_proven_code_data_classification
8017A000-6d088023aca2f18f16352dd5803524c7a55f7d6d49cef05fc5a12f280f846f68,4096,0,8,4088,0x0:0x4;0xC:0x1000,,candidate_spans_and_remaining_bytes_are_not_proven_code_data_classification
8017A000-6f0428f80c9d0bbcdd31d92e5c1144139e853f9139ae01500ab95cafd5b2189e,4096,0,8,4088,0x0:0x4;0xC:0x1000,,candidate_spans_and_remaining_bytes_are_not_proven_code_data_classification
8017A000-6f2efa4fb6c7a7955da3f4c482e0b65062fb42f3d5949dbd67001b88f34a3e32,4096,0,8,4088,0x0:0x4;0xC:0x1000,,candidate_spans_and_remaining_bytes_are_not_proven_code_data_classification
8017A000-6f80d33431242fdbd8f9a33c5eead43e509fcbfb7c3fd84e0a03650e0a498cea,4096,0,8,4088,0x0:0x4;0xC:0x1000,,candidate_spans_and_remaining_bytes_are_not_proven_code_data_classification
8017A000-702e131eb82d51228ba025b1f66b1b925f16bf52eeb0d9fec98ac309610f8ed6,4096,0,8,4088,0x0:0x4;0xC:0x1000,,candidate_spans_and_remaining_bytes_are_not_proven_code_data_classification
8017A000-704dcde3d56b89f763b4d7912f6820504f57c29617a0ecaa3cf2b13264bb8235,4096,0,8,4088,0x0:0x4;0xC:0x1000,,candidate_spans_and_remaining_bytes_are_not_proven_code_data_classification
8017A000-70c6b24e78c03045a88475d199aa20c57b6eaea68c7a2070a4ed973c63f14876,4096,0,8,4088,0x0:0x4;0xC:0x1000,,candidate_spans_and_remaining_bytes_are_not_proven_code_data_classification
8017A000-70d03e50f9a9a37a0ed9083104aa6be4711570b5b03ac78b0859a857fe06ecd4,4096,0,8,4088,0x0:0x4;0xC:0x1000,,candidate_spans_and_remaining_bytes_are_not_proven_code_data_classification
8017A000-70d31f5afbe0f6c165a442f93bb0374f07e31cb4080c2f1faf1e475f56b267f2,4096,0,8,4088,0x0:0x4;0xC:0x1000,,candidate_spans_and_remaining_bytes_are_not_proven_code_data_classification
8017A000-718d8e2a270bc01e29947f14631037fac6a138b2a0aa9b6c65ea5077809c9c64,4096,0,8,4088,0x0:0x4;0xC:0x1000,,candidate_spans_and_remaining_bytes_are_not_proven_code_data_classification
8017A000-71c8f45fc9ef1bb1c2f492127393fc5721e9281120b65805b553a31a5d5729be,4096,0,8,4088,0x0:0x4;0xC:0x1000,,candidate_spans_and_remaining_bytes_are_not_proven_code_data_classification
8017A000-7205590ba7ed16038d4db28f2a56114348ae6d821ce9df9be666bffdc0f3ec74,4096,0,8,4088,0x0:0x4;0xC:0x1000,,candidate_spans_and_remaining_bytes_are_not_proven_code_data_classification
8017A000-72fa823a16add562575dbf72166926c65046ccc7fc2963a77f9842719c70c6bc,4096,0,8,4088,0x0:0x4;0xC:0x1000,,candidate_spans_and_remaining_bytes_are_not_proven_code_data_classification
8017A000-732cb6de88de2f177e43a4d175596657c7e51c2bf2de079dd3d1a02a48be015d,4096,0,8,4088,0x0:0x4;0xC:0x1000,,candidate_spans_and_remaining_bytes_are_not_proven_code_data_classification
8017A000-7394dc4818ce42b7ff93cc7a0134585ad75e220caa157d930316e9b3f70b2ad4,4096,0,8,4088,0x0:0x4;0xC:0x1000,,candidate_spans_and_remaining_bytes_are_not_proven_code_data_classification
8017A000-74542ab12d61096dfe13fa874dd0b50d6c9242a1de4c007a6301071fa61044ef,4096,0,8,4088,0x0:0x4;0xC:0x1000,,candidate_spans_and_remaining_bytes_are_not_proven_code_data_classification
8017A000-750e28f9526f6e227e11737195a87ec8e0f2ff366f87365a8b7a2a29a5170ae5,4096,0,8,4088,0x0:0x4;0xC:0x1000,,candidate_spans_and_remaining_bytes_are_not_proven_code_data_classification
8017A000-75903f9991cf7dd58e4c1424e893ac18d11440292b62e4b146e94ef209deb2c1,4096,0,8,4088,0x0:0x4;0xC:0x1000,,candidate_spans_and_remaining_bytes_are_not_proven_code_data_classification
8017A000-75bbba91d0d57fb6457af24a9c4193db3a0be09d12cd2fe4540628d73ac68224,4096,0,8,4088,0x0:0x4;0xC:0x1000,,candidate_spans_and_remaining_bytes_are_not_proven_code_data_classification
8017A000-767bfecc81cf322b385cf8be05b7d20553406c98cf269b3312d1d13a6ea5a764,4096,0,8,4088,0x0:0x4;0xC:0x1000,,candidate_spans_and_remaining_bytes_are_not_proven_code_data_classification
8017A000-7716ef1e61c825acec68c0014f74200505f8071d077713acc4e293b8baa18680,4096,0,8,4088,0x0:0x4;0xC:0x1000,,candidate_spans_and_remaining_bytes_are_not_proven_code_data_classification
8017A000-7858102c51cf29f4ea952dd63d00851c65d0e6887e68d93157aaa78a66a7ea5c,4096,0,8,4088,0x0:0x4;0xC:0x1000,,candidate_spans_and_remaining_bytes_are_not_proven_code_data_classification
8017A000-786d735cf74efcb5009bb464b3146a4cbffc03e4dfbbc6922bdbb0548763cb1f,4096,0,8,4088,0x0:0x4;0xC:0x1000,,candidate_spans_and_remaining_bytes_are_not_proven_code_data_classification
8017A000-79115794c830b25141ea9b00de9db9743654e04c637b21715fcde5a8ade7f634,4096,0,8,4088,0x0:0x4;0xC:0x1000,,candidate_spans_and_remaining_bytes_are_not_proven_code_data_classification
8017A000-7951c166b5da39c44221bb4df78db9010d9300f415292d93029cd71ef3878465,4096,0,8,4088,0x0:0x4;0xC:0x1000,,candidate_spans_and_remaining_bytes_are_not_proven_code_data_classification
8017A000-797911e9201fbd69a1423d936c5e1df1425541b673eaee61685d187659174a1d,4096,0,8,4088,0x0:0x4;0xC:0x1000,,candidate_spans_and_remaining_bytes_are_not_proven_code_data_classification
8017A000-7a0eb5d3a9b7af50d97a1703d93a7f46a3b2601568e040c97d542ec7e2611e0f,4096,0,8,4088,0x0:0x4;0xC:0x1000,,candidate_spans_and_remaining_bytes_are_not_proven_code_data_classification
8017A000-7a36409b562049d1afa873e1dba0c0301a678a95e284c0d38fd69d6b9c74dad4,4096,0,8,4088,0x0:0x4;0xC:0x1000,,candidate_spans_and_remaining_bytes_are_not_proven_code_data_classification
8017A000-7a6f0a23600c1b5eb16636d97c1f7f802edb770eca4cb7772d9f626af02a7790,4096,0,8,4088,0x0:0x4;0xC:0x1000,,candidate_spans_and_remaining_bytes_are_not_proven_code_data_classification
8017A000-7abf854066cc2743931ddb54913f513450d95c742b2834c5c99e0cb4823a0538,4096,0,8,4088,0x0:0x4;0xC:0x1000,,candidate_spans_and_remaining_bytes_are_not_proven_code_data_classification
8017A000-7ad1492a40d8329f32168701fc3c1609a89b14d37a302871c28ac2ca34895232,4096,0,8,4088,0x0:0x4;0xC:0x1000,,candidate_spans_and_remaining_bytes_are_not_proven_code_data_classification
8017A000-7afb288df11cf3eced00964c2b6ed6b7559fbe91ae319c51c64a19cb3366fab0,4096,0,8,4088,0x0:0x4;0xC:0x1000,,candidate_spans_and_remaining_bytes_are_not_proven_code_data_classification
8017A000-7b1a0597365e653f771ef482ccb4b444d149073399995490a1977d1205520259,4096,0,8,4088,0x0:0x4;0xC:0x1000,,candidate_spans_and_remaining_bytes_are_not_proven_code_data_classification
8017A000-7c043dddaafc51218e85d85ac1b0f8eeb2ec5ab6ce2fe31401188b11d6880a9e,4096,0,8,4088,0x0:0x4;0xC:0x1000,,candidate_spans_and_remaining_bytes_are_not_proven_code_data_classification
8017A000-7c86c06f92452cf6673833bff4fcd639873522c7d1d35a2c07ebf990b3ef8191,4096,0,8,4088,0x0:0x4;0xC:0x1000,,candidate_spans_and_remaining_bytes_are_not_proven_code_data_classification
8017A000-7d215c09c058a92c775631cd03e4526314e05fe24d876b9848ac181e2d9ac226,4096,0,8,4088,0x0:0x4;0xC:0x1000,,candidate_spans_and_remaining_bytes_are_not_proven_code_data_classification
8017A000-7de25b039253ab24fd47a3398064cf72c1bbc3b08c0087762a919bcf68c821f9,4096,0,8,4088,0x0:0x4;0xC:0x1000,,candidate_spans_and_remaining_bytes_are_not_proven_code_data_classification
8017A000-7dfa6588f9ac394ee09b8e8c71ff3b1b82c8e83889fdafdc837251a976758d46,4096,0,8,4088,0x0:0x4;0xC:0x1000,,candidate_spans_and_remaining_bytes_are_not_proven_code_data_classification
8017A000-7eee3119c8f744a03e369b6ab8dc16fb114d8df03cdea412c348d8e11f4f50cb,4096,0,8,4088,0x0:0x4;0xC:0x1000,,candidate_spans_and_remaining_bytes_are_not_proven_code_data_classification
8017A000-7f2211f619cf9768022f0bdd246041b5f036c3a9c98db1d9d8d678412c8b5fc7,4096,0,8,4088,0x0:0x4;0xC:0x1000,,candidate_spans_and_remaining_bytes_are_not_proven_code_data_classification
8017A000-7f7d31bfa759d253035bf5be00351f59975a3c716eab6f1ff4ae514f51e9de3b,4096,0,8,4088,0x0:0x4;0xC:0x1000,,candidate_spans_and_remaining_bytes_are_not_proven_code_data_classification
8017A000-7f90d5b643eedac349a56581d35c0c2ed0233c1e349c15e2d2f60ef9d6cb971a,4096,0,8,4088,0x0:0x4;0xC:0x1000,,candidate_spans_and_remaining_bytes_are_not_proven_code_data_classification
8017A000-7f954fd85d539aeccb667ba91141bd07c3e23b5e0c6ffb81efe5092b5bc16e51,4096,0,8,4088,0x0:0x4;0xC:0x1000,,candidate_spans_and_remaining_bytes_are_not_proven_code_data_classification
8017A000-7f9e84d54a807331c4bcc85cb2e790e5deec394a09385636c7df4d9ccfbfd49d,4096,0,8,4088,0x0:0x4;0xC:0x1000,,candidate_spans_and_remaining_bytes_are_not_proven_code_data_classification
8017A000-7fb0107cc7ef02bc5fbd9b4e2509866e40da5f3b67837eff6214e86ff2caa8c4,4096,0,8,4088,0x0:0x4;0xC:0x1000,,candidate_spans_and_remaining_bytes_are_not_proven_code_data_classification
8017A000-819abf65c356dd2f3d21e1e6f155dbc1414ccf84b15005377b0e2b7ef61eb771,4096,0,8,4088,0x0:0x4;0xC:0x1000,,candidate_spans_and_remaining_bytes_are_not_proven_code_data_classification
8017A000-81a6926cc59229fd947c38d172597cc632d6e31f5f0a43d5bfb6b05ec9e7adcf,4096,0,8,4088,0x0:0x4;0xC:0x1000,,candidate_spans_and_remaining_bytes_are_not_proven_code_data_classification
8017A000-82cfca18da422d945b88e2b1262359065906cf8128e793416d57db2e4408f87f,4096,0,8,4088,0x0:0x4;0xC:0x1000,,candidate_spans_and_remaining_bytes_are_not_proven_code_data_classification
8017A000-831f36c96ed07521ffc39c789e7d57a8ec21f85a104715e667a08f91b2aa4a81,4096,0,8,4088,0x0:0x4;0xC:0x1000,,candidate_spans_and_remaining_bytes_are_not_proven_code_data_classification
8017A000-83b59a7e164c7271aa17bb6cae11aadfe3bbc4dd87ad227181bc36e9a3e97951,4096,0,8,4088,0x0:0x4;0xC:0x1000,,candidate_spans_and_remaining_bytes_are_not_proven_code_data_classification
8017A000-83f3ece0def641a8bbecefe6936d7320d4917b5602feb794a4646cc8e04e2d85,4096,0,8,4088,0x0:0x4;0xC:0x1000,,candidate_spans_and_remaining_bytes_are_not_proven_code_data_classification
8017A000-846a71f31ea81bde7559c4d89830d9d1163d093cce714c9e071d0beef9c6d3b0,4096,0,8,4088,0x0:0x4;0xC:0x1000,0xB14,candidate_spans_and_remaining_bytes_are_not_proven_code_data_classification
8017A000-84c14eb1b12a13702c374c1171172f3fb195d20f32d1fa42c258815297d099a7,4096,0,8,4088,0x0:0x4;0xC:0x1000,,candidate_spans_and_remaining_bytes_are_not_proven_code_data_classification
8017A000-85473438a3f9fcaeb2f05d5d290cab69d405095138b9dcae310cea959a4d5dae,4096,0,8,4088,0x0:0x4;0xC:0x1000,,candidate_spans_and_remaining_bytes_are_not_proven_code_data_classification
8017A000-867179fa985e59555e35d6ec552da86ccc81a8e1f57c0ac3254b19b27eae9e21,4096,0,8,4088,0x0:0x4;0xC:0x1000,,candidate_spans_and_remaining_bytes_are_not_proven_code_data_classification
8017A000-86aaecdaf86afd95871bae732305cfea3f50ea1fe896cc4e639bf986003eda87,4096,0,8,4088,0x0:0x4;0xC:0x1000,,candidate_spans_and_remaining_bytes_are_not_proven_code_data_classification
8017A000-87e7cfddd48fbc40447f52a739d069608903f5f023e08fcbf689e9e42c4d3c7b,4096,0,8,4088,0x0:0x4;0xC:0x1000,,candidate_spans_and_remaining_bytes_are_not_proven_code_data_classification
8017A000-87e890f9c62c7591ed3ec503df96d17c0dab0c791e66ba2d265ec388d5a708c0,4096,0,8,4088,0x0:0x4;0xC:0x1000,,candidate_spans_and_remaining_bytes_are_not_proven_code_data_classification
8017A000-882f12518a39866f84297685c36aa1d1ce4e2803b1735eb9e79ea1f8b12b286f,4096,0,8,4088,0x0:0x4;0xC:0x1000,,candidate_spans_and_remaining_bytes_are_not_proven_code_data_classification
8017A000-88314f8710a941ad187d977f1f3dbffba7ad3ee58174b82989935570a3e3204a,4096,0,8,4088,0x0:0x4;0xC:0x1000,,candidate_spans_and_remaining_bytes_are_not_proven_code_data_classification
8017A000-88b74ba282dee7d84ec85176929aad7e499e9133e69eb267bd5004aaee6aaf45,4096,0,8,4088,0x0:0x4;0xC:0x1000,,candidate_spans_and_remaining_bytes_are_not_proven_code_data_classification
8017A000-8a2d8c9c6a1cf02758746851fc43d9ee9f0e61b93a0936f9d297acd55c588686,4096,0,8,4088,0x0:0x4;0xC:0x1000,,candidate_spans_and_remaining_bytes_are_not_proven_code_data_classification
8017A000-8ab0f4e87eec8571028da38acfb518dae40450040c824d0a4dc7eebdbdfca424,4096,0,8,4088,0x0:0x4;0xC:0x1000,,candidate_spans_and_remaining_bytes_are_not_proven_code_data_classification
8017A000-8ae39138d75900c8e959d530107eca2daaabb9dad7e0c786249a6c1cefc1c21c,4096,0,8,4088,0x0:0x4;0xC:0x1000,,candidate_spans_and_remaining_bytes_are_not_proven_code_data_classification
8017A000-8b0e4d1f43601846f67b7007944cbeb63932dfe7298141d2dcda9867d1305798,4096,0,8,4088,0x0:0x4;0xC:0x1000,,candidate_spans_and_remaining_bytes_are_not_proven_code_data_classification
8017A000-8b6fd307e1947f0c30de0bb1e8207f4fdaa3d9cd776be6db14678f5a7f16d974,4096,0,8,4088,0x0:0x4;0xC:0x1000,,candidate_spans_and_remaining_bytes_are_not_proven_code_data_classification
8017A000-8b734f8af2d81d4165f9ff32707365e4b0fa4aa751eb656c40a80d667d56349b,4096,0,8,4088,0x0:0x4;0xC:0x1000,,candidate_spans_and_remaining_bytes_are_not_proven_code_data_classification
8017A000-8b8dc5e393b2fcb61b63d6c9696c82034098220dea37d6b2ff5913090683cbde,4096,0,8,4088,0x0:0x4;0xC:0x1000,,candidate_spans_and_remaining_bytes_are_not_proven_code_data_classification
8017A000-8bad9e75131a54de123028b930dfc53feb1631e76a9f0e4d858297d898c4a213,4096,0,8,4088,0x0:0x4;0xC:0x1000,,candidate_spans_and_remaining_bytes_are_not_proven_code_data_classification
8017A000-8bd1864fd7f5ab4cf38b74cbe9cda913d10021af55dbb50c20fa354ed285de69,4096,0,8,4088,0x0:0x4;0xC:0x1000,,candidate_spans_and_remaining_bytes_are_not_proven_code_data_classification
8017A000-8bfb365213d447aeeafbeb38ea646da79a82836e498a5348cd991abbb985c315,4096,0,8,4088,0x0:0x4;0xC:0x1000,,candidate_spans_and_remaining_bytes_are_not_proven_code_data_classification
8017A000-8c37591a0b60fec676803c4177894db853b2d580106da2d60850fd3ea2502fe7,4096,0,8,4088,0x0:0x4;0xC:0x1000,,candidate_spans_and_remaining_bytes_are_not_proven_code_data_classification
8017A000-8c90bd5937047c2585f30128fccd54759b5117f2caaab562870e5685ec189e4e,4096,0,8,4088,0x0:0x4;0xC:0x1000,,candidate_spans_and_remaining_bytes_are_not_proven_code_data_classification
8017A000-8e0285c30e772f514e9087699e2e30d1b9627cea4399460ddeb103c49663eb5a,4096,0,8,4088,0x0:0x4;0xC:0x1000,,candidate_spans_and_remaining_bytes_are_not_proven_code_data_classification
8017A000-8e8072268ff998bb4fbb2bea66a830bd48c63789e69f965fc59ba14c8a8428a5,4096,0,8,4088,0x0:0x4;0xC:0x1000,,candidate_spans_and_remaining_bytes_are_not_proven_code_data_classification
8017A000-8f48d5767ded1f1a85a21f13836cf205861cf8d42be17cb0c3bd513934aa5cc3,4096,0,8,4088,0x0:0x4;0xC:0x1000,,candidate_spans_and_remaining_bytes_are_not_proven_code_data_classification
8017A000-8f603911ed413da6265b0bfef3351c573e8229ab142c1abe2dff9c73d404a71c,4096,0,8,4088,0x0:0x4;0xC:0x1000,,candidate_spans_and_remaining_bytes_are_not_proven_code_data_classification
8017A000-8fe55c043ef6eb92d6c58a6ea98d168c492e479d2894ab9590974946a7df8a29,4096,0,8,4088,0x0:0x4;0xC:0x1000,,candidate_spans_and_remaining_bytes_are_not_proven_code_data_classification
8017A000-8fea0032721fba375f429f67ec58094942868672b116b8caf0dc8eb6174589c9,4096,0,8,4088,0x0:0x4;0xC:0x1000,,candidate_spans_and_remaining_bytes_are_not_proven_code_data_classification
8017A000-90fe5cc2b9fe35440ab47a78ec887853cff43bc3625c3742300a40dbb3ccdedb,4096,216,0,3880,0x0:0x4;0xDC:0x1000,,candidate_spans_and_remaining_bytes_are_not_proven_code_data_classification
8017A000-9121efa20def49234a94ee6e5c433d65d5da344a8d551372533832cd37aa65cb,4096,0,8,4088,0x0:0x4;0xC:0x1000,,candidate_spans_and_remaining_bytes_are_not_proven_code_data_classification
8017A000-912c7f46c4e897c7f6cef484cef20d8ecd9eb3a539d716b2f366eeb102f67603,4096,0,8,4088,0x0:0x4;0xC:0x1000,,candidate_spans_and_remaining_bytes_are_not_proven_code_data_classification
8017A000-913880e36efa22c60eb41adb2a77189b13ce57c63866fa025e83dc0ddfb43153,4096,0,8,4088,0x0:0x4;0xC:0x1000,0x894;0xF3C,candidate_spans_and_remaining_bytes_are_not_proven_code_data_classification
8017A000-91f98d02f6ea6df0e98a25f2fab3898a47b8be44fb9f53a862f6c433a9d8f555,4096,0,8,4088,0x0:0x4;0xC:0x1000,,candidate_spans_and_remaining_bytes_are_not_proven_code_data_classification
8017A000-9204e57381f4f6c30c639fc04d9f81387ccf60803759340a9625d466764e4e94,4096,0,8,4088,0x0:0x4;0xC:0x1000,,candidate_spans_and_remaining_bytes_are_not_proven_code_data_classification
8017A000-924b48423b49a64ddd85a204d52d5a3b3c901ffbeb5b16da5c019dcc13ada713,4096,0,8,4088,0x0:0x4;0xC:0x1000,,candidate_spans_and_remaining_bytes_are_not_proven_code_data_classification
8017A000-935dfdf069916aa695ab52f1de03029ec1822b1f368046ffad4dbef069d4c40b,4096,0,8,4088,0x0:0x4;0xC:0x1000,,candidate_spans_and_remaining_bytes_are_not_proven_code_data_classification
8017A000-93823098cb2b4391bb4d983c21e2e03f9fb426a251e232f2b1e95964431bc5b6,4096,0,8,4088,0x0:0x4;0xC:0x1000,,candidate_spans_and_remaining_bytes_are_not_proven_code_data_classification
8017A000-9396bef99578327212091d2d39fe96de5777e0f5ca1b12ec25052a686b87d602,4096,0,8,4088,0x0:0x4;0xC:0x1000,,candidate_spans_and_remaining_bytes_are_not_proven_code_data_classification
8017A000-93e78234cbc7ca13135a3d2386216adc556037d40e47471335361586b11eab74,4096,0,8,4088,0x0:0x4;0xC:0x1000,,candidate_spans_and_remaining_bytes_are_not_proven_code_data_classification
8017A000-93fed092ec6e80fdb2af257b69ba0021982b61dafb28f2d568b4bb25dc5e7a5d,4096,0,8,4088,0x0:0x4;0xC:0x1000,,candidate_spans_and_remaining_bytes_are_not_proven_code_data_classification
8017A000-941a926ea5726c7a5cb5e960a0a33b1e267792e663ce4f37c21eb1fa6a55ed4d,4096,0,8,4088,0x0:0x4;0xC:0x1000,,candidate_spans_and_remaining_bytes_are_not_proven_code_data_classification
8017A000-947a3c177b31e0d0c228b01626697f45b9a6fb1555e20f763360a816eef55cc0,4096,0,8,4088,0x0:0x4;0xC:0x1000,,candidate_spans_and_remaining_bytes_are_not_proven_code_data_classification
8017A000-94b12597f0052fcf6fa26d6cf75145866b5a17596362a7c92be28fad007cebea,4096,0,8,4088,0x0:0x4;0xC:0x1000,,candidate_spans_and_remaining_bytes_are_not_proven_code_data_classification
8017A000-95b3ec9acfc381c52f4842852395fa8d1b07a0a2351e25f7706978ff034be3f4,4096,0,8,4088,0x0:0x4;0xC:0x1000,,candidate_spans_and_remaining_bytes_are_not_proven_code_data_classification
8017A000-967b522d75f82e4b245b898dbc5cab124720b3e9ef47f4822259428439b17ba7,4096,0,8,4088,0x0:0x4;0xC:0x1000,,candidate_spans_and_remaining_bytes_are_not_proven_code_data_classification
8017A000-96a42695ed2c300e37ad828aec4ed7002a24c9df179f575b07f0a00637a7b684,4096,0,8,4088,0x0:0x4;0xC:0x1000,,candidate_spans_and_remaining_bytes_are_not_proven_code_data_classification
8017A000-96ca1cd50e638b96bba57632eaaf12eb23e10b639142cf6bf2737dc5a494fd26,4096,0,8,4088,0x0:0x4;0xC:0x1000,,candidate_spans_and_remaining_bytes_are_not_proven_code_data_classification
8017A000-97119d68ff27fc8e50e3f7f0c8ca1d0bb2793a50038e7de248699b73f91c7cfb,4096,0,8,4088,0x0:0x4;0xC:0x1000,,candidate_spans_and_remaining_bytes_are_not_proven_code_data_classification
8017A000-97356567d8199cfa2ea368059c216f55451eba1ed84aea0251e816200fb152c2,4096,0,8,4088,0x0:0x4;0xC:0x1000,,candidate_spans_and_remaining_bytes_are_not_proven_code_data_classification
8017A000-97387b4b96129852f1cdf1b0162830e1e6e24c1b4ce718dc4f57cb27caaa4c2c,4096,0,8,4088,0x0:0x4;0xC:0x1000,,candidate_spans_and_remaining_bytes_are_not_proven_code_data_classification
8017A000-976a7084080d39a744fd3f6f223ffdbed5628143e32020b019d2dd5e3bd542cb,4096,0,8,4088,0x0:0x4;0xC:0x1000,,candidate_spans_and_remaining_bytes_are_not_proven_code_data_classification
8017A000-97d48016587c37d337d6f9efb947d32582bb77a18c2c7559966b0db29d33ef80,4096,0,8,4088,0x0:0x4;0xC:0x1000,,candidate_spans_and_remaining_bytes_are_not_proven_code_data_classification
8017A000-99519108c920e8053fada3028a47488c7c27d9ab0c601193e57c5127a35f3c23,4096,0,8,4088,0x0:0x4;0xC:0x1000,,candidate_spans_and_remaining_bytes_are_not_proven_code_data_classification
8017A000-9990f3cd357350831ab48afe97e87bda77e5d92d0615a5d3bf4658968a79179f,4096,0,8,4088,0x0:0x4;0xC:0x1000,,candidate_spans_and_remaining_bytes_are_not_proven_code_data_classification
8017A000-99c4b233ed4bd45756a0311341901895ff7d82d281bdb6ceba7ee723df35f4ee,4096,0,8,4088,0x0:0x4;0xC:0x1000,,candidate_spans_and_remaining_bytes_are_not_proven_code_data_classification
8017A000-99c5856f42e3dbb2cda379690f6139054ce5b97226d9101357bb26ce60e4bf76,4096,0,8,4088,0x0:0x4;0xC:0x1000,,candidate_spans_and_remaining_bytes_are_not_proven_code_data_classification
8017A000-9a0355373a324398ddcb723a4ec63fc136f3c6f9d0548d4887ab6accc594c184,4096,0,8,4088,0x0:0x4;0xC:0x1000,,candidate_spans_and_remaining_bytes_are_not_proven_code_data_classification
8017A000-9b01ed0e25fa72d0af441f82dd4f8eaa9a1854bee6cf8b7fe71782627a662068,4096,0,8,4088,0x0:0x4;0xC:0x1000,,candidate_spans_and_remaining_bytes_are_not_proven_code_data_classification
8017A000-9b0b62554c62fcbfd598f3c814b7c2dc097494b6bf5976d2ce111b60ddc446b5,4096,0,8,4088,0x0:0x4;0xC:0x1000,0xDFC,candidate_spans_and_remaining_bytes_are_not_proven_code_data_classification
8017A000-9b7c9f05dc613b895dbf8286d0450a8fad7f37c1daf946b1039b8589d216a03b,4096,0,8,4088,0x0:0x4;0xC:0x1000,,candidate_spans_and_remaining_bytes_are_not_proven_code_data_classification
8017A000-9c0563b905d2538b20d6f6e47fa1e27bba9df0ce813ebea9c5028044f405e812,4096,0,8,4088,0x0:0x4;0xC:0x1000,,candidate_spans_and_remaining_bytes_are_not_proven_code_data_classification
8017A000-9c6a42d77cef0745b9d4755c9f7ce9d4e0b175ee7abcd825ca00ff8d97ef0574,4096,0,8,4088,0x0:0x4;0xC:0x1000,,candidate_spans_and_remaining_bytes_are_not_proven_code_data_classification
8017A000-9c7b305e73e2a30c61c3c04f81fb55da599cd60bd3975c0b86f873ac2879d960,4096,0,8,4088,0x0:0x4;0xC:0x1000,,candidate_spans_and_remaining_bytes_are_not_proven_code_data_classification
8017A000-9d0a9634b63a45dc20328fb293242c4ee9489e6111a1ffe42f1a51ecce86fa8e,4096,0,8,4088,0x0:0x4;0xC:0x1000,,candidate_spans_and_remaining_bytes_are_not_proven_code_data_classification
8017A000-9e03e4470f5d1aa0fb87926c588a4eb160604ba54dc08598c23558edf0001f3a,4096,0,8,4088,0x0:0x4;0xC:0x1000,,candidate_spans_and_remaining_bytes_are_not_proven_code_data_classification
8017A000-9e4752aab219ae5dc4ac64b246988bd2cf06da9f4dbb1b542b2f03eecde65fe7,4096,0,8,4088,0x0:0x4;0xC:0x1000,,candidate_spans_and_remaining_bytes_are_not_proven_code_data_classification
8017A000-9e7fe236a92a1afae16a47ae8a1dc27ebcb92dcb8e730f227d17b4ca2a4f80f0,4096,0,8,4088,0x0:0x4;0xC:0x1000,,candidate_spans_and_remaining_bytes_are_not_proven_code_data_classification
8017A000-9faea8b54b8b1c516cc3ccaa78b6ec62584f43fd67c6183eea573e3c081b3d66,4096,0,8,4088,0x0:0x4;0xC:0x1000,,candidate_spans_and_remaining_bytes_are_not_proven_code_data_classification
8017A000-a0030520ada048111c6bd47bbbe34a860c7995dcb046aee58078977f0ebfefed,4096,0,8,4088,0x0:0x4;0xC:0x1000,,candidate_spans_and_remaining_bytes_are_not_proven_code_data_classification
8017A000-a05cdb06770c25560fc1176dbf83b6a5e6b36bd1fbe9b6140a7ffbd7ae8852fa,4096,0,8,4088,0x0:0x4;0xC:0x1000,,candidate_spans_and_remaining_bytes_are_not_proven_code_data_classification
8017A000-a133d49731c4a6cd46b20653fca45e11b4fd26df8c5a95c647f2b386ab137f56,4096,0,8,4088,0x0:0x4;0xC:0x1000,,candidate_spans_and_remaining_bytes_are_not_proven_code_data_classification
8017A000-a17a9b6dcf870a12ccaa8e3ba722c23ac319645536bd0a0b9c4d4534bd9509ee,4096,0,8,4088,0x0:0x4;0xC:0x1000,,candidate_spans_and_remaining_bytes_are_not_proven_code_data_classification
8017A000-a1b87d523f09f94c4f3c81a71822c0f48d65cee1c6ea2af0bea9f00fe6f42333,4096,0,8,4088,0x0:0x4;0xC:0x1000,,candidate_spans_and_remaining_bytes_are_not_proven_code_data_classification
8017A000-a207bf140ede68f7f058e6bdcc8e5bd5efc7962e84ef3020a8ad0777055eed51,4096,0,8,4088,0x0:0x4;0xC:0x1000,,candidate_spans_and_remaining_bytes_are_not_proven_code_data_classification
8017A000-a24c7546dc751533f73493f5cbc970d49db93b42cf310aff49fb2117a392a9e4,4096,0,8,4088,0x0:0x4;0xC:0x1000,,candidate_spans_and_remaining_bytes_are_not_proven_code_data_classification
8017A000-a27131d89034bf71b29fe0fcade8c7743ac4324449d394c4fdb9644bd9c78c07,4096,0,8,4088,0x0:0x4;0xC:0x1000,,candidate_spans_and_remaining_bytes_are_not_proven_code_data_classification
8017A000-a2abd29849fab9303d90da3b0f31fe0a61a502b2e7fdfca76a3b390ad4643606,4096,0,8,4088,0x0:0x4;0xC:0x1000,,candidate_spans_and_remaining_bytes_are_not_proven_code_data_classification
8017A000-a3602095cb69eda21bc85c1e1515f69bcc36c410a0145711a021c2f2ea2d9942,4096,0,8,4088,0x0:0x4;0xC:0x1000,,candidate_spans_and_remaining_bytes_are_not_proven_code_data_classification
8017A000-a3cdda6625fdabb2f848235a1d88f3d8dfefaafef5f2c90cf329551d8350eb22,4096,0,8,4088,0x0:0x4;0xC:0x1000,,candidate_spans_and_remaining_bytes_are_not_proven_code_data_classification
8017A000-a483b2e42505eec6cf0f63c50ff2f3553873bb6055ea922cb86c7ac3301dc60a,4096,0,8,4088,0x0:0x4;0xC:0x1000,,candidate_spans_and_remaining_bytes_are_not_proven_code_data_classification
8017A000-a491a2c988ca6e9fdd76185ab9e27bcb32b3b81a9a40f480b1fc71b102da6d7c,4096,0,8,4088,0x0:0x4;0xC:0x1000,,candidate_spans_and_remaining_bytes_are_not_proven_code_data_classification
8017A000-a4e87923d3c58057946fc3ec6eb5638af0c8b2d2d84258d462bc33c1780170f2,4096,0,8,4088,0x0:0x4;0xC:0x1000,,candidate_spans_and_remaining_bytes_are_not_proven_code_data_classification
8017A000-a5ecc1810036004e1c80e5b5bcd6fea03b309eb41c09042c629921f7e2736cc6,4096,0,8,4088,0x0:0x4;0xC:0x1000,,candidate_spans_and_remaining_bytes_are_not_proven_code_data_classification
8017A000-a5efdecb4fb6230673d7b8afbbb3d0ccaabf5e905383755d41fd02965a67e661,4096,0,8,4088,0x0:0x4;0xC:0x1000,,candidate_spans_and_remaining_bytes_are_not_proven_code_data_classification
8017A000-a6330b56add53dcf31c0a39e3a87859ca79aeccda4c6928e0446436537f104d9,4096,0,8,4088,0x0:0x4;0xC:0x1000,,candidate_spans_and_remaining_bytes_are_not_proven_code_data_classification
8017A000-a686e93ac78ad3ea9240a3611070d71a3bfc8436b1b4cbb80b6ca2f9189e08b4,4096,0,8,4088,0x0:0x4;0xC:0x1000,,candidate_spans_and_remaining_bytes_are_not_proven_code_data_classification
8017A000-a6a61b62d00703e1a35b1404b6f88336e901f03f99a859ca00613d09ba00a030,4096,0,8,4088,0x0:0x4;0xC:0x1000,,candidate_spans_and_remaining_bytes_are_not_proven_code_data_classification
8017A000-a6cdd561d6ef3f18d5a9cda5061f26e95acc10b3c93d82e52df7d55e29941d95,4096,0,8,4088,0x0:0x4;0xC:0x1000,,candidate_spans_and_remaining_bytes_are_not_proven_code_data_classification
8017A000-a778b056507075276568b012bb22363049cd37b5776063cc920b0a2d9491a092,4096,0,8,4088,0x0:0x4;0xC:0x1000,,candidate_spans_and_remaining_bytes_are_not_proven_code_data_classification
8017A000-a7806ffdfb8129cac7ab6cb08951b16f653ad7cdbc9733cefb9d91956ef660e1,4096,0,8,4088,0x0:0x4;0xC:0x1000,,candidate_spans_and_remaining_bytes_are_not_proven_code_data_classification
8017A000-a7c31677945941212cc973053a1420b49651a244e0056259ed59a7329fd4c7d5,4096,0,8,4088,0x0:0x4;0xC:0x1000,,candidate_spans_and_remaining_bytes_are_not_proven_code_data_classification
8017A000-a7e9f2287244361a7f57cc53346534dd0edbd9e69b9824b3a4b350619158d60c,4096,0,8,4088,0x0:0x4;0xC:0x1000,,candidate_spans_and_remaining_bytes_are_not_proven_code_data_classification
8017A000-a80b0984c813d3d938b45a8b4fc172a9e776bf78d1360d4bd96bdedd4a8a5590,4096,0,8,4088,0x0:0x4;0xC:0x1000,,candidate_spans_and_remaining_bytes_are_not_proven_code_data_classification
8017A000-a851f1ef6fb656b864330c6a5497f76f9e953fa1ea6e550566695b4f6b887fe4,4096,0,8,4088,0x0:0x4;0xC:0x1000,,candidate_spans_and_remaining_bytes_are_not_proven_code_data_classification
8017A000-a876207c674f0e7429ef4c281888ff20f7004df46c5cb43fb19abe2d49357d67,4096,0,8,4088,0x0:0x4;0xC:0x1000,,candidate_spans_and_remaining_bytes_are_not_proven_code_data_classification
8017A000-a8efd29da53db9e28dfb7ab178756f757f7ab2b062198a60172261bdc838fb91,4096,0,8,4088,0x0:0x4;0xC:0x1000,,candidate_spans_and_remaining_bytes_are_not_proven_code_data_classification
8017A000-a97a2d5ea7d43b3cd829b2bdf6d4f5c4909c32252351f505d76a015013f2a454,4096,0,8,4088,0x0:0x4;0xC:0x1000,,candidate_spans_and_remaining_bytes_are_not_proven_code_data_classification
8017A000-aa2e72ffea0a2edffb0d626a035099d48d347e59843f3cafcaa5760b0bcf38d6,4096,0,8,4088,0x0:0x4;0xC:0x1000,,candidate_spans_and_remaining_bytes_are_not_proven_code_data_classification
8017A000-aaab852cbde883e899223baa5dcc21a8c3b0e92e1a2f687646840590ae411b51,4096,0,8,4088,0x0:0x4;0xC:0x1000,,candidate_spans_and_remaining_bytes_are_not_proven_code_data_classification
8017A000-aae5c6d3927951381ed81654be093289b3f8808b3cf1b1ad79670042af540403,4096,0,8,4088,0x0:0x4;0xC:0x1000,,candidate_spans_and_remaining_bytes_are_not_proven_code_data_classification
8017A000-ab3b9d8ac4f35cd1768d618e10419f7abf664e5f1d54eb81288dfdaaf03f617e,4096,0,8,4088,0x0:0x4;0xC:0x1000,,candidate_spans_and_remaining_bytes_are_not_proven_code_data_classification
8017A000-aba2e8c687a00d74cb7e968d6f7f075d7605fddb372d4f0bf9d3fd2b29c7c1e8,4096,0,8,4088,0x0:0x4;0xC:0x1000,,candidate_spans_and_remaining_bytes_are_not_proven_code_data_classification
8017A000-ad80c4b0651f297ab3ece4f69f4cc994a252e91ddbadc8c39a3f28ed19c82925,4096,0,8,4088,0x0:0x4;0xC:0x1000,,candidate_spans_and_remaining_bytes_are_not_proven_code_data_classification
8017A000-ad9aaab0d6cadf9b147afcdded9f41a1c103d8009139e909d8563ed7ad922d18,4096,0,8,4088,0x0:0x4;0xC:0x1000,,candidate_spans_and_remaining_bytes_are_not_proven_code_data_classification
8017A000-adb2062e1956e08b7a8bca11971d48f9676250684c209b4811e49203115b8a4c,4096,0,8,4088,0x0:0x4;0xC:0x1000,,candidate_spans_and_remaining_bytes_are_not_proven_code_data_classification
8017A000-af5c03306ac5639ee38cafb353a044b40f8e0acaab36b8ff5c977371ee8053f8,4096,0,8,4088,0x0:0x4;0xC:0x1000,,candidate_spans_and_remaining_bytes_are_not_proven_code_data_classification
8017A000-af5f987526ab5b53e2ef288866c2395fa75292a8e5067eee8a8a6660bdbf7161,4096,0,8,4088,0x0:0x4;0xC:0x1000,,candidate_spans_and_remaining_bytes_are_not_proven_code_data_classification
8017A000-afe37a2c85b9688a3d5d20f17f101945021eef42915548e4c2831c83158b67c7,4096,0,8,4088,0x0:0x4;0xC:0x1000,,candidate_spans_and_remaining_bytes_are_not_proven_code_data_classification
8017A000-b03fdb2b06645cfe73a64bff8dacfe04bdc64ddddbc4929873295e45de364300,4096,0,8,4088,0x0:0x4;0xC:0x1000,,candidate_spans_and_remaining_bytes_are_not_proven_code_data_classification
8017A000-b080e58ba7195855c5fbde32c394a4ca456413f43009b4ec569f673a2aa54876,4096,0,8,4088,0x0:0x4;0xC:0x1000,,candidate_spans_and_remaining_bytes_are_not_proven_code_data_classification
8017A000-b0c37d86b942a51161538efbe1824f8c6c7a7331db4682ba713af1514a71d568,4096,0,8,4088,0x0:0x4;0xC:0x1000,,candidate_spans_and_remaining_bytes_are_not_proven_code_data_classification
8017A000-b14d2c9fcbfaf042310418f68f9d702c241e1bd9a8bb48073a490352e44563bd,4096,0,8,4088,0x0:0x4;0xC:0x1000,,candidate_spans_and_remaining_bytes_are_not_proven_code_data_classification
8017A000-b15ea84c66ff133ad9fbb9929e7f289c0d100b79581cded89fdbe3cb60e2bfc3,4096,0,8,4088,0x0:0x4;0xC:0x1000,,candidate_spans_and_remaining_bytes_are_not_proven_code_data_classification
8017A000-b28964f5cd7a4e85dbe61973d780f13546337e6856c3379fb62998d8be244ae5,4096,0,8,4088,0x0:0x4;0xC:0x1000,,candidate_spans_and_remaining_bytes_are_not_proven_code_data_classification
8017A000-b2d2e0acb5f06524c280a92a6be50cf0af02f5afd07eeb27e0236f6336ced6df,4096,0,8,4088,0x0:0x4;0xC:0x1000,,candidate_spans_and_remaining_bytes_are_not_proven_code_data_classification
8017A000-b2f1fabc52cef356f936eef581b2338840a9a61a23253749535e112c21966921,4096,0,8,4088,0x0:0x4;0xC:0x1000,,candidate_spans_and_remaining_bytes_are_not_proven_code_data_classification
8017A000-b31d270ef128d23aa0cb59e0da93846d3fe0a8b40a470ca59ea25a055a6ddd54,4096,0,8,4088,0x0:0x4;0xC:0x1000,,candidate_spans_and_remaining_bytes_are_not_proven_code_data_classification
8017A000-b3282e47a7c09728cd8acccdc5349b637323e501b6f59ec6a094260ddba7dc01,4096,0,8,4088,0x0:0x4;0xC:0x1000,,candidate_spans_and_remaining_bytes_are_not_proven_code_data_classification
8017A000-b382e54a0e182036b503cb5b67095f3b4d71dff4e3719415b816c6e52b82ec37,4096,0,8,4088,0x0:0x4;0xC:0x1000,,candidate_spans_and_remaining_bytes_are_not_proven_code_data_classification
8017A000-b3b4e5449063f117e8f9bce36c7412572d2c95c91a2429c6921aafd8eaefb6d9,4096,0,8,4088,0x0:0x4;0xC:0x1000,,candidate_spans_and_remaining_bytes_are_not_proven_code_data_classification
8017A000-b40a2cbf7910e6f819b928f7d114e4d706053d709df27d009c4c15a79363f7e5,4096,0,8,4088,0x0:0x4;0xC:0x1000,,candidate_spans_and_remaining_bytes_are_not_proven_code_data_classification
8017A000-b41e186e7af41b153607e21aee190e2f8723a904006437f293b5af3483ffddca,4096,0,8,4088,0x0:0x4;0xC:0x1000,,candidate_spans_and_remaining_bytes_are_not_proven_code_data_classification
8017A000-b47ae49ca12cab348c591d64f8c3c53d87d1c688dc7c764c21d3eabf9b451ef7,4096,0,8,4088,0x0:0x4;0xC:0x1000,,candidate_spans_and_remaining_bytes_are_not_proven_code_data_classification
8017A000-b49e2bee1d408fdc28842d66215addee9ba1cd6623622c12916110f52e20c782,4096,0,8,4088,0x0:0x4;0xC:0x1000,,candidate_spans_and_remaining_bytes_are_not_proven_code_data_classification
8017A000-b5034bfe8dec84ae28eaa204a961cf65c604d12508194dfcc08c3d9626c1200b,4096,0,8,4088,0x0:0x4;0xC:0x1000,,candidate_spans_and_remaining_bytes_are_not_proven_code_data_classification
8017A000-b57deffd0f7237dbc9de8764342176e74bbb05bbbc46d63e90aa217fda7b6664,4096,0,8,4088,0x0:0x4;0xC:0x1000,,candidate_spans_and_remaining_bytes_are_not_proven_code_data_classification
8017A000-b67bc5cb0616311d21a78685af3167f0bc5fd129a078ed7bb83349f85d972948,4096,0,8,4088,0x0:0x4;0xC:0x1000,,candidate_spans_and_remaining_bytes_are_not_proven_code_data_classification
8017A000-b6df84ccef9eeb1ac38ec69a6f304aac515c5647feb40045e7ff7f456cc91757,4096,0,8,4088,0x0:0x4;0xC:0x1000,,candidate_spans_and_remaining_bytes_are_not_proven_code_data_classification
8017A000-b6fee670cdb4a35771b98c2223a735f7ff05c7b41f29c5e6e465b03e86d02abd,4096,0,8,4088,0x0:0x4;0xC:0x1000,,candidate_spans_and_remaining_bytes_are_not_proven_code_data_classification
8017A000-b71d8739d4f50ed19e6793e8d42c152ee91f4808e3e70f16fd71398606344c66,4096,0,8,4088,0x0:0x4;0xC:0x1000,,candidate_spans_and_remaining_bytes_are_not_proven_code_data_classification
8017A000-b8ee99ecfec7b012fba4ccad2cd8fe3efdac48f727d485ab9cd790a929e7dc80,4096,0,8,4088,0x0:0x4;0xC:0x1000,,candidate_spans_and_remaining_bytes_are_not_proven_code_data_classification
8017A000-b8fdd2d4616cafdd8c4fa2e874f2f67449b3ee8adebda54109f1f838a427a0fc,4096,0,8,4088,0x0:0x4;0xC:0x1000,,candidate_spans_and_remaining_bytes_are_not_proven_code_data_classification
8017A000-b95fdf4359ae513a055f34b1ea06ed459fc1889b7a8c24cb7e87d69b1127b453,4096,0,8,4088,0x0:0x4;0xC:0x1000,,candidate_spans_and_remaining_bytes_are_not_proven_code_data_classification
8017A000-ba002264671634beba51ce1de0ac8be21819e5f29e0613ce1170844637f5848d,4096,0,8,4088,0x0:0x4;0xC:0x1000,,candidate_spans_and_remaining_bytes_are_not_proven_code_data_classification
8017A000-ba0b2818aa37f7ca33bd59bc3ce8ed145a29193003b552b07d1359ff302cc131,4096,0,8,4088,0x0:0x4;0xC:0x1000,,candidate_spans_and_remaining_bytes_are_not_proven_code_data_classification
8017A000-bab9bee38072f3cd6148b9f442fbabb7b39e53adfdb1f6239d4ce41000b0c3f0,4096,0,8,4088,0x0:0x4;0xC:0x1000,,candidate_spans_and_remaining_bytes_are_not_proven_code_data_classification
8017A000-bb094875d75a8d5e34495d9930800c32be45a70def71e2ba99028c94715f686d,4096,0,8,4088,0x0:0x4;0xC:0x1000,,candidate_spans_and_remaining_bytes_are_not_proven_code_data_classification
8017A000-bb16ace1e1cad645364749cd36b955e13285d0c9df6f669782fbd73f61245f24,4096,0,8,4088,0x0:0x4;0xC:0x1000,,candidate_spans_and_remaining_bytes_are_not_proven_code_data_classification
8017A000-bc1aa4dfba2147d5cd56987a4c48a11acbd88e1e13a0cc27973fa5721eb6ca39,4096,0,8,4088,0x0:0x4;0xC:0x1000,,candidate_spans_and_remaining_bytes_are_not_proven_code_data_classification
8017A000-bc56b78645457fad006e7173e5bca58dc46c409187a59668003e0ac4df7f7701,4096,0,8,4088,0x0:0x4;0xC:0x1000,,candidate_spans_and_remaining_bytes_are_not_proven_code_data_classification
8017A000-bc764353c033f6f7d99123d98359035a4ec65000c3c5cad4bc215d22771e21b1,4096,0,8,4088,0x0:0x4;0xC:0x1000,,candidate_spans_and_remaining_bytes_are_not_proven_code_data_classification
8017A000-bd7095e30511963648bb54a102f1f3557958a963b29179fb40b689c42b2dcb4e,4096,0,8,4088,0x0:0x4;0xC:0x1000,,candidate_spans_and_remaining_bytes_are_not_proven_code_data_classification
8017A000-bdb59d965e7d9d1948ad18bdc1a2360c7e1f7cc9def19e58f09446d04a46bccb,4096,0,8,4088,0x0:0x4;0xC:0x1000,,candidate_spans_and_remaining_bytes_are_not_proven_code_data_classification
8017A000-bdd98a6dfe8b5448c79b0f36844273009067c62ac930d8b4d1ed14f41c986e39,4096,0,8,4088,0x0:0x4;0xC:0x1000,,candidate_spans_and_remaining_bytes_are_not_proven_code_data_classification
8017A000-beb7063bd3c69ad8150d4ccb6cca8cd40024db26aedb0f11e2ff7eb95ebeb89e,4096,0,8,4088,0x0:0x4;0xC:0x1000,,candidate_spans_and_remaining_bytes_are_not_proven_code_data_classification
8017A000-c03057f2adafac4d19b9936fa098920b263d68e4cf2d70cfa650c8ef58390109,4096,0,8,4088,0x0:0x4;0xC:0x1000,,candidate_spans_and_remaining_bytes_are_not_proven_code_data_classification
8017A000-c068c7f4a362e1b4d6bea542bab2975c240a44fca6aa1a29fef4e77f3fc3b272,4096,0,8,4088,0x0:0x4;0xC:0x1000,,candidate_spans_and_remaining_bytes_are_not_proven_code_data_classification
8017A000-c06d4aac993bbe8f34ea48273255426d4d2d6b10d8eb7a22b1feb440f3238f77,4096,0,8,4088,0x0:0x4;0xC:0x1000,,candidate_spans_and_remaining_bytes_are_not_proven_code_data_classification
8017A000-c08651e6871ac6c66b24e15b6988977baa40a258cd4c9aef4a170e7b57308e79,4096,0,8,4088,0x0:0x4;0xC:0x1000,,candidate_spans_and_remaining_bytes_are_not_proven_code_data_classification
8017A000-c091b05beb826e8573fa127cea19a33251f6994422dececf41facc8a87eaa571,4096,0,8,4088,0x0:0x4;0xC:0x1000,,candidate_spans_and_remaining_bytes_are_not_proven_code_data_classification
8017A000-c0a153dea6a99339efbda9572ec0700768cda8eff120fcd5183d19f16b51991a,4096,0,8,4088,0x0:0x4;0xC:0x1000,,candidate_spans_and_remaining_bytes_are_not_proven_code_data_classification
8017A000-c1610889e5ff90ace406f433ebaafb272d3ea12fd3b06d2f3abc6711b81c0cf4,4096,0,8,4088,0x0:0x4;0xC:0x1000,,candidate_spans_and_remaining_bytes_are_not_proven_code_data_classification
8017A000-c31326b8ea4712e7239675cd12fc18beec1d7ec24037eb5ba30ddeb948a95662,4096,0,8,4088,0x0:0x4;0xC:0x1000,,candidate_spans_and_remaining_bytes_are_not_proven_code_data_classification
8017A000-c345ee50634ae6937ca9a604594bd09f9b72bb1eba999445db7113846ea3196f,4096,0,8,4088,0x0:0x4;0xC:0x1000,,candidate_spans_and_remaining_bytes_are_not_proven_code_data_classification
8017A000-c37a321a37365bda0590713b02ad07aac11575e5318872902bd0ad34f19fd961,4096,0,8,4088,0x0:0x4;0xC:0x1000,,candidate_spans_and_remaining_bytes_are_not_proven_code_data_classification
8017A000-c46f913b21e1c3ed902bf69f9101ad1231c7b98d38afdfd91559b38f37ba50d0,4096,0,8,4088,0x0:0x4;0xC:0x1000,,candidate_spans_and_remaining_bytes_are_not_proven_code_data_classification
8017A000-c49d312b99842f28a31bb53a12c42a18dd4a38e4efa2232a53e3b74efcb4e2a3,4096,0,8,4088,0x0:0x4;0xC:0x1000,,candidate_spans_and_remaining_bytes_are_not_proven_code_data_classification
8017A000-c4b92ff4b4634d83f9307353416d37066d0fc3c739a14340bbf64d99e1f6bf74,4096,0,8,4088,0x0:0x4;0xC:0x1000,,candidate_spans_and_remaining_bytes_are_not_proven_code_data_classification
8017A000-c4ece0a244829c91c86a87395299c2b2c30f867ca4f8df696ac62eec509f40ac,4096,0,8,4088,0x0:0x4;0xC:0x1000,,candidate_spans_and_remaining_bytes_are_not_proven_code_data_classification
8017A000-c63ff5291fe5c598cb20ef387ab9552bf8dd3db4875b0a5eafc1422b0d629574,4096,0,8,4088,0x0:0x4;0xC:0x1000,,candidate_spans_and_remaining_bytes_are_not_proven_code_data_classification
8017A000-c6aa2301bcf5cf6bc3f80c1cb2898cb72d59585eebf254358c01c12e807d4373,4096,0,8,4088,0x0:0x4;0xC:0x1000,,candidate_spans_and_remaining_bytes_are_not_proven_code_data_classification
8017A000-c778d2f54b8726d549184a18a1e35db001660eb114a337794a10e9faac2fa6a1,4096,0,8,4088,0x0:0x4;0xC:0x1000,,candidate_spans_and_remaining_bytes_are_not_proven_code_data_classification
8017A000-c7b9acdec1d1a759cfe7343ae694714981bb7680271f0dee3eaf497c649269e4,4096,0,8,4088,0x0:0x4;0xC:0x1000,,candidate_spans_and_remaining_bytes_are_not_proven_code_data_classification
8017A000-c7e1811f20148f98392bdcfadc9539f94c9308cd1ad4603c845acd07fe8f1ead,4096,0,8,4088,0x0:0x4;0xC:0x1000,,candidate_spans_and_remaining_bytes_are_not_proven_code_data_classification
8017A000-c7f9c6e627a1fd64aa67c71e916c856720b231fd7adef056b50212127c859133,4096,0,8,4088,0x0:0x4;0xC:0x1000,,candidate_spans_and_remaining_bytes_are_not_proven_code_data_classification
8017A000-ca191e3dbba59bfb4f2d1ad009ba7f52d70e4d08150bfa4d6b15a9e2e572a26b,4096,0,8,4088,0x0:0x4;0xC:0x1000,,candidate_spans_and_remaining_bytes_are_not_proven_code_data_classification
8017A000-ca1fe120dd3eda2476e0ae71a8798c768d16ada02596dbce5b10b57a605659f8,4096,0,8,4088,0x0:0x4;0xC:0x1000,,candidate_spans_and_remaining_bytes_are_not_proven_code_data_classification
8017A000-ca7f25ecc1fc766b240b8387804c91c83a59dd38b438a741b97b9af730964b71,4096,0,8,4088,0x0:0x4;0xC:0x1000,,candidate_spans_and_remaining_bytes_are_not_proven_code_data_classification
8017A000-cac03d089f05d6013b4da7c0ea97a1fbb12a891727a646f954c9351fb6e44d1c,4096,0,8,4088,0x0:0x4;0xC:0x1000,,candidate_spans_and_remaining_bytes_are_not_proven_code_data_classification
8017A000-cac1bee16eeb3eabf14b836f6413fbd0c816689cd15615bcf960973978ecfedb,4096,0,8,4088,0x0:0x4;0xC:0x1000,,candidate_spans_and_remaining_bytes_are_not_proven_code_data_classification
8017A000-caf6cfda279676eac025856e05ebfd6fb4fe22aa69844f36e8c6efa20f0753f5,4096,0,8,4088,0x0:0x4;0xC:0x1000,,candidate_spans_and_remaining_bytes_are_not_proven_code_data_classification
8017A000-cb2f5a9677e76bdf69860ff342bf7f8d6e9b282632f70ec1faa7d868d5056edd,4096,0,8,4088,0x0:0x4;0xC:0x1000,0xD04,candidate_spans_and_remaining_bytes_are_not_proven_code_data_classification
8017A000-cb807536cd4b329aebfd481dccab2ff2a049115f882534c7b6b838f4ff76aa7f,4096,0,8,4088,0x0:0x4;0xC:0x1000,,candidate_spans_and_remaining_bytes_are_not_proven_code_data_classification
8017A000-cd0cd7811dccdb2ec05171a0b4b62a88ef6f165438c896e34b8a47e3785528d2,4096,0,8,4088,0x0:0x4;0xC:0x1000,,candidate_spans_and_remaining_bytes_are_not_proven_code_data_classification
8017A000-cd21dff6d14a1f443d10d29a31027969caf80dad77b193323897070fb20941ea,4096,0,8,4088,0x0:0x4;0xC:0x1000,,candidate_spans_and_remaining_bytes_are_not_proven_code_data_classification
8017A000-cd6a0779629f8c4093f5702c814abbb81422d9b810d86365bc545bfc3f456253,4096,0,8,4088,0x0:0x4;0xC:0x1000,,candidate_spans_and_remaining_bytes_are_not_proven_code_data_classification
8017A000-cd721f1f76ff2dde87edaca06b16e88c37fb62864b394d027f0b66af5a05b762,4096,0,8,4088,0x0:0x4;0xC:0x1000,,candidate_spans_and_remaining_bytes_are_not_proven_code_data_classification
8017A000-ce56b352b424b3f23bdc34159e67a1fd173214874251d4d401b29dada7cfd797,4096,0,8,4088,0x0:0x4;0xC:0x1000,,candidate_spans_and_remaining_bytes_are_not_proven_code_data_classification
8017A000-ce575c3bded862d15085364935d20da3fe0bae0bd00b653f05156028f5cfeb66,4096,0,8,4088,0x0:0x4;0xC:0x1000,,candidate_spans_and_remaining_bytes_are_not_proven_code_data_classification
8017A000-cf830cf598d0c6f6302156372dca2b7c84913c19950758b95c0aab43904515ef,4096,0,8,4088,0x0:0x4;0xC:0x1000,,candidate_spans_and_remaining_bytes_are_not_proven_code_data_classification
8017A000-cf9b4b97e640d4758125669cf77d41848f6f200b97672d887cdd25bcdca8c6fa,4096,0,8,4088,0x0:0x4;0xC:0x1000,,candidate_spans_and_remaining_bytes_are_not_proven_code_data_classification
8017A000-cfa2a838c78dc815ec0edf9d1cae5fdbc35fc9a451a20f5c5a5a3d5281e0bfd6,4096,0,8,4088,0x0:0x4;0xC:0x1000,,candidate_spans_and_remaining_bytes_are_not_proven_code_data_classification
8017A000-cfaa6cd28dd3138cd041075b094b1f731883240e9cbc97556ebaf4e60dc5f513,4096,0,8,4088,0x0:0x4;0xC:0x1000,,candidate_spans_and_remaining_bytes_are_not_proven_code_data_classification
8017A000-cffe3f6a7853333b670dafc90117eddde746c8673e248e2d5e68f1501b8ba108,4096,0,8,4088,0x0:0x4;0xC:0x1000,,candidate_spans_and_remaining_bytes_are_not_proven_code_data_classification
8017A000-d0b761c6a0513108fea1f0d0255bed8a0e13a444469a0185b5e74261c4c399df,4096,0,8,4088,0x0:0x4;0xC:0x1000,,candidate_spans_and_remaining_bytes_are_not_proven_code_data_classification
8017A000-d1499ce41bc888fc1c21846fd64eb43b43ac1a5c94b49506263ab8c3ffb7c7d9,4096,0,8,4088,0x0:0x4;0xC:0x1000,,candidate_spans_and_remaining_bytes_are_not_proven_code_data_classification
8017A000-d16d006d3ffb9c934c5add56236738331c5cff654435bd07f01dae0d97a2e222,4096,216,0,3880,0x0:0x4;0xDC:0x1000,,candidate_spans_and_remaining_bytes_are_not_proven_code_data_classification
8017A000-d1adcc73d5c117968a1ff9ac5ff5be8ad6e3c2687682f102abc1a5f272219d30,4096,0,8,4088,0x0:0x4;0xC:0x1000,,candidate_spans_and_remaining_bytes_are_not_proven_code_data_classification
8017A000-d2378280de201e74a49da50782a021e663f8a5d554f5d9f87ca76b3e31613626,4096,0,8,4088,0x0:0x4;0xC:0x1000,,candidate_spans_and_remaining_bytes_are_not_proven_code_data_classification
8017A000-d287ba28da5e735fac86922201f82a0403a817d0c6d31e2e92909750fe2aa6c8,4096,0,8,4088,0x0:0x4;0xC:0x1000,,candidate_spans_and_remaining_bytes_are_not_proven_code_data_classification
8017A000-d30b0c001cef97660653c2a2f0d1fcbc2ca008e49f957f83ed22e42a32cb3c5f,4096,0,8,4088,0x0:0x4;0xC:0x1000,,candidate_spans_and_remaining_bytes_are_not_proven_code_data_classification
8017A000-d315a9146a2a6388fc20e6ae7a8fb38d78fe11c0ad3fe3f95f8eb91441c33531,4096,0,8,4088,0x0:0x4;0xC:0x1000,,candidate_spans_and_remaining_bytes_are_not_proven_code_data_classification
8017A000-d343e7fe01a6fa9d1b3844cb7d29b10f88eda9c3b59d209227fdaac084b1cf17,4096,0,8,4088,0x0:0x4;0xC:0x1000,,candidate_spans_and_remaining_bytes_are_not_proven_code_data_classification
8017A000-d351c734043bd667cb22775db543036c619c30648dc01cae7240d06fe07d93e6,4096,0,8,4088,0x0:0x4;0xC:0x1000,,candidate_spans_and_remaining_bytes_are_not_proven_code_data_classification
8017A000-d390dca90f04e2d1c350f854eec49146489b5248b8c91a8c09a178c2fae8605a,4096,0,8,4088,0x0:0x4;0xC:0x1000,,candidate_spans_and_remaining_bytes_are_not_proven_code_data_classification
8017A000-d3aea779cef13aa63be365c6dc54a5531543ebb359a9819de756fee5ddf7c3af,4096,0,8,4088,0x0:0x4;0xC:0x1000,,candidate_spans_and_remaining_bytes_are_not_proven_code_data_classification
8017A000-d45c67e72c66881e5fcaed580480ae0010bdb35c40d12f92ebd4c13765eb1efc,4096,0,8,4088,0x0:0x4;0xC:0x1000,,candidate_spans_and_remaining_bytes_are_not_proven_code_data_classification
8017A000-d54715adaf13f5189c549bd7e9e72e7542701715604bd597dc62189820fbdbb3,4096,0,8,4088,0x0:0x4;0xC:0x1000,,candidate_spans_and_remaining_bytes_are_not_proven_code_data_classification
8017A000-d5b4455bd62b4dd4f94666427dc4db04ff5dbd210cd520426c7aba849778b088,4096,0,8,4088,0x0:0x4;0xC:0x1000,,candidate_spans_and_remaining_bytes_are_not_proven_code_data_classification
8017A000-d5d0383c77669a12868954eb2de7e1ab9e2c3cf52be486f7c83cd5674a6e5276,4096,0,8,4088,0x0:0x4;0xC:0x1000,,candidate_spans_and_remaining_bytes_are_not_proven_code_data_classification
8017A000-d66b3c5fa4e24dd8a1eeaab294fde49f390cf677138429a6523e9c69876792c0,4096,0,8,4088,0x0:0x4;0xC:0x1000,,candidate_spans_and_remaining_bytes_are_not_proven_code_data_classification
8017A000-d6c4c88fb3d59d2024a57654ad1341420b96da241cc22a55256998eb804afa69,4096,0,8,4088,0x0:0x4;0xC:0x1000,,candidate_spans_and_remaining_bytes_are_not_proven_code_data_classification
8017A000-d8dcf451a9d1ee323ca90746ac131293d8cd7f239da013f7136068fd2ad19f7e,4096,0,8,4088,0x0:0x4;0xC:0x1000,0xAA0,candidate_spans_and_remaining_bytes_are_not_proven_code_data_classification
8017A000-da795d0f225e06ce719735885aa7c4cb54bd918b5a577a7e4c9832065f5a588f,4096,0,8,4088,0x0:0x4;0xC:0x1000,,candidate_spans_and_remaining_bytes_are_not_proven_code_data_classification
8017A000-da7ab03d9513a4aa3438cf5045730ec4b7bafe7e271cfc86fd95f668dd81ac03,4096,0,8,4088,0x0:0x4;0xC:0x1000,,candidate_spans_and_remaining_bytes_are_not_proven_code_data_classification
8017A000-dae7bd59cf63b8d534128d0d053c6719b10d27b9b0de21ed4c250c541f6530a5,4096,0,8,4088,0x0:0x4;0xC:0x1000,,candidate_spans_and_remaining_bytes_are_not_proven_code_data_classification
8017A000-dc1e40ba562bfc991276023e73aeea4312cf48f09830c66fb33df85b393e1b17,4096,0,8,4088,0x0:0x4;0xC:0x1000,,candidate_spans_and_remaining_bytes_are_not_proven_code_data_classification
8017A000-dc97291b7dd2d5d41bb94d0e28eddc82e71ec81d77f8965e1e67436dc5752255,4096,0,8,4088,0x0:0x4;0xC:0x1000,,candidate_spans_and_remaining_bytes_are_not_proven_code_data_classification
8017A000-dcfff647b33235f89ad3a5f9531acb1766616f6dbe11e921957b56eb51f02f2b,4096,0,8,4088,0x0:0x4;0xC:0x1000,,candidate_spans_and_remaining_bytes_are_not_proven_code_data_classification
8017A000-dd072ae4eb0f21b6e58d434226a56a1ab7c2eac15409cd2213ba5a194542a405,4096,0,8,4088,0x0:0x4;0xC:0x1000,,candidate_spans_and_remaining_bytes_are_not_proven_code_data_classification
8017A000-dd65e1a4bdcf733f6459e9b72e528ee1eaaf14d7a7259405190c052298bcf920,4096,0,8,4088,0x0:0x4;0xC:0x1000,,candidate_spans_and_remaining_bytes_are_not_proven_code_data_classification
8017A000-dd7c4539c0485cd43f3d990597adf5da4d92b1884109ef92043327d3ea3e4efd,4096,0,8,4088,0x0:0x4;0xC:0x1000,,candidate_spans_and_remaining_bytes_are_not_proven_code_data_classification
8017A000-dd8954b157dc54fc026400d0ff37245b1776884ee1c3d66a51365bf9c57ac2c6,4096,0,8,4088,0x0:0x4;0xC:0x1000,,candidate_spans_and_remaining_bytes_are_not_proven_code_data_classification
8017A000-dddc16e7aa2d86c3c7ac4dfe701d4e258611cd411aceaea19d3f16824c5312b1,4096,0,8,4088,0x0:0x4;0xC:0x1000,,candidate_spans_and_remaining_bytes_are_not_proven_code_data_classification
8017A000-de0e88c9ac8983cf1a6f1b363ba74bdae0ebdef043dd88048e802ce9c631dfd9,4096,0,8,4088,0x0:0x4;0xC:0x1000,,candidate_spans_and_remaining_bytes_are_not_proven_code_data_classification
8017A000-de29507d81688497cb8dfb994f4a89cd6b9d05d319dfa9e27133a845026da1ba,4096,0,8,4088,0x0:0x4;0xC:0x1000,,candidate_spans_and_remaining_bytes_are_not_proven_code_data_classification
8017A000-de9d25800688ba30555c72dfe494d1f4dabfbef5123a2c473356b8bb7f9d0f45,4096,0,8,4088,0x0:0x4;0xC:0x1000,,candidate_spans_and_remaining_bytes_are_not_proven_code_data_classification
8017A000-df663dfb0dce8036ed6ae0965908d31245381006db1045d143083f812b6700d3,4096,0,8,4088,0x0:0x4;0xC:0x1000,,candidate_spans_and_remaining_bytes_are_not_proven_code_data_classification
8017A000-df86e2b002d89ec31e5fa748510d2418350852729eeb41f2cca33e9e051a40cb,4096,0,8,4088,0x0:0x4;0xC:0x1000,,candidate_spans_and_remaining_bytes_are_not_proven_code_data_classification
8017A000-df91abf9ab5c63f3de55410be312208245c374c7e2c85eb6ba7f4f0a398fc449,4096,0,8,4088,0x0:0x4;0xC:0x1000,,candidate_spans_and_remaining_bytes_are_not_proven_code_data_classification
8017A000-df920c3ca9dcb5d3fc2cf375d3fc5b844c5c56a2d7b8d8c10f820b618bf81849,4096,276,0,3820,0x0:0x4;0x118:0x1000,0x150,candidate_spans_and_remaining_bytes_are_not_proven_code_data_classification
8017A000-e0c02f0221d2b52fc31c22933d233ef1045d24e0e3db9496d9fbfb1d34bca0cd,4096,0,8,4088,0x0:0x4;0xC:0x1000,,candidate_spans_and_remaining_bytes_are_not_proven_code_data_classification
8017A000-e1c19f7a278c4de5b1487b888b3352f09819ca546dd8d9c8a984e985d752a9e6,4096,0,8,4088,0x0:0x4;0xC:0x1000,,candidate_spans_and_remaining_bytes_are_not_proven_code_data_classification
8017A000-e250fdfe0239d2589e79b287bef651a2640f8ceb0132a6efcfde4a2288289e2b,4096,0,8,4088,0x0:0x4;0xC:0x1000,,candidate_spans_and_remaining_bytes_are_not_proven_code_data_classification
8017A000-e29b16ff4fe4386a03fe1ae2411e4693e806b5a9c11dd415b82a1c6894ee6948,4096,0,8,4088,0x0:0x4;0xC:0x1000,,candidate_spans_and_remaining_bytes_are_not_proven_code_data_classification
8017A000-e2a9adf720d7b73567143977761e34ee9c7abd1739fb213fc0b2e38b3425713d,4096,0,8,4088,0x0:0x4;0xC:0x1000,,candidate_spans_and_remaining_bytes_are_not_proven_code_data_classification
8017A000-e2b7652900b38c479edfa07bd5262a67503f69b2a46ed4351ff95eebcbaad10b,4096,0,8,4088,0x0:0x4;0xC:0x1000,,candidate_spans_and_remaining_bytes_are_not_proven_code_data_classification
8017A000-e2c3b720b6f664ebde7d3dc02f8a5226aea0f28887b4dc178d20cc874c22b4c4,4096,0,8,4088,0x0:0x4;0xC:0x1000,,candidate_spans_and_remaining_bytes_are_not_proven_code_data_classification
8017A000-e311ef407efadf3e81ab9a10dc6d4a84c89b8836118453ca4681a40471e99b3a,4096,0,8,4088,0x0:0x4;0xC:0x1000,,candidate_spans_and_remaining_bytes_are_not_proven_code_data_classification
8017A000-e3865e541fc528ac1126037f97bd37dbc3ef2c098bc73d2e26a6915ef0066b48,4096,0,164,3932,0x0:0x4;0xC:0x140;0x1DC:0x1000,0x138,candidate_spans_and_remaining_bytes_are_not_proven_code_data_classification
8017A000-e395a1e8429c43c8f204f9b4ab42e8f17a58584a42fbce8fad2723beb51fb488,4096,0,8,4088,0x0:0x4;0xC:0x1000,,candidate_spans_and_remaining_bytes_are_not_proven_code_data_classification
8017A000-e3e767e9f27a8a546157392d05de9dbe4cc3ba8b0812f31984c8f5c25f02624b,4096,0,8,4088,0x0:0x4;0xC:0x1000,,candidate_spans_and_remaining_bytes_are_not_proven_code_data_classification
8017A000-e45553f72bb5e76285603fa915c496f2fe8bfa649e85189c8ade812febf88898,4096,0,8,4088,0x0:0x4;0xC:0x1000,,candidate_spans_and_remaining_bytes_are_not_proven_code_data_classification
8017A000-e45a30d8b6e35de99418a5fe339f20c8e16889d9678d1d2187f31b6e469cc452,4096,0,8,4088,0x0:0x4;0xC:0x1000,,candidate_spans_and_remaining_bytes_are_not_proven_code_data_classification
8017A000-e58ffdd940fa80e53bd4a5bd7b8d78c5e4d63d26805f34762b39b5b0d3fb958f,4096,0,8,4088,0x0:0x4;0xC:0x1000,,candidate_spans_and_remaining_bytes_are_not_proven_code_data_classification
8017A000-e594255c9d391b9ee21bc6c7685e0d75203c09a6774663f119f67085f4fcab8f,4096,0,8,4088,0x0:0x4;0xC:0x1000,,candidate_spans_and_remaining_bytes_are_not_proven_code_data_classification
8017A000-e5ec6f6ffa5470bb69a73811e92d6663497be2baad3fe0b55245ff0cc2237f7a,4096,0,8,4088,0x0:0x4;0xC:0x1000,,candidate_spans_and_remaining_bytes_are_not_proven_code_data_classification
8017A000-e64919826af60268f4f68f6aec12e7434c198af971556ceef6d76ad17fd0fdf5,4096,0,8,4088,0x0:0x4;0xC:0x1000,,candidate_spans_and_remaining_bytes_are_not_proven_code_data_classification
8017A000-e96a6695be25f835dde81614dfeb81c5bb14110d1b5a6739bfd0b905f3a725ee,4096,0,8,4088,0x0:0x4;0xC:0x1000,,candidate_spans_and_remaining_bytes_are_not_proven_code_data_classification
8017A000-e9d0eca19853f3c06029f6f0b532199ba986f262c3508b34facd14d1d1a8e92e,4096,0,8,4088,0x0:0x4;0xC:0x1000,,candidate_spans_and_remaining_bytes_are_not_proven_code_data_classification
8017A000-e9dfb3ea4ffb109a9ed58cf91db0dd5b38d0f0ec9d6eaa1b9576afbb6775d70f,4096,0,8,4088,0x0:0x4;0xC:0x1000,,candidate_spans_and_remaining_bytes_are_not_proven_code_data_classification
8017A000-e9fdb914d7d59816a56bd1cad549c5abec9bb929c9d30e6d06f74a0a1f62cb7a,4096,0,8,4088,0x0:0x4;0xC:0x1000,,candidate_spans_and_remaining_bytes_are_not_proven_code_data_classification
8017A000-ea1b667ee71f34ceb3134574cd3ade93996edc4b9c1d4db306748f5ed0d8cef3,4096,0,8,4088,0x0:0x4;0xC:0x1000,,candidate_spans_and_remaining_bytes_are_not_proven_code_data_classification
8017A000-eacc32ba899febace770b6d4224232cbfa65c625e3797eff84f42f47742e5728,4096,0,8,4088,0x0:0x4;0xC:0x1000,,candidate_spans_and_remaining_bytes_are_not_proven_code_data_classification
8017A000-ecf96150bd9bdef5fa66cee1fc86531fd287f584305d815e92dabb97adcdbe0c,4096,0,8,4088,0x0:0x4;0xC:0x1000,,candidate_spans_and_remaining_bytes_are_not_proven_code_data_classification
8017A000-ed0537bc72b7da779ee48c1272220f038323ed1591176f105683d976baca8843,4096,0,8,4088,0x0:0x4;0xC:0x1000,,candidate_spans_and_remaining_bytes_are_not_proven_code_data_classification
8017A000-ed4f817be7fa2dad4625561215fdc735a9dba34460cb1c2cdaecf731390c8031,4096,0,8,4088,0x0:0x4;0xC:0x1000,,candidate_spans_and_remaining_bytes_are_not_proven_code_data_classification
8017A000-ed7382903d971eceba1297bfe3e652e7085a6eb65ce8b07cc20cb5b04b85b584,4096,0,8,4088,0x0:0x4;0xC:0x1000,,candidate_spans_and_remaining_bytes_are_not_proven_code_data_classification
8017A000-ee3134e5b748edd8062c1d7006b296347278625584b3229a51c78d93b4170660,4096,0,8,4088,0x0:0x4;0xC:0x1000,,candidate_spans_and_remaining_bytes_are_not_proven_code_data_classification
8017A000-ee4cd928d3a629d916a81b65b9569f7cea0b78ccd14e3061dc38b04161b995df,4096,0,8,4088,0x0:0x4;0xC:0x1000,,candidate_spans_and_remaining_bytes_are_not_proven_code_data_classification
8017A000-ee4d4ba2cb0d9417f5295a21ae41eb1572f0b189761263aff8c9adcc23a4349c,4096,0,8,4088,0x0:0x4;0xC:0x1000,,candidate_spans_and_remaining_bytes_are_not_proven_code_data_classification
8017A000-ee5d4c8dff6a41a6761421745f0438d7dcb5ca16390d55574c2605dd155e33c7,4096,1572,0,2524,0x0:0x4;0x628:0x1000,,candidate_spans_and_remaining_bytes_are_not_proven_code_data_classification
8017A000-eec778e699811a5f19d66d6abb86252f3e4dbc301a0cf689f2d7353e540516e7,4096,0,8,4088,0x0:0x4;0xC:0x1000,,candidate_spans_and_remaining_bytes_are_not_proven_code_data_classification
8017A000-efa9f8d05ef6417b1436f17ef947830a5a4fd9351d477b76eef883af018b927e,4096,0,8,4088,0x0:0x4;0xC:0x1000,,candidate_spans_and_remaining_bytes_are_not_proven_code_data_classification
8017A000-efb03d707d9637db9da8450ace936d4a803968a235e3ebce721abf00fb471402,4096,0,8,4088,0x0:0x4;0xC:0x1000,,candidate_spans_and_remaining_bytes_are_not_proven_code_data_classification
8017A000-f01d4d43d1782d29f70b5de79ecfd46783aefb68be94ee95c351163565d73286,4096,0,8,4088,0x0:0x4;0xC:0x1000,,candidate_spans_and_remaining_bytes_are_not_proven_code_data_classification
8017A000-f056bfc5cc127fc3e36cb269ae2195e4c1161a5d6259812f73e54f48ac0c1939,4096,0,8,4088,0x0:0x4;0xC:0x1000,,candidate_spans_and_remaining_bytes_are_not_proven_code_data_classification
8017A000-f05f59f0820e8e1101ac5283b6cd5d6c08dc7abce5c41113571724e9a8627d1d,4096,0,8,4088,0x0:0x4;0xC:0x1000,,candidate_spans_and_remaining_bytes_are_not_proven_code_data_classification
8017A000-f07221b35f2438437d4fac57132465d89b5a59611769736fbe7608bd942db5a3,4096,0,8,4088,0x0:0x4;0xC:0x1000,,candidate_spans_and_remaining_bytes_are_not_proven_code_data_classification
8017A000-f14e17e11a03d046c47c0a3d53b8aa26270f322fb425e79910cffa22b742e242,4096,0,8,4088,0x0:0x4;0xC:0x1000,,candidate_spans_and_remaining_bytes_are_not_proven_code_data_classification
8017A000-f19b4c3fd63a4115d04942b18b500146a975f732c384fbc51c1fc9fe1c2f6d14,4096,0,8,4088,0x0:0x4;0xC:0x1000,,candidate_spans_and_remaining_bytes_are_not_proven_code_data_classification
8017A000-f1ad81ebcfc6ab5b91d17e8196d2a568edfa12f10615b921be52e2fa66f4fc04,4096,0,8,4088,0x0:0x4;0xC:0x1000,,candidate_spans_and_remaining_bytes_are_not_proven_code_data_classification
8017A000-f1bc1b7b85d2ecc7762967e4730fad17fac4a0b7e1a65ba8b4625e6aaf31d21f,4096,0,8,4088,0x0:0x4;0xC:0x1000,,candidate_spans_and_remaining_bytes_are_not_proven_code_data_classification
8017A000-f1e2ff9ecc8f4ae2c402cef5e4f936b0e63cc77ab226be3aeb46d8ec985dffa2,4096,0,8,4088,0x0:0x4;0xC:0x1000,,candidate_spans_and_remaining_bytes_are_not_proven_code_data_classification
8017A000-f274b774261cd26802125fb2d55753116f84728a273a9492fb7352e1ce07fbd4,4096,0,8,4088,0x0:0x4;0xC:0x1000,,candidate_spans_and_remaining_bytes_are_not_proven_code_data_classification
8017A000-f296a8955e08cc695eea2d2bdfcb4875fd4f983895de7581d0745cab88ce8f31,4096,0,8,4088,0x0:0x4;0xC:0x1000,,candidate_spans_and_remaining_bytes_are_not_proven_code_data_classification
8017A000-f2f315fd4bac4ae08e4e5310cef6af797e616030a0f97378851b64c72059c81b,4096,0,8,4088,0x0:0x4;0xC:0x1000,,candidate_spans_and_remaining_bytes_are_not_proven_code_data_classification
8017A000-f335a83f2d2a25cad53624df0703ea2ae2d85900ae53cb68397b8e2af81324c8,4096,0,8,4088,0x0:0x4;0xC:0x1000,,candidate_spans_and_remaining_bytes_are_not_proven_code_data_classification
8017A000-f3caa4bc1a70dc3504b7f794dced5e8bb1d5191e0b244848dc7c7a68b3abaa6f,4096,0,8,4088,0x0:0x4;0xC:0x1000,,candidate_spans_and_remaining_bytes_are_not_proven_code_data_classification
8017A000-f4cbcf5a5f72c5fd8e24a3dbe42a759d233cb9c8017539223a23f8e8089de5bf,4096,2564,0,1532,0x0:0x4;0xA08:0x1000,,candidate_spans_and_remaining_bytes_are_not_proven_code_data_classification
8017A000-f5b2b22599aaf55d9a6b497936046e7e29f960fe3d3d61de9859eaac8ded9fce,4096,0,8,4088,0x0:0x4;0xC:0x1000,,candidate_spans_and_remaining_bytes_are_not_proven_code_data_classification
8017A000-f84fc49e0d9d1f162a9849785698f236825df603f0eef1367df1bfd3da36a6a2,4096,0,8,4088,0x0:0x4;0xC:0x1000,,candidate_spans_and_remaining_bytes_are_not_proven_code_data_classification
8017A000-f8b292e4fe70b6ad647b87c88e7ad686d192e275541f0c38e890c97c2811dc1f,4096,0,8,4088,0x0:0x4;0xC:0x1000,,candidate_spans_and_remaining_bytes_are_not_proven_code_data_classification
8017A000-f8c3af3d678e5be9fbb393c41130dbbc149a1a6caf41685eabe5e765f7288383,4096,0,8,4088,0x0:0x4;0xC:0x1000,,candidate_spans_and_remaining_bytes_are_not_proven_code_data_classification
8017A000-f9354c5325ee424ce7ac9155d4552ca2ef41ad07c125c7b57712084d1b74cdae,4096,0,8,4088,0x0:0x4;0xC:0x1000,,candidate_spans_and_remaining_bytes_are_not_proven_code_data_classification
8017A000-f99a84cf4d7e86d19bf97cd7fc018cde78893179a60e6ffd1b4067bd7f48caa2,4096,0,8,4088,0x0:0x4;0xC:0x1000,,candidate_spans_and_remaining_bytes_are_not_proven_code_data_classification
8017A000-f9fe455b84689cc028e2184456906104f27238a8074fe81798ea86ab0b555695,4096,0,8,4088,0x0:0x4;0xC:0x1000,,candidate_spans_and_remaining_bytes_are_not_proven_code_data_classification
8017A000-fadbad45d0d8c6e7747919bc5bbcc1e24e6c1c9b23eed37cd2cdc36ba2ab0be5,4096,0,8,4088,0x0:0x4;0xC:0x1000,,candidate_spans_and_remaining_bytes_are_not_proven_code_data_classification
8017A000-fd1c3bf3e9f0b7dab6a9e2c238ef5a8b521151d77a760433dad99dd40b4f3da4,4096,0,8,4088,0x0:0x4;0xC:0x1000,,candidate_spans_and_remaining_bytes_are_not_proven_code_data_classification
8017A000-fd83de1a97ec2b3f2310d457db45804478e9702512e0d002bd65204f3c1a50ef,4096,0,8,4088,0x0:0x4;0xC:0x1000,,candidate_spans_and_remaining_bytes_are_not_proven_code_data_classification
8017A000-ff38e32e2245b892c0028c017f12e2a99d5cd8a69d7e007fcc50e77c1396129e,4096,0,8,4088,0x0:0x4;0xC:0x1000,,candidate_spans_and_remaining_bytes_are_not_proven_code_data_classification
8017A000-ff5eca8a411e3ac0a47786adbdb0e064efdf1f2662406b3f906ab1925762ab8a,4096,0,8,4088,0x0:0x4;0xC:0x1000,,candidate_spans_and_remaining_bytes_are_not_proven_code_data_classification
8017A000-ff6e33cb541c03e8142a1367fada48ac453de1c04cf031d3e82abdabafa35f34,4096,0,8,4088,0x0:0x4;0xC:0x1000,,candidate_spans_and_remaining_bytes_are_not_proven_code_data_classification
8017B000-003bd9a970b5ad0b5d5a5e53b793ef643048bff60afc971883f81bbaa4d240a8,20480,0,10880,9600,0x0:0x4;0x2A84:0x5000,,candidate_spans_and_remaining_bytes_are_not_proven_code_data_classification
8017B000-0054b52127368f8c61d80f1956bf630cd8e214b084b447b52f8417b0e208a4ca,20480,0,0,20480,0x0:0x5000,0x32A8,candidate_spans_and_remaining_bytes_are_not_proven_code_data_classification
8017B000-005d200de8a7b626b41b0134da15bd3e80f301baffc6f785abc12081c451e265,20480,0,4160,16320,0x0:0x4;0x1044:0x5000,0x1DFC,candidate_spans_and_remaining_bytes_are_not_proven_code_data_classification
8017B000-0065d43d10d25a2c0401a466f480bcd8373353145922699e155384d419c8c614,20480,11720,0,8760,0x0:0x4;0x2DCC:0x5000,,candidate_spans_and_remaining_bytes_are_not_proven_code_data_classification
8017B000-0066be218b978d79c2829801ecd5f26302cd83e8178c66713fb25802e4064572,20480,0,3868,16612,0x0:0x4;0xF20:0x5000,,candidate_spans_and_remaining_bytes_are_not_proven_code_data_classification
8017B000-007c2f0cc5cd9430936681b03aa98c62ca4832c5a524e7751fe850306c202648,20480,13712,0,6768,0x0:0x4;0x3594:0x5000,,candidate_spans_and_remaining_bytes_are_not_proven_code_data_classification
8017B000-00af68291a01f1aca353cd167e418b7d33468e9f7c1e9bf2bd0254e3ee5545fe,20480,18532,0,1948,0x0:0x4;0x4868:0x5000,0x4CAC,candidate_spans_and_remaining_bytes_are_not_proven_code_data_classification
8017B000-0147b0fa7ed638a04a9e23fc1f067cb243354dffb4214669f1529fe22467182b,20480,0,0,20480,0x0:0x5000,0x4ADC,candidate_spans_and_remaining_bytes_are_not_proven_code_data_classification
8017B000-01bf8d9436162013d4a228b62ac6325fd7ecea2b55056557fb387ffc4ce9d6f4,20480,0,5296,15184,0x0:0x4;0x14B4:0x5000,,candidate_spans_and_remaining_bytes_are_not_proven_code_data_classification
8017B000-02007f03fe68a36877a30d87288e2881aabf6643de0a0159de8b52034cc1d30d,20480,0,6772,13708,0x0:0x4;0x1A78:0x5000,0x23F0,candidate_spans_and_remaining_bytes_are_not_proven_code_data_classification
8017B000-0231ab828ca898f6c273f673f6cb12bccb70bb5f46584cfcd9a4619fde108d54,20480,0,14416,6064,0x0:0x4;0x3854:0x5000,,candidate_spans_and_remaining_bytes_are_not_proven_code_data_classification
8017B000-02327ca2df6c20ec35ee069bd3fa5d8fcee7d54db2020a117b06fd93a15f18f5,20480,0,0,20480,0x0:0x5000,0x3CD8,candidate_spans_and_remaining_bytes_are_not_proven_code_data_classification
8017B000-025baceb97a5ed6d103de7eccd36ca2edfc986882ecd790b4edc6e0ea8cc7bdb,20480,0,0,20480,0x0:0x5000,0x4DC4,candidate_spans_and_remaining_bytes_are_not_proven_code_data_classification
8017B000-0272e8087dce52d8fc1673e5e3a13b180fd0f4f82ea832de64e48d77597b416f,20480,0,5136,15344,0x0:0x4;0x1414:0x5000,,candidate_spans_and_remaining_bytes_are_not_proven_code_data_classification
8017B000-027e17eb4e6de68a2cf8cb43cdd23f7ec001e966880a1b2078b62bfdc9c14b1a,20480,0,6772,13708,0x0:0x4;0x1A78:0x5000,0x23F0,candidate_spans_and_remaining_bytes_are_not_proven_code_data_classification
8017B000-029c80ec0978d350a0f0366d88865307a8f94368bab7848e4d35aa0d496cfa51,20480,0,4068,16412,0x0:0x4;0xFE8:0x5000,0x197C,candidate_spans_and_remaining_bytes_are_not_proven_code_data_classification
8017B000-029c94751e56e5c7ba341b54a15dcccdf873b8d36117edc0b16a956b99f7d318,20480,0,8684,11796,0x0:0x4;0x21F0:0x5000,,candidate_spans_and_remaining_bytes_are_not_proven_code_data_classification
8017B000-02a4f4491044210d6ff4d9b4a33e1c28cdbf17d1ce89eae5adf1afe4c1c313bf,20480,0,3764,16716,0x0:0x4;0xEB8:0x5000,,candidate_spans_and_remaining_bytes_are_not_proven_code_data_classification
8017B000-02f7b00041d190783d8fbc8e80d5ed368b9904607a91610ee9f81acf2e337bcc,20480,0,16028,4452,0x0:0x4;0x3EA0:0x5000,,candidate_spans_and_remaining_bytes_are_not_proven_code_data_classification
8017B000-0310c6fad58beb6d6ec60976452a508d8861f2e476a71f92b0a2b70a8c125513,20480,0,0,20480,0x0:0x5000,0x1348,candidate_spans_and_remaining_bytes_are_not_proven_code_data_classification
8017B000-035728ab5e0db75fb974bdee6c4215f77b91a0d3a2c01243d2f2c07639c68cd6,20480,0,13412,7068,0x0:0x4;0x3468:0x5000,,candidate_spans_and_remaining_bytes_are_not_proven_code_data_classification
8017B000-0359dad12ae6e4d6bca5c070ab5f4c23077ef1cb83fee8701886e67aaba095d2,20480,10440,0,10040,0x0:0x4;0x28CC:0x5000,,candidate_spans_and_remaining_bytes_are_not_proven_code_data_classification
8017B000-03a53b57375deba62911716f3052d12bb289ed80189dd630c094aa4153c5f248,20480,0,6196,14284,0x0:0x4;0x1838:0x5000,,candidate_spans_and_remaining_bytes_are_not_proven_code_data_classification
8017B000-03d2368ddcdb444e45e2e3ac60a7e856b44c525f4f6f1142a4740fdc42cde5dc,20480,0,4160,16320,0x0:0x4;0x1044:0x5000,0x1DFC,candidate_spans_and_remaining_bytes_are_not_proven_code_data_classification
8017B000-040e33792e8e8a1f8ca40a3d828f87668bf45b0de564b772182d1e7ce590b6eb,20480,0,6900,13580,0x0:0x4;0x1AF8:0x5000,,candidate_spans_and_remaining_bytes_are_not_proven_code_data_classification
8017B000-042d52d3a283600b018bb7e30108b6aacdfd418fbc868cc7dcd2ac39cbaa5baf,20480,0,4260,16220,0x0:0x4;0x10A8:0x5000,,candidate_spans_and_remaining_bytes_are_not_proven_code_data_classification
8017B000-042d8a871da389dc58e46d82653e0805cae419e7f36c6cd2de1b72503003dd7d,20480,0,7616,12864,0x0:0x4;0x1DC4:0x5000,,candidate_spans_and_remaining_bytes_are_not_proven_code_data_classification
8017B000-04b8073bdb7f78cfb0b91faf3bb863b183a29aeddb89914d0560eff56505284a,20480,0,0,20480,0x0:0x5000,0x3CD8,candidate_spans_and_remaining_bytes_are_not_proven_code_data_classification
8017B000-0525f6a4dc4efde2bd175e96a84854c65eb78defad758b8241d76fe39f083585,20480,0,3824,16656,0x0:0x4;0xEF4:0x5000,,candidate_spans_and_remaining_bytes_are_not_proven_code_data_classification
8017B000-05269462b7b172f9e18aa8e5130367c99de1d35680ab0a9b6da0ff4c2e7cb288,20480,0,0,20480,0x0:0x5000,0x32A8,candidate_spans_and_remaining_bytes_are_not_proven_code_data_classification
8017B000-05c355f4a5d75096138a00b29e63926dc36a68047e92ecd3fa769e861fb1667b,20480,0,7240,13240,0x0:0x4;0x1C4C:0x5000,,candidate_spans_and_remaining_bytes_are_not_proven_code_data_classification
8017B000-05d5069b3abc4d1a3c53684968543609c6e4cb52b7819d563ac09784635407d0,20480,0,6708,13772,0x0:0x4;0x1A38:0x5000,,candidate_spans_and_remaining_bytes_are_not_proven_code_data_classification
8017B000-062150cded67bbd1445f133b051ca3107561ec30fec600dcd07d88acd3762fa3,20480,0,3592,16888,0x0:0x4;0xE0C:0x5000,,candidate_spans_and_remaining_bytes_are_not_proven_code_data_classification
8017B000-06db174d83e2c95e41e43ffe6097f9df356cb598385255e7689ed39bcd800d3c,20480,0,6688,13792,0x0:0x4;0x1A24:0x5000,,candidate_spans_and_remaining_bytes_are_not_proven_code_data_classification
8017B000-06efdaf2b594d61bc22e2971a74f293b9422a3de05e53e216c2d3803f249d1e0,20480,0,8092,12388,0x0:0x4;0x1FA0:0x5000,,candidate_spans_and_remaining_bytes_are_not_proven_code_data_classification
8017B000-071078b1c5b5ce8bffb7223e68caa559bf64854e1a158491a9855519e558fcc0,20480,0,0,20480,0x0:0x5000,0x1F30,candidate_spans_and_remaining_bytes_are_not_proven_code_data_classification
8017B000-0722229145ec6e5c8749d9fa0fb27535fc59be241a1d87be2c6b2d21679a9514,20480,10440,0,10040,0x0:0x4;0x28CC:0x5000,,candidate_spans_and_remaining_bytes_are_not_proven_code_data_classification
8017B000-07682d7698b769199bf20b5e26b136c8f30bce380a3732b1bbb8cff3b023fff8,20480,0,2584,17896,0x0:0x4;0xA1C:0x5000,,candidate_spans_and_remaining_bytes_are_not_proven_code_data_classification
8017B000-078f7f3924e8d41c026db4e9973adabbf68f630faf85f583b5a56898b10349c2,20480,0,6524,13956,0x0:0x4;0x1980:0x5000,0x3844;0x3DF0,candidate_spans_and_remaining_bytes_are_not_proven_code_data_classification
8017B000-0799b3dd28dcbf92785598e7e4a832dd28d0b59c2e46de81fe599d7caa1a5038,20480,0,9476,11004,0x0:0x4;0x2508:0x5000,,candidate_spans_and_remaining_bytes_are_not_proven_code_data_classification
8017B000-0878b2c23efe5a73d1021912e5ce96e0ca9eda1bb064d085d4ac0950b37016c2,20480,0,8412,12068,0x0:0x4;0x20E0:0x5000,,candidate_spans_and_remaining_bytes_are_not_proven_code_data_classification
8017B000-089c7b9d289457b4a9a1184ef431cf0328f63e7d322b34e40c5dc67d229e80c5,20480,0,8676,11804,0x0:0x4;0x21E8:0x5000,0x43E4;0x4C1C,candidate_spans_and_remaining_bytes_are_not_proven_code_data_classification
8017B000-08c7fd6bf0f074b0b59e538d020488ed352ca7a1cb8b341dbc8e04da00884570,20480,0,9132,11348,0x0:0x4;0x23B0:0x5000,,candidate_spans_and_remaining_bytes_are_not_proven_code_data_classification
8017B000-08f93e97ee629e8d51e4154b974a29b95972624c0162d1f33d073248ba970931,20480,11896,0,8584,0x0:0x4;0x2E7C:0x5000,,candidate_spans_and_remaining_bytes_are_not_proven_code_data_classification
8017B000-0900259a668241646db040deb8a06c21830f3d457880fa5453e5552e95f01d0c,20480,0,5004,15476,0x0:0x4;0x1390:0x5000,,candidate_spans_and_remaining_bytes_are_not_proven_code_data_classification
8017B000-094d1b02303098564d6a6d0e8a1957fecc45be70f780590409d92946648f540d,20480,0,0,20480,0x0:0x5000,0x32A8,candidate_spans_and_remaining_bytes_are_not_proven_code_data_classification
8017B000-0957ad3ed6dca6dc5971c311a498b1d0a973e115ea4354ad6ea81b1d2704c481,20480,0,8412,12068,0x0:0x4;0x20E0:0x5000,,candidate_spans_and_remaining_bytes_are_not_proven_code_data_classification
8017B000-0996677053c151b221090cf1cf2a62f8b60636809f079408f1813153f90b96f1,20480,0,7516,12964,0x0:0x4;0x1D60:0x5000,,candidate_spans_and_remaining_bytes_are_not_proven_code_data_classification
8017B000-099d2da46e36044e8d38180072ab257388ca67ae0afb11c5da854fe5da1671f9,20480,0,13496,6984,0x0:0x4;0x34BC:0x5000,,candidate_spans_and_remaining_bytes_are_not_proven_code_data_classification
8017B000-09b9fbf298799af231e4cf17a351200467c9e785a49541611a41d03e148b604e,20480,0,6488,13992,0x0:0x4;0x195C:0x5000,0x328C,candidate_spans_and_remaining_bytes_are_not_proven_code_data_classification
8017B000-09d4d83c1fc88b5fcc76255fbeb23f56d1a01bee785bcbd3b3703ee649d4f3ce,20480,0,14316,6164,0x0:0x4;0x37F0:0x5000,,candidate_spans_and_remaining_bytes_are_not_proven_code_data_classification
8017B000-09e2b5d33b494caad2fca27d9dadf5d2f4a89876ca8ddaa5a5a15d01a6aa0b7c,20480,0,3092,17388,0x0:0x4;0xC18:0x5000,,candidate_spans_and_remaining_bytes_are_not_proven_code_data_classification
8017B000-09f7b26a32b26ab2a45d46d2954749bead309f6a714793c08a5375e4a7af7793,20480,0,6908,13572,0x0:0x4;0x1B00:0x5000,0x4BE4,candidate_spans_and_remaining_bytes_are_not_proven_code_data_classification
8017B000-0a08ff01a5eb90bb4eb971412222fa6e51b23264fcd750a0e217b981e188bc70,20480,10440,0,10040,0x0:0x4;0x28CC:0x5000,,candidate_spans_and_remaining_bytes_are_not_proven_code_data_classification
8017B000-0a1923d4981b3ad3b2db5f2124f86148f1528c9751be98fe341e54cb0ba70c0a,20480,0,0,20480,0x0:0x5000,0x2358;0x48C8,candidate_spans_and_remaining_bytes_are_not_proven_code_data_classification
8017B000-0a5f541d74e91eb0cba9594646e3bf4b51ebf789129192bfa80108c497a5e10c,20480,0,3092,17388,0x0:0x4;0xC18:0x5000,,candidate_spans_and_remaining_bytes_are_not_proven_code_data_classification
8017B000-0a8b3926757ab64167795184353d3f7dad756bb2413853b2903e96405a4cc247,20480,11688,0,8792,0x0:0x4;0x2DAC:0x5000,,candidate_spans_and_remaining_bytes_are_not_proven_code_data_classification
8017B000-0a9cf841ce8dd92cdff2234fb6b43d5b66e2ddc8a5b18ccf4c2a927eda765551,20480,0,0,20480,0x0:0x5000,0x19F0,candidate_spans_and_remaining_bytes_are_not_proven_code_data_classification
8017B000-0aea5154f7bf4e9da40e476d4318c729b61faa4600ed6777f802eefefa39b9c7,20480,0,0,20480,0x0:0x5000,0xE40;0x1204,candidate_spans_and_remaining_bytes_are_not_proven_code_data_classification
8017B000-0b0e9cfd84077ca3297f2800e4e2015b2805a2bcca24737c90fa1cb48d89d57c,20480,0,9132,11348,0x0:0x4;0x23B0:0x5000,,candidate_spans_and_remaining_bytes_are_not_proven_code_data_classification
8017B000-0ba9cb8cdb672cc7a252aa1378a83ac5243e21f0acd303f4805ba33d50482839,20480,0,4532,15948,0x0:0x4;0x11B8:0x5000,,candidate_spans_and_remaining_bytes_are_not_proven_code_data_classification
8017B000-0bef030f32acd1f1d5f12754471200e29370d2db53d7042d5edbb32896fa296b,20480,0,6716,13764,0x0:0x4;0x1A40:0x5000,0x1E04;0x2390;0x2E6C;0x4004,candidate_spans_and_remaining_bytes_are_not_proven_code_data_classification
8017B000-0bfb890783d530911e3bde25fcf180f85578eab492f8532a304d1d173da1449c,20480,0,4952,15528,0x0:0x4;0x135C:0x5000,,candidate_spans_and_remaining_bytes_are_not_proven_code_data_classification
8017B000-0c338888aa028ace0666aca33d57c29da10857d264e680c243d26a96b2554413,20480,14740,0,5740,0x0:0x4;0x3998:0x5000,,candidate_spans_and_remaining_bytes_are_not_proven_code_data_classification
8017B000-0c5223daeb6f668aec4052f3ee4fdd46656bef093babd55379a0850b38a238e5,20480,0,10148,10332,0x0:0x4;0x27A8:0x5000,,candidate_spans_and_remaining_bytes_are_not_proven_code_data_classification
8017B000-0cb4e8bddb6524d67477a0eab6e6cf7c4e3f5f1b939ed56f7b8320fba32fbc0b,20480,12568,0,7912,0x0:0x4;0x311C:0x5000,,candidate_spans_and_remaining_bytes_are_not_proven_code_data_classification
8017B000-0cce880778b89c6903c42a7a7cb6b6900753ccde8d63b030e455c7fb5dc43dc8,20480,0,13600,6880,0x0:0x4;0x3524:0x5000,,candidate_spans_and_remaining_bytes_are_not_proven_code_data_classification
8017B000-0cd303638af007dc12ce504b0e665b1e19eb22edc098ca3908581aa86d06ce5a,20480,0,8092,12388,0x0:0x4;0x1FA0:0x5000,,candidate_spans_and_remaining_bytes_are_not_proven_code_data_classification
8017B000-0ce45ce9b6f8b6426938bb5e8f6513234d82e84885537cef6b8095b47aac4c19,20480,0,0,20480,0x0:0x5000,0xE40,candidate_spans_and_remaining_bytes_are_not_proven_code_data_classification
8017B000-0d2b92f71fc7b47a40b34aaf1dce2bdce57711f85c0e5bb09b9a57710f0a99ff,20480,0,9132,11348,0x0:0x4;0x23B0:0x5000,,candidate_spans_and_remaining_bytes_are_not_proven_code_data_classification
8017B000-0d6632873cc99b94bf1a5fa978cb02bf92980340f5864ad1f20dcce649b8b7c4,20480,0,6196,14284,0x0:0x4;0x1838:0x5000,0x36A0;0x4194;0x456C;0x4884;0x4C08,candidate_spans_and_remaining_bytes_are_not_proven_code_data_classification
8017B000-0e35880adbb31ec0692bed3cecfb285096968aa0fde51e3b84174fdff53be871,20480,8120,0,12360,0x0:0x4;0x1FBC:0x5000,0x22F8;0x267C;0x29E8,candidate_spans_and_remaining_bytes_are_not_proven_code_data_classification
8017B000-0eadd09d714f644ebbbd7a8674ea226b38451a412feb27a1800749553e2e553b,20480,0,7752,12728,0x0:0x4;0x1E4C:0x5000,,candidate_spans_and_remaining_bytes_are_not_proven_code_data_classification
8017B000-0ee1de9ac1203293dbb6f514777b9f2624b2abbb9f20f6980ddc9175ada9f859,20480,0,6196,14284,0x0:0x4;0x1838:0x5000,0x2FB8,candidate_spans_and_remaining_bytes_are_not_proven_code_data_classification
8017B000-0f2ac68e91a0731d17867b254c89d84a141992613ace45350d8536ca07a44d6b,20480,6320,0,14160,0x0:0x4;0x18B4:0x5000,,candidate_spans_and_remaining_bytes_are_not_proven_code_data_classification
8017B000-0fa26316b68eefc3f4817872b691931b666ec1fe39cf3499f3cb26bac282cc9f,20480,0,4068,16412,0x0:0x4;0xFE8:0x5000,0x161C,candidate_spans_and_remaining_bytes_are_not_proven_code_data_classification
8017B000-0fabc5bac35c18e0bc7e594cbeb2d51eda11ba748acdb249d4ed80297b2c73a3,20480,0,4260,16220,0x0:0x4;0x10A8:0x5000,0x20B8,candidate_spans_and_remaining_bytes_are_not_proven_code_data_classification
8017B000-0fe55464fa42ed96c988789e401e4b41cd45424ae576f6f3a4a6e098fa81244f,20480,0,3928,16552,0x0:0x4;0xF5C:0x5000,,candidate_spans_and_remaining_bytes_are_not_proven_code_data_classification
8017B000-103a84f9c8aad241c050a21baa24c76649035ccdda6731dd5d8bd5a9b81a2114,20480,0,0,20480,0x0:0x5000,0x4DC4,candidate_spans_and_remaining_bytes_are_not_proven_code_data_classification
8017B000-10475ce5667de6609c14dd6ad76ee33091656aa8cc7d557a8ff20d289c31e4a1,20480,13712,0,6768,0x0:0x4;0x3594:0x5000,,candidate_spans_and_remaining_bytes_are_not_proven_code_data_classification
8017B000-1054a15eaeb852318c8a7f9892ef0feee6fa6c5f858bd8d520d05fdf37a8678f,20480,0,9452,11028,0x0:0x4;0x24F0:0x5000,,candidate_spans_and_remaining_bytes_are_not_proven_code_data_classification
8017B000-1072e07dad568acae4f3d7d96c9e4dd8e514cad8e9dca94ddd6855998cefacfa,20480,10440,0,10040,0x0:0x4;0x28CC:0x5000,,candidate_spans_and_remaining_bytes_are_not_proven_code_data_classification
8017B000-109f7d0e2f0ccfa86aa7b88b51548a38abf664bf9c839b365ca1cb6be4827a97,20480,0,3496,16984,0x0:0x4;0xDAC:0x5000,,candidate_spans_and_remaining_bytes_are_not_proven_code_data_classification
8017B000-10a18c4a17a93b6a30e5fe387f310f69b4a40c10af8528bf077e11d9744aef7e,20480,0,4440,16040,0x0:0x4;0x115C:0x5000,,candidate_spans_and_remaining_bytes_are_not_proven_code_data_classification
8017B000-10b74456a2132ec7f4f65346caf5c8e775e5cf0ff5a193d33b0c8965c3b1cd7d,20480,0,3592,16888,0x0:0x4;0xE0C:0x5000,0x10AC,candidate_spans_and_remaining_bytes_are_not_proven_code_data_classification
8017B000-10be02bd4bfb56b5901e28f6762caf35c826f12f2ddf7f2f03282ba8fa1f4351,20480,0,7632,12848,0x0:0x4;0x1DD4:0x5000,,candidate_spans_and_remaining_bytes_are_not_proven_code_data_classification
8017B000-10de4f283995d2fd68115c947f37ff45fdd062872e09b12b4451cf1f9841b774,20480,0,6844,13636,0x0:0x4;0x1AC0:0x5000,,candidate_spans_and_remaining_bytes_are_not_proven_code_data_classification
8017B000-116c6856ccad4fd49b235941feb9e2e2a518e911027da160837d54a5e3b85bd1,20480,0,7564,12916,0x0:0x4;0x1D90:0x5000,,candidate_spans_and_remaining_bytes_are_not_proven_code_data_classification
8017B000-1185631b212ee5bf1065a4e502ca790c76b8df14c595825e08abca8dd5388dc9,20480,0,6420,14060,0x0:0x4;0x1918:0x5000,,candidate_spans_and_remaining_bytes_are_not_proven_code_data_classification
8017B000-118e7eef5c4cc9fcb4205f3d93ceee56ec985fbba0b60a53d4ced107e5bbbca2,20480,11572,0,8908,0x0:0x4;0x2D38:0x5000,,candidate_spans_and_remaining_bytes_are_not_proven_code_data_classification
8017B000-121a41edde9b0e40f2c83c6efec12fc785bb239921464482ba74f3fc7085a486,20480,0,3816,16664,0x0:0x4;0xEEC:0x5000,,candidate_spans_and_remaining_bytes_are_not_proven_code_data_classification
8017B000-125bcfea9d71e8ea78117a905477c79dc7aa6def81536b033355201d1128325a,20480,0,7948,12532,0x0:0x4;0x1F10:0x5000,,candidate_spans_and_remaining_bytes_are_not_proven_code_data_classification
8017B000-126ea7bd02ff742c1685da857334a7d7f8ea9389b0749f77c36347fc2dadf524,20480,9992,0,10488,0x0:0x4;0x270C:0x5000,,candidate_spans_and_remaining_bytes_are_not_proven_code_data_classification
8017B000-1281179ecf9c7e29697ac7643b1cfe5006ad1526adf6438c1212be950fc5646d,20480,0,14316,6164,0x0:0x4;0x37F0:0x5000,0x4FDC,candidate_spans_and_remaining_bytes_are_not_proven_code_data_classification
8017B000-12a971cfbce183d4c9a7285e568d5e6990a01409317bc9dd2540fba16626540f,20480,0,5292,15188,0x0:0x4;0x14B0:0x5000,,candidate_spans_and_remaining_bytes_are_not_proven_code_data_classification
8017B000-131104ad46f4556d22e4c5c9e6a0a81aca5a36c780c2a6a4c001f68ab1fd68a2,20480,0,7752,12728,0x0:0x4;0x1E4C:0x5000,,candidate_spans_and_remaining_bytes_are_not_proven_code_data_classification
8017B000-13730482a729900f5638313a78d04fe4e5964d2bee4114a9aa72cf0a9e4a55d8,20480,0,10312,10168,0x0:0x4;0x284C:0x5000,,candidate_spans_and_remaining_bytes_are_not_proven_code_data_classification
8017B000-137e7ca2d510c6bde2fde986c4325b3018f115d968a8d85801205576f6b2be31,20480,0,4260,16220,0x0:0x4;0x10A8:0x5000,0x20B8,candidate_spans_and_remaining_bytes_are_not_proven_code_data_classification
8017B000-13b35cf2d0abd26f1bdab034d7b4b1a535693b58b6866d77033a0dc5b96e8c6f,20480,0,6364,14116,0x0:0x4;0x18E0:0x5000,0x2EC0,candidate_spans_and_remaining_bytes_are_not_proven_code_data_classification
8017B000-13d52e37777fabe803c81dfb6fde76496698e7b672b27cd46ac5498fefc73f73,20480,0,6196,14284,0x0:0x4;0x1838:0x5000,,candidate_spans_and_remaining_bytes_are_not_proven_code_data_classification
8017B000-148e1969335b96b6097dfb1797e66fc9ee41d026cbf2176eebcd35cf78e22121,20480,0,4412,16068,0x0:0x4;0x1140:0x5000,,candidate_spans_and_remaining_bytes_are_not_proven_code_data_classification
8017B000-14a0fe6e52d077a6d593a258b5810dd1b583326a19fd578bad515e876f228959,20480,0,8188,12292,0x0:0x4;0x2000:0x5000,,candidate_spans_and_remaining_bytes_are_not_proven_code_data_classification
8017B000-14c5ac25e43197d7a31f6c430f2e89790bf843c6019f40bf939ffdfadcd28cc7,20480,0,5328,15152,0x0:0x4;0x14D4:0x5000,,candidate_spans_and_remaining_bytes_are_not_proven_code_data_classification
8017B000-1530f2216e66b97c5ec83deb2c544a9df2a0514f7e8c053c59ba26dd8200888c,20480,0,8412,12068,0x0:0x4;0x20E0:0x5000,,candidate_spans_and_remaining_bytes_are_not_proven_code_data_classification
8017B000-157ad67f19a0c012958a8b305bb557d78b0c7184c0353d03f6042ca46e30a1ff,20480,0,18572,1908,0x0:0x4;0x4890:0x5000,,candidate_spans_and_remaining_bytes_are_not_proven_code_data_classification
8017B000-159856c39ce3bdcd11778d2b5b6fb590a2b15e18e42702937d99435c73e54382,20480,11720,0,8760,0x0:0x4;0x2DCC:0x5000,,candidate_spans_and_remaining_bytes_are_not_proven_code_data_classification
8017B000-15ba050399b84273667f2920b29c98a3cac1e3b37ab8f8e396daf3211d07c493,20480,0,15884,4596,0x0:0x4;0x3E10:0x5000,0x4EA0,candidate_spans_and_remaining_bytes_are_not_proven_code_data_classification
8017B000-15f4eff63fd9190ee314cb7a34a93505f87c40a3f400c5c965d3f1ce153fb9f4,20480,0,9132,11348,0x0:0x4;0x23B0:0x5000,,candidate_spans_and_remaining_bytes_are_not_proven_code_data_classification
8017B000-16a60d6cfcb23dadbecf7d7b9204c1cb2b081fa4743c7291826b8053345e3000,20480,17732,0,2748,0x0:0x4;0x4548:0x5000,,candidate_spans_and_remaining_bytes_are_not_proven_code_data_classification
8017B000-16ef2c4e570dc6a00a206dcb60d81f3afdf3b69d4288fcb30844a17cbdc7aaea,20480,0,9008,11472,0x0:0x4;0x2334:0x5000,,candidate_spans_and_remaining_bytes_are_not_proven_code_data_classification
8017B000-16faf6fb550f29108bdd38df55603ea7f36c93a1c3da04eac6d14dad45bde660,20480,11036,0,9444,0x0:0x4;0x2B20:0x5000,,candidate_spans_and_remaining_bytes_are_not_proven_code_data_classification
8017B000-170d5aa046335450c518dfe4e54cb8632eab34bfd9298a282fb311fe8b60bb32,20480,0,8188,12292,0x0:0x4;0x2000:0x5000,0x3204,candidate_spans_and_remaining_bytes_are_not_proven_code_data_classification
8017B000-175f781bbaea36e2000d96eb3eb4cb950879b8bae5626198d35c5cf9de22c76d,20480,0,0,20480,0x0:0x5000,0x2F68,candidate_spans_and_remaining_bytes_are_not_proven_code_data_classification
8017B000-177e2e848313f57200b4c7d0b242fd1a1d5ac4afa2568017cfd57fd523a538ad,20480,0,0,20480,0x0:0x5000,0x3F90,candidate_spans_and_remaining_bytes_are_not_proven_code_data_classification
8017B000-17921bca702bc6aa738b8aab92212b701102d10bcabb1f1a27e5455dd8d15711,20480,0,0,20480,0x0:0x5000,0x3CD8,candidate_spans_and_remaining_bytes_are_not_proven_code_data_classification
8017B000-17fca94f5b6ae88ecf6bd20bb9e5ec0dae3dd12b52847e5536cb6dcb382ca744,20480,0,11364,9116,0x0:0x4;0x2C68:0x5000,,candidate_spans_and_remaining_bytes_are_not_proven_code_data_classification
8017B000-185db65e4d687b6b961d849ee929a8a676c9ded42801969a2e775dbdf8285d33,20480,0,5524,14956,0x0:0x4;0x1598:0x5000,,candidate_spans_and_remaining_bytes_are_not_proven_code_data_classification
8017B000-1861e72479161a8c3b26b88fad912d2440799ba0b0aa5be299eeaa66e5639524,20480,0,0,20480,0x0:0x5000,0x4ADC,candidate_spans_and_remaining_bytes_are_not_proven_code_data_classification
8017B000-18a1451b68964cfb2e7c45ee6e0f19167f450df2e9810a5b7f0c7cd60dc7c6eb,20480,0,7832,12648,0x0:0x4;0x1E9C:0x5000,0x3004;0x4004,candidate_spans_and_remaining_bytes_are_not_proven_code_data_classification
8017B000-193a08230dcec157104e81c738a3b83b8f886a2674c4005a1c5201bed23bfac3,20480,0,0,20480,0x0:0x5000,0x22A4,candidate_spans_and_remaining_bytes_are_not_proven_code_data_classification
8017B000-195ee8b076df12ff1c619f31ac71e9eff0d3ab09e4f2c9fd799263746d45a9f8,20480,0,6488,13992,0x0:0x4;0x195C:0x5000,0x328C,candidate_spans_and_remaining_bytes_are_not_proven_code_data_classification
8017B000-19601771aa834ed50bc72e3902dc93eccc0bc60b4c1207cb955ac7da2948a251,20480,0,8324,12156,0x0:0x4;0x2088:0x5000,,candidate_spans_and_remaining_bytes_are_not_proven_code_data_classification
8017B000-1a0b3d29e3c43859e0ba2b4d65ce2b39a1cee83d216edbe51b66473bdc7a242d,20480,14740,0,5740,0x0:0x4;0x3998:0x5000,,candidate_spans_and_remaining_bytes_are_not_proven_code_data_classification
8017B000-1a420fa4b0df1ed5a70956f8ab721728a2680bf5ff0bb553f0954654b0f6afcf,20480,0,3296,17184,0x0:0x4;0xCE4:0x5000,0x16A0,candidate_spans_and_remaining_bytes_are_not_proven_code_data_classification
8017B000-1a45abc4403e2d0380e60e96e29064eab6fb832a2c47eeb1e57f7fa9083453c8,20480,0,4356,16124,0x0:0x4;0x1108:0x5000,,candidate_spans_and_remaining_bytes_are_not_proven_code_data_classification
8017B000-1a55cafba92661d1996501cdbb8a640a0cb54baec5bcfe600650e95a0bab796b,20480,0,9580,10900,0x0:0x4;0x2570:0x5000,,candidate_spans_and_remaining_bytes_are_not_proven_code_data_classification
8017B000-1a5d211815353ee0ac21c05356baf56d5d2c83b5427ad8e535652e3d52c7e2bf,20480,14520,0,5960,0x0:0x4;0x38BC:0x5000,,candidate_spans_and_remaining_bytes_are_not_proven_code_data_classification
8017B000-1a6e4dc905cd413f246da3c978cfedf6b44b296c43bb46c022cba5db9bbe9be4,20480,0,5400,15080,0x0:0x4;0x151C:0x5000,,candidate_spans_and_remaining_bytes_are_not_proven_code_data_classification
8017B000-1ad1575bf75fe9a757c96a4f8ee9898f2644270e3dc20a0e3daff24100450562,20480,0,2584,17896,0x0:0x4;0xA1C:0x5000,0x1284,candidate_spans_and_remaining_bytes_are_not_proven_code_data_classification
8017B000-1b376cd5148754401d08efa464a08b506ca14d65f5f4a5a8aa30bf234088673b,20480,0,10672,9808,0x0:0x4;0x29B4:0x5000,,candidate_spans_and_remaining_bytes_are_not_proven_code_data_classification
8017B000-1b8168ca70e2ce5d12a64ee428b88419aa4ea5f4439bc8a8cfccd285a1f3bb09,20480,0,6488,13992,0x0:0x4;0x195C:0x5000,,candidate_spans_and_remaining_bytes_are_not_proven_code_data_classification
8017B000-1b8ac61a5ff3daf0d0378b80241768e6f55219c5a21bbf24908de84fa0807904,20480,0,11112,9368,0x0:0x4;0x2B6C:0x5000,,candidate_spans_and_remaining_bytes_are_not_proven_code_data_classification
8017B000-1b9041c8b35766451681036409e7e4fa709b7f7cf005dbace38035f797230533,20480,0,8188,12292,0x0:0x4;0x2000:0x5000,,candidate_spans_and_remaining_bytes_are_not_proven_code_data_classification
8017B000-1bc220db4b18b7f7b10a45c203c2be5d436998254d88a837d474021ac367ad4a,20480,0,0,20480,0x0:0x5000,0x2F68,candidate_spans_and_remaining_bytes_are_not_proven_code_data_classification
8017B000-1c7da16c8a0280d65a1526a9337c578469e513d5f3d08c6ddf3f4cace9833ae2,20480,10440,0,10040,0x0:0x4;0x28CC:0x5000,,candidate_spans_and_remaining_bytes_are_not_proven_code_data_classification
8017B000-1cc46e1a67abebeaded903138e8052b14faacd4c0a6bed845902c81cf9a2597d,20480,0,6488,13992,0x0:0x4;0x195C:0x5000,0x328C,candidate_spans_and_remaining_bytes_are_not_proven_code_data_classification
8017B000-1cf722ce26ed6b790f8ef630f30322f09f02761e85adb091c130dee8e091326b,20480,0,6600,13880,0x0:0x4;0x19CC:0x5000,,candidate_spans_and_remaining_bytes_are_not_proven_code_data_classification
8017B000-1d25f19e2f1f13792eb826d9392509b3debf2abf806244c27f38775ff9313155,20480,0,6060,14420,0x0:0x4;0x17B0:0x5000,,candidate_spans_and_remaining_bytes_are_not_proven_code_data_classification
8017B000-1dd56d753742ba9e24d2d0bfa0f43bc2b3e11bc8e7868996168b7546dae13a8b,20480,0,0,20480,0x0:0x5000,0xE40;0x1204,candidate_spans_and_remaining_bytes_are_not_proven_code_data_classification
8017B000-1de72aea0403b35b1d5c106141502b63aab131c4d6bbb6e51dd30dde387bcd2d,20480,0,4160,16320,0x0:0x4;0x1044:0x5000,0x1824;0x2C5C,candidate_spans_and_remaining_bytes_are_not_proven_code_data_classification
8017B000-1debecef3e1339ad9ae11faac7d08e1774aa3db0fa7433efd63a8a0aeb009c59,20480,0,4260,16220,0x0:0x4;0x10A8:0x5000,0x14AC;0x1B3C;0x21E8;0x26EC;0x2EE4,candidate_spans_and_remaining_bytes_are_not_proven_code_data_classification
8017B000-1dedae4bf8667e6087582850b9da87837fc5e53eaadab820112732e38407dc72,20480,18532,0,1948,0x0:0x4;0x4868:0x5000,0x4CAC,candidate_spans_and_remaining_bytes_are_not_proven_code_data_classification
8017B000-1df34b8e05c9220d4aa60eec7a77d65dbb0ce73d32be5143bc6a3d4746fd10da,20480,0,0,20480,0x0:0x5000,0xE40,candidate_spans_and_remaining_bytes_are_not_proven_code_data_classification
8017B000-1e002c86e6dfb409263fa0f4021a220438aae866eb354e0ae75083f2e2869573,20480,0,0,20480,0x0:0x5000,0x19F0,candidate_spans_and_remaining_bytes_are_not_proven_code_data_classification
8017B000-1e070469e06e51cf2f3345ae8fca0f68d4cf0ba63dbd2d2e45907cb9a5c67361,20480,0,0,20480,0x0:0x5000,0x3CD8,candidate_spans_and_remaining_bytes_are_not_proven_code_data_classification
8017B000-1e47c5370b0915284f41d69b9f303612ce73042e02b880932fd310cb44a48df4,20480,0,0,20480,0x0:0x5000,0x19F0,candidate_spans_and_remaining_bytes_are_not_proven_code_data_classification
8017B000-1eb03fed5350ee45204f6ab231cc00e433887a346165e555b516ec0aa5eaeabf,20480,6320,0,14160,0x0:0x4;0x18B4:0x5000,,candidate_spans_and_remaining_bytes_are_not_proven_code_data_classification
8017B000-1f34b5c5a59913f5207e202e9d93e681a9edcc6ff5df7607084a540289f779de,20480,16488,0,3992,0x0:0x4;0x406C:0x5000,,candidate_spans_and_remaining_bytes_are_not_proven_code_data_classification
8017B000-1f6e58379988343eb8e459a29854029a6202daa49775e3ee68b6652600f3f0a4,20480,0,5276,15204,0x0:0x4;0x14A0:0x5000,,candidate_spans_and_remaining_bytes_are_not_proven_code_data_classification
8017B000-1f74c196a8bdc031509895ee717de5be81589119d757942861385bdcd128078e,20480,0,0,20480,0x0:0x5000,0x1F6C,candidate_spans_and_remaining_bytes_are_not_proven_code_data_classification
8017B000-1f833466c2fecf9c116f014cec4c75ae66e08cbefe1505540a2bbee36483cfef,20480,0,9140,11340,0x0:0x4;0x23B8:0x5000,,candidate_spans_and_remaining_bytes_are_not_proven_code_data_classification
8017B000-2071bc076e7cdf526d2867c47415ba74b7ba21948745558575a61839ee205221,20480,0,4484,15996,0x0:0x4;0x1188:0x5000,0x1BF4,candidate_spans_and_remaining_bytes_are_not_proven_code_data_classification
8017B000-208883022719c6a1d23cba8af0f9973e971550360271d4f3b74da3f1a022f4fe,20480,0,6420,14060,0x0:0x4;0x1918:0x5000,,candidate_spans_and_remaining_bytes_are_not_proven_code_data_classification
8017B000-20de511575ad876dc41305f14d557aff8be137f5db1f39e90dc5ecc3a8f95c96,20480,0,3296,17184,0x0:0x4;0xCE4:0x5000,,candidate_spans_and_remaining_bytes_are_not_proven_code_data_classification
8017B000-21439a3668dd2c13ff4f16964a456848a206aafcee7934368f546234572250b0,20480,0,0,20480,0x0:0x5000,0x32A8,candidate_spans_and_remaining_bytes_are_not_proven_code_data_classification
8017B000-2206b7a31196d81f3869dfa9a3849942d0264c8884dcf9280a284fa8cd85e008,20480,0,6420,14060,0x0:0x4;0x1918:0x5000,,candidate_spans_and_remaining_bytes_are_not_proven_code_data_classification
8017B000-220ef907567c170bdf3352d2794858d15c5d60e7ab158cb95880b515635af325,20480,0,6196,14284,0x0:0x4;0x1838:0x5000,,candidate_spans_and_remaining_bytes_are_not_proven_code_data_classification
8017B000-224779f67324356d7b83dc01766d29cc5135523fd9cba30049888ecc795733f8,20480,0,7148,13332,0x0:0x4;0x1BF0:0x5000,0x2368,candidate_spans_and_remaining_bytes_are_not_proven_code_data_classification
8017B000-22570b800bdfaa7a3cfef64d6ce7c3c8b26ed965bd5300fa7f7140377469b68e,20480,0,3932,16548,0x0:0x4;0xF60:0x5000,0x19C8,candidate_spans_and_remaining_bytes_are_not_proven_code_data_classification
8017B000-22612a553d200a25b3802a4c12a39fc7a744b2249830656422eca9c197e90101,20480,13712,0,6768,0x0:0x4;0x3594:0x5000,,candidate_spans_and_remaining_bytes_are_not_proven_code_data_classification
8017B000-2266fe7223bc8d62386cebc59ae3546865b0021b7dbc0b4a461ee8fda4240a0a,20480,0,6204,14276,0x0:0x4;0x1840:0x5000,0x2914,candidate_spans_and_remaining_bytes_are_not_proven_code_data_classification
8017B000-2286754362685725de895712654ae022909ecc0caffb6679af0a25b899ccccae,20480,0,0,20480,0x0:0x5000,0xE40;0x1204,candidate_spans_and_remaining_bytes_are_not_proven_code_data_classification
8017B000-22eb328c6a5cb855d51ccdfdf6fc014e30cd5ce2b76181ce35d9711850bbc4e0,20480,0,9260,11220,0x0:0x4;0x2430:0x5000,,candidate_spans_and_remaining_bytes_are_not_proven_code_data_classification
8017B000-2311cc0e92cb17e420d608a00fd05914d57ff840b449d4c30296ee6646a08d8a,20480,0,3296,17184,0x0:0x4;0xCE4:0x5000,0x238C,candidate_spans_and_remaining_bytes_are_not_proven_code_data_classification
8017B000-23177a27a13139898ca991a4f491b57c8808abb6cb4c6b8de1e316c2c7f704d9,20480,0,12216,8264,0x0:0x4;0x2FBC:0x5000,,candidate_spans_and_remaining_bytes_are_not_proven_code_data_classification
8017B000-2363f9170bf937e1a6be5caa71fe49d217d95d848cf35a94f6b6e64ed2a04512,20480,0,0,20480,0x0:0x5000,0x2358,candidate_spans_and_remaining_bytes_are_not_proven_code_data_classification
8017B000-23a5d83b8f1c6809dca8e892810cb060429e43022f9d3091eeb6b93b0026997e,20480,0,6700,13780,0x0:0x4;0x1A30:0x5000,,candidate_spans_and_remaining_bytes_are_not_proven_code_data_classification
8017B000-24778551fcac41ec563c536143c85bb19a6def59535fe7525201369037582924,20480,0,0,20480,0x0:0x5000,0x3CD8,candidate_spans_and_remaining_bytes_are_not_proven_code_data_classification
8017B000-24cc0f8dc786da27360d343a7b591c80b086480e2e748a885a37a1bc44a5635c,20480,0,11416,9064,0x0:0x4;0x2C9C:0x5000,,candidate_spans_and_remaining_bytes_are_not_proven_code_data_classification
8017B000-250da2cfb5dff027573b78a64a235e0817085bed46875a2d89f8a7b93f981a98,20480,0,0,20480,0x0:0x5000,0x32A8,candidate_spans_and_remaining_bytes_are_not_proven_code_data_classification
8017B000-256defefb8d291ab91e4c18bd484a2245ecefb91d254b341f9d580a746613699,20480,0,6700,13780,0x0:0x4;0x1A30:0x5000,,candidate_spans_and_remaining_bytes_are_not_proven_code_data_classification
8017B000-25b3aa7a3b4574475bc32d149333648d0310fd86228d0bf28ae9e0e98cba4d14,20480,0,6700,13780,0x0:0x4;0x1A30:0x5000,,candidate_spans_and_remaining_bytes_are_not_proven_code_data_classification
8017B000-25cd688abc9b61ed37accd5f71e3a9331265484d6d9379830a65705571ee2c3e,20480,0,15292,5188,0x0:0x4;0x3BC0:0x5000,,candidate_spans_and_remaining_bytes_are_not_proven_code_data_classification
8017B000-263f6f4f08f3b05137be4364d80c2635d7b0ebd59a1695b15cff9150b247bdb5,20480,0,7788,12692,0x0:0x4;0x1E70:0x5000,,candidate_spans_and_remaining_bytes_are_not_proven_code_data_classification
8017B000-264775741cdffaf9317eb4a8b7ecbf5625652a8b7ce7d8757418564e026cfc20,20480,11604,0,8876,0x0:0x4;0x2D58:0x5000,,candidate_spans_and_remaining_bytes_are_not_proven_code_data_classification
8017B000-264cba5bb9597760d6b43d6d708afffde02339212df3a2017e8ec42721d68ee9,20480,16488,0,3992,0x0:0x4;0x406C:0x5000,,candidate_spans_and_remaining_bytes_are_not_proven_code_data_classification
8017B000-267ee5b84838cb8855a133e5e4a96efd16ed06686a34b2eeb90e976b319a15f5,20480,0,7500,12980,0x0:0x4;0x1D50:0x5000,0x2130;0x2A94;0x2F90;0x377C,candidate_spans_and_remaining_bytes_are_not_proven_code_data_classification
8017B000-26e3aa0520acbe4e32570a2e1996f1b2e1d2c0b87d503734ebd19cbb54a06c0c,20480,0,5440,15040,0x0:0x4;0x1544:0x5000,0x44B8,candidate_spans_and_remaining_bytes_are_not_proven_code_data_classification
8017B000-277f53191b2acb3ca89b50b807dce0a87a0536246fb11fda065e5dcfc6c1227e,20480,0,4952,15528,0x0:0x4;0x135C:0x5000,,candidate_spans_and_remaining_bytes_are_not_proven_code_data_classification
8017B000-27ce3d09f5c4deb9f0928b335c4d60cc4501f3b0f06e5743432333086a87a450,20480,0,6700,13780,0x0:0x4;0x1A30:0x5000,,candidate_spans_and_remaining_bytes_are_not_proven_code_data_classification
8017B000-2811cc0dde9330a9ce469b5e405f5fb35095a91e7bfa53979ccbfbe36ba33fd1,20480,0,8684,11796,0x0:0x4;0x21F0:0x5000,,candidate_spans_and_remaining_bytes_are_not_proven_code_data_classification
8017B000-281a7cb3e63c61b290fef323c5456b9b3ea9144b55bd997c67db2f617f477f1b,20480,0,9260,11220,0x0:0x4;0x2430:0x5000,,candidate_spans_and_remaining_bytes_are_not_proven_code_data_classification
8017B000-281ec71c0520605754f1057eb792a8e9c29cee61c9eefb307feb197e08e711c6,20480,0,4952,15528,0x0:0x4;0x135C:0x5000,0x2C34,candidate_spans_and_remaining_bytes_are_not_proven_code_data_classification
8017B000-28228cc8dfe886857f599b96ffbf273fca43e44f031b9b2c86b272e32c457803,20480,0,9472,11008,0x0:0x4;0x2504:0x5000,,candidate_spans_and_remaining_bytes_are_not_proven_code_data_classification
8017B000-282b2bce2b89c164026cbfe24983d9541b6efc516d2c0588c0bb591c97c6858c,20480,0,5520,14960,0x0:0x4;0x1594:0x5000,,candidate_spans_and_remaining_bytes_are_not_proven_code_data_classification
8017B000-28ca2a8046deccfc02328e2587ad60c77dd05334baa7be4f9bb6fcadddadecb0,20480,0,7572,12908,0x0:0x4;0x1D98:0x5000,0x1E80,candidate_spans_and_remaining_bytes_are_not_proven_code_data_classification
8017B000-28f9181b66dddfc1938344acd0e89c15ba348abb047d9588004a8be5ca6f4c08,20480,0,15264,5216,0x0:0x4;0x3BA4:0x5000,,candidate_spans_and_remaining_bytes_are_not_proven_code_data_classification
8017B000-2951c83fe0bf96828a4d3cc48b712241c1fc8467b659cf53078544b81c78c1a7,20480,0,3928,16552,0x0:0x4;0xF5C:0x5000,,candidate_spans_and_remaining_bytes_are_not_proven_code_data_classification
8017B000-29abdb6baa569b85cd897c6bf5b77e51292fdeaa358e9c92805dc651fe76ccb9,20480,0,7508,12972,0x0:0x4;0x1D58:0x5000,,candidate_spans_and_remaining_bytes_are_not_proven_code_data_classification
8017B000-29bdeb93390a2c57d6eff03e4c35247e122d0a32d907c1af2247314466ae5176,20480,0,8188,12292,0x0:0x4;0x2000:0x5000,,candidate_spans_and_remaining_bytes_are_not_proven_code_data_classification
8017B000-29e9b1808ce9d969b3c6bdacd00db68a488832591fdd29fdf5f9799e97cfa5e9,20480,0,5156,15324,0x0:0x4;0x1428:0x5000,0x1F54;0x2004;0x2F54,candidate_spans_and_remaining_bytes_are_not_proven_code_data_classification
8017B000-2a1f7fd656bd57d3b81ccc9ad0f1c5182654c7f0093cfd9b761693d97ac08da1,20480,0,13412,7068,0x0:0x4;0x3468:0x5000,,candidate_spans_and_remaining_bytes_are_not_proven_code_data_classification
8017B000-2a2950f55a5142a0b14dd5b9bcf11d0ec039d670d943de3decd71d4b0482dca2,20480,0,8188,12292,0x0:0x4;0x2000:0x5000,,candidate_spans_and_remaining_bytes_are_not_proven_code_data_classification
8017B000-2a3c0f0cbed07b3f756237f8ba258fce6493f7eacf4fc6aa13916002a4576120,20480,0,0,20480,0x0:0x5000,0x19F0,candidate_spans_and_remaining_bytes_are_not_proven_code_data_classification
8017B000-2aa860bbccace3c2d2a5cfd888731f7b7ad9689751166ef64fc2333259bd1814,20480,17452,0,3028,0x0:0x4;0x4430:0x5000,,candidate_spans_and_remaining_bytes_are_not_proven_code_data_classification
8017B000-2ab506662674b1b1df34c3354bc8bce347f63b18f6a5b9a95fa7b5e6ff468a8e,20480,0,5004,15476,0x0:0x4;0x1390:0x5000,,candidate_spans_and_remaining_bytes_are_not_proven_code_data_classification
8017B000-2ad24bc7f1ba0d5fc2c48969710f71358fbec49c762b8e368dc9b2dd522abcd7,20480,0,0,20480,0x0:0x5000,0x32A8,candidate_spans_and_remaining_bytes_are_not_proven_code_data_classification
8017B000-2ad644fdaf8a20b9221fd760bd29128ecc78206c6905838c6f0b300b7341ccbb,20480,0,9740,10740,0x0:0x4;0x2610:0x5000,0x2874,candidate_spans_and_remaining_bytes_are_not_proven_code_data_classification
8017B000-2ae3c23e4d18499ce2bc407717cfa79a2327e23795f10ce76514b69235cb45dc,20480,0,4532,15948,0x0:0x4;0x11B8:0x5000,,candidate_spans_and_remaining_bytes_are_not_proven_code_data_classification
8017B000-2b1b7e65375a896c9df2dbdd26f318579532c9ae953b1ef4080283bcad71c6d9,20480,0,0,20480,0x0:0x5000,0x22A4,candidate_spans_and_remaining_bytes_are_not_proven_code_data_classification
8017B000-2b1d3675cddb82c6d8a7c6b7e2baf6e704c52fd01aab8157948b00abe288d1cd,20480,0,8188,12292,0x0:0x4;0x2000:0x5000,,candidate_spans_and_remaining_bytes_are_not_proven_code_data_classification
8017B000-2be4486378d73cab612f889c3ad2095fec92742c9ce02a61f9b33791ce44e95b,20480,0,9132,11348,0x0:0x4;0x23B0:0x5000,,candidate_spans_and_remaining_bytes_are_not_proven_code_data_classification
8017B000-2c1f578ff8d69e5f072aa7c0d12f7703fac87e333ff640d30a440c337cbf09d1,20480,0,4412,16068,0x0:0x4;0x1140:0x5000,0x13D4;0x3004;0x4004,candidate_spans_and_remaining_bytes_are_not_proven_code_data_classification
8017B000-2c569652058b644496fced3d2fd20ae9abcd276ccc6e1fe3128e3ae91eac396a,20480,0,6700,13780,0x0:0x4;0x1A30:0x5000,,candidate_spans_and_remaining_bytes_are_not_proven_code_data_classification
8017B000-2cd03103fcc74d6463b6fca184d60de89e750fc181cefedc8ef0dc74f4072365,20480,0,13168,7312,0x0:0x4;0x3374:0x5000,,candidate_spans_and_remaining_bytes_are_not_proven_code_data_classification
8017B000-2d1d841a246204eb668f4faaf1b20596424f9bbce8ce42dbbc0e4d1877eece1b,20480,0,15264,5216,0x0:0x4;0x3BA4:0x5000,,candidate_spans_and_remaining_bytes_are_not_proven_code_data_classification
8017B000-2d74a0259423aa91d996a6e1b7a6902b51252b0a6598c8d98494bf09955b0857,20480,0,5736,14744,0x0:0x4;0x166C:0x5000,,candidate_spans_and_remaining_bytes_are_not_proven_code_data_classification
8017B000-2dc4161092ecc2e1e3537a75b751961c0ad4f8962925bce438df25319e7465a4,20480,0,0,20480,0x0:0x5000,0x19F0,candidate_spans_and_remaining_bytes_are_not_proven_code_data_classification
8017B000-2dd483ed5ccc1844a47b8713536d7fb788ef359545ae7a7971226bfeae0b42c4,20480,0,0,20480,0x0:0x5000,0x32A8,candidate_spans_and_remaining_bytes_are_not_proven_code_data_classification
8017B000-2de881ac67035360e96d3fd6c73ba30c614da32dcaa3c753416366a581cdc4aa,20480,10440,0,10040,0x0:0x4;0x28CC:0x5000,,candidate_spans_and_remaining_bytes_are_not_proven_code_data_classification
8017B000-2e27bd7f9ba5c9d2e6a1159cc07e0564f4d82afca1034dac6f566a51fff0635a,20480,11404,0,9076,0x0:0x4;0x2C90:0x5000,,candidate_spans_and_remaining_bytes_are_not_proven_code_data_classification
8017B000-2e309670edea0052f6f1465828ca8927b814f16258434ef9e3a262f24d0163d6,20480,0,8412,12068,0x0:0x4;0x20E0:0x5000,,candidate_spans_and_remaining_bytes_are_not_proven_code_data_classification
8017B000-2e4c88a8452578db0f0a952da8a03fc663b2ba5f2cbbc96dda88b1fe52c45eae,20480,0,7060,13420,0x0:0x4;0x1B98:0x5000,,candidate_spans_and_remaining_bytes_are_not_proven_code_data_classification
8017B000-2e68bfae3eee414e1180c29fcd016b100936eb90845cfaac61708f182f168f66,20480,0,15268,5212,0x0:0x4;0x3BA8:0x5000,,candidate_spans_and_remaining_bytes_are_not_proven_code_data_classification
8017B000-2f51d73491acc8e9fa538e836b20f7f085f1315f3d0840c316378177ec55eef7,20480,0,0,20480,0x0:0x5000,0x2C24,candidate_spans_and_remaining_bytes_are_not_proven_code_data_classification
8017B000-2fc15e0e47a8e08c0c3b3e729cd2c60612a475fa4becb6f1394bee9e18e78eab,20480,0,3756,16724,0x0:0x4;0xEB0:0x5000,,candidate_spans_and_remaining_bytes_are_not_proven_code_data_classification
8017B000-2febe9e6253795cc5d7c4063df1ecbe2d8e632d82ed903948848944124cf3f96,20480,0,0,20480,0x0:0x5000,0x31C8,candidate_spans_and_remaining_bytes_are_not_proven_code_data_classification
8017B000-2ff147c5ae39a96a4388e696105b47480b8ef342ad0916baa51b40b2e799b70a,20480,0,9924,10556,0x0:0x4;0x26C8:0x5000,,candidate_spans_and_remaining_bytes_are_not_proven_code_data_classification
8017B000-2ff67feb5bec9b2e65154e0f55e716cf96e0eabdbdbe86b0ce6382dc58e1cdd5,20480,0,4292,16188,0x0:0x4;0x10C8:0x5000,0x1E98,candidate_spans_and_remaining_bytes_are_not_proven_code_data_classification
8017B000-30558dcc155767203164eee7fe447ba6f800caef610cc96419975c5005583f7d,20480,0,0,20480,0x0:0x5000,0x3CD8,candidate_spans_and_remaining_bytes_are_not_proven_code_data_classification
8017B000-308bebab6c99a0e4c988b15332f1589463d2670078c99789190e7b4b814ec9d6,20480,0,7608,12872,0x0:0x4;0x1DBC:0x5000,,candidate_spans_and_remaining_bytes_are_not_proven_code_data_classification
8017B000-310f0ff17755fb7c2e4ca7b507c05cb6576c8521c915f24f4845317b9fbafa24,20480,0,4440,16040,0x0:0x4;0x115C:0x5000,,candidate_spans_and_remaining_bytes_are_not_proven_code_data_classification
8017B000-31565a8f2a1bec82dd78a50fa3a4da3e7074d2f63e7181fae8ef9fda7dccf5e2,20480,0,6524,13956,0x0:0x4;0x1980:0x5000,0x3844,candidate_spans_and_remaining_bytes_are_not_proven_code_data_classification
8017B000-323380b73a84579f9eb780c0bb6759c5ae9fc42a8bdc78c638afa1ea87cfd82c,20480,0,13036,7444,0x0:0x4;0x32F0:0x5000,,candidate_spans_and_remaining_bytes_are_not_proven_code_data_classification
8017B000-32780fbc1057ae0a2ff1ee570fdc14c578aa51cb5eb9ad9ed82b99e7188c5d90,20480,11952,0,8528,0x0:0x4;0x2EB4:0x5000,,candidate_spans_and_remaining_bytes_are_not_proven_code_data_classification
8017B000-32aad01e1b08e5acb3810cabf7c71abd4793e7770094cdd0f97d46a3134f5e8d,20480,0,0,20480,0x0:0x5000,0x19F0,candidate_spans_and_remaining_bytes_are_not_proven_code_data_classification
8017B000-3313c3f5d38e474a39e4147f0953e35653b2f54ff7d79fb95c04c78177ff4fe9,20480,0,6196,14284,0x0:0x4;0x1838:0x5000,0x2730,candidate_spans_and_remaining_bytes_are_not_proven_code_data_classification
8017B000-3338f4973cb2625101dc0230d2a2eb55b69876578dea085215949eb077b740fc,20480,11688,0,8792,0x0:0x4;0x2DAC:0x5000,,candidate_spans_and_remaining_bytes_are_not_proven_code_data_classification
8017B000-334df3f3160261036e07fa8674dd5511f8eb9f9527e79add998d35d49288fc81,20480,0,4080,16400,0x0:0x4;0xFF4:0x5000,,candidate_spans_and_remaining_bytes_are_not_proven_code_data_classification
8017B000-337c03f0bb60bd82d5f92c5592566446afb917687c04c0137563885a124fbe08,20480,0,7240,13240,0x0:0x4;0x1C4C:0x5000,,candidate_spans_and_remaining_bytes_are_not_proven_code_data_classification
8017B000-3388cb2bbf82bd117f086623677513b293acf145dc2b87c188c56d44e1d4e312,20480,11720,0,8760,0x0:0x4;0x2DCC:0x5000,,candidate_spans_and_remaining_bytes_are_not_proven_code_data_classification
8017B000-33aac52a557169d50c280b16253b99a6633752ee0594eb0a23c5268bc811b2a6,20480,0,0,20480,0x0:0x5000,0x2F68,candidate_spans_and_remaining_bytes_are_not_proven_code_data_classification
8017B000-33ed582218542a28034091e3209050a177b725136efeebd4ac9163b380cd05e1,20480,12468,0,8012,0x0:0x4;0x30B8:0x5000,,candidate_spans_and_remaining_bytes_are_not_proven_code_data_classification
8017B000-341f4638dc2d640dcf6a9dcf78f11ce759d78f9286f7e926c4c110f48661645a,20480,0,4180,16300,0x0:0x4;0x1058:0x5000,,candidate_spans_and_remaining_bytes_are_not_proven_code_data_classification
8017B000-345753edb4ea9cd06d4049b1d43cf0ef106aa5cdefd71407c7e5660aa8d02399,20480,11720,0,8760,0x0:0x4;0x2DCC:0x5000,,candidate_spans_and_remaining_bytes_are_not_proven_code_data_classification
8017B000-34b7989e087397749d0105ad759749eb52ad8ad966c1e8cda1d987bb2e4c0050,20480,0,9260,11220,0x0:0x4;0x2430:0x5000,,candidate_spans_and_remaining_bytes_are_not_proven_code_data_classification
8017B000-34e8f2b4ca333a8ce954f94aa45023f3a15db44c510933d1831ea613d47f9a81,20480,0,0,20480,0x0:0x5000,0x19F0,candidate_spans_and_remaining_bytes_are_not_proven_code_data_classification
8017B000-34f75aced05ce4319672d09f4cbb10700faec0d6a838f83c475d51a880959c82,20480,0,0,20480,0x0:0x5000,0xE40;0x1204,candidate_spans_and_remaining_bytes_are_not_proven_code_data_classification
8017B000-3528b532be80c4915c93b8ffc8d973cbefd3cf5783432e74c6e1d787d2b2b713,20480,0,3756,16724,0x0:0x4;0xEB0:0x5000,,candidate_spans_and_remaining_bytes_are_not_proven_code_data_classification
8017B000-3543dee2c311de47276a0c523d6c2dd2ed0fb039e6769f564356a61254eeea10,20480,0,8412,12068,0x0:0x4;0x20E0:0x5000,,candidate_spans_and_remaining_bytes_are_not_proven_code_data_classification
8017B000-3568083cd21f1c2e1535605b0eb728785b983146c207f1aa93690e723c5246be,20480,0,5004,15476,0x0:0x4;0x1390:0x5000,,candidate_spans_and_remaining_bytes_are_not_proven_code_data_classification
8017B000-358a09538d922a5f037c4ca279737a78393400667bfe99c5fcdae4790499e5e4,20480,0,6708,13772,0x0:0x4;0x1A38:0x5000,,candidate_spans_and_remaining_bytes_are_not_proven_code_data_classification
8017B000-35ea3579d1ff0404f58ae6793a8c3e65739b1df75b8f2b6c94b462eb7dba956e,20480,0,10092,10388,0x0:0x4;0x2770:0x5000,,candidate_spans_and_remaining_bytes_are_not_proven_code_data_classification
8017B000-364b1b9f176e418221d2c052cc834b80a213e206fe8e1c76d581248f55268be9,20480,0,15884,4596,0x0:0x4;0x3E10:0x5000,0x4454,candidate_spans_and_remaining_bytes_are_not_proven_code_data_classification
8017B000-367297f8f7ebb0f6605b0d55e9b406c8971b1a202596f7d2d8ae8b9f2da82bff,20480,0,6488,13992,0x0:0x4;0x195C:0x5000,0x328C,candidate_spans_and_remaining_bytes_are_not_proven_code_data_classification
8017B000-36968082fbb3147988dbc12d62ce18c39f99b58c1985150813f0fab67f6dad02,20480,0,12828,7652,0x0:0x4;0x3220:0x5000,,candidate_spans_and_remaining_bytes_are_not_proven_code_data_classification
8017B000-36a0c236be7d9bfb2e3e15be5b6d0f291510ac9f2c93d156a6acf3ea55aa68fa,20480,0,0,20480,0x0:0x5000,0x4BC8,candidate_spans_and_remaining_bytes_are_not_proven_code_data_classification
8017B000-36bc117eb9a8490ef27f281e951d84471884e4e438aa701a609e61a19fcf219b,20480,0,4808,15672,0x0:0x4;0x12CC:0x5000,,candidate_spans_and_remaining_bytes_are_not_proven_code_data_classification
8017B000-36ffe60dfbafeb9cd243155b4ab12aa4143e05104dc6b7ac0c86eefde49571b6,20480,0,8412,12068,0x0:0x4;0x20E0:0x5000,,candidate_spans_and_remaining_bytes_are_not_proven_code_data_classification
8017B000-3726de535e517fe3c379b258772a106617cc641b82d8e437a94a6641a5ae1459,20480,0,6140,14340,0x0:0x4;0x1800:0x5000,,candidate_spans_and_remaining_bytes_are_not_proven_code_data_classification
8017B000-372f8d95d7a88e94c787367a897f90e2f2441df20f51208ee05bce9dfc3f74d6,20480,0,0,20480,0x0:0x5000,0x19F0,candidate_spans_and_remaining_bytes_are_not_proven_code_data_classification
8017B000-37582739971337d802300a6af16e7ffd67c7873892409aae79b157d1e0077b28,20480,17232,0,3248,0x0:0x4;0x4354:0x5000,,candidate_spans_and_remaining_bytes_are_not_proven_code_data_classification
8017B000-37980af2019f9163e34c795ef1dd1b22bab488f08e9ca119bc4b73d01ebcb0f5,20480,8120,0,12360,0x0:0x4;0x1FBC:0x5000,0x37F4,candidate_spans_and_remaining_bytes_are_not_proven_code_data_classification
8017B000-379d7dc68ef4dc918289701a6d2f6b58ffd860f58bfcf340aed0f50f6c949400,20480,0,4260,16220,0x0:0x4;0x10A8:0x5000,,candidate_spans_and_remaining_bytes_are_not_proven_code_data_classification
8017B000-37f861a9d2c64df0fba3063b4db4064287a0a30ac578d23a0c5264489846005e,20480,0,3384,17096,0x0:0x4;0xD3C:0x5000,0x3790,candidate_spans_and_remaining_bytes_are_not_proven_code_data_classification
8017B000-385c7a0cb3aae38b7159558b9b2f860284028e668a1d6cd6cd6dbcca37a4cee2,20480,0,4504,15976,0x0:0x4;0x119C:0x5000,,candidate_spans_and_remaining_bytes_are_not_proven_code_data_classification
8017B000-387139c1cb5761dedb8d1aa65bebeafb73ba2f382077e92315bfc6b78896f7c1,20480,0,11156,9324,0x0:0x4;0x2B98:0x5000,,candidate_spans_and_remaining_bytes_are_not_proven_code_data_classification
8017B000-3878a2e25229a8e0cb5832266c9cecb9d2da35de9167be82ccb4bdabac4b5265,20480,0,0,20480,0x0:0x5000,0x19F0,candidate_spans_and_remaining_bytes_are_not_proven_code_data_classification
8017B000-38d00789f15ddfb183afefdef3621004f54d63c201dfab79fe85a9a6fb45515e,20480,0,6708,13772,0x0:0x4;0x1A38:0x5000,,candidate_spans_and_remaining_bytes_are_not_proven_code_data_classification
8017B000-39357401c10a7fa11423d03a1f62e50cffc38d91bcc6bd207ec594cdd351a735,20480,0,3296,17184,0x0:0x4;0xCE4:0x5000,0x1388;0x1900;0x1DD0,candidate_spans_and_remaining_bytes_are_not_proven_code_data_classification
8017B000-396880e3bedf4a5a0bac7290da9bba0172cfb8ee9ba8a502cd41f0ae267d32fa,20480,0,6488,13992,0x0:0x4;0x195C:0x5000,0x328C,candidate_spans_and_remaining_bytes_are_not_proven_code_data_classification
8017B000-3a3e22e9fbb671c8a1428bb649eef6330b08455310e4d27d112f48c721265b4e,20480,0,4068,16412,0x0:0x4;0xFE8:0x5000,0x197C,candidate_spans_and_remaining_bytes_are_not_proven_code_data_classification
8017B000-3a566d2c78590507895d9d2a35343f65b515ca067b783ef21be7f5bfb67a834d,20480,0,2584,17896,0x0:0x4;0xA1C:0x5000,0x1284,candidate_spans_and_remaining_bytes_are_not_proven_code_data_classification
8017B000-3ae603644b6edd89264ed77603436066dcdbcb52ed28beb0b6b521b88ab1778e,20480,0,0,20480,0x0:0x5000,0x4DC4,candidate_spans_and_remaining_bytes_are_not_proven_code_data_classification
8017B000-3ae8ebd6caa81d7e9a040a5aaa2793cc464689ed873bc7f3b7c1609b7ea43a0d,20480,6320,0,14160,0x0:0x4;0x18B4:0x5000,,candidate_spans_and_remaining_bytes_are_not_proven_code_data_classification
8017B000-3b03e9e44ce914e6517ec9f57ce5c34e0adf0b6fba3b5453b26370ab04965875,20480,11952,0,8528,0x0:0x4;0x2EB4:0x5000,,candidate_spans_and_remaining_bytes_are_not_proven_code_data_classification
8017B000-3b1a36eecd8ff59ed1a2a0cd402dec7ce45cbc986b6ae52b8664ce870e237f94,20480,9992,0,10488,0x0:0x4;0x270C:0x5000,,candidate_spans_and_remaining_bytes_are_not_proven_code_data_classification
8017B000-3b1e33419e7cd19dc1eb88450cd1cf71eaf99971ea322b1f55fcda6e58a1fcd0,20480,0,4952,15528,0x0:0x4;0x135C:0x5000,,candidate_spans_and_remaining_bytes_are_not_proven_code_data_classification
8017B000-3ba797f8799b75d4a64af9c870f10ec0882cf0e96ceb5636094a7f279c614b66,20480,0,4440,16040,0x0:0x4;0x115C:0x5000,,candidate_spans_and_remaining_bytes_are_not_proven_code_data_classification
8017B000-3c17106e5af897cb43ca6b6fa13332c389f208edef7f5394451ead3337f59fc1,20480,0,7364,13116,0x0:0x4;0x1CC8:0x5000,,candidate_spans_and_remaining_bytes_are_not_proven_code_data_classification
8017B000-3c5941eadafb11e70beddcb284e5d0f36e52c311da60f22a85ebf235ce2c5eec,20480,0,11792,8688,0x0:0x4;0x2E14:0x5000,0x3164;0x3870;0x3B84;0x3F04;0x426C,candidate_spans_and_remaining_bytes_are_not_proven_code_data_classification
8017B000-3ca4d5b5962a6f6e3a40ae6123c62fe99b307fca4d7abdcb6aefd1901576a80c,20480,0,0,20480,0x0:0x5000,0xE40;0x1204,candidate_spans_and_remaining_bytes_are_not_proven_code_data_classification
8017B000-3ce581b65de0bebdb3f31c6c282b6451dbfa7eb34cb4499460e05006e4d08cf0,20480,11896,0,8584,0x0:0x4;0x2E7C:0x5000,,candidate_spans_and_remaining_bytes_are_not_proven_code_data_classification
8017B000-3d25251eddacd6d92e968dd81ceb132acf2228c876bb792a12d34b3d586ddaf2,20480,0,10312,10168,0x0:0x4;0x284C:0x5000,,candidate_spans_and_remaining_bytes_are_not_proven_code_data_classification
8017B000-3d8901cfe0f3e96a921d093458c154f8f59523f2fdcf2454e969821abf0d17c9,20480,0,2584,17896,0x0:0x4;0xA1C:0x5000,0x1284,candidate_spans_and_remaining_bytes_are_not_proven_code_data_classification
8017B000-3daed931f0ca09279ab0c5d75e59cf367a11f94faf839782ed70e2f3a82274df,20480,0,6708,13772,0x0:0x4;0x1A38:0x5000,0x2004,candidate_spans_and_remaining_bytes_are_not_proven_code_data_classification
8017B000-3e080f0e38665c73562a1e45d6a3d1868da4da76e54cb0fe590234e5ab21bb85,20480,0,8460,12020,0x0:0x4;0x2110:0x5000,0x4A88,candidate_spans_and_remaining_bytes_are_not_proven_code_data_classification
8017B000-3e17f1756c7b1adb4c12229fd6716729ad7f6f1f9f29b6e1c5b0a7fb8743a9a6,20480,0,4484,15996,0x0:0x4;0x1188:0x5000,0x1BF4,candidate_spans_and_remaining_bytes_are_not_proven_code_data_classification
8017B000-3e3f68e32ae1a3d06db0e0b9ecc9b8f86d3baf1aa6f73789eccd0e037a881b02,20480,0,3796,16684,0x0:0x4;0xED8:0x5000,,candidate_spans_and_remaining_bytes_are_not_proven_code_data_classification
8017B000-3ec1cea4e8f0a69a9d2ac102e91da8b2fe18f2d60c0d3ab031b934c1d03f5419,20480,0,6572,13908,0x0:0x4;0x19B0:0x5000,0x2DCC,candidate_spans_and_remaining_bytes_are_not_proven_code_data_classification
8017B000-3ed3b6a27d24d8b83f070d3fcbaeef37d7492cb7044d91e471abe90b3f88b1c8,20480,0,0,20480,0x0:0x5000,0x2358,candidate_spans_and_remaining_bytes_are_not_proven_code_data_classification
8017B000-3ed9b34269142534b8751254bd2a5581be372d9fc6a8ec864a317063b7fd88c1,20480,0,8188,12292,0x0:0x4;0x2000:0x5000,,candidate_spans_and_remaining_bytes_are_not_proven_code_data_classification
8017B000-3ee7b64799a6b72e53819829c7df46115fb991e5022d22437a896dc0b4da42b4,20480,8120,0,12360,0x0:0x4;0x1FBC:0x5000,,candidate_spans_and_remaining_bytes_are_not_proven_code_data_classification
8017B000-3f2646ff24989718987ddd7a4b64ba94ecc7d2085bdb2e8bbe9f32000a744e5d,20480,0,5728,14752,0x0:0x4;0x1664:0x5000,,candidate_spans_and_remaining_bytes_are_not_proven_code_data_classification
8017B000-40118588ed3ab1b51ad6fb02a4c020199b4abf849a05c2572594852151eca3a7,20480,0,9440,11040,0x0:0x4;0x24E4:0x5000,,candidate_spans_and_remaining_bytes_are_not_proven_code_data_classification
8017B000-402870191d4f48a4f96283480f1e2221021fac1a1ac277c23566be1bf312eb4f,20480,0,7524,12956,0x0:0x4;0x1D68:0x5000,0x2C5C,candidate_spans_and_remaining_bytes_are_not_proven_code_data_classification
8017B000-408e7c973fcdbc8c790a8de00adeb77f45c60ec65e919d55f35ce156d4a29ccd,20480,0,6488,13992,0x0:0x4;0x195C:0x5000,0x328C,candidate_spans_and_remaining_bytes_are_not_proven_code_data_classification
8017B000-4096828d550091c394709c3f3dc9ec27e3c7de056a0675600baba07e7c16cde8,20480,0,13600,6880,0x0:0x4;0x3524:0x5000,,candidate_spans_and_remaining_bytes_are_not_proven_code_data_classification
8017B000-40eca67f081bb2d2f89deccc211ae449c73b979fc70a0386caf4000e5621adcb,20480,0,5004,15476,0x0:0x4;0x1390:0x5000,0x1ABC,candidate_spans_and_remaining_bytes_are_not_proven_code_data_classification
8017B000-41100bb989c93ebdbc12261281b1c0e1a02154a830262101d0ad86759e84dceb,20480,0,14644,5836,0x0:0x4;0x3938:0x5000,,candidate_spans_and_remaining_bytes_are_not_proven_code_data_classification
8017B000-418bd214fcccf14490f11f30d3f2e25b57abde4b893d0103a2bcf82daadac264,20480,0,0,20480,0x0:0x5000,0x2C24,candidate_spans_and_remaining_bytes_are_not_proven_code_data_classification
8017B000-41b7e7855a037bb75b3db527520cecd5c4e3214ea875ca05d42b2c5120789113,20480,0,4260,16220,0x0:0x4;0x10A8:0x5000,,candidate_spans_and_remaining_bytes_are_not_proven_code_data_classification
8017B000-42127af72cb8b3ce40235dbaa8d993c3df7dcd0807a1624f287c96a90ef3efd1,20480,0,0,20480,0x0:0x5000,0x1F6C,candidate_spans_and_remaining_bytes_are_not_proven_code_data_classification
8017B000-4308e8fa4d56e9ca3c49e297b16d8fe60cafe5a9fb933d2b573e9b0ebb9786d0,20480,0,3756,16724,0x0:0x4;0xEB0:0x5000,,candidate_spans_and_remaining_bytes_are_not_proven_code_data_classification
8017B000-431df65a984e952cf718d1c2e2b1aa6b1d086ffc7e7af22f9f0f7b32abb05afe,20480,0,7524,12956,0x0:0x4;0x1D68:0x5000,0x2C5C,candidate_spans_and_remaining_bytes_are_not_proven_code_data_classification
8017B000-439d5423a97ce182c5ebc49e0eccba0be5065d1acab2f951826578c79b14d62f,20480,0,0,20480,0x0:0x5000,0x4ADC,candidate_spans_and_remaining_bytes_are_not_proven_code_data_classification
8017B000-43aa1bb850def148467db65e0b55ee9f59c61b1c8295aa8f8fcb8d76cb2e0d58,20480,0,3972,16508,0x0:0x4;0xF88:0x5000,,candidate_spans_and_remaining_bytes_are_not_proven_code_data_classification
8017B000-43cc8a53b8d06118de26f5b22d79228027487566cc02efdc60e2f38296360e09,20480,0,7752,12728,0x0:0x4;0x1E4C:0x5000,,candidate_spans_and_remaining_bytes_are_not_proven_code_data_classification
8017B000-43df62bf0d3b3f6eddcbc1d511a4533ce6ad2b41bec82162ae0c17fde01431df,20480,0,9132,11348,0x0:0x4;0x23B0:0x5000,,candidate_spans_and_remaining_bytes_are_not_proven_code_data_classification
8017B000-43f38342f791f7cb65d1a4d96097434205de6ebd586cec0f8bbe1ff5a93660f4,20480,0,9260,11220,0x0:0x4;0x2430:0x5000,,candidate_spans_and_remaining_bytes_are_not_proven_code_data_classification
8017B000-4458eb485e7fdf0e9311662cce94f2b2af406d8c49d9e24f584be6626a2e9faf,20480,18532,0,1948,0x0:0x4;0x4868:0x5000,0x4CAC,candidate_spans_and_remaining_bytes_are_not_proven_code_data_classification
8017B000-4482a3ed996bc8ead0e95f4662bb76a0b0e6e168ef4db051e43a110650c54c4b,20480,0,0,20480,0x0:0x5000,0x32A8;0x360C;0x3CE0;0x43EC;0x48DC;0x4E38,candidate_spans_and_remaining_bytes_are_not_proven_code_data_classification
8017B000-448568abe3a3203c01908577b90465e9665bdbe1eff5c12b1bf2f0e9e4e0975d,20480,0,15292,5188,0x0:0x4;0x3BC0:0x5000,,candidate_spans_and_remaining_bytes_are_not_proven_code_data_classification
8017B000-44c7c97e10c6aa3b63d9feeeefffa1b2c5004159ee3f4010c6d87de7995abdf8,20480,0,6772,13708,0x0:0x4;0x1A78:0x5000,0x23F0,candidate_spans_and_remaining_bytes_are_not_proven_code_data_classification
8017B000-44dfb995272a7cc7e6399e846bb9e7c94cdabad4cb587623750cfdfce8872a21,20480,0,7524,12956,0x0:0x4;0x1D68:0x5000,0x2C5C,candidate_spans_and_remaining_bytes_are_not_proven_code_data_classification
8017B000-454f789a6df8ef7c832526a50efa996464f29967707e9c485adf47296e84eeea,20480,0,5560,14920,0x0:0x4;0x15BC:0x5000,0x239C,candidate_spans_and_remaining_bytes_are_not_proven_code_data_classification
8017B000-461c904037e736d485a85be73231ba5eae0d635054869bc0290b61902a6d3b72,20480,12100,0,8380,0x0:0x4;0x2F48:0x5000,,candidate_spans_and_remaining_bytes_are_not_proven_code_data_classification
8017B000-4633c121dfb16b26a93bea5d50ca06a582e29a31f00a8c17024c91db8925b506,20480,0,0,20480,0x0:0x5000,0x3CD8,candidate_spans_and_remaining_bytes_are_not_proven_code_data_classification
8017B000-464676a6240b76bef90c2388243d27ac7b39872bac8bcf6230bb95cbd88b96be,20480,0,4476,16004,0x0:0x4;0x1180:0x5000,,candidate_spans_and_remaining_bytes_are_not_proven_code_data_classification
8017B000-465e53fb43488396e854529ff97802deb8ce99596e98c053edc1d61ed6b34995,20480,2384,0,18096,0x0:0x4;0x954:0x5000,,candidate_spans_and_remaining_bytes_are_not_proven_code_data_classification
8017B000-46d605e6d257f2b25cd6b1cc85d4ba98cf7ef425b7888d8678f10c61971795e2,20480,11720,0,8760,0x0:0x4;0x2DCC:0x5000,0x3670;0x4198;0x47A4,candidate_spans_and_remaining_bytes_are_not_proven_code_data_classification
8017B000-46dc7228276702af03537ecd05274fd59504bd2bae3232c4f9a7e79589546eaf,20480,0,15720,4760,0x0:0x4;0x3D6C:0x5000,,candidate_spans_and_remaining_bytes_are_not_proven_code_data_classification
8017B000-474194e9d9a86b19da1d24b771954b542ac05317f64fefc2e7cb2b12526ee82c,20480,5200,0,15280,0x0:0x4;0x1454:0x5000,,candidate_spans_and_remaining_bytes_are_not_proven_code_data_classification
8017B000-47669b2adfd154c2c49e6daf387f6e16551a1bd7776112a7988fe7d02815b23c,20480,0,0,20480,0x0:0x5000,0x3CD8,candidate_spans_and_remaining_bytes_are_not_proven_code_data_classification
8017B000-4773f3f9a8f2128413042043f270000132c8b2d920999efa6c3c78596db7665d,20480,0,7508,12972,0x0:0x4;0x1D58:0x5000,,candidate_spans_and_remaining_bytes_are_not_proven_code_data_classification
8017B000-47e3dfa01ae53deba5281987b2afae89345f78e8e509f3bc7217e593c84323aa,20480,0,13600,6880,0x0:0x4;0x3524:0x5000,0x4004,candidate_spans_and_remaining_bytes_are_not_proven_code_data_classification
8017B000-48098d3280824d2655ee881a6464b09afdf473882966ee24bdbc3357dd02d8bf,20480,0,6488,13992,0x0:0x4;0x195C:0x5000,0x328C,candidate_spans_and_remaining_bytes_are_not_proven_code_data_classification
8017B000-486710de7d67f34dbeda5b6c64f5bf5489ef3149fe5f3295e3dbd080f638473d,20480,0,0,20480,0x0:0x5000,0x32A8,candidate_spans_and_remaining_bytes_are_not_proven_code_data_classification
8017B000-48b21b08569f11a69a14a25523e47c782061153c82da1637c8a84c0334645dec,20480,0,6488,13992,0x0:0x4;0x195C:0x5000,0x328C,candidate_spans_and_remaining_bytes_are_not_proven_code_data_classification
8017B000-48c2f37643adfcb265ef40f97efe3697761fc977f81af9c5a8c208208598e94e,20480,17828,1364,1288,0x0:0x4;0x4AFC:0x5000,,candidate_spans_and_remaining_bytes_are_not_proven_code_data_classification
8017B000-4943abd90d27be7dea7330b8a9fd39ad1126c8035efeded8c7a3f71972660104,20480,0,6196,14284,0x0:0x4;0x1838:0x5000,0x3004;0x4004,candidate_spans_and_remaining_bytes_are_not_proven_code_data_classification
8017B000-49535e4a972e40e1be592b3fd42545f01b9e446d1572928cf858e1edbee37198,20480,0,6816,13664,0x0:0x4;0x1AA4:0x5000,,candidate_spans_and_remaining_bytes_are_not_proven_code_data_classification
8017B000-49a0db8a2473148c436fbee3595babcdaec6a3b9557b3e32f1aee2d15b487171,20480,0,0,20480,0x0:0x5000,0x32A8,candidate_spans_and_remaining_bytes_are_not_proven_code_data_classification
8017B000-49c311baf04e9d0e034c6e1ea43b06d05b7e1c27c64c18c6896d8c78429cbc8d,20480,17732,0,2748,0x0:0x4;0x4548:0x5000,,candidate_spans_and_remaining_bytes_are_not_proven_code_data_classification
8017B000-49c8accf193b2f14ee000a38ddbf5bb5f16338b619fda6825c7c147534a53d5b,20480,0,15364,5116,0x0:0x4;0x3C08:0x5000,,candidate_spans_and_remaining_bytes_are_not_proven_code_data_classification
8017B000-49e89361b47d803750897d6d2039b80a830414e2d27a220a3a8c56d28480fc39,20480,0,0,20480,0x0:0x5000,0x3590,candidate_spans_and_remaining_bytes_are_not_proven_code_data_classification
8017B000-4a2170ac8dbc73a34f407942eaa0cad802617f8d319e1141d4a4875cbcddda44,20480,0,7752,12728,0x0:0x4;0x1E4C:0x5000,,candidate_spans_and_remaining_bytes_are_not_proven_code_data_classification
8017B000-4a277f48acfd3cf8e0a847987cd168b9db1eff5cf38668b10929dd63ef622b69,20480,16488,0,3992,0x0:0x4;0x406C:0x5000,,candidate_spans_and_remaining_bytes_are_not_proven_code_data_classification
8017B000-4a69276cff0fe3e60a92a5eb9c22d372ce2c77e62046f6dc6dad115a4022fcfa,20480,0,8020,12460,0x0:0x4;0x1F58:0x5000,,candidate_spans_and_remaining_bytes_are_not_proven_code_data_classification
8017B000-4aa34c9ae805739bae73f860fcffbede77da30c901b319933a93d2403bd96ef4,20480,0,7788,12692,0x0:0x4;0x1E70:0x5000,,candidate_spans_and_remaining_bytes_are_not_proven_code_data_classification
8017B000-4b25ed4a5733aeb9b3801d22d9a60366e21ef62785ee0934cc593365b5e910ad,20480,0,7240,13240,0x0:0x4;0x1C4C:0x5000,,candidate_spans_and_remaining_bytes_are_not_proven_code_data_classification
8017B000-4b441c7c45e9d608e24a7c4503145dc98bc25098c2c4f76bc9d8d52ccd66ea7e,20480,0,8188,12292,0x0:0x4;0x2000:0x5000,,candidate_spans_and_remaining_bytes_are_not_proven_code_data_classification
8017B000-4b839b0741e36f2720c64683aa4a18678a19884cacd611db686cf0617f5c4270,20480,0,6196,14284,0x0:0x4;0x1838:0x5000,0x2FB8,candidate_spans_and_remaining_bytes_are_not_proven_code_data_classification
8017B000-4b848ed565ae086337c2c8cdcb95dd9623201fa5154edbf73195c734d0ba828f,20480,0,7240,13240,0x0:0x4;0x1C4C:0x5000,,candidate_spans_and_remaining_bytes_are_not_proven_code_data_classification
8017B000-4bce7caa6d336bd0b15b8f70f73059559a566f384c8c989861402e2d67cafab7,20480,0,0,20480,0x0:0x5000,0x4BC8,candidate_spans_and_remaining_bytes_are_not_proven_code_data_classification
8017B000-4bd8675a737ce6563edc987c710d2676c811fabf633cdc75aa3906a47be0f46c,20480,0,10956,9524,0x0:0x4;0x2AD0:0x5000,,candidate_spans_and_remaining_bytes_are_not_proven_code_data_classification
8017B000-4bf76cae261a9f305d8a2910db0cbc09e97ccb913db18b5f8ed11dd9445f1100,20480,0,6488,13992,0x0:0x4;0x195C:0x5000,0x328C,candidate_spans_and_remaining_bytes_are_not_proven_code_data_classification
8017B000-4bfa0dae864a0b6e4db0d81c243031751ac931fcb9c18c64161fd73b1ad34063,20480,0,3092,17388,0x0:0x4;0xC18:0x5000,,candidate_spans_and_remaining_bytes_are_not_proven_code_data_classification
8017B000-4bff442c73d8242b6d7761f3e39d0721932936a60a239da8443cbe80571cd559,20480,0,5400,15080,0x0:0x4;0x151C:0x5000,,candidate_spans_and_remaining_bytes_are_not_proven_code_data_classification
8017B000-4c01ef5b5d78292c0a736cbd93f1990dd6d2ac73c6b5c4aceffe0179197eec7e,20480,14740,0,5740,0x0:0x4;0x3998:0x5000,,candidate_spans_and_remaining_bytes_are_not_proven_code_data_classification
8017B000-4c0fc1f1a8cf76e629ff92af0d882dddea356c0e3732fbe24170809c559ee872,20480,0,6488,13992,0x0:0x4;0x195C:0x5000,0x328C,candidate_spans_and_remaining_bytes_are_not_proven_code_data_classification
8017B000-4c2a80f15d2a05748688bdeb7effac51c93fdcae41a87c96625877709d1e6a40,20480,0,3316,17164,0x0:0x4;0xCF8:0x5000,0x161C,candidate_spans_and_remaining_bytes_are_not_proven_code_data_classification
8017B000-4c300c6bc446d93d8742fdcb72e50c1410948279192ddc6ca1ee3a12035a601a,20480,0,2904,17576,0x0:0x4;0xB5C:0x5000,,candidate_spans_and_remaining_bytes_are_not_proven_code_data_classification
8017B000-4c4424c041c8051d3b3260c81284aaa3a61fd160b04011e1fa34229abedcffa5,20480,0,7884,12596,0x0:0x4;0x1ED0:0x5000,,candidate_spans_and_remaining_bytes_are_not_proven_code_data_classification
8017B000-4c533b597fd40b32554902ffea107c74ba7fc179640bf36cf4247fee354acf8a,20480,0,7240,13240,0x0:0x4;0x1C4C:0x5000,,candidate_spans_and_remaining_bytes_are_not_proven_code_data_classification
8017B000-4c6dc80a5328a53a8034e7f3a3432037d588fe041448931712085afc66afc849,20480,0,5872,14608,0x0:0x4;0x16F4:0x5000,,candidate_spans_and_remaining_bytes_are_not_proven_code_data_classification
8017B000-4ca36aec8f1e35590875fc1a6de2d89f2ee12eb650ab09d543f079dbb8833a3b,20480,0,4840,15640,0x0:0x4;0x12EC:0x5000,,candidate_spans_and_remaining_bytes_are_not_proven_code_data_classification
8017B000-4ca90ae1620cda132bb9d6d34ccd4032518aee4ac83c174dcf1f64b14455741b,20480,0,0,20480,0x0:0x5000,0x2358,candidate_spans_and_remaining_bytes_are_not_proven_code_data_classification
8017B000-4cae3bcb00092c03967d18cdedbe4ea92e1277ecd20a7a299c8101c372e03387,20480,0,0,20480,0x0:0x5000,0x2F68,candidate_spans_and_remaining_bytes_are_not_proven_code_data_classification
8017B000-4cc59de138fd34ff02b3c24ea3b91f33f6b937639e1f7e8eedab211535ca8991,20480,0,3756,16724,0x0:0x4;0xEB0:0x5000,,candidate_spans_and_remaining_bytes_are_not_proven_code_data_classification
8017B000-4d1cf87b4ed0b94a577d91c2da971b8b6b74f6e73f8b2ba1710f1cf2648ccb35,20480,17732,0,2748,0x0:0x4;0x4548:0x5000,,candidate_spans_and_remaining_bytes_are_not_proven_code_data_classification
8017B000-4d1eb52bc77c57b633610657a724f9532c44ea8096455e1dce81aff115cde20a,20480,0,8968,11512,0x0:0x4;0x230C:0x5000,,candidate_spans_and_remaining_bytes_are_not_proven_code_data_classification
8017B000-4d6ae333e8f5aad4b696d67a4b46989b96f894f834fde2c07fd4b4eb9e911c30,20480,0,5524,14956,0x0:0x4;0x1598:0x5000,0x3004;0x4004,candidate_spans_and_remaining_bytes_are_not_proven_code_data_classification
8017B000-4d7ae226ba9f24efe0fda4bbd77e3d779f3b060940a8fd4cba6761a97d97548c,20480,0,6940,13540,0x0:0x4;0x1B20:0x5000,,candidate_spans_and_remaining_bytes_are_not_proven_code_data_classification
8017B000-4d8800abdaabcfd2c938aec95913b55fe893636807963853a1019cd3ec891f97,20480,0,6888,13592,0x0:0x4;0x1AEC:0x5000,,candidate_spans_and_remaining_bytes_are_not_proven_code_data_classification
8017B000-4daeb74d5c921bc2e66b2a44f63963a077a6dc3eb457a44e6a63d624a1e50bbf,20480,0,9208,11272,0x0:0x4;0x23FC:0x5000,,candidate_spans_and_remaining_bytes_are_not_proven_code_data_classification
8017B000-4db60e9d77783f8d7385b6da7115911d4c854f20ce1f38ffc86a1f16bc912f7d,20480,0,0,20480,0x0:0x5000,0x4ADC,candidate_spans_and_remaining_bytes_are_not_proven_code_data_classification
8017B000-4e0d3aed5e98a1ac68c05f7f4dc551044bab2236eaeb5a77ddbc4cb18db4e45f,20480,0,4440,16040,0x0:0x4;0x115C:0x5000,,candidate_spans_and_remaining_bytes_are_not_proven_code_data_classification
8017B000-4e8dcac124170f18227a1a414c527981493f5773617a6af8f841adbc6c475858,20480,0,2964,17516,0x0:0x4;0xB98:0x5000,0x1470,candidate_spans_and_remaining_bytes_are_not_proven_code_data_classification
8017B000-4ec954013961777c38ad21e66f96cd9dd29b518df45ebadf2a76b9ef9705779d,20480,0,3316,17164,0x0:0x4;0xCF8:0x5000,0x161C,candidate_spans_and_remaining_bytes_are_not_proven_code_data_classification
8017B000-4f1ffbc30af707edbe7e930098cfda90308e2b00438e1623e44e92da61548f9a,20480,0,2584,17896,0x0:0x4;0xA1C:0x5000,0x1284,candidate_spans_and_remaining_bytes_are_not_proven_code_data_classification
8017B000-4fa66168e74fccf0de778f566afcd164ead231ff7d7436ebde0238811c23bfe2,20480,0,0,20480,0x0:0x5000,0x2358,candidate_spans_and_remaining_bytes_are_not_proven_code_data_classification
8017B000-4fc41c1e3d6b3140648258467d19031587a920f4916e892c1b58a0a6b90b2177,20480,0,3144,17336,0x0:0x4;0xC4C:0x5000,,candidate_spans_and_remaining_bytes_are_not_proven_code_data_classification
8017B000-501dfca4df2213338983661ab2218ce598ff733c7cb116eb4a8e59ea468ef1ea,20480,0,6036,14444,0x0:0x4;0x1798:0x5000,,candidate_spans_and_remaining_bytes_are_not_proven_code_data_classification
8017B000-5044a26b8f3e8a2f402e8d75e5cb7e0bb9c54684f01166cbf21e4b0f9dec0108,20480,0,0,20480,0x0:0x5000,0x1348,candidate_spans_and_remaining_bytes_are_not_proven_code_data_classification
8017B000-50450f7cc8ff97c0302b493c1f344164163f14791d359037eae26c30b4b1de50,20480,0,8732,11748,0x0:0x4;0x2220:0x5000,,candidate_spans_and_remaining_bytes_are_not_proven_code_data_classification
8017B000-509dca5e7405c267c6ae979415c97b26ce3d0c899a7b39d0aaf323409b84a820,20480,0,5836,14644,0x0:0x4;0x16D0:0x5000,,candidate_spans_and_remaining_bytes_are_not_proven_code_data_classification
8017B000-50a22f0ba299dc215bbfbbfa1a2e067ed03ffa001cbfdb4dd22cc2c42f560008,20480,10440,0,10040,0x0:0x4;0x28CC:0x5000,,candidate_spans_and_remaining_bytes_are_not_proven_code_data_classification
8017B000-50bd0c2c6e1c803c5784877cbf9a88398dd89d7542f5564595a4b4e6888daa86,20480,0,6572,13908,0x0:0x4;0x19B0:0x5000,,candidate_spans_and_remaining_bytes_are_not_proven_code_data_classification
8017B000-50c592582e77d43bb2e3ab5b92eddfb6f3d54939a1f076c7891f8aee6a85d9eb,20480,0,7364,13116,0x0:0x4;0x1CC8:0x5000,,candidate_spans_and_remaining_bytes_are_not_proven_code_data_classification
8017B000-517a2c5843fa182db1145235d62b1c188350ff6685801f84f04be5c17e384a18,20480,0,16508,3972,0x0:0x4;0x4080:0x5000,,candidate_spans_and_remaining_bytes_are_not_proven_code_data_classification
8017B000-51886844345e30aa42c63f6708a1afb850d6d31b140ac1c4a6da8385502aefa1,20480,0,12216,8264,0x0:0x4;0x2FBC:0x5000,,candidate_spans_and_remaining_bytes_are_not_proven_code_data_classification
8017B000-51addc778e090b8b89473a9a9b582ddf0f0d06b042ee63fb05f3e3c9240f65e3,20480,0,0,20480,0x0:0x5000,0x19F0,candidate_spans_and_remaining_bytes_are_not_proven_code_data_classification
8017B000-51e8dd192de454fdfdf1efa356e2e4ca1ecec55a435b678692103fe04b01916a,20480,0,5416,15064,0x0:0x4;0x152C:0x5000,,candidate_spans_and_remaining_bytes_are_not_proven_code_data_classification
8017B000-51f27e30da59b276ad6cac866f781a237802321f8a9014d43bba2310c7c64f7c,20480,0,8008,12472,0x0:0x4;0x1F4C:0x5000,,candidate_spans_and_remaining_bytes_are_not_proven_code_data_classification
8017B000-5206aac2a3779d11eefae6ef16287ebdfd5cf17685c0f61485bbbd8fd00a7bc4,20480,0,9164,11316,0x0:0x4;0x23D0:0x5000,0x4718,candidate_spans_and_remaining_bytes_are_not_proven_code_data_classification
8017B000-521483b87097907cccdb380c693d9623c7128a6fb2a541ff8628b994f616dd45,20480,10520,0,9960,0x0:0x4;0x291C:0x5000,0x2C7C;0x2FE8,candidate_spans_and_remaining_bytes_are_not_proven_code_data_classification
8017B000-52a4aae75f2780885ffecbd42086945cb8e4d0fb213b34c4fa67c4c91cdd11e1,20480,0,6196,14284,0x0:0x4;0x1838:0x5000,,candidate_spans_and_remaining_bytes_are_not_proven_code_data_classification
8017B000-532fd874afb071b5df87c2c3691d2e564f99d199d946ca8880a46f986a037a34,20480,0,6204,14276,0x0:0x4;0x1840:0x5000,0x2914,candidate_spans_and_remaining_bytes_are_not_proven_code_data_classification
8017B000-53725ce529416f9f7b52b18cbcde97fee009014b6ba946a4638a51639f621cdb,20480,0,2584,17896,0x0:0x4;0xA1C:0x5000,0x1284,candidate_spans_and_remaining_bytes_are_not_proven_code_data_classification
8017B000-53757fdf9241ce8caec0fcfc75d27206d3b5269469fa568f6f0453356d657275,20480,10440,0,10040,0x0:0x4;0x28CC:0x5000,,candidate_spans_and_remaining_bytes_are_not_proven_code_data_classification
8017B000-537ec7411f4b046e7fdc6005be1f4bd55fa63c7574a3df0e133a9469ae4b7a6b,20480,0,9140,11340,0x0:0x4;0x23B8:0x5000,,candidate_spans_and_remaining_bytes_are_not_proven_code_data_classification
8017B000-53ea610f3554d3f037e973798ac108e70e8d8e24675ae381509fa9ab540d9425,20480,0,14620,5860,0x0:0x4;0x3920:0x5000,,candidate_spans_and_remaining_bytes_are_not_proven_code_data_classification
8017B000-53ee07e8edce4fb1b1f2a72f313615b6edb1685b22d1b5c896b56ee90a8ac79b,20480,0,5700,14780,0x0:0x4;0x1648:0x5000,,candidate_spans_and_remaining_bytes_are_not_proven_code_data_classification
8017B000-53f4b120c21495bbc61ed661642e880d9dbda9a911d80cd01ecb29e8b90d2d35,20480,12212,0,8268,0x0:0x4;0x2FB8:0x5000,,candidate_spans_and_remaining_bytes_are_not_proven_code_data_classification
8017B000-548a843c8ad557f637bba995e1e7494761bf5cd4f64d48d5d5b41b6691b20e3b,20480,0,8412,12068,0x0:0x4;0x20E0:0x5000,,candidate_spans_and_remaining_bytes_are_not_proven_code_data_classification
8017B000-54f539e0cae6829cb9771c56f7adaa6ccf5b2a2481e960fc12c0d6a1e405abf0,20480,2584,0,17896,0x0:0x4;0xA1C:0x5000,0x135C,candidate_spans_and_remaining_bytes_are_not_proven_code_data_classification
8017B000-54f5e8ff124a467f6c6a50e40cec8719bae36bd8f6fa7ff41253dc1deb31684c,20480,0,0,20480,0x0:0x5000,0x2358,candidate_spans_and_remaining_bytes_are_not_proven_code_data_classification
8017B000-5518a3e14a7c22ce41aba0270481891d804ac2e23f459877a720ce919d3feac2,20480,0,6816,13664,0x0:0x4;0x1AA4:0x5000,,candidate_spans_and_remaining_bytes_are_not_proven_code_data_classification
8017B000-5590bbf95082027420272f5f766d8dff94b2e71d3af7d129b3b4949b2c0b858a,20480,0,5524,14956,0x0:0x4;0x1598:0x5000,0x2498,candidate_spans_and_remaining_bytes_are_not_proven_code_data_classification
8017B000-55bd5e02dba41a73cef11495e9f60ec2e550451561b484192b2963facb740ded,20480,0,0,20480,0x0:0x5000,0x3590,candidate_spans_and_remaining_bytes_are_not_proven_code_data_classification
8017B000-560a05a45f0bbfe50a8888d28e22a338de10025533d982c3b1c2b2455c0cb51b,20480,0,8188,12292,0x0:0x4;0x2000:0x5000,,candidate_spans_and_remaining_bytes_are_not_proven_code_data_classification
8017B000-5610df26fa3a27f9aa8cf87117e6c1dfdd82ca51b163798c3f229577c5eb5e46,20480,0,4952,15528,0x0:0x4;0x135C:0x5000,,candidate_spans_and_remaining_bytes_are_not_proven_code_data_classification
8017B000-5688fcbba896d6ea3cd1d1aa99cc1fb3342c3b5ea4c79b256b8797555e5fdaad,20480,2384,0,18096,0x0:0x4;0x954:0x5000,0xE2C;0x1004;0x2004,candidate_spans_and_remaining_bytes_are_not_proven_code_data_classification
8017B000-5695aae40035c5576ba42346a77ebfb4adfbf0efc54751bd5ded8944572af825,20480,0,8792,11688,0x0:0x4;0x225C:0x5000,,candidate_spans_and_remaining_bytes_are_not_proven_code_data_classification
8017B000-56e578ad9deb8df6095def8b421421667bc8ba66dd8397e80584f202ccfed284,20480,0,6708,13772,0x0:0x4;0x1A38:0x5000,,candidate_spans_and_remaining_bytes_are_not_proven_code_data_classification
8017B000-56f7ab00f2b379bab3ba3fd40167f877eb07e7a5066084af22a6345c16f448c4,20480,16488,0,3992,0x0:0x4;0x406C:0x5000,0x4BF4,candidate_spans_and_remaining_bytes_are_not_proven_code_data_classification
8017B000-57315622a0b23719bc36937930cb023106274112fa6aa6321d70d1b285e7c89d,20480,0,5560,14920,0x0:0x4;0x15BC:0x5000,0x239C,candidate_spans_and_remaining_bytes_are_not_proven_code_data_classification
8017B000-57801e7624345c0e99d774ecb2a8ecea028e9e0aae3cd2cd32b9274e37423343,20480,0,9164,11316,0x0:0x4;0x23D0:0x5000,0x4718,candidate_spans_and_remaining_bytes_are_not_proven_code_data_classification
8017B000-57bc6645579b1ea50d9cb4505e75be63feb246b62e07b1bbb780583a74925524,20480,0,5004,15476,0x0:0x4;0x1390:0x5000,,candidate_spans_and_remaining_bytes_are_not_proven_code_data_classification
8017B000-58103eff93e53b77ae776ead25baa51c8c1e5537069d621b2d36198919e36369,20480,0,0,20480,0x0:0x5000,0x32A8,candidate_spans_and_remaining_bytes_are_not_proven_code_data_classification
8017B000-584a00497fd3792040ffc63fa5e499a9de90733582423855cb32d93bc1927ed3,20480,9992,0,10488,0x0:0x4;0x270C:0x5000,,candidate_spans_and_remaining_bytes_are_not_proven_code_data_classification
8017B000-58532fd3a5c360ec3989e865f20a629ddc174d00b1dc354e3e9938e909f16fb3,20480,0,6196,14284,0x0:0x4;0x1838:0x5000,,candidate_spans_and_remaining_bytes_are_not_proven_code_data_classification
8017B000-5867ef4746657eccc421410e925879657b723fddb6b2f2976ff8c6308e868ad4,20480,0,9260,11220,0x0:0x4;0x2430:0x5000,,candidate_spans_and_remaining_bytes_are_not_proven_code_data_classification
8017B000-586929b4c4f7663d794d23d3e9e41b95e6979f4da632529133c544f7c940490a,20480,0,7148,13332,0x0:0x4;0x1BF0:0x5000,0x32D8,candidate_spans_and_remaining_bytes_are_not_proven_code_data_classification
8017B000-58f087c5b68edd082ee0ea347b55ecb7fff6eccee39c4c408d6a1a46affdbe63,20480,0,5944,14536,0x0:0x4;0x173C:0x5000,,candidate_spans_and_remaining_bytes_are_not_proven_code_data_classification
8017B000-590e65503ddd8e63e5282a95947887322f732f74c1349aa3ed98c2741997c908,20480,0,8412,12068,0x0:0x4;0x20E0:0x5000,,candidate_spans_and_remaining_bytes_are_not_proven_code_data_classification
8017B000-591b1e80c061345cf95f46d7ed965e0b47e4f030c7d8178b01c38b9cd7e68b6a,20480,0,15528,4952,0x0:0x4;0x3CAC:0x5000,0x4078,candidate_spans_and_remaining_bytes_are_not_proven_code_data_classification
8017B000-591b7a4f430ee45bf9706d5dd1baa44cd0644362c56dfc1f89e18d442c4c0865,20480,11688,0,8792,0x0:0x4;0x2DAC:0x5000,,candidate_spans_and_remaining_bytes_are_not_proven_code_data_classification
8017B000-592dc11a9d4e34783bacc7749df25eefcfb1cb4c438b318d63e0fc7fb117f45c,20480,12212,0,8268,0x0:0x4;0x2FB8:0x5000,,candidate_spans_and_remaining_bytes_are_not_proven_code_data_classification
8017B000-598e524fb00a6cf956e45cc8b996d3d934c9c1d46d2f889626807aa61acb5344,20480,0,10052,10428,0x0:0x4;0x2748:0x5000,,candidate_spans_and_remaining_bytes_are_not_proven_code_data_classification
8017B000-59b13995b29e83205366a40c0ada06948c81e9f9989067be146f73f333d8160c,20480,0,4924,15556,0x0:0x4;0x1340:0x5000,,candidate_spans_and_remaining_bytes_are_not_proven_code_data_classification
8017B000-59b3cdd1671f5ef6658e48a4c35d2f75d808335aeac3a9529d2d435da2be8e90,20480,0,5860,14620,0x0:0x4;0x16E8:0x5000,,candidate_spans_and_remaining_bytes_are_not_proven_code_data_classification
8017B000-5a7d76cde4500cd18d5789b642547bb667fb7e50016721ec6c2a210780db07c7,20480,0,6708,13772,0x0:0x4;0x1A38:0x5000,,candidate_spans_and_remaining_bytes_are_not_proven_code_data_classification
8017B000-5a8e956327e084310d9a1164f0fe31b23f337b7779e2a56f34b6907923cfe5f5,20480,0,4656,15824,0x0:0x4;0x1234:0x5000,0x1C1C,candidate_spans_and_remaining_bytes_are_not_proven_code_data_classification
8017B000-5ab6a234280c641f7b558e096dd2a335d96dc9dca2d9a410ab50b44ae9fa52af,20480,14520,0,5960,0x0:0x4;0x38BC:0x5000,,candidate_spans_and_remaining_bytes_are_not_proven_code_data_classification
8017B000-5acc3c40fb16f96026fe5d72f11adf57e79512d0be116defa12d0e8d1ccc6dae,20480,0,5188,15292,0x0:0x4;0x1448:0x5000,,candidate_spans_and_remaining_bytes_are_not_proven_code_data_classification
8017B000-5b16b9bce5060bb62ce9b1fa3597ec3f283639a8dfdd84e413fe42a779cd2bbb,20480,0,7524,12956,0x0:0x4;0x1D68:0x5000,0x2204,candidate_spans_and_remaining_bytes_are_not_proven_code_data_classification
8017B000-5b2c4cb0c1cd44a4f20585d98b989a6e974b3feb6d260588c4c41baedda7ffb7,20480,0,9132,11348,0x0:0x4;0x23B0:0x5000,,candidate_spans_and_remaining_bytes_are_not_proven_code_data_classification
8017B000-5b412249ba2f1962fbd059b41ef4502e43105f33e27f47b1ddcf380eb6b72f4c,20480,0,6708,13772,0x0:0x4;0x1A38:0x5000,,candidate_spans_and_remaining_bytes_are_not_proven_code_data_classification
8017B000-5b983649da83b60eb7ecfe8714c2d498a461ea70b288e7aec365a6f53d568684,20480,0,0,20480,0x0:0x5000,0x2358,candidate_spans_and_remaining_bytes_are_not_proven_code_data_classification
8017B000-5c210506a7aea8e37f79e3ce70f3738b011df98d10182fde70e28de73424e650,20480,0,0,20480,0x0:0x5000,0x44A4,candidate_spans_and_remaining_bytes_are_not_proven_code_data_classification
8017B000-5c57f637b21a637c274d019e6b9056c4c238a0e40ce726ccb161c1e25e1873b7,20480,0,12076,8404,0x0:0x4;0x2F30:0x5000,,candidate_spans_and_remaining_bytes_are_not_proven_code_data_classification
8017B000-5c6bf1eabdc6b543b40f2ef2fd308a98908569a7d99d10eb4c1af0b378889ad9,20480,0,7752,12728,0x0:0x4;0x1E4C:0x5000,,candidate_spans_and_remaining_bytes_are_not_proven_code_data_classification
8017B000-5c9d5ce22b8385712873c77a85cc0ac12175defb271afa7f3ddf3a50e58966cb,20480,17452,0,3028,0x0:0x4;0x4430:0x5000,,candidate_spans_and_remaining_bytes_are_not_proven_code_data_classification
8017B000-5ca6421385afed23e253cf2bad052184ae8ab074f6dc53666494385c6d09b6fd,20480,0,6708,13772,0x0:0x4;0x1A38:0x5000,,candidate_spans_and_remaining_bytes_are_not_proven_code_data_classification
8017B000-5cb639fd8cd8b3d350b33cf5ff6bd274977ae05197ba4dfc2ef51db5882746df,20480,0,13412,7068,0x0:0x4;0x3468:0x5000,,candidate_spans_and_remaining_bytes_are_not_proven_code_data_classification
8017B000-5cd5c45423713971ddf1572a34e750e679532c278417056658b189a77a079bfb,20480,0,6196,14284,0x0:0x4;0x1838:0x5000,0x2FB8,candidate_spans_and_remaining_bytes_are_not_proven_code_data_classification
8017B000-5cd925b90e3afb997c422cc30a4e940924f600c0aca0824583ca3c7f08304c16,20480,0,3136,17344,0x0:0x4;0xC44:0x5000,0x1338;0x1850;0x1CA4,candidate_spans_and_remaining_bytes_are_not_proven_code_data_classification
8017B000-5d60ac873af92b470d9d21522810872d59d9045378c3ddb0ade4a627920742c0,20480,0,6524,13956,0x0:0x4;0x1980:0x5000,0x3844,candidate_spans_and_remaining_bytes_are_not_proven_code_data_classification
8017B000-5d91df7865ab19b5d74dcbd91359bdfb7009172a1741130b6fe939726ba49c92,20480,0,7364,13116,0x0:0x4;0x1CC8:0x5000,,candidate_spans_and_remaining_bytes_are_not_proven_code_data_classification
8017B000-5e0024532da2f33da32f56e2f7dba34803fc38d2e89646d7bace07e8061d7b26,20480,0,0,20480,0x0:0x5000,0x2358,candidate_spans_and_remaining_bytes_are_not_proven_code_data_classification
8017B000-5e2a9b540f97521f9e6c9d085103ffc2efc5b5648416712d4c99556f5e58b93a,20480,0,4232,16248,0x0:0x4;0x108C:0x5000,,candidate_spans_and_remaining_bytes_are_not_proven_code_data_classification
8017B000-5e41302bd75a11f41deb792bfc1d1393063d5447972fa8e9332a0423af11b403,20480,0,4924,15556,0x0:0x4;0x1340:0x5000,,candidate_spans_and_remaining_bytes_are_not_proven_code_data_classification
8017B000-5e488a7928500b332c5f003912fe8dbafcb0398d875bf5da7687db16c2daf44e,20480,0,5372,15108,0x0:0x4;0x1500:0x5000,,candidate_spans_and_remaining_bytes_are_not_proven_code_data_classification
8017B000-5e6aeeff92fd2393aa7c69831164dfb7963b50f81e6497d80fe8f5b03897f338,20480,0,6420,14060,0x0:0x4;0x1918:0x5000,,candidate_spans_and_remaining_bytes_are_not_proven_code_data_classification
8017B000-5e707f81bf66e04296764ec799409aedfbc737f5ddac92fa9b29933dcf56fe28,20480,0,15292,5188,0x0:0x4;0x3BC0:0x5000,,candidate_spans_and_remaining_bytes_are_not_proven_code_data_classification
8017B000-5e82c6731fd7e83e103c95a804b0100966a0d04200a115886d34659f7950fe29,20480,0,3552,16928,0x0:0x4;0xDE4:0x5000,,candidate_spans_and_remaining_bytes_are_not_proven_code_data_classification
8017B000-5e9b83b8f0714ed3f2d6375839793d82f14d8485b3db4aa87bffd3f3d8bc3733,20480,0,6708,13772,0x0:0x4;0x1A38:0x5000,,candidate_spans_and_remaining_bytes_are_not_proven_code_data_classification
8017B000-5ebc87366d9bdf3d2eb6fc5739b413fbdb5e881fcd09cef4eb5fe85df16295bf,20480,0,0,20480,0x0:0x5000,0x19F0,candidate_spans_and_remaining_bytes_are_not_proven_code_data_classification
8017B000-5ed7eb34f6f4a0de7dfe877dc92d109f25b4897004309f989bbccc7e62edfcfc,20480,0,4160,16320,0x0:0x4;0x1044:0x5000,,candidate_spans_and_remaining_bytes_are_not_proven_code_data_classification
8017B000-5ef1777e12a8906b6ff5fa5953500bafaa77b11a5902539e77e49f149e880969,20480,11604,0,8876,0x0:0x4;0x2D58:0x5000,,candidate_spans_and_remaining_bytes_are_not_proven_code_data_classification
8017B000-5f0ca1a476f135e95e15046bcae24108f6c478958344f1e147f487ce5952d30d,20480,0,0,20480,0x0:0x5000,0xE40,candidate_spans_and_remaining_bytes_are_not_proven_code_data_classification
8017B000-5f3e5b6fa321301e7b2b56e81e5d6e99e8fbc596284602739e5063fb653524f5,20480,0,4924,15556,0x0:0x4;0x1340:0x5000,,candidate_spans_and_remaining_bytes_are_not_proven_code_data_classification
8017B000-5f52f698a878972f29f441be43a4f82b2be9c6572b07ba0cae5bcf6e9f487b2e,20480,0,6488,13992,0x0:0x4;0x195C:0x5000,0x328C,candidate_spans_and_remaining_bytes_are_not_proven_code_data_classification
8017B000-5f818474143faf703d973fe20a13ee94fa44862e13719af80455df8d4d6fe07b,20480,0,9260,11220,0x0:0x4;0x2430:0x5000,,candidate_spans_and_remaining_bytes_are_not_proven_code_data_classification
8017B000-5fe4119873d70e9d3f94fd7520384dd266bb7d179bafc34c524d67488d7bf828,20480,0,7292,13188,0x0:0x4;0x1C80:0x5000,0x3D8C,candidate_spans_and_remaining_bytes_are_not_proven_code_data_classification
8017B000-5ff3cce67753774251087bce6d1e7976a4104cd35b4d2a61a2f8150ebe7519d9,20480,0,9164,11316,0x0:0x4;0x23D0:0x5000,,candidate_spans_and_remaining_bytes_are_not_proven_code_data_classification
8017B000-5ffb80633e40cd59b2b669bcb47eb053e329505502606ba259e328d874fdcea2,20480,0,6708,13772,0x0:0x4;0x1A38:0x5000,,candidate_spans_and_remaining_bytes_are_not_proven_code_data_classification
8017B000-601ed50b85d8b7f546610d880a621d0c279aa64c0e434e8c162d42cc90175600,20480,0,14620,5860,0x0:0x4;0x3920:0x5000,,candidate_spans_and_remaining_bytes_are_not_proven_code_data_classification
8017B000-6063968c061e31399feac405e3ef83ffc0bb08168a946bcb104a17b5ba610a66,20480,0,0,20480,0x0:0x5000,0x19F0,candidate_spans_and_remaining_bytes_are_not_proven_code_data_classification
8017B000-60c0a41d11f923f7076ca1e51dd9bf68cc49bc17054d6d92d61af30856736278,20480,0,0,20480,0x0:0x5000,0x19F0,candidate_spans_and_remaining_bytes_are_not_proven_code_data_classification
8017B000-613676bf23497f74a7d83bc1a9d23ef5ce9c180395cc840687521ceb6d9152a6,20480,0,6420,14060,0x0:0x4;0x1918:0x5000,,candidate_spans_and_remaining_bytes_are_not_proven_code_data_classification
8017B000-61a3421686f9bc9949bb8f8949d67a9752489399e4caceb843c97c08e03fb1e9,20480,0,15612,4868,0x0:0x4;0x3D00:0x5000,,candidate_spans_and_remaining_bytes_are_not_proven_code_data_classification
8017B000-61a83e0513c0cfce6b1ff969f2f9e480c5e16ff0e0166d841d3a36313dcf8068,20480,0,0,20480,0x0:0x5000,0x2358,candidate_spans_and_remaining_bytes_are_not_proven_code_data_classification
8017B000-61b12d73ecfcbaf09c129dd814b5c137fd889ce1b0369251a12cc001e985b3e8,20480,0,7748,12732,0x0:0x4;0x1E48:0x5000,0x21D8,candidate_spans_and_remaining_bytes_are_not_proven_code_data_classification
8017B000-6251de6b1813e8416ba29817a14efe65c0f3fce1fb4d01f4bcf2c9ad3558dd38,20480,0,8412,12068,0x0:0x4;0x20E0:0x5000,,candidate_spans_and_remaining_bytes_are_not_proven_code_data_classification
8017B000-62841007c1b6590112c64fd8bad1424ed5186e7969414bf8e8ff8730dba2d0d7,20480,0,9580,10900,0x0:0x4;0x2570:0x5000,,candidate_spans_and_remaining_bytes_are_not_proven_code_data_classification
8017B000-62d4a3afc5235bdaf2c7f975994cd994bb1c3eacf82dd78c19aadc7b4265a425,20480,8024,0,12456,0x0:0x4;0x1F5C:0x5000,0x3874,candidate_spans_and_remaining_bytes_are_not_proven_code_data_classification
8017B000-632cc7e2f87c9c82a2e0ad15864ad2893396d31971807dd206099dcdd9ae1b25,20480,0,3440,17040,0x0:0x4;0xD74:0x5000,0x11B0,candidate_spans_and_remaining_bytes_are_not_proven_code_data_classification
8017B000-635a5041049760e6634ec845670d777debe910c12c6a707b7bcf9999b078d988,20480,0,0,20480,0x0:0x5000,0x2F68,candidate_spans_and_remaining_bytes_are_not_proven_code_data_classification
8017B000-63957d362a1c53cc7cdf7f0a0f931783dd30b8e27ae6cfa79ce661ed7d68e5bd,20480,0,10312,10168,0x0:0x4;0x284C:0x5000,,candidate_spans_and_remaining_bytes_are_not_proven_code_data_classification
8017B000-63bb19308f6d055f9dbbf0bcfc87abfa4df0c7598a4304153a8c2c1706b8b5a8,20480,0,4952,15528,0x0:0x4;0x135C:0x5000,0x2004,candidate_spans_and_remaining_bytes_are_not_proven_code_data_classification
8017B000-63f01e943f00ec000feaaa55cfaa3f25db19691349ea3cb88b06d58f337214f2,20480,0,15292,5188,0x0:0x4;0x3BC0:0x5000,,candidate_spans_and_remaining_bytes_are_not_proven_code_data_classification
8017B000-63f4acdac3bddc7f57baee3b18790cffed6485f4a984a96a2acb2b96d59c59bc,20480,6320,0,14160,0x0:0x4;0x18B4:0x5000,,candidate_spans_and_remaining_bytes_are_not_proven_code_data_classification
8017B000-641a36afe79c153ae78d6fd875b2df49a1769202807012fd98cdb4c5df6d65b9,20480,0,6196,14284,0x0:0x4;0x1838:0x5000,,candidate_spans_and_remaining_bytes_are_not_proven_code_data_classification
8017B000-646c64af2ae74dff4122e9e8f100f0ce6ba8f90660c9a71426d0afb1f685e395,20480,0,0,20480,0x0:0x5000,0x2F68,candidate_spans_and_remaining_bytes_are_not_proven_code_data_classification
8017B000-650da48789dd8268a97739d02118398060079aae7067cd90fdc50ae47e237779,20480,18532,0,1948,0x0:0x4;0x4868:0x5000,0x4CAC,candidate_spans_and_remaining_bytes_are_not_proven_code_data_classification
8017B000-6571273f6dcffb4cf83fbd9365167b6312681b1d5eeaa960590b6764ac46db37,20480,0,6036,14444,0x0:0x4;0x1798:0x5000,,candidate_spans_and_remaining_bytes_are_not_proven_code_data_classification
8017B000-661f43cb30d3cc45ad87d079a7e0a3488a2dd011b75055ef4a92de7353d0f059,20480,0,0,20480,0x0:0x5000,0xE40;0x1204,candidate_spans_and_remaining_bytes_are_not_proven_code_data_classification
8017B000-6645cda4bf17658e74329092f016ef29b8052714e0ed8aba06fed1737bd0c5a1,20480,0,9924,10556,0x0:0x4;0x26C8:0x5000,0x2DFC,candidate_spans_and_remaining_bytes_are_not_proven_code_data_classification
8017B000-66aeab28a60b38bc4360230d4d97ca0f96a731621a6be39aaedddee33d3a4dc9,20480,18256,0,2224,0x0:0x4;0x4754:0x5000,,candidate_spans_and_remaining_bytes_are_not_proven_code_data_classification
8017B000-66bef6d6e1e515ec0824607198951501ef1fd1a5a2f6c39e61c16716d39dee29,20480,0,11184,9296,0x0:0x4;0x2BB4:0x5000,,candidate_spans_and_remaining_bytes_are_not_proven_code_data_classification
8017B000-66d0132ae6034ecb638c6c701421332aac5ea44511f4c5f61d4149e19ffa523f,20480,0,0,20480,0x0:0x5000,0x32A8,candidate_spans_and_remaining_bytes_are_not_proven_code_data_classification
8017B000-670489bbca58ea0cd33ce2ff9e736f08b703aaf0e3fd7d15c83fe2cec5f5ee08,20480,0,4824,15656,0x0:0x4;0x12DC:0x5000,,candidate_spans_and_remaining_bytes_are_not_proven_code_data_classification
8017B000-670a306fc0e890937a209c363ef44237379b5d8baaf1a18321611b367e086dfd,20480,0,6700,13780,0x0:0x4;0x1A30:0x5000,0x2004,candidate_spans_and_remaining_bytes_are_not_proven_code_data_classification
8017B000-675f751b34990318d89a1e6cb66da586d5655e6e21696bf0b1bc1c5ec37821f3,20480,0,10332,10148,0x0:0x4;0x2860:0x5000,,candidate_spans_and_remaining_bytes_are_not_proven_code_data_classification
8017B000-67689fdd6755812be78eca3b30f85f95e79f0650b38ccaab69b3fbe3d8ba90a9,20480,0,6700,13780,0x0:0x4;0x1A30:0x5000,,candidate_spans_and_remaining_bytes_are_not_proven_code_data_classification
8017B000-6773d536ed9f6c62822fb0fe66aa8930947c91cac4c1416b945e10ce1754fa6a,20480,14596,0,5884,0x0:0x4;0x3908:0x5000,0x3DB8;0x4210;0x4BA0,candidate_spans_and_remaining_bytes_are_not_proven_code_data_classification
8017B000-67826dc025b07f8d74f8ba8d7b7b2e093341fd217e71d89dc1148f4e9cb14316,20480,17308,0,3172,0x0:0x4;0x43A0:0x5000,,candidate_spans_and_remaining_bytes_are_not_proven_code_data_classification
8017B000-67bd5a2bf027e56ab74e2af33f43fdb8f32bc9f7ce28924c19f60a6ab86a709e,20480,0,6488,13992,0x0:0x4;0x195C:0x5000,0x328C,candidate_spans_and_remaining_bytes_are_not_proven_code_data_classification
8017B000-67df4fc808ab95f75e2f25933c5803b6864617bd6897f5e3a5f37e3648b4712c,20480,0,9132,11348,0x0:0x4;0x23B0:0x5000,,candidate_spans_and_remaining_bytes_are_not_proven_code_data_classification
8017B000-67f84bea6c938ba9a78a984a19be5fb215a2eb22dab837cf371c50300dcedb2a,20480,0,10312,10168,0x0:0x4;0x284C:0x5000,,candidate_spans_and_remaining_bytes_are_not_proven_code_data_classification
8017B000-686188b94528c23284a8787c0b28bd4490297ce8d816679f782249b6db61517c,20480,0,3296,17184,0x0:0x4;0xCE4:0x5000,0x1260;0x19AC;0x1E94;0x2408;0x271C;0x2A9C;0x2E04,candidate_spans_and_remaining_bytes_are_not_proven_code_data_classification
8017B000-68c430afa4d85030948ad5c31ef5605a06255398c10b57df1fbe2ed36557cbd2,20480,0,6364,14116,0x0:0x4;0x18E0:0x5000,0x2EC0,candidate_spans_and_remaining_bytes_are_not_proven_code_data_classification
8017B000-6906dbf59c29ba536e5e2723d0c0800155392bd49f0f18c0f0258b70e15d553e,20480,0,0,20480,0x0:0x5000,0x3590,candidate_spans_and_remaining_bytes_are_not_proven_code_data_classification
8017B000-690aa337e23f23b361d6c1d82e146559ccab69bf7d0a96181500f5b77df05ab0,20480,0,3316,17164,0x0:0x4;0xCF8:0x5000,0x14AC,candidate_spans_and_remaining_bytes_are_not_proven_code_data_classification
8017B000-6937f84577fa2200924c011474e25c768d20d7ae92544d2046892de11709c5e0,20480,0,0,20480,0x0:0x5000,0x3CD8,candidate_spans_and_remaining_bytes_are_not_proven_code_data_classification
8017B000-69408dc342fab53ccf4a4b7818ee198cff42592c1adea96e2ac621ee62969ddd,20480,0,0,20480,0x0:0x5000,0x32A8,candidate_spans_and_remaining_bytes_are_not_proven_code_data_classification
8017B000-697c65a86a0910f9ef00d57f36d5ae4e2f13bd8e6845e5732d25066e5a2968c8,20480,0,7524,12956,0x0:0x4;0x1D68:0x5000,0x2C5C,candidate_spans_and_remaining_bytes_are_not_proven_code_data_classification
8017B000-6980aa0b6f68c84b8f8cc2df6e00be6bc15bcf64363a1052efc1bb4ca0f6e379,20480,0,0,20480,0x0:0x5000,0x2358,candidate_spans_and_remaining_bytes_are_not_proven_code_data_classification
8017B000-6a19918f2d60c972b8f01a50e7bee988369466743f1f756dd8f4b59d198e754f,20480,0,0,20480,0x0:0x5000,0x2358,candidate_spans_and_remaining_bytes_are_not_proven_code_data_classification
8017B000-6a1eb3c07d3f3d5da9729c02b29529f879a43582c7683dd6aaf4760416b0171a,20480,0,9668,10812,0x0:0x4;0x25C8:0x5000,0x3790,candidate_spans_and_remaining_bytes_are_not_proven_code_data_classification
8017B000-6a56512079d27bb676966e440d980cbb5aef4c077c85e1946475c92881b7911c,20480,0,0,20480,0x0:0x5000,0x19F0,candidate_spans_and_remaining_bytes_are_not_proven_code_data_classification
8017B000-6a5e246817d58bcab3c5a7be98396426cf52e198d9f3625868560b2aaa4a5886,20480,0,6572,13908,0x0:0x4;0x19B0:0x5000,0x2DCC,candidate_spans_and_remaining_bytes_are_not_proven_code_data_classification
8017B000-6a5f692358322a90067e39a9ecc44044f10a5a9a9f25ae94b133a95d273e2603,20480,9992,0,10488,0x0:0x4;0x270C:0x5000,,candidate_spans_and_remaining_bytes_are_not_proven_code_data_classification
8017B000-6b023cebb0aaadb50baabcecfb1e054df864df99e25639ed512f66a4a416f582,20480,0,0,20480,0x0:0x5000,0x4ADC,candidate_spans_and_remaining_bytes_are_not_proven_code_data_classification
8017B000-6b2945e321ac7ddc8fb1867ca8d033132fdb8e8fe44520b9a0458cd34d65ff04,20480,10440,0,10040,0x0:0x4;0x28CC:0x5000,,candidate_spans_and_remaining_bytes_are_not_proven_code_data_classification
8017B000-6bae60a80b3b4cb330e656bb99d0127503e00c2c5602f79063daddca4485bf58,20480,0,4504,15976,0x0:0x4;0x119C:0x5000,,candidate_spans_and_remaining_bytes_are_not_proven_code_data_classification
8017B000-6bf2f3a9107ad5014e073d75cef936fd668b141c264f94fd24a44cc7c7ad50a9,20480,0,10040,10440,0x0:0x4;0x273C:0x5000,,candidate_spans_and_remaining_bytes_are_not_proven_code_data_classification
8017B000-6bfc938f98406135562b06d268e8a256794aba63af45195e3a0d7e3792c9af39,20480,0,13600,6880,0x0:0x4;0x3524:0x5000,,candidate_spans_and_remaining_bytes_are_not_proven_code_data_classification
8017B000-6c21008b2e6671d49313c4cffe00b8cbc5c9cafc1765bc17e6d57fd20d443e64,20480,0,13596,6884,0x0:0x4;0x3520:0x5000,,candidate_spans_and_remaining_bytes_are_not_proven_code_data_classification
8017B000-6cb27cfed9f8bfe4881e294ffd6ef6c59ac90ef91d227116bf0be34fc887c873,20480,0,6196,14284,0x0:0x4;0x1838:0x5000,0x2FB8,candidate_spans_and_remaining_bytes_are_not_proven_code_data_classification
8017B000-6ce58848c3399015934a4f21c291f066f28ec386ade8e8b1fb63c102b5aaa482,20480,0,6708,13772,0x0:0x4;0x1A38:0x5000,,candidate_spans_and_remaining_bytes_are_not_proven_code_data_classification
8017B000-6d0da17730de58ee6f62eed8070585ebf9cf42d736cd0beac42adda82ea7e0d5,20480,14740,0,5740,0x0:0x4;0x3998:0x5000,,candidate_spans_and_remaining_bytes_are_not_proven_code_data_classification
8017B000-6d133245b42ae218322aca061fb5d169ae9dd9b6de8f5c30e38a6156ab6becc0,20480,0,4160,16320,0x0:0x4;0x1044:0x5000,0x1DFC,candidate_spans_and_remaining_bytes_are_not_proven_code_data_classification
8017B000-6da2d6af528b576b520c0729fda7a916e9b561ee4ed313193e630225481e212a,20480,11404,0,9076,0x0:0x4;0x2C90:0x5000,,candidate_spans_and_remaining_bytes_are_not_proven_code_data_classification
8017B000-6dc2ca9a405f5637b241234200ea10e594e78628e73ef0eb00e0d3c4333ed078,20480,0,7752,12728,0x0:0x4;0x1E4C:0x5000,0x22A4;0x28D8;0x2FE4;0x32F8;0x3678;0x39E0,candidate_spans_and_remaining_bytes_are_not_proven_code_data_classification
8017B000-6e1a2dbbdb763f5c32f804f9c5b44e076bd2305144b26ac90ccc046f3907630c,20480,0,0,20480,0x0:0x5000,0x19F0,candidate_spans_and_remaining_bytes_are_not_proven_code_data_classification
8017B000-6e3f587a955fc88048a9d2f66aef8d0cb70f854a918a32cb2be2a11ded5575f3,20480,0,0,20480,0x0:0x5000,0x4ADC,candidate_spans_and_remaining_bytes_are_not_proven_code_data_classification
8017B000-6f0ea4ccc3a8bd8f82e59dcf9117c9ec37aaa645961ea04c41f6caa102c4a1e4,20480,0,0,20480,0x0:0x5000,0xE40;0x1204,candidate_spans_and_remaining_bytes_are_not_proven_code_data_classification
8017B000-6f3d7413891497c999aacca93d1267bf169c7496a3ca40fc37b133be34068dc9,20480,0,8960,11520,0x0:0x4;0x2304:0x5000,,candidate_spans_and_remaining_bytes_are_not_proven_code_data_classification
8017B000-6fa217f80943dd2cf33c17e642c59ef9067cbb94d14a4f403999a4f2560faa0c,20480,6320,0,14160,0x0:0x4;0x18B4:0x5000,0x21D4,candidate_spans_and_remaining_bytes_are_not_proven_code_data_classification
8017B000-6fc506a0ab551c264a531688c7e8f26decda77f2a0ae889d43d2aa0a88b05f6e,20480,0,3296,17184,0x0:0x4;0xCE4:0x5000,0x16A0,candidate_spans_and_remaining_bytes_are_not_proven_code_data_classification
8017B000-705b84d02a9c4c05ee7eb4e7f35784b7a0577f9dc2b9d2326aa200d28c4c28e0,20480,0,14360,6120,0x0:0x4;0x381C:0x5000,,candidate_spans_and_remaining_bytes_are_not_proven_code_data_classification
8017B000-7062c4fd809234a8f7be3b4e4160ba8d304725bf1e3d18205f3ea257d92ac62e,20480,0,7424,13056,0x0:0x4;0x1D04:0x5000,,candidate_spans_and_remaining_bytes_are_not_proven_code_data_classification
8017B000-70a74f2f7790ce533215d169df54dee13c508617c64cc3ca3ac233b07459f4c2,20480,0,5660,14820,0x0:0x4;0x1620:0x5000,,candidate_spans_and_remaining_bytes_are_not_proven_code_data_classification
8017B000-70c0d74803a672b8423ce07594e95ecbacbb0de004f68d7190e29a92670e46a4,20480,0,3748,16732,0x0:0x4;0xEA8:0x5000,,candidate_spans_and_remaining_bytes_are_not_proven_code_data_classification
8017B000-70cbf163ba0a2a081c6a6be1301d59b98cb8a77400c75da4776a6e199b7f207f,20480,0,8584,11896,0x0:0x4;0x218C:0x5000,,candidate_spans_and_remaining_bytes_are_not_proven_code_data_classification
8017B000-7148982f31f870e9abb46eca8ca0dfc9ba3b93c37ab665f8f7960dc69a500a34,20480,14740,0,5740,0x0:0x4;0x3998:0x5000,,candidate_spans_and_remaining_bytes_are_not_proven_code_data_classification
8017B000-716d730f953bd28484d4a5678443119a84bc696ab2dee9b81ca6dc325dbf1262,20480,0,0,20480,0x0:0x5000,0x3590,candidate_spans_and_remaining_bytes_are_not_proven_code_data_classification
8017B000-717b901f45ade9408b5e1a0b2dea12e8dbe0cfc548d3ba61c7303b4fde4e0305,20480,0,6572,13908,0x0:0x4;0x19B0:0x5000,,candidate_spans_and_remaining_bytes_are_not_proven_code_data_classification
8017B000-71dccbfa243ca2a0454c1a32a06b77b4c301c12ad0f5521f11a2750ecb25cfbc,20480,0,3592,16888,0x0:0x4;0xE0C:0x5000,,candidate_spans_and_remaining_bytes_are_not_proven_code_data_classification
8017B000-71f83acb2f57cfa24285c0f854578bb6c84d2615857f88bdd60d4a2986a49e60,20480,12468,0,8012,0x0:0x4;0x30B8:0x5000,,candidate_spans_and_remaining_bytes_are_not_proven_code_data_classification
8017B000-7203f7568441dbc12acebf05f7a49ac2e2ed1bc8f2a65ea69a1bf5ce7ff88e78,20480,0,0,20480,0x0:0x5000,0xE40;0x1204,candidate_spans_and_remaining_bytes_are_not_proven_code_data_classification
8017B000-7219724f972bf8da313324fa2ed2a8cf690c7a8118ab6030f7be4fe69a9f7e0f,20480,0,10092,10388,0x0:0x4;0x2770:0x5000,,candidate_spans_and_remaining_bytes_are_not_proven_code_data_classification
8017B000-725889a28e52f1f4b07acb62eb0eae7b7b1c4abd36fcd7bdaa739a5ecd77d00a,20480,0,3296,17184,0x0:0x4;0xCE4:0x5000,,candidate_spans_and_remaining_bytes_are_not_proven_code_data_classification
8017B000-72d1ca4b3af53f2637d680ef30a24d9ec4b3968e64983a0c0a917127613c0ba7,20480,0,8412,12068,0x0:0x4;0x20E0:0x5000,,candidate_spans_and_remaining_bytes_are_not_proven_code_data_classification
8017B000-72eff8ab58cd1371db0169e27016a0056692ee3eccb3097d7bcb492da624ce67,20480,0,3144,17336,0x0:0x4;0xC4C:0x5000,,candidate_spans_and_remaining_bytes_are_not_proven_code_data_classification
8017B000-732239292893b4f7564c90a95279ac9044aa7b2b85208c7f19371126b82db272,20480,0,14360,6120,0x0:0x4;0x381C:0x5000,,candidate_spans_and_remaining_bytes_are_not_proven_code_data_classification
8017B000-7332630f4cfae01d021fe7fc5124e2af16d734fcbd5ac18ab7442828dc8fd8f9,20480,11404,0,9076,0x0:0x4;0x2C90:0x5000,,candidate_spans_and_remaining_bytes_are_not_proven_code_data_classification
8017B000-737fb9e4e627eeb7015f3481e0f8c19f5014c8a0f93d6513357a1945dd3a0911,20480,15584,0,4896,0x0:0x4;0x3CE4:0x5000,,candidate_spans_and_remaining_bytes_are_not_proven_code_data_classification
8017B000-73a00139de94e7fe0f6e65a47b38d4416ed71329250609c215e13a605fc82117,20480,0,5872,14608,0x0:0x4;0x16F4:0x5000,,candidate_spans_and_remaining_bytes_are_not_proven_code_data_classification
8017B000-753a2268048787c052455704c575759384d0cce013f7f311f6c8701528eb7f81,20480,0,7060,13420,0x0:0x4;0x1B98:0x5000,,candidate_spans_and_remaining_bytes_are_not_proven_code_data_classification
8017B000-75782e945c2c41e9b450d9952cdbb3a96e01a968d0483c6d0bfb3933f84eb095,20480,11404,0,9076,0x0:0x4;0x2C90:0x5000,,candidate_spans_and_remaining_bytes_are_not_proven_code_data_classification
8017B000-75839a4c325592f83acb4d923a1a0c65f20adb438ef001f3e3366d7fe3b684df,20480,0,6196,14284,0x0:0x4;0x1838:0x5000,,candidate_spans_and_remaining_bytes_are_not_proven_code_data_classification
8017B000-759c5c68c0b00e59030d510064252da10e4ee808cd5536e96d178219ecee57cc,20480,0,9260,11220,0x0:0x4;0x2430:0x5000,,candidate_spans_and_remaining_bytes_are_not_proven_code_data_classification
8017B000-75a4b840cf48319a4265f04be0f62441e0412e7c0629882fb1b8503ab0c5581b,20480,0,5004,15476,0x0:0x4;0x1390:0x5000,,candidate_spans_and_remaining_bytes_are_not_proven_code_data_classification
8017B000-75a7153b798c240961f053024e9d7d72a6458fa0870ec8e1531bfd3ebe14167f,20480,0,4984,15496,0x0:0x4;0x137C:0x5000,0x3784,candidate_spans_and_remaining_bytes_are_not_proven_code_data_classification
8017B000-75e759be03f37b7aedef38bce8769040ff8a9be9f12d7a1d616daa9d0fd1f91c,20480,0,12152,8328,0x0:0x4;0x2F7C:0x5000,,candidate_spans_and_remaining_bytes_are_not_proven_code_data_classification
8017B000-7606f70eb45ed408ff1d73a5eeac408a0c9a429f8b7a2249c044fdb6b6371515,20480,0,4436,16044,0x0:0x4;0x1158:0x5000,,candidate_spans_and_remaining_bytes_are_not_proven_code_data_classification
8017B000-761052566e1315f46c04ecce6f9175fc271f1c3f678364985abd380d9da7916d,20480,0,6196,14284,0x0:0x4;0x1838:0x5000,,candidate_spans_and_remaining_bytes_are_not_proven_code_data_classification
8017B000-7656d8eebe623e9b924835a4cf6b4cc18f6cd4536f0c42d4b61a42f85a22d7a8,20480,0,6708,13772,0x0:0x4;0x1A38:0x5000,,candidate_spans_and_remaining_bytes_are_not_proven_code_data_classification
8017B000-7666523ae2510eb03ad74366ca6d20a60195543b8798559ea6ee823124c75b7b,20480,0,5660,14820,0x0:0x4;0x1620:0x5000,,candidate_spans_and_remaining_bytes_are_not_proven_code_data_classification
8017B000-767b573adf4d6639ab6285dfbe90f786f2016138c8e592ba20dd0b99ec77d7e3,20480,0,2584,17896,0x0:0x4;0xA1C:0x5000,,candidate_spans_and_remaining_bytes_are_not_proven_code_data_classification
8017B000-769dd740b233db945acf7333615147910539345161418929c519a12584c5665e,20480,0,16028,4452,0x0:0x4;0x3EA0:0x5000,,candidate_spans_and_remaining_bytes_are_not_proven_code_data_classification
8017B000-76b58b15b88eb993fb0a901b7b63e5cfd214426fac1dea9587c6c0996d7f0ce3,20480,0,0,20480,0x0:0x5000,0xE40;0x1204,candidate_spans_and_remaining_bytes_are_not_proven_code_data_classification
8017B000-770befcc07901cfa9da9573421c5713062488ea83f6df218a25fe302d5c091b7,20480,14652,0,5828,0x0:0x4;0x3940:0x5000,,candidate_spans_and_remaining_bytes_are_not_proven_code_data_classification
8017B000-771856b84bd9a823e0ad9270da4293bc1a3de7341d7ffce3a170d5cde7d6abe7,20480,0,9132,11348,0x0:0x4;0x23B0:0x5000,,candidate_spans_and_remaining_bytes_are_not_proven_code_data_classification
8017B000-77657fa417293d8af1b69140680ddeed763f39ec2cc3005822aac396422fef4c,20480,0,8188,12292,0x0:0x4;0x2000:0x5000,,candidate_spans_and_remaining_bytes_are_not_proven_code_data_classification
8017B000-780fca94d7c0b76fae060427909e9352980a85147c4849d428491eb13f6a2401,20480,0,0,20480,0x0:0x5000,0xE40,candidate_spans_and_remaining_bytes_are_not_proven_code_data_classification
8017B000-78aa61245708a91842ce770a207668a080fe8c9f8d7a6623e65eada59841251a,20480,0,7612,12868,0x0:0x4;0x1DC0:0x5000,,candidate_spans_and_remaining_bytes_are_not_proven_code_data_classification
8017B000-78b1eb7c2bcc46806a71669b8c28102abd770d6f71cfde1f810d7888773e2de7,20480,0,0,20480,0x0:0x5000,0x19F0,candidate_spans_and_remaining_bytes_are_not_proven_code_data_classification
8017B000-78be15731ae0166c2aac971062d7757ac5c764944849f324613ac4fdc8416740,20480,0,15044,5436,0x0:0x4;0x3AC8:0x5000,,candidate_spans_and_remaining_bytes_are_not_proven_code_data_classification
8017B000-79230d2e0f647960965acb307930789b285562e74a1ca4187198fbd8faa4ad2b,20480,0,2964,17516,0x0:0x4;0xB98:0x5000,0x1470,candidate_spans_and_remaining_bytes_are_not_proven_code_data_classification
8017B000-7941c5ffb3032069ebb647dfaf590bfff50bb46480c98a4aaea18d221432bd74,20480,0,0,20480,0x0:0x5000,0x1348,candidate_spans_and_remaining_bytes_are_not_proven_code_data_classification
8017B000-79a9ac3a6d8dc61f22bf3134cfacaa1307fb8d55f831cca7acd8b4f028c2d91e,20480,0,0,20480,0x0:0x5000,0x4BC8,candidate_spans_and_remaining_bytes_are_not_proven_code_data_classification
8017B000-7a5b47ace749a02490507779f0b8941f1b777f96a365b4d509684d2244b97200,20480,0,9092,11388,0x0:0x4;0x2388:0x5000,,candidate_spans_and_remaining_bytes_are_not_proven_code_data_classification
8017B000-7abbacbd3dbef6b5f1b66877e0220f17d0956072f0bd924aa3e0b46188471b6b,20480,0,9312,11168,0x0:0x4;0x2464:0x5000,,candidate_spans_and_remaining_bytes_are_not_proven_code_data_classification
8017B000-7b089845d67e1de74876514831172586a48e48dda768969af61e5dc3cc10d68c,20480,0,0,20480,0x0:0x5000,0x3F90,candidate_spans_and_remaining_bytes_are_not_proven_code_data_classification
8017B000-7b3164327b3bdf79281ef1647a05f00d46fc17f4815396620990c602731ca9f6,20480,10440,0,10040,0x0:0x4;0x28CC:0x5000,,candidate_spans_and_remaining_bytes_are_not_proven_code_data_classification
8017B000-7bacd9afdbad8de8ff0c056a604a4ce03ecc3e4a15fcc85df1f6efa9bc53f572,20480,0,3296,17184,0x0:0x4;0xCE4:0x5000,0x16A0,candidate_spans_and_remaining_bytes_are_not_proven_code_data_classification
8017B000-7bcc940a0e839eb1d299110c36ccba0bf0aa1691e9d00df6cc146252ac91e869,20480,0,7752,12728,0x0:0x4;0x1E4C:0x5000,,candidate_spans_and_remaining_bytes_are_not_proven_code_data_classification
8017B000-7be4c06d7d205eb83cd9d7746ac1e55d5546752a7848b887871b3109b102c9f7,20480,0,7616,12864,0x0:0x4;0x1DC4:0x5000,,candidate_spans_and_remaining_bytes_are_not_proven_code_data_classification
8017B000-7bef3bc9088107b418d93c105e1ad940521616fb026c14c0d292fed04bb353ee,20480,0,0,20480,0x0:0x5000,0x22A4,candidate_spans_and_remaining_bytes_are_not_proven_code_data_classification
8017B000-7c32a6865c2297b2fd8aa145c45747f3c763b014084b736e83effee7d67a31c0,20480,14740,0,5740,0x0:0x4;0x3998:0x5000,,candidate_spans_and_remaining_bytes_are_not_proven_code_data_classification
8017B000-7c47282d8b792055e5fb5cbdcb73dc948e12169c4e82214e473072939b254e10,20480,0,7564,12916,0x0:0x4;0x1D90:0x5000,0x2004,candidate_spans_and_remaining_bytes_are_not_proven_code_data_classification
8017B000-7c63a478e6d01c150535470dad96732392ab7a7b3c5b569acb03cbedd0f6d652,20480,0,0,20480,0x0:0x5000,0x19F0,candidate_spans_and_remaining_bytes_are_not_proven_code_data_classification
8017B000-7c897487c33ddd671237bac378b3808ac517159e0ea0c65d0f1bc38cc585417f,20480,0,6708,13772,0x0:0x4;0x1A38:0x5000,,candidate_spans_and_remaining_bytes_are_not_proven_code_data_classification
8017B000-7ca7c7b42dd8ebd0b3c1acab43e50a0c2c8f87408b9ed81b7d0e9435eea49617,20480,0,6700,13780,0x0:0x4;0x1A30:0x5000,,candidate_spans_and_remaining_bytes_are_not_proven_code_data_classification
8017B000-7ccef82d5ee3325d7b33aae498162845c3fdf8344a591fe070f2426db9fdebc6,20480,0,6700,13780,0x0:0x4;0x1A30:0x5000,,candidate_spans_and_remaining_bytes_are_not_proven_code_data_classification
8017B000-7d0496745c9c5b30545a8b27007ae9574b1033f7782a65b78b4499f0cc32be47,20480,0,5560,14920,0x0:0x4;0x15BC:0x5000,,candidate_spans_and_remaining_bytes_are_not_proven_code_data_classification
8017B000-7d13294b83f4740964a705b0e4bba21963a882654177b81552f5853cbb1c4731,20480,0,0,20480,0x0:0x5000,0x19F0,candidate_spans_and_remaining_bytes_are_not_proven_code_data_classification
8017B000-7d6f3a618db2aaa22c4894305176583cab8c27b20c0d95f0aa7497b15ef14350,20480,0,5860,14620,0x0:0x4;0x16E8:0x5000,,candidate_spans_and_remaining_bytes_are_not_proven_code_data_classification
8017B000-7db6762dad28273ac10e8d47a267310367c08e14db2f811b46a92fab9f972d1f,20480,0,6196,14284,0x0:0x4;0x1838:0x5000,,candidate_spans_and_remaining_bytes_are_not_proven_code_data_classification
8017B000-7dbbe6cf1657de043f87cba4d3328e224c6d3854dac2cf20f3e36f343dd3a21d,20480,0,0,20480,0x0:0x5000,0x1348;0x1F40,candidate_spans_and_remaining_bytes_are_not_proven_code_data_classification
8017B000-7de49a43d34a7a4991c7ca891e02ecaf88cf3cbb3d836a6343f994110e9640e6,20480,16488,0,3992,0x0:0x4;0x406C:0x5000,,candidate_spans_and_remaining_bytes_are_not_proven_code_data_classification
8017B000-7de8811ca4149c3dc3f48af9c8d557dce265321df11271dff39ab8ad594acde3,20480,0,0,20480,0x0:0x5000,0x19F0;0x2004,candidate_spans_and_remaining_bytes_are_not_proven_code_data_classification
8017B000-7dee217d7d309fe95292da9d810330e5e1ce15ed3b3fa056753a147af7471a43,20480,0,7608,12872,0x0:0x4;0x1DBC:0x5000,,candidate_spans_and_remaining_bytes_are_not_proven_code_data_classification
8017B000-7df3b489d68f8d1e51b4bf1ee3b0e684e249bb6e825e50dfd636ff3cff59899f,20480,0,7524,12956,0x0:0x4;0x1D68:0x5000,,candidate_spans_and_remaining_bytes_are_not_proven_code_data_classification
8017B000-7e0674cf5061dbe3bdbd34595a760134deda7a3d62c064ae14656848c21401b9,20480,0,7148,13332,0x0:0x4;0x1BF0:0x5000,0x2368,candidate_spans_and_remaining_bytes_are_not_proven_code_data_classification
8017B000-7e94858589326b4debd71b966a41fc4e48b27b31fbcfe22aef2a7e2aee23f495,20480,0,0,20480,0x0:0x5000,0xE40,candidate_spans_and_remaining_bytes_are_not_proven_code_data_classification
8017B000-7eb4a171231804b4ba30705320749de2c1c9abd8798fd5fd23176102cd5f55f7,20480,0,6488,13992,0x0:0x4;0x195C:0x5000,0x328C,candidate_spans_and_remaining_bytes_are_not_proven_code_data_classification
8017B000-7f02b94ccd5c7bda3b39d1c1bdc88d8e88590d7c06c64cf1afcd41526d4cfd1c,20480,0,5860,14620,0x0:0x4;0x16E8:0x5000,,candidate_spans_and_remaining_bytes_are_not_proven_code_data_classification
8017B000-7f105b5105abc4c55f4bee339455d649294b3052fe162efdb116c065b2397c8b,20480,0,5820,14660,0x0:0x4;0x16C0:0x5000,,candidate_spans_and_remaining_bytes_are_not_proven_code_data_classification
8017B000-7f63367deeb4568dbabd483851d1463bc708ade75a2ffc7541a36454baeca1ad,20480,0,0,20480,0x0:0x5000,0x4DC4,candidate_spans_and_remaining_bytes_are_not_proven_code_data_classification
8017B000-7f74933b31b9e6ddfc7d46a9bb404090c6701b7888f4eea3b3b2939e77eb4409,20480,0,4160,16320,0x0:0x4;0x1044:0x5000,0x1DFC,candidate_spans_and_remaining_bytes_are_not_proven_code_data_classification
8017B000-7f7b30aed1bc8a3552b8febfe81804b0ebf784d10f52619cd558b251862c99a5,20480,0,0,20480,0x0:0x5000,0x3404,candidate_spans_and_remaining_bytes_are_not_proven_code_data_classification
8017B000-7f9f5646c7fd09452b3d759f19c73a6598a62ffbb12f0aa47208720364084976,20480,0,5860,14620,0x0:0x4;0x16E8:0x5000,,candidate_spans_and_remaining_bytes_are_not_proven_code_data_classification
8017B000-7fced6b53b76bbdc123a7de1d81628dde54226d65b127904640937997194ba75,20480,0,4160,16320,0x0:0x4;0x1044:0x5000,0x1DFC,candidate_spans_and_remaining_bytes_are_not_proven_code_data_classification
8017B000-7fddec3d9223f3651a424362c24d7fd7b4ee42e4fc334cef319d737f8b8e5a4e,20480,0,8188,12292,0x0:0x4;0x2000:0x5000,,candidate_spans_and_remaining_bytes_are_not_proven_code_data_classification
8017B000-7fe74d9daa1a29850853423f05dec43b0bea8958e2ec25c7eb3129a126efe1b3,20480,0,8188,12292,0x0:0x4;0x2000:0x5000,,candidate_spans_and_remaining_bytes_are_not_proven_code_data_classification
8017B000-7fee9e781e826af4b14d5a36193419d25ebc8e9cc55efa2da21aec81b0dba2c0,20480,0,3756,16724,0x0:0x4;0xEB0:0x5000,,candidate_spans_and_remaining_bytes_are_not_proven_code_data_classification
8017B000-805df86f7220dbae3a664da35f6df00abcb4875f1b659c96ad6a060a2cc38787,20480,0,7568,12912,0x0:0x4;0x1D94:0x5000,,candidate_spans_and_remaining_bytes_are_not_proven_code_data_classification
8017B000-80a338a8c835ae72d50ae2aed0537275cb8ca33627ff6ce6a46c4f1c6b78ab38,20480,0,5292,15188,0x0:0x4;0x14B0:0x5000,,candidate_spans_and_remaining_bytes_are_not_proven_code_data_classification
8017B000-80befdf2a8823461229360ea4f1679d327ca5e0747cc6e4ff7863c8e38a43fb0,20480,0,0,20480,0x0:0x5000,0x3CD8,candidate_spans_and_remaining_bytes_are_not_proven_code_data_classification
8017B000-80c7c9f8fcd35d990e85971edb0e1d8dab51ed21faa5abf77af98e3066c16037,20480,0,6488,13992,0x0:0x4;0x195C:0x5000,0x328C,candidate_spans_and_remaining_bytes_are_not_proven_code_data_classification
8017B000-810ee9a2096e86e4cddb37a69663eafcc3f9dacac7f1fe0b8cb920c1e6c3e3ea,20480,0,0,20480,0x0:0x5000,0x44A4,candidate_spans_and_remaining_bytes_are_not_proven_code_data_classification
8017B000-8154923d62593481f292318dd15abcea676bef16df16b99e76ac79e244c4babc,20480,0,5292,15188,0x0:0x4;0x14B0:0x5000,,candidate_spans_and_remaining_bytes_are_not_proven_code_data_classification
8017B000-815ff216b56127d4659103e64c7a08cc4c42761c0f696162e8e5d1fc60148c23,20480,0,6688,13792,0x0:0x4;0x1A24:0x5000,,candidate_spans_and_remaining_bytes_are_not_proven_code_data_classification
8017B000-8237f8575b3f67f7bce5e4378497f16a7d181c418fb2e9e314d1d21d61ff7916,20480,0,8412,12068,0x0:0x4;0x20E0:0x5000,,candidate_spans_and_remaining_bytes_are_not_proven_code_data_classification
8017B000-82573a90d71f5dc5980ffd3b1415309a23fce9631b27ce10c4666d002c2437e2,20480,0,6816,13664,0x0:0x4;0x1AA4:0x5000,,candidate_spans_and_remaining_bytes_are_not_proven_code_data_classification
8017B000-82bfc5ca160a2dac8913bb5edc6ba19a647a592f68309d37f5c3c84936710004,20480,0,5004,15476,0x0:0x4;0x1390:0x5000,0x34B8,candidate_spans_and_remaining_bytes_are_not_proven_code_data_classification
8017B000-82c3cac59e56890d3589ba7a2a34d7d8cd0801441b70e2afb64df0ed577b1774,20480,0,4436,16044,0x0:0x4;0x1158:0x5000,,candidate_spans_and_remaining_bytes_are_not_proven_code_data_classification
8017B000-830a989adf4d3d047e886ee5a873864c0c860873d705eb0231e84ab408a68013,20480,0,7612,12868,0x0:0x4;0x1DC0:0x5000,,candidate_spans_and_remaining_bytes_are_not_proven_code_data_classification
8017B000-8320a643d60a9a6e256e0181b2bee51f00d5df05a654796a2e9acd514765dd16,20480,11720,0,8760,0x0:0x4;0x2DCC:0x5000,,candidate_spans_and_remaining_bytes_are_not_proven_code_data_classification
8017B000-837b7f7b3a539c0878ff25ed0cd6f4525e26a3df5ffed6fa80db6f9477fab5e8,20480,0,6524,13956,0x0:0x4;0x1980:0x5000,0x3844,candidate_spans_and_remaining_bytes_are_not_proven_code_data_classification
8017B000-8394b450c50680d37717f6c5b15a2d02b725ea10bd1ff11dfc7b2a3e34916d5d,20480,0,6488,13992,0x0:0x4;0x195C:0x5000,0x328C,candidate_spans_and_remaining_bytes_are_not_proven_code_data_classification
8017B000-839849d764479fb6649262eb17e3833d808c582a568d853170dc32033cdb0a9e,20480,0,0,20480,0x0:0x5000,0x4BC8,candidate_spans_and_remaining_bytes_are_not_proven_code_data_classification
8017B000-8469fd280fe21313b17f5c4ca61c90e3b9c5a68c2b34e1e46223e3d044fb0bbf,20480,14448,0,6032,0x0:0x4;0x3874:0x5000,0x3D54;0x41AC;0x4B14,candidate_spans_and_remaining_bytes_are_not_proven_code_data_classification
8017B000-84705610587db12bfa1c8356ee10f107a6f002e6269862ebc51a2facd29a45d9,20480,11404,0,9076,0x0:0x4;0x2C90:0x5000,,candidate_spans_and_remaining_bytes_are_not_proven_code_data_classification
8017B000-84883d00f0d324f8be9da9600ea9f163f4568c9628c1c8f2e0e455a608bdeab8,20480,0,3996,16484,0x0:0x4;0xFA0:0x5000,0x1C90,candidate_spans_and_remaining_bytes_are_not_proven_code_data_classification
8017B000-85071d06bd44e41713b3ea5285e58ffc4b347134477d491ca5b497b398d0d34c,20480,0,3932,16548,0x0:0x4;0xF60:0x5000,0x19C8,candidate_spans_and_remaining_bytes_are_not_proven_code_data_classification
8017B000-8518a6bf37f5b31fef8614f24531631bba3c9ae0d8fa6bff8db0476ac95e6b9a,20480,0,2964,17516,0x0:0x4;0xB98:0x5000,0x1470,candidate_spans_and_remaining_bytes_are_not_proven_code_data_classification
8017B000-8533f6cf44196d0eda514705314bc23c4dea1500d9d897b1fe683e38d3c4f97a,20480,0,0,20480,0x0:0x5000,0x31C8,candidate_spans_and_remaining_bytes_are_not_proven_code_data_classification
8017B000-8536e81beb3b3736b087c28d73a0006070e81817450c564e1db0976c7aedc596,20480,0,0,20480,0x0:0x5000,0x3590,candidate_spans_and_remaining_bytes_are_not_proven_code_data_classification
8017B000-855380cd413b787ff4895f7369097d978763dbde846da3feff3ef4048e2a8756,20480,0,8836,11644,0x0:0x4;0x2288:0x5000,,candidate_spans_and_remaining_bytes_are_not_proven_code_data_classification
8017B000-858b2d1f07339a648ca58e6f3f889643d6e49b3057273a711c1fb4b02ac4fceb,20480,0,10312,10168,0x0:0x4;0x284C:0x5000,,candidate_spans_and_remaining_bytes_are_not_proven_code_data_classification
8017B000-85948393f9a968169d17bab7d9f2f7bedbb52917334b4b1b3279bb1536f5f4a6,20480,0,13412,7068,0x0:0x4;0x3468:0x5000,,candidate_spans_and_remaining_bytes_are_not_proven_code_data_classification
8017B000-8631a485f6f3b734dc1a275c53142b13e75d6fbced382c32f3815c77e96eb39f,20480,0,8412,12068,0x0:0x4;0x20E0:0x5000,,candidate_spans_and_remaining_bytes_are_not_proven_code_data_classification
8017B000-876659811a92d31ea89781bf7135c60530f0ff5778214d3db7b0976bc7eb54df,20480,0,5004,15476,0x0:0x4;0x1390:0x5000,,candidate_spans_and_remaining_bytes_are_not_proven_code_data_classification
8017B000-878db3e8caa082903db32e321e836a8ddb40059b71806cda2f692582d7836beb,20480,0,6940,13540,0x0:0x4;0x1B20:0x5000,,candidate_spans_and_remaining_bytes_are_not_proven_code_data_classification
8017B000-87da2b63e1e429574e5435a9b5033970a3ba25312fd081dc06f96ed78d8488fc,20480,0,13600,6880,0x0:0x4;0x3524:0x5000,,candidate_spans_and_remaining_bytes_are_not_proven_code_data_classification
8017B000-88145b092324215b26e062030a71fcdadf88b50d23868c247e764909fa9db841,20480,0,6348,14132,0x0:0x4;0x18D0:0x5000,,candidate_spans_and_remaining_bytes_are_not_proven_code_data_classification
8017B000-8843a6d233cf172c582bbfed4610b603a17a371c4350d822b83804cc92df88ab,20480,0,4952,15528,0x0:0x4;0x135C:0x5000,,candidate_spans_and_remaining_bytes_are_not_proven_code_data_classification
8017B000-884b086ae18e21ceb3979ea3eb3e1e37dffc7faf31012179b056c0dd69687ff4,20480,6320,0,14160,0x0:0x4;0x18B4:0x5000,,candidate_spans_and_remaining_bytes_are_not_proven_code_data_classification
8017B000-884c22c3d66efa428d67c33c09002539e8c3a11dd51139c488f5baab026b31df,20480,0,0,20480,0x0:0x5000,0x1F6C;0x38BC,candidate_spans_and_remaining_bytes_are_not_proven_code_data_classification
8017B000-8862c17f73a8e0f60ea7ca3f654095ce0bcf6e4e7c7849ba5a84597b7b3dcdc0,20480,0,14360,6120,0x0:0x4;0x381C:0x5000,,candidate_spans_and_remaining_bytes_are_not_proven_code_data_classification
8017B000-88883c17fc3371c99fe256c03f16fcafefdf1bf75a7673b4a14b74adabee1e4b,20480,0,10052,10428,0x0:0x4;0x2748:0x5000,,candidate_spans_and_remaining_bytes_are_not_proven_code_data_classification
8017B000-88d6ca758707da02917a1938560b1164b16217aebc09a23fe719c668954966d5,20480,0,8108,12372,0x0:0x4;0x1FB0:0x5000,,candidate_spans_and_remaining_bytes_are_not_proven_code_data_classification
8017B000-893b87e361b422451fc6fc48f660cf6d0129f671a63d32164945373c379f2b44,20480,0,14360,6120,0x0:0x4;0x381C:0x5000,,candidate_spans_and_remaining_bytes_are_not_proven_code_data_classification
8017B000-89e1c527da519e8dd74671b8a02a29f0b742366728d0819d3f634e1c6d59082e,20480,0,5520,14960,0x0:0x4;0x1594:0x5000,,candidate_spans_and_remaining_bytes_are_not_proven_code_data_classification
8017B000-8a246df22ac924e2078183da0cf25e21112d159f07f8b0a5330840308404e1c2,20480,15048,0,5432,0x0:0x4;0x3ACC:0x5000,,candidate_spans_and_remaining_bytes_are_not_proven_code_data_classification
8017B000-8a3663c689e2630426ec87e1b03bc51b1fda1edc58c13c353ce1064c25dbf6a9,20480,0,13920,6560,0x0:0x4;0x3664:0x5000,0x3AB4,candidate_spans_and_remaining_bytes_are_not_proven_code_data_classification
8017B000-8a4ea7054028e388f075fc1182d91dcc8299084cfa82227291f6e219903e5e85,20480,0,0,20480,0x0:0x5000,0x3F90,candidate_spans_and_remaining_bytes_are_not_proven_code_data_classification
8017B000-8a65806875d6428e1445253ab99d094da8d58ebcdcb86ddbf3b1959494eb9856,20480,0,9260,11220,0x0:0x4;0x2430:0x5000,,candidate_spans_and_remaining_bytes_are_not_proven_code_data_classification
8017B000-8a7a098e7e124f0d03766dbe8bbe24de7a4ef912d3ea84e7c80f6765476f1bfa,20480,0,7524,12956,0x0:0x4;0x1D68:0x5000,,candidate_spans_and_remaining_bytes_are_not_proven_code_data_classification
8017B000-8abf28a3049c995c9f4e762909154b02ed6183dcc2071a33ef5df3c32a6412f8,20480,0,5560,14920,0x0:0x4;0x15BC:0x5000,,candidate_spans_and_remaining_bytes_are_not_proven_code_data_classification
8017B000-8ae76c07387137f9d3d32e1e0b55865bf49feb564f70425d9399051208a4ee57,20480,8284,0,12196,0x0:0x4;0x2060:0x5000,,candidate_spans_and_remaining_bytes_are_not_proven_code_data_classification
8017B000-8af3f49185579c12fec92de9586c2d490a11b69af506e2b69195223969ed3a8c,20480,0,6048,14432,0x0:0x4;0x17A4:0x5000,0x44B8,candidate_spans_and_remaining_bytes_are_not_proven_code_data_classification
8017B000-8b2f6f3d08feddf98085b5e780e4fc1389b6e34a0c9d2673a8401fe111b6c3a7,20480,0,0,20480,0x0:0x5000,0x3CD8,candidate_spans_and_remaining_bytes_are_not_proven_code_data_classification
8017B000-8ba9ad50096db301f8fdb2969c5e2b79ecb1a97bc27b53f313cf5b01588fd10c,20480,0,6488,13992,0x0:0x4;0x195C:0x5000,0x328C,candidate_spans_and_remaining_bytes_are_not_proven_code_data_classification
8017B000-8c43ed67c8d83b90219b3de84de478249624c61a763fa503b199bc618908c93b,20480,0,7524,12956,0x0:0x4;0x1D68:0x5000,,candidate_spans_and_remaining_bytes_are_not_proven_code_data_classification
8017B000-8c697b695065d9546aeefb275c387e98faf836c97586443f5669697fd47c7cfa,20480,18532,0,1948,0x0:0x4;0x4868:0x5000,0x4CAC,candidate_spans_and_remaining_bytes_are_not_proven_code_data_classification
8017B000-8c87be71f073da4aa541f3306ffe6051ca9816e9b1461a2ba54e3c3ddbe0805d,20480,0,0,20480,0x0:0x5000,0x3CD8,candidate_spans_and_remaining_bytes_are_not_proven_code_data_classification
8017B000-8ca96b84320e8bb16aceea7d843c8c44678fa3c2e79c78032bce247742aff13d,20480,0,4484,15996,0x0:0x4;0x1188:0x5000,0x1BF4,candidate_spans_and_remaining_bytes_are_not_proven_code_data_classification
8017B000-8cd02f62dc46d1304ad4420ed8845c479fc861b6534713f228fa30ffb91088a4,20480,0,8412,12068,0x0:0x4;0x20E0:0x5000,,candidate_spans_and_remaining_bytes_are_not_proven_code_data_classification
8017B000-8d0ae258ca5d6623e83cd0f0b7b7688a49663154ad3f6624e942824d2033d115,20480,0,6708,13772,0x0:0x4;0x1A38:0x5000,,candidate_spans_and_remaining_bytes_are_not_proven_code_data_classification
8017B000-8d2bf9879dc9409d285daf036304a774d0a7253b886c9d093f236d2111aa3ae8,20480,0,8684,11796,0x0:0x4;0x21F0:0x5000,,candidate_spans_and_remaining_bytes_are_not_proven_code_data_classification
8017B000-8d6ff8dee3e9347991933d3144a7a227adb6a69b763dd6356f358773f2aab26b,20480,0,9452,11028,0x0:0x4;0x24F0:0x5000,,candidate_spans_and_remaining_bytes_are_not_proven_code_data_classification
8017B000-8dc460a9091c4506d84590c03c6b2ff3f00d0f5cd9a48ee5beeb3de5fadbbd47,20480,18532,0,1948,0x0:0x4;0x4868:0x5000,0x4CAC,candidate_spans_and_remaining_bytes_are_not_proven_code_data_classification
8017B000-8dee69c6b18c9dfb45addc60bdc47046cd8f00cbd07a08da884ba315daeec42e,20480,0,0,20480,0x0:0x5000,0x2358;0x317C,candidate_spans_and_remaining_bytes_are_not_proven_code_data_classification
8017B000-8df8728d70f78323f00975909ae1c55dcaf4171fc149ff69bd9f7d8451bb39a9,20480,6320,0,14160,0x0:0x4;0x18B4:0x5000,,candidate_spans_and_remaining_bytes_are_not_proven_code_data_classification
8017B000-8e02fec94b46801154475ad9cba939331f49d9cfe35c38e4880994d78ee61053,20480,9992,0,10488,0x0:0x4;0x270C:0x5000,,candidate_spans_and_remaining_bytes_are_not_proven_code_data_classification
8017B000-8e1367bec11d1de28606d7f7358102e09f550db3cf367ab832c47f4b5587f9c4,20480,0,8188,12292,0x0:0x4;0x2000:0x5000,,candidate_spans_and_remaining_bytes_are_not_proven_code_data_classification
8017B000-8e26d988ffa7d3dbe915ea627cde2e3aad9e5749441e9b255b88a252152a355b,20480,0,5004,15476,0x0:0x4;0x1390:0x5000,,candidate_spans_and_remaining_bytes_are_not_proven_code_data_classification
8017B000-8ee4764abf7649d0cb26cc27187793068d853c8959a78a65591ebbe7bb412fc2,20480,0,9132,11348,0x0:0x4;0x23B0:0x5000,,candidate_spans_and_remaining_bytes_are_not_proven_code_data_classification
8017B000-8f321573174e3f09f9ce23837064694840ee20cc093f556ac7079d96c2de3098,20480,0,6892,13588,0x0:0x4;0x1AF0:0x5000,,candidate_spans_and_remaining_bytes_are_not_proven_code_data_classification
8017B000-8fb8a5d6c9731c2e9c1178ab737330f67366b595d10c527df739ef2bb58fea81,20480,0,15884,4596,0x0:0x4;0x3E10:0x5000,0x4EA0,candidate_spans_and_remaining_bytes_are_not_proven_code_data_classification
8017B000-8ffa3954f672a1e0cb17c14c33c85931abf24d9da4f5635b33b191cfb09ccc91,20480,0,0,20480,0x0:0x5000,0xE40;0x1204;0x3874,candidate_spans_and_remaining_bytes_are_not_proven_code_data_classification
8017B000-9064dc19ba8576372bc7792d505c91a7b328b77ec86b8ffc4042f85acf616739,20480,0,7148,13332,0x0:0x4;0x1BF0:0x5000,0x3004;0x4004,candidate_spans_and_remaining_bytes_are_not_proven_code_data_classification
8017B000-9075d16662e0bfb6716fcaa6c3ff82567c0078f6952b1cc5f623e63d8b3a87cf,20480,0,13920,6560,0x0:0x4;0x3664:0x5000,,candidate_spans_and_remaining_bytes_are_not_proven_code_data_classification
8017B000-907db13cbefa615f26858ef50f2de4aac6bdf3c9e0fc894fb54702bdc107d399,20480,0,15540,4940,0x0:0x4;0x3CB8:0x5000,,candidate_spans_and_remaining_bytes_are_not_proven_code_data_classification
8017B000-9080639b239e949d0a6307e482b349daa8eece2ed1c8a361b254d8f41970ebf9,20480,0,0,20480,0x0:0x5000,0x3590,candidate_spans_and_remaining_bytes_are_not_proven_code_data_classification
8017B000-90927f178cf7cf14e83ecbdfdf21890fb6ba6f2c72a543b1a33699535fa4aba8,20480,0,5004,15476,0x0:0x4;0x1390:0x5000,,candidate_spans_and_remaining_bytes_are_not_proven_code_data_classification
8017B000-90aa6a172690984e3b2d779c7fd44bea3684bf2bf3459005b78ceda406b537cc,20480,0,0,20480,0x0:0x5000,0x3590,candidate_spans_and_remaining_bytes_are_not_proven_code_data_classification
8017B000-90e79a0a11f96b12ee820bfe011d5fac2c9eaf7977564f1de6fe8783f583a1c4,20480,11720,0,8760,0x0:0x4;0x2DCC:0x5000,,candidate_spans_and_remaining_bytes_are_not_proven_code_data_classification
8017B000-91e07142b5d6d55129895383bc67abafc695eaeba6f6670146f6d1d674843a54,20480,0,0,20480,0x0:0x5000,0x4DC4,candidate_spans_and_remaining_bytes_are_not_proven_code_data_classification
8017B000-920ed95a4727117d93789deabbf7c70321ad0abe01892db31a01fe9e1b97f985,20480,0,10672,9808,0x0:0x4;0x29B4:0x5000,,candidate_spans_and_remaining_bytes_are_not_proven_code_data_classification
8017B000-92ff7c79a634894bb0efe3bbcbcc50f95192b45a4e7a90223d4cdb3aba8fc742,20480,0,6324,14156,0x0:0x4;0x18B8:0x5000,,candidate_spans_and_remaining_bytes_are_not_proven_code_data_classification
8017B000-9315b64d255dd14f99faef0e69126ba4f4a5dff558fc59369f4bc2b4d01b3699,20480,0,3092,17388,0x0:0x4;0xC18:0x5000,,candidate_spans_and_remaining_bytes_are_not_proven_code_data_classification
8017B000-9341471964c8f09bb00eca53824d172a9688ca5e2ec569f79c6931cd9b1ed629,20480,0,4976,15504,0x0:0x4;0x1374:0x5000,,candidate_spans_and_remaining_bytes_are_not_proven_code_data_classification
8017B000-937bf3fc7136c688a947cd03792ee69a28c3b52d7234cac97047d6498266f7af,20480,0,3824,16656,0x0:0x4;0xEF4:0x5000,,candidate_spans_and_remaining_bytes_are_not_proven_code_data_classification
8017B000-9391bd382b278cad41bb8881deb2851eb4486d3c31fa62b2854c7f65070436e1,20480,0,4180,16300,0x0:0x4;0x1058:0x5000,,candidate_spans_and_remaining_bytes_are_not_proven_code_data_classification
8017B000-93ab7cb289ce86057c10d2858cf5c16dd84dfc2402498d485696b4f02c97c7f7,20480,0,0,20480,0x0:0x5000,0x22A4,candidate_spans_and_remaining_bytes_are_not_proven_code_data_classification
8017B000-946758b9fbc0f8d21c958ec5396d477e7fb907468a77c89e109c2d830439e301,20480,0,0,20480,0x0:0x5000,0x2F68,candidate_spans_and_remaining_bytes_are_not_proven_code_data_classification
8017B000-949a28053eb0201f2a8a00fe4b4c92feae1ba502f33a271abba96ef09dc6f2e3,20480,0,5004,15476,0x0:0x4;0x1390:0x5000,,candidate_spans_and_remaining_bytes_are_not_proven_code_data_classification
8017B000-950d2cd8b4fbb80450e76f2120e9cac0911cc3e742f188b696583e46bf2a62b0,20480,0,4068,16412,0x0:0x4;0xFE8:0x5000,0x197C,candidate_spans_and_remaining_bytes_are_not_proven_code_data_classification
8017B000-9559fc708fd8923e9396f1d2e351ec833a37e3cd1e514302a7df1426e6b16698,20480,0,6900,13580,0x0:0x4;0x1AF8:0x5000,,candidate_spans_and_remaining_bytes_are_not_proven_code_data_classification
8017B000-9570849d0a4ecf7761bbd3c780541df10b27402fb3bccdf6c8fb9bbfff3dd51c,20480,0,8412,12068,0x0:0x4;0x20E0:0x5000,0x4420,candidate_spans_and_remaining_bytes_are_not_proven_code_data_classification
8017B000-9594e7340372a8b763090dbfc905e3cb947ba06c65912c96f52aef7ea17b5a73,20480,0,3316,17164,0x0:0x4;0xCF8:0x5000,0x161C,candidate_spans_and_remaining_bytes_are_not_proven_code_data_classification
8017B000-9627114e5de785f20f5a6bd6485c7f4369d271c28e9faffba70bb28a068299d7,20480,0,4260,16220,0x0:0x4;0x10A8:0x5000,0x20B8,candidate_spans_and_remaining_bytes_are_not_proven_code_data_classification
8017B000-968a7068ad65fe9d844ea3db7ae4d32a0d789425807d032937db01aa6876d4c3,20480,0,11184,9296,0x0:0x4;0x2BB4:0x5000,,candidate_spans_and_remaining_bytes_are_not_proven_code_data_classification
8017B000-96a203a17dde87d7d9bff341e220ad6e8083b7ece38740ac00ac69cb45341ed6,20480,0,0,20480,0x0:0x5000,0x22A4,candidate_spans_and_remaining_bytes_are_not_proven_code_data_classification
8017B000-971c3c1d5a70f6fbf4278c182ab6b44ef00e89e56047b27af113035cbc14af1b,20480,2584,0,17896,0x0:0x4;0xA1C:0x5000,,candidate_spans_and_remaining_bytes_are_not_proven_code_data_classification
8017B000-972c95a8134b3e932fac57c92059df0c19b0392c220e0f840765b40a7b2d29af,20480,7480,0,13000,0x0:0x4;0x1D3C:0x5000,,candidate_spans_and_remaining_bytes_are_not_proven_code_data_classification
8017B000-9758183c6701e7076b5c785386f777af06c06b582ee2ef4a67a75eb1ac1d704a,20480,0,0,20480,0x0:0x5000,0x19F0,candidate_spans_and_remaining_bytes_are_not_proven_code_data_classification
8017B000-97a5156f584949e8d2c014f8fe4c10e4386f7644aef3bd845e843fd0fb617ca1,20480,0,8188,12292,0x0:0x4;0x2000:0x5000,,candidate_spans_and_remaining_bytes_are_not_proven_code_data_classification
8017B000-97bede842bb5fc2abaf47c1e4c62c66d10a9507c6f5e448fc2b666d7b05d3f84,20480,0,4504,15976,0x0:0x4;0x119C:0x5000,,candidate_spans_and_remaining_bytes_are_not_proven_code_data_classification
8017B000-97c3028074feb9bbdc2ef20460436ad642b958abd5eea951efe3ac7f75db31e7,20480,10448,0,10032,0x0:0x4;0x28D4:0x5000,,candidate_spans_and_remaining_bytes_are_not_proven_code_data_classification
8017B000-97cc8ed399bf99f13aa450aa1a78840209b2f024a7241ce3a2269d466eabdf58,20480,0,6224,14256,0x0:0x4;0x1854:0x5000,0x29B0,candidate_spans_and_remaining_bytes_are_not_proven_code_data_classification
8017B000-980ef0fcf940b82ecf54c91bcb67f55515f321dd7632f43226439b01f2407ed7,20480,0,0,20480,0x0:0x5000,0x3F90,candidate_spans_and_remaining_bytes_are_not_proven_code_data_classification
8017B000-982a338a7dfa96a3861bcce10ae6d7197b53bda3b4c7158c7b7f7641fe332455,20480,0,0,20480,0x0:0x5000,0x2F68,candidate_spans_and_remaining_bytes_are_not_proven_code_data_classification
8017B000-9891c46ce928fc374ec90e608567c329adf52891962b4c712976aa8200d2726c,20480,0,2964,17516,0x0:0x4;0xB98:0x5000,,candidate_spans_and_remaining_bytes_are_not_proven_code_data_classification
8017B000-98af633b7f4cb52717f1a08cd30650af94990ca905b27f8b1e293420a2f2770c,20480,0,9224,11256,0x0:0x4;0x240C:0x5000,,candidate_spans_and_remaining_bytes_are_not_proven_code_data_classification
8017B000-99272dd482498a741b7b2841a0a1e8073839ce376e480d0959941ad847979af4,20480,0,0,20480,0x0:0x5000,0x1F30,candidate_spans_and_remaining_bytes_are_not_proven_code_data_classification
8017B000-9932e2a280d844da17883e0bcfbbfecd2c4216c595dedc407c0b0b790f327b0b,20480,0,15884,4596,0x0:0x4;0x3E10:0x5000,0x4454,candidate_spans_and_remaining_bytes_are_not_proven_code_data_classification
8017B000-9963d5f1415f4d06e4d4dbdc25cd56d0dbd4b460a5316a0fb9120cd7b55b0cec,20480,0,9140,11340,0x0:0x4;0x23B8:0x5000,,candidate_spans_and_remaining_bytes_are_not_proven_code_data_classification
8017B000-9995ba1f688a717c0974bfaee1db931caf788005bff6731943a10ab2d05d5667,20480,9992,0,10488,0x0:0x4;0x270C:0x5000,,candidate_spans_and_remaining_bytes_are_not_proven_code_data_classification
8017B000-9998207b6c9d25a81896567965c7316d08ff60e1903ddf72493872fde5419fdf,20480,0,6044,14436,0x0:0x4;0x17A0:0x5000,,candidate_spans_and_remaining_bytes_are_not_proven_code_data_classification
8017B000-9a03e2d63051a71c908a6bbe83e719e19e7130b54129d1e6cf943db836142f64,20480,0,6488,13992,0x0:0x4;0x195C:0x5000,0x328C,candidate_spans_and_remaining_bytes_are_not_proven_code_data_classification
8017B000-9a40380ec2e14574675a485becbf984eb9cef9cc728f9d0bf0373c3fff7ad751,20480,0,14360,6120,0x0:0x4;0x381C:0x5000,,candidate_spans_and_remaining_bytes_are_not_proven_code_data_classification
8017B000-9a6ab60afb02ed1ba8a2170d5363622dd844ebbc0f690ef8371e2898f32cd6b6,20480,0,0,20480,0x0:0x5000,0x1348,candidate_spans_and_remaining_bytes_are_not_proven_code_data_classification
8017B000-9a7cf23568f4a1c4e69c2b0eacc413b33282d89d75742534cb91c80f43dba184,20480,0,8412,12068,0x0:0x4;0x20E0:0x5000,,candidate_spans_and_remaining_bytes_are_not_proven_code_data_classification
8017B000-9ad4922d48854dc44219bb07f339f95d07a71e7fc696d3d9287f0cb5ede902cb,20480,0,3296,17184,0x0:0x4;0xCE4:0x5000,0x16A0,candidate_spans_and_remaining_bytes_are_not_proven_code_data_classification
8017B000-9b480a3c94dfbc7de85a737bed69569ea9be5a2605515e3e3f1b9517d4e058dc,20480,0,0,20480,0x0:0x5000,0x1F6C,candidate_spans_and_remaining_bytes_are_not_proven_code_data_classification
8017B000-9b6dcdf3794761097c3b1886a6635702a6df10e54405599ab80f0c408b2eff48,20480,0,6892,13588,0x0:0x4;0x1AF0:0x5000,,candidate_spans_and_remaining_bytes_are_not_proven_code_data_classification
8017B000-9bd40bc4556b9f02f6ddca07f47d981a20aff9a85bf42237442bbd6cfe6617b2,20480,0,8684,11796,0x0:0x4;0x21F0:0x5000,,candidate_spans_and_remaining_bytes_are_not_proven_code_data_classification
8017B000-9c2fc403f47bb0be6839ed1407f7111f441df593d0145e824cda2f5295ea74e7,20480,10440,0,10040,0x0:0x4;0x28CC:0x5000,,candidate_spans_and_remaining_bytes_are_not_proven_code_data_classification
8017B000-9c4e74685184a49519b05be02c702547d09d3da4230a4e89be4fe2b56e2e256a,20480,0,7148,13332,0x0:0x4;0x1BF0:0x5000,0x317C,candidate_spans_and_remaining_bytes_are_not_proven_code_data_classification
8017B000-9c60551ef3e70e1238b4fd8d4c2ca54c045fe83559586d6b50fec68f09c6bbee,20480,0,3296,17184,0x0:0x4;0xCE4:0x5000,0x1260;0x19AC;0x1E94;0x2408;0x271C;0x2A9C;0x2E04,candidate_spans_and_remaining_bytes_are_not_proven_code_data_classification
8017B000-9c6f34a4526fb807b85176c07661a82b514be55b969ebf3d277ec0c877696b65,20480,11952,0,8528,0x0:0x4;0x2EB4:0x5000,,candidate_spans_and_remaining_bytes_are_not_proven_code_data_classification
8017B000-9cc1adf533e0009edb9340c48ba207b9b86511b46bf1666518fed811e8a764e9,20480,0,6708,13772,0x0:0x4;0x1A38:0x5000,,candidate_spans_and_remaining_bytes_are_not_proven_code_data_classification
8017B000-9cee1d867bb345617bb6337cb5b14e4e852848e5169dc2768a7e872721d3903d,20480,0,8188,12292,0x0:0x4;0x2000:0x5000,,candidate_spans_and_remaining_bytes_are_not_proven_code_data_classification
8017B000-9d4becdf441c0717c3f6b3f63ed366e5b6acb131aa9389cdf54fc24f8d425c7d,20480,0,9164,11316,0x0:0x4;0x23D0:0x5000,,candidate_spans_and_remaining_bytes_are_not_proven_code_data_classification
8017B000-9dbb2af55cc3a45ba060408ad29045f2004f4343faf1681814807a87d93a872b,20480,0,0,20480,0x0:0x5000,0x3F90,candidate_spans_and_remaining_bytes_are_not_proven_code_data_classification
8017B000-9de804da13e1fcd9e775c80bd6e7ed4f66f12b5d34291ed9bf979a332f9d7343,20480,0,10312,10168,0x0:0x4;0x284C:0x5000,,candidate_spans_and_remaining_bytes_are_not_proven_code_data_classification
8017B000-9deb54d1ad3ef1ef0a450626f56869eb1ba9aef9e752ed30e17665ea3fb8ce32,20480,0,0,20480,0x0:0x5000,0x2358,candidate_spans_and_remaining_bytes_are_not_proven_code_data_classification
8017B000-9df4ab86c5a498a765dca0c0b676c2c47222f4442ffda2779122a6394003ee50,20480,17732,0,2748,0x0:0x4;0x4548:0x5000,,candidate_spans_and_remaining_bytes_are_not_proven_code_data_classification
8017B000-9e347675ddd1e0c1e904a0ba281fbba7f9494265554fdd05527587aa1d117db8,20480,9992,0,10488,0x0:0x4;0x270C:0x5000,,candidate_spans_and_remaining_bytes_are_not_proven_code_data_classification
8017B000-9e3e0be332227ba3e758b4687661e76a18f9ca7e89ab466474b560dec50b4b91,20480,14740,0,5740,0x0:0x4;0x3998:0x5000,,candidate_spans_and_remaining_bytes_are_not_proven_code_data_classification
8017B000-9e547c33427e8175e828b1af1d05c875dbeaeb2834159b9dab59dc9a57f44351,20480,0,0,20480,0x0:0x5000,0x1F30,candidate_spans_and_remaining_bytes_are_not_proven_code_data_classification
8017B000-9eb039d544eb193d9fe31f5f079863c1b249f5dc67026a08dfe74a742ee8762b,20480,0,13596,6884,0x0:0x4;0x3520:0x5000,,candidate_spans_and_remaining_bytes_are_not_proven_code_data_classification
8017B000-9eb69b9dfcf166f240085fb6aa37c8d11e156751a14414e1eb7d26b042f29279,20480,14384,0,6096,0x0:0x4;0x3834:0x5000,,candidate_spans_and_remaining_bytes_are_not_proven_code_data_classification
8017B000-9ed226a212fd1735a27075ad4dd90dfe96c6d70a09b02a041b98397fe24857f5,20480,0,4440,16040,0x0:0x4;0x115C:0x5000,,candidate_spans_and_remaining_bytes_are_not_proven_code_data_classification
8017B000-9ed677576ae28c7863209f77bdeafbb7001be055c9e9cc0add7cc4157ab0341d,20480,0,6196,14284,0x0:0x4;0x1838:0x5000,,candidate_spans_and_remaining_bytes_are_not_proven_code_data_classification
8017B000-9f02f660bd41bc285810586661eded7be16c77f24ede5e7b3e990f872cec96cd,20480,0,5700,14780,0x0:0x4;0x1648:0x5000,,candidate_spans_and_remaining_bytes_are_not_proven_code_data_classification
8017B000-9f2c67d0b2fb43efd651f63be67d2882ffcca6b82dbf1865d476e9e9c9b7725b,20480,0,5292,15188,0x0:0x4;0x14B0:0x5000,,candidate_spans_and_remaining_bytes_are_not_proven_code_data_classification
8017B000-9f2c94dba7779a7a4e2f6c66bf9435368f6bcae8ceedf2de4ba9600e157ca1fd,20480,0,10312,10168,0x0:0x4;0x284C:0x5000,,candidate_spans_and_remaining_bytes_are_not_proven_code_data_classification
8017B000-9f46b40d953305700ecfbfbcd37afb45133975b2d1ec8a0e3377a89b599f0b54,20480,0,8412,12068,0x0:0x4;0x20E0:0x5000,,candidate_spans_and_remaining_bytes_are_not_proven_code_data_classification
8017B000-9f50d6cca8be32e33aa0cc429593a33c4bd59d72cf1c18c26945f026760e22af,20480,0,8188,12292,0x0:0x4;0x2000:0x5000,,candidate_spans_and_remaining_bytes_are_not_proven_code_data_classification
8017B000-9fab76cfe919b24f1e8e46a30fbe21088ee533af78d00cca7f94c98a88cd3b1a,20480,0,0,20480,0x0:0x5000,0x2358,candidate_spans_and_remaining_bytes_are_not_proven_code_data_classification
8017B000-a0484e92e0fd3a4b08389c5e1a727061ba1ab51986f1ee5b4acad53f47ee02e9,20480,0,0,20480,0x0:0x5000,0x2F68,candidate_spans_and_remaining_bytes_are_not_proven_code_data_classification
8017B000-a071ea8e6d996efc7bcfa689b1535f029b0c919fe58109a4f6175af5df72b482,20480,0,3296,17184,0x0:0x4;0xCE4:0x5000,,candidate_spans_and_remaining_bytes_are_not_proven_code_data_classification
8017B000-a0c5d2278aa102a9925c9ea636bd2f889cf18becd05d0e419d97f335caa0e976,20480,0,0,20480,0x0:0x5000,0x3F90,candidate_spans_and_remaining_bytes_are_not_proven_code_data_classification
8017B000-a0dae1ff75cbf227c9f2b258984ca0617166096738983d3ac47ee3528ea65c51,20480,0,6196,14284,0x0:0x4;0x1838:0x5000,,candidate_spans_and_remaining_bytes_are_not_proven_code_data_classification
8017B000-a150dc99d264c397dbe3bea03b983879e6b99fb18a7093118e5fd1b4a2c8f5b4,20480,0,7524,12956,0x0:0x4;0x1D68:0x5000,,candidate_spans_and_remaining_bytes_are_not_proven_code_data_classification
8017B000-a16fe1f5a3cd4489dd4bf95d958604248c4fa80b9ccf889064c792887c046c75,20480,0,6524,13956,0x0:0x4;0x1980:0x5000,,candidate_spans_and_remaining_bytes_are_not_proven_code_data_classification
8017B000-a19c8e267ea1a8a7a4e885633525bfa1dc654c815573e09541325eb580f12161,20480,0,8188,12292,0x0:0x4;0x2000:0x5000,0x2830,candidate_spans_and_remaining_bytes_are_not_proven_code_data_classification
8017B000-a19cd7be4c8394c253741b8b30c2e1f249fdea2776345a8e51eec3a14a9b8a5a,20480,0,6364,14116,0x0:0x4;0x18E0:0x5000,0x258C,candidate_spans_and_remaining_bytes_are_not_proven_code_data_classification
8017B000-a22deaefe4614faca221496d02b1e81216c4ac8a9ea0094cbded4194c931cb11,20480,0,18816,1664,0x0:0x4;0x4984:0x5000,,candidate_spans_and_remaining_bytes_are_not_proven_code_data_classification
8017B000-a23589b61c2052ea1bd53db002c948f5b70fc72913fab3fe7f3c38616da823b7,20480,0,0,20480,0x0:0x5000,0x2F68,candidate_spans_and_remaining_bytes_are_not_proven_code_data_classification
8017B000-a255fe5cd0f152e541222a950a5a6220daaf067e77c4211ebf42c075e8ed6755,20480,0,4160,16320,0x0:0x4;0x1044:0x5000,0x1DFC,candidate_spans_and_remaining_bytes_are_not_proven_code_data_classification
8017B000-a26b2a825e62b0750b82a4a4c693f804eb96ae8759376dfe296d7495a8a4a644,20480,0,7148,13332,0x0:0x4;0x1BF0:0x5000,0x32D8,candidate_spans_and_remaining_bytes_are_not_proven_code_data_classification
8017B000-a286ceacac491630303ddb31f5da6649565ab55161a5f5c9fec706b31993a8df,20480,0,6204,14276,0x0:0x4;0x1840:0x5000,,candidate_spans_and_remaining_bytes_are_not_proven_code_data_classification
8017B000-a2c7d945a08ed704affb9dcbe58031a1c5555bcb82ebb898edebf00a7f6965da,20480,0,0,20480,0x0:0x5000,0x19F0,candidate_spans_and_remaining_bytes_are_not_proven_code_data_classification
8017B000-a2fcf4fa292157b0d23e0856758103149f089c62bf7df89447cbf7b3695c50b7,20480,0,7500,12980,0x0:0x4;0x1D50:0x5000,0x2130;0x2A94;0x2F90;0x377C,candidate_spans_and_remaining_bytes_are_not_proven_code_data_classification
8017B000-a307a4e059524ad7fc6d3d407e55ce78c2335bd3a773feb7875d15331f616aef,20480,0,5292,15188,0x0:0x4;0x14B0:0x5000,,candidate_spans_and_remaining_bytes_are_not_proven_code_data_classification
8017B000-a3294e84daa86390684c9d5b83e18beaf13f387f3a3ea50b969e3ffe191110ec,20480,0,4656,15824,0x0:0x4;0x1234:0x5000,0x1C1C,candidate_spans_and_remaining_bytes_are_not_proven_code_data_classification
8017B000-a3a1bb5d727ff0fb4731a23d37478cc6184a1ef941436f29dfa3b89fef9f7576,20480,0,6204,14276,0x0:0x4;0x1840:0x5000,,candidate_spans_and_remaining_bytes_are_not_proven_code_data_classification
8017B000-a3d6b0bd8a6a39b64740e14b39190e0f81df02fe2906a366ca5a1afb6b5841b2,20480,0,3592,16888,0x0:0x4;0xE0C:0x5000,,candidate_spans_and_remaining_bytes_are_not_proven_code_data_classification
8017B000-a3f23ecc759e695432159f59cdef46aa147297546a6f5ae0e0a032933e0f5e33,20480,0,6196,14284,0x0:0x4;0x1838:0x5000,0x2FB8,candidate_spans_and_remaining_bytes_are_not_proven_code_data_classification
8017B000-a3f4a11931b1cc6df9499a4608053e662d6902bce42057065695ae88f5c00052,20480,0,13168,7312,0x0:0x4;0x3374:0x5000,,candidate_spans_and_remaining_bytes_are_not_proven_code_data_classification
8017B000-a434a4f84fe08200a2a47f799cbc3f0216203fed8de315c7ee2a5c985575ae18,20480,0,4260,16220,0x0:0x4;0x10A8:0x5000,0x2004,candidate_spans_and_remaining_bytes_are_not_proven_code_data_classification
8017B000-a4d281f554091cda8a5cd2bf71da1ab9dd30f9e53bcbd5615a5b07e6db3bf240,20480,0,0,20480,0x0:0x5000,0x2C24,candidate_spans_and_remaining_bytes_are_not_proven_code_data_classification
8017B000-a4fa99a573e90b5fe3672214c44782fac5c283504769809da19eb8833bfb268e,20480,0,11416,9064,0x0:0x4;0x2C9C:0x5000,,candidate_spans_and_remaining_bytes_are_not_proven_code_data_classification
8017B000-a4feea23dc71c7e1de4e7b4e1d8258662dae5c35339b88149cda724e5bd2ec31,20480,0,4260,16220,0x0:0x4;0x10A8:0x5000,0x20B8,candidate_spans_and_remaining_bytes_are_not_proven_code_data_classification
8017B000-a5560cc9ff37b85b31f96f565b1a77aeef8a1c5a2e26badd31981cb31ba6b5df,20480,11720,0,8760,0x0:0x4;0x2DCC:0x5000,,candidate_spans_and_remaining_bytes_are_not_proven_code_data_classification
8017B000-a5998c6b054874342611c2184c974292aa979fdc828912616b5ff2749baf92fe,20480,0,9400,11080,0x0:0x4;0x24BC:0x5000,,candidate_spans_and_remaining_bytes_are_not_proven_code_data_classification
8017B000-a5a6f0969fafa878c492e7fc3b047a4287b8a9c01da0897ca85821996c7a6959,20480,0,6420,14060,0x0:0x4;0x1918:0x5000,,candidate_spans_and_remaining_bytes_are_not_proven_code_data_classification
8017B000-a5a7ec52731e9ff01feb1bcc0092bc370fbb90fc239f4851b69f88fa3905b5be,20480,0,0,20480,0x0:0x5000,0x19F0,candidate_spans_and_remaining_bytes_are_not_proven_code_data_classification
8017B000-a5c3845694df578da9e61eccee4a17ca161e404ce230b69f70b4e0bc9a219c19,20480,0,5296,15184,0x0:0x4;0x14B4:0x5000,,candidate_spans_and_remaining_bytes_are_not_proven_code_data_classification
8017B000-a5d97dc0c613d3a68b07fbe3399fa256e47a55cdc44de55983a8ce5511f21421,20480,17732,0,2748,0x0:0x4;0x4548:0x5000,,candidate_spans_and_remaining_bytes_are_not_proven_code_data_classification
8017B000-a5e5b11a69a8b885a815f2935c0e17d94e310a1f4766a95086429537c0f585c3,20480,0,7032,13448,0x0:0x4;0x1B7C:0x5000,,candidate_spans_and_remaining_bytes_are_not_proven_code_data_classification
8017B000-a6135edceacbfbf4c89e84c9c82dcac1ed6fa32a6b8ff780a9ee9bbce9b69858,20480,0,8560,11920,0x0:0x4;0x2174:0x5000,,candidate_spans_and_remaining_bytes_are_not_proven_code_data_classification
8017B000-a626d25ce59e91df592ca8507af994699bb4d013e18cd9704448ab4b3e7ebf5e,20480,0,10312,10168,0x0:0x4;0x284C:0x5000,,candidate_spans_and_remaining_bytes_are_not_proven_code_data_classification
8017B000-a634cf85b53cf5ba281fcee056dc057af8ac97bbca59b413610006cf0343daf0,20480,0,0,20480,0x0:0x5000,0x2358,candidate_spans_and_remaining_bytes_are_not_proven_code_data_classification
8017B000-a679b46f37145fb56573c528f980696fa8d6b978c7f2e7e871e82ea4cc6487f8,20480,2384,0,18096,0x0:0x4;0x954:0x5000,0xE2C,candidate_spans_and_remaining_bytes_are_not_proven_code_data_classification
8017B000-a6a806f5f251a8e61ab9df904483c722bfb41ff0f2fbc676c9cf21d5bc62db86,20480,0,5348,15132,0x0:0x4;0x14E8:0x5000,0x1638;0x2B4C;0x4364,candidate_spans_and_remaining_bytes_are_not_proven_code_data_classification
8017B000-a6d0b4ef46d911c3555471f81e212b76e11970bdca3a869ab2cc5ad6ccb8aac1,20480,11896,0,8584,0x0:0x4;0x2E7C:0x5000,,candidate_spans_and_remaining_bytes_are_not_proven_code_data_classification
8017B000-a791e73bda4e73a0c906823ac33bffb36c359db6d7ee861629b3ca9934178b1e,20480,0,5188,15292,0x0:0x4;0x1448:0x5000,,candidate_spans_and_remaining_bytes_are_not_proven_code_data_classification
8017B000-a79d8204cb51ccb8ae43ff4b99754dbbde20a7d6c85d10c313245aadf5af9d36,20480,18256,0,2224,0x0:0x4;0x4754:0x5000,,candidate_spans_and_remaining_bytes_are_not_proven_code_data_classification
8017B000-a7a4ee1addf1699f93a1c4b8418c06885c4b906774d80874c890c5ff6148f32e,20480,0,9740,10740,0x0:0x4;0x2610:0x5000,0x26D0,candidate_spans_and_remaining_bytes_are_not_proven_code_data_classification
8017B000-a7a7120216231afb37d22c33c90d03214c54fcb3573cf4787fc3418c5ae4a84c,20480,0,7748,12732,0x0:0x4;0x1E48:0x5000,,candidate_spans_and_remaining_bytes_are_not_proven_code_data_classification
8017B000-a817cbfa9ca24de6f2f0c7a9dd6400ea1f0e9dab2d212a3cde4e5ab799b8b900,20480,0,2584,17896,0x0:0x4;0xA1C:0x5000,0x1284,candidate_spans_and_remaining_bytes_are_not_proven_code_data_classification
8017B000-a81e0ae1a25c3aca3691a0d2e7e1e6758d79d3f1081420568747afa96ef36560,20480,10440,0,10040,0x0:0x4;0x28CC:0x5000,0x2E0C;0x3394;0x3E68,candidate_spans_and_remaining_bytes_are_not_proven_code_data_classification
8017B000-a8fc2e64ba32b0144bc04189126014a5efbca19bac0347ca67a555de88845c8a,20480,0,9260,11220,0x0:0x4;0x2430:0x5000,,candidate_spans_and_remaining_bytes_are_not_proven_code_data_classification
8017B000-a909561edf4395ac5c5267a6a27d80185cf9f384f92475663529cb8378a451e1,20480,0,2584,17896,0x0:0x4;0xA1C:0x5000,,candidate_spans_and_remaining_bytes_are_not_proven_code_data_classification
8017B000-a976dfeb2f02794f440b256d578a3d77a8a6c46cdae4923c29eaf0050d9c6011,20480,0,0,20480,0x0:0x5000,0x32A8,candidate_spans_and_remaining_bytes_are_not_proven_code_data_classification
8017B000-a98113f8573803da53bd74d2bc1bb270345c35c5297f61cad9f693064d8b51de,20480,0,6196,14284,0x0:0x4;0x1838:0x5000,0x2FB8,candidate_spans_and_remaining_bytes_are_not_proven_code_data_classification
8017B000-a996e523d125700504c82056dccd361bc48cd135f1583493212aa51e9ca2041c,20480,0,4232,16248,0x0:0x4;0x108C:0x5000,0x1C40,candidate_spans_and_remaining_bytes_are_not_proven_code_data_classification
8017B000-a99dc75dec49ef815f8683a1881be8413eae77e4c3fcd551199bb7a1c84acd80,20480,0,4532,15948,0x0:0x4;0x11B8:0x5000,0x14A4;0x2004,candidate_spans_and_remaining_bytes_are_not_proven_code_data_classification
8017B000-a9e5b00399fddaede42a55d693df009b4bef3890e364bc0da95e2d9a3c010986,20480,0,7508,12972,0x0:0x4;0x1D58:0x5000,,candidate_spans_and_remaining_bytes_are_not_proven_code_data_classification
8017B000-a9e7730e7b2c941d24bc09a9d4ff27ac7973824c690ab31921578017993d0385,20480,0,4160,16320,0x0:0x4;0x1044:0x5000,0x1DFC,candidate_spans_and_remaining_bytes_are_not_proven_code_data_classification
8017B000-a9e9e911b526933c341b58759a499c4a275ca266cc013a2a37b8d57345952c87,20480,0,6700,13780,0x0:0x4;0x1A30:0x5000,,candidate_spans_and_remaining_bytes_are_not_proven_code_data_classification
8017B000-aa6385d0d7f2259dda3cef4a8491c82b738b910e47e276d16d05cfb33f75853f,20480,6320,0,14160,0x0:0x4;0x18B4:0x5000,,candidate_spans_and_remaining_bytes_are_not_proven_code_data_classification
8017B000-aa63b32fb51f73e3616554e6e9699aeb9f3ba9613e699254f787a336ceea4c15,20480,0,11112,9368,0x0:0x4;0x2B6C:0x5000,,candidate_spans_and_remaining_bytes_are_not_proven_code_data_classification
8017B000-aa7c6d80f8fc1135f3de8a2b6b0b2e214521a994849063067704dd40684c4a40,20480,0,0,20480,0x0:0x5000,0x3590,candidate_spans_and_remaining_bytes_are_not_proven_code_data_classification
8017B000-aab46d034aa5b71e78fc6917d9cbae9cb40bd291afbe22e6373d04f73fdf4e80,20480,0,5292,15188,0x0:0x4;0x14B0:0x5000,,candidate_spans_and_remaining_bytes_are_not_proven_code_data_classification
8017B000-aad5f66670b5a0941c45f3099dd0ef7eccc3f50e7862bd0e166c2323ce49fd20,20480,0,10040,10440,0x0:0x4;0x273C:0x5000,0x4A88,candidate_spans_and_remaining_bytes_are_not_proven_code_data_classification
8017B000-ab1c69835ca1208a28c3533135861f10255ce4be2edd8f5d21c9f9061b6f5c55,20480,0,9164,11316,0x0:0x4;0x23D0:0x5000,,candidate_spans_and_remaining_bytes_are_not_proven_code_data_classification
8017B000-abdb0fdc508dc1865bfb57cdde32cd3ffcb96190e4ef8298dd4e019175fa14fd,20480,0,0,20480,0x0:0x5000,0x44A4,candidate_spans_and_remaining_bytes_are_not_proven_code_data_classification
8017B000-abfc90273dff193bac9ac675bb2c8b0f2e5dc60a9325ebf2c9338fd2ab75941b,20480,14740,0,5740,0x0:0x4;0x3998:0x5000,,candidate_spans_and_remaining_bytes_are_not_proven_code_data_classification
8017B000-ac0edc7ca617f7505a5575f4abd6ad069b33b54e0b25d89d5ee93a3edb92a0c7,20480,0,4068,16412,0x0:0x4;0xFE8:0x5000,0x258C,candidate_spans_and_remaining_bytes_are_not_proven_code_data_classification
8017B000-ac76a662910b3559e272f7dceb061286f30a8ec573e5d5807750a3e50b2aff85,20480,17308,0,3172,0x0:0x4;0x43A0:0x5000,,candidate_spans_and_remaining_bytes_are_not_proven_code_data_classification
8017B000-aca043c5b793afc2388dbf0e9fadd97baac784a07198826fc281e8c6b4f14087,20480,18256,0,2224,0x0:0x4;0x4754:0x5000,,candidate_spans_and_remaining_bytes_are_not_proven_code_data_classification
8017B000-acf36489a36e7df35be47fcaa58393674e1ba60d69d5d62384fc7eaf6c29240f,20480,0,9132,11348,0x0:0x4;0x23B0:0x5000,,candidate_spans_and_remaining_bytes_are_not_proven_code_data_classification
8017B000-ad8d43293df7f28c8d2537e975bdf4aed5f125a85eac8b09c230acc5a6d27986,20480,0,10572,9908,0x0:0x4;0x2950:0x5000,,candidate_spans_and_remaining_bytes_are_not_proven_code_data_classification
8017B000-adad3bab808e1b10d12e85218e5fc031299269d0a65b439a179357013e9eede4,20480,0,6488,13992,0x0:0x4;0x195C:0x5000,0x328C,candidate_spans_and_remaining_bytes_are_not_proven_code_data_classification
8017B000-adef7bd98924d8988b4b0435d92e467405c6116c817aac5bd887525fe0fd43a2,20480,0,8412,12068,0x0:0x4;0x20E0:0x5000,,candidate_spans_and_remaining_bytes_are_not_proven_code_data_classification
8017B000-adf50d8b8c7d0d9aa5207eb80d6dabf292fb2cf7a53b213e2a63b50a38c327b5,20480,0,0,20480,0x0:0x5000,0x1F30,candidate_spans_and_remaining_bytes_are_not_proven_code_data_classification
8017B000-ae327442d2667e8a6f5c50018cb8c486152128dfa8069793364798412294d0e6,20480,0,8732,11748,0x0:0x4;0x2220:0x5000,,candidate_spans_and_remaining_bytes_are_not_proven_code_data_classification
8017B000-ae33e8a5617b5c3d64183fd7b416901688b687b57b944a23abed1e517994ce61,20480,0,6196,14284,0x0:0x4;0x1838:0x5000,0x2FB8,candidate_spans_and_remaining_bytes_are_not_proven_code_data_classification
8017B000-ae956afc87b4a6ab70cf28d7226d5c7d64f20d45291f28fa6106fdba9819eb7b,20480,0,4704,15776,0x0:0x4;0x1264:0x5000,0x1358,candidate_spans_and_remaining_bytes_are_not_proven_code_data_classification
8017B000-aeddff4e92157a8cc9837ca6c5e9add4080db0737d4a51506d41f0c03052ca13,20480,0,8724,11756,0x0:0x4;0x2218:0x5000,0x2454,candidate_spans_and_remaining_bytes_are_not_proven_code_data_classification
8017B000-aefdba419c88418c34ee33f129e359a5c2c8a4ace4b9e3b5da21797cdb143021,20480,0,6196,14284,0x0:0x4;0x1838:0x5000,0x2FB8,candidate_spans_and_remaining_bytes_are_not_proven_code_data_classification
8017B000-af154f46a36d17d7dcbb231c6d37c4ce99d8d091c4c6fa542c50fb4ee825b8db,20480,0,7612,12868,0x0:0x4;0x1DC0:0x5000,,candidate_spans_and_remaining_bytes_are_not_proven_code_data_classification
8017B000-afa35287dbf366d627e439aa0566f579066cd1d444ab495214b2af1d9f8a9e9a,20480,0,11792,8688,0x0:0x4;0x2E14:0x5000,0x3164;0x3870;0x3B84;0x3F04;0x426C,candidate_spans_and_remaining_bytes_are_not_proven_code_data_classification
8017B000-b012914dbdfac480f7aedc61e25dc85975e24674f91600647c76ec497cd7c6ba,20480,13712,0,6768,0x0:0x4;0x3594:0x5000,,candidate_spans_and_remaining_bytes_are_not_proven_code_data_classification
8017B000-b05a302ff8a9247f35dc2573baed0257ae3ed95bb5845f43edea119e3a82cb35,20480,0,5560,14920,0x0:0x4;0x15BC:0x5000,0x197C,candidate_spans_and_remaining_bytes_are_not_proven_code_data_classification
8017B000-b0bb3c5dfdc246d30bf69b868ac7491d7f459c7e2b2c63ac3692d8d63baeb599,20480,0,0,20480,0x0:0x5000,0x4DC4,candidate_spans_and_remaining_bytes_are_not_proven_code_data_classification
8017B000-b0f14215678ee5af63c1c312e1b7b289edd29a711e07cf10a295b6a8423bc4c0,20480,6320,0,14160,0x0:0x4;0x18B4:0x5000,,candidate_spans_and_remaining_bytes_are_not_proven_code_data_classification
8017B000-b11fd8faf8d4c25e661b2a0c09d2bc05f820f4e8425b747c8baaf243997a67fe,20480,0,4080,16400,0x0:0x4;0xFF4:0x5000,,candidate_spans_and_remaining_bytes_are_not_proven_code_data_classification
8017B000-b167cb2af9e98adc65e89006b95176ba9dd2526a1728ef53ef3f91f2b5c188e2,20480,0,9452,11028,0x0:0x4;0x24F0:0x5000,,candidate_spans_and_remaining_bytes_are_not_proven_code_data_classification
8017B000-b1794b15040c34aa4c9dd17131c126ecbaf90e04882e59c23baea380a360e95e,20480,0,0,20480,0x0:0x5000,0x3CD8,candidate_spans_and_remaining_bytes_are_not_proven_code_data_classification
8017B000-b1f32d6e25ccb6b5ca8de63996485ca0e527836fc6e857cd1ca1f00fccb8836e,20480,0,4788,15692,0x0:0x4;0x12B8:0x5000,,candidate_spans_and_remaining_bytes_are_not_proven_code_data_classification
8017B000-b20c6557a104c4192b8afd2df97f0a67eb9514b5aba80c36cf7ceee45d21d3da,20480,18256,0,2224,0x0:0x4;0x4754:0x5000,,candidate_spans_and_remaining_bytes_are_not_proven_code_data_classification
8017B000-b28479fbb7aab4c0d8d5da649efe3391af6098852010baa229983350352e885e,20480,0,9452,11028,0x0:0x4;0x24F0:0x5000,,candidate_spans_and_remaining_bytes_are_not_proven_code_data_classification
8017B000-b287a64065c2d46a7f07ab129bd391c954ac3a5f4eb18662c454e70b8ea35a81,20480,13712,0,6768,0x0:0x4;0x3594:0x5000,,candidate_spans_and_remaining_bytes_are_not_proven_code_data_classification
8017B000-b2a3a0b619802d76977f1dfbf6070fdab966a6dd1f8d8b3789d2778bb91f2d98,20480,0,9140,11340,0x0:0x4;0x23B8:0x5000,,candidate_spans_and_remaining_bytes_are_not_proven_code_data_classification
8017B000-b2a6aed562d5b25327a9ca7380dddc8bc88f33b762412154a50298281f1500cc,20480,0,3296,17184,0x0:0x4;0xCE4:0x5000,,candidate_spans_and_remaining_bytes_are_not_proven_code_data_classification
8017B000-b2b722f488faa2689b1d96dcd06fbb1bdbf1c3a30105ba8004b1f7620983a8d4,20480,0,0,20480,0x0:0x5000,0x19F0,candidate_spans_and_remaining_bytes_are_not_proven_code_data_classification
8017B000-b2d57872f87d474808c0f023c45a20459acc80790817b9211fc79a598e395f62,20480,0,13600,6880,0x0:0x4;0x3524:0x5000,,candidate_spans_and_remaining_bytes_are_not_proven_code_data_classification
8017B000-b35a2b5b809c1b1af9614e4d3a5d3b581f99b40e6b985b33c0fc8076ba0d9ca2,20480,6320,0,14160,0x0:0x4;0x18B4:0x5000,,candidate_spans_and_remaining_bytes_are_not_proven_code_data_classification
8017B000-b3976198400a29bd7f7ee868871fbe80ec9ecd68590db0381a92f83d0dcd4008,20480,12212,0,8268,0x0:0x4;0x2FB8:0x5000,0x3D04,candidate_spans_and_remaining_bytes_are_not_proven_code_data_classification
8017B000-b3a03cc3e1608417e035a67ba7567442bdbff253a7b8ef259999f90cf4f40e10,20480,8024,0,12456,0x0:0x4;0x1F5C:0x5000,,candidate_spans_and_remaining_bytes_are_not_proven_code_data_classification
8017B000-b407fe0d4e92270643617dabb47a92723b3cdac935ce5fdc52293c46e201d5e2,20480,0,6488,13992,0x0:0x4;0x195C:0x5000,0x328C,candidate_spans_and_remaining_bytes_are_not_proven_code_data_classification
8017B000-b42790558e5680a4c4d36ff8bc1ab290db1bfb597911602fbdbd2445e0abeca8,20480,0,0,20480,0x0:0x5000,0x32A8,candidate_spans_and_remaining_bytes_are_not_proven_code_data_classification
8017B000-b47061afead4d40ff12023cd3b7d5153c996e882be07db24786088af7e421897,20480,0,4840,15640,0x0:0x4;0x12EC:0x5000,,candidate_spans_and_remaining_bytes_are_not_proven_code_data_classification
8017B000-b479b52125ea415573de11aac14f059c93b22bca62cf91fb3b5b9d67e79f28c4,20480,0,0,20480,0x0:0x5000,0x44A4,candidate_spans_and_remaining_bytes_are_not_proven_code_data_classification
8017B000-b481d2d304a62a24352cf88f0b549cca9b607bbbbebbf9a663f8378d47d4c4c6,20480,0,3756,16724,0x0:0x4;0xEB0:0x5000,0x10E0,candidate_spans_and_remaining_bytes_are_not_proven_code_data_classification
8017B000-b4a6a3abad1087999493b97c1266de06deccf17578517683089884a9560ce4d2,20480,0,8412,12068,0x0:0x4;0x20E0:0x5000,,candidate_spans_and_remaining_bytes_are_not_proven_code_data_classification
8017B000-b5066a89b5b5870477ecf9f800b0ed81b45bdfd5337df9a963ff1a6974e58303,20480,0,4976,15504,0x0:0x4;0x1374:0x5000,,candidate_spans_and_remaining_bytes_are_not_proven_code_data_classification
8017B000-b54f522848f3c8ceefc3ba822a36fa726702ebd378f1e69e05906d80cd33c3bc,20480,0,13896,6584,0x0:0x4;0x364C:0x5000,,candidate_spans_and_remaining_bytes_are_not_proven_code_data_classification
8017B000-b5673453fdf87c62fe63c191f05b12b256612a9a62db1b5bd40528d89e6d286f,20480,0,8836,11644,0x0:0x4;0x2288:0x5000,,candidate_spans_and_remaining_bytes_are_not_proven_code_data_classification
8017B000-b591e0fe0a190a5d444bf3eca3ed511e2e989470502f069ba81b1df7ce792057,20480,0,6488,13992,0x0:0x4;0x195C:0x5000,,candidate_spans_and_remaining_bytes_are_not_proven_code_data_classification
8017B000-b636b38dc288a118f949993f403a01221d02254acad39c4d1488db76fd0a0409,20480,0,11156,9324,0x0:0x4;0x2B98:0x5000,,candidate_spans_and_remaining_bytes_are_not_proven_code_data_classification
8017B000-b64a26fc09352366ef77bf215a45434357cc90f368994afadfd9faa3d3c4c996,20480,0,6196,14284,0x0:0x4;0x1838:0x5000,,candidate_spans_and_remaining_bytes_are_not_proven_code_data_classification
8017B000-b66dfc8420f20798678aa40ff15e9eb98d4248cf92db8b687d1d919071c980f7,20480,0,6900,13580,0x0:0x4;0x1AF8:0x5000,,candidate_spans_and_remaining_bytes_are_not_proven_code_data_classification
8017B000-b66e88021683a0824ff19a2a0853274ba7acce3078239d7ae5af89984acb018c,20480,0,8412,12068,0x0:0x4;0x20E0:0x5000,,candidate_spans_and_remaining_bytes_are_not_proven_code_data_classification
8017B000-b684ef3850d65eb80739a43b69b4d3d42593d429211c85101c172251ab5e51bd,20480,0,7060,13420,0x0:0x4;0x1B98:0x5000,,candidate_spans_and_remaining_bytes_are_not_proven_code_data_classification
8017B000-b6c41567f68edeb47fb3c4e7493db8d86ee7af05cd7348c49d7ae34ce7c516f3,20480,0,6940,13540,0x0:0x4;0x1B20:0x5000,,candidate_spans_and_remaining_bytes_are_not_proven_code_data_classification
8017B000-b6c8aba4bc06424f42acdf8243f95297b3460ed193d3e694ea4809cfea3fb0f8,20480,0,11752,8728,0x0:0x4;0x2DEC:0x5000,,candidate_spans_and_remaining_bytes_are_not_proven_code_data_classification
8017B000-b6f3be6f0c042be202ee399bd0266db59d50768bd6dd56c2a7681d51b59d9d0d,20480,0,3316,17164,0x0:0x4;0xCF8:0x5000,0x161C,candidate_spans_and_remaining_bytes_are_not_proven_code_data_classification
8017B000-b6f8ddf711115fb1f7ef5c9639650bf3a9e86185f6e2ee4c45b41f3dd11cff99,20480,0,2904,17576,0x0:0x4;0xB5C:0x5000,0xF3C;0x1364;0x1850;0x1CA4,candidate_spans_and_remaining_bytes_are_not_proven_code_data_classification
8017B000-b714e4178c22e95a4058e6362d15e4961ad890a651d58a1d1245d26ded314571,20480,0,13600,6880,0x0:0x4;0x3524:0x5000,,candidate_spans_and_remaining_bytes_are_not_proven_code_data_classification
8017B000-b73e8deb470a54a672a462713498f84ccf3c035490210b0f224187f8edb7a3d8,20480,0,3144,17336,0x0:0x4;0xC4C:0x5000,0xFD4,candidate_spans_and_remaining_bytes_are_not_proven_code_data_classification
8017B000-b7448af01799c241308514092ba39cf084a68c0f8a6db282032be611153a7f4c,20480,12212,0,8268,0x0:0x4;0x2FB8:0x5000,,candidate_spans_and_remaining_bytes_are_not_proven_code_data_classification
8017B000-b7982a0712a7c0b7b4316fdb67b93ac093ff9e1047765f3aeef144671fc9dd68,20480,0,4440,16040,0x0:0x4;0x115C:0x5000,0x1954;0x49C8;0x4D68,candidate_spans_and_remaining_bytes_are_not_proven_code_data_classification
8017B000-b798bca3c99a7d68bd2061c6074230a98826155779e6b1f1f086ccc53c850dcf,20480,0,8412,12068,0x0:0x4;0x20E0:0x5000,,candidate_spans_and_remaining_bytes_are_not_proven_code_data_classification
8017B000-b7abb02f79174ff9c0577b87f81939f8b422950c5f64a9b9849692356012ec3b,20480,0,8036,12444,0x0:0x4;0x1F68:0x5000,,candidate_spans_and_remaining_bytes_are_not_proven_code_data_classification
8017B000-b7d94546042d589950620c3c5d99b92954a20314c1f0a02f7a13fb572c4a83e5,20480,0,8892,11588,0x0:0x4;0x22C0:0x5000,0x3D2C,candidate_spans_and_remaining_bytes_are_not_proven_code_data_classification
8017B000-b857153070e294ec59a071fb34268df323c8d284f95dc43cbc87578da56db37f,20480,0,0,20480,0x0:0x5000,0x3CD8,candidate_spans_and_remaining_bytes_are_not_proven_code_data_classification
8017B000-b85754102308ebdf3741a20d2f86e67968bf561580fd15a05cce58506d36b6fb,20480,0,5660,14820,0x0:0x4;0x1620:0x5000,0x1A04,candidate_spans_and_remaining_bytes_are_not_proven_code_data_classification
8017B000-b881545c03f191e850fe5b442e6a211cbaee0a1d38f57edceb8167cff6e2d66b,20480,0,6772,13708,0x0:0x4;0x1A78:0x5000,0x23F0,candidate_spans_and_remaining_bytes_are_not_proven_code_data_classification
8017B000-b8c5800cac4a5f7060ddf030f897fc26f66fb9f58c3f191f84414d898e282c06,20480,13168,0,7312,0x0:0x4;0x3374:0x5000,,candidate_spans_and_remaining_bytes_are_not_proven_code_data_classification
8017B000-b9321015b0c6b7d0d1e0843a2b049413d1747859b50141852e364ebd91d951b7,20480,6320,0,14160,0x0:0x4;0x18B4:0x5000,,candidate_spans_and_remaining_bytes_are_not_proven_code_data_classification
8017B000-b945835f50833935a2a0417c879a633e009b8c2a6fcb5ec30a1812fa36c17737,20480,0,4440,16040,0x0:0x4;0x115C:0x5000,,candidate_spans_and_remaining_bytes_are_not_proven_code_data_classification
8017B000-b98dbd941cc9c29c77050ddf32311be948111f777512e2a8c4cbbba176f2117a,20480,0,8412,12068,0x0:0x4;0x20E0:0x5000,,candidate_spans_and_remaining_bytes_are_not_proven_code_data_classification
8017B000-b9f0eff03864f93864274cf784fa19eedd1ce4f36c5d1e59568b19d96ae475a4,20480,0,15056,5424,0x0:0x4;0x3AD4:0x5000,,candidate_spans_and_remaining_bytes_are_not_proven_code_data_classification
8017B000-ba819a92a024a86f17617ed6b4d1495ed3922d18619f21c146d2c30ee203c692,20480,0,9164,11316,0x0:0x4;0x23D0:0x5000,,candidate_spans_and_remaining_bytes_are_not_proven_code_data_classification
8017B000-ba9a59acdbf32d71ae8ec004eeb1ffa0f1b73b4d11d9ee7adbf1bcd12625deff,20480,0,6900,13580,0x0:0x4;0x1AF8:0x5000,,candidate_spans_and_remaining_bytes_are_not_proven_code_data_classification
8017B000-baed51477981ea6db097a9480f7c52f3a0d38355381d5ba2555527c4062dfaa5,20480,0,4440,16040,0x0:0x4;0x115C:0x5000,,candidate_spans_and_remaining_bytes_are_not_proven_code_data_classification
8017B000-bb480fa912b82067a621916aa17fcab4faf43579378cfc98eb3e17b01ce86657,20480,0,6204,14276,0x0:0x4;0x1840:0x5000,0x2914,candidate_spans_and_remaining_bytes_are_not_proven_code_data_classification
8017B000-bb51813ab8d3c17b79442504d0f97875f6da95082908bad19f9c67cc396460dc,20480,0,0,20480,0x0:0x5000,0x19F0,candidate_spans_and_remaining_bytes_are_not_proven_code_data_classification
8017B000-bb5d6422e9ed7bf7e827c85b8a813bb19f4436fcd8b7778ae84c0db669b3b637,20480,0,15612,4868,0x0:0x4;0x3D00:0x5000,,candidate_spans_and_remaining_bytes_are_not_proven_code_data_classification
8017B000-bbac4446f0f6b4a8d97b8caa3468ed4eb68f52686de074b825cfdbd8dd4740c1,20480,0,9452,11028,0x0:0x4;0x24F0:0x5000,,candidate_spans_and_remaining_bytes_are_not_proven_code_data_classification
8017B000-bc35b5dfa11008ad738635b16e1feb06731b02e4e612f3b8b2e82c58d6f8c3dc,20480,0,8836,11644,0x0:0x4;0x2288:0x5000,,candidate_spans_and_remaining_bytes_are_not_proven_code_data_classification
8017B000-bc370b4a1acf4d122086cb1870d830d665a79c67e69d0c03b62bc52e5a3ccac6,20480,0,6524,13956,0x0:0x4;0x1980:0x5000,0x3844,candidate_spans_and_remaining_bytes_are_not_proven_code_data_classification
8017B000-bca79dd666c11e685ca382451ffcbf25d05d27c326da4afdcd8a3fa48f632c56,20480,0,6524,13956,0x0:0x4;0x1980:0x5000,0x3844,candidate_spans_and_remaining_bytes_are_not_proven_code_data_classification
8017B000-bcc28f9293acd66f0ea42c1f3e9ad51fd0591fa24eb03ebb44305cf7fdb8b055,20480,16108,0,4372,0x0:0x4;0x3EF0:0x5000,,candidate_spans_and_remaining_bytes_are_not_proven_code_data_classification
8017B000-bcc6b0b685f530b3e8bc234f03e61f291af9058159f0baef62dd4ca8ac25549d,20480,0,13596,6884,0x0:0x4;0x3520:0x5000,,candidate_spans_and_remaining_bytes_are_not_proven_code_data_classification
8017B000-bcd0424823386351a3cf5ec57bfbb3a04c1fd3b94b2a5b5f3bcdec7c451b26da,20480,0,8188,12292,0x0:0x4;0x2000:0x5000,,candidate_spans_and_remaining_bytes_are_not_proven_code_data_classification
8017B000-bd1defe68176084b7d90d843c68d5f57f30f989e7fffd7fdfc51a38e1c594c03,20480,0,0,20480,0x0:0x5000,0x2C24,candidate_spans_and_remaining_bytes_are_not_proven_code_data_classification
8017B000-bd2010c3d5eed764dd1abe4622859fe4a64ff10fda643ef4d4af0ca0cae30d0a,20480,0,11252,9228,0x0:0x4;0x2BF8:0x5000,,candidate_spans_and_remaining_bytes_are_not_proven_code_data_classification
8017B000-bd3187ad6831d5d0fc5a246dfd528ec4f4dbe997cdfcf9077b375bce06141259,20480,0,15364,5116,0x0:0x4;0x3C08:0x5000,,candidate_spans_and_remaining_bytes_are_not_proven_code_data_classification
8017B000-bd5af8998e6db72de975ec0b53d0c4562a70f4193604e826244074643dfed648,20480,0,13496,6984,0x0:0x4;0x34BC:0x5000,,candidate_spans_and_remaining_bytes_are_not_proven_code_data_classification
8017B000-bdf5a44021d705125b924fcf0b909613cea5abe4d931f426de6cce33cf4be7f4,20480,0,8412,12068,0x0:0x4;0x20E0:0x5000,,candidate_spans_and_remaining_bytes_are_not_proven_code_data_classification
8017B000-be3c209832cfb1729212b008b8994044b9e26c7ad85540d29f15492f09fa6768,20480,2384,0,18096,0x0:0x4;0x954:0x5000,0xE2C;0x1004;0x2004,candidate_spans_and_remaining_bytes_are_not_proven_code_data_classification
8017B000-be5e0cca9e921d0c27feac8ffc12412d2e5e0ab4c7e313e5406cb3bf41f91140,20480,0,2584,17896,0x0:0x4;0xA1C:0x5000,0x1284,candidate_spans_and_remaining_bytes_are_not_proven_code_data_classification
8017B000-be663168d090711ad1279b52c204f25babdb01ac8afd77d437a6b7da409984d4,20480,0,6712,13768,0x0:0x4;0x1A3C:0x5000,,candidate_spans_and_remaining_bytes_are_not_proven_code_data_classification
8017B000-bea018bb6e099600e9047ff85e5c9b27f831a8834d1a452c0a88dcb5a5276003,20480,0,0,20480,0x0:0x5000,0x19F0,candidate_spans_and_remaining_bytes_are_not_proven_code_data_classification
8017B000-beae843fbf2751441d9e9b4a3e5697b8b36c4a746e7ac8bda705f07ed3b1df80,20480,0,6524,13956,0x0:0x4;0x1980:0x5000,0x3844,candidate_spans_and_remaining_bytes_are_not_proven_code_data_classification
8017B000-bf03bcf028b1c8f735c54caa8529a3fa269a5d1096701495af29d2b2604acbe6,20480,0,8052,12428,0x0:0x4;0x1C4C:0x44D0;0x47FC:0x5000,0x2284;0x3730;0x4070;0x44C8,candidate_spans_and_remaining_bytes_are_not_proven_code_data_classification
8017B000-bf0b20f786a7863539147f768e63216653febf524bec50925daf4633a80c2a16,20480,0,11752,8728,0x0:0x4;0x2DEC:0x5000,,candidate_spans_and_remaining_bytes_are_not_proven_code_data_classification
8017B000-bf0fc59f921609eb368fab289955fc5e3996ca78f4d2e77ddfa3632354a61b39,20480,0,6516,13964,0x0:0x4;0x1978:0x5000,,candidate_spans_and_remaining_bytes_are_not_proven_code_data_classification
8017B000-bf411203db59ecc879d28aaa44decabe97287e3a3a1592b6e651824a89a21368,20480,0,6276,14204,0x0:0x4;0x1888:0x5000,,candidate_spans_and_remaining_bytes_are_not_proven_code_data_classification
8017B000-bf8c2d163cf6ff0c367c94ad15c475ef2eb68bb0c8ad034064cf0450a64dba72,20480,16488,0,3992,0x0:0x4;0x406C:0x5000,,candidate_spans_and_remaining_bytes_are_not_proven_code_data_classification
8017B000-c0174f43380efd44881832b916a78fbff79ad56b402f0d8afc63f51933ec6304,20480,0,0,20480,0x0:0x5000,0x3CD8,candidate_spans_and_remaining_bytes_are_not_proven_code_data_classification
8017B000-c05ed6002fd6576e3f48d325d2f93ec9248eefdcf630a5bbc709c9fbe69b6c4a,20480,0,5860,14620,0x0:0x4;0x16E8:0x5000,0x1D14,candidate_spans_and_remaining_bytes_are_not_proven_code_data_classification
8017B000-c0803e32c627a64ebb5cad9e6a03bbbfe00e6e22b8c23686b2c7fbbe651e28bf,20480,0,5004,15476,0x0:0x4;0x1390:0x5000,0x2004,candidate_spans_and_remaining_bytes_are_not_proven_code_data_classification
8017B000-c09384e0f42ce1209f047d8d5d4283d3881f050a79cdd5587c46539b8a57da0e,20480,0,6420,14060,0x0:0x4;0x1918:0x5000,,candidate_spans_and_remaining_bytes_are_not_proven_code_data_classification
8017B000-c12ca36f8fa53699bfb4a9bcfe4329f195cb1f44f0e20eebb2f7c7ca8d9c9b05,20480,0,14340,6140,0x0:0x4;0x3808:0x5000,,candidate_spans_and_remaining_bytes_are_not_proven_code_data_classification
8017B000-c1b0d863c0081cebcdec1d740774c54b9a7356250798742e0a29a668b091cbe8,20480,0,8412,12068,0x0:0x4;0x20E0:0x5000,,candidate_spans_and_remaining_bytes_are_not_proven_code_data_classification
8017B000-c22ef3dd24d14d51d88a4d339e71182443b8bde1a854a0a4098150ac1fce8327,20480,0,8364,12116,0x0:0x4;0x20B0:0x5000,,candidate_spans_and_remaining_bytes_are_not_proven_code_data_classification
8017B000-c24ee641a56572bbfc0e40dc72f66b9b9f5913a061e5ac2453aeaccf4693214f,20480,0,3824,16656,0x0:0x4;0xEF4:0x5000,,candidate_spans_and_remaining_bytes_are_not_proven_code_data_classification
8017B000-c311799f7dfb9917ec66e083d7afa5ac84659e5274a8d5915067461df38ff194,20480,17232,0,3248,0x0:0x4;0x4354:0x5000,,candidate_spans_and_remaining_bytes_are_not_proven_code_data_classification
8017B000-c32cdda7c40e7a1d209c2ac0ee9e9b9dd7a144c7f4bccb1c42fc0952226376d3,20480,0,4260,16220,0x0:0x4;0x10A8:0x5000,0x20B8,candidate_spans_and_remaining_bytes_are_not_proven_code_data_classification
8017B000-c3593e5e12cbbf151b08e8d0a6bfdd6a9abceb8958f0e8d06e2a4b75c7541398,20480,6320,0,14160,0x0:0x4;0x18B4:0x5000,,candidate_spans_and_remaining_bytes_are_not_proven_code_data_classification
8017B000-c35cc2267e1455f27e386766ba614a0e89f9b205778ec9dbb8842651ecd8dca6,20480,0,8188,12292,0x0:0x4;0x2000:0x5000,,candidate_spans_and_remaining_bytes_are_not_proven_code_data_classification
8017B000-c386d5784a8b513613002ecb924e5ea3ff3c827a3a00478b72dd835402a766fc,20480,0,0,20480,0x0:0x5000,0x3CD8,candidate_spans_and_remaining_bytes_are_not_proven_code_data_classification
8017B000-c3bd44d9884df1e0fa6e2d5ae670f57b6d912cbf937fb8d83d279950c3ecbbd9,20480,0,6572,13908,0x0:0x4;0x19B0:0x5000,0x2DCC,candidate_spans_and_remaining_bytes_are_not_proven_code_data_classification
8017B000-c3db7926d652db44872e2862318f558470ce510928b137a04cc11d4cba5c47c2,20480,0,5340,15140,0x0:0x4;0x10B4:0x3520;0x394C:0x5000,0x18C4;0x2178;0x26D8;0x3008;0x3518,candidate_spans_and_remaining_bytes_are_not_proven_code_data_classification
8017B000-c40396d2f89c4f97a6a8534bb1b4cde6e195da0cbef67ca67d4bda8cd0b093d9,20480,0,10956,9524,0x0:0x4;0x2AD0:0x5000,,candidate_spans_and_remaining_bytes_are_not_proven_code_data_classification
8017B000-c438bfcc93cd11d5a4369ff3a3c674ddbc0ae5eaa660ea351fa87cd532910067,20480,0,5660,14820,0x0:0x4;0x1620:0x5000,0x1A04,candidate_spans_and_remaining_bytes_are_not_proven_code_data_classification
8017B000-c55dd1f052a49139925676d357439c5e20d66e9b013c033debc2a97cf24f9d93,20480,0,3144,17336,0x0:0x4;0xC4C:0x5000,,candidate_spans_and_remaining_bytes_are_not_proven_code_data_classification
8017B000-c5a6c8e083ea349470dc690d98f8719f07494a700d24bdfc94d644d2f818ab45,20480,2384,0,18096,0x0:0x4;0x954:0x5000,0xE2C,candidate_spans_and_remaining_bytes_are_not_proven_code_data_classification
8017B000-c5b50e31e01f4a3d20c601a5111817e042adc2380834a0a7761f5475a43edd13,20480,0,6196,14284,0x0:0x4;0x1838:0x5000,,candidate_spans_and_remaining_bytes_are_not_proven_code_data_classification
8017B000-c63bd1ef8b26b5d1dbf1044324a9d3dd5639729ab99d43d4439a3444a19eb2e0,20480,0,8412,12068,0x0:0x4;0x20E0:0x5000,,candidate_spans_and_remaining_bytes_are_not_proven_code_data_classification
8017B000-c6a6d8f3323b126baf89d6c6efdef55215ff6abd7eed600bf4eff1ccc9289e04,20480,0,15884,4596,0x0:0x4;0x3E10:0x5000,0x4454,candidate_spans_and_remaining_bytes_are_not_proven_code_data_classification
8017B000-c75002439f333029d39279326322b4ed49a9d24133864098e62a746d76f8e69e,20480,0,12696,7784,0x0:0x4;0x319C:0x5000,0x4718,candidate_spans_and_remaining_bytes_are_not_proven_code_data_classification
8017B000-c7590ba2a90201a4f70c89f1413f411d71ff46d0c52c947f301f65356bb23d8d,20480,12212,0,8268,0x0:0x4;0x2FB8:0x5000,,candidate_spans_and_remaining_bytes_are_not_proven_code_data_classification
8017B000-c790fe44585fc93f2973125682594d97aba218cee995c873d2083d4bc42cb3a0,20480,0,8188,12292,0x0:0x4;0x2000:0x5000,,candidate_spans_and_remaining_bytes_are_not_proven_code_data_classification
8017B000-c799891976c6d416e39d7ce8beaef2d4e7418e1c3c48eccea5e97f158bad18d9,20480,0,19768,712,0x0:0x4;0x4D3C:0x5000,,candidate_spans_and_remaining_bytes_are_not_proven_code_data_classification
8017B000-c7fb1c8900bc0a2a541c1a57556c9823f52d68f62a5435f31a658c74853aa951,20480,0,15612,4868,0x0:0x4;0x3D00:0x5000,,candidate_spans_and_remaining_bytes_are_not_proven_code_data_classification
8017B000-c90a5978cfb0afba2b8f319927b7f5578c338ce5afefa31473828b5575fb59cd,20480,0,8412,12068,0x0:0x4;0x20E0:0x5000,,candidate_spans_and_remaining_bytes_are_not_proven_code_data_classification
8017B000-c90d95bafc9eec62840bb8cce8198b4448d6acad113a6e53ee1bf61da9426da7,20480,0,5088,15392,0x0:0x4;0x13E4:0x5000,,candidate_spans_and_remaining_bytes_are_not_proven_code_data_classification
8017B000-c93ad6f122633b744a8607d4a4d823344c88e837c8770b21d56377f8501c5d94,20480,0,6900,13580,0x0:0x4;0x1AF8:0x5000,,candidate_spans_and_remaining_bytes_are_not_proven_code_data_classification
8017B000-c95b7d5736b899d54a09ace2dd4b8d1df927c9db1763031bcb4cb59bf38691f6,20480,11952,0,8528,0x0:0x4;0x2EB4:0x5000,,candidate_spans_and_remaining_bytes_are_not_proven_code_data_classification
8017B000-c95db8b40bc535b839bb4f15060dbf2d248c1b2410882c92090a0a8d84599f3b,20480,14740,0,5740,0x0:0x4;0x3998:0x5000,,candidate_spans_and_remaining_bytes_are_not_proven_code_data_classification
8017B000-c9b43f54a0ae5cabd2fab48b74e231b0b1c5de99b13d801e28dfb24ff455099c,20480,0,7752,12728,0x0:0x4;0x1E4C:0x5000,0x2278;0x3004;0x44B8,candidate_spans_and_remaining_bytes_are_not_proven_code_data_classification
8017B000-c9d15b0e3e7feb628e2c90fe5cb71b50c3ad7252f77a4c149366fd8d33546b12,20480,0,14360,6120,0x0:0x4;0x381C:0x5000,,candidate_spans_and_remaining_bytes_are_not_proven_code_data_classification
8017B000-ca1b3f248050d92f76648e915c7a099454ef6d82a0b717c57bafaf2e36b4c16d,20480,0,6044,14436,0x0:0x4;0x17A0:0x5000,,candidate_spans_and_remaining_bytes_are_not_proven_code_data_classification
8017B000-ca1e3b27754f08d325d1fada607435a4fe25b0910e06149155e7a52157bea79c,20480,14288,0,6192,0x0:0x4;0x37D4:0x5000,,candidate_spans_and_remaining_bytes_are_not_proven_code_data_classification
8017B000-cacaba5ec41705cddc6f8746223d98dd83249ced4d854a120e3a3a983a20c6c9,20480,0,10572,9908,0x0:0x4;0x2950:0x5000,,candidate_spans_and_remaining_bytes_are_not_proven_code_data_classification
8017B000-cacf217e88125f9ac2d521d4abd26ec23a9e9268b62ff238ba1a5158e2ec84c0,20480,0,9084,11396,0x0:0x4;0x2380:0x5000,,candidate_spans_and_remaining_bytes_are_not_proven_code_data_classification
8017B000-cbe1b4d0ab6ece7e26a8c5e4485f6ee3c9d9d11f9eede3acd3d6a4462bfdd66e,20480,0,0,20480,0x0:0x5000,0xE40;0x1204,candidate_spans_and_remaining_bytes_are_not_proven_code_data_classification
8017B000-cbe57d2faf46f65199079bef0f9426af460f942a94c9804f9c704633682bcde5,20480,0,4384,16096,0x0:0x4;0x1124:0x5000,,candidate_spans_and_remaining_bytes_are_not_proven_code_data_classification
8017B000-cbf11fad3fc528cdfebdca90830b8d7c74b5238bc12ea36d8e156adb5c784844,20480,0,4160,16320,0x0:0x4;0x1044:0x5000,0x1DFC,candidate_spans_and_remaining_bytes_are_not_proven_code_data_classification
8017B000-cc1226e34a6915fd9a06668487e3171a6d77296a35a498e57587ed011c62afc3,20480,0,5660,14820,0x0:0x4;0x1620:0x5000,0x1A04,candidate_spans_and_remaining_bytes_are_not_proven_code_data_classification
8017B000-cc6038f47c1e08e8f7f180f7c2f430e40e199409487c7e87bd923c37d2f5859f,20480,0,6420,14060,0x0:0x4;0x1918:0x5000,,candidate_spans_and_remaining_bytes_are_not_proven_code_data_classification
8017B000-ccbd7e6e1b06baee89bfba73626fc2fa8fcbeab02e070278cf85f1da0ef7f2b8,20480,0,0,20480,0x0:0x5000,0x31C8,candidate_spans_and_remaining_bytes_are_not_proven_code_data_classification
8017B000-ccd0887dd490c21d155be89970e274ccd722ea9bf7a0b678dfa7b586cab447c0,20480,0,0,20480,0x0:0x5000,0x1F6C,candidate_spans_and_remaining_bytes_are_not_proven_code_data_classification
8017B000-cd2c52ed80d6e66e3e9dc5a2fd61fb9ac415f9449c0cbfc16cfaa7977fbef078,20480,8284,0,12196,0x0:0x4;0x2060:0x5000,,candidate_spans_and_remaining_bytes_are_not_proven_code_data_classification
8017B000-cd3ad5cbb60bd5517729398e8c62222fa3e3a30c5fcfb18997be71d494e87620,20480,0,0,20480,0x0:0x5000,0x19F0,candidate_spans_and_remaining_bytes_are_not_proven_code_data_classification
8017B000-cd5d942e940873e5c023eb3042aabcebf9a10b3d509d05f08f30a089abd73792,20480,0,4272,16208,0x0:0x4;0x10B4:0x5000,,candidate_spans_and_remaining_bytes_are_not_proven_code_data_classification
8017B000-cd73ec0ce635d4a8a6b89f6da52eccc91b611229fc4db287999a9a6e0af78bed,20480,11404,0,9076,0x0:0x4;0x2C90:0x5000,,candidate_spans_and_remaining_bytes_are_not_proven_code_data_classification
8017B000-cea86f54c069bb3fb5676049956ba7d07fa11e657d4d85ac7d3012f9289e8363,20480,0,6488,13992,0x0:0x4;0x195C:0x5000,0x328C,candidate_spans_and_remaining_bytes_are_not_proven_code_data_classification
8017B000-cee5a326d9f9f7236ed3f21ea90c856a723c68a97f6452c55c412ea1a35a7ca6,20480,0,14644,5836,0x0:0x4;0x3938:0x5000,,candidate_spans_and_remaining_bytes_are_not_proven_code_data_classification
8017B000-cf4bb730eb4a7c0a48a771be5f2683e841180482d0ac40ef6d611292eae28460,20480,0,0,20480,0x0:0x5000,0x44A4,candidate_spans_and_remaining_bytes_are_not_proven_code_data_classification
8017B000-cf5219d5789123a72d3c2a4c7802e7e23024ca35598d5c135943d49882f72196,20480,11572,0,8908,0x0:0x4;0x2D38:0x5000,,candidate_spans_and_remaining_bytes_are_not_proven_code_data_classification
8017B000-cf9bcf22bde097d57e8e6f12c0b31b06bfb6f04e6f2e38fb6b16f4873edfca0a,20480,0,6524,13956,0x0:0x4;0x1980:0x5000,,candidate_spans_and_remaining_bytes_are_not_proven_code_data_classification
8017B000-cffac57750812b5c1fdc0abd5a79b0c7f254753331d25d8087c19658e5eb1fe6,20480,0,4532,15948,0x0:0x4;0x11B8:0x5000,,candidate_spans_and_remaining_bytes_are_not_proven_code_data_classification
8017B000-d027809b51bbb68c09fd741c882fafda9b6f03a02243e0cffdb775cf7b9db9bf,20480,14032,0,6448,0x0:0x4;0x36D4:0x5000,,candidate_spans_and_remaining_bytes_are_not_proven_code_data_classification
8017B000-d0e21d6e0a5e39cf45bdde276594187f7512a4f25bebefd631b0db9eb3dcf5c8,20480,0,10860,9620,0x0:0x4;0x2A70:0x5000,,candidate_spans_and_remaining_bytes_are_not_proven_code_data_classification
8017B000-d0eca14df83ad9725c5c50a1e5b4bc7b52b8a427d8557aff6f097fb958dd9f09,20480,0,0,20480,0x0:0x5000,0xE40;0x1204,candidate_spans_and_remaining_bytes_are_not_proven_code_data_classification
8017B000-d0f2aec2f116141f2220144b9c635a2f962c3d6267f6e7bd56a1a9893f076f64,20480,0,0,20480,0x0:0x5000,0x2F68,candidate_spans_and_remaining_bytes_are_not_proven_code_data_classification
8017B000-d10296311ca68bbd1211286347757c66a13a48f8765c6b1fd59c395e344b31d0,20480,0,7564,12916,0x0:0x4;0x1D90:0x5000,,candidate_spans_and_remaining_bytes_are_not_proven_code_data_classification
8017B000-d11d549aed258a0806fbbb09e7c8be9b7f15b0dfd35c962ba6ad5eed4a68e75d,20480,0,6488,13992,0x0:0x4;0x195C:0x5000,0x328C,candidate_spans_and_remaining_bytes_are_not_proven_code_data_classification
8017B000-d12f77a1fccb27548f5499dbc290de5372d287fffa41ddf128c5890b19c149af,20480,0,4260,16220,0x0:0x4;0x10A8:0x5000,0x20B8,candidate_spans_and_remaining_bytes_are_not_proven_code_data_classification
8017B000-d150db4c107280ce331cfe163f86f5539ef0a195cb2f744660de3663240ebb1a,20480,0,7172,13308,0x0:0x4;0x1C08:0x5000,0x32E4,candidate_spans_and_remaining_bytes_are_not_proven_code_data_classification
8017B000-d1772531298c844637baec9052723a5352751d9f7af744ef35d947d0aabbea42,20480,0,7808,12672,0x0:0x4;0x1E84:0x5000,0x20D8,candidate_spans_and_remaining_bytes_are_not_proven_code_data_classification
8017B000-d1a0fda70645085fa257b3b86d69575ad7b86b95ff0329da9354c2b4ebf35dfb,20480,0,11412,9068,0x0:0x4;0x2C98:0x5000,,candidate_spans_and_remaining_bytes_are_not_proven_code_data_classification
8017B000-d1c429f57a8b81f042e53cc546ea1a7e978c9e40900e82b7fe7ee3ab3e9fa5cd,20480,0,19376,1104,0x0:0x4;0x4BB4:0x5000,,candidate_spans_and_remaining_bytes_are_not_proven_code_data_classification
8017B000-d22db6903ce65246637f9ea95e18208229650f264ad3e3a1bbc4f3a20ccf9372,20480,0,4160,16320,0x0:0x4;0x1044:0x5000,,candidate_spans_and_remaining_bytes_are_not_proven_code_data_classification
8017B000-d250eb3e259affe7e1ea46399cf69bb4be70f017e2bc927390d24c37a7f1e28b,20480,0,13168,7312,0x0:0x4;0x3374:0x5000,,candidate_spans_and_remaining_bytes_are_not_proven_code_data_classification
8017B000-d275dad470543bcf46c80e8eef42275ac0b836eb13c51817f276b2d539182098,20480,0,5004,15476,0x0:0x4;0x1390:0x5000,,candidate_spans_and_remaining_bytes_are_not_proven_code_data_classification
8017B000-d2c827b0b0849b8a5d884fa0a69f2407bbc5f63cf5e24fb404d6857d6d710400,20480,0,6524,13956,0x0:0x4;0x1980:0x5000,0x3844,candidate_spans_and_remaining_bytes_are_not_proven_code_data_classification
8017B000-d2f378cdd685af19c92a4ecd4bd25842f9a79efca66df0011d69f80723948823,20480,0,4832,15648,0x0:0x4;0x12E4:0x5000,0x28BC;0x3004;0x4004,candidate_spans_and_remaining_bytes_are_not_proven_code_data_classification
8017B000-d303f9a2cf16fcd521db992e5e2c94decbe72cc21e1eb7340d2ad9eb924f1648,20480,0,7852,12628,0x0:0x4;0x1EB0:0x5000,0x3ED4,candidate_spans_and_remaining_bytes_are_not_proven_code_data_classification
8017B000-d30ce6f074ac76beff6f3d2354a87b25f43b6438dbc1eb22bd59aa1593cdb549,20480,0,6772,13708,0x0:0x4;0x1A78:0x5000,0x23F0;0x4ABC,candidate_spans_and_remaining_bytes_are_not_proven_code_data_classification
8017B000-d33a1d5be59e347630df5ae223a8005b664396f3ef29d907eebc7d658cb5813d,20480,0,4440,16040,0x0:0x4;0x115C:0x5000,,candidate_spans_and_remaining_bytes_are_not_proven_code_data_classification
8017B000-d35408a057f85ca23a963ece68c6ff6b8df1e3aa32e376c484cf555e30a03f11,20480,0,4792,15688,0x0:0x4;0x12BC:0x5000,,candidate_spans_and_remaining_bytes_are_not_proven_code_data_classification
8017B000-d371c27b87802768e9eebbe570d59e2b7dad6caefd66e82eb7eb801c0a5b91aa,20480,0,11792,8688,0x0:0x4;0x2E14:0x5000,0x3164;0x3870;0x3B84;0x3F04;0x426C,candidate_spans_and_remaining_bytes_are_not_proven_code_data_classification
8017B000-d3a1a1bad24d5cde5c0aa7fe8d79d8399ef835767e31e8f781cf0b68dadfa632,20480,0,4532,15948,0x0:0x4;0x11B8:0x5000,,candidate_spans_and_remaining_bytes_are_not_proven_code_data_classification
8017B000-d3d3ca3a170a70d89650c047956b99e4a5061f8a5bcb9236006d76f8d82b4b97,20480,0,6700,13780,0x0:0x4;0x1A30:0x5000,,candidate_spans_and_remaining_bytes_are_not_proven_code_data_classification
8017B000-d3d63992f14abfb13f0ab47ca8aac0ee66773b681013992c9fb361a9e1295644,20480,0,7748,12732,0x0:0x4;0x1E48:0x5000,0x3F80,candidate_spans_and_remaining_bytes_are_not_proven_code_data_classification
8017B000-d444a3876f2f3588acbac16f97743c20a6e4b42ded3dd23d8f886ec11a52f223,20480,0,6524,13956,0x0:0x4;0x1980:0x5000,0x3844,candidate_spans_and_remaining_bytes_are_not_proven_code_data_classification
8017B000-d461b281d60d9a32888ac15f4235b9c8c9f143ae588c19b1b4737baab9d7a59a,20480,0,10092,10388,0x0:0x4;0x2770:0x5000,,candidate_spans_and_remaining_bytes_are_not_proven_code_data_classification
8017B000-d47d4feafea931ca135b4d432d249dd3418990503d5a13d0f3168322ce58b944,20480,0,0,20480,0x0:0x5000,0x2F68,candidate_spans_and_remaining_bytes_are_not_proven_code_data_classification
8017B000-d4f7fec5ca2c8cfe5ebe52babd2a6bb7f6a29d658846e4a60b73fbbb4f8eb30c,20480,0,5836,14644,0x0:0x4;0x16D0:0x5000,,candidate_spans_and_remaining_bytes_are_not_proven_code_data_classification
8017B000-d532b2a59f9842e1052ecd9d77abb702ceb25556273195aa12090337844e2bcd,20480,0,0,20480,0x0:0x5000,0x3CD8,candidate_spans_and_remaining_bytes_are_not_proven_code_data_classification
8017B000-d57d7dc50c94d04552026ac6abf3fd677cd61ebecb89582861240f7d564fa0da,20480,0,8412,12068,0x0:0x4;0x20E0:0x5000,,candidate_spans_and_remaining_bytes_are_not_proven_code_data_classification
8017B000-d58a7d598b6097774c680c23f72ba2311ca522f6917ded31d8c5e1007a27a9eb,20480,0,4984,15496,0x0:0x4;0x137C:0x5000,,candidate_spans_and_remaining_bytes_are_not_proven_code_data_classification
8017B000-d58b8bc96fae8aacda1cf2bc6fec881de693a1df7d6a857d3b06f1ccef713ef2,20480,0,5860,14620,0x0:0x4;0x16E8:0x5000,,candidate_spans_and_remaining_bytes_are_not_proven_code_data_classification
8017B000-d5ec5bc160e3f8b97e76c92f049712566d84fd9fb960a7dfae18b833583b4d9e,20480,0,7524,12956,0x0:0x4;0x1D68:0x5000,0x2C5C,candidate_spans_and_remaining_bytes_are_not_proven_code_data_classification
8017B000-d5fd15750c3627ad6da676035d35ed3ab478a439838ba25b624c8546b10355e6,20480,0,7608,12872,0x0:0x4;0x1DBC:0x5000,,candidate_spans_and_remaining_bytes_are_not_proven_code_data_classification
8017B000-d61c7b8d4cedc7515cb9decba9be53941f99fc15ab1e97cc022c706de968aaad,20480,0,5700,14780,0x0:0x4;0x1648:0x5000,,candidate_spans_and_remaining_bytes_are_not_proven_code_data_classification
8017B000-d631c0fb0bbb0abb574eabf2f78737e4ede3aafd88cbbb3965553fb399d816de,20480,0,8684,11796,0x0:0x4;0x21F0:0x5000,,candidate_spans_and_remaining_bytes_are_not_proven_code_data_classification
8017B000-d64bdb8483ba1baffe0f804ac147f1c4ae9a5ca56276b434f4023abde220e976,20480,0,7644,12836,0x0:0x4;0x1DE0:0x5000,,candidate_spans_and_remaining_bytes_are_not_proven_code_data_classification
8017B000-d65e7ca501faa8eaf7d457cfa2dc4434994b3024b3f836964a6c019ee63b70e4,20480,0,3296,17184,0x0:0x4;0xCE4:0x5000,0x10CC;0x1BD4;0x1F80;0x2368;0x299C;0x30A8;0x33B4;0x3734;0x3A9C,candidate_spans_and_remaining_bytes_are_not_proven_code_data_classification
8017B000-d698ce07ac0c7321d9efd66ee057d6a0683083c5748185e4ec5a85b3ffab7adc,20480,11036,0,9444,0x0:0x4;0x2B20:0x5000,,candidate_spans_and_remaining_bytes_are_not_proven_code_data_classification
8017B000-d7a8c3241f92388c6ef29aebe217456fd8faed675cba21ac468e0c93e9dc71be,20480,0,15608,4872,0x0:0x4;0x3CFC:0x5000,,candidate_spans_and_remaining_bytes_are_not_proven_code_data_classification
8017B000-d7aa3c18060cc308390dbe8ef70050c1a9b5f844d9b5c7b7dce2ea40fc0e31e3,20480,0,7524,12956,0x0:0x4;0x1D68:0x5000,0x49C0;0x4F6C,candidate_spans_and_remaining_bytes_are_not_proven_code_data_classification
8017B000-d7d9d001c1940c5d5be9948a8ee0f395c9ba7a9f5dfdeee5bfab0775a80c3655,20480,0,13168,7312,0x0:0x4;0x3374:0x5000,,candidate_spans_and_remaining_bytes_are_not_proven_code_data_classification
8017B000-d826a3d7abd9db532007dfc6508a57396f15b765b3a1e2781fe8e89b8083153d,20480,0,0,20480,0x0:0x5000,0xE40;0x1204,candidate_spans_and_remaining_bytes_are_not_proven_code_data_classification
8017B000-d84dc96414b66493a68e2861aadcf306d4516e2451ea4c531f411226957f4b03,20480,0,13528,6952,0x0:0x4;0x34DC:0x5000,,candidate_spans_and_remaining_bytes_are_not_proven_code_data_classification
8017B000-d8e27f783224c1ff1ac8d143b6607ca68a4b8afff41f5b4d2d84b20302b413c8,20480,14740,0,5740,0x0:0x4;0x3998:0x5000,,candidate_spans_and_remaining_bytes_are_not_proven_code_data_classification
8017B000-d9371f4c9c6605b46e511fd069b506e1bef1b9a6bad3ab140ad88518ecfc1b4c,20480,0,0,20480,0x0:0x5000,0x4ADC,candidate_spans_and_remaining_bytes_are_not_proven_code_data_classification
8017B000-d9af7433f8388260362e9d0ed43de496a2ee5645a2869bc8e4b3db6e9a6a46ab,20480,0,7332,13148,0x0:0x4;0x1CA8:0x5000,,candidate_spans_and_remaining_bytes_are_not_proven_code_data_classification
8017B000-d9d68ae852deadbfaf50d086b4e51567457a4f47ec7d30c370cf4aff55253b75,20480,0,6488,13992,0x0:0x4;0x195C:0x5000,0x328C,candidate_spans_and_remaining_bytes_are_not_proven_code_data_classification
8017B000-da0f50301f6d1a5e4aff3cc6dcc8ce724a95768fcc70e8a8569a5bac0f3d911b,20480,13712,0,6768,0x0:0x4;0x3594:0x5000,,candidate_spans_and_remaining_bytes_are_not_proven_code_data_classification
8017B000-da3706148b8222d81340fc1b47e1a71e0cbaac12c1c9ff41cf46bd8fafb888f1,20480,0,6892,13588,0x0:0x4;0x1AF0:0x5000,,candidate_spans_and_remaining_bytes_are_not_proven_code_data_classification
8017B000-da59f1fdd08e1ce10643616e5dda4e68b85019d395579d91b56d615d80bbdde3,20480,0,9260,11220,0x0:0x4;0x2430:0x5000,,candidate_spans_and_remaining_bytes_are_not_proven_code_data_classification
8017B000-dabf478e779b969f5f3e43e8d03728fd388c60a257aed8cd764e8efb254ef5cd,20480,0,4080,16400,0x0:0x4;0xFF4:0x5000,,candidate_spans_and_remaining_bytes_are_not_proven_code_data_classification
8017B000-daf40dfe8df5613bcfeda24e21c8cb910d8352da577a40c411a8ab308e92e5e5,20480,0,8188,12292,0x0:0x4;0x2000:0x5000,,candidate_spans_and_remaining_bytes_are_not_proven_code_data_classification
8017B000-db0e0d8073c5081aa8588f954709c7ffb05060f54863956c50d2d167dd6787ba,20480,0,0,20480,0x0:0x5000,0x2358,candidate_spans_and_remaining_bytes_are_not_proven_code_data_classification
8017B000-db2176e00910a8a97ce4e205f4e0564b42e6a9de8156514e722bae7e93157f4d,20480,0,9260,11220,0x0:0x4;0x2430:0x5000,,candidate_spans_and_remaining_bytes_are_not_proven_code_data_classification
8017B000-db502810e679536e40b6d5050b2334704c84bb56eaefb496376ed6d17da89558,20480,0,8188,12292,0x0:0x4;0x2000:0x5000,,candidate_spans_and_remaining_bytes_are_not_proven_code_data_classification
8017B000-db5b32605f152186de4e2ad9141c24bb55acc0fc8c319fc337c180c9ca935b69,20480,0,0,20480,0x0:0x5000,0x2358,candidate_spans_and_remaining_bytes_are_not_proven_code_data_classification
8017B000-db9db943019d232ba15dd98542adecce47264697d39eb8c28aa3800e1fad5443,20480,0,0,20480,0x0:0x5000,0x19F0,candidate_spans_and_remaining_bytes_are_not_proven_code_data_classification
8017B000-dbc494e7a22e6879a2fb97ee30a1ed071968c00732e3ba3f0a239a73e8370162,20480,0,0,20480,0x0:0x5000,0x3590,candidate_spans_and_remaining_bytes_are_not_proven_code_data_classification
8017B000-dc4b2a0a15ddee36a57ad8732d53a49bc753388840ddec68759bd77e2a428642,20480,0,8412,12068,0x0:0x4;0x20E0:0x5000,,candidate_spans_and_remaining_bytes_are_not_proven_code_data_classification
8017B000-dc69fab3d2e11fbc16bf2427d52be5528233fe7050dfb73c92ddc7fd728c0a01,20480,0,6892,13588,0x0:0x4;0x1AF0:0x5000,,candidate_spans_and_remaining_bytes_are_not_proven_code_data_classification
8017B000-dcc1f681b3643a7cf546fe6ceb8ca3a36e3c6fb785d3311fdbd583c8aff2f51b,20480,0,8188,12292,0x0:0x4;0x2000:0x5000,,candidate_spans_and_remaining_bytes_are_not_proven_code_data_classification
8017B000-dd0319c46acb36919c053e98740e246ddd28d7af43de6bd25ef0dab3f049ca35,20480,0,7752,12728,0x0:0x4;0x1E4C:0x5000,,candidate_spans_and_remaining_bytes_are_not_proven_code_data_classification
8017B000-dd6a3c77ac6d155710520495e85c855af25d7b22e4ec35660fed03cc05689c2a,20480,0,0,20480,0x0:0x5000,0x1348,candidate_spans_and_remaining_bytes_are_not_proven_code_data_classification
8017B000-dd7bc285fd6ddbb611200a9edc7ceea1c71bca459fddb15b0299cccd21332ec6,20480,0,6524,13956,0x0:0x4;0x1980:0x5000,0x3844,candidate_spans_and_remaining_bytes_are_not_proven_code_data_classification
8017B000-dd8a4e59da86adffa656682765154895dde376955fda69b65103b56c9b9c13b6,20480,0,6688,13792,0x0:0x4;0x1A24:0x5000,,candidate_spans_and_remaining_bytes_are_not_proven_code_data_classification
8017B000-dda1809b8a74b9c933961d370b0dccdbdbdc3e7caf83f0a6a396c997869a87a2,20480,0,4504,15976,0x0:0x4;0x119C:0x5000,,candidate_spans_and_remaining_bytes_are_not_proven_code_data_classification
8017B000-ddf629067964d4e25e7127b9dfd667491717ce17bdc80cb31b68b965a30ed7ff,20480,0,12216,8264,0x0:0x4;0x2FBC:0x5000,,candidate_spans_and_remaining_bytes_are_not_proven_code_data_classification
8017B000-dee1864c27e9f3e74f6ea28919093537d10d055bb103552f99ba6ac3f056a6ec,20480,0,0,20480,0x0:0x5000,0x4ADC,candidate_spans_and_remaining_bytes_are_not_proven_code_data_classification
8017B000-df2225fc8f7efdb053f96c68f4616780f5ac7552eef5be36c17d8bc27ff2c553,20480,0,8188,12292,0x0:0x4;0x2000:0x5000,,candidate_spans_and_remaining_bytes_are_not_proven_code_data_classification
8017B000-df896fcc957807bf93c21857ae175fb3680df279cfec3fa5481f76d7f9844c24,20480,0,0,20480,0x0:0x5000,0x2358,candidate_spans_and_remaining_bytes_are_not_proven_code_data_classification
8017B000-df905689f07101706989595ad60716fd1aaa58f320ed9f1df55749a2d9d5b67f,20480,9992,0,10488,0x0:0x4;0x270C:0x5000,,candidate_spans_and_remaining_bytes_are_not_proven_code_data_classification
8017B000-dfa51eee4928376f98d4c01a528b918459d90a2779e8450d5c4b75e3d80f7569,20480,0,4788,15692,0x0:0x4;0x12B8:0x5000,,candidate_spans_and_remaining_bytes_are_not_proven_code_data_classification
8017B000-dffa645e0ddaea36fb1cf218e73d43f3219eb9cd9abb7e6cfa56713b1a7316dd,20480,0,0,20480,0x0:0x5000,0x2F68,candidate_spans_and_remaining_bytes_are_not_proven_code_data_classification
8017B000-e0858e9c421b736204632f86e7f54cb0c02d71de13210363c69db9e331d40770,20480,0,5584,14896,0x0:0x4;0x15D4:0x5000,0x1C40,candidate_spans_and_remaining_bytes_are_not_proven_code_data_classification
8017B000-e08e78f28a8979ad1722436a47781e785059a034a58e9fd2b70af2ca733164db,20480,0,0,20480,0x0:0x5000,0x44A4,candidate_spans_and_remaining_bytes_are_not_proven_code_data_classification
8017B000-e0e5b8636a7599079c7cfa3c42032d7b4c4ea2303f4d6bb877e3c8e0286350fd,20480,0,8412,12068,0x0:0x4;0x20E0:0x5000,,candidate_spans_and_remaining_bytes_are_not_proven_code_data_classification
8017B000-e120aa8a1a4387358575e07ad5bf214550edf79f049084588f7fb7ff69dfe673,20480,0,0,20480,0x0:0x5000,0x19F0;0x3004;0x4004,candidate_spans_and_remaining_bytes_are_not_proven_code_data_classification
8017B000-e13cad9a0f2ec86d65131c6cd7c0f37f402aba5d163022d4fddf378f744c524c,20480,0,4272,16208,0x0:0x4;0x10B4:0x5000,,candidate_spans_and_remaining_bytes_are_not_proven_code_data_classification
8017B000-e145caea04d3dc208766d4906a059d62052474867b60cdca5fa64fd89d51d2e0,20480,0,0,20480,0x0:0x5000,0x19F0,candidate_spans_and_remaining_bytes_are_not_proven_code_data_classification
8017B000-e153868ed9feee1e0d68af0c2e98d1f076d697720a16859a87924ec8378eea60,20480,11720,0,8760,0x0:0x4;0x2DCC:0x5000,,candidate_spans_and_remaining_bytes_are_not_proven_code_data_classification
8017B000-e1728b021d476c493a2e3cc6a6f0170fe96871e97684e03a540be27046653caa,20480,0,0,20480,0x0:0x5000,0x19F0,candidate_spans_and_remaining_bytes_are_not_proven_code_data_classification
8017B000-e17ed3e9e98c5fac135fbf5a161c7b42a47a8a8ae09c21320f24a0a994668f26,20480,0,7148,13332,0x0:0x4;0x1BF0:0x5000,0x317C,candidate_spans_and_remaining_bytes_are_not_proven_code_data_classification
8017B000-e1c11e52886394148bb3b6bb1c33aeec866f402ca8e0f39e2f75586bcd1a734a,20480,0,6700,13780,0x0:0x4;0x1A30:0x5000,,candidate_spans_and_remaining_bytes_are_not_proven_code_data_classification
8017B000-e1cc0c45bcdb0c849f152f18e64269220cbff5701606099132bccd5fc8914bac,20480,0,14644,5836,0x0:0x4;0x3938:0x5000,,candidate_spans_and_remaining_bytes_are_not_proven_code_data_classification
8017B000-e210b22f9aacf02e7ac5170ede009cd5ff70cdccebe9f0378cd93e9ce3436861,20480,0,8188,12292,0x0:0x4;0x2000:0x5000,0x3F3C;0x4638;0x4B94,candidate_spans_and_remaining_bytes_are_not_proven_code_data_classification
8017B000-e26ca5839507639dc03cffa88f9fef3040635834a432e3bd0a07e3fb4b8de027,20480,11348,0,9132,0x0:0x4;0x2C58:0x5000,,candidate_spans_and_remaining_bytes_are_not_proven_code_data_classification
8017B000-e2b3a7f0d2d32b42dd473d183fbd0dc8544d3d25fc0cbb48f3b41e47c481aa63,20480,0,8412,12068,0x0:0x4;0x20E0:0x5000,,candidate_spans_and_remaining_bytes_are_not_proven_code_data_classification
8017B000-e35c521977705cc9d1a57ab3a1398fcb3c257458b64f903f9bab7d5667d4b078,20480,17308,0,3172,0x0:0x4;0x43A0:0x5000,,candidate_spans_and_remaining_bytes_are_not_proven_code_data_classification
8017B000-e361fd3f58fdd9220f7c3759451546899739b985b4a0e938aacabd95c65b109a,20480,14384,0,6096,0x0:0x4;0x3834:0x5000,,candidate_spans_and_remaining_bytes_are_not_proven_code_data_classification
8017B000-e3733dbf989d5cc8112a8ee9a53294cf082c34fc6988a35b1b43750232cdce73,20480,0,5348,15132,0x0:0x4;0x14E8:0x5000,0x1638,candidate_spans_and_remaining_bytes_are_not_proven_code_data_classification
8017B000-e3a5fd9a4ce93d834cb34a646038afb21753e2f0dbdd879a988e787c1d1d612c,20480,0,3592,16888,0x0:0x4;0xE0C:0x5000,,candidate_spans_and_remaining_bytes_are_not_proven_code_data_classification
8017B000-e3c1d99d033f451ba4fb4904f30993b0f1050715edab3e17a9cfaa042b8bd288,20480,0,5700,14780,0x0:0x4;0x1648:0x5000,,candidate_spans_and_remaining_bytes_are_not_proven_code_data_classification
8017B000-e40c2ef2924555fd536369df5273d66e9f3d5243c3573074ff4a9984df4f408c,20480,0,6700,13780,0x0:0x4;0x1A30:0x5000,,candidate_spans_and_remaining_bytes_are_not_proven_code_data_classification
8017B000-e4197229b6fd240b11d78cc7bb1e506031301a44532074a51086368659bc001c,20480,0,9740,10740,0x0:0x4;0x2610:0x5000,,candidate_spans_and_remaining_bytes_are_not_proven_code_data_classification
8017B000-e438891a04af46eaa7feca3e898cb18b4a35ab27fef2df0da19bada3615ecc44,20480,0,3904,16576,0x0:0x4;0xF44:0x5000,,candidate_spans_and_remaining_bytes_are_not_proven_code_data_classification
8017B000-e4594a737838a72aa776af024c52f3b78c1d1b16b4d4c6a996a0a81ccb13a093,20480,10440,0,10040,0x0:0x4;0x28CC:0x5000,,candidate_spans_and_remaining_bytes_are_not_proven_code_data_classification
8017B000-e48a9ad0e6dd71650333640fbda4814abfd2a74afcfc1178a27063492fa52786,20480,0,13600,6880,0x0:0x4;0x3524:0x5000,,candidate_spans_and_remaining_bytes_are_not_proven_code_data_classification
8017B000-e4d36294b93a1e5ea0de33b92fdd5d6de5c4eeef7546270c9987f359500bfb39,20480,0,6196,14284,0x0:0x4;0x1838:0x5000,,candidate_spans_and_remaining_bytes_are_not_proven_code_data_classification
8017B000-e53e8acb7a1e4c98ab0367f8114184a4820502e2e94d0754fed5204a92982ad9,20480,0,7148,13332,0x0:0x4;0x1BF0:0x5000,0x32D8,candidate_spans_and_remaining_bytes_are_not_proven_code_data_classification
8017B000-e588df02c8b193beb7a0325d71ada30f636a074e592ded5d9ad41fe3954257b1,20480,0,6700,13780,0x0:0x4;0x1A30:0x5000,,candidate_spans_and_remaining_bytes_are_not_proven_code_data_classification
8017B000-e64d196efae41ce164822c24fbe06de76dc5161db15899c0bfb554504e0679f9,20480,0,0,20480,0x0:0x5000,0x3CD8,candidate_spans_and_remaining_bytes_are_not_proven_code_data_classification
8017B000-e67a73e4054b02900887a72f68861dc9a0549b4e7bc337b6cff0f25aed1af371,20480,0,9164,11316,0x0:0x4;0x23D0:0x5000,,candidate_spans_and_remaining_bytes_are_not_proven_code_data_classification
8017B000-e6825ad494099523ce421a8527e558da0c63888f9c71745a92c5b5292de094b0,20480,0,6364,14116,0x0:0x4;0x18E0:0x5000,0x2EC0,candidate_spans_and_remaining_bytes_are_not_proven_code_data_classification
8017B000-e68c43b3f375e72ca7ac94e9c0fb0dc1d57c4d80b6a35a3e151c469968eceb71,20480,0,9440,11040,0x0:0x4;0x24E4:0x5000,,candidate_spans_and_remaining_bytes_are_not_proven_code_data_classification
8017B000-e6eecb56c23863c22bba9757790c9ce959b4602eaf6d55093509e8c77b1e5e38,20480,0,9260,11220,0x0:0x4;0x2430:0x5000,,candidate_spans_and_remaining_bytes_are_not_proven_code_data_classification
8017B000-e6f8e1ef47b2e3d954bc07829d98b19d02ace9e8597ea5390773ed3b27028bc7,20480,0,0,20480,0x0:0x5000,0x22A4,candidate_spans_and_remaining_bytes_are_not_proven_code_data_classification
8017B000-e724b515f5554ba62b306be93a6031ba6dec106719dff264f4b527397f45f681,20480,15644,0,4836,0x0:0x4;0x3D20:0x5000,,candidate_spans_and_remaining_bytes_are_not_proven_code_data_classification
8017B000-e7623c3331cbb4c672a3b73e7ff507ef687a3298d131dc2dc4564421374ab3aa,20480,0,0,20480,0x0:0x5000,0x4ADC,candidate_spans_and_remaining_bytes_are_not_proven_code_data_classification
8017B000-e7876ae004d44ec1e6d3c190ed0b90bd987ba40173393872048def6530980200,20480,0,13596,6884,0x0:0x4;0x3520:0x5000,,candidate_spans_and_remaining_bytes_are_not_proven_code_data_classification
8017B000-e7971cde200bad9bdfe96fe36cd0df7e89508433c6b97d8cceadf8a14e8a86cb,20480,11720,0,8760,0x0:0x4;0x2DCC:0x5000,,candidate_spans_and_remaining_bytes_are_not_proven_code_data_classification
8017B000-e8001203ffd888fb36f64e6cc355f21830e4cc9d2acb94e353981e472ec63101,20480,0,10956,9524,0x0:0x4;0x2AD0:0x5000,,candidate_spans_and_remaining_bytes_are_not_proven_code_data_classification
8017B000-e80e60a25958521598bb4ff005b5583817082c3edfb42dd80ec978633fe5f448,20480,0,5004,15476,0x0:0x4;0x1390:0x5000,,candidate_spans_and_remaining_bytes_are_not_proven_code_data_classification
8017B000-e85539056be03134d525ab115d8b7a18f3f3d8c74103d4d776e2a01b0da8f9fd,20480,0,7524,12956,0x0:0x4;0x1D68:0x5000,0x2C5C,candidate_spans_and_remaining_bytes_are_not_proven_code_data_classification
8017B000-e88bf9ce2c11ffad79b544934b449bfe86a161ee6c268c6275cf95b7e81efcbb,20480,0,5296,15184,0x0:0x4;0x14B4:0x5000,,candidate_spans_and_remaining_bytes_are_not_proven_code_data_classification
8017B000-e8ee818098afe64c818ce379bf9c3a21831927019daa97d88600bcac7ada8d46,20480,0,8912,11568,0x0:0x4;0x22D4:0x5000,,candidate_spans_and_remaining_bytes_are_not_proven_code_data_classification
8017B000-e90b95660496e3de162409e8cd6f4bae9c48068ce6270faeb9b94a54cec75d5b,20480,0,4160,16320,0x0:0x4;0x1044:0x5000,0x1ABC,candidate_spans_and_remaining_bytes_are_not_proven_code_data_classification
8017B000-e9609fdac463ea3a71951bc30167eab131d4b93334c199fcf0f5d16cbedc090a,20480,0,6872,13608,0x0:0x4;0x1ADC:0x5000,0x1BF4;0x2004,candidate_spans_and_remaining_bytes_are_not_proven_code_data_classification
8017B000-e9871681d4daf92a0d7e08c0693bf08a39431eb07a747bfb64c331b86c42a117,20480,0,4568,15912,0x0:0x4;0x11DC:0x5000,,candidate_spans_and_remaining_bytes_are_not_proven_code_data_classification
8017B000-e9b42bd42986a7d56f970d979508e191b40837e209f0ce215910883948706695,20480,6320,0,14160,0x0:0x4;0x18B4:0x5000,,candidate_spans_and_remaining_bytes_are_not_proven_code_data_classification
8017B000-e9c83b4eae012d93ad4c05c59d87b3e75fea9d4ba52679f8c091ac645bb251bc,20480,0,7752,12728,0x0:0x4;0x1E4C:0x5000,0x20C8;0x23DC;0x275C;0x2AC4,candidate_spans_and_remaining_bytes_are_not_proven_code_data_classification
8017B000-e9e26629db816a790ecde27f30f1e7e3d58ed9f204fcdc49f84dd796f2bae78a,20480,0,5560,14920,0x0:0x4;0x15BC:0x5000,0x239C,candidate_spans_and_remaining_bytes_are_not_proven_code_data_classification
8017B000-ea11908e48717e3da728eb8dd882a8c58b44b3a5c075265bcf16ca58cce534b9,20480,0,6700,13780,0x0:0x4;0x1A30:0x5000,,candidate_spans_and_remaining_bytes_are_not_proven_code_data_classification
8017B000-ea2b10b4d792f15b70abc9c4ea55b4307344a35d1c9d4bc6913b93d85b72cb22,20480,0,6940,13540,0x0:0x4;0x1B20:0x5000,,candidate_spans_and_remaining_bytes_are_not_proven_code_data_classification
8017B000-ea2c6c091cc46ee70f9c47fca57cf302c05bcb6cf151032f48fa73db86d9603d,20480,10440,0,10040,0x0:0x4;0x28CC:0x5000,,candidate_spans_and_remaining_bytes_are_not_proven_code_data_classification
8017B000-ea5c115e4d14f15b3ff0697d15545670a21195c68d4642013236b9cc000881e9,20480,6320,0,14160,0x0:0x4;0x18B4:0x5000,,candidate_spans_and_remaining_bytes_are_not_proven_code_data_classification
8017B000-ea6a7cb38ee2c40c47eb61c6ee831357844adf1ad4bc58fe675e5e11a035fbd0,20480,0,6700,13780,0x0:0x4;0x1A30:0x5000,0x2004,candidate_spans_and_remaining_bytes_are_not_proven_code_data_classification
8017B000-eaa32c7fd5c6180279de6a448e2bcd0bac4e6bf97d0b0e260f418cf591adbbca,20480,0,13600,6880,0x0:0x4;0x3524:0x5000,,candidate_spans_and_remaining_bytes_are_not_proven_code_data_classification
8017B000-eab5772839cbcf49c9e73e8cf919cdda778cd64d443135e8b04f1e5bcb92574d,20480,0,0,20480,0x0:0x5000,0x22A4,candidate_spans_and_remaining_bytes_are_not_proven_code_data_classification
8017B000-eb09fbc0d9da652d94df6e35e258258008a2e3f685e16a932dafc146903f2983,20480,0,3932,16548,0x0:0x4;0xF60:0x5000,0x161C,candidate_spans_and_remaining_bytes_are_not_proven_code_data_classification
8017B000-eb1835352894a5e4a777f41ec285b8e7c47fedc79731f107aee9755c180b22ce,20480,0,8412,12068,0x0:0x4;0x20E0:0x5000,,candidate_spans_and_remaining_bytes_are_not_proven_code_data_classification
8017B000-eb4ba9017fa74f67d6e9927a6c313c5dc382c472f0af844e14aff952cf458e78,20480,0,6140,14340,0x0:0x4;0x1800:0x5000,,candidate_spans_and_remaining_bytes_are_not_proven_code_data_classification
8017B000-eb520134cb1bb8e3fd5aca573150ff70b0ecafc16bcdc0be96dd6cbc8a18ba1c,20480,11720,0,8760,0x0:0x4;0x2DCC:0x5000,,candidate_spans_and_remaining_bytes_are_not_proven_code_data_classification
8017B000-eb8a4b537b341f80cd48d661eab5982411267204727728e9a4a0bad28754f6e1,20480,0,0,20480,0x0:0x5000,0x19F0,candidate_spans_and_remaining_bytes_are_not_proven_code_data_classification
8017B000-eba0c84e7e9e8f4551e5dc4416fe21fda98c0ae5d7df5708f9f03e542d395006,20480,0,2784,17696,0x0:0x4;0xAE4:0x5000,0x1290,candidate_spans_and_remaining_bytes_are_not_proven_code_data_classification
8017B000-ebadee780a0f761cd286d5400033e1b6453bd741cfdaea7c634c93c95185ac77,20480,0,6772,13708,0x0:0x4;0x1A78:0x5000,0x23F0,candidate_spans_and_remaining_bytes_are_not_proven_code_data_classification
8017B000-ebb91e249821f9e2725f787b39fa6db65d0ef26f33abc25e2d7d15ae89727bb9,20480,8024,0,12456,0x0:0x4;0x1F5C:0x5000,,candidate_spans_and_remaining_bytes_are_not_proven_code_data_classification
8017B000-ebbceb6c54c622eae64d00bf30343b7631762f6d50216fda9bca39b936e89dfa,20480,0,6420,14060,0x0:0x4;0x1918:0x5000,,candidate_spans_and_remaining_bytes_are_not_proven_code_data_classification
8017B000-ebe830a4ae8c3a107b8f04d08f95a98e152bad4a9f878ac9d9023b8ccd07634a,20480,0,9164,11316,0x0:0x4;0x23D0:0x5000,,candidate_spans_and_remaining_bytes_are_not_proven_code_data_classification
8017B000-ebf9201882e6795cf150770c52a3159fd78e2ff8773d8b97ca23462ff24810b4,20480,2384,0,18096,0x0:0x4;0x954:0x5000,,candidate_spans_and_remaining_bytes_are_not_proven_code_data_classification
8017B000-ec04f5a1dbe483f599cf28fd960763c7f2fad153e1647c39c261331b6b63574f,20480,0,0,20480,0x0:0x5000,0x32A8,candidate_spans_and_remaining_bytes_are_not_proven_code_data_classification
8017B000-ec2adaf484987f277847f822d25a4f922df0e0547147a6aa45c0187d5a7a1693,20480,0,0,20480,0x0:0x5000,0x19F0,candidate_spans_and_remaining_bytes_are_not_proven_code_data_classification
8017B000-ec4272df03b51a7982b8c9c70dea146b911cea923e4e27d2654036b1bcf2bbb8,20480,0,4984,15496,0x0:0x4;0x137C:0x5000,,candidate_spans_and_remaining_bytes_are_not_proven_code_data_classification
8017B000-ec55700d8d2f3771e4aace9e7a3c57c107ece420092b683ea8301e6178c7c4db,20480,0,0,20480,0x0:0x5000,0x44A4,candidate_spans_and_remaining_bytes_are_not_proven_code_data_classification
8017B000-ec792979740eb6962899412054e750a68c78e445d0fd847c5b43c7b024f563bc,20480,0,6524,13956,0x0:0x4;0x1980:0x5000,,candidate_spans_and_remaining_bytes_are_not_proven_code_data_classification
8017B000-ecdc8fadbbbef627f5e5248e1de310670108cae9a57a39610e967761809d635f,20480,0,9260,11220,0x0:0x4;0x2430:0x5000,,candidate_spans_and_remaining_bytes_are_not_proven_code_data_classification
8017B000-eceb9993d84fa54322ea376adf3874d3ccdf9d5dd9b91d4e4c155735697cfce6,20480,0,6516,13964,0x0:0x4;0x1978:0x5000,,candidate_spans_and_remaining_bytes_are_not_proven_code_data_classification
8017B000-ed2caf449df9c167fc6a1172c8b319b6bd589c99cb06650ac95493ff2ead1f60,20480,0,8412,12068,0x0:0x4;0x20E0:0x5000,0x4C40,candidate_spans_and_remaining_bytes_are_not_proven_code_data_classification
8017B000-ed54fd5114902033649517366d01bdf288311a7016b47c8543bf176250c9c389,20480,0,6872,13608,0x0:0x4;0x1ADC:0x5000,,candidate_spans_and_remaining_bytes_are_not_proven_code_data_classification
8017B000-ed8afc32c4af688adbb988d2ff406d099f7eac111993d98f80fb65da227b4466,20480,0,0,20480,0x0:0x5000,0x19F0,candidate_spans_and_remaining_bytes_are_not_proven_code_data_classification
8017B000-ed9947c5d44b7beb9bb638c9fb93dd013897e293c3cd2063b8a6caa74beea996,20480,0,15264,5216,0x0:0x4;0x3BA4:0x5000,,candidate_spans_and_remaining_bytes_are_not_proven_code_data_classification
8017B000-edfdcb1cf302e388115bed3100338cb59435be27c75ecdd5b0aaa4abc94e3666,20480,0,4440,16040,0x0:0x4;0x115C:0x5000,,candidate_spans_and_remaining_bytes_are_not_proven_code_data_classification
8017B000-ee22e2e320304ad2abf8b6a3abed7d460eff80639812c182538431628a691b49,20480,0,0,20480,0x0:0x5000,0x3590,candidate_spans_and_remaining_bytes_are_not_proven_code_data_classification
8017B000-ee438594e5d1eec44dd48cceaaedfb61854aa3d48b8e5bf8268ed0b5dbc6fa75,20480,0,6420,14060,0x0:0x4;0x1918:0x5000,,candidate_spans_and_remaining_bytes_are_not_proven_code_data_classification
8017B000-ee570b8d971f170dbb30c028d6298393f225ec58058502b43bb792914290a2de,20480,0,0,20480,0x0:0x5000,0x22A4,candidate_spans_and_remaining_bytes_are_not_proven_code_data_classification
8017B000-ee94209c9589343fde1f234d836de3be569d4c566ac37e367c9f0944411ed1d7,20480,0,5524,14956,0x0:0x4;0x1598:0x5000,0x2498,candidate_spans_and_remaining_bytes_are_not_proven_code_data_classification
8017B000-eeb381e9ec5e9b1f966891ca5c278819a2750ddf41212b6b845a9b8e6f93dc21,20480,0,8616,11864,0x0:0x4;0x21AC:0x5000,0x423C,candidate_spans_and_remaining_bytes_are_not_proven_code_data_classification
8017B000-eebdd1c67dc602af1e55353c357f6ff115584976f751b06704bde73db0b2c052,20480,0,4980,15500,0x0:0x4;0x1378:0x5000,0x2078,candidate_spans_and_remaining_bytes_are_not_proven_code_data_classification
8017B000-ef2a4d31929e87c9e0f05cae63f5b77d43e1071db8d9ba2eee9871808c15fe16,20480,0,2904,17576,0x0:0x4;0xB5C:0x5000,0x10B4,candidate_spans_and_remaining_bytes_are_not_proven_code_data_classification
8017B000-f0ab17ca7d7be9dfcb097a7143a260bdec859e490b5df99a9acdda0bfb79c5aa,20480,8120,0,12360,0x0:0x4;0x1FBC:0x5000,,candidate_spans_and_remaining_bytes_are_not_proven_code_data_classification
8017B000-f12e7a04f8791a8d07d0052e7788e6c8d7e7e2f722f7260f57d2740d65444af8,20480,0,8412,12068,0x0:0x4;0x20E0:0x5000,,candidate_spans_and_remaining_bytes_are_not_proven_code_data_classification
8017B000-f196c9657602a2e74e9427424baf4cefd812a838b182faf4a27f3202e7455063,20480,6320,0,14160,0x0:0x4;0x18B4:0x5000,,candidate_spans_and_remaining_bytes_are_not_proven_code_data_classification
8017B000-f1b38d5c2fa0121460a25ed32c2690ffd0476fdba3e1234af67d7e19c0ce9067,20480,0,6708,13772,0x0:0x4;0x1A38:0x5000,,candidate_spans_and_remaining_bytes_are_not_proven_code_data_classification
8017B000-f1fca219dc5be69ea960fb57e7b168f59f3b9380e102b500b52de9491c045677,20480,0,0,20480,0x0:0x5000,0x3590,candidate_spans_and_remaining_bytes_are_not_proven_code_data_classification
8017B000-f2b5f4721756bae0f16f00fd5004e23c3e1b16c541cea57bc20e3577a47e965e,20480,0,14644,5836,0x0:0x4;0x3938:0x5000,,candidate_spans_and_remaining_bytes_are_not_proven_code_data_classification
8017B000-f325c6f0377254a1d04ac43ae440252ff833c6376e1c9bac5a1bf4d1181bf119,20480,17308,0,3172,0x0:0x4;0x43A0:0x5000,,candidate_spans_and_remaining_bytes_are_not_proven_code_data_classification
8017B000-f3381b968729bce61c98a3a521c26c5d1922607da2109a181d68245ac58abcdd,20480,0,0,20480,0x0:0x5000,0x3CD8,candidate_spans_and_remaining_bytes_are_not_proven_code_data_classification
8017B000-f3757d035ed603be52f79eeba541a49ba7b29ac62986bac52170e4feab029e26,20480,0,6816,13664,0x0:0x4;0x1AA4:0x5000,,candidate_spans_and_remaining_bytes_are_not_proven_code_data_classification
8017B000-f3782a4d442d803e10a592d7e1ceed91b6cf0868b314493ed0c4e512e1a415df,20480,0,4160,16320,0x0:0x4;0x1044:0x5000,0x1DFC,candidate_spans_and_remaining_bytes_are_not_proven_code_data_classification
8017B000-f3b3859adb423ae1b8c59fe655a509e18a8b6abdaab6c03acb9f56d5616820c6,20480,0,0,20480,0x0:0x5000,0xE40;0x1204,candidate_spans_and_remaining_bytes_are_not_proven_code_data_classification
8017B000-f3c2f6dc4455539212311b56f8326032624ac36c903936a6487d6601b8acb1e0,20480,0,3756,16724,0x0:0x4;0xEB0:0x5000,0x161C,candidate_spans_and_remaining_bytes_are_not_proven_code_data_classification
8017B000-f4dee4ce1a7192b3cacf60eaf1303dbeabb470ac646bf1d98575d6bab75c1167,20480,0,0,20480,0x0:0x5000,0xE40;0x1204,candidate_spans_and_remaining_bytes_are_not_proven_code_data_classification
8017B000-f5262548568ff2358a59932366eaba23b1e35f398e5ca208b70b9c71f3e6816e,20480,18256,0,2224,0x0:0x4;0x4754:0x5000,,candidate_spans_and_remaining_bytes_are_not_proven_code_data_classification
8017B000-f5345fc40aa663d589c169315994810b7303d4445114e14894955eb6ffa6ff78,20480,0,8412,12068,0x0:0x4;0x20E0:0x5000,,candidate_spans_and_remaining_bytes_are_not_proven_code_data_classification
8017B000-f53764527f897de4af552419091303ac2e79e4f142f0e408bad6e977adabfd35,20480,0,0,20480,0x0:0x5000,0x3CD8,candidate_spans_and_remaining_bytes_are_not_proven_code_data_classification
8017B000-f5472e12fe613a83fd6614d0f1af7be9ccde4c34d0c896610c41248dc9aacc37,20480,0,10904,9576,0x0:0x4;0x2A9C:0x5000,0x326C,candidate_spans_and_remaining_bytes_are_not_proven_code_data_classification
8017B000-f555f031ec11e92805b36c46114641479be12fedc5824ec12e41e77610556bd8,20480,0,5860,14620,0x0:0x4;0x16E8:0x5000,0x1D14,candidate_spans_and_remaining_bytes_are_not_proven_code_data_classification
8017B000-f5a7073e58a54eb8102fa66d14da61ef25932b579efefc2d6c77911b659c03ac,20480,0,0,20480,0x0:0x5000,0x1F6C,candidate_spans_and_remaining_bytes_are_not_proven_code_data_classification
8017B000-f5bd0b5a15a99e875beb4c5878d664fc4a7a44646a7cc01df50bfcf972c027eb,20480,0,0,20480,0x0:0x5000,0x4ADC,candidate_spans_and_remaining_bytes_are_not_proven_code_data_classification
8017B000-f64a3e1e3cd3ccc49ddc09b4d3cb342b83ad9cf3835b1e302b39eb3cd303db8a,20480,0,6420,14060,0x0:0x4;0x1918:0x5000,,candidate_spans_and_remaining_bytes_are_not_proven_code_data_classification
8017B000-f6500327f74ffa0cf6d84a1aeeb99ce05c94922919eac58058e365512330a754,20480,0,0,20480,0x0:0x5000,0x3F90,candidate_spans_and_remaining_bytes_are_not_proven_code_data_classification
8017B000-f6626998679a70c8d307889529274170c4db48b8298d5600327417e4366e31b8,20480,14740,0,5740,0x0:0x4;0x3998:0x5000,,candidate_spans_and_remaining_bytes_are_not_proven_code_data_classification
8017B000-f676846cd643cdada285eab61f0cc8b024e1a0b5d288137c2e6ac8ea54f4b1fa,20480,0,0,20480,0x0:0x5000,0x1F30;0x2004,candidate_spans_and_remaining_bytes_are_not_proven_code_data_classification
8017B000-f68a92c02ceed1a0d813328f1e359eaa3d89590e5d14a112bb6b88f7a61f6921,20480,0,5860,14620,0x0:0x4;0x16E8:0x5000,,candidate_spans_and_remaining_bytes_are_not_proven_code_data_classification
8017B000-f6caa9dfef128715136671491c9a6d76b76b422d9ac00bf5a43700aa910e9bc1,20480,0,4504,15976,0x0:0x4;0x119C:0x5000,,candidate_spans_and_remaining_bytes_are_not_proven_code_data_classification
8017B000-f721ba6d40e306c9cc34d6dc3789f97b21c208bd809d6d1fd2fb65f1585d096b,20480,0,7504,12976,0x0:0x4;0x1D54:0x5000,,candidate_spans_and_remaining_bytes_are_not_proven_code_data_classification
8017B000-f72becc35c2e7b395adca48bc156a9a38f20303af6f0ea4a22545b48af67f4ce,20480,0,6524,13956,0x0:0x4;0x1980:0x5000,0x3844,candidate_spans_and_remaining_bytes_are_not_proven_code_data_classification
8017B000-f7427f1450b7572e525b3af2ce7b48c9b2b0559f633d5d92b02e1969c64ba54f,20480,0,8412,12068,0x0:0x4;0x20E0:0x5000,,candidate_spans_and_remaining_bytes_are_not_proven_code_data_classification
8017B000-f753b3a3bfb0c1e0efc4f4fffcb011bacba89a61dab4741e138b3f5608e66845,20480,0,8108,12372,0x0:0x4;0x1FB0:0x5000,,candidate_spans_and_remaining_bytes_are_not_proven_code_data_classification
8017B000-f7853d1f8c1422d94f03108d517f16ba6a701ef7425b12de358c17c5ecf73ff9,20480,0,4080,16400,0x0:0x4;0xFF4:0x5000,0x16A0,candidate_spans_and_remaining_bytes_are_not_proven_code_data_classification
8017B000-f7e6ec3bf8745106f66510b64f7e2611d2721357ec12bb9d9d95d2f6386e6b69,20480,0,6196,14284,0x0:0x4;0x1838:0x5000,0x2FB8,candidate_spans_and_remaining_bytes_are_not_proven_code_data_classification
8017B000-f854eb7cc302ac2b8630d385b87a69e69235b4314f4128c68c70288e971f7d6e,20480,0,3868,16612,0x0:0x4;0xF20:0x5000,,candidate_spans_and_remaining_bytes_are_not_proven_code_data_classification
8017B000-f8571c46c7b678be4b7b28d82a4a785ec92d3ab4a0f20dfb080478a5ee8b3533,20480,0,15032,5448,0x0:0x4;0x3ABC:0x5000,,candidate_spans_and_remaining_bytes_are_not_proven_code_data_classification
8017B000-f892089ebcfffaf36ee46a68140f429cd1f560c22772eb80b9bbe33500b8b8b6,20480,0,4440,16040,0x0:0x4;0x115C:0x5000,,candidate_spans_and_remaining_bytes_are_not_proven_code_data_classification
8017B000-f8b3890710fc32a68a9e7318dce362f8eee5f3af71a82accb199d637e86a6769,20480,7900,0,12580,0x0:0x4;0x1EE0:0x5000,0x1F74,candidate_spans_and_remaining_bytes_are_not_proven_code_data_classification
8017B000-f8bdd990221f95e2c10c915c4ede49d7e037e8f348e906e0f5e06b36e11f04dc,20480,0,8364,12116,0x0:0x4;0x20B0:0x5000,,candidate_spans_and_remaining_bytes_are_not_proven_code_data_classification
8017B000-f8c6cba2c468e0f320f5d42cef74155f6a4e0023c7941f48d64e3674ec8666e8,20480,0,8412,12068,0x0:0x4;0x20E0:0x5000,,candidate_spans_and_remaining_bytes_are_not_proven_code_data_classification
8017B000-f8c8879b05c8074bc4af2abb62a54c698cc62cef93244ce820b46f3b5907b994,20480,0,5004,15476,0x0:0x4;0x1390:0x5000,,candidate_spans_and_remaining_bytes_are_not_proven_code_data_classification
8017B000-f9205930d049ac6f2d1eed92e5ddc1d3b463e16b08f9f636b296e843f2761b32,20480,11896,0,8584,0x0:0x4;0x2E7C:0x5000,,candidate_spans_and_remaining_bytes_are_not_proven_code_data_classification
8017B000-f93531c830e0922274b00159ee02ac39644c40f5dc2ccd9e79a9002f82fafd5b,20480,0,3868,16612,0x0:0x4;0xF20:0x5000,,candidate_spans_and_remaining_bytes_are_not_proven_code_data_classification
8017B000-f94f23c51f455c994482e3043220ee588d276596f1a2544da9537df46209a690,20480,0,0,20480,0x0:0x5000,0x44A4,candidate_spans_and_remaining_bytes_are_not_proven_code_data_classification
8017B000-f953225a240c5279d6c52cf64ed65036e76e8bf49f7b9f961775a230eb859d8f,20480,0,6196,14284,0x0:0x4;0x1838:0x5000,0x2FB8,candidate_spans_and_remaining_bytes_are_not_proven_code_data_classification
8017B000-f9598f757a440be2c2ac2060ac757dc9da041d47914a4689dd3071ed675afb54,20480,0,6524,13956,0x0:0x4;0x1980:0x5000,,candidate_spans_and_remaining_bytes_are_not_proven_code_data_classification
8017B000-f9671df9b2167f7329c5c011fd10bcf1ea0a6ee339886f04548a255dc8aeccd8,20480,0,3296,17184,0x0:0x4;0xCE4:0x5000,0x16A0,candidate_spans_and_remaining_bytes_are_not_proven_code_data_classification
8017B000-f9687d4da36f3a94b8e2224d58b572ddf9bad637ee5412118e6090bca377c3a5,20480,0,8836,11644,0x0:0x4;0x2288:0x5000,,candidate_spans_and_remaining_bytes_are_not_proven_code_data_classification
8017B000-f98ee2f82062c319e75c1e2f9bbd4bd3bfd7e4d9ab276d63709e6fbade87e8e3,20480,0,4704,15776,0x0:0x4;0x1264:0x5000,0x1358,candidate_spans_and_remaining_bytes_are_not_proven_code_data_classification
8017B000-f9ab3d1ea493bfa907354356095fe3748eaef89ee4823baba1b8db272dffc3e1,20480,0,0,20480,0x0:0x5000,0x19F0,candidate_spans_and_remaining_bytes_are_not_proven_code_data_classification
8017B000-f9bbbdfb84032187347775316e0f9dbf39ff5d87d632a7808916724c156503f5,20480,0,4260,16220,0x0:0x4;0x10A8:0x5000,0x20B8,candidate_spans_and_remaining_bytes_are_not_proven_code_data_classification
8017B000-fa3c95df136c9813602b0bc579c51af76bdfe61c867bffa5d4d254c669ea8752,20480,0,5872,14608,0x0:0x4;0x16F4:0x5000,,candidate_spans_and_remaining_bytes_are_not_proven_code_data_classification
8017B000-fa86c68baa180121a596bf48e805563dd7647040c26b22db6abf15154ab962c7,20480,0,7148,13332,0x0:0x4;0x1BF0:0x5000,0x32D8,candidate_spans_and_remaining_bytes_are_not_proven_code_data_classification
8017B000-faa82183678439469bb7bd57b936818e7a4f335dcc9b33c35fa0e1efe6b4f2d5,20480,0,0,20480,0x0:0x5000,0xE40;0x1204,candidate_spans_and_remaining_bytes_are_not_proven_code_data_classification
8017B000-faccb6e46dd4dad71fe023a13bd75a14c78f148d78e4c8029664701cc423e9b1,20480,0,0,20480,0x0:0x5000,0x44A4,candidate_spans_and_remaining_bytes_are_not_proven_code_data_classification
8017B000-fb1552b89a96a75f13791c7b414c877e76a94e9947fa880efde541dee574be97,20480,0,6204,14276,0x0:0x4;0x1840:0x5000,,candidate_spans_and_remaining_bytes_are_not_proven_code_data_classification
8017B000-fb349fa9b25a743a1472a4e4bf06a3cc0d61769d38ba1a4311e4b2379b6ddbdc,20480,0,6700,13780,0x0:0x4;0x1A30:0x5000,,candidate_spans_and_remaining_bytes_are_not_proven_code_data_classification
8017B000-fb570f39dd9aaa048db6d61714eaf9aa97a3c37be3a142bff66abe583706643f,20480,2384,0,18096,0x0:0x4;0x954:0x5000,0xE2C,candidate_spans_and_remaining_bytes_are_not_proven_code_data_classification
8017B000-fb8ff51e4d600e27051ee9093e68a32bf46d90b9be42a2e24176651fdb2d1d31,20480,11404,0,9076,0x0:0x4;0x2C90:0x5000,,candidate_spans_and_remaining_bytes_are_not_proven_code_data_classification
8017B000-fb9a8a54d8240ef58ea5eb4f0be831740207b6e262eee25edabf1803c70de697,20480,0,13528,6952,0x0:0x4;0x34DC:0x5000,,candidate_spans_and_remaining_bytes_are_not_proven_code_data_classification
8017B000-fc047bfc3daa330b1384d5f7f1bc12beb8283acc7023b35d1740570a408d00b0,20480,0,6420,14060,0x0:0x4;0x1918:0x5000,,candidate_spans_and_remaining_bytes_are_not_proven_code_data_classification
8017B000-fc5eb41f50e8e819b86179a5c5e98f4579371c7e80f96e6e2ac4d4210ceb5dfc,20480,0,15292,5188,0x0:0x4;0x3BC0:0x5000,,candidate_spans_and_remaining_bytes_are_not_proven_code_data_classification
8017B000-fc7db7e7d0905c62c9678b3505f0c94da353ebf04ab819c2a6736f89f53e228f,20480,0,6196,14284,0x0:0x4;0x1838:0x5000,,candidate_spans_and_remaining_bytes_are_not_proven_code_data_classification
8017B000-fc7e3a0de69bdad0fa761ed5c919ec2aef22bfa1d7d4b13c474825e81c73ddf9,20480,0,7788,12692,0x0:0x4;0x1E70:0x5000,,candidate_spans_and_remaining_bytes_are_not_proven_code_data_classification
8017B000-fc8723a0d65c17de82045df279260db24eb4231ea0940c10525a4f8f012f5035,20480,0,6940,13540,0x0:0x4;0x1B20:0x5000,,candidate_spans_and_remaining_bytes_are_not_proven_code_data_classification
8017B000-fca294fe9bfc338d98759e817bd11d7869b45e93d5866bfb6c0326a297b20492,20480,0,6196,14284,0x0:0x4;0x1838:0x5000,,candidate_spans_and_remaining_bytes_are_not_proven_code_data_classification
8017B000-fcc5c97fc94fa5699787e443f0c2d70e50a4135131690ac43c69c0459cba446d,20480,0,8412,12068,0x0:0x4;0x20E0:0x5000,,candidate_spans_and_remaining_bytes_are_not_proven_code_data_classification
8017B000-fd09c6b7ce2c758c7325aa14950a4659ede073ecf558ce9ef723be28b5603aa3,20480,0,7524,12956,0x0:0x4;0x1D68:0x5000,0x2C5C,candidate_spans_and_remaining_bytes_are_not_proven_code_data_classification
8017B000-fd1a1bc008b73971f71d10efc995768533a76f98f391117a06223c4fc7450cf1,20480,0,7608,12872,0x0:0x4;0x1DBC:0x5000,,candidate_spans_and_remaining_bytes_are_not_proven_code_data_classification
8017B000-fd3d9fa0b7eda2e25be80616017e3c5ce784e4dfee4aa329cfbf0f80d7c2890f,20480,0,5860,14620,0x0:0x4;0x16E8:0x5000,,candidate_spans_and_remaining_bytes_are_not_proven_code_data_classification
8017B000-fd8ca61beb8dd54034895732e48e629e070175568d3ab25814d82f0bb37aa5fd,20480,0,15032,5448,0x0:0x4;0x3ABC:0x5000,,candidate_spans_and_remaining_bytes_are_not_proven_code_data_classification
8017B000-fe5653d5ad75d1d4d3cf23424a65b9ea4bc1e49d510adb539a4cbf22fa5c815e,20480,0,0,20480,0x0:0x5000,0x1348,candidate_spans_and_remaining_bytes_are_not_proven_code_data_classification
8017B000-fea953d8343b40ca12260947a7f623ac6aeb28d70a54e4e5b6570f3597e29dd4,20480,0,6708,13772,0x0:0x4;0x1A38:0x5000,,candidate_spans_and_remaining_bytes_are_not_proven_code_data_classification
8017B000-fead73fdd95b39f16518cdb83c54ca849c773af3b3ce10074ae9319d3f042c5d,20480,0,15292,5188,0x0:0x4;0x3BC0:0x5000,,candidate_spans_and_remaining_bytes_are_not_proven_code_data_classification
8017B000-ff1bf077ed82c35760e69ee4058fbcfe32a3856ce72fbd615968a19fb0e4ddca,20480,0,6488,13992,0x0:0x4;0x195C:0x5000,0x328C,candidate_spans_and_remaining_bytes_are_not_proven_code_data_classification
8017B000-ff3211c7bc9c6a89d1b8f7645f037437ee269df141d80d33890f51390a6ea26b,20480,0,5372,15108,0x0:0x4;0x1500:0x5000,,candidate_spans_and_remaining_bytes_are_not_proven_code_data_classification
8017B000-ff4f2bfe8106b1544b5a6b2ceb8c9040540d46375038e636baa7b8d09e358a75,20480,0,5700,14780,0x0:0x4;0x1648:0x5000,,candidate_spans_and_remaining_bytes_are_not_proven_code_data_classification
8017B000-ff586568723208c1a3cd6aed81c6a20565fee0148aa0594eae7719149a0984e8,20480,0,0,20480,0x0:0x5000,0x4DC4,candidate_spans_and_remaining_bytes_are_not_proven_code_data_classification
8017B000-ff6424a6faf729558a708e8467f4203507e915bef560c18b194ce6bfdb0ad0d5,20480,0,8412,12068,0x0:0x4;0x20E0:0x5000,,candidate_spans_and_remaining_bytes_are_not_proven_code_data_classification
8017B000-ff85350c8c46a4a18754c425350b8cfba93c05e11da8362aa5c24b21bc161ec0,20480,14740,0,5740,0x0:0x4;0x3998:0x5000,,candidate_spans_and_remaining_bytes_are_not_proven_code_data_classification
8017B000-ff8609f27c7a2600e36948f5ab3ce98d75a25048c46ed76569ac264ed989a33d,20480,0,7752,12728,0x0:0x4;0x1E4C:0x5000,,candidate_spans_and_remaining_bytes_are_not_proven_code_data_classification
8017B000-fff7e452ec951d80c10a13a2051fae4ad2a03926ef5a08b3a54620763ac810f4,20480,0,7292,13188,0x0:0x4;0x1C80:0x5000,,candidate_spans_and_remaining_bytes_are_not_proven_code_data_classification
80180000-f5fa6a720f1a584e229f63e8e8e6bc9c6a9bdb3ad37ec279de38df6ba3380ce1,32768,1484,0,31284,0x0:0x4;0x5D0:0x8000,,candidate_spans_and_remaining_bytes_are_not_proven_code_data_classification
