image_id,image_bytes,registered_function_bytes,additional_candidate_span_bytes,unassigned_bytes,unassigned_ranges,unassigned_return_hints,caveat
8013A000-00a125eadf140c989fb46fe3d5f8f8eb388a5c6aef64401fe31460e2c576dba4,4096,0,8,4088,0x0:0x4;0xC:0x1000,,candidate_spans_and_remaining_bytes_are_not_proven_code_data_classification
8013A000-00d38d7ca28ccbf212106d4663bbd23d72e84daa2879b30ccce8e7033c897dca,4096,0,8,4088,0x0:0x4;0xC:0x1000,,candidate_spans_and_remaining_bytes_are_not_proven_code_data_classification
8013A000-01ad48847f8211fa551f467cd50e20c7de8dd3e123682c36a084de0b484a1e09,4096,0,8,4088,0x0:0x4;0xC:0x1000,,candidate_spans_and_remaining_bytes_are_not_proven_code_data_classification
8013A000-021ad2ccc810980689825021d7c73232476191e1900311a5cb489a5917a512f4,4096,0,8,4088,0x0:0x4;0xC:0x1000,,candidate_spans_and_remaining_bytes_are_not_proven_code_data_classification
8013A000-0222f916aa3d177d3c787e4fb533576337c9aa27c84142c9de98e54f5473c5d2,4096,0,8,4088,0x0:0x4;0xC:0x1000,,candidate_spans_and_remaining_bytes_are_not_proven_code_data_classification
8013A000-024fd4f83a748f0ddc9c938a5e402b387cd37be9332bdd6bd6f3edd6787c507c,4096,0,8,4088,0x0:0x4;0xC:0x1000,,candidate_spans_and_remaining_bytes_are_not_proven_code_data_classification
8013A000-029333ba7e319a0209edf2a47e06871eff51ce7198834ae9fb74489b9ac7cc04,4096,0,8,4088,0x0:0x4;0xC:0x1000,,candidate_spans_and_remaining_bytes_are_not_proven_code_data_classification
8013A000-03276972414f0dbcb9c6a82dde58076d122a432ca5ebf6e5b549360d29a75e90,4096,0,8,4088,0x0:0x4;0xC:0x1000,,candidate_spans_and_remaining_bytes_are_not_proven_code_data_classification
8013A000-03737de3588aa946f3633c054d40c0be3b41f4afc1a3db72013eae383a2452e0,4096,0,8,4088,0x0:0x4;0xC:0x1000,,candidate_spans_and_remaining_bytes_are_not_proven_code_data_classification
8013A000-03a5ad1e481048e41d7d4c93c4bb58f474786344edb93180fe932dec55d27d41,4096,0,8,4088,0x0:0x4;0xC:0x1000,,candidate_spans_and_remaining_bytes_are_not_proven_code_data_classification
8013A000-03a607fb53ae895865e4b3b6f8ff2fa765ef437f33aaaf065a45d3fa1f2532dd,4096,0,8,4088,0x0:0x4;0xC:0x1000,,candidate_spans_and_remaining_bytes_are_not_proven_code_data_classification
8013A000-03b52f1107ef828e71d7e3744df633a8f3871e367df3212a05e4d4ad9c76b799,4096,0,8,4088,0x0:0x4;0xC:0x1000,,candidate_spans_and_remaining_bytes_are_not_proven_code_data_classification
8013A000-03b589a589aec256b3cf1596e4a6f273d1bdd6d758e5f55abfb9995bdb336f1e,4096,0,8,4088,0x0:0x4;0xC:0x1000,,candidate_spans_and_remaining_bytes_are_not_proven_code_data_classification
8013A000-04581aee407ba7905ebd8ec86f23a7f060fabc77ebb7e268e176517e1c98b952,4096,0,8,4088,0x0:0x4;0xC:0x1000,,candidate_spans_and_remaining_bytes_are_not_proven_code_data_classification
8013A000-05085be60cb0a1ae1a1d02767c011e25f81bac1a0c785171c5697a67a05ed3ed,4096,0,8,4088,0x0:0x4;0xC:0x1000,,candidate_spans_and_remaining_bytes_are_not_proven_code_data_classification
8013A000-056382cb2ad515de640c201dab3e7dc2d84218281485ccdfb9d9c2071bb7f1f6,4096,0,8,4088,0x0:0x4;0xC:0x1000,,candidate_spans_and_remaining_bytes_are_not_proven_code_data_classification
8013A000-05f5d2353599a9dd93fd090f3f45245be1a92d70a04128a04070398ff1646fcd,4096,0,8,4088,0x0:0x4;0xC:0x1000,,candidate_spans_and_remaining_bytes_are_not_proven_code_data_classification
8013A000-06026a72a31f5a04c5fe558c442c807d4a415b27a4a1b75b8683466f0ef74770,4096,0,8,4088,0x0:0x4;0xC:0x1000,,candidate_spans_and_remaining_bytes_are_not_proven_code_data_classification
8013A000-07624fe994de52e2ca05fe241f85d9eb1fd851b5524af7c5ab5c3edce71e49db,4096,0,8,4088,0x0:0x4;0xC:0x1000,,candidate_spans_and_remaining_bytes_are_not_proven_code_data_classification
8013A000-082823abdea56b8f379ad1d432190251026bbf25a352a1bf384878a685dbbcd0,4096,0,8,4088,0x0:0x4;0xC:0x1000,,candidate_spans_and_remaining_bytes_are_not_proven_code_data_classification
8013A000-089ba68b30d3fab1326e93b6ddbe55cd895e01b5d35b127ca5dd6e84a40de6a5,4096,0,8,4088,0x0:0x4;0xC:0x1000,,candidate_spans_and_remaining_bytes_are_not_proven_code_data_classification
8013A000-08e26b4098df59a16763273762b9c0b3c8eae4d484e93d3f5141e0ecce9ef8c7,4096,0,8,4088,0x0:0x4;0xC:0x1000,0x4AC,candidate_spans_and_remaining_bytes_are_not_proven_code_data_classification
8013A000-09bce070093eff3c8ce145086ba18a5a855894c977210cc6556ad8dc31bb2b21,4096,0,8,4088,0x0:0x4;0xC:0x1000,,candidate_spans_and_remaining_bytes_are_not_proven_code_data_classification
8013A000-09f4cec9a6268c1d7e7ee409ae94042caf6e659ea8abdf6e3c38e217beec6530,4096,0,8,4088,0x0:0x4;0xC:0x1000,,candidate_spans_and_remaining_bytes_are_not_proven_code_data_classification
8013A000-0a67099a05d53efac520d794d4cc491852d6c629a9ec056ebedf6bd9dfff5ae0,4096,0,8,4088,0x0:0x4;0xC:0x1000,,candidate_spans_and_remaining_bytes_are_not_proven_code_data_classification
8013A000-0a8bb3e80c1c730e8e4b022bbbba50c9602783062c4b0ba9014de0004dacbe5a,4096,0,8,4088,0x0:0x4;0xC:0x1000,,candidate_spans_and_remaining_bytes_are_not_proven_code_data_classification
8013A000-0b29e53beea6287731a6675d2a31751236e1e086949a693045c6c49f5d98c172,4096,0,8,4088,0x0:0x4;0xC:0x1000,,candidate_spans_and_remaining_bytes_are_not_proven_code_data_classification
8013A000-0b5e8a4e4aebe57679e48b6a065303475ad9a3594f0b467242a05ca9354e2003,4096,0,8,4088,0x0:0x4;0xC:0x1000,,candidate_spans_and_remaining_bytes_are_not_proven_code_data_classification
8013A000-0b9860cb219ea486c855edf981b7a12e144c0e5508ab987edd842188a657d0cd,4096,0,8,4088,0x0:0x4;0xC:0x1000,,candidate_spans_and_remaining_bytes_are_not_proven_code_data_classification
8013A000-0c8aebcccfaf488fa79e36662dfa58a3ea16e5c79520d91d289de343596f48da,4096,0,8,4088,0x0:0x4;0xC:0x1000,,candidate_spans_and_remaining_bytes_are_not_proven_code_data_classification
8013A000-0ccf43f478f9568b8a9366a9fe8bf3fa5c3b38ff19b4ba3f162ef114032e90cc,4096,0,8,4088,0x0:0x4;0xC:0x1000,,candidate_spans_and_remaining_bytes_are_not_proven_code_data_classification
8013A000-0d0a9d34d85773577ed357a2c9bc9789c8b714095488193af4e1837497cdc7f6,4096,0,8,4088,0x0:0x4;0xC:0x1000,,candidate_spans_and_remaining_bytes_are_not_proven_code_data_classification
8013A000-0d625369e3bd8024807bec93ba00a2b9a471a5d2f1f31e486f8a07e8a2245d09,4096,0,8,4088,0x0:0x4;0xC:0x1000,,candidate_spans_and_remaining_bytes_are_not_proven_code_data_classification
8013A000-0ef9647640bc1ddbe724350c7f79e92d1e2007e23c50b9afc5eaadb56804af2c,4096,0,8,4088,0x0:0x4;0xC:0x1000,,candidate_spans_and_remaining_bytes_are_not_proven_code_data_classification
8013A000-0f44938009c24bd990eb7e50bf6a4cd1d0ffaa216680666bf03967f0aa8ef889,4096,0,8,4088,0x0:0x4;0xC:0x1000,,candidate_spans_and_remaining_bytes_are_not_proven_code_data_classification
8013A000-0f624cee49761927d9423f9716d75b403967a948bd854208d8c29e7011add4a4,4096,0,8,4088,0x0:0x4;0xC:0x1000,,candidate_spans_and_remaining_bytes_are_not_proven_code_data_classification
8013A000-105ba030b7a5b1cb3ae3c0a62222f07acea38faa7372a581a4cc9d74872e9fed,4096,0,8,4088,0x0:0x4;0xC:0x1000,,candidate_spans_and_remaining_bytes_are_not_proven_code_data_classification
8013A000-113e253c146b2655ab415568dd078d87da5f0607fb018619d405161ddc48547a,4096,0,8,4088,0x0:0x4;0xC:0x1000,,candidate_spans_and_remaining_bytes_are_not_proven_code_data_classification
8013A000-11871bf25c4ebe2b13395650332f2cfcc2f59d5b6bc86cbf08aef21a4364f498,4096,0,8,4088,0x0:0x4;0xC:0x1000,,candidate_spans_and_remaining_bytes_are_not_proven_code_data_classification
8013A000-1288fac4b4c4eff1693fabcdbda8f50b21518af040e5e2864934100908e17279,4096,0,8,4088,0x0:0x4;0xC:0x1000,,candidate_spans_and_remaining_bytes_are_not_proven_code_data_classification
8013A000-130270431483f5aa43403a6e3cc8bdf1dc3a0de7ad59b46155a6e577c0202f0b,4096,0,8,4088,0x0:0x4;0xC:0x1000,,candidate_spans_and_remaining_bytes_are_not_proven_code_data_classification
8013A000-13b0ba8a82db4545900f8eed0f865978c6b9ac70ffa2a52457c76e304069bc8f,4096,0,8,4088,0x0:0x4;0xC:0x1000,,candidate_spans_and_remaining_bytes_are_not_proven_code_data_classification
8013A000-13b9cdbc00906074afcdd3aad867a7f5aaafa5e59c2b6e8cfe7e7f27224d8e10,4096,0,8,4088,0x0:0x4;0xC:0x1000,,candidate_spans_and_remaining_bytes_are_not_proven_code_data_classification
8013A000-142dd97e0d5572f5ae3d5ab66a81c28aa67a1d03f3e2bf541760c95d57ef6d84,4096,0,8,4088,0x0:0x4;0xC:0x1000,,candidate_spans_and_remaining_bytes_are_not_proven_code_data_classification
8013A000-16383ebc213180524bc997f271774415309cf1ff3e9729d92cb208f9e9fbf1ef,4096,0,8,4088,0x0:0x4;0xC:0x1000,,candidate_spans_and_remaining_bytes_are_not_proven_code_data_classification
8013A000-173ede884363df74b6360c7ba43988a5df9ec8a3738f76be686d5eb212468645,4096,0,8,4088,0x0:0x4;0xC:0x1000,,candidate_spans_and_remaining_bytes_are_not_proven_code_data_classification
8013A000-17aef7a59b191bba5d1f2cfa121622c034a36c2110f407c7d9d80f888a7f2bb8,4096,0,8,4088,0x0:0x4;0xC:0x1000,,candidate_spans_and_remaining_bytes_are_not_proven_code_data_classification
8013A000-17eebbcfa7f0a726f6380618adbe6d3ad7f26049652e7f4abdb0e005b3bcf94b,4096,0,8,4088,0x0:0x4;0xC:0x1000,,candidate_spans_and_remaining_bytes_are_not_proven_code_data_classification
8013A000-18473102118dc2d9fb8f650af07e5083f22706704f1a6e1f5b84f879518c2da9,4096,0,8,4088,0x0:0x4;0xC:0x1000,,candidate_spans_and_remaining_bytes_are_not_proven_code_data_classification
8013A000-186f6843ff984ba7d269780bafe0dcc25202c23c66d530ead16457af1381ed8d,4096,0,8,4088,0x0:0x4;0xC:0x1000,,candidate_spans_and_remaining_bytes_are_not_proven_code_data_classification
8013A000-192d4ceb119d39b9fcdeea857c3b12c4a8e72cfc3474d98e37453b28e0ff01e7,4096,0,8,4088,0x0:0x4;0xC:0x1000,,candidate_spans_and_remaining_bytes_are_not_proven_code_data_classification
8013A000-192d56b27957c3d5568558201e779982a685a43f1e7520dbfed208ac15c1183a,4096,0,8,4088,0x0:0x4;0xC:0x1000,,candidate_spans_and_remaining_bytes_are_not_proven_code_data_classification
8013A000-193250b9274093b75fcae956ede7bb3e47d7540a3cef7347e56e280b10478cc7,4096,0,8,4088,0x0:0x4;0xC:0x1000,,candidate_spans_and_remaining_bytes_are_not_proven_code_data_classification
8013A000-1b7b387caba510aab6ccaf1412fcc2192251bb5cd9a2728a77d6b2865099600d,4096,0,8,4088,0x0:0x4;0xC:0x1000,,candidate_spans_and_remaining_bytes_are_not_proven_code_data_classification
8013A000-1c06372f94ea3d953d73c38b13884eb5ef90b105651821fa2055da162a91498a,4096,0,8,4088,0x0:0x4;0xC:0x1000,,candidate_spans_and_remaining_bytes_are_not_proven_code_data_classification
8013A000-1c982a63a3453436e9ed04f534dd97b766fb5a44d67b9683b9a355722c1329ad,4096,0,8,4088,0x0:0x4;0xC:0x1000,,candidate_spans_and_remaining_bytes_are_not_proven_code_data_classification
8013A000-1d74ae50c3a45af15bd0ff8682dc59b9768e55889713f6a9eef6febd90be8956,4096,0,8,4088,0x0:0x4;0xC:0x1000,,candidate_spans_and_remaining_bytes_are_not_proven_code_data_classification
8013A000-1d7c9d1a2d377157812ebba362854dc04bf81fd5a2f12dd646f4db35ba6d81e3,4096,0,8,4088,0x0:0x4;0xC:0x1000,,candidate_spans_and_remaining_bytes_are_not_proven_code_data_classification
8013A000-1db57f5b12d911034448af2a7d5fd1178f5f1a1c97b942264f2d83977b46918f,4096,0,8,4088,0x0:0x4;0xC:0x1000,,candidate_spans_and_remaining_bytes_are_not_proven_code_data_classification
8013A000-1e6368ca735d0ee708ef6cc9fc19d355b4d33178c5c91acb84efdce66ad01819,4096,0,8,4088,0x0:0x4;0xC:0x1000,,candidate_spans_and_remaining_bytes_are_not_proven_code_data_classification
8013A000-1ea4f2450bbb0908c168735aaf80c7aa9e8166fe509f06035a85fa90d4512668,4096,0,8,4088,0x0:0x4;0xC:0x1000,,candidate_spans_and_remaining_bytes_are_not_proven_code_data_classification
8013A000-1eacc77478d98a2f7251231e0029c113a389839aaa67815160785e9ee2d5d36c,4096,0,8,4088,0x0:0x4;0xC:0x1000,,candidate_spans_and_remaining_bytes_are_not_proven_code_data_classification
8013A000-1f2fe6ad8530a0a206bdd0efa488490d6f501399d020969e714d0ccca0590c5b,4096,0,8,4088,0x0:0x4;0xC:0x1000,,candidate_spans_and_remaining_bytes_are_not_proven_code_data_classification
8013A000-1f5e0d4be98de06f59fbc6f9923d79a6307bd11fbb83b0e202c4791ffadb6464,4096,0,8,4088,0x0:0x4;0xC:0x1000,,candidate_spans_and_remaining_bytes_are_not_proven_code_data_classification
8013A000-1f8445c1c1d1c41aaf7ca68b6c898b716eca90388b5e097b5f11601096697213,4096,0,8,4088,0x0:0x4;0xC:0x1000,,candidate_spans_and_remaining_bytes_are_not_proven_code_data_classification
8013A000-1fa79eb43a32d5afd334e562109ea00e96409836bd758dc85f546b7ba58ce6b6,4096,0,276,3820,0x0:0x4;0x118:0x1000,0x150,candidate_spans_and_remaining_bytes_are_not_proven_code_data_classification
8013A000-1fb4f63db5fb4f5cd1579f9c9cc95533f21adec646ec019d8dcafef3dd7a700e,4096,0,8,4088,0x0:0x4;0xC:0x1000,,candidate_spans_and_remaining_bytes_are_not_proven_code_data_classification
8013A000-1ffcf920729b428ac18e563ecfbed1b9bedd9219098b19307c818c55d17123b9,4096,0,8,4088,0x0:0x4;0xC:0x1000,,candidate_spans_and_remaining_bytes_are_not_proven_code_data_classification
8013A000-207983087f1729229ffd5bc460ed6ea8f26b8df447377a3602649a3eb818a01d,4096,0,8,4088,0x0:0x4;0xC:0x1000,,candidate_spans_and_remaining_bytes_are_not_proven_code_data_classification
8013A000-21510c1a255d727761ac6df51f9ae2eb001e575066584535d748d0b7909ba11f,4096,0,8,4088,0x0:0x4;0xC:0x1000,,candidate_spans_and_remaining_bytes_are_not_proven_code_data_classification
8013A000-215d41a27ecfee5fa541c36394f317b2cfcd14c5bbc991dcf2e9814423bb27df,4096,0,8,4088,0x0:0x4;0xC:0x1000,,candidate_spans_and_remaining_bytes_are_not_proven_code_data_classification
8013A000-218072a048d1764baec54049518269607f25744932aac3a1a0317a093a34a484,4096,0,8,4088,0x0:0x4;0xC:0x1000,,candidate_spans_and_remaining_bytes_are_not_proven_code_data_classification
8013A000-218e776a129f4a9519516df7a5ae8984eff8626db21621afeb4c84302f70a2be,4096,0,8,4088,0x0:0x4;0xC:0x1000,,candidate_spans_and_remaining_bytes_are_not_proven_code_data_classification
8013A000-219601d73ad221e133a735c82eca5130b1b4f1e78343b9a27805b2db8c1ff735,4096,0,8,4088,0x0:0x4;0xC:0x1000,,candidate_spans_and_remaining_bytes_are_not_proven_code_data_classification
8013A000-21a038230f88131d2024bc0a12a0800aa6b340f62eae3f69ffa49c44b34ced8c,4096,0,8,4088,0x0:0x4;0xC:0x1000,,candidate_spans_and_remaining_bytes_are_not_proven_code_data_classification
8013A000-21d42447ec1fe13067ebbf8a14b2cf1366a3313264faa39ddcc1bc7e7e841fb4,4096,0,8,4088,0x0:0x4;0xC:0x1000,,candidate_spans_and_remaining_bytes_are_not_proven_code_data_classification
8013A000-21d68268373b74ed2bae45da3a4ce560b92a43e42e3841215db1fb9708dab158,4096,0,8,4088,0x0:0x4;0xC:0x1000,,candidate_spans_and_remaining_bytes_are_not_proven_code_data_classification
8013A000-224a52966a5a5b413fcc981402682b16bd8fd3562d2dc85275a980d57c86d487,4096,0,8,4088,0x0:0x4;0xC:0x1000,,candidate_spans_and_remaining_bytes_are_not_proven_code_data_classification
8013A000-225aa1d6b2da1e2c7461edfa6508ff4d79f4b623fd90f44e24d4d5ecac8d9eb7,4096,0,8,4088,0x0:0x4;0xC:0x1000,,candidate_spans_and_remaining_bytes_are_not_proven_code_data_classification
8013A000-22777bf4f64e520da69b4bb794658f1d81fed149f9dc53aba8d4fe148eb96e7a,4096,0,8,4088,0x0:0x4;0xC:0x1000,,candidate_spans_and_remaining_bytes_are_not_proven_code_data_classification
8013A000-2282a65aeecc871f520ed599ad2b1b75e596d8a0fcbb99e00f33522bcd63df17,4096,0,8,4088,0x0:0x4;0xC:0x1000,,candidate_spans_and_remaining_bytes_are_not_proven_code_data_classification
8013A000-2318fe2b0aadd3b830b0dd347e70ac863ba742f5423a8578e6928a4be056727f,4096,0,8,4088,0x0:0x4;0xC:0x1000,,candidate_spans_and_remaining_bytes_are_not_proven_code_data_classification
8013A000-2326c4ed0019808c949fdf70ad9fe3177c7543faeb5b97ad41143d2f97c0adc8,4096,0,8,4088,0x0:0x4;0xC:0x1000,,candidate_spans_and_remaining_bytes_are_not_proven_code_data_classification
8013A000-23a9b39219b1ffee390a5fb1c7b4e47d796528e44683321ed4da4a24aa979770,4096,0,8,4088,0x0:0x4;0xC:0x1000,,candidate_spans_and_remaining_bytes_are_not_proven_code_data_classification
8013A000-2414570dcad40eed06aa0fbe7374354497e16b0dd5250b9cae8fd28ccfd16938,4096,0,8,4088,0x0:0x4;0xC:0x1000,,candidate_spans_and_remaining_bytes_are_not_proven_code_data_classification
8013A000-2470f8f91a0f15005fea266f975ef7ea5bdb48aa5b37dd3db7c4f6533dfe0455,4096,0,8,4088,0x0:0x4;0xC:0x1000,,candidate_spans_and_remaining_bytes_are_not_proven_code_data_classification
8013A000-24a7a80efaf42f72528bcef89346eb4026648251f65c5f96405ce7e28e48f375,4096,0,8,4088,0x0:0x4;0xC:0x1000,,candidate_spans_and_remaining_bytes_are_not_proven_code_data_classification
8013A000-24af5357b259bbd1bc96fde991c31c96f972258b2ec610af130eef53f8b49606,4096,0,8,4088,0x0:0x4;0xC:0x1000,,candidate_spans_and_remaining_bytes_are_not_proven_code_data_classification
8013A000-24e265ceb59eea11bd8684d3b0e52cc3994f9e1ebdff0f0e5bfd0a72be82ac9e,4096,0,8,4088,0x0:0x4;0xC:0x1000,,candidate_spans_and_remaining_bytes_are_not_proven_code_data_classification
8013A000-252930c79c928c56aef3e71af11786bcc06920f55234ee9c111ce563d0a12c1a,4096,0,8,4088,0x0:0x4;0xC:0x1000,,candidate_spans_and_remaining_bytes_are_not_proven_code_data_classification
8013A000-2580639291884f83919479b4e5d806b215b5c7871dcc6d6301a4ba719f94485d,4096,0,8,4088,0x0:0x4;0xC:0x1000,,candidate_spans_and_remaining_bytes_are_not_proven_code_data_classification
8013A000-25aa52c908a14923281931d9b49e95e001bae9acad84f5d8a1e846d3d1a5bd90,4096,0,8,4088,0x0:0x4;0xC:0x1000,,candidate_spans_and_remaining_bytes_are_not_proven_code_data_classification
8013A000-25e531bed4e66edc0e3a8b00e1092d694e319e7faba3c88c9aee5c57a399f54f,4096,0,8,4088,0x0:0x4;0xC:0x1000,,candidate_spans_and_remaining_bytes_are_not_proven_code_data_classification
8013A000-25fa7e56293d89ff415c1a6084ddb8269f87d989cd313cd3011fdf58990f383c,4096,0,8,4088,0x0:0x4;0xC:0x1000,,candidate_spans_and_remaining_bytes_are_not_proven_code_data_classification
8013A000-26adecda080cbb7761c48d9d0cde9d3c976b026da1d740d2b507c3c9550abc52,4096,0,8,4088,0x0:0x4;0xC:0x1000,,candidate_spans_and_remaining_bytes_are_not_proven_code_data_classification
8013A000-26ef95abceea813a7d86f0ad840265c7f318ee471969fefa900e6cfb5821a039,4096,0,8,4088,0x0:0x4;0xC:0x1000,,candidate_spans_and_remaining_bytes_are_not_proven_code_data_classification
8013A000-27b87f2b443000505fe20494604df764e56b11c52055a8d5fac4dba0eb99f0c1,4096,0,8,4088,0x0:0x4;0xC:0x1000,,candidate_spans_and_remaining_bytes_are_not_proven_code_data_classification
8013A000-27bfcd3a70403493cacaeb168566dc5f954594982d239c41e8a58b0f8b1bf612,4096,0,8,4088,0x0:0x4;0xC:0x1000,,candidate_spans_and_remaining_bytes_are_not_proven_code_data_classification
8013A000-281a6821d9695eefa46335c86257910091acc313bf2b6e8cc5d8b7b3e977477e,4096,0,8,4088,0x0:0x4;0xC:0x1000,,candidate_spans_and_remaining_bytes_are_not_proven_code_data_classification
8013A000-29534d381cb2d765f402472d2277a0b213eea3d6bc07e4f06e00a05d1faa2477,4096,0,8,4088,0x0:0x4;0xC:0x1000,,candidate_spans_and_remaining_bytes_are_not_proven_code_data_classification
8013A000-297e431e643716dc58a4661a39e79394e97c738662955cadb0850125a05c3877,4096,0,8,4088,0x0:0x4;0xC:0x1000,,candidate_spans_and_remaining_bytes_are_not_proven_code_data_classification
8013A000-2a68202a6362d6a8bc677667b2e1c5f0d59da13f8cb02e06b8f03dc012145752,4096,0,8,4088,0x0:0x4;0xC:0x1000,,candidate_spans_and_remaining_bytes_are_not_proven_code_data_classification
8013A000-2b3dd21a8b912e1e9050233452aaa4c26aac4fce72e9a6a66dc7097fd5db4ba2,4096,0,8,4088,0x0:0x4;0xC:0x1000,,candidate_spans_and_remaining_bytes_are_not_proven_code_data_classification
8013A000-2bea30bef837fdff366664e9ccab85340f1deeaaf2f8d18d8bd8f5f11f3f525f,4096,0,8,4088,0x0:0x4;0xC:0x1000,,candidate_spans_and_remaining_bytes_are_not_proven_code_data_classification
8013A000-2ceebd2ab4558cfcb2b60c6c1be21353ddb3195633fcac3a438c4812cb523761,4096,0,8,4088,0x0:0x4;0xC:0x1000,,candidate_spans_and_remaining_bytes_are_not_proven_code_data_classification
8013A000-2e3c90e59878b17575d5b17ec093c1f9f4ae4e4e866931afeb4a3019dd5afc21,4096,0,8,4088,0x0:0x4;0xC:0x1000,,candidate_spans_and_remaining_bytes_are_not_proven_code_data_classification
8013A000-2e8ac30e2ca4ab8a3039fd5a241cce2182f490323f4c85e7bc1fcf8aa8c7f45e,4096,0,8,4088,0x0:0x4;0xC:0x1000,,candidate_spans_and_remaining_bytes_are_not_proven_code_data_classification
8013A000-2ee4466164ba1f055b45f7beb66b064e21c8ad036efb0445d0be19ba9a32cfc7,4096,0,8,4088,0x0:0x4;0xC:0x1000,,candidate_spans_and_remaining_bytes_are_not_proven_code_data_classification
8013A000-2f3b762c31bff6177095e222f868a327ee4a83a092195b2f8032780413e3c3f7,4096,0,8,4088,0x0:0x4;0xC:0x1000,,candidate_spans_and_remaining_bytes_are_not_proven_code_data_classification
8013A000-2fc005575793a725a3279b017dd67301bbafa4f2ec723dd9fc0ac33dc7b940fb,4096,0,8,4088,0x0:0x4;0xC:0x1000,,candidate_spans_and_remaining_bytes_are_not_proven_code_data_classification
8013A000-3029c25d64d9cd0170e03dd4e186e944273f2f2f7f2f83048bd71d9f003d74c9,4096,0,8,4088,0x0:0x4;0xC:0x1000,,candidate_spans_and_remaining_bytes_are_not_proven_code_data_classification
8013A000-307f9a6dae46ce3de2430a712e7f477cce6f18529a0c145d7f6064d236975019,4096,0,8,4088,0x0:0x4;0xC:0x1000,,candidate_spans_and_remaining_bytes_are_not_proven_code_data_classification
8013A000-309fde4b6937193fee508fc9f38eaa669be3ae9f96ae5b662a9aae0c6e36854e,4096,0,8,4088,0x0:0x4;0xC:0x1000,,candidate_spans_and_remaining_bytes_are_not_proven_code_data_classification
8013A000-30a334942311174dd972d5c14c438a68219d8d898e2b42cc24674a16a3c08faa,4096,0,8,4088,0x0:0x4;0xC:0x1000,,candidate_spans_and_remaining_bytes_are_not_proven_code_data_classification
8013A000-310dfd2f0fd15a6103d72c9491f4f51b27c0e80b779346436a326a70d07a3099,4096,0,8,4088,0x0:0x4;0xC:0x1000,,candidate_spans_and_remaining_bytes_are_not_proven_code_data_classification
8013A000-312e59d2faca899e7f9d7c54506ba6dd616d9ab83e8a08005b75c8f4f94a7a0d,4096,0,8,4088,0x0:0x4;0xC:0x1000,,candidate_spans_and_remaining_bytes_are_not_proven_code_data_classification
8013A000-31436abfe124a1e347b7360be9667d9bed7e3f7c27acb833914c127f1a45165c,4096,0,8,4088,0x0:0x4;0xC:0x1000,,candidate_spans_and_remaining_bytes_are_not_proven_code_data_classification
8013A000-3172e706347a10994094e4ac25df70cebe9832661c6e12b6a958581f2b62f2c1,4096,0,8,4088,0x0:0x4;0xC:0x1000,,candidate_spans_and_remaining_bytes_are_not_proven_code_data_classification
8013A000-3296ff8cd85e2094e8cef29615ce1010d9c9dca01eb0879aae3708b8ecd36855,4096,0,8,4088,0x0:0x4;0xC:0x1000,,candidate_spans_and_remaining_bytes_are_not_proven_code_data_classification
8013A000-32d3d07c3d74cd6dce0acfab27143972920c881bfdbbafefc1273543c677f74e,4096,0,8,4088,0x0:0x4;0xC:0x1000,,candidate_spans_and_remaining_bytes_are_not_proven_code_data_classification
8013A000-33cdc4fff8794b2e633ff0b956c309da0a626644033718fac86f374e3db99dcf,4096,0,8,4088,0x0:0x4;0xC:0x1000,,candidate_spans_and_remaining_bytes_are_not_proven_code_data_classification
8013A000-33efb6f25c1f527dbaf4e6c9caeb03359c9bfd8bf61ef317c745e487ad090ac5,4096,0,8,4088,0x0:0x4;0xC:0x1000,,candidate_spans_and_remaining_bytes_are_not_proven_code_data_classification
8013A000-34601ad2a825ebb383705965a7a38082d800999bd18e3381b366077223a9f52f,4096,0,8,4088,0x0:0x4;0xC:0x1000,,candidate_spans_and_remaining_bytes_are_not_proven_code_data_classification
8013A000-348f51f7bf3b51f618e35b03217ee7a8d6a645415bf7fe8c8d051775b2c2ed7a,4096,0,8,4088,0x0:0x4;0xC:0x1000,,candidate_spans_and_remaining_bytes_are_not_proven_code_data_classification
8013A000-34bfccba58a2384cbe24ec1ad5b043123628b41dde60d76838079a3cecd1585a,4096,0,8,4088,0x0:0x4;0xC:0x1000,,candidate_spans_and_remaining_bytes_are_not_proven_code_data_classification
8013A000-354ee9da6aa71868f4e353e890147f7108b9cd3c1238265fb3367c1aa6cae9c4,4096,0,8,4088,0x0:0x4;0xC:0x1000,,candidate_spans_and_remaining_bytes_are_not_proven_code_data_classification
8013A000-35e5979faafd4fac8341ef0cc11afad42eb39238b66d739defcd94bdb9676a06,4096,0,8,4088,0x0:0x4;0xC:0x1000,,candidate_spans_and_remaining_bytes_are_not_proven_code_data_classification
8013A000-3664bd1d913597334a7c705690fbb0acca00f01137ccc5c7becda0411e2d5aab,4096,0,8,4088,0x0:0x4;0xC:0x1000,0xD54,candidate_spans_and_remaining_bytes_are_not_proven_code_data_classification
8013A000-371a548b2846abbfe1d588d903804fa519c3efca33b75494f41619d0213239cb,4096,0,8,4088,0x0:0x4;0xC:0x1000,,candidate_spans_and_remaining_bytes_are_not_proven_code_data_classification
8013A000-375fd9dfca872be1b1159e5d7b22f06778725867f64e3543b0b9ac68b47838f7,4096,0,8,4088,0x0:0x4;0xC:0x1000,,candidate_spans_and_remaining_bytes_are_not_proven_code_data_classification
8013A000-38bf7c8b9bbb6da1966da4da912f39e26634ce19a81df88f2ffce8dde8fa7cdf,4096,0,8,4088,0x0:0x4;0xC:0x1000,,candidate_spans_and_remaining_bytes_are_not_proven_code_data_classification
8013A000-394c32000630635da614c549f4779254a9385cdce8643169e158bd53fe8f10b8,4096,0,8,4088,0x0:0x4;0xC:0x1000,,candidate_spans_and_remaining_bytes_are_not_proven_code_data_classification
8013A000-3995a478a1d8c16496c16f17e795c089ad80d2cba23d178bcb057e479c8fa9bc,4096,0,8,4088,0x0:0x4;0xC:0x1000,,candidate_spans_and_remaining_bytes_are_not_proven_code_data_classification
8013A000-39c605207f4fe48b9709dda1e63a93f3f04d678360459db9511ff7e7f7bc1b84,4096,0,8,4088,0x0:0x4;0xC:0x1000,,candidate_spans_and_remaining_bytes_are_not_proven_code_data_classification
8013A000-3a0ed511dc121b903fe50f4cae0237b4c2a6e6e7965e9560cba36a88079f3bc1,4096,0,8,4088,0x0:0x4;0xC:0x1000,,candidate_spans_and_remaining_bytes_are_not_proven_code_data_classification
8013A000-3ae8fc5f35a5f3b229d22044bc725b229f7d4c8b91ed39a788eccf6d61554cf5,4096,0,8,4088,0x0:0x4;0xC:0x1000,,candidate_spans_and_remaining_bytes_are_not_proven_code_data_classification
8013A000-3c2d1dc71730bb7fd6714b479396db786927477f6eee00ebad4298acadce6566,4096,0,8,4088,0x0:0x4;0xC:0x1000,,candidate_spans_and_remaining_bytes_are_not_proven_code_data_classification
8013A000-3c82feb8ca0858d4e95a08cad8265d5f993865f5996b13e9c20a70c0a4b7472c,4096,0,8,4088,0x0:0x4;0xC:0x1000,,candidate_spans_and_remaining_bytes_are_not_proven_code_data_classification
8013A000-3d2b56b76dad831d216bd4a91474ee6b0f90e1c8ea2be74080399742f38129b1,4096,0,8,4088,0x0:0x4;0xC:0x1000,,candidate_spans_and_remaining_bytes_are_not_proven_code_data_classification
8013A000-3d63c1c918a1e50e5e66ea6e48ef058e8f362ace02b213a3185366620a30f9e2,4096,0,8,4088,0x0:0x4;0xC:0x1000,,candidate_spans_and_remaining_bytes_are_not_proven_code_data_classification
8013A000-3d734f37bee36b8aecdfdedd9dfc76fe381251e60e25cc0606b39f6130460d98,4096,0,8,4088,0x0:0x4;0xC:0x1000,,candidate_spans_and_remaining_bytes_are_not_proven_code_data_classification
8013A000-3e3305ef955dd852eda90b5aaceaccfe6eefc7345b7e5d859a0b30d9ec798467,4096,0,8,4088,0x0:0x4;0xC:0x1000,,candidate_spans_and_remaining_bytes_are_not_proven_code_data_classification
8013A000-3f1882bfc39de920a96bbb254bfa7388456001dde637d371b48d7f79812b5cef,4096,0,8,4088,0x0:0x4;0xC:0x1000,,candidate_spans_and_remaining_bytes_are_not_proven_code_data_classification
8013A000-3f626828a2b335db609646259a17f02539697a80b9abf70d89664105deac4fe1,4096,0,8,4088,0x0:0x4;0xC:0x1000,,candidate_spans_and_remaining_bytes_are_not_proven_code_data_classification
8013A000-3f766810b8169816ca2d2203e2cac852a84dfd2451058e606ca7e229d83f1ed6,4096,0,8,4088,0x0:0x4;0xC:0x1000,,candidate_spans_and_remaining_bytes_are_not_proven_code_data_classification
8013A000-3f9ec38e0e0e90d34377b6bb5759df59ea410a19bb976aa7b619ffbc856dc418,4096,0,8,4088,0x0:0x4;0xC:0x1000,,candidate_spans_and_remaining_bytes_are_not_proven_code_data_classification
8013A000-405877a8ef88dfb7f4f3f817e50e316bc2384cfe213ea2e823688ed04a14b1fb,4096,0,216,3880,0x0:0x4;0xDC:0x1000,,candidate_spans_and_remaining_bytes_are_not_proven_code_data_classification
8013A000-40827f549bfce1eaefb46ef2a7fe584aa8c48b0933f7ab8700b3421efeb670eb,4096,0,8,4088,0x0:0x4;0xC:0x1000,0x4D4;0x840,candidate_spans_and_remaining_bytes_are_not_proven_code_data_classification
8013A000-40f4a350b2d180b6c20da969da4492cee9945669f4ecac4d0f261f96ee33bb20,4096,0,8,4088,0x0:0x4;0xC:0x1000,,candidate_spans_and_remaining_bytes_are_not_proven_code_data_classification
8013A000-412538e67a8233345d024e6ca708996c61463670a2cd3abdc5c17275bcf79315,4096,0,8,4088,0x0:0x4;0xC:0x1000,,candidate_spans_and_remaining_bytes_are_not_proven_code_data_classification
8013A000-41b4f800d68b68f251dc9b79d850f7849a8b4147b9da002db63a3570ce1a561a,4096,0,8,4088,0x0:0x4;0xC:0x1000,,candidate_spans_and_remaining_bytes_are_not_proven_code_data_classification
8013A000-41fc7537a03fa7ba172d7b5a5dbaa95988abbb2e699346e391dc39003c2b3419,4096,0,8,4088,0x0:0x4;0xC:0x1000,,candidate_spans_and_remaining_bytes_are_not_proven_code_data_classification
8013A000-424af63d0936a1803adef5bd7ab0fef1ad6b313357d387a257c99085454f573c,4096,0,8,4088,0x0:0x4;0xC:0x1000,,candidate_spans_and_remaining_bytes_are_not_proven_code_data_classification
8013A000-433abfd8389ea98f2223b299762a5cc6059eb3aa78a5fe0b482a25a47959736c,4096,0,8,4088,0x0:0x4;0xC:0x1000,,candidate_spans_and_remaining_bytes_are_not_proven_code_data_classification
8013A000-43f771530a9ed5fd64c5e98396dd6ee49ae60ab9e815231cd922a8c544cc027e,4096,0,8,4088,0x0:0x4;0xC:0x1000,,candidate_spans_and_remaining_bytes_are_not_proven_code_data_classification
8013A000-43f8bf10a48d32d0bcb34ba7a93560bfaa38937e4d9ba49967d2cae5d466abaa,4096,0,8,4088,0x0:0x4;0xC:0x1000,,candidate_spans_and_remaining_bytes_are_not_proven_code_data_classification
8013A000-444cd76060d016079e9431f215e297029e2aa6db4342a473fc2299cd3c43693c,4096,0,8,4088,0x0:0x4;0xC:0x1000,,candidate_spans_and_remaining_bytes_are_not_proven_code_data_classification
8013A000-44b46214a4c6cba1026be3f95ba6ea40660ee113bfe92886aa70eb4fccc47950,4096,0,8,4088,0x0:0x4;0xC:0x1000,,candidate_spans_and_remaining_bytes_are_not_proven_code_data_classification
8013A000-44c9a1d93bdac3170cc1862ce68c8024457006d25648efb0aa819b1bdfd30270,4096,0,8,4088,0x0:0x4;0xC:0x1000,,candidate_spans_and_remaining_bytes_are_not_proven_code_data_classification
8013A000-4638612aea6f54fbf8ecc13fb75b5916185c18b7fb6fcdae49b77309d2790325,4096,0,8,4088,0x0:0x4;0xC:0x1000,,candidate_spans_and_remaining_bytes_are_not_proven_code_data_classification
8013A000-464467de6e379a46062805394aca4df78d29ef2c841652efc012ad326fbe967f,4096,0,8,4088,0x0:0x4;0xC:0x1000,,candidate_spans_and_remaining_bytes_are_not_proven_code_data_classification
8013A000-46a9598661dc3e1dee8d226b2bc7732937ec187e366293b225b8f73c0b30e47e,4096,0,8,4088,0x0:0x4;0xC:0x1000,,candidate_spans_and_remaining_bytes_are_not_proven_code_data_classification
8013A000-46d7a666c37c35f534b0ffc50a392b22a21c7be3aeca6208eac8a970962cb2ac,4096,0,8,4088,0x0:0x4;0xC:0x1000,,candidate_spans_and_remaining_bytes_are_not_proven_code_data_classification
8013A000-47334abba5423c1d0b4e083725419e0ef7545bb5e3d0ad9c94863d0a0506b8fc,4096,0,8,4088,0x0:0x4;0xC:0x1000,,candidate_spans_and_remaining_bytes_are_not_proven_code_data_classification
8013A000-47d562ec8e0534b54f17cc7c0f4e3c7ddf2181fe1fe62e8dad1eb66c34ddd5e9,4096,0,8,4088,0x0:0x4;0xC:0x1000,,candidate_spans_and_remaining_bytes_are_not_proven_code_data_classification
8013A000-4871282bd795a0018df880d61c58c8efcb4c19b4a54b563f096c739919009390,4096,0,216,3880,0x0:0x4;0xDC:0x1000,,candidate_spans_and_remaining_bytes_are_not_proven_code_data_classification
8013A000-48d898ac220ebd689492b868dfe7287fc5fffb7f2073bdb004e30a27843bb9d1,4096,0,8,4088,0x0:0x4;0xC:0x1000,,candidate_spans_and_remaining_bytes_are_not_proven_code_data_classification
8013A000-491b5f4264bd7f244f00e888461cf0d8b0c82ef1c1a2759e3b4f38fbcedc8621,4096,0,8,4088,0x0:0x4;0xC:0x1000,,candidate_spans_and_remaining_bytes_are_not_proven_code_data_classification
8013A000-49d78eefe923feaae3a97cb3f07e45870a7f189084a62957a7b0636296b22a9c,4096,0,8,4088,0x0:0x4;0xC:0x1000,,candidate_spans_and_remaining_bytes_are_not_proven_code_data_classification
8013A000-49f6c6829285831b87601c5c28dbeca6707016a108bd60d2753e8ca97c3d2753,4096,0,8,4088,0x0:0x4;0xC:0x1000,,candidate_spans_and_remaining_bytes_are_not_proven_code_data_classification
8013A000-4a34cb01bbe6afe6629ebdb38cd6d763d7d18736bf2a49823d0c32ac78dadc48,4096,0,8,4088,0x0:0x4;0xC:0x1000,,candidate_spans_and_remaining_bytes_are_not_proven_code_data_classification
8013A000-4a4b677326ecc9a8cc0c732960ec44d4871e36dfa61d37b321b2c09c57816572,4096,0,8,4088,0x0:0x4;0xC:0x1000,,candidate_spans_and_remaining_bytes_are_not_proven_code_data_classification
8013A000-4aafb25999ae09538564ff7b95ffbc68e2296d30677727bd2fe51beb62140827,4096,0,8,4088,0x0:0x4;0xC:0x1000,,candidate_spans_and_remaining_bytes_are_not_proven_code_data_classification
8013A000-4b2e2e7e39039e9a19f78f131caad58ee1147319057280687c34f4bf319d2221,4096,0,8,4088,0x0:0x4;0xC:0x1000,,candidate_spans_and_remaining_bytes_are_not_proven_code_data_classification
8013A000-4b439948810ad29598921f6b8bcf5a1476042cbc58c2ae6467b2a5593a42265b,4096,0,8,4088,0x0:0x4;0xC:0x1000,,candidate_spans_and_remaining_bytes_are_not_proven_code_data_classification
8013A000-4bcd42919dde66b3df0dedc516f54f4099bb17156e70a259d64c29869fa20394,4096,0,8,4088,0x0:0x4;0xC:0x1000,,candidate_spans_and_remaining_bytes_are_not_proven_code_data_classification
8013A000-4cbe477ce58fbd196c2602832ab573c430edfd1dc878330a18cb98505a2c5da5,4096,0,8,4088,0x0:0x4;0xC:0x1000,,candidate_spans_and_remaining_bytes_are_not_proven_code_data_classification
8013A000-4d07acbbfa5d17a8c252c6debc20cc1b22c1d4b4caeb907eb2540c6f3c76183d,4096,0,8,4088,0x0:0x4;0xC:0x1000,,candidate_spans_and_remaining_bytes_are_not_proven_code_data_classification
8013A000-4d2c8f7300d036217b19bfbbbc385774f403d9dce72f0d309803dfe86880fb9d,4096,0,8,4088,0x0:0x4;0xC:0x1000,,candidate_spans_and_remaining_bytes_are_not_proven_code_data_classification
8013A000-4d35dc596564bc23910577834d49e0e030159f98401709a4f1b614f8d470d5af,4096,0,8,4088,0x0:0x4;0xC:0x1000,,candidate_spans_and_remaining_bytes_are_not_proven_code_data_classification
8013A000-4d66559b64fc0553fa5ca91f48de2782affd4cf8436d1e51fd3dc5549b476f1a,4096,0,8,4088,0x0:0x4;0xC:0x1000,,candidate_spans_and_remaining_bytes_are_not_proven_code_data_classification
8013A000-4d9404ced0adc663eb4fca73523082d137d0f5a356ede1cd329fd7882a12ba07,4096,0,8,4088,0x0:0x4;0xC:0x1000,,candidate_spans_and_remaining_bytes_are_not_proven_code_data_classification
8013A000-4dc9fdd2a85e20ab207068fc16c96cc41f01d3d7990c57045f49309c9581cb9c,4096,0,8,4088,0x0:0x4;0xC:0x1000,,candidate_spans_and_remaining_bytes_are_not_proven_code_data_classification
8013A000-4e2bc33b73cdc878a850ba15bbaaeedb6885d25a198349335fdff9f4cc7fa8a5,4096,0,8,4088,0x0:0x4;0xC:0x1000,,candidate_spans_and_remaining_bytes_are_not_proven_code_data_classification
8013A000-4f105b66549bb299ee76eb51d12c1ea019dc2c8da1384c5a5c70355528d15683,4096,0,2564,1532,0x0:0x4;0xA08:0x1000,,candidate_spans_and_remaining_bytes_are_not_proven_code_data_classification
8013A000-4fa35dfd1030e92353aaeb05f7318eb1ba514b9e4190299a359b4cf7a9511957,4096,0,8,4088,0x0:0x4;0xC:0x1000,,candidate_spans_and_remaining_bytes_are_not_proven_code_data_classification
8013A000-50009ae8031518b1474ef8c8e69689c3c3e836014bae6d6903f20dbe87d9017e,4096,0,8,4088,0x0:0x4;0xC:0x1000,,candidate_spans_and_remaining_bytes_are_not_proven_code_data_classification
8013A000-505bce54156ba39ec64f2dbe579000a15092e470f68504e1d0179ab8f2ccdb0a,4096,0,8,4088,0x0:0x4;0xC:0x1000,,candidate_spans_and_remaining_bytes_are_not_proven_code_data_classification
8013A000-50a3e94757826edb9da86367d43026c46afe0cb231ab65062706ca4e5a696140,4096,0,216,3880,0x0:0x4;0xDC:0x1000,,candidate_spans_and_remaining_bytes_are_not_proven_code_data_classification
8013A000-50acb9c09e46c07e80d2207e4fbb461e7f6071fda2598f457018c1ab10c84eb9,4096,0,8,4088,0x0:0x4;0xC:0x1000,,candidate_spans_and_remaining_bytes_are_not_proven_code_data_classification
8013A000-50dbc297a64749cf04883614d30a5acadafabe1cd864515a88bab4e1609ba725,4096,0,8,4088,0x0:0x4;0xC:0x1000,,candidate_spans_and_remaining_bytes_are_not_proven_code_data_classification
8013A000-51b418b889da6c563bb6a1fc32976004c5db84e9a641cf46730c3b208ced0037,4096,0,8,4088,0x0:0x4;0xC:0x1000,0x5E0;0x8F8;0xC7C;0xFE8,candidate_spans_and_remaining_bytes_are_not_proven_code_data_classification
8013A000-522f24ba933733b2d96857684df51e13862d4b1427f35d9501a6ef1d8066c9b2,4096,0,8,4088,0x0:0x4;0xC:0x1000,,candidate_spans_and_remaining_bytes_are_not_proven_code_data_classification
8013A000-5276be1066832e6d33e60d5f2d5f3689ff844691a90365cf1ac236f1db09c439,4096,0,8,4088,0x0:0x4;0xC:0x1000,,candidate_spans_and_remaining_bytes_are_not_proven_code_data_classification
8013A000-5290c49d88b68dddb0d7984e544f58c47366d56b1264cda0caa53cb279ddfee7,4096,0,8,4088,0x0:0x4;0xC:0x1000,,candidate_spans_and_remaining_bytes_are_not_proven_code_data_classification
8013A000-5323ef200f1435efe0bedc9fa82eabc7bff61cb67fc89a492a87753bd767ed86,4096,0,8,4088,0x0:0x4;0xC:0x1000,,candidate_spans_and_remaining_bytes_are_not_proven_code_data_classification
8013A000-5343bbe0bcd8ec10917677cf1637d16ac1c0a08d37ec9d6cd5abc2a729007100,4096,0,8,4088,0x0:0x4;0xC:0x1000,,candidate_spans_and_remaining_bytes_are_not_proven_code_data_classification
8013A000-536bd7f576ae0e42c91f5551da96b40c8d14035aae8425f549de2f8d0220b502,4096,0,8,4088,0x0:0x4;0xC:0x1000,0xD4,candidate_spans_and_remaining_bytes_are_not_proven_code_data_classification
8013A000-53e90c14340a46c54157a19a1f3bc49ff0027f5cb3637fc7c38748097d052302,4096,0,8,4088,0x0:0x4;0xC:0x1000,,candidate_spans_and_remaining_bytes_are_not_proven_code_data_classification
8013A000-540240a9018c7a434c1d80f66c41d0f9717951673475859007924bd7506f99b2,4096,0,8,4088,0x0:0x4;0xC:0x1000,,candidate_spans_and_remaining_bytes_are_not_proven_code_data_classification
8013A000-540afc1f64d02a51b58d896e81f77b4efb97451a61e7e35ad3bd04e2748ead3e,4096,0,8,4088,0x0:0x4;0xC:0x1000,,candidate_spans_and_remaining_bytes_are_not_proven_code_data_classification
8013A000-541867f48a2f8450aa6ab0c6ce6585df8340db38fa21d99a330226ca30d76f52,4096,0,8,4088,0x0:0x4;0xC:0x1000,,candidate_spans_and_remaining_bytes_are_not_proven_code_data_classification
8013A000-544f09a00282c43502f37de8d68ed876b4ba6f9dc23ec5592016dfa5994af2b7,4096,0,8,4088,0x0:0x4;0xC:0x1000,,candidate_spans_and_remaining_bytes_are_not_proven_code_data_classification
8013A000-545256dce74ae2585dcba924e674a35f8bdaafd1d6e38617c7cb3cddec4893ef,4096,0,8,4088,0x0:0x4;0xC:0x1000,,candidate_spans_and_remaining_bytes_are_not_proven_code_data_classification
8013A000-546c19de584a5fb6839b3e65f3c8811ef4541475d41233a7016a61e1a4d03a08,4096,0,8,4088,0x0:0x4;0xC:0x1000,,candidate_spans_and_remaining_bytes_are_not_proven_code_data_classification
8013A000-5477f01127a6aa11651415c0dc753548560ad4949c16969b97d545989ffef6f5,4096,0,8,4088,0x0:0x4;0xC:0x1000,,candidate_spans_and_remaining_bytes_are_not_proven_code_data_classification
8013A000-555ca81ca71e99de1eafdb4fe57a99eaf5fdee615cf1728d489cd275f3b488b4,4096,0,8,4088,0x0:0x4;0xC:0x1000,,candidate_spans_and_remaining_bytes_are_not_proven_code_data_classification
8013A000-55a75091ee713d6a601155b8f52db250755735a4316e7df1d1099b36071a8a33,4096,0,8,4088,0x0:0x4;0xC:0x1000,,candidate_spans_and_remaining_bytes_are_not_proven_code_data_classification
8013A000-5600f801760efc1b1592ea07e88d3d0d42a8f674a37c7bd67bab3b684b03c899,4096,0,8,4088,0x0:0x4;0xC:0x1000,,candidate_spans_and_remaining_bytes_are_not_proven_code_data_classification
8013A000-5632566f7ce53c43902e4c6f98599eed8c66b8d3c83fe3ad59e548ab8ea9761e,4096,0,8,4088,0x0:0x4;0xC:0x1000,,candidate_spans_and_remaining_bytes_are_not_proven_code_data_classification
8013A000-58747ca15ebc8b79ae1e620dd3c40dea82638d352d834e143904bb5a16c553be,4096,0,8,4088,0x0:0x4;0xC:0x1000,,candidate_spans_and_remaining_bytes_are_not_proven_code_data_classification
8013A000-58ef49df44785caa6034e45ec89b7b020352efa27d72500293a08f3c923188bf,4096,0,8,4088,0x0:0x4;0xC:0x1000,,candidate_spans_and_remaining_bytes_are_not_proven_code_data_classification
8013A000-595cd80fb70cf08264eacddef7fc1c9b153801d1aef42cd62d1b0a3b1279cd50,4096,0,8,4088,0x0:0x4;0xC:0x1000,,candidate_spans_and_remaining_bytes_are_not_proven_code_data_classification
8013A000-5a24b7b53652bae3c54959a8200a36a9b717ba57f0e34a224acc6cfdc956cb29,4096,0,8,4088,0x0:0x4;0xC:0x1000,,candidate_spans_and_remaining_bytes_are_not_proven_code_data_classification
8013A000-5abdb73e83203ecaa9915f65399935d432e14ae14af4f652ddc62f31a897cf7f,4096,0,8,4088,0x0:0x4;0xC:0x1000,,candidate_spans_and_remaining_bytes_are_not_proven_code_data_classification
8013A000-5ac39bfcde79c4b0471282b8081433fb2949cf88bfaf0dd5a00846f1d5b8ad3f,4096,0,8,4088,0x0:0x4;0xC:0x1000,,candidate_spans_and_remaining_bytes_are_not_proven_code_data_classification
8013A000-5c162063e02984ba22defbf0ab9ac1526935405756a0dc1c81c432735255c023,4096,0,8,4088,0x0:0x4;0xC:0x1000,,candidate_spans_and_remaining_bytes_are_not_proven_code_data_classification
8013A000-5c99870a60fc71218fa19621b9d8e0cc3580329fc9caf865993ee8d58fa309b0,4096,0,8,4088,0x0:0x4;0xC:0x1000,,candidate_spans_and_remaining_bytes_are_not_proven_code_data_classification
8013A000-5cdd7ba4db7c41749eb4332ccfb18428515b168ce495e1252300965fb5d8fb6a,4096,0,8,4088,0x0:0x4;0xC:0x1000,,candidate_spans_and_remaining_bytes_are_not_proven_code_data_classification
8013A000-5d2f7a6f9a9f69b40a1cb1b25ecab17b04f4e54088d3bce424fd2140f6976d96,4096,0,8,4088,0x0:0x4;0xC:0x1000,,candidate_spans_and_remaining_bytes_are_not_proven_code_data_classification
8013A000-5d651f4cafdae05c97cb49fe1d9c5c76bbefaadf46d2af94c2d1bb2e7efaaf7a,4096,0,8,4088,0x0:0x4;0xC:0x1000,,candidate_spans_and_remaining_bytes_are_not_proven_code_data_classification
8013A000-5df7afd281403ee5c7781d476f87e47ffcd96d4b3b7874cf8b5f1c7092719640,4096,0,8,4088,0x0:0x4;0xC:0x1000,,candidate_spans_and_remaining_bytes_are_not_proven_code_data_classification
8013A000-5e200836b6becde78852acfa3a0928806b1dd74b4e6459629b103c5bf1827b8b,4096,0,8,4088,0x0:0x4;0xC:0x1000,,candidate_spans_and_remaining_bytes_are_not_proven_code_data_classification
8013A000-5fd984f12d6a5e88031b6d141ea3254f9206c3ff890921b6cada96c9353c86aa,4096,0,8,4088,0x0:0x4;0xC:0x1000,,candidate_spans_and_remaining_bytes_are_not_proven_code_data_classification
8013A000-6009cb2696fba6ae83452a974d0ecd017b9225a16e8a9b105e3d2e43df354ccd,4096,0,8,4088,0x0:0x4;0xC:0x1000,,candidate_spans_and_remaining_bytes_are_not_proven_code_data_classification
8013A000-6155bdf590a4cbcf39a5834edebb846e5e522a18ebcdae64d12fc7b81ccba081,4096,0,8,4088,0x0:0x4;0xC:0x1000,,candidate_spans_and_remaining_bytes_are_not_proven_code_data_classification
8013A000-61b3efc1c6690b793cca9230943cbd7df44137baf9053c12815ee9dac3c2821a,4096,0,8,4088,0x0:0x4;0xC:0x1000,0x370,candidate_spans_and_remaining_bytes_are_not_proven_code_data_classification
8013A000-61bdecf4c0a1b96503e248a1bdeb6f54a7ed435dd4fe2d800727a1e631c887d1,4096,0,8,4088,0x0:0x4;0xC:0x1000,,candidate_spans_and_remaining_bytes_are_not_proven_code_data_classification
8013A000-620f9a5e7607316999fed1e22cb6ca25bd00c8acdab6f9d9e48a31e982e0618b,4096,0,8,4088,0x0:0x4;0xC:0x1000,,candidate_spans_and_remaining_bytes_are_not_proven_code_data_classification
8013A000-644f71299197cf7b2b4f0c7b9f10ced27d5774bc9b54f40475e76d5518243d9d,4096,0,8,4088,0x0:0x4;0xC:0x1000,,candidate_spans_and_remaining_bytes_are_not_proven_code_data_classification
8013A000-64651fd4d04a83c0a0204bfc272aa8ac0ff64b47c713fcd6508fbad3e75da443,4096,0,8,4088,0x0:0x4;0xC:0x1000,,candidate_spans_and_remaining_bytes_are_not_proven_code_data_classification
8013A000-64e592eb47008c2867ee20e4699eac9b7e5117411221b4480d02131dcd07474c,4096,0,8,4088,0x0:0x4;0xC:0x1000,,candidate_spans_and_remaining_bytes_are_not_proven_code_data_classification
8013A000-65c292591ce08acce8456d13a6ec71b1119194e119a80e843225c587ada9ff2a,4096,0,8,4088,0x0:0x4;0xC:0x1000,,candidate_spans_and_remaining_bytes_are_not_proven_code_data_classification
8013A000-66004a748652080a6b7042c60385a63a61199e3c831bfa6eeb260678b16d0b5f,4096,0,8,4088,0x0:0x4;0xC:0x1000,,candidate_spans_and_remaining_bytes_are_not_proven_code_data_classification
8013A000-6678074dbc383c0c24cccc6358718e8976453016c3e64493cccbf69ca64dd5e6,4096,0,8,4088,0x0:0x4;0xC:0x1000,,candidate_spans_and_remaining_bytes_are_not_proven_code_data_classification
8013A000-66ab227e4b06b48cdce2af18bc675486eb4919608cff7794d961ed8cacd2d544,4096,0,8,4088,0x0:0x4;0xC:0x1000,,candidate_spans_and_remaining_bytes_are_not_proven_code_data_classification
8013A000-673e97fafc996bb8b6bdc0037b7dbcf13325ea54f936551191cf0f2a77aedf93,4096,0,8,4088,0x0:0x4;0xC:0x1000,,candidate_spans_and_remaining_bytes_are_not_proven_code_data_classification
8013A000-67cb9b473aa20b614567f7ecfe35e6e5f2f5337cb597dc1e958d07f2b58ef135,4096,0,8,4088,0x0:0x4;0xC:0x1000,,candidate_spans_and_remaining_bytes_are_not_proven_code_data_classification
8013A000-691c41884316c606c9e5b67f17fc1183a4d04460431d3b666a50917b8c4ce331,4096,0,8,4088,0x0:0x4;0xC:0x1000,,candidate_spans_and_remaining_bytes_are_not_proven_code_data_classification
8013A000-6931da347af330fb4c19ae17bfe3cb546e1cb05e41fd2ec6ea726a6d305c276e,4096,0,8,4088,0x0:0x4;0xC:0x1000,,candidate_spans_and_remaining_bytes_are_not_proven_code_data_classification
8013A000-69d034464b38514d56cb21ef75d74f6726acae640f58a0382ee3b797ecfe77ec,4096,0,8,4088,0x0:0x4;0xC:0x1000,,candidate_spans_and_remaining_bytes_are_not_proven_code_data_classification
8013A000-6a3f9d81256397515cecd0a8276ba3eef462688bb2dedfa6417d3cb23d2d23e5,4096,0,8,4088,0x0:0x4;0xC:0x1000,,candidate_spans_and_remaining_bytes_are_not_proven_code_data_classification
8013A000-6aae3deddb49efb86bbd6b81ec8992cd93e1607eedc31b7cd81f5bdb8e4fc23f,4096,0,8,4088,0x0:0x4;0xC:0x1000,,candidate_spans_and_remaining_bytes_are_not_proven_code_data_classification
8013A000-6abff858230a36d833d9c7cc98267464af559d6251051dc6365991b5fb22f178,4096,0,8,4088,0x0:0x4;0xC:0x1000,,candidate_spans_and_remaining_bytes_are_not_proven_code_data_classification
8013A000-6b50a7cab8a4580b1f1bf8716a75205a549d440d24ceeceea60b8c667ae8057b,4096,0,8,4088,0x0:0x4;0xC:0x1000,,candidate_spans_and_remaining_bytes_are_not_proven_code_data_classification
8013A000-6bdfea1eaea20de046e7f247cddc49f8bef77c481d07719222f9cce8ba7f21bb,4096,0,8,4088,0x0:0x4;0xC:0x1000,,candidate_spans_and_remaining_bytes_are_not_proven_code_data_classification
8013A000-6be922fa13f5cce38aae101402235999e5ef08c8ee4850822b521f2f1005fc32,4096,0,8,4088,0x0:0x4;0xC:0x1000,,candidate_spans_and_remaining_bytes_are_not_proven_code_data_classification
8013A000-6c5c2e6b3a29969056f0e79b7e8e2e47653b2dd046e63a7c48bfe068211a2ef3,4096,0,8,4088,0x0:0x4;0xC:0x1000,,candidate_spans_and_remaining_bytes_are_not_proven_code_data_classification
8013A000-6c91e0b7f09ef5309e299e64572b8940d600299877709b0873d851d74e6dde77,4096,0,8,4088,0x0:0x4;0xC:0x1000,,candidate_spans_and_remaining_bytes_are_not_proven_code_data_classification
8013A000-6d8e2e16adc7f2e3ac4e881da6405655a65347d1fdbf3c930ee2f6ed2aa32e81,4096,0,8,4088,0x0:0x4;0xC:0x1000,,candidate_spans_and_remaining_bytes_are_not_proven_code_data_classification
8013A000-6dbd0b019371633709779a392749eb85cd8048dcb8544a5787aa1f4ba4e80608,4096,0,8,4088,0x0:0x4;0xC:0x1000,,candidate_spans_and_remaining_bytes_are_not_proven_code_data_classification
8013A000-6ef6f743b6e79ee947016be2e82df972bbf6eb28c21182ad7efde05c5c4dce86,4096,0,8,4088,0x0:0x4;0xC:0x1000,,candidate_spans_and_remaining_bytes_are_not_proven_code_data_classification
8013A000-6f79704cb0128d85de46e97221a40a609a345263412fd5bd66736b2caa360772,4096,0,8,4088,0x0:0x4;0xC:0x1000,,candidate_spans_and_remaining_bytes_are_not_proven_code_data_classification
8013A000-7005025cea92eb452d8c4a77c052712ff1fa00e0b66ae3bb10c07bd889960900,4096,0,8,4088,0x0:0x4;0xC:0x1000,,candidate_spans_and_remaining_bytes_are_not_proven_code_data_classification
8013A000-7020821b443dfc47a6e29af9067b7fe4c662f4989284f1bfa1805e0cf90e17cd,4096,0,8,4088,0x0:0x4;0xC:0x1000,,candidate_spans_and_remaining_bytes_are_not_proven_code_data_classification
8013A000-704bd6d006d940c1c25767f9eb25d0f8e693ac14d26bc311adf2db6a33ca2797,4096,0,8,4088,0x0:0x4;0xC:0x1000,,candidate_spans_and_remaining_bytes_are_not_proven_code_data_classification
8013A000-70794bd7b47aa59a3a2f8f3f3b18568aa095f62c42c783ce616e6f10354b467b,4096,0,8,4088,0x0:0x4;0xC:0x1000,,candidate_spans_and_remaining_bytes_are_not_proven_code_data_classification
8013A000-71077b2a2c3bb0bb5960f87a12c2df6da9dcd72456b3a86d1de35ae6f555cbfb,4096,0,8,4088,0x0:0x4;0xC:0x1000,,candidate_spans_and_remaining_bytes_are_not_proven_code_data_classification
8013A000-711092f2ea82cdd266707af8b74d64eb4967b0a71b36d8b490a1c83e1dceb4e3,4096,0,8,4088,0x0:0x4;0xC:0x1000,,candidate_spans_and_remaining_bytes_are_not_proven_code_data_classification
8013A000-716577ada7c5dfaafe2d11e213e5bb97aba22f727f5f5aef9f5232e94a6b6ecb,4096,0,8,4088,0x0:0x4;0xC:0x1000,,candidate_spans_and_remaining_bytes_are_not_proven_code_data_classification
8013A000-7178a2020d0bf69cf60db95cd7f1a35693b96b207dc547ed34793ea3e6155ae7,4096,0,8,4088,0x0:0x4;0xC:0x1000,,candidate_spans_and_remaining_bytes_are_not_proven_code_data_classification
8013A000-720654fe0278bd90b97c5e169ed4c1f9510a1c8e5f02cf10cb20c44610806053,4096,0,8,4088,0x0:0x4;0xC:0x1000,,candidate_spans_and_remaining_bytes_are_not_proven_code_data_classification
8013A000-7212bb81157ce33665006eaf877a26708bfa20c0415709430bcf85828d3732a2,4096,0,8,4088,0x0:0x4;0xC:0x1000,,candidate_spans_and_remaining_bytes_are_not_proven_code_data_classification
8013A000-730ea9b0bfbec930f6f278e9ea10e66299610279a38cfe51919bda296a9729e7,4096,0,8,4088,0x0:0x4;0xC:0x1000,,candidate_spans_and_remaining_bytes_are_not_proven_code_data_classification
8013A000-734315c76b044de3b7d7cbb66582bca607819700a07f7a16a422884acda16822,4096,0,8,4088,0x0:0x4;0xC:0x1000,,candidate_spans_and_remaining_bytes_are_not_proven_code_data_classification
8013A000-736245f15ec678b7134fbbc5dff3ecb32bed2f731d177f26110f19c6f44a7f2f,4096,0,8,4088,0x0:0x4;0xC:0x1000,,candidate_spans_and_remaining_bytes_are_not_proven_code_data_classification
8013A000-739b5215ad9c2b12e2b1cbfc01dddfc514bd9622037c813878f9715adb715051,4096,0,8,4088,0x0:0x4;0xC:0x1000,,candidate_spans_and_remaining_bytes_are_not_proven_code_data_classification
8013A000-739fb5ce8357aa3b210df484c6cf02e1f5ec5874c2ef7d298a28131c9c36b662,4096,0,8,4088,0x0:0x4;0xC:0x1000,,candidate_spans_and_remaining_bytes_are_not_proven_code_data_classification
8013A000-740451a539664aac31d7a0fd4ec4c82bab032574c9646039e936e7c0426e0b20,4096,0,8,4088,0x0:0x4;0xC:0x1000,,candidate_spans_and_remaining_bytes_are_not_proven_code_data_classification
8013A000-74261a382f2f3501b86a6b141e3680748a654ab41fafb1b692f0b34c94d87660,4096,0,8,4088,0x0:0x4;0xC:0x1000,,candidate_spans_and_remaining_bytes_are_not_proven_code_data_classification
8013A000-7521b858f0cec5253561f551a5a2f8243eb1c73518e7421f7e402ff5ad3b6b0b,4096,0,8,4088,0x0:0x4;0xC:0x1000,,candidate_spans_and_remaining_bytes_are_not_proven_code_data_classification
8013A000-757b103275d98cab765f7f8a8fa2d90b91805b7ed8912995019667b5d46ed7d7,4096,0,8,4088,0x0:0x4;0xC:0x1000,,candidate_spans_and_remaining_bytes_are_not_proven_code_data_classification
8013A000-763003e4936e6c1bc9557afccef7c1b1f9df47920852775f817a4cbcb34ca353,4096,0,8,4088,0x0:0x4;0xC:0x1000,,candidate_spans_and_remaining_bytes_are_not_proven_code_data_classification
8013A000-76714da44f34a31fd5ecefab2f50d4d9fc09090446e53012058dbe32183e482a,4096,0,8,4088,0x0:0x4;0xC:0x1000,,candidate_spans_and_remaining_bytes_are_not_proven_code_data_classification
8013A000-76ac4b210fe51649cb6c6dea517fcf5bf86a422598c94b07c4ce739d7ed4f47e,4096,0,8,4088,0x0:0x4;0xC:0x1000,,candidate_spans_and_remaining_bytes_are_not_proven_code_data_classification
8013A000-77c6b9df65f446c8e56fb266902d2e03fcf09d3c0570587bba33ec63967ca632,4096,0,8,4088,0x0:0x4;0xC:0x1000,,candidate_spans_and_remaining_bytes_are_not_proven_code_data_classification
8013A000-77f07764c608957cb46f341297208b4bf94f2eefe3caababd9ff4401d0b39813,4096,0,8,4088,0x0:0x4;0xC:0x1000,,candidate_spans_and_remaining_bytes_are_not_proven_code_data_classification
8013A000-77f3f687f0b51d2d90317b0e5bc6e716eabbf2af118d3fda783fad359563b88e,4096,0,8,4088,0x0:0x4;0xC:0x1000,,candidate_spans_and_remaining_bytes_are_not_proven_code_data_classification
8013A000-781b6b655263faa843325d7a3d28c8bcb620847b11babb0673b879e56b220510,4096,0,8,4088,0x0:0x4;0xC:0x1000,,candidate_spans_and_remaining_bytes_are_not_proven_code_data_classification
8013A000-782e60de7b4ea0d3fea671a9f09de5dd1d1d059a4607b254e5521695adf3efd7,4096,0,8,4088,0x0:0x4;0xC:0x1000,,candidate_spans_and_remaining_bytes_are_not_proven_code_data_classification
8013A000-7894cf86b3cf9e9b600ea649a400deab44db5bde580be29e5eceb063cc82a117,4096,0,8,4088,0x0:0x4;0xC:0x1000,,candidate_spans_and_remaining_bytes_are_not_proven_code_data_classification
8013A000-79162da59b9ef571cf6a96df1cc6602d30d282d322fc3c8a4ae5da68c64a6d57,4096,0,8,4088,0x0:0x4;0xC:0x1000,,candidate_spans_and_remaining_bytes_are_not_proven_code_data_classification
8013A000-794a2f3faad28dd35652b8b2c752f4e03c16857bbb4b32a5ef15a2403a0871d0,4096,0,8,4088,0x0:0x4;0xC:0x1000,,candidate_spans_and_remaining_bytes_are_not_proven_code_data_classification
8013A000-798db6453b17673dfee5a43e385a5012cb1f60da34b69a249c21b7c18dc68d55,4096,0,8,4088,0x0:0x4;0xC:0x1000,,candidate_spans_and_remaining_bytes_are_not_proven_code_data_classification
8013A000-79fd879fdf746e94253b2615c5315c5ed47696b03f2bf45fa1057a366ec05680,4096,0,8,4088,0x0:0x4;0xC:0x1000,,candidate_spans_and_remaining_bytes_are_not_proven_code_data_classification
8013A000-7a1050ac825432520753ecc9b7213db63dc51de0b48bea642808a8fcc17bb1bf,4096,0,8,4088,0x0:0x4;0xC:0x1000,,candidate_spans_and_remaining_bytes_are_not_proven_code_data_classification
8013A000-7a41a22d290a868b713e44bfaf7e2e02967f899e2fa6eae62c57aa8c26daf32e,4096,0,8,4088,0x0:0x4;0xC:0x1000,,candidate_spans_and_remaining_bytes_are_not_proven_code_data_classification
8013A000-7aa1f62ba8c262a1ac4813546a409707bafa75826a05af9926f35ee69de6e68e,4096,0,8,4088,0x0:0x4;0xC:0x1000,,candidate_spans_and_remaining_bytes_are_not_proven_code_data_classification
8013A000-7acf9661b5ffd9f60e147c54696770d6475fbe2f6633d29a1d2014ff7e8d9d27,4096,0,8,4088,0x0:0x4;0xC:0x1000,,candidate_spans_and_remaining_bytes_are_not_proven_code_data_classification
8013A000-7ad35582977ec053b3e01624fcb7e6d43bf297cf181ef15d8005859d3a185cf8,4096,0,8,4088,0x0:0x4;0xC:0x1000,,candidate_spans_and_remaining_bytes_are_not_proven_code_data_classification
8013A000-7b91760d304537b9b36197e4a92d310a7348e72760729a75a31e12b9e07963a5,4096,0,8,4088,0x0:0x4;0xC:0x1000,,candidate_spans_and_remaining_bytes_are_not_proven_code_data_classification
8013A000-7c015fb155ab34021071d0d3216c20bbeb4c344082ed1a63d65d2498723ef06a,4096,0,8,4088,0x0:0x4;0xC:0x1000,,candidate_spans_and_remaining_bytes_are_not_proven_code_data_classification
8013A000-7ca173fc73975ca05eec31c47585fd83cdcd15f989526fe8bcf82c7a4d50029e,4096,0,8,4088,0x0:0x4;0xC:0x1000,,candidate_spans_and_remaining_bytes_are_not_proven_code_data_classification
8013A000-7d1e188b497237f2cae1c98c8b402d3cfc22cc1221158462a429d81604064737,4096,0,8,4088,0x0:0x4;0xC:0x1000,,candidate_spans_and_remaining_bytes_are_not_proven_code_data_classification
8013A000-7d50310bb259ecc7e2166e08e5f7ec9f07781524aaf3fc401799d005bd6cac3c,4096,0,8,4088,0x0:0x4;0xC:0x1000,,candidate_spans_and_remaining_bytes_are_not_proven_code_data_classification
8013A000-7da175d92a56025eaaf9c65d2128ad745520bedc0de96ebf6c6f814a54d44033,4096,0,8,4088,0x0:0x4;0xC:0x1000,,candidate_spans_and_remaining_bytes_are_not_proven_code_data_classification
8013A000-7db41d40fa191a828b2d0f1a5dea0c205cd91a2eda77e06e80666c9ee6d71150,4096,0,8,4088,0x0:0x4;0xC:0x1000,,candidate_spans_and_remaining_bytes_are_not_proven_code_data_classification
8013A000-7e74dbc977d95edeaa627ce80604a355a6b531947e06cd81bbc22259545ecb46,4096,0,8,4088,0x0:0x4;0xC:0x1000,,candidate_spans_and_remaining_bytes_are_not_proven_code_data_classification
8013A000-7e8aad510c64b7e95aaeca537c137a9ee546f47be9beea27ce72766b9f36b620,4096,0,8,4088,0x0:0x4;0xC:0x1000,,candidate_spans_and_remaining_bytes_are_not_proven_code_data_classification
8013A000-7fe2fb6e8eeddb4e51062adffca4626d2ce480935d0387192cb112244052dd66,4096,0,8,4088,0x0:0x4;0xC:0x1000,,candidate_spans_and_remaining_bytes_are_not_proven_code_data_classification
8013A000-8042b46e1ffec90a905d5ed1c725c9224d9c399d30be1d4a7d8c92da54c218b4,4096,0,8,4088,0x0:0x4;0xC:0x1000,,candidate_spans_and_remaining_bytes_are_not_proven_code_data_classification
8013A000-805e776a8f96da2e367badbd3441467b0544d3bf80491fa512f2d58b6d54c774,4096,0,8,4088,0x0:0x4;0xC:0x1000,,candidate_spans_and_remaining_bytes_are_not_proven_code_data_classification
8013A000-80b0897c2f01e256c56efee3267e01807496676721a17f82fa29e9d22d250a56,4096,0,8,4088,0x0:0x4;0xC:0x1000,,candidate_spans_and_remaining_bytes_are_not_proven_code_data_classification
8013A000-813e25f224d97f0c555fe95ed977b33082909c7fb2cb64b21501691165c4811a,4096,0,8,4088,0x0:0x4;0xC:0x1000,,candidate_spans_and_remaining_bytes_are_not_proven_code_data_classification
8013A000-816e1a964a2276ed33b7bd9a895d280984a94ba60ddaa984dceb8207e070a4ef,4096,0,8,4088,0x0:0x4;0xC:0x1000,,candidate_spans_and_remaining_bytes_are_not_proven_code_data_classification
8013A000-8190d4ea45cf461c3359dbfbdacd77a2aed63b4ca51989d580febf48f4b28c6d,4096,0,8,4088,0x0:0x4;0xC:0x1000,,candidate_spans_and_remaining_bytes_are_not_proven_code_data_classification
8013A000-8242159e50e8a66973215907b79827e0cc2e9848c28ae1b230c8079f4fd70747,4096,0,8,4088,0x0:0x4;0xC:0x1000,,candidate_spans_and_remaining_bytes_are_not_proven_code_data_classification
8013A000-828895aecce009a1385a4a5e18d6134cdb77d2639adbff67ad00561b74d1bb68,4096,0,8,4088,0x0:0x4;0xC:0x1000,,candidate_spans_and_remaining_bytes_are_not_proven_code_data_classification
8013A000-82a57afd81c70273776e523f1c26a9d169db6614005f282c14b0495314064707,4096,0,8,4088,0x0:0x4;0xC:0x1000,,candidate_spans_and_remaining_bytes_are_not_proven_code_data_classification
8013A000-82c35416424595302a09ae196384488f75bfbe7389e3e1eb4aacc8096ef7e498,4096,0,8,4088,0x0:0x4;0xC:0x1000,,candidate_spans_and_remaining_bytes_are_not_proven_code_data_classification
8013A000-83f1fe1739a982a7fee490b22a2cdb7d22004d5c346903c2c82dcabe8fd932b3,4096,0,8,4088,0x0:0x4;0xC:0x1000,,candidate_spans_and_remaining_bytes_are_not_proven_code_data_classification
8013A000-84868e2cce974e598e625a2d5ab76004b676be5c5b275a7e2ff2e644b13456b7,4096,0,8,4088,0x0:0x4;0xC:0x1000,,candidate_spans_and_remaining_bytes_are_not_proven_code_data_classification
8013A000-85513235db4148838e79b2259a621ae6a21a32a49102a55070f6e8e7297ae440,4096,0,8,4088,0x0:0x4;0xC:0x1000,,candidate_spans_and_remaining_bytes_are_not_proven_code_data_classification
8013A000-85802c37845c20043fa5bb0e7efec595f6b58f9a72fdedadee1b4e46899a3757,4096,0,8,4088,0x0:0x4;0xC:0x1000,,candidate_spans_and_remaining_bytes_are_not_proven_code_data_classification
8013A000-858373435028712535c53122ad82ac2d1d0ebe8c7492584b4a6c49333bf40e15,4096,0,8,4088,0x0:0x4;0xC:0x1000,,candidate_spans_and_remaining_bytes_are_not_proven_code_data_classification
8013A000-85cf532b5e8cda6b8dc53a917e509c9f06f9a9db0ed5595dcfcca96e59e72110,4096,0,8,4088,0x0:0x4;0xC:0x1000,,candidate_spans_and_remaining_bytes_are_not_proven_code_data_classification
8013A000-8681a943303ec4a48cfc602a990186bc7c0e978ce1c6da2acf4f00a9fd0420ab,4096,0,8,4088,0x0:0x4;0xC:0x1000,,candidate_spans_and_remaining_bytes_are_not_proven_code_data_classification
8013A000-87035a8cdddc08643884e3314c9c19a42e7170df063d0e5bfff60679a5b3c0d6,4096,0,8,4088,0x0:0x4;0xC:0x1000,,candidate_spans_and_remaining_bytes_are_not_proven_code_data_classification
8013A000-8773a62be8a8dd6b17724eb93ae3622220e71f473d3394a538ba3ad102ebb028,4096,0,8,4088,0x0:0x4;0xC:0x1000,,candidate_spans_and_remaining_bytes_are_not_proven_code_data_classification
8013A000-877a6ef53644a8921b11456779f9b9352e4cb8555f5164680d2d2877d9c7bfa2,4096,0,8,4088,0x0:0x4;0xC:0x1000,,candidate_spans_and_remaining_bytes_are_not_proven_code_data_classification
8013A000-87b170defc21c03243763d0527fdbf4bd4dfdb4fd96f123295fccceb11f4df4a,4096,0,8,4088,0x0:0x4;0xC:0x1000,,candidate_spans_and_remaining_bytes_are_not_proven_code_data_classification
8013A000-88250030a77df495c1f5a32ded6c9b5cdbd480fcb33a69268c4cc6c9c02ad8b1,4096,0,8,4088,0x0:0x4;0xC:0x1000,,candidate_spans_and_remaining_bytes_are_not_proven_code_data_classification
8013A000-88bd83d2ff6b909b63a060d278c778150ac95f62fd940c07fce6f80edf8c226a,4096,0,8,4088,0x0:0x4;0xC:0x1000,,candidate_spans_and_remaining_bytes_are_not_proven_code_data_classification
8013A000-88d799f02c1ddad6ae58bc256061af763b95d39dd53647601512729330e5d206,4096,0,8,4088,0x0:0x4;0xC:0x1000,,candidate_spans_and_remaining_bytes_are_not_proven_code_data_classification
8013A000-891620733d81190cdaf1f83f06e35ad6d95a2b0391d6cdda88bd09ca26284ebe,4096,0,8,4088,0x0:0x4;0xC:0x1000,,candidate_spans_and_remaining_bytes_are_not_proven_code_data_classification
8013A000-89400456c923e135dd5ed4c1c5324f556158c74bf8e3058e215b52451b72943f,4096,0,8,4088,0x0:0x4;0xC:0x1000,,candidate_spans_and_remaining_bytes_are_not_proven_code_data_classification
8013A000-8940ce085a8c4607f2b7967bc840941a85ddf4cb897776341c07e5cd5f411796,4096,0,8,4088,0x0:0x4;0xC:0x1000,,candidate_spans_and_remaining_bytes_are_not_proven_code_data_classification
8013A000-89a71cbe77281e00273eac76a0ce65cf737a4816e15b642f97e6dd933e4714b6,4096,0,8,4088,0x0:0x4;0xC:0x1000,,candidate_spans_and_remaining_bytes_are_not_proven_code_data_classification
8013A000-89eff46c74a8484cc6ef326f7d3b2574582ea671778e2aa7efbd36820a449ebe,4096,0,8,4088,0x0:0x4;0xC:0x1000,,candidate_spans_and_remaining_bytes_are_not_proven_code_data_classification
8013A000-8a50c952d566d260c962989b3d4e20e4bff942db277a5c57084076586e3f9e8d,4096,0,8,4088,0x0:0x4;0xC:0x1000,,candidate_spans_and_remaining_bytes_are_not_proven_code_data_classification
8013A000-8aa42f89edd2b852c5b9c883ac770b11e7a6ed4d52982bf454857f4e44132492,4096,0,8,4088,0x0:0x4;0xC:0x1000,,candidate_spans_and_remaining_bytes_are_not_proven_code_data_classification
8013A000-8af88fcabb80b527ab5070077225a015bef74fe94d5dbc8e1d83d9c52bb220d7,4096,0,8,4088,0x0:0x4;0xC:0x1000,0x4B8,candidate_spans_and_remaining_bytes_are_not_proven_code_data_classification
8013A000-8b25858c06d7b42fcce3c4531d839296ab0d4abd99d795167b820461aaf79cd9,4096,0,8,4088,0x0:0x4;0xC:0x1000,,candidate_spans_and_remaining_bytes_are_not_proven_code_data_classification
8013A000-8c6703f890fc83e5823cc65bd11b8bbc1fd15f1b3a37f7611091d52df07a266e,4096,0,8,4088,0x0:0x4;0xC:0x1000,,candidate_spans_and_remaining_bytes_are_not_proven_code_data_classification
8013A000-8c907b1d4ff66af74fee740d2f0165bb38db2bbc0bbb4661b5f12b9c8358f266,4096,0,8,4088,0x0:0x4;0xC:0x1000,,candidate_spans_and_remaining_bytes_are_not_proven_code_data_classification
8013A000-8cb75508f3ffcce04712237618aed698e6665f92b2b73e5e0a1cf0228474dfb9,4096,0,8,4088,0x0:0x4;0xC:0x1000,,candidate_spans_and_remaining_bytes_are_not_proven_code_data_classification
8013A000-8d5c0c9deb1cc57c07719cfca56059761035df6c38c9bbadc1969ec62d4f1b92,4096,0,8,4088,0x0:0x4;0xC:0x1000,,candidate_spans_and_remaining_bytes_are_not_proven_code_data_classification
8013A000-8d7b54d1a7868f1b82121e2629670b3853f7a2911055a48cd31c05d3b50b0845,4096,0,8,4088,0x0:0x4;0xC:0x1000,,candidate_spans_and_remaining_bytes_are_not_proven_code_data_classification
8013A000-8ef5d2bc95a47de3a13276a5dd3b312cef576d11ccd24afe4ab65126b43e084d,4096,0,8,4088,0x0:0x4;0xC:0x1000,,candidate_spans_and_remaining_bytes_are_not_proven_code_data_classification
8013A000-8fce8694a5cb50c45ea0325d7562eb4a4f6b83f69f138b94b03f15bd7dc1214a,4096,0,8,4088,0x0:0x4;0xC:0x1000,,candidate_spans_and_remaining_bytes_are_not_proven_code_data_classification
8013A000-90d4bfd6936fc7714831d037dc59815184b630e3c7d08947aebf805c474b5137,4096,0,8,4088,0x0:0x4;0xC:0x1000,,candidate_spans_and_remaining_bytes_are_not_proven_code_data_classification
8013A000-911b98012345f6a07dadce7a48c85a86cc7862ce7cf3188cf113d92150aa971f,4096,0,8,4088,0x0:0x4;0xC:0x1000,,candidate_spans_and_remaining_bytes_are_not_proven_code_data_classification
8013A000-91234872003ea02b1185627fb3ddcd3c4c7b6e40c0f736b66935df199d965c9f,4096,0,8,4088,0x0:0x4;0xC:0x1000,,candidate_spans_and_remaining_bytes_are_not_proven_code_data_classification
8013A000-92b2f5a6ec34027a62857a620c93524c78b102d5b958c8d622c8d15a72031c76,4096,0,8,4088,0x0:0x4;0xC:0x1000,,candidate_spans_and_remaining_bytes_are_not_proven_code_data_classification
8013A000-92f9e132146d4a2816cd8cc15e08c9250bf86d6a96f50001bacc7c59cf576cee,4096,0,8,4088,0x0:0x4;0xC:0x1000,,candidate_spans_and_remaining_bytes_are_not_proven_code_data_classification
8013A000-931adb9fceedd8540007981d9612375366bdc18bcf23aefd8668331562ce25a7,4096,0,8,4088,0x0:0x4;0xC:0x1000,,candidate_spans_and_remaining_bytes_are_not_proven_code_data_classification
8013A000-934d46aba5d25e2c8dffc0815cf255deac45fe6292327cc192db38a9c9d9f52c,4096,0,8,4088,0x0:0x4;0xC:0x1000,,candidate_spans_and_remaining_bytes_are_not_proven_code_data_classification
8013A000-94655a413deb587f6a2a9dcdc4462a7aeeda2e37e4296f3088f1ccdf50e1f56a,4096,0,8,4088,0x0:0x4;0xC:0x1000,,candidate_spans_and_remaining_bytes_are_not_proven_code_data_classification
8013A000-949b364bc464cf5454aef749c18cc51020af2fc51d526d668c74d5b7b5e0d5c9,4096,0,8,4088,0x0:0x4;0xC:0x1000,,candidate_spans_and_remaining_bytes_are_not_proven_code_data_classification
8013A000-94ecc11aa6682bd6cb308dd885ec023b3254d27d082cd15a2eb03f757c892bdf,4096,0,8,4088,0x0:0x4;0xC:0x1000,,candidate_spans_and_remaining_bytes_are_not_proven_code_data_classification
8013A000-95011bdffec8730686250c1564564c59873e64740eb9380d71eabf0b1bf94fcb,4096,0,8,4088,0x0:0x4;0xC:0x1000,,candidate_spans_and_remaining_bytes_are_not_proven_code_data_classification
8013A000-95f4397efe9dcb7c65d3287dd90076e3a8adfc77f7fad2e08fd618bafec93d1b,4096,0,8,4088,0x0:0x4;0xC:0x1000,,candidate_spans_and_remaining_bytes_are_not_proven_code_data_classification
8013A000-9625ec36728d890ad2b0934cd7648c985ab98c27bafbdc60f78d8bd0f1446c71,4096,0,8,4088,0x0:0x4;0xC:0x1000,,candidate_spans_and_remaining_bytes_are_not_proven_code_data_classification
8013A000-9687c56b545c333187f900873902f58129154b30ad7a2b54e3641c939d016ac3,4096,0,8,4088,0x0:0x4;0xC:0x1000,,candidate_spans_and_remaining_bytes_are_not_proven_code_data_classification
8013A000-968d40689a94a5b08f08cefbacc0714786ec454af6d560629cb6c3e4d11e8870,4096,0,8,4088,0x0:0x4;0xC:0x1000,,candidate_spans_and_remaining_bytes_are_not_proven_code_data_classification
8013A000-9784f4609967d928baf0fa1c5cd177a87fa37aae027f1bb113ee655585c434b1,4096,0,8,4088,0x0:0x4;0xC:0x1000,,candidate_spans_and_remaining_bytes_are_not_proven_code_data_classification
8013A000-97bc9647f5ad8e599666fc0826a634c833565ffbdf66b9ab70530da7541f6551,4096,0,8,4088,0x0:0x4;0xC:0x1000,,candidate_spans_and_remaining_bytes_are_not_proven_code_data_classification
8013A000-98828f99a5984ef4a0569e2087514321384e7c71b4edc3eb930b66f758083385,4096,0,8,4088,0x0:0x4;0xC:0x1000,,candidate_spans_and_remaining_bytes_are_not_proven_code_data_classification
8013A000-98c11d3fc69101280457f2360b04b10b17604e0ec21d3cdc6823306305bf37ae,4096,0,8,4088,0x0:0x4;0xC:0x1000,,candidate_spans_and_remaining_bytes_are_not_proven_code_data_classification
8013A000-99786ea85a3e0c1158ba2fc329607e0679d1fbb7a1e6b2899ec3c098186e55fd,4096,0,8,4088,0x0:0x4;0xC:0x1000,,candidate_spans_and_remaining_bytes_are_not_proven_code_data_classification
8013A000-999be898433734f0c2c5e78994e93b0f594a63074e4c58370ca7715b0f192d05,4096,0,8,4088,0x0:0x4;0xC:0x1000,,candidate_spans_and_remaining_bytes_are_not_proven_code_data_classification
8013A000-9a5a6aa5e5f1283d766c5ca72469c4f76aefcda66e5a2f821234d7f9c4bb78bd,4096,0,8,4088,0x0:0x4;0xC:0x1000,,candidate_spans_and_remaining_bytes_are_not_proven_code_data_classification
8013A000-9ad49f6bf5853946a2d179d8f6c34a2499c5652fff36c5df8a04ae0a7337431e,4096,0,8,4088,0x0:0x4;0xC:0x1000,,candidate_spans_and_remaining_bytes_are_not_proven_code_data_classification
8013A000-9aedf612f3c8c60f4b92bb30af265ce9635c4a9459077329d4c0c23df6df995c,4096,0,8,4088,0x0:0x4;0xC:0x1000,0x3B0;0x8A8,candidate_spans_and_remaining_bytes_are_not_proven_code_data_classification
8013A000-9ce8a15bb8a4ca7c47eda8fb17ed6007e5d44a667ec537d8874f0d4d7ef6678b,4096,0,8,4088,0x0:0x4;0xC:0x1000,,candidate_spans_and_remaining_bytes_are_not_proven_code_data_classification
8013A000-9cf262d22117edb1e3af1113a2e937fa424d6ab5c8792fd6923e7554463ea06a,4096,0,8,4088,0x0:0x4;0xC:0x1000,,candidate_spans_and_remaining_bytes_are_not_proven_code_data_classification
8013A000-9d13e34a7c3d033ce08d5b897616d5130d72d630f3e92ecca05234ad5b4d913a,4096,0,8,4088,0x0:0x4;0xC:0x1000,0x870,candidate_spans_and_remaining_bytes_are_not_proven_code_data_classification
8013A000-9d5a7b9d98456c84cc92c4b1b9eab34919f23b4ab8f852d8abae71e90c8e0aea,4096,0,8,4088,0x0:0x4;0xC:0x1000,,candidate_spans_and_remaining_bytes_are_not_proven_code_data_classification
8013A000-9e144f61812e9971c53a6e3fb0a6d0c41af18df514e44a7f261417bfa85dde1c,4096,0,8,4088,0x0:0x4;0xC:0x1000,,candidate_spans_and_remaining_bytes_are_not_proven_code_data_classification
8013A000-9e3cd952541ab49824b6457dc2be000c785ee84099aa43349d0c594cfda9c1b6,4096,0,8,4088,0x0:0x4;0xC:0x1000,,candidate_spans_and_remaining_bytes_are_not_proven_code_data_classification
8013A000-9e9b3094308e4aa8fb609fdcc8879caf1f571c1cd40a11835899676220f901e5,4096,0,8,4088,0x0:0x4;0xC:0x1000,,candidate_spans_and_remaining_bytes_are_not_proven_code_data_classification
8013A000-9f14bffb1b0d0888f70741dde6ab4894cb565be5ce17dea13ea6af36f22c08f0,4096,0,8,4088,0x0:0x4;0xC:0x1000,,candidate_spans_and_remaining_bytes_are_not_proven_code_data_classification
8013A000-9f220c8d34405b0b8662a51221a1655a490aec529c809cb65ad39489e3011525,4096,0,8,4088,0x0:0x4;0xC:0x1000,,candidate_spans_and_remaining_bytes_are_not_proven_code_data_classification
8013A000-9f5060d2166c90b6e1c803864dc1d5184bb7bacaf0bbd906ae58cf52ccc23b84,4096,0,8,4088,0x0:0x4;0xC:0x1000,,candidate_spans_and_remaining_bytes_are_not_proven_code_data_classification
8013A000-a05e4c25774a0c60d0ae3dc907182f36380ef36b5a3b927097dc85e0cb1e0576,4096,0,8,4088,0x0:0x4;0xC:0x1000,,candidate_spans_and_remaining_bytes_are_not_proven_code_data_classification
8013A000-a0ec103c6c906630e7b1cfe3b8e62a10d96bfb664e53d72fa37dd437ab1afdb7,4096,0,8,4088,0x0:0x4;0xC:0x1000,,candidate_spans_and_remaining_bytes_are_not_proven_code_data_classification
8013A000-a166f57099bf5284d481a94b99c67774c0afeb178f1c02f6ac72ffd4b0878593,4096,0,8,4088,0x0:0x4;0xC:0x1000,,candidate_spans_and_remaining_bytes_are_not_proven_code_data_classification
8013A000-a16b3a9c30d9ab3356ea0e9f3efc3a24b389a1d6a132aa022c85680be17e7abc,4096,0,8,4088,0x0:0x4;0xC:0x1000,,candidate_spans_and_remaining_bytes_are_not_proven_code_data_classification
8013A000-a1a71b7528711bcbe4fd506c8d01ca3ff3a36b077a69bc4229d31793ea307229,4096,0,8,4088,0x0:0x4;0xC:0x1000,,candidate_spans_and_remaining_bytes_are_not_proven_code_data_classification
8013A000-a1c550189103be93c96de4ffc605266c41c831f47f62e0db917f820185b29f98,4096,0,8,4088,0x0:0x4;0xC:0x1000,,candidate_spans_and_remaining_bytes_are_not_proven_code_data_classification
8013A000-a2a27849ba17ac0d11bce651c38671cb8bd7c67aac97fb08e4ee1598d536611c,4096,0,8,4088,0x0:0x4;0xC:0x1000,,candidate_spans_and_remaining_bytes_are_not_proven_code_data_classification
8013A000-a3491771238c5fb416eca6bb1647d96a06810b13f0801a3f56cd0eb42a4efb62,4096,0,8,4088,0x0:0x4;0xC:0x1000,,candidate_spans_and_remaining_bytes_are_not_proven_code_data_classification
8013A000-a37eafb96c6cb468d0d3e05097c5850bc2f3959912628372a6a49a5360931598,4096,0,8,4088,0x0:0x4;0xC:0x1000,,candidate_spans_and_remaining_bytes_are_not_proven_code_data_classification
8013A000-a3c913a710643ee4f333bbd51925f371fcbe07619f391b40230e031a761f1b57,4096,0,8,4088,0x0:0x4;0xC:0x1000,,candidate_spans_and_remaining_bytes_are_not_proven_code_data_classification
8013A000-a3dbf351bc4d47189d62ba93182158d40e74f35e38f2dd2a3556c49388130c94,4096,0,8,4088,0x0:0x4;0xC:0x1000,,candidate_spans_and_remaining_bytes_are_not_proven_code_data_classification
8013A000-a43b9dfca02aa7c33afd431df8a7478c9668707151305c0840d8e8990a1e5b55,4096,0,8,4088,0x0:0x4;0xC:0x1000,,candidate_spans_and_remaining_bytes_are_not_proven_code_data_classification
8013A000-a4c435dca3424ce1a7b83273d442ae09c8adbff1318add64a40dc93ea617be53,4096,0,8,4088,0x0:0x4;0xC:0x1000,,candidate_spans_and_remaining_bytes_are_not_proven_code_data_classification
8013A000-a4d1c7c4a6c9f6e1044b96fe81494cc1d5e5d7f26a0fe5b241ca903cbb7af13d,4096,0,8,4088,0x0:0x4;0xC:0x1000,,candidate_spans_and_remaining_bytes_are_not_proven_code_data_classification
8013A000-a50774b76fce042bc986460a60cd243f7570df2ba39a2d6864c3a4a64ef24951,4096,0,8,4088,0x0:0x4;0xC:0x1000,0x5B0;0xA54;0xEA0,candidate_spans_and_remaining_bytes_are_not_proven_code_data_classification
8013A000-a518a98dbd6930218f0397754542d68de2d67fbfabae5a3888dc904cffc3a847,4096,0,8,4088,0x0:0x4;0xC:0x1000,,candidate_spans_and_remaining_bytes_are_not_proven_code_data_classification
8013A000-a55e49b5b0c2f4f06390e14ada57f5d5f3e66366913b3a727f035e849049ca0e,4096,0,8,4088,0x0:0x4;0xC:0x1000,,candidate_spans_and_remaining_bytes_are_not_proven_code_data_classification
8013A000-a572fb1ee44b7f02ac2e8e2531d5ea8c0cbbb7919453ef77d97847e891780708,4096,0,8,4088,0x0:0x4;0xC:0x1000,,candidate_spans_and_remaining_bytes_are_not_proven_code_data_classification
8013A000-a696a5f8da7ee99a7b84d75e2265db2e1f7e8cea41fc729fd37624766cde76e9,4096,0,8,4088,0x0:0x4;0xC:0x1000,,candidate_spans_and_remaining_bytes_are_not_proven_code_data_classification
8013A000-a6ec8b48bdda8a66df6747d4af86080ec6a4837d187136fd6be1515237025aee,4096,0,8,4088,0x0:0x4;0xC:0x1000,,candidate_spans_and_remaining_bytes_are_not_proven_code_data_classification
8013A000-a750bd7a650c0bac24082fd24c7de9c2db480fc165540eca93b8705080c4858e,4096,0,8,4088,0x0:0x4;0xC:0x1000,,candidate_spans_and_remaining_bytes_are_not_proven_code_data_classification
8013A000-a7ea5449c44fe4a8ceb5555b24aa82e81edde00cde2d880114d0e20bf98c4125,4096,0,8,4088,0x0:0x4;0xC:0x1000,,candidate_spans_and_remaining_bytes_are_not_proven_code_data_classification
8013A000-a7fa87b3afc946e8913e7110a4545c270f52e564c6b445256d2ccc367d55c6d6,4096,0,8,4088,0x0:0x4;0xC:0x1000,,candidate_spans_and_remaining_bytes_are_not_proven_code_data_classification
8013A000-a9d4a95ca522915b714553f6854f6dcb7019aa05f34910fdf96634f6a1c5cde9,4096,0,8,4088,0x0:0x4;0xC:0x1000,,candidate_spans_and_remaining_bytes_are_not_proven_code_data_classification
8013A000-aa6d660361485883d1128b5891986a5ae0d4580f372f591cd3f12b00522657de,4096,0,8,4088,0x0:0x4;0xC:0x1000,,candidate_spans_and_remaining_bytes_are_not_proven_code_data_classification
8013A000-aaa8b512751e97a29ca1e2814ef3028a370b8721f8868450827becf4bf4a3cf5,4096,0,8,4088,0x0:0x4;0xC:0x1000,,candidate_spans_and_remaining_bytes_are_not_proven_code_data_classification
8013A000-ab96c18b5c34b2f70693ae3fc876b7543dd1f10dec91383588f2cd9cbbf00620,4096,0,8,4088,0x0:0x4;0xC:0x1000,,candidate_spans_and_remaining_bytes_are_not_proven_code_data_classification
8013A000-abca42951269e89876fb72b18f7df35f9afc8b72b356a805658a0d879defc023,4096,0,8,4088,0x0:0x4;0xC:0x1000,,candidate_spans_and_remaining_bytes_are_not_proven_code_data_classification
8013A000-abf1a0785c4e5d039fcc9ef9ee48e04de3610495de23f9bb1002dfc166653d0c,4096,0,8,4088,0x0:0x4;0xC:0x1000,,candidate_spans_and_remaining_bytes_are_not_proven_code_data_classification
8013A000-ac39fb97c3a7ee3bccf3b2ce8ac58af04e004f2692e61250e7ee7eabd29de445,4096,0,8,4088,0x0:0x4;0xC:0x1000,,candidate_spans_and_remaining_bytes_are_not_proven_code_data_classification
8013A000-acca814536608728da59c33319c3341637e5614f6b4fe6fbf66afd513f1aab8c,4096,0,8,4088,0x0:0x4;0xC:0x1000,0x894;0xF3C,candidate_spans_and_remaining_bytes_are_not_proven_code_data_classification
8013A000-ad06f732cd81dcbaea2b437a52352619e11ecd3b4a37b8d2f282291a049dab59,4096,0,8,4088,0x0:0x4;0xC:0x1000,,candidate_spans_and_remaining_bytes_are_not_proven_code_data_classification
8013A000-ad2dccf0ac378d08d79d67199c1f5ffb4b76b89893139b9d533d6f5bb0b7587a,4096,0,48,4048,0x0:0x4;0xC:0x198;0x1C0:0x1000,0x24;0x80;0xDC;0x15C;0x184,candidate_spans_and_remaining_bytes_are_not_proven_code_data_classification
8013A000-ad81fb24a403961b3f4bc95342331109177cbd99e02e62bf0d50ba798088eb58,4096,0,8,4088,0x0:0x4;0xC:0x1000,,candidate_spans_and_remaining_bytes_are_not_proven_code_data_classification
8013A000-adb0fd85d55c40f807b26738378b717e1f5c87efeb0f9472eb06aa1e3198ba36,4096,0,8,4088,0x0:0x4;0xC:0x1000,,candidate_spans_and_remaining_bytes_are_not_proven_code_data_classification
8013A000-aeb036cba023ef289716801a8d4d62f15f54c5281d5fbd7ff03a69f82e93ee77,4096,0,8,4088,0x0:0x4;0xC:0x1000,,candidate_spans_and_remaining_bytes_are_not_proven_code_data_classification
8013A000-b16fcfcee8d45962000e2d86c8db93a834b72efe029f5c2ca40507441b253810,4096,0,8,4088,0x0:0x4;0xC:0x1000,,candidate_spans_and_remaining_bytes_are_not_proven_code_data_classification
8013A000-b1a92eff4ba12ac7297cdef149aac423bfa138361a428a242909a5a8ef717960,4096,0,8,4088,0x0:0x4;0xC:0x1000,,candidate_spans_and_remaining_bytes_are_not_proven_code_data_classification
8013A000-b1b4048283b70de96b890d6ba45ca32a50e7ea56e993e39e95e73bf9e76015af,4096,0,8,4088,0x0:0x4;0xC:0x1000,,candidate_spans_and_remaining_bytes_are_not_proven_code_data_classification
8013A000-b21d3e1360d214006909b496a027e8a124d1336f3a85f3094a221eccd9cf118e,4096,0,8,4088,0x0:0x4;0xC:0x1000,,candidate_spans_and_remaining_bytes_are_not_proven_code_data_classification
8013A000-b245562aab87fb13cf062177530265c459f0bbdfd0d94855a60654cd49a7bb99,4096,0,8,4088,0x0:0x4;0xC:0x1000,,candidate_spans_and_remaining_bytes_are_not_proven_code_data_classification
8013A000-b29119902c473771da79642dac9de9f6705e752e0bfbdc90b84460108894ec83,4096,0,8,4088,0x0:0x4;0xC:0x1000,,candidate_spans_and_remaining_bytes_are_not_proven_code_data_classification
8013A000-b2df4e5b4bdc727934f799bc43ea998c3fef5ef6b3c74ef4d3c083de705bc9b7,4096,0,8,4088,0x0:0x4;0xC:0x1000,,candidate_spans_and_remaining_bytes_are_not_proven_code_data_classification
8013A000-b2f840556318c5d60bf2ca898b1a060dfb9de51e260dd7f535e5db6f0f319baa,4096,0,8,4088,0x0:0x4;0xC:0x1000,,candidate_spans_and_remaining_bytes_are_not_proven_code_data_classification
8013A000-b308936ccbdefa2de1d502433aaa39e84037b46bc4bccdc7f7b86193c9f02577,4096,0,8,4088,0x0:0x4;0xC:0x1000,,candidate_spans_and_remaining_bytes_are_not_proven_code_data_classification
8013A000-b30b3811eaac7f130cfa8d4086193a1b6b2c0b266c5fe406c0367977f106881a,4096,0,8,4088,0x0:0x4;0xC:0x1000,,candidate_spans_and_remaining_bytes_are_not_proven_code_data_classification
8013A000-b384dd23d9f9397d043eb10d2abbbe851de4f3f460654cde8fc4d716f5e6cfd1,4096,0,8,4088,0x0:0x4;0xC:0x1000,,candidate_spans_and_remaining_bytes_are_not_proven_code_data_classification
8013A000-b3857c2d99c1e279e94b15917d8c977637ee3f7c8b045e8e731e683ad4d39534,4096,0,8,4088,0x0:0x4;0xC:0x1000,,candidate_spans_and_remaining_bytes_are_not_proven_code_data_classification
8013A000-b4565fda9572dd02421d7e1b342d36f4a8b657a3b3d666ab378be5ea5819ebaf,4096,0,8,4088,0x0:0x4;0xC:0x1000,,candidate_spans_and_remaining_bytes_are_not_proven_code_data_classification
8013A000-b53ab590d0e7f56855a65c2a208d0798d4b28ca0beffcc795d380e34f79a0f4f,4096,0,8,4088,0x0:0x4;0xC:0x1000,,candidate_spans_and_remaining_bytes_are_not_proven_code_data_classification
8013A000-b55c5133847bcaabf8283b43556bcf91840d4d796c640ce29545384d839db022,4096,0,8,4088,0x0:0x4;0xC:0x1000,,candidate_spans_and_remaining_bytes_are_not_proven_code_data_classification
8013A000-b6083a6bb2209b7f53f1c52875096bf3ca5af1c39cec987eb435f794fd81bf3f,4096,0,8,4088,0x0:0x4;0xC:0x1000,,candidate_spans_and_remaining_bytes_are_not_proven_code_data_classification
8013A000-b62cf674db7ac7f50c75b80cb491ac0e4680fcd29810145d6a952f3850d7fc15,4096,0,8,4088,0x0:0x4;0xC:0x1000,,candidate_spans_and_remaining_bytes_are_not_proven_code_data_classification
8013A000-b6cefea9d30d74d1adaffe24a468c3928bb6e17bf8baebaae51988a61309618c,4096,0,8,4088,0x0:0x4;0xC:0x1000,,candidate_spans_and_remaining_bytes_are_not_proven_code_data_classification
8013A000-b72032da4b9e5100ce2d605f6c52afe5847d59bc8f8aa0da2e420734c92e55e4,4096,0,8,4088,0x0:0x4;0xC:0x1000,,candidate_spans_and_remaining_bytes_are_not_proven_code_data_classification
8013A000-b74109a5b61f766c321989cab6be2897b4dcaa9ed036a33f325114b6cba08fea,4096,0,8,4088,0x0:0x4;0xC:0x1000,,candidate_spans_and_remaining_bytes_are_not_proven_code_data_classification
8013A000-b75104024b32726094402167921611c2a3c34a102db32364d996ea432fe66991,4096,0,8,4088,0x0:0x4;0xC:0x1000,,candidate_spans_and_remaining_bytes_are_not_proven_code_data_classification
8013A000-b7597538fe008ff375c26239966c1d2d138620bbd76d4eb2d096ce20ebca04eb,4096,0,8,4088,0x0:0x4;0xC:0x1000,,candidate_spans_and_remaining_bytes_are_not_proven_code_data_classification
8013A000-b8695b75851542cfa5835dfa353c255cd90938a97530cf184bb1068ecae57a17,4096,0,8,4088,0x0:0x4;0xC:0x1000,,candidate_spans_and_remaining_bytes_are_not_proven_code_data_classification
8013A000-b8bab7fdbac3b957d177797b66beab27c35ca828b9a30f12c055c2e2c8b10961,4096,0,8,4088,0x0:0x4;0xC:0x1000,,candidate_spans_and_remaining_bytes_are_not_proven_code_data_classification
8013A000-b8e9340b1d94695f7c548401825fe1cccc3698528c63e85d49dc54814f735727,4096,0,8,4088,0x0:0x4;0xC:0x1000,,candidate_spans_and_remaining_bytes_are_not_proven_code_data_classification
8013A000-b995f57b272a71241f4452b35a2b6b5ec7f0ca77b635e6c1f26318acb1067494,4096,0,8,4088,0x0:0x4;0xC:0x1000,,candidate_spans_and_remaining_bytes_are_not_proven_code_data_classification
8013A000-ba9b5e2e8f61654681b0e74d45dfbd35abaa466e8d28a3525fc5715f372ccca3,4096,0,8,4088,0x0:0x4;0xC:0x1000,,candidate_spans_and_remaining_bytes_are_not_proven_code_data_classification
8013A000-bafc8c8854e1359f646522e5a7852fc9d38add0a96c3771ed3e36790e65b3579,4096,0,8,4088,0x0:0x4;0xC:0x1000,,candidate_spans_and_remaining_bytes_are_not_proven_code_data_classification
8013A000-bb25eb69b073a07751efadb3fcf1a895fd1a809b3070700051287b7c35ce2022,4096,0,8,4088,0x0:0x4;0xC:0x1000,,candidate_spans_and_remaining_bytes_are_not_proven_code_data_classification
8013A000-bb3a84e2e80dd3f63a51ea2a27b7981bd9c06d53387df2ce17c847b06f353af7,4096,0,8,4088,0x0:0x4;0xC:0x1000,,candidate_spans_and_remaining_bytes_are_not_proven_code_data_classification
8013A000-bb5c2fd4c52e908aef02a3a1788161b19397c366dc165f3a18d939488989876e,4096,0,8,4088,0x0:0x4;0xC:0x1000,,candidate_spans_and_remaining_bytes_are_not_proven_code_data_classification
8013A000-bc6031b1e4c3bdd91aa36d437a6fa41745dadb4dd09457bf0dddbaf713ceb7c4,4096,0,8,4088,0x0:0x4;0xC:0x1000,,candidate_spans_and_remaining_bytes_are_not_proven_code_data_classification
8013A000-bcb4ccc8d97c3dfb1f1e20cf196ac3456ca60181451012b160bb1d9a82b02df0,4096,0,8,4088,0x0:0x4;0xC:0x1000,,candidate_spans_and_remaining_bytes_are_not_proven_code_data_classification
8013A000-bd087abc8e9192b08f28aa8b86f831aa5d1dc56508136a62a1200345a982df03,4096,0,8,4088,0x0:0x4;0xC:0x1000,,candidate_spans_and_remaining_bytes_are_not_proven_code_data_classification
8013A000-bd2d7d671cb1263c9ca222b655ce4060f65823ebf9eebfcc4e00a0370c4e1aa7,4096,0,8,4088,0x0:0x4;0xC:0x1000,,candidate_spans_and_remaining_bytes_are_not_proven_code_data_classification
8013A000-bd5cf8dc6b85be7b613df49e0ac035b29f3dce7f814d132d4e3894d8251a95f4,4096,0,8,4088,0x0:0x4;0xC:0x1000,,candidate_spans_and_remaining_bytes_are_not_proven_code_data_classification
8013A000-bd780604d397f0a1c72694f5f4c273a69ec9c8eb97db2ba46791a91c47083773,4096,0,8,4088,0x0:0x4;0xC:0x1000,,candidate_spans_and_remaining_bytes_are_not_proven_code_data_classification
8013A000-bd958986a1f7a5326344b49644ada5d31d8ee82b68071f2dbf1703a62c7a3e68,4096,0,8,4088,0x0:0x4;0xC:0x1000,,candidate_spans_and_remaining_bytes_are_not_proven_code_data_classification
8013A000-bdcc10561776f9b3412aec01a49c4197dbc8698fa60f4efa08d67af125531efc,4096,0,8,4088,0x0:0x4;0xC:0x1000,,candidate_spans_and_remaining_bytes_are_not_proven_code_data_classification
8013A000-be5b35fb6da5c1c373aaf99fc6e3158f0863d507c7869e364661c5ccbfe347f6,4096,0,8,4088,0x0:0x4;0xC:0x1000,,candidate_spans_and_remaining_bytes_are_not_proven_code_data_classification
8013A000-beb9a84d247fa849c36e61e459e79599a9a8b608caa95d1768992857ce26882b,4096,0,8,4088,0x0:0x4;0xC:0x1000,,candidate_spans_and_remaining_bytes_are_not_proven_code_data_classification
8013A000-bfc51925da6e2d096b7f6366731dd667709e68ebc5e2660d380510998ed4766a,4096,0,8,4088,0x0:0x4;0xC:0x1000,,candidate_spans_and_remaining_bytes_are_not_proven_code_data_classification
8013A000-bfd93ea4c0e84b62059ad6a8bedb8bebd85878cbe6e40b364c946553af06c0a1,4096,0,8,4088,0x0:0x4;0xC:0x1000,,candidate_spans_and_remaining_bytes_are_not_proven_code_data_classification
8013A000-c03a66f64c221425bfcac4a0ed992ac94a9a4d14b97c4423806e83ddfd11b40a,4096,0,8,4088,0x0:0x4;0xC:0x1000,,candidate_spans_and_remaining_bytes_are_not_proven_code_data_classification
8013A000-c0ef86d390289a7be9518b9530c02469ba65f308072e265c0eea4f5a29586334,4096,0,8,4088,0x0:0x4;0xC:0x1000,,candidate_spans_and_remaining_bytes_are_not_proven_code_data_classification
8013A000-c1c94404a5194d5186eed186301676e5d33cb8f868028a186e4383ef8175bb7d,4096,0,8,4088,0x0:0x4;0xC:0x1000,,candidate_spans_and_remaining_bytes_are_not_proven_code_data_classification
8013A000-c237d4dd6dfaa284224825c9d4b58f4c58a81f34260673f7b24579f51a26572b,4096,0,8,4088,0x0:0x4;0xC:0x1000,,candidate_spans_and_remaining_bytes_are_not_proven_code_data_classification
8013A000-c2478badb46497bbb8d2fbe23880a6e01d1f02c5202711bcc979c10db97d5abd,4096,0,8,4088,0x0:0x4;0xC:0x1000,,candidate_spans_and_remaining_bytes_are_not_proven_code_data_classification
8013A000-c275f1cf8033cf0d2fa32bcbbdde60df0fc8f471499ae4bd3fc28014a45f74fc,4096,0,216,3880,0x0:0x4;0xDC:0x1000,,candidate_spans_and_remaining_bytes_are_not_proven_code_data_classification
8013A000-c35f72a7fc4515183a548b5cb46e9fe3d2e94226be8c428ff6f7082ccb14469e,4096,0,8,4088,0x0:0x4;0xC:0x1000,,candidate_spans_and_remaining_bytes_are_not_proven_code_data_classification
8013A000-c3bcdd7ee170f233910d9ace4a1d3aebd99ecb9cf97f17c78680531786891d5d,4096,0,8,4088,0x0:0x4;0xC:0x1000,,candidate_spans_and_remaining_bytes_are_not_proven_code_data_classification
8013A000-c3d0ddaf22a7c3f53c3a6e1959445d649254f5a45865b7cb993c8d8129b0f56d,4096,0,8,4088,0x0:0x4;0xC:0x1000,,candidate_spans_and_remaining_bytes_are_not_proven_code_data_classification
8013A000-c446125df87e4adbd911ac8f5a2961c7f0c20b150f1b3c3e58fc37310abb7130,4096,0,8,4088,0x0:0x4;0xC:0x1000,,candidate_spans_and_remaining_bytes_are_not_proven_code_data_classification
8013A000-c50696aec6be6a7b456a35833901a32481153a63cfc6a83facff498bcf4011af,4096,0,8,4088,0x0:0x4;0xC:0x1000,,candidate_spans_and_remaining_bytes_are_not_proven_code_data_classification
8013A000-c560913dc81b3772becb7b5c4006af67c1673731016fb2ca4f6e28b36cbca4fe,4096,0,8,4088,0x0:0x4;0xC:0x1000,,candidate_spans_and_remaining_bytes_are_not_proven_code_data_classification
8013A000-c5660a41f8f4a39597ba2ccc1bdd2b56f9cf3b00f311f2ad5470f0948ed82279,4096,0,8,4088,0x0:0x4;0xC:0x1000,,candidate_spans_and_remaining_bytes_are_not_proven_code_data_classification
8013A000-c5a88cbe173162a86f46e0f04b906b2e74a448e254e23bda19e634614f16f16e,4096,0,8,4088,0x0:0x4;0xC:0x1000,,candidate_spans_and_remaining_bytes_are_not_proven_code_data_classification
8013A000-c63c841d66fd2b1cb99e274354ebe6b8258386cd79e2ef8e3677a0b7d7c2fe6d,4096,0,8,4088,0x0:0x4;0xC:0x1000,,candidate_spans_and_remaining_bytes_are_not_proven_code_data_classification
8013A000-c6b68c51407f8e8e5632f72774f4b7a97228024b6b55f87587b1b116b1be2881,4096,0,8,4088,0x0:0x4;0xC:0x1000,,candidate_spans_and_remaining_bytes_are_not_proven_code_data_classification
8013A000-c729fd64f47ec090f29cfc92ae9b8874d2facd126033063de545a7d89e3a471c,4096,0,8,4088,0x0:0x4;0xC:0x1000,,candidate_spans_and_remaining_bytes_are_not_proven_code_data_classification
8013A000-c7c6aa393e347d9d603335b01400a4783e9a9300f7b5dea3f70881c91960682e,4096,0,8,4088,0x0:0x4;0xC:0x1000,,candidate_spans_and_remaining_bytes_are_not_proven_code_data_classification
8013A000-c7cc1abff01b862ee901561020b5aa09c6a61b095191026ca03fd5cbbad2b815,4096,0,276,3820,0x0:0x4;0x118:0x1000,0x150,candidate_spans_and_remaining_bytes_are_not_proven_code_data_classification
8013A000-c80a97aa74fb256066da51f1b48e19de98d7238422e2685a65d0e9f2a457bccf,4096,0,8,4088,0x0:0x4;0xC:0x1000,,candidate_spans_and_remaining_bytes_are_not_proven_code_data_classification
8013A000-c916dddc72fbcffb7e77bbbbb416d4972414a711b5f1e2dfbb25a8a79d5f6eb0,4096,0,8,4088,0x0:0x4;0xC:0x1000,,candidate_spans_and_remaining_bytes_are_not_proven_code_data_classification
8013A000-c9512a64a7bd5c7ef66dc6e0ba3d3f876d99522acd5244d4a996ac1dfbeb5867,4096,0,8,4088,0x0:0x4;0xC:0x1000,,candidate_spans_and_remaining_bytes_are_not_proven_code_data_classification
8013A000-c962a3d2b1eca521edaf1b9cf90340b9612a11dec4028ecd3284439675545fa0,4096,0,8,4088,0x0:0x4;0xC:0x1000,,candidate_spans_and_remaining_bytes_are_not_proven_code_data_classification
8013A000-c9e487fa2ff05fea9e31ec27316b21c2270b61c59a4d237f132ddc3606d1e576,4096,0,8,4088,0x0:0x4;0xC:0x1000,,candidate_spans_and_remaining_bytes_are_not_proven_code_data_classification
8013A000-ca6631290b1de9d039821fb9d14b7f4026a0936cec1dd49fce9405415b024d28,4096,0,8,4088,0x0:0x4;0xC:0x1000,,candidate_spans_and_remaining_bytes_are_not_proven_code_data_classification
8013A000-ca8d6248a2262b4904657c88ee17bf6f59f31166eaaae4b6dfaeaf7a5d9692fb,4096,0,8,4088,0x0:0x4;0xC:0x1000,,candidate_spans_and_remaining_bytes_are_not_proven_code_data_classification
8013A000-caa78a7c7de51a82f9190902a83cf88a244454d5cefea59ffd22fed96dead805,4096,0,8,4088,0x0:0x4;0xC:0x1000,,candidate_spans_and_remaining_bytes_are_not_proven_code_data_classification
8013A000-caad55605223b178c6276e7ffd34ce1d3820e145d61c494e1a49cb2f5095e138,4096,0,8,4088,0x0:0x4;0xC:0x1000,,candidate_spans_and_remaining_bytes_are_not_proven_code_data_classification
8013A000-cac578f02bfa901ad24e73d310aa02a1c8b4e9cc1da24142df53c75514601c51,4096,0,8,4088,0x0:0x4;0xC:0x1000,,candidate_spans_and_remaining_bytes_are_not_proven_code_data_classification
8013A000-cb5a7760c4458ae5fa557a47242d30172bded4ab51a915d1a221ada7f5e5be8a,4096,0,2448,1648,0x0:0x4;0x994:0x1000,,candidate_spans_and_remaining_bytes_are_not_proven_code_data_classification
8013A000-cc16f28d9478b4bb5a9ae82f70a555765df076920d4eeba45cd7b9bf6500b582,4096,0,8,4088,0x0:0x4;0xC:0x1000,,candidate_spans_and_remaining_bytes_are_not_proven_code_data_classification
8013A000-cc3dbc7649cec82f83062f91eafb9fd0e43f7149b735948bc75f8ffb7123e0d0,4096,0,8,4088,0x0:0x4;0xC:0x1000,,candidate_spans_and_remaining_bytes_are_not_proven_code_data_classification
8013A000-cc63761451ac0ef439baa34dfcc75ef1872f8b6b3c0e1094d328945622a90b25,4096,0,8,4088,0x0:0x4;0xC:0x1000,,candidate_spans_and_remaining_bytes_are_not_proven_code_data_classification
8013A000-cd67ce2ab1490ca49ba0f8e47f82d6d4f8c9aaf606428692984cb3bc7a560029,4096,0,8,4088,0x0:0x4;0xC:0x1000,,candidate_spans_and_remaining_bytes_are_not_proven_code_data_classification
8013A000-cda3eda2a0fe88f3f06294560456a63f500644d20272e9624c2003879dc4f5a5,4096,0,8,4088,0x0:0x4;0xC:0x1000,,candidate_spans_and_remaining_bytes_are_not_proven_code_data_classification
8013A000-cdd096fd41f85e2e62ce478c138ffc0e419581ac7cb978c803e6752ae5de83b1,4096,0,8,4088,0x0:0x4;0xC:0x1000,,candidate_spans_and_remaining_bytes_are_not_proven_code_data_classification
8013A000-ce12425a6608d2125939eb22e4a2ea4bf87230e09fa3a761e16ec583d1fa1240,4096,0,8,4088,0x0:0x4;0xC:0x1000,,candidate_spans_and_remaining_bytes_are_not_proven_code_data_classification
8013A000-ce21af803f96845816cd1d84d33945ad8e2ec14a467e100b32a596d4d06754d8,4096,0,8,4088,0x0:0x4;0xC:0x1000,,candidate_spans_and_remaining_bytes_are_not_proven_code_data_classification
8013A000-ce32cf7897942533c49092e8117c4bd1d2bc971299c0f3cdb9f94b088ca0226c,4096,0,8,4088,0x0:0x4;0xC:0x1000,,candidate_spans_and_remaining_bytes_are_not_proven_code_data_classification
8013A000-ce64ac2bc240f8b228860dca8b625680ddb495c0bef009613cce53870eb9be4e,4096,0,8,4088,0x0:0x4;0xC:0x1000,,candidate_spans_and_remaining_bytes_are_not_proven_code_data_classification
8013A000-cf7149a1af71fcc823e8d271d54ea1383088d662f61eba05dcd415a4b91f4601,4096,0,8,4088,0x0:0x4;0xC:0x1000,,candidate_spans_and_remaining_bytes_are_not_proven_code_data_classification
8013A000-cf860ac53b71db64d8e98a09178a95cfb0c413ae0ea8e4d88931fe944b5e1f82,4096,0,8,4088,0x0:0x4;0xC:0x1000,,candidate_spans_and_remaining_bytes_are_not_proven_code_data_classification
8013A000-cfbe4494761e022d9e5230e29dc503d9621ec9e65945f1046e4fe8958749ae75,4096,0,8,4088,0x0:0x4;0xC:0x1000,,candidate_spans_and_remaining_bytes_are_not_proven_code_data_classification
8013A000-cfdfdd808638cca4c0c0e33015512c4fe0b416467204194bb46398688d89786b,4096,0,8,4088,0x0:0x4;0xC:0x1000,,candidate_spans_and_remaining_bytes_are_not_proven_code_data_classification
8013A000-d002d33dc88fbf96902c2b689144d5d85c3cfd93c13c31c50ca31f4a49bf5314,4096,0,1572,2524,0x0:0x4;0x628:0x1000,,candidate_spans_and_remaining_bytes_are_not_proven_code_data_classification
8013A000-d148889514628bb0ff990e73e577b3f6f69b0fdd90324c1d5c45acdae9119a74,4096,0,8,4088,0x0:0x4;0xC:0x1000,,candidate_spans_and_remaining_bytes_are_not_proven_code_data_classification
8013A000-d160e23d5dbc365d3c595cbd8a4e4889cbf05a8f789b7c8132338258fad630c6,4096,0,8,4088,0x0:0x4;0xC:0x1000,,candidate_spans_and_remaining_bytes_are_not_proven_code_data_classification
8013A000-d1d6f866f353cf2375c189003c00fd20de8a1f021fd72868927508c5f7e1f0c0,4096,0,8,4088,0x0:0x4;0xC:0x1000,,candidate_spans_and_remaining_bytes_are_not_proven_code_data_classification
8013A000-d20d454aca5ff0707582d09a6020db3f714705de9a4d304105fa15b93fec4d49,4096,0,8,4088,0x0:0x4;0xC:0x1000,,candidate_spans_and_remaining_bytes_are_not_proven_code_data_classification
8013A000-d23daefb9515536514853e04ed61b4639bd2d3f856e89f74111513fa711bcf5f,4096,0,8,4088,0x0:0x4;0xC:0x1000,,candidate_spans_and_remaining_bytes_are_not_proven_code_data_classification
8013A000-d271cf31daf2f18521dc5f16a42110d196a5b728b180cf7f91c8d85e00a296f3,4096,0,216,3880,0x0:0x4;0xDC:0x1000,,candidate_spans_and_remaining_bytes_are_not_proven_code_data_classification
8013A000-d32e874cec495ad4d05a55f46194a8f2d948d655a0ec2db6cc0bb3c0c1953291,4096,0,8,4088,0x0:0x4;0xC:0x1000,,candidate_spans_and_remaining_bytes_are_not_proven_code_data_classification
8013A000-d36820accb237c9fda6fced86ccd8641062fbc22d2650980c72763beda94cd34,4096,0,8,4088,0x0:0x4;0xC:0x1000,,candidate_spans_and_remaining_bytes_are_not_proven_code_data_classification
8013A000-d37af0a4742f3c8e2af5fe9dee2776c1833089bc325112bd06d9df93d49e98f1,4096,0,8,4088,0x0:0x4;0xC:0x1000,,candidate_spans_and_remaining_bytes_are_not_proven_code_data_classification
8013A000-d3c13e7ea8813740780e302a5432b71d87cd5c71ab85133e5224391c2eba3b31,4096,0,8,4088,0x0:0x4;0xC:0x1000,,candidate_spans_and_remaining_bytes_are_not_proven_code_data_classification
8013A000-d4427678dd22446665562cda62146bb11c70a7aa59fd31a279e720b0f78d25ad,4096,0,8,4088,0x0:0x4;0xC:0x1000,,candidate_spans_and_remaining_bytes_are_not_proven_code_data_classification
8013A000-d4577cf27afb04f14bffa32b3994f6690634f997cf21a7c06fca7cbba39a574d,4096,0,8,4088,0x0:0x4;0xC:0x1000,,candidate_spans_and_remaining_bytes_are_not_proven_code_data_classification
8013A000-d46f77138d1ad2467885975f08665e8b73e7c0077efaecc107ff4130cbc099fb,4096,0,8,4088,0x0:0x4;0xC:0x1000,,candidate_spans_and_remaining_bytes_are_not_proven_code_data_classification
8013A000-d4e713b61a3d74e93d78762fca85ef86a02069ee8e1aaa7a828cf99653deaadf,4096,0,8,4088,0x0:0x4;0xC:0x1000,,candidate_spans_and_remaining_bytes_are_not_proven_code_data_classification
8013A000-d5685011fe35ffddf2fa922888df326ff4ca7f8885389ced05c9505e8ae9bb34,4096,0,8,4088,0x0:0x4;0xC:0x1000,,candidate_spans_and_remaining_bytes_are_not_proven_code_data_classification
8013A000-d5c2c3aeda42e2a58776891bffc936f261774211a08ed521f2e2bc7e9a2499be,4096,0,8,4088,0x0:0x4;0xC:0x1000,,candidate_spans_and_remaining_bytes_are_not_proven_code_data_classification
8013A000-d65f484bd4266b73019b5c8574ada74ee2bd8aa840bf1d8b1b45d8f975b4df69,4096,0,8,4088,0x0:0x4;0xC:0x1000,,candidate_spans_and_remaining_bytes_are_not_proven_code_data_classification
8013A000-d678aa4b3f02089330bd2b4c417f44eac8b4d94b0d7aa8ff7a922fd5d5ea0665,4096,0,8,4088,0x0:0x4;0xC:0x1000,,candidate_spans_and_remaining_bytes_are_not_proven_code_data_classification
8013A000-d73fcc34413fafd0670964a1ea0e9abe5f147ddd318e121d5aa40bd8ea3f35ea,4096,0,8,4088,0x0:0x4;0xC:0x1000,,candidate_spans_and_remaining_bytes_are_not_proven_code_data_classification
8013A000-d7856474aa8827a5f97e6abbd6ff6cf148c1fbbcf88ce973a22244bf6830f650,4096,0,8,4088,0x0:0x4;0xC:0x1000,,candidate_spans_and_remaining_bytes_are_not_proven_code_data_classification
8013A000-d81ccf21a949dd604f036ed1cb91aec322f16a5e64cfd62e1342c818275d3892,4096,0,8,4088,0x0:0x4;0xC:0x1000,,candidate_spans_and_remaining_bytes_are_not_proven_code_data_classification
8013A000-d95c9437102ca1da4e4ae59afc3b31b506cf9af6fb5263be484ad5ca58ae232d,4096,0,8,4088,0x0:0x4;0xC:0x1000,,candidate_spans_and_remaining_bytes_are_not_proven_code_data_classification
8013A000-d9ceda8533c5ac458f995da88913fcc0fc1d40d16ac9e55d27d27e988fe65f1b,4096,0,8,4088,0x0:0x4;0xC:0x1000,,candidate_spans_and_remaining_bytes_are_not_proven_code_data_classification
8013A000-d9e386758f3ba30793babcc5cf9bc9e50adddb0370aba000901313eccc661819,4096,0,8,4088,0x0:0x4;0xC:0x1000,,candidate_spans_and_remaining_bytes_are_not_proven_code_data_classification
8013A000-d9f6c07e8fd7b1ddbabc75a9f4b196f5f8a2bdb7f1ab6e09d05cd7ce4c8b6c20,4096,0,8,4088,0x0:0x4;0xC:0x1000,,candidate_spans_and_remaining_bytes_are_not_proven_code_data_classification
8013A000-da2497c7eb0bca982a1eddf9432930d24cc45bf8437e4f23ce781a60f99c8a3d,4096,0,8,4088,0x0:0x4;0xC:0x1000,,candidate_spans_and_remaining_bytes_are_not_proven_code_data_classification
8013A000-daadba5c73107fc66a74475068d317cd6aca0a7f3a288bab727ec77ae60f21a1,4096,0,8,4088,0x0:0x4;0xC:0x1000,,candidate_spans_and_remaining_bytes_are_not_proven_code_data_classification
8013A000-dafcd480c42a0bbf5a732d001dabc9c028b89c16732af9251e0f0aaaf1d33d22,4096,0,8,4088,0x0:0x4;0xC:0x1000,,candidate_spans_and_remaining_bytes_are_not_proven_code_data_classification
8013A000-db4f0e7b307e79c0e808811888cf2dc8c843022b76486ea8824035d16aabb2a9,4096,0,8,4088,0x0:0x4;0xC:0x1000,,candidate_spans_and_remaining_bytes_are_not_proven_code_data_classification
8013A000-db8ee4d694bedacb24080966fe80e1de73814c330aeb45295cbde8680f05dacc,4096,0,8,4088,0x0:0x4;0xC:0x1000,,candidate_spans_and_remaining_bytes_are_not_proven_code_data_classification
8013A000-dba38b024c4be9de0cd6357785fef4e9a14340ff0e7b6bbff47e5e5c03dd97a1,4096,0,8,4088,0x0:0x4;0xC:0x1000,,candidate_spans_and_remaining_bytes_are_not_proven_code_data_classification
8013A000-dbbb749c6b2b5c6c34309dd665b14e3e9b04e2186845c6ffa760a80fcbab9559,4096,0,8,4088,0x0:0x4;0xC:0x1000,,candidate_spans_and_remaining_bytes_are_not_proven_code_data_classification
8013A000-dbdc936423359ae656b9dd02de970154ecea10507845d03cefb5ffbb26dab890,4096,0,8,4088,0x0:0x4;0xC:0x1000,,candidate_spans_and_remaining_bytes_are_not_proven_code_data_classification
8013A000-dbf46cbf5b279bb1a5afb348ed0b0591881d21754094c2a4a6116e66e55966a2,4096,0,8,4088,0x0:0x4;0xC:0x1000,,candidate_spans_and_remaining_bytes_are_not_proven_code_data_classification
8013A000-dc0979dce822ac8f291cd3667c005fadec97eee47a0e16a4d6834a0b701948d6,4096,0,8,4088,0x0:0x4;0xC:0x1000,,candidate_spans_and_remaining_bytes_are_not_proven_code_data_classification
8013A000-dc09c746f9bafdc456b3cdc03ba57064ee64d7f4f7ea81f5ea995f9d533a25ac,4096,0,8,4088,0x0:0x4;0xC:0x1000,,candidate_spans_and_remaining_bytes_are_not_proven_code_data_classification
8013A000-dc1408ae68ef571f0fd9082b72b4015fb6f05ffe327268f1e310a7ff70a2af22,4096,0,8,4088,0x0:0x4;0xC:0x1000,,candidate_spans_and_remaining_bytes_are_not_proven_code_data_classification
8013A000-dd064249c0473471475f82013f8c6deb6cca5242d11134d78758fb702115948e,4096,0,8,4088,0x0:0x4;0xC:0x1000,,candidate_spans_and_remaining_bytes_are_not_proven_code_data_classification
8013A000-ddf3a05a2c1749c7a1639ab5dc3648f65d6c87e2881c29876e26a769e3cf45b6,4096,0,8,4088,0x0:0x4;0xC:0x1000,,candidate_spans_and_remaining_bytes_are_not_proven_code_data_classification
8013A000-de6285191dc4e46015f244a632cef10d7eb0a50f4cf0a96b91785887520308ae,4096,0,8,4088,0x0:0x4;0xC:0x1000,,candidate_spans_and_remaining_bytes_are_not_proven_code_data_classification
8013A000-df7a082eb9e7f512bd80eeda2b19d0aad50884eb14a7ef430cf5785d91ebd02a,4096,0,8,4088,0x0:0x4;0xC:0x1000,,candidate_spans_and_remaining_bytes_are_not_proven_code_data_classification
8013A000-e04270ec63632e2e85796cd5b8972077a32574a3d0b2945756603cfc2f978b53,4096,0,8,4088,0x0:0x4;0xC:0x1000,,candidate_spans_and_remaining_bytes_are_not_proven_code_data_classification
8013A000-e0b13661e42aacafc385eb4b81bf1ab384bd432d4dd020542e66a002ca38a956,4096,0,8,4088,0x0:0x4;0xC:0x1000,,candidate_spans_and_remaining_bytes_are_not_proven_code_data_classification
8013A000-e10d369e8e9083e30f63fe430b0b29f8a84aa73c58ddcb463cce953a2a8ffc1b,4096,0,8,4088,0x0:0x4;0xC:0x1000,,candidate_spans_and_remaining_bytes_are_not_proven_code_data_classification
8013A000-e1aba946d2a4259db58c874f8d775ab8ca5aaf7b71d982f6dcb0a9d82f86ae71,4096,0,8,4088,0x0:0x4;0xC:0x1000,,candidate_spans_and_remaining_bytes_are_not_proven_code_data_classification
8013A000-e251ffd2a3665c9a6043a507bcf02c39ad08e152c838301d00abac018ac8aa3d,4096,0,8,4088,0x0:0x4;0xC:0x1000,,candidate_spans_and_remaining_bytes_are_not_proven_code_data_classification
8013A000-e2c849a1fa0e4d82a6854b491903ab5ed44f3aafb265fd0c734af0cba3f794fb,4096,0,8,4088,0x0:0x4;0xC:0x1000,,candidate_spans_and_remaining_bytes_are_not_proven_code_data_classification
8013A000-e2f7d5c1dbd36a2e09021454d320cc8bb9ea74b7b470cbb2848a524a2b603db8,4096,0,8,4088,0x0:0x4;0xC:0x1000,,candidate_spans_and_remaining_bytes_are_not_proven_code_data_classification
8013A000-e302a8ef7ddc7f770a3a192902e7fbdfd5579fc94b93f0afd3152fe751456ebd,4096,0,8,4088,0x0:0x4;0xC:0x1000,,candidate_spans_and_remaining_bytes_are_not_proven_code_data_classification
8013A000-e3f1ada5e5247ba979d5f431d0071847385bca6800f406f1626cadbd9552b9d0,4096,0,8,4088,0x0:0x4;0xC:0x1000,,candidate_spans_and_remaining_bytes_are_not_proven_code_data_classification
8013A000-e4164205ef96a49375a54e5c65dee87276ffbc926b2f604b7e1abb7021a4a7ea,4096,0,8,4088,0x0:0x4;0xC:0x1000,,candidate_spans_and_remaining_bytes_are_not_proven_code_data_classification
8013A000-e59ae8bdff1042fe72acb82f8377f1bf1c34d495ea5c354d955466f2e83302d2,4096,0,8,4088,0x0:0x4;0xC:0x1000,,candidate_spans_and_remaining_bytes_are_not_proven_code_data_classification
8013A000-e5b439c4ccbbcb4c907e2f621a3889a79c2859b78dfc04d9b981703bb528214c,4096,0,8,4088,0x0:0x4;0xC:0x1000,,candidate_spans_and_remaining_bytes_are_not_proven_code_data_classification
8013A000-e62dd7f62873f460be5e1bb0e6442ec5845b11a5b12b6ce905cd7e82da925d65,4096,0,8,4088,0x0:0x4;0xC:0x1000,,candidate_spans_and_remaining_bytes_are_not_proven_code_data_classification
8013A000-e82bcbbcc6ca1ccc5708be2aa6d1f61c93a40d931590acee2d8bdb6212493858,4096,0,8,4088,0x0:0x4;0xC:0x1000,,candidate_spans_and_remaining_bytes_are_not_proven_code_data_classification
8013A000-ea4002a87ecd116153e85c545d64b91eaee972f4e45e20785ed9a6693e05bce3,4096,0,8,4088,0x0:0x4;0xC:0x1000,,candidate_spans_and_remaining_bytes_are_not_proven_code_data_classification
8013A000-eab622f3eae9bb87049c8cb70a50bc59b533219c8d5574949af7a08b5eea8d0e,4096,0,8,4088,0x0:0x4;0xC:0x1000,,candidate_spans_and_remaining_bytes_are_not_proven_code_data_classification
8013A000-eb344b0259e4de6646b220163ac280c97e6da7213c0c72fabda5b2f4d6dedb17,4096,0,8,4088,0x0:0x4;0xC:0x1000,,candidate_spans_and_remaining_bytes_are_not_proven_code_data_classification
8013A000-eb84d2e348009fb5089403cea17ca3a206f38b5b8c56f234535ab2f31dd5eed6,4096,0,8,4088,0x0:0x4;0xC:0x1000,,candidate_spans_and_remaining_bytes_are_not_proven_code_data_classification
8013A000-eba7b5c3e93f048bc76f1862784685fcdb144a353e3efad2b79b2e5be6a56e2d,4096,0,8,4088,0x0:0x4;0xC:0x1000,,candidate_spans_and_remaining_bytes_are_not_proven_code_data_classification
8013A000-ebe25ee501275116b8ef4d5ff30e6712ab47aec77bb68334e28709fb23f4720e,4096,0,8,4088,0x0:0x4;0xC:0x1000,,candidate_spans_and_remaining_bytes_are_not_proven_code_data_classification
8013A000-ec33d262e7fa8f16ca2a77ad2b35a9916c1b8ef29ce7ff3704d8061330083348,4096,0,8,4088,0x0:0x4;0xC:0x1000,,candidate_spans_and_remaining_bytes_are_not_proven_code_data_classification
8013A000-ec6c4d60e468e166f48e17a1c260b0b34ffbc4e1af260b38cc2e369e8db41d62,4096,0,8,4088,0x0:0x4;0xC:0x1000,,candidate_spans_and_remaining_bytes_are_not_proven_code_data_classification
8013A000-ec8e59ccebdadf8259e604b0ae9f86f008625aa24f8fae8d97d116e58140d8f1,4096,0,8,4088,0x0:0x4;0xC:0x1000,,candidate_spans_and_remaining_bytes_are_not_proven_code_data_classification
8013A000-ed314ddc227993aee780138987c73557250bd0fff39124aa9dc49a9728b457f3,4096,0,8,4088,0x0:0x4;0xC:0x1000,,candidate_spans_and_remaining_bytes_are_not_proven_code_data_classification
8013A000-edfc5aa4e9eef643f89ca9f71bff1626aab35fed86a8a1408b1e44ffbaf479d9,4096,0,8,4088,0x0:0x4;0xC:0x1000,,candidate_spans_and_remaining_bytes_are_not_proven_code_data_classification
8013A000-ee5556aa98830a69b0af0d39a15889e91f021811c5c6c8151daf21d9d0d49404,4096,0,8,4088,0x0:0x4;0xC:0x1000,,candidate_spans_and_remaining_bytes_are_not_proven_code_data_classification
8013A000-eecd639ab400f880ad6d0bbd95e5ea7c0b0ceea14a0ba873cfe6046ff7802653,4096,0,8,4088,0x0:0x4;0xC:0x1000,,candidate_spans_and_remaining_bytes_are_not_proven_code_data_classification
8013A000-f058de7f3f624f438d88c05e795618a35466437090dd5bb0ee8087fa42824ee7,4096,0,8,4088,0x0:0x4;0xC:0x1000,,candidate_spans_and_remaining_bytes_are_not_proven_code_data_classification
8013A000-f10cd84bfa7249f64aa18f31c074b89da22ce083f0e4d3d3935fb082d275c5a6,4096,0,8,4088,0x0:0x4;0xC:0x1000,,candidate_spans_and_remaining_bytes_are_not_proven_code_data_classification
8013A000-f131ec2b68358161698be4b19fbd15356c11f0af534cc08c148ad414583bfc00,4096,0,8,4088,0x0:0x4;0xC:0x1000,,candidate_spans_and_remaining_bytes_are_not_proven_code_data_classification
8013A000-f1584d4223720fa4520be5f70d54e16a100ee8623458444403d56170d9a721ec,4096,0,8,4088,0x0:0x4;0xC:0x1000,,candidate_spans_and_remaining_bytes_are_not_proven_code_data_classification
8013A000-f19bad09fe55cacb232abc3d198c8583e75106921f14b9468032d6c0e4ee2d43,4096,0,8,4088,0x0:0x4;0xC:0x1000,,candidate_spans_and_remaining_bytes_are_not_proven_code_data_classification
8013A000-f21f3e7767f0a7f73de236f1e3b0a68df5198ddd0b5465ab1adc394a836797e2,4096,0,8,4088,0x0:0x4;0xC:0x1000,,candidate_spans_and_remaining_bytes_are_not_proven_code_data_classification
8013A000-f25552fde0c0d771b6f7d0d75e5f2e29ce9981d41c0d0b8ac9c24aa49998aeb0,4096,0,8,4088,0x0:0x4;0xC:0x1000,,candidate_spans_and_remaining_bytes_are_not_proven_code_data_classification
8013A000-f29a445f5a5fdcb28bc1f087e1bf59a048057516cddca37a4a8959b397b24b76,4096,0,8,4088,0x0:0x4;0xC:0x1000,,candidate_spans_and_remaining_bytes_are_not_proven_code_data_classification
8013A000-f368a47a5ddcab6d4e9e6a56f397d8ac96d2f68e4948c9e2af7e0be684df3645,4096,0,8,4088,0x0:0x4;0xC:0x1000,,candidate_spans_and_remaining_bytes_are_not_proven_code_data_classification
8013A000-f37a1deb643477a1918fc743bf9f95a90cea1c19104d12998adca12fb11c2057,4096,0,8,4088,0x0:0x4;0xC:0x1000,,candidate_spans_and_remaining_bytes_are_not_proven_code_data_classification
8013A000-f41ad4a5aaae9cefe59b0fb00d71c0d399cd87e1846e7c19ff06f88f35db9650,4096,0,8,4088,0x0:0x4;0xC:0x1000,,candidate_spans_and_remaining_bytes_are_not_proven_code_data_classification
8013A000-f478b134da94266904be4f500d9584af0a34e502b48bf443c8edf411efcf7a74,4096,0,8,4088,0x0:0x4;0xC:0x1000,,candidate_spans_and_remaining_bytes_are_not_proven_code_data_classification
8013A000-f4b816ce3d45b58a046ac160a15da78d0930df961c5a87850be92f457b661756,4096,0,8,4088,0x0:0x4;0xC:0x1000,,candidate_spans_and_remaining_bytes_are_not_proven_code_data_classification
8013A000-f584eff08ad48511cf9ded8429180a8515584e4c4ffb78e205a4f34d3c56dc9a,4096,0,8,4088,0x0:0x4;0xC:0x1000,,candidate_spans_and_remaining_bytes_are_not_proven_code_data_classification
8013A000-f5f660323116c549c8f1c9c905070ee482c21754e71527f271986fb63cc2a3f3,4096,0,8,4088,0x0:0x4;0xC:0x1000,,candidate_spans_and_remaining_bytes_are_not_proven_code_data_classification
8013A000-f67b98db1c8cc0d897cc4065a3a555dc2dc29e4639022925e6f1c2d34525ea18,4096,0,8,4088,0x0:0x4;0xC:0x1000,,candidate_spans_and_remaining_bytes_are_not_proven_code_data_classification
8013A000-f6c2fb6198980be14eedf17085066cb6edea3864f2dd0e905addce0c5f04d3c5,4096,0,8,4088,0x0:0x4;0xC:0x1000,,candidate_spans_and_remaining_bytes_are_not_proven_code_data_classification
8013A000-f7586de3a8d53c033ccd3e06e28127581dd7011fdde30f84b1d93527f896b33b,4096,0,8,4088,0x0:0x4;0xC:0x1000,,candidate_spans_and_remaining_bytes_are_not_proven_code_data_classification
8013A000-f759cb6472602acbe9d918ef1515c8d73df07b7da873fbb35d145f437ab30a8d,4096,0,8,4088,0x0:0x4;0xC:0x1000,,candidate_spans_and_remaining_bytes_are_not_proven_code_data_classification
8013A000-f7e037221f9ad6215bf17af4fb0e4481ad5e3c0f8c610716c6d14c8126686da0,4096,0,8,4088,0x0:0x4;0xC:0x1000,,candidate_spans_and_remaining_bytes_are_not_proven_code_data_classification
8013A000-f8655b10c9d14e4610eee2845ef5056fdd18068ae4651c13bfe648866f07e8fd,4096,0,8,4088,0x0:0x4;0xC:0x1000,,candidate_spans_and_remaining_bytes_are_not_proven_code_data_classification
8013A000-f886b1e1fe6a41667e70a3d457c1f23b26c131b0d8cd7044d1ec678380ef67c1,4096,0,8,4088,0x0:0x4;0xC:0x1000,,candidate_spans_and_remaining_bytes_are_not_proven_code_data_classification
8013A000-f894fe43976cb01464b5bd93dd42cf3681d19ca36288d3048c16e0f374577687,4096,0,8,4088,0x0:0x4;0xC:0x1000,,candidate_spans_and_remaining_bytes_are_not_proven_code_data_classification
8013A000-f8d7f234ff640cf688bbbb9e801051fd34c08efd2a3c13b0d3fa0c3f6a18419c,4096,0,8,4088,0x0:0x4;0xC:0x1000,,candidate_spans_and_remaining_bytes_are_not_proven_code_data_classification
8013A000-f9a15d42c10ba0de9ac9006c49705d68af374291e158078fda0a136c89bed52d,4096,0,8,4088,0x0:0x4;0xC:0x1000,,candidate_spans_and_remaining_bytes_are_not_proven_code_data_classification
8013A000-f9cb9ed9f8f40acf3c3fabaae4d0a11097881a49087595c15bbeffb410076666,4096,0,8,4088,0x0:0x4;0xC:0x1000,,candidate_spans_and_remaining_bytes_are_not_proven_code_data_classification
8013A000-f9fc7caeae3aff9247ba6ec878e629bd310e96703e58efdefd37a70fdae3a33e,4096,0,8,4088,0x0:0x4;0xC:0x1000,,candidate_spans_and_remaining_bytes_are_not_proven_code_data_classification
8013A000-f9ffcadc44972891e77432405d82fec8917432f59562635a667e243177c7682e,4096,0,8,4088,0x0:0x4;0xC:0x1000,,candidate_spans_and_remaining_bytes_are_not_proven_code_data_classification
8013A000-fa015342cf268cd1fff0db46e7f87d5ea48357108b107dc135f36aba9b3dd77e,4096,0,8,4088,0x0:0x4;0xC:0x1000,,candidate_spans_and_remaining_bytes_are_not_proven_code_data_classification
8013A000-fada4342ed18c607feb1111a91c78331b14914212edfa09c95177813fc03d6d0,4096,0,8,4088,0x0:0x4;0xC:0x1000,,candidate_spans_and_remaining_bytes_are_not_proven_code_data_classification
8013A000-fbec50f1339c7582a6cba5cb26d9ddb087066c2d4f7c647ace8c4f4c646733f2,4096,0,8,4088,0x0:0x4;0xC:0x1000,,candidate_spans_and_remaining_bytes_are_not_proven_code_data_classification
8013A000-fbf2cb63501ce9c41406a010cc08b118aad3e271fb865859eec582f8412e6a0d,4096,0,8,4088,0x0:0x4;0xC:0x1000,,candidate_spans_and_remaining_bytes_are_not_proven_code_data_classification
8013A000-fc27c157add13869c347cdc3bcd5a6b8210ea4174aab28b686b6013eefbdd59a,4096,0,8,4088,0x0:0x4;0xC:0x1000,,candidate_spans_and_remaining_bytes_are_not_proven_code_data_classification
8013A000-fc528bc112fb77575a6984fbd9c2265d78820a78d366f2c273319e5de2863726,4096,0,8,4088,0x0:0x4;0xC:0x1000,,candidate_spans_and_remaining_bytes_are_not_proven_code_data_classification
8013A000-fd0a3b53b1398fb3f762c6c3c85dc4d18a24a86fd00dbff18a5fdb68f51e795c,4096,0,8,4088,0x0:0x4;0xC:0x1000,,candidate_spans_and_remaining_bytes_are_not_proven_code_data_classification
8013A000-fd621e931939713d7a521446b9855ca6260da82ff76ad6febf9b4774890f2ae4,4096,0,8,4088,0x0:0x4;0xC:0x1000,,candidate_spans_and_remaining_bytes_are_not_proven_code_data_classification
8013A000-fd9188f6fa70c3f148c6feecdfa1597e867c3e8d79079f53d3b60652d23b68b0,4096,0,8,4088,0x0:0x4;0xC:0x1000,,candidate_spans_and_remaining_bytes_are_not_proven_code_data_classification
8013A000-fdcaf1434b12d6dee8ae40da68ad37019e10c7085ac68a4d1d47d366e9b3f5c4,4096,0,8,4088,0x0:0x4;0xC:0x1000,,candidate_spans_and_remaining_bytes_are_not_proven_code_data_classification
8013A000-fed09e1dad50259e386510e80da21c17f6d48b7f12eecd70ddf350be469b0fe0,4096,0,8,4088,0x0:0x4;0xC:0x1000,,candidate_spans_and_remaining_bytes_are_not_proven_code_data_classification
8013B000-000a3e39ba72fa284e62fd52a086d25e642403990500fe14bf39f29bea52bab4,20480,0,0,20480,0x0:0x5000,0xE40;0x1204,candidate_spans_and_remaining_bytes_are_not_proven_code_data_classification
8013B000-00108c5f8b287e7f36f555acf14a0fa5086bf497d95d0c7b5593efbc067a838d,20480,0,4160,16320,0x0:0x4;0x1044:0x5000,0x1DFC,candidate_spans_and_remaining_bytes_are_not_proven_code_data_classification
8013B000-002e03058f2ce9d556c08597308db4b7899d2f2100dd27cd16a6dc7b6f1492d7,20480,0,4984,15496,0x0:0x4;0x137C:0x5000,,candidate_spans_and_remaining_bytes_are_not_proven_code_data_classification
8013B000-00580a0995cb71b6798cd00fe8a1a8d2da47f7f508931179685d1c7fb05c3402,20480,0,9992,10488,0x0:0x4;0x270C:0x5000,,candidate_spans_and_remaining_bytes_are_not_proven_code_data_classification
8013B000-00871d9831e03b622989eb82d8895e8280a5d16afe2a5ed7488b52b8706b4e43,20480,0,6524,13956,0x0:0x4;0x1980:0x5000,,candidate_spans_and_remaining_bytes_are_not_proven_code_data_classification
8013B000-0089bdabf76131b8c969acad6b0f03cef73261cffd1e3b16a226c4c83bc3ba1c,20480,0,8108,12372,0x0:0x4;0x1FB0:0x5000,,candidate_spans_and_remaining_bytes_are_not_proven_code_data_classification
8013B000-0094119f2a04bbb6ee7b6bc33ec5a77a75036341c64c0c0d0bbc2e87475885ea,20480,0,0,20480,0x0:0x5000,0xE40,candidate_spans_and_remaining_bytes_are_not_proven_code_data_classification
8013B000-00f58ea4f584a57ee48201f5d487bd1a404dd26146a6a8021fa59a7d0c8ffdcd,20480,0,0,20480,0x0:0x5000,0x3CD8,candidate_spans_and_remaining_bytes_are_not_proven_code_data_classification
8013B000-0146bdafa7965ec815b8a440dfc49b0f0e0a49023fce3e773964428084e29331,20480,0,0,20480,0x0:0x5000,0x4DC4,candidate_spans_and_remaining_bytes_are_not_proven_code_data_classification
8013B000-017572787379b407091dc14cde7098755fa3dc39ab4df57098386e26fb4ced51,20480,0,7364,13116,0x0:0x4;0x1CC8:0x5000,,candidate_spans_and_remaining_bytes_are_not_proven_code_data_classification
8013B000-0191cc2bf1d16844e12f0d79ad30f5a53e38c00693fcd35fccb264d5caa894d0,20480,0,4440,16040,0x0:0x4;0x115C:0x5000,,candidate_spans_and_remaining_bytes_are_not_proven_code_data_classification
8013B000-01ce1bb309572abf086421a09661573d4d084aa28fa74b144305b66a401f6987,20480,0,7644,12836,0x0:0x4;0x1DE0:0x5000,,candidate_spans_and_remaining_bytes_are_not_proven_code_data_classification
8013B000-01ee2833351ce4c2d2df83924366cca1ee849e798e90bc024a6802422b64e603,20480,0,4160,16320,0x0:0x4;0x1044:0x5000,0x1DFC,candidate_spans_and_remaining_bytes_are_not_proven_code_data_classification
8013B000-0213bf45d0809bb6abb14d1c466c309431bbdf41242ccde77f4081e83dabe0a5,20480,0,8684,11796,0x0:0x4;0x21F0:0x5000,,candidate_spans_and_remaining_bytes_are_not_proven_code_data_classification
8013B000-0244892de8dc1c6428b2faf74762516bd89ce6642083e74378581e3a6840f341,20480,0,7524,12956,0x0:0x4;0x1D68:0x5000,0x2C5C,candidate_spans_and_remaining_bytes_are_not_proven_code_data_classification
8013B000-025d8af3d9da9a089d30dd17d06bee6129d87fd111172416305d5b47d92d6f54,20480,0,0,20480,0x0:0x5000,0xE40,candidate_spans_and_remaining_bytes_are_not_proven_code_data_classification
8013B000-02662518c017f7283bd346d1fbcf38327f16444a8c290464211b0d43339a6e0a,20480,0,3756,16724,0x0:0x4;0xEB0:0x5000,,candidate_spans_and_remaining_bytes_are_not_proven_code_data_classification
8013B000-0299d37d6627882ba752f6b3bb07a651133ed84e3e21de4e7794c0c4b951b5ef,20480,0,8188,12292,0x0:0x4;0x2000:0x5000,,candidate_spans_and_remaining_bytes_are_not_proven_code_data_classification
8013B000-02b8ae4dbdc751c0e81eba33246b7a84b1229a3c389d8579935c5050cb77cd51,20480,0,9132,11348,0x0:0x4;0x23B0:0x5000,,candidate_spans_and_remaining_bytes_are_not_proven_code_data_classification
8013B000-02c21d77d3d9144754267fd60ee4672da32940b1dddd9d85c875f665542d3599,20480,0,16508,3972,0x0:0x4;0x4080:0x5000,,candidate_spans_and_remaining_bytes_are_not_proven_code_data_classification
8013B000-03291bd9a39c9764eef821862e664dc70ad07ee89f8ecd16b352fe6afad3626c,20480,0,7032,13448,0x0:0x4;0x1B7C:0x5000,,candidate_spans_and_remaining_bytes_are_not_proven_code_data_classification
8013B000-0343ce2d80fb7a060409ca9af44df39f08d8936bbeda440484e38c8749356d0c,20480,0,8188,12292,0x0:0x4;0x2000:0x5000,,candidate_spans_and_remaining_bytes_are_not_proven_code_data_classification
8013B000-03520d69751274a73768bb4f0a23ecbf7ef7a4a8e8fdcf18f814bca37ed305c3,20480,0,6488,13992,0x0:0x4;0x195C:0x5000,0x328C,candidate_spans_and_remaining_bytes_are_not_proven_code_data_classification
8013B000-03875697350b7a91b508d607afd519cc48ce1ce4e36bd1726e87d07d993b3877,20480,0,0,20480,0x0:0x5000,0x2C24,candidate_spans_and_remaining_bytes_are_not_proven_code_data_classification
8013B000-03ab8375dcfd06f56784607312afbfd303cc33d67561fead65576ecb117cba32,20480,0,14520,5960,0x0:0x4;0x38BC:0x5000,,candidate_spans_and_remaining_bytes_are_not_proven_code_data_classification
8013B000-03adba94bc974766eae64072f9e435bf1b6ec4d9c16070a19a9b309b13e3416b,20480,0,6196,14284,0x0:0x4;0x1838:0x5000,,candidate_spans_and_remaining_bytes_are_not_proven_code_data_classification
8013B000-03ea904b5056a42816ad419c822b68c00143803d8adb1d22f0cc70b2f1b0e0bd,20480,0,0,20480,0x0:0x5000,0x31C8,candidate_spans_and_remaining_bytes_are_not_proven_code_data_classification
8013B000-040586ef0e02eaea02f4ffa88c5df83c586481c7e38686f446ee2f6a59bbae3b,20480,0,9260,11220,0x0:0x4;0x2430:0x5000,,candidate_spans_and_remaining_bytes_are_not_proven_code_data_classification
8013B000-040913cb65a7fa0764908faa035b39761cd4af4ac9681a2c2ea679f706e38bba,20480,0,3384,17096,0x0:0x4;0xD3C:0x5000,0x3790,candidate_spans_and_remaining_bytes_are_not_proven_code_data_classification
8013B000-04aa07bf829e2f952d18ab46188613bc5063e2478a5f349382dd95536ad9f13f,20480,0,2904,17576,0x0:0x4;0xB5C:0x5000,,candidate_spans_and_remaining_bytes_are_not_proven_code_data_classification
8013B000-04cdb47972299bdac7701170a860d1128b9189dc4852878bfcc6ec969e129956,20480,0,10312,10168,0x0:0x4;0x284C:0x5000,,candidate_spans_and_remaining_bytes_are_not_proven_code_data_classification
8013B000-04d35fccf69fa7300977b6217a37b2c33516b195a74ced150eca330cab3cc13b,20480,0,5400,15080,0x0:0x4;0x151C:0x5000,,candidate_spans_and_remaining_bytes_are_not_proven_code_data_classification
8013B000-04e5378c7355564f8ecb833856f007cd1118cbe204296f8006dc0384277a32de,20480,0,6348,14132,0x0:0x4;0x18D0:0x5000,,candidate_spans_and_remaining_bytes_are_not_proven_code_data_classification
8013B000-050d62772cd80dfafe503e809f04fe890264c039b68d8143e246c6220bd811ca,20480,0,10312,10168,0x0:0x4;0x284C:0x5000,,candidate_spans_and_remaining_bytes_are_not_proven_code_data_classification
8013B000-0559e9f694188f7fce42f4a61d1b813683afe62c747638c0c4e35163bd50e4c0,20480,0,5328,15152,0x0:0x4;0x14D4:0x5000,,candidate_spans_and_remaining_bytes_are_not_proven_code_data_classification
8013B000-05860ee1b1fafa9c9e4524f29b50d4b8d597f07f42299ba3e8f21d09374c97d0,20480,0,0,20480,0x0:0x5000,0x19F0,candidate_spans_and_remaining_bytes_are_not_proven_code_data_classification
8013B000-05e3663266fb4ba09d1176f8d8f7df9afa399bff9720265ae7fca13ac4e7127c,20480,0,5860,14620,0x0:0x4;0x16E8:0x5000,,candidate_spans_and_remaining_bytes_are_not_proven_code_data_classification
8013B000-0604113a51896ba497f49797645f92ef9405243bef4a6f2d134d1de942ccd8f8,20480,0,7568,12912,0x0:0x4;0x1D94:0x5000,,candidate_spans_and_remaining_bytes_are_not_proven_code_data_classification
8013B000-061c636910abafb917249d109b937fa05a86c269e290170643b5a47737c0c47a,20480,0,7752,12728,0x0:0x4;0x1E4C:0x5000,,candidate_spans_and_remaining_bytes_are_not_proven_code_data_classification
8013B000-0625e05e47de2ca391d52928f5a1e572990323d718a00c7da082c59560c19965,20480,0,7608,12872,0x0:0x4;0x1DBC:0x5000,,candidate_spans_and_remaining_bytes_are_not_proven_code_data_classification
8013B000-062c5d81b440dd72dc1e24b791e061ca62338b92d2dc0cc02f413e09d2f49c04,20480,0,0,20480,0x0:0x5000,0x3590,candidate_spans_and_remaining_bytes_are_not_proven_code_data_classification
8013B000-0644f2889d003320ce8a66c30e12478c8c90140c28ba88330b0ea033b6598c62,20480,0,0,20480,0x0:0x5000,0x32A8,candidate_spans_and_remaining_bytes_are_not_proven_code_data_classification
8013B000-06a2036d407b62c624f28669303caf5907665bd7faccb115d34eecf7ee7535f1,20480,0,15264,5216,0x0:0x4;0x3BA4:0x5000,,candidate_spans_and_remaining_bytes_are_not_proven_code_data_classification
8013B000-06f9e92e4f935db892b0d9104b7733f8a0ba5adc21cd83c9dcd360f0a5afa8f1,20480,0,6488,13992,0x0:0x4;0x195C:0x5000,0x328C,candidate_spans_and_remaining_bytes_are_not_proven_code_data_classification
8013B000-073f5b4ad725227a09b0d887eae40fa03101c46bcfbd1f62bc4cb16bb6f78724,20480,0,4924,15556,0x0:0x4;0x1340:0x5000,,candidate_spans_and_remaining_bytes_are_not_proven_code_data_classification
8013B000-0773f788a932d7e57873c49c8355816a3264b224a25f20cdab3f0afbe21f0629,20480,0,8684,11796,0x0:0x4;0x21F0:0x5000,,candidate_spans_and_remaining_bytes_are_not_proven_code_data_classification
8013B000-07a84da841eb4426287f4eaccdf54546b78d3f2c8f9e21ca5201ec01309696e6,20480,0,3928,16552,0x0:0x4;0xF5C:0x5000,,candidate_spans_and_remaining_bytes_are_not_proven_code_data_classification
8013B000-07bb9745beab50be0829a2503d09b649fb23c3467a2998461a01b46053d598aa,20480,0,8188,12292,0x0:0x4;0x2000:0x5000,,candidate_spans_and_remaining_bytes_are_not_proven_code_data_classification
8013B000-07c10957961bc8cbaa4ad424f69d01dac89f3b7cdef6aa58e459c9cc78e85a89,20480,0,4068,16412,0x0:0x4;0xFE8:0x5000,0x197C,candidate_spans_and_remaining_bytes_are_not_proven_code_data_classification
8013B000-07dd267787dc29d0b37e9472628902129fde485a05ae42b7760872dbb750cd71,20480,0,11896,8584,0x0:0x4;0x2E7C:0x5000,,candidate_spans_and_remaining_bytes_are_not_proven_code_data_classification
8013B000-08078a6d6b9010dce29a03535aa762537b961f2d72557db0059fcad44afde39d,20480,0,6708,13772,0x0:0x4;0x1A38:0x5000,,candidate_spans_and_remaining_bytes_are_not_proven_code_data_classification
8013B000-0837e26db5f696a9f2a398d2b97181915f449265229c1ee96188fe2f00f7ae44,20480,0,6572,13908,0x0:0x4;0x19B0:0x5000,,candidate_spans_and_remaining_bytes_are_not_proven_code_data_classification
8013B000-0840e2f4a8ff74236cbe9450300bb11ef0f2105bb0d5fe2123f872229be2f5da,20480,0,2584,17896,0x0:0x4;0xA1C:0x5000,,candidate_spans_and_remaining_bytes_are_not_proven_code_data_classification
8013B000-0857eb1c8256c0d2265fdd6b27a84d068deef5c2be55c5e7c8401c1f8c759ee4,20480,0,9132,11348,0x0:0x4;0x23B0:0x5000,,candidate_spans_and_remaining_bytes_are_not_proven_code_data_classification
8013B000-085aac2c201e2ba66a7a0544ce3d0fecd78aaad807c20ab6aecdcbb495cb368b,20480,0,6320,14160,0x0:0x4;0x18B4:0x5000,,candidate_spans_and_remaining_bytes_are_not_proven_code_data_classification
8013B000-095182a21fc49737e6c3a4cd46507fab10df31c0c826f5059c5c381edfd4fd8d,20480,0,18256,2224,0x0:0x4;0x4754:0x5000,,candidate_spans_and_remaining_bytes_are_not_proven_code_data_classification
8013B000-0a2bc43a0e82f4b22fb38daf902291ca1c0295ffca41b75b0356c19c51766d0c,20480,0,11752,8728,0x0:0x4;0x2DEC:0x5000,,candidate_spans_and_remaining_bytes_are_not_proven_code_data_classification
8013B000-0aa9d428dca9282314fb30663c85c8f0460ab64f4b80dc0ad25ce9c30ae2f681,20480,0,13168,7312,0x0:0x4;0x3374:0x5000,,candidate_spans_and_remaining_bytes_are_not_proven_code_data_classification
8013B000-0ae048780f6071a1ed9a2ef634e4b06d8689b6ddb1d46375c54ae8edbd05986d,20480,0,14740,5740,0x0:0x4;0x3998:0x5000,,candidate_spans_and_remaining_bytes_are_not_proven_code_data_classification
8013B000-0af4c21b3524ca760d6d64c88eea0d8ad978db804e6b78a8885a6b3d7de044b2,20480,0,8412,12068,0x0:0x4;0x20E0:0x5000,,candidate_spans_and_remaining_bytes_are_not_proven_code_data_classification
8013B000-0af662cf9a001fd39716671263c1f420c5750874f479432d17432b449c61ccb9,20480,0,5860,14620,0x0:0x4;0x16E8:0x5000,0x1D14,candidate_spans_and_remaining_bytes_are_not_proven_code_data_classification
8013B000-0b356d00aa427ef148aebffebb897b392a506b5345820db8843f652529f7b720,20480,0,6204,14276,0x0:0x4;0x1840:0x5000,0x2914,candidate_spans_and_remaining_bytes_are_not_proven_code_data_classification
8013B000-0b3a2ba664a8ee943f0618c18772c23e7f614c6a2c911e80170b43dd4d4fd6d6,20480,0,18256,2224,0x0:0x4;0x4754:0x5000,,candidate_spans_and_remaining_bytes_are_not_proven_code_data_classification
8013B000-0b44b28c917a01f8c8ea83857bcdde1c3cd29aae159ac5a4ead8e8e52c24dfbf,20480,0,4232,16248,0x0:0x4;0x108C:0x5000,,candidate_spans_and_remaining_bytes_are_not_proven_code_data_classification
8013B000-0b565ba266ae99bed3b594108b7b9cf83f193941fe38c369b49399d4e108cadb,20480,0,2584,17896,0x0:0x4;0xA1C:0x5000,0x135C,candidate_spans_and_remaining_bytes_are_not_proven_code_data_classification
8013B000-0b8a11b01ec32e9f0dce59d046ef6422c35dc29e293cfe9185ddc52e2a762d54,20480,0,0,20480,0x0:0x5000,0x44A4,candidate_spans_and_remaining_bytes_are_not_proven_code_data_classification
8013B000-0b9c6e8aa4bd9ff9daeaf78adca630796e717bc483f47598416988adf45f8f97,20480,0,5524,14956,0x0:0x4;0x1598:0x5000,0x2498,candidate_spans_and_remaining_bytes_are_not_proven_code_data_classification
8013B000-0bbd08b843cf825dbe82c2e95d772864f239ed530fcb445e5060ea69aa1ccd7f,20480,0,5296,15184,0x0:0x4;0x14B4:0x5000,,candidate_spans_and_remaining_bytes_are_not_proven_code_data_classification
8013B000-0bc0acc67c12a8d0f614f5341a495fa3f1d70fdda532455a1bce8b9f61937f80,20480,0,0,20480,0x0:0x5000,0x19F0,candidate_spans_and_remaining_bytes_are_not_proven_code_data_classification
8013B000-0bd389a502d8f2596eb22bacbcd5eed6aa90e56e10b00a0065ec4e5c1ef5a238,20480,0,0,20480,0x0:0x5000,0x19F0,candidate_spans_and_remaining_bytes_are_not_proven_code_data_classification
8013B000-0bf6c0ce7e3935385b87f802445f0596346e67ba8a531fcc620ef45b0ecf348f,20480,0,7788,12692,0x0:0x4;0x1E70:0x5000,,candidate_spans_and_remaining_bytes_are_not_proven_code_data_classification
8013B000-0c37e163c73b164d6a584d1acbe7fb55f4e80dc8859635d8f4f798ef0b08537d,20480,0,0,20480,0x0:0x5000,0x3F90,candidate_spans_and_remaining_bytes_are_not_proven_code_data_classification
8013B000-0c88b4498b46aab51dcebb8dcb1c41ea6f9cbd054130982716d07817f1321fe3,20480,0,9132,11348,0x0:0x4;0x23B0:0x5000,,candidate_spans_and_remaining_bytes_are_not_proven_code_data_classification
8013B000-0cfa8377fc878a6dc57edceeba457559bcb71f053f375e7404d7916b0c3279a5,20480,0,5088,15392,0x0:0x4;0x13E4:0x5000,,candidate_spans_and_remaining_bytes_are_not_proven_code_data_classification
8013B000-0d349310b0b83fa1bb3caf87dcc0adf3c9e479a9696442e42ebb0d50a8041f56,20480,0,10092,10388,0x0:0x4;0x2770:0x5000,,candidate_spans_and_remaining_bytes_are_not_proven_code_data_classification
8013B000-0d8736fe03e596c50fa558dcc79479cf748b5e63f940e7f9f96fb924166a2ad0,20480,0,0,20480,0x0:0x5000,0x2F68,candidate_spans_and_remaining_bytes_are_not_proven_code_data_classification
8013B000-0d874b7ba9ebb208f5154afed2c9e54284a81d43773d3c66592bdf48525b95f6,20480,0,4532,15948,0x0:0x4;0x11B8:0x5000,,candidate_spans_and_remaining_bytes_are_not_proven_code_data_classification
8013B000-0de336854a75298ea1a428d7b8cd1912b520e1f9ce802cffd34d8950cf5d315c,20480,0,18572,1908,0x0:0x4;0x4890:0x5000,,candidate_spans_and_remaining_bytes_are_not_proven_code_data_classification
8013B000-0dfda92454607994c21c3c032d7cbcdf56617255e837e421f6479636ea17b406,20480,0,16488,3992,0x0:0x4;0x406C:0x5000,,candidate_spans_and_remaining_bytes_are_not_proven_code_data_classification
8013B000-0e0d84d568fd968dddce6cc7c07dbe213666c8e602d2537fc3088d12e8a29b0e,20480,0,6196,14284,0x0:0x4;0x1838:0x5000,,candidate_spans_and_remaining_bytes_are_not_proven_code_data_classification
8013B000-0e7f91787bb94b46b1a25a81ed06527118896d54929d3ac330b55c54df70ae80,20480,0,2784,17696,0x0:0x4;0xAE4:0x5000,0x1290,candidate_spans_and_remaining_bytes_are_not_proven_code_data_classification
8013B000-0e8e6389a1c6116c659c08d841a118a4c56b0d01e8a9bcbf8e36efcd96779bbf,20480,0,3928,16552,0x0:0x4;0xF5C:0x5000,,candidate_spans_and_remaining_bytes_are_not_proven_code_data_classification
8013B000-0f238ee84b3db7653487e52ce716c23772ac7586f2335bc11d5d05ea977f0ec9,20480,0,0,20480,0x0:0x5000,0xE40;0x1204,candidate_spans_and_remaining_bytes_are_not_proven_code_data_classification
8013B000-1005371d2c6f09354e69bb64f6e3ca7344ce387a80178391eab1af44b18f35e9,20480,0,6816,13664,0x0:0x4;0x1AA4:0x5000,,candidate_spans_and_remaining_bytes_are_not_proven_code_data_classification
8013B000-10d05d29a65e9c985cce42891947aec9a8743b9f2e66a68fae525fb0d800fd19,20480,0,6364,14116,0x0:0x4;0x18E0:0x5000,0x2EC0,candidate_spans_and_remaining_bytes_are_not_proven_code_data_classification
8013B000-1119bd6a5d96ed26e0fe348edd85d45e5388ab35da834616adf8deb045a6991f,20480,0,3296,17184,0x0:0x4;0xCE4:0x5000,0x16A0,candidate_spans_and_remaining_bytes_are_not_proven_code_data_classification
8013B000-116029635483909c9234575ad9d2b6ae1f910916e8ce6ab6b87961303ce8f69c,20480,0,3932,16548,0x0:0x4;0xF60:0x5000,0x19C8,candidate_spans_and_remaining_bytes_are_not_proven_code_data_classification
8013B000-118ad2a4391fc5371879be93893acdda75aa00114586492361692591ce02e336,20480,0,6700,13780,0x0:0x4;0x1A30:0x5000,,candidate_spans_and_remaining_bytes_are_not_proven_code_data_classification
8013B000-11a0b714e82bf4f8e8dd39664f42f3c1df2d60efdb8119667287532ed1a92112,20480,0,8960,11520,0x0:0x4;0x2304:0x5000,,candidate_spans_and_remaining_bytes_are_not_proven_code_data_classification
8013B000-11bd83330192bfc40144eb6a5143168f1271dd5e05a3ae76e978903ee7469210,20480,0,4656,15824,0x0:0x4;0x1234:0x5000,0x1C1C,candidate_spans_and_remaining_bytes_are_not_proven_code_data_classification
8013B000-1201b4895fef1dfa0504fe0b66ad446a39926f7abec7c2639e130d196691d7dc,20480,0,6700,13780,0x0:0x4;0x1A30:0x5000,,candidate_spans_and_remaining_bytes_are_not_proven_code_data_classification
8013B000-122edfdf7ad2c87fce04ea6fd758a7c6572ccd1b966814d96dadb1b5a0092e1e,20480,0,0,20480,0x0:0x5000,0x19F0,candidate_spans_and_remaining_bytes_are_not_proven_code_data_classification
8013B000-123c4afc3e2ef87540011e26dfaa9c1434273d8e49e66eb512f74e84643c3f0c,20480,0,9260,11220,0x0:0x4;0x2430:0x5000,,candidate_spans_and_remaining_bytes_are_not_proven_code_data_classification
8013B000-1247daa03911a9fef6059dcd8184372355297f35007030bb8ca6084c8b5a6385,20480,0,3296,17184,0x0:0x4;0xCE4:0x5000,0x16A0,candidate_spans_and_remaining_bytes_are_not_proven_code_data_classification
8013B000-12aa5c693884e6e9c6447ef3f5fdd5e13df4e6284e4ed60d3f8c2905a11ebe61,20480,0,0,20480,0x0:0x5000,0x1F30,candidate_spans_and_remaining_bytes_are_not_proven_code_data_classification
8013B000-12cd789eed2ddf67b6f744e458aace59ccbb8aa38777ba65af82aaaee69e38e5,20480,0,6816,13664,0x0:0x4;0x1AA4:0x5000,,candidate_spans_and_remaining_bytes_are_not_proven_code_data_classification
8013B000-13711313b6ee04bbd483b7496d5e8191709f75df95b373fd7dbc16c0d22d376d,20480,0,6872,13608,0x0:0x4;0x1ADC:0x5000,0x1BF4;0x4C40,candidate_spans_and_remaining_bytes_are_not_proven_code_data_classification
8013B000-137f457b37362082e970ed4167538204f6ea661dcf0e6aa3cd481bb3f72ace23,20480,0,11184,9296,0x0:0x4;0x2BB4:0x5000,,candidate_spans_and_remaining_bytes_are_not_proven_code_data_classification
8013B000-13892fee5396b6f05c2675c7b61a24ebc155bc4ee2a85cf9eb3bbdbd668f109e,20480,0,0,20480,0x0:0x5000,0x1348,candidate_spans_and_remaining_bytes_are_not_proven_code_data_classification
8013B000-139ad4cf33ffdeccef975c8e20f82e45e041d2fdb62fb1b5029c44071a6c901b,20480,0,9992,10488,0x0:0x4;0x270C:0x5000,,candidate_spans_and_remaining_bytes_are_not_proven_code_data_classification
8013B000-13a910bff17340258392d19f0c902b79930337d62a2db685ed113c0f58e01bae,20480,0,6716,13764,0x0:0x4;0x1A40:0x5000,0x1E04;0x2390;0x2E6C;0x4004,candidate_spans_and_remaining_bytes_are_not_proven_code_data_classification
8013B000-1436b60e7ae5239d36aeeb48df648b30703c2486714c307531467926fc09ff41,20480,0,8188,12292,0x0:0x4;0x2000:0x5000,,candidate_spans_and_remaining_bytes_are_not_proven_code_data_classification
8013B000-150ab4ef246e1d54dfe2b21c4cfa1abbd07a4c08411c3169895021cee16e5563,20480,0,0,20480,0x0:0x5000,0x19F0,candidate_spans_and_remaining_bytes_are_not_proven_code_data_classification
8013B000-154c4a094850604a733c9c1b583f734478d71ceb87cbe2c0bf98198e249872bb,20480,0,9260,11220,0x0:0x4;0x2430:0x5000,,candidate_spans_and_remaining_bytes_are_not_proven_code_data_classification
8013B000-15bb32a6f266e3e31557f22313c82fccd6fbde14080781977c3f2314196aa3d1,20480,0,13600,6880,0x0:0x4;0x3524:0x5000,0x4BE4,candidate_spans_and_remaining_bytes_are_not_proven_code_data_classification
8013B000-15e47c509df6be0adf275bddc2c2fd7e2e3d4c99c0f99041f1c8478e8f14d4ab,20480,0,0,20480,0x0:0x5000,0x3F90,candidate_spans_and_remaining_bytes_are_not_proven_code_data_classification
8013B000-15ef8ca4d8ed8c866cd073e1d4d83fc8d2602e91e6c761c8851abdc49d99960c,20480,0,6524,13956,0x0:0x4;0x1980:0x5000,0x3844,candidate_spans_and_remaining_bytes_are_not_proven_code_data_classification
8013B000-162256043e2e4ac8e291195681a19fc1d4eaa077c55945c1ee6a9b99a4048cc7,20480,0,4440,16040,0x0:0x4;0x115C:0x5000,,candidate_spans_and_remaining_bytes_are_not_proven_code_data_classification
8013B000-163be6837837544d7f9795ae2ef5eb94f048365806816c192906349a67b3049d,20480,0,6908,13572,0x0:0x4;0x1B00:0x5000,0x4D04,candidate_spans_and_remaining_bytes_are_not_proven_code_data_classification
8013B000-16705856e308a74d3e3f280f707f5142d92c7d4032bf043896ad0d2e5dadb5ed,20480,0,6892,13588,0x0:0x4;0x1AF0:0x5000,,candidate_spans_and_remaining_bytes_are_not_proven_code_data_classification
8013B000-176c46a68e06a1d81f040db649de021b620bf02df05c9843dd81043431ce53b2,20480,0,13600,6880,0x0:0x4;0x3524:0x5000,,candidate_spans_and_remaining_bytes_are_not_proven_code_data_classification
8013B000-178c51d2b9432248694262e9c0c19a7f8204b78b2b3ccf6055e357aae5a02370,20480,0,6888,13592,0x0:0x4;0x1AEC:0x5000,,candidate_spans_and_remaining_bytes_are_not_proven_code_data_classification
8013B000-17ce5e746c644b394d51b74f53f6b0c8f8fe4fc0fd7091445208897d7dc9a2f7,20480,0,14740,5740,0x0:0x4;0x3998:0x5000,,candidate_spans_and_remaining_bytes_are_not_proven_code_data_classification
8013B000-17f74994f97f0e0163d2d57447f6632515b6dfb86e762e78479c2eb157a8117b,20480,0,2384,18096,0x0:0x4;0x954:0x5000,,candidate_spans_and_remaining_bytes_are_not_proven_code_data_classification
8013B000-180265a2a2f4e3c5baf8e4323615e12afd0af1037b8d50d2b5fc0709b8fa0421,20480,0,0,20480,0x0:0x5000,0x3590,candidate_spans_and_remaining_bytes_are_not_proven_code_data_classification
8013B000-18333e5f71d57d5c15d9e0a86b81103fdb2112dfd57a90b36722c3f8d2924b93,20480,0,3756,16724,0x0:0x4;0xEB0:0x5000,0x10E0,candidate_spans_and_remaining_bytes_are_not_proven_code_data_classification
8013B000-183af5089ea72f04c83751ec6b5f60d48a52569937dfb774617c2a147096ac55,20480,0,4980,15500,0x0:0x4;0x1378:0x5000,0x2078,candidate_spans_and_remaining_bytes_are_not_proven_code_data_classification
8013B000-18ad7834059463dc354b9324a034555db050f175c578faa44114222d284cce5e,20480,0,0,20480,0x0:0x5000,0x32A8,candidate_spans_and_remaining_bytes_are_not_proven_code_data_classification
8013B000-194e93c763f667c1ef313d82b52ca98160adb017a6c2363b392dc784b66a3fac,20480,0,18532,1948,0x0:0x4;0x4868:0x5000,0x4CAC,candidate_spans_and_remaining_bytes_are_not_proven_code_data_classification
8013B000-1958dd14c3f5c7fa7fd2f2204ec5be734ccc6bd91f3c41ecc475937741f1d201,20480,0,8412,12068,0x0:0x4;0x20E0:0x5000,0x417C,candidate_spans_and_remaining_bytes_are_not_proven_code_data_classification
8013B000-19a545d744b2f2238945b519559b113165f690ce619978efaf7dfb7398af3063,20480,0,6488,13992,0x0:0x4;0x195C:0x5000,0x328C,candidate_spans_and_remaining_bytes_are_not_proven_code_data_classification
8013B000-19ba727998b04b44914a01a070a175d990817c98c6233148cd8f58f1e64cb7a9,20480,0,14596,5884,0x0:0x4;0x3908:0x5000,0x3D54;0x41AC;0x4B14,candidate_spans_and_remaining_bytes_are_not_proven_code_data_classification
8013B000-19c68ebc041fd2696950bbdb31683628e2d961141561d07e8a58c7734ea6f1c7,20480,0,0,20480,0x0:0x5000,0x1348,candidate_spans_and_remaining_bytes_are_not_proven_code_data_classification
8013B000-19fb15b11485fe1a8eab56e780225d84a3bdf17bdca264b0d81a09ec6d05487a,20480,0,0,20480,0x0:0x5000,0x3CD8,candidate_spans_and_remaining_bytes_are_not_proven_code_data_classification
8013B000-1a18f65c9de780869803cef7a37b2531b87a7ebdcd56c1767efa6f768fb07da8,20480,0,2384,18096,0x0:0x4;0x954:0x5000,,candidate_spans_and_remaining_bytes_are_not_proven_code_data_classification
8013B000-1a227b2ecb7c3a12d96a3dc2b14cd42e15e1148dab45ccc18f1c21e9f496b71b,20480,0,13600,6880,0x0:0x4;0x3524:0x5000,,candidate_spans_and_remaining_bytes_are_not_proven_code_data_classification
8013B000-1a9c1cc6feeaea30b7f62c28f46023cd4a502f06fe6862fed691c93e7d61a340,20480,0,7332,13148,0x0:0x4;0x1CA8:0x5000,,candidate_spans_and_remaining_bytes_are_not_proven_code_data_classification
8013B000-1abfa7bc3cff542e7e55d061952d9878740716c007e77b6a6f768d672d649b58,20480,0,3868,16612,0x0:0x4;0xF20:0x5000,,candidate_spans_and_remaining_bytes_are_not_proven_code_data_classification
8013B000-1af9cf532c79fa915bcd6736a470432fe5a9771d102bc534ba57d380a3ffa555,20480,0,0,20480,0x0:0x5000,0xE40;0x1204,candidate_spans_and_remaining_bytes_are_not_proven_code_data_classification
8013B000-1b36d5230ad51f3af6a4fd75ab67cbaf76ac3317cea8f02fc3edd88d28f08b9a,20480,0,0,20480,0x0:0x5000,0x2F68,candidate_spans_and_remaining_bytes_are_not_proven_code_data_classification
8013B000-1b64d4703f86e94f733673cf732a142154aba20768a697a54a8078cb09eb7b60,20480,0,2384,18096,0x0:0x4;0x954:0x5000,0xE2C,candidate_spans_and_remaining_bytes_are_not_proven_code_data_classification
8013B000-1b6841f92a2b9f18daea7349afaea3e0b911e53bc0f9c4ce089cadad268d49ce,20480,0,6708,13772,0x0:0x4;0x1A38:0x5000,,candidate_spans_and_remaining_bytes_are_not_proven_code_data_classification
8013B000-1b96275d6e04869bb012375090ad16f83ecf3746f6529b0cfdec3e212bdcb507,20480,0,0,20480,0x0:0x5000,0x19F0,candidate_spans_and_remaining_bytes_are_not_proven_code_data_classification
8013B000-1bfe7c7c3059e559c3764f3d5a6edaa3e3f69d85a22d7f9b2179f28a2b83f8ae,20480,0,4260,16220,0x0:0x4;0x10A8:0x5000,0x20B8,candidate_spans_and_remaining_bytes_are_not_proven_code_data_classification
8013B000-1c920ced2b586fcd6478bf75414291257c69db1ba4acda12799e4ca01358cd77,20480,0,10572,9908,0x0:0x4;0x2950:0x5000,,candidate_spans_and_remaining_bytes_are_not_proven_code_data_classification
8013B000-1ca62636e86da4413c245d6627b9ebd92f425da7ea57fb931becc22f296c8207,20480,0,10904,9576,0x0:0x4;0x2A9C:0x5000,0x326C,candidate_spans_and_remaining_bytes_are_not_proven_code_data_classification
8013B000-1d25c28f40963b4966bff29f79b6cc5c91deda9a6ab5b5a12ae58d794a361d43,20480,0,0,20480,0x0:0x5000,0x3590,candidate_spans_and_remaining_bytes_are_not_proven_code_data_classification
8013B000-1d34803d11325840f7dbbb349e37ebd0a1b8c4d68ecaeb1d5c99430d0b6a4826,20480,0,0,20480,0x0:0x5000,0x2F68,candidate_spans_and_remaining_bytes_are_not_proven_code_data_classification
8013B000-1d8b9c9acd56c13e82fdd3d02f6428859e2f103fb7353478cce4a1c01acb330b,20480,0,6196,14284,0x0:0x4;0x1838:0x5000,,candidate_spans_and_remaining_bytes_are_not_proven_code_data_classification
8013B000-1db96e3c1e5636b8b5870d8f7bf8b3ec0318f5863a85e370f12706b9809f4cff,20480,0,16488,3992,0x0:0x4;0x406C:0x5000,,candidate_spans_and_remaining_bytes_are_not_proven_code_data_classification
8013B000-1e1e95cc192a4b0f37965d555d364e209c8f85bd752f46c99af3e1d706b77afc,20480,0,4704,15776,0x0:0x4;0x1264:0x5000,0x1358,candidate_spans_and_remaining_bytes_are_not_proven_code_data_classification
8013B000-1e2c068dc364bbed0b01115b0e5a65208de6971026bef9d8ba0e23cd204e63db,20480,0,7240,13240,0x0:0x4;0x1C4C:0x5000,,candidate_spans_and_remaining_bytes_are_not_proven_code_data_classification
8013B000-1eb8e81ef1c15c300efc743aed3eb15e2ec2dae53ab8cf30691cacea72778d3c,20480,0,0,20480,0x0:0x5000,0x32A8,candidate_spans_and_remaining_bytes_are_not_proven_code_data_classification
8013B000-1edb0dbc4e40c47cf5e4fb2b2eb66ce556c8647e4a4696e3569888e264c8a333,20480,0,7424,13056,0x0:0x4;0x1D04:0x5000,,candidate_spans_and_remaining_bytes_are_not_proven_code_data_classification
8013B000-1edb437bdd1e78391d66969f49447a2428d315522ab10aa502a9e89c95e3f858,20480,0,5156,15324,0x0:0x4;0x1428:0x5000,0x1F54;0x24C8;0x2B60;0x317C;0x37B4;0x3DBC;0x4428,candidate_spans_and_remaining_bytes_are_not_proven_code_data_classification
8013B000-1f20fdd1a52da33a2ac9a40d1ba352b4dc05e37a70d449bae3be81f640520caf,20480,0,5560,14920,0x0:0x4;0x15BC:0x5000,0x197C,candidate_spans_and_remaining_bytes_are_not_proven_code_data_classification
8013B000-1f3a1640b20262d21bcf926012c278c400cd980bde26cf4bb1daf09ff345432a,20480,0,11252,9228,0x0:0x4;0x2BF8:0x5000,,candidate_spans_and_remaining_bytes_are_not_proven_code_data_classification
8013B000-1f5011fa1c290b16ac5818c4517943fc1311011b0b8ea92c26c8f953dea694d6,20480,0,3092,17388,0x0:0x4;0xC18:0x5000,,candidate_spans_and_remaining_bytes_are_not_proven_code_data_classification
8013B000-1f57002919b3bcba7bd4fc512d9ca8e46445c2712e2a81a6158f604b48bdb6dc,20480,0,17308,3172,0x0:0x4;0x43A0:0x5000,,candidate_spans_and_remaining_bytes_are_not_proven_code_data_classification
8013B000-1f5f9683ad7ce5bb7434cbba856698fb6f98658fc10414ec941101ab72843de9,20480,0,11604,8876,0x0:0x4;0x2D58:0x5000,,candidate_spans_and_remaining_bytes_are_not_proven_code_data_classification
8013B000-1f9646e2c48ab126d91accbc2fa3846b454a77c81d2e487346df67a0dd8aec47,20480,0,7564,12916,0x0:0x4;0x1D90:0x5000,,candidate_spans_and_remaining_bytes_are_not_proven_code_data_classification
8013B000-1f9eec6ef00edd094dc9efb9c7f4058f64cc6b99087c548e1b6743b18f5f02d4,20480,0,4080,16400,0x0:0x4;0xFF4:0x5000,0x16A0,candidate_spans_and_remaining_bytes_are_not_proven_code_data_classification
8013B000-1fd676d05a64989e59f2410837589d92aa66bb27693791193e2ae30efa234234,20480,0,9992,10488,0x0:0x4;0x270C:0x5000,,candidate_spans_and_remaining_bytes_are_not_proven_code_data_classification
8013B000-20026379cfb4a86625cebeff98427661db728537ec8c098b127fc16fc7290075,20480,0,0,20480,0x0:0x5000,0x3590,candidate_spans_and_remaining_bytes_are_not_proven_code_data_classification
8013B000-2058a9f13d7dee3b024447bf86b81163b639e07f8044e6c9d6ca7457dc9569f3,20480,0,4260,16220,0x0:0x4;0x10A8:0x5000,,candidate_spans_and_remaining_bytes_are_not_proven_code_data_classification
8013B000-205afd14a507e3b36cbfe60254e8f2b45851bcc420174b0f306fe2221f12fe22,20480,0,3496,16984,0x0:0x4;0xDAC:0x5000,,candidate_spans_and_remaining_bytes_are_not_proven_code_data_classification
8013B000-209ded195585218fcf44f3e4a4096cfb27e7c8441c5474e757df78d914e44845,20480,0,5660,14820,0x0:0x4;0x1620:0x5000,0x1A04,candidate_spans_and_remaining_bytes_are_not_proven_code_data_classification
8013B000-20df6e0ce1fd736895515536c1da046f3f05b89b8bf5d67a856f22d9c8da59b1,20480,0,13168,7312,0x0:0x4;0x3374:0x5000,,candidate_spans_and_remaining_bytes_are_not_proven_code_data_classification
8013B000-21117f41a78c80d23f31e4849c91392e92088e83e023e2c4586f3eddaeea0b17,20480,0,4160,16320,0x0:0x4;0x1044:0x5000,0x1ABC,candidate_spans_and_remaining_bytes_are_not_proven_code_data_classification
8013B000-2112617db54b6dced4c327767003ef2a82b8e0949c2dec676f0320017bd35b57,20480,0,7616,12864,0x0:0x4;0x1DC4:0x5000,,candidate_spans_and_remaining_bytes_are_not_proven_code_data_classification
8013B000-2142cdbdb8482455527712baa342422f3a550a6f5ebbcc50ecb9726c7556f0a6,20480,0,11720,8760,0x0:0x4;0x2DCC:0x5000,,candidate_spans_and_remaining_bytes_are_not_proven_code_data_classification
8013B000-219bc7d88752af82590581c80bd282c0f8b2526eaa568399e3e382739e0adc0e,20480,0,7524,12956,0x0:0x4;0x1D68:0x5000,,candidate_spans_and_remaining_bytes_are_not_proven_code_data_classification
8013B000-21ac9bae1465e0771363d395e9779bffb907b4f7b72e32df5fc6cb4aa855f5cf,20480,0,0,20480,0x0:0x5000,0x3CD8,candidate_spans_and_remaining_bytes_are_not_proven_code_data_classification
8013B000-220b774c35be0d0c0cf5f1b1cd419cff302ce7508aef53eac419a070f93afe03,20480,0,0,20480,0x0:0x5000,0x2358,candidate_spans_and_remaining_bytes_are_not_proven_code_data_classification
8013B000-2224dd4d48c3b720c9393c55cd109b5b5beae7526103210647e2c9add8de3fa1,20480,0,14316,6164,0x0:0x4;0x37F0:0x5000,,candidate_spans_and_remaining_bytes_are_not_proven_code_data_classification
8013B000-2293413e4bfc6401b769455d9c0eaebc59d03568f20054536650e469150f4852,20480,0,7752,12728,0x0:0x4;0x1E4C:0x5000,,candidate_spans_and_remaining_bytes_are_not_proven_code_data_classification
8013B000-22c294f7f7e486c599442bf9c0fe5b468302723affb8b3f9be8780af29e4f445,20480,0,9400,11080,0x0:0x4;0x24BC:0x5000,,candidate_spans_and_remaining_bytes_are_not_proven_code_data_classification
8013B000-2326f975bab72e1066736982f0a1cb12e130a9cd3e99b1a29bff63ffb042b230,20480,0,10052,10428,0x0:0x4;0x2748:0x5000,,candidate_spans_and_remaining_bytes_are_not_proven_code_data_classification
8013B000-232ad74f0e0d86019ba0b2f3c29bc16695498b8bad0c23b5d92a147836dbb2a6,20480,0,17232,3248,0x0:0x4;0x4354:0x5000,,candidate_spans_and_remaining_bytes_are_not_proven_code_data_classification
8013B000-233afa607c9dfbcb5ab647339e2346da00a58b04138e249c7f502a9c8f3fa429,20480,0,8188,12292,0x0:0x4;0x2000:0x5000,,candidate_spans_and_remaining_bytes_are_not_proven_code_data_classification
8013B000-233da67884ec0225ba1c89ea6cb363635094adb3420984393a5489afab42203e,20480,0,8284,12196,0x0:0x4;0x2060:0x5000,,candidate_spans_and_remaining_bytes_are_not_proven_code_data_classification
8013B000-234d4beaddb84c92b7681473686bb63c675af273bf2a42d33ce1c7d7e1041c01,20480,0,6700,13780,0x0:0x4;0x1A30:0x5000,,candidate_spans_and_remaining_bytes_are_not_proven_code_data_classification
8013B000-23aec6f19dc0f315f39faea35623f9ba68d013e25942edcae88b53b794fce4d8,20480,0,8412,12068,0x0:0x4;0x20E0:0x5000,,candidate_spans_and_remaining_bytes_are_not_proven_code_data_classification
8013B000-23b3c32bece280e0426f62c2983442d7f989a6423dee17fc9fb82538b7250407,20480,0,0,20480,0x0:0x5000,0x19F0,candidate_spans_and_remaining_bytes_are_not_proven_code_data_classification
8013B000-23e3127d456b783964e41fbcaaa244f4cdf1cc176b494f81c628cb2e3464b9f7,20480,0,6488,13992,0x0:0x4;0x195C:0x5000,0x328C,candidate_spans_and_remaining_bytes_are_not_proven_code_data_classification
8013B000-23f507df8323b03339583900213b7a8add3aba724b655e5e5df22efb7e8136f8,20480,0,4160,16320,0x0:0x4;0x1044:0x5000,0x1DFC,candidate_spans_and_remaining_bytes_are_not_proven_code_data_classification
8013B000-23f7e57aaf7b048c829db03053a2d8c43ef70b743c1c67c4c614656f71ca1c9f,20480,0,11416,9064,0x0:0x4;0x2C9C:0x5000,,candidate_spans_and_remaining_bytes_are_not_proven_code_data_classification
8013B000-2429b41d1f9ac77cf0bb07c43d21ae95027aeac3da8b90a1bccc328de773451b,20480,0,15056,5424,0x0:0x4;0x3AD4:0x5000,,candidate_spans_and_remaining_bytes_are_not_proven_code_data_classification
8013B000-24485385f92d40856b9b50997334e9eb0383d7715d9e5fd92ba3f9e3954b4616,20480,0,5700,14780,0x0:0x4;0x1648:0x5000,,candidate_spans_and_remaining_bytes_are_not_proven_code_data_classification
8013B000-244ab82182f64644a96ea353389ac76c3992747fcf10ad648a4a89cfbd15d422,20480,0,11404,9076,0x0:0x4;0x2C90:0x5000,,candidate_spans_and_remaining_bytes_are_not_proven_code_data_classification
8013B000-246f67c69056a888626c3957a44628f2d30dcd2aef846869e75430a20e8d62ce,20480,0,6524,13956,0x0:0x4;0x1980:0x5000,0x3844,candidate_spans_and_remaining_bytes_are_not_proven_code_data_classification
8013B000-249eba2af53593c299aa912ab77d9f3fb5aebc9e6376235bf6c8793a33b5d795,20480,0,5004,15476,0x0:0x4;0x1390:0x5000,,candidate_spans_and_remaining_bytes_are_not_proven_code_data_classification
8013B000-24a15135a1f18da940d9bb7cb18a05d48312404fcb1e698d2f498d1a6cfbd7de,20480,0,0,20480,0x0:0x5000,0x3CD8,candidate_spans_and_remaining_bytes_are_not_proven_code_data_classification
8013B000-24dc0a452d6888692c8b92ab06e05c3c3a5a47e9c1ea5bf48e3cb20781b20d53,20480,0,10440,10040,0x0:0x4;0x28CC:0x5000,,candidate_spans_and_remaining_bytes_are_not_proven_code_data_classification
8013B000-252cfdb379c09e497d1b2329e895a5796315f17b862196ae4fb1c4ddf3d9899a,20480,0,0,20480,0x0:0x5000,0x3CD8,candidate_spans_and_remaining_bytes_are_not_proven_code_data_classification
8013B000-25633f037608f7e1688480c055fdfc30d06f03009a0169d5517b5a770cfd5309,20480,0,18256,2224,0x0:0x4;0x4754:0x5000,,candidate_spans_and_remaining_bytes_are_not_proven_code_data_classification
8013B000-257540962e9393d0eb4496a7e1b1ddc45a5bfcbf0a5832c2f666f57a370c2137,20480,0,0,20480,0x0:0x5000,0x2358,candidate_spans_and_remaining_bytes_are_not_proven_code_data_classification
8013B000-259abb4473c8bb232d2951bb4b67520a9c8db4ae780321a4922861099ea86fe2,20480,0,8188,12292,0x0:0x4;0x2000:0x5000,,candidate_spans_and_remaining_bytes_are_not_proven_code_data_classification
8013B000-260551ffb6687d34cfd6c82a43716635d8824d1d3edb7d6e6785b0980ec7c1f9,20480,0,7948,12532,0x0:0x4;0x1F10:0x5000,,candidate_spans_and_remaining_bytes_are_not_proven_code_data_classification
8013B000-26e331d52583e235109b609eae72d65b5916fff1d0eaebef51495bf052f908bf,20480,0,11952,8528,0x0:0x4;0x2EB4:0x5000,,candidate_spans_and_remaining_bytes_are_not_proven_code_data_classification
8013B000-2745d3af7eb35399070553d5367ebc507268c163d5210786989e23ad2cffe855,20480,0,15644,4836,0x0:0x4;0x3D20:0x5000,,candidate_spans_and_remaining_bytes_are_not_proven_code_data_classification
8013B000-275f2ecec3c6ecfcf7dac5d14b54ab8ae6be51ebd42c8b411aef060853cb6492,20480,0,6196,14284,0x0:0x4;0x1838:0x5000,,candidate_spans_and_remaining_bytes_are_not_proven_code_data_classification
8013B000-27afe2d0ea0cc420019d7e5d469ba07c5e521a0175dd8c59de8641b460154ccf,20480,0,9140,11340,0x0:0x4;0x23B8:0x5000,,candidate_spans_and_remaining_bytes_are_not_proven_code_data_classification
8013B000-28632f776aa2d3339ea6b40d059fd81c75b2874a7ede36e5350696193f23ea48,20480,0,7752,12728,0x0:0x4;0x1E4C:0x5000,,candidate_spans_and_remaining_bytes_are_not_proven_code_data_classification
8013B000-28c0043750ab175b7efdaf855ea66f3fa1be435606e7439ea352ef38bc4abb70,20480,0,5660,14820,0x0:0x4;0x1620:0x5000,,candidate_spans_and_remaining_bytes_are_not_proven_code_data_classification
8013B000-28ce66f3332c07b44544f3badf4931863a17e4c68ee39b53ec9c0d48a1d0a382,20480,0,6572,13908,0x0:0x4;0x19B0:0x5000,,candidate_spans_and_remaining_bytes_are_not_proven_code_data_classification
8013B000-28ef3210ed9ce5cd75e1c398f5c79619829f3e894dfc2aeba45887d9c1a8ca9c,20480,0,5560,14920,0x0:0x4;0x15BC:0x5000,0x239C,candidate_spans_and_remaining_bytes_are_not_proven_code_data_classification
8013B000-290a072e17661ed372569aaafbddac584c024342ac0987a983ed57a4376a47cb,20480,0,6700,13780,0x0:0x4;0x1A30:0x5000,,candidate_spans_and_remaining_bytes_are_not_proven_code_data_classification
8013B000-291bb9fb2d13bd2672908c492a71517433c14a64095ff043cb225e1ec7f7d24b,20480,0,6196,14284,0x0:0x4;0x1838:0x5000,,candidate_spans_and_remaining_bytes_are_not_proven_code_data_classification
8013B000-29d35255a904e099ee8ca6d866fd906939642ee23b99886fa3ac3090579378f3,20480,0,8732,11748,0x0:0x4;0x2220:0x5000,,candidate_spans_and_remaining_bytes_are_not_proven_code_data_classification
8013B000-29d722f5ea016430e04f8f07ad6b11f0c016a8cca1071d3e84d03342f7b48f71,20480,0,6320,14160,0x0:0x4;0x18B4:0x5000,,candidate_spans_and_remaining_bytes_are_not_proven_code_data_classification
8013B000-29f5dd74bb91522d72a3f8e03b1441a64fe7884d995afcf6d41723b3ecfc35d0,20480,0,5004,15476,0x0:0x4;0x1390:0x5000,,candidate_spans_and_remaining_bytes_are_not_proven_code_data_classification
8013B000-2a05852b156d9001f010704350d0b18aac28d998bf49875d5498788a6e6caa2b,20480,0,0,20480,0x0:0x5000,0x44A4,candidate_spans_and_remaining_bytes_are_not_proven_code_data_classification
8013B000-2a2495dbc6a4d81e57ddfafae56f0225c20df3262aa55d7df3149a4a7695340d,20480,0,0,20480,0x0:0x5000,0x22A4,candidate_spans_and_remaining_bytes_are_not_proven_code_data_classification
8013B000-2a87d1e50fc371dba6bd7caba398578d8ad7e8d6fda15769e13e39e6eabf8b0b,20480,0,3756,16724,0x0:0x4;0xEB0:0x5000,,candidate_spans_and_remaining_bytes_are_not_proven_code_data_classification
8013B000-2ac62965023d67538b2e7eec6145f1831aaeadffff0de8a78908da21efb576e5,20480,0,0,20480,0x0:0x5000,0x32A8,candidate_spans_and_remaining_bytes_are_not_proven_code_data_classification
8013B000-2adc0188f8cdd3873f586fbc4d3bb37310a9ae33216374106d9b6813774af081,20480,0,4080,16400,0x0:0x4;0xFF4:0x5000,,candidate_spans_and_remaining_bytes_are_not_proven_code_data_classification
8013B000-2b0ee54ac512cd4efc43ea9dbf5a991e7e38dc4a6d55dd302a90e3e25fd1ea01,20480,0,7148,13332,0x0:0x4;0x1BF0:0x5000,0x32D8,candidate_spans_and_remaining_bytes_are_not_proven_code_data_classification
8013B000-2b29224a0138d248d3bccceff41c37636764b6a02cc0bc113d7e6d267640550a,20480,0,5872,14608,0x0:0x4;0x16F4:0x5000,0x4004,candidate_spans_and_remaining_bytes_are_not_proven_code_data_classification
8013B000-2b4af2a7b9534c97c3e17f87ea9f612fc761489dad2753179024f2899e156d8e,20480,0,0,20480,0x0:0x5000,0x19F0,candidate_spans_and_remaining_bytes_are_not_proven_code_data_classification
8013B000-2b5b9953deccb25816d2c5b99784f8a4bec0aa3b5904bd47a301f9d414dfba84,20480,0,9580,10900,0x0:0x4;0x2570:0x5000,,candidate_spans_and_remaining_bytes_are_not_proven_code_data_classification
8013B000-2b6c4cd20aeb4cc2929cc633d09aa12f8a26e31cfd39b88d4ad864ca5a09a707,20480,0,0,20480,0x0:0x5000,0x3590,candidate_spans_and_remaining_bytes_are_not_proven_code_data_classification
8013B000-2b733260388b350416ad31574e62bba39c3e0a40fc63cd1491f1fc122bc8162c,20480,0,8412,12068,0x0:0x4;0x20E0:0x5000,,candidate_spans_and_remaining_bytes_are_not_proven_code_data_classification
8013B000-2b8731af0e08ad185adb720c6dc622c72caa91d6e05c98dda1712d21f3bd1936,20480,0,6420,14060,0x0:0x4;0x1918:0x5000,,candidate_spans_and_remaining_bytes_are_not_proven_code_data_classification
8013B000-2bb144ab22b34fc8bc23ff6a53792214bcb329cd6fd4f6406585621a698792e4,20480,0,0,20480,0x0:0x5000,0x2358,candidate_spans_and_remaining_bytes_are_not_proven_code_data_classification
8013B000-2bb6acce860d34096234edeca93f7e3702ca8d6780e8f8afec9efb5f1043effd,20480,0,3796,16684,0x0:0x4;0xED8:0x5000,,candidate_spans_and_remaining_bytes_are_not_proven_code_data_classification
8013B000-2c1a0c0f1f01de314e1e210efc5822cf7402e27297a7d1b601210044f97b7b28,20480,0,6364,14116,0x0:0x4;0x18E0:0x5000,0x2EC0,candidate_spans_and_remaining_bytes_are_not_proven_code_data_classification
8013B000-2c251ada7b9c7e5a96f7350d184fa8c78ba9fdea63bc89128c73b30423ee9064,20480,0,0,20480,0x0:0x5000,0x2358,candidate_spans_and_remaining_bytes_are_not_proven_code_data_classification
8013B000-2c687121a1109afc79991fe5b68b245fefa03fd675d4c31326eed77b8fb4af86,20480,0,8120,12360,0x0:0x4;0x1FBC:0x5000,0x37F4,candidate_spans_and_remaining_bytes_are_not_proven_code_data_classification
8013B000-2c7326aae33467593638caaf9ad1db94395882c8404ad59beeee41211d5f575a,20480,0,0,20480,0x0:0x5000,0x32A8,candidate_spans_and_remaining_bytes_are_not_proven_code_data_classification
8013B000-2c8bc43ffde3ab6f43ce32b055d65f33ed512088ba1dcf78d5830e190c7e43d0,20480,0,8412,12068,0x0:0x4;0x20E0:0x5000,,candidate_spans_and_remaining_bytes_are_not_proven_code_data_classification
8013B000-2cacdc8c023cf783691fddfd6c2e8f316778c2d3e1375e59e5702935c65404d8,20480,0,11412,9068,0x0:0x4;0x2C98:0x5000,,candidate_spans_and_remaining_bytes_are_not_proven_code_data_classification
8013B000-2cd07a3543b0e57feaa6e6d388b59b4c98156b91e69af2fe9afd77ee640fa361,20480,0,0,20480,0x0:0x5000,0x3590,candidate_spans_and_remaining_bytes_are_not_proven_code_data_classification
8013B000-2d2b67c8bcf515baf123e64ea8c9cffb7d25940453c5a73b5a014e66671d2baf,20480,0,4068,16412,0x0:0x4;0xFE8:0x5000,0x197C,candidate_spans_and_remaining_bytes_are_not_proven_code_data_classification
8013B000-2da29354b55aecda66f83c4ba29e7456799b1087ef3fcf83309a4efa42af24f7,20480,0,11720,8760,0x0:0x4;0x2DCC:0x5000,,candidate_spans_and_remaining_bytes_are_not_proven_code_data_classification
8013B000-2da5c36820a48b109f645de80c5351a201944f288d023aa049ed47d76b67d6e1,20480,0,13712,6768,0x0:0x4;0x3594:0x5000,,candidate_spans_and_remaining_bytes_are_not_proven_code_data_classification
8013B000-2deb82eae45b6820f8d5202daa2843d2f4afbdffa31b24d562e9bc1a12195370,20480,0,11404,9076,0x0:0x4;0x2C90:0x5000,,candidate_spans_and_remaining_bytes_are_not_proven_code_data_classification
8013B000-2e64dc8491aab9fed7cdb635b162e5017c32040968397a85aa22816f197e16e0,20480,0,7240,13240,0x0:0x4;0x1C4C:0x5000,,candidate_spans_and_remaining_bytes_are_not_proven_code_data_classification
8013B000-2f0973b4d5eccba1d67c68c4e75ccf57912fec26dab30827466be436f90a6c49,20480,0,7524,12956,0x0:0x4;0x1D68:0x5000,,candidate_spans_and_remaining_bytes_are_not_proven_code_data_classification
8013B000-2f7f6eb5bf86737932639608e5754924a58e034c8f5d81908ef5ec4029ca877b,20480,0,4260,16220,0x0:0x4;0x10A8:0x5000,,candidate_spans_and_remaining_bytes_are_not_proven_code_data_classification
8013B000-2fb43a73615ad575306321ccf3dc5e642a858f66e34188f7e5c0a26c4e5c3469,20480,0,17452,3028,0x0:0x4;0x4430:0x5000,,candidate_spans_and_remaining_bytes_are_not_proven_code_data_classification
8013B000-2fd7c10fba2883e6e2839b290946016e5be1321c6aa62797bb74dbd067857a91,20480,0,13412,7068,0x0:0x4;0x3468:0x5000,,candidate_spans_and_remaining_bytes_are_not_proven_code_data_classification
8013B000-3042814ed791275f59ba1edd5c25789dc4f1c9ea5b68b03738a9783a1fd16353,20480,0,8412,12068,0x0:0x4;0x20E0:0x5000,,candidate_spans_and_remaining_bytes_are_not_proven_code_data_classification
8013B000-3097ae1f9b5d8c78de4b19c9b3064642ff83ec1618a5a0b5c2bed57a7afdc42e,20480,0,8188,12292,0x0:0x4;0x2000:0x5000,,candidate_spans_and_remaining_bytes_are_not_proven_code_data_classification
8013B000-31a10c74c4f041851b5fd0187b18c679a95492c32f888141603a54476136010c,20480,0,10312,10168,0x0:0x4;0x284C:0x5000,,candidate_spans_and_remaining_bytes_are_not_proven_code_data_classification
8013B000-3249eaab6cdce02dd1da61ed7cc81d9692902362cc545c36ab3110c64094b5e2,20480,0,8188,12292,0x0:0x4;0x2000:0x5000,,candidate_spans_and_remaining_bytes_are_not_proven_code_data_classification
8013B000-32d65646416fd7a0fc758de02e17d5f7bd1152dde040d6ca54f8ac9a836dbc9e,20480,0,4260,16220,0x0:0x4;0x10A8:0x5000,0x20B8,candidate_spans_and_remaining_bytes_are_not_proven_code_data_classification
8013B000-32e03b2ef33e63a88effca122dde3860bca19b0b557d937142e8b9d2b821047b,20480,0,15292,5188,0x0:0x4;0x3BC0:0x5000,,candidate_spans_and_remaining_bytes_are_not_proven_code_data_classification
8013B000-32e136b841cf4cd359c855bd691f236102813582a996fbd0b06e1ca77ac0728d,20480,0,10440,10040,0x0:0x4;0x28CC:0x5000,,candidate_spans_and_remaining_bytes_are_not_proven_code_data_classification
8013B000-33512c34db8761f6acb89027f52830b69e9db0467390b2efcb3fccc113f633b2,20480,0,6420,14060,0x0:0x4;0x1918:0x5000,,candidate_spans_and_remaining_bytes_are_not_proven_code_data_classification
8013B000-335aef2ccae85725d188280ac21fd0532d77ac3e37febf31119a99f4b46271f6,20480,0,9440,11040,0x0:0x4;0x24E4:0x5000,,candidate_spans_and_remaining_bytes_are_not_proven_code_data_classification
8013B000-336396d63706a3ec80fac157c8dae1ef4f5ddb67b2ded0afad6024b258b46b9a,20480,0,6572,13908,0x0:0x4;0x19B0:0x5000,0x2DCC,candidate_spans_and_remaining_bytes_are_not_proven_code_data_classification
8013B000-3381278eae96a540102a3e802f8dbc3412ef31634a6e2456c63e1245c2e4d877,20480,0,13168,7312,0x0:0x4;0x3374:0x5000,,candidate_spans_and_remaining_bytes_are_not_proven_code_data_classification
8013B000-33a6cfd8ea07855e602fb48c7cffaf3991eb6a4ace735a3484c2e8f75be8d15c,20480,0,6196,14284,0x0:0x4;0x1838:0x5000,0x2FB8,candidate_spans_and_remaining_bytes_are_not_proven_code_data_classification
8013B000-340cf015005ef828fd4672e386d660c14397aefd140f82da25b3d2ad46864199,20480,0,4160,16320,0x0:0x4;0x1044:0x5000,0x1DFC,candidate_spans_and_remaining_bytes_are_not_proven_code_data_classification
8013B000-346e9a9eb6f33e27081ec1f2c895ad8e3a978031f88a13d4c606c1b96be6de83,20480,0,9924,10556,0x0:0x4;0x26C8:0x5000,0x2DFC,candidate_spans_and_remaining_bytes_are_not_proven_code_data_classification
8013B000-3479c699c7b4995bda6478d5ade8b2baaedde4a15edf5322425844d122cd1439,20480,0,15292,5188,0x0:0x4;0x3BC0:0x5000,,candidate_spans_and_remaining_bytes_are_not_proven_code_data_classification
8013B000-34941dc208a21c27623356198343083a203323483608c92ac896d92d9fb96449,20480,0,12100,8380,0x0:0x4;0x2F48:0x5000,,candidate_spans_and_remaining_bytes_are_not_proven_code_data_classification
8013B000-359e89ef5bb5f7d1526122ce27407d1dbe737fe95d4c9dfc81ee2443b2af6472,20480,0,0,20480,0x0:0x5000,0x19F0,candidate_spans_and_remaining_bytes_are_not_proven_code_data_classification
8013B000-3612ca5fc82f8fe19521e1dc03eb4b4b7592c4b32a36297ae6892bbb605cf3b9,20480,0,13600,6880,0x0:0x4;0x3524:0x5000,,candidate_spans_and_remaining_bytes_are_not_proven_code_data_classification
8013B000-36987b506d537a643828968fd7cdf14e9a3750c331ea3b22b00545f00ede3619,20480,0,9132,11348,0x0:0x4;0x23B0:0x5000,,candidate_spans_and_remaining_bytes_are_not_proven_code_data_classification
8013B000-36c5c939bb28f8626f13d2143b6753831aa2e779a3dc195b6b8ad3e9f9258a81,20480,0,10312,10168,0x0:0x4;0x284C:0x5000,,candidate_spans_and_remaining_bytes_are_not_proven_code_data_classification
8013B000-36d1a4a1619bcd5469774684c355c664216fef1c958928c0a07f6372afa88cfb,20480,0,7172,13308,0x0:0x4;0x1C08:0x5000,0x32E4,candidate_spans_and_remaining_bytes_are_not_proven_code_data_classification
8013B000-376ab8b2e6e2034d325a34674ecfd9ec4666f6a0577ea80bfc3c3233c525da8f,20480,0,6524,13956,0x0:0x4;0x1980:0x5000,0x3844,candidate_spans_and_remaining_bytes_are_not_proven_code_data_classification
8013B000-37c4e91bd6cdb58600f0a45baaffddacb947a7c009cfada55dc865d758d989fc,20480,0,3296,17184,0x0:0x4;0xCE4:0x5000,0x10CC;0x1BD4;0x1F80;0x2368;0x299C;0x30A8;0x33B4;0x3734;0x3A9C,candidate_spans_and_remaining_bytes_are_not_proven_code_data_classification
8013B000-380862097ff158995db752d10150b2aab5f020834a754410aeecf6232cfd4da5,20480,0,0,20480,0x0:0x5000,0x4DC4,candidate_spans_and_remaining_bytes_are_not_proven_code_data_classification
8013B000-385f2ea99735e31cd020954f421fd879e3a31ea8d07f7c0090d159dfd720e5b0,20480,0,4160,16320,0x0:0x4;0x1044:0x5000,0x1DFC,candidate_spans_and_remaining_bytes_are_not_proven_code_data_classification
8013B000-38e54e9c325cfa1b83fabc467392a61d5407a2540689cb302964c252e4844360,20480,0,8020,12460,0x0:0x4;0x1F58:0x5000,,candidate_spans_and_remaining_bytes_are_not_proven_code_data_classification
8013B000-39250c3f0b60663445d55fa3f2ce9be61914ebad2b0a9166378799df1f0f9510,20480,0,19768,712,0x0:0x4;0x4D3C:0x5000,,candidate_spans_and_remaining_bytes_are_not_proven_code_data_classification
8013B000-392e27126b4fcb23eb487c391bf5adf48d653670934e8e26846d118b281573ff,20480,0,2584,17896,0x0:0x4;0xA1C:0x5000,,candidate_spans_and_remaining_bytes_are_not_proven_code_data_classification
8013B000-394141db1465c0a91d755d16d517b5a826a240fe75ed5fe63df26cf370c8cfcb,20480,0,4068,16412,0x0:0x4;0xFE8:0x5000,0x197C,candidate_spans_and_remaining_bytes_are_not_proven_code_data_classification
8013B000-398e36d4f5021a970ccbd0961bec7a3711753681de0c3dec81ac688258f7c0b7,20480,0,8676,11804,0x0:0x4;0x21E8:0x5000,0x4C1C,candidate_spans_and_remaining_bytes_are_not_proven_code_data_classification
8013B000-399cfac67fbda23061e5753d331f63f1d245ec79f0b758e40c88c182ebe90f72,20480,0,11156,9324,0x0:0x4;0x2B98:0x5000,,candidate_spans_and_remaining_bytes_are_not_proven_code_data_classification
8013B000-39e3ebb73a4cf052e728f8caaa78234ed34527cf2743a5421c4e7d7c6fe6c8e8,20480,0,9580,10900,0x0:0x4;0x2570:0x5000,,candidate_spans_and_remaining_bytes_are_not_proven_code_data_classification
8013B000-39f8deb3e3b87dd39e95f307dda8edef1e5a2e538b6d026a7cd67a6dfa5f2c8e,20480,0,4068,16412,0x0:0x4;0xFE8:0x5000,0x161C,candidate_spans_and_remaining_bytes_are_not_proven_code_data_classification
8013B000-3a1febdb60ddbec13836b9010bda67c5a5bdc3fb6afd82ca5932018906c250f5,20480,0,3748,16732,0x0:0x4;0xEA8:0x5000,,candidate_spans_and_remaining_bytes_are_not_proven_code_data_classification
8013B000-3ab22bd65bdc9fe6a0fcadd4d1f090ddc1b45275b23d35706d76cc8505c71336,20480,0,3092,17388,0x0:0x4;0xC18:0x5000,,candidate_spans_and_remaining_bytes_are_not_proven_code_data_classification
8013B000-3ab8cd78dda5e5a653f54a120122334e11a84bb958f1597c6ef4addb0445c305,20480,0,14416,6064,0x0:0x4;0x3854:0x5000,,candidate_spans_and_remaining_bytes_are_not_proven_code_data_classification
8013B000-3accc5f3c41fddd05062020c0fc0f2553245ffc37dc51e1af3578d4f73863c56,20480,0,6940,13540,0x0:0x4;0x1B20:0x5000,,candidate_spans_and_remaining_bytes_are_not_proven_code_data_classification
8013B000-3b2048c190fc85abe2d1721a5b37171423bf8f1921a0e9e89a54a2fb7fdc54a5,20480,0,12212,8268,0x0:0x4;0x2FB8:0x5000,,candidate_spans_and_remaining_bytes_are_not_proven_code_data_classification
8013B000-3b2c03d282e496ed81f687d56f322a9ee0715bf9786b37423c19a82cbb57da1f,20480,0,3316,17164,0x0:0x4;0xCF8:0x5000,0x161C,candidate_spans_and_remaining_bytes_are_not_proven_code_data_classification
8013B000-3b425f120b6bae7c3de6208e3a81dde8d9740985957c68597a78ee5510bbae40,20480,0,2584,17896,0x0:0x4;0xA1C:0x5000,0x1284,candidate_spans_and_remaining_bytes_are_not_proven_code_data_classification
8013B000-3b4b337b0de64496afbe846241d224e4bee409c554a96a477ca6981660030854,20480,0,6320,14160,0x0:0x4;0x18B4:0x5000,,candidate_spans_and_remaining_bytes_are_not_proven_code_data_classification
8013B000-3b4e5d69afe21ffa5135f7b6efc7fb19be655f5f4bcf94d7e068f5c6ff32df9d,20480,0,9140,11340,0x0:0x4;0x23B8:0x5000,,candidate_spans_and_remaining_bytes_are_not_proven_code_data_classification
8013B000-3b780de8a916bfa89959401a7acc17b6e31e7c07186c376edb5d19ecb0ad551c,20480,0,8412,12068,0x0:0x4;0x20E0:0x5000,,candidate_spans_and_remaining_bytes_are_not_proven_code_data_classification
8013B000-3b98ee95e7bae52fb33593a342d96a34ae745f9d96ec7020ea51a1cf371f2afb,20480,0,14032,6448,0x0:0x4;0x36D4:0x5000,,candidate_spans_and_remaining_bytes_are_not_proven_code_data_classification
8013B000-3bdb2a2982b136bed6f234ebdd3ed3eeec783c2e70db764f7a37f20c79030d25,20480,0,8188,12292,0x0:0x4;0x2000:0x5000,,candidate_spans_and_remaining_bytes_are_not_proven_code_data_classification
8013B000-3be3b30c4dca8cb89425764e0f2e545f4b944b4c16106bdec1a3de0385e48abe,20480,0,6420,14060,0x0:0x4;0x1918:0x5000,,candidate_spans_and_remaining_bytes_are_not_proven_code_data_classification
8013B000-3c2cada4655d659503aac89c575b6fdb7cdd3dd17371fcd8f176cd663de1389b,20480,0,7752,12728,0x0:0x4;0x1E4C:0x5000,0x20C8;0x23DC;0x275C;0x2AC4,candidate_spans_and_remaining_bytes_are_not_proven_code_data_classification
8013B000-3c3c93ec9ada901969702ba46829bf7291382db9111d9c070635b12423dce6dd,20480,0,10520,9960,0x0:0x4;0x291C:0x5000,0x2C7C;0x2FE8,candidate_spans_and_remaining_bytes_are_not_proven_code_data_classification
8013B000-3c95d35bce07b0661176023e69ada80fc7ccaa06ce268c5861d87f165c7e6e95,20480,0,0,20480,0x0:0x5000,0x19F0,candidate_spans_and_remaining_bytes_are_not_proven_code_data_classification
8013B000-3cae81a9b702bc72dacbd2dfe0264ade78d795cd834bff044a350005d4cb2c89,20480,0,6196,14284,0x0:0x4;0x1838:0x5000,,candidate_spans_and_remaining_bytes_are_not_proven_code_data_classification
8013B000-3cb618bf0963cfc6ab84a6a948f3161395d5024279e0a7b97f76ce08655d5f8d,20480,0,8120,12360,0x0:0x4;0x1FBC:0x5000,0x22F8;0x267C;0x29E8,candidate_spans_and_remaining_bytes_are_not_proven_code_data_classification
8013B000-3cc943fbca8ce59751d7003507ca7a58fd12e6cfd9abd1cfb9914effada897e8,20480,0,6524,13956,0x0:0x4;0x1980:0x5000,0x3844,candidate_spans_and_remaining_bytes_are_not_proven_code_data_classification
8013B000-3cdcfb072da24469234ac815b85ab7247d4652ea7ae5db0e1dd36db78ea135c7,20480,0,4532,15948,0x0:0x4;0x11B8:0x5000,,candidate_spans_and_remaining_bytes_are_not_proven_code_data_classification
8013B000-3d0d9c6071db938ab30332ae7d8b7c3a536d755cc135f165791b3c2a616677b4,20480,0,10440,10040,0x0:0x4;0x28CC:0x5000,,candidate_spans_and_remaining_bytes_are_not_proven_code_data_classification
8013B000-3d3355aa34043a5be0054d790b2f761620c2ebb4afe9519aaf90be5b9b273c55,20480,0,4824,15656,0x0:0x4;0x12DC:0x5000,,candidate_spans_and_remaining_bytes_are_not_proven_code_data_classification
8013B000-3db554ab10a4d86daf942ddc64e646aeec6377233a06924529b5f1c6525aa831,20480,0,15884,4596,0x0:0x4;0x3E10:0x5000,0x4454,candidate_spans_and_remaining_bytes_are_not_proven_code_data_classification
8013B000-3dc15e360faa6ec0ae9e11b7adbe3d34e503a1ba876517c2586559d7220dcbbf,20480,0,9260,11220,0x0:0x4;0x2430:0x5000,,candidate_spans_and_remaining_bytes_are_not_proven_code_data_classification
8013B000-3dc7e6018e57131d7b06ef3113d1070bc8cdac583c5edc9d64b42326b8c5cd56,20480,0,0,20480,0x0:0x5000,0x3CD8,candidate_spans_and_remaining_bytes_are_not_proven_code_data_classification
8013B000-3e0d6677b367fe3727cfdefcaf151e2157248141b8338c64aaa15332220a080e,20480,0,7240,13240,0x0:0x4;0x1C4C:0x5000,,candidate_spans_and_remaining_bytes_are_not_proven_code_data_classification
8013B000-3e3bec2df38b195d36db38a81dd011c2159b870a224ac67c6e67367d73a850ff,20480,0,0,20480,0x0:0x5000,0xE40,candidate_spans_and_remaining_bytes_are_not_proven_code_data_classification
8013B000-3e5b3090c129dc65fb5164938941906bed3ad91cc7458ee59b1a5571ca929f72,20480,0,17232,3248,0x0:0x4;0x4354:0x5000,,candidate_spans_and_remaining_bytes_are_not_proven_code_data_classification
8013B000-3e633e2373f266753bf20d3b302c1d55cd5ead004253bbc84a2c0ef23e544b3e,20480,0,6772,13708,0x0:0x4;0x1A78:0x5000,0x23F0,candidate_spans_and_remaining_bytes_are_not_proven_code_data_classification
8013B000-3eb4874eeef2ba10c5f6100cea503a046743072a4ce3d76b3a4d5f7b18b0362f,20480,0,16488,3992,0x0:0x4;0x406C:0x5000,,candidate_spans_and_remaining_bytes_are_not_proven_code_data_classification
8013B000-3ee777862d1ee9fe966bde32b8f01e5de9f42ec97840e58664d2dda15680ecf3,20480,0,4952,15528,0x0:0x4;0x135C:0x5000,,candidate_spans_and_remaining_bytes_are_not_proven_code_data_classification
8013B000-3f07d90dc00ea43bd8f34f5ccaf0a19a5555cc522ec1a24d2131714a0b43e1f8,20480,0,5872,14608,0x0:0x4;0x16F4:0x5000,,candidate_spans_and_remaining_bytes_are_not_proven_code_data_classification
8013B000-3f1c63f3acbc2efadb69dd41e85e97ec5970e12a270d91c6e028d9d31381c49a,20480,0,3824,16656,0x0:0x4;0xEF4:0x5000,,candidate_spans_and_remaining_bytes_are_not_proven_code_data_classification
8013B000-3f62035f2f796d1e80b868d7643dc5160795e17f90b93eba6a561d40ec323284,20480,0,6204,14276,0x0:0x4;0x1840:0x5000,,candidate_spans_and_remaining_bytes_are_not_proven_code_data_classification
8013B000-3fb07deea19d7895ce15044ec63d30505236ee9dc7de9d62f43be156a208adbf,20480,0,4080,16400,0x0:0x4;0xFF4:0x5000,,candidate_spans_and_remaining_bytes_are_not_proven_code_data_classification
8013B000-40118d6445fd8cff77b85f10f595d03d1b4ef527b21ccf4ba80bfc4192393e45,20480,0,3932,16548,0x0:0x4;0xF60:0x5000,0x161C,candidate_spans_and_remaining_bytes_are_not_proven_code_data_classification
8013B000-40174baa02d44311308f4ec0660f883d32453214978dfba66a48c18a15ff2ab7,20480,0,18532,1948,0x0:0x4;0x4868:0x5000,0x4CAC,candidate_spans_and_remaining_bytes_are_not_proven_code_data_classification
8013B000-4032823b85a74277ba99c502fbbd9a96e04ce505987a9e2a8f204084e1a601e9,20480,0,9132,11348,0x0:0x4;0x23B0:0x5000,,candidate_spans_and_remaining_bytes_are_not_proven_code_data_classification
8013B000-40647ed893fe456a97079692e5848c5432cfe6bf3968012ca45f624e51621d3b,20480,0,0,20480,0x0:0x5000,0x3CD8,candidate_spans_and_remaining_bytes_are_not_proven_code_data_classification
8013B000-40c102588f38ef9505122e6ca3450c9a74c92158025e400421bccd74c27b0d2c,20480,0,9260,11220,0x0:0x4;0x2430:0x5000,,candidate_spans_and_remaining_bytes_are_not_proven_code_data_classification
8013B000-40f82a755cb6b79d018ed5853b359ca85d2e5d658e24134d1555cddcb0037832,20480,0,6196,14284,0x0:0x4;0x1838:0x5000,,candidate_spans_and_remaining_bytes_are_not_proven_code_data_classification
8013B000-41569166e7a81076bbfe58f64e8608ca6153e198ecbcc2818e497201482094dd,20480,0,11416,9064,0x0:0x4;0x2C9C:0x5000,,candidate_spans_and_remaining_bytes_are_not_proven_code_data_classification
8013B000-418c9cf6de5e7cb204ab5c363e7c1d866583162842ff46d675759c2848dc0861,20480,0,7148,13332,0x0:0x4;0x1BF0:0x5000,0x2368,candidate_spans_and_remaining_bytes_are_not_proven_code_data_classification
8013B000-41ad55b11b5c7cf94be874e1f3bfe59f86890238869a13d9342ceec699763c86,20480,0,5296,15184,0x0:0x4;0x14B4:0x5000,,candidate_spans_and_remaining_bytes_are_not_proven_code_data_classification
8013B000-41edc2c0763a6521e03e869e0923321288686f45c0c1846eadd46f3f251fe360,20480,0,8412,12068,0x0:0x4;0x20E0:0x5000,,candidate_spans_and_remaining_bytes_are_not_proven_code_data_classification
8013B000-41fe3b312014fa1c399aa6aa373f44cf5f647887bc6d4e648dcd75a23a7bf875,20480,0,8412,12068,0x0:0x4;0x20E0:0x5000,,candidate_spans_and_remaining_bytes_are_not_proven_code_data_classification
8013B000-427b8977f8c411d679502ee32a69d47dfe5f8514cdce938e7288d61f79547b48,20480,0,5200,15280,0x0:0x4;0x1454:0x5000,,candidate_spans_and_remaining_bytes_are_not_proven_code_data_classification
8013B000-42ba9d61a77f3964e508123cab02a840bd7a18aacc85beb313bd67db3cd62362,20480,0,6224,14256,0x0:0x4;0x1854:0x5000,0x29B0,candidate_spans_and_remaining_bytes_are_not_proven_code_data_classification
8013B000-42f69aa8b01471f4e2cccdcaa3a2c484997077ad8f4a7734c2ce21571ba9a90a,20480,0,5004,15476,0x0:0x4;0x1390:0x5000,,candidate_spans_and_remaining_bytes_are_not_proven_code_data_classification
8013B000-4325a392cab9442f408aa1d201e082b5d142b35de1099995e936eb1d5841fe07,20480,0,6320,14160,0x0:0x4;0x18B4:0x5000,,candidate_spans_and_remaining_bytes_are_not_proven_code_data_classification
8013B000-434d34d643bf119c70f7f6bfdb5d997392110911c177f7f994430f97a1c3fa58,20480,0,0,20480,0x0:0x5000,0x4BC8,candidate_spans_and_remaining_bytes_are_not_proven_code_data_classification
8013B000-4357d9b66221f79e2029cb8e33c64b90337904735770bdaa3572e3dbd360c25d,20480,0,4976,15504,0x0:0x4;0x1374:0x5000,,candidate_spans_and_remaining_bytes_are_not_proven_code_data_classification
8013B000-435aec926e01137493da4a9680c48f237cfabcaa4e342de1c4486285ceec5776,20480,0,4436,16044,0x0:0x4;0x1158:0x5000,,candidate_spans_and_remaining_bytes_are_not_proven_code_data_classification
8013B000-43917d2a6d5051ca3bf4773d761f02bf13465ccb3aec4b4fdd7997458ffb3a45,20480,0,13528,6952,0x0:0x4;0x34DC:0x5000,,candidate_spans_and_remaining_bytes_are_not_proven_code_data_classification
8013B000-43a4bb2f994502776c020fe2e18274dfdfedf8a5344830addc9642f8074a46b1,20480,0,8188,12292,0x0:0x4;0x2000:0x5000,,candidate_spans_and_remaining_bytes_are_not_proven_code_data_classification
8013B000-43e8ac0902cda7cbd53f932c51d471e4aff362dc8e923d3338e30347bca94010,20480,0,11720,8760,0x0:0x4;0x2DCC:0x5000,0x3670;0x4198;0x47A4,candidate_spans_and_remaining_bytes_are_not_proven_code_data_classification
8013B000-43ff76a3d662d5dd05b4d899e7eec0282db7a7e63570c89f0babe75d11386f54,20480,0,8412,12068,0x0:0x4;0x20E0:0x5000,,candidate_spans_and_remaining_bytes_are_not_proven_code_data_classification
8013B000-440cbe51c8f9075f3702f244a273d507477025689f55769e603664f283309762,20480,0,0,20480,0x0:0x5000,0x2358,candidate_spans_and_remaining_bytes_are_not_proven_code_data_classification
8013B000-44377b8124a19cc838db3945070115ff5bfcf93fa879c9535b2b7899b4325e19,20480,0,0,20480,0x0:0x5000,0x3F90,candidate_spans_and_remaining_bytes_are_not_proven_code_data_classification
8013B000-445eb2749128dd6e1775a6f4dc13dab11f3d62e81567fa2dc29fdee85b450f92,20480,0,5836,14644,0x0:0x4;0x16D0:0x5000,,candidate_spans_and_remaining_bytes_are_not_proven_code_data_classification
8013B000-448578b1b93a87154fd7fd822d242c576cdaee81857a755d730dddeb0ef75500,20480,0,6524,13956,0x0:0x4;0x1980:0x5000,0x3844,candidate_spans_and_remaining_bytes_are_not_proven_code_data_classification
8013B000-4495740c04d65d6e8ef7089f3c90196c207c312ea78f006987470be6ddb31f00,20480,0,0,20480,0x0:0x5000,0x32A8,candidate_spans_and_remaining_bytes_are_not_proven_code_data_classification
8013B000-44a0ea26963035744e8f385e477ff1e142fedbe95fec52bb373afaf2d441ea29,20480,0,6488,13992,0x0:0x4;0x195C:0x5000,0x328C,candidate_spans_and_remaining_bytes_are_not_proven_code_data_classification
8013B000-44bf681878c16088a740634b4023ee84e2e18e00ad1450558cc6e6ed9d7f7e85,20480,0,4952,15528,0x0:0x4;0x135C:0x5000,,candidate_spans_and_remaining_bytes_are_not_proven_code_data_classification
8013B000-44cd2c043240f5b5cd4c3050764a2cdfbaf0d38992282385a009ea851ea2057f,20480,0,8836,11644,0x0:0x4;0x2288:0x5000,,candidate_spans_and_remaining_bytes_are_not_proven_code_data_classification
8013B000-4535f6a63b0d51960a817bdc5ed682cb9a53ca555d4403f33e0bdf5e5dc0cb36,20480,0,6196,14284,0x0:0x4;0x1838:0x5000,,candidate_spans_and_remaining_bytes_are_not_proven_code_data_classification
8013B000-4540707f8b0f0747a89ecbcd7168cb758d0a8426af60461e234d1931a73fced4,20480,0,6488,13992,0x0:0x4;0x195C:0x5000,0x328C,candidate_spans_and_remaining_bytes_are_not_proven_code_data_classification
8013B000-457ef9a1e5340a3d40ef3862ca7844c98d38054d565b8b7b97c609a9b5eed3d6,20480,0,6060,14420,0x0:0x4;0x17B0:0x5000,,candidate_spans_and_remaining_bytes_are_not_proven_code_data_classification
8013B000-467999a0f4dfc7765d21ecdfd0ab82f74c5a91ddd80f3faa53d1aa7413db8daa,20480,0,5292,15188,0x0:0x4;0x14B0:0x5000,,candidate_spans_and_remaining_bytes_are_not_proven_code_data_classification
8013B000-475db3bb412bd87c9284a6be1867e04f5a643ffd48986472f214537b08ebfdee,20480,0,3296,17184,0x0:0x4;0xCE4:0x5000,,candidate_spans_and_remaining_bytes_are_not_proven_code_data_classification
8013B000-47d86544d2acd49f71b77dde4457a0dc9ea90d1ed8d76347244b2716ff6cbc95,20480,0,0,20480,0x0:0x5000,0x1348,candidate_spans_and_remaining_bytes_are_not_proven_code_data_classification
8013B000-47deea0a4041b523ad9b0a268172969036c49499843380dd45bd1398a1ae806f,20480,0,6524,13956,0x0:0x4;0x1980:0x5000,,candidate_spans_and_remaining_bytes_are_not_proven_code_data_classification
8013B000-47ea26048b3021038d2103a9042739fa65e052664a5f7cf367597a4169dc4461,20480,0,8108,12372,0x0:0x4;0x1FB0:0x5000,,candidate_spans_and_remaining_bytes_are_not_proven_code_data_classification
8013B000-48c1c4a62fd65a8a9edc4a06c2cff72115bcfdea40ca722a0d1d955419075360,20480,0,7900,12580,0x0:0x4;0x1EE0:0x5000,0x1F74,candidate_spans_and_remaining_bytes_are_not_proven_code_data_classification
8013B000-48cd054a77b98c8cd20a0ffb7d3456a68011977af79138007e11d13b0b7e1022,20480,0,6488,13992,0x0:0x4;0x195C:0x5000,0x328C,candidate_spans_and_remaining_bytes_are_not_proven_code_data_classification
8013B000-493ded28be43461d231b89e94827d6a461ec0378404f2ae737b851119f010d6d,20480,0,7148,13332,0x0:0x4;0x1BF0:0x5000,0x32D8,candidate_spans_and_remaining_bytes_are_not_proven_code_data_classification
8013B000-49dcc5f36cd87997d152240fb049e3e302762814ae7bc0e94227bd456bd1f05a,20480,0,6816,13664,0x0:0x4;0x1AA4:0x5000,,candidate_spans_and_remaining_bytes_are_not_proven_code_data_classification
8013B000-4a371882cca910fc35623ac1336cbc983d6717aac5c1ac4a50fe77e8ba6f5666,20480,0,14740,5740,0x0:0x4;0x3998:0x5000,,candidate_spans_and_remaining_bytes_are_not_proven_code_data_classification
8013B000-4a4cd89b37beb93a7fa673e97f7cd240b911d84231ba326fe0d63d41d42502b9,20480,0,0,20480,0x0:0x5000,0x2358,candidate_spans_and_remaining_bytes_are_not_proven_code_data_classification
8013B000-4a94447de00516ca4c8a863b5db5ad08f96c365ec6eaff1428d52b99e9eeddc8,20480,0,17732,2748,0x0:0x4;0x4548:0x5000,,candidate_spans_and_remaining_bytes_are_not_proven_code_data_classification
8013B000-4aecab8fd7f27bb5f5baab59a09fe29d60a0aea4ec9fed68c69bf85e5d1dedef,20480,0,14520,5960,0x0:0x4;0x38BC:0x5000,,candidate_spans_and_remaining_bytes_are_not_proven_code_data_classification
8013B000-4b00881f9aed4de9cb4835391de6fb142984f3c11d4e765b4423485a3a69dde1,20480,0,11896,8584,0x0:0x4;0x2E7C:0x5000,,candidate_spans_and_remaining_bytes_are_not_proven_code_data_classification
8013B000-4b1ed6bb11ad3582d949e49bee798e25b5fc29f6e8deb07c9dfdccae948b8104,20480,0,0,20480,0x0:0x5000,0x32A8;0x360C;0x3CE0;0x43EC;0x48DC;0x4E38,candidate_spans_and_remaining_bytes_are_not_proven_code_data_classification
8013B000-4b3cca47e974d826567773e0840fac52520a68f99bd0a3f7cef75f88717cb094,20480,0,7060,13420,0x0:0x4;0x1B98:0x5000,,candidate_spans_and_remaining_bytes_are_not_proven_code_data_classification
8013B000-4b73da18b9764a2cadfa6c16df7cd1d78a00e23daeb58b2e1412be4994d97c97,20480,0,3868,16612,0x0:0x4;0xF20:0x5000,,candidate_spans_and_remaining_bytes_are_not_proven_code_data_classification
8013B000-4ba3bb34b96def91c672ee5c29a1b05947e83e06d0876bf171b6eb7d259c24aa,20480,0,4532,15948,0x0:0x4;0x11B8:0x5000,,candidate_spans_and_remaining_bytes_are_not_proven_code_data_classification
8013B000-4bdffa68ad5dc70cbed70540750d91c4d168b1aee74fd9c5261cd439daecc983,20480,0,4924,15556,0x0:0x4;0x1340:0x5000,,candidate_spans_and_remaining_bytes_are_not_proven_code_data_classification
8013B000-4c22ba76347f6a46bd4d6019c9d1fbfaeb8fa9252ae42bc104b84f155ec949b8,20480,0,10440,10040,0x0:0x4;0x28CC:0x5000,,candidate_spans_and_remaining_bytes_are_not_proven_code_data_classification
8013B000-4c3244df9a4312d192c57e10a254532bf19a40d97a353147078bf1616c263032,20480,0,3756,16724,0x0:0x4;0xEB0:0x5000,,candidate_spans_and_remaining_bytes_are_not_proven_code_data_classification
8013B000-4c7bd37355393a929c011c982a5ae188eaf6b5ef565797224aa66c8db270ce01,20480,0,5004,15476,0x0:0x4;0x1390:0x5000,,candidate_spans_and_remaining_bytes_are_not_proven_code_data_classification
8013B000-4c857c929227f32785411919246a2bf1ff4078b2fc5a85d5e02242849c5320b5,20480,0,7240,13240,0x0:0x4;0x1C4C:0x5000,0x2284,candidate_spans_and_remaining_bytes_are_not_proven_code_data_classification
8013B000-4d027ad8730ed7f743b27925a22f58aebc9b4ffd893377db876467b0c50f13a7,20480,0,0,20480,0x0:0x5000,0x19F0,candidate_spans_and_remaining_bytes_are_not_proven_code_data_classification
8013B000-4d0ea0534f17c68b861d497f7d4c3609d3f40d3b9172905e83fc35d12736254b,20480,0,9924,10556,0x0:0x4;0x26C8:0x5000,,candidate_spans_and_remaining_bytes_are_not_proven_code_data_classification
8013B000-4e55ff9cba2d10d041801abab4de4af04ab47d05b863e9ae0e72621499f2d098,20480,0,2584,17896,0x0:0x4;0xA1C:0x5000,0x1284,candidate_spans_and_remaining_bytes_are_not_proven_code_data_classification
8013B000-4e6b4611c8cc05c7a7b18dea8b63bb7490398c108e08347214cc61072268c23d,20480,0,4160,16320,0x0:0x4;0x1044:0x5000,,candidate_spans_and_remaining_bytes_are_not_proven_code_data_classification
8013B000-4e6bf969e13d73ada5f096b2a76cbbff8dde2a7fda4a9a73019fea85b1070b94,20480,0,4840,15640,0x0:0x4;0x12EC:0x5000,,candidate_spans_and_remaining_bytes_are_not_proven_code_data_classification
8013B000-4e924c69e700a8d1f850bc747fd22adcc658ad00fdca6d3c7ac5cbdf018a9243,20480,0,16028,4452,0x0:0x4;0x3EA0:0x5000,,candidate_spans_and_remaining_bytes_are_not_proven_code_data_classification
8013B000-4ecd1ba41ae4dfc5c85beecc50e547f97cce9a41772c68725c96e07ed15a130a,20480,0,5004,15476,0x0:0x4;0x1390:0x5000,,candidate_spans_and_remaining_bytes_are_not_proven_code_data_classification
8013B000-4ed1eb62bfc4e8ce77e3be618e997aed2baa6d45a0ab7b9c5f5c9952975a2684,20480,0,0,20480,0x0:0x5000,0x3590,candidate_spans_and_remaining_bytes_are_not_proven_code_data_classification
8013B000-4f04912ce88258c74d49628264b3a911eb57f69bf61cf9f875f590df3f2bf588,20480,0,4440,16040,0x0:0x4;0x115C:0x5000,,candidate_spans_and_remaining_bytes_are_not_proven_code_data_classification
8013B000-4f4ff26d6490ef48f3122d84f886150f5f39fa0206024d1d74ab1690c55bd041,20480,0,4504,15976,0x0:0x4;0x119C:0x5000,,candidate_spans_and_remaining_bytes_are_not_proven_code_data_classification
8013B000-4fb90f7e446f1b327d1629ce8e4dbdac89b3a804938c0b7fb60b0fc8acb3259a,20480,0,0,20480,0x0:0x5000,0x19F0,candidate_spans_and_remaining_bytes_are_not_proven_code_data_classification
8013B000-4fbe85aea00b6725c1fbd8d81e1eaba5b61ce9ba10379f221d193217556f1478,20480,0,4260,16220,0x0:0x4;0x10A8:0x5000,0x20B8,candidate_spans_and_remaining_bytes_are_not_proven_code_data_classification
8013B000-4fe0b7525959613970edc6d14ba61d579f34e7d1bf9f50cd04885f7bfd67c387,20480,0,6204,14276,0x0:0x4;0x1840:0x5000,0x2914,candidate_spans_and_remaining_bytes_are_not_proven_code_data_classification
8013B000-5076efa374d1d1f3eda11989ff092ad2bffe9ce466027f2bb1230bb1d15964ad,20480,0,7612,12868,0x0:0x4;0x1DC0:0x5000,,candidate_spans_and_remaining_bytes_are_not_proven_code_data_classification
8013B000-507c9f9548011e52a0e8ee526ff9396a0bc580a58291fac297a0128387febc2f,20480,0,7364,13116,0x0:0x4;0x1CC8:0x5000,,candidate_spans_and_remaining_bytes_are_not_proven_code_data_classification
8013B000-507dcd5021298aa1347a58aefff28497165eba29ce56bd47e57d357c888c0d7f,20480,0,0,20480,0x0:0x5000,0xE40;0x1204,candidate_spans_and_remaining_bytes_are_not_proven_code_data_classification
8013B000-5099b1660a5974080b1d396ac112ab607998769ff6435ec3e816764063314c23,20480,0,13712,6768,0x0:0x4;0x3594:0x5000,,candidate_spans_and_remaining_bytes_are_not_proven_code_data_classification
8013B000-50aea2d325bccc221caa601c514c137b19c7e3c467edc01944a7d7bf98a36bf6,20480,0,15032,5448,0x0:0x4;0x3ABC:0x5000,,candidate_spans_and_remaining_bytes_are_not_proven_code_data_classification
8013B000-50cccff29c59bec47980b064a9a68e255bbde5e4891838029ca4ebc10eeaecb8,20480,0,0,20480,0x0:0x5000,0x4ADC,candidate_spans_and_remaining_bytes_are_not_proven_code_data_classification
8013B000-512720ad37d8c58cfeee91916ae69655e591b44e4c9d2323d420f67701784838,20480,0,8412,12068,0x0:0x4;0x20E0:0x5000,,candidate_spans_and_remaining_bytes_are_not_proven_code_data_classification
8013B000-514fffcd76850025e156b0b911c8cd453a14ef70fd13a2efa6ed54494682d0a5,20480,0,8412,12068,0x0:0x4;0x20E0:0x5000,,candidate_spans_and_remaining_bytes_are_not_proven_code_data_classification
8013B000-517af73f1985114f4331fc3df54218d0413e9c661b05fed40d577f9f8b6cd9b8,20480,0,9260,11220,0x0:0x4;0x2430:0x5000,,candidate_spans_and_remaining_bytes_are_not_proven_code_data_classification
8013B000-5181f9630b87c864d710bebb32a1a92c3fb83d527a152a44486e298645bf15e3,20480,0,3592,16888,0x0:0x4;0xE0C:0x5000,,candidate_spans_and_remaining_bytes_are_not_proven_code_data_classification
8013B000-51a893f8675782029dcffe0ba3491e8f627f738bb2a27a52f70bf0382570b5e8,20480,0,15584,4896,0x0:0x4;0x3CE4:0x5000,,candidate_spans_and_remaining_bytes_are_not_proven_code_data_classification
8013B000-51b209bb50209edf1bebee3260d88eaca0f329d875fb96c863d47b92b59e3605,20480,0,6364,14116,0x0:0x4;0x18E0:0x5000,0x2EC0,candidate_spans_and_remaining_bytes_are_not_proven_code_data_classification
8013B000-51b53db002bac434e52f76d25cb3ec17a88acaf3d975293f68493500fa9b6cad,20480,0,0,20480,0x0:0x5000,0xE40;0x1204;0x3874,candidate_spans_and_remaining_bytes_are_not_proven_code_data_classification
8013B000-51ede2d4763e7e26162de0e27c21daa6d4a1119f2d90f861f055e3c6c2e6c4d0,20480,0,4532,15948,0x0:0x4;0x11B8:0x5000,,candidate_spans_and_remaining_bytes_are_not_proven_code_data_classification
8013B000-52087f62238fe7583ee8339708f6029b1954e50ff849c11c467225a69d95ca52,20480,0,17308,3172,0x0:0x4;0x43A0:0x5000,,candidate_spans_and_remaining_bytes_are_not_proven_code_data_classification
8013B000-522bd0fa7457a6adbb3630e521bed3246128fc6ba8fb780cc33d53ece4fb45a8,20480,0,5860,14620,0x0:0x4;0x16E8:0x5000,,candidate_spans_and_remaining_bytes_are_not_proven_code_data_classification
8013B000-523389bd8171022d7c7526e9e1299d3f445540a58356f68aec66f35df8613212,20480,0,0,20480,0x0:0x5000,0xE40;0x1204,candidate_spans_and_remaining_bytes_are_not_proven_code_data_classification
8013B000-5238183e0baf50f498ebd0242cd73a65560b604dbc3e675bcadf2236f13ef226,20480,0,6900,13580,0x0:0x4;0x1AF8:0x5000,,candidate_spans_and_remaining_bytes_are_not_proven_code_data_classification
8013B000-5272e34d1420613262998c501deaf417e6ed72b3973c3748a801ae530d69df61,20480,0,8188,12292,0x0:0x4;0x2000:0x5000,,candidate_spans_and_remaining_bytes_are_not_proven_code_data_classification
8013B000-52b02558acdb857c43f0584d38647067974bfe3aa9fdc1db6bbb6a6c4c7b16ee,20480,0,0,20480,0x0:0x5000,0x22A4,candidate_spans_and_remaining_bytes_are_not_proven_code_data_classification
8013B000-52c0239ca470f1130c3dacd40f79af3731bd8cb1b3602abc1aa8438ca9d0b630,20480,0,6196,14284,0x0:0x4;0x1838:0x5000,0x2FB8,candidate_spans_and_remaining_bytes_are_not_proven_code_data_classification
8013B000-53368ff64243379f34de1dc09d7c3e751bda69896b8034fabf71e7abaa05a549,20480,0,0,20480,0x0:0x5000,0xE40;0x1204,candidate_spans_and_remaining_bytes_are_not_proven_code_data_classification
8013B000-534451c389140e1e08e0413d376cef2c7fed156332235f99820411edde660d23,20480,0,11952,8528,0x0:0x4;0x2EB4:0x5000,,candidate_spans_and_remaining_bytes_are_not_proven_code_data_classification
8013B000-536160e21d99527cf72bf00a56b7b255f0794dd32b3b56dce82cd7caba3c230a,20480,0,6320,14160,0x0:0x4;0x18B4:0x5000,0x21D4,candidate_spans_and_remaining_bytes_are_not_proven_code_data_classification
8013B000-5362488bfa70ce0090f59530826a02508f11a6af598b39b702e4ad06c56b1874,20480,0,6364,14116,0x0:0x4;0x18E0:0x5000,0x258C,candidate_spans_and_remaining_bytes_are_not_proven_code_data_classification
8013B000-5367e8d81d2be376b472909cfaa6d8c76da72e6cc08b855a23ea8e32c6c24cd6,20480,0,10312,10168,0x0:0x4;0x284C:0x5000,,candidate_spans_and_remaining_bytes_are_not_proven_code_data_classification
8013B000-53796fa75461a9f6e5a86c239aef709614ec7115daaa3ff01226f79ad8df196b,20480,0,8412,12068,0x0:0x4;0x20E0:0x5000,0x29A8;0x2D14;0x4004;0x4F54,candidate_spans_and_remaining_bytes_are_not_proven_code_data_classification
8013B000-5380ced09348940e0a703682a8b15d3a1a698cbcdfeb9a48a5ba8881b075ee6b,20480,0,11720,8760,0x0:0x4;0x2DCC:0x5000,,candidate_spans_and_remaining_bytes_are_not_proven_code_data_classification
8013B000-53bb2f49620b25e484cea1115c0193a6832ff40387562ffc04dceb500dcf38a2,20480,0,6196,14284,0x0:0x4;0x1838:0x5000,0x2FB8,candidate_spans_and_remaining_bytes_are_not_proven_code_data_classification
8013B000-54841c32c3ca3c67ed349e8eaf09120a2180d02e501ed3b50a3e5dffe15c7dac,20480,0,13596,6884,0x0:0x4;0x3520:0x5000,,candidate_spans_and_remaining_bytes_are_not_proven_code_data_classification
8013B000-549430b60ddf35c176003c93d006f12e66c18b480c0496a99357e2829378aa3e,20480,0,0,20480,0x0:0x5000,0x2F68,candidate_spans_and_remaining_bytes_are_not_proven_code_data_classification
8013B000-54a0cf5d3f4935734ba9e5277b1c16786bf0c6352867c19f1c48722a18976940,20480,0,8188,12292,0x0:0x4;0x2000:0x5000,,candidate_spans_and_remaining_bytes_are_not_proven_code_data_classification
8013B000-54c4f862a3cf0d1dda1cd3063acf7890677f568677fd1c80f728fb4615f78dd8,20480,0,3756,16724,0x0:0x4;0xEB0:0x5000,,candidate_spans_and_remaining_bytes_are_not_proven_code_data_classification
8013B000-54ce853a5b7b3c59b4e43ccc9a6c6dcf2f82009aaba11139a58e4f1ddbcc2d08,20480,0,3144,17336,0x0:0x4;0xC4C:0x5000,0xFD4,candidate_spans_and_remaining_bytes_are_not_proven_code_data_classification
8013B000-55022c5455225d15284ace0937d7c94e5075838fbe2ead81cfa892055c908ae6,20480,0,0,20480,0x0:0x5000,0x32A8,candidate_spans_and_remaining_bytes_are_not_proven_code_data_classification
8013B000-555783b1e013628db30003d036298bbd23d751210e659606174f3971eb506a4b,20480,0,18816,1664,0x0:0x4;0x4984:0x5000,,candidate_spans_and_remaining_bytes_are_not_proven_code_data_classification
8013B000-55c4bdb462731200dffae442152641f8f5ff9283ef1a743843a6431fe87e2a07,20480,0,11720,8760,0x0:0x4;0x2DCC:0x5000,,candidate_spans_and_remaining_bytes_are_not_proven_code_data_classification
8013B000-55cc90ba7aa965de928bac5619279bce9c1adb8ea4deea22f07a8635eacb845c,20480,0,10440,10040,0x0:0x4;0x28CC:0x5000,,candidate_spans_and_remaining_bytes_are_not_proven_code_data_classification
8013B000-560c872a307c751c10e6c2a111da6b54143ba85e8320106941b7c972fa0653b9,20480,0,7808,12672,0x0:0x4;0x1E84:0x5000,0x20D8,candidate_spans_and_remaining_bytes_are_not_proven_code_data_classification
8013B000-56195d33051800f2a05c8f0734cd2ab59dc298fe691610739f6545af660c05b3,20480,0,6688,13792,0x0:0x4;0x1A24:0x5000,,candidate_spans_and_remaining_bytes_are_not_proven_code_data_classification
8013B000-561d1cbc218b8d41fd28e6f50bf35ea97884ac24a0fbd4f82cbd28eff5b44178,20480,0,5560,14920,0x0:0x4;0x15BC:0x5000,0x2004;0x3004,candidate_spans_and_remaining_bytes_are_not_proven_code_data_classification
8013B000-569e0f1eda11c037a5b1ec626e8c3d36d473730e06063e7568432813b23f31cf,20480,0,10956,9524,0x0:0x4;0x2AD0:0x5000,,candidate_spans_and_remaining_bytes_are_not_proven_code_data_classification
8013B000-56b17877eddbabcd30aad9bedb51f8c182828f6433aa2159a613136aae7b8db1,20480,0,7292,13188,0x0:0x4;0x1C80:0x5000,,candidate_spans_and_remaining_bytes_are_not_proven_code_data_classification
8013B000-56f703522b3401a31fcd93cb7381f8a706fec43ed7beaa15cf306a87552e657b,20480,0,8188,12292,0x0:0x4;0x2000:0x5000,,candidate_spans_and_remaining_bytes_are_not_proven_code_data_classification
8013B000-5711a5f3dfe2a930cd37cc2eb38a431c0048545efa4046ff53a4beb2408f04bb,20480,0,11720,8760,0x0:0x4;0x2DCC:0x5000,,candidate_spans_and_remaining_bytes_are_not_proven_code_data_classification
8013B000-5763fcbab8e980ca5951ac69193cb02d687d2b3f194d6cf3fc192d0b795cc8d1,20480,0,0,20480,0x0:0x5000,0x4ADC,candidate_spans_and_remaining_bytes_are_not_proven_code_data_classification
8013B000-576b111fc5fdc18c4827ec92167c685629950bfe3469115966ca6024a69fc79a,20480,0,13920,6560,0x0:0x4;0x3664:0x5000,,candidate_spans_and_remaining_bytes_are_not_proven_code_data_classification
8013B000-5782bea49410f690e226279060bca6cbb524bfe87afcd3665d38df45c38e0f90,20480,0,6708,13772,0x0:0x4;0x1A38:0x5000,,candidate_spans_and_remaining_bytes_are_not_proven_code_data_classification
8013B000-57a6d093aa07d2f8b2c29ebcb878b334edeef8e9d3805fa569c2a5deebfd68cf,20480,0,0,20480,0x0:0x5000,0x3CD8,candidate_spans_and_remaining_bytes_are_not_proven_code_data_classification
8013B000-57f6bad894df4d9d879a7de17a12e6fe615847e5aac6773e1eecda6b34d6d5e4,20480,0,11896,8584,0x0:0x4;0x2E7C:0x5000,,candidate_spans_and_remaining_bytes_are_not_proven_code_data_classification
8013B000-580895a5dbd3fc79281bc2cafde36231430c6321118ac38ea7cc79e0ad7fac97,20480,0,0,20480,0x0:0x5000,0x1F30,candidate_spans_and_remaining_bytes_are_not_proven_code_data_classification
8013B000-587de89600e670e004af8272d358d76f377918dbbbd746bafbdc7f7606a8a37d,20480,0,0,20480,0x0:0x5000,0xE40;0x1204,candidate_spans_and_remaining_bytes_are_not_proven_code_data_classification
8013B000-58883374743739ca1720b0160d56d8d7191533fbddd1e3d69af3f21330790dec,20480,0,14740,5740,0x0:0x4;0x3998:0x5000,,candidate_spans_and_remaining_bytes_are_not_proven_code_data_classification
8013B000-58d6837b229fb88f0a24b5ce7a0c63c79d1bce6532cdb5909ba18b82fc66d456,20480,0,7616,12864,0x0:0x4;0x1DC4:0x5000,,candidate_spans_and_remaining_bytes_are_not_proven_code_data_classification
8013B000-58e353268b75f60bd4f50f1d905e85c263fdb81698f3326f0f158f074dc9c4f7,20480,0,15292,5188,0x0:0x4;0x3BC0:0x5000,,candidate_spans_and_remaining_bytes_are_not_proven_code_data_classification
8013B000-58ed3eca83e5c8e01a38f965369a3a0610abd6d8325e36a751635ae77e4de794,20480,0,5860,14620,0x0:0x4;0x16E8:0x5000,,candidate_spans_and_remaining_bytes_are_not_proven_code_data_classification
8013B000-5912f63681b472f46a6f5714897e33377410f585064f80e9542d7ba4081129e4,20480,0,7612,12868,0x0:0x4;0x1DC0:0x5000,,candidate_spans_and_remaining_bytes_are_not_proven_code_data_classification
8013B000-5948035d328f80c0a7d855f7693941e16862c92251274435be2683cb9529cfd5,20480,0,0,20480,0x0:0x5000,0x3CD8,candidate_spans_and_remaining_bytes_are_not_proven_code_data_classification
8013B000-59bf55a0ab9ed849778a3403f864d55208d1c409ceb40ee9d0d294da4876576f,20480,0,5004,15476,0x0:0x4;0x1390:0x5000,,candidate_spans_and_remaining_bytes_are_not_proven_code_data_classification
8013B000-5a916a0fca4a7f46dacc236583696ca32365422f7cebc85bc0985fefceba88bb,20480,0,5292,15188,0x0:0x4;0x14B0:0x5000,,candidate_spans_and_remaining_bytes_are_not_proven_code_data_classification
8013B000-5abb35619ceced825a18b3d23933480996974b341d63b53bbc3f1a474d096384,20480,0,2384,18096,0x0:0x4;0x954:0x5000,0xE2C,candidate_spans_and_remaining_bytes_are_not_proven_code_data_classification
8013B000-5ac3c134bc95a2ec309cea6eea395714b09e32dc60408dcf030993aab8fbec3c,20480,0,12468,8012,0x0:0x4;0x30B8:0x5000,,candidate_spans_and_remaining_bytes_are_not_proven_code_data_classification
8013B000-5ac4653b101c3831ea58a44c64d7ae7365c59bc302086e300aef77bd6aa77ea1,20480,0,4656,15824,0x0:0x4;0x1234:0x5000,0x1C1C,candidate_spans_and_remaining_bytes_are_not_proven_code_data_classification
8013B000-5ada86d9544dc729e57f62f92b50a1cd791a2eddda98698b60dd19243feeaa33,20480,0,0,20480,0x0:0x5000,0x2358,candidate_spans_and_remaining_bytes_are_not_proven_code_data_classification
8013B000-5add980b5e73b4bfaa3a30bb110daaa290e225e84e849e34f26cdfa2bba3b056,20480,0,9164,11316,0x0:0x4;0x23D0:0x5000,,candidate_spans_and_remaining_bytes_are_not_proven_code_data_classification
8013B000-5ae547ba868a5af39ed45c589f95cb1aaf22b2230f65a9f1ab7b57dc8bf8539a,20480,0,0,20480,0x0:0x5000,0x4BC8,candidate_spans_and_remaining_bytes_are_not_proven_code_data_classification
8013B000-5ae89f0ac9a7a9a15a7b8dc0b785eef8a2d0479565b47e11d00952cd4015f8f7,20480,0,6708,13772,0x0:0x4;0x1A38:0x5000,,candidate_spans_and_remaining_bytes_are_not_proven_code_data_classification
8013B000-5b0ef69d9531cb706fc11177b2087a1aea30e1051a595a6b0e1dad06fb25af7a,20480,0,10312,10168,0x0:0x4;0x284C:0x5000,,candidate_spans_and_remaining_bytes_are_not_proven_code_data_classification
8013B000-5b1ec46cac6e308daaa51861a74021630eba533d6e31b0b6b54152abffb38ed9,20480,0,8412,12068,0x0:0x4;0x20E0:0x5000,,candidate_spans_and_remaining_bytes_are_not_proven_code_data_classification
8013B000-5b9b72cf9cbaa48641025a45e46860456afcdcdfe993be2ed1e42b4b62fed507,20480,0,8836,11644,0x0:0x4;0x2288:0x5000,,candidate_spans_and_remaining_bytes_are_not_proven_code_data_classification
8013B000-5be875c9d058ca30b88e739c78d31094dc4e5143d18b078e3ffb90a2edf58631,20480,0,11572,8908,0x0:0x4;0x2D38:0x5000,,candidate_spans_and_remaining_bytes_are_not_proven_code_data_classification
8013B000-5bfa01f8dcec215e6af8f38a31fafba02e6ebaf3b30e94bbdade5687e7f49ae0,20480,0,6196,14284,0x0:0x4;0x1838:0x5000,,candidate_spans_and_remaining_bytes_are_not_proven_code_data_classification
8013B000-5c7ef7a2942b63b750a68ccc890ec133c00f4e21877af6311f6d6ab680a8ef24,20480,0,6488,13992,0x0:0x4;0x195C:0x5000,0x328C,candidate_spans_and_remaining_bytes_are_not_proven_code_data_classification
8013B000-5d40a2df9df59910583d7ab3a72368e41f7bd0812cf39e2fa7e8468702ff8144,20480,0,13528,6952,0x0:0x4;0x34DC:0x5000,,candidate_spans_and_remaining_bytes_are_not_proven_code_data_classification
8013B000-5d71c4b9a460f3dc37116e93b6e00e2fec9cb8e9f36c326d6a7c90c00afde66f,20480,0,6320,14160,0x0:0x4;0x18B4:0x5000,,candidate_spans_and_remaining_bytes_are_not_proven_code_data_classification
8013B000-5d8e1c72aa016a577feb6c4570f80000f9b76fe268aefe33a13505890688ac29,20480,0,9208,11272,0x0:0x4;0x23FC:0x5000,,candidate_spans_and_remaining_bytes_are_not_proven_code_data_classification
8013B000-5db7aaaddbfeccf663d56d1acb107409055a838b00bc52469e461918b735eed3,20480,0,0,20480,0x0:0x5000,0x22A4,candidate_spans_and_remaining_bytes_are_not_proven_code_data_classification
8013B000-5e3a2cda52059347f4b96197a0f25bbe8161df651e901d019bbdbd1628096bea,20480,0,7612,12868,0x0:0x4;0x1DC0:0x5000,,candidate_spans_and_remaining_bytes_are_not_proven_code_data_classification
8013B000-5e57a93db21f36ab04d3d5057016213de0b81f12472428373aa80a812a60d7c3,20480,0,15528,4952,0x0:0x4;0x3CAC:0x5000,0x4078,candidate_spans_and_remaining_bytes_are_not_proven_code_data_classification
8013B000-5ea2094d75da810b272f6ef2092e85ad22aa3c093176014ca3dae5c2d59d0d77,20480,0,4272,16208,0x0:0x4;0x10B4:0x5000,,candidate_spans_and_remaining_bytes_are_not_proven_code_data_classification
8013B000-5eb451f53161c70c93a4d83bab12f6abb78996b8de9f4cd286e76f0144a2318a,20480,0,7516,12964,0x0:0x4;0x1D60:0x5000,,candidate_spans_and_remaining_bytes_are_not_proven_code_data_classification
8013B000-5ebac535e23e83ddb8002c19f244589420ffb00c1367648bffc9f021601890fa,20480,0,15884,4596,0x0:0x4;0x3E10:0x5000,0x4EA0,candidate_spans_and_remaining_bytes_are_not_proven_code_data_classification
8013B000-5eeaf7dd789871b579ea8df3f71ff2d1d56f426e620e0dad9939dab108a5f3f8,20480,0,14620,5860,0x0:0x4;0x3920:0x5000,,candidate_spans_and_remaining_bytes_are_not_proven_code_data_classification
8013B000-5ef41f4a3e91391ce01f53abb7b87e495a62bea5913032774b1e0e5046593e3f,20480,0,6320,14160,0x0:0x4;0x18B4:0x5000,,candidate_spans_and_remaining_bytes_are_not_proven_code_data_classification
8013B000-5ffa4d819b05abd8551bf7e3b4d99db4c6e21f7db89e238a4c84b8ed2616d321,20480,0,5440,15040,0x0:0x4;0x1544:0x5000,0x44B8,candidate_spans_and_remaining_bytes_are_not_proven_code_data_classification
8013B000-602687153985e3318792d23d8a8b96414c658e0cfa32ef8513020453f0b2a97d,20480,0,9992,10488,0x0:0x4;0x270C:0x5000,,candidate_spans_and_remaining_bytes_are_not_proven_code_data_classification
8013B000-6098f48efac91a6117eac809d5c834d675cde7054221dd0ef061b66d208c4926,20480,0,6420,14060,0x0:0x4;0x1918:0x5000,,candidate_spans_and_remaining_bytes_are_not_proven_code_data_classification
8013B000-611964d29f8a941ceca578425fb3ea983d00e176ecda9b985b4bd9e56d12ece7,20480,0,3764,16716,0x0:0x4;0xEB8:0x5000,,candidate_spans_and_remaining_bytes_are_not_proven_code_data_classification
8013B000-611ccb23435663d1e2cf8cdef8d098e8beb1034b1110b77bdfffc9098f0e45fb,20480,0,7364,13116,0x0:0x4;0x1CC8:0x5000,,candidate_spans_and_remaining_bytes_are_not_proven_code_data_classification
8013B000-612618c9da7c5e7a3ee06fbc86ca262021c6dc331dfeea1600cdfa661bbd82e9,20480,0,9452,11028,0x0:0x4;0x24F0:0x5000,,candidate_spans_and_remaining_bytes_are_not_proven_code_data_classification
8013B000-613a40a63e589facbbaa76851655ce18c175f4cc2c1909fc188d005cf558783f,20480,0,6892,13588,0x0:0x4;0x1AF0:0x5000,,candidate_spans_and_remaining_bytes_are_not_proven_code_data_classification
8013B000-616959a1b09702b46d0309f5dc0bb2cc0b850dac5458feb346c637d4e0e43602,20480,0,9164,11316,0x0:0x4;0x23D0:0x5000,,candidate_spans_and_remaining_bytes_are_not_proven_code_data_classification
8013B000-61e36f6784085e76c81a334fc2eaab06090ea2f8d2c95c33bea290138421fcaf,20480,0,0,20480,0x0:0x5000,0xE40;0x1204,candidate_spans_and_remaining_bytes_are_not_proven_code_data_classification
8013B000-621b0016cd8da46cb99b26a193fd3724e245540b7274c4b4fdde80c633be4497,20480,0,6196,14284,0x0:0x4;0x1838:0x5000,0x2FB8,candidate_spans_and_remaining_bytes_are_not_proven_code_data_classification
8013B000-622dfbecece32bfa099d3dfcbf577b6805c531ab768d1f121725d6feb24888e9,20480,0,5560,14920,0x0:0x4;0x15BC:0x5000,0x239C,candidate_spans_and_remaining_bytes_are_not_proven_code_data_classification
8013B000-62403b92e15483d59425989d67ca8b12ec328c0b3789fc4a9978a2d6e2a0c451,20480,0,6204,14276,0x0:0x4;0x1840:0x5000,0x2914,candidate_spans_and_remaining_bytes_are_not_proven_code_data_classification
8013B000-625f0b5e34b9d7a36d87e95ff344a03f06c4b80fec9b192b53642b39e191f1c1,20480,0,4840,15640,0x0:0x4;0x12EC:0x5000,,candidate_spans_and_remaining_bytes_are_not_proven_code_data_classification
8013B000-62b5bd393520653526b52baee1f94a2d45e65e203b3cd5b981968b6dcbe8aa38,20480,0,4484,15996,0x0:0x4;0x1188:0x5000,0x1BF4,candidate_spans_and_remaining_bytes_are_not_proven_code_data_classification
8013B000-62c20aae334b3753dfe718d0a12bcbafd4e88ca96467615b7101b85c503b6adc,20480,0,11572,8908,0x0:0x4;0x2D38:0x5000,,candidate_spans_and_remaining_bytes_are_not_proven_code_data_classification
8013B000-633c343112ca22bd2e02c30c86001f6ae8cc2a0768056495c19819d40871816d,20480,0,17308,3172,0x0:0x4;0x43A0:0x5000,,candidate_spans_and_remaining_bytes_are_not_proven_code_data_classification
8013B000-63942daa03f42e6cc874d1630e32d763f72de82dfeed8d595216b9c91b262729,20480,0,6420,14060,0x0:0x4;0x1918:0x5000,,candidate_spans_and_remaining_bytes_are_not_proven_code_data_classification
8013B000-6450e423b877a544f9582deea6859f5f445e9ecd30f71b74bf23058f31a1451c,20480,0,6712,13768,0x0:0x4;0x1A3C:0x5000,,candidate_spans_and_remaining_bytes_are_not_proven_code_data_classification
8013B000-64a427eefabf572dee3a4f26425e0164a419914097e2793d828137274b731ab6,20480,0,4484,15996,0x0:0x4;0x1188:0x5000,0x1BF4,candidate_spans_and_remaining_bytes_are_not_proven_code_data_classification
8013B000-65696b90cba70a0f3e44097394e3f7dc719982f132a7d0ac0b5538b456df4a67,20480,0,6700,13780,0x0:0x4;0x1A30:0x5000,,candidate_spans_and_remaining_bytes_are_not_proven_code_data_classification
8013B000-65815c9b7d4dc19d89f1bd435dd0d9c63e3e4c2512dbb310f5ecd5623fa7b88e,20480,0,0,20480,0x0:0x5000,0x4ADC,candidate_spans_and_remaining_bytes_are_not_proven_code_data_classification
8013B000-658ab1a1cd1a2061ee697ac53263f6e4ad594b7b297dd5305fdb501040fa63cb,20480,0,3932,16548,0x0:0x4;0xF60:0x5000,0x19C8,candidate_spans_and_remaining_bytes_are_not_proven_code_data_classification
8013B000-65eb5241c54e339aba2a17ed07950d4377a8ad7c8794bc68aa1e5196f9e02068,20480,0,3144,17336,0x0:0x4;0xC4C:0x5000,,candidate_spans_and_remaining_bytes_are_not_proven_code_data_classification
8013B000-65fc8b54822bc1b946a9e256d334341dd9b2a6d1d8c6713d9a824633ee4a5e1f,20480,0,12212,8268,0x0:0x4;0x2FB8:0x5000,0x3D04,candidate_spans_and_remaining_bytes_are_not_proven_code_data_classification
8013B000-664692e6e74c8e2187d2d3be4264692ff381e03d47b318a8ab0f1b55aa55bafb,20480,0,0,20480,0x0:0x5000,0x19F0,candidate_spans_and_remaining_bytes_are_not_proven_code_data_classification
8013B000-66578259dccf0b678fd185e7b1cbbb79e3fde351c618f6b006f55e12b5e952ff,20480,0,7524,12956,0x0:0x4;0x1D68:0x5000,0x2C5C,candidate_spans_and_remaining_bytes_are_not_proven_code_data_classification
8013B000-670a82da3dd6b4655d5b57d5cc6e24bc61f283ee88556029f94b11555bbb34c2,20480,0,8412,12068,0x0:0x4;0x20E0:0x5000,,candidate_spans_and_remaining_bytes_are_not_proven_code_data_classification
8013B000-6724652fd7e57978af85dc8de0f05a011aba4182d2c4d50ab988282d79145c8d,20480,0,14644,5836,0x0:0x4;0x3938:0x5000,,candidate_spans_and_remaining_bytes_are_not_proven_code_data_classification
8013B000-677acf0f0e24de0197d29a08de43cc66c5a4265f97489cedba2ab335550a645d,20480,0,4436,16044,0x0:0x4;0x1158:0x5000,,candidate_spans_and_remaining_bytes_are_not_proven_code_data_classification
8013B000-67bddce145b1a9327af7f7f684829d74c25feb3dc1a79868d60c39098cfdebac,20480,0,10312,10168,0x0:0x4;0x284C:0x5000,,candidate_spans_and_remaining_bytes_are_not_proven_code_data_classification
8013B000-67c6feb10ddc4fdbf38789690b75b189cac756ab5b6867d71ecfd0b04211ca74,20480,0,10440,10040,0x0:0x4;0x28CC:0x5000,,candidate_spans_and_remaining_bytes_are_not_proven_code_data_classification
8013B000-67f2d860a89e0d71974d7ea5c5f5e08005515703818ad6b7c279ba47de58e36c,20480,0,13712,6768,0x0:0x4;0x3594:0x5000,,candidate_spans_and_remaining_bytes_are_not_proven_code_data_classification
8013B000-685f656824ba40e6e180dc95a15642ec0ec58aee0551fc424fa68301cda7c194,20480,0,3296,17184,0x0:0x4;0xCE4:0x5000,0x1388;0x1900;0x1DD0,candidate_spans_and_remaining_bytes_are_not_proven_code_data_classification
8013B000-688d380a65062330e4de1078a1f91e09ea88aab7fab0df691606fac0c7302e32,20480,0,7500,12980,0x0:0x4;0x1D50:0x5000,0x2130;0x2A94;0x2F90;0x377C,candidate_spans_and_remaining_bytes_are_not_proven_code_data_classification
8013B000-68a14e3e209f4949ba6269c1607b4eecbf97862065a540f7ec5c9674af2b9050,20480,0,13412,7068,0x0:0x4;0x3468:0x5000,,candidate_spans_and_remaining_bytes_are_not_proven_code_data_classification
8013B000-68c8ea3045d850849743c77607835ec4656a728f9fc4ebac81388b354f22d13c,20480,0,6708,13772,0x0:0x4;0x1A38:0x5000,,candidate_spans_and_remaining_bytes_are_not_proven_code_data_classification
8013B000-69049e54eeabc836717e49b6ecb476d717a039e4797662b56518ff552b468114,20480,0,3316,17164,0x0:0x4;0xCF8:0x5000,0x161C,candidate_spans_and_remaining_bytes_are_not_proven_code_data_classification
8013B000-6906582e226a03a2e31feb2a9dea9965a7620b11312ba43da6463cbfc7e92d78,20480,0,4160,16320,0x0:0x4;0x1044:0x5000,,candidate_spans_and_remaining_bytes_are_not_proven_code_data_classification
8013B000-69178963b016310e2b55c6002cecf48d145324602e0ce1d53b075a36ff90d40c,20480,0,0,20480,0x0:0x5000,0xE40;0x1204,candidate_spans_and_remaining_bytes_are_not_proven_code_data_classification
8013B000-6918d20c37c8a0a3f948c0a8ac50c8afef8cb170fb1cacffb322476c6a2e5a3b,20480,0,15048,5432,0x0:0x4;0x3ACC:0x5000,,candidate_spans_and_remaining_bytes_are_not_proven_code_data_classification
8013B000-693252201b8e5cdca1a324a597dd36c81e0be36cb56b6acc6fdd50d82f1b4672,20480,0,6324,14156,0x0:0x4;0x18B8:0x5000,,candidate_spans_and_remaining_bytes_are_not_proven_code_data_classification
8013B000-6940ba1c3033c9758cb7b19ade1e010044f897429abc969c4fa45e684d8e1386,20480,0,4984,15496,0x0:0x4;0x137C:0x5000,,candidate_spans_and_remaining_bytes_are_not_proven_code_data_classification
8013B000-694baf5adbd4a8443f19af90e3fcb6024968eaceb51e796a07b358a1e9c9598a,20480,0,11792,8688,0x0:0x4;0x2E14:0x5000,0x3164;0x3870;0x3B84;0x3F04;0x426C,candidate_spans_and_remaining_bytes_are_not_proven_code_data_classification
8013B000-694c691fbf050a5cef0339251456b033398c871896e7b68be6c861a45d17a180,20480,0,4160,16320,0x0:0x4;0x1044:0x5000,0x1DFC,candidate_spans_and_remaining_bytes_are_not_proven_code_data_classification
8013B000-69775183c6a3906ad6f99649661acf87b806019e0d8bba5b4f5b7afb4a06225a,20480,0,6320,14160,0x0:0x4;0x18B4:0x5000,,candidate_spans_and_remaining_bytes_are_not_proven_code_data_classification
8013B000-698bbb0c1fc8bf2ec6c123810b8caf7703deeae4ab1a1b4fe2a49bcf444c4951,20480,0,8560,11920,0x0:0x4;0x2174:0x5000,,candidate_spans_and_remaining_bytes_are_not_proven_code_data_classification
8013B000-6993119fcb665806bf3e5b38fc2cc35366c78449d01a8c4f3795d797f5866d86,20480,0,8024,12456,0x0:0x4;0x1F5C:0x5000,0x3874,candidate_spans_and_remaining_bytes_are_not_proven_code_data_classification
8013B000-69eb344c28438cd8fb978cf8f46c58d55d05bae0c6c91c512639323461527783,20480,0,7884,12596,0x0:0x4;0x1ED0:0x5000,,candidate_spans_and_remaining_bytes_are_not_proven_code_data_classification
8013B000-6abecbb4ce502f83e747dc16ceef8f3b5f5e5d2635709696b8e957bf35b0da05,20480,0,18532,1948,0x0:0x4;0x4868:0x5000,0x4CAC,candidate_spans_and_remaining_bytes_are_not_proven_code_data_classification
8013B000-6aeca17d6db52d7a10ccb116315204bfa984ed4fab95bfc66d2dab539210f43a,20480,0,0,20480,0x0:0x5000,0x3F90,candidate_spans_and_remaining_bytes_are_not_proven_code_data_classification
8013B000-6b07363243e37a6d457212d2fa3695bd68703ca988c6ecee819976add05918c2,20480,0,3296,17184,0x0:0x4;0xCE4:0x5000,,candidate_spans_and_remaining_bytes_are_not_proven_code_data_classification
8013B000-6b0b6bf080a97b849e4338be004b157696d59c12247fcd8af0ee01b1680c4cc7,20480,0,3440,17040,0x0:0x4;0xD74:0x5000,0x11B0,candidate_spans_and_remaining_bytes_are_not_proven_code_data_classification
8013B000-6bb9f66ca93e9676ed9214d0fd2e80ae157eb15d2905b19471aa9cc4cf35d0af,20480,0,9132,11348,0x0:0x4;0x23B0:0x5000,,candidate_spans_and_remaining_bytes_are_not_proven_code_data_classification
8013B000-6bffaceae7c82005242e288b6287b5b8136ae14caaf266f2caeddaa9cd786525,20480,0,12216,8264,0x0:0x4;0x2FBC:0x5000,,candidate_spans_and_remaining_bytes_are_not_proven_code_data_classification
8013B000-6c5c3cde536155c2f34fe908be994e29ac492fea6ad77704f233e57a2d745cc7,20480,0,8188,12292,0x0:0x4;0x2000:0x5000,,candidate_spans_and_remaining_bytes_are_not_proven_code_data_classification
8013B000-6c7167c39e1a5a915f25356ac0401ad456cc32c10287029c4452831c37e8fe24,20480,0,9132,11348,0x0:0x4;0x23B0:0x5000,,candidate_spans_and_remaining_bytes_are_not_proven_code_data_classification
8013B000-6ca905ebd285f15b09028fb55d865daef8e9824fe76f649937dc4c537a47ebeb,20480,0,4788,15692,0x0:0x4;0x12B8:0x5000,0x1954;0x4004;0x49C8;0x4D68,candidate_spans_and_remaining_bytes_are_not_proven_code_data_classification
8013B000-6ce34ff5cc482da59b3f2f355e61c8b1f11d2a41936f4160b9cc4b2ec8ebc38a,20480,0,6488,13992,0x0:0x4;0x195C:0x5000,0x328C,candidate_spans_and_remaining_bytes_are_not_proven_code_data_classification
8013B000-6d07c6a95731bd15dd6d7396bdb2809722262221a163ca7600fcd2470c61e20e,20480,0,0,20480,0x0:0x5000,0x2358,candidate_spans_and_remaining_bytes_are_not_proven_code_data_classification
8013B000-6d2fa0a9a0ba14d7e95893533095f7de0dcd3fb8ba7050bfa9d0c8b1259e9bb3,20480,0,6524,13956,0x0:0x4;0x1980:0x5000,,candidate_spans_and_remaining_bytes_are_not_proven_code_data_classification
8013B000-6d66576ff28d1b1e5af912e525a14a64068c9d18c4feb3ffbd1b56d4728eadf0,20480,0,0,20480,0x0:0x5000,0x1348,candidate_spans_and_remaining_bytes_are_not_proven_code_data_classification
8013B000-6daf7421025e8476f62dc5026055243dd67325f24262aa36455288600ff2a56f,20480,0,5736,14744,0x0:0x4;0x166C:0x5000,0x1AF0;0x4004,candidate_spans_and_remaining_bytes_are_not_proven_code_data_classification
8013B000-6ddab7abbabaa5a48bcdb60f53f45729708b22623f814e802d2336190b5030e3,20480,0,0,20480,0x0:0x5000,0x3404,candidate_spans_and_remaining_bytes_are_not_proven_code_data_classification
8013B000-6e8317dc07437ee600ffcab3e6417f2d3cee55aeb798ebba63eab59af6cf05d5,20480,0,10092,10388,0x0:0x4;0x2770:0x5000,,candidate_spans_and_remaining_bytes_are_not_proven_code_data_classification
8013B000-6e8bb998ca3e8fbd5638421796cc5fcc83d717fc6a6627d73f81fee98a58c062,20480,0,7572,12908,0x0:0x4;0x1D98:0x5000,0x1E80,candidate_spans_and_remaining_bytes_are_not_proven_code_data_classification
8013B000-6f2aa821d3314ad968b39076c64b068af0d26e5289964c6706faf3754522595a,20480,0,9224,11256,0x0:0x4;0x240C:0x5000,,candidate_spans_and_remaining_bytes_are_not_proven_code_data_classification
8013B000-6f5a20a4f6db38956bf3b084e832b0b42224b53e60917386b075f11d8d6107a9,20480,0,0,20480,0x0:0x5000,0xE40;0x1204,candidate_spans_and_remaining_bytes_are_not_proven_code_data_classification
8013B000-6f6f8a753ae412b8ed584c915dc4adda04ce54748255fb02b02fb3475b6368cf,20480,0,9132,11348,0x0:0x4;0x23B0:0x5000,,candidate_spans_and_remaining_bytes_are_not_proven_code_data_classification
8013B000-6f8a53c168c21ce679b2d60b5ecefed4f45aed32bb49ad77d17adef4754f128b,20480,0,6196,14284,0x0:0x4;0x1838:0x5000,,candidate_spans_and_remaining_bytes_are_not_proven_code_data_classification
8013B000-6fcf3e4b6f419d50cd27095e8e54b199b7d1a31a4932a74cddadb1e37bc0e342,20480,0,0,20480,0x0:0x5000,0x19F0,candidate_spans_and_remaining_bytes_are_not_proven_code_data_classification
8013B000-6ff2cf20715cdf95d52e865582ae1e244536c6fa8a697ac9ad27d7ac93c9219d,20480,0,11404,9076,0x0:0x4;0x2C90:0x5000,,candidate_spans_and_remaining_bytes_are_not_proven_code_data_classification
8013B000-6ff5d6d7ba260b9161e96a03b276d035339bf605b55c8bda6f93a06bba67d196,20480,0,0,20480,0x0:0x5000,0x2F68,candidate_spans_and_remaining_bytes_are_not_proven_code_data_classification
8013B000-701776ef42be249917aff8b0f7941414b144892bb5a66991368cd007ed926a6d,20480,0,5292,15188,0x0:0x4;0x14B0:0x5000,,candidate_spans_and_remaining_bytes_are_not_proven_code_data_classification
8013B000-7069c24a956189631ddab5da63dec78776122a768c8e9f84cab69a079501b33e,20480,0,11604,8876,0x0:0x4;0x2D58:0x5000,,candidate_spans_and_remaining_bytes_are_not_proven_code_data_classification
8013B000-7090f47ff7df5c55cb9cf0381e31c180836db4b0744a32e48f11e8c7925bb885,20480,0,0,20480,0x0:0x5000,0x3F90,candidate_spans_and_remaining_bytes_are_not_proven_code_data_classification
8013B000-70b8128d1b7c9d0ec7d773bbfaa62177156f41d4aa1ca7a37a7e5aee2c02ed65,20480,0,0,20480,0x0:0x5000,0x2C24,candidate_spans_and_remaining_bytes_are_not_proven_code_data_classification
8013B000-70bf863b8665738505d426e4f6b29859c6c3d0b684c3d7bbca19158c9fd8b520,20480,0,4984,15496,0x0:0x4;0x137C:0x5000,0x3784,candidate_spans_and_remaining_bytes_are_not_proven_code_data_classification
8013B000-70e2a66d29ebd56ecd51a2145bdcb44f741902d9a5aab3d6f0286b3da4ffd0e0,20480,0,16488,3992,0x0:0x4;0x406C:0x5000,,candidate_spans_and_remaining_bytes_are_not_proven_code_data_classification
8013B000-714afd5a138d6b08c259710fcbf5cd395d8a323151cf29e9ccedc347b58e27e2,20480,0,0,20480,0x0:0x5000,0x32A8,candidate_spans_and_remaining_bytes_are_not_proven_code_data_classification
8013B000-715640549921d8d7df5cacc98244bf5d9f9cc9031298bf58bfe6dc9e96d4f6be,20480,0,4976,15504,0x0:0x4;0x1374:0x5000,,candidate_spans_and_remaining_bytes_are_not_proven_code_data_classification
8013B000-7167cd1c7b6cf56c77265bd306660b74db7138fac1923775c807869fe81699a7,20480,0,17732,2748,0x0:0x4;0x4548:0x5000,,candidate_spans_and_remaining_bytes_are_not_proven_code_data_classification
8013B000-71b71570170a0b83d75ef561d2006b70a5c889e9740ad9622a0695b12b985e77,20480,0,6196,14284,0x0:0x4;0x1838:0x5000,0x2FB8,candidate_spans_and_remaining_bytes_are_not_proven_code_data_classification
8013B000-727e19fe9af380184bbeb84a01b658ae4c2453d70ea37b45e9bd709c067bb6c3,20480,0,8412,12068,0x0:0x4;0x20E0:0x5000,,candidate_spans_and_remaining_bytes_are_not_proven_code_data_classification
8013B000-72934cbc3f16fb7f0e7e90f35558d7b580614e70cea3ee5c3df33936a6123252,20480,0,6708,13772,0x0:0x4;0x1A38:0x5000,,candidate_spans_and_remaining_bytes_are_not_proven_code_data_classification
8013B000-7294949cd3723559ca41402a04fbe38c9ebe16590d86af5fc2722d25ba2c8b1a,20480,0,0,20480,0x0:0x5000,0xE40;0x1204,candidate_spans_and_remaining_bytes_are_not_proven_code_data_classification
8013B000-72bbe54aa1f912d4bfdb92f3a3f9b3fbe0728a658fb254738c13dd7e26bdda82,20480,0,11752,8728,0x0:0x4;0x2DEC:0x5000,,candidate_spans_and_remaining_bytes_are_not_proven_code_data_classification
8013B000-72f7fa6bdd6355a1d61f8e6e95529a79d23e6877936d77ecd1756d7a7f7dc126,20480,0,10148,10332,0x0:0x4;0x27A8:0x5000,,candidate_spans_and_remaining_bytes_are_not_proven_code_data_classification
8013B000-733765b88aaefc679fb20055b08d5048724cc1783e4fa0c35f85cea8b7326c48,20480,0,5004,15476,0x0:0x4;0x1390:0x5000,0x1ABC,candidate_spans_and_remaining_bytes_are_not_proven_code_data_classification
8013B000-734b2bdbd1d9aa5fb7807906e2d63d25a80d89247464443c84ad93ea17ec9561,20480,0,13896,6584,0x0:0x4;0x364C:0x5000,,candidate_spans_and_remaining_bytes_are_not_proven_code_data_classification
8013B000-73bb02dd27c244c6e95212ddf042d125359d6e98ec6e8deee65482586493e86a,20480,0,7608,12872,0x0:0x4;0x1DBC:0x5000,,candidate_spans_and_remaining_bytes_are_not_proven_code_data_classification
8013B000-73e430dadfc237a490e69373aa0918f9f79c1cfb8d0345c78b814eb87a6219b6,20480,0,6196,14284,0x0:0x4;0x1838:0x5000,,candidate_spans_and_remaining_bytes_are_not_proven_code_data_classification
8013B000-73f5767288fdd10f2ea577191702e4030a8f9ce5cb99a199a069c1bf22a2d2f7,20480,0,13600,6880,0x0:0x4;0x3524:0x5000,,candidate_spans_and_remaining_bytes_are_not_proven_code_data_classification
8013B000-7458876706e75a26584e5b88b65f19047e60dbd1f036186ca79e1a4e84a5b7c2,20480,0,9740,10740,0x0:0x4;0x2610:0x5000,,candidate_spans_and_remaining_bytes_are_not_proven_code_data_classification
8013B000-745b294df3feea6f44e30f28b2bcdcca5811f6df5ecfb73eca7679bc40677081,20480,0,8412,12068,0x0:0x4;0x20E0:0x5000,,candidate_spans_and_remaining_bytes_are_not_proven_code_data_classification
8013B000-750c5d9e47bd962025a75a3af93d3a3309f3e762ed8253d0bec46ed3f0570565,20480,0,3296,17184,0x0:0x4;0xCE4:0x5000,0x1260;0x19AC;0x1E94;0x2408;0x271C;0x2A9C;0x2E04,candidate_spans_and_remaining_bytes_are_not_proven_code_data_classification
8013B000-755a69d5eb69feb70a103ad73f001807ee000f50d95017b927cd01cb8d549d51,20480,0,4384,16096,0x0:0x4;0x1124:0x5000,,candidate_spans_and_remaining_bytes_are_not_proven_code_data_classification
8013B000-75752f7a98e2c9f4ae1216999e1eb30081821608537f3c5f4aae41aac0d4dad2,20480,0,4788,15692,0x0:0x4;0x12B8:0x5000,,candidate_spans_and_remaining_bytes_are_not_proven_code_data_classification
8013B000-75862fe3f702ce468190a6167f0641468b71d232b089d61448dd031754ac0854,20480,0,5276,15204,0x0:0x4;0x14A0:0x5000,,candidate_spans_and_remaining_bytes_are_not_proven_code_data_classification
8013B000-760b2750cdf273531161b2ee96b72e902d629b490b5b48fbfecb70fb6d4e003a,20480,0,2584,17896,0x0:0x4;0xA1C:0x5000,0x1284,candidate_spans_and_remaining_bytes_are_not_proven_code_data_classification
8013B000-76e15f9b1d7c9ef7c059b77b091194e0c8c489d27b7b32110957d05ce6328ff8,20480,0,7852,12628,0x0:0x4;0x1EB0:0x5000,0x3ED4,candidate_spans_and_remaining_bytes_are_not_proven_code_data_classification
8013B000-772dbcc5f906637d5b22a6395358bd000cf799f677b3a5c1fee0a42caac0f99f,20480,0,7292,13188,0x0:0x4;0x1C80:0x5000,0x3D8C,candidate_spans_and_remaining_bytes_are_not_proven_code_data_classification
8013B000-773cbd8bdb598a16c15d16b4b96d5e765b1a16b6746252020946c33855c7c835,20480,0,2384,18096,0x0:0x4;0x954:0x5000,0xE2C,candidate_spans_and_remaining_bytes_are_not_proven_code_data_classification
8013B000-7769397532d5bda0489768ab95e20efb527f5e6f695d534d0f8ddf6d4865505f,20480,0,4292,16188,0x0:0x4;0x10C8:0x5000,0x1E98,candidate_spans_and_remaining_bytes_are_not_proven_code_data_classification
8013B000-7771826be22bcdaf4c115d83e232eb361eff29ce49817f5afe1a0a2c8fedd196,20480,0,8412,12068,0x0:0x4;0x20E0:0x5000,,candidate_spans_and_remaining_bytes_are_not_proven_code_data_classification
8013B000-78153bcb8bbfbd0f2a8ab3bc02ce51ea9c7e9918a142daff8e0b73b529f57d5e,20480,0,9452,11028,0x0:0x4;0x24F0:0x5000,,candidate_spans_and_remaining_bytes_are_not_proven_code_data_classification
8013B000-7852310280d83227d885d9eab3eeba2fb8d56df81f3c596a84e01a076609c9da,20480,0,6572,13908,0x0:0x4;0x19B0:0x5000,0x2DCC,candidate_spans_and_remaining_bytes_are_not_proven_code_data_classification
8013B000-7882e984002d43c91fe64bbaaa3eddbd6174a0b19255ea776c8c557304f8d82c,20480,0,6900,13580,0x0:0x4;0x1AF8:0x5000,,candidate_spans_and_remaining_bytes_are_not_proven_code_data_classification
8013B000-78aa15fbe30069bb783142272213bf13b335b82a7bf2007053b3510dd31df73f,20480,0,9476,11004,0x0:0x4;0x2508:0x5000,,candidate_spans_and_remaining_bytes_are_not_proven_code_data_classification
8013B000-78c0165b52d55a8137ac1f944cdf085faff6005eee8948e44baba24ce9de8fb7,20480,0,12152,8328,0x0:0x4;0x2F7C:0x5000,,candidate_spans_and_remaining_bytes_are_not_proven_code_data_classification
8013B000-78e1399d1bcb6531ca5933a6ae6a599da60edfbc4dad9808ebb0952f536631e1,20480,0,0,20480,0x0:0x5000,0x2358,candidate_spans_and_remaining_bytes_are_not_proven_code_data_classification
8013B000-78ed1ac8a05627101e155d0647e43118e57994a3fec2112ceec9ab99ed0c95b9,20480,0,8008,12472,0x0:0x4;0x1F4C:0x5000,,candidate_spans_and_remaining_bytes_are_not_proven_code_data_classification
8013B000-79355f299ec554d3a7313ab19ae7e663678efc8559f590e1214c508c9089934a,20480,0,11688,8792,0x0:0x4;0x2DAC:0x5000,,candidate_spans_and_remaining_bytes_are_not_proven_code_data_classification
8013B000-79dd9006d3878e27dced7a5a4e84487c36010be2ee13807cd138b02eec516577,20480,0,9992,10488,0x0:0x4;0x270C:0x5000,,candidate_spans_and_remaining_bytes_are_not_proven_code_data_classification
8013B000-79e05b04285c2dd0afd1473121e01fa5352fabb04326bb670e84c83a6abf329d,20480,0,14360,6120,0x0:0x4;0x381C:0x5000,,candidate_spans_and_remaining_bytes_are_not_proven_code_data_classification
8013B000-7a9402ae8ae2b6b7297e154f186fc6e1c4ceea43e880472e8966b832edd26dca,20480,0,4068,16412,0x0:0x4;0xFE8:0x5000,0x258C,candidate_spans_and_remaining_bytes_are_not_proven_code_data_classification
8013B000-7ad45fc47fb9768869861d7fd5635b8fcc0f05291799f765e7b47645fa3cd8a6,20480,0,8412,12068,0x0:0x4;0x20E0:0x5000,,candidate_spans_and_remaining_bytes_are_not_proven_code_data_classification
8013B000-7b033c38dd9932aa27ccb2e4e8b208c4d4fa83d3f3fc040b2162d079d1b61d86,20480,0,14360,6120,0x0:0x4;0x381C:0x5000,,candidate_spans_and_remaining_bytes_are_not_proven_code_data_classification
8013B000-7b8027da55d29e30c97b0a4502ce852c72308d49e18c15d845d40f16d190227c,20480,0,0,20480,0x0:0x5000,0x22A4,candidate_spans_and_remaining_bytes_are_not_proven_code_data_classification
8013B000-7bc3fb7abbea5ab70eaed65bac0301f0e3d5b26e9fe20076b9a947db22e416c1,20480,0,3316,17164,0x0:0x4;0xCF8:0x5000,0x161C,candidate_spans_and_remaining_bytes_are_not_proven_code_data_classification
8013B000-7c4d41a4cfc8c32c31b7eaebac27bb42fd8f3af70a892181cc135a8b33b7e187,20480,0,0,20480,0x0:0x5000,0x4DC4,candidate_spans_and_remaining_bytes_are_not_proven_code_data_classification
8013B000-7cd6dd0e8ef1dc35edea2efe89c72af0db228b42fea84022bd48281f2f4145f0,20480,0,0,20480,0x0:0x5000,0xE40;0x1204,candidate_spans_and_remaining_bytes_are_not_proven_code_data_classification
8013B000-7cf1fe3b02be3afb658997d74cee7b3ec71e1236c06f30cf527c69922905822a,20480,0,3816,16664,0x0:0x4;0xEEC:0x5000,,candidate_spans_and_remaining_bytes_are_not_proven_code_data_classification
8013B000-7d422fc34b4c5cc6f31639d8f112fa86524a7286183ed611389a8c4a391c8155,20480,0,3296,17184,0x0:0x4;0xCE4:0x5000,0x16A0,candidate_spans_and_remaining_bytes_are_not_proven_code_data_classification
8013B000-7d42796edfc477362449ee6a3380fbcddee2e215d482a31770babb6c190a6d46,20480,0,6196,14284,0x0:0x4;0x1838:0x5000,0x36A0;0x4194;0x456C;0x4884;0x4C08,candidate_spans_and_remaining_bytes_are_not_proven_code_data_classification
8013B000-7d53e3c6d3c757a56064695498aadd4e19f1b411709b28aadaefdcfea9d4f7ee,20480,0,0,20480,0x0:0x5000,0x19F0,candidate_spans_and_remaining_bytes_are_not_proven_code_data_classification
8013B000-7d65e79c70b889f63e3a743c395ef9d75262204d508a2a09f0bdf4dac9a9aa83,20480,0,8732,11748,0x0:0x4;0x2220:0x5000,,candidate_spans_and_remaining_bytes_are_not_proven_code_data_classification
8013B000-7d806191ce17719d4d09eebf211f8a0dd98e8ff02a9410893650da41e09322ed,20480,0,16488,3992,0x0:0x4;0x406C:0x5000,,candidate_spans_and_remaining_bytes_are_not_proven_code_data_classification
8013B000-7d80b7bb5f1cd8345b88629478a13c8774568fc0549e5f47a2ce896594526aa8,20480,0,7148,13332,0x0:0x4;0x1BF0:0x5000,0x32D8,candidate_spans_and_remaining_bytes_are_not_proven_code_data_classification
8013B000-7da993e031d9a570ef13438e7b6cecab311682459cf48e0dbcd0a867db72b123,20480,0,0,20480,0x0:0x5000,0x4DC4,candidate_spans_and_remaining_bytes_are_not_proven_code_data_classification
8013B000-7dad40b9111be081c9e5302fa440d39d663ad2765148cd71a5d0dde31c4f9dfe,20480,0,18256,2224,0x0:0x4;0x4754:0x5000,,candidate_spans_and_remaining_bytes_are_not_proven_code_data_classification
8013B000-7db10117ef370352c7ee8aff967f47fec2b9476fc53fd4ea2ba008fca4b6491f,20480,0,0,20480,0x0:0x5000,0x4ADC,candidate_spans_and_remaining_bytes_are_not_proven_code_data_classification
8013B000-7dc755c8c32e598710d291fea82b7c7127378ddd844e9cc104a371d3453ccf96,20480,0,5136,15344,0x0:0x4;0x1414:0x5000,,candidate_spans_and_remaining_bytes_are_not_proven_code_data_classification
8013B000-7e7b7d478655b2c8371172b50c1cf09fc2dfa5b16e938f79b8b4b9a5e6dd86a0,20480,0,4532,15948,0x0:0x4;0x11B8:0x5000,0x14A4,candidate_spans_and_remaining_bytes_are_not_proven_code_data_classification
8013B000-7ea07f71a47a21a45206979945754147394c7ddb3dda62d712d008e44e632963,20480,0,6816,13664,0x0:0x4;0x1AA4:0x5000,,candidate_spans_and_remaining_bytes_are_not_proven_code_data_classification
8013B000-7ea22291014df9289150b6e75dbbd6d34c851e43f0cd686bcf1b8f57ce84593b,20480,0,0,20480,0x0:0x5000,0x31C8,candidate_spans_and_remaining_bytes_are_not_proven_code_data_classification
8013B000-7ec2859a7b30ed289a3ad4a93a39b098cb3c06591f442335b62b1b7bb497a5f9,20480,0,4952,15528,0x0:0x4;0x135C:0x5000,0x2C34,candidate_spans_and_remaining_bytes_are_not_proven_code_data_classification
8013B000-7edec371778aa1a5b7e0dc9807322a319c78e3bd202ab9e4ee2ab9877c36ec65,20480,0,6700,13780,0x0:0x4;0x1A30:0x5000,,candidate_spans_and_remaining_bytes_are_not_proven_code_data_classification
8013B000-7efcd300997f00da697ade0416e3ccaba7382e71c186c62c475e1ff0fb351c14,20480,0,6140,14340,0x0:0x4;0x1800:0x5000,,candidate_spans_and_remaining_bytes_are_not_proven_code_data_classification
8013B000-7f43cf466bcd1970c5a4b94263ed9df948b7000bbcf2006a685c6b6d3ec7de8a,20480,0,0,20480,0x0:0x5000,0x3CD8,candidate_spans_and_remaining_bytes_are_not_proven_code_data_classification
8013B000-7f518ddbb6dba4dc9442c1c4c3eaaaafeda5c31e7a57266717b52491f2bc6633,20480,0,7148,13332,0x0:0x4;0x1BF0:0x5000,0x317C,candidate_spans_and_remaining_bytes_are_not_proven_code_data_classification
8013B000-7f56a7c8371a7f90ad7d80aee4e835d393ec52f56272f293566ddd3ab92ac690,20480,0,0,20480,0x0:0x5000,0x2C24,candidate_spans_and_remaining_bytes_are_not_proven_code_data_classification
8013B000-7fceb1c62922b05a5f4072a0351579cb726db58b5d44b1e9a64670a89323ee56,20480,0,0,20480,0x0:0x5000,0x19F0,candidate_spans_and_remaining_bytes_are_not_proven_code_data_classification
8013B000-7fe4544ea1ad8c5586fd712569f5f9000b24f2f4b035e267c94522457d9bdd43,20480,0,0,20480,0x0:0x5000,0x44A4;0x4DB8,candidate_spans_and_remaining_bytes_are_not_proven_code_data_classification
8013B000-7feaa610832511bc8fc5672b114c6119ea1f4c7d47c60c62a386c61cb33693a2,20480,0,6900,13580,0x0:0x4;0x1AF8:0x5000,,candidate_spans_and_remaining_bytes_are_not_proven_code_data_classification
8013B000-80390d5af588e7a519f42699c8d53f1e3241793745dde0372b47713001298f24,20480,0,5188,15292,0x0:0x4;0x1448:0x5000,,candidate_spans_and_remaining_bytes_are_not_proven_code_data_classification
8013B000-8041bc89fd5c0b9297a10ee60593900b6ccb8d43cd3e488df053209722fcd2c4,20480,0,6196,14284,0x0:0x4;0x1838:0x5000,0x44B8,candidate_spans_and_remaining_bytes_are_not_proven_code_data_classification
8013B000-80452160feb7077e59934b29d01317e9539780a837c88b9bef5064175d2f76d4,20480,0,14360,6120,0x0:0x4;0x381C:0x5000,,candidate_spans_and_remaining_bytes_are_not_proven_code_data_classification
8013B000-80882c87e094ad9da82ad897ff02b23bd61ff87381983726ea92acfa63b278a3,20480,0,9164,11316,0x0:0x4;0x23D0:0x5000,,candidate_spans_and_remaining_bytes_are_not_proven_code_data_classification
8013B000-80c204b762e230c39ac1368acfbd388b60300da6eeeef2bbf3dfc7c5728c187c,20480,0,18532,1948,0x0:0x4;0x4868:0x5000,0x4CAC,candidate_spans_and_remaining_bytes_are_not_proven_code_data_classification
8013B000-80f49083bda48ccae90b86c99d35cc78eb4cb1c3e6809353936b42f82dcce7d2,20480,0,7788,12692,0x0:0x4;0x1E70:0x5000,,candidate_spans_and_remaining_bytes_are_not_proven_code_data_classification
8013B000-81266c7427e8a87b6c106534dd31ebb2da6ede7bbe5352853bdebd6804430dd0,20480,0,6892,13588,0x0:0x4;0x1AF0:0x5000,,candidate_spans_and_remaining_bytes_are_not_proven_code_data_classification
8013B000-8190d3138fbda4b17285466e41f3163598d3c262325e766d55ea53dc0f3e4901,20480,0,2904,17576,0x0:0x4;0xB5C:0x5000,0xF3C;0x1364;0x1850;0x1CA4,candidate_spans_and_remaining_bytes_are_not_proven_code_data_classification
8013B000-821eb887c100073f8bbcb72923a8b413046c4371085af967c965912aa33a610f,20480,0,5348,15132,0x0:0x4;0x14E8:0x5000,0x1638;0x2B4C,candidate_spans_and_remaining_bytes_are_not_proven_code_data_classification
8013B000-8226a77f1b75c28b503b6fb6eb1eb769ac56e17a7be11bf4f665c448ebd16446,20480,0,10440,10040,0x0:0x4;0x28CC:0x5000,,candidate_spans_and_remaining_bytes_are_not_proven_code_data_classification
8013B000-830182be3e88452b10dc5eb68435b3928ccda43893195b11355c8ac85083faf7,20480,0,3296,17184,0x0:0x4;0xCE4:0x5000,0x16A0,candidate_spans_and_remaining_bytes_are_not_proven_code_data_classification
8013B000-8303b51a232d65f91af49b7abe72ef72c2793de3819f3825e4fafb183bb63353,20480,0,0,20480,0x0:0x5000,0x32A8,candidate_spans_and_remaining_bytes_are_not_proven_code_data_classification
8013B000-832cbb3fedd251975505ee8051520cc5ff2053a17fec0e77f572b48d95e70240,20480,0,12212,8268,0x0:0x4;0x2FB8:0x5000,,candidate_spans_and_remaining_bytes_are_not_proven_code_data_classification
8013B000-834fc44f382dc0fab4178d5f0e91ce26ebf12c24effb6392286b180575594e7f,20480,0,11112,9368,0x0:0x4;0x2B6C:0x5000,,candidate_spans_and_remaining_bytes_are_not_proven_code_data_classification
8013B000-8357d01e8895e178b17df75e32a0e3e116c42c3399cc5ed8df4853a8dc0a15f5,20480,0,13168,7312,0x0:0x4;0x3374:0x5000,,candidate_spans_and_remaining_bytes_are_not_proven_code_data_classification
8013B000-8366717636931ad6edd93e5d557572d000010313d2960a99191b10146d07d16e,20480,0,0,20480,0x0:0x5000,0x32A8,candidate_spans_and_remaining_bytes_are_not_proven_code_data_classification
8013B000-8393622192e77d5a4acb5267b11007dbc6961993401ce901ba92517e56ed9557,20480,0,13712,6768,0x0:0x4;0x3594:0x5000,,candidate_spans_and_remaining_bytes_are_not_proven_code_data_classification
8013B000-83f2d16d2de255b70ad6bf88c1c6cb2351c06003c777be8804d160b9400acda6,20480,0,7524,12956,0x0:0x4;0x1D68:0x5000,0x2C5C,candidate_spans_and_remaining_bytes_are_not_proven_code_data_classification
8013B000-83f797f464d50797f938fddd8c9e36e18fb23dab7a5c45cfe3c02c5427b18469,20480,0,9992,10488,0x0:0x4;0x270C:0x5000,,candidate_spans_and_remaining_bytes_are_not_proven_code_data_classification
8013B000-8415707d8bb80342bccc7156848605c8f887295f774763560e758c4142c6141a,20480,0,13600,6880,0x0:0x4;0x3524:0x5000,,candidate_spans_and_remaining_bytes_are_not_proven_code_data_classification
8013B000-842a981b1793811f1308f36946e7eaeae58a43fa5bc5a78d5cecd6fefc721f29,20480,0,10440,10040,0x0:0x4;0x28CC:0x5000,,candidate_spans_and_remaining_bytes_are_not_proven_code_data_classification
8013B000-844d883b98e8cf32f9be776e52b635855d7b96ad616738b3e7e45e3f534a6dcd,20480,0,6940,13540,0x0:0x4;0x1B20:0x5000,,candidate_spans_and_remaining_bytes_are_not_proven_code_data_classification
8013B000-845094c3a4540ebd33aafb7d7a383ea92e7398cf09c95176e8174a45cccfe491,20480,0,5004,15476,0x0:0x4;0x1390:0x5000,,candidate_spans_and_remaining_bytes_are_not_proven_code_data_classification
8013B000-84a3f346d48374b556e21d2305b3b49e3c78ba75182d8c120f31dbecaa16e557,20480,0,6772,13708,0x0:0x4;0x1A78:0x5000,0x23F0,candidate_spans_and_remaining_bytes_are_not_proven_code_data_classification
8013B000-852e25314bf65ca13ddfc87b6cd2e9879e4fd1f43301c20e2ff2b79659c820e5,20480,0,8684,11796,0x0:0x4;0x21F0:0x5000,,candidate_spans_and_remaining_bytes_are_not_proven_code_data_classification
8013B000-85ee578028e6e45ac1482489c785f1648217352205edab96d5e6f8e0169740be,20480,0,0,20480,0x0:0x5000,0x2F68,candidate_spans_and_remaining_bytes_are_not_proven_code_data_classification
8013B000-860d8f1425bed195bcf48d0ff1d24be57c66f4f69149a5c2f1588da87333d648,20480,0,13496,6984,0x0:0x4;0x34BC:0x5000,,candidate_spans_and_remaining_bytes_are_not_proven_code_data_classification
8013B000-861e17c5456e07807aed9497f6c56b4ad962a73494855fa040ca4edf6cf4baea,20480,0,4484,15996,0x0:0x4;0x1188:0x5000,0x1BF4,candidate_spans_and_remaining_bytes_are_not_proven_code_data_classification
8013B000-863872f2d61b1bcb93f55b674441c5449919438124d69ecfec78127f0d9fe950,20480,0,0,20480,0x0:0x5000,0x1348,candidate_spans_and_remaining_bytes_are_not_proven_code_data_classification
8013B000-863a0375a40ddff69e03143f068d5f9f382f91030f5281dbaebf6ed2283f1dc6,20480,0,0,20480,0x0:0x5000,0x32A8,candidate_spans_and_remaining_bytes_are_not_proven_code_data_classification
8013B000-8662b340d7dd1194b42ba161b04774300bc64c8e243218a4a1937a3fd8ba2697,20480,0,8684,11796,0x0:0x4;0x21F0:0x5000,,candidate_spans_and_remaining_bytes_are_not_proven_code_data_classification
8013B000-8667e9feb9149cf0fe4d2f54fdae75418a64d35feeae2808a8e0df97aab8a13d,20480,0,12216,8264,0x0:0x4;0x2FBC:0x5000,,candidate_spans_and_remaining_bytes_are_not_proven_code_data_classification
8013B000-866a166bfdc9527be25132215d11a805283be71a682b9fa9499203f8ebef4efa,20480,0,0,20480,0x0:0x5000,0x19F0,candidate_spans_and_remaining_bytes_are_not_proven_code_data_classification
8013B000-86ff29029feec381eed0557ad6a36f08acd96a57759899fa4cd9d66662253049,20480,0,6488,13992,0x0:0x4;0x195C:0x5000,0x328C,candidate_spans_and_remaining_bytes_are_not_proven_code_data_classification
8013B000-8753d04dd646ae29889c29d8b193e2e74b0bac746bfaa82eb7f991c8163dcd2c,20480,0,6708,13772,0x0:0x4;0x1A38:0x5000,,candidate_spans_and_remaining_bytes_are_not_proven_code_data_classification
8013B000-875ceddab305686deae9451a500ae6ad38383d2ccd6b02845ef54e9621b33727,20480,0,7524,12956,0x0:0x4;0x1D68:0x5000,0x2C5C,candidate_spans_and_remaining_bytes_are_not_proven_code_data_classification
8013B000-8762de3b86c19064917a04fa29c04eebb8fcadb3ebb2696ad816c26ef3fbdefc,20480,0,18532,1948,0x0:0x4;0x4868:0x5000,0x4CAC,candidate_spans_and_remaining_bytes_are_not_proven_code_data_classification
8013B000-8793d955f9e39d2e2ce44648179bf30dd57589df768c08951e122f0baffb724c,20480,0,10860,9620,0x0:0x4;0x2A70:0x5000,,candidate_spans_and_remaining_bytes_are_not_proven_code_data_classification
8013B000-879f6b3f3bcad2fedb97d6649bf70fc6457f305e7e0b5353db3abc1021d7f846,20480,0,6708,13772,0x0:0x4;0x1A38:0x5000,,candidate_spans_and_remaining_bytes_are_not_proven_code_data_classification
8013B000-87b0d1fd9e0787841e168ddad82d2841b434d7a6b4d2c4c45d6a4d37c1ca7a80,20480,0,9668,10812,0x0:0x4;0x25C8:0x5000,0x3790,candidate_spans_and_remaining_bytes_are_not_proven_code_data_classification
8013B000-87e24c273e4452f9f78939640e4386f0ed71ec5f6df5ae54e274ca604dae10a2,20480,0,13412,7068,0x0:0x4;0x3468:0x5000,,candidate_spans_and_remaining_bytes_are_not_proven_code_data_classification
8013B000-87f2e24210c969690675b093b5b8f725e048064f38d5e5b0ede68562ef878f6c,20480,0,4440,16040,0x0:0x4;0x115C:0x5000,,candidate_spans_and_remaining_bytes_are_not_proven_code_data_classification
8013B000-884c166f6038f4049ee5c187eeb6060232740609591e5a0b2092916f86bb73f4,20480,0,8024,12456,0x0:0x4;0x1F5C:0x5000,,candidate_spans_and_remaining_bytes_are_not_proven_code_data_classification
8013B000-88680ae902ddd3dc3dac672c67b60fe84c3788827de255aa4baa86afe3ad0bc7,20480,0,9452,11028,0x0:0x4;0x24F0:0x5000,,candidate_spans_and_remaining_bytes_are_not_proven_code_data_classification
8013B000-886ed17d09caf66231b4dffeaf538deb058f192bbec63b41bf6a05a32233f4be,20480,0,9440,11040,0x0:0x4;0x24E4:0x5000,,candidate_spans_and_remaining_bytes_are_not_proven_code_data_classification
8013B000-8881d488aeb9962fd4351e4b0f1679b4b354826ed724cfc1709975d685a45739,20480,0,11364,9116,0x0:0x4;0x2C68:0x5000,,candidate_spans_and_remaining_bytes_are_not_proven_code_data_classification
8013B000-888a2e640dd1a2c14fd6fa5ba8d1503f3235a2447297d7d71327902c722f93c0,20480,0,6708,13772,0x0:0x4;0x1A38:0x5000,,candidate_spans_and_remaining_bytes_are_not_proven_code_data_classification
8013B000-88bcff787644bddca8e185b65a5bf05db990210c890cc29a8414d88cd4cfd372,20480,0,8412,12068,0x0:0x4;0x20E0:0x5000,,candidate_spans_and_remaining_bytes_are_not_proven_code_data_classification
8013B000-88c48c2f0936d6c6027bb02a913ec5ff28ad175c2ce8d4fb0cc27b9a96e32276,20480,0,6048,14432,0x0:0x4;0x17A4:0x5000,,candidate_spans_and_remaining_bytes_are_not_proven_code_data_classification
8013B000-88e0adef699d140c0b83c9f06464bf9515674725ab65a887588f920402f3afb4,20480,0,8412,12068,0x0:0x4;0x20E0:0x5000,0x4420,candidate_spans_and_remaining_bytes_are_not_proven_code_data_classification
8013B000-88e86eae36d433ded15e694fd47a6bbe3744c32d284b9f4a4f531ac3e48c8937,20480,0,0,20480,0x0:0x5000,0x19F0,candidate_spans_and_remaining_bytes_are_not_proven_code_data_classification
8013B000-896d54fc5b7014d1f2048755af48696fe68dad204909ec63d94878b39dd1b289,20480,0,11348,9132,0x0:0x4;0x2C58:0x5000,,candidate_spans_and_remaining_bytes_are_not_proven_code_data_classification
8013B000-899b3fd953fbefcc96733da1ec55577e6bbaaabb7e8f4b329cbfa256800629e5,20480,0,4504,15976,0x0:0x4;0x119C:0x5000,,candidate_spans_and_remaining_bytes_are_not_proven_code_data_classification
8013B000-89ad254d7c96e6f965d1506c62a4dd182c44afe81c32907e74e5bd8e688fc802,20480,0,6204,14276,0x0:0x4;0x1840:0x5000,,candidate_spans_and_remaining_bytes_are_not_proven_code_data_classification
8013B000-89d6137bb17ad1126769d158623c6b152dec795700081833e3a723ae559c6946,20480,0,0,20480,0x0:0x5000,0x3CD8,candidate_spans_and_remaining_bytes_are_not_proven_code_data_classification
8013B000-8ac78c020b06a5e78e4ab29123f6c2edde77f630fd5bebe4d2967e956aac8408,20480,0,6708,13772,0x0:0x4;0x1A38:0x5000,,candidate_spans_and_remaining_bytes_are_not_proven_code_data_classification
8013B000-8afd0a290e9c6cd57f7fafa7a719987cdfaeba0e693f7b7e212beacad63cebb2,20480,0,9092,11388,0x0:0x4;0x2388:0x5000,,candidate_spans_and_remaining_bytes_are_not_proven_code_data_classification
8013B000-8b02f71b65c3646bec299c0d2963d0739afd7898178e95daa469e597186cf232,20480,0,0,20480,0x0:0x5000,0x2C24,candidate_spans_and_remaining_bytes_are_not_proven_code_data_classification
8013B000-8b7aece1c896e0b9a1b9b5c65846f09c0ea14335a9b0c79ba39afd582926f9e9,20480,0,4260,16220,0x0:0x4;0x10A8:0x5000,,candidate_spans_and_remaining_bytes_are_not_proven_code_data_classification
8013B000-8b930e777c021c164102b2c84cd26276f9899b50f20b385fd8e2ecb4e1978d33,20480,0,7608,12872,0x0:0x4;0x1DBC:0x5000,,candidate_spans_and_remaining_bytes_are_not_proven_code_data_classification
8013B000-8bc34a3d4eb576834aeaa578e904e3b1f55c4946613f8168c024cc16607b5ddf,20480,0,5520,14960,0x0:0x4;0x1594:0x5000,,candidate_spans_and_remaining_bytes_are_not_proven_code_data_classification
8013B000-8bce8df27ea9de89e955653da608479c08ced18f4a7df959f4d7d045128fff72,20480,0,5188,15292,0x0:0x4;0x1448:0x5000,,candidate_spans_and_remaining_bytes_are_not_proven_code_data_classification
8013B000-8bda7c4cdfc66df52982b44a027673f5bb4e3869bfeecef712a61e1089970c96,20480,0,12828,7652,0x0:0x4;0x3220:0x5000,,candidate_spans_and_remaining_bytes_are_not_proven_code_data_classification
8013B000-8bf4fc959bcb363809d1f5babe6a1d9f32190b9a2b253272a1199842abf6655f,20480,0,9260,11220,0x0:0x4;0x2430:0x5000,,candidate_spans_and_remaining_bytes_are_not_proven_code_data_classification
8013B000-8c9ce25cdde94ee84fd6c17dd0a05c347c138831dbdf87829e757ba667516266,20480,0,0,20480,0x0:0x5000,0x4DC4,candidate_spans_and_remaining_bytes_are_not_proven_code_data_classification
8013B000-8cd01f45b4f058b7368807a2b49168c6c16d38ebc47aacf2bd43eb4d523cfd79,20480,0,8412,12068,0x0:0x4;0x20E0:0x5000,,candidate_spans_and_remaining_bytes_are_not_proven_code_data_classification
8013B000-8d19856fdd3b3921f75bfd7e5269b766211a78bc4272ee69b7d1fafd78122da4,20480,0,6700,13780,0x0:0x4;0x1A30:0x5000,,candidate_spans_and_remaining_bytes_are_not_proven_code_data_classification
8013B000-8d2ef0929ccb7573e7bc556bec8f76ebe4a0b7b7bec6e430f6909989620ea4a7,20480,0,3296,17184,0x0:0x4;0xCE4:0x5000,,candidate_spans_and_remaining_bytes_are_not_proven_code_data_classification
8013B000-8d76cca87b1adad0047d14624fb573b0fe4a6663a9333ba2f00fab5270e132be,20480,0,7524,12956,0x0:0x4;0x1D68:0x5000,,candidate_spans_and_remaining_bytes_are_not_proven_code_data_classification
8013B000-8d991e10a0d31135ae49c8ca9688d8d3ae08f87dd61e10ea34e80a8623f0faeb,20480,0,3144,17336,0x0:0x4;0xC4C:0x5000,,candidate_spans_and_remaining_bytes_are_not_proven_code_data_classification
8013B000-8dbdb5b3bb7480d7f38f0e8bf61e17fd128ed3469221f9fc9a815e2d9f4309ee,20480,0,6772,13708,0x0:0x4;0x1A78:0x5000,0x23F0,candidate_spans_and_remaining_bytes_are_not_proven_code_data_classification
8013B000-8e3571c5cdd05c4c285fa8aba5ae16515a1a134d70aa9864f6af3bc5f2c50cf1,20480,0,14740,5740,0x0:0x4;0x3998:0x5000,,candidate_spans_and_remaining_bytes_are_not_proven_code_data_classification
8013B000-8e81269869d234df29abec6bfe61c002ce25d809dfdb2a75ff2b576227a7fdc5,20480,0,13920,6560,0x0:0x4;0x3664:0x5000,0x3AB4,candidate_spans_and_remaining_bytes_are_not_proven_code_data_classification
8013B000-8ec732bf196e21945ab25c4ebe51b1929a61cca5b94d5f2c89cad6d05bb50bac,20480,0,6196,14284,0x0:0x4;0x1838:0x5000,,candidate_spans_and_remaining_bytes_are_not_proven_code_data_classification
8013B000-8eed95feb528ba9db8449eb9e8470487c8b2daccc47fadd79cdf988e15fb26d5,20480,0,0,20480,0x0:0x5000,0x19F0,candidate_spans_and_remaining_bytes_are_not_proven_code_data_classification
8013B000-8f1c82c9f1bf89dc89021c300d5d8dde429676f2d60018fb192240f39f5daab8,20480,0,14652,5828,0x0:0x4;0x3940:0x5000,,candidate_spans_and_remaining_bytes_are_not_proven_code_data_classification
8013B000-8f9aea7a52c57b271918b0e4ed7335e9bf04cf7c6a72358c170733af876d063a,20480,0,7060,13420,0x0:0x4;0x1B98:0x5000,,candidate_spans_and_remaining_bytes_are_not_proven_code_data_classification
8013B000-9004b721231ec0a78cd29ffb0dff09096e946f6728c9a7bc3569f2ca933cda18,20480,0,6872,13608,0x0:0x4;0x1ADC:0x5000,,candidate_spans_and_remaining_bytes_are_not_proven_code_data_classification
8013B000-9019635899e5ce2b44ed6a56890be120a5fbb2de292f31a090b065d1e2022a41,20480,0,17732,2748,0x0:0x4;0x4548:0x5000,,candidate_spans_and_remaining_bytes_are_not_proven_code_data_classification
8013B000-903cd8cccc74069f1f31f82bc61450a64c2acef68c21b7f6fb42c99c17a2b9bf,20480,0,7148,13332,0x0:0x4;0x1BF0:0x5000,0x4BE4,candidate_spans_and_remaining_bytes_are_not_proven_code_data_classification
8013B000-911b5bc31fbf38b031288350df4174d1d66b34c61e224b00c759b72dd1c43c97,20480,0,10332,10148,0x0:0x4;0x2860:0x5000,,candidate_spans_and_remaining_bytes_are_not_proven_code_data_classification
8013B000-912aed75bf0a0c611429d5f2f288b5023177eb12972f107724b79f26ef524fee,20480,0,6488,13992,0x0:0x4;0x195C:0x5000,0x328C,candidate_spans_and_remaining_bytes_are_not_proven_code_data_classification
8013B000-913fd4525a79158ad463467608785bbee0c4dab2740707b68db03aaae3585e46,20480,0,3996,16484,0x0:0x4;0xFA0:0x5000,0x1C90,candidate_spans_and_remaining_bytes_are_not_proven_code_data_classification
8013B000-91566a0e1893464f27c96664f38a894d77aedbf041d8b0fe65769f2b3abe6cab,20480,0,12216,8264,0x0:0x4;0x2FBC:0x5000,,candidate_spans_and_remaining_bytes_are_not_proven_code_data_classification
8013B000-916d27b3d8b4bac3a0c2f9329013511dde8aea1c67020ba097c6ab28e4bf86f7,20480,0,6488,13992,0x0:0x4;0x195C:0x5000,0x328C,candidate_spans_and_remaining_bytes_are_not_proven_code_data_classification
8013B000-917efd320c780f200f2425408fcd98225dc7d5a9dac19222fddae4a8862b80e2,20480,0,7632,12848,0x0:0x4;0x1DD4:0x5000,,candidate_spans_and_remaining_bytes_are_not_proven_code_data_classification
8013B000-918bafdd4077769ee6b1117434c9f3edc7a9e537667f838924bb548852279dcf,20480,0,0,20480,0x0:0x5000,0x3CD8,candidate_spans_and_remaining_bytes_are_not_proven_code_data_classification
8013B000-91d96087cca7a0400261ba1dc7490662c73b7ed267ed6c078774c995cf0b0b87,20480,0,5944,14536,0x0:0x4;0x173C:0x5000,,candidate_spans_and_remaining_bytes_are_not_proven_code_data_classification
8013B000-9216febfd783ff0aca255726404a1543def2b80aad8b97503e301eafd6c655cd,20480,0,10040,10440,0x0:0x4;0x273C:0x5000,,candidate_spans_and_remaining_bytes_are_not_proven_code_data_classification
8013B000-923a45ba36dfb3c5872d566c9217e465e40f77e7c44441fb7e0570c9a7f230df,20480,0,6320,14160,0x0:0x4;0x18B4:0x5000,,candidate_spans_and_remaining_bytes_are_not_proven_code_data_classification
8013B000-9284e53dbd764bf83d37305d9adc9cbffd39d0e3dee94e2f0158944e229b1798,20480,0,6524,13956,0x0:0x4;0x1980:0x5000,0x3844,candidate_spans_and_remaining_bytes_are_not_proven_code_data_classification
8013B000-932c4160532f07980fdd819a176864adf834cb345e19bb7be6ef6fdd650c456c,20480,0,5700,14780,0x0:0x4;0x1648:0x5000,0x2730;0x4004,candidate_spans_and_remaining_bytes_are_not_proven_code_data_classification
8013B000-9333dff0863555c2f79c226e0bff871f0bb2aad575e094451264cc781e80ba20,20480,0,7504,12976,0x0:0x4;0x1D54:0x5000,,candidate_spans_and_remaining_bytes_are_not_proven_code_data_classification
8013B000-933e111168a179f7f1f66f4f0084f4e3ce7fa14cbfb2aa24400003d25171464d,20480,0,8412,12068,0x0:0x4;0x20E0:0x5000,,candidate_spans_and_remaining_bytes_are_not_proven_code_data_classification
8013B000-937eec5ec36f32d9f08d4f638908440903604cf721cb305a0a7471906265c967,20480,0,14644,5836,0x0:0x4;0x3938:0x5000,,candidate_spans_and_remaining_bytes_are_not_proven_code_data_classification
8013B000-93b0b853227181f44042653730acb0beff44c32877b1b2ea1f6604430ed63024,20480,0,8036,12444,0x0:0x4;0x1F68:0x5000,,candidate_spans_and_remaining_bytes_are_not_proven_code_data_classification
8013B000-940cab2cc6d0a12df9648b2650a8d72d1f4f61573be16d6cccca44bcff1e5798,20480,0,4952,15528,0x0:0x4;0x135C:0x5000,,candidate_spans_and_remaining_bytes_are_not_proven_code_data_classification
8013B000-942384faa54a2edc23971304baa7c220480201035f0e27ba0168daf5f997bc21,20480,0,4504,15976,0x0:0x4;0x119C:0x5000,,candidate_spans_and_remaining_bytes_are_not_proven_code_data_classification
8013B000-9433ab4eb210b527cd550f949d3b70d435794f378acb79af0e7480f774ed9ce5,20480,0,16108,4372,0x0:0x4;0x3EF0:0x5000,,candidate_spans_and_remaining_bytes_are_not_proven_code_data_classification
8013B000-9452e911afc94450d715e261538ccb33af78e3dfcf32eec2aa4085d0c1158908,20480,0,4260,16220,0x0:0x4;0x10A8:0x5000,0x20B8,candidate_spans_and_remaining_bytes_are_not_proven_code_data_classification
8013B000-9485c64eca92ad9dcc2ed76b2c04c1a71bec2fd0438b795997bdc4b1a865a71e,20480,0,0,20480,0x0:0x5000,0x2F68,candidate_spans_and_remaining_bytes_are_not_proven_code_data_classification
8013B000-948f7e333502933ae4d500cc4044bc9bf182fd01b24b389885d6e85ca389c354,20480,0,4440,16040,0x0:0x4;0x115C:0x5000,,candidate_spans_and_remaining_bytes_are_not_proven_code_data_classification
8013B000-94e3d2be52321527c07eb1b3eb6770628a60d664e22611d805759073f44c925d,20480,0,15264,5216,0x0:0x4;0x3BA4:0x5000,,candidate_spans_and_remaining_bytes_are_not_proven_code_data_classification
8013B000-94fb756bb1365da588070f0d9e338120e6b5e705958d8701585ac10795ea2c9a,20480,0,0,20480,0x0:0x5000,0x1F6C,candidate_spans_and_remaining_bytes_are_not_proven_code_data_classification
8013B000-952f481f3c1e5f7727c241b4f4b2389c029273a934e74cbdaa4a94520eed119c,20480,0,9132,11348,0x0:0x4;0x23B0:0x5000,,candidate_spans_and_remaining_bytes_are_not_proven_code_data_classification
8013B000-9631f41207991d134077e2f471ec6335ff89ebaed7286e72c10cf091bc59a3c2,20480,0,5860,14620,0x0:0x4;0x16E8:0x5000,,candidate_spans_and_remaining_bytes_are_not_proven_code_data_classification
8013B000-96730e3594e8e4f54dbabbd6f1bd27cc4b0f478daa9cc8c65781a0b8f00845ff,20480,0,6488,13992,0x0:0x4;0x195C:0x5000,0x328C,candidate_spans_and_remaining_bytes_are_not_proven_code_data_classification
8013B000-968c0cb0edeec54e783126de003a3a57ad3315b0c92887db67aba21c02b3a71e,20480,0,5004,15476,0x0:0x4;0x1390:0x5000,,candidate_spans_and_remaining_bytes_are_not_proven_code_data_classification
8013B000-96b669a8d25da1e1ca47fbc66ac1471b8017dc53716fd89704ee34c5be7b42db,20480,0,4260,16220,0x0:0x4;0x10A8:0x5000,0x14AC;0x1B3C;0x21E8;0x26EC;0x2EE4,candidate_spans_and_remaining_bytes_are_not_proven_code_data_classification
8013B000-9746b7a8666e8397efe8747e814ff761bd27bca47e513b38917764131644f178,20480,0,7524,12956,0x0:0x4;0x1D68:0x5000,,candidate_spans_and_remaining_bytes_are_not_proven_code_data_classification
8013B000-97490a6e91576f6e3c3f007208842791561df9c6077e29c2372cd4f0564aa4ae,20480,0,8836,11644,0x0:0x4;0x2288:0x5000,,candidate_spans_and_remaining_bytes_are_not_proven_code_data_classification
8013B000-976722f3d643f4175050b84dd35fa91be44aa509777ea6b7ebb0a85a9e82138a,20480,0,0,20480,0x0:0x5000,0x2358,candidate_spans_and_remaining_bytes_are_not_proven_code_data_classification
8013B000-97b962f8b9f9d60f460f961708fb301cffec1afbfef9213641200473a43c4169,20480,0,6772,13708,0x0:0x4;0x1A78:0x5000,0x23F0,candidate_spans_and_remaining_bytes_are_not_proven_code_data_classification
8013B000-97d8752edc41f708fb956811eb88393847658980d77bf56e4c736713021bf329,20480,0,13036,7444,0x0:0x4;0x32F0:0x5000,,candidate_spans_and_remaining_bytes_are_not_proven_code_data_classification
8013B000-97e96cc166247aa15cf529a604a4e24f3402ed979948e694a42fad2cdd79b002,20480,0,9260,11220,0x0:0x4;0x2430:0x5000,,candidate_spans_and_remaining_bytes_are_not_proven_code_data_classification
8013B000-9811f070c30d2bf9c24ea806619cb185adfe27390d7071005c63cbcb97256a24,20480,0,0,20480,0x0:0x5000,0x4ADC,candidate_spans_and_remaining_bytes_are_not_proven_code_data_classification
8013B000-98a313054755134a2a18b9d9c11a2c5f60444f978860e055e512c4da0fe4d5b8,20480,0,9008,11472,0x0:0x4;0x2334:0x5000,,candidate_spans_and_remaining_bytes_are_not_proven_code_data_classification
8013B000-98b27fef680ac96706e888cbfbe3afe35f0aa9af9a74e62c2c89579110f1c383,20480,0,6700,13780,0x0:0x4;0x1A30:0x5000,,candidate_spans_and_remaining_bytes_are_not_proven_code_data_classification
8013B000-99177fe33deabcd4d11eea6febfbd5c08ce9d4ca36a9c14a8127f08ec1d9c421,20480,0,3868,16612,0x0:0x4;0xF20:0x5000,,candidate_spans_and_remaining_bytes_are_not_proven_code_data_classification
8013B000-9a0633ecb96fdee1416b7225bdf589c3d2c3a47f15b1a2dae371edf8067182b8,20480,0,6140,14340,0x0:0x4;0x1800:0x5000,,candidate_spans_and_remaining_bytes_are_not_proven_code_data_classification
8013B000-9a8764e0dacb96580fca9604bfa37aba2e2de5dba0c89bddef05c4b08c7327db,20480,0,6044,14436,0x0:0x4;0x17A0:0x5000,,candidate_spans_and_remaining_bytes_are_not_proven_code_data_classification
8013B000-9a912381989a7812a7fdf45779276d40592ad384769915b49eef1ebd4be569d7,20480,0,3972,16508,0x0:0x4;0xF88:0x5000,,candidate_spans_and_remaining_bytes_are_not_proven_code_data_classification
8013B000-9a9af1807fefd4b2cfb779590a737eaf6013755798fd4ee20fb9b272c2383d45,20480,0,4440,16040,0x0:0x4;0x115C:0x5000,,candidate_spans_and_remaining_bytes_are_not_proven_code_data_classification
8013B000-9b7e5fd104ac1f4734cd7927504162e494f7e1b2ccd69fd630cc8bad976c06c7,20480,0,0,20480,0x0:0x5000,0x3590,candidate_spans_and_remaining_bytes_are_not_proven_code_data_classification
8013B000-9b9931c9a94724231919e64de3e96b9732db9f1b6b74577e290fe091d477c271,20480,0,7752,12728,0x0:0x4;0x1E4C:0x5000,,candidate_spans_and_remaining_bytes_are_not_proven_code_data_classification
8013B000-9bcf8057d6f8bc4d15d399613af638c8e815f54033a49b5da701ea28afa1cf6b,20480,0,8188,12292,0x0:0x4;0x2000:0x5000,0x2830,candidate_spans_and_remaining_bytes_are_not_proven_code_data_classification
8013B000-9bf3cc0226cf94f3f4fd65229a5a90b1077b4f7237d5e7e502620e43c7cc18bd,20480,0,0,20480,0x0:0x5000,0x19F0,candidate_spans_and_remaining_bytes_are_not_proven_code_data_classification
8013B000-9c06c6bdbff69839d6d85bf3c68c0835e4de2c87caedbf8f1a9b93a011c1b835,20480,0,0,20480,0x0:0x5000,0x19F0,candidate_spans_and_remaining_bytes_are_not_proven_code_data_classification
8013B000-9c54596fb5e2f23addc80ebcab3a9023f64aeff5abbb22b4472e0657fe3e8766,20480,0,0,20480,0x0:0x5000,0x44A4,candidate_spans_and_remaining_bytes_are_not_proven_code_data_classification
8013B000-9c62478e10465c95a2f3bb7d6ca211346e97f8d706bb447708b0725b79c30600,20480,0,14384,6096,0x0:0x4;0x3834:0x5000,,candidate_spans_and_remaining_bytes_are_not_proven_code_data_classification
8013B000-9c6686c7548bde65f3ea30367a557f14c81c0503b62629fe1b21394ce9458a99,20480,0,4180,16300,0x0:0x4;0x1058:0x5000,,candidate_spans_and_remaining_bytes_are_not_proven_code_data_classification
8013B000-9c6a88a1d798ddf7db5f057eb9722dce9dab57dc8efbeedae2e66084213f5ba1,20480,0,9452,11028,0x0:0x4;0x24F0:0x5000,,candidate_spans_and_remaining_bytes_are_not_proven_code_data_classification
8013B000-9cca117a72aeb3a8ab3a5c14f07818aadae31186f217740a85c3ccb70551394b,20480,0,4160,16320,0x0:0x4;0x1044:0x5000,0x1824;0x2C5C,candidate_spans_and_remaining_bytes_are_not_proven_code_data_classification
8013B000-9ce018cb5f6216d9a6b74758c705d95981ac5126077737073191e9398645d1f2,20480,0,0,20480,0x0:0x5000,0x3CD8,candidate_spans_and_remaining_bytes_are_not_proven_code_data_classification
8013B000-9ceba675f9538d305c5d93c05c4acdc3529a73c924c181aca22b527a6e5c5e06,20480,0,5292,15188,0x0:0x4;0x14B0:0x5000,,candidate_spans_and_remaining_bytes_are_not_proven_code_data_classification
8013B000-9d0ae7137b0af9a1ef149ab252f8f9634865d633a16efe232663bdc2d9eff81a,20480,0,0,20480,0x0:0x5000,0x1F6C,candidate_spans_and_remaining_bytes_are_not_proven_code_data_classification
8013B000-9d2484e8b958f2367cf44acb01de1cff561c2656dc37adec0c6088fb6a6cbf34,20480,0,8412,12068,0x0:0x4;0x20E0:0x5000,,candidate_spans_and_remaining_bytes_are_not_proven_code_data_classification
8013B000-9d376ab04f5bc433bb93b97873abbe0ab7bbfacab6de2d3ad2adf31c186ac3d0,20480,0,6420,14060,0x0:0x4;0x1918:0x5000,,candidate_spans_and_remaining_bytes_are_not_proven_code_data_classification
8013B000-9d761aaab405b305826698f88df993e3c0559b3efe3f98b36c04ea893e1c4702,20480,0,9260,11220,0x0:0x4;0x2430:0x5000,,candidate_spans_and_remaining_bytes_are_not_proven_code_data_classification
8013B000-9d884ae50780c7db14e503d3bd76819eb3267f7e81dcd8df04b6f62e2b5f91dc,20480,0,7752,12728,0x0:0x4;0x1E4C:0x5000,0x22A4;0x28D8;0x2FE4;0x32F8;0x3678;0x39E0,candidate_spans_and_remaining_bytes_are_not_proven_code_data_classification
8013B000-9d94ffcc98dc3cf47840937b890aba3e860a32a4d31bd8b92f32b4b617f160f3,20480,0,10440,10040,0x0:0x4;0x28CC:0x5000,0x4D04,candidate_spans_and_remaining_bytes_are_not_proven_code_data_classification
8013B000-9dafdb249c4ce9c11ae7b3a229acefec0b9877ffe22d90a082cc3ab190923457,20480,0,8364,12116,0x0:0x4;0x20B0:0x5000,,candidate_spans_and_remaining_bytes_are_not_proven_code_data_classification
8013B000-9db7b9581b09e0cbd9f02aea0aed814663db58d27cc07cbe708ae6a553c6398d,20480,0,6892,13588,0x0:0x4;0x1AF0:0x5000,,candidate_spans_and_remaining_bytes_are_not_proven_code_data_classification
8013B000-9dbc90f293a804e4d06178b54aaa39bf1f9a86a96df7f1f63c48c58b140da173,20480,0,6524,13956,0x0:0x4;0x1980:0x5000,0x3844,candidate_spans_and_remaining_bytes_are_not_proven_code_data_classification
8013B000-9dfb9185acd5eaf6adc0a1fefebf7ee2a49ba10edbe724be77f1ad0524a7ea3f,20480,0,0,20480,0x0:0x5000,0x3F90,candidate_spans_and_remaining_bytes_are_not_proven_code_data_classification
8013B000-9e133c36133e4ce0653998fab9fd12f5b5a541037a7a7023479bde057e269af7,20480,0,0,20480,0x0:0x5000,0x1F30,candidate_spans_and_remaining_bytes_are_not_proven_code_data_classification
8013B000-9e43aab9ef84ceea1f28d80badd1c45c68d3f6df6250540a69ebbd7cc01a0982,20480,0,8188,12292,0x0:0x4;0x2000:0x5000,,candidate_spans_and_remaining_bytes_are_not_proven_code_data_classification
8013B000-9e9e7a58340ad0d75e1006a165905d881a8a82f3cee373dede7fd9fe1ccf26e8,20480,0,10040,10440,0x0:0x4;0x273C:0x5000,0x4A88,candidate_spans_and_remaining_bytes_are_not_proven_code_data_classification
8013B000-9ea39e6d97729fe486a060673962f8605aa637da95a8dd1a37325b1f126781b8,20480,0,6688,13792,0x0:0x4;0x1A24:0x5000,,candidate_spans_and_remaining_bytes_are_not_proven_code_data_classification
8013B000-9ef393ad9e335ac181db03d264a4577cd33efccbe506532a6b67f2a1a599d3a1,20480,0,0,20480,0x0:0x5000,0xE40;0x1204,candidate_spans_and_remaining_bytes_are_not_proven_code_data_classification
8013B000-9f197acc2684b100adcf6a453af7f851b0b865d6ac56bb8cbc59f192a2f92735,20480,0,6524,13956,0x0:0x4;0x1980:0x5000,0x3844,candidate_spans_and_remaining_bytes_are_not_proven_code_data_classification
8013B000-9f43f81521c9d0fb0faf69ff5f3a23af24c6fcee2e4005ab8a9c2ecc13a657a2,20480,0,11952,8528,0x0:0x4;0x2EB4:0x5000,,candidate_spans_and_remaining_bytes_are_not_proven_code_data_classification
8013B000-9f5ca525abfcddc4f3732740102f69ed81893dcc4076fdb6986f2c33c34d3079,20480,0,6196,14284,0x0:0x4;0x1838:0x5000,0x2FB8,candidate_spans_and_remaining_bytes_are_not_proven_code_data_classification
8013B000-9f5fc695ba96562da2326d05b401afdd021a934cdd8fd5d0fe4faf70fa645f80,20480,0,4232,16248,0x0:0x4;0x108C:0x5000,0x1C40,candidate_spans_and_remaining_bytes_are_not_proven_code_data_classification
8013B000-9fd498758622c6d6882b2e838ebbf966a5d6180955151a58e71bc4b45024cd85,20480,0,7608,12872,0x0:0x4;0x1DBC:0x5000,,candidate_spans_and_remaining_bytes_are_not_proven_code_data_classification
8013B000-a015bda09db7c8b74b6335f1efde34dbc2f5761dd289fe31b48235a6424966f6,20480,0,10092,10388,0x0:0x4;0x2770:0x5000,,candidate_spans_and_remaining_bytes_are_not_proven_code_data_classification
8013B000-a016214ca4d75d603bd1ac4544a9393116e01d2d325a1289b613adad712dc4c1,20480,0,0,20480,0x0:0x5000,0x3F90,candidate_spans_and_remaining_bytes_are_not_proven_code_data_classification
8013B000-a0190a44060b622cc587036f30c6c358565228abe99ebefa77975c7ad0e53af9,20480,0,4568,15912,0x0:0x4;0x11DC:0x5000,,candidate_spans_and_remaining_bytes_are_not_proven_code_data_classification
8013B000-a043ed97445319dcd097b97e20a9247282626f1447e8d45cfaa156df5a8fdaff,20480,0,5348,15132,0x0:0x4;0x14E8:0x5000,0x1638,candidate_spans_and_remaining_bytes_are_not_proven_code_data_classification
8013B000-a04dcf98e1fa0e76526bc70db5aa0466684fd7dc04efdaa5fa24eddd12488676,20480,0,11720,8760,0x0:0x4;0x2DCC:0x5000,,candidate_spans_and_remaining_bytes_are_not_proven_code_data_classification
8013B000-a065fcc0079108bf04a44b5905d50fae08409dd2d87e95d042783ae92288e781,20480,0,3592,16888,0x0:0x4;0xE0C:0x5000,0x11E4;0x1730;0x1E04;0x2390;0x2E6C;0x4004,candidate_spans_and_remaining_bytes_are_not_proven_code_data_classification
8013B000-a079caf8c3bf69aaa1ba2a5230ca357d3cf56f290c5d168ebfed706afac705c9,20480,0,5836,14644,0x0:0x4;0x16D0:0x5000,,candidate_spans_and_remaining_bytes_are_not_proven_code_data_classification
8013B000-a090e8738208946d318bdd1807c425a9d3640509c32e60df665b190a09ae4eee,20480,0,2384,18096,0x0:0x4;0x954:0x5000,0xE2C,candidate_spans_and_remaining_bytes_are_not_proven_code_data_classification
8013B000-a0b3cc265c7728384ebd41fdd65b8adc27339b4a08d1cd4aac06987a567ae84a,20480,0,0,20480,0x0:0x5000,0x2F68,candidate_spans_and_remaining_bytes_are_not_proven_code_data_classification
8013B000-a0c44adb6071601096365ab179ce8b35119462e5301a160602a9c93dc56e6396,20480,0,6320,14160,0x0:0x4;0x18B4:0x5000,,candidate_spans_and_remaining_bytes_are_not_proven_code_data_classification
8013B000-a11348d79e2e6ad66d44c24dd75f5f15dfbeae9841fb4f69dc43eb865d837f5b,20480,0,15720,4760,0x0:0x4;0x3D6C:0x5000,,candidate_spans_and_remaining_bytes_are_not_proven_code_data_classification
8013B000-a116613b64c49d84ed54ec2271b18b97bd92023d48c71009c2e6bbf3fa8c4752,20480,0,4356,16124,0x0:0x4;0x1108:0x5000,,candidate_spans_and_remaining_bytes_are_not_proven_code_data_classification
8013B000-a11861e1dba0e2e876c682c7f83fd59c006e1ad12905970070d125161eb098af,20480,0,9740,10740,0x0:0x4;0x2610:0x5000,0x26D0,candidate_spans_and_remaining_bytes_are_not_proven_code_data_classification
8013B000-a1446bb47d0f94ff433851185b4a163905374a75a711d99d565287ad9d1f7cea,20480,0,15032,5448,0x0:0x4;0x3ABC:0x5000,,candidate_spans_and_remaining_bytes_are_not_proven_code_data_classification
8013B000-a15d437e9f7d1e897021a9fcb1999ed865d5b8900e30b9cf37aeb1726abe9d8e,20480,0,16028,4452,0x0:0x4;0x3EA0:0x5000,,candidate_spans_and_remaining_bytes_are_not_proven_code_data_classification
8013B000-a26a77d702bb4d999e307abab40c80275d7954e54ffb69144b35a1c0f9f1eb45,20480,0,0,20480,0x0:0x5000,0x2F68,candidate_spans_and_remaining_bytes_are_not_proven_code_data_classification
8013B000-a2d1039a3144471a764bbd4648ae4363495b2e59268a283f45ee85f65d36eade,20480,0,0,20480,0x0:0x5000,0x1F30,candidate_spans_and_remaining_bytes_are_not_proven_code_data_classification
8013B000-a2e352097028ce8b40f8f611fa66c0bca5f69a32b3f80a1aed54f2037d394f75,20480,0,6196,14284,0x0:0x4;0x1838:0x5000,,candidate_spans_and_remaining_bytes_are_not_proven_code_data_classification
8013B000-a2e44de08be3a34ef6372acbf1f922ccae3d00f2ca445b9dd6d5683be2ec2f2e,20480,0,6488,13992,0x0:0x4;0x195C:0x5000,0x328C,candidate_spans_and_remaining_bytes_are_not_proven_code_data_classification
8013B000-a30ed0196a3aad9a6f55021b2fdf8d3ac40aac6a7ecf79922510b6f8e5e2e6d4,20480,0,5340,15140,0x0:0x4;0x10B4:0x3520;0x394C:0x5000,0x18C4;0x2178;0x26D8;0x3008;0x3518,candidate_spans_and_remaining_bytes_are_not_proven_code_data_classification
8013B000-a36687870dd61c82ebd2e881ac6433f004c88159b54976a886bd7956de3edcc4,20480,0,8616,11864,0x0:0x4;0x21AC:0x5000,0x423C,candidate_spans_and_remaining_bytes_are_not_proven_code_data_classification
8013B000-a3ff720cdb2f4b605284426375d6a7d5b16d63058fed9c0523904dabfef6842f,20480,0,4440,16040,0x0:0x4;0x115C:0x5000,,candidate_spans_and_remaining_bytes_are_not_proven_code_data_classification
8013B000-a40006c5b44098fdee09f4ccb9983e295eef32e5965ea9466cf68a915818d17d,20480,0,5660,14820,0x0:0x4;0x1620:0x5000,0x1A04,candidate_spans_and_remaining_bytes_are_not_proven_code_data_classification
8013B000-a41f7e10864d4f45e593771dca77849427cd27ca0525365a0239fb60b27c7976,20480,0,6708,13772,0x0:0x4;0x1A38:0x5000,,candidate_spans_and_remaining_bytes_are_not_proven_code_data_classification
8013B000-a441184a734e160e1f9c415c2b07d0a2f27cc2a54967f744c53cef36029e5243,20480,0,8412,12068,0x0:0x4;0x20E0:0x5000,,candidate_spans_and_remaining_bytes_are_not_proven_code_data_classification
8013B000-a47329c1e553345aef78f143a965d54a05c08b4a9928371ab0ab212c671b0d79,20480,0,11720,8760,0x0:0x4;0x2DCC:0x5000,,candidate_spans_and_remaining_bytes_are_not_proven_code_data_classification
8013B000-a484b793884a74f3702a9674839f65793ac4c2adb2e072930dbb9af09641c968,20480,0,0,20480,0x0:0x5000,0x44A4,candidate_spans_and_remaining_bytes_are_not_proven_code_data_classification
8013B000-a49194c21393968bf10040dbc892e4efd855c36f20ad71b03c1e662be5f80409,20480,0,4412,16068,0x0:0x4;0x1140:0x5000,0x13D4,candidate_spans_and_remaining_bytes_are_not_proven_code_data_classification
8013B000-a49b3bc45a8e89fc3d667c1a6e609becbe3b7c9d1b92b7d7724a44209016e73e,20480,0,0,20480,0x0:0x5000,0xE40;0x1204,candidate_spans_and_remaining_bytes_are_not_proven_code_data_classification
8013B000-a54510d9e5579591707e73d83175af28f2545014eeab6c1225f0341b2b1b2502,20480,0,15268,5212,0x0:0x4;0x3BA8:0x5000,,candidate_spans_and_remaining_bytes_are_not_proven_code_data_classification
8013B000-a55e3064765f4247fb6c27b14d61061bf2214b2605a5e2a7e731d6bc8c72fdf5,20480,0,13712,6768,0x0:0x4;0x3594:0x5000,,candidate_spans_and_remaining_bytes_are_not_proven_code_data_classification
8013B000-a57885013878603bf77760d6f7bd63d6a0134ff690ded9e0d2be294d71e44908,20480,0,17732,2748,0x0:0x4;0x4548:0x5000,,candidate_spans_and_remaining_bytes_are_not_proven_code_data_classification
8013B000-a5cf845300f780de7c7021dd367847affd10ea282dc3b60c1ec020638fdae34c,20480,0,8412,12068,0x0:0x4;0x20E0:0x5000,,candidate_spans_and_remaining_bytes_are_not_proven_code_data_classification
8013B000-a5d94ad83c316342fda8a3953074f6309c0c3da662a53730074dc95a4bb137ca,20480,0,5660,14820,0x0:0x4;0x1620:0x5000,,candidate_spans_and_remaining_bytes_are_not_proven_code_data_classification
8013B000-a5faeb991d22289b35e9808d5c484350eaa5130ac9b839b31705a957054be0d3,20480,0,17732,2748,0x0:0x4;0x4548:0x5000,,candidate_spans_and_remaining_bytes_are_not_proven_code_data_classification
8013B000-a60df1c4ac4bb34f669ee2516c4c6df4b270c25fe1918a487800bbe6ec76cfb8,20480,0,7748,12732,0x0:0x4;0x1E48:0x5000,,candidate_spans_and_remaining_bytes_are_not_proven_code_data_classification
8013B000-a6246d638fc761000ec1a8d1fdc8a90b2e3f6f6f0c2f187e7438d1d873258415,20480,0,11404,9076,0x0:0x4;0x2C90:0x5000,,candidate_spans_and_remaining_bytes_are_not_proven_code_data_classification
8013B000-a63662add075e56659944f3e83dfba899436e3dd1b956d5b3dbd6ac9098cfc9f,20480,0,4952,15528,0x0:0x4;0x135C:0x5000,,candidate_spans_and_remaining_bytes_are_not_proven_code_data_classification
8013B000-a640549df89ef2968af3c3b75c4aa2a9382d52f04e5ca1c6b6d0e601f3d250ce,20480,0,3296,17184,0x0:0x4;0xCE4:0x5000,0x238C,candidate_spans_and_remaining_bytes_are_not_proven_code_data_classification
8013B000-a6ba29902e1d1519f42d8db2e33a4dc6a47a10abfa31648139ca28e02d22bf9d,20480,0,0,20480,0x0:0x5000,0x19F0,candidate_spans_and_remaining_bytes_are_not_proven_code_data_classification
8013B000-a7a0bf2e5a39b310c484d83fd0e03cda9162b2e0241e0569c93870a094805d71,20480,0,2584,17896,0x0:0x4;0xA1C:0x5000,,candidate_spans_and_remaining_bytes_are_not_proven_code_data_classification
8013B000-a7aa11c3aaafd5a095bb05f1a688e33e75cf4ec1943292a504f684961e43b050,20480,0,0,20480,0x0:0x5000,0x4ADC,candidate_spans_and_remaining_bytes_are_not_proven_code_data_classification
8013B000-a7ca19f9d88791975e3bca28ad3feef2454b914e20bef196cf8bbe4e087a31ba,20480,0,0,20480,0x0:0x5000,0x3590,candidate_spans_and_remaining_bytes_are_not_proven_code_data_classification
8013B000-a7daafdc073a59506c840d85ca4602380270bdecf929ec2e5055788f448239d0,20480,0,0,20480,0x0:0x5000,0x32A8,candidate_spans_and_remaining_bytes_are_not_proven_code_data_classification
8013B000-a7de5885ce05a1ab3fad688106c326d51cae68c906f51986276b255df5e3ce26,20480,0,6700,13780,0x0:0x4;0x1A30:0x5000,,candidate_spans_and_remaining_bytes_are_not_proven_code_data_classification
8013B000-a7e78a9752c1a45a58329c694a39364a6e29a05d732f7ae6006d133295c239bc,20480,0,0,20480,0x0:0x5000,0x19F0,candidate_spans_and_remaining_bytes_are_not_proven_code_data_classification
8013B000-a855d9621b82bccbc62802402e5a74f54837086239458ac9d2680847edb05b55,20480,0,2964,17516,0x0:0x4;0xB98:0x5000,,candidate_spans_and_remaining_bytes_are_not_proven_code_data_classification
8013B000-a86b44c169b3b5aabdfdcdc082f1bdeb0e303c54b8c6f5aba17ea2c7fa50fc58,20480,0,0,20480,0x0:0x5000,0x3590,candidate_spans_and_remaining_bytes_are_not_proven_code_data_classification
8013B000-a8a4da9828968fc99cbaaea1ebc8de675b5bfc488f3777df5a663942c1946154,20480,0,6036,14444,0x0:0x4;0x1798:0x5000,,candidate_spans_and_remaining_bytes_are_not_proven_code_data_classification
8013B000-a8c8266ac0798923510a1c991eb7a6f52ed2e8ef00f2def99d04a26a3e9770b2,20480,0,0,20480,0x0:0x5000,0x32A8,candidate_spans_and_remaining_bytes_are_not_proven_code_data_classification
8013B000-a947923d930522f017b1259ebb239fa4750ceeebb0f207a5b71dfe4549a6afd8,20480,0,0,20480,0x0:0x5000,0x3CD8,candidate_spans_and_remaining_bytes_are_not_proven_code_data_classification
8013B000-a97e89687873d8afd92d0d245b3f288e7099e6863c0e448037177a8a416f33b0,20480,0,6488,13992,0x0:0x4;0x195C:0x5000,,candidate_spans_and_remaining_bytes_are_not_proven_code_data_classification
8013B000-a9b58b9df20664f0431a7b221f321ff87f798b3dc8980c900a469eeac38433e3,20480,0,19192,1288,0x0:0x4;0x4AFC:0x5000,,candidate_spans_and_remaining_bytes_are_not_proven_code_data_classification
8013B000-aa2c1985c0a3bd0fde6ee7dd8cdeebb8a9d14b7fd3ae3ea6a222ba1da6f5c417,20480,0,8188,12292,0x0:0x4;0x2000:0x5000,,candidate_spans_and_remaining_bytes_are_not_proven_code_data_classification
8013B000-aad26aaa7b04e59c542bcade04bb3ec90905605d20c46a5c8e85fc4a09789344,20480,0,4924,15556,0x0:0x4;0x1340:0x5000,,candidate_spans_and_remaining_bytes_are_not_proven_code_data_classification
8013B000-ab3dacb2648ebcd6033cb28ebd6d48fdeae79a17f3f366ea4a90ba2ef972905c,20480,0,0,20480,0x0:0x5000,0x1F6C,candidate_spans_and_remaining_bytes_are_not_proven_code_data_classification
8013B000-ab4628e519cc8f91956671a4428211db02751f4e103828ca198b4f49bab21318,20480,0,6700,13780,0x0:0x4;0x1A30:0x5000,,candidate_spans_and_remaining_bytes_are_not_proven_code_data_classification
8013B000-ab481996086ea194081176a562b7e892fdbabfb1286245d5311415089b3d83ca,20480,0,0,20480,0x0:0x5000,0x19F0;0x43E4;0x4C1C,candidate_spans_and_remaining_bytes_are_not_proven_code_data_classification
8013B000-ab6204b37353135041ca584af174e95723be692841fb23ae2d1ec3393582fa78,20480,0,0,20480,0x0:0x5000,0x4BC8,candidate_spans_and_remaining_bytes_are_not_proven_code_data_classification
8013B000-ab8fb19859b29447110112868f9885aeae4f4ca31d54ddc63ab9dabb398c5547,20480,0,9084,11396,0x0:0x4;0x2380:0x5000,,candidate_spans_and_remaining_bytes_are_not_proven_code_data_classification
8013B000-ab9afbeac8d2ca2cebe572d2b31ebe77984a37d5f005b28786a3c2be927de152,20480,0,4476,16004,0x0:0x4;0x1180:0x5000,,candidate_spans_and_remaining_bytes_are_not_proven_code_data_classification
8013B000-abda54e660091b7dc88bd48d5d4b60c46ea4eabe4d3316e40ec71e56704d024d,20480,0,9260,11220,0x0:0x4;0x2430:0x5000,0x2DFC,candidate_spans_and_remaining_bytes_are_not_proven_code_data_classification
8013B000-ac39438af6b6aa9f495abca479518192ffe22db68273ba32339fd8c6472cac6b,20480,0,6196,14284,0x0:0x4;0x1838:0x5000,,candidate_spans_and_remaining_bytes_are_not_proven_code_data_classification
8013B000-ac616030a8c95d07672a977b2c1663bfb5f1b648d5972592ff3fb14b271cc010,20480,0,13596,6884,0x0:0x4;0x3520:0x5000,,candidate_spans_and_remaining_bytes_are_not_proven_code_data_classification
8013B000-ac87b24149ec5702d2ad6603ea5f5c2f9c1d5e84e8a86a2b811d4649c4eb73a8,20480,0,0,20480,0x0:0x5000,0x44A4,candidate_spans_and_remaining_bytes_are_not_proven_code_data_classification
8013B000-acc23b73991f02d62946e034cb663dd7f1deb3b3e95b973e172c09d3c3ba6e50,20480,0,8460,12020,0x0:0x4;0x2110:0x5000,0x4A88,candidate_spans_and_remaining_bytes_are_not_proven_code_data_classification
8013B000-acd67307d137a8c95bbb2047613e5b9cc4e3ebb526434f542c47fcb2204e8de0,20480,0,0,20480,0x0:0x5000,0x44A4,candidate_spans_and_remaining_bytes_are_not_proven_code_data_classification
8013B000-acfe6dd981a7e970fe742d647ab8ab81124923f52e4841083f873dc07551cfe3,20480,0,6844,13636,0x0:0x4;0x1AC0:0x5000,,candidate_spans_and_remaining_bytes_are_not_proven_code_data_classification
8013B000-ad0ece4f64965853d1236c6f19a5134298811892a9f67f94b1b0e4814a6e63d6,20480,0,9132,11348,0x0:0x4;0x23B0:0x5000,,candidate_spans_and_remaining_bytes_are_not_proven_code_data_classification
8013B000-ad24646683d6e061da8f4fc8417b5d087fbb42fc1198ebdee913c4d676669a9b,20480,0,15884,4596,0x0:0x4;0x3E10:0x5000,0x4454,candidate_spans_and_remaining_bytes_are_not_proven_code_data_classification
8013B000-ad37f8c88939230c2366b50bdf77b13ac31c1152b32198d215e894a4ba0d9178,20480,0,4160,16320,0x0:0x4;0x1044:0x5000,0x1DFC,candidate_spans_and_remaining_bytes_are_not_proven_code_data_classification
8013B000-adbb1abb8f2fdea582b3da150e495e373ea73dd0edba7851a417206ef2ded3f5,20480,0,6700,13780,0x0:0x4;0x1A30:0x5000,,candidate_spans_and_remaining_bytes_are_not_proven_code_data_classification
8013B000-ade05751d84611ca49ead976474743bacc85c14ba58c663deb2fa12c4ecd9cbc,20480,0,0,20480,0x0:0x5000,0x44A4,candidate_spans_and_remaining_bytes_are_not_proven_code_data_classification
8013B000-aefb95825438783bd177e9b989703e89e911650df6f5b019c84ee5e1909655f9,20480,0,0,20480,0x0:0x5000,0xE40;0x1204,candidate_spans_and_remaining_bytes_are_not_proven_code_data_classification
8013B000-af29f5a268dd22476cea1c0088a4a645bbd69aefb91f077986a2e56a4fb2f422,20480,0,7240,13240,0x0:0x4;0x1C4C:0x5000,,candidate_spans_and_remaining_bytes_are_not_proven_code_data_classification
8013B000-afbe9f1a485eec2339a1e87b6aa6eeb7b1fc57bf6e7dbd5065c8683f2fae1412,20480,0,8892,11588,0x0:0x4;0x22C0:0x5000,0x3D2C,candidate_spans_and_remaining_bytes_are_not_proven_code_data_classification
8013B000-b001147ae855e75c88889fb53f2b8d8a83af2e3fa27f62f983b38255796d2946,20480,0,5820,14660,0x0:0x4;0x16C0:0x5000,,candidate_spans_and_remaining_bytes_are_not_proven_code_data_classification
8013B000-b0365ee256f7c46c7ff1f42bd76a07c4b8b9a4e7e72d4dbcb7d3670f63d07ab8,20480,0,11404,9076,0x0:0x4;0x2C90:0x5000,,candidate_spans_and_remaining_bytes_are_not_proven_code_data_classification
8013B000-b063a6065ddc65a2556dd85a1a2768e7fad0ccd9f0a88018a0acce172b18a21f,20480,0,6524,13956,0x0:0x4;0x1980:0x5000,0x3844,candidate_spans_and_remaining_bytes_are_not_proven_code_data_classification
8013B000-b06f7a2f9af0b76970b32ed2670dfe08d1a42eb54d754f36449ff1869694baaf,20480,0,13168,7312,0x0:0x4;0x3374:0x5000,,candidate_spans_and_remaining_bytes_are_not_proven_code_data_classification
8013B000-b0a3c92937422288cdfd75692681026b9d3e4766f5cdec2e1b60fd1380c711dd,20480,0,8412,12068,0x0:0x4;0x20E0:0x5000,,candidate_spans_and_remaining_bytes_are_not_proven_code_data_classification
8013B000-b15b81705cc4f727025d704b12b10bef8af463889ad02fd9587da4346c02dca9,20480,0,5524,14956,0x0:0x4;0x1598:0x5000,,candidate_spans_and_remaining_bytes_are_not_proven_code_data_classification
8013B000-b1b647a0ff240cd3a2dc8fbba16ed093c89bd68316e6755d02a0c056bd4b937f,20480,0,7752,12728,0x0:0x4;0x1E4C:0x5000,,candidate_spans_and_remaining_bytes_are_not_proven_code_data_classification
8013B000-b1da6845c029d90f9b424515703f11755a30a23d283743246a1d9132e109bf43,20480,0,0,20480,0x0:0x5000,0x19F0,candidate_spans_and_remaining_bytes_are_not_proven_code_data_classification
8013B000-b2148fc2773764dc35abf3ac28fb03358360495193c506b06b48c153196b3088,20480,0,0,20480,0x0:0x5000,0xE40,candidate_spans_and_remaining_bytes_are_not_proven_code_data_classification
8013B000-b25da1a9c2e2afb3a7e129e64df5bf70d823372fcf792fb15db85d6af3bba25d,20480,0,6524,13956,0x0:0x4;0x1980:0x5000,,candidate_spans_and_remaining_bytes_are_not_proven_code_data_classification
8013B000-b25fa72d0447ba412423ed23dd44c25dbf774fc5ccbf0f30b9c0d65e036e1ebf,20480,0,5292,15188,0x0:0x4;0x14B0:0x5000,,candidate_spans_and_remaining_bytes_are_not_proven_code_data_classification
8013B000-b277cde81b67caa07a315a0aeab6c36e54610db5291c6fa4d7048fb422ce14e4,20480,0,6320,14160,0x0:0x4;0x18B4:0x5000,,candidate_spans_and_remaining_bytes_are_not_proven_code_data_classification
8013B000-b2abf3363b2c3c1f1f5eb5b4513ca33740596db03900c35a3cd706f64ad26bf2,20480,0,0,20480,0x0:0x5000,0x2358,candidate_spans_and_remaining_bytes_are_not_proven_code_data_classification
8013B000-b2b721b073a4a1c720f52c78ab945f1c1a4c7ec1b0837b1969f4e1eddb992dd3,20480,0,14740,5740,0x0:0x4;0x3998:0x5000,,candidate_spans_and_remaining_bytes_are_not_proven_code_data_classification
8013B000-b2d4aec1263871814c5069fd1048bee5cc64704f9d211576f8744a547b3f289e,20480,0,0,20480,0x0:0x5000,0x4DC4,candidate_spans_and_remaining_bytes_are_not_proven_code_data_classification
8013B000-b3363d023326d63a0e1dde132161af5f5360be9b567447cc6c79994973e05c30,20480,0,0,20480,0x0:0x5000,0x19F0,candidate_spans_and_remaining_bytes_are_not_proven_code_data_classification
8013B000-b346b78b9b0ed1fa6efcddd48cf812e78f40be5cab296dbd46fc16bfaf308e4c,20480,0,8912,11568,0x0:0x4;0x22D4:0x5000,,candidate_spans_and_remaining_bytes_are_not_proven_code_data_classification
8013B000-b3551065386cd904de69b8aeb3940f53ff0249e9cd07b8e886334cc4db8ffb7e,20480,0,10440,10040,0x0:0x4;0x28CC:0x5000,,candidate_spans_and_remaining_bytes_are_not_proven_code_data_classification
8013B000-b3fd18ea05074ba34b6447d772d7a7824531c174f1ddd799d4e5007a9df863e3,20480,0,7240,13240,0x0:0x4;0x1C4C:0x5000,,candidate_spans_and_remaining_bytes_are_not_proven_code_data_classification
8013B000-b4361e57d75f3ae054b88949df696afa5cc14639a9f2df329fce2a1bdfafb0f2,20480,0,9164,11316,0x0:0x4;0x23D0:0x5000,0x4718,candidate_spans_and_remaining_bytes_are_not_proven_code_data_classification
8013B000-b4929505e634f7e14f0c2c4bee615b8f5fefa7045ee4364aaac7bd1f8f5bee89,20480,0,5004,15476,0x0:0x4;0x1390:0x5000,,candidate_spans_and_remaining_bytes_are_not_proven_code_data_classification
8013B000-b4d5155451bc74d381a9e68dc0e2a5747be2fbacc9ad41a50260cf5a7df25ced,20480,0,0,20480,0x0:0x5000,0x19F0,candidate_spans_and_remaining_bytes_are_not_proven_code_data_classification
8013B000-b54098c5b8fd9b910feea9944676f7f519dd8e97a12dacfceb0116b0617312f9,20480,0,7564,12916,0x0:0x4;0x1D90:0x5000,,candidate_spans_and_remaining_bytes_are_not_proven_code_data_classification
8013B000-b552f163886c059482d221f2ddbac6cecefd905a3f07501d477b79e02274868f,20480,0,5700,14780,0x0:0x4;0x1648:0x5000,,candidate_spans_and_remaining_bytes_are_not_proven_code_data_classification
8013B000-b596f5ae669007ffb87fd4345625e5a776f4f50dc2e5fd95bbb2fc5e4fcb1e8e,20480,0,4260,16220,0x0:0x4;0x10A8:0x5000,0x20B8,candidate_spans_and_remaining_bytes_are_not_proven_code_data_classification
8013B000-b5e966c7ccc045464bec748cdb610e15f6404fe93cbd865114801cab99853802,20480,0,4704,15776,0x0:0x4;0x1264:0x5000,0x1358,candidate_spans_and_remaining_bytes_are_not_proven_code_data_classification
8013B000-b64457b899bab3ced5d84df6f3bc2ee7130f6cca1217f5363f0b80d8cc661db1,20480,0,10956,9524,0x0:0x4;0x2AD0:0x5000,,candidate_spans_and_remaining_bytes_are_not_proven_code_data_classification
8013B000-b6604edc3a7632dfce9e4b068a9034f1292d0c06d48f7432ffe8dbdbcc67ea5c,20480,0,0,20480,0x0:0x5000,0x4ADC,candidate_spans_and_remaining_bytes_are_not_proven_code_data_classification
8013B000-b6d2a0eb0e9e2ab13b53d581d515b9b71e1c78bac7bb4704ec4b1d007383b92b,20480,0,11720,8760,0x0:0x4;0x2DCC:0x5000,,candidate_spans_and_remaining_bytes_are_not_proven_code_data_classification
8013B000-b6d72d45f76b5f194607bbe0f5ef1d78761ce64bbd3fd1008cd19506e638dee7,20480,0,0,20480,0x0:0x5000,0x32A8,candidate_spans_and_remaining_bytes_are_not_proven_code_data_classification
8013B000-b6fb358032d3fcc3f5fd737125f465309ba4771f1fb180d02a0dd7b51aa1db3c,20480,0,11792,8688,0x0:0x4;0x2E14:0x5000,0x3164;0x3870;0x3B84;0x3F04;0x426C,candidate_spans_and_remaining_bytes_are_not_proven_code_data_classification
8013B000-b7651abbeff8d155717efd08f28e50ce89a7b51e4b2fd51406d0aeaf431497cb,20480,0,4440,16040,0x0:0x4;0x115C:0x5000,0x1954;0x49C8;0x4D68,candidate_spans_and_remaining_bytes_are_not_proven_code_data_classification
8013B000-b79397d4d5f737952d759ebff800ce207481123172f4050754fe3983e43adfde,20480,0,6196,14284,0x0:0x4;0x1838:0x5000,,candidate_spans_and_remaining_bytes_are_not_proven_code_data_classification
8013B000-b7b50848eb0055860bb45170719e3017763d3684c41fcb2c067db0743751b87f,20480,0,8412,12068,0x0:0x4;0x20E0:0x5000,,candidate_spans_and_remaining_bytes_are_not_proven_code_data_classification
8013B000-b7d59a3e6737dc56600d1d9b805e1585fa6211ecaff9d71affadc27ac185a8c3,20480,0,8584,11896,0x0:0x4;0x218C:0x5000,,candidate_spans_and_remaining_bytes_are_not_proven_code_data_classification
8013B000-b7e065c22f619f285ffc7ed38c5ccedb0641b2e8e59cff11f6c05141370c5ad9,20480,0,0,20480,0x0:0x5000,0x32A8,candidate_spans_and_remaining_bytes_are_not_proven_code_data_classification
8013B000-b7fbd421bfc5c33b924bc3fa516d7787d3c33f6cd7569d5583e93abea9990c25,20480,0,0,20480,0x0:0x5000,0x2358,candidate_spans_and_remaining_bytes_are_not_proven_code_data_classification
8013B000-b803bb6a29a1a7e3c2d149db3e16b0d95513eba58d7b38029d3a26e74921e7d5,20480,0,16488,3992,0x0:0x4;0x406C:0x5000,,candidate_spans_and_remaining_bytes_are_not_proven_code_data_classification
8013B000-b8480d80c592492e6af19c8634b1970f08b4321cd490fb33ae9b3496bef21371,20480,0,0,20480,0x0:0x5000,0x31C8,candidate_spans_and_remaining_bytes_are_not_proven_code_data_classification
8013B000-b883b5e7eb25514f55840cd6c8096b20a2b15fcddf7a10f62a98b1c0c8adfd21,20480,0,13596,6884,0x0:0x4;0x3520:0x5000,,candidate_spans_and_remaining_bytes_are_not_proven_code_data_classification
8013B000-b8900af4341bb695c3307953773789e7340e24f3f33e9bb4674b2e9a8e0e92bd,20480,0,5372,15108,0x0:0x4;0x1500:0x5000,,candidate_spans_and_remaining_bytes_are_not_proven_code_data_classification
8013B000-b9288cf33d5b4eac8ec91e34968170a6d639d2e616bf954d22aa6902a8943cde,20480,0,9992,10488,0x0:0x4;0x270C:0x5000,,candidate_spans_and_remaining_bytes_are_not_proven_code_data_classification
8013B000-b951431294c021fb994e405d5e3fff2736d96734013a223335681e1cf34cd7dc,20480,0,6700,13780,0x0:0x4;0x1A30:0x5000,,candidate_spans_and_remaining_bytes_are_not_proven_code_data_classification
8013B000-b9518e1eb54a9d631e294f215c255665bafd3d61d0cfeee85099f29b9d4598d1,20480,0,6524,13956,0x0:0x4;0x1980:0x5000,0x3844,candidate_spans_and_remaining_bytes_are_not_proven_code_data_classification
8013B000-b97710e9929b19d81901ed13f030e703292ddeb7fa14cf018799ddbe27626545,20480,0,0,20480,0x0:0x5000,0x19F0,candidate_spans_and_remaining_bytes_are_not_proven_code_data_classification
8013B000-b97d8966ae8cc94ed3e25627ea0976b0f3b2c734615862acc2527fbeb1ee1281,20480,0,6196,14284,0x0:0x4;0x1838:0x5000,0x2FB8,candidate_spans_and_remaining_bytes_are_not_proven_code_data_classification
8013B000-b9fb687968725e44b68420458e36ce48f0d86c31f4c52bab771c9fa401abdf35,20480,0,11720,8760,0x0:0x4;0x2DCC:0x5000,,candidate_spans_and_remaining_bytes_are_not_proven_code_data_classification
8013B000-ba0a7a9b3301b0fae51e15ee66743749f1f1d03174d6cb33ad72857466d3b4b2,20480,0,7500,12980,0x0:0x4;0x1D50:0x5000,0x2130;0x2A94;0x2F90;0x377C,candidate_spans_and_remaining_bytes_are_not_proven_code_data_classification
8013B000-ba1262f83e07c3e38f92923afbfde7a3f7b0f247d9e9474d06220014ed910922,20480,0,12076,8404,0x0:0x4;0x2F30:0x5000,,candidate_spans_and_remaining_bytes_are_not_proven_code_data_classification
8013B000-ba33a2c270ce5ffebce4b96039a299cf1c0bf024a3dfc7e29ec517db96bf76d3,20480,0,6516,13964,0x0:0x4;0x1978:0x5000,0x2004;0x3004,candidate_spans_and_remaining_bytes_are_not_proven_code_data_classification
8013B000-ba51e08e235d8aa465b1a08f704e5f5c47a9fa50f65501585bb37bf580d4b9f2,20480,0,14644,5836,0x0:0x4;0x3938:0x5000,,candidate_spans_and_remaining_bytes_are_not_proven_code_data_classification
8013B000-bab1486cd1ba33f4ba079cbd3d452c8193023e25f7966293382769ae91abfa31,20480,0,3316,17164,0x0:0x4;0xCF8:0x5000,0x161C,candidate_spans_and_remaining_bytes_are_not_proven_code_data_classification
8013B000-baf5760f2b749db2427e5e35dcc9dd055919e6368bf90b415ba7626ddc2782bc,20480,0,13600,6880,0x0:0x4;0x3524:0x5000,,candidate_spans_and_remaining_bytes_are_not_proven_code_data_classification
8013B000-bb00a525760cd9d05e606e298e5739b80ce1bd4b33b05b944e010fa7af268b9a,20480,0,6708,13772,0x0:0x4;0x1A38:0x5000,,candidate_spans_and_remaining_bytes_are_not_proven_code_data_classification
8013B000-bb2ee7a38f43945e21fd9762baf454a3002f996b19621283b41e03e4dc366a4e,20480,0,0,20480,0x0:0x5000,0x3CD8,candidate_spans_and_remaining_bytes_are_not_proven_code_data_classification
8013B000-bb471ad861875da0142925138892fe2d504b5ff83c18f080ab0e3275f6fb295b,20480,0,13412,7068,0x0:0x4;0x3468:0x5000,,candidate_spans_and_remaining_bytes_are_not_proven_code_data_classification
8013B000-bb85828fa7b14e34c8197011e72532e985ec77b370e7df132a416bb605510a6a,20480,0,12468,8012,0x0:0x4;0x30B8:0x5000,,candidate_spans_and_remaining_bytes_are_not_proven_code_data_classification
8013B000-bbc1d18cec4e4ee16c0169c18d9382d0150d259bfc245ede044856634355167f,20480,0,6700,13780,0x0:0x4;0x1A30:0x5000,,candidate_spans_and_remaining_bytes_are_not_proven_code_data_classification
8013B000-bbd782a8ee37d6e881d26062009999193feb8d882b3589910fe18128f99a6f61,20480,0,3316,17164,0x0:0x4;0xCF8:0x5000,0x14AC,candidate_spans_and_remaining_bytes_are_not_proven_code_data_classification
8013B000-bc540f99079ad3624806a252b3b8c15a87de93ac4576f9e1286c36b8ffc59733,20480,0,0,20480,0x0:0x5000,0xE40;0x1204,candidate_spans_and_remaining_bytes_are_not_proven_code_data_classification
8013B000-bcaed2ffcf3cfc8be60aa774f79f3edba465a9f9ef5ab8f6be7f28b8d4c3c584,20480,0,11036,9444,0x0:0x4;0x2B20:0x5000,,candidate_spans_and_remaining_bytes_are_not_proven_code_data_classification
8013B000-bd0820d9921d68c09378d0f333eaf1f2ce97e5a11ab5463b3cdec433c11bcf9d,20480,0,0,20480,0x0:0x5000,0x2C24,candidate_spans_and_remaining_bytes_are_not_proven_code_data_classification
8013B000-bdbd9108b4119194a57b40fb9c4408a2301b7f86ecddb9c959cbba19cf2248ee,20480,0,2584,17896,0x0:0x4;0xA1C:0x5000,0x1284,candidate_spans_and_remaining_bytes_are_not_proven_code_data_classification
8013B000-bdccf08e2d2e2bb599647ab56783b54632dbb9b915c8deddccb8233c8c0ac44f,20480,0,10956,9524,0x0:0x4;0x2AD0:0x5000,,candidate_spans_and_remaining_bytes_are_not_proven_code_data_classification
8013B000-be7516f77995888a59c2c3d159473075222521476f48f04b563f9f52a624f36b,20480,0,0,20480,0x0:0x5000,0x19F0,candidate_spans_and_remaining_bytes_are_not_proven_code_data_classification
8013B000-bec80d6964a710fa068d6051d1c702cd7e9d8dcc8fc12e3b613289d9f945ad24,20480,0,6420,14060,0x0:0x4;0x1918:0x5000,,candidate_spans_and_remaining_bytes_are_not_proven_code_data_classification
8013B000-bf048002b5b5b70a3cac73d0be3f3a158ae21b71d9814cdf6f4abbb54896ebf7,20480,0,7752,12728,0x0:0x4;0x1E4C:0x5000,,candidate_spans_and_remaining_bytes_are_not_proven_code_data_classification
8013B000-bf3a577771ecd6b06ac77242330bb29123732b5bef4a17235965a8f8af1a6412,20480,0,2964,17516,0x0:0x4;0xB98:0x5000,0x1470,candidate_spans_and_remaining_bytes_are_not_proven_code_data_classification
8013B000-bfa3cdcf591e8f532b705f5c85b4c130ce39c9fb25017eba1cf5df4863d305e0,20480,0,0,20480,0x0:0x5000,0x3CD8,candidate_spans_and_remaining_bytes_are_not_proven_code_data_classification
8013B000-bff28bc7ad203cf74ae276790141c1e9593fc108e21540dbfa85d38d86b1a0a4,20480,0,12212,8268,0x0:0x4;0x2FB8:0x5000,,candidate_spans_and_remaining_bytes_are_not_proven_code_data_classification
8013B000-c00c2868713b3b14b8ba2d67924bcae11e99bf69f1e4257c7ad2a70bda7ec4e2,20480,0,5560,14920,0x0:0x4;0x15BC:0x5000,0x239C,candidate_spans_and_remaining_bytes_are_not_proven_code_data_classification
8013B000-c0470e8a16c41b1ec2694207187b2c9923ded5490e739aeb8f7f2f6e51abd25a,20480,0,4504,15976,0x0:0x4;0x119C:0x5000,,candidate_spans_and_remaining_bytes_are_not_proven_code_data_classification
8013B000-c067d3744486595c38509afebd901da4f68a3fba341a9798ffcc6a32fa5818ce,20480,0,8412,12068,0x0:0x4;0x20E0:0x5000,,candidate_spans_and_remaining_bytes_are_not_proven_code_data_classification
8013B000-c13fb6752db6064add5491c4555967cf0019079d35b49d80e647f530ca67fdd9,20480,0,10440,10040,0x0:0x4;0x28CC:0x5000,,candidate_spans_and_remaining_bytes_are_not_proven_code_data_classification
8013B000-c14ff294b3a9158f6bf97628648a088f959fb36d833003ff6375e56367607950,20480,0,7524,12956,0x0:0x4;0x1D68:0x5000,0x2C5C,candidate_spans_and_remaining_bytes_are_not_proven_code_data_classification
8013B000-c1523b45f5bbe7e2a0a20ad70ce0deda2ed0f96874198841a90cb5ec467d2079,20480,0,8188,12292,0x0:0x4;0x2000:0x5000,,candidate_spans_and_remaining_bytes_are_not_proven_code_data_classification
8013B000-c19afb3a694229a9d1cab964ebe1b2e42791a817a03473cafa94978b7a613030,20480,0,10672,9808,0x0:0x4;0x29B4:0x5000,,candidate_spans_and_remaining_bytes_are_not_proven_code_data_classification
8013B000-c2027137643103ec36d55a577a7cb2dc58bf928aa05e5dc4faea379a5619621f,20480,0,0,20480,0x0:0x5000,0x19F0,candidate_spans_and_remaining_bytes_are_not_proven_code_data_classification
8013B000-c24b3c3bb9b86ee892ec5fb94fc00f0a019f06bc8dd5ab228841f7026c276cbd,20480,0,8364,12116,0x0:0x4;0x20B0:0x5000,,candidate_spans_and_remaining_bytes_are_not_proven_code_data_classification
8013B000-c25de3ed4b58a2661c57d42c3595779903a219fc84095e02e995599985b803ea,20480,0,6320,14160,0x0:0x4;0x18B4:0x5000,,candidate_spans_and_remaining_bytes_are_not_proven_code_data_classification
8013B000-c32bed060b4ccc5386ffe790298bf54f7554b5ce0b9ac26f10d037ecce626957,20480,0,6196,14284,0x0:0x4;0x1838:0x5000,0x2FB8,candidate_spans_and_remaining_bytes_are_not_proven_code_data_classification
8013B000-c361d3f3a99b3f75c3cf81068ea10b404879ce316e7dffedf675a4c4e3df1b80,20480,0,4808,15672,0x0:0x4;0x12CC:0x5000,,candidate_spans_and_remaining_bytes_are_not_proven_code_data_classification
8013B000-c3b451b23b108426a25ea275aefd64c768d5a2cd5bf1412ae1ba6687a546f152,20480,0,14740,5740,0x0:0x4;0x3998:0x5000,,candidate_spans_and_remaining_bytes_are_not_proven_code_data_classification
8013B000-c406efa298c23c91b18c8323ae9d3c46a6bb4022d614718282c80fda28da619b,20480,0,5372,15108,0x0:0x4;0x1500:0x5000,,candidate_spans_and_remaining_bytes_are_not_proven_code_data_classification
8013B000-c40805be7b3ade136a000202076ee44791e5ad2a5c70bbd7fc17e44f42ab18c2,20480,0,6488,13992,0x0:0x4;0x195C:0x5000,0x328C,candidate_spans_and_remaining_bytes_are_not_proven_code_data_classification
8013B000-c4103586aa36cda634c5b746eb8250fe376c866e1f165578fa53d3c0a941febc,20480,0,6488,13992,0x0:0x4;0x195C:0x5000,,candidate_spans_and_remaining_bytes_are_not_proven_code_data_classification
8013B000-c460258e9398e5714c8551741beb5bda647736a6cdece8667b99dd0cc722f399,20480,0,13596,6884,0x0:0x4;0x3520:0x5000,,candidate_spans_and_remaining_bytes_are_not_proven_code_data_classification
8013B000-c4a3a28427e84acbfd839e8995650a003a6a22def97a781a4779f5e7eac344ae,20480,0,11952,8528,0x0:0x4;0x2EB4:0x5000,,candidate_spans_and_remaining_bytes_are_not_proven_code_data_classification
8013B000-c4a6236477892c69ab949e3903051f189ae9d496e5f0640d0922751fe5dfc915,20480,0,7752,12728,0x0:0x4;0x1E4C:0x5000,,candidate_spans_and_remaining_bytes_are_not_proven_code_data_classification
8013B000-c50e8597d8745eddc8d533ad4503ef86d71fd07b78ac97436801b8a2591935cf,20480,0,4180,16300,0x0:0x4;0x1058:0x5000,,candidate_spans_and_remaining_bytes_are_not_proven_code_data_classification
8013B000-c54646f2c3c76e5638ab716006d83fc4c46f0d1db521044cf5877360cb0bf5ea,20480,0,3756,16724,0x0:0x4;0xEB0:0x5000,,candidate_spans_and_remaining_bytes_are_not_proven_code_data_classification
8013B000-c5573870a4d44cd6771b888a63c4a403e2ae1e2e2e2060d11f600b4a77fb0fc0,20480,0,0,20480,0x0:0x5000,0x1F30;0x2D04,candidate_spans_and_remaining_bytes_are_not_proven_code_data_classification
8013B000-c56392aa4d2cae075ce28a52e5221f16c2fab713c1041a6c9e49afb4da44c0a1,20480,0,5004,15476,0x0:0x4;0x1390:0x5000,,candidate_spans_and_remaining_bytes_are_not_proven_code_data_classification
8013B000-c58db21db33c4f40f996cc33fdfc69f892b8be9dd6c975690985df06226da978,20480,0,0,20480,0x0:0x5000,0x1F6C,candidate_spans_and_remaining_bytes_are_not_proven_code_data_classification
8013B000-c5ef5d49a92dab90f958ba0a68ccc55470317fa3a05bb96e8c10b585eb71bc51,20480,0,8188,12292,0x0:0x4;0x2000:0x5000,,candidate_spans_and_remaining_bytes_are_not_proven_code_data_classification
8013B000-c62bd8ac4bad54726a64a1fb41466081e8c17b03be45aabe839d2177419baa5c,20480,0,4272,16208,0x0:0x4;0x10B4:0x5000,,candidate_spans_and_remaining_bytes_are_not_proven_code_data_classification
8013B000-c62eb37085b53aa91317d4ef3ae61f8326c3ed5f5e3f2b4397e0531d57d90d7a,20480,0,5296,15184,0x0:0x4;0x14B4:0x5000,,candidate_spans_and_remaining_bytes_are_not_proven_code_data_classification
8013B000-c65945d49c704693b4222bf5e7bc5693e18bc41f3e1943bf293fb51540a1bd89,20480,0,7524,12956,0x0:0x4;0x1D68:0x5000,0x2204,candidate_spans_and_remaining_bytes_are_not_proven_code_data_classification
8013B000-c669c93b32e0ec7d77d6086f6fcf826c45aca74f246baaef253346066723c4a2,20480,0,5700,14780,0x0:0x4;0x1648:0x5000,,candidate_spans_and_remaining_bytes_are_not_proven_code_data_classification
8013B000-c67912847bacadcd50528ac520c969859b6e45bbd78ce2826352aca40300bc5c,20480,0,7508,12972,0x0:0x4;0x1D58:0x5000,,candidate_spans_and_remaining_bytes_are_not_proven_code_data_classification
8013B000-c686b0f05d82863b274a27041c5bc4d9a70046adbdea9c72781041d7e35e9878,20480,0,6708,13772,0x0:0x4;0x1A38:0x5000,,candidate_spans_and_remaining_bytes_are_not_proven_code_data_classification
8013B000-c6aaabdb684f7da36bef92eaea95fca62c8dc3aab6445f51bd59e239969ee8dd,20480,0,10880,9600,0x0:0x4;0x2A84:0x5000,,candidate_spans_and_remaining_bytes_are_not_proven_code_data_classification
8013B000-c74454f324c7c4f434b8c3dd7c4f9e64320a99b2dbb5eff9c51d08971304a2e4,20480,0,6688,13792,0x0:0x4;0x1A24:0x5000,,candidate_spans_and_remaining_bytes_are_not_proven_code_data_classification
8013B000-c76dddb18f8aa71fd3a505010612d1cf32cb65d34c39531a7d859bce93c21a58,20480,0,6708,13772,0x0:0x4;0x1A38:0x5000,,candidate_spans_and_remaining_bytes_are_not_proven_code_data_classification
8013B000-c7d180c33009fe6098065eeb4c326eb44cd6baf731f89d64d6650d073dd44564,20480,0,0,20480,0x0:0x5000,0x2F68,candidate_spans_and_remaining_bytes_are_not_proven_code_data_classification
8013B000-c802f86983326e9febf750a9c1b62bf778c8c5b4c80b9c20ca1fb45c8ba8b053,20480,0,7832,12648,0x0:0x4;0x1E9C:0x5000,0x419C;0x4678;0x4D84,candidate_spans_and_remaining_bytes_are_not_proven_code_data_classification
8013B000-c805bcf99ac14d4bb02fbada0a2d42868c1275792fa25d2e96f0eb8113ea6004,20480,0,9164,11316,0x0:0x4;0x23D0:0x5000,,candidate_spans_and_remaining_bytes_are_not_proven_code_data_classification
8013B000-c87fe28f373fe63f02ce7b0056dde0ddab5348ff07bceffb88d267f64110c94f,20480,0,14360,6120,0x0:0x4;0x381C:0x5000,,candidate_spans_and_remaining_bytes_are_not_proven_code_data_classification
8013B000-c88adc7fe53c8da4e97d0debd56a6f84a29529a00fa9becef12455d5e95fd9dc,20480,0,5004,15476,0x0:0x4;0x1390:0x5000,,candidate_spans_and_remaining_bytes_are_not_proven_code_data_classification
8013B000-c897bd66a9e2bf5a4c6b8079cde8cf6f1324a2559263b29170a086571544c07f,20480,0,3296,17184,0x0:0x4;0xCE4:0x5000,,candidate_spans_and_remaining_bytes_are_not_proven_code_data_classification
8013B000-c8b7bc9dc7c3f99409da8d3abe4ed13d93b89b92a363c1c7a20c253652ad2433,20480,0,0,20480,0x0:0x5000,0x4ADC,candidate_spans_and_remaining_bytes_are_not_proven_code_data_classification
8013B000-c8d13c9649fa49c9df15a70ee025ae022f9766bb796699e4a21263b2bab1c5f2,20480,0,4952,15528,0x0:0x4;0x135C:0x5000,,candidate_spans_and_remaining_bytes_are_not_proven_code_data_classification
8013B000-c8f7a47c4f4f19a3b25ebfb861f867aeeb14eeee53c52a55336762a90c40c1ea,20480,0,11036,9444,0x0:0x4;0x2B20:0x5000,,candidate_spans_and_remaining_bytes_are_not_proven_code_data_classification
8013B000-c9c358176fc11c16dba07510cf253337f716de941d9932ce950a9db277b11e0d,20480,0,10440,10040,0x0:0x4;0x28CC:0x5000,0x2E0C;0x3394;0x3E68,candidate_spans_and_remaining_bytes_are_not_proven_code_data_classification
8013B000-c9dc1d6577df4f20fd6e28d6fc288da05768889e1c8d87690f8d5a46ef139823,20480,0,5292,15188,0x0:0x4;0x14B0:0x5000,,candidate_spans_and_remaining_bytes_are_not_proven_code_data_classification
8013B000-c9de36156c9ce895c301648c51d1367adba6eb806399061bbc64c14c28057cb4,20480,0,0,20480,0x0:0x5000,0x32A8,candidate_spans_and_remaining_bytes_are_not_proven_code_data_classification
8013B000-c9e04e9f4d7c2060a7be989c50fea2cb9c715f64a3ece3dd1ef7294da88c476e,20480,0,0,20480,0x0:0x5000,0x19F0,candidate_spans_and_remaining_bytes_are_not_proven_code_data_classification
8013B000-ca2664ceee449a08caff3c68db4abbd436d857b56e151e61a71f1b1475807cfc,20480,0,6900,13580,0x0:0x4;0x1AF8:0x5000,,candidate_spans_and_remaining_bytes_are_not_proven_code_data_classification
8013B000-ca8519f9096477f361e8249074233a95c89a39830960d26ade424b817a2a99e1,20480,0,4232,16248,0x0:0x4;0x108C:0x5000,0x1C40,candidate_spans_and_remaining_bytes_are_not_proven_code_data_classification
8013B000-cb0c3dab524162d48cb8ef217ac11b046bf6e455388811ad17f341539a3b6738,20480,0,6708,13772,0x0:0x4;0x1A38:0x5000,,candidate_spans_and_remaining_bytes_are_not_proven_code_data_classification
8013B000-cb708b3e33679fc34ad0a7396b50d6f4ee6f893a174b5219c71d697cb5dd4927,20480,0,0,20480,0x0:0x5000,0x1F6C,candidate_spans_and_remaining_bytes_are_not_proven_code_data_classification
8013B000-cbcf85c0e84c0ad3a9457e098e245a1141a15a9335a2a953c43ff4b28360a172,20480,0,7524,12956,0x0:0x4;0x1D68:0x5000,0x2C5C,candidate_spans_and_remaining_bytes_are_not_proven_code_data_classification
8013B000-cbd55576b5b270bc4ae283c4d2054f28fd413cd42749cb32bb2423396a767c4f,20480,0,6700,13780,0x0:0x4;0x1A30:0x5000,,candidate_spans_and_remaining_bytes_are_not_proven_code_data_classification
8013B000-cc0cc5a91109d3724fc3ea5d9636c99ab36b818b146c568648ae8f90b1279abe,20480,0,18532,1948,0x0:0x4;0x4868:0x5000,0x4CAC,candidate_spans_and_remaining_bytes_are_not_proven_code_data_classification
8013B000-cc298037274f685dfaf5532b5463927f63fa38df6dd900041f19ccca085a523f,20480,0,10052,10428,0x0:0x4;0x2748:0x5000,,candidate_spans_and_remaining_bytes_are_not_proven_code_data_classification
8013B000-cc2fc3cce8fdb23a324e97e46c383e50e8bd3ec572edfbb25dd2976359b8fda2,20480,0,4952,15528,0x0:0x4;0x135C:0x5000,,candidate_spans_and_remaining_bytes_are_not_proven_code_data_classification
8013B000-cc98fa78a7991e906a0a4135eea622deb6b0a6d7132f0282acdc0709b9782cae,20480,0,11896,8584,0x0:0x4;0x2E7C:0x5000,,candidate_spans_and_remaining_bytes_are_not_proven_code_data_classification
8013B000-cd2a8c09da646dfaef78426f90407d3bdfd9131158a6e1d912005289361d9e0c,20480,0,9260,11220,0x0:0x4;0x2430:0x5000,,candidate_spans_and_remaining_bytes_are_not_proven_code_data_classification
8013B000-cd6c0363d45ce2e38a2c5f622fa83b59f14669c474324800afcccc2c6359d019,20480,0,0,20480,0x0:0x5000,0x19F0,candidate_spans_and_remaining_bytes_are_not_proven_code_data_classification
8013B000-cd85ab35531a7e53e51d228cf3f78dd5a7659c46d6c64d356a73038fb1e9344a,20480,0,18256,2224,0x0:0x4;0x4754:0x5000,,candidate_spans_and_remaining_bytes_are_not_proven_code_data_classification
8013B000-cde8bbc64213c94f19e5f61e9d383f55b47fbf7b8cd8f5b74b7fedc82b7c3311,20480,0,9164,11316,0x0:0x4;0x23D0:0x5000,0x4718,candidate_spans_and_remaining_bytes_are_not_proven_code_data_classification
8013B000-cea17e6a376a5ab674450871718e4e0ce7c619026b54329913ac140c1886b1d6,20480,0,3552,16928,0x0:0x4;0xDE4:0x5000,,candidate_spans_and_remaining_bytes_are_not_proven_code_data_classification
8013B000-cec4d8b2c84555c9cd012df8c4cab89a8c70eae3056df9e197720acef7a38758,20480,0,6056,14424,0x0:0x4;0x17AC:0x5000,,candidate_spans_and_remaining_bytes_are_not_proven_code_data_classification
8013B000-cf18f0e67c0e0590840fe84f03e6a368cea935ac1636d37ea06c3d3b5a3cba38,20480,0,6420,14060,0x0:0x4;0x1918:0x5000,,candidate_spans_and_remaining_bytes_are_not_proven_code_data_classification
8013B000-cf4db843323f0503442453f73d0aa2f8fc325c5355624348ff5b73ef68d95708,20480,0,4260,16220,0x0:0x4;0x10A8:0x5000,0x20B8,candidate_spans_and_remaining_bytes_are_not_proven_code_data_classification
8013B000-cfac5589e9ec1bb9b1828e11d75c15cea179597b24f7b1dfcf8824b9092ae246,20480,0,14448,6032,0x0:0x4;0x3874:0x5000,,candidate_spans_and_remaining_bytes_are_not_proven_code_data_classification
8013B000-d08a5dd6708e32527c42b22ac319c348c28ba6b378d34d53389288c03fa847c5,20480,0,4504,15976,0x0:0x4;0x119C:0x5000,,candidate_spans_and_remaining_bytes_are_not_proven_code_data_classification
8013B000-d09c44a1864e560272371bf06e95085fdcd2def1da0ac430d567c58f1963a16e,20480,0,2584,17896,0x0:0x4;0xA1C:0x5000,,candidate_spans_and_remaining_bytes_are_not_proven_code_data_classification
8013B000-d0ef8ab998bd897f419fb5dcf11097473952376a3a57224ae1bbddc27b658eb4,20480,0,10572,9908,0x0:0x4;0x2950:0x5000,,candidate_spans_and_remaining_bytes_are_not_proven_code_data_classification
8013B000-d140c17875353bea5de49af89d367bd36d9a1b6ae71eda95cbda9d093a1d926b,20480,0,0,20480,0x0:0x5000,0x44A4,candidate_spans_and_remaining_bytes_are_not_proven_code_data_classification
8013B000-d14e6021ec61a63d17bc31b121628fc5a74a5818da54fdaa10ccb9b759f635cf,20480,0,7148,13332,0x0:0x4;0x1BF0:0x5000,0x2368;0x3004,candidate_spans_and_remaining_bytes_are_not_proven_code_data_classification
8013B000-d1803061664ef3f158100c739ddc2da08d56c649639c5cecacc250f4313f6944,20480,0,6196,14284,0x0:0x4;0x1838:0x5000,,candidate_spans_and_remaining_bytes_are_not_proven_code_data_classification
8013B000-d1bcf89ea07a6454bcb0b72c5d611e3edb4cc32d31e2f6fb6393ca874388a497,20480,0,2904,17576,0x0:0x4;0xB5C:0x5000,0x10B4,candidate_spans_and_remaining_bytes_are_not_proven_code_data_classification
8013B000-d1d91ae579978201f36f6100bf60f9c25e6161051f1b21cf51fdb2ee6c963fec,20480,0,15540,4940,0x0:0x4;0x3CB8:0x5000,,candidate_spans_and_remaining_bytes_are_not_proven_code_data_classification
8013B000-d21538d00814e3fe3b0e1e133e1b0af86c8412920ccafa8bef9b62764437d2de,20480,0,6196,14284,0x0:0x4;0x1838:0x5000,,candidate_spans_and_remaining_bytes_are_not_proven_code_data_classification
8013B000-d243ffe0db08bdfccabe5fc0826ed119b8617cb2ee8ad41f48b7ffd72f0ed16e,20480,0,9452,11028,0x0:0x4;0x24F0:0x5000,,candidate_spans_and_remaining_bytes_are_not_proven_code_data_classification
8013B000-d24df955d604e382aafe5f8d9f4f8471414cdb1309073f87e5e856bcb0ebf66f,20480,0,9260,11220,0x0:0x4;0x2430:0x5000,,candidate_spans_and_remaining_bytes_are_not_proven_code_data_classification
8013B000-d25b5ca23223c332406f92c67c5e01a35e5ede166d9342f3e9dd5feacf81539d,20480,0,0,20480,0x0:0x5000,0x32A8,candidate_spans_and_remaining_bytes_are_not_proven_code_data_classification
8013B000-d2741239252e85b1fdd47738bf4c1b80903ff1076cf9d14db79741127cd3eb9b,20480,0,4440,16040,0x0:0x4;0x115C:0x5000,,candidate_spans_and_remaining_bytes_are_not_proven_code_data_classification
8013B000-d28607c21cc8b9c39c060cdc88466195832ca214853a23e8dcfffd3dcc4cccbf,20480,0,14360,6120,0x0:0x4;0x381C:0x5000,,candidate_spans_and_remaining_bytes_are_not_proven_code_data_classification
8013B000-d33b35a934326bc9c808f4f86d85ffed2c773c8e6acbaaa225d75a4a8e671c36,20480,0,5520,14960,0x0:0x4;0x1594:0x5000,,candidate_spans_and_remaining_bytes_are_not_proven_code_data_classification
8013B000-d33fd28b6ed4ece4cbac5007ad61153461af84de382eedf816f110fd0fc2581c,20480,0,3296,17184,0x0:0x4;0xCE4:0x5000,0x1260;0x19AC;0x1E94;0x2408;0x271C;0x2A9C;0x2E04,candidate_spans_and_remaining_bytes_are_not_proven_code_data_classification
8013B000-d3bd4d1a81745ae427c29af3b8b9a9a09f99cb04a8d1a2b2b32d14a0cfce5c19,20480,0,14288,6192,0x0:0x4;0x37D4:0x5000,,candidate_spans_and_remaining_bytes_are_not_proven_code_data_classification
8013B000-d3d2cf587c05a874f700a59e968ac3d9d0f3b8b2fa83c73594e3749a259026f6,20480,0,8120,12360,0x0:0x4;0x1FBC:0x5000,,candidate_spans_and_remaining_bytes_are_not_proven_code_data_classification
8013B000-d3f9049726437cc01e1e4b36cab840d5c28efc5ade3b2d2e4bb8797516627c8f,20480,0,8724,11756,0x0:0x4;0x2218:0x5000,0x2454,candidate_spans_and_remaining_bytes_are_not_proven_code_data_classification
8013B000-d404ec915953e79356c816c4c364a348faa8fa503c6a3e2ec81343a542f95733,20480,0,8092,12388,0x0:0x4;0x1FA0:0x5000,,candidate_spans_and_remaining_bytes_are_not_proven_code_data_classification
8013B000-d41b6fa1aa3669c1fda865af8ec50076dd921a7667092eb818e2f51450d35d9e,20480,0,3592,16888,0x0:0x4;0xE0C:0x5000,0x10AC,candidate_spans_and_remaining_bytes_are_not_proven_code_data_classification
8013B000-d4701ef440a8e04c967de144c7b7c999ef2bb0f36a885da1908b6e8233a8ee4b,20480,0,0,20480,0x0:0x5000,0x19F0,candidate_spans_and_remaining_bytes_are_not_proven_code_data_classification
8013B000-d4a774468ee7aba2e34210159637354c06ebae37b4bf6b8c86083e3ab1baafd4,20480,0,5700,14780,0x0:0x4;0x1648:0x5000,,candidate_spans_and_remaining_bytes_are_not_proven_code_data_classification
8013B000-d4d0cb46a9c8f2e30a27de211a4c23e1e293bf01d0aca0b80c02b9e07dd53822,20480,0,0,20480,0x0:0x5000,0x3CD8,candidate_spans_and_remaining_bytes_are_not_proven_code_data_classification
8013B000-d4dbe5f9d9231dd07d36d05eb8bb73e4948f81e65ca0a85554a6d06d1d197da4,20480,0,5560,14920,0x0:0x4;0x15BC:0x5000,,candidate_spans_and_remaining_bytes_are_not_proven_code_data_classification
8013B000-d50fcf1252dac300ded57145b6fe4faf41412890ebcbb4b15cef4a036752cd9d,20480,0,0,20480,0x0:0x5000,0x4ADC,candidate_spans_and_remaining_bytes_are_not_proven_code_data_classification
8013B000-d550088640cccb6ea53c7577674dfe891eb0ef09658bf1c1ba2a1c28f3995cfe,20480,0,6488,13992,0x0:0x4;0x195C:0x5000,0x328C,candidate_spans_and_remaining_bytes_are_not_proven_code_data_classification
8013B000-d56bd02d477b4d4f76114777b0a64018adbd242a20b41866f6c330f291c7f34c,20480,0,9260,11220,0x0:0x4;0x2430:0x5000,,candidate_spans_and_remaining_bytes_are_not_proven_code_data_classification
8013B000-d58ff834b9cd880ffe5dcf05e0ea2fe16889428e929a4cebb66b5a00da106404,20480,0,11720,8760,0x0:0x4;0x2DCC:0x5000,,candidate_spans_and_remaining_bytes_are_not_proven_code_data_classification
8013B000-d5d478e89a07d8dae653772747683df6fd34b53ca487ff284d06c2b17eb5d51e,20480,0,14360,6120,0x0:0x4;0x381C:0x5000,,candidate_spans_and_remaining_bytes_are_not_proven_code_data_classification
8013B000-d5e13f1be734646ba0ad3edfdbf87024903dbb92c5b8efe197fb3a58fbbfda6e,20480,0,6600,13880,0x0:0x4;0x19CC:0x5000,,candidate_spans_and_remaining_bytes_are_not_proven_code_data_classification
8013B000-d5f11c55a0c3faf77e94d0bdd9d7721283f7906a68220e9e61eed7ffebe9966a,20480,0,0,20480,0x0:0x5000,0x2358;0x48C8,candidate_spans_and_remaining_bytes_are_not_proven_code_data_classification
8013B000-d67a568f06edaed5f16b35484cbb0cf7f6aa6e0c5d441c0d287d296fa2a014e7,20480,0,15044,5436,0x0:0x4;0x3AC8:0x5000,,candidate_spans_and_remaining_bytes_are_not_proven_code_data_classification
8013B000-d6a7e0347752ee055da1d71707d93c4363dca817be5d9f22ae2395b9d14945f6,20480,0,3092,17388,0x0:0x4;0xC18:0x5000,,candidate_spans_and_remaining_bytes_are_not_proven_code_data_classification
8013B000-d71ccf5b63f59621848e8a136073ecd8e5cd2accae7c5985e9a1a9d210cb4852,20480,0,6708,13772,0x0:0x4;0x1A38:0x5000,,candidate_spans_and_remaining_bytes_are_not_proven_code_data_classification
8013B000-d75a1ea1fcca228dfe66033ef583eefc8fe866b37c7cd9288af462c3f0292974,20480,0,8684,11796,0x0:0x4;0x21F0:0x5000,,candidate_spans_and_remaining_bytes_are_not_proven_code_data_classification
8013B000-d799773fd3da579f479ba40aa252a14f5e05e1b49d6b66d2722b1417ead88dbe,20480,0,13600,6880,0x0:0x4;0x3524:0x5000,,candidate_spans_and_remaining_bytes_are_not_proven_code_data_classification
8013B000-d7ab0f02bf70bf35ade0d2a99412d54eda78ed5f6afcaf1540bad4648661df13,20480,0,5860,14620,0x0:0x4;0x16E8:0x5000,0x1D14,candidate_spans_and_remaining_bytes_are_not_proven_code_data_classification
8013B000-d7b8f0e696179320da49ec6e7cbda66ba2c5ded318e6b3733657a58e11b3e2c7,20480,0,9472,11008,0x0:0x4;0x2504:0x5000,,candidate_spans_and_remaining_bytes_are_not_proven_code_data_classification
8013B000-d8025695a0812e1bd0671be0d07591cb2b4b7e084bd5c3d565ff58ce67e42809,20480,0,14340,6140,0x0:0x4;0x3808:0x5000,,candidate_spans_and_remaining_bytes_are_not_proven_code_data_classification
8013B000-d86079fdfca9356af72df05f5e9c4187202b5ca978c8b6ebe80b0eaa55548034,20480,0,4412,16068,0x0:0x4;0x1140:0x5000,,candidate_spans_and_remaining_bytes_are_not_proven_code_data_classification
8013B000-d8a4d1b106841e6e8b11d8bae91d26b68ce866edea6351ded36f32cc450a82c5,20480,0,3592,16888,0x0:0x4;0xE0C:0x5000,,candidate_spans_and_remaining_bytes_are_not_proven_code_data_classification
8013B000-d8dc607b4766650519ab53f8ddc0a07a923ecd2c048e750106da19a6e1db11a9,20480,0,7508,12972,0x0:0x4;0x1D58:0x5000,,candidate_spans_and_remaining_bytes_are_not_proven_code_data_classification
8013B000-d8f09bae9060b04d72a27fe5cd6b7a8393ff48a086d30dbad25e5c2f93a5c6ce,20480,0,6196,14284,0x0:0x4;0x1838:0x5000,0x2FB8,candidate_spans_and_remaining_bytes_are_not_proven_code_data_classification
8013B000-d8fd9538d2c6126ba8aca7b54540a347f81e8ec891c56d8d76ad3ba7515f9ceb,20480,0,8412,12068,0x0:0x4;0x20E0:0x5000,,candidate_spans_and_remaining_bytes_are_not_proven_code_data_classification
8013B000-d9276e7edaacac430b1685e7bd85dbfbcd0fca8249ba7e21338c78937cd5c183,20480,0,7524,12956,0x0:0x4;0x1D68:0x5000,0x2C5C,candidate_spans_and_remaining_bytes_are_not_proven_code_data_classification
8013B000-d94115c06ec8e62c3dc7a55cee2293be4913c33ac5584c04c85d2b38ff8d23ad,20480,0,14384,6096,0x0:0x4;0x3834:0x5000,,candidate_spans_and_remaining_bytes_are_not_proven_code_data_classification
8013B000-d98cc91c9be92edc16cb6197254005cf750c9d0c650899cc1f3cb707896f6967,20480,0,10440,10040,0x0:0x4;0x28CC:0x5000,,candidate_spans_and_remaining_bytes_are_not_proven_code_data_classification
8013B000-d992fb68c8492cb0a17891353c45e953f4959c937eabd8be0cf2a50e6e940d21,20480,0,0,20480,0x0:0x5000,0x3CD8,candidate_spans_and_remaining_bytes_are_not_proven_code_data_classification
8013B000-d9b7e72191ffdb18b37850c01a963e9b13a3f21f553b28ec7be383ea7072dde1,20480,0,6772,13708,0x0:0x4;0x1A78:0x5000,0x23F0;0x461C,candidate_spans_and_remaining_bytes_are_not_proven_code_data_classification
8013B000-d9e530535c4c39e2dadd0a998511f34ea9b03675f8b36ef984df8f18ca9c3681,20480,0,14740,5740,0x0:0x4;0x3998:0x5000,,candidate_spans_and_remaining_bytes_are_not_proven_code_data_classification
8013B000-da06ddcbcc9af5c584e518ad1c86162c95f88c5b3b22f8d34b9c9f9c9a3bcc18,20480,0,15292,5188,0x0:0x4;0x3BC0:0x5000,,candidate_spans_and_remaining_bytes_are_not_proven_code_data_classification
8013B000-da13bc389faef744f8434715d76ff498845bf293f11dd7b1850e446e74516cd5,20480,0,15612,4868,0x0:0x4;0x3D00:0x5000,,candidate_spans_and_remaining_bytes_are_not_proven_code_data_classification
8013B000-da260243661e2ace3cc8dcad6f71928eedc665ed3607ef425126527f91849536,20480,0,7148,13332,0x0:0x4;0x1BF0:0x5000,0x32D8,candidate_spans_and_remaining_bytes_are_not_proven_code_data_classification
8013B000-da679060ea4603fbd25d583d6d3d585fe028ac91b516562b129e5574d5970643,20480,0,8324,12156,0x0:0x4;0x2088:0x5000,,candidate_spans_and_remaining_bytes_are_not_proven_code_data_classification
8013B000-da799fd09884d8455614d6b5d490e1d3f09f610f8ab28298e02b74f7f25caaa9,20480,0,11112,9368,0x0:0x4;0x2B6C:0x5000,,candidate_spans_and_remaining_bytes_are_not_proven_code_data_classification
8013B000-da971553e45dbedd4e62b4d569cfbdab5ba74d0ca50fb25da2b38f05d6f9cb74,20480,0,8836,11644,0x0:0x4;0x2288:0x5000,,candidate_spans_and_remaining_bytes_are_not_proven_code_data_classification
8013B000-dae9703f0e21a3853badf6f26aee5bc60f620d271c54d86517b53d81afe3df1b,20480,0,7564,12916,0x0:0x4;0x1D90:0x5000,,candidate_spans_and_remaining_bytes_are_not_proven_code_data_classification
8013B000-db36d456356e81ed391a76d565151f2a964b7b143bcf0443ab4b30b751e55c5c,20480,0,5400,15080,0x0:0x4;0x151C:0x5000,,candidate_spans_and_remaining_bytes_are_not_proven_code_data_classification
8013B000-db7f04f6ec39dad29e8636538b50f8cc5d02fd31571ef860c8ccf11d613ff57b,20480,0,8284,12196,0x0:0x4;0x2060:0x5000,,candidate_spans_and_remaining_bytes_are_not_proven_code_data_classification
8013B000-db89ee5300a1edc71f7f61cf839feb38f55384df5c77e0a7ca493e0f7ef0cfd8,20480,0,5860,14620,0x0:0x4;0x16E8:0x5000,,candidate_spans_and_remaining_bytes_are_not_proven_code_data_classification
8013B000-db97cbb45e1d37727c031ccc4a733df831b1d98599bcbbc934fbacbf8db07cd1,20480,0,14740,5740,0x0:0x4;0x3998:0x5000,,candidate_spans_and_remaining_bytes_are_not_proven_code_data_classification
8013B000-dc00298f3c8255339777f95bf64ca384c93267e3ad0b619f653bd9c72719c3f5,20480,0,15608,4872,0x0:0x4;0x3CFC:0x5000,,candidate_spans_and_remaining_bytes_are_not_proven_code_data_classification
8013B000-dc219f7ed4b3f840cfef670e7ff1524fda460e7e2873f1448ecf7e78d42bb5d2,20480,0,10672,9808,0x0:0x4;0x29B4:0x5000,,candidate_spans_and_remaining_bytes_are_not_proven_code_data_classification
8013B000-dc65695686224ba665d84c880b69b9be8b87a407c0034e9908f597eb94152c57,20480,0,8792,11688,0x0:0x4;0x225C:0x5000,,candidate_spans_and_remaining_bytes_are_not_proven_code_data_classification
8013B000-dc87ae48d2067d65fec17e98dcd504b475bb4b33c376210f0bdea708a2f6451a,20480,0,3092,17388,0x0:0x4;0xC18:0x5000,,candidate_spans_and_remaining_bytes_are_not_proven_code_data_classification
8013B000-dcc273de054ef894adc19fba22d0acb43a962b022d1127d412aca0980506c092,20480,0,14620,5860,0x0:0x4;0x3920:0x5000,,candidate_spans_and_remaining_bytes_are_not_proven_code_data_classification
8013B000-dd3913ade3a65ea2358f6d75e073126a903170e4312a6df198ed10b6c8166bc3,20480,0,4832,15648,0x0:0x4;0x12E4:0x5000,0x28BC,candidate_spans_and_remaining_bytes_are_not_proven_code_data_classification
8013B000-dd98ec566eb128727451bbf8a1273c10cfeed22dda302a90b65138d98ca90385,20480,0,5004,15476,0x0:0x4;0x1390:0x5000,,candidate_spans_and_remaining_bytes_are_not_proven_code_data_classification
8013B000-ddcec7d527142e3b43aa907696c3b812ac684c5b829bb5f89ad5f7a00d8a888a,20480,0,6488,13992,0x0:0x4;0x195C:0x5000,0x328C,candidate_spans_and_remaining_bytes_are_not_proven_code_data_classification
8013B000-dde43f5c9dd6ac14bba36733b655561610c29a6ad8946e00cf14a8c3f4f22935,20480,0,6196,14284,0x0:0x4;0x1838:0x5000,,candidate_spans_and_remaining_bytes_are_not_proven_code_data_classification
8013B000-ddf7526d927fb7c568d44f4f311e03b35661c906a633d72cbda01dc7b5a05602,20480,0,5728,14752,0x0:0x4;0x1664:0x5000,,candidate_spans_and_remaining_bytes_are_not_proven_code_data_classification
8013B000-de5337ad01c8a338b6fce2855f1af250d4b9f814deac4960ecb43007c2453349,20480,0,9312,11168,0x0:0x4;0x2464:0x5000,,candidate_spans_and_remaining_bytes_are_not_proven_code_data_classification
8013B000-de5f9de84320d761a0348d81643dfcd2672d87a8b7deb42f544b428f83157c32,20480,0,15612,4868,0x0:0x4;0x3D00:0x5000,,candidate_spans_and_remaining_bytes_are_not_proven_code_data_classification
8013B000-dece5e62f3cfbeb131713cab5c3847c50aae10fb6fb6f71cbae4822fb853d156,20480,0,8412,12068,0x0:0x4;0x20E0:0x5000,,candidate_spans_and_remaining_bytes_are_not_proven_code_data_classification
8013B000-def132be31b0ee8b8cf3c858f4d667e1fc833eeff0137c491456dd6ef1cf5212,20480,0,6900,13580,0x0:0x4;0x1AF8:0x5000,,candidate_spans_and_remaining_bytes_are_not_proven_code_data_classification
8013B000-def267338b0905f6defe7481192b165e97a1b8d7019555c49a3296d45a3535ee,20480,0,6488,13992,0x0:0x4;0x195C:0x5000,0x328C,candidate_spans_and_remaining_bytes_are_not_proven_code_data_classification
8013B000-df11cbc2bd0afcd0de607ef009e31f5d03dbb84d4003d73bcb1e3ca08afabb56,20480,0,6276,14204,0x0:0x4;0x1888:0x5000,,candidate_spans_and_remaining_bytes_are_not_proven_code_data_classification
8013B000-df3fd589f03c2ef632cb61942e36355a637150c0b489998732e2f5a5f9bc1d3b,20480,0,12696,7784,0x0:0x4;0x319C:0x5000,0x4718,candidate_spans_and_remaining_bytes_are_not_proven_code_data_classification
8013B000-df437957850cd0ee164776f040baba35e4442d952ade4ca0d537cd011c246666,20480,0,6320,14160,0x0:0x4;0x18B4:0x5000,,candidate_spans_and_remaining_bytes_are_not_proven_code_data_classification
8013B000-df93e8d6bed43bcfa1d1a592f9477bc6cee59155cfa34a9ff5d887f83b0cea19,20480,0,11184,9296,0x0:0x4;0x2BB4:0x5000,,candidate_spans_and_remaining_bytes_are_not_proven_code_data_classification
8013B000-dfc69799f4ce02d9035d76d2f7db64e1a947c79d9bf04a374ac9e3a802319957,20480,0,9164,11316,0x0:0x4;0x23D0:0x5000,,candidate_spans_and_remaining_bytes_are_not_proven_code_data_classification
8013B000-dfd5af197c22870bd4125b1cf14df6898f083fd3bc8fdf6c72050ca8bc2df69d,20480,0,11688,8792,0x0:0x4;0x2DAC:0x5000,,candidate_spans_and_remaining_bytes_are_not_proven_code_data_classification
8013B000-dfec4a62607a581bd483e087c4615a596172a976244f8e6455c54b90196df2c1,20480,0,14740,5740,0x0:0x4;0x3998:0x5000,,candidate_spans_and_remaining_bytes_are_not_proven_code_data_classification
8013B000-e00af08a23c329d054c84220ccb6f3de67aba42efaf2b63bbcb742b399674596,20480,0,6204,14276,0x0:0x4;0x1840:0x5000,,candidate_spans_and_remaining_bytes_are_not_proven_code_data_classification
8013B000-e07e7de1fdbd08b08da8d49c336506ecc91a7f1fe0437cdf9190f6e0e9b21bc0,20480,0,15364,5116,0x0:0x4;0x3C08:0x5000,,candidate_spans_and_remaining_bytes_are_not_proven_code_data_classification
8013B000-e08f1cb8c94e866248ce94faddfc37331614eef5d42bf295a20d0a25a7f7bb86,20480,0,5660,14820,0x0:0x4;0x1620:0x5000,0x1A04,candidate_spans_and_remaining_bytes_are_not_proven_code_data_classification
8013B000-e0b571e366eb092a510dd543be74628f20f0687f83047a9bc1fd93510b68d8a5,20480,0,9140,11340,0x0:0x4;0x23B8:0x5000,,candidate_spans_and_remaining_bytes_are_not_proven_code_data_classification
8013B000-e0e58776500f0dd9ac8289f7abf9e1420961d9c8d57902259823d82d2e8742d5,20480,0,13496,6984,0x0:0x4;0x34BC:0x5000,,candidate_spans_and_remaining_bytes_are_not_proven_code_data_classification
8013B000-e16add33b7133d85780ca2c1c2a26dd1ce265c3c383605f4b4099f05ba2936ce,20480,0,4260,16220,0x0:0x4;0x10A8:0x5000,,candidate_spans_and_remaining_bytes_are_not_proven_code_data_classification
8013B000-e17d9f619b5e25ed914ce0c60fc11df5b9863faf0b578fb282df0d3fd397a514,20480,0,3904,16576,0x0:0x4;0xF44:0x5000,,candidate_spans_and_remaining_bytes_are_not_proven_code_data_classification
8013B000-e1843f399c600226fd9e33c77299d136da3935496531f201b7ad582436489dc7,20480,0,3824,16656,0x0:0x4;0xEF4:0x5000,,candidate_spans_and_remaining_bytes_are_not_proven_code_data_classification
8013B000-e1de24a61afdea0f06aef62620ab46a3ad2e3890ec82b740e5f2a68b2cfc80e8,20480,0,6044,14436,0x0:0x4;0x17A0:0x5000,,candidate_spans_and_remaining_bytes_are_not_proven_code_data_classification
8013B000-e1e22785195fb3cfacacb6e34860e7c74a3cde58dfa87a01b520f0b2f803572e,20480,0,0,20480,0x0:0x5000,0x19F0,candidate_spans_and_remaining_bytes_are_not_proven_code_data_classification
8013B000-e20bb1321156d3ea78406477da04d9c54d56a18710aff2cfc2c097db25194940,20480,0,7508,12972,0x0:0x4;0x1D58:0x5000,,candidate_spans_and_remaining_bytes_are_not_proven_code_data_classification
8013B000-e21ad18d65c77fe4841fb1d3fc0a273969e995274aaf29a32e9c2eb7a15d4ddd,20480,0,5700,14780,0x0:0x4;0x1648:0x5000,,candidate_spans_and_remaining_bytes_are_not_proven_code_data_classification
8013B000-e285c76ca908e38be5d0656032151b3a830a9cfe1b468cd249bd1a08ad3fe605,20480,0,14740,5740,0x0:0x4;0x3998:0x5000,,candidate_spans_and_remaining_bytes_are_not_proven_code_data_classification
8013B000-e2a0088074ae3559b18d326b13aaf3b3d12e887364c79536c094b77e19ef9be5,20480,0,6420,14060,0x0:0x4;0x1918:0x5000,,candidate_spans_and_remaining_bytes_are_not_proven_code_data_classification
8013B000-e31ca92aba1fe5fdc5c13dee3a9fdac4c4bab52a2bfd331afcf32194c74174c1,20480,0,15264,5216,0x0:0x4;0x3BA4:0x5000,,candidate_spans_and_remaining_bytes_are_not_proven_code_data_classification
8013B000-e31e0642b2b76774bd1aa9078e155188ee73699f03149b74043b46a2be4b8518,20480,0,6320,14160,0x0:0x4;0x18B4:0x5000,,candidate_spans_and_remaining_bytes_are_not_proven_code_data_classification
8013B000-e3318eafb30ee81311d4c9bf7efa07127da5011442163bfc9159b4d69c246ef8,20480,0,4440,16040,0x0:0x4;0x115C:0x5000,,candidate_spans_and_remaining_bytes_are_not_proven_code_data_classification
8013B000-e3398153675651f13bd7c1b66a68fe19885a3400e9c2cece9b67d3a926f60dcc,20480,0,8188,12292,0x0:0x4;0x2000:0x5000,,candidate_spans_and_remaining_bytes_are_not_proven_code_data_classification
8013B000-e3c260f3bd7ca16953df6c5052a9ffa5647486a3e610e323b220a2896176eddf,20480,0,9164,11316,0x0:0x4;0x23D0:0x5000,,candidate_spans_and_remaining_bytes_are_not_proven_code_data_classification
8013B000-e3f083286ec4368096c32853beec1017cfd5ee67dd0bb7b17995559bfdd59777,20480,0,8188,12292,0x0:0x4;0x2000:0x5000,0x3204,candidate_spans_and_remaining_bytes_are_not_proven_code_data_classification
8013B000-e453b6f037c9b016a4d83b3c27248db1cd390cb30e7ad6a1ac466d111e8fabec,20480,0,8092,12388,0x0:0x4;0x1FA0:0x5000,,candidate_spans_and_remaining_bytes_are_not_proven_code_data_classification
8013B000-e48ca1eb8291277ddc7ca5bc40bc7aa26ddf1cb4bdd6d656ae245103d3369e5f,20480,0,0,20480,0x0:0x5000,0xE40,candidate_spans_and_remaining_bytes_are_not_proven_code_data_classification
8013B000-e48cb9ddc639bccb6bca669ad5c36e335c6618ec2370af27e7e6eab054dd4342,20480,0,5872,14608,0x0:0x4;0x16F4:0x5000,,candidate_spans_and_remaining_bytes_are_not_proven_code_data_classification
8013B000-e49620d70daf2594802f5e0fde70c938bb01d9d97f2518cccc62e54b8ed405b7,20480,0,4440,16040,0x0:0x4;0x115C:0x5000,,candidate_spans_and_remaining_bytes_are_not_proven_code_data_classification
8013B000-e57d028abca3ccb3abd9682c8031dfd4c648682f68727296286ed491da13159b,20480,0,8412,12068,0x0:0x4;0x20E0:0x5000,,candidate_spans_and_remaining_bytes_are_not_proven_code_data_classification
8013B000-e5baf9f155d03db71ad38a8e08cbc867fb521062bc399acf86a3d231c79fbf38,20480,0,17308,3172,0x0:0x4;0x43A0:0x5000,,candidate_spans_and_remaining_bytes_are_not_proven_code_data_classification
8013B000-e5f67edddbcbf27a4e43f086c9795abac0db9da2b7d16faaf6ad2efb1eb396a0,20480,0,0,20480,0x0:0x5000,0x1F6C,candidate_spans_and_remaining_bytes_are_not_proven_code_data_classification
8013B000-e69ae42ef6544355389447aabef822ea583be6152d40cfd773edaa2864dedaef,20480,0,15292,5188,0x0:0x4;0x3BC0:0x5000,,candidate_spans_and_remaining_bytes_are_not_proven_code_data_classification
8013B000-e6c9572d198179a89b352ed9e96c61c4973ca3f66204883feea0025dc8685a27,20480,0,5524,14956,0x0:0x4;0x1598:0x5000,0x2498,candidate_spans_and_remaining_bytes_are_not_proven_code_data_classification
8013B000-e7ae4e17bff165a0756d42ffcefc12f13e271e898aaebb525dd25e2c57b27c32,20480,0,0,20480,0x0:0x5000,0x2F68,candidate_spans_and_remaining_bytes_are_not_proven_code_data_classification
8013B000-e7d5637459d485a1afde9645113bcca187c1e9edb21bed13f4a8e0179308135e,20480,0,11792,8688,0x0:0x4;0x2E14:0x5000,0x3164;0x3870;0x3B84;0x3F04;0x426C,candidate_spans_and_remaining_bytes_are_not_proven_code_data_classification
8013B000-e8101a959a55128677b648c5e65a5f80beb3cc8c2f18145931ccda2593c5e640,20480,0,3756,16724,0x0:0x4;0xEB0:0x5000,0x161C,candidate_spans_and_remaining_bytes_are_not_proven_code_data_classification
8013B000-e83596ecbb1b515563246895ccc864b0a40021ef55f2699df71c979f170b2e5a,20480,0,0,20480,0x0:0x5000,0x2358;0x317C,candidate_spans_and_remaining_bytes_are_not_proven_code_data_classification
8013B000-e8ce907a214e6e4ad86d8462a900ab65981c9e4ff01254e0ece061aa9de8e583,20480,0,15292,5188,0x0:0x4;0x3BC0:0x5000,,candidate_spans_and_remaining_bytes_are_not_proven_code_data_classification
8013B000-e8f6c62b55ba7fc2a2e100df957d1b580a46e1b7a5db77772fe4aa2651ae547e,20480,0,7748,12732,0x0:0x4;0x1E48:0x5000,0x21D8,candidate_spans_and_remaining_bytes_are_not_proven_code_data_classification
8013B000-e92c0adf68c46f08bba8a1ba18f6184fa29d2c21357339af5190d01be5144dc1,20480,0,19376,1104,0x0:0x4;0x4BB4:0x5000,,candidate_spans_and_remaining_bytes_are_not_proven_code_data_classification
8013B000-e9ba5a078940f34750dd8c0ed5346009290a10a5f343131968db86c1b17ce8b7,20480,0,7148,13332,0x0:0x4;0x1BF0:0x5000,0x317C,candidate_spans_and_remaining_bytes_are_not_proven_code_data_classification
8013B000-e9cf96c6d20dd0014cd4158b7873dba453b47d58e88f11a7f947ef3b5e9e8c76,20480,0,13712,6768,0x0:0x4;0x3594:0x5000,,candidate_spans_and_remaining_bytes_are_not_proven_code_data_classification
8013B000-e9d07dcee23bcbbd6ba276b78135b08e922f5bc47427016de231b67f60b22bea,20480,0,6772,13708,0x0:0x4;0x1A78:0x5000,0x23F0,candidate_spans_and_remaining_bytes_are_not_proven_code_data_classification
8013B000-ea4157721247d9939a86aa953438d09b7030fca9ffc9998f8cf881e81c07e682,20480,0,6572,13908,0x0:0x4;0x19B0:0x5000,0x2DCC,candidate_spans_and_remaining_bytes_are_not_proven_code_data_classification
8013B000-eaaeb0921d802e044d02526ce5a7eba1ae3b3a4a54c22e4b8b791ccaf1423512,20480,0,11404,9076,0x0:0x4;0x2C90:0x5000,,candidate_spans_and_remaining_bytes_are_not_proven_code_data_classification
8013B000-eb0438890a44df67c8c3c49da4ac759a9cbdabfb4048d1f8837fb9b51a82c615,20480,0,0,20480,0x0:0x5000,0x3CD8,candidate_spans_and_remaining_bytes_are_not_proven_code_data_classification
8013B000-eb4825a556c4006afcdeb7f661f7833c96ba4852ccd4ce70272c5216f58193be,20480,0,15612,4868,0x0:0x4;0x3D00:0x5000,,candidate_spans_and_remaining_bytes_are_not_proven_code_data_classification
8013B000-eb89c2e4a3b60ade2debf105f7dd7403b22f8d54b85db37b8ebf543cd0cdbdf8,20480,0,2584,17896,0x0:0x4;0xA1C:0x5000,0x1284,candidate_spans_and_remaining_bytes_are_not_proven_code_data_classification
8013B000-ec21e808470a846e48a2bdcf6af6de5d39b1a8201e6c832d6644e62c2bf0dbd3,20480,0,5860,14620,0x0:0x4;0x16E8:0x5000,,candidate_spans_and_remaining_bytes_are_not_proven_code_data_classification
8013B000-ec3d5270dcaa0daf43f5c05cfe1f5e6cf1a627d76d614f162ee3da1ebb967dd8,20480,0,3592,16888,0x0:0x4;0xE0C:0x5000,,candidate_spans_and_remaining_bytes_are_not_proven_code_data_classification
8013B000-ecbab3f8eb466fa11bb44c254a7ad4a993bbd0748afa556e31224805a3f0bded,20480,0,7748,12732,0x0:0x4;0x1E48:0x5000,,candidate_spans_and_remaining_bytes_are_not_proven_code_data_classification
8013B000-ecd97ba55f0d422d4f0ae5d14592e73e82ad98233cd3ad0a38f05ea951fcbcf9,20480,0,5584,14896,0x0:0x4;0x15D4:0x5000,0x1C40,candidate_spans_and_remaining_bytes_are_not_proven_code_data_classification
8013B000-ed0c8ef69add0735e1b62d9c2490d06044a2713965b4315ddad5317609c0ff16,20480,0,12568,7912,0x0:0x4;0x311C:0x5000,,candidate_spans_and_remaining_bytes_are_not_proven_code_data_classification
8013B000-ed0e86a2ad6dca64e0f2c3a70724dd54510fef7cc15bde86b6a31b7ae1612ad2,20480,0,6196,14284,0x0:0x4;0x1838:0x5000,0x2FB8,candidate_spans_and_remaining_bytes_are_not_proven_code_data_classification
8013B000-ed944df8b43c36567696a7afe64780c27818cab7b43fd01c234e256d508a166c,20480,0,3296,17184,0x0:0x4;0xCE4:0x5000,0x16A0,candidate_spans_and_remaining_bytes_are_not_proven_code_data_classification
8013B000-edaa3baca8b2a5d5225b95cd1fb93f2a1fecacfbaa512e1835eb6a4c8cabb52c,20480,0,6488,13992,0x0:0x4;0x195C:0x5000,0x328C,candidate_spans_and_remaining_bytes_are_not_proven_code_data_classification
8013B000-ede8d4c943c8e4e3331b54f7ba979e328b46b6b43734002a6023f06c30803fdd,20480,0,11404,9076,0x0:0x4;0x2C90:0x5000,,candidate_spans_and_remaining_bytes_are_not_proven_code_data_classification
8013B000-ee3506d173cab881ab6633ab6fd964c526add268d52683379e81a081ef40caf1,20480,0,5860,14620,0x0:0x4;0x16E8:0x5000,,candidate_spans_and_remaining_bytes_are_not_proven_code_data_classification
8013B000-eead7e5b1112c6b9507f8ad0b78b62bb9db506ca42343b25c4baffc322502e7c,20480,0,6700,13780,0x0:0x4;0x1A30:0x5000,,candidate_spans_and_remaining_bytes_are_not_proven_code_data_classification
8013B000-eed8e17d61c91844fd9904035798542d377cb51eadb23afa2f115828e3f52e04,20480,0,8412,12068,0x0:0x4;0x20E0:0x5000,,candidate_spans_and_remaining_bytes_are_not_proven_code_data_classification
8013B000-ef02cd290d21040452c532758ea3695e830b9fc65e25916850ac016b49cfb8f9,20480,0,0,20480,0x0:0x5000,0x22A4,candidate_spans_and_remaining_bytes_are_not_proven_code_data_classification
8013B000-ef249d62f583ecadf431723dff57a3d752424fff076877633a87dc2fcd98d23b,20480,0,7752,12728,0x0:0x4;0x1E4C:0x5000,,candidate_spans_and_remaining_bytes_are_not_proven_code_data_classification
8013B000-ef39289d7db5b5bca4afbef4efd3bf57cd92f874ea20792f7b967231cbbffbde,20480,0,7752,12728,0x0:0x4;0x1E4C:0x5000,0x2278;0x44B8,candidate_spans_and_remaining_bytes_are_not_proven_code_data_classification
8013B000-ef505a10c5c732d6521eff5d03fca645e538964d560ca186ba685e9b4b28d6f6,20480,0,15364,5116,0x0:0x4;0x3C08:0x5000,,candidate_spans_and_remaining_bytes_are_not_proven_code_data_classification
8013B000-ef52bd415c3357eee12fb79e06a0b82cab9dfecf18d5d87a93f324554ecacedb,20480,0,3136,17344,0x0:0x4;0xC44:0x5000,0x1338;0x1850;0x1CA4,candidate_spans_and_remaining_bytes_are_not_proven_code_data_classification
8013B000-ef6102c0b8b48456bbe93f5d7d9579a886110436bd86d552146b9ed3100f907b,20480,0,6940,13540,0x0:0x4;0x1B20:0x5000,,candidate_spans_and_remaining_bytes_are_not_proven_code_data_classification
8013B000-ef79ac2fd22c99b4913a358c9e6018e6b5b638fd4316b825916011cecfb41af2,20480,0,10448,10032,0x0:0x4;0x28D4:0x5000,,candidate_spans_and_remaining_bytes_are_not_proven_code_data_classification
8013B000-ef86d6d90458e01363cd271091f873de024f0c366193a245e7b94773f7342c60,20480,0,0,20480,0x0:0x5000,0x3590,candidate_spans_and_remaining_bytes_are_not_proven_code_data_classification
8013B000-efa59bb7980efb70c5bcd5046ecd902c9329df4330058ef24cd361d2997e0c5b,20480,0,14316,6164,0x0:0x4;0x37F0:0x5000,,candidate_spans_and_remaining_bytes_are_not_proven_code_data_classification
8013B000-efdc53e773aea4cbbf7478a832a507a2250c2bd5b6a4c96b3452eae8647e8bf2,20480,0,0,20480,0x0:0x5000,0x22A4,candidate_spans_and_remaining_bytes_are_not_proven_code_data_classification
8013B000-f06f3deb1aac5b2546dd961405658a553bd4817042db852f61528e73996c2624,20480,0,0,20480,0x0:0x5000,0x2358,candidate_spans_and_remaining_bytes_are_not_proven_code_data_classification
8013B000-f1753021c81a35a183fafc1d2cd958d128209dfeea67a8a1cc7a2c62882ab803,20480,0,6420,14060,0x0:0x4;0x1918:0x5000,,candidate_spans_and_remaining_bytes_are_not_proven_code_data_classification
8013B000-f1765e51a0031f9990234eedd021c381813d4688f6f1151a0e2b21988fbdd587,20480,0,0,20480,0x0:0x5000,0x3CD8,candidate_spans_and_remaining_bytes_are_not_proven_code_data_classification
8013B000-f19dfcb9dbb743c7f73fa8ec49adc4609af18b14066a03ec9510a9816689d181,20480,0,6708,13772,0x0:0x4;0x1A38:0x5000,,candidate_spans_and_remaining_bytes_are_not_proven_code_data_classification
8013B000-f1b12f1765fd2e159b0f96a93a222c986cef16f4c15e67a1b30f11f4735901f5,20480,0,8188,12292,0x0:0x4;0x2000:0x5000,,candidate_spans_and_remaining_bytes_are_not_proven_code_data_classification
8013B000-f1cd4eaf748efcbb824d56c32def7792d8e3c9d220faab89f447f355f379e98d,20480,0,5416,15064,0x0:0x4;0x152C:0x5000,,candidate_spans_and_remaining_bytes_are_not_proven_code_data_classification
8013B000-f1d1d28e991b5071a860cbef7f2114c40696ad19d2de686ccc1b657abc868c90,20480,0,3824,16656,0x0:0x4;0xEF4:0x5000,,candidate_spans_and_remaining_bytes_are_not_proven_code_data_classification
8013B000-f1e89ca850d2d95457be7bbb226ff72b56cca44280808ea0546a7677b766fe5e,20480,0,0,20480,0x0:0x5000,0x1348;0x1F40,candidate_spans_and_remaining_bytes_are_not_proven_code_data_classification
8013B000-f216dcfdbaf0da533dc9919727a309f6d6ab18eb720af9ff2ecb63029d859493,20480,0,6940,13540,0x0:0x4;0x1B20:0x5000,,candidate_spans_and_remaining_bytes_are_not_proven_code_data_classification
8013B000-f24260a8c2917252176a7d10fb2e4e28c55f72e7980bdbca9122b94e238377b8,20480,0,15884,4596,0x0:0x4;0x3E10:0x5000,0x4454,candidate_spans_and_remaining_bytes_are_not_proven_code_data_classification
8013B000-f271f8bd8263c7f7c450e06560a5ae13b99d912a0ca81eb994590e9ca36a91bb,20480,0,6488,13992,0x0:0x4;0x195C:0x5000,0x328C,candidate_spans_and_remaining_bytes_are_not_proven_code_data_classification
8013B000-f28027631998bff4db368789d103f23f63a754998937f68ac3146536756baaac,20480,0,6420,14060,0x0:0x4;0x1918:0x5000,,candidate_spans_and_remaining_bytes_are_not_proven_code_data_classification
8013B000-f293928158088dea248e0d65dd4d648aa3c41aa12a0902f28606ab63c710b770,20480,0,2584,17896,0x0:0x4;0xA1C:0x5000,0x1284,candidate_spans_and_remaining_bytes_are_not_proven_code_data_classification
8013B000-f2c8573d5fea0c34e27bf803fbf6525dda26bb6e24114866394f462c551b3581,20480,0,4160,16320,0x0:0x4;0x1044:0x5000,0x1DFC,candidate_spans_and_remaining_bytes_are_not_proven_code_data_classification
8013B000-f2d6deffb274b5512aae2fb704120122a21ec5c1c8bf7abe70e9fc4adc537d96,20480,0,13600,6880,0x0:0x4;0x3524:0x5000,,candidate_spans_and_remaining_bytes_are_not_proven_code_data_classification
8013B000-f2dc28a200fa52244280ac2122c0eef03d40cb5a94b6c06d3c3657c7c6a85128,20480,0,0,20480,0x0:0x5000,0x22A4,candidate_spans_and_remaining_bytes_are_not_proven_code_data_classification
8013B000-f309d3d9e8fd5f5cd333e5d9ef934f0d3fc3c3f834f91ad0fc90811a3a9b0811,20480,0,8188,12292,0x0:0x4;0x2000:0x5000,,candidate_spans_and_remaining_bytes_are_not_proven_code_data_classification
8013B000-f325df3b8863934325a5a3c3f67e2625a7d3a7ea264299ba2dab724ae9a3b7e2,20480,0,7060,13420,0x0:0x4;0x1B98:0x5000,,candidate_spans_and_remaining_bytes_are_not_proven_code_data_classification
8013B000-f32a2adfbd8253f403f9834c3b4a6e03873cfcacdd2cd05d8b79c8aff7018c57,20480,0,17732,2748,0x0:0x4;0x4548:0x5000,,candidate_spans_and_remaining_bytes_are_not_proven_code_data_classification
8013B000-f3317ff6305c8893347bf6c7b27f12c955ad3e7a5c00ab294a8dbd2229fea8e9,20480,0,2964,17516,0x0:0x4;0xB98:0x5000,0x1470,candidate_spans_and_remaining_bytes_are_not_proven_code_data_classification
8013B000-f38c706829b23799caf311bd911ad044b18445fe4a1319570c5731170bef4129,20480,0,6708,13772,0x0:0x4;0x1A38:0x5000,,candidate_spans_and_remaining_bytes_are_not_proven_code_data_classification
8013B000-f3d5bb30853df4d6b6c8823b712d5fe2831070c8f35db6c550feccf315e5549c,20480,0,0,20480,0x0:0x5000,0x4ADC,candidate_spans_and_remaining_bytes_are_not_proven_code_data_classification
8013B000-f3d858f0dfda8b25808e0175b050d844a64d33255005f1209b562f69d940d922,20480,0,0,20480,0x0:0x5000,0x22A4,candidate_spans_and_remaining_bytes_are_not_proven_code_data_classification
8013B000-f47725d12f834b78af1bf693e8745b664846b7078c35de530e17076ed1b8a2a0,20480,0,6420,14060,0x0:0x4;0x1918:0x5000,,candidate_spans_and_remaining_bytes_are_not_proven_code_data_classification
8013B000-f478f0796790bd7272ab68a45171e8efd089dbe121e3cd91d23ff5af3c09a59e,20480,0,6036,14444,0x0:0x4;0x1798:0x5000,,candidate_spans_and_remaining_bytes_are_not_proven_code_data_classification
8013B000-f482bb4575794da694b6c809d64141070a04251e082f9a8a8a63a4a6cdf04446,20480,0,2384,18096,0x0:0x4;0x954:0x5000,0xE2C,candidate_spans_and_remaining_bytes_are_not_proven_code_data_classification
8013B000-f487467b508b63ca0a2d4c6f43d886955a2b6eafd27ff65aee3642d7244a67be,20480,0,5004,15476,0x0:0x4;0x1390:0x5000,0x34B8,candidate_spans_and_remaining_bytes_are_not_proven_code_data_classification
8013B000-f4f78fdef60b1d25161abdf783e52d6b4298fd977b0276996164ccad1f2d21f5,20480,0,0,20480,0x0:0x5000,0x4DC4,candidate_spans_and_remaining_bytes_are_not_proven_code_data_classification
8013B000-f53e94a124f7d7abd8555180d0eb3c53378a38d80f1e14521f0c65d3eca0e137,20480,0,0,20480,0x0:0x5000,0x2358,candidate_spans_and_remaining_bytes_are_not_proven_code_data_classification
8013B000-f56c99e3e3cc7afaa63591b98471688eba49686e7f17e74068905bf103e5c985,20480,0,14644,5836,0x0:0x4;0x3938:0x5000,,candidate_spans_and_remaining_bytes_are_not_proven_code_data_classification
8013B000-f57e8f25c97839268a079b6b93934a8c1df82a607907f8fe726b18fa6d01561b,20480,0,7524,12956,0x0:0x4;0x1D68:0x5000,,candidate_spans_and_remaining_bytes_are_not_proven_code_data_classification
8013B000-f584a3bf65771c9b43a8fa334f7589d6d72df9bf8f067a1b102ca488276561f7,20480,0,6524,13956,0x0:0x4;0x1980:0x5000,0x3844;0x3DF0,candidate_spans_and_remaining_bytes_are_not_proven_code_data_classification
8013B000-f60a2e498bdb0b333821abdcba72048740d089f870d13f3b15eece58db000574,20480,0,8412,12068,0x0:0x4;0x20E0:0x5000,,candidate_spans_and_remaining_bytes_are_not_proven_code_data_classification
8013B000-f60a8b1eb7ea8f08520de1bc174cbcf670a5bd7240e095868103671dec953178,20480,0,2964,17516,0x0:0x4;0xB98:0x5000,0x1470,candidate_spans_and_remaining_bytes_are_not_proven_code_data_classification
8013B000-f6349a48d50d07f6574e56e1f6f70590c826ceb7e5cdb5a69b75dec3e8b79909,20480,0,12212,8268,0x0:0x4;0x2FB8:0x5000,,candidate_spans_and_remaining_bytes_are_not_proven_code_data_classification
8013B000-f69f40166c0c274f542a2ec6d7b5fcd58b1a3faa0af5d92515a7418262c5ed3f,20480,0,6940,13540,0x0:0x4;0x1B20:0x5000,,candidate_spans_and_remaining_bytes_are_not_proven_code_data_classification
8013B000-f6a01dcaadd8e61f640c90fed8ce50888cd8288a22f16fbcf2a255f8e80d880b,20480,0,8968,11512,0x0:0x4;0x230C:0x5000,,candidate_spans_and_remaining_bytes_are_not_proven_code_data_classification
8013B000-f6b58477ea53dd359eb1f6a05b6495b40cfb83affd3908f8a95f86d9519629f3,20480,0,8024,12456,0x0:0x4;0x1F5C:0x5000,,candidate_spans_and_remaining_bytes_are_not_proven_code_data_classification
8013B000-f710f4ade90790345944a1a0bcce19cc9948f795791a88b8b3d2c24cb47bec43,20480,0,11156,9324,0x0:0x4;0x2B98:0x5000,,candidate_spans_and_remaining_bytes_are_not_proven_code_data_classification
8013B000-f77bf40d94623e04b0295b27edc69b562e13270573d53e2de74841fc82bf20c4,20480,0,8412,12068,0x0:0x4;0x20E0:0x5000,,candidate_spans_and_remaining_bytes_are_not_proven_code_data_classification
8013B000-f78a2b5c0ba29c17e7441db910c51504218d5e8dc6dfe79ffdf8d5747ac60d9a,20480,0,6516,13964,0x0:0x4;0x1978:0x5000,,candidate_spans_and_remaining_bytes_are_not_proven_code_data_classification
8013B000-f8e1c4df87293191517e58f495ee9e279583dad82b9c7077e08f38fbf70dafb6,20480,0,6772,13708,0x0:0x4;0x1A78:0x5000,0x23F0,candidate_spans_and_remaining_bytes_are_not_proven_code_data_classification
8013B000-f8ef12375d52e9a803046825b769f8b36cfe31bfbb946b92a16e5b749110f826,20480,0,6488,13992,0x0:0x4;0x195C:0x5000,0x328C,candidate_spans_and_remaining_bytes_are_not_proven_code_data_classification
8013B000-f900963b02b8e3a27d7a21df8a4fb17bb6b014cd7e8c92d7f9e1a1cc9733d96b,20480,0,17452,3028,0x0:0x4;0x4430:0x5000,,candidate_spans_and_remaining_bytes_are_not_proven_code_data_classification
8013B000-f969ad160f716b51ffcae90ce4b2c4a8c355261e62e53bc8e740d130a77567d0,20480,0,10312,10168,0x0:0x4;0x284C:0x5000,,candidate_spans_and_remaining_bytes_are_not_proven_code_data_classification
8013B000-f97cbcdff5d9806ff184ae7bd3d7d473945448cca2adb5a008b1197cc43b24f5,20480,0,9740,10740,0x0:0x4;0x2610:0x5000,,candidate_spans_and_remaining_bytes_are_not_proven_code_data_classification
8013B000-f97da4f9a7500d96a9caba77c2776ed30d01990f152f86b7265b7af44cc076e2,20480,0,0,20480,0x0:0x5000,0x4DC4,candidate_spans_and_remaining_bytes_are_not_proven_code_data_classification
8013B000-f9a232ba6c97849ef1c62ac2f01d3ba86b3cec592e13ae8fe342f79abe2c38ce,20480,0,0,20480,0x0:0x5000,0x2F68,candidate_spans_and_remaining_bytes_are_not_proven_code_data_classification
8013B000-fa29e11d08a9872a4474bec84f083087216027e850587ab563e718056fa274cc,20480,0,6488,13992,0x0:0x4;0x195C:0x5000,0x328C,candidate_spans_and_remaining_bytes_are_not_proven_code_data_classification
8013B000-fa82ff19ef3e9663578fb66a21e33949ab5fa1097c36e2889f9074c6ef6f5354,20480,0,3144,17336,0x0:0x4;0xC4C:0x5000,,candidate_spans_and_remaining_bytes_are_not_proven_code_data_classification
8013B000-facabb99ec8e7bdc8f6957d622dcb9bc8b357f8743294e04c74c12e308d309d5,20480,0,4080,16400,0x0:0x4;0xFF4:0x5000,,candidate_spans_and_remaining_bytes_are_not_proven_code_data_classification
8013B000-fc6777b65a35189327e35dcb5f2e44053b10a5d2581e87b51fb897affdcfde16,20480,0,7788,12692,0x0:0x4;0x1E70:0x5000,,candidate_spans_and_remaining_bytes_are_not_proven_code_data_classification
8013B000-fc9981a638615417347fa80ece1479eae4d9419ef08bed3cdb1811045deb10af,20480,0,10440,10040,0x0:0x4;0x28CC:0x5000,,candidate_spans_and_remaining_bytes_are_not_proven_code_data_classification
8013B000-fd27124c3e744344cdb14035406c233d5a5f431631ec96b611308c7564692aa7,20480,0,9140,11340,0x0:0x4;0x23B8:0x5000,,candidate_spans_and_remaining_bytes_are_not_proven_code_data_classification
8013B000-fd2919556dbdbf87d7da1229c35e1f6c5dde34a12d6d06f0277b3f230c8127a7,20480,0,8188,12292,0x0:0x4;0x2000:0x5000,,candidate_spans_and_remaining_bytes_are_not_proven_code_data_classification
8013B000-fd3203976dee83ee93c0445de1a494d513d45235f90d30c09e36f757b1ec290b,20480,0,8120,12360,0x0:0x4;0x1FBC:0x5000,,candidate_spans_and_remaining_bytes_are_not_proven_code_data_classification
8013B000-fd449ceb0ea179c74d99e5a3601c8ddbed5923e3bfe053d8e3c0230bb52c936a,20480,0,0,20480,0x0:0x5000,0x2F68,candidate_spans_and_remaining_bytes_are_not_proven_code_data_classification
8013B000-fd4bb8bb6795de154450625285aaec4af842c56212a3cf4436b13beb4f76df14,20480,0,0,20480,0x0:0x5000,0x2358,candidate_spans_and_remaining_bytes_are_not_proven_code_data_classification
8013B000-fd513defc4998037558b0a9f74680bb7f274be1cdb349012d83544d1f613b351,20480,0,9132,11348,0x0:0x4;0x23B0:0x5000,,candidate_spans_and_remaining_bytes_are_not_proven_code_data_classification
8013B000-fdeacbce4ecf220d784ea43e96b32dce3982cd81dfe2d8d0c623b51929435014,20480,0,8188,12292,0x0:0x4;0x2000:0x5000,,candidate_spans_and_remaining_bytes_are_not_proven_code_data_classification
8013B000-fe4f2767e8b2d55cf5a4b02508ef8daa0789518289654bdb348b838a5556005b,20480,0,4792,15688,0x0:0x4;0x12BC:0x5000,,candidate_spans_and_remaining_bytes_are_not_proven_code_data_classification
8013B000-fe6e60b92ac7f29f367507fdf6890ccc93c0a0f9ed30d2057569a71a716ae634,20480,0,2584,17896,0x0:0x4;0xA1C:0x5000,0x1284,candidate_spans_and_remaining_bytes_are_not_proven_code_data_classification
8013B000-fe939541697bfaa0cb436c33d9699c6f2a5d773cce6b5ae45795319bc66c142b,20480,0,0,20480,0x0:0x5000,0x3F90,candidate_spans_and_remaining_bytes_are_not_proven_code_data_classification
8013B000-fea115e1cf0f89da0b052692248815a0c4ab4fd0a1b31e09d6f199b24ce4550f,20480,0,11688,8792,0x0:0x4;0x2DAC:0x5000,,candidate_spans_and_remaining_bytes_are_not_proven_code_data_classification
8013B000-fea5197115e5d207ddd4f2bed9478210b899013f15dd963c359a0f45fdf177c1,20480,0,5524,14956,0x0:0x4;0x1598:0x5000,0x4ABC,candidate_spans_and_remaining_bytes_are_not_proven_code_data_classification
8013B000-ff06067fa4a2d9c1f3ebeba695174863653f0cd826bd5b7cd54d865c463b7c9b,20480,0,4260,16220,0x0:0x4;0x10A8:0x5000,0x20B8,candidate_spans_and_remaining_bytes_are_not_proven_code_data_classification
8013B000-ff323275aa30aa3f729f5260c852aa2139c9d71b1b2efd9da19576c608a4f41b,20480,0,9992,10488,0x0:0x4;0x270C:0x5000,,candidate_spans_and_remaining_bytes_are_not_proven_code_data_classification
8013B000-ffc4ed3aa146e5a352e3e013ec645a0c06f9881c9fbe6690357d2321d70a9957,20480,0,8188,12292,0x0:0x4;0x2000:0x5000,,candidate_spans_and_remaining_bytes_are_not_proven_code_data_classification
80146000-e0863650755d5de5d4abfdcfaead643e5b2b2463b0019c790df881e1dadb6075,90112,81804,0,8308,0x0:0x258;0x141E4:0x16000,,candidate_spans_and_remaining_bytes_are_not_proven_code_data_classification
80168000-35b88eeddc1320f740e24f7ba7c3972ebe5549aebb8c478ebcfdd046f151a25c,6144,0,2528,3616,0x0:0xF4;0x160:0xA98;0x140C:0x1800,0xA90,candidate_spans_and_remaining_bytes_are_not_proven_code_data_classification
80168000-678163715db8cdf0cfae55e68b67c2d7c10f40bb091f5b40ca104b1748c6d970,30720,10476,0,20244,0x0:0x18;0x2904:0x7800,,candidate_spans_and_remaining_bytes_are_not_proven_code_data_classification
80168000-6e4a02346109ec8ec5a7d6d9095ff301de130932884507625a03bb0319d7eb36,12288,6184,0,6104,0x0:0x4;0x11A8:0x17D0;0x1E54:0x3000,0x17C8,candidate_spans_and_remaining_bytes_are_not_proven_code_data_classification
80168000-a7ed0a8347c18f293d5587de165d09b4b8e28bcf6c33723e822affc1e9773d59,10240,4252,2828,3160,0x0:0x4;0x10A0:0x1134;0x1C40:0x2800,0x112C,candidate_spans_and_remaining_bytes_are_not_proven_code_data_classification
80168000-abac7e516fea9171c4103e527ccccc6f00cbf2e85b4cf6ef11afe6ee81ec62d4,12288,6184,0,6104,0x0:0x4;0x11A8:0x17D0;0x1E54:0x3000,0x17C8,candidate_spans_and_remaining_bytes_are_not_proven_code_data_classification
80168000-ae3d3263f18be7a3661a191a22d9dc980019c149b01ea8752bbd4b19401a80ee,12288,0,6688,5600,0x0:0x48;0xF70:0xFCC;0x1030:0x14E0;0x1F74:0x3000,0x34;0x40;0x1038;0x14D8,candidate_spans_and_remaining_bytes_are_not_proven_code_data_classification
80168000-b876bf7495f27336abf54b131bb606305e8644ac670b6c793423f7a1470a5745,30720,10476,0,20244,0x0:0x18;0x2904:0x7800,,candidate_spans_and_remaining_bytes_are_not_proven_code_data_classification
8017A000-009238ca34a26f572c1a310123a0b507b18cca8afe35ffc1cec8bf8d7da90dfa,4096,0,8,4088,0x0:0x4;0xC:0x1000,,candidate_spans_and_remaining_bytes_are_not_proven_code_data_classification
8017A000-009a1da7ba232fc17da8d6c89d44ee8040ae3bc156d62ade1149362045c4f5e1,4096,0,8,4088,0x0:0x4;0xC:0x1000,,candidate_spans_and_remaining_bytes_are_not_proven_code_data_classification
8017A000-0105312f14c0a6254281ef53d0f4b5e43c62af3fd953b0d8cc4ddf4d174c4589,4096,0,8,4088,0x0:0x4;0xC:0x1000,,candidate_spans_and_remaining_bytes_are_not_proven_code_data_classification
8017A000-0107924c1f501dd0e24b29017263d3f66b46275fec71330577469de7d9e21668,4096,0,8,4088,0x0:0x4;0xC:0x1000,,candidate_spans_and_remaining_bytes_are_not_proven_code_data_classification
8017A000-011b153cb7c53d5598b3203a3a346484833ea16ca8b8a542553a81fadce507f9,4096,0,8,4088,0x0:0x4;0xC:0x1000,,candidate_spans_and_remaining_bytes_are_not_proven_code_data_classification
8017A000-026eb8c5a2f776de59d61522121aa1abc33ab38be8f964cb88d52c1f103fdbfc,4096,0,8,4088,0x0:0x4;0xC:0x1000,,candidate_spans_and_remaining_bytes_are_not_proven_code_data_classification
8017A000-035364fccbf1019713609b4f8e92877234ada854b015ac0131f798a6ac4a30b0,4096,0,8,4088,0x0:0x4;0xC:0x1000,,candidate_spans_and_remaining_bytes_are_not_proven_code_data_classification
8017A000-03c30a9089a72310cd46812ef436d285d0e6a6f973b8a3043e31093043389c74,4096,0,8,4088,0x0:0x4;0xC:0x1000,,candidate_spans_and_remaining_bytes_are_not_proven_code_data_classification
8017A000-047886fd3b4012dd0ade57794f0a55a6013961ce6051f54381289d1e6fec1bd4,4096,0,8,4088,0x0:0x4;0xC:0x1000,,candidate_spans_and_remaining_bytes_are_not_proven_code_data_classification
8017A000-050be82a6790b8528334443c3da1c2a7f4519d051dbfc1b24668ca07a5bd074f,4096,0,8,4088,0x0:0x4;0xC:0x1000,,candidate_spans_and_remaining_bytes_are_not_proven_code_data_classification
8017A000-0539e6b877910e1d2cbc82fa2e449a30cb745a656e3cd782c368a0b6e49e88fc,4096,0,8,4088,0x0:0x4;0xC:0x1000,,candidate_spans_and_remaining_bytes_are_not_proven_code_data_classification
8017A000-055f429546c96cfe36fa31c77c31ce1e14e703ee27809a4ed2169245c6650aa4,4096,0,8,4088,0x0:0x4;0xC:0x1000,,candidate_spans_and_remaining_bytes_are_not_proven_code_data_classification
8017A000-05a65f7237b6ba3d422e080429f89ad130386a0793dcca49c5f0c81c9eec073a,4096,0,8,4088,0x0:0x4;0xC:0x1000,,candidate_spans_and_remaining_bytes_are_not_proven_code_data_classification
8017A000-068d0dc36dbf03011444ff781be735dc3f3fb90eb9a7f8fcd9c4dc9e1b0eaa74,4096,0,8,4088,0x0:0x4;0xC:0x1000,,candidate_spans_and_remaining_bytes_are_not_proven_code_data_classification
8017A000-07661ef3bb92c3e63b781161ba28f59956efb814470ce93a13ce2c5fd45759f5,4096,0,8,4088,0x0:0x4;0xC:0x1000,,candidate_spans_and_remaining_bytes_are_not_proven_code_data_classification
8017A000-07945637af17519df8d9768cb98913db2d0c4fdc54db9be0fbda1cd6db8c55bf,4096,0,8,4088,0x0:0x4;0xC:0x1000,,candidate_spans_and_remaining_bytes_are_not_proven_code_data_classification
8017A000-07de20855179a04cd5c2e27a68b1fe49cbb83c7cca8f6e60b26f7bde2a4dd5c5,4096,0,8,4088,0x0:0x4;0xC:0x1000,,candidate_spans_and_remaining_bytes_are_not_proven_code_data_classification
8017A000-08051d760e96c8240a416b463d22800146d3fa728ff20f2b7429558ba2282edb,4096,0,8,4088,0x0:0x4;0xC:0x1000,,candidate_spans_and_remaining_bytes_are_not_proven_code_data_classification
8017A000-086bc687b0b82bac64dccb1c0b4d8750358dfaa968744a0a638c0349d9a85579,4096,0,8,4088,0x0:0x4;0xC:0x1000,,candidate_spans_and_remaining_bytes_are_not_proven_code_data_classification
8017A000-08b5792026fcff9ad9ab5a696db5f91ee4ce524b312197d9e82431e80731be91,4096,0,216,3880,0x0:0x4;0xDC:0x1000,,candidate_spans_and_remaining_bytes_are_not_proven_code_data_classification
8017A000-094d70cda0e59d8f6bbf7ab95e1392fb60846eedf94f8a8b7fc9bf34573a0ce1,4096,0,8,4088,0x0:0x4;0xC:0x1000,,candidate_spans_and_remaining_bytes_are_not_proven_code_data_classification
8017A000-09e4e5a8b38adff4c71e53478e6afd19b8b3781a2cd491b6bd2640644f4d15ad,4096,0,8,4088,0x0:0x4;0xC:0x1000,,candidate_spans_and_remaining_bytes_are_not_proven_code_data_classification
8017A000-0a0f3ce057fd69fc93ad0e155798866a9b13d093a8d15c3bf2db22ade20fd651,4096,0,8,4088,0x0:0x4;0xC:0x1000,,candidate_spans_and_remaining_bytes_are_not_proven_code_data_classification
8017A000-0a872e41c0f4ff4f549124dcd9de74fbbcce415d02755c79cbd0075fb9211a60,4096,0,8,4088,0x0:0x4;0xC:0x1000,,candidate_spans_and_remaining_bytes_are_not_proven_code_data_classification
8017A000-0ab262a45949b63ef94ff6c2b57c5a1cb87146fc049362b482275af9055ca5a7,4096,0,8,4088,0x0:0x4;0xC:0x1000,,candidate_spans_and_remaining_bytes_are_not_proven_code_data_classification
8017A000-0aec33e09e18836e05a9183f0340b035b588984f31efff4e3149471be806404a,4096,0,8,4088,0x0:0x4;0xC:0x1000,,candidate_spans_and_remaining_bytes_are_not_proven_code_data_classification
8017A000-0af6674edc376e4c7ea7293d7e01f19b32fcee4929bbd4687598b92e6c1472e7,4096,0,8,4088,0x0:0x4;0xC:0x1000,,candidate_spans_and_remaining_bytes_are_not_proven_code_data_classification
8017A000-0b02d181f220289b7df313e0477d03fc7107d63f70b0319dfcd0501ab6bdab9b,4096,0,8,4088,0x0:0x4;0xC:0x1000,,candidate_spans_and_remaining_bytes_are_not_proven_code_data_classification
8017A000-0b188cc6f3885a169a4c56b40d477df30d731534c0dc355320b36567ba64cdf4,4096,0,8,4088,0x0:0x4;0xC:0x1000,,candidate_spans_and_remaining_bytes_are_not_proven_code_data_classification
8017A000-0b37a95a5d42c106edeb4c1d6146f85860b7a9cef82d5b8a73e280aea17007f0,4096,0,8,4088,0x0:0x4;0xC:0x1000,,candidate_spans_and_remaining_bytes_are_not_proven_code_data_classification
8017A000-0c2be15d3e8e8068a3004ba1a0ce3ac9e93b86a2e6e9634582b60d398ad3efd8,4096,0,8,4088,0x0:0x4;0xC:0x1000,,candidate_spans_and_remaining_bytes_are_not_proven_code_data_classification
8017A000-0c5433bf50176264c34f1785e1058473e10ae0740f908b71790385ee4fc0a0ac,4096,0,8,4088,0x0:0x4;0xC:0x1000,,candidate_spans_and_remaining_bytes_are_not_proven_code_data_classification
8017A000-0cf7844550612c2acd6948dc5c8c9d6a6762910b101811856474ab7804be2627,4096,0,8,4088,0x0:0x4;0xC:0x1000,,candidate_spans_and_remaining_bytes_are_not_proven_code_data_classification
8017A000-0d2313aa65487cd3ed5f0c8a35aea41323cf7d52ec4663922a55d728848c6382,4096,0,8,4088,0x0:0x4;0xC:0x1000,,candidate_spans_and_remaining_bytes_are_not_proven_code_data_classification
8017A000-0d529eb9ce2137b9d864caeeb2b594504da50f14d98f199c55607fad46078354,4096,0,8,4088,0x0:0x4;0xC:0x1000,,candidate_spans_and_remaining_bytes_are_not_proven_code_data_classification
8017A000-0d57ae4bba23d2778a0a658f3d72cc7e2b6a1620718feec6253d41ae5d3bd284,4096,0,8,4088,0x0:0x4;0xC:0x1000,,candidate_spans_and_remaining_bytes_are_not_proven_code_data_classification
8017A000-0d8f930e7f21a0401b9daf223bf99a41b080c59f71f3ca7a8e7189e26e1603a6,4096,0,8,4088,0x0:0x4;0xC:0x1000,,candidate_spans_and_remaining_bytes_are_not_proven_code_data_classification
8017A000-0dc99e0121a23dc4793ea9b0c0f81bea61e5335aa2edea545240fb9d2462526b,4096,0,8,4088,0x0:0x4;0xC:0x1000,,candidate_spans_and_remaining_bytes_are_not_proven_code_data_classification
8017A000-0e42d1ab76b3d36dc02033ba706a93c545c0545429473705324f561119c5d2bb,4096,0,8,4088,0x0:0x4;0xC:0x1000,,candidate_spans_and_remaining_bytes_are_not_proven_code_data_classification
8017A000-0eb5ec09a8cdb8ca3490fc6ac2c1834fd52f08e0484693cfe32a9c2809ce5488,4096,0,8,4088,0x0:0x4;0xC:0x1000,,candidate_spans_and_remaining_bytes_are_not_proven_code_data_classification
8017A000-0f4957514ea65614c0f11dccec8aa8e40f3f11ae3a47ba697f832cbffbc730b7,4096,0,8,4088,0x0:0x4;0xC:0x1000,,candidate_spans_and_remaining_bytes_are_not_proven_code_data_classification
8017A000-1076fdd474ffe35638203bb0fa702112d4212878bfd14e5d024b08ffd4a784b4,4096,0,8,4088,0x0:0x4;0xC:0x1000,,candidate_spans_and_remaining_bytes_are_not_proven_code_data_classification
8017A000-11118a298e96374149d4de6885dbd703d35da50c8fe2c19d3a154971db03d3b4,4096,0,8,4088,0x0:0x4;0xC:0x1000,,candidate_spans_and_remaining_bytes_are_not_proven_code_data_classification
8017A000-123901c840a377fc76dc4f13ad3fb7f204b705ff60e7777c47cd4f994ba8b296,4096,0,8,4088,0x0:0x4;0xC:0x1000,,candidate_spans_and_remaining_bytes_are_not_proven_code_data_classification
8017A000-1264110215d2af8052a1c23a32a09b8f08d2a58fb72c9638c07ce0395cf0e934,4096,0,216,3880,0x0:0x4;0xDC:0x1000,,candidate_spans_and_remaining_bytes_are_not_proven_code_data_classification
8017A000-129e2f8d61f4995138b313fc51ef5b525d6cdc18d500296d583c4d29285d3cc3,4096,0,8,4088,0x0:0x4;0xC:0x1000,,candidate_spans_and_remaining_bytes_are_not_proven_code_data_classification
8017A000-12d7eac9c0d949f7105b56d2ed0969145f4262d987f1e53f124611b170492868,4096,0,8,4088,0x0:0x4;0xC:0x1000,,candidate_spans_and_remaining_bytes_are_not_proven_code_data_classification
8017A000-12d925ad7a086b71e2672682aa3dde1f68038b13aafe79916bcaada98d8b8034,4096,0,8,4088,0x0:0x4;0xC:0x1000,,candidate_spans_and_remaining_bytes_are_not_proven_code_data_classification
8017A000-12f6bc08f257edb122918a5b0e65ab6454c01b8e6ef333fd5c6569d92718dd0c,4096,0,8,4088,0x0:0x4;0xC:0x1000,,candidate_spans_and_remaining_bytes_are_not_proven_code_data_classification
8017A000-138689c27285a920db34bc5c0b0309edebe8d3ba0490fd628be6ec08f2fd42bb,4096,0,8,4088,0x0:0x4;0xC:0x1000,,candidate_spans_and_remaining_bytes_are_not_proven_code_data_classification
8017A000-13b4c96504248a918cd27fee7e62df68b0a7dd97b7096e7601a2e7637df8be6d,4096,0,8,4088,0x0:0x4;0xC:0x1000,,candidate_spans_and_remaining_bytes_are_not_proven_code_data_classification
8017A000-147e61d37f2884e84aba93d3d8c2d44d92988d5f36ad23cd5ce907371fd42274,4096,0,8,4088,0x0:0x4;0xC:0x1000,,candidate_spans_and_remaining_bytes_are_not_proven_code_data_classification
8017A000-15d1fd0aa5a3cbf3647861f489db200c4234d6bb3e8296bec0500cb30909d7ff,4096,0,8,4088,0x0:0x4;0xC:0x1000,,candidate_spans_and_remaining_bytes_are_not_proven_code_data_classification
8017A000-15d89c84d21560a1f2fd0321aa6a55aa942d9338559a454c4dbda8c2c6adc54e,4096,0,8,4088,0x0:0x4;0xC:0x1000,,candidate_spans_and_remaining_bytes_are_not_proven_code_data_classification
8017A000-15faa85c6913955e80237ad5d93f9828078befda43eb8c5fc6fb056208ed6c2e,4096,0,8,4088,0x0:0x4;0xC:0x1000,,candidate_spans_and_remaining_bytes_are_not_proven_code_data_classification
8017A000-1640e9f7d4bf086645914de32bd2263a2eac4fa9d4c53283c5d0d18fc62a7acd,4096,0,8,4088,0x0:0x4;0xC:0x1000,,candidate_spans_and_remaining_bytes_are_not_proven_code_data_classification
8017A000-16797eca768664c671c32575b52fe978cc0facec9ff0a9b23ecec9a0bfdbec7a,4096,0,8,4088,0x0:0x4;0xC:0x1000,,candidate_spans_and_remaining_bytes_are_not_proven_code_data_classification
8017A000-16f3a35a85d77c786bb1ee6a20f1da20675fa3a81c147de6d582938e85a42ea3,4096,0,8,4088,0x0:0x4;0xC:0x1000,,candidate_spans_and_remaining_bytes_are_not_proven_code_data_classification
8017A000-1716ec77b2aee7ed72e3ba28d530baeec85571fda6c29d91760922a0b6256f4a,4096,0,8,4088,0x0:0x4;0xC:0x1000,,candidate_spans_and_remaining_bytes_are_not_proven_code_data_classification
8017A000-17e39f13d206e6cb2f9c04c3722e48f287b95d95dfd62c454cd603ccfd304fb8,4096,0,8,4088,0x0:0x4;0xC:0x1000,,candidate_spans_and_remaining_bytes_are_not_proven_code_data_classification
8017A000-18493d7beacd43a636b1120b92440c51d77921abbed5856cff11e2f0a032840d,4096,0,8,4088,0x0:0x4;0xC:0x1000,,candidate_spans_and_remaining_bytes_are_not_proven_code_data_classification
8017A000-187824d49156454319ebec9203d7ffe3c917a2d03522ca40fe8f0513b688ef61,4096,0,8,4088,0x0:0x4;0xC:0x1000,,candidate_spans_and_remaining_bytes_are_not_proven_code_data_classification
8017A000-18a8d343dbbb3579efe3d41ab3843e5dc680047d35e40d87c4d8755c7cd3a79d,4096,0,8,4088,0x0:0x4;0xC:0x1000,,candidate_spans_and_remaining_bytes_are_not_proven_code_data_classification
8017A000-196dcc3d634969c7eac9fe11a2afe7a320ed8d643db085b5e1f786afd26e52eb,4096,0,8,4088,0x0:0x4;0xC:0x1000,,candidate_spans_and_remaining_bytes_are_not_proven_code_data_classification
8017A000-19c6973bb90c85f0afdc9e731e2995fc72ca1b387bfe74c57070d03c785bf784,4096,0,8,4088,0x0:0x4;0xC:0x1000,,candidate_spans_and_remaining_bytes_are_not_proven_code_data_classification
8017A000-1a4db33d814fa757b59176ce90d60ec6078f6df057db010060d4b460c7a51086,4096,0,8,4088,0x0:0x4;0xC:0x1000,,candidate_spans_and_remaining_bytes_are_not_proven_code_data_classification
8017A000-1aa3bc469f5b51b9ba2b8e7fbe8e4e970841ec8d33e595b9fc42e84bcb41ceca,4096,0,8,4088,0x0:0x4;0xC:0x1000,,candidate_spans_and_remaining_bytes_are_not_proven_code_data_classification
8017A000-1ab033785401f09781eb555c567d9e5bdbebb031a35a8392c52837c3e2919eb3,4096,0,8,4088,0x0:0x4;0xC:0x1000,,candidate_spans_and_remaining_bytes_are_not_proven_code_data_classification
8017A000-1b50a3ff6ec8e1b9255ec7e1cd3f010a64f62fa8411e99f3c63e9167c4696bbd,4096,0,8,4088,0x0:0x4;0xC:0x1000,,candidate_spans_and_remaining_bytes_are_not_proven_code_data_classification
8017A000-1bcb7bf7d7521fdffd150fc4a5880088c48c48168715fce2a54ae838e0458f7f,4096,0,8,4088,0x0:0x4;0xC:0x1000,,candidate_spans_and_remaining_bytes_are_not_proven_code_data_classification
8017A000-1be138addcbae3c1aa6d7149e3563e0eef94b2d75346cc3739f4263c840da7d8,4096,0,8,4088,0x0:0x4;0xC:0x1000,,candidate_spans_and_remaining_bytes_are_not_proven_code_data_classification
8017A000-1be9c60d361eb2306387bf76eb1af66a08417bc2d471311b81185071512458b7,4096,0,8,4088,0x0:0x4;0xC:0x1000,,candidate_spans_and_remaining_bytes_are_not_proven_code_data_classification
8017A000-1c02699149cb6f1f64250a2192c280ac9263f03d271115363d8442c622fdb477,4096,0,8,4088,0x0:0x4;0xC:0x1000,,candidate_spans_and_remaining_bytes_are_not_proven_code_data_classification
8017A000-1c1c2886c91bf0728d53014dff32cc55827aa5385ce57df4d305b1dda9005020,4096,0,8,4088,0x0:0x4;0xC:0x1000,,candidate_spans_and_remaining_bytes_are_not_proven_code_data_classification
8017A000-1c5954aa95c7f174cec62f5811d5f1c8ae74cb9d7ac9315293ce68e8371e0a8f,4096,0,8,4088,0x0:0x4;0xC:0x1000,,candidate_spans_and_remaining_bytes_are_not_proven_code_data_classification
8017A000-1c7b4014ff9ab17ddd17422661cffc70fbf70dd8d65b2c82c9a0a8160487e3fe,4096,0,8,4088,0x0:0x4;0xC:0x1000,,candidate_spans_and_remaining_bytes_are_not_proven_code_data_classification
8017A000-1c9797d2d9ece51fded2b305451561190893ba0a22f7fb210495f567384797bd,4096,0,8,4088,0x0:0x4;0xC:0x1000,,candidate_spans_and_remaining_bytes_are_not_proven_code_data_classification
8017A000-1d53d83cbfdaf77005a822f586a53a29654c91beec3a13ac8b724a0d78dd82c7,4096,0,2448,1648,0x0:0x4;0x994:0x1000,,candidate_spans_and_remaining_bytes_are_not_proven_code_data_classification
8017A000-1d60005761379b0fbf23b76247e03756003a6d6f6491c232985325e348f3982f,4096,0,8,4088,0x0:0x4;0xC:0x1000,,candidate_spans_and_remaining_bytes_are_not_proven_code_data_classification
8017A000-1e7ae83a0e4c4193fe9d55f1cc2ed2bc77f25aad579c9ac38e5497682ebfd101,4096,0,8,4088,0x0:0x4;0xC:0x1000,,candidate_spans_and_remaining_bytes_are_not_proven_code_data_classification
8017A000-1ed4ca8bd63fb46d30186aa62ca757b7e022dcd9902eba14681955a8e1edcb6b,4096,0,8,4088,0x0:0x4;0xC:0x1000,,candidate_spans_and_remaining_bytes_are_not_proven_code_data_classification
8017A000-1ee62bb8ba092cd2d76464a0c46cb5c6006d0fa7dc9c0842db6edfe3c1bef402,4096,0,8,4088,0x0:0x4;0xC:0x1000,,candidate_spans_and_remaining_bytes_are_not_proven_code_data_classification
8017A000-1f0fba453b050e5ce30a375bd1c1c10a2fb2bcdf04daa0434c35c6aa351e8635,4096,0,8,4088,0x0:0x4;0xC:0x1000,,candidate_spans_and_remaining_bytes_are_not_proven_code_data_classification
8017A000-1f387b2181b96188641476defaa68548eb6d758cd2706f8e222a14e91943d79d,4096,0,8,4088,0x0:0x4;0xC:0x1000,,candidate_spans_and_remaining_bytes_are_not_proven_code_data_classification
8017A000-1f42811a422998a253c022b87cba15b029b922bd8bdbe922d7b8d71cb9ff76fa,4096,0,8,4088,0x0:0x4;0xC:0x1000,,candidate_spans_and_remaining_bytes_are_not_proven_code_data_classification
8017A000-1fab99ba235f39d6fc0d89e1d8f52f56feb14d361c383331e811625eb51599e0,4096,0,8,4088,0x0:0x4;0xC:0x1000,,candidate_spans_and_remaining_bytes_are_not_proven_code_data_classification
8017A000-204de488c9deaa1b850335579822266e28e358fc08231cb3c9045889268c24ca,4096,0,8,4088,0x0:0x4;0xC:0x1000,,candidate_spans_and_remaining_bytes_are_not_proven_code_data_classification
8017A000-21f6bb239140311e56cf7a2d2e37b1a6df9ed2866c892c91dbcd6792c6b6783a,4096,0,8,4088,0x0:0x4;0xC:0x1000,0x13C,candidate_spans_and_remaining_bytes_are_not_proven_code_data_classification
8017A000-22c7664ba74226a9c7223a7f112b91687b9d170eb1184554c645522c4e73dfbb,4096,0,8,4088,0x0:0x4;0xC:0x1000,,candidate_spans_and_remaining_bytes_are_not_proven_code_data_classification
8017A000-22d4725b3437582503880cb52479707a2936deee9f59ae3bf2853826ed8cec20,4096,0,8,4088,0x0:0x4;0xC:0x1000,,candidate_spans_and_remaining_bytes_are_not_proven_code_data_classification
8017A000-23785f216175512d99872d55e253b0b8ae5efcd82717d05d1ea623af40997f20,4096,0,8,4088,0x0:0x4;0xC:0x1000,,candidate_spans_and_remaining_bytes_are_not_proven_code_data_classification
8017A000-239079185175b75a1e64f697c06de81dea1e38fd93687aaf4a6d1aebd57e662d,4096,0,8,4088,0x0:0x4;0xC:0x1000,,candidate_spans_and_remaining_bytes_are_not_proven_code_data_classification
8017A000-23e512c78ede4e35353f9cb4b5eb6ef5c3519ec0481cfb2f513feb59e7a2b61c,4096,0,8,4088,0x0:0x4;0xC:0x1000,,candidate_spans_and_remaining_bytes_are_not_proven_code_data_classification
8017A000-243b5e5ba2c02acb5b0c12e338fc4801d42d0cf30f21e792d0a596d87e3392fc,4096,0,8,4088,0x0:0x4;0xC:0x1000,,candidate_spans_and_remaining_bytes_are_not_proven_code_data_classification
8017A000-24b53806e223823ae28307159663e141b2e94043e7524c469e1221918de6fe0a,4096,0,8,4088,0x0:0x4;0xC:0x1000,,candidate_spans_and_remaining_bytes_are_not_proven_code_data_classification
8017A000-24d29af187bd778e335477c5299c2d29bd3a78c66905b6bd3dd46f9f02727c8f,4096,0,8,4088,0x0:0x4;0xC:0x1000,,candidate_spans_and_remaining_bytes_are_not_proven_code_data_classification
8017A000-25ad281302914c632912998f9ab29bb2ec3dd00f8ab7027c7a3f61365a3b998a,4096,0,8,4088,0x0:0x4;0xC:0x1000,,candidate_spans_and_remaining_bytes_are_not_proven_code_data_classification
8017A000-26178820fd8c67d13c16d925fd40bd4b60763292ebc49b91b80454a6608af2f7,4096,0,8,4088,0x0:0x4;0xC:0x1000,,candidate_spans_and_remaining_bytes_are_not_proven_code_data_classification
8017A000-2720c0ec68aec6e38bb8e3baff1f9a57b48f92a8abadbb0f6340445be29ab376,4096,0,8,4088,0x0:0x4;0xC:0x1000,,candidate_spans_and_remaining_bytes_are_not_proven_code_data_classification
8017A000-276626fc7cf10842ad1660efdd3fe299ef9f247389ff56a51b1e84b2c86064bb,4096,0,8,4088,0x0:0x4;0xC:0x1000,,candidate_spans_and_remaining_bytes_are_not_proven_code_data_classification
8017A000-276c6a01a16a43e329f5f7511e616947563281c150dd93afe13e3e2d51c6ded2,4096,0,8,4088,0x0:0x4;0xC:0x1000,,candidate_spans_and_remaining_bytes_are_not_proven_code_data_classification
8017A000-2861bbbae8beef2ab228f54a411ee76171f06177f4c324ab82616d4bd50e610c,4096,0,8,4088,0x0:0x4;0xC:0x1000,,candidate_spans_and_remaining_bytes_are_not_proven_code_data_classification
8017A000-28d6822f761d0d940427a502f8e4482fb9204ac8d857da209b1b2b07abef2f9a,4096,0,8,4088,0x0:0x4;0xC:0x1000,,candidate_spans_and_remaining_bytes_are_not_proven_code_data_classification
8017A000-295f8a01af3d89c15755d64c6a0120a189716c7580b900db382f8b9266a13208,4096,0,8,4088,0x0:0x4;0xC:0x1000,,candidate_spans_and_remaining_bytes_are_not_proven_code_data_classification
8017A000-2a483d7cb165481f923135c371e1d505359f03a7da4ba02b0a2a2f8ecef9ecf8,4096,0,8,4088,0x0:0x4;0xC:0x1000,,candidate_spans_and_remaining_bytes_are_not_proven_code_data_classification
8017A000-2a8676350ac1880d2bb8007272b25d960069dd5a2de4072f2c90d8974581d0b5,4096,0,8,4088,0x0:0x4;0xC:0x1000,,candidate_spans_and_remaining_bytes_are_not_proven_code_data_classification
8017A000-2a8cf58dd809f41e420cc421814242ca8aa76b907d7a6e27341c800cbbaa99a9,4096,0,8,4088,0x0:0x4;0xC:0x1000,,candidate_spans_and_remaining_bytes_are_not_proven_code_data_classification
8017A000-2aaeec712f7c00a7f164f687ebb1c4d9b4c541a4d230c0cbac24d52c1b7ba29d,4096,0,8,4088,0x0:0x4;0xC:0x1000,,candidate_spans_and_remaining_bytes_are_not_proven_code_data_classification
8017A000-2b3de2898ffb5a9f101639d684e132bcdcacc05f942e2273bb225af682ebe30a,4096,0,8,4088,0x0:0x4;0xC:0x1000,,candidate_spans_and_remaining_bytes_are_not_proven_code_data_classification
8017A000-2b6e3077afdd0233432f0e41ca1e9d9d011096c63d728edc506e4da0c919239f,4096,0,8,4088,0x0:0x4;0xC:0x1000,,candidate_spans_and_remaining_bytes_are_not_proven_code_data_classification
8017A000-2be3a47151f59136c48b7929b59c2119343a16061d498ba93c0351e8d57c7f47,4096,0,8,4088,0x0:0x4;0xC:0x1000,,candidate_spans_and_remaining_bytes_are_not_proven_code_data_classification
8017A000-2c3593e651ee5cdffaefbf5e4325a17b310da295c62381f5a6a1af6129aaf498,4096,0,8,4088,0x0:0x4;0xC:0x1000,,candidate_spans_and_remaining_bytes_are_not_proven_code_data_classification
8017A000-2c6c9fc86aef9636f7841ed6572f0e9e131036ac0b7a84ba56d0820a18baec3a,4096,0,8,4088,0x0:0x4;0xC:0x1000,,candidate_spans_and_remaining_bytes_are_not_proven_code_data_classification
8017A000-2c900f1582988d9908bc5e2f91c50877d851f4542239ddbaafa9de33e8ea946d,4096,0,8,4088,0x0:0x4;0xC:0x1000,,candidate_spans_and_remaining_bytes_are_not_proven_code_data_classification
8017A000-2ccd03bb44df7434d8885203a51ddedfd10b5188e1ba2ee2fdbbfe8edf1dfb06,4096,0,8,4088,0x0:0x4;0xC:0x1000,,candidate_spans_and_remaining_bytes_are_not_proven_code_data_classification
8017A000-2cd17ffa2ad58fab3d0797116c2d576637598571fef8f6bb6bec6079e074b97d,4096,0,8,4088,0x0:0x4;0xC:0x1000,,candidate_spans_and_remaining_bytes_are_not_proven_code_data_classification
8017A000-2cf8ce7f9d7511a9be83528244de1e83615a6454d0d92d867b2783783b609c7d,4096,0,8,4088,0x0:0x4;0xC:0x1000,,candidate_spans_and_remaining_bytes_are_not_proven_code_data_classification
8017A000-2d2d3920a8c8b43e9ef38ce70dfac74407bfb445508797c1667b278a30fa585b,4096,0,8,4088,0x0:0x4;0xC:0x1000,,candidate_spans_and_remaining_bytes_are_not_proven_code_data_classification
8017A000-2d616efb9b8aa3c9ed651e33e3b7a28fd120e0c454679d80f7172849204b3d0f,4096,0,8,4088,0x0:0x4;0xC:0x1000,,candidate_spans_and_remaining_bytes_are_not_proven_code_data_classification
8017A000-2d78076ca0a61150fdbf565814b763e6606cbee44347de879e8b552b3bb6fabe,4096,0,8,4088,0x0:0x4;0xC:0x1000,,candidate_spans_and_remaining_bytes_are_not_proven_code_data_classification
8017A000-2d7d5883c55d2f879c9830ff7e2ed7b4ac52489fa60a126207a9df892c2f88f0,4096,0,8,4088,0x0:0x4;0xC:0x1000,,candidate_spans_and_remaining_bytes_are_not_proven_code_data_classification
8017A000-2de094dfd44e5f45151460ccf2efcecf81881b9c44cd3050e1a32933df0b4c0f,4096,0,8,4088,0x0:0x4;0xC:0x1000,,candidate_spans_and_remaining_bytes_are_not_proven_code_data_classification
8017A000-2dea19c1a848d792ee9eabeaa1bab17322bf521b60a1b6d8cdbe8193da325177,4096,0,8,4088,0x0:0x4;0xC:0x1000,,candidate_spans_and_remaining_bytes_are_not_proven_code_data_classification
8017A000-2eeba771bc12d56a8fc46b72251f6150dd9da3d9062a3cf365c2b619837bb550,4096,0,8,4088,0x0:0x4;0xC:0x1000,,candidate_spans_and_remaining_bytes_are_not_proven_code_data_classification
8017A000-2f9642adc083525ac0079f01bf6d182ad46f1cade23b711d64965c37693cf71c,4096,0,8,4088,0x0:0x4;0xC:0x1000,,candidate_spans_and_remaining_bytes_are_not_proven_code_data_classification
8017A000-3002f3ef6782130f510dc67b0f9f62feea79a2f609c3ff7d42fed64de56c488b,4096,0,8,4088,0x0:0x4;0xC:0x1000,,candidate_spans_and_remaining_bytes_are_not_proven_code_data_classification
8017A000-300e6d01df1ae14a19d0ad2d43003babab19d1e8f2ac7fc330259a129745f554,4096,0,8,4088,0x0:0x4;0xC:0x1000,,candidate_spans_and_remaining_bytes_are_not_proven_code_data_classification
8017A000-30bd6634fe7aadbbac805c358d08329daa13f969fd59067b8abf5c6f2e84a808,4096,0,8,4088,0x0:0x4;0xC:0x1000,,candidate_spans_and_remaining_bytes_are_not_proven_code_data_classification
8017A000-30bdadc4240a2a3c7a83a7f4852f2f92b9e5546243ea667a971df6ec246db741,4096,0,8,4088,0x0:0x4;0xC:0x1000,,candidate_spans_and_remaining_bytes_are_not_proven_code_data_classification
8017A000-30d186e5689e4661e7039edc0448ec7cf5bda96567ca4f9fe67615e4ec475918,4096,0,8,4088,0x0:0x4;0xC:0x1000,,candidate_spans_and_remaining_bytes_are_not_proven_code_data_classification
8017A000-30f048c1ab839a293703a785b1b19e79c2aaacd309914a330ce2e66d538bfece,4096,0,8,4088,0x0:0x4;0xC:0x1000,,candidate_spans_and_remaining_bytes_are_not_proven_code_data_classification
8017A000-3140f9c69264577074ec4fc7e225d90e91f210c3a195d3f663ded5eea848ffc3,4096,0,8,4088,0x0:0x4;0xC:0x1000,,candidate_spans_and_remaining_bytes_are_not_proven_code_data_classification
8017A000-31fe37d908aef126481033541e3b7f1eb712ec10f01c97c41a41e5cd4e2e1a1f,4096,0,8,4088,0x0:0x4;0xC:0x1000,,candidate_spans_and_remaining_bytes_are_not_proven_code_data_classification
8017A000-33653c20faad21d0e0dddd3f32fe81ab9a55d239a03e0303ae9d9c53528b7639,4096,0,8,4088,0x0:0x4;0xC:0x1000,0x4B0,candidate_spans_and_remaining_bytes_are_not_proven_code_data_classification
8017A000-33de561106f34f1e332f27a87d9afea64e49f47bdabe606e149fcfbddb2f5832,4096,0,8,4088,0x0:0x4;0xC:0x1000,,candidate_spans_and_remaining_bytes_are_not_proven_code_data_classification
8017A000-341a1d9992e3c502a95950c5d7100872e97b84eed2158f316af4b653c7b735ef,4096,0,8,4088,0x0:0x4;0xC:0x1000,,candidate_spans_and_remaining_bytes_are_not_proven_code_data_classification
8017A000-345c5eb3e64651b2e2ab385dce80f898a801f750ae3a6b09ddde0d6ff290c9e1,4096,0,8,4088,0x0:0x4;0xC:0x1000,,candidate_spans_and_remaining_bytes_are_not_proven_code_data_classification
8017A000-3537433356fb0850d5ac5c499f9dd9aad958c8600ec1eb2a65563c6bbb7b55e9,4096,0,8,4088,0x0:0x4;0xC:0x1000,,candidate_spans_and_remaining_bytes_are_not_proven_code_data_classification
8017A000-3560206a7d86d7c0fd5c3f210a48661593cef6ff069a475e1b653e24b75da7b5,4096,0,8,4088,0x0:0x4;0xC:0x1000,,candidate_spans_and_remaining_bytes_are_not_proven_code_data_classification
8017A000-35a6d7a1f111d4fece9827f332c4c9c2609db7e52352f71a7be0e0568eb03e18,4096,0,8,4088,0x0:0x4;0xC:0x1000,,candidate_spans_and_remaining_bytes_are_not_proven_code_data_classification
8017A000-36157ca5d5e2fb2a9cdc572b6150cb217d15b9cffc8d2da00c8244b7184151fc,4096,0,8,4088,0x0:0x4;0xC:0x1000,,candidate_spans_and_remaining_bytes_are_not_proven_code_data_classification
8017A000-37d3f76a9a2d97f88de97933c26375702ea40f73128e60d57d58a57b0533c408,4096,0,8,4088,0x0:0x4;0xC:0x1000,,candidate_spans_and_remaining_bytes_are_not_proven_code_data_classification
8017A000-380c2bb52b2d18cdf0076197e2abd078144dff0aa762c520ee8d2e8f3e5c59f9,4096,0,8,4088,0x0:0x4;0xC:0x1000,,candidate_spans_and_remaining_bytes_are_not_proven_code_data_classification
8017A000-3854064afb8e8e9bc081aca2ea47c2bf83b1eb2b72048a053b4eac02ac416281,4096,0,8,4088,0x0:0x4;0xC:0x1000,,candidate_spans_and_remaining_bytes_are_not_proven_code_data_classification
8017A000-385f7389895429b588ad2e430ded82e1d482c51b6178ff0d253d573769516caf,4096,0,8,4088,0x0:0x4;0xC:0x1000,,candidate_spans_and_remaining_bytes_are_not_proven_code_data_classification
8017A000-387c68f4ebe10ef34f3145bd3237970702fd8becd3837b0433b3c12ad15e585f,4096,0,8,4088,0x0:0x4;0xC:0x1000,,candidate_spans_and_remaining_bytes_are_not_proven_code_data_classification
8017A000-389cccea510d45b8792ba73b8755b49112ccc39a7b6da73945be7a72a1b8bb22,4096,0,8,4088,0x0:0x4;0xC:0x1000,,candidate_spans_and_remaining_bytes_are_not_proven_code_data_classification
8017A000-391b1c57d90723c9962916be8ee0d304057068587f4ad673979ef795ef802192,4096,0,8,4088,0x0:0x4;0xC:0x1000,,candidate_spans_and_remaining_bytes_are_not_proven_code_data_classification
8017A000-39b9d89116630dd62dde867759b2f14ae3a9f8697ab5cbf3d3c17ab088708a1d,4096,0,8,4088,0x0:0x4;0xC:0x1000,,candidate_spans_and_remaining_bytes_are_not_proven_code_data_classification
8017A000-39c27f8a2210dd095d79befcff13b9ceebe94c5c17282b3723794b670a8b50fd,4096,0,8,4088,0x0:0x4;0xC:0x1000,,candidate_spans_and_remaining_bytes_are_not_proven_code_data_classification
8017A000-3acf3735c2e8278b58ede3879713352f93447da1df2e80ac66d8fda690244389,4096,0,8,4088,0x0:0x4;0xC:0x1000,,candidate_spans_and_remaining_bytes_are_not_proven_code_data_classification
8017A000-3b5cc2f5efc7a132637b3c3c1211b61c4c8058bd176c604cf15466e03dafbb3b,4096,0,8,4088,0x0:0x4;0xC:0x1000,,candidate_spans_and_remaining_bytes_are_not_proven_code_data_classification
8017A000-3b79795dfadd838752e3c0d4df5918943b1095b81fbd717bb2c3ee5109c3f180,4096,0,8,4088,0x0:0x4;0xC:0x1000,,candidate_spans_and_remaining_bytes_are_not_proven_code_data_classification
8017A000-3bdb48283d12e0ae879135b7729423db7e180808235be8ef5db7500b4de01001,4096,0,8,4088,0x0:0x4;0xC:0x1000,,candidate_spans_and_remaining_bytes_are_not_proven_code_data_classification
8017A000-3c80f22e2c476d29c347f7118ff9b95c370bbf75783ed080929d0f6d45b3fe8f,4096,0,8,4088,0x0:0x4;0xC:0x1000,,candidate_spans_and_remaining_bytes_are_not_proven_code_data_classification
8017A000-3ccffeca381ef0b7be60706ec909e81c71ff5c3d519ba823052d772c80e3cdef,4096,0,8,4088,0x0:0x4;0xC:0x1000,,candidate_spans_and_remaining_bytes_are_not_proven_code_data_classification
8017A000-3d6db74468e247770f09ac2df3d2ba6503839c779cea897a7dbcc805eb025121,4096,0,8,4088,0x0:0x4;0xC:0x1000,,candidate_spans_and_remaining_bytes_are_not_proven_code_data_classification
8017A000-3da4442bb5e753729c73aae3b3d5bec630e73628f5dbe69bc8a26b407ed4c193,4096,0,8,4088,0x0:0x4;0xC:0x1000,,candidate_spans_and_remaining_bytes_are_not_proven_code_data_classification
8017A000-4038821a16cd4686dff18f2f59ea51fe31067c3046f579b7e4cf645cc6005a95,4096,0,8,4088,0x0:0x4;0xC:0x1000,,candidate_spans_and_remaining_bytes_are_not_proven_code_data_classification
8017A000-40c36370aefa13c6011000276625c7660a98d75edbb214bc5f048bd5539c70d6,4096,0,8,4088,0x0:0x4;0xC:0x1000,,candidate_spans_and_remaining_bytes_are_not_proven_code_data_classification
8017A000-418e0086b7dde7384901d362c8527d559d01d18db11e502016b9c7511351c01f,4096,0,8,4088,0x0:0x4;0xC:0x1000,,candidate_spans_and_remaining_bytes_are_not_proven_code_data_classification
8017A000-4221b8ae04e2fa367bdb11b8750c64f0ee4cc61b90ff02e25fcdea70c622fe4a,4096,0,8,4088,0x0:0x4;0xC:0x1000,,candidate_spans_and_remaining_bytes_are_not_proven_code_data_classification
8017A000-422bcaba9e2da4000829af33be0d85b22b1b3a0e0ee1cb18aea1b585c4e1bc1c,4096,0,8,4088,0x0:0x4;0xC:0x1000,,candidate_spans_and_remaining_bytes_are_not_proven_code_data_classification
8017A000-425c2cc53ee069e0a42292b4d52660d80d8bbb096200db2a29cc4df4404ac922,4096,0,8,4088,0x0:0x4;0xC:0x1000,,candidate_spans_and_remaining_bytes_are_not_proven_code_data_classification
8017A000-42cf447d088dec835dd09b9c910a10ffbf67daa58b5d5131c27a6653fcae6481,4096,0,8,4088,0x0:0x4;0xC:0x1000,,candidate_spans_and_remaining_bytes_are_not_proven_code_data_classification
8017A000-436e40644657d184a1f9db9e293971482213a6f182898d61b465a932c5541263,4096,0,8,4088,0x0:0x4;0xC:0x1000,,candidate_spans_and_remaining_bytes_are_not_proven_code_data_classification
8017A000-44b5335c2bbe3253db0a14b675c30a3786e2b1e3eb1b73bb27a170cd1ffb120f,4096,0,8,4088,0x0:0x4;0xC:0x1000,,candidate_spans_and_remaining_bytes_are_not_proven_code_data_classification
8017A000-44eafb9ce3d528b1c01e15b89ce565907a7a30f56441b5037ceae81672a6d133,4096,0,8,4088,0x0:0x4;0xC:0x1000,,candidate_spans_and_remaining_bytes_are_not_proven_code_data_classification
8017A000-45b296d040e137cd73db48bb8f3d1155eff649eb30a16e029c909405fb9a28c5,4096,0,8,4088,0x0:0x4;0xC:0x1000,,candidate_spans_and_remaining_bytes_are_not_proven_code_data_classification
8017A000-45b3a00e499f842c76a2e637c835b553234e007da829fd2a51960dd479d1ed5f,4096,0,8,4088,0x0:0x4;0xC:0x1000,,candidate_spans_and_remaining_bytes_are_not_proven_code_data_classification
8017A000-46472a3ceaf0a405145b7dcab31f7d180c8547c7cfe5fe525358dcf7ae93155c,4096,0,8,4088,0x0:0x4;0xC:0x1000,,candidate_spans_and_remaining_bytes_are_not_proven_code_data_classification
8017A000-4743d37ef40c6f60a526c1b377fa8b799329d9c3a4231aa53c4a9fb93f146450,4096,0,8,4088,0x0:0x4;0xC:0x1000,,candidate_spans_and_remaining_bytes_are_not_proven_code_data_classification
8017A000-48771d2621d60e58d7e29a8d696c98c8becbd99da69d60c95609dd6cb3086bf4,4096,0,8,4088,0x0:0x4;0xC:0x1000,,candidate_spans_and_remaining_bytes_are_not_proven_code_data_classification
8017A000-48c6731b68221539ae2baf02da9841169d30222ba117c858315adcea03ce256f,4096,0,8,4088,0x0:0x4;0xC:0x1000,,candidate_spans_and_remaining_bytes_are_not_proven_code_data_classification
8017A000-49629f39b37a1808a2e00c17ca3cf8908c7a888d40c6ac8c05f3e19c622aa6c2,4096,0,8,4088,0x0:0x4;0xC:0x1000,,candidate_spans_and_remaining_bytes_are_not_proven_code_data_classification
8017A000-4970702da9c6608b42bd00bcd76abeb786e892a769bff4109c76cafdd26010c4,4096,0,8,4088,0x0:0x4;0xC:0x1000,,candidate_spans_and_remaining_bytes_are_not_proven_code_data_classification
8017A000-4a7ac0a255be039037fd2c860e4cd18f33e52784379ec7c7762c6baadf8671a2,4096,0,8,4088,0x0:0x4;0xC:0x1000,,candidate_spans_and_remaining_bytes_are_not_proven_code_data_classification
8017A000-4ac48c8a0bd021a3e739b45ef2d340ad4e3b36af7a7f5caed1671af13c0ae849,4096,0,8,4088,0x0:0x4;0xC:0x1000,,candidate_spans_and_remaining_bytes_are_not_proven_code_data_classification
8017A000-4aee6cf2555fc8bd221a1403c18e3d840109ed67f073841c891d0462964728eb,4096,0,8,4088,0x0:0x4;0xC:0x1000,,candidate_spans_and_remaining_bytes_are_not_proven_code_data_classification
8017A000-4c09bba52373bff8032e86b2bc4dffa83333b0404fca44e0d969864839c5bf7d,4096,0,8,4088,0x0:0x4;0xC:0x1000,,candidate_spans_and_remaining_bytes_are_not_proven_code_data_classification
8017A000-4c39d81b6562d04e5ba9b448d2791053b20548d7eb474faa7e38bc4bc5868e77,4096,0,8,4088,0x0:0x4;0xC:0x1000,0x204,candidate_spans_and_remaining_bytes_are_not_proven_code_data_classification
8017A000-4c66170e0fc9d0ae1268b5fc9a0c309cb55dae321f560c24b460692190948072,4096,0,8,4088,0x0:0x4;0xC:0x1000,,candidate_spans_and_remaining_bytes_are_not_proven_code_data_classification
8017A000-4c8f232ee495b655b90f507ee5c36f730639b157af6aaedb9329010086ef26b5,4096,0,8,4088,0x0:0x4;0xC:0x1000,,candidate_spans_and_remaining_bytes_are_not_proven_code_data_classification
8017A000-4cbb7524c4ee44cdff8c3388b9ff31f8ba876168ee7e6cbc6c52ee2b08e6cc6b,4096,0,8,4088,0x0:0x4;0xC:0x1000,,candidate_spans_and_remaining_bytes_are_not_proven_code_data_classification
8017A000-4d4e6dedc67ab79e4f868f2563d4fd3eaf3c6a274d453f521f4227d92e5cf9aa,4096,0,8,4088,0x0:0x4;0xC:0x1000,,candidate_spans_and_remaining_bytes_are_not_proven_code_data_classification
8017A000-4de1034b007f63586118d65468ea4dfe436b554fab9fdf95c0dc1fdc7414ae63,4096,0,8,4088,0x0:0x4;0xC:0x1000,,candidate_spans_and_remaining_bytes_are_not_proven_code_data_classification
8017A000-4e04f41b34dbd2b9ef90b36da91e837869e3d20174b407159622e01fee15ae00,4096,0,8,4088,0x0:0x4;0xC:0x1000,,candidate_spans_and_remaining_bytes_are_not_proven_code_data_classification
8017A000-4ed849bd601295709e4166e3af90a597fcd6b8344109068ac486f7dfc3ef8b7f,4096,0,8,4088,0x0:0x4;0xC:0x1000,,candidate_spans_and_remaining_bytes_are_not_proven_code_data_classification
8017A000-4fcca9bd18f335c12eb4a9c8202871b1867be2709f00303b2daaa3d4722bfd57,4096,0,8,4088,0x0:0x4;0xC:0x1000,,candidate_spans_and_remaining_bytes_are_not_proven_code_data_classification
8017A000-4fe00d440b198030ad02f5ed8668d3c4b732ba0972f77006a5711ffc8a323aad,4096,0,8,4088,0x0:0x4;0xC:0x1000,,candidate_spans_and_remaining_bytes_are_not_proven_code_data_classification
8017A000-4fed53ac7a1cae72881573508e3cb8104116ad5c5486711c4e9d8b39e9beb788,4096,0,8,4088,0x0:0x4;0xC:0x1000,,candidate_spans_and_remaining_bytes_are_not_proven_code_data_classification
8017A000-50641c8a4cf6f8b1ab85a3ac54abbb98f10997da1b70724503011b82fa7f72e5,4096,0,8,4088,0x0:0x4;0xC:0x1000,,candidate_spans_and_remaining_bytes_are_not_proven_code_data_classification
8017A000-5088d10cc2831d9ec50a251bd0c9189c716a2f6a90d7c4d19f24c99211c3332b,4096,0,8,4088,0x0:0x4;0xC:0x1000,,candidate_spans_and_remaining_bytes_are_not_proven_code_data_classification
8017A000-50d5cbaa177ba779084e649bd708b8618a1645a89ba8ef6496d10dedbd60ce9b,4096,0,8,4088,0x0:0x4;0xC:0x1000,,candidate_spans_and_remaining_bytes_are_not_proven_code_data_classification
8017A000-516ab235acd32ba764590d9a46f998bae2a8b0117a6d22b511e8165903d9cdb7,4096,0,8,4088,0x0:0x4;0xC:0x1000,,candidate_spans_and_remaining_bytes_are_not_proven_code_data_classification
8017A000-5248f126b66daf8a0e7dd3b804187d45ab869dca1a9437610c1462288d839896,4096,0,8,4088,0x0:0x4;0xC:0x1000,,candidate_spans_and_remaining_bytes_are_not_proven_code_data_classification
8017A000-52c854550cb135c0c49f90a6ba8fbe703c6160f2b68c10ef723b13db49fd260c,4096,0,8,4088,0x0:0x4;0xC:0x1000,,candidate_spans_and_remaining_bytes_are_not_proven_code_data_classification
8017A000-52d06a8cbebfbffa91baaca97d909ec1f34123a5ad5beefd0d417a2dd5bc3b54,4096,0,8,4088,0x0:0x4;0xC:0x1000,,candidate_spans_and_remaining_bytes_are_not_proven_code_data_classification
8017A000-5366189f5d8627ccebd547dcb800af76c774a6bb706d0bf0f3570834cdc52584,4096,0,8,4088,0x0:0x4;0xC:0x1000,,candidate_spans_and_remaining_bytes_are_not_proven_code_data_classification
8017A000-539c4c1ee665b47ddb5092e582125744d96b38c2aa48bb5aee236e8b978de925,4096,0,8,4088,0x0:0x4;0xC:0x1000,,candidate_spans_and_remaining_bytes_are_not_proven_code_data_classification
8017A000-54aade6cf4ab186f3e6e407280863f1fec17ac727b406d35bf5eb43e3d6a2b75,4096,0,8,4088,0x0:0x4;0xC:0x1000,,candidate_spans_and_remaining_bytes_are_not_proven_code_data_classification
8017A000-54adfa90d022b3106e74536f354f2d9cccefbcf224d491e34459dfcd6658f58b,4096,0,8,4088,0x0:0x4;0xC:0x1000,,candidate_spans_and_remaining_bytes_are_not_proven_code_data_classification
8017A000-55416b34c8148c3ef8b4cc27d1b1333f362ad69b032532e705a4035d439f2ffe,4096,0,8,4088,0x0:0x4;0xC:0x1000,,candidate_spans_and_remaining_bytes_are_not_proven_code_data_classification
8017A000-566ce0c03e8b11ece5bfedccf8dc00a21a292a8fe37bfeb6d153ea6ddb522384,4096,0,8,4088,0x0:0x4;0xC:0x1000,,candidate_spans_and_remaining_bytes_are_not_proven_code_data_classification
8017A000-56f9ac2ef3186a697b13136bd6b1f8c7e1412c7ed39d9ef78916c6e2cb97335b,4096,0,8,4088,0x0:0x4;0xC:0x1000,,candidate_spans_and_remaining_bytes_are_not_proven_code_data_classification
8017A000-5739793dfbd90721412b2f42a4821e6ea724a0fefed52ac94d34fa93ae0f6a46,4096,0,8,4088,0x0:0x4;0xC:0x1000,,candidate_spans_and_remaining_bytes_are_not_proven_code_data_classification
8017A000-57b6c48089675a168ab829c30c68e424e2b9c45c3bf7264098b1ff1bbe714eeb,4096,0,8,4088,0x0:0x4;0xC:0x1000,,candidate_spans_and_remaining_bytes_are_not_proven_code_data_classification
8017A000-5829101171d4b07cabe33c3e8c7b94c3f75f505d119b582980316718e59c1da4,4096,0,8,4088,0x0:0x4;0xC:0x1000,,candidate_spans_and_remaining_bytes_are_not_proven_code_data_classification
8017A000-58742582ae610c5212cbf58aa91f489595af4ed635cfb9438c8b8e9c83b14a40,4096,0,8,4088,0x0:0x4;0xC:0x1000,,candidate_spans_and_remaining_bytes_are_not_proven_code_data_classification
8017A000-587703da51a4936b7400f2a07d0c8cc087421cb067173a36348891bfa84d811b,4096,0,8,4088,0x0:0x4;0xC:0x1000,,candidate_spans_and_remaining_bytes_are_not_proven_code_data_classification
8017A000-591d40c4646e2866dd044add0080f322c6bdb650938aefea85333731ed2fd3a0,4096,0,8,4088,0x0:0x4;0xC:0x1000,,candidate_spans_and_remaining_bytes_are_not_proven_code_data_classification
8017A000-592687c49b038b8cee51160c6fdf6f18a55e070ca0d86f2decb3085161aad405,4096,0,8,4088,0x0:0x4;0xC:0x1000,,candidate_spans_and_remaining_bytes_are_not_proven_code_data_classification
8017A000-5a032d77cae72341bcbd250b43751ab6dae126361cdb9eeabd468d240d3148c1,4096,0,8,4088,0x0:0x4;0xC:0x1000,,candidate_spans_and_remaining_bytes_are_not_proven_code_data_classification
8017A000-5a686c06cb9788639de00f23a4c7adb89d8f6c07225f05d4a3da4286dd668fa6,4096,0,8,4088,0x0:0x4;0xC:0x1000,,candidate_spans_and_remaining_bytes_are_not_proven_code_data_classification
8017A000-5b18cd2cf221ac6cdaaa30998471beb3828122f6875467915f301152b758fa47,4096,0,8,4088,0x0:0x4;0xC:0x1000,,candidate_spans_and_remaining_bytes_are_not_proven_code_data_classification
8017A000-5b21c2ff3b24c4b88daf2da4bea1713fe17b1b67469ae9aeb2fa208a8d0204dd,4096,0,8,4088,0x0:0x4;0xC:0x1000,,candidate_spans_and_remaining_bytes_are_not_proven_code_data_classification
8017A000-5b53f16402d792b55b0ca653a05110d92c33f839dded58704dc50c411b9ad187,4096,0,8,4088,0x0:0x4;0xC:0x1000,,candidate_spans_and_remaining_bytes_are_not_proven_code_data_classification
8017A000-5b85353611f44655eab542b944d211cca76a592e8a1e00101b2f0d9876e330d9,4096,0,8,4088,0x0:0x4;0xC:0x1000,,candidate_spans_and_remaining_bytes_are_not_proven_code_data_classification
8017A000-5c56a64610fe95fdf75f8878f49d6c66768b14fc047ac1491388cacf6ad27e90,4096,0,8,4088,0x0:0x4;0xC:0x1000,,candidate_spans_and_remaining_bytes_are_not_proven_code_data_classification
8017A000-5ce1ad98738f266316171e3045526882aed92e7f2a6689530baa044677b0201f,4096,0,8,4088,0x0:0x4;0xC:0x1000,0x204,candidate_spans_and_remaining_bytes_are_not_proven_code_data_classification
8017A000-5ce60580d7ef645d28b14aabc92fb20826104082b674b6eb0c38fae8a7860184,4096,0,8,4088,0x0:0x4;0xC:0x1000,,candidate_spans_and_remaining_bytes_are_not_proven_code_data_classification
8017A000-5d6546559f5999e752fb8f0f411ccbc421568a66beead8e37521d9c40a1dd2ee,4096,0,8,4088,0x0:0x4;0xC:0x1000,,candidate_spans_and_remaining_bytes_are_not_proven_code_data_classification
8017A000-5dbc8c9ec13840d95309c058e0aacf718cb034266381471ff6ae9437548da976,4096,0,8,4088,0x0:0x4;0xC:0x1000,,candidate_spans_and_remaining_bytes_are_not_proven_code_data_classification
8017A000-5dda425fc0132e55a8c1f40bcf4ed1b33070053bebae392ada953ecc18e81185,4096,0,8,4088,0x0:0x4;0xC:0x1000,,candidate_spans_and_remaining_bytes_are_not_proven_code_data_classification
8017A000-5df7c89af1ab8524348ed9a35110fea6cf94eb953b66cc916be9634fdfcbc8c5,4096,0,216,3880,0x0:0x4;0xDC:0x1000,,candidate_spans_and_remaining_bytes_are_not_proven_code_data_classification
8017A000-5e120e6f026bd931fabb6c39ae6bb1ee21b0a5d5031d8cd81404e9656587da8b,4096,0,8,4088,0x0:0x4;0xC:0x1000,,candidate_spans_and_remaining_bytes_are_not_proven_code_data_classification
8017A000-5e2fc711b63a59d68123260294dd9143db553dac5f0d464d37f8284c088b8036,4096,0,8,4088,0x0:0x4;0xC:0x1000,,candidate_spans_and_remaining_bytes_are_not_proven_code_data_classification
8017A000-5e694f3d11328a534bc5cb1ddb2f8843701ac070c9c1314a140683c6a0e5ae8e,4096,0,8,4088,0x0:0x4;0xC:0x1000,,candidate_spans_and_remaining_bytes_are_not_proven_code_data_classification
8017A000-5ea76d3fae3431999117a03116f7966830171441430e6096b0821f58a407ed2f,4096,0,8,4088,0x0:0x4;0xC:0x1000,,candidate_spans_and_remaining_bytes_are_not_proven_code_data_classification
8017A000-5ec7288becc010a1b2b06f73786b1ca465148320a484fca56fd43de5e1ab8ca1,4096,0,1572,2524,0x0:0x4;0x628:0x1000,,candidate_spans_and_remaining_bytes_are_not_proven_code_data_classification
8017A000-5f22dd560e72385411b5a3b33a6de49516b8193a3dbe7a74ce1143cad0417781,4096,0,8,4088,0x0:0x4;0xC:0x1000,,candidate_spans_and_remaining_bytes_are_not_proven_code_data_classification
8017A000-5f6003ae92aeb48b54838439751cc67b423b0866eef56641480b124aa3aaea28,4096,0,8,4088,0x0:0x4;0xC:0x1000,,candidate_spans_and_remaining_bytes_are_not_proven_code_data_classification
8017A000-5f84ca482f82205561a7e9aa55e2bd55f4db2e1c61fe7e4f0bf82a6abd21a1e1,4096,0,8,4088,0x0:0x4;0xC:0x1000,,candidate_spans_and_remaining_bytes_are_not_proven_code_data_classification
8017A000-61509324112dae165d00972015734c66085a3415dd7026929e63adff025b907e,4096,0,8,4088,0x0:0x4;0xC:0x1000,,candidate_spans_and_remaining_bytes_are_not_proven_code_data_classification
8017A000-617ca6ad853501b436cfe2670bdf70d1f3e841baab983a3472d455664ef7ba2c,4096,0,8,4088,0x0:0x4;0xC:0x1000,,candidate_spans_and_remaining_bytes_are_not_proven_code_data_classification
8017A000-61d55516298b2afa60aaeecda61acc5815a04aac4b0aa019caed0d2b7d34cc66,4096,0,8,4088,0x0:0x4;0xC:0x1000,,candidate_spans_and_remaining_bytes_are_not_proven_code_data_classification
8017A000-62446ff4018181af23b42a411532a3703d9b074bab0df740bb88f6a71b40fa36,4096,0,8,4088,0x0:0x4;0xC:0x1000,,candidate_spans_and_remaining_bytes_are_not_proven_code_data_classification
8017A000-62562bc20dc5fb4ce83ecd19cd809b986a735cb3761c88308c7508a3e9f07bd3,4096,0,8,4088,0x0:0x4;0xC:0x1000,,candidate_spans_and_remaining_bytes_are_not_proven_code_data_classification
8017A000-6264cf69d116acc44eeddaa69c95a07b6faee2bb07002dfd8dc23f0995f813c8,4096,0,8,4088,0x0:0x4;0xC:0x1000,,candidate_spans_and_remaining_bytes_are_not_proven_code_data_classification
8017A000-627e4b2424aa13089ecbebbdbaec388afef9d48020de96af8ddad2a7ea5ed6a2,4096,0,8,4088,0x0:0x4;0xC:0x1000,,candidate_spans_and_remaining_bytes_are_not_proven_code_data_classification
8017A000-6401e76d027add6b65329ad886639abe66f2e4c5f3e7471c8a8fbab363e8aa04,4096,0,8,4088,0x0:0x4;0xC:0x1000,,candidate_spans_and_remaining_bytes_are_not_proven_code_data_classification
8017A000-6446f51b0123a0ee7aee51c5f1b3095bdddb6806080d08e136d974aa529791e5,4096,0,8,4088,0x0:0x4;0xC:0x1000,,candidate_spans_and_remaining_bytes_are_not_proven_code_data_classification
8017A000-64d6fb995d0f88b04246186bf5ae9e858d25d1949280f0e638260c743635802b,4096,0,8,4088,0x0:0x4;0xC:0x1000,,candidate_spans_and_remaining_bytes_are_not_proven_code_data_classification
8017A000-6530cb1a6abbd073cba53fb964dedcc64a8eba75547e819ed6a29a692dcf7ff6,4096,0,8,4088,0x0:0x4;0xC:0x1000,,candidate_spans_and_remaining_bytes_are_not_proven_code_data_classification
8017A000-654693a1d07c065e28cc4ef56619617911e8f9c4958f5215cc14a8694997fc89,4096,0,8,4088,0x0:0x4;0xC:0x1000,0xBE4,candidate_spans_and_remaining_bytes_are_not_proven_code_data_classification
8017A000-65c37cb9ec7e399300351ec44b47f3b0f37ae0c7e4c8ad79e022bed553b74297,4096,0,8,4088,0x0:0x4;0xC:0x1000,,candidate_spans_and_remaining_bytes_are_not_proven_code_data_classification
8017A000-664db85f2f98d8efa259bf38d47e7d463e1a4fac3fc6a55423d9fdcc74c7cd8d,4096,0,8,4088,0x0:0x4;0xC:0x1000,,candidate_spans_and_remaining_bytes_are_not_proven_code_data_classification
8017A000-664ea71c1a5e2bd1bc21fcc76c1efb1f26758b24a1b7b90eec9ed26c68fde8ce,4096,0,8,4088,0x0:0x4;0xC:0x1000,,candidate_spans_and_remaining_bytes_are_not_proven_code_data_classification
8017A000-667bb7ad6769f39706b7695f8cd924efbf44e0eb415db068f089dccd113b0f18,4096,0,8,4088,0x0:0x4;0xC:0x1000,,candidate_spans_and_remaining_bytes_are_not_proven_code_data_classification
8017A000-669ce8286f2c5339217d530d4c3c3905fd527eb71eb3d5d0949d548402cdacaf,4096,0,8,4088,0x0:0x4;0xC:0x1000,,candidate_spans_and_remaining_bytes_are_not_proven_code_data_classification
8017A000-67345c6319e605d3ddaf8e0d457f3b7bcca668d451b7c0f8f1f6659866a5953f,4096,0,276,3820,0x0:0x4;0x118:0x1000,0x150,candidate_spans_and_remaining_bytes_are_not_proven_code_data_classification
8017A000-6798115caa72e9e77568982aaf66cfc7c4eb831ab8b185b8f4c08300145c8f05,4096,0,8,4088,0x0:0x4;0xC:0x1000,,candidate_spans_and_remaining_bytes_are_not_proven_code_data_classification
8017A000-68848dc2e467a9902ca1e327734f0ecfbef2aae1b7bf231789171d2c71b3bada,4096,0,8,4088,0x0:0x4;0xC:0x1000,,candidate_spans_and_remaining_bytes_are_not_proven_code_data_classification
8017A000-688d1b1f15801ef95c12a34b9c2f47ed56f1c97a3b5bc3281f67772deeced079,4096,0,8,4088,0x0:0x4;0xC:0x1000,,candidate_spans_and_remaining_bytes_are_not_proven_code_data_classification
8017A000-68a76f7acc8ea3aa811199603a29421c52a036b103cf9312142ca075a0c4304e,4096,0,8,4088,0x0:0x4;0xC:0x1000,,candidate_spans_and_remaining_bytes_are_not_proven_code_data_classification
8017A000-6901f8f51fe496879e10fe5ad5c7b7f767efb3588ac8cba2158fc58487b04399,4096,0,8,4088,0x0:0x4;0xC:0x1000,,candidate_spans_and_remaining_bytes_are_not_proven_code_data_classification
8017A000-69cd1badce3acb7e42a72ea919a9961452e768a523b6c4ddb2004cdce0c925ed,4096,0,8,4088,0x0:0x4;0xC:0x1000,,candidate_spans_and_remaining_bytes_are_not_proven_code_data_classification
8017A000-6a20a2f3076f4533978930afe76cce3d645414961b1919719ec12b970c47e49b,4096,0,8,4088,0x0:0x4;0xC:0x1000,,candidate_spans_and_remaining_bytes_are_not_proven_code_data_classification
8017A000-6a41141b14a800f908931565534cb3fbd44d6328b867615b3d65fdc50aa8d748,4096,0,8,4088,0x0:0x4;0xC:0x1000,,candidate_spans_and_remaining_bytes_are_not_proven_code_data_classification
8017A000-6a50ce5765e4718aabdc488033c4a2a4146c9fec1834c4fe74cd94e526d0e658,4096,0,8,4088,0x0:0x4;0xC:0x1000,,candidate_spans_and_remaining_bytes_are_not_proven_code_data_classification
8017A000-6ae5b4de6f997d5875b23e961375211ff7bdb86d30b85d489068b864e24da911,4096,0,8,4088,0x0:0x4;0xC:0x1000,,candidate_spans_and_remaining_bytes_are_not_proven_code_data_classification
8017A000-6b014bdcf6fca826385adbc60da997123d02ca41a67947fed3d7a433fd550ea4,4096,0,8,4088,0x0:0x4;0xC:0x1000,,candidate_spans_and_remaining_bytes_are_not_proven_code_data_classification
8017A000-6b074d9173bdc70fc3ea50d9cecb479c39eba450cb1e5386a7ad36f7525c184b,4096,0,8,4088,0x0:0x4;0xC:0x1000,,candidate_spans_and_remaining_bytes_are_not_proven_code_data_classification
8017A000-6b3a32a66c438745ec0acc60efd50ad0e28216803deeaee8d06bd95b6adffcce,4096,0,8,4088,0x0:0x4;0xC:0x1000,,candidate_spans_and_remaining_bytes_are_not_proven_code_data_classification
8017A000-6b8468270828ab68fab64422504b057b0ae2fe90810f8cdc7e6503f35a5fee86,4096,0,8,4088,0x0:0x4;0xC:0x1000,,candidate_spans_and_remaining_bytes_are_not_proven_code_data_classification
8017A000-6bcaba2a2890327dc00a8631696f42a322ca6077802e1bd2f844c8e9ddd5aafc,4096,0,8,4088,0x0:0x4;0xC:0x1000,,candidate_spans_and_remaining_bytes_are_not_proven_code_data_classification
8017A000-6c06874f0a31a0a063824fab7e512aa731f29dae303736e7c2b3f2256f60147d,4096,0,8,4088,0x0:0x4;0xC:0x1000,,candidate_spans_and_remaining_bytes_are_not_proven_code_data_classification
8017A000-6c2aca5e8bf8109b5a11930869db87ea5668920c5ed2abd2b3647614d61d4e87,4096,0,8,4088,0x0:0x4;0xC:0x1000,,candidate_spans_and_remaining_bytes_are_not_proven_code_data_classification
8017A000-6c31d422d8242840ede1024ccc6aa3ef403bc2aec16796e522b53159943cfa51,4096,0,8,4088,0x0:0x4;0xC:0x1000,,candidate_spans_and_remaining_bytes_are_not_proven_code_data_classification
8017A000-6c44d65a7f1493a57686c3fd52bae2952f67539c04576d4dbc30e2e00cf9eebd,4096,0,8,4088,0x0:0x4;0xC:0x1000,,candidate_spans_and_remaining_bytes_are_not_proven_code_data_classification
8017A000-6ccd81388c7ad821aa99252c8df699ef71fa963a397f551737abb54eb912b030,4096,0,8,4088,0x0:0x4;0xC:0x1000,,candidate_spans_and_remaining_bytes_are_not_proven_code_data_classification
8017A000-6d088023aca2f18f16352dd5803524c7a55f7d6d49cef05fc5a12f280f846f68,4096,0,8,4088,0x0:0x4;0xC:0x1000,,candidate_spans_and_remaining_bytes_are_not_proven_code_data_classification
8017A000-6f0428f80c9d0bbcdd31d92e5c1144139e853f9139ae01500ab95cafd5b2189e,4096,0,8,4088,0x0:0x4;0xC:0x1000,,candidate_spans_and_remaining_bytes_are_not_proven_code_data_classification
8017A000-6f2efa4fb6c7a7955da3f4c482e0b65062fb42f3d5949dbd67001b88f34a3e32,4096,0,8,4088,0x0:0x4;0xC:0x1000,,candidate_spans_and_remaining_bytes_are_not_proven_code_data_classification
8017A000-6f80d33431242fdbd8f9a33c5eead43e509fcbfb7c3fd84e0a03650e0a498cea,4096,0,8,4088,0x0:0x4;0xC:0x1000,,candidate_spans_and_remaining_bytes_are_not_proven_code_data_classification
8017A000-702e131eb82d51228ba025b1f66b1b925f16bf52eeb0d9fec98ac309610f8ed6,4096,0,8,4088,0x0:0x4;0xC:0x1000,,candidate_spans_and_remaining_bytes_are_not_proven_code_data_classification
8017A000-704dcde3d56b89f763b4d7912f6820504f57c29617a0ecaa3cf2b13264bb8235,4096,0,8,4088,0x0:0x4;0xC:0x1000,,candidate_spans_and_remaining_bytes_are_not_proven_code_data_classification
8017A000-70c6b24e78c03045a88475d199aa20c57b6eaea68c7a2070a4ed973c63f14876,4096,0,8,4088,0x0:0x4;0xC:0x1000,,candidate_spans_and_remaining_bytes_are_not_proven_code_data_classification
8017A000-70d03e50f9a9a37a0ed9083104aa6be4711570b5b03ac78b0859a857fe06ecd4,4096,0,8,4088,0x0:0x4;0xC:0x1000,,candidate_spans_and_remaining_bytes_are_not_proven_code_data_classification
8017A000-70d31f5afbe0f6c165a442f93bb0374f07e31cb4080c2f1faf1e475f56b267f2,4096,0,8,4088,0x0:0x4;0xC:0x1000,,candidate_spans_and_remaining_bytes_are_not_proven_code_data_classification
8017A000-718d8e2a270bc01e29947f14631037fac6a138b2a0aa9b6c65ea5077809c9c64,4096,0,8,4088,0x0:0x4;0xC:0x1000,,candidate_spans_and_remaining_bytes_are_not_proven_code_data_classification
8017A000-71c8f45fc9ef1bb1c2f492127393fc5721e9281120b65805b553a31a5d5729be,4096,0,8,4088,0x0:0x4;0xC:0x1000,,candidate_spans_and_remaining_bytes_are_not_proven_code_data_classification
8017A000-7205590ba7ed16038d4db28f2a56114348ae6d821ce9df9be666bffdc0f3ec74,4096,0,8,4088,0x0:0x4;0xC:0x1000,,candidate_spans_and_remaining_bytes_are_not_proven_code_data_classification
8017A000-72fa823a16add562575dbf72166926c65046ccc7fc2963a77f9842719c70c6bc,4096,0,8,4088,0x0:0x4;0xC:0x1000,,candidate_spans_and_remaining_bytes_are_not_proven_code_data_classification
8017A000-732cb6de88de2f177e43a4d175596657c7e51c2bf2de079dd3d1a02a48be015d,4096,0,8,4088,0x0:0x4;0xC:0x1000,,candidate_spans_and_remaining_bytes_are_not_proven_code_data_classification
8017A000-7394dc4818ce42b7ff93cc7a0134585ad75e220caa157d930316e9b3f70b2ad4,4096,0,8,4088,0x0:0x4;0xC:0x1000,,candidate_spans_and_remaining_bytes_are_not_proven_code_data_classification
8017A000-74542ab12d61096dfe13fa874dd0b50d6c9242a1de4c007a6301071fa61044ef,4096,0,8,4088,0x0:0x4;0xC:0x1000,,candidate_spans_and_remaining_bytes_are_not_proven_code_data_classification
8017A000-750e28f9526f6e227e11737195a87ec8e0f2ff366f87365a8b7a2a29a5170ae5,4096,0,8,4088,0x0:0x4;0xC:0x1000,,candidate_spans_and_remaining_bytes_are_not_proven_code_data_classification
8017A000-75903f9991cf7dd58e4c1424e893ac18d11440292b62e4b146e94ef209deb2c1,4096,0,8,4088,0x0:0x4;0xC:0x1000,,candidate_spans_and_remaining_bytes_are_not_proven_code_data_classification
8017A000-75bbba91d0d57fb6457af24a9c4193db3a0be09d12cd2fe4540628d73ac68224,4096,0,8,4088,0x0:0x4;0xC:0x1000,,candidate_spans_and_remaining_bytes_are_not_proven_code_data_classification
8017A000-767bfecc81cf322b385cf8be05b7d20553406c98cf269b3312d1d13a6ea5a764,4096,0,8,4088,0x0:0x4;0xC:0x1000,,candidate_spans_and_remaining_bytes_are_not_proven_code_data_classification
8017A000-7716ef1e61c825acec68c0014f74200505f8071d077713acc4e293b8baa18680,4096,0,8,4088,0x0:0x4;0xC:0x1000,,candidate_spans_and_remaining_bytes_are_not_proven_code_data_classification
8017A000-7858102c51cf29f4ea952dd63d00851c65d0e6887e68d93157aaa78a66a7ea5c,4096,0,8,4088,0x0:0x4;0xC:0x1000,,candidate_spans_and_remaining_bytes_are_not_proven_code_data_classification
8017A000-786d735cf74efcb5009bb464b3146a4cbffc03e4dfbbc6922bdbb0548763cb1f,4096,0,8,4088,0x0:0x4;0xC:0x1000,,candidate_spans_and_remaining_bytes_are_not_proven_code_data_classification
8017A000-79115794c830b25141ea9b00de9db9743654e04c637b21715fcde5a8ade7f634,4096,0,8,4088,0x0:0x4;0xC:0x1000,,candidate_spans_and_remaining_bytes_are_not_proven_code_data_classification
8017A000-7951c166b5da39c44221bb4df78db9010d9300f415292d93029cd71ef3878465,4096,0,8,4088,0x0:0x4;0xC:0x1000,,candidate_spans_and_remaining_bytes_are_not_proven_code_data_classification
8017A000-797911e9201fbd69a1423d936c5e1df1425541b673eaee61685d187659174a1d,4096,0,8,4088,0x0:0x4;0xC:0x1000,,candidate_spans_and_remaining_bytes_are_not_proven_code_data_classification
8017A000-7a0eb5d3a9b7af50d97a1703d93a7f46a3b2601568e040c97d542ec7e2611e0f,4096,0,8,4088,0x0:0x4;0xC:0x1000,,candidate_spans_and_remaining_bytes_are_not_proven_code_data_classification
8017A000-7a36409b562049d1afa873e1dba0c0301a678a95e284c0d38fd69d6b9c74dad4,4096,0,8,4088,0x0:0x4;0xC:0x1000,,candidate_spans_and_remaining_bytes_are_not_proven_code_data_classification
8017A000-7a6f0a23600c1b5eb16636d97c1f7f802edb770eca4cb7772d9f626af02a7790,4096,0,8,4088,0x0:0x4;0xC:0x1000,,candidate_spans_and_remaining_bytes_are_not_proven_code_data_classification
8017A000-7abf854066cc2743931ddb54913f513450d95c742b2834c5c99e0cb4823a0538,4096,0,8,4088,0x0:0x4;0xC:0x1000,,candidate_spans_and_remaining_bytes_are_not_proven_code_data_classification
8017A000-7ad1492a40d8329f32168701fc3c1609a89b14d37a302871c28ac2ca34895232,4096,0,8,4088,0x0:0x4;0xC:0x1000,,candidate_spans_and_remaining_bytes_are_not_proven_code_data_classification
8017A000-7afb288df11cf3eced00964c2b6ed6b7559fbe91ae319c51c64a19cb3366fab0,4096,0,8,4088,0x0:0x4;0xC:0x1000,,candidate_spans_and_remaining_bytes_are_not_proven_code_data_classification
8017A000-7b1a0597365e653f771ef482ccb4b444d149073399995490a1977d1205520259,4096,0,8,4088,0x0:0x4;0xC:0x1000,,candidate_spans_and_remaining_bytes_are_not_proven_code_data_classification
8017A000-7c043dddaafc51218e85d85ac1b0f8eeb2ec5ab6ce2fe31401188b11d6880a9e,4096,0,8,4088,0x0:0x4;0xC:0x1000,,candidate_spans_and_remaining_bytes_are_not_proven_code_data_classification
8017A000-7c86c06f92452cf6673833bff4fcd639873522c7d1d35a2c07ebf990b3ef8191,4096,0,8,4088,0x0:0x4;0xC:0x1000,,candidate_spans_and_remaining_bytes_are_not_proven_code_data_classification
8017A000-7d215c09c058a92c775631cd03e4526314e05fe24d876b9848ac181e2d9ac226,4096,0,8,4088,0x0:0x4;0xC:0x1000,,candidate_spans_and_remaining_bytes_are_not_proven_code_data_classification
8017A000-7de25b039253ab24fd47a3398064cf72c1bbc3b08c0087762a919bcf68c821f9,4096,0,8,4088,0x0:0x4;0xC:0x1000,,candidate_spans_and_remaining_bytes_are_not_proven_code_data_classification
8017A000-7dfa6588f9ac394ee09b8e8c71ff3b1b82c8e83889fdafdc837251a976758d46,4096,0,8,4088,0x0:0x4;0xC:0x1000,,candidate_spans_and_remaining_bytes_are_not_proven_code_data_classification
8017A000-7eee3119c8f744a03e369b6ab8dc16fb114d8df03cdea412c348d8e11f4f50cb,4096,0,8,4088,0x0:0x4;0xC:0x1000,,candidate_spans_and_remaining_bytes_are_not_proven_code_data_classification
8017A000-7f2211f619cf9768022f0bdd246041b5f036c3a9c98db1d9d8d678412c8b5fc7,4096,0,8,4088,0x0:0x4;0xC:0x1000,,candidate_spans_and_remaining_bytes_are_not_proven_code_data_classification
8017A000-7f7d31bfa759d253035bf5be00351f59975a3c716eab6f1ff4ae514f51e9de3b,4096,0,8,4088,0x0:0x4;0xC:0x1000,,candidate_spans_and_remaining_bytes_are_not_proven_code_data_classification
8017A000-7f90d5b643eedac349a56581d35c0c2ed0233c1e349c15e2d2f60ef9d6cb971a,4096,0,8,4088,0x0:0x4;0xC:0x1000,,candidate_spans_and_remaining_bytes_are_not_proven_code_data_classification
8017A000-7f954fd85d539aeccb667ba91141bd07c3e23b5e0c6ffb81efe5092b5bc16e51,4096,0,8,4088,0x0:0x4;0xC:0x1000,,candidate_spans_and_remaining_bytes_are_not_proven_code_data_classification
8017A000-7f9e84d54a807331c4bcc85cb2e790e5deec394a09385636c7df4d9ccfbfd49d,4096,0,8,4088,0x0:0x4;0xC:0x1000,,candidate_spans_and_remaining_bytes_are_not_proven_code_data_classification
8017A000-7fb0107cc7ef02bc5fbd9b4e2509866e40da5f3b67837eff6214e86ff2caa8c4,4096,0,8,4088,0x0:0x4;0xC:0x1000,,candidate_spans_and_remaining_bytes_are_not_proven_code_data_classification
8017A000-819abf65c356dd2f3d21e1e6f155dbc1414ccf84b15005377b0e2b7ef61eb771,4096,0,8,4088,0x0:0x4;0xC:0x1000,,candidate_spans_and_remaining_bytes_are_not_proven_code_data_classification
8017A000-81a6926cc59229fd947c38d172597cc632d6e31f5f0a43d5bfb6b05ec9e7adcf,4096,0,8,4088,0x0:0x4;0xC:0x1000,,candidate_spans_and_remaining_bytes_are_not_proven_code_data_classification
8017A000-82cfca18da422d945b88e2b1262359065906cf8128e793416d57db2e4408f87f,4096,0,8,4088,0x0:0x4;0xC:0x1000,,candidate_spans_and_remaining_bytes_are_not_proven_code_data_classification
8017A000-831f36c96ed07521ffc39c789e7d57a8ec21f85a104715e667a08f91b2aa4a81,4096,0,8,4088,0x0:0x4;0xC:0x1000,,candidate_spans_and_remaining_bytes_are_not_proven_code_data_classification
8017A000-839caa0e1142a7e80f12781072a4615be3ad450f3f147fa69c3c7b7d676e9a0d,4096,0,216,3880,0x0:0x4;0xDC:0x1000,,candidate_spans_and_remaining_bytes_are_not_proven_code_data_classification
8017A000-83b59a7e164c7271aa17bb6cae11aadfe3bbc4dd87ad227181bc36e9a3e97951,4096,0,8,4088,0x0:0x4;0xC:0x1000,,candidate_spans_and_remaining_bytes_are_not_proven_code_data_classification
8017A000-83f3ece0def641a8bbecefe6936d7320d4917b5602feb794a4646cc8e04e2d85,4096,0,8,4088,0x0:0x4;0xC:0x1000,,candidate_spans_and_remaining_bytes_are_not_proven_code_data_classification
8017A000-846a71f31ea81bde7559c4d89830d9d1163d093cce714c9e071d0beef9c6d3b0,4096,0,8,4088,0x0:0x4;0xC:0x1000,0xB14,candidate_spans_and_remaining_bytes_are_not_proven_code_data_classification
8017A000-84c14eb1b12a13702c374c1171172f3fb195d20f32d1fa42c258815297d099a7,4096,0,8,4088,0x0:0x4;0xC:0x1000,,candidate_spans_and_remaining_bytes_are_not_proven_code_data_classification
8017A000-85473438a3f9fcaeb2f05d5d290cab69d405095138b9dcae310cea959a4d5dae,4096,0,8,4088,0x0:0x4;0xC:0x1000,,candidate_spans_and_remaining_bytes_are_not_proven_code_data_classification
8017A000-85cf9e95f1786184018fa9e3bdf1f0a63a16bfbeff41eb7060c1c2107e76c1cb,4096,0,276,3820,0x0:0x4;0x118:0x1000,0x150,candidate_spans_and_remaining_bytes_are_not_proven_code_data_classification
8017A000-867179fa985e59555e35d6ec552da86ccc81a8e1f57c0ac3254b19b27eae9e21,4096,0,8,4088,0x0:0x4;0xC:0x1000,,candidate_spans_and_remaining_bytes_are_not_proven_code_data_classification
8017A000-86aaecdaf86afd95871bae732305cfea3f50ea1fe896cc4e639bf986003eda87,4096,0,8,4088,0x0:0x4;0xC:0x1000,,candidate_spans_and_remaining_bytes_are_not_proven_code_data_classification
8017A000-87e7cfddd48fbc40447f52a739d069608903f5f023e08fcbf689e9e42c4d3c7b,4096,0,8,4088,0x0:0x4;0xC:0x1000,,candidate_spans_and_remaining_bytes_are_not_proven_code_data_classification
8017A000-87e890f9c62c7591ed3ec503df96d17c0dab0c791e66ba2d265ec388d5a708c0,4096,0,8,4088,0x0:0x4;0xC:0x1000,,candidate_spans_and_remaining_bytes_are_not_proven_code_data_classification
8017A000-882f12518a39866f84297685c36aa1d1ce4e2803b1735eb9e79ea1f8b12b286f,4096,0,8,4088,0x0:0x4;0xC:0x1000,,candidate_spans_and_remaining_bytes_are_not_proven_code_data_classification
8017A000-88314f8710a941ad187d977f1f3dbffba7ad3ee58174b82989935570a3e3204a,4096,0,8,4088,0x0:0x4;0xC:0x1000,,candidate_spans_and_remaining_bytes_are_not_proven_code_data_classification
8017A000-88b74ba282dee7d84ec85176929aad7e499e9133e69eb267bd5004aaee6aaf45,4096,0,8,4088,0x0:0x4;0xC:0x1000,,candidate_spans_and_remaining_bytes_are_not_proven_code_data_classification
8017A000-8a2d8c9c6a1cf02758746851fc43d9ee9f0e61b93a0936f9d297acd55c588686,4096,0,8,4088,0x0:0x4;0xC:0x1000,,candidate_spans_and_remaining_bytes_are_not_proven_code_data_classification
8017A000-8ab0f4e87eec8571028da38acfb518dae40450040c824d0a4dc7eebdbdfca424,4096,0,8,4088,0x0:0x4;0xC:0x1000,,candidate_spans_and_remaining_bytes_are_not_proven_code_data_classification
8017A000-8ae39138d75900c8e959d530107eca2daaabb9dad7e0c786249a6c1cefc1c21c,4096,0,8,4088,0x0:0x4;0xC:0x1000,,candidate_spans_and_remaining_bytes_are_not_proven_code_data_classification
8017A000-8b0e4d1f43601846f67b7007944cbeb63932dfe7298141d2dcda9867d1305798,4096,0,8,4088,0x0:0x4;0xC:0x1000,,candidate_spans_and_remaining_bytes_are_not_proven_code_data_classification
8017A000-8b6fd307e1947f0c30de0bb1e8207f4fdaa3d9cd776be6db14678f5a7f16d974,4096,0,8,4088,0x0:0x4;0xC:0x1000,,candidate_spans_and_remaining_bytes_are_not_proven_code_data_classification
8017A000-8b734f8af2d81d4165f9ff32707365e4b0fa4aa751eb656c40a80d667d56349b,4096,0,8,4088,0x0:0x4;0xC:0x1000,,candidate_spans_and_remaining_bytes_are_not_proven_code_data_classification
8017A000-8b8dc5e393b2fcb61b63d6c9696c82034098220dea37d6b2ff5913090683cbde,4096,0,8,4088,0x0:0x4;0xC:0x1000,,candidate_spans_and_remaining_bytes_are_not_proven_code_data_classification
8017A000-8bad9e75131a54de123028b930dfc53feb1631e76a9f0e4d858297d898c4a213,4096,0,8,4088,0x0:0x4;0xC:0x1000,,candidate_spans_and_remaining_bytes_are_not_proven_code_data_classification
8017A000-8bd1864fd7f5ab4cf38b74cbe9cda913d10021af55dbb50c20fa354ed285de69,4096,0,8,4088,0x0:0x4;0xC:0x1000,,candidate_spans_and_remaining_bytes_are_not_proven_code_data_classification
8017A000-8bfb365213d447aeeafbeb38ea646da79a82836e498a5348cd991abbb985c315,4096,0,8,4088,0x0:0x4;0xC:0x1000,,candidate_spans_and_remaining_bytes_are_not_proven_code_data_classification
8017A000-8c37591a0b60fec676803c4177894db853b2d580106da2d60850fd3ea2502fe7,4096,0,8,4088,0x0:0x4;0xC:0x1000,,candidate_spans_and_remaining_bytes_are_not_proven_code_data_classification
8017A000-8c90bd5937047c2585f30128fccd54759b5117f2caaab562870e5685ec189e4e,4096,0,8,4088,0x0:0x4;0xC:0x1000,,candidate_spans_and_remaining_bytes_are_not_proven_code_data_classification
8017A000-8e0285c30e772f514e9087699e2e30d1b9627cea4399460ddeb103c49663eb5a,4096,0,8,4088,0x0:0x4;0xC:0x1000,,candidate_spans_and_remaining_bytes_are_not_proven_code_data_classification
8017A000-8e8072268ff998bb4fbb2bea66a830bd48c63789e69f965fc59ba14c8a8428a5,4096,0,8,4088,0x0:0x4;0xC:0x1000,,candidate_spans_and_remaining_bytes_are_not_proven_code_data_classification
8017A000-8f48d5767ded1f1a85a21f13836cf205861cf8d42be17cb0c3bd513934aa5cc3,4096,0,8,4088,0x0:0x4;0xC:0x1000,,candidate_spans_and_remaining_bytes_are_not_proven_code_data_classification
8017A000-8f603911ed413da6265b0bfef3351c573e8229ab142c1abe2dff9c73d404a71c,4096,0,8,4088,0x0:0x4;0xC:0x1000,,candidate_spans_and_remaining_bytes_are_not_proven_code_data_classification
8017A000-8fe55c043ef6eb92d6c58a6ea98d168c492e479d2894ab9590974946a7df8a29,4096,0,8,4088,0x0:0x4;0xC:0x1000,,candidate_spans_and_remaining_bytes_are_not_proven_code_data_classification
8017A000-8fea0032721fba375f429f67ec58094942868672b116b8caf0dc8eb6174589c9,4096,0,8,4088,0x0:0x4;0xC:0x1000,,candidate_spans_and_remaining_bytes_are_not_proven_code_data_classification
8017A000-9121efa20def49234a94ee6e5c433d65d5da344a8d551372533832cd37aa65cb,4096,0,8,4088,0x0:0x4;0xC:0x1000,,candidate_spans_and_remaining_bytes_are_not_proven_code_data_classification
8017A000-912c7f46c4e897c7f6cef484cef20d8ecd9eb3a539d716b2f366eeb102f67603,4096,0,8,4088,0x0:0x4;0xC:0x1000,,candidate_spans_and_remaining_bytes_are_not_proven_code_data_classification
8017A000-913880e36efa22c60eb41adb2a77189b13ce57c63866fa025e83dc0ddfb43153,4096,0,8,4088,0x0:0x4;0xC:0x1000,0x894;0xF3C,candidate_spans_and_remaining_bytes_are_not_proven_code_data_classification
8017A000-91f98d02f6ea6df0e98a25f2fab3898a47b8be44fb9f53a862f6c433a9d8f555,4096,0,8,4088,0x0:0x4;0xC:0x1000,,candidate_spans_and_remaining_bytes_are_not_proven_code_data_classification
8017A000-9204e57381f4f6c30c639fc04d9f81387ccf60803759340a9625d466764e4e94,4096,0,8,4088,0x0:0x4;0xC:0x1000,,candidate_spans_and_remaining_bytes_are_not_proven_code_data_classification
8017A000-924b48423b49a64ddd85a204d52d5a3b3c901ffbeb5b16da5c019dcc13ada713,4096,0,8,4088,0x0:0x4;0xC:0x1000,,candidate_spans_and_remaining_bytes_are_not_proven_code_data_classification
8017A000-935dfdf069916aa695ab52f1de03029ec1822b1f368046ffad4dbef069d4c40b,4096,0,8,4088,0x0:0x4;0xC:0x1000,,candidate_spans_and_remaining_bytes_are_not_proven_code_data_classification
8017A000-93823098cb2b4391bb4d983c21e2e03f9fb426a251e232f2b1e95964431bc5b6,4096,0,8,4088,0x0:0x4;0xC:0x1000,,candidate_spans_and_remaining_bytes_are_not_proven_code_data_classification
8017A000-9396bef99578327212091d2d39fe96de5777e0f5ca1b12ec25052a686b87d602,4096,0,8,4088,0x0:0x4;0xC:0x1000,,candidate_spans_and_remaining_bytes_are_not_proven_code_data_classification
8017A000-93e78234cbc7ca13135a3d2386216adc556037d40e47471335361586b11eab74,4096,0,8,4088,0x0:0x4;0xC:0x1000,,candidate_spans_and_remaining_bytes_are_not_proven_code_data_classification
8017A000-93fed092ec6e80fdb2af257b69ba0021982b61dafb28f2d568b4bb25dc5e7a5d,4096,0,8,4088,0x0:0x4;0xC:0x1000,,candidate_spans_and_remaining_bytes_are_not_proven_code_data_classification
8017A000-941a926ea5726c7a5cb5e960a0a33b1e267792e663ce4f37c21eb1fa6a55ed4d,4096,0,8,4088,0x0:0x4;0xC:0x1000,,candidate_spans_and_remaining_bytes_are_not_proven_code_data_classification
8017A000-947a3c177b31e0d0c228b01626697f45b9a6fb1555e20f763360a816eef55cc0,4096,0,8,4088,0x0:0x4;0xC:0x1000,,candidate_spans_and_remaining_bytes_are_not_proven_code_data_classification
8017A000-94b12597f0052fcf6fa26d6cf75145866b5a17596362a7c92be28fad007cebea,4096,0,8,4088,0x0:0x4;0xC:0x1000,,candidate_spans_and_remaining_bytes_are_not_proven_code_data_classification
8017A000-95b3ec9acfc381c52f4842852395fa8d1b07a0a2351e25f7706978ff034be3f4,4096,0,8,4088,0x0:0x4;0xC:0x1000,,candidate_spans_and_remaining_bytes_are_not_proven_code_data_classification
8017A000-967b522d75f82e4b245b898dbc5cab124720b3e9ef47f4822259428439b17ba7,4096,0,8,4088,0x0:0x4;0xC:0x1000,,candidate_spans_and_remaining_bytes_are_not_proven_code_data_classification
8017A000-96a42695ed2c300e37ad828aec4ed7002a24c9df179f575b07f0a00637a7b684,4096,0,8,4088,0x0:0x4;0xC:0x1000,,candidate_spans_and_remaining_bytes_are_not_proven_code_data_classification
8017A000-96ca1cd50e638b96bba57632eaaf12eb23e10b639142cf6bf2737dc5a494fd26,4096,0,8,4088,0x0:0x4;0xC:0x1000,,candidate_spans_and_remaining_bytes_are_not_proven_code_data_classification
8017A000-97119d68ff27fc8e50e3f7f0c8ca1d0bb2793a50038e7de248699b73f91c7cfb,4096,0,8,4088,0x0:0x4;0xC:0x1000,,candidate_spans_and_remaining_bytes_are_not_proven_code_data_classification
8017A000-97356567d8199cfa2ea368059c216f55451eba1ed84aea0251e816200fb152c2,4096,0,8,4088,0x0:0x4;0xC:0x1000,,candidate_spans_and_remaining_bytes_are_not_proven_code_data_classification
8017A000-97387b4b96129852f1cdf1b0162830e1e6e24c1b4ce718dc4f57cb27caaa4c2c,4096,0,8,4088,0x0:0x4;0xC:0x1000,,candidate_spans_and_remaining_bytes_are_not_proven_code_data_classification
8017A000-976a7084080d39a744fd3f6f223ffdbed5628143e32020b019d2dd5e3bd542cb,4096,0,8,4088,0x0:0x4;0xC:0x1000,,candidate_spans_and_remaining_bytes_are_not_proven_code_data_classification
8017A000-97d48016587c37d337d6f9efb947d32582bb77a18c2c7559966b0db29d33ef80,4096,0,8,4088,0x0:0x4;0xC:0x1000,,candidate_spans_and_remaining_bytes_are_not_proven_code_data_classification
8017A000-99519108c920e8053fada3028a47488c7c27d9ab0c601193e57c5127a35f3c23,4096,0,8,4088,0x0:0x4;0xC:0x1000,,candidate_spans_and_remaining_bytes_are_not_proven_code_data_classification
8017A000-9990f3cd357350831ab48afe97e87bda77e5d92d0615a5d3bf4658968a79179f,4096,0,8,4088,0x0:0x4;0xC:0x1000,,candidate_spans_and_remaining_bytes_are_not_proven_code_data_classification
8017A000-99c4b233ed4bd45756a0311341901895ff7d82d281bdb6ceba7ee723df35f4ee,4096,0,8,4088,0x0:0x4;0xC:0x1000,,candidate_spans_and_remaining_bytes_are_not_proven_code_data_classification
8017A000-99c5856f42e3dbb2cda379690f6139054ce5b97226d9101357bb26ce60e4bf76,4096,0,8,4088,0x0:0x4;0xC:0x1000,,candidate_spans_and_remaining_bytes_are_not_proven_code_data_classification
8017A000-9a0355373a324398ddcb723a4ec63fc136f3c6f9d0548d4887ab6accc594c184,4096,0,8,4088,0x0:0x4;0xC:0x1000,,candidate_spans_and_remaining_bytes_are_not_proven_code_data_classification
8017A000-9b01ed0e25fa72d0af441f82dd4f8eaa9a1854bee6cf8b7fe71782627a662068,4096,0,8,4088,0x0:0x4;0xC:0x1000,,candidate_spans_and_remaining_bytes_are_not_proven_code_data_classification
8017A000-9b0b62554c62fcbfd598f3c814b7c2dc097494b6bf5976d2ce111b60ddc446b5,4096,0,8,4088,0x0:0x4;0xC:0x1000,0xDFC,candidate_spans_and_remaining_bytes_are_not_proven_code_data_classification
8017A000-9b7c9f05dc613b895dbf8286d0450a8fad7f37c1daf946b1039b8589d216a03b,4096,0,8,4088,0x0:0x4;0xC:0x1000,,candidate_spans_and_remaining_bytes_are_not_proven_code_data_classification
8017A000-9c0563b905d2538b20d6f6e47fa1e27bba9df0ce813ebea9c5028044f405e812,4096,0,8,4088,0x0:0x4;0xC:0x1000,,candidate_spans_and_remaining_bytes_are_not_proven_code_data_classification
8017A000-9c6a42d77cef0745b9d4755c9f7ce9d4e0b175ee7abcd825ca00ff8d97ef0574,4096,0,8,4088,0x0:0x4;0xC:0x1000,,candidate_spans_and_remaining_bytes_are_not_proven_code_data_classification
8017A000-9c7b305e73e2a30c61c3c04f81fb55da599cd60bd3975c0b86f873ac2879d960,4096,0,8,4088,0x0:0x4;0xC:0x1000,,candidate_spans_and_remaining_bytes_are_not_proven_code_data_classification
8017A000-9d0a9634b63a45dc20328fb293242c4ee9489e6111a1ffe42f1a51ecce86fa8e,4096,0,8,4088,0x0:0x4;0xC:0x1000,,candidate_spans_and_remaining_bytes_are_not_proven_code_data_classification
8017A000-9e03e4470f5d1aa0fb87926c588a4eb160604ba54dc08598c23558edf0001f3a,4096,0,8,4088,0x0:0x4;0xC:0x1000,,candidate_spans_and_remaining_bytes_are_not_proven_code_data_classification
8017A000-9e4752aab219ae5dc4ac64b246988bd2cf06da9f4dbb1b542b2f03eecde65fe7,4096,0,8,4088,0x0:0x4;0xC:0x1000,,candidate_spans_and_remaining_bytes_are_not_proven_code_data_classification
8017A000-9e7fe236a92a1afae16a47ae8a1dc27ebcb92dcb8e730f227d17b4ca2a4f80f0,4096,0,8,4088,0x0:0x4;0xC:0x1000,,candidate_spans_and_remaining_bytes_are_not_proven_code_data_classification
8017A000-9faea8b54b8b1c516cc3ccaa78b6ec62584f43fd67c6183eea573e3c081b3d66,4096,0,8,4088,0x0:0x4;0xC:0x1000,,candidate_spans_and_remaining_bytes_are_not_proven_code_data_classification
8017A000-a0030520ada048111c6bd47bbbe34a860c7995dcb046aee58078977f0ebfefed,4096,0,8,4088,0x0:0x4;0xC:0x1000,,candidate_spans_and_remaining_bytes_are_not_proven_code_data_classification
8017A000-a05cdb06770c25560fc1176dbf83b6a5e6b36bd1fbe9b6140a7ffbd7ae8852fa,4096,0,8,4088,0x0:0x4;0xC:0x1000,,candidate_spans_and_remaining_bytes_are_not_proven_code_data_classification
8017A000-a133d49731c4a6cd46b20653fca45e11b4fd26df8c5a95c647f2b386ab137f56,4096,0,8,4088,0x0:0x4;0xC:0x1000,,candidate_spans_and_remaining_bytes_are_not_proven_code_data_classification
8017A000-a17a9b6dcf870a12ccaa8e3ba722c23ac319645536bd0a0b9c4d4534bd9509ee,4096,0,8,4088,0x0:0x4;0xC:0x1000,,candidate_spans_and_remaining_bytes_are_not_proven_code_data_classification
8017A000-a1b87d523f09f94c4f3c81a71822c0f48d65cee1c6ea2af0bea9f00fe6f42333,4096,0,8,4088,0x0:0x4;0xC:0x1000,,candidate_spans_and_remaining_bytes_are_not_proven_code_data_classification
8017A000-a207bf140ede68f7f058e6bdcc8e5bd5efc7962e84ef3020a8ad0777055eed51,4096,0,8,4088,0x0:0x4;0xC:0x1000,,candidate_spans_and_remaining_bytes_are_not_proven_code_data_classification
8017A000-a24c7546dc751533f73493f5cbc970d49db93b42cf310aff49fb2117a392a9e4,4096,0,8,4088,0x0:0x4;0xC:0x1000,,candidate_spans_and_remaining_bytes_are_not_proven_code_data_classification
8017A000-a27131d89034bf71b29fe0fcade8c7743ac4324449d394c4fdb9644bd9c78c07,4096,0,8,4088,0x0:0x4;0xC:0x1000,,candidate_spans_and_remaining_bytes_are_not_proven_code_data_classification
8017A000-a2abd29849fab9303d90da3b0f31fe0a61a502b2e7fdfca76a3b390ad4643606,4096,0,8,4088,0x0:0x4;0xC:0x1000,,candidate_spans_and_remaining_bytes_are_not_proven_code_data_classification
8017A000-a3602095cb69eda21bc85c1e1515f69bcc36c410a0145711a021c2f2ea2d9942,4096,0,8,4088,0x0:0x4;0xC:0x1000,,candidate_spans_and_remaining_bytes_are_not_proven_code_data_classification
8017A000-a3cdda6625fdabb2f848235a1d88f3d8dfefaafef5f2c90cf329551d8350eb22,4096,0,8,4088,0x0:0x4;0xC:0x1000,,candidate_spans_and_remaining_bytes_are_not_proven_code_data_classification
8017A000-a483b2e42505eec6cf0f63c50ff2f3553873bb6055ea922cb86c7ac3301dc60a,4096,0,8,4088,0x0:0x4;0xC:0x1000,,candidate_spans_and_remaining_bytes_are_not_proven_code_data_classification
8017A000-a491a2c988ca6e9fdd76185ab9e27bcb32b3b81a9a40f480b1fc71b102da6d7c,4096,0,8,4088,0x0:0x4;0xC:0x1000,,candidate_spans_and_remaining_bytes_are_not_proven_code_data_classification
8017A000-a4e87923d3c58057946fc3ec6eb5638af0c8b2d2d84258d462bc33c1780170f2,4096,0,8,4088,0x0:0x4;0xC:0x1000,,candidate_spans_and_remaining_bytes_are_not_proven_code_data_classification
8017A000-a5ecc1810036004e1c80e5b5bcd6fea03b309eb41c09042c629921f7e2736cc6,4096,0,8,4088,0x0:0x4;0xC:0x1000,,candidate_spans_and_remaining_bytes_are_not_proven_code_data_classification
8017A000-a5efdecb4fb6230673d7b8afbbb3d0ccaabf5e905383755d41fd02965a67e661,4096,0,8,4088,0x0:0x4;0xC:0x1000,,candidate_spans_and_remaining_bytes_are_not_proven_code_data_classification
8017A000-a6330b56add53dcf31c0a39e3a87859ca79aeccda4c6928e0446436537f104d9,4096,0,8,4088,0x0:0x4;0xC:0x1000,,candidate_spans_and_remaining_bytes_are_not_proven_code_data_classification
8017A000-a686e93ac78ad3ea9240a3611070d71a3bfc8436b1b4cbb80b6ca2f9189e08b4,4096,0,8,4088,0x0:0x4;0xC:0x1000,,candidate_spans_and_remaining_bytes_are_not_proven_code_data_classification
8017A000-a6a61b62d00703e1a35b1404b6f88336e901f03f99a859ca00613d09ba00a030,4096,0,8,4088,0x0:0x4;0xC:0x1000,,candidate_spans_and_remaining_bytes_are_not_proven_code_data_classification
8017A000-a6cdd561d6ef3f18d5a9cda5061f26e95acc10b3c93d82e52df7d55e29941d95,4096,0,8,4088,0x0:0x4;0xC:0x1000,,candidate_spans_and_remaining_bytes_are_not_proven_code_data_classification
8017A000-a778b056507075276568b012bb22363049cd37b5776063cc920b0a2d9491a092,4096,0,8,4088,0x0:0x4;0xC:0x1000,,candidate_spans_and_remaining_bytes_are_not_proven_code_data_classification
8017A000-a7806ffdfb8129cac7ab6cb08951b16f653ad7cdbc9733cefb9d91956ef660e1,4096,0,8,4088,0x0:0x4;0xC:0x1000,,candidate_spans_and_remaining_bytes_are_not_proven_code_data_classification
8017A000-a7c31677945941212cc973053a1420b49651a244e0056259ed59a7329fd4c7d5,4096,0,8,4088,0x0:0x4;0xC:0x1000,,candidate_spans_and_remaining_bytes_are_not_proven_code_data_classification
8017A000-a7e9f2287244361a7f57cc53346534dd0edbd9e69b9824b3a4b350619158d60c,4096,0,8,4088,0x0:0x4;0xC:0x1000,,candidate_spans_and_remaining_bytes_are_not_proven_code_data_classification
8017A000-a80b0984c813d3d938b45a8b4fc172a9e776bf78d1360d4bd96bdedd4a8a5590,4096,0,8,4088,0x0:0x4;0xC:0x1000,,candidate_spans_and_remaining_bytes_are_not_proven_code_data_classification
8017A000-a851f1ef6fb656b864330c6a5497f76f9e953fa1ea6e550566695b4f6b887fe4,4096,0,8,4088,0x0:0x4;0xC:0x1000,,candidate_spans_and_remaining_bytes_are_not_proven_code_data_classification
8017A000-a876207c674f0e7429ef4c281888ff20f7004df46c5cb43fb19abe2d49357d67,4096,0,8,4088,0x0:0x4;0xC:0x1000,,candidate_spans_and_remaining_bytes_are_not_proven_code_data_classification
8017A000-a8efd29da53db9e28dfb7ab178756f757f7ab2b062198a60172261bdc838fb91,4096,0,8,4088,0x0:0x4;0xC:0x1000,,candidate_spans_and_remaining_bytes_are_not_proven_code_data_classification
8017A000-a97a2d5ea7d43b3cd829b2bdf6d4f5c4909c32252351f505d76a015013f2a454,4096,0,8,4088,0x0:0x4;0xC:0x1000,,candidate_spans_and_remaining_bytes_are_not_proven_code_data_classification
8017A000-aa2e72ffea0a2edffb0d626a035099d48d347e59843f3cafcaa5760b0bcf38d6,4096,0,8,4088,0x0:0x4;0xC:0x1000,,candidate_spans_and_remaining_bytes_are_not_proven_code_data_classification
8017A000-aaab852cbde883e899223baa5dcc21a8c3b0e92e1a2f687646840590ae411b51,4096,0,8,4088,0x0:0x4;0xC:0x1000,,candidate_spans_and_remaining_bytes_are_not_proven_code_data_classification
8017A000-aae5c6d3927951381ed81654be093289b3f8808b3cf1b1ad79670042af540403,4096,0,8,4088,0x0:0x4;0xC:0x1000,,candidate_spans_and_remaining_bytes_are_not_proven_code_data_classification
8017A000-ab3b9d8ac4f35cd1768d618e10419f7abf664e5f1d54eb81288dfdaaf03f617e,4096,0,8,4088,0x0:0x4;0xC:0x1000,,candidate_spans_and_remaining_bytes_are_not_proven_code_data_classification
8017A000-aba2e8c687a00d74cb7e968d6f7f075d7605fddb372d4f0bf9d3fd2b29c7c1e8,4096,0,8,4088,0x0:0x4;0xC:0x1000,,candidate_spans_and_remaining_bytes_are_not_proven_code_data_classification
8017A000-ad80c4b0651f297ab3ece4f69f4cc994a252e91ddbadc8c39a3f28ed19c82925,4096,0,8,4088,0x0:0x4;0xC:0x1000,,candidate_spans_and_remaining_bytes_are_not_proven_code_data_classification
8017A000-ad9aaab0d6cadf9b147afcdded9f41a1c103d8009139e909d8563ed7ad922d18,4096,0,8,4088,0x0:0x4;0xC:0x1000,,candidate_spans_and_remaining_bytes_are_not_proven_code_data_classification
8017A000-adb2062e1956e08b7a8bca11971d48f9676250684c209b4811e49203115b8a4c,4096,0,8,4088,0x0:0x4;0xC:0x1000,,candidate_spans_and_remaining_bytes_are_not_proven_code_data_classification
8017A000-af5c03306ac5639ee38cafb353a044b40f8e0acaab36b8ff5c977371ee8053f8,4096,0,8,4088,0x0:0x4;0xC:0x1000,,candidate_spans_and_remaining_bytes_are_not_proven_code_data_classification
8017A000-af5f987526ab5b53e2ef288866c2395fa75292a8e5067eee8a8a6660bdbf7161,4096,0,8,4088,0x0:0x4;0xC:0x1000,,candidate_spans_and_remaining_bytes_are_not_proven_code_data_classification
8017A000-afe37a2c85b9688a3d5d20f17f101945021eef42915548e4c2831c83158b67c7,4096,0,8,4088,0x0:0x4;0xC:0x1000,,candidate_spans_and_remaining_bytes_are_not_proven_code_data_classification
8017A000-b03fdb2b06645cfe73a64bff8dacfe04bdc64ddddbc4929873295e45de364300,4096,0,8,4088,0x0:0x4;0xC:0x1000,,candidate_spans_and_remaining_bytes_are_not_proven_code_data_classification
8017A000-b080e58ba7195855c5fbde32c394a4ca456413f43009b4ec569f673a2aa54876,4096,0,8,4088,0x0:0x4;0xC:0x1000,,candidate_spans_and_remaining_bytes_are_not_proven_code_data_classification
8017A000-b0c37d86b942a51161538efbe1824f8c6c7a7331db4682ba713af1514a71d568,4096,0,8,4088,0x0:0x4;0xC:0x1000,,candidate_spans_and_remaining_bytes_are_not_proven_code_data_classification
8017A000-b14d2c9fcbfaf042310418f68f9d702c241e1bd9a8bb48073a490352e44563bd,4096,0,8,4088,0x0:0x4;0xC:0x1000,,candidate_spans_and_remaining_bytes_are_not_proven_code_data_classification
8017A000-b15ea84c66ff133ad9fbb9929e7f289c0d100b79581cded89fdbe3cb60e2bfc3,4096,0,8,4088,0x0:0x4;0xC:0x1000,,candidate_spans_and_remaining_bytes_are_not_proven_code_data_classification
8017A000-b28964f5cd7a4e85dbe61973d780f13546337e6856c3379fb62998d8be244ae5,4096,0,8,4088,0x0:0x4;0xC:0x1000,,candidate_spans_and_remaining_bytes_are_not_proven_code_data_classification
8017A000-b2d2e0acb5f06524c280a92a6be50cf0af02f5afd07eeb27e0236f6336ced6df,4096,0,8,4088,0x0:0x4;0xC:0x1000,,candidate_spans_and_remaining_bytes_are_not_proven_code_data_classification
8017A000-b2f1fabc52cef356f936eef581b2338840a9a61a23253749535e112c21966921,4096,0,8,4088,0x0:0x4;0xC:0x1000,,candidate_spans_and_remaining_bytes_are_not_proven_code_data_classification
8017A000-b31d270ef128d23aa0cb59e0da93846d3fe0a8b40a470ca59ea25a055a6ddd54,4096,0,8,4088,0x0:0x4;0xC:0x1000,,candidate_spans_and_remaining_bytes_are_not_proven_code_data_classification
8017A000-b3282e47a7c09728cd8acccdc5349b637323e501b6f59ec6a094260ddba7dc01,4096,0,8,4088,0x0:0x4;0xC:0x1000,,candidate_spans_and_remaining_bytes_are_not_proven_code_data_classification
8017A000-b382e54a0e182036b503cb5b67095f3b4d71dff4e3719415b816c6e52b82ec37,4096,0,8,4088,0x0:0x4;0xC:0x1000,,candidate_spans_and_remaining_bytes_are_not_proven_code_data_classification
8017A000-b3b4e5449063f117e8f9bce36c7412572d2c95c91a2429c6921aafd8eaefb6d9,4096,0,8,4088,0x0:0x4;0xC:0x1000,,candidate_spans_and_remaining_bytes_are_not_proven_code_data_classification
8017A000-b40a2cbf7910e6f819b928f7d114e4d706053d709df27d009c4c15a79363f7e5,4096,0,8,4088,0x0:0x4;0xC:0x1000,,candidate_spans_and_remaining_bytes_are_not_proven_code_data_classification
8017A000-b41e186e7af41b153607e21aee190e2f8723a904006437f293b5af3483ffddca,4096,0,8,4088,0x0:0x4;0xC:0x1000,,candidate_spans_and_remaining_bytes_are_not_proven_code_data_classification
8017A000-b47ae49ca12cab348c591d64f8c3c53d87d1c688dc7c764c21d3eabf9b451ef7,4096,0,8,4088,0x0:0x4;0xC:0x1000,,candidate_spans_and_remaining_bytes_are_not_proven_code_data_classification
8017A000-b49e2bee1d408fdc28842d66215addee9ba1cd6623622c12916110f52e20c782,4096,0,8,4088,0x0:0x4;0xC:0x1000,,candidate_spans_and_remaining_bytes_are_not_proven_code_data_classification
8017A000-b5034bfe8dec84ae28eaa204a961cf65c604d12508194dfcc08c3d9626c1200b,4096,0,8,4088,0x0:0x4;0xC:0x1000,,candidate_spans_and_remaining_bytes_are_not_proven_code_data_classification
8017A000-b57deffd0f7237dbc9de8764342176e74bbb05bbbc46d63e90aa217fda7b6664,4096,0,8,4088,0x0:0x4;0xC:0x1000,,candidate_spans_and_remaining_bytes_are_not_proven_code_data_classification
8017A000-b584cfbb6bd84d310826ea785c899cc7293eeca0244c723141640e13de758446,4096,0,216,3880,0x0:0x4;0xDC:0x1000,,candidate_spans_and_remaining_bytes_are_not_proven_code_data_classification
8017A000-b67bc5cb0616311d21a78685af3167f0bc5fd129a078ed7bb83349f85d972948,4096,0,8,4088,0x0:0x4;0xC:0x1000,,candidate_spans_and_remaining_bytes_are_not_proven_code_data_classification
8017A000-b6df84ccef9eeb1ac38ec69a6f304aac515c5647feb40045e7ff7f456cc91757,4096,0,8,4088,0x0:0x4;0xC:0x1000,,candidate_spans_and_remaining_bytes_are_not_proven_code_data_classification
8017A000-b6fee670cdb4a35771b98c2223a735f7ff05c7b41f29c5e6e465b03e86d02abd,4096,0,8,4088,0x0:0x4;0xC:0x1000,,candidate_spans_and_remaining_bytes_are_not_proven_code_data_classification
8017A000-b71d8739d4f50ed19e6793e8d42c152ee91f4808e3e70f16fd71398606344c66,4096,0,8,4088,0x0:0x4;0xC:0x1000,,candidate_spans_and_remaining_bytes_are_not_proven_code_data_classification
8017A000-b8ee99ecfec7b012fba4ccad2cd8fe3efdac48f727d485ab9cd790a929e7dc80,4096,0,8,4088,0x0:0x4;0xC:0x1000,,candidate_spans_and_remaining_bytes_are_not_proven_code_data_classification
8017A000-b8fdd2d4616cafdd8c4fa2e874f2f67449b3ee8adebda54109f1f838a427a0fc,4096,0,8,4088,0x0:0x4;0xC:0x1000,,candidate_spans_and_remaining_bytes_are_not_proven_code_data_classification
8017A000-b95fdf4359ae513a055f34b1ea06ed459fc1889b7a8c24cb7e87d69b1127b453,4096,0,8,4088,0x0:0x4;0xC:0x1000,,candidate_spans_and_remaining_bytes_are_not_proven_code_data_classification
8017A000-ba002264671634beba51ce1de0ac8be21819e5f29e0613ce1170844637f5848d,4096,0,8,4088,0x0:0x4;0xC:0x1000,,candidate_spans_and_remaining_bytes_are_not_proven_code_data_classification
8017A000-ba0b2818aa37f7ca33bd59bc3ce8ed145a29193003b552b07d1359ff302cc131,4096,0,8,4088,0x0:0x4;0xC:0x1000,,candidate_spans_and_remaining_bytes_are_not_proven_code_data_classification
8017A000-bab9bee38072f3cd6148b9f442fbabb7b39e53adfdb1f6239d4ce41000b0c3f0,4096,0,8,4088,0x0:0x4;0xC:0x1000,,candidate_spans_and_remaining_bytes_are_not_proven_code_data_classification
8017A000-bb094875d75a8d5e34495d9930800c32be45a70def71e2ba99028c94715f686d,4096,0,8,4088,0x0:0x4;0xC:0x1000,,candidate_spans_and_remaining_bytes_are_not_proven_code_data_classification
8017A000-bb16ace1e1cad645364749cd36b955e13285d0c9df6f669782fbd73f61245f24,4096,0,8,4088,0x0:0x4;0xC:0x1000,,candidate_spans_and_remaining_bytes_are_not_proven_code_data_classification
8017A000-bc1aa4dfba2147d5cd56987a4c48a11acbd88e1e13a0cc27973fa5721eb6ca39,4096,0,8,4088,0x0:0x4;0xC:0x1000,,candidate_spans_and_remaining_bytes_are_not_proven_code_data_classification
8017A000-bc56b78645457fad006e7173e5bca58dc46c409187a59668003e0ac4df7f7701,4096,0,8,4088,0x0:0x4;0xC:0x1000,,candidate_spans_and_remaining_bytes_are_not_proven_code_data_classification
8017A000-bc764353c033f6f7d99123d98359035a4ec65000c3c5cad4bc215d22771e21b1,4096,0,8,4088,0x0:0x4;0xC:0x1000,,candidate_spans_and_remaining_bytes_are_not_proven_code_data_classification
8017A000-bd7095e30511963648bb54a102f1f3557958a963b29179fb40b689c42b2dcb4e,4096,0,8,4088,0x0:0x4;0xC:0x1000,,candidate_spans_and_remaining_bytes_are_not_proven_code_data_classification
8017A000-bdb59d965e7d9d1948ad18bdc1a2360c7e1f7cc9def19e58f09446d04a46bccb,4096,0,8,4088,0x0:0x4;0xC:0x1000,,candidate_spans_and_remaining_bytes_are_not_proven_code_data_classification
8017A000-bdd98a6dfe8b5448c79b0f36844273009067c62ac930d8b4d1ed14f41c986e39,4096,0,8,4088,0x0:0x4;0xC:0x1000,,candidate_spans_and_remaining_bytes_are_not_proven_code_data_classification
8017A000-beb7063bd3c69ad8150d4ccb6cca8cd40024db26aedb0f11e2ff7eb95ebeb89e,4096,0,8,4088,0x0:0x4;0xC:0x1000,,candidate_spans_and_remaining_bytes_are_not_proven_code_data_classification
8017A000-c03057f2adafac4d19b9936fa098920b263d68e4cf2d70cfa650c8ef58390109,4096,0,8,4088,0x0:0x4;0xC:0x1000,,candidate_spans_and_remaining_bytes_are_not_proven_code_data_classification
8017A000-c068c7f4a362e1b4d6bea542bab2975c240a44fca6aa1a29fef4e77f3fc3b272,4096,0,8,4088,0x0:0x4;0xC:0x1000,,candidate_spans_and_remaining_bytes_are_not_proven_code_data_classification
8017A000-c06d4aac993bbe8f34ea48273255426d4d2d6b10d8eb7a22b1feb440f3238f77,4096,0,8,4088,0x0:0x4;0xC:0x1000,,candidate_spans_and_remaining_bytes_are_not_proven_code_data_classification
8017A000-c08651e6871ac6c66b24e15b6988977baa40a258cd4c9aef4a170e7b57308e79,4096,0,8,4088,0x0:0x4;0xC:0x1000,,candidate_spans_and_remaining_bytes_are_not_proven_code_data_classification
8017A000-c091b05beb826e8573fa127cea19a33251f6994422dececf41facc8a87eaa571,4096,0,8,4088,0x0:0x4;0xC:0x1000,,candidate_spans_and_remaining_bytes_are_not_proven_code_data_classification
8017A000-c0a153dea6a99339efbda9572ec0700768cda8eff120fcd5183d19f16b51991a,4096,0,8,4088,0x0:0x4;0xC:0x1000,,candidate_spans_and_remaining_bytes_are_not_proven_code_data_classification
8017A000-c1610889e5ff90ace406f433ebaafb272d3ea12fd3b06d2f3abc6711b81c0cf4,4096,0,8,4088,0x0:0x4;0xC:0x1000,,candidate_spans_and_remaining_bytes_are_not_proven_code_data_classification
8017A000-c31326b8ea4712e7239675cd12fc18beec1d7ec24037eb5ba30ddeb948a95662,4096,0,8,4088,0x0:0x4;0xC:0x1000,,candidate_spans_and_remaining_bytes_are_not_proven_code_data_classification
8017A000-c345ee50634ae6937ca9a604594bd09f9b72bb1eba999445db7113846ea3196f,4096,0,8,4088,0x0:0x4;0xC:0x1000,,candidate_spans_and_remaining_bytes_are_not_proven_code_data_classification
8017A000-c37a321a37365bda0590713b02ad07aac11575e5318872902bd0ad34f19fd961,4096,0,8,4088,0x0:0x4;0xC:0x1000,,candidate_spans_and_remaining_bytes_are_not_proven_code_data_classification
8017A000-c46f913b21e1c3ed902bf69f9101ad1231c7b98d38afdfd91559b38f37ba50d0,4096,0,8,4088,0x0:0x4;0xC:0x1000,,candidate_spans_and_remaining_bytes_are_not_proven_code_data_classification
8017A000-c49d312b99842f28a31bb53a12c42a18dd4a38e4efa2232a53e3b74efcb4e2a3,4096,0,8,4088,0x0:0x4;0xC:0x1000,,candidate_spans_and_remaining_bytes_are_not_proven_code_data_classification
8017A000-c4b92ff4b4634d83f9307353416d37066d0fc3c739a14340bbf64d99e1f6bf74,4096,0,8,4088,0x0:0x4;0xC:0x1000,,candidate_spans_and_remaining_bytes_are_not_proven_code_data_classification
8017A000-c4ece0a244829c91c86a87395299c2b2c30f867ca4f8df696ac62eec509f40ac,4096,0,8,4088,0x0:0x4;0xC:0x1000,,candidate_spans_and_remaining_bytes_are_not_proven_code_data_classification
8017A000-c52e6cafd1d2a1c48954f42f4966b93e4f14895fba3c48c8bd509967f0cedf0f,4096,0,2564,1532,0x0:0x4;0xA08:0x1000,,candidate_spans_and_remaining_bytes_are_not_proven_code_data_classification
8017A000-c63ff5291fe5c598cb20ef387ab9552bf8dd3db4875b0a5eafc1422b0d629574,4096,0,8,4088,0x0:0x4;0xC:0x1000,,candidate_spans_and_remaining_bytes_are_not_proven_code_data_classification
8017A000-c6aa2301bcf5cf6bc3f80c1cb2898cb72d59585eebf254358c01c12e807d4373,4096,0,8,4088,0x0:0x4;0xC:0x1000,,candidate_spans_and_remaining_bytes_are_not_proven_code_data_classification
8017A000-c778d2f54b8726d549184a18a1e35db001660eb114a337794a10e9faac2fa6a1,4096,0,8,4088,0x0:0x4;0xC:0x1000,,candidate_spans_and_remaining_bytes_are_not_proven_code_data_classification
8017A000-c7b9acdec1d1a759cfe7343ae694714981bb7680271f0dee3eaf497c649269e4,4096,0,8,4088,0x0:0x4;0xC:0x1000,,candidate_spans_and_remaining_bytes_are_not_proven_code_data_classification
8017A000-c7e1811f20148f98392bdcfadc9539f94c9308cd1ad4603c845acd07fe8f1ead,4096,0,8,4088,0x0:0x4;0xC:0x1000,,candidate_spans_and_remaining_bytes_are_not_proven_code_data_classification
8017A000-c7f9c6e627a1fd64aa67c71e916c856720b231fd7adef056b50212127c859133,4096,0,8,4088,0x0:0x4;0xC:0x1000,,candidate_spans_and_remaining_bytes_are_not_proven_code_data_classification
8017A000-ca191e3dbba59bfb4f2d1ad009ba7f52d70e4d08150bfa4d6b15a9e2e572a26b,4096,0,8,4088,0x0:0x4;0xC:0x1000,,candidate_spans_and_remaining_bytes_are_not_proven_code_data_classification
8017A000-ca1fe120dd3eda2476e0ae71a8798c768d16ada02596dbce5b10b57a605659f8,4096,0,8,4088,0x0:0x4;0xC:0x1000,,candidate_spans_and_remaining_bytes_are_not_proven_code_data_classification
8017A000-ca7f25ecc1fc766b240b8387804c91c83a59dd38b438a741b97b9af730964b71,4096,0,8,4088,0x0:0x4;0xC:0x1000,,candidate_spans_and_remaining_bytes_are_not_proven_code_data_classification
8017A000-cac03d089f05d6013b4da7c0ea97a1fbb12a891727a646f954c9351fb6e44d1c,4096,0,8,4088,0x0:0x4;0xC:0x1000,,candidate_spans_and_remaining_bytes_are_not_proven_code_data_classification
8017A000-cac1bee16eeb3eabf14b836f6413fbd0c816689cd15615bcf960973978ecfedb,4096,0,8,4088,0x0:0x4;0xC:0x1000,,candidate_spans_and_remaining_bytes_are_not_proven_code_data_classification
8017A000-caf6cfda279676eac025856e05ebfd6fb4fe22aa69844f36e8c6efa20f0753f5,4096,0,8,4088,0x0:0x4;0xC:0x1000,,candidate_spans_and_remaining_bytes_are_not_proven_code_data_classification
8017A000-cb2f5a9677e76bdf69860ff342bf7f8d6e9b282632f70ec1faa7d868d5056edd,4096,0,8,4088,0x0:0x4;0xC:0x1000,0xD04,candidate_spans_and_remaining_bytes_are_not_proven_code_data_classification
8017A000-cb807536cd4b329aebfd481dccab2ff2a049115f882534c7b6b838f4ff76aa7f,4096,0,8,4088,0x0:0x4;0xC:0x1000,,candidate_spans_and_remaining_bytes_are_not_proven_code_data_classification
8017A000-cd0cd7811dccdb2ec05171a0b4b62a88ef6f165438c896e34b8a47e3785528d2,4096,0,8,4088,0x0:0x4;0xC:0x1000,,candidate_spans_and_remaining_bytes_are_not_proven_code_data_classification
8017A000-cd21dff6d14a1f443d10d29a31027969caf80dad77b193323897070fb20941ea,4096,0,8,4088,0x0:0x4;0xC:0x1000,,candidate_spans_and_remaining_bytes_are_not_proven_code_data_classification
8017A000-cd6a0779629f8c4093f5702c814abbb81422d9b810d86365bc545bfc3f456253,4096,0,8,4088,0x0:0x4;0xC:0x1000,,candidate_spans_and_remaining_bytes_are_not_proven_code_data_classification
8017A000-cd721f1f76ff2dde87edaca06b16e88c37fb62864b394d027f0b66af5a05b762,4096,0,8,4088,0x0:0x4;0xC:0x1000,,candidate_spans_and_remaining_bytes_are_not_proven_code_data_classification
8017A000-ce56b352b424b3f23bdc34159e67a1fd173214874251d4d401b29dada7cfd797,4096,0,8,4088,0x0:0x4;0xC:0x1000,,candidate_spans_and_remaining_bytes_are_not_proven_code_data_classification
8017A000-ce575c3bded862d15085364935d20da3fe0bae0bd00b653f05156028f5cfeb66,4096,0,8,4088,0x0:0x4;0xC:0x1000,,candidate_spans_and_remaining_bytes_are_not_proven_code_data_classification
8017A000-cf830cf598d0c6f6302156372dca2b7c84913c19950758b95c0aab43904515ef,4096,0,8,4088,0x0:0x4;0xC:0x1000,,candidate_spans_and_remaining_bytes_are_not_proven_code_data_classification
8017A000-cf9b4b97e640d4758125669cf77d41848f6f200b97672d887cdd25bcdca8c6fa,4096,0,8,4088,0x0:0x4;0xC:0x1000,,candidate_spans_and_remaining_bytes_are_not_proven_code_data_classification
8017A000-cfa2a838c78dc815ec0edf9d1cae5fdbc35fc9a451a20f5c5a5a3d5281e0bfd6,4096,0,8,4088,0x0:0x4;0xC:0x1000,,candidate_spans_and_remaining_bytes_are_not_proven_code_data_classification
8017A000-cfaa6cd28dd3138cd041075b094b1f731883240e9cbc97556ebaf4e60dc5f513,4096,0,8,4088,0x0:0x4;0xC:0x1000,,candidate_spans_and_remaining_bytes_are_not_proven_code_data_classification
8017A000-cffe3f6a7853333b670dafc90117eddde746c8673e248e2d5e68f1501b8ba108,4096,0,8,4088,0x0:0x4;0xC:0x1000,,candidate_spans_and_remaining_bytes_are_not_proven_code_data_classification
8017A000-d0b761c6a0513108fea1f0d0255bed8a0e13a444469a0185b5e74261c4c399df,4096,0,8,4088,0x0:0x4;0xC:0x1000,,candidate_spans_and_remaining_bytes_are_not_proven_code_data_classification
8017A000-d1499ce41bc888fc1c21846fd64eb43b43ac1a5c94b49506263ab8c3ffb7c7d9,4096,0,8,4088,0x0:0x4;0xC:0x1000,,candidate_spans_and_remaining_bytes_are_not_proven_code_data_classification
8017A000-d1adcc73d5c117968a1ff9ac5ff5be8ad6e3c2687682f102abc1a5f272219d30,4096,0,8,4088,0x0:0x4;0xC:0x1000,,candidate_spans_and_remaining_bytes_are_not_proven_code_data_classification
8017A000-d2378280de201e74a49da50782a021e663f8a5d554f5d9f87ca76b3e31613626,4096,0,8,4088,0x0:0x4;0xC:0x1000,,candidate_spans_and_remaining_bytes_are_not_proven_code_data_classification
8017A000-d287ba28da5e735fac86922201f82a0403a817d0c6d31e2e92909750fe2aa6c8,4096,0,8,4088,0x0:0x4;0xC:0x1000,,candidate_spans_and_remaining_bytes_are_not_proven_code_data_classification
8017A000-d30b0c001cef97660653c2a2f0d1fcbc2ca008e49f957f83ed22e42a32cb3c5f,4096,0,8,4088,0x0:0x4;0xC:0x1000,,candidate_spans_and_remaining_bytes_are_not_proven_code_data_classification
8017A000-d315a9146a2a6388fc20e6ae7a8fb38d78fe11c0ad3fe3f95f8eb91441c33531,4096,0,8,4088,0x0:0x4;0xC:0x1000,,candidate_spans_and_remaining_bytes_are_not_proven_code_data_classification
8017A000-d343e7fe01a6fa9d1b3844cb7d29b10f88eda9c3b59d209227fdaac084b1cf17,4096,0,8,4088,0x0:0x4;0xC:0x1000,,candidate_spans_and_remaining_bytes_are_not_proven_code_data_classification
8017A000-d351c734043bd667cb22775db543036c619c30648dc01cae7240d06fe07d93e6,4096,0,8,4088,0x0:0x4;0xC:0x1000,,candidate_spans_and_remaining_bytes_are_not_proven_code_data_classification
8017A000-d390dca90f04e2d1c350f854eec49146489b5248b8c91a8c09a178c2fae8605a,4096,0,8,4088,0x0:0x4;0xC:0x1000,,candidate_spans_and_remaining_bytes_are_not_proven_code_data_classification
8017A000-d3aea779cef13aa63be365c6dc54a5531543ebb359a9819de756fee5ddf7c3af,4096,0,8,4088,0x0:0x4;0xC:0x1000,,candidate_spans_and_remaining_bytes_are_not_proven_code_data_classification
8017A000-d45c67e72c66881e5fcaed580480ae0010bdb35c40d12f92ebd4c13765eb1efc,4096,0,8,4088,0x0:0x4;0xC:0x1000,,candidate_spans_and_remaining_bytes_are_not_proven_code_data_classification
8017A000-d54715adaf13f5189c549bd7e9e72e7542701715604bd597dc62189820fbdbb3,4096,0,8,4088,0x0:0x4;0xC:0x1000,,candidate_spans_and_remaining_bytes_are_not_proven_code_data_classification
8017A000-d5b4455bd62b4dd4f94666427dc4db04ff5dbd210cd520426c7aba849778b088,4096,0,8,4088,0x0:0x4;0xC:0x1000,,candidate_spans_and_remaining_bytes_are_not_proven_code_data_classification
8017A000-d5d0383c77669a12868954eb2de7e1ab9e2c3cf52be486f7c83cd5674a6e5276,4096,0,8,4088,0x0:0x4;0xC:0x1000,,candidate_spans_and_remaining_bytes_are_not_proven_code_data_classification
8017A000-d66b3c5fa4e24dd8a1eeaab294fde49f390cf677138429a6523e9c69876792c0,4096,0,8,4088,0x0:0x4;0xC:0x1000,,candidate_spans_and_remaining_bytes_are_not_proven_code_data_classification
8017A000-d6c4c88fb3d59d2024a57654ad1341420b96da241cc22a55256998eb804afa69,4096,0,8,4088,0x0:0x4;0xC:0x1000,,candidate_spans_and_remaining_bytes_are_not_proven_code_data_classification
8017A000-d8dcf451a9d1ee323ca90746ac131293d8cd7f239da013f7136068fd2ad19f7e,4096,0,8,4088,0x0:0x4;0xC:0x1000,0xAA0,candidate_spans_and_remaining_bytes_are_not_proven_code_data_classification
8017A000-da795d0f225e06ce719735885aa7c4cb54bd918b5a577a7e4c9832065f5a588f,4096,0,8,4088,0x0:0x4;0xC:0x1000,,candidate_spans_and_remaining_bytes_are_not_proven_code_data_classification
8017A000-da7ab03d9513a4aa3438cf5045730ec4b7bafe7e271cfc86fd95f668dd81ac03,4096,0,8,4088,0x0:0x4;0xC:0x1000,,candidate_spans_and_remaining_bytes_are_not_proven_code_data_classification
8017A000-dae7bd59cf63b8d534128d0d053c6719b10d27b9b0de21ed4c250c541f6530a5,4096,0,8,4088,0x0:0x4;0xC:0x1000,,candidate_spans_and_remaining_bytes_are_not_proven_code_data_classification
8017A000-dc1e40ba562bfc991276023e73aeea4312cf48f09830c66fb33df85b393e1b17,4096,0,8,4088,0x0:0x4;0xC:0x1000,,candidate_spans_and_remaining_bytes_are_not_proven_code_data_classification
8017A000-dc97291b7dd2d5d41bb94d0e28eddc82e71ec81d77f8965e1e67436dc5752255,4096,0,8,4088,0x0:0x4;0xC:0x1000,,candidate_spans_and_remaining_bytes_are_not_proven_code_data_classification
8017A000-dcfff647b33235f89ad3a5f9531acb1766616f6dbe11e921957b56eb51f02f2b,4096,0,8,4088,0x0:0x4;0xC:0x1000,,candidate_spans_and_remaining_bytes_are_not_proven_code_data_classification
8017A000-dd072ae4eb0f21b6e58d434226a56a1ab7c2eac15409cd2213ba5a194542a405,4096,0,8,4088,0x0:0x4;0xC:0x1000,,candidate_spans_and_remaining_bytes_are_not_proven_code_data_classification
8017A000-dd65e1a4bdcf733f6459e9b72e528ee1eaaf14d7a7259405190c052298bcf920,4096,0,8,4088,0x0:0x4;0xC:0x1000,,candidate_spans_and_remaining_bytes_are_not_proven_code_data_classification
8017A000-dd7c4539c0485cd43f3d990597adf5da4d92b1884109ef92043327d3ea3e4efd,4096,0,8,4088,0x0:0x4;0xC:0x1000,,candidate_spans_and_remaining_bytes_are_not_proven_code_data_classification
8017A000-dd8954b157dc54fc026400d0ff37245b1776884ee1c3d66a51365bf9c57ac2c6,4096,0,8,4088,0x0:0x4;0xC:0x1000,,candidate_spans_and_remaining_bytes_are_not_proven_code_data_classification
8017A000-dddc16e7aa2d86c3c7ac4dfe701d4e258611cd411aceaea19d3f16824c5312b1,4096,0,8,4088,0x0:0x4;0xC:0x1000,,candidate_spans_and_remaining_bytes_are_not_proven_code_data_classification
8017A000-de0e88c9ac8983cf1a6f1b363ba74bdae0ebdef043dd88048e802ce9c631dfd9,4096,0,8,4088,0x0:0x4;0xC:0x1000,,candidate_spans_and_remaining_bytes_are_not_proven_code_data_classification
8017A000-de29507d81688497cb8dfb994f4a89cd6b9d05d319dfa9e27133a845026da1ba,4096,0,8,4088,0x0:0x4;0xC:0x1000,,candidate_spans_and_remaining_bytes_are_not_proven_code_data_classification
8017A000-de9d25800688ba30555c72dfe494d1f4dabfbef5123a2c473356b8bb7f9d0f45,4096,0,8,4088,0x0:0x4;0xC:0x1000,,candidate_spans_and_remaining_bytes_are_not_proven_code_data_classification
8017A000-df663dfb0dce8036ed6ae0965908d31245381006db1045d143083f812b6700d3,4096,0,8,4088,0x0:0x4;0xC:0x1000,,candidate_spans_and_remaining_bytes_are_not_proven_code_data_classification
8017A000-df86e2b002d89ec31e5fa748510d2418350852729eeb41f2cca33e9e051a40cb,4096,0,8,4088,0x0:0x4;0xC:0x1000,,candidate_spans_and_remaining_bytes_are_not_proven_code_data_classification
8017A000-df91abf9ab5c63f3de55410be312208245c374c7e2c85eb6ba7f4f0a398fc449,4096,0,8,4088,0x0:0x4;0xC:0x1000,,candidate_spans_and_remaining_bytes_are_not_proven_code_data_classification
8017A000-e0c02f0221d2b52fc31c22933d233ef1045d24e0e3db9496d9fbfb1d34bca0cd,4096,0,8,4088,0x0:0x4;0xC:0x1000,,candidate_spans_and_remaining_bytes_are_not_proven_code_data_classification
8017A000-e1c19f7a278c4de5b1487b888b3352f09819ca546dd8d9c8a984e985d752a9e6,4096,0,8,4088,0x0:0x4;0xC:0x1000,,candidate_spans_and_remaining_bytes_are_not_proven_code_data_classification
8017A000-e250fdfe0239d2589e79b287bef651a2640f8ceb0132a6efcfde4a2288289e2b,4096,0,8,4088,0x0:0x4;0xC:0x1000,,candidate_spans_and_remaining_bytes_are_not_proven_code_data_classification
8017A000-e29b16ff4fe4386a03fe1ae2411e4693e806b5a9c11dd415b82a1c6894ee6948,4096,0,8,4088,0x0:0x4;0xC:0x1000,,candidate_spans_and_remaining_bytes_are_not_proven_code_data_classification
8017A000-e2a9adf720d7b73567143977761e34ee9c7abd1739fb213fc0b2e38b3425713d,4096,0,8,4088,0x0:0x4;0xC:0x1000,,candidate_spans_and_remaining_bytes_are_not_proven_code_data_classification
8017A000-e2b7652900b38c479edfa07bd5262a67503f69b2a46ed4351ff95eebcbaad10b,4096,0,8,4088,0x0:0x4;0xC:0x1000,,candidate_spans_and_remaining_bytes_are_not_proven_code_data_classification
8017A000-e2c3b720b6f664ebde7d3dc02f8a5226aea0f28887b4dc178d20cc874c22b4c4,4096,0,8,4088,0x0:0x4;0xC:0x1000,,candidate_spans_and_remaining_bytes_are_not_proven_code_data_classification
8017A000-e311ef407efadf3e81ab9a10dc6d4a84c89b8836118453ca4681a40471e99b3a,4096,0,8,4088,0x0:0x4;0xC:0x1000,,candidate_spans_and_remaining_bytes_are_not_proven_code_data_classification
8017A000-e3865e541fc528ac1126037f97bd37dbc3ef2c098bc73d2e26a6915ef0066b48,4096,0,164,3932,0x0:0x4;0xC:0x140;0x1DC:0x1000,0x138,candidate_spans_and_remaining_bytes_are_not_proven_code_data_classification
8017A000-e395a1e8429c43c8f204f9b4ab42e8f17a58584a42fbce8fad2723beb51fb488,4096,0,8,4088,0x0:0x4;0xC:0x1000,,candidate_spans_and_remaining_bytes_are_not_proven_code_data_classification
8017A000-e3e767e9f27a8a546157392d05de9dbe4cc3ba8b0812f31984c8f5c25f02624b,4096,0,8,4088,0x0:0x4;0xC:0x1000,,candidate_spans_and_remaining_bytes_are_not_proven_code_data_classification
8017A000-e45553f72bb5e76285603fa915c496f2fe8bfa649e85189c8ade812febf88898,4096,0,8,4088,0x0:0x4;0xC:0x1000,,candidate_spans_and_remaining_bytes_are_not_proven_code_data_classification
8017A000-e45a30d8b6e35de99418a5fe339f20c8e16889d9678d1d2187f31b6e469cc452,4096,0,8,4088,0x0:0x4;0xC:0x1000,,candidate_spans_and_remaining_bytes_are_not_proven_code_data_classification
8017A000-e58ffdd940fa80e53bd4a5bd7b8d78c5e4d63d26805f34762b39b5b0d3fb958f,4096,0,8,4088,0x0:0x4;0xC:0x1000,,candidate_spans_and_remaining_bytes_are_not_proven_code_data_classification
8017A000-e594255c9d391b9ee21bc6c7685e0d75203c09a6774663f119f67085f4fcab8f,4096,0,8,4088,0x0:0x4;0xC:0x1000,,candidate_spans_and_remaining_bytes_are_not_proven_code_data_classification
8017A000-e5ec6f6ffa5470bb69a73811e92d6663497be2baad3fe0b55245ff0cc2237f7a,4096,0,8,4088,0x0:0x4;0xC:0x1000,,candidate_spans_and_remaining_bytes_are_not_proven_code_data_classification
8017A000-e64919826af60268f4f68f6aec12e7434c198af971556ceef6d76ad17fd0fdf5,4096,0,8,4088,0x0:0x4;0xC:0x1000,,candidate_spans_and_remaining_bytes_are_not_proven_code_data_classification
8017A000-e96a6695be25f835dde81614dfeb81c5bb14110d1b5a6739bfd0b905f3a725ee,4096,0,8,4088,0x0:0x4;0xC:0x1000,,candidate_spans_and_remaining_bytes_are_not_proven_code_data_classification
8017A000-e9d0eca19853f3c06029f6f0b532199ba986f262c3508b34facd14d1d1a8e92e,4096,0,8,4088,0x0:0x4;0xC:0x1000,,candidate_spans_and_remaining_bytes_are_not_proven_code_data_classification
8017A000-e9dfb3ea4ffb109a9ed58cf91db0dd5b38d0f0ec9d6eaa1b9576afbb6775d70f,4096,0,8,4088,0x0:0x4;0xC:0x1000,,candidate_spans_and_remaining_bytes_are_not_proven_code_data_classification
8017A000-e9fdb914d7d59816a56bd1cad549c5abec9bb929c9d30e6d06f74a0a1f62cb7a,4096,0,8,4088,0x0:0x4;0xC:0x1000,,candidate_spans_and_remaining_bytes_are_not_proven_code_data_classification
8017A000-ea1b667ee71f34ceb3134574cd3ade93996edc4b9c1d4db306748f5ed0d8cef3,4096,0,8,4088,0x0:0x4;0xC:0x1000,,candidate_spans_and_remaining_bytes_are_not_proven_code_data_classification
8017A000-eacc32ba899febace770b6d4224232cbfa65c625e3797eff84f42f47742e5728,4096,0,8,4088,0x0:0x4;0xC:0x1000,,candidate_spans_and_remaining_bytes_are_not_proven_code_data_classification
8017A000-ecf96150bd9bdef5fa66cee1fc86531fd287f584305d815e92dabb97adcdbe0c,4096,0,8,4088,0x0:0x4;0xC:0x1000,,candidate_spans_and_remaining_bytes_are_not_proven_code_data_classification
8017A000-ed0537bc72b7da779ee48c1272220f038323ed1591176f105683d976baca8843,4096,0,8,4088,0x0:0x4;0xC:0x1000,,candidate_spans_and_remaining_bytes_are_not_proven_code_data_classification
8017A000-ed4f817be7fa2dad4625561215fdc735a9dba34460cb1c2cdaecf731390c8031,4096,0,8,4088,0x0:0x4;0xC:0x1000,,candidate_spans_and_remaining_bytes_are_not_proven_code_data_classification
8017A000-ed7382903d971eceba1297bfe3e652e7085a6eb65ce8b07cc20cb5b04b85b584,4096,0,8,4088,0x0:0x4;0xC:0x1000,,candidate_spans_and_remaining_bytes_are_not_proven_code_data_classification
8017A000-ee3134e5b748edd8062c1d7006b296347278625584b3229a51c78d93b4170660,4096,0,8,4088,0x0:0x4;0xC:0x1000,,candidate_spans_and_remaining_bytes_are_not_proven_code_data_classification
8017A000-ee4cd928d3a629d916a81b65b9569f7cea0b78ccd14e3061dc38b04161b995df,4096,0,8,4088,0x0:0x4;0xC:0x1000,,candidate_spans_and_remaining_bytes_are_not_proven_code_data_classification
8017A000-ee4d4ba2cb0d9417f5295a21ae41eb1572f0b189761263aff8c9adcc23a4349c,4096,0,8,4088,0x0:0x4;0xC:0x1000,,candidate_spans_and_remaining_bytes_are_not_proven_code_data_classification
8017A000-eec778e699811a5f19d66d6abb86252f3e4dbc301a0cf689f2d7353e540516e7,4096,0,8,4088,0x0:0x4;0xC:0x1000,,candidate_spans_and_remaining_bytes_are_not_proven_code_data_classification
8017A000-efa9f8d05ef6417b1436f17ef947830a5a4fd9351d477b76eef883af018b927e,4096,0,8,4088,0x0:0x4;0xC:0x1000,,candidate_spans_and_remaining_bytes_are_not_proven_code_data_classification
8017A000-efb03d707d9637db9da8450ace936d4a803968a235e3ebce721abf00fb471402,4096,0,8,4088,0x0:0x4;0xC:0x1000,,candidate_spans_and_remaining_bytes_are_not_proven_code_data_classification
8017A000-f01d4d43d1782d29f70b5de79ecfd46783aefb68be94ee95c351163565d73286,4096,0,8,4088,0x0:0x4;0xC:0x1000,,candidate_spans_and_remaining_bytes_are_not_proven_code_data_classification
8017A000-f056bfc5cc127fc3e36cb269ae2195e4c1161a5d6259812f73e54f48ac0c1939,4096,0,8,4088,0x0:0x4;0xC:0x1000,,candidate_spans_and_remaining_bytes_are_not_proven_code_data_classification
8017A000-f05f59f0820e8e1101ac5283b6cd5d6c08dc7abce5c41113571724e9a8627d1d,4096,0,8,4088,0x0:0x4;0xC:0x1000,,candidate_spans_and_remaining_bytes_are_not_proven_code_data_classification
8017A000-f07221b35f2438437d4fac57132465d89b5a59611769736fbe7608bd942db5a3,4096,0,8,4088,0x0:0x4;0xC:0x1000,,candidate_spans_and_remaining_bytes_are_not_proven_code_data_classification
8017A000-f14e17e11a03d046c47c0a3d53b8aa26270f322fb425e79910cffa22b742e242,4096,0,8,4088,0x0:0x4;0xC:0x1000,,candidate_spans_and_remaining_bytes_are_not_proven_code_data_classification
8017A000-f19b4c3fd63a4115d04942b18b500146a975f732c384fbc51c1fc9fe1c2f6d14,4096,0,8,4088,0x0:0x4;0xC:0x1000,,candidate_spans_and_remaining_bytes_are_not_proven_code_data_classification
8017A000-f1ad81ebcfc6ab5b91d17e8196d2a568edfa12f10615b921be52e2fa66f4fc04,4096,0,8,4088,0x0:0x4;0xC:0x1000,,candidate_spans_and_remaining_bytes_are_not_proven_code_data_classification
8017A000-f1bc1b7b85d2ecc7762967e4730fad17fac4a0b7e1a65ba8b4625e6aaf31d21f,4096,0,8,4088,0x0:0x4;0xC:0x1000,,candidate_spans_and_remaining_bytes_are_not_proven_code_data_classification
8017A000-f1e2ff9ecc8f4ae2c402cef5e4f936b0e63cc77ab226be3aeb46d8ec985dffa2,4096,0,8,4088,0x0:0x4;0xC:0x1000,,candidate_spans_and_remaining_bytes_are_not_proven_code_data_classification
8017A000-f274b774261cd26802125fb2d55753116f84728a273a9492fb7352e1ce07fbd4,4096,0,8,4088,0x0:0x4;0xC:0x1000,,candidate_spans_and_remaining_bytes_are_not_proven_code_data_classification
8017A000-f296a8955e08cc695eea2d2bdfcb4875fd4f983895de7581d0745cab88ce8f31,4096,0,8,4088,0x0:0x4;0xC:0x1000,,candidate_spans_and_remaining_bytes_are_not_proven_code_data_classification
8017A000-f2f315fd4bac4ae08e4e5310cef6af797e616030a0f97378851b64c72059c81b,4096,0,8,4088,0x0:0x4;0xC:0x1000,,candidate_spans_and_remaining_bytes_are_not_proven_code_data_classification
8017A000-f335a83f2d2a25cad53624df0703ea2ae2d85900ae53cb68397b8e2af81324c8,4096,0,8,4088,0x0:0x4;0xC:0x1000,,candidate_spans_and_remaining_bytes_are_not_proven_code_data_classification
8017A000-f3caa4bc1a70dc3504b7f794dced5e8bb1d5191e0b244848dc7c7a68b3abaa6f,4096,0,8,4088,0x0:0x4;0xC:0x1000,,candidate_spans_and_remaining_bytes_are_not_proven_code_data_classification
8017A000-f5b2b22599aaf55d9a6b497936046e7e29f960fe3d3d61de9859eaac8ded9fce,4096,0,8,4088,0x0:0x4;0xC:0x1000,,candidate_spans_and_remaining_bytes_are_not_proven_code_data_classification
8017A000-f84fc49e0d9d1f162a9849785698f236825df603f0eef1367df1bfd3da36a6a2,4096,0,8,4088,0x0:0x4;0xC:0x1000,,candidate_spans_and_remaining_bytes_are_not_proven_code_data_classification
8017A000-f8b292e4fe70b6ad647b87c88e7ad686d192e275541f0c38e890c97c2811dc1f,4096,0,8,4088,0x0:0x4;0xC:0x1000,,candidate_spans_and_remaining_bytes_are_not_proven_code_data_classification
8017A000-f8c3af3d678e5be9fbb393c41130dbbc149a1a6caf41685eabe5e765f7288383,4096,0,8,4088,0x0:0x4;0xC:0x1000,,candidate_spans_and_remaining_bytes_are_not_proven_code_data_classification
8017A000-f9354c5325ee424ce7ac9155d4552ca2ef41ad07c125c7b57712084d1b74cdae,4096,0,8,4088,0x0:0x4;0xC:0x1000,,candidate_spans_and_remaining_bytes_are_not_proven_code_data_classification
8017A000-f99a84cf4d7e86d19bf97cd7fc018cde78893179a60e6ffd1b4067bd7f48caa2,4096,0,8,4088,0x0:0x4;0xC:0x1000,,candidate_spans_and_remaining_bytes_are_not_proven_code_data_classification
8017A000-f9fe455b84689cc028e2184456906104f27238a8074fe81798ea86ab0b555695,4096,0,8,4088,0x0:0x4;0xC:0x1000,,candidate_spans_and_remaining_bytes_are_not_proven_code_data_classification
8017A000-fadbad45d0d8c6e7747919bc5bbcc1e24e6c1c9b23eed37cd2cdc36ba2ab0be5,4096,0,8,4088,0x0:0x4;0xC:0x1000,,candidate_spans_and_remaining_bytes_are_not_proven_code_data_classification
8017A000-fd1c3bf3e9f0b7dab6a9e2c238ef5a8b521151d77a760433dad99dd40b4f3da4,4096,0,8,4088,0x0:0x4;0xC:0x1000,,candidate_spans_and_remaining_bytes_are_not_proven_code_data_classification
8017A000-fd83de1a97ec2b3f2310d457db45804478e9702512e0d002bd65204f3c1a50ef,4096,0,8,4088,0x0:0x4;0xC:0x1000,,candidate_spans_and_remaining_bytes_are_not_proven_code_data_classification
8017A000-ff38e32e2245b892c0028c017f12e2a99d5cd8a69d7e007fcc50e77c1396129e,4096,0,8,4088,0x0:0x4;0xC:0x1000,,candidate_spans_and_remaining_bytes_are_not_proven_code_data_classification
8017A000-ff5eca8a411e3ac0a47786adbdb0e064efdf1f2662406b3f906ab1925762ab8a,4096,0,8,4088,0x0:0x4;0xC:0x1000,,candidate_spans_and_remaining_bytes_are_not_proven_code_data_classification
8017A000-ff6e33cb541c03e8142a1367fada48ac453de1c04cf031d3e82abdabafa35f34,4096,0,8,4088,0x0:0x4;0xC:0x1000,,candidate_spans_and_remaining_bytes_are_not_proven_code_data_classification
8017B000-000ddb1395b097206725c930825e0ea872f81498179f80483c807a1a6d5098ff,20480,0,11792,8688,0x0:0x4;0x2E14:0x5000,0x3164;0x3870;0x3B84;0x3F04;0x426C,candidate_spans_and_remaining_bytes_are_not_proven_code_data_classification
8017B000-001c02c2ff5d2ab270dfa7ee7f0ed01bc80065a3d007f101a644fbc2356609ee,20480,0,7608,12872,0x0:0x4;0x1DBC:0x5000,,candidate_spans_and_remaining_bytes_are_not_proven_code_data_classification
8017B000-0089a60a8ee09ad68b63f1aeb90afc1cac0f20c655f50b7b94a03868178ebb1b,20480,0,8412,12068,0x0:0x4;0x20E0:0x5000,,candidate_spans_and_remaining_bytes_are_not_proven_code_data_classification
8017B000-008a9b0e1d221a9fa60b7faa766f44f036ed56c2e4b51b0c5c912916eb0c81e5,20480,0,2384,18096,0x0:0x4;0x954:0x5000,0xE2C;0x1004;0x2004,candidate_spans_and_remaining_bytes_are_not_proven_code_data_classification
8017B000-00a17ffd83b75d5984d7830aa2e1d46c2e24fb3a5f418a4272e709faefdc5142,20480,0,2584,17896,0x0:0x4;0xA1C:0x5000,0x1284,candidate_spans_and_remaining_bytes_are_not_proven_code_data_classification
8017B000-00b4d9c528e440396cb9166673c877d335b9f3bc132055e9c0c18a6ffb379229,20480,0,5872,14608,0x0:0x4;0x16F4:0x5000,,candidate_spans_and_remaining_bytes_are_not_proven_code_data_classification
8017B000-00b812848c76080876a48a02095e5c2441a7e17bfb4f8c11e30373362f5d8fbf,20480,0,9140,11340,0x0:0x4;0x23B8:0x5000,,candidate_spans_and_remaining_bytes_are_not_proven_code_data_classification
8017B000-00b97349c85a6c0b5fb11240c4ff3a797f09a2da426b122f6dc08131c508136e,20480,0,8188,12292,0x0:0x4;0x2000:0x5000,,candidate_spans_and_remaining_bytes_are_not_proven_code_data_classification
8017B000-00e93da58ec7e58a6f4d2bafb3d4f33b7f6d02df1003ed28e4e98bf985307fe6,20480,0,6140,14340,0x0:0x4;0x1800:0x5000,,candidate_spans_and_remaining_bytes_are_not_proven_code_data_classification
8017B000-0104aa33af888ba9978c4397387c9087833f09530faca203027e09f2bbc66c1a,20480,0,9260,11220,0x0:0x4;0x2430:0x5000,,candidate_spans_and_remaining_bytes_are_not_proven_code_data_classification
8017B000-012413fcf2037a89ab5257f401dd41840e85956e7292778d68380d9cec3ff8d6,20480,0,6196,14284,0x0:0x4;0x1838:0x5000,0x2FB8,candidate_spans_and_remaining_bytes_are_not_proven_code_data_classification
8017B000-017ff90a1cccb23cace20413ad50827ec39faef9c0d955b540ccd7d55dfeec1d,20480,0,8188,12292,0x0:0x4;0x2000:0x5000,,candidate_spans_and_remaining_bytes_are_not_proven_code_data_classification
8017B000-0183e03b5f387b6ef1e32217883d0e6a818f5c1cba52a9ac5084392b8037d3ec,20480,0,4160,16320,0x0:0x4;0x1044:0x5000,0x1DFC,candidate_spans_and_remaining_bytes_are_not_proven_code_data_classification
8017B000-01acfeee18a8aca4753397a5f67d441eab99b6cceb4f55984b3dc629f7b43d3e,20480,0,8188,12292,0x0:0x4;0x2000:0x5000,,candidate_spans_and_remaining_bytes_are_not_proven_code_data_classification
8017B000-0245dae1e856edd642062c26fa5718404d80ecfc21ee2dc6b8d6184d48b1b25b,20480,0,0,20480,0x0:0x5000,0x2F68,candidate_spans_and_remaining_bytes_are_not_proven_code_data_classification
8017B000-02a08c1e5ce9027fdcd67865d30ed000c01ae59a5be2cb4b8fb4321436339f56,20480,0,6320,14160,0x0:0x4;0x18B4:0x5000,,candidate_spans_and_remaining_bytes_are_not_proven_code_data_classification
8017B000-02a6eea6850330fa8bbe6f2e009fe12e69a33c05fc9b6623f7ef7e328f75075d,20480,0,3296,17184,0x0:0x4;0xCE4:0x5000,,candidate_spans_and_remaining_bytes_are_not_proven_code_data_classification
8017B000-02f96c3d53403b208fcda61e532e168826745982ca76a5ab7205e393f5ad925f,20480,0,7148,13332,0x0:0x4;0x1BF0:0x5000,0x317C,candidate_spans_and_remaining_bytes_are_not_proven_code_data_classification
8017B000-03c0caef041b2723470d5194fdc8991e10184f514fe2a4d3f8e28ebe8c5d1f98,20480,0,3496,16984,0x0:0x4;0xDAC:0x5000,,candidate_spans_and_remaining_bytes_are_not_proven_code_data_classification
8017B000-03f4bb12540f9946828dc93a9508cf2de64f1f6fe55e8014bfc615f854503366,20480,0,5872,14608,0x0:0x4;0x16F4:0x5000,,candidate_spans_and_remaining_bytes_are_not_proven_code_data_classification
8017B000-04032b0211e5220d0dc38d522ff04af3342dcd0795075b9674717e3be6b4bbb8,20480,0,0,20480,0x0:0x5000,0x3590,candidate_spans_and_remaining_bytes_are_not_proven_code_data_classification
8017B000-041172c4abb3f2b4f29f543df3f9d00be9078d318f673d590ab3988fabfcc6e3,20480,0,6524,13956,0x0:0x4;0x1980:0x5000,,candidate_spans_and_remaining_bytes_are_not_proven_code_data_classification
8017B000-042312a064269b68fa5a22a2cb29857b5953f2b76079c4342656bb7e6b729106,20480,0,6488,13992,0x0:0x4;0x195C:0x5000,0x328C,candidate_spans_and_remaining_bytes_are_not_proven_code_data_classification
8017B000-046d63dd52078862a74fbfd4399fdefec5e036506d4ee72ca6070c4052df9f8e,20480,0,12212,8268,0x0:0x4;0x2FB8:0x5000,,candidate_spans_and_remaining_bytes_are_not_proven_code_data_classification
8017B000-049d6e05327b14e75b71819104c0e4548636ba0f590f03fb973bbb450346b1e3,20480,0,6772,13708,0x0:0x4;0x1A78:0x5000,0x23F0,candidate_spans_and_remaining_bytes_are_not_proven_code_data_classification
8017B000-0511f6b89873806f1a03d6dafae06124cdf1088cf2a0a8600f1576f60ce5cc2b,20480,0,9668,10812,0x0:0x4;0x25C8:0x5000,0x3790,candidate_spans_and_remaining_bytes_are_not_proven_code_data_classification
8017B000-05a2ad50fdaa08dfad57e799f73bb678ad33b384bd2bd86138a3d211cf7234bd,20480,0,4080,16400,0x0:0x4;0xFF4:0x5000,,candidate_spans_and_remaining_bytes_are_not_proven_code_data_classification
8017B000-05fbee4af703702cc04a5021f2203eff2bfa96fa70c4004265dcb2105c83a5ee,20480,0,0,20480,0x0:0x5000,0xE40,candidate_spans_and_remaining_bytes_are_not_proven_code_data_classification
8017B000-063e2c91b13ebeeb7b1438fc0514e35361fb1188876d1093ff887b7a1462946f,20480,0,7364,13116,0x0:0x4;0x1CC8:0x5000,,candidate_spans_and_remaining_bytes_are_not_proven_code_data_classification
8017B000-0696b6d3d11bca470e023b12156a71a33469d969a603b1377ce36b22e691e88b,20480,0,6700,13780,0x0:0x4;0x1A30:0x5000,,candidate_spans_and_remaining_bytes_are_not_proven_code_data_classification
8017B000-06a93b7da2bae5202f355621beb6adbd0f99823143b698898cd8ad6396fb7df3,20480,0,5736,14744,0x0:0x4;0x166C:0x5000,,candidate_spans_and_remaining_bytes_are_not_proven_code_data_classification
8017B000-0721a8af5d74074073a95160255f4982d8ad3818a59aab827332c36cd516ea48,20480,0,13600,6880,0x0:0x4;0x3524:0x5000,,candidate_spans_and_remaining_bytes_are_not_proven_code_data_classification
8017B000-075fa50494c9811e90bf7159a93b4c6bacc7bd07fab30b446f663b30290315ab,20480,0,4952,15528,0x0:0x4;0x135C:0x5000,,candidate_spans_and_remaining_bytes_are_not_proven_code_data_classification
8017B000-07657c9780a4fe8d95fb117d9d408d23e657314eb526aff86c5f6b2069ca9b18,20480,0,15584,4896,0x0:0x4;0x3CE4:0x5000,,candidate_spans_and_remaining_bytes_are_not_proven_code_data_classification
8017B000-08279f579dd3a74f82a3d78c5e5eee121da632d9dc335b7febdc283a6d0b322e,20480,0,8188,12292,0x0:0x4;0x2000:0x5000,,candidate_spans_and_remaining_bytes_are_not_proven_code_data_classification
8017B000-08512b27ebd953ae519b875f1fd0876a51e772c8cd32a2c82a5ac0e263fd469d,20480,0,0,20480,0x0:0x5000,0x22A4,candidate_spans_and_remaining_bytes_are_not_proven_code_data_classification
8017B000-086b84761ff9e43a9196d28b2304e68d2ed4f3fc9743acf940c716d7ae03074b,20480,0,5004,15476,0x0:0x4;0x1390:0x5000,0x1ABC,candidate_spans_and_remaining_bytes_are_not_proven_code_data_classification
8017B000-0890b5d9fb9f8bd622135dac2a35b82dc6a5fdf6cfb389c540678ff46365ac08,20480,0,6488,13992,0x0:0x4;0x195C:0x5000,0x328C,candidate_spans_and_remaining_bytes_are_not_proven_code_data_classification
8017B000-0894ac9cf90d300a34ad2b54f6eb3fedbb9094e4dd182653ffcf3aab7bc3eaaf,20480,0,0,20480,0x0:0x5000,0x1348,candidate_spans_and_remaining_bytes_are_not_proven_code_data_classification
8017B000-089dc389a77157cc7e1938749b9f11c97a0fd6c31084a2e7b725620c284f23da,20480,0,0,20480,0x0:0x5000,0x2F68,candidate_spans_and_remaining_bytes_are_not_proven_code_data_classification
8017B000-08b26b73b0d515b419532601d92f728ea6d3469f2f470973eb2e40566251190c,20480,0,11404,9076,0x0:0x4;0x2C90:0x5000,,candidate_spans_and_remaining_bytes_are_not_proven_code_data_classification
8017B000-092f0b5171f33fc57dfdf98bd7e05aa517750767a0e875c457b17a13f8540eca,20480,0,6488,13992,0x0:0x4;0x195C:0x5000,0x328C,candidate_spans_and_remaining_bytes_are_not_proven_code_data_classification
8017B000-099b356cbeed8d55379eef0bbdd5b3a8620bf1dff3f197a4f4417550e417eb8f,20480,0,0,20480,0x0:0x5000,0x4ADC,candidate_spans_and_remaining_bytes_are_not_proven_code_data_classification
8017B000-09a39210c420757013f61407b2592ebf96b90c6c121aa4ed2831c784ce7dc49e,20480,0,12568,7912,0x0:0x4;0x311C:0x5000,,candidate_spans_and_remaining_bytes_are_not_proven_code_data_classification
8017B000-09ae15353b6edab469f2cd637b0bb6e08f99469efe800f2a41d053a903a6ad16,20480,0,17308,3172,0x0:0x4;0x43A0:0x5000,,candidate_spans_and_remaining_bytes_are_not_proven_code_data_classification
8017B000-0a1478c38f68004fa5e0a46c35008a67a3f50077ae0c8f909f26434c54a31acc,20480,0,0,20480,0x0:0x5000,0x3590,candidate_spans_and_remaining_bytes_are_not_proven_code_data_classification
8017B000-0a2f733e91f4bd68d6d03c96749e53bd157084f141c8a3eb11f55c79b777bd44,20480,0,3296,17184,0x0:0x4;0xCE4:0x5000,0x16A0,candidate_spans_and_remaining_bytes_are_not_proven_code_data_classification
8017B000-0a4f65318a25fb124d489e0b0b1f88cc7aae1b15d3c127c97adacdf57c5fe56d,20480,0,0,20480,0x0:0x5000,0x19F0,candidate_spans_and_remaining_bytes_are_not_proven_code_data_classification
8017B000-0ad1fc182892c88c8680ec146eaeef08cf51b149e97dad2dc6dba8b1861521cd,20480,0,5004,15476,0x0:0x4;0x1390:0x5000,,candidate_spans_and_remaining_bytes_are_not_proven_code_data_classification
8017B000-0b62ec2bc39ad4dd6fa00c424ef251414894d1d5512d7f50b5d6069c395731f2,20480,0,3092,17388,0x0:0x4;0xC18:0x5000,,candidate_spans_and_remaining_bytes_are_not_proven_code_data_classification
8017B000-0b6be8120c981a2f9104fcdbd1f7e784b49304948f15dfce84d33224f41bc4bc,20480,0,13168,7312,0x0:0x4;0x3374:0x5000,,candidate_spans_and_remaining_bytes_are_not_proven_code_data_classification
8017B000-0b77282a4ffabab2f4da651038ade77e40ccea4edbdfb12730f574fb67becd8b,20480,0,7148,13332,0x0:0x4;0x1BF0:0x5000,0x32D8,candidate_spans_and_remaining_bytes_are_not_proven_code_data_classification
8017B000-0b8bcc32ca09a898b524030e40c03abc8b182f943873aa4748415b1682789234,20480,0,0,20480,0x0:0x5000,0x2358,candidate_spans_and_remaining_bytes_are_not_proven_code_data_classification
8017B000-0b8ed474b19ac0492d09b49d1691613fe39a6919f1ff8fb811ff57155b281ed4,20480,0,15364,5116,0x0:0x4;0x3C08:0x5000,,candidate_spans_and_remaining_bytes_are_not_proven_code_data_classification
8017B000-0b9b5eef64c9ea46bacc1eb522ff40613c6e4d77db8086c81ce89a79344ed5c2,20480,0,18816,1664,0x0:0x4;0x4984:0x5000,,candidate_spans_and_remaining_bytes_are_not_proven_code_data_classification
8017B000-0ba6c5cbd545694131d9ff1f28a0e27354aaf00e71217df5f7588f167bb58c51,20480,0,13712,6768,0x0:0x4;0x3594:0x5000,,candidate_spans_and_remaining_bytes_are_not_proven_code_data_classification
8017B000-0be64da7bef83a3bdef37895d60b55680100b2208186b1a592bd43fc39268eb4,20480,0,9440,11040,0x0:0x4;0x24E4:0x5000,,candidate_spans_and_remaining_bytes_are_not_proven_code_data_classification
8017B000-0bff6036bfe042da07f90ee236bce5dc77c36fab35bc7007570b23fa1b393c1e,20480,0,12212,8268,0x0:0x4;0x2FB8:0x5000,0x3D04,candidate_spans_and_remaining_bytes_are_not_proven_code_data_classification
8017B000-0c2b9ed4477b1b55feb33a56b16a91ef8e85cdca0e96c41e98980022412f15f8,20480,0,3904,16576,0x0:0x4;0xF44:0x5000,,candidate_spans_and_remaining_bytes_are_not_proven_code_data_classification
8017B000-0c5ccab7a208c99268a8dc270aa7775faf30d56501e5094f906334baeb101040,20480,0,0,20480,0x0:0x5000,0x2358;0x317C,candidate_spans_and_remaining_bytes_are_not_proven_code_data_classification
8017B000-0cb6bb2e24f0e55f1af9b5d481a3d51a67080bb6bd4c08b70058e5eddbeed0c0,20480,0,8188,12292,0x0:0x4;0x2000:0x5000,,candidate_spans_and_remaining_bytes_are_not_proven_code_data_classification
8017B000-0d468dcfda397b64ada227ddff761fc4e4444ec37ab10bd08842e95d16a79414,20480,0,8836,11644,0x0:0x4;0x2288:0x5000,,candidate_spans_and_remaining_bytes_are_not_proven_code_data_classification
8017B000-0d925af3338b13c9cfd6e807e887bc2a5e56404665571cf647f2d8f1081c0658,20480,0,6892,13588,0x0:0x4;0x1AF0:0x5000,,candidate_spans_and_remaining_bytes_are_not_proven_code_data_classification
8017B000-0de1a0942741edc6a8c43d8d2626e9a6cca0c9409933d1f257b7ed00f4d0a30d,20480,0,6196,14284,0x0:0x4;0x1838:0x5000,,candidate_spans_and_remaining_bytes_are_not_proven_code_data_classification
8017B000-0e1c28f21a2001615b95c575dda7344fd3f772bed14674426a2a7f3748cc92a6,20480,0,6048,14432,0x0:0x4;0x17A4:0x5000,0x44B8,candidate_spans_and_remaining_bytes_are_not_proven_code_data_classification
8017B000-0e33d4f1b09831b0d4f090c87ceb4936ab09b3dd72cbe8daa7172df8a7b1d1b8,20480,0,9132,11348,0x0:0x4;0x23B0:0x5000,,candidate_spans_and_remaining_bytes_are_not_proven_code_data_classification
8017B000-0e7200c8909e233f15329ba69dc07eac27e6f716a75b0185a5729dc71427d220,20480,0,0,20480,0x0:0x5000,0x32A8,candidate_spans_and_remaining_bytes_are_not_proven_code_data_classification
8017B000-0e93f81dc3356153604eb09376187f72645dce3ffc5d8e9a43fa1baa806cb224,20480,0,4232,16248,0x0:0x4;0x108C:0x5000,0x1C40,candidate_spans_and_remaining_bytes_are_not_proven_code_data_classification
8017B000-0e94fa0ec36a46d1e7dc14aff6230b9ffb048d5170789745c3774b77f15bfe35,20480,0,10440,10040,0x0:0x4;0x28CC:0x5000,,candidate_spans_and_remaining_bytes_are_not_proven_code_data_classification
8017B000-0ef531fcabcd77f8d381a820c53c9cbfd1eeda19d151515c97cb1ec0b4e5df8a,20480,0,4788,15692,0x0:0x4;0x12B8:0x5000,,candidate_spans_and_remaining_bytes_are_not_proven_code_data_classification
8017B000-0f126956de43625160f9577f8719b5d96fa771507b517bc7accd3eefd3659dbf,20480,0,3748,16732,0x0:0x4;0xEA8:0x5000,,candidate_spans_and_remaining_bytes_are_not_proven_code_data_classification
8017B000-0fb26656b6755ef8a097e8ae8ab10058e4750b083076bbf85972f203adf28c44,20480,0,7752,12728,0x0:0x4;0x1E4C:0x5000,0x2278;0x3004;0x44B8,candidate_spans_and_remaining_bytes_are_not_proven_code_data_classification
8017B000-100bd8e89f3b58e40502a00d00f33165ad2804eb92a871c6fd554e608586186e,20480,0,2584,17896,0x0:0x4;0xA1C:0x5000,0x1284,candidate_spans_and_remaining_bytes_are_not_proven_code_data_classification
8017B000-1081c687ee4a12cf55bf0952b01072eaf49c29ba662b23638fa4530277b83dc7,20480,0,14740,5740,0x0:0x4;0x3998:0x5000,,candidate_spans_and_remaining_bytes_are_not_proven_code_data_classification
8017B000-108fff713275a95e4515a7fd89a492edffab76f53fa49e5f4fbbff6612041329,20480,0,6700,13780,0x0:0x4;0x1A30:0x5000,,candidate_spans_and_remaining_bytes_are_not_proven_code_data_classification
8017B000-10907e7c0f547a386990ee5290ee482f77a03bca2c0ccd11b3a483590a39baa7,20480,0,0,20480,0x0:0x5000,0x3CD8,candidate_spans_and_remaining_bytes_are_not_proven_code_data_classification
8017B000-110515d03441f6b0ab0785dd89930f828eac6088f25d175ef9e0223ef25feffd,20480,0,7524,12956,0x0:0x4;0x1D68:0x5000,0x2C5C,candidate_spans_and_remaining_bytes_are_not_proven_code_data_classification
8017B000-114f1d35cbf195cc97222da730e6722298fa3644d6235efbfccbb57781b98ce4,20480,0,8412,12068,0x0:0x4;0x20E0:0x5000,,candidate_spans_and_remaining_bytes_are_not_proven_code_data_classification
8017B000-115a61d5d36c264d7e832f7640666f179640ae5270c96d6cc51bc21e64d1fbe1,20480,0,7148,13332,0x0:0x4;0x1BF0:0x5000,0x3004;0x4004,candidate_spans_and_remaining_bytes_are_not_proven_code_data_classification
8017B000-11a8b23cfc8bd078f9bd08d0fb312251a9fdd772001937ed737544d6cb101400,20480,0,2384,18096,0x0:0x4;0x954:0x5000,,candidate_spans_and_remaining_bytes_are_not_proven_code_data_classification
8017B000-11b50675c6f872d74c933da827c3cf391a914f8839def7553722fe9a22d5a384,20480,0,0,20480,0x0:0x5000,0xE40;0x1204,candidate_spans_and_remaining_bytes_are_not_proven_code_data_classification
8017B000-11dd6bc5ca02c894b6e186fccb4062caf560fbbf41071dfb0f1035f80060eff1,20480,0,3972,16508,0x0:0x4;0xF88:0x5000,,candidate_spans_and_remaining_bytes_are_not_proven_code_data_classification
8017B000-122f21d280ab17f17d5558be4c420b847c99f4c7bc91f8b9c03354a456515605,20480,0,0,20480,0x0:0x5000,0x3CD8,candidate_spans_and_remaining_bytes_are_not_proven_code_data_classification
8017B000-125113bfee2cb749b37109ae8e78163f657db31ebb682009ed9fe0d4a41eb714,20480,0,7748,12732,0x0:0x4;0x1E48:0x5000,0x3F80,candidate_spans_and_remaining_bytes_are_not_proven_code_data_classification
8017B000-12f67a9802bdc4f1008c64400eb5ee7950d3a126ccda3a3594b624281907f758,20480,0,8188,12292,0x0:0x4;0x2000:0x5000,,candidate_spans_and_remaining_bytes_are_not_proven_code_data_classification
8017B000-1339d76f4b895bc8812cba0108d06ba30ec687ef37463a2199e470106a7365c0,20480,0,5400,15080,0x0:0x4;0x151C:0x5000,,candidate_spans_and_remaining_bytes_are_not_proven_code_data_classification
8017B000-1355b4983ea8f45d97dc1670f3c5b03924efa9fe8c3865f14ab0e9e327da6abb,20480,0,6524,13956,0x0:0x4;0x1980:0x5000,0x3844,candidate_spans_and_remaining_bytes_are_not_proven_code_data_classification
8017B000-13acf86821a667301f52c8cd0c06415cd3d27a0cdade70e4f27b6649690d7613,20480,0,0,20480,0x0:0x5000,0x2358,candidate_spans_and_remaining_bytes_are_not_proven_code_data_classification
8017B000-1432fc59b9ff7c0d296d38b253c787b8d881c90325da65f1912e7322a2ee6075,20480,0,7752,12728,0x0:0x4;0x1E4C:0x5000,0x22A4;0x28D8;0x2FE4;0x32F8;0x3678;0x39E0,candidate_spans_and_remaining_bytes_are_not_proven_code_data_classification
8017B000-144d855e09eaf1a4e6eb5daf82d78d9c980a2740597d04234da0a2790a527a15,20480,0,0,20480,0x0:0x5000,0x19F0,candidate_spans_and_remaining_bytes_are_not_proven_code_data_classification
8017B000-14a909396db0de6cb761b6f0cd534fea691159b662530c6f7a7e1d77fdd275a0,20480,0,8412,12068,0x0:0x4;0x20E0:0x5000,,candidate_spans_and_remaining_bytes_are_not_proven_code_data_classification
8017B000-152f1f6122b0f96703c814ab8d78df55443ed0ff62dfd049fd2794fe1c5f8794,20480,0,10312,10168,0x0:0x4;0x284C:0x5000,,candidate_spans_and_remaining_bytes_are_not_proven_code_data_classification
8017B000-15b2485de7621aba75491761096eb262e2dcafe452fac0c9d07cad6d035e6759,20480,0,16488,3992,0x0:0x4;0x406C:0x5000,,candidate_spans_and_remaining_bytes_are_not_proven_code_data_classification
8017B000-15f9ab3f179e8ee1ff1b046bd8060db34cdd061d7d5e78ebd0a6cbfcfa90ad37,20480,0,6908,13572,0x0:0x4;0x1B00:0x5000,0x4BE4,candidate_spans_and_remaining_bytes_are_not_proven_code_data_classification
8017B000-15fb2adfaf701180a7e91e8d0e73bb04c00e8597a7dd2b13e763adb6381be2bf,20480,0,0,20480,0x0:0x5000,0x44A4,candidate_spans_and_remaining_bytes_are_not_proven_code_data_classification
8017B000-166f15690485015eb627cd03964b34507a26546694c55d8f3cb3b90f5cc09b28,20480,0,11572,8908,0x0:0x4;0x2D38:0x5000,,candidate_spans_and_remaining_bytes_are_not_proven_code_data_classification
8017B000-168bc27728e9cc49b8dc3bb3bc054ae66126bc21823bfdf0d2cbdf643c16d2c7,20480,0,6196,14284,0x0:0x4;0x1838:0x5000,0x2FB8,candidate_spans_and_remaining_bytes_are_not_proven_code_data_classification
8017B000-16aa2b08590ef8e39693aeb54e5afa46bd1dbc1c1c3a298ed6f77ad6dd1423d0,20480,0,9992,10488,0x0:0x4;0x270C:0x5000,,candidate_spans_and_remaining_bytes_are_not_proven_code_data_classification
8017B000-16b318987db601a0154381313188d95814a0e9c3dd0d4d79a09055b9d199196e,20480,0,3824,16656,0x0:0x4;0xEF4:0x5000,,candidate_spans_and_remaining_bytes_are_not_proven_code_data_classification
8017B000-16cc00cf59d8b54fb77eff9f0cf4092d73bff7d258b71bbc64beb7c938118adc,20480,0,4792,15688,0x0:0x4;0x12BC:0x5000,,candidate_spans_and_remaining_bytes_are_not_proven_code_data_classification
8017B000-177bbfd823104dc3f89a2da87f58f88076c1af1983cc8334070ce885d1a41212,20480,0,0,20480,0x0:0x5000,0xE40;0x1204,candidate_spans_and_remaining_bytes_are_not_proven_code_data_classification
8017B000-188cb47166b487e96dd093ccfc986094a503410ef3dba4ee653e1704e7688351,20480,0,6700,13780,0x0:0x4;0x1A30:0x5000,,candidate_spans_and_remaining_bytes_are_not_proven_code_data_classification
8017B000-18bdf304c5b3a8d8b63fd05402c09757551fe29b51c2b9ddc234aa15d0d98978,20480,0,8052,12428,0x0:0x4;0x1C4C:0x44D0;0x47FC:0x5000,0x2284;0x3730;0x4070;0x44C8,candidate_spans_and_remaining_bytes_are_not_proven_code_data_classification
8017B000-191951a61727f9064eac6082fb67316a7bed9f9973a3e0b3403cdee1e49c6bf1,20480,0,6488,13992,0x0:0x4;0x195C:0x5000,0x328C,candidate_spans_and_remaining_bytes_are_not_proven_code_data_classification
8017B000-193be334a10274b5f69291d9178d1ceb77fda47bea3aa439731827351be41478,20480,0,4504,15976,0x0:0x4;0x119C:0x5000,,candidate_spans_and_remaining_bytes_are_not_proven_code_data_classification
8017B000-199615c9df9d75de412e777acba665839238919f49b33c518dc70be9c7fa7b65,20480,0,0,20480,0x0:0x5000,0x3F90,candidate_spans_and_remaining_bytes_are_not_proven_code_data_classification
8017B000-19e0f90ef07c422158627ac29568b8a01d563e549518b40698ea777d19087ee1,20480,0,0,20480,0x0:0x5000,0x1F30,candidate_spans_and_remaining_bytes_are_not_proven_code_data_classification
8017B000-19ef1bf3485c3a7b4bdc1c5ee2c8d40491a43ddef310e2b531a9c721b761856c,20480,0,0,20480,0x0:0x5000,0x32A8,candidate_spans_and_remaining_bytes_are_not_proven_code_data_classification
8017B000-1a139f8fc4628e267ce7835080fd1cfc080155c90412157f292a18b314448380,20480,0,15292,5188,0x0:0x4;0x3BC0:0x5000,,candidate_spans_and_remaining_bytes_are_not_proven_code_data_classification
8017B000-1aa8b760363bcfd6af9a88b6231b99f3d36e42c265ab08716aca3d32ac49957f,20480,0,6816,13664,0x0:0x4;0x1AA4:0x5000,,candidate_spans_and_remaining_bytes_are_not_proven_code_data_classification
8017B000-1afdb9f91726bdb2d615665c26508d4cba299b6628b55756f0001330faa16730,20480,0,7900,12580,0x0:0x4;0x1EE0:0x5000,0x1F74,candidate_spans_and_remaining_bytes_are_not_proven_code_data_classification
8017B000-1b1bdb8232f2c85bd0db37d071f9b533fa5835ff8402245da45d0bc383b91e9b,20480,0,9452,11028,0x0:0x4;0x24F0:0x5000,,candidate_spans_and_remaining_bytes_are_not_proven_code_data_classification
8017B000-1b92aee4466f33f49cbf748de04b89377bfc922d1ffbb1901fa2f74874074994,20480,0,5860,14620,0x0:0x4;0x16E8:0x5000,0x1D14,candidate_spans_and_remaining_bytes_are_not_proven_code_data_classification
8017B000-1ba54d57da8cbfbdbdf82e9282f6afbb438e614a43676088083c901d08c10d67,20480,0,0,20480,0x0:0x5000,0x1F6C,candidate_spans_and_remaining_bytes_are_not_proven_code_data_classification
8017B000-1bc2f5d8190caa7d8a4c132f621e9afc2bde5f04a9a1f322995118c94403380d,20480,0,8724,11756,0x0:0x4;0x2218:0x5000,0x2454,candidate_spans_and_remaining_bytes_are_not_proven_code_data_classification
8017B000-1bd1d6fe5917ac8ab0b4809d0fffff9189289853b3fe4a4ff656d3263211cccc,20480,0,14644,5836,0x0:0x4;0x3938:0x5000,,candidate_spans_and_remaining_bytes_are_not_proven_code_data_classification
8017B000-1c67481711c1bed07fd59b739845a27aea644fb0b05630cb66bf7434936512cc,20480,0,7240,13240,0x0:0x4;0x1C4C:0x5000,,candidate_spans_and_remaining_bytes_are_not_proven_code_data_classification
8017B000-1c71911426599ea60ef1973fa53e30587d21950ac99a83609e5c2185d8b3acd6,20480,0,0,20480,0x0:0x5000,0x2358,candidate_spans_and_remaining_bytes_are_not_proven_code_data_classification
8017B000-1e333ec30210bb706205f6b5ee31cdf063df2b9aadc673658dbd89338fa419fb,20480,0,6708,13772,0x0:0x4;0x1A38:0x5000,,candidate_spans_and_remaining_bytes_are_not_proven_code_data_classification
8017B000-1e65426b314513c6ca51b18424ef25ff596cacbf6f6f0efef27292c856385d91,20480,0,3384,17096,0x0:0x4;0xD3C:0x5000,0x3790,candidate_spans_and_remaining_bytes_are_not_proven_code_data_classification
8017B000-1eb4578f482dbfa587925f608c3223f4e7a19e93ea64439e7f622bc938d47ebe,20480,0,14740,5740,0x0:0x4;0x3998:0x5000,,candidate_spans_and_remaining_bytes_are_not_proven_code_data_classification
8017B000-1eddd331e341e4b6f898b25597fb2cc1954d5ff5568cf0481dba375ef16ff6b5,20480,0,10440,10040,0x0:0x4;0x28CC:0x5000,,candidate_spans_and_remaining_bytes_are_not_proven_code_data_classification
8017B000-1f125ee62518ebb1f89bcab664c46c5db21e6169bef6e0efd2ca98edd4f07dab,20480,0,0,20480,0x0:0x5000,0x19F0,candidate_spans_and_remaining_bytes_are_not_proven_code_data_classification
8017B000-1f4228c2d123c32e088c824d8572b3568b02bc4458d8a30d0fd5e446bfbbc7a2,20480,0,14740,5740,0x0:0x4;0x3998:0x5000,,candidate_spans_and_remaining_bytes_are_not_proven_code_data_classification
8017B000-1f96a6717b3cac82f7a6d961eefe38af48de415572b869d5b7abf722b3ca31bf,20480,0,8412,12068,0x0:0x4;0x20E0:0x5000,,candidate_spans_and_remaining_bytes_are_not_proven_code_data_classification
8017B000-1fa6f51074891366ed71a2cdffe14f0477b8f421ba30abd3e2803157f5f3ed23,20480,0,0,20480,0x0:0x5000,0x4DC4,candidate_spans_and_remaining_bytes_are_not_proven_code_data_classification
8017B000-1fc3b0055e26da7bb672bf4967737865928a71a14a14d4847456063561995c0a,20480,0,0,20480,0x0:0x5000,0xE40;0x1204,candidate_spans_and_remaining_bytes_are_not_proven_code_data_classification
8017B000-1ff594dab7b700bddb1644829a892a75a6a7cacfe16329f5b5bdc2c19ba1f119,20480,0,9140,11340,0x0:0x4;0x23B8:0x5000,,candidate_spans_and_remaining_bytes_are_not_proven_code_data_classification
8017B000-2020f973780380a8fb1262277c6ad9c29c83dc25114c175855e218901c03a3ee,20480,0,8188,12292,0x0:0x4;0x2000:0x5000,,candidate_spans_and_remaining_bytes_are_not_proven_code_data_classification
8017B000-2049aedc934e7e5687794967981ad62738956c4333b228dfe5fb8061be278add,20480,0,3296,17184,0x0:0x4;0xCE4:0x5000,0x16A0,candidate_spans_and_remaining_bytes_are_not_proven_code_data_classification
8017B000-204b778c781bdce5cb2000e2f591d08557e81861f7f089afed54fa6d17113870,20480,0,6700,13780,0x0:0x4;0x1A30:0x5000,,candidate_spans_and_remaining_bytes_are_not_proven_code_data_classification
8017B000-205c2ea1e38102ee54ebaae00ae9948918e1d702c8db46d911f413e80e88c9cf,20480,0,15608,4872,0x0:0x4;0x3CFC:0x5000,,candidate_spans_and_remaining_bytes_are_not_proven_code_data_classification
8017B000-20741f3779309afc01942eb2603ebb66d92250d8c13744bd17ff18b304fafc58,20480,0,9992,10488,0x0:0x4;0x270C:0x5000,,candidate_spans_and_remaining_bytes_are_not_proven_code_data_classification
8017B000-20749ab81f50a330b73cdc3dfb39d8312006ad8ff5f49a3b2d40abc1af26b283,20480,0,6320,14160,0x0:0x4;0x18B4:0x5000,,candidate_spans_and_remaining_bytes_are_not_proven_code_data_classification
8017B000-20a68492ddb09caba18f4a5b74402a6565bf2c74ba0a8455e86c3bc6668a9bda,20480,0,3092,17388,0x0:0x4;0xC18:0x5000,,candidate_spans_and_remaining_bytes_are_not_proven_code_data_classification
8017B000-20e41478bcc65844bab6188c0df68a1835b480c0a39a557ab833a6a69652b5c1,20480,0,8120,12360,0x0:0x4;0x1FBC:0x5000,,candidate_spans_and_remaining_bytes_are_not_proven_code_data_classification
8017B000-21099f8b9953a5a587a05d2c60194c857a672814cb9b426477705e590de5aec2,20480,0,0,20480,0x0:0x5000,0x4ADC,candidate_spans_and_remaining_bytes_are_not_proven_code_data_classification
8017B000-214e0689bf8b7bb3d9e1f250a4df3b08274eb7faffc5cbc2370a0188472d843a,20480,0,4068,16412,0x0:0x4;0xFE8:0x5000,0x197C,candidate_spans_and_remaining_bytes_are_not_proven_code_data_classification
8017B000-214e9e55c9af9f0783e5e9f08c7561e8f32657031343f0f0060b587ae76e0544,20480,0,7508,12972,0x0:0x4;0x1D58:0x5000,,candidate_spans_and_remaining_bytes_are_not_proven_code_data_classification
8017B000-2174e5bb396ad610d00d15dff4a387f60f80454eabdb4f6889f319521dec25c1,20480,0,9260,11220,0x0:0x4;0x2430:0x5000,,candidate_spans_and_remaining_bytes_are_not_proven_code_data_classification
8017B000-2175101d1ddc53d62db4c552c027705a89b1bdf2e8060695f2609259adf773bc,20480,0,0,20480,0x0:0x5000,0x22A4,candidate_spans_and_remaining_bytes_are_not_proven_code_data_classification
8017B000-217a6c624e76615d2bc9364f3020c7bf9944961c552ebbcebb6563f788706fc4,20480,0,4984,15496,0x0:0x4;0x137C:0x5000,,candidate_spans_and_remaining_bytes_are_not_proven_code_data_classification
8017B000-218121ef598122e6bed309a729ebdea99ab82b6ad843d1fbdb0e619918edcda4,20480,0,7148,13332,0x0:0x4;0x1BF0:0x5000,0x32D8,candidate_spans_and_remaining_bytes_are_not_proven_code_data_classification
8017B000-218ec7c3c3d469830028f69503951289e9c4509c30e102cbca90c6c475f2fd03,20480,0,8412,12068,0x0:0x4;0x20E0:0x5000,,candidate_spans_and_remaining_bytes_are_not_proven_code_data_classification
8017B000-22243241534ad721e0573b53aa9876a94fb1312bb1be6b3aba9b84f49fa5496e,20480,0,6320,14160,0x0:0x4;0x18B4:0x5000,,candidate_spans_and_remaining_bytes_are_not_proven_code_data_classification
8017B000-2238a95517d49323d294a60f6be8a4fb371389f44c21ed9d63b63fa0650a83a3,20480,0,4788,15692,0x0:0x4;0x12B8:0x5000,,candidate_spans_and_remaining_bytes_are_not_proven_code_data_classification
8017B000-224cd55fbc7231fcccd05be2ebebc571ee94547c6d85a4fa7f21960a5b9933a0,20480,0,13168,7312,0x0:0x4;0x3374:0x5000,,candidate_spans_and_remaining_bytes_are_not_proven_code_data_classification
8017B000-225914d5d71ab4c0fd25e7f8452d351d4225fef38eb7bdbfd55bc17b5f56f651,20480,0,8120,12360,0x0:0x4;0x1FBC:0x5000,0x37F4,candidate_spans_and_remaining_bytes_are_not_proven_code_data_classification
8017B000-228e4910b7a4b905f0ecf5a313c416b44fb953a22c26a4f92e50d6af75dba268,20480,0,13712,6768,0x0:0x4;0x3594:0x5000,,candidate_spans_and_remaining_bytes_are_not_proven_code_data_classification
8017B000-233be5e2b58369df9db918f3c1dca515e2ad1bb17273ebedc6b11ee1daad480f,20480,0,3868,16612,0x0:0x4;0xF20:0x5000,,candidate_spans_and_remaining_bytes_are_not_proven_code_data_classification
8017B000-2343d54c51df0d794ebcbdc1c89222c551cdbc67f2577f669323dc82e11c10ca,20480,0,2384,18096,0x0:0x4;0x954:0x5000,0xE2C;0x1004;0x2004,candidate_spans_and_remaining_bytes_are_not_proven_code_data_classification
8017B000-2365b6c92e3c172490f281e898f2092fd016b440dbe5332b805b96d2b4f0bc7e,20480,0,3868,16612,0x0:0x4;0xF20:0x5000,,candidate_spans_and_remaining_bytes_are_not_proven_code_data_classification
8017B000-23c32f7e396d88731c0c6ac5eec5692b1ca332a7d53383f2362496302f4786f9,20480,0,8412,12068,0x0:0x4;0x20E0:0x5000,,candidate_spans_and_remaining_bytes_are_not_proven_code_data_classification
8017B000-23c78b151c69c6b6b590538b1a2b7e1d00e94423c49138bfa6827bc36240b9c7,20480,0,4924,15556,0x0:0x4;0x1340:0x5000,,candidate_spans_and_remaining_bytes_are_not_proven_code_data_classification
8017B000-245bebcd901aa347d11e3c758832ca1995bf23f4be0d7194c4d08d75efcf86ad,20480,0,13528,6952,0x0:0x4;0x34DC:0x5000,,candidate_spans_and_remaining_bytes_are_not_proven_code_data_classification
8017B000-252fcd4ba4b13fd36632808133d6d4bfe909cb430c732589522c3024d28617c8,20480,0,8364,12116,0x0:0x4;0x20B0:0x5000,,candidate_spans_and_remaining_bytes_are_not_proven_code_data_classification
8017B000-2541980a7737a944c8efed6740b6e7f4b6f85fce1040f5a2a2cc6b72bc3d955c,20480,0,9092,11388,0x0:0x4;0x2388:0x5000,,candidate_spans_and_remaining_bytes_are_not_proven_code_data_classification
8017B000-2544f07dd134609c058a681d466d2032ded7baef548fc4ad7cf6f9c23833b60b,20480,0,4160,16320,0x0:0x4;0x1044:0x5000,0x1DFC,candidate_spans_and_remaining_bytes_are_not_proven_code_data_classification
8017B000-25918bb7c810fb653c8f2c4013a3aaa89c22f9885eed7636cd5bf7350b95772c,20480,0,6816,13664,0x0:0x4;0x1AA4:0x5000,,candidate_spans_and_remaining_bytes_are_not_proven_code_data_classification
8017B000-25c063795903941aa47dad04c17cd499e240de34ec8c0a29e9db44771c219d09,20480,0,8412,12068,0x0:0x4;0x20E0:0x5000,,candidate_spans_and_remaining_bytes_are_not_proven_code_data_classification
8017B000-26128fa6f5226669001c0b1a493542917bf44a1ecbad7696a7a24ca51f37191c,20480,0,18256,2224,0x0:0x4;0x4754:0x5000,,candidate_spans_and_remaining_bytes_are_not_proven_code_data_classification
8017B000-2688fea1ca7b075f50bc2216c63892379c166fd4ac33b17b862f49040bbb3370,20480,0,0,20480,0x0:0x5000,0x19F0,candidate_spans_and_remaining_bytes_are_not_proven_code_data_classification
8017B000-26b739fc83bea8fdb5a8de88aef5f254a3e02c9a9acf23ddf06a1fcef8e48e8b,20480,0,3136,17344,0x0:0x4;0xC44:0x5000,0x1338;0x1850;0x1CA4,candidate_spans_and_remaining_bytes_are_not_proven_code_data_classification
8017B000-26de66183a0c0eb34a82cfc0790fa3040900f6ffec1f991b47c7b860fe28057a,20480,0,18532,1948,0x0:0x4;0x4868:0x5000,0x4CAC,candidate_spans_and_remaining_bytes_are_not_proven_code_data_classification
8017B000-27058837a824cbaad0cfe02c3a0f8cc3fe9a972000951dbb950ddf32bfc4203d,20480,0,0,20480,0x0:0x5000,0x3CD8,candidate_spans_and_remaining_bytes_are_not_proven_code_data_classification
8017B000-27e364df36c6639d2a28fa0900c8a8137756c01cd174c85ca714deab773a4155,20480,0,15292,5188,0x0:0x4;0x3BC0:0x5000,,candidate_spans_and_remaining_bytes_are_not_proven_code_data_classification
8017B000-2801104dd8bd690203cf767fc2f9f205e3b63643a59e1a7d01df1a2c015907e8,20480,0,6708,13772,0x0:0x4;0x1A38:0x5000,,candidate_spans_and_remaining_bytes_are_not_proven_code_data_classification
8017B000-28206784aaa28d1359f702aa59038e32c94391f574613ab135e5f190f6ae954b,20480,0,6708,13772,0x0:0x4;0x1A38:0x5000,,candidate_spans_and_remaining_bytes_are_not_proven_code_data_classification
8017B000-286be95465ac14fdffe30a4e57afdea8a3e697b87fac75375055577c7e4ed9e9,20480,0,6700,13780,0x0:0x4;0x1A30:0x5000,0x2004,candidate_spans_and_remaining_bytes_are_not_proven_code_data_classification
8017B000-287c720d6069151a534c68af9147405514e56b1c3a18df06c5668eae4bc659d5,20480,0,8092,12388,0x0:0x4;0x1FA0:0x5000,,candidate_spans_and_remaining_bytes_are_not_proven_code_data_classification
8017B000-28c2a4cebd6be08064fed120886287394fadefd074bb885f54263eedd020af76,20480,0,8892,11588,0x0:0x4;0x22C0:0x5000,0x3D2C,candidate_spans_and_remaining_bytes_are_not_proven_code_data_classification
8017B000-28c67d6d978b7db47e8de7e35a9789cda38f7d181d150fb03b3d28d252b550a8,20480,0,4824,15656,0x0:0x4;0x12DC:0x5000,,candidate_spans_and_remaining_bytes_are_not_proven_code_data_classification
8017B000-28ce907d7b6ec62b288320783377ff584d67b8421afa71a309d3f166f3005c50,20480,0,8412,12068,0x0:0x4;0x20E0:0x5000,,candidate_spans_and_remaining_bytes_are_not_proven_code_data_classification
8017B000-293b406947a4f37f9602199e7c95ba65b6e79316f2fdaded17c510866bd47e4a,20480,0,10956,9524,0x0:0x4;0x2AD0:0x5000,,candidate_spans_and_remaining_bytes_are_not_proven_code_data_classification
8017B000-298aa96448afe89ba710332e9f61a26c7e3842ccf510d585a48012ff7cde662d,20480,0,0,20480,0x0:0x5000,0x1348,candidate_spans_and_remaining_bytes_are_not_proven_code_data_classification
8017B000-29afeb25cd19d13058ec2be2c11e649086a004e662e38c753d2bc56d497373a3,20480,0,5292,15188,0x0:0x4;0x14B0:0x5000,,candidate_spans_and_remaining_bytes_are_not_proven_code_data_classification
8017B000-29c39093e2979e9186ab4a105cdab0e30fa60cc62eec9da5b6d4f42e54411516,20480,0,4976,15504,0x0:0x4;0x1374:0x5000,,candidate_spans_and_remaining_bytes_are_not_proven_code_data_classification
8017B000-2a10286a76e17f9dbe81da91613881f35bda75f3c797ee87de73f429d4429cf8,20480,0,13412,7068,0x0:0x4;0x3468:0x5000,,candidate_spans_and_remaining_bytes_are_not_proven_code_data_classification
8017B000-2a1cfaa746653345d1584c9d41d4452aab319cfd8a1a161bb2fedff58d92d661,20480,0,7364,13116,0x0:0x4;0x1CC8:0x5000,,candidate_spans_and_remaining_bytes_are_not_proven_code_data_classification
8017B000-2a6a3652a7d016fa7b8d89c8bd85c099317f5cde54a37a7d3ebeafec910edd2b,20480,0,16488,3992,0x0:0x4;0x406C:0x5000,0x4BF4,candidate_spans_and_remaining_bytes_are_not_proven_code_data_classification
8017B000-2a73d40770073f34019365af2483f0f3ad3256b66af320dc426ad2a2aefbc878,20480,0,6488,13992,0x0:0x4;0x195C:0x5000,0x328C,candidate_spans_and_remaining_bytes_are_not_proven_code_data_classification
8017B000-2a7fc232c96dd713f57404a724677fd3dbf6608d56ca965ec679c254facaae39,20480,0,8412,12068,0x0:0x4;0x20E0:0x5000,,candidate_spans_and_remaining_bytes_are_not_proven_code_data_classification
8017B000-2ab4c471efa13713e0b9a5dfde122fcb88bddc17fb66d0176e8e5d919d00f0bf,20480,0,5836,14644,0x0:0x4;0x16D0:0x5000,,candidate_spans_and_remaining_bytes_are_not_proven_code_data_classification
8017B000-2aba71880e0925d03d2ae6e6dafcf0f637096f377b08e39eb60a6e6ede629a7d,20480,0,6488,13992,0x0:0x4;0x195C:0x5000,0x328C,candidate_spans_and_remaining_bytes_are_not_proven_code_data_classification
8017B000-2acb67bb6860d51500c254a860e1f84005a577d514c8a949e3c58fef184d3308,20480,0,8188,12292,0x0:0x4;0x2000:0x5000,,candidate_spans_and_remaining_bytes_are_not_proven_code_data_classification
8017B000-2ae4d1199e7e8e8df2da74910164038b81f0f337de1e902da9c5ed02528c19b5,20480,0,8188,12292,0x0:0x4;0x2000:0x5000,,candidate_spans_and_remaining_bytes_are_not_proven_code_data_classification
8017B000-2af60ec5f1b2e582bf11457b2909effe8857c2c85eebf0239fb1215318b41b08,20480,0,0,20480,0x0:0x5000,0x2C24,candidate_spans_and_remaining_bytes_are_not_proven_code_data_classification
8017B000-2b4c6d91ad53cd93ba5a6ad74ae7512d731c994c95b6b9882ae89d14b937d555,20480,0,7480,13000,0x0:0x4;0x1D3C:0x5000,,candidate_spans_and_remaining_bytes_are_not_proven_code_data_classification
8017B000-2b54e59f39ae3877a48a419d6564e72df10fb42e982a9ee90640a3d824ab57f0,20480,0,13600,6880,0x0:0x4;0x3524:0x5000,,candidate_spans_and_remaining_bytes_are_not_proven_code_data_classification
8017B000-2b5651084c3dc9cffb05134918c6b9722c04d6953bc247d48a85a1a0d49f6805,20480,0,4532,15948,0x0:0x4;0x11B8:0x5000,,candidate_spans_and_remaining_bytes_are_not_proven_code_data_classification
8017B000-2ba2cd9dbcd12faf5cf09ba2d5874437c7b537f9c9fd04b7404a80972d52bf0a,20480,0,0,20480,0x0:0x5000,0x32A8,candidate_spans_and_remaining_bytes_are_not_proven_code_data_classification
8017B000-2bb014b55e3761f1855038062ea742eccd8063b88d23be9b6e353173e1998aa2,20480,0,9740,10740,0x0:0x4;0x2610:0x5000,0x2874,candidate_spans_and_remaining_bytes_are_not_proven_code_data_classification
8017B000-2be6f626274ce75940a0904be551579477a8a7051743bfe5fe5a75e2c336a485,20480,0,6420,14060,0x0:0x4;0x1918:0x5000,,candidate_spans_and_remaining_bytes_are_not_proven_code_data_classification
8017B000-2bf12dc7b95e28b5c4ad91618cc38056582e14a56878a46ff0f40f290e4dc860,20480,0,7148,13332,0x0:0x4;0x1BF0:0x5000,0x32D8,candidate_spans_and_remaining_bytes_are_not_proven_code_data_classification
8017B000-2c396a532b17991add05f386eaeb9b9bb47f648423fa24044e3d7e14c9664526,20480,0,8412,12068,0x0:0x4;0x20E0:0x5000,,candidate_spans_and_remaining_bytes_are_not_proven_code_data_classification
8017B000-2c42a92d17baa2653c8012500667dee038efc8aa8e5ca62b42f62a15f9f1aab6,20480,0,4436,16044,0x0:0x4;0x1158:0x5000,,candidate_spans_and_remaining_bytes_are_not_proven_code_data_classification
8017B000-2c4345474eb1eae3caa50b5a4e88555e3edf01005a327d3672b1cf9f5aa34069,20480,0,15884,4596,0x0:0x4;0x3E10:0x5000,0x4454,candidate_spans_and_remaining_bytes_are_not_proven_code_data_classification
8017B000-2c9ce385e5ef1348474ecb27a6b9505f48b90ebc604898572fe0557fb50baacd,20480,0,6420,14060,0x0:0x4;0x1918:0x5000,,candidate_spans_and_remaining_bytes_are_not_proven_code_data_classification
8017B000-2cbd2d3ccdb17f46ff2aff7da95ced469ec3ea879cfc90606cf0dc16d5bbc469,20480,0,16488,3992,0x0:0x4;0x406C:0x5000,,candidate_spans_and_remaining_bytes_are_not_proven_code_data_classification
8017B000-2cfb3062cfa1b27179164b4c420c1465cb85ed48cfb18ab6a3fe23f33fbf5ae5,20480,0,4160,16320,0x0:0x4;0x1044:0x5000,0x1DFC,candidate_spans_and_remaining_bytes_are_not_proven_code_data_classification
8017B000-2d4d68ea4fd847e14ca59d80bccd08178a23d5e1dbd6319f8a1ddb74df69bcc2,20480,0,12216,8264,0x0:0x4;0x2FBC:0x5000,,candidate_spans_and_remaining_bytes_are_not_proven_code_data_classification
8017B000-2d7e525d71c39746a0258f07144567ae4004afdfe4c125b2ef9e3a60cc71bd12,20480,0,8560,11920,0x0:0x4;0x2174:0x5000,,candidate_spans_and_remaining_bytes_are_not_proven_code_data_classification
8017B000-2d92c4aab89036502f71caa59e900f313d9a037ca0f43f7761bfb378a92c6cc3,20480,0,9140,11340,0x0:0x4;0x23B8:0x5000,,candidate_spans_and_remaining_bytes_are_not_proven_code_data_classification
8017B000-2daa110dca55f4790651b2b6e8ad77262fcb0514a208218f56e7c49f1dd217a4,20480,0,4924,15556,0x0:0x4;0x1340:0x5000,,candidate_spans_and_remaining_bytes_are_not_proven_code_data_classification
8017B000-2e1eadbb82bc7870b91c418a6d0cdd3150035339303d9b04ce6dcfb704753324,20480,0,2904,17576,0x0:0x4;0xB5C:0x5000,0x10B4,candidate_spans_and_remaining_bytes_are_not_proven_code_data_classification
8017B000-2e2d7462d19cfde007c5acef102f21dc938f32415d4051d10aacd7365a50f7ed,20480,0,0,20480,0x0:0x5000,0x22A4,candidate_spans_and_remaining_bytes_are_not_proven_code_data_classification
8017B000-2e84a131271587c6beb7263c0bbfe5dfc2458072e79ee0d45da9aa38a8ab5d38,20480,0,11720,8760,0x0:0x4;0x2DCC:0x5000,0x3670;0x4198;0x47A4,candidate_spans_and_remaining_bytes_are_not_proven_code_data_classification
8017B000-2ec5df2fbac4f56f8ab2276d45a66ca90352c69d378d939aaeb3bf20eb3a5dff,20480,0,0,20480,0x0:0x5000,0x3590,candidate_spans_and_remaining_bytes_are_not_proven_code_data_classification
8017B000-2f5fa53103a43e6fa869615415a31975add2c627a67d125fd337dbed00ebd00c,20480,0,0,20480,0x0:0x5000,0x3CD8,candidate_spans_and_remaining_bytes_are_not_proven_code_data_classification
8017B000-2fa0a6628023f492f39e11cd3058326dffb56b75a6ae571662eda0e03e279e4b,20480,0,8188,12292,0x0:0x4;0x2000:0x5000,,candidate_spans_and_remaining_bytes_are_not_proven_code_data_classification
8017B000-2fab10ce13350da08f51efb38daf69536e817805fed312593a9401ffca0dff30,20480,0,6524,13956,0x0:0x4;0x1980:0x5000,0x3844,candidate_spans_and_remaining_bytes_are_not_proven_code_data_classification
8017B000-2fb1c01488c35436ca02bf642d75918eb9a1a98a7e5e5584a98f385756c3d075,20480,0,4952,15528,0x0:0x4;0x135C:0x5000,,candidate_spans_and_remaining_bytes_are_not_proven_code_data_classification
8017B000-3010379cd80564e72fd68c8dc2c3f5c297a69cfe6a37ff83d91834ab53dee367,20480,0,3928,16552,0x0:0x4;0xF5C:0x5000,,candidate_spans_and_remaining_bytes_are_not_proven_code_data_classification
8017B000-304986021a008a99222d27166b9d04b6fa50a07d0efaa8736cc509a53a713366,20480,0,6708,13772,0x0:0x4;0x1A38:0x5000,,candidate_spans_and_remaining_bytes_are_not_proven_code_data_classification
8017B000-30af552b33f15e13330e6b78b8152e57915ed35df2d9dcd22b01309a8b438d61,20480,0,6320,14160,0x0:0x4;0x18B4:0x5000,,candidate_spans_and_remaining_bytes_are_not_proven_code_data_classification
8017B000-30f05b4e28d52a78619b84ce4da6d3f5acec24fe17aad2b301b864103d005c6f,20480,0,6708,13772,0x0:0x4;0x1A38:0x5000,,candidate_spans_and_remaining_bytes_are_not_proven_code_data_classification
8017B000-30f911006b8e46aa0d99b6850d405134126d7fe76a7f10a8728a1d4944572a8b,20480,0,5004,15476,0x0:0x4;0x1390:0x5000,0x2004,candidate_spans_and_remaining_bytes_are_not_proven_code_data_classification
8017B000-31580a6e2dfac586a64eb4c0bb81c9e639499e054432db7eba00ec94bdae36d5,20480,0,4504,15976,0x0:0x4;0x119C:0x5000,,candidate_spans_and_remaining_bytes_are_not_proven_code_data_classification
8017B000-3188be8147a14c5d179ea00af3af168121a9b07215eddc3ae38ddc1d0aa79e80,20480,0,7616,12864,0x0:0x4;0x1DC4:0x5000,,candidate_spans_and_remaining_bytes_are_not_proven_code_data_classification
8017B000-3189fdc090488cc51383d35f7d2aaffe65998f745a11be76cc65946f65d404e2,20480,0,8024,12456,0x0:0x4;0x1F5C:0x5000,0x3874,candidate_spans_and_remaining_bytes_are_not_proven_code_data_classification
8017B000-31ab028d96c0e2bf8950ace899084b2cd239bc4cda4e092e439308401c01a2a7,20480,0,8412,12068,0x0:0x4;0x20E0:0x5000,,candidate_spans_and_remaining_bytes_are_not_proven_code_data_classification
8017B000-31e71fd77a23d5a1b6719acdc4da844ede2ad6ce771fb04f9a67550ea162be86,20480,0,0,20480,0x0:0x5000,0x19F0,candidate_spans_and_remaining_bytes_are_not_proven_code_data_classification
8017B000-3249fc6e01c14f7691da1fbb47867e42b361d45d9fab663f38996ae038f959be,20480,0,17452,3028,0x0:0x4;0x4430:0x5000,,candidate_spans_and_remaining_bytes_are_not_proven_code_data_classification
8017B000-329a11d36627fec89bab04d58861fb0c5d8ea41b5fe5eb95c1fdf8c0cd6ba046,20480,0,4484,15996,0x0:0x4;0x1188:0x5000,0x1BF4,candidate_spans_and_remaining_bytes_are_not_proven_code_data_classification
8017B000-332c8bcd6b5c3b4c86d6e9b916274c3ef5d7d82cac46fa2f7c21bfe5cda458b4,20480,0,3592,16888,0x0:0x4;0xE0C:0x5000,,candidate_spans_and_remaining_bytes_are_not_proven_code_data_classification
8017B000-335c25c21fde0e77c49b53cb7a2c7f565668b6534f8bfafc584f965fdfadff16,20480,0,7644,12836,0x0:0x4;0x1DE0:0x5000,,candidate_spans_and_remaining_bytes_are_not_proven_code_data_classification
8017B000-33b9522891368902bc38d4a254a14fdf0e1a826d33a3fbceb38055b5f4fe6139,20480,0,4976,15504,0x0:0x4;0x1374:0x5000,,candidate_spans_and_remaining_bytes_are_not_proven_code_data_classification
8017B000-33e71bd1295c8326e4707624d447f1021be03e4ef6a606a837b1f5cb8aa89e1d,20480,0,4440,16040,0x0:0x4;0x115C:0x5000,,candidate_spans_and_remaining_bytes_are_not_proven_code_data_classification
8017B000-341ce3848ab2997d72a224217ca784193cf4ec98398ba8c5de54c40e16669e65,20480,0,6044,14436,0x0:0x4;0x17A0:0x5000,,candidate_spans_and_remaining_bytes_are_not_proven_code_data_classification
8017B000-34958edf24572d79462b4e2bb8cfca4c044a317c23360aa5b1e124e2aa9f1b98,20480,0,11720,8760,0x0:0x4;0x2DCC:0x5000,,candidate_spans_and_remaining_bytes_are_not_proven_code_data_classification
8017B000-34d3601d06f04b244904026644588e3e4e7396b57a94015560864fb26d94fc7f,20480,0,6196,14284,0x0:0x4;0x1838:0x5000,0x2FB8,candidate_spans_and_remaining_bytes_are_not_proven_code_data_classification
8017B000-34dd3fc72c8d286ca2863f339adfd8fc0e1eddf580dd7002981691c1530634a2,20480,0,5004,15476,0x0:0x4;0x1390:0x5000,,candidate_spans_and_remaining_bytes_are_not_proven_code_data_classification
8017B000-352525fee285d482bdec0781d6398bc677cc053ed0f11a8376b20b599d5cfbab,20480,0,4160,16320,0x0:0x4;0x1044:0x5000,,candidate_spans_and_remaining_bytes_are_not_proven_code_data_classification
8017B000-354b61045e9697473266684f2addb4d5b384137c728953808c93629b1c72c0eb,20480,0,3868,16612,0x0:0x4;0xF20:0x5000,,candidate_spans_and_remaining_bytes_are_not_proven_code_data_classification
8017B000-35888fd38dbf62c4f428a5b991940304d77e3db565c78289150ab88c57b1e64b,20480,0,0,20480,0x0:0x5000,0x32A8,candidate_spans_and_remaining_bytes_are_not_proven_code_data_classification
8017B000-35e3431d8531b3da5a9f0ac4e73126312dec88d4c400fa84a530fda598e34303,20480,0,2904,17576,0x0:0x4;0xB5C:0x5000,,candidate_spans_and_remaining_bytes_are_not_proven_code_data_classification
8017B000-3635dee1f4cf3f1b43cc6afc687d2cb43bd126a175633457c43b9924220344a9,20480,0,10904,9576,0x0:0x4;0x2A9C:0x5000,0x326C,candidate_spans_and_remaining_bytes_are_not_proven_code_data_classification
8017B000-367f9999553fb9cf5dc324a61ee082a38924dc4460e67647c3b144e7f92c968f,20480,0,17732,2748,0x0:0x4;0x4548:0x5000,,candidate_spans_and_remaining_bytes_are_not_proven_code_data_classification
8017B000-36c8d544f65bdf40b47858b345f976f5c55ef80554d959b9966a9190f517a45f,20480,0,0,20480,0x0:0x5000,0x4ADC,candidate_spans_and_remaining_bytes_are_not_proven_code_data_classification
8017B000-36e6090ce970af786b9c18b096a88edaad7d3813f7dc2576ef02437e046b90bf,20480,0,6700,13780,0x0:0x4;0x1A30:0x5000,,candidate_spans_and_remaining_bytes_are_not_proven_code_data_classification
8017B000-373d2766c9dd0c0aef2a1d26e5c52b74fa00b9d002e073a1440c5b95ccd17d6d,20480,0,14360,6120,0x0:0x4;0x381C:0x5000,,candidate_spans_and_remaining_bytes_are_not_proven_code_data_classification
8017B000-376f095d838ac835a8547c97d6f0b3f162f1393b63ec23d2a5f2f65410352494,20480,0,3756,16724,0x0:0x4;0xEB0:0x5000,,candidate_spans_and_remaining_bytes_are_not_proven_code_data_classification
8017B000-37c1b99a831e561e5228fbc14159cc000f3bc35393d8b2b5c4501033162c5603,20480,0,0,20480,0x0:0x5000,0xE40;0x1204,candidate_spans_and_remaining_bytes_are_not_proven_code_data_classification
8017B000-37c3d058b172d732825a7d3864bf0221577271a655ba47ce2488741be4c5b26d,20480,0,7748,12732,0x0:0x4;0x1E48:0x5000,,candidate_spans_and_remaining_bytes_are_not_proven_code_data_classification
8017B000-37c5237d4bbfdc3c7d5c283b198ac9157dea34f232f3c92f7b1774123cfc0e63,20480,0,6420,14060,0x0:0x4;0x1918:0x5000,,candidate_spans_and_remaining_bytes_are_not_proven_code_data_classification
8017B000-38104a3b825ba3a37dc3e9ca7ea33ad0bee3c6e8c88352ce1bd7cfd2b7fbcf4d,20480,0,9924,10556,0x0:0x4;0x26C8:0x5000,,candidate_spans_and_remaining_bytes_are_not_proven_code_data_classification
8017B000-382bcdb04f72ce86a2ed92a400e2c1df7eabe23bc56613184b6a8e5b9b0cfdd5,20480,0,11952,8528,0x0:0x4;0x2EB4:0x5000,,candidate_spans_and_remaining_bytes_are_not_proven_code_data_classification
8017B000-382e14d98ea469d912fd2eafccf19562aa59ee35b24230b21842448c52892227,20480,0,3316,17164,0x0:0x4;0xCF8:0x5000,0x14AC,candidate_spans_and_remaining_bytes_are_not_proven_code_data_classification
8017B000-3843324a5bf41a1e94d71f3b44a3da5b1542b6c69cd2134c8c763307af0bb5f4,20480,0,5524,14956,0x0:0x4;0x1598:0x5000,,candidate_spans_and_remaining_bytes_are_not_proven_code_data_classification
8017B000-38565635499f0961ce5d55848ea3b89d3353d1859a15428599b9070070426f6f,20480,0,9008,11472,0x0:0x4;0x2334:0x5000,,candidate_spans_and_remaining_bytes_are_not_proven_code_data_classification
8017B000-38ce200f7d60556d301ad5c960222f52c45c9796c1544581d4952bbd314ac179,20480,0,0,20480,0x0:0x5000,0xE40,candidate_spans_and_remaining_bytes_are_not_proven_code_data_classification
8017B000-38e5318ecc23d69ee3b42ad8986a7fae55804b67ecd6e5e419c19068fc4053e5,20480,0,6940,13540,0x0:0x4;0x1B20:0x5000,,candidate_spans_and_remaining_bytes_are_not_proven_code_data_classification
8017B000-3957d50cd44f8c2ea66d914c9300b0f313b11c2b08df300dfcd55ea9ebbff5f8,20480,0,12468,8012,0x0:0x4;0x30B8:0x5000,,candidate_spans_and_remaining_bytes_are_not_proven_code_data_classification
8017B000-397a82cd4f3448436cf549e496b81bc51ef2f4a0f7d6bc0e2b01ef04e52b42c4,20480,0,0,20480,0x0:0x5000,0x2358,candidate_spans_and_remaining_bytes_are_not_proven_code_data_classification
8017B000-3983fe91381017cae9c6d90aea9a85d28f46e80cce3291f6f1c2d554a2f4851e,20480,0,6700,13780,0x0:0x4;0x1A30:0x5000,,candidate_spans_and_remaining_bytes_are_not_proven_code_data_classification
8017B000-3a207dd367dc80eaa029b7365fd8916e8bf18d003dd4a7623fd9bb4c2ea29a91,20480,0,10052,10428,0x0:0x4;0x2748:0x5000,,candidate_spans_and_remaining_bytes_are_not_proven_code_data_classification
8017B000-3a2229014bbced9bd0f7df5051ea81ca88c7439a2cb348f46cf25dfe1e8dcee1,20480,0,10956,9524,0x0:0x4;0x2AD0:0x5000,,candidate_spans_and_remaining_bytes_are_not_proven_code_data_classification
8017B000-3a80c5dd069eb341e4c52375dd042a4754964993b4d4f987d271880035872cd5,20480,0,14620,5860,0x0:0x4;0x3920:0x5000,,candidate_spans_and_remaining_bytes_are_not_proven_code_data_classification
8017B000-3ab24a64deff2cc09fde44c4a0e0528579b296367e9580a9e0bc0fd43dd08cb2,20480,0,0,20480,0x0:0x5000,0x3CD8,candidate_spans_and_remaining_bytes_are_not_proven_code_data_classification
8017B000-3ab92dda1e9a10189d0f4649e90641e84a73c5be4676eb4379d8e7de05600240,20480,0,7504,12976,0x0:0x4;0x1D54:0x5000,,candidate_spans_and_remaining_bytes_are_not_proven_code_data_classification
8017B000-3b2c760f67008141c7f524e1c2891656a937067eb251bf5641e5cb90e0f90e55,20480,0,6900,13580,0x0:0x4;0x1AF8:0x5000,,candidate_spans_and_remaining_bytes_are_not_proven_code_data_classification
8017B000-3b34d7a2740378faa51aae60234215a1fcbb44f5cd3f582a5f8209f6f75d47c4,20480,0,5088,15392,0x0:0x4;0x13E4:0x5000,,candidate_spans_and_remaining_bytes_are_not_proven_code_data_classification
8017B000-3b396fab312acd611cdcf951acc53f178f2318750bd6863973ef0cf204d86525,20480,0,9260,11220,0x0:0x4;0x2430:0x5000,,candidate_spans_and_remaining_bytes_are_not_proven_code_data_classification
8017B000-3b4cea26a3f67ae589dd522df50e037585c2c57577b9c04348a534e2e69624f4,20480,0,2964,17516,0x0:0x4;0xB98:0x5000,0x1470,candidate_spans_and_remaining_bytes_are_not_proven_code_data_classification
8017B000-3b8ee50429ee0419844469ae161cb6252865163c7c1150a7aeb2bda5bce2c5b1,20480,0,8412,12068,0x0:0x4;0x20E0:0x5000,,candidate_spans_and_remaining_bytes_are_not_proven_code_data_classification
8017B000-3ba4f82e33fb453bc5a9fb93d1fc06275fd3f2b01fcf87448e623e1f0de1e964,20480,0,4840,15640,0x0:0x4;0x12EC:0x5000,,candidate_spans_and_remaining_bytes_are_not_proven_code_data_classification
8017B000-3bb05f30e68406c32d3de507a9ba4e445fc7b7df517a58e1f4bf9891e07b5f8e,20480,0,11572,8908,0x0:0x4;0x2D38:0x5000,,candidate_spans_and_remaining_bytes_are_not_proven_code_data_classification
8017B000-3bc86d0866df16176ef7ae49b4a51692632d721a7513e614fedb9588a0c800ae,20480,0,11688,8792,0x0:0x4;0x2DAC:0x5000,,candidate_spans_and_remaining_bytes_are_not_proven_code_data_classification
8017B000-3c3e42f121df5fbee137187fb74fa42e646709b5f1e48f43b8d7b6c805d826fb,20480,0,11404,9076,0x0:0x4;0x2C90:0x5000,,candidate_spans_and_remaining_bytes_are_not_proven_code_data_classification
8017B000-3c6dbc308d261fb22f21647bf8cd3ce20657da648baf7fd32017c89b6dd4116f,20480,0,14416,6064,0x0:0x4;0x3854:0x5000,,candidate_spans_and_remaining_bytes_are_not_proven_code_data_classification
8017B000-3c71348c521a48a374b61c62d8beac488ebdd839736b24692571e581f17ebbe0,20480,0,6708,13772,0x0:0x4;0x1A38:0x5000,,candidate_spans_and_remaining_bytes_are_not_proven_code_data_classification
8017B000-3ca35a520f3094668025528c5c902768fd633632ccc9c7905afe4ef831b2c39f,20480,0,7752,12728,0x0:0x4;0x1E4C:0x5000,,candidate_spans_and_remaining_bytes_are_not_proven_code_data_classification
8017B000-3cd9d6ee44e0c64020ae5c66d8eec6ff8f819f6abb33e6c79eeab13ad815abd7,20480,0,0,20480,0x0:0x5000,0x2C24,candidate_spans_and_remaining_bytes_are_not_proven_code_data_classification
8017B000-3cea51ec176eb622a68dcc852e69897067ec32e3fa94636ebad090547726a7c9,20480,0,13712,6768,0x0:0x4;0x3594:0x5000,,candidate_spans_and_remaining_bytes_are_not_proven_code_data_classification
8017B000-3d222835fd4d2ba3adc02ede96533b3b9b6b16e095385ab32bbad690002f2c96,20480,0,5860,14620,0x0:0x4;0x16E8:0x5000,,candidate_spans_and_remaining_bytes_are_not_proven_code_data_classification
8017B000-3d6dff5887f1b20e15770c3bf9377f9f7b0c6b8417472f1dd835529710dcb887,20480,0,7240,13240,0x0:0x4;0x1C4C:0x5000,,candidate_spans_and_remaining_bytes_are_not_proven_code_data_classification
8017B000-3dd382078db22c9084babc23afbb77c6a868beaf8626d45e95ecec1dc6d709e7,20480,0,0,20480,0x0:0x5000,0x2358,candidate_spans_and_remaining_bytes_are_not_proven_code_data_classification
8017B000-3e3cfdf9fdae9f1fd9d0cc167fb03250083e4600277befecefaf095c3a36eafd,20480,0,5560,14920,0x0:0x4;0x15BC:0x5000,0x197C,candidate_spans_and_remaining_bytes_are_not_proven_code_data_classification
8017B000-3e448396519aab2ec1853aeda8259343e785e0e33f1b4609e701100443295694,20480,0,0,20480,0x0:0x5000,0xE40,candidate_spans_and_remaining_bytes_are_not_proven_code_data_classification
8017B000-3e4af966c0eeb09a0a5307a8e32f95a3aa76702ea95640f4017a79219595bf97,20480,0,0,20480,0x0:0x5000,0x19F0,candidate_spans_and_remaining_bytes_are_not_proven_code_data_classification
8017B000-3e5fcf08a22325556c9bebbc8512e53976e2b95a6dd56cacbe44691905fbea46,20480,0,6772,13708,0x0:0x4;0x1A78:0x5000,0x23F0,candidate_spans_and_remaining_bytes_are_not_proven_code_data_classification
8017B000-3e7300571e2ff5e58f5d5f5a17b8b60780da7ef04d30d4040ddd64b41ad76b7d,20480,0,4160,16320,0x0:0x4;0x1044:0x5000,0x1824;0x2C5C,candidate_spans_and_remaining_bytes_are_not_proven_code_data_classification
8017B000-3e9c655d4041420e730a2f21197f637ad9b0a1ec45cb437b97d8e0480e85ca00,20480,0,0,20480,0x0:0x5000,0x4DC4,candidate_spans_and_remaining_bytes_are_not_proven_code_data_classification
8017B000-3f07547b7cecb8d5916ae731f300444d18dd0b4c14f7e6646e0b1b9bd12cd71a,20480,0,18532,1948,0x0:0x4;0x4868:0x5000,0x4CAC,candidate_spans_and_remaining_bytes_are_not_proven_code_data_classification
8017B000-3f2d1bd2f57729c19d3a6b08432f728e4725cacac3665640a38a5bea9f25b9ae,20480,0,2904,17576,0x0:0x4;0xB5C:0x5000,0xF3C;0x1364;0x1850;0x1CA4,candidate_spans_and_remaining_bytes_are_not_proven_code_data_classification
8017B000-3f2ee16d08b5891f47eb8719f976b2a6539999dc4a2ce752c344c2e8b14c1483,20480,0,6320,14160,0x0:0x4;0x18B4:0x5000,,candidate_spans_and_remaining_bytes_are_not_proven_code_data_classification
8017B000-3f5d914a87b84c66b1c188e9d3f4c6a35a9f9db067e53105935d0e9757f2a7f7,20480,0,8324,12156,0x0:0x4;0x2088:0x5000,,candidate_spans_and_remaining_bytes_are_not_proven_code_data_classification
8017B000-3f6e8d5b851dbb8bfd0a58439c8a4b45ad558d35628bcf4709904dfd53b16b50,20480,0,6488,13992,0x0:0x4;0x195C:0x5000,0x328C,candidate_spans_and_remaining_bytes_are_not_proven_code_data_classification
8017B000-3f6ec4f85b6575c81e2f2946b9ce3a03b716f377195bc38e5ffe56d8d9108a06,20480,0,11720,8760,0x0:0x4;0x2DCC:0x5000,,candidate_spans_and_remaining_bytes_are_not_proven_code_data_classification
8017B000-3f8355b7e3f2eaff014ce31833d6d23e98fa69ddc4d0e46fce3bb779ab1d5da5,20480,0,7524,12956,0x0:0x4;0x1D68:0x5000,,candidate_spans_and_remaining_bytes_are_not_proven_code_data_classification
8017B000-4015189198a998584143c917a6b430138a3f5b778c28e99728f1a4b1e4548921,20480,0,4160,16320,0x0:0x4;0x1044:0x5000,0x1ABC,candidate_spans_and_remaining_bytes_are_not_proven_code_data_classification
8017B000-4057ce77255355446e247e8cceeccb7b1f9d8781c19e111eba16598b5fec4fd2,20480,0,7752,12728,0x0:0x4;0x1E4C:0x5000,,candidate_spans_and_remaining_bytes_are_not_proven_code_data_classification
8017B000-40750b9d3b4ba15d7977a26df918f2577b31f4a8c4f310864eda0b84d2b2be69,20480,0,15056,5424,0x0:0x4;0x3AD4:0x5000,,candidate_spans_and_remaining_bytes_are_not_proven_code_data_classification
8017B000-4076365a8afdb64e92dd18c49ce4cfefc7cbc5b4c778e4e3adc0a3c04e5cf75e,20480,0,19192,1288,0x0:0x4;0x4AFC:0x5000,,candidate_spans_and_remaining_bytes_are_not_proven_code_data_classification
8017B000-4099633bc57e3869ae4744ccb993552c2110f709adba34aca6967115a15bbf51,20480,0,8188,12292,0x0:0x4;0x2000:0x5000,,candidate_spans_and_remaining_bytes_are_not_proven_code_data_classification
8017B000-40e4b5e5b21c1349ce3f5a001bf638c9ee267450739591f27c0a3312b1855294,20480,0,6892,13588,0x0:0x4;0x1AF0:0x5000,,candidate_spans_and_remaining_bytes_are_not_proven_code_data_classification
8017B000-4128455842cc6e0b0dcd8f9215acd59b0a9a79c7eed6e5b2c457696bc29d9fe0,20480,0,13596,6884,0x0:0x4;0x3520:0x5000,,candidate_spans_and_remaining_bytes_are_not_proven_code_data_classification
8017B000-4166afaf653441e66137604a953ceb988fae543e216d1146b0dd25981c7532b0,20480,0,6320,14160,0x0:0x4;0x18B4:0x5000,,candidate_spans_and_remaining_bytes_are_not_proven_code_data_classification
8017B000-4202826af95aa8f6c79b728a431c7f643453f358170c9549e42a0aa774b686ac,20480,0,0,20480,0x0:0x5000,0x2358,candidate_spans_and_remaining_bytes_are_not_proven_code_data_classification
8017B000-42188f2292702a35c0cef51f7502d9171a0afe80341f35ae367c4896254baaf0,20480,0,9132,11348,0x0:0x4;0x23B0:0x5000,,candidate_spans_and_remaining_bytes_are_not_proven_code_data_classification
8017B000-429b6969fb974ec03a8d40780978657e5a1f16763d5f6ee4437db20d5b01612b,20480,0,7364,13116,0x0:0x4;0x1CC8:0x5000,,candidate_spans_and_remaining_bytes_are_not_proven_code_data_classification
8017B000-42a0f4410f258760e1996ba46835e91fb9b7825940505352c5298fbfd3855bfb,20480,0,6600,13880,0x0:0x4;0x19CC:0x5000,,candidate_spans_and_remaining_bytes_are_not_proven_code_data_classification
8017B000-42b0625dcf0c702e293bf3eb6c532e277dfe88b34bee410274474c2894d1372d,20480,0,4440,16040,0x0:0x4;0x115C:0x5000,,candidate_spans_and_remaining_bytes_are_not_proven_code_data_classification
8017B000-4309e022832efc257fb5272a581820737294f73a5a2cebba87b53b67ac19cf1f,20480,0,5276,15204,0x0:0x4;0x14A0:0x5000,,candidate_spans_and_remaining_bytes_are_not_proven_code_data_classification
8017B000-43930ca6b9ce9fd6080ba51419b0b8977770f4b3b9eda2a4b6ddc9617a10da8f,20480,0,0,20480,0x0:0x5000,0x1F6C,candidate_spans_and_remaining_bytes_are_not_proven_code_data_classification
8017B000-442ff941bdc6b7c04419a7f16256b0d37107d58ec8b168e9eb5af80bba335186,20480,0,5004,15476,0x0:0x4;0x1390:0x5000,,candidate_spans_and_remaining_bytes_are_not_proven_code_data_classification
8017B000-44988d24dfc571d3039df9ed41379ab87eb89e89b21a17de962762b94ac40c5a,20480,0,6320,14160,0x0:0x4;0x18B4:0x5000,,candidate_spans_and_remaining_bytes_are_not_proven_code_data_classification
8017B000-44afccee5a5752c7704907baf0a42ba1dbd9c6ec99f3589fc8b9ffde53f83a9e,20480,0,8412,12068,0x0:0x4;0x20E0:0x5000,,candidate_spans_and_remaining_bytes_are_not_proven_code_data_classification
8017B000-44b8ab6fa2c8a5795b9ba6093e50f952393cbc4b462f21b15a1b42717c9c9591,20480,0,10860,9620,0x0:0x4;0x2A70:0x5000,,candidate_spans_and_remaining_bytes_are_not_proven_code_data_classification
8017B000-450486e831fe21294a32efebf45c05153735116afbb3845a2bca2590f4383ac1,20480,0,5520,14960,0x0:0x4;0x1594:0x5000,,candidate_spans_and_remaining_bytes_are_not_proven_code_data_classification
8017B000-450a9fab4d69fc20e1f591ff86f36aef6fb5c3e035f8fe417b4d4187c867dd09,20480,0,6324,14156,0x0:0x4;0x18B8:0x5000,,candidate_spans_and_remaining_bytes_are_not_proven_code_data_classification
8017B000-4512aa75a251761faf2a5a0a9e7c55ac5ed1474233cf9a5623fe5755342cd7a5,20480,0,9260,11220,0x0:0x4;0x2430:0x5000,,candidate_spans_and_remaining_bytes_are_not_proven_code_data_classification
8017B000-453d289fe549f7bb4810aaa54c2de355531384078e42bdd2fdb6ec15714310b3,20480,0,0,20480,0x0:0x5000,0x2F68,candidate_spans_and_remaining_bytes_are_not_proven_code_data_classification
8017B000-4581241eda6f33a64fa2fd0cab1b0a47255b17284831b502905ccb1d26b378d7,20480,0,6364,14116,0x0:0x4;0x18E0:0x5000,0x258C,candidate_spans_and_remaining_bytes_are_not_proven_code_data_classification
8017B000-45f100b6231b1f5792dfc793f8c7ed3fe04b613d98887ce2a08fad676a4016b8,20480,0,9400,11080,0x0:0x4;0x24BC:0x5000,,candidate_spans_and_remaining_bytes_are_not_proven_code_data_classification
8017B000-4670fa3ba3053555c883d6b2b2a1fed30c6d0539b2018211a4e268ccf243262d,20480,0,7524,12956,0x0:0x4;0x1D68:0x5000,,candidate_spans_and_remaining_bytes_are_not_proven_code_data_classification
8017B000-46fbd0284755457541413c7271aa9869e40b3b602f402720f73339a9468b618f,20480,0,3592,16888,0x0:0x4;0xE0C:0x5000,,candidate_spans_and_remaining_bytes_are_not_proven_code_data_classification
8017B000-478430e82839a72063aeac9daa591af02bed185fefebbfd871267897326b75f9,20480,0,10312,10168,0x0:0x4;0x284C:0x5000,,candidate_spans_and_remaining_bytes_are_not_proven_code_data_classification
8017B000-478be338fc64f5b0b16c805294ec536050270942f7f0a505cdd75f960864fb33,20480,0,16488,3992,0x0:0x4;0x406C:0x5000,,candidate_spans_and_remaining_bytes_are_not_proven_code_data_classification
8017B000-47e337cd15fcbcbed1dbba7a28e014bff00ad3459506ba57975924ab33b29d2f,20480,0,0,20480,0x0:0x5000,0x44A4,candidate_spans_and_remaining_bytes_are_not_proven_code_data_classification
8017B000-4810eef636c3cee11b006af2d07d60481c0d8729c9d85eacc78666ecc7df57b1,20480,0,6516,13964,0x0:0x4;0x1978:0x5000,,candidate_spans_and_remaining_bytes_are_not_proven_code_data_classification
8017B000-481d4df62faee9b0dc4d4fbc0622c546e54a1d7de6944325f2b11edc2bbb1664,20480,0,17732,2748,0x0:0x4;0x4548:0x5000,,candidate_spans_and_remaining_bytes_are_not_proven_code_data_classification
8017B000-485c1cf9894a972886dae5bdf24451abbd5055f3ad34ebb2ac06650466d29821,20480,0,13600,6880,0x0:0x4;0x3524:0x5000,0x4004,candidate_spans_and_remaining_bytes_are_not_proven_code_data_classification
8017B000-485c6cd93cad4bbd701846c843507b174f5a5f5c685f0c7593eedac93b232ea4,20480,0,9260,11220,0x0:0x4;0x2430:0x5000,,candidate_spans_and_remaining_bytes_are_not_proven_code_data_classification
8017B000-48a29703f25cabcee7b6996a9a5ac5f4b75d87a0cdc177ff28e40bfb28ec0faf,20480,0,4952,15528,0x0:0x4;0x135C:0x5000,0x2004,candidate_spans_and_remaining_bytes_are_not_proven_code_data_classification
8017B000-48b195a1d868fcf7eb2342f861236e9f9e2b97812d576aae95ea27e970b4a2ba,20480,0,3592,16888,0x0:0x4;0xE0C:0x5000,,candidate_spans_and_remaining_bytes_are_not_proven_code_data_classification
8017B000-48c72f4523654ad31cfe5c57513c5ca2963c8fdbba33f618d9e1c782a8f7701a,20480,0,0,20480,0x0:0x5000,0x3CD8,candidate_spans_and_remaining_bytes_are_not_proven_code_data_classification
8017B000-491b751a041c31ccf1c0fe0bf7d2635798b23bc480cd267775a8ad8e06d27e6b,20480,0,8120,12360,0x0:0x4;0x1FBC:0x5000,,candidate_spans_and_remaining_bytes_are_not_proven_code_data_classification
8017B000-49c84751ad2a675415627883143a382836219970a9f5b452a853c1d01d88cc41,20480,0,15292,5188,0x0:0x4;0x3BC0:0x5000,,candidate_spans_and_remaining_bytes_are_not_proven_code_data_classification
8017B000-4a1f128b196a71438286ebb85b50d006a4aefeaff802a00de70fd47529a5d1b3,20480,0,11952,8528,0x0:0x4;0x2EB4:0x5000,,candidate_spans_and_remaining_bytes_are_not_proven_code_data_classification
8017B000-4a254f809e9dff0fff96094b99edabdc673799012b79838e461e70ab93bd5a4b,20480,0,0,20480,0x0:0x5000,0x19F0,candidate_spans_and_remaining_bytes_are_not_proven_code_data_classification
8017B000-4a419968dc401421f47427a32c0f1984c3dfd71b0eaf96608aa706358a0bb761,20480,0,0,20480,0x0:0x5000,0x19F0,candidate_spans_and_remaining_bytes_are_not_proven_code_data_classification
8017B000-4aa920d5c60f985c54ffb7d83719197ce95881bcd245e4b9add381f55d512faf,20480,0,5660,14820,0x0:0x4;0x1620:0x5000,,candidate_spans_and_remaining_bytes_are_not_proven_code_data_classification
8017B000-4ac7211d55ab83e482c846e74189ff0fc71d37acca1060d7d018af47df6627cd,20480,0,3552,16928,0x0:0x4;0xDE4:0x5000,,candidate_spans_and_remaining_bytes_are_not_proven_code_data_classification
8017B000-4ac78bd1b83ceb67e6691c8bde773109f2d4cc893dfe3f3ae3fd9a5a241b0dd1,20480,0,2584,17896,0x0:0x4;0xA1C:0x5000,,candidate_spans_and_remaining_bytes_are_not_proven_code_data_classification
8017B000-4b203574af4a0ee324fdf6670b6780de9df56102348db080c21e085fe0538a58,20480,0,6524,13956,0x0:0x4;0x1980:0x5000,0x3844,candidate_spans_and_remaining_bytes_are_not_proven_code_data_classification
8017B000-4b260000134c367f207f18628a9c618861b0772a8d7eb6a49a7dfbac5d205d73,20480,0,14644,5836,0x0:0x4;0x3938:0x5000,,candidate_spans_and_remaining_bytes_are_not_proven_code_data_classification
8017B000-4b3b24a37a69591c0e7394e1154afeab692c2f238e704b1ea2aedb6660bbcf12,20480,0,0,20480,0x0:0x5000,0x44A4,candidate_spans_and_remaining_bytes_are_not_proven_code_data_classification
8017B000-4b48b9d177638767d5ce50a96b114a68da8840bfd1b2bf8b55fc445dbecc0f43,20480,0,5004,15476,0x0:0x4;0x1390:0x5000,,candidate_spans_and_remaining_bytes_are_not_proven_code_data_classification
8017B000-4b6e2a317bf20eafa993a70d088744779a697050bfaec20620ece6257a93e086,20480,0,13600,6880,0x0:0x4;0x3524:0x5000,,candidate_spans_and_remaining_bytes_are_not_proven_code_data_classification
8017B000-4b89263965a06a6e1c8f2b4236ee7c2de8814ceb048cf0d8af2c4313faf13d6b,20480,0,15292,5188,0x0:0x4;0x3BC0:0x5000,,candidate_spans_and_remaining_bytes_are_not_proven_code_data_classification
8017B000-4b94a31c3db99bd0dd563701c418362ae5d86f5e680f2b338eeffea394fe400f,20480,0,6196,14284,0x0:0x4;0x1838:0x5000,0x2FB8,candidate_spans_and_remaining_bytes_are_not_proven_code_data_classification
8017B000-4c02f2b06127884b7efc79a176fddf3999b7d92e4e533842deaa0a283b7a5a38,20480,0,6700,13780,0x0:0x4;0x1A30:0x5000,,candidate_spans_and_remaining_bytes_are_not_proven_code_data_classification
8017B000-4c3267e24a3589fb333e9f0e4203e3d8e19d859881e01cea185bfc1e49a33e44,20480,0,4260,16220,0x0:0x4;0x10A8:0x5000,0x20B8,candidate_spans_and_remaining_bytes_are_not_proven_code_data_classification
8017B000-4c675c04b9fa12ca3df38cd98d79a4d5fb5ef11277a04cb1cc4301b198ee8b58,20480,0,5560,14920,0x0:0x4;0x15BC:0x5000,,candidate_spans_and_remaining_bytes_are_not_proven_code_data_classification
8017B000-4c6ebefb669ad58c195c9316a144c95470d59f79fa2f1ce5551f1e8c9e117207,20480,0,8412,12068,0x0:0x4;0x20E0:0x5000,,candidate_spans_and_remaining_bytes_are_not_proven_code_data_classification
8017B000-4cb08399d0d46c03e95fac22e91cf89425fa901407de7175f053541d22b3ae84,20480,0,0,20480,0x0:0x5000,0x44A4,candidate_spans_and_remaining_bytes_are_not_proven_code_data_classification
8017B000-4d1954e0f54a2f766b7100b68f97354299e92f4419d2b4308f95b956bd5e3871,20480,0,0,20480,0x0:0x5000,0x1F30,candidate_spans_and_remaining_bytes_are_not_proven_code_data_classification
8017B000-4d8bad87b06ab64f80f2323fa83db7a64c5865126a14ed4c9e49ca7a8104d47f,20480,0,2784,17696,0x0:0x4;0xAE4:0x5000,0x1290,candidate_spans_and_remaining_bytes_are_not_proven_code_data_classification
8017B000-4da55daf94e0d0ff3901e56fa087611b7b121736b9087ed17fca8e52d023516a,20480,0,9164,11316,0x0:0x4;0x23D0:0x5000,,candidate_spans_and_remaining_bytes_are_not_proven_code_data_classification
8017B000-4dad6326e504e5ec0ba92545c4556ec65c8f2784089b80d6cf2af88f915ca4d8,20480,0,7172,13308,0x0:0x4;0x1C08:0x5000,0x32E4,candidate_spans_and_remaining_bytes_are_not_proven_code_data_classification
8017B000-4dbaac20fffc2dc93a1392f04e513c0a6788434eac3de7e82bcb31459aebd516,20480,0,3756,16724,0x0:0x4;0xEB0:0x5000,,candidate_spans_and_remaining_bytes_are_not_proven_code_data_classification
8017B000-4ed128e66c20c38eecddcf43605bd289f4ad09f97d9f54a33bd5e8392d4b721c,20480,0,0,20480,0x0:0x5000,0x3CD8,candidate_spans_and_remaining_bytes_are_not_proven_code_data_classification
8017B000-4ed38ca17f5379541539ef04684ad0a6227adaef29449ffb8b1f812b20c3fb52,20480,0,13596,6884,0x0:0x4;0x3520:0x5000,,candidate_spans_and_remaining_bytes_are_not_proven_code_data_classification
8017B000-4f3946ca5ed744b5c4b487e83811084e55f896871d065a2a27cf7dbef1665d30,20480,0,0,20480,0x0:0x5000,0x4BC8,candidate_spans_and_remaining_bytes_are_not_proven_code_data_classification
8017B000-4f8dc5c2e41fd5b92743786180ed0d9fae86db0a1e8d29b98034ccf0cb4e0fee,20480,0,5328,15152,0x0:0x4;0x14D4:0x5000,,candidate_spans_and_remaining_bytes_are_not_proven_code_data_classification
8017B000-4fbebdbba94755702d114d31a789980a8be52ff8663c88e132c4c290f27ec61e,20480,0,7524,12956,0x0:0x4;0x1D68:0x5000,0x49C0;0x4F6C,candidate_spans_and_remaining_bytes_are_not_proven_code_data_classification
8017B000-507d1200eed038f42559e516b49b4f324b7de5160d6e377266cbc94138ce95ff,20480,0,9260,11220,0x0:0x4;0x2430:0x5000,,candidate_spans_and_remaining_bytes_are_not_proven_code_data_classification
8017B000-5087c7d657bd2a34a076010b42757087b808479f059aea15b0da113ae573cd42,20480,0,4704,15776,0x0:0x4;0x1264:0x5000,0x1358,candidate_spans_and_remaining_bytes_are_not_proven_code_data_classification
8017B000-50a1090e974154d1f63123ae538a2594b4e50e11a6e3d995e1a8291b49330462,20480,0,11720,8760,0x0:0x4;0x2DCC:0x5000,,candidate_spans_and_remaining_bytes_are_not_proven_code_data_classification
8017B000-50cafae6311cecf2d90a32f4d65305725581cf16d9c52c2dd0d4e7fb3e6f8f00,20480,0,4260,16220,0x0:0x4;0x10A8:0x5000,0x20B8,candidate_spans_and_remaining_bytes_are_not_proven_code_data_classification
8017B000-512ce5faefbd53f1c4be3b851f15b6ba38b6e5bdb6b7d4a042be822520fc692f,20480,0,7788,12692,0x0:0x4;0x1E70:0x5000,,candidate_spans_and_remaining_bytes_are_not_proven_code_data_classification
8017B000-512efd1496978099af40aac19d2e5e2c59176603e0a19a1d84a1170327c963bd,20480,0,8412,12068,0x0:0x4;0x20E0:0x5000,,candidate_spans_and_remaining_bytes_are_not_proven_code_data_classification
8017B000-51573f98255fecc9f95b1b4226eb8838f14fffa52bdf702569f6a2df05731995,20480,0,3092,17388,0x0:0x4;0xC18:0x5000,,candidate_spans_and_remaining_bytes_are_not_proven_code_data_classification
8017B000-5172b5d065865777b42fac2bf72d0138a59f44b913b24a794715ffcf845f0a52,20480,0,15292,5188,0x0:0x4;0x3BC0:0x5000,,candidate_spans_and_remaining_bytes_are_not_proven_code_data_classification
8017B000-5180bf99c93db8f8ef94543e9a4bdf40dcc72ece70a594128b2e2ff26136cf8c,20480,0,6204,14276,0x0:0x4;0x1840:0x5000,0x2914,candidate_spans_and_remaining_bytes_are_not_proven_code_data_classification
8017B000-5182740efd42aa726da3999919b152774dc7e30db2a84d4c07f5d94e779daaad,20480,0,0,20480,0x0:0x5000,0x1348,candidate_spans_and_remaining_bytes_are_not_proven_code_data_classification
8017B000-51d59fab1104839b9ecb5460a6bc100b08a6656f6479ff382f58dfd3869aa6f9,20480,0,13168,7312,0x0:0x4;0x3374:0x5000,,candidate_spans_and_remaining_bytes_are_not_proven_code_data_classification
8017B000-51f02ba58172a13b9d14296e78b96c56c75d8f21e72f2e51f5bcfeb3c0d9d512,20480,0,4292,16188,0x0:0x4;0x10C8:0x5000,0x1E98,candidate_spans_and_remaining_bytes_are_not_proven_code_data_classification
8017B000-5201d8afa899bfa0c05e3fb5d67dd4457183574451899d81a32ea41e510cdb08,20480,0,0,20480,0x0:0x5000,0x2C24,candidate_spans_and_remaining_bytes_are_not_proven_code_data_classification
8017B000-52435e26497e001b8f3aab139ef639fea279a535594c82ed6720507871f86da9,20480,0,8684,11796,0x0:0x4;0x21F0:0x5000,,candidate_spans_and_remaining_bytes_are_not_proven_code_data_classification
8017B000-524725b31eb3dbb7b20848e357847ba05a27c10230955d875947edd1b9c77657,20480,0,0,20480,0x0:0x5000,0x2358,candidate_spans_and_remaining_bytes_are_not_proven_code_data_classification
8017B000-52c7b7d4c65face645bdc45e89d93fa59e10291115444d13bf1d425632ed4e8a,20480,0,0,20480,0x0:0x5000,0x32A8,candidate_spans_and_remaining_bytes_are_not_proven_code_data_classification
8017B000-53263ba4098fa261707f0d64a8072202561d69eb3ba45a935be4f10d52e18a84,20480,0,7524,12956,0x0:0x4;0x1D68:0x5000,0x2C5C,candidate_spans_and_remaining_bytes_are_not_proven_code_data_classification
8017B000-535100760e84100416540f62357e5c93244915b85c9e4aa872f633e7489d5824,20480,0,5004,15476,0x0:0x4;0x1390:0x5000,,candidate_spans_and_remaining_bytes_are_not_proven_code_data_classification
8017B000-53515cca6a8226a69d94d88c0cdceb3f9651ebe7e265187b9b16bc4b5a20d211,20480,0,9132,11348,0x0:0x4;0x23B0:0x5000,,candidate_spans_and_remaining_bytes_are_not_proven_code_data_classification
8017B000-536e97027d3f71ef5a8ffbae087d1b349ddb1bf054401c495f0ee7de5e6da257,20480,0,6224,14256,0x0:0x4;0x1854:0x5000,0x29B0,candidate_spans_and_remaining_bytes_are_not_proven_code_data_classification
8017B000-53c21fe1584ed9bca79a9f7cfa945a9d3a850846874a7157cfb701fc3704eb03,20480,0,2584,17896,0x0:0x4;0xA1C:0x5000,0x135C,candidate_spans_and_remaining_bytes_are_not_proven_code_data_classification
8017B000-53ea0fda63de0539d42cef061d314bd04b0b1687403c236e4ced37b0ca6cbbca,20480,0,6196,14284,0x0:0x4;0x1838:0x5000,,candidate_spans_and_remaining_bytes_are_not_proven_code_data_classification
8017B000-54d2d205987910442162017d8f128f49d3af3fab54d2066613f0638b0a0b3a6e,20480,0,0,20480,0x0:0x5000,0x44A4,candidate_spans_and_remaining_bytes_are_not_proven_code_data_classification
8017B000-550310b8a10049da839942244fb63f2b2d622e5ad68bed7a4e5da1c64249c67b,20480,0,4656,15824,0x0:0x4;0x1234:0x5000,0x1C1C,candidate_spans_and_remaining_bytes_are_not_proven_code_data_classification
8017B000-55069a73b5622f51fe707337a3cda2509744facc4e45bcf9c30f6a05bdf072aa,20480,0,5372,15108,0x0:0x4;0x1500:0x5000,,candidate_spans_and_remaining_bytes_are_not_proven_code_data_classification
8017B000-551aaf649211d106f1dfe5b3e93d0e70bc2cfff247b4abcf7ec5a4d207a82b2b,20480,0,0,20480,0x0:0x5000,0x3CD8,candidate_spans_and_remaining_bytes_are_not_proven_code_data_classification
8017B000-5521d2f3f956d341e52ae21a7de7880a9deb802dc02dc2080647e1926cc950d6,20480,0,10440,10040,0x0:0x4;0x28CC:0x5000,,candidate_spans_and_remaining_bytes_are_not_proven_code_data_classification
8017B000-5523017d661a8e21192b82d33ffc497c0cf9f3c7d1a8cf0d9dce41a1477b3e3b,20480,0,6196,14284,0x0:0x4;0x1838:0x5000,0x2FB8,candidate_spans_and_remaining_bytes_are_not_proven_code_data_classification
8017B000-553f32b21b977bf53d6b99b2e87fd0b5a37dee8b07b15083121a0f4cd0971732,20480,0,6892,13588,0x0:0x4;0x1AF0:0x5000,,candidate_spans_and_remaining_bytes_are_not_proven_code_data_classification
8017B000-554df1c3dc161446e61a89719e3e4a1579ab673a2f75f5ac6c9ff4113ce4fb4b,20480,0,0,20480,0x0:0x5000,0x1F6C,candidate_spans_and_remaining_bytes_are_not_proven_code_data_classification
8017B000-559e003333be5c02c577e685afc85f24384b4ece6c381147a94af0d73f4ef118,20480,0,18256,2224,0x0:0x4;0x4754:0x5000,,candidate_spans_and_remaining_bytes_are_not_proven_code_data_classification
8017B000-55b4a8976571a44ae97af57da2d4e08c5c98b81c3e2f649ffde18128d2d03cc7,20480,0,4260,16220,0x0:0x4;0x10A8:0x5000,0x2004,candidate_spans_and_remaining_bytes_are_not_proven_code_data_classification
8017B000-55d76911c02d1725a258a7fcd9b25a0b0314b6fb2973305d5364907c5d4bf3d4,20480,0,13712,6768,0x0:0x4;0x3594:0x5000,,candidate_spans_and_remaining_bytes_are_not_proven_code_data_classification
8017B000-56069814416dc906f5cf1311c09374a8fa32a2df9dffdd2d9ae92a886aeee2e6,20480,0,3296,17184,0x0:0x4;0xCE4:0x5000,0x16A0,candidate_spans_and_remaining_bytes_are_not_proven_code_data_classification
8017B000-56154d47a6fda77bacea187e0a6537634700e6c29dab98ab32a79df91a51c5c0,20480,0,0,20480,0x0:0x5000,0x3F90,candidate_spans_and_remaining_bytes_are_not_proven_code_data_classification
8017B000-5629a8241edfcc25c4a984d79117963358e74da37fec485568cd632b2e02f031,20480,0,9452,11028,0x0:0x4;0x24F0:0x5000,,candidate_spans_and_remaining_bytes_are_not_proven_code_data_classification
8017B000-563a6a56c34b813667f59d7d81ac1e646c60f867106d596fec77b19a692080c6,20480,0,9164,11316,0x0:0x4;0x23D0:0x5000,,candidate_spans_and_remaining_bytes_are_not_proven_code_data_classification
8017B000-56405a58d171f5d649802fcb0d3c694f5b0868122dac4f4b28be21ae5fd3cf0e,20480,0,0,20480,0x0:0x5000,0x19F0,candidate_spans_and_remaining_bytes_are_not_proven_code_data_classification
8017B000-567cfd0b1b8de77346f5e8745d9c6dd887dd540d0c08503b5eae20d6066d0299,20480,0,6700,13780,0x0:0x4;0x1A30:0x5000,,candidate_spans_and_remaining_bytes_are_not_proven_code_data_classification
8017B000-569fa99a8915f2ebf500d2fff77a415c4a472192b81868825b8619524209e4f1,20480,0,4068,16412,0x0:0x4;0xFE8:0x5000,0x258C,candidate_spans_and_remaining_bytes_are_not_proven_code_data_classification
8017B000-56c6fa194c0a0944438811c5528b843729fbe7542cb00e222e4774cb8412ec00,20480,0,3296,17184,0x0:0x4;0xCE4:0x5000,0x1260;0x19AC;0x1E94;0x2408;0x271C;0x2A9C;0x2E04,candidate_spans_and_remaining_bytes_are_not_proven_code_data_classification
8017B000-56cb96276b9fe1857fd92ca4b29e1d08e4c45e32807023c7adc5a2cdd03f5259,20480,0,18256,2224,0x0:0x4;0x4754:0x5000,,candidate_spans_and_remaining_bytes_are_not_proven_code_data_classification
8017B000-56e419652995191eb708526ca7e4c870d420f228ac16d172ae33404b0a08da44,20480,0,15884,4596,0x0:0x4;0x3E10:0x5000,0x4454,candidate_spans_and_remaining_bytes_are_not_proven_code_data_classification
8017B000-57436fe3b9fcae7db7fdb14acbcead1e06da093a8e143fc1842b156c02f4d33d,20480,0,15884,4596,0x0:0x4;0x3E10:0x5000,0x4454,candidate_spans_and_remaining_bytes_are_not_proven_code_data_classification
8017B000-5750a869f8de8bf183be83f9c4d01630b5ec8c88e27b3470451daddd81410a1d,20480,0,7808,12672,0x0:0x4;0x1E84:0x5000,0x20D8,candidate_spans_and_remaining_bytes_are_not_proven_code_data_classification
8017B000-57582454987032a4a7565edca10a9fd18b44c613fc76485f26aa50c2f9d470fd,20480,0,11156,9324,0x0:0x4;0x2B98:0x5000,,candidate_spans_and_remaining_bytes_are_not_proven_code_data_classification
8017B000-57e41528e56f26db8534a54da508bd32387d3bcf67ce9c75ad0fa8732d016845,20480,0,9140,11340,0x0:0x4;0x23B8:0x5000,,candidate_spans_and_remaining_bytes_are_not_proven_code_data_classification
8017B000-57f19bc92ff2ee28dfbc0bac4bd6aa7887d0e7409ed7001c5b8873fab43def53,20480,0,18532,1948,0x0:0x4;0x4868:0x5000,0x4CAC,candidate_spans_and_remaining_bytes_are_not_proven_code_data_classification
8017B000-58336ae7efd7aa8e1c0431eab6ebb13de46fa5a2a6a7aa57c59e158d713db8da,20480,0,3756,16724,0x0:0x4;0xEB0:0x5000,0x161C,candidate_spans_and_remaining_bytes_are_not_proven_code_data_classification
8017B000-586ebf0f8d1d9df79ba3b0b5a4ac4eae8a9d499c2a80b68dde575e4865208129,20480,0,6700,13780,0x0:0x4;0x1A30:0x5000,,candidate_spans_and_remaining_bytes_are_not_proven_code_data_classification
8017B000-58bdc26e17352edd8f351786e327a805c792d6710c7d0dd419012f78df7170d8,20480,0,0,20480,0x0:0x5000,0x32A8,candidate_spans_and_remaining_bytes_are_not_proven_code_data_classification
8017B000-5920e7e428df90d90d6f49ba7b8a61d0d5d263e2cd76d020604552be917df5bc,20480,0,9476,11004,0x0:0x4;0x2508:0x5000,,candidate_spans_and_remaining_bytes_are_not_proven_code_data_classification
8017B000-59238a7988b3a441a79614bda444aa80b5a9917f270aa3b88a59a94be6f2ffa6,20480,0,6196,14284,0x0:0x4;0x1838:0x5000,0x2730,candidate_spans_and_remaining_bytes_are_not_proven_code_data_classification
8017B000-59275214a5f34c2e9839d015596ad8055ee43972c727b82ef7427daeb12a7f02,20480,0,7292,13188,0x0:0x4;0x1C80:0x5000,,candidate_spans_and_remaining_bytes_are_not_proven_code_data_classification
8017B000-594e66dd7d7f32ebae6f346ee64753c23a12596c6a1ffeb85a1393660fc92299,20480,0,11792,8688,0x0:0x4;0x2E14:0x5000,0x3164;0x3870;0x3B84;0x3F04;0x426C,candidate_spans_and_remaining_bytes_are_not_proven_code_data_classification
8017B000-5955989fd3b18ba1d89efcb3df907f69ecfb5f910da9cc1bee4cc8768b676790,20480,0,4356,16124,0x0:0x4;0x1108:0x5000,,candidate_spans_and_remaining_bytes_are_not_proven_code_data_classification
8017B000-59d2667337b99f984a3e1c4eeef46dbe90d1a727585b08436fd067f29ba32094,20480,0,14360,6120,0x0:0x4;0x381C:0x5000,,candidate_spans_and_remaining_bytes_are_not_proven_code_data_classification
8017B000-5a8fb07fd5e0b4dc2996842f9fb0fa14cdbd9f09b6eba5c33864987b1ae29c22,20480,0,6196,14284,0x0:0x4;0x1838:0x5000,0x36A0;0x4194;0x456C;0x4884;0x4C08,candidate_spans_and_remaining_bytes_are_not_proven_code_data_classification
8017B000-5b85a919d23e8da37feb86ab374b182df08fa84748d40fba3f814f71db910ddd,20480,0,14740,5740,0x0:0x4;0x3998:0x5000,,candidate_spans_and_remaining_bytes_are_not_proven_code_data_classification
8017B000-5bcf0af16cdbc5150ebb14981ac08ea6d465af5352046773389ca2faad3ae1c6,20480,0,10312,10168,0x0:0x4;0x284C:0x5000,,candidate_spans_and_remaining_bytes_are_not_proven_code_data_classification
8017B000-5c0386610d495435a37e692b9fbd8050a9f5f5752a182999f41e906f120ebf08,20480,0,0,20480,0x0:0x5000,0x4ADC,candidate_spans_and_remaining_bytes_are_not_proven_code_data_classification
8017B000-5c5c85485c6a878a7ece52c99fbefd48979a5c423a6d25913328818429eb0b2a,20480,0,8284,12196,0x0:0x4;0x2060:0x5000,,candidate_spans_and_remaining_bytes_are_not_proven_code_data_classification
8017B000-5ca746296fd16ce28e2a0dda943eb5e3809e2f45d5873aade1e7531bdb617886,20480,0,0,20480,0x0:0x5000,0xE40;0x1204,candidate_spans_and_remaining_bytes_are_not_proven_code_data_classification
8017B000-5cb0871b7802d83858896338fdca73802f6cd792406d760833930282dcac2c2f,20480,0,6204,14276,0x0:0x4;0x1840:0x5000,0x2914,candidate_spans_and_remaining_bytes_are_not_proven_code_data_classification
8017B000-5cdc8d311de636379b3121e6fa84d3322b108baad8d729fab1ed001aafe5a555,20480,0,6708,13772,0x0:0x4;0x1A38:0x5000,,candidate_spans_and_remaining_bytes_are_not_proven_code_data_classification
8017B000-5cfeac74ce4ef9ba929a2bc7b0aa9e0508e8ea3a421b4acd9098c1d76905f338,20480,0,11416,9064,0x0:0x4;0x2C9C:0x5000,,candidate_spans_and_remaining_bytes_are_not_proven_code_data_classification
8017B000-5d5569304afc7e8a6a4d9524b5040a1eab79977b7905fcb074773663edbf82a3,20480,0,11720,8760,0x0:0x4;0x2DCC:0x5000,,candidate_spans_and_remaining_bytes_are_not_proven_code_data_classification
8017B000-5d71aa0d7f0a45f74eba555670b67efa189752a4e172426ce4cf416f416b3e83,20480,0,6196,14284,0x0:0x4;0x1838:0x5000,,candidate_spans_and_remaining_bytes_are_not_proven_code_data_classification
8017B000-5d875a91b46621d341cb6bcd8e4c9588480fd0414bf615e1fec5cd5fba2c446a,20480,0,9452,11028,0x0:0x4;0x24F0:0x5000,,candidate_spans_and_remaining_bytes_are_not_proven_code_data_classification
8017B000-5db0e71948900ecb0d952a2128440d66daa9d18ffc3bcd26cf254ce0e89e67b1,20480,0,7616,12864,0x0:0x4;0x1DC4:0x5000,,candidate_spans_and_remaining_bytes_are_not_proven_code_data_classification
8017B000-5dfbf78d1899e4bc9e5e19b0fd43ce0c3f0ec7dedb66ef27506ec3e5e8e206c2,20480,0,8684,11796,0x0:0x4;0x21F0:0x5000,,candidate_spans_and_remaining_bytes_are_not_proven_code_data_classification
8017B000-5e5998a76c1a24aec771772ccc1bdec6af35026261ff29955f7875dd645977ba,20480,0,15720,4760,0x0:0x4;0x3D6C:0x5000,,candidate_spans_and_remaining_bytes_are_not_proven_code_data_classification
8017B000-5ed1b6cd3b8a979c47c84646c6f6bfe65138c2bfb5397f883a5e6e9c068fbddf,20480,0,14644,5836,0x0:0x4;0x3938:0x5000,,candidate_spans_and_remaining_bytes_are_not_proven_code_data_classification
8017B000-5ef9c8ecfc38aa0be19adc16df46b7de09312fdc746acbf17e33a6d30aab585a,20480,0,7060,13420,0x0:0x4;0x1B98:0x5000,,candidate_spans_and_remaining_bytes_are_not_proven_code_data_classification
8017B000-5f3a53eb12a6ae96aa166603bc73e541b28ff476ce2a277195bb60b88fa652c9,20480,0,14740,5740,0x0:0x4;0x3998:0x5000,,candidate_spans_and_remaining_bytes_are_not_proven_code_data_classification
8017B000-5f4d819e35c8e4c35dba7226891382c00eb0f4960af5b5b8c4b6e7ff1e166be4,20480,0,10520,9960,0x0:0x4;0x291C:0x5000,0x2C7C;0x2FE8,candidate_spans_and_remaining_bytes_are_not_proven_code_data_classification
8017B000-5fae8739a63a3c66556c8201a3a37e4ed970a3c85c7a6d94ac85d94f7cf0a23f,20480,0,6364,14116,0x0:0x4;0x18E0:0x5000,0x2EC0,candidate_spans_and_remaining_bytes_are_not_proven_code_data_classification
8017B000-5fb184efd975ed4fdf0921bc133464151dc7e2a32e82a001a1cf85b14bd56baf,20480,0,6320,14160,0x0:0x4;0x18B4:0x5000,0x21D4,candidate_spans_and_remaining_bytes_are_not_proven_code_data_classification
8017B000-60199832daff8abe6dfb8be17f848c83230140becb229a98b4a34a02e020ead1,20480,0,4440,16040,0x0:0x4;0x115C:0x5000,0x1954;0x49C8;0x4D68,candidate_spans_and_remaining_bytes_are_not_proven_code_data_classification
8017B000-6026262390cab5163b96146bbebf7e7ffd0f3a7dbd15b173f80d5418f0c8a02d,20480,0,6036,14444,0x0:0x4;0x1798:0x5000,,candidate_spans_and_remaining_bytes_are_not_proven_code_data_classification
8017B000-602e757e5126f537d3d71c6d18f38c90f5f85e1a7cbf6ecaf5d18386cfdc29a7,20480,0,3932,16548,0x0:0x4;0xF60:0x5000,0x19C8,candidate_spans_and_remaining_bytes_are_not_proven_code_data_classification
8017B000-60367716c45fc1d7abbe9908a417d9cc6a03cad557907c008bab3d6e4263b35f,20480,0,8836,11644,0x0:0x4;0x2288:0x5000,,candidate_spans_and_remaining_bytes_are_not_proven_code_data_classification
8017B000-604a0cc1c459a70697e8d9b54b9cfe85a0377f53e79c8fbb62cb017dc9790538,20480,0,0,20480,0x0:0x5000,0x32A8,candidate_spans_and_remaining_bytes_are_not_proven_code_data_classification
8017B000-60e530e9f7ef6406465ffd81d2efce30e6d8408ed93d5fea333c745b9610696d,20480,0,5560,14920,0x0:0x4;0x15BC:0x5000,0x239C,candidate_spans_and_remaining_bytes_are_not_proven_code_data_classification
8017B000-6110ab608ad193746ac68c221e62d1ef189d950dc71edc1aa4ee99d2afd4bef3,20480,0,9084,11396,0x0:0x4;0x2380:0x5000,,candidate_spans_and_remaining_bytes_are_not_proven_code_data_classification
8017B000-61264add47b7ff17e7681817e069ddbefb1183b6eab7a246d778c4c067e9e4d7,20480,0,6320,14160,0x0:0x4;0x18B4:0x5000,,candidate_spans_and_remaining_bytes_are_not_proven_code_data_classification
8017B000-61cf57ee74133a5e373e025297b376877fb750860fa57fa50ead94dca83551c4,20480,0,6716,13764,0x0:0x4;0x1A40:0x5000,0x1E04;0x2390;0x2E6C;0x4004,candidate_spans_and_remaining_bytes_are_not_proven_code_data_classification
8017B000-61d22aa25f9e9d16473488365cd2ccdfd960b0cf011ffd0b4684d5ec07f0f3fb,20480,0,5860,14620,0x0:0x4;0x16E8:0x5000,,candidate_spans_and_remaining_bytes_are_not_proven_code_data_classification
8017B000-62008add9699589de823f076ff25a33bc6211aaec96b1c58438bc98ec9e9be17,20480,0,10052,10428,0x0:0x4;0x2748:0x5000,,candidate_spans_and_remaining_bytes_are_not_proven_code_data_classification
8017B000-62dabdfd7ceb213e067993082366ad87a6e7a77ab7b8a3483d80ea03191ad399,20480,0,7508,12972,0x0:0x4;0x1D58:0x5000,,candidate_spans_and_remaining_bytes_are_not_proven_code_data_classification
8017B000-62e7bdc8d7368205a6cf6c201a6f7145105e69c1e2f86a41cfd4a2e6579eda2d,20480,0,17732,2748,0x0:0x4;0x4548:0x5000,,candidate_spans_and_remaining_bytes_are_not_proven_code_data_classification
8017B000-62ee0d4d5b3c57bada0f1f087a577b9b8c5ce0a7874651f0f06d2fc9ed473451,20480,0,13600,6880,0x0:0x4;0x3524:0x5000,,candidate_spans_and_remaining_bytes_are_not_proven_code_data_classification
8017B000-630b6650cb58568a1efec458dc4306e1bfc63a08b7092d0912654d7d8912bcac,20480,0,0,20480,0x0:0x5000,0x32A8,candidate_spans_and_remaining_bytes_are_not_proven_code_data_classification
8017B000-631c105ccff048c7047cd86a5b8eb3e6ec60f1e4f7703874ec6b5de181be0b0b,20480,0,8412,12068,0x0:0x4;0x20E0:0x5000,,candidate_spans_and_remaining_bytes_are_not_proven_code_data_classification
8017B000-639a4639be7880a810e847cce6ead0a78158a3ae8d8cacd5e06d8b6b45afd3cd,20480,0,13712,6768,0x0:0x4;0x3594:0x5000,,candidate_spans_and_remaining_bytes_are_not_proven_code_data_classification
8017B000-63b5a7b1a4e064067e77e128781b7c577eee0a182ce138aa7ed7c0a5204ebe95,20480,0,3932,16548,0x0:0x4;0xF60:0x5000,0x19C8,candidate_spans_and_remaining_bytes_are_not_proven_code_data_classification
8017B000-64283b56eb8b0c43932c07f6fd7d614534f3eb821ad68d03f1a7563f0da3ade7,20480,0,10040,10440,0x0:0x4;0x273C:0x5000,,candidate_spans_and_remaining_bytes_are_not_proven_code_data_classification
8017B000-642a545b58e6b60a1eda6ede053817ec005bbb3e5e9ccb7c11be9a9a3c7fc8bc,20480,0,0,20480,0x0:0x5000,0x3CD8,candidate_spans_and_remaining_bytes_are_not_proven_code_data_classification
8017B000-6448d2620afb02c6671e7d859121af051a9586980decc20a6b73849de56b4516,20480,0,18532,1948,0x0:0x4;0x4868:0x5000,0x4CAC,candidate_spans_and_remaining_bytes_are_not_proven_code_data_classification
8017B000-64f96425f1c0222427876af6c624d70aeb8f67808141e6cadd0af08cbcdcba7f,20480,0,5700,14780,0x0:0x4;0x1648:0x5000,,candidate_spans_and_remaining_bytes_are_not_proven_code_data_classification
8017B000-6524b21c1628e75de9bc43779cf76db6ef1d46ad30613605ec7cc0ebacb7bea9,20480,0,6196,14284,0x0:0x4;0x1838:0x5000,,candidate_spans_and_remaining_bytes_are_not_proven_code_data_classification
8017B000-6538847b014eb97ba92add7d3fb90a81711ad3dd3a96547526c02b43a208d05f,20480,0,11896,8584,0x0:0x4;0x2E7C:0x5000,,candidate_spans_and_remaining_bytes_are_not_proven_code_data_classification
8017B000-6598a90f1cfd13a90cd9feb9dd0266d578990d9ccea867b041a3d21c7bb933d1,20480,0,0,20480,0x0:0x5000,0x2F68,candidate_spans_and_remaining_bytes_are_not_proven_code_data_classification
8017B000-65b341a2475e640b02be1cd1e94642ad00cc9b264b57862c95d5fb73fad5bf4e,20480,0,14384,6096,0x0:0x4;0x3834:0x5000,,candidate_spans_and_remaining_bytes_are_not_proven_code_data_classification
8017B000-65ef19da10f3b27b8878373d6d21b89491f4e15e8d10583dc2d32db08dff910c,20480,0,5416,15064,0x0:0x4;0x152C:0x5000,,candidate_spans_and_remaining_bytes_are_not_proven_code_data_classification
8017B000-65f4752fbdae03400087bd4c1760c6672e2b3574019bd65af6ce31212e5b24e8,20480,0,2384,18096,0x0:0x4;0x954:0x5000,0xE2C,candidate_spans_and_remaining_bytes_are_not_proven_code_data_classification
8017B000-66722bfe08f9a7c236c083577d7313eef5ea52aefc79d45bc771306284432803,20480,0,4272,16208,0x0:0x4;0x10B4:0x5000,,candidate_spans_and_remaining_bytes_are_not_proven_code_data_classification
8017B000-667dae6f27465860caf024c175aa1444b3eeba62384e6bbc6b1ea722f1104040,20480,0,13600,6880,0x0:0x4;0x3524:0x5000,,candidate_spans_and_remaining_bytes_are_not_proven_code_data_classification
8017B000-6697c35b40db769c1a54c2ddff6c431c6515bea754c3e10d41c88e907fa5b47c,20480,0,0,20480,0x0:0x5000,0x4DC4,candidate_spans_and_remaining_bytes_are_not_proven_code_data_classification
8017B000-66dcdf0e38f94140ed476689fbb90ab0db57c0cf5bc1947f623f52bddad372e9,20480,0,2384,18096,0x0:0x4;0x954:0x5000,0xE2C,candidate_spans_and_remaining_bytes_are_not_proven_code_data_classification
8017B000-672a70502c09ffa0f735c91e4db8ae35c484106aa61e7412697c450552bca8ba,20480,0,0,20480,0x0:0x5000,0x3590,candidate_spans_and_remaining_bytes_are_not_proven_code_data_classification
8017B000-684fa3c9afc0bc757d052fbe907c31ea473ec4c57a6ac3441a4fe312d3f5e4dd,20480,0,6844,13636,0x0:0x4;0x1AC0:0x5000,,candidate_spans_and_remaining_bytes_are_not_proven_code_data_classification
8017B000-686631f68e01d4b094dd58c8f1582f5b5133d6c48ef527d6d5da9996a06aeee4,20480,0,8412,12068,0x0:0x4;0x20E0:0x5000,,candidate_spans_and_remaining_bytes_are_not_proven_code_data_classification
8017B000-6875de1ff01ca38c79247dbf8bc5a45bd6d300f4287aefd8507f22a0bf879d1f,20480,0,9164,11316,0x0:0x4;0x23D0:0x5000,0x4718,candidate_spans_and_remaining_bytes_are_not_proven_code_data_classification
8017B000-6893dc855d7a366c16cfa27a4a3ee349b8ed3a55ea9925b3591ffe24c777636f,20480,0,5296,15184,0x0:0x4;0x14B4:0x5000,,candidate_spans_and_remaining_bytes_are_not_proven_code_data_classification
8017B000-6899fce27d0d5b7944d1bbce7866ce0089991a5e66115d0622e096b949568361,20480,0,4532,15948,0x0:0x4;0x11B8:0x5000,,candidate_spans_and_remaining_bytes_are_not_proven_code_data_classification
8017B000-68c6a35ea8f52ebb8c1fc544a38786dcc4cddc6121c0b90d0471ce432d3afe19,20480,0,3928,16552,0x0:0x4;0xF5C:0x5000,,candidate_spans_and_remaining_bytes_are_not_proven_code_data_classification
8017B000-68db6c785a65f049a3944928ee1c429a70e9b41f4d372bf77544f3a9db1598a3,20480,0,0,20480,0x0:0x5000,0x19F0,candidate_spans_and_remaining_bytes_are_not_proven_code_data_classification
8017B000-68f3542836ea174ae7c24e6e3e6e5b4154200f3122ef928c2e7f6a0887f60ccb,20480,0,5700,14780,0x0:0x4;0x1648:0x5000,,candidate_spans_and_remaining_bytes_are_not_proven_code_data_classification
8017B000-697cb2842f469855d80a3a1f96ac5d66f74046e83aaed31efa4413085d843591,20480,0,0,20480,0x0:0x5000,0x3CD8,candidate_spans_and_remaining_bytes_are_not_proven_code_data_classification
8017B000-69943a63e899139e601a1f915aceeec51d16eb830d91a5d4910f7ce90471003d,20480,0,4484,15996,0x0:0x4;0x1188:0x5000,0x1BF4,candidate_spans_and_remaining_bytes_are_not_proven_code_data_classification
8017B000-69aa11120af835f89df13c225574a7b1e01acdb1fb98798ecd5e1a244406cf19,20480,0,11720,8760,0x0:0x4;0x2DCC:0x5000,,candidate_spans_and_remaining_bytes_are_not_proven_code_data_classification
8017B000-69aad57a3c2acdc52111cd90459e9c2a1e22ceac3b516a4a29dd550df2c11e4a,20480,0,0,20480,0x0:0x5000,0x19F0,candidate_spans_and_remaining_bytes_are_not_proven_code_data_classification
8017B000-69da324f8fe493ba7ce262d4f014a07bc84d0c850cc9d23bcf051531ed8914c3,20480,0,0,20480,0x0:0x5000,0x3CD8,candidate_spans_and_remaining_bytes_are_not_proven_code_data_classification
8017B000-6a1fc0601f098eef93d5213dd78f265a678ecacb6b2699d9840d1f10f2988a7c,20480,0,5292,15188,0x0:0x4;0x14B0:0x5000,,candidate_spans_and_remaining_bytes_are_not_proven_code_data_classification
8017B000-6a4519b9d335fe7676f974fe6fb517c2e4af1362fd33af645f8090e3c164239e,20480,0,13036,7444,0x0:0x4;0x32F0:0x5000,,candidate_spans_and_remaining_bytes_are_not_proven_code_data_classification
8017B000-6aacbcd73b7c32334e5f76db3af422bc7277a08ab4902d2268f1395ea5327a57,20480,0,5524,14956,0x0:0x4;0x1598:0x5000,0x2498,candidate_spans_and_remaining_bytes_are_not_proven_code_data_classification
8017B000-6ace45aad2e88d9aaf0a12936fcc2d3e70ddbc5762aaad19abdd1409f0345033,20480,0,4412,16068,0x0:0x4;0x1140:0x5000,0x13D4;0x3004;0x4004,candidate_spans_and_remaining_bytes_are_not_proven_code_data_classification
8017B000-6af8f5a590d825b8b17b23658d1c1a30283a1ac9407cd98053ce6623e97b093c,20480,0,0,20480,0x0:0x5000,0xE40;0x1204,candidate_spans_and_remaining_bytes_are_not_proven_code_data_classification
8017B000-6b10401dc426bdf46ea80e3d53c050864738cb063e4dda0f3c13232b4c8ab2f9,20480,0,6420,14060,0x0:0x4;0x1918:0x5000,,candidate_spans_and_remaining_bytes_are_not_proven_code_data_classification
8017B000-6b14ccaf3be87633b83306d1ecf35e0a0fc12ed7f902f613f62ab79795bb633d,20480,0,11112,9368,0x0:0x4;0x2B6C:0x5000,,candidate_spans_and_remaining_bytes_are_not_proven_code_data_classification
8017B000-6b174033ae34be48341de66234df0062926bbf9c42eb9b9cca35e19400536e9f,20480,0,6488,13992,0x0:0x4;0x195C:0x5000,0x328C,candidate_spans_and_remaining_bytes_are_not_proven_code_data_classification
8017B000-6b5305976b7f9f29660b1e1f447ddac749d32e84fb8365a87f5f08ab1dc26861,20480,0,5836,14644,0x0:0x4;0x16D0:0x5000,,candidate_spans_and_remaining_bytes_are_not_proven_code_data_classification
8017B000-6b599b2f764086e1968ccf9ac5d235cfa5edc6784c93a44b6d67297605cb4b82,20480,0,5860,14620,0x0:0x4;0x16E8:0x5000,,candidate_spans_and_remaining_bytes_are_not_proven_code_data_classification
8017B000-6bc0999c59a226e421bc69d9c82723106cb127467c89fccbadea2a9adc44f723,20480,0,6572,13908,0x0:0x4;0x19B0:0x5000,0x2DCC,candidate_spans_and_remaining_bytes_are_not_proven_code_data_classification
8017B000-6bcf731c92cc473b401a2ccd46bbee1935c5cc05b203f53fc62bb9989e234ebc,20480,0,4384,16096,0x0:0x4;0x1124:0x5000,,candidate_spans_and_remaining_bytes_are_not_proven_code_data_classification
8017B000-6bf42cfa52f4f5970b0f96d85b877bd762ef1eb9dcbd65a08e3b1ae34d51ebe2,20480,0,5660,14820,0x0:0x4;0x1620:0x5000,0x1A04,candidate_spans_and_remaining_bytes_are_not_proven_code_data_classification
8017B000-6c4c146a7645fc75325fd056d807f39c20d77808b503c35402753b0d8159b95b,20480,0,10148,10332,0x0:0x4;0x27A8:0x5000,,candidate_spans_and_remaining_bytes_are_not_proven_code_data_classification
8017B000-6cd5ce30c18470446ac36c6fe528bf6f8925cd65c3425a1b8380f91dabfac621,20480,0,11792,8688,0x0:0x4;0x2E14:0x5000,0x3164;0x3870;0x3B84;0x3F04;0x426C,candidate_spans_and_remaining_bytes_are_not_proven_code_data_classification
8017B000-6d58b336bd28870a51f21143dfff88563db6890d3b631e2aa8982b0f13116607,20480,0,17308,3172,0x0:0x4;0x43A0:0x5000,,candidate_spans_and_remaining_bytes_are_not_proven_code_data_classification
8017B000-6d5fb8c2148dd7ad9e278dd028906c09abf98b31f90fba0c1e2c10cfbb4d4481,20480,0,6940,13540,0x0:0x4;0x1B20:0x5000,,candidate_spans_and_remaining_bytes_are_not_proven_code_data_classification
8017B000-6d669d77f88725b2c193477e31e16226d97f7ab8cf111d933e4ab7a4fe507619,20480,0,3092,17388,0x0:0x4;0xC18:0x5000,,candidate_spans_and_remaining_bytes_are_not_proven_code_data_classification
8017B000-6d79cea1be3f9974117a0639bb8b378692b39a3215f061eee81952d9c2de71d0,20480,0,7564,12916,0x0:0x4;0x1D90:0x5000,,candidate_spans_and_remaining_bytes_are_not_proven_code_data_classification
8017B000-6d9b7eeac93731c07e2ec1cab7a399b4b994448dc62d289234f224508c8773e6,20480,0,0,20480,0x0:0x5000,0x4BC8,candidate_spans_and_remaining_bytes_are_not_proven_code_data_classification
8017B000-6dc61ea19a5d1093546fd67f29755e222cb433f153f09d44f1db9d4cd735cd17,20480,0,13920,6560,0x0:0x4;0x3664:0x5000,,candidate_spans_and_remaining_bytes_are_not_proven_code_data_classification
8017B000-6dd418a4977092e440ae3f8e1a9b3935e6a66fe8ce268338fc7c7fe4097e1e0d,20480,0,6488,13992,0x0:0x4;0x195C:0x5000,0x328C,candidate_spans_and_remaining_bytes_are_not_proven_code_data_classification
8017B000-6e34d3a6e0809a6fd8e6379773977f61b9195c0970322647d80a9f7285a63948,20480,0,5296,15184,0x0:0x4;0x14B4:0x5000,,candidate_spans_and_remaining_bytes_are_not_proven_code_data_classification
8017B000-6e39461020f48d1ea43e6b17e4d4af263427c86bd7bfb20a7dd524392a005c85,20480,0,6524,13956,0x0:0x4;0x1980:0x5000,,candidate_spans_and_remaining_bytes_are_not_proven_code_data_classification
8017B000-6e87994141108c1fd65a80b1a90af1c271f6dc0337e2efe1d5bb760fbae6961e,20480,0,8676,11804,0x0:0x4;0x21E8:0x5000,0x43E4;0x4C1C,candidate_spans_and_remaining_bytes_are_not_proven_code_data_classification
8017B000-6eb9a58c33ed8cfa03aff0d885be95e7fc142a49615af1e8bf9258cc0b92fbad,20480,0,0,20480,0x0:0x5000,0x2F68,candidate_spans_and_remaining_bytes_are_not_proven_code_data_classification
8017B000-6ec8389d7c4f804700df6f785fd23d90cceb92eb540b867830cc321e093526a4,20480,0,0,20480,0x0:0x5000,0xE40;0x1204,candidate_spans_and_remaining_bytes_are_not_proven_code_data_classification
8017B000-6f1b0f02b4661e9cab2433b8a05cae504a99c421f71b0f7e9a2c2e7ccbbb3229,20480,0,4080,16400,0x0:0x4;0xFF4:0x5000,,candidate_spans_and_remaining_bytes_are_not_proven_code_data_classification
8017B000-6f7010cd90810d40aa6779b80e2c2ba03d8d5b562eeca03308183cee383514a4,20480,0,4484,15996,0x0:0x4;0x1188:0x5000,0x1BF4,candidate_spans_and_remaining_bytes_are_not_proven_code_data_classification
8017B000-6fcc86185bc19e705e24b8daa49506641c3897e1533f9d2f3b4459ac2ce65f86,20480,0,0,20480,0x0:0x5000,0x22A4,candidate_spans_and_remaining_bytes_are_not_proven_code_data_classification
8017B000-702fbbba50796a97bca45d14b7d6892ab9e8de81efd14a3d5e12ec7950fad706,20480,0,3592,16888,0x0:0x4;0xE0C:0x5000,,candidate_spans_and_remaining_bytes_are_not_proven_code_data_classification
8017B000-7087a39cfb320954652467343d86db1b88c221053d3c1dee80e21190f7f49719,20480,0,0,20480,0x0:0x5000,0x19F0,candidate_spans_and_remaining_bytes_are_not_proven_code_data_classification
8017B000-71a0d2642f9033f7e5f096c807df54cf55e5a4443682bb13222c79d644e0ecef,20480,0,6712,13768,0x0:0x4;0x1A3C:0x5000,,candidate_spans_and_remaining_bytes_are_not_proven_code_data_classification
8017B000-71ee0cdc28456dbc63faac63c4811ddfbdbd2bd1b51138185c52de59df3ee262,20480,0,6204,14276,0x0:0x4;0x1840:0x5000,0x2914,candidate_spans_and_remaining_bytes_are_not_proven_code_data_classification
8017B000-721195572d7d2046f3cdbff71b42e4c489c64afabcbcbaf55408c4de02fb16b6,20480,0,15264,5216,0x0:0x4;0x3BA4:0x5000,,candidate_spans_and_remaining_bytes_are_not_proven_code_data_classification
8017B000-7242d8aef6fbd4677025edc1726500daace17cf7004edb86597397fbd8484dd8,20480,0,0,20480,0x0:0x5000,0x3CD8,candidate_spans_and_remaining_bytes_are_not_proven_code_data_classification
8017B000-724ea22ef0b175dc13931ca87ce49ed812d2b9cb9e59e9b8798abe1f8318d32b,20480,0,8684,11796,0x0:0x4;0x21F0:0x5000,,candidate_spans_and_remaining_bytes_are_not_proven_code_data_classification
8017B000-7267e4f7d202eba4609e7b5817a3031e9c38c8eee5e9bc60792de95bcb30d4b2,20480,0,4532,15948,0x0:0x4;0x11B8:0x5000,,candidate_spans_and_remaining_bytes_are_not_proven_code_data_classification
8017B000-72ae2467a8c6ede4436022c3b66aea2e958d21bfaa7cf4719d0d3fcea3743c0d,20480,0,6688,13792,0x0:0x4;0x1A24:0x5000,,candidate_spans_and_remaining_bytes_are_not_proven_code_data_classification
8017B000-72d57747cb752ee23dd93a446ecd742f1d736253850dbc7157ff2b3b29b55f64,20480,0,11404,9076,0x0:0x4;0x2C90:0x5000,,candidate_spans_and_remaining_bytes_are_not_proven_code_data_classification
8017B000-731341eb5243ba2f5979e2dc76d03eff0c472c06fd8f7836cecc0465333dee43,20480,0,14520,5960,0x0:0x4;0x38BC:0x5000,,candidate_spans_and_remaining_bytes_are_not_proven_code_data_classification
8017B000-7341502c7432fce6741d260d624d48524aad04bf07927829182e1dfabd4c50bd,20480,0,0,20480,0x0:0x5000,0x2F68,candidate_spans_and_remaining_bytes_are_not_proven_code_data_classification
8017B000-734f9b06e6144faa053ef7c5ce948d44720a57618b953ed63a6ee9fbb5722771,20480,0,0,20480,0x0:0x5000,0x32A8,candidate_spans_and_remaining_bytes_are_not_proven_code_data_classification
8017B000-7358ec344dd6fc783c22a46a2124ef3b0788b7042f50175de1598a2bea1176ec,20480,0,14740,5740,0x0:0x4;0x3998:0x5000,,candidate_spans_and_remaining_bytes_are_not_proven_code_data_classification
8017B000-737093a5d66889f339ae7120d87b6207d0bad20f24b861df6e373d4fbc33ee46,20480,0,9260,11220,0x0:0x4;0x2430:0x5000,,candidate_spans_and_remaining_bytes_are_not_proven_code_data_classification
8017B000-737eaf90964eb90c3a35b3e798a3c62665a119813c509df19ee0c94e43de128a,20480,0,6276,14204,0x0:0x4;0x1888:0x5000,,candidate_spans_and_remaining_bytes_are_not_proven_code_data_classification
8017B000-73bc0338617f43cf32d5e4e4cdedf1fd0071fe26190dc4d079157ce519f08571,20480,0,0,20480,0x0:0x5000,0x1348,candidate_spans_and_remaining_bytes_are_not_proven_code_data_classification
8017B000-73e950d3572279c67605883e6e80a46eda3f6f62d4e0218d2457e011ca0e4642,20480,0,0,20480,0x0:0x5000,0x1F6C;0x38BC,candidate_spans_and_remaining_bytes_are_not_proven_code_data_classification
8017B000-742fcf8ca64d7d858d85c8722c02d8ca13f9056a22e119963395a6101265133a,20480,0,15048,5432,0x0:0x4;0x3ACC:0x5000,,candidate_spans_and_remaining_bytes_are_not_proven_code_data_classification
8017B000-745fd092423720470ff7d862ba4c4ce0cc1749dc2a3f69c83729b83440748270,20480,0,6708,13772,0x0:0x4;0x1A38:0x5000,,candidate_spans_and_remaining_bytes_are_not_proven_code_data_classification
8017B000-74908bce9b94f3bae1f61be07828eb8ff0be89c4847fc4d7afe1034644fe25bd,20480,0,18532,1948,0x0:0x4;0x4868:0x5000,0x4CAC,candidate_spans_and_remaining_bytes_are_not_proven_code_data_classification
8017B000-74a179ceb728866e9c729bec5bb3957f19ced4a0104a024d10956e42173d1f41,20480,0,8836,11644,0x0:0x4;0x2288:0x5000,,candidate_spans_and_remaining_bytes_are_not_proven_code_data_classification
8017B000-74ea53bb7a256929a8b7a95b4299ec2f216ee663d1a12165962001aa32888446,20480,0,15884,4596,0x0:0x4;0x3E10:0x5000,0x4EA0,candidate_spans_and_remaining_bytes_are_not_proven_code_data_classification
8017B000-757a41427e8960a376747e4bb373c9f0f4a726dcc95302ec74d1c3e04271f84e,20480,0,8616,11864,0x0:0x4;0x21AC:0x5000,0x423C,candidate_spans_and_remaining_bytes_are_not_proven_code_data_classification
8017B000-75bc60cad31fb385bd7ce23d3b5ad27d07044bda6c85d00e4f150c32e46d8e70,20480,0,10312,10168,0x0:0x4;0x284C:0x5000,,candidate_spans_and_remaining_bytes_are_not_proven_code_data_classification
8017B000-76519d3effe76b7a4909a35857d3715e378aa4b1197004b71015cea82e31c9dc,20480,0,16028,4452,0x0:0x4;0x3EA0:0x5000,,candidate_spans_and_remaining_bytes_are_not_proven_code_data_classification
8017B000-7684230ff53303217c02167beba662e1ca2b1cfb8a3f6939f91ec9ceb633d3e9,20480,0,8412,12068,0x0:0x4;0x20E0:0x5000,,candidate_spans_and_remaining_bytes_are_not_proven_code_data_classification
8017B000-771bf70a1000f049c6f35c080a6fcdb09a9c6fbc647d3cc11f7d77249433ccad,20480,0,4180,16300,0x0:0x4;0x1058:0x5000,,candidate_spans_and_remaining_bytes_are_not_proven_code_data_classification
8017B000-77227e08367ee6439477bca6b0086149d289d3503f9805ca80b616018c822f96,20480,0,0,20480,0x0:0x5000,0xE40,candidate_spans_and_remaining_bytes_are_not_proven_code_data_classification
8017B000-7751c759e409fb84bac24459d0f31aa0034871e5f2f9571a72ce9997fc631224,20480,0,0,20480,0x0:0x5000,0x32A8,candidate_spans_and_remaining_bytes_are_not_proven_code_data_classification
8017B000-7761c395cf75d4c87684151c70ceb5a237d86a47e1b28e0415d8199c8e72d94d,20480,0,7524,12956,0x0:0x4;0x1D68:0x5000,,candidate_spans_and_remaining_bytes_are_not_proven_code_data_classification
8017B000-7806b8eb2177157e9e9db8a7c4b245de9449eb73737e0ed0e8b10986430344f3,20480,0,11404,9076,0x0:0x4;0x2C90:0x5000,,candidate_spans_and_remaining_bytes_are_not_proven_code_data_classification
8017B000-78378f250ccfc42294dc309cc33b4e4345b37680590e980a9dbe8c4f175dd2ca,20480,0,8188,12292,0x0:0x4;0x2000:0x5000,,candidate_spans_and_remaining_bytes_are_not_proven_code_data_classification
8017B000-787d02d410bf9304b8e0de3c3d78b7b8d218d6c93237bc3fa5eff1bd96260eb9,20480,0,0,20480,0x0:0x5000,0x3F90,candidate_spans_and_remaining_bytes_are_not_proven_code_data_classification
8017B000-78ade01c3bd2788de9cca9ae307e3753bd078b1bf915f8f00f6891e2e8631298,20480,0,6204,14276,0x0:0x4;0x1840:0x5000,,candidate_spans_and_remaining_bytes_are_not_proven_code_data_classification
8017B000-78db1834f6da0ddd11712c8add76d810eff4ef02637fe10626d39be091a122c8,20480,0,8412,12068,0x0:0x4;0x20E0:0x5000,,candidate_spans_and_remaining_bytes_are_not_proven_code_data_classification
8017B000-78f4b9a1192ce66146964118a676f4637b13df3e0e8e5e43802f6525b5a46067,20480,0,0,20480,0x0:0x5000,0x2F68,candidate_spans_and_remaining_bytes_are_not_proven_code_data_classification
8017B000-794a5fca99ab51bbcc4c5a3ceb0e687628535926ec04b9c307412bbf6a78e121,20480,0,0,20480,0x0:0x5000,0x2F68,candidate_spans_and_remaining_bytes_are_not_proven_code_data_classification
8017B000-79be650f03da0c3ac7b87737e8b29b9e972939be49d0029c730242a7276c91d5,20480,0,6420,14060,0x0:0x4;0x1918:0x5000,,candidate_spans_and_remaining_bytes_are_not_proven_code_data_classification
8017B000-79e60d3f904b6a2fc5cb2295515ed46a317294b87c4a48808a9ca2cef4b7bbc6,20480,0,5400,15080,0x0:0x4;0x151C:0x5000,,candidate_spans_and_remaining_bytes_are_not_proven_code_data_classification
8017B000-7a04245cd425fd8e63b1a8b298ef1b2d1e3dc366e766612a3087f976719fc519,20480,0,5004,15476,0x0:0x4;0x1390:0x5000,,candidate_spans_and_remaining_bytes_are_not_proven_code_data_classification
8017B000-7a67b66099b99920ca12a260a26972b9f834b6dc0d1b44fe61e67575c9a8f846,20480,0,8684,11796,0x0:0x4;0x21F0:0x5000,,candidate_spans_and_remaining_bytes_are_not_proven_code_data_classification
8017B000-7ac8c4bc0d9c3beae575abf13534bf445a01e380f27c6b70c44ced48fb437328,20480,0,10332,10148,0x0:0x4;0x2860:0x5000,,candidate_spans_and_remaining_bytes_are_not_proven_code_data_classification
8017B000-7ac934689a49af6c3686c00ac1e99eadba9018562ca57a0212f98dd2cc81764b,20480,0,6196,14284,0x0:0x4;0x1838:0x5000,,candidate_spans_and_remaining_bytes_are_not_proven_code_data_classification
8017B000-7ace23247e6c1c9758c9787ccd2ff282cdf637da77b4b8d222462413d6a4223e,20480,0,11752,8728,0x0:0x4;0x2DEC:0x5000,,candidate_spans_and_remaining_bytes_are_not_proven_code_data_classification
8017B000-7b93c55cc39ff12d221fc6fd1f4321cb1ef24ced0fa6051d4e25d14eedd9bc26,20480,0,9164,11316,0x0:0x4;0x23D0:0x5000,,candidate_spans_and_remaining_bytes_are_not_proven_code_data_classification
8017B000-7bc85286e335cf817237c91387bd6900b4ab5a4397b8e7cd003477dfeb995a2c,20480,0,0,20480,0x0:0x5000,0x19F0;0x2004,candidate_spans_and_remaining_bytes_are_not_proven_code_data_classification
8017B000-7bf966cf43df3a9aa078a357747d3ebe780e7089396efbf8fcbc09c34ef3fd6d,20480,0,11604,8876,0x0:0x4;0x2D58:0x5000,,candidate_spans_and_remaining_bytes_are_not_proven_code_data_classification
8017B000-7c3fd97e5c4e6ed797df580b9ec2a347fcbe70e14a71626778351b73eef6e95d,20480,0,7608,12872,0x0:0x4;0x1DBC:0x5000,,candidate_spans_and_remaining_bytes_are_not_proven_code_data_classification
8017B000-7c4eb67c83eefee14f1fc381bde002d0839f496ca4bb9c07168c17217101a4bf,20480,0,5660,14820,0x0:0x4;0x1620:0x5000,0x1A04,candidate_spans_and_remaining_bytes_are_not_proven_code_data_classification
8017B000-7ca7295a977ea2adb5756e4e15740d53341f978bceb974cdb5771a4407fcc206,20480,0,6196,14284,0x0:0x4;0x1838:0x5000,,candidate_spans_and_remaining_bytes_are_not_proven_code_data_classification
8017B000-7cbded0b80a41b8991738c0f4656eddf88adc948701623d2bc947facb520d717,20480,0,6700,13780,0x0:0x4;0x1A30:0x5000,0x2004,candidate_spans_and_remaining_bytes_are_not_proven_code_data_classification
8017B000-7cc0796932f2ee448d96c63580b0f5729a36d537e799a3974f6c7ac81555bcf8,20480,0,8836,11644,0x0:0x4;0x2288:0x5000,,candidate_spans_and_remaining_bytes_are_not_proven_code_data_classification
8017B000-7cc43fcecee2e5fc7858df3c50144e9cce6be30c6921e956dfd00258452df214,20480,0,0,20480,0x0:0x5000,0x44A4,candidate_spans_and_remaining_bytes_are_not_proven_code_data_classification
8017B000-7cf8dd6326b273434bc4fbc416431150b9899f1281b6219c2d53a939f55271d4,20480,0,8188,12292,0x0:0x4;0x2000:0x5000,,candidate_spans_and_remaining_bytes_are_not_proven_code_data_classification
8017B000-7e23a7b15ae9eb9543e10f86609f1f032892c19fa795fa1f6135b8859e68ecb2,20480,0,5156,15324,0x0:0x4;0x1428:0x5000,0x1F54;0x2004;0x2F54,candidate_spans_and_remaining_bytes_are_not_proven_code_data_classification
8017B000-7e35afe6a30b1ec089b09abae831c8bf3bbf1ce7bb1a5c766dd87de7355d7127,20480,0,8412,12068,0x0:0x4;0x20E0:0x5000,,candidate_spans_and_remaining_bytes_are_not_proven_code_data_classification
8017B000-7e3b1ed5b36a2b1c70efa741cb5e62f8497305bdd4ca3d7aa2a338159a0365c0,20480,0,2964,17516,0x0:0x4;0xB98:0x5000,0x1470,candidate_spans_and_remaining_bytes_are_not_proven_code_data_classification
8017B000-7e5586b478eabb30f9c7e65b06c259f8f7aa032a492220f569b13b21a8bb6d84,20480,0,0,20480,0x0:0x5000,0xE40;0x1204,candidate_spans_and_remaining_bytes_are_not_proven_code_data_classification
8017B000-7eb469fca60e6b48814f65a344e8c2f33f9c0aac1d1aa7efe598acec1c73dd6a,20480,0,15540,4940,0x0:0x4;0x3CB8:0x5000,,candidate_spans_and_remaining_bytes_are_not_proven_code_data_classification
8017B000-7efd7efe692d1a4413540526a03502476a1255dbac03cccfae698cf66065bdf8,20480,0,4260,16220,0x0:0x4;0x10A8:0x5000,0x20B8,candidate_spans_and_remaining_bytes_are_not_proven_code_data_classification
8017B000-7f0cb3386c7b59d437e74ea5e3d4343d3ecafb582c9a6c802fd599db166debf9,20480,0,4952,15528,0x0:0x4;0x135C:0x5000,,candidate_spans_and_remaining_bytes_are_not_proven_code_data_classification
8017B000-7f152f419142b6da4059d6043befcd060ffb4be79166ba877ebdf74696aa5c28,20480,0,17308,3172,0x0:0x4;0x43A0:0x5000,,candidate_spans_and_remaining_bytes_are_not_proven_code_data_classification
8017B000-7f2d3dcc7249eee8ccdd0db88021b52e5be476203c873b4b46162c4c7d99f7e6,20480,0,5348,15132,0x0:0x4;0x14E8:0x5000,0x1638;0x2B4C;0x4364,candidate_spans_and_remaining_bytes_are_not_proven_code_data_classification
8017B000-7f4116ecfa8d0853aec9f2c65fbfc160394e10ff443a2ede009b57b5f93dc479,20480,0,6488,13992,0x0:0x4;0x195C:0x5000,,candidate_spans_and_remaining_bytes_are_not_proven_code_data_classification
8017B000-7f6415b814b05eba2aff2376278ee80c013bfe3b0097c57ee23a576e4cb53c78,20480,0,10440,10040,0x0:0x4;0x28CC:0x5000,,candidate_spans_and_remaining_bytes_are_not_proven_code_data_classification
8017B000-7f946f3483e52721cba36de47eff037490245ceee083a126536a97132d704a85,20480,0,4984,15496,0x0:0x4;0x137C:0x5000,0x3784,candidate_spans_and_remaining_bytes_are_not_proven_code_data_classification
8017B000-7fd7948a80fd218ca5cb9951624e15c48508259a83bf714874e1818a0db28642,20480,0,5560,14920,0x0:0x4;0x15BC:0x5000,0x239C,candidate_spans_and_remaining_bytes_are_not_proven_code_data_classification
8017B000-803a63e46a83f36e77715645c19d39c6d16e37a461f7498b740ff891081ebba9,20480,0,0,20480,0x0:0x5000,0x32A8;0x360C;0x3CE0;0x43EC;0x48DC;0x4E38,candidate_spans_and_remaining_bytes_are_not_proven_code_data_classification
8017B000-804117af1e6f470992c58e016d6e85e08e493a398ee1d7fdb548301fcb70fe2a,20480,0,14740,5740,0x0:0x4;0x3998:0x5000,,candidate_spans_and_remaining_bytes_are_not_proven_code_data_classification
8017B000-806876b56c0d719d340363584d65550c860ca58e9c40dc72fcdf58d36130ef40,20480,0,0,20480,0x0:0x5000,0x3CD8,candidate_spans_and_remaining_bytes_are_not_proven_code_data_classification
8017B000-8091be0f255715f6431c3f6fa8861adfd4a551d6f9e41be8e8e6d121fa277625,20480,0,7752,12728,0x0:0x4;0x1E4C:0x5000,,candidate_spans_and_remaining_bytes_are_not_proven_code_data_classification
8017B000-809a5e5f10cb50dde548f484090549adca38659a10bb9fb4e530f74f501c0bdb,20480,0,3296,17184,0x0:0x4;0xCE4:0x5000,0x10CC;0x1BD4;0x1F80;0x2368;0x299C;0x30A8;0x33B4;0x3734;0x3A9C,candidate_spans_and_remaining_bytes_are_not_proven_code_data_classification
8017B000-80d25c91b719f115e8c72f4e3bd7fd1f4289bf444f64c4fdb7f1151b935b9a17,20480,0,7240,13240,0x0:0x4;0x1C4C:0x5000,,candidate_spans_and_remaining_bytes_are_not_proven_code_data_classification
8017B000-80f5ee2af1a5aab0407e2fc007849f31b55a503848e75e6d381c8678bcffcbdb,20480,0,6320,14160,0x0:0x4;0x18B4:0x5000,,candidate_spans_and_remaining_bytes_are_not_proven_code_data_classification
8017B000-80fe6d86e551c342424bfa56e0a3b30b6f632f29a75ed8dfa2f5fd2b93b8dd04,20480,0,11364,9116,0x0:0x4;0x2C68:0x5000,,candidate_spans_and_remaining_bytes_are_not_proven_code_data_classification
8017B000-8145393e36a440adf46e743ec30425f4b5e8f6fec36584629ae14d72fddae555,20480,0,6196,14284,0x0:0x4;0x1838:0x5000,,candidate_spans_and_remaining_bytes_are_not_proven_code_data_classification
8017B000-81674bfe6c3bbf82a712a00f2b42436a35a66b1855c2d318439ba83bd240388c,20480,0,8108,12372,0x0:0x4;0x1FB0:0x5000,,candidate_spans_and_remaining_bytes_are_not_proven_code_data_classification
8017B000-818b21de9778bc03cccf6fa3fdb21530cdce597f4a217cf2f8ad243fb0f6dc0c,20480,0,6196,14284,0x0:0x4;0x1838:0x5000,,candidate_spans_and_remaining_bytes_are_not_proven_code_data_classification
8017B000-81a77431ddb7b98ed8310ebd8a86d55e35847504a6ddeba028c6b6d4e85270af,20480,0,7500,12980,0x0:0x4;0x1D50:0x5000,0x2130;0x2A94;0x2F90;0x377C,candidate_spans_and_remaining_bytes_are_not_proven_code_data_classification
8017B000-81ffa2c6287dc4227e9e5694ea0cfe61adf9cf74fd98c85db5f282d904100093,20480,0,9164,11316,0x0:0x4;0x23D0:0x5000,,candidate_spans_and_remaining_bytes_are_not_proven_code_data_classification
8017B000-8230cb5f8d22e9fbe9aeae98600a12d3db0fd4008c7179d3ef3c4cd8bb163be9,20480,0,0,20480,0x0:0x5000,0x19F0,candidate_spans_and_remaining_bytes_are_not_proven_code_data_classification
8017B000-826edbb97f067bff5a2d82ce6ecd973ec607a40787af4059cc6d3fb95a379456,20480,0,4656,15824,0x0:0x4;0x1234:0x5000,0x1C1C,candidate_spans_and_remaining_bytes_are_not_proven_code_data_classification
8017B000-82906d4305d87830b41a971cae57d938d74b74c0d7f266bb54927afbdceb8b10,20480,0,6572,13908,0x0:0x4;0x19B0:0x5000,0x2DCC,candidate_spans_and_remaining_bytes_are_not_proven_code_data_classification
8017B000-8293cda4463111530276dc1c08b23d97c8bf416649fee7f744ff4ccf6107f02b,20480,0,6524,13956,0x0:0x4;0x1980:0x5000,0x3844,candidate_spans_and_remaining_bytes_are_not_proven_code_data_classification
8017B000-829f8aa0c47e8ec3cee4071bfd79327e7262ef64f0e175fef6096142d18688d3,20480,0,5584,14896,0x0:0x4;0x15D4:0x5000,0x1C40,candidate_spans_and_remaining_bytes_are_not_proven_code_data_classification
8017B000-82ba16e6fa0817b79a9a03b130a2e5c1a5eabec7517269cb82197989bf1057f9,20480,0,0,20480,0x0:0x5000,0x4ADC,candidate_spans_and_remaining_bytes_are_not_proven_code_data_classification
8017B000-82d04ff7a66d7a278fa2ae36f16545758e733fc4567fd657a4eeb283c8de4234,20480,0,7748,12732,0x0:0x4;0x1E48:0x5000,0x21D8,candidate_spans_and_remaining_bytes_are_not_proven_code_data_classification
8017B000-82f674c62f7ee763d04f3ef21266f26366cb73d13743f9d8a7734ab90f5d489e,20480,0,0,20480,0x0:0x5000,0x44A4,candidate_spans_and_remaining_bytes_are_not_proven_code_data_classification
8017B000-832ac8b034f7f7fc2e07c8a8f088481f38ca319ff7504d076a320f7549f1c0c0,20480,0,6488,13992,0x0:0x4;0x195C:0x5000,0x328C,candidate_spans_and_remaining_bytes_are_not_proven_code_data_classification
8017B000-8331588405c290301f1d4d780ca3ac37a0758fc7a314aa03d47c784c75b02692,20480,0,5004,15476,0x0:0x4;0x1390:0x5000,,candidate_spans_and_remaining_bytes_are_not_proven_code_data_classification
8017B000-839b7098ff337c9c6427ba3cc18f0671381b4b07af1f7e1d3b89ab5a95d25120,20480,0,6708,13772,0x0:0x4;0x1A38:0x5000,,candidate_spans_and_remaining_bytes_are_not_proven_code_data_classification
8017B000-83a14c8497d58be1f59378fe913c9a0575e69606baa24398c678b530eb54ef28,20480,0,4180,16300,0x0:0x4;0x1058:0x5000,,candidate_spans_and_remaining_bytes_are_not_proven_code_data_classification
8017B000-83b4bdb8b59cdab2b8ce064ce05c694b6626ee1d3f0549fa5f4aeed52b428c68,20480,0,10312,10168,0x0:0x4;0x284C:0x5000,,candidate_spans_and_remaining_bytes_are_not_proven_code_data_classification
8017B000-840e09e20ba34387ff421d60694123692f70550f21b31b24c1ba1c7cc5e2c49b,20480,0,0,20480,0x0:0x5000,0x2F68,candidate_spans_and_remaining_bytes_are_not_proven_code_data_classification
8017B000-8439efbb0e38ee1f93aa12ab972806949f2239c58084c00c949ac36829079997,20480,0,6688,13792,0x0:0x4;0x1A24:0x5000,,candidate_spans_and_remaining_bytes_are_not_proven_code_data_classification
8017B000-8466abe300c17ea51b0ac7cdb7eb225cb457b35a2b31309009e0cfbc2210d9a1,20480,0,5292,15188,0x0:0x4;0x14B0:0x5000,,candidate_spans_and_remaining_bytes_are_not_proven_code_data_classification
8017B000-846ac87530141f5aaca6673896b924dbf4be472c684a4671e82c5c8d1974553d,20480,0,2964,17516,0x0:0x4;0xB98:0x5000,0x1470,candidate_spans_and_remaining_bytes_are_not_proven_code_data_classification
8017B000-84992cb69f63e3dcef41c55e5960b906e849fd0c34ffeb5cf784bb1a2c542b28,20480,0,0,20480,0x0:0x5000,0x31C8,candidate_spans_and_remaining_bytes_are_not_proven_code_data_classification
8017B000-84cc964cbb8e58ef7c44a33da78760628c80954997a8226063d9ba7c8c5f136f,20480,0,6708,13772,0x0:0x4;0x1A38:0x5000,0x2004,candidate_spans_and_remaining_bytes_are_not_proven_code_data_classification
8017B000-8503b554a546f20745c775f7bbc3a82dd5998ea2d3378b5f1e7ac91365833381,20480,0,6892,13588,0x0:0x4;0x1AF0:0x5000,,candidate_spans_and_remaining_bytes_are_not_proven_code_data_classification
8017B000-852a5c822be31303688fb621dfb27272b509c7d88f6b880f365bf9b27a1428f5,20480,0,6688,13792,0x0:0x4;0x1A24:0x5000,,candidate_spans_and_remaining_bytes_are_not_proven_code_data_classification
8017B000-854a3df00fd7312f6e152fe6636054e97f8b342c8435d80e7ea59a97261b95bc,20480,0,10672,9808,0x0:0x4;0x29B4:0x5000,,candidate_spans_and_remaining_bytes_are_not_proven_code_data_classification
8017B000-856f2656aa2fb2b839e3fe4273e104a10e25901ed83843e0f5ac18726aa2d0fd,20480,0,15292,5188,0x0:0x4;0x3BC0:0x5000,,candidate_spans_and_remaining_bytes_are_not_proven_code_data_classification
8017B000-85797add32788a063a136c94f79fd40ad6f0df33c14a114b0730519519b98c95,20480,0,7516,12964,0x0:0x4;0x1D60:0x5000,,candidate_spans_and_remaining_bytes_are_not_proven_code_data_classification
8017B000-85aee921bd9ce89404cc6d7e95ed2dc6b042c41e5589a05942b275ea62259dcf,20480,0,7524,12956,0x0:0x4;0x1D68:0x5000,0x2C5C,candidate_spans_and_remaining_bytes_are_not_proven_code_data_classification
8017B000-85e97bbfc690dde585336ce1b84c856ea974f5169e838aba14b4b59f9fcbd432,20480,0,8092,12388,0x0:0x4;0x1FA0:0x5000,,candidate_spans_and_remaining_bytes_are_not_proven_code_data_classification
8017B000-85f4b075fac89a95a8517dca79528877e2ef237735949eb1638d4ca9659d172f,20480,0,6420,14060,0x0:0x4;0x1918:0x5000,,candidate_spans_and_remaining_bytes_are_not_proven_code_data_classification
8017B000-862b1e31b2c133831d219b34be385bdaf6a6d6653f1ba33c64c30e4825c2f6b4,20480,0,6700,13780,0x0:0x4;0x1A30:0x5000,,candidate_spans_and_remaining_bytes_are_not_proven_code_data_classification
8017B000-8698981e883ba78bb59be0b13794690bc0496c1a2e49fa3223f3db8394da428a,20480,0,3296,17184,0x0:0x4;0xCE4:0x5000,,candidate_spans_and_remaining_bytes_are_not_proven_code_data_classification
8017B000-86cda45163b8c3aaaf1df073a1d78f0cab5088e9160aff6331d52095e787353c,20480,0,18256,2224,0x0:0x4;0x4754:0x5000,,candidate_spans_and_remaining_bytes_are_not_proven_code_data_classification
8017B000-873b4823e9626a415b4da082ea1438d9c12e8e2e6e9126c0fb8b942e784b6956,20480,0,15044,5436,0x0:0x4;0x3AC8:0x5000,,candidate_spans_and_remaining_bytes_are_not_proven_code_data_classification
8017B000-8785265c5dbc4155265467b72ec2df8da8012902cf8705a9b7fc07e27b47db6a,20480,0,0,20480,0x0:0x5000,0x44A4,candidate_spans_and_remaining_bytes_are_not_proven_code_data_classification
8017B000-879b7dad30dc751f8ec7993585295e226192ae94f55e4abd4899d64ca07b4fba,20480,0,6060,14420,0x0:0x4;0x17B0:0x5000,,candidate_spans_and_remaining_bytes_are_not_proven_code_data_classification
8017B000-87f46bef870c42b778bcada9b01fa7485a1709870d31cc15b95ad774eb54c4a3,20480,0,8108,12372,0x0:0x4;0x1FB0:0x5000,,candidate_spans_and_remaining_bytes_are_not_proven_code_data_classification
8017B000-8881122a3cd85c9ccb82ce8baef314db95a8c744e1ef04368a5a259a85dbefff,20480,0,2584,17896,0x0:0x4;0xA1C:0x5000,0x1284,candidate_spans_and_remaining_bytes_are_not_proven_code_data_classification
8017B000-88a5143aff13422e55185f0deba108119dc07e82557965d0843d7203fa798a7c,20480,0,11416,9064,0x0:0x4;0x2C9C:0x5000,,candidate_spans_and_remaining_bytes_are_not_proven_code_data_classification
8017B000-88c25ef9588931d3e721d737814bed878c4694831f35ea44a9ec8dc55e6ec8b2,20480,0,4160,16320,0x0:0x4;0x1044:0x5000,0x1DFC,candidate_spans_and_remaining_bytes_are_not_proven_code_data_classification
8017B000-895b6139e41b9c6fc62aa35839cdbfbc3c686362bccb35e7caa1817623346d58,20480,0,3144,17336,0x0:0x4;0xC4C:0x5000,0xFD4,candidate_spans_and_remaining_bytes_are_not_proven_code_data_classification
8017B000-897047c64117b68dadf2550a9010b79785db95a44c7e45f4f4d9df2dae349555,20480,0,13712,6768,0x0:0x4;0x3594:0x5000,,candidate_spans_and_remaining_bytes_are_not_proven_code_data_classification
8017B000-89a623fef82f97f2cc9bc8290a24eaef89ada0362809f576b38032f9fe27a082,20480,0,3296,17184,0x0:0x4;0xCE4:0x5000,0x1388;0x1900;0x1DD0,candidate_spans_and_remaining_bytes_are_not_proven_code_data_classification
8017B000-89dd99ff338e843af7707a6702022c2392fc9e1a31e8cfca9b77946bd27de5b0,20480,0,6364,14116,0x0:0x4;0x18E0:0x5000,0x2EC0,candidate_spans_and_remaining_bytes_are_not_proven_code_data_classification
8017B000-89de62e4b13e3b7ba2f15ed3184bd897309d2e715d86759a233cee0f184f9924,20480,0,0,20480,0x0:0x5000,0x19F0,candidate_spans_and_remaining_bytes_are_not_proven_code_data_classification
8017B000-8a595e82cef2427f8c7f61fcf1f6d8e5d2339a723b6c490cc14635a348329fd9,20480,0,9132,11348,0x0:0x4;0x23B0:0x5000,,candidate_spans_and_remaining_bytes_are_not_proven_code_data_classification
8017B000-8aa3d9c745284448dc561ebef4dae0dab823253d70cce508e4e7ee882c911a24,20480,0,6516,13964,0x0:0x4;0x1978:0x5000,,candidate_spans_and_remaining_bytes_are_not_proven_code_data_classification
8017B000-8aa9d9d82234feaf568e1b53fdd71854c81078633356a992c41e1bdd12917ec5,20480,0,8412,12068,0x0:0x4;0x20E0:0x5000,,candidate_spans_and_remaining_bytes_are_not_proven_code_data_classification
8017B000-8ab9fdc19573045cb65accac0ac919486a2825b24813d0180b6f2c341aee9344,20480,0,15644,4836,0x0:0x4;0x3D20:0x5000,,candidate_spans_and_remaining_bytes_are_not_proven_code_data_classification
8017B000-8aede6bae8494b75a25042da3bf57906c5d61f2d23892ef237813dfe8726b1e1,20480,0,8008,12472,0x0:0x4;0x1F4C:0x5000,,candidate_spans_and_remaining_bytes_are_not_proven_code_data_classification
8017B000-8c316410174293919f7a61d3c3b843a996a64944da3291f4d744d685146c1c78,20480,0,3824,16656,0x0:0x4;0xEF4:0x5000,,candidate_spans_and_remaining_bytes_are_not_proven_code_data_classification
8017B000-8c445419819fdc2bfff66c862a6dbd020d2195cb0b99a36ac6e493e65cee5dec,20480,0,5440,15040,0x0:0x4;0x1544:0x5000,0x44B8,candidate_spans_and_remaining_bytes_are_not_proven_code_data_classification
8017B000-8c5c803013fd6ffb242b0dd4a77cd2d58a2f4a919e3e011dca4a011ba58605ed,20480,0,4952,15528,0x0:0x4;0x135C:0x5000,,candidate_spans_and_remaining_bytes_are_not_proven_code_data_classification
8017B000-8c89c020ce1f8fe3c201486f9a71253b7116ec7e672495a4963e945518e47dd1,20480,0,3296,17184,0x0:0x4;0xCE4:0x5000,,candidate_spans_and_remaining_bytes_are_not_proven_code_data_classification
8017B000-8c95e0ccd6cfacea2681e008739cac6d88ee18f62698860597737ed1d93dfc3b,20480,0,10880,9600,0x0:0x4;0x2A84:0x5000,,candidate_spans_and_remaining_bytes_are_not_proven_code_data_classification
8017B000-8cb846c8c82b04375bcee5c4dd04c5d67f7dd935ea34cca7ce8d50bcf7f8d4db,20480,0,6036,14444,0x0:0x4;0x1798:0x5000,,candidate_spans_and_remaining_bytes_are_not_proven_code_data_classification
8017B000-8ce0cf733488cb87c5e7b34b2d4bf4d26686a33549732824d3888908f0d2b835,20480,0,11036,9444,0x0:0x4;0x2B20:0x5000,,candidate_spans_and_remaining_bytes_are_not_proven_code_data_classification
8017B000-8d1230de928e32088ef1ba7482ae36d1f72846ec1a30d8bedbc98db6dcf7b157,20480,0,0,20480,0x0:0x5000,0x2F68,candidate_spans_and_remaining_bytes_are_not_proven_code_data_classification
8017B000-8daadba1ba90ce6f1ffa18d16167b0f5ebee0a8c77131e08e4ecdded45f89f0d,20480,0,3296,17184,0x0:0x4;0xCE4:0x5000,0x1260;0x19AC;0x1E94;0x2408;0x271C;0x2A9C;0x2E04,candidate_spans_and_remaining_bytes_are_not_proven_code_data_classification
8017B000-8e3ef88902dab085aaeab3da6ccb8fe0350e2ae09851afc425239d1149bfc318,20480,0,2584,17896,0x0:0x4;0xA1C:0x5000,,candidate_spans_and_remaining_bytes_are_not_proven_code_data_classification
8017B000-8e76126aaffec13035152df9bda3d2520ef135b9a0183f0d0cf39d763951fec4,20480,0,13412,7068,0x0:0x4;0x3468:0x5000,,candidate_spans_and_remaining_bytes_are_not_proven_code_data_classification
8017B000-8ebf2c557dd9fe1e8590b28b5c1175eabc9d7cf0ac673ec0c4fb05807878ef9c,20480,0,12468,8012,0x0:0x4;0x30B8:0x5000,,candidate_spans_and_remaining_bytes_are_not_proven_code_data_classification
8017B000-8ec8852f8041d535b24ae08757527f095e7fdbdee1032b6aed3cc754d726c2a9,20480,0,5944,14536,0x0:0x4;0x173C:0x5000,,candidate_spans_and_remaining_bytes_are_not_proven_code_data_classification
8017B000-8ed7ce7de83528932fec06270f259907db78ec0d0b8010dc6a9abced0c86e27b,20480,0,6196,14284,0x0:0x4;0x1838:0x5000,0x3004;0x4004,candidate_spans_and_remaining_bytes_are_not_proven_code_data_classification
8017B000-8f556a0a1779dc50eb3e2213ec18eff9cd63a3ec72d1467dc2bc752d8f42b0c3,20480,0,9132,11348,0x0:0x4;0x23B0:0x5000,,candidate_spans_and_remaining_bytes_are_not_proven_code_data_classification
8017B000-8f66f6dc8eb890cfd2d9a859390711767ee13c2569eb0926c3070bb99dc3c06d,20480,0,4532,15948,0x0:0x4;0x11B8:0x5000,,candidate_spans_and_remaining_bytes_are_not_proven_code_data_classification
8017B000-8fdd5706c6c10367ffec368f786488a707dc5a1774c15ab570bf950446551188,20480,0,8412,12068,0x0:0x4;0x20E0:0x5000,0x4C40,candidate_spans_and_remaining_bytes_are_not_proven_code_data_classification
8017B000-8fe40cfc45bef0c0ab82b65b251bb5dbf32a2c32698b74b7cff65b7c31703b7b,20480,0,6772,13708,0x0:0x4;0x1A78:0x5000,0x23F0;0x4ABC,candidate_spans_and_remaining_bytes_are_not_proven_code_data_classification
8017B000-8ffec2e22940758ecc6ee83abadcb025c029c0da34ea328cf6e86cb183a27505,20480,0,14740,5740,0x0:0x4;0x3998:0x5000,,candidate_spans_and_remaining_bytes_are_not_proven_code_data_classification
8017B000-90458834ac73395836c30768ebd3b6c084c1c74cbd263353a52db2ee58a35ab2,20480,0,16488,3992,0x0:0x4;0x406C:0x5000,,candidate_spans_and_remaining_bytes_are_not_proven_code_data_classification
8017B000-9073834093d211c9f5352482be9416b1d2f98ab16f600ff51d1597a494cc3aaf,20480,0,0,20480,0x0:0x5000,0x2358;0x48C8,candidate_spans_and_remaining_bytes_are_not_proven_code_data_classification
8017B000-907bcc2aa15780c35e04248afaebb4370780d266b74c85cef989d2b0e61a233c,20480,0,0,20480,0x0:0x5000,0xE40;0x1204,candidate_spans_and_remaining_bytes_are_not_proven_code_data_classification
8017B000-90c4a0720ce4dd656cd9f3a03ca148b728e33f6c8702765c145f8c079f2782d4,20480,0,5872,14608,0x0:0x4;0x16F4:0x5000,,candidate_spans_and_remaining_bytes_are_not_proven_code_data_classification
8017B000-90e76329f3a8c9262b9b84bbd376900be749a26c870dfa14eb0943ec8d4713f7,20480,0,8912,11568,0x0:0x4;0x22D4:0x5000,,candidate_spans_and_remaining_bytes_are_not_proven_code_data_classification
8017B000-915226c03a2173ac4dd29592bdb00733fe4a2c81f50e3501c4422052913e9421,20480,0,14740,5740,0x0:0x4;0x3998:0x5000,,candidate_spans_and_remaining_bytes_are_not_proven_code_data_classification
8017B000-916c33c72b44474ecaa37ef279b85d000bcfb45cd9281873adffe52f4b5338c9,20480,0,0,20480,0x0:0x5000,0x32A8,candidate_spans_and_remaining_bytes_are_not_proven_code_data_classification
8017B000-918b3e3e1631b32384c672bc24214080e0f9999646371f5c6d3b6abaf5205cc6,20480,0,0,20480,0x0:0x5000,0x3F90,candidate_spans_and_remaining_bytes_are_not_proven_code_data_classification
8017B000-91c3989bec09b4f60fe39f7702bc7dffedbaed3d7ca81b187cc3ec90adbae8d9,20480,0,6700,13780,0x0:0x4;0x1A30:0x5000,,candidate_spans_and_remaining_bytes_are_not_proven_code_data_classification
8017B000-91da9075f6c44a7d104bfb851f88774532d5445679d5debf7a10d21674f76d72,20480,0,3440,17040,0x0:0x4;0xD74:0x5000,0x11B0,candidate_spans_and_remaining_bytes_are_not_proven_code_data_classification
8017B000-91e9c0938e3820b82cacc2c98149c3b214d0024c01e9871610694ad267c8f5de,20480,0,0,20480,0x0:0x5000,0x3590,candidate_spans_and_remaining_bytes_are_not_proven_code_data_classification
8017B000-9200a5e55ae7f0b9f3a1e82c4e143a6a2091239297d1583aaf702558ce8af192,20480,0,10440,10040,0x0:0x4;0x28CC:0x5000,,candidate_spans_and_remaining_bytes_are_not_proven_code_data_classification
8017B000-920b25a0fc4914b5354286a587f5b82c50e4b718dd54279e8fdbb8862310266e,20480,0,6708,13772,0x0:0x4;0x1A38:0x5000,,candidate_spans_and_remaining_bytes_are_not_proven_code_data_classification
8017B000-924a65cf800ed1fee10e986c76313e6f15cfd1a878b2769697dd54906d0ee9e5,20480,0,3796,16684,0x0:0x4;0xED8:0x5000,,candidate_spans_and_remaining_bytes_are_not_proven_code_data_classification
8017B000-925e9b0f511899ae5a9201fdd05e641ee22a7a2422740605e4b266af305909db,20480,0,10440,10040,0x0:0x4;0x28CC:0x5000,0x2E0C;0x3394;0x3E68,candidate_spans_and_remaining_bytes_are_not_proven_code_data_classification
8017B000-92a52360292413f72e4feb0045e5239d6748bf76c3da9586e9dc0555b87e2c48,20480,0,8412,12068,0x0:0x4;0x20E0:0x5000,,candidate_spans_and_remaining_bytes_are_not_proven_code_data_classification
8017B000-93913056eaea85e856af2148c6f816867a5183492ee775f87d5079e85fc51649,20480,0,11720,8760,0x0:0x4;0x2DCC:0x5000,,candidate_spans_and_remaining_bytes_are_not_proven_code_data_classification
8017B000-93dcdc74c255813cd728e8df3f633c54670f72b11096f82f7be766afd360ec12,20480,0,12100,8380,0x0:0x4;0x2F48:0x5000,,candidate_spans_and_remaining_bytes_are_not_proven_code_data_classification
8017B000-93f8d2f8ace41b07f5cb3f87ead04e325aaf14d8188f9a4d13b37b1a1e3cd440,20480,0,10956,9524,0x0:0x4;0x2AD0:0x5000,,candidate_spans_and_remaining_bytes_are_not_proven_code_data_classification
8017B000-94174f0c741b63ab980ed5e63521762d1d0b687e8eb8ec30d15b0425a31e6e3a,20480,0,10092,10388,0x0:0x4;0x2770:0x5000,,candidate_spans_and_remaining_bytes_are_not_proven_code_data_classification
8017B000-942021a13f09f3e893e2a631663b67903462a419bd699357bf4480f23787935d,20480,0,4260,16220,0x0:0x4;0x10A8:0x5000,,candidate_spans_and_remaining_bytes_are_not_proven_code_data_classification
8017B000-942948ad67d47a18aec00271ef890ef5e469d64684c4b4f1a916617e39eedd42,20480,0,11688,8792,0x0:0x4;0x2DAC:0x5000,,candidate_spans_and_remaining_bytes_are_not_proven_code_data_classification
8017B000-944e74adbe60ae5ac8862d6433d626385c052b2c6a98735ca5a0512817e8c3ca,20480,0,5560,14920,0x0:0x4;0x15BC:0x5000,,candidate_spans_and_remaining_bytes_are_not_proven_code_data_classification
8017B000-94737516ac3e57ccf1c54035913c206782329fb358a867d155f00cf4abd928d4,20480,0,7752,12728,0x0:0x4;0x1E4C:0x5000,0x20C8;0x23DC;0x275C;0x2AC4,candidate_spans_and_remaining_bytes_are_not_proven_code_data_classification
8017B000-94a397e7e3e6998b6e784aeac15fbc25e21999dc77ef3adb70f976c0acc0ea77,20480,0,6708,13772,0x0:0x4;0x1A38:0x5000,,candidate_spans_and_remaining_bytes_are_not_proven_code_data_classification
8017B000-94b6f187556ff70fcb6b3d610499a4e5ba6c63a2685aefdaa365897d85e67a62,20480,0,0,20480,0x0:0x5000,0x4DC4,candidate_spans_and_remaining_bytes_are_not_proven_code_data_classification
8017B000-9510eb0832c3b6752bb2f86bf9aa3ed114427500c7f434db8ca712b95d779efd,20480,0,4984,15496,0x0:0x4;0x137C:0x5000,,candidate_spans_and_remaining_bytes_are_not_proven_code_data_classification
8017B000-95152736b08e7cea092cadd7d618747219afed32412f572bf4674bdc753bffd5,20480,0,19376,1104,0x0:0x4;0x4BB4:0x5000,,candidate_spans_and_remaining_bytes_are_not_proven_code_data_classification
8017B000-9531e59493e508b847ef880e25816a262cc75a03ea6fd9cec8e9eb7df1f3dca2,20480,0,6900,13580,0x0:0x4;0x1AF8:0x5000,,candidate_spans_and_remaining_bytes_are_not_proven_code_data_classification
8017B000-956b6f9ebcc2fa665d956cca5de304fe36bc2d88afcc6c4a6b1a194a4f3e9927,20480,0,7752,12728,0x0:0x4;0x1E4C:0x5000,,candidate_spans_and_remaining_bytes_are_not_proven_code_data_classification
8017B000-958ed6e50e946d1e3ad5ce6ddaee850c9339b502e63d452298ba7635db23cd76,20480,0,0,20480,0x0:0x5000,0x2F68,candidate_spans_and_remaining_bytes_are_not_proven_code_data_classification
8017B000-959d2f67e210eacb1fc20b84e89d283f408c423fc9474414506eb5abbbb57fce,20480,0,10440,10040,0x0:0x4;0x28CC:0x5000,,candidate_spans_and_remaining_bytes_are_not_proven_code_data_classification
8017B000-959ea6a4c8c6f769e57666c4282055dd4a052fc3b45d16b8adb725f2e668e895,20480,0,5860,14620,0x0:0x4;0x16E8:0x5000,,candidate_spans_and_remaining_bytes_are_not_proven_code_data_classification
8017B000-95d808b2c2cdece358278c2f9dbe90a14a13068c8f31940aa79d9f153be9a69b,20480,0,6488,13992,0x0:0x4;0x195C:0x5000,,candidate_spans_and_remaining_bytes_are_not_proven_code_data_classification
8017B000-9666230101cc83357ad4bc891000b1aa548779d0a4d1c93350953bade8c787c8,20480,0,6872,13608,0x0:0x4;0x1ADC:0x5000,,candidate_spans_and_remaining_bytes_are_not_proven_code_data_classification
8017B000-9690c90532eea94b4c755d069acc3b0d22ff8bdb2bed595e1b2ca93990073286,20480,0,8584,11896,0x0:0x4;0x218C:0x5000,,candidate_spans_and_remaining_bytes_are_not_proven_code_data_classification
8017B000-96a8f61e0c7459fde4abe2b583445239a2fcb4109a07a66262a6bdfda383c15a,20480,0,0,20480,0x0:0x5000,0x2358,candidate_spans_and_remaining_bytes_are_not_proven_code_data_classification
8017B000-96b8242fc8ea0be458cc9be34ef180daa89427754f380881a0b236e797b95285,20480,0,5340,15140,0x0:0x4;0x10B4:0x3520;0x394C:0x5000,0x18C4;0x2178;0x26D8;0x3008;0x3518,candidate_spans_and_remaining_bytes_are_not_proven_code_data_classification
8017B000-970508caba03c10407973e8301ebc8b44fc5405e3a596fd0e617b1f64dfa6918,20480,0,0,20480,0x0:0x5000,0x4DC4,candidate_spans_and_remaining_bytes_are_not_proven_code_data_classification
8017B000-97660897daaa52a409ce4d747db0cc3f3a50032df4fd6351995d1a0ab953877b,20480,0,16488,3992,0x0:0x4;0x406C:0x5000,,candidate_spans_and_remaining_bytes_are_not_proven_code_data_classification
8017B000-976aca44a3b4d6a8ff86d665c76c9f88d2d197029783a70cfd9c7cd3d6cd3920,20480,0,0,20480,0x0:0x5000,0x3590,candidate_spans_and_remaining_bytes_are_not_proven_code_data_classification
8017B000-977abc7fa04aaa92b78a27c5f84bb73cf6ade0eee52de654239ef10de6cb977a,20480,0,2384,18096,0x0:0x4;0x954:0x5000,0xE2C,candidate_spans_and_remaining_bytes_are_not_proven_code_data_classification
8017B000-978db553208276db5735eba3652c37bcc742950249862bd1874f9c999ebd859c,20480,0,8036,12444,0x0:0x4;0x1F68:0x5000,,candidate_spans_and_remaining_bytes_are_not_proven_code_data_classification
8017B000-97fd10a8ad1794a63af5b35a843df9a5dcb4de79f86faaa5e1de3dbbe10ff65a,20480,0,15364,5116,0x0:0x4;0x3C08:0x5000,,candidate_spans_and_remaining_bytes_are_not_proven_code_data_classification
8017B000-97ff692986f556f136943c0b7167b799cc08d86ff420f53beb7ce897f7116f85,20480,0,8364,12116,0x0:0x4;0x20B0:0x5000,,candidate_spans_and_remaining_bytes_are_not_proven_code_data_classification
8017B000-986092a3157dfbd835f893707b69baac63915d41e755dfd7d8f07e60019dfafc,20480,0,0,20480,0x0:0x5000,0x3F90,candidate_spans_and_remaining_bytes_are_not_proven_code_data_classification
8017B000-991bcd70d73739fd6f4280d59a4f52f35141a2a87377d51ed9fd0a4e05f4f9f9,20480,0,4808,15672,0x0:0x4;0x12CC:0x5000,,candidate_spans_and_remaining_bytes_are_not_proven_code_data_classification
8017B000-99b5288d8139f907e019b78d901bab32721984be82af81917b1ca817c5b4992f,20480,0,0,20480,0x0:0x5000,0x4ADC,candidate_spans_and_remaining_bytes_are_not_proven_code_data_classification
8017B000-99bdb200a0f716d59b85f50d10ebc310fc24e15641af8cd0a799de9d4f68bfaf,20480,0,8120,12360,0x0:0x4;0x1FBC:0x5000,0x22F8;0x267C;0x29E8,candidate_spans_and_remaining_bytes_are_not_proven_code_data_classification
8017B000-9a08396dc729774328b25e10c1a1afc9e6973a55d5c8596c33f5b68e3e4cea0e,20480,0,4260,16220,0x0:0x4;0x10A8:0x5000,0x20B8,candidate_spans_and_remaining_bytes_are_not_proven_code_data_classification
8017B000-9aab20fc91f5f297e560dc0a6e44d4d01b063d7d9d1930eee5ad62d8549152e0,20480,0,8412,12068,0x0:0x4;0x20E0:0x5000,,candidate_spans_and_remaining_bytes_are_not_proven_code_data_classification
8017B000-9ac9371de7bf5d4f343ced68b71f95996f422d1e114cc45235a6d735c66c1bd9,20480,0,9260,11220,0x0:0x4;0x2430:0x5000,,candidate_spans_and_remaining_bytes_are_not_proven_code_data_classification
8017B000-9ad540693291a4614a9c1d5c9e7aae961e435351fd4e92389bc5878a7f1a5333,20480,0,0,20480,0x0:0x5000,0x3590,candidate_spans_and_remaining_bytes_are_not_proven_code_data_classification
8017B000-9b229ccdfbf305c48df08cd65b1bb58008b07a11e658944d3ae345a8c6e348f3,20480,0,6708,13772,0x0:0x4;0x1A38:0x5000,,candidate_spans_and_remaining_bytes_are_not_proven_code_data_classification
8017B000-9b6c079f67b9727b7ce179f1f17969d2ac63b50d068218aff40473bd133e1937,20480,0,13596,6884,0x0:0x4;0x3520:0x5000,,candidate_spans_and_remaining_bytes_are_not_proven_code_data_classification
8017B000-9b78e21295b7824a0ffd9acbfeef83d3c6ccd6537e3db0a9b4029bb8e2260484,20480,0,5292,15188,0x0:0x4;0x14B0:0x5000,,candidate_spans_and_remaining_bytes_are_not_proven_code_data_classification
8017B000-9ca25e71ca719c402fcdb03ee347c245f8950e591257cca0fb80332aa2fd3d19,20480,0,2584,17896,0x0:0x4;0xA1C:0x5000,,candidate_spans_and_remaining_bytes_are_not_proven_code_data_classification
8017B000-9cc69b35e25c28248d944dcfc0c10cbe47d08e99870dc0508a60c1978d847f84,20480,0,8188,12292,0x0:0x4;0x2000:0x5000,,candidate_spans_and_remaining_bytes_are_not_proven_code_data_classification
8017B000-9cd07a004a85e2ab3a90e83e33d33cedb65d573d903060b5b2d071807040e4d8,20480,0,17308,3172,0x0:0x4;0x43A0:0x5000,,candidate_spans_and_remaining_bytes_are_not_proven_code_data_classification
8017B000-9d543127194c9e27347283b295c9f1cc8ab8029a06ed30a4b8637e4a3b68e7d8,20480,0,15268,5212,0x0:0x4;0x3BA8:0x5000,,candidate_spans_and_remaining_bytes_are_not_proven_code_data_classification
8017B000-9db5e89cb552b3e97b5574588e44d5b5949785b18ba6e53da04bb9a3ce4a6b24,20480,0,15032,5448,0x0:0x4;0x3ABC:0x5000,,candidate_spans_and_remaining_bytes_are_not_proven_code_data_classification
8017B000-9dc47184a2ec524d71489ed16dc0ae252fc515611c6146c72f7dff97c4d5c537,20480,0,7060,13420,0x0:0x4;0x1B98:0x5000,,candidate_spans_and_remaining_bytes_are_not_proven_code_data_classification
8017B000-9e5bbfa1da4ffc82bda58837676e61ea629cda59a046d5323d64e75600d0eb17,20480,0,0,20480,0x0:0x5000,0x22A4,candidate_spans_and_remaining_bytes_are_not_proven_code_data_classification
8017B000-9eb0c84296a780e6c1ceb8d00182956eae9ed73653f6c9435cad970465ef4096,20480,0,9164,11316,0x0:0x4;0x23D0:0x5000,,candidate_spans_and_remaining_bytes_are_not_proven_code_data_classification
8017B000-9fba9234e56a3fca4472ba569193f3ce497e226b12bc55ad3e497599612ebd47,20480,0,4840,15640,0x0:0x4;0x12EC:0x5000,,candidate_spans_and_remaining_bytes_are_not_proven_code_data_classification
8017B000-a00ce80c35979acbd237737a3f32559c55d30b0c87255b7b154869765ad6e043,20480,0,14652,5828,0x0:0x4;0x3940:0x5000,,candidate_spans_and_remaining_bytes_are_not_proven_code_data_classification
8017B000-a00f06f16bc80f97a4ad8921e6354120fbb739c1fe14c5e66f4459b1dfc8c366,20480,0,3316,17164,0x0:0x4;0xCF8:0x5000,0x161C,candidate_spans_and_remaining_bytes_are_not_proven_code_data_classification
8017B000-a02d20030c2c17733907a35b5a7dfb5a1ae19fb353fa031f909c65e52d27682c,20480,0,0,20480,0x0:0x5000,0x2358,candidate_spans_and_remaining_bytes_are_not_proven_code_data_classification
8017B000-a03dad0471c421312719c621940a2c887d44bd1be177cfd9333a1ba732c50ea1,20480,0,0,20480,0x0:0x5000,0x19F0,candidate_spans_and_remaining_bytes_are_not_proven_code_data_classification
8017B000-a049d34a8dcff69625c6fbb1485883691a0d45e85aa992abc38d9691d0c37636,20480,0,6196,14284,0x0:0x4;0x1838:0x5000,0x2FB8,candidate_spans_and_remaining_bytes_are_not_proven_code_data_classification
8017B000-a071967946b5ffc139a0b7c8cd2ccb2b293ea3c37fee4dc0daff40c5b03cca2c,20480,0,7608,12872,0x0:0x4;0x1DBC:0x5000,,candidate_spans_and_remaining_bytes_are_not_proven_code_data_classification
8017B000-a07a9b25eacfbc453249622e07dd5d988609f6b9ef373a733bcfea8b33fff75c,20480,0,8188,12292,0x0:0x4;0x2000:0x5000,,candidate_spans_and_remaining_bytes_are_not_proven_code_data_classification
8017B000-a0955ff360de7a8ade0c76497ea129681cdf9a626a8891501cdc18c6a880b735,20480,0,8412,12068,0x0:0x4;0x20E0:0x5000,,candidate_spans_and_remaining_bytes_are_not_proven_code_data_classification
8017B000-a0b5cea36882ed5e9471220864e6aa35d68713b0c805214969cc0b238567e796,20480,0,6140,14340,0x0:0x4;0x1800:0x5000,,candidate_spans_and_remaining_bytes_are_not_proven_code_data_classification
8017B000-a1228428e2eb0335e5547f3b3768d3ff382684ccd8ecc9e0eb3aca23929646cc,20480,0,2584,17896,0x0:0x4;0xA1C:0x5000,0x1284,candidate_spans_and_remaining_bytes_are_not_proven_code_data_classification
8017B000-a17590151d5c859fa16293062159045df7d9ada1a947faaae66d05bfd512ba13,20480,0,0,20480,0x0:0x5000,0x1348,candidate_spans_and_remaining_bytes_are_not_proven_code_data_classification
8017B000-a18233d36d74f632586b098fc98deb33f0232091dab2121c902d800ba2b8f4f1,20480,0,6524,13956,0x0:0x4;0x1980:0x5000,0x3844;0x3DF0,candidate_spans_and_remaining_bytes_are_not_proven_code_data_classification
8017B000-a22e0b9d69a4126f4e0f14fc16987eef74b9f991ccb751b760255c27fcd0bf97,20480,0,4440,16040,0x0:0x4;0x115C:0x5000,,candidate_spans_and_remaining_bytes_are_not_proven_code_data_classification
8017B000-a2310a1ec682f46484847c5927c0092ad10f48920dcf79218aeb1f3c784c096e,20480,0,9472,11008,0x0:0x4;0x2504:0x5000,,candidate_spans_and_remaining_bytes_are_not_proven_code_data_classification
8017B000-a238ad1f2844a5da94e6f0284567d2baa32320072348d4d4dd258f03d2e1d5c6,20480,0,9260,11220,0x0:0x4;0x2430:0x5000,,candidate_spans_and_remaining_bytes_are_not_proven_code_data_classification
8017B000-a260c9d01d3f28e63f5c8e16ba4c4737df3044121c150f937dbd1ef508588f6e,20480,0,8732,11748,0x0:0x4;0x2220:0x5000,,candidate_spans_and_remaining_bytes_are_not_proven_code_data_classification
8017B000-a270a4e02da445a62c5c76430ff2d1ed10d4fb416d59b2a155ee1b48f007d82f,20480,0,14288,6192,0x0:0x4;0x37D4:0x5000,,candidate_spans_and_remaining_bytes_are_not_proven_code_data_classification
8017B000-a279019dcf9e0bd602725dd5da73275cb960e01c490405686ab78750c537d787,20480,0,10092,10388,0x0:0x4;0x2770:0x5000,,candidate_spans_and_remaining_bytes_are_not_proven_code_data_classification
8017B000-a3006d3448907d95bc818d161604935d887737de40971f0f1dcce65aabb3c6fe,20480,0,6488,13992,0x0:0x4;0x195C:0x5000,0x328C,candidate_spans_and_remaining_bytes_are_not_proven_code_data_classification
8017B000-a300f8fe795c40ce9708d5cdfdbfa30d4c4075929fcacb9ba75cf94afed75f06,20480,0,15528,4952,0x0:0x4;0x3CAC:0x5000,0x4078,candidate_spans_and_remaining_bytes_are_not_proven_code_data_classification
8017B000-a310939e7867c38a2d8d4521a5fbff1b30aedfd4fb88a7ef8cbc22cab1d468a0,20480,0,0,20480,0x0:0x5000,0x19F0,candidate_spans_and_remaining_bytes_are_not_proven_code_data_classification
8017B000-a33814fcd2a63004f42830202d1d6de29351690d601f8a081773db6db0f0e2a8,20480,0,6196,14284,0x0:0x4;0x1838:0x5000,0x2FB8,candidate_spans_and_remaining_bytes_are_not_proven_code_data_classification
8017B000-a33f16c7d86632a4bfca8c27ea85e249d10f1826b1a62984066f2e121a8347c2,20480,0,11404,9076,0x0:0x4;0x2C90:0x5000,,candidate_spans_and_remaining_bytes_are_not_proven_code_data_classification
8017B000-a3849ae7e40b3e932d7050f262a0484c4f8cab2fb4cd8d25a9f3eb1d88662866,20480,0,0,20480,0x0:0x5000,0x19F0,candidate_spans_and_remaining_bytes_are_not_proven_code_data_classification
8017B000-a3863df83a529d896c44d5b9831600ee3063104217254a086c7877eea4701149,20480,0,11952,8528,0x0:0x4;0x2EB4:0x5000,,candidate_spans_and_remaining_bytes_are_not_proven_code_data_classification
8017B000-a3df4ee5a991191dedd3f0ce9f67eef0b769fdba7bc54d4a55849c71b59f47f2,20480,0,6708,13772,0x0:0x4;0x1A38:0x5000,,candidate_spans_and_remaining_bytes_are_not_proven_code_data_classification
8017B000-a40cf9ee61620bddcd7ad949fc4b9476d50c48dac47657a7a729715eb2949e1b,20480,0,3996,16484,0x0:0x4;0xFA0:0x5000,0x1C90,candidate_spans_and_remaining_bytes_are_not_proven_code_data_classification
8017B000-a40f9c01d0be7e89b61d8c442685da2f3cd633967bd28eef0ac532a0dbbe5603,20480,0,11156,9324,0x0:0x4;0x2B98:0x5000,,candidate_spans_and_remaining_bytes_are_not_proven_code_data_classification
8017B000-a42be11655ad5eba605310569d7cc346fbf3b59e919b648ca4b126464b2ea5a6,20480,0,7832,12648,0x0:0x4;0x1E9C:0x5000,0x3004;0x4004,candidate_spans_and_remaining_bytes_are_not_proven_code_data_classification
8017B000-a53e0878e1654ec65913db528c8b5f69d63e57cc33262f3daf4bd29d33832fd5,20480,0,6700,13780,0x0:0x4;0x1A30:0x5000,,candidate_spans_and_remaining_bytes_are_not_proven_code_data_classification
8017B000-a5527673a6c581e74161fc1f8e8ed54f36e3556fcbbb0d2ddc4d7b53f9e923c1,20480,0,6420,14060,0x0:0x4;0x1918:0x5000,,candidate_spans_and_remaining_bytes_are_not_proven_code_data_classification
8017B000-a589d962b57a4e8336f13c727349e40ae3e4cdf7268b1cd1c4a45e8a3a5598c1,20480,0,0,20480,0x0:0x5000,0x2358,candidate_spans_and_remaining_bytes_are_not_proven_code_data_classification
8017B000-a5cb1e2114069de744f11c3ac99192124b472f606834f684a96b632a273b15db,20480,0,9992,10488,0x0:0x4;0x270C:0x5000,,candidate_spans_and_remaining_bytes_are_not_proven_code_data_classification
8017B000-a5d1bec6ef958f415f1a0670127127febcbe842bbc5dcdb27e63e2765aad5e0b,20480,0,12696,7784,0x0:0x4;0x319C:0x5000,0x4718,candidate_spans_and_remaining_bytes_are_not_proven_code_data_classification
8017B000-a5de9f1b507b72062d20a891162b8af9b8fc6b6ab9d50eeb3926d93f2a50e775,20480,0,9132,11348,0x0:0x4;0x23B0:0x5000,,candidate_spans_and_remaining_bytes_are_not_proven_code_data_classification
8017B000-a5e9ddad7b011a352f4a5545679a17b3e97f62a46a2a6a990ba22a730c832c69,20480,0,0,20480,0x0:0x5000,0x19F0,candidate_spans_and_remaining_bytes_are_not_proven_code_data_classification
8017B000-a5f97c42e39e90257cd97bd03497310741a513ff0dd6f538b3e233ae9382c381,20480,0,8188,12292,0x0:0x4;0x2000:0x5000,,candidate_spans_and_remaining_bytes_are_not_proven_code_data_classification
8017B000-a60415c31f53c3720671dbe6c8d99e56f7642e2a5273f1910f6e9baf09557b59,20480,0,6488,13992,0x0:0x4;0x195C:0x5000,0x328C,candidate_spans_and_remaining_bytes_are_not_proven_code_data_classification
8017B000-a61f4684ce451d7dcebc41b90e979a002f5289d842901d9b44b852defc53e528,20480,0,0,20480,0x0:0x5000,0x2358,candidate_spans_and_remaining_bytes_are_not_proven_code_data_classification
8017B000-a620ac69eb6c56988d5443e2f07bd02cb9ca080f3e3b5c7c4f2bfdabb0256f05,20480,0,5860,14620,0x0:0x4;0x16E8:0x5000,,candidate_spans_and_remaining_bytes_are_not_proven_code_data_classification
8017B000-a6778975c0097b48f0e7143a6e3ea6368d5919a3ca69d4479c74a8e76035b4fa,20480,0,8412,12068,0x0:0x4;0x20E0:0x5000,0x4420,candidate_spans_and_remaining_bytes_are_not_proven_code_data_classification
8017B000-a68517706b11e63194c4dad3846ba219f3edeccfa7d8189b3130eba87c2400e5,20480,0,6196,14284,0x0:0x4;0x1838:0x5000,,candidate_spans_and_remaining_bytes_are_not_proven_code_data_classification
8017B000-a6caaa6c1ddfa1c9746542d81f47a6cf0da612871bcbe0eed6384f3e4618cdaa,20480,0,16108,4372,0x0:0x4;0x3EF0:0x5000,,candidate_spans_and_remaining_bytes_are_not_proven_code_data_classification
8017B000-a6fcc4ad721da662489b17c942ffa629a71f86db0226475cb955ad5d8c4cd5f8,20480,0,0,20480,0x0:0x5000,0x3CD8,candidate_spans_and_remaining_bytes_are_not_proven_code_data_classification
8017B000-a74c799a33fd5eb7bb3dfebeeb699050ce8deafc0348b182eca024de4fabe797,20480,0,6320,14160,0x0:0x4;0x18B4:0x5000,,candidate_spans_and_remaining_bytes_are_not_proven_code_data_classification
8017B000-a7a178bbc0a9467c680c5005278bbf1442f07319e81d55ee6e25d6749873edc9,20480,0,5700,14780,0x0:0x4;0x1648:0x5000,,candidate_spans_and_remaining_bytes_are_not_proven_code_data_classification
8017B000-a7b79c4bcef51c508e884eac87dbb140403eca18f342de86fc878f26198a036e,20480,0,19768,712,0x0:0x4;0x4D3C:0x5000,,candidate_spans_and_remaining_bytes_are_not_proven_code_data_classification
8017B000-a7c315a821162659ab3047fa91606c38b0fac189f133949a212a90f77c6c2c02,20480,0,7500,12980,0x0:0x4;0x1D50:0x5000,0x2130;0x2A94;0x2F90;0x377C,candidate_spans_and_remaining_bytes_are_not_proven_code_data_classification
8017B000-a88aaea25a67b8893650a7f9365c293c8860ff5dcb28f25dd1668475e147a055,20480,0,14360,6120,0x0:0x4;0x381C:0x5000,,candidate_spans_and_remaining_bytes_are_not_proven_code_data_classification
8017B000-a8c2fea5833ed4676e25650b6abaf5cf863459806e90731b84f1d3a8b9a43761,20480,0,7852,12628,0x0:0x4;0x1EB0:0x5000,0x3ED4,candidate_spans_and_remaining_bytes_are_not_proven_code_data_classification
8017B000-a8fc7a38aed7187990f6f2186787794a9813bdf24407182a64828dce0c293b1f,20480,0,7612,12868,0x0:0x4;0x1DC0:0x5000,,candidate_spans_and_remaining_bytes_are_not_proven_code_data_classification
8017B000-a8fe5df829f5f002a7e09a460e5d49b1cf0f09edd0f2935e5e3b20a383b9caaf,20480,0,5004,15476,0x0:0x4;0x1390:0x5000,0x34B8,candidate_spans_and_remaining_bytes_are_not_proven_code_data_classification
8017B000-a9550fb64e4363199de577e008bac68b6bcde8a2f87e296a3020962a2490b66e,20480,0,10440,10040,0x0:0x4;0x28CC:0x5000,,candidate_spans_and_remaining_bytes_are_not_proven_code_data_classification
8017B000-a98198996f23043fe3cbca73da127ca00070155f2a2bdbdb2e961a12cf2de397,20480,0,0,20480,0x0:0x5000,0x3F90,candidate_spans_and_remaining_bytes_are_not_proven_code_data_classification
8017B000-a99227f7fef0e68ae13f14ee0f1e46d7263f8dc0aa91236063bf102720a2b550,20480,0,5728,14752,0x0:0x4;0x1664:0x5000,,candidate_spans_and_remaining_bytes_are_not_proven_code_data_classification
8017B000-a9e28cfcbb5d0fc713761d2c13167a37689269916bc1c4ddc5c5303e3b1ca4e7,20480,0,5560,14920,0x0:0x4;0x15BC:0x5000,0x239C,candidate_spans_and_remaining_bytes_are_not_proven_code_data_classification
8017B000-a9e4f003a4dab8a1029ba51c018b5d1dd3f519a55dc5e31c3df1d7eb498cd174,20480,0,2584,17896,0x0:0x4;0xA1C:0x5000,0x1284,candidate_spans_and_remaining_bytes_are_not_proven_code_data_classification
8017B000-aa541d020efa6cbf461a894a49c356583772de8c625a804003c6184e106f3b02,20480,0,3144,17336,0x0:0x4;0xC4C:0x5000,,candidate_spans_and_remaining_bytes_are_not_proven_code_data_classification
8017B000-aa96d9ce749d40f611847d5ada7136d0420d4ee1c651146274d516ec3c85f293,20480,0,13600,6880,0x0:0x4;0x3524:0x5000,,candidate_spans_and_remaining_bytes_are_not_proven_code_data_classification
8017B000-ab2f71a958b0ad883b69662d3557faa575562b393bd07fd0afee41f0d3c885c0,20480,0,0,20480,0x0:0x5000,0xE40;0x1204,candidate_spans_and_remaining_bytes_are_not_proven_code_data_classification
8017B000-ab4b107080a0c18889a8c68630617ea5f38ca9aafe8a8c679ede0ac120899eb5,20480,0,2584,17896,0x0:0x4;0xA1C:0x5000,0x1284,candidate_spans_and_remaining_bytes_are_not_proven_code_data_classification
8017B000-ab7595c16107c6bf28de88d2eb517b8264c37c276f96bb8b0a842a0a4702a02e,20480,0,9208,11272,0x0:0x4;0x23FC:0x5000,,candidate_spans_and_remaining_bytes_are_not_proven_code_data_classification
8017B000-ab8d816da899bada606d0e2eadb88aa6d9ddcde8e8ee5afd2eae547e4c616bc7,20480,0,6196,14284,0x0:0x4;0x1838:0x5000,,candidate_spans_and_remaining_bytes_are_not_proven_code_data_classification
8017B000-aba1e30a9a0992ecc0e9196c2d4f2c5d7472e03fa1ff8dfac6fd960b4b9cabdd,20480,0,13168,7312,0x0:0x4;0x3374:0x5000,,candidate_spans_and_remaining_bytes_are_not_proven_code_data_classification
8017B000-aba460967985c43c444cea773546c2d160b6e019360e23b122eb8de84baef445,20480,0,9992,10488,0x0:0x4;0x270C:0x5000,,candidate_spans_and_remaining_bytes_are_not_proven_code_data_classification
8017B000-abf5943ab9cc901fbf1635e7e481bf67c7516777a0b2c7c68e74063a108d07d2,20480,0,0,20480,0x0:0x5000,0x1F30,candidate_spans_and_remaining_bytes_are_not_proven_code_data_classification
8017B000-ac1373ba87d26190a26906d00b1f69ae408cf2f0196bcf5b29292307623edefa,20480,0,7524,12956,0x0:0x4;0x1D68:0x5000,0x2C5C,candidate_spans_and_remaining_bytes_are_not_proven_code_data_classification
8017B000-ac91942ac50d07a1b54bde852119e7dbca881cff443d17d891adfcab6cbce538,20480,0,13920,6560,0x0:0x4;0x3664:0x5000,0x3AB4,candidate_spans_and_remaining_bytes_are_not_proven_code_data_classification
8017B000-acc1289baa92a77a450055e888e0852005c9074a1beab6afd40e9f2c075a43d0,20480,0,6196,14284,0x0:0x4;0x1838:0x5000,,candidate_spans_and_remaining_bytes_are_not_proven_code_data_classification
8017B000-ace76caa4564c780b16723362d55c89dd66419d6870afa2aa95f0a11459b5fa9,20480,0,15884,4596,0x0:0x4;0x3E10:0x5000,0x4EA0,candidate_spans_and_remaining_bytes_are_not_proven_code_data_classification
8017B000-ad3f93e8d5c6b2753c427c4443dbf1c1d727b31346e159bd3161fe68b594aa42,20480,0,13496,6984,0x0:0x4;0x34BC:0x5000,,candidate_spans_and_remaining_bytes_are_not_proven_code_data_classification
8017B000-ad4039f94fdd59f6c3b1488aa04bf6830b927ae49c482a3457497c068b7d9cd6,20480,0,2964,17516,0x0:0x4;0xB98:0x5000,,candidate_spans_and_remaining_bytes_are_not_proven_code_data_classification
8017B000-ad6b2028f9af90493bfab12a44adf43b7eea4db7197890b48ea2baec8f33b30b,20480,0,14360,6120,0x0:0x4;0x381C:0x5000,,candidate_spans_and_remaining_bytes_are_not_proven_code_data_classification
8017B000-ad9a33325ea7b1c8840dcf4d9829103fd7ff576fee4935ba42812c55d38a6b2f,20480,0,4160,16320,0x0:0x4;0x1044:0x5000,0x1DFC,candidate_spans_and_remaining_bytes_are_not_proven_code_data_classification
8017B000-ae516e46a7abd4505a89f4a6b347c2132974c3fef6dcbc510a40c8e04879c5a5,20480,0,0,20480,0x0:0x5000,0x22A4,candidate_spans_and_remaining_bytes_are_not_proven_code_data_classification
8017B000-aed93230221ee26c72661ffc5bbff131f443d74dac7cb631cbf330fbd06dd504,20480,0,3756,16724,0x0:0x4;0xEB0:0x5000,0x10E0,candidate_spans_and_remaining_bytes_are_not_proven_code_data_classification
8017B000-af321e887f0f12c9fa64d18febe8d50c74fcc7715f343823dd98ea4453d1560b,20480,0,0,20480,0x0:0x5000,0xE40;0x1204,candidate_spans_and_remaining_bytes_are_not_proven_code_data_classification
8017B000-af4800330ea05017e3ddc1938820e2f1df96a433efa829e0b7029d5b38d8a918,20480,0,8188,12292,0x0:0x4;0x2000:0x5000,,candidate_spans_and_remaining_bytes_are_not_proven_code_data_classification
8017B000-af7c8273950e0d7b3c6110ba98fc7816a39b08dab3cd6c2fb3b2f9b50aa120ef,20480,0,0,20480,0x0:0x5000,0x4ADC,candidate_spans_and_remaining_bytes_are_not_proven_code_data_classification
8017B000-afe392884547970ccae689808cd338eeaab0cb9680c96d69d9108e5945985c80,20480,0,3764,16716,0x0:0x4;0xEB8:0x5000,,candidate_spans_and_remaining_bytes_are_not_proven_code_data_classification
8017B000-b047f2fc98e7c4fa5942f192d62cbfd2db3aaaa079d1b49e8e9bf3bd6c300cc8,20480,0,0,20480,0x0:0x5000,0x2F68,candidate_spans_and_remaining_bytes_are_not_proven_code_data_classification
8017B000-b052925acf9d7cbd8995e6944681aa31e16e793d4309847457ef811c9a333209,20480,0,0,20480,0x0:0x5000,0x4ADC,candidate_spans_and_remaining_bytes_are_not_proven_code_data_classification
8017B000-b0607ef999c7f10c7d1c06adcbca55c7246efa513615c93d870bee8eedf0c922,20480,0,3316,17164,0x0:0x4;0xCF8:0x5000,0x161C,candidate_spans_and_remaining_bytes_are_not_proven_code_data_classification
8017B000-b08799d7bc3c352fa61e9fdf799e367573f664767ce3d997f10699a8fef5c565,20480,0,9260,11220,0x0:0x4;0x2430:0x5000,,candidate_spans_and_remaining_bytes_are_not_proven_code_data_classification
8017B000-b0ec1aa338131f484b5471b0881c8c0644a21d85a36c075a2b2c25553a86d265,20480,0,9312,11168,0x0:0x4;0x2464:0x5000,,candidate_spans_and_remaining_bytes_are_not_proven_code_data_classification
8017B000-b0f306f423e7ad75067147b37657f06ac4c92c2c5cb9106dfc02d892ae3da241,20480,0,6488,13992,0x0:0x4;0x195C:0x5000,0x328C,candidate_spans_and_remaining_bytes_are_not_proven_code_data_classification
8017B000-b11c3f04471c66dcb7633ef3bbcdfca373819caedc13b12daea4eab3b8f9b6fe,20480,0,9260,11220,0x0:0x4;0x2430:0x5000,,candidate_spans_and_remaining_bytes_are_not_proven_code_data_classification
8017B000-b136876b74233174df76a50a137752d1c227a70cced532736071d4dd0b3b82a4,20480,0,11404,9076,0x0:0x4;0x2C90:0x5000,,candidate_spans_and_remaining_bytes_are_not_proven_code_data_classification
8017B000-b13da23d237ac408871cc504d7a469d39ac3319c7e3a05de771970c9672f1fb8,20480,0,8024,12456,0x0:0x4;0x1F5C:0x5000,,candidate_spans_and_remaining_bytes_are_not_proven_code_data_classification
8017B000-b145596bafe2b0f9ca809fc9ad5e3dbb9233c895f24802da9bb6b9824cc9ffa0,20480,0,10672,9808,0x0:0x4;0x29B4:0x5000,,candidate_spans_and_remaining_bytes_are_not_proven_code_data_classification
8017B000-b16b0e4328ac1980ce1046fb93decd4dc298f483419f7ffc66e15007610af3b2,20480,0,4440,16040,0x0:0x4;0x115C:0x5000,,candidate_spans_and_remaining_bytes_are_not_proven_code_data_classification
8017B000-b1be0ca3efd8af89d91a111d8241a53d4e243550e6f18fd03c94e4b780d94518,20480,0,6488,13992,0x0:0x4;0x195C:0x5000,0x328C,candidate_spans_and_remaining_bytes_are_not_proven_code_data_classification
8017B000-b1c7294c61cccea82b7abaa7c6c578b20c49bd766fadb7fc3e6e26b675e723b5,20480,0,6320,14160,0x0:0x4;0x18B4:0x5000,,candidate_spans_and_remaining_bytes_are_not_proven_code_data_classification
8017B000-b252fbbad9d392502f288e96bce3c5fa3c64902d27a8fe1a9fca37072aea8c48,20480,0,4160,16320,0x0:0x4;0x1044:0x5000,,candidate_spans_and_remaining_bytes_are_not_proven_code_data_classification
8017B000-b2c09ebe755c47e542c1d043a15fba6c59b6d3150c5a1be7fed9b14d8133b8c3,20480,0,4832,15648,0x0:0x4;0x12E4:0x5000,0x28BC;0x3004;0x4004,candidate_spans_and_remaining_bytes_are_not_proven_code_data_classification
8017B000-b2d8e9bf537a5bec91755918fd706313758a23823d7609f4443f732243195181,20480,0,0,20480,0x0:0x5000,0x3404,candidate_spans_and_remaining_bytes_are_not_proven_code_data_classification
8017B000-b315eae7afbb561d765c249d2e476ebe489187533a91c339861fe698dc3dd83b,20480,0,4068,16412,0x0:0x4;0xFE8:0x5000,0x161C,candidate_spans_and_remaining_bytes_are_not_proven_code_data_classification
8017B000-b378f258be13361f687a56086ec7352fa44b7e27cafee3ae6f72ce02023cc9fb,20480,0,4260,16220,0x0:0x4;0x10A8:0x5000,0x20B8,candidate_spans_and_remaining_bytes_are_not_proven_code_data_classification
8017B000-b37e769bb1be6f53c8c695bddba1c50633ff8c553db46793ac8df8603f730f11,20480,0,4440,16040,0x0:0x4;0x115C:0x5000,,candidate_spans_and_remaining_bytes_are_not_proven_code_data_classification
8017B000-b38ddaa5189062e0de6128657d526950d20a005b3c7aa6ae85e757d2edadf730,20480,0,12212,8268,0x0:0x4;0x2FB8:0x5000,,candidate_spans_and_remaining_bytes_are_not_proven_code_data_classification
8017B000-b3a0364537f29fda3bc4c506449a50b842a37f38ebe215f16d31821e2868544b,20480,0,6488,13992,0x0:0x4;0x195C:0x5000,0x328C,candidate_spans_and_remaining_bytes_are_not_proven_code_data_classification
8017B000-b3ae0dbc886430759bc114e5b2dfbc7d7295d51206a32a3eca0e0bb5ef27fc0f,20480,0,0,20480,0x0:0x5000,0x1348;0x1F40,candidate_spans_and_remaining_bytes_are_not_proven_code_data_classification
8017B000-b3bf0e16c0912be59b1b5e5c3d80d1a0ca7c4e219408b69de4bf0216c7610a24,20480,0,5660,14820,0x0:0x4;0x1620:0x5000,,candidate_spans_and_remaining_bytes_are_not_proven_code_data_classification
8017B000-b3dae40733986afc41a76d0e36046f2ef17a85bf000dbd9a27621a1f22245b0b,20480,0,4160,16320,0x0:0x4;0x1044:0x5000,0x1DFC,candidate_spans_and_remaining_bytes_are_not_proven_code_data_classification
8017B000-b3e5d401fe57c9425843469431b535a18ca1857961af00b4bc073204550e950f,20480,0,0,20480,0x0:0x5000,0x2C24,candidate_spans_and_remaining_bytes_are_not_proven_code_data_classification
8017B000-b429ec4df685ca13c7b1be707c66eb7d7679d2d797e0eb1a0d4189a4ac4f9ef9,20480,0,4440,16040,0x0:0x4;0x115C:0x5000,,candidate_spans_and_remaining_bytes_are_not_proven_code_data_classification
8017B000-b46b81faf1031fd7fe684ce6abb3df886eb2bb889ae5b61c15db37b0daaca8bb,20480,0,9924,10556,0x0:0x4;0x26C8:0x5000,0x2DFC,candidate_spans_and_remaining_bytes_are_not_proven_code_data_classification
8017B000-b47baf02fcb6953ddfd31e298fb2fd135b85a1df3c8082cc0a4dfcd064bd7ed1,20480,0,5524,14956,0x0:0x4;0x1598:0x5000,0x3004;0x4004,candidate_spans_and_remaining_bytes_are_not_proven_code_data_classification
8017B000-b4bafd3db06128824f9d796e0d73105b1b24787a28ebf30656d06f9ce71b91de,20480,0,0,20480,0x0:0x5000,0x3590,candidate_spans_and_remaining_bytes_are_not_proven_code_data_classification
8017B000-b4d11afd09f790461c82ef5662a7b6f6ec3420a0dda4a844d67d40f4f093c5c8,20480,0,0,20480,0x0:0x5000,0x1F30;0x2004,candidate_spans_and_remaining_bytes_are_not_proven_code_data_classification
8017B000-b50025f6b9f7dcf282fbf8b07446baf4673ac912b7df1718a9e795f89fd4ac42,20480,0,7752,12728,0x0:0x4;0x1E4C:0x5000,,candidate_spans_and_remaining_bytes_are_not_proven_code_data_classification
8017B000-b57738ac04b63fdeea0e94c581e7137e84661ac6eb70f86ead5756b90357ca4f,20480,0,7752,12728,0x0:0x4;0x1E4C:0x5000,,candidate_spans_and_remaining_bytes_are_not_proven_code_data_classification
8017B000-b5c05eccbd2c1102ad931687355e353ae675f1b3b09641da5703f51d66ed09cd,20480,0,11184,9296,0x0:0x4;0x2BB4:0x5000,,candidate_spans_and_remaining_bytes_are_not_proven_code_data_classification
8017B000-b5d37eb2f3d253732a0dbfd8aa2574f9c37fdc99332136dbf4602b537db651ad,20480,0,7148,13332,0x0:0x4;0x1BF0:0x5000,0x2368,candidate_spans_and_remaining_bytes_are_not_proven_code_data_classification
8017B000-b61d2ff948b4ae40553b85a607b7b2b898dc48948dccd632f6513ca9bd1e20b8,20480,0,9132,11348,0x0:0x4;0x23B0:0x5000,,candidate_spans_and_remaining_bytes_are_not_proven_code_data_classification
8017B000-b634463544d4c0faf01baffe35de7f49e113b769ce1a8d33151cbe2a200df374,20480,0,8412,12068,0x0:0x4;0x20E0:0x5000,,candidate_spans_and_remaining_bytes_are_not_proven_code_data_classification
8017B000-b65a1b25a45cf0099087f53940f3e5b38c2690660eab4f3f330a4f2cb4a521e8,20480,0,7060,13420,0x0:0x4;0x1B98:0x5000,,candidate_spans_and_remaining_bytes_are_not_proven_code_data_classification
8017B000-b6747df43e4efe9749ac628164737b6aceb6ff8685238114196106a146f2c044,20480,0,6816,13664,0x0:0x4;0x1AA4:0x5000,,candidate_spans_and_remaining_bytes_are_not_proven_code_data_classification
8017B000-b6bf9bbca79c56398db1760e5a3037f3f4b891eb0e1fbafaec92f19abcaab0aa,20480,0,5188,15292,0x0:0x4;0x1448:0x5000,,candidate_spans_and_remaining_bytes_are_not_proven_code_data_classification
8017B000-b6c4f824dacdc57797c41a4b98b29c039e0117930389c47e381cbd6e099f7243,20480,0,7240,13240,0x0:0x4;0x1C4C:0x5000,,candidate_spans_and_remaining_bytes_are_not_proven_code_data_classification
8017B000-b6fa61f4fffb109e6237e98bf4aaa9bf970195db9c2634e213f7a7e3ddd1d3e2,20480,0,14316,6164,0x0:0x4;0x37F0:0x5000,,candidate_spans_and_remaining_bytes_are_not_proven_code_data_classification
8017B000-b74cbb3f7dd65d3c9a309b89a7cc453effb94b8df1566d6b970c5b53e152340b,20480,0,2384,18096,0x0:0x4;0x954:0x5000,,candidate_spans_and_remaining_bytes_are_not_proven_code_data_classification
8017B000-b759885b5a4ac771355edd318a76ce1657c51a40f11cca216cd660c10cb6da25,20480,0,0,20480,0x0:0x5000,0x32A8,candidate_spans_and_remaining_bytes_are_not_proven_code_data_classification
8017B000-b7bc2e44762f46ac6a50da4872cfcba2c6aa265833fe751319adf7d275c2dabd,20480,0,18572,1908,0x0:0x4;0x4890:0x5000,,candidate_spans_and_remaining_bytes_are_not_proven_code_data_classification
8017B000-b7dbd96c2d0295b0beb692b3d9ba2908977e264d1a2fe9a2788a5b96220c9981,20480,0,5292,15188,0x0:0x4;0x14B0:0x5000,,candidate_spans_and_remaining_bytes_are_not_proven_code_data_classification
8017B000-b7ea8737df165793749ab87f996843b909627dd20051d02eff6cbbfad2fe55bf,20480,0,0,20480,0x0:0x5000,0x3F90,candidate_spans_and_remaining_bytes_are_not_proven_code_data_classification
8017B000-b7f1b32293aa6647485b51bd339c3df7ca6131755021a47268f6856d7f7da399,20480,0,0,20480,0x0:0x5000,0x19F0,candidate_spans_and_remaining_bytes_are_not_proven_code_data_classification
8017B000-b800d12040206cef04479c8e04ad74ad4d7c881b0c32ec2e3c8021085084c18e,20480,0,0,20480,0x0:0x5000,0x2358,candidate_spans_and_remaining_bytes_are_not_proven_code_data_classification
8017B000-b815f2ae6d59dae608a9d440c4b5dd92a4866f2a9ef373a076d70fb44666249d,20480,0,6420,14060,0x0:0x4;0x1918:0x5000,,candidate_spans_and_remaining_bytes_are_not_proven_code_data_classification
8017B000-b838b70ed232eca5b05481b48e271d6aea26f6c2db89e87cf28fec480ca5c2f6,20480,0,0,20480,0x0:0x5000,0x19F0,candidate_spans_and_remaining_bytes_are_not_proven_code_data_classification
8017B000-b841db8afb5b9fb682dfc0c6f9e79035cdfdcf5e61d53a03d77701afc9416a51,20480,0,7524,12956,0x0:0x4;0x1D68:0x5000,,candidate_spans_and_remaining_bytes_are_not_proven_code_data_classification
8017B000-b854816f178440e4344508dfe6af62379cbe993bebdeab861483a30840200fe3,20480,0,0,20480,0x0:0x5000,0x32A8,candidate_spans_and_remaining_bytes_are_not_proven_code_data_classification
8017B000-b863562b2740b01fe19ffb2bad262d7ee023bb6018627f47aac41d2329064aff,20480,0,3592,16888,0x0:0x4;0xE0C:0x5000,0x10AC,candidate_spans_and_remaining_bytes_are_not_proven_code_data_classification
8017B000-b87d9cd263a854a7d07aad929948db436f39b8c7c34a02b3bf34999c571da019,20480,0,14740,5740,0x0:0x4;0x3998:0x5000,,candidate_spans_and_remaining_bytes_are_not_proven_code_data_classification
8017B000-b890e7d0ff9d1db986a05677244b34b82572a62b2e0f9a7768cf8619072f530d,20480,0,8960,11520,0x0:0x4;0x2304:0x5000,,candidate_spans_and_remaining_bytes_are_not_proven_code_data_classification
8017B000-b89d4ca63bf95da6f4f49d14124908debc0a69fda737bbceb0d6ab4ea5c06ac3,20480,0,4260,16220,0x0:0x4;0x10A8:0x5000,0x20B8,candidate_spans_and_remaining_bytes_are_not_proven_code_data_classification
8017B000-b935922349d94e640a515c43a8e6268f62929988e90776f247ed46572eccc2f5,20480,0,4160,16320,0x0:0x4;0x1044:0x5000,0x1DFC,candidate_spans_and_remaining_bytes_are_not_proven_code_data_classification
8017B000-b94bfd17e6f5a29554f18796ff441e69b7ee469c3994a431c594f8b6c46c7ab9,20480,0,0,20480,0x0:0x5000,0x19F0,candidate_spans_and_remaining_bytes_are_not_proven_code_data_classification
8017B000-b991f77ed3e3b85000bc1ab46e37dfd36da65124b4de1909ed6c40b1df4c912e,20480,0,5700,14780,0x0:0x4;0x1648:0x5000,,candidate_spans_and_remaining_bytes_are_not_proven_code_data_classification
8017B000-b9d44d5c39cf989818a1b83b7d0abcd08104787c18ea00df3a231ce9a5a787d0,20480,0,5372,15108,0x0:0x4;0x1500:0x5000,,candidate_spans_and_remaining_bytes_are_not_proven_code_data_classification
8017B000-ba9ff0fafc3a12dca0bf4e28ec8d2907676291a8a71a9447eb93af07e9116841,20480,0,13412,7068,0x0:0x4;0x3468:0x5000,,candidate_spans_and_remaining_bytes_are_not_proven_code_data_classification
8017B000-bab266ecdfa4993c6aa9fab880af15976a32b79c2f52b55313ca07a31339923a,20480,0,7568,12912,0x0:0x4;0x1D94:0x5000,,candidate_spans_and_remaining_bytes_are_not_proven_code_data_classification
8017B000-bb1352f5c736431183900f264158b2d1124bd42913b166c2bbed007304f68962,20480,0,8284,12196,0x0:0x4;0x2060:0x5000,,candidate_spans_and_remaining_bytes_are_not_proven_code_data_classification
8017B000-bb41db43e46cadddc08a37b1ad9cb00486dde83e9432845bd7b43456e7c5fbaa,20480,0,6488,13992,0x0:0x4;0x195C:0x5000,0x328C,candidate_spans_and_remaining_bytes_are_not_proven_code_data_classification
8017B000-bb5b56c850294d78c8802063de83e7e9eb81af77b9672d0858df9fdc54879088,20480,0,9992,10488,0x0:0x4;0x270C:0x5000,,candidate_spans_and_remaining_bytes_are_not_proven_code_data_classification
8017B000-bb60bc6c7667f2c5286ee48a352e8429505d18b983ab8d53f07752db6c44b730,20480,0,17232,3248,0x0:0x4;0x4354:0x5000,,candidate_spans_and_remaining_bytes_are_not_proven_code_data_classification
8017B000-bb85e1fc02741c1f56eb47c27cfc439fdc77f5fd9778b3009489935b26c45bff,20480,0,9260,11220,0x0:0x4;0x2430:0x5000,,candidate_spans_and_remaining_bytes_are_not_proven_code_data_classification
8017B000-bbaea3bea17ce45c69ff2c9f41ad67a7ff535f318a98eb3156b078ffa39bb64d,20480,0,7608,12872,0x0:0x4;0x1DBC:0x5000,,candidate_spans_and_remaining_bytes_are_not_proven_code_data_classification
8017B000-bbb4f5b91b54df0a4cbb66c6887999f9ad6fdf1b1770fa40c36e0c1c66e9b351,20480,0,4160,16320,0x0:0x4;0x1044:0x5000,0x1DFC,candidate_spans_and_remaining_bytes_are_not_proven_code_data_classification
8017B000-bbc33e6b0cbb10761026a37457c7ce0adde61df65942ffc9b83ffaaaf66f81fa,20480,0,7148,13332,0x0:0x4;0x1BF0:0x5000,0x317C,candidate_spans_and_remaining_bytes_are_not_proven_code_data_classification
8017B000-bbd9059950ef1a8bc3aabe32b629eff08045d45980e3cd49a6dca6d2fbbb0f82,20480,0,5188,15292,0x0:0x4;0x1448:0x5000,,candidate_spans_and_remaining_bytes_are_not_proven_code_data_classification
8017B000-bc6feaf68533bba044e7f8c11f0c3e4a6f7041dc879df7025744f563a2045f7d,20480,0,6900,13580,0x0:0x4;0x1AF8:0x5000,,candidate_spans_and_remaining_bytes_are_not_proven_code_data_classification
8017B000-bca1dfc8a5ab274e6b182f75a58e2ea817563278217337584bd7445fe1586c87,20480,0,6572,13908,0x0:0x4;0x19B0:0x5000,,candidate_spans_and_remaining_bytes_are_not_proven_code_data_classification
8017B000-bca436fa66989cdbdae377e3f9944f499d2f67201a81f90d2537638f79dcee6b,20480,0,7524,12956,0x0:0x4;0x1D68:0x5000,0x2204,candidate_spans_and_remaining_bytes_are_not_proven_code_data_classification
8017B000-bcbd28ad5877be8b30bddb47fceefc01f9ba8d7f7af82a399a09345178bc17a1,20480,0,7572,12908,0x0:0x4;0x1D98:0x5000,0x1E80,candidate_spans_and_remaining_bytes_are_not_proven_code_data_classification
8017B000-bccd8c80bd976b1451d833c47ef13d1c8c0c3c79d3b07104c22ed0da94f80e9d,20480,0,0,20480,0x0:0x5000,0x31C8,candidate_spans_and_remaining_bytes_are_not_proven_code_data_classification
8017B000-bd5ad5196832669ab408d0a03b3ef7f6faf173ae41ab6a1a2e12f6ce24c814b3,20480,0,0,20480,0x0:0x5000,0xE40;0x1204,candidate_spans_and_remaining_bytes_are_not_proven_code_data_classification
8017B000-bd6525b4f20e0c705d292bf0bebca18222ab83ce06981949efb312d2f7b29aef,20480,0,4924,15556,0x0:0x4;0x1340:0x5000,,candidate_spans_and_remaining_bytes_are_not_proven_code_data_classification
8017B000-bda0a0535336f70e1e20013efbe887c6363618ea778cf647824c56b35eef9c5c,20480,0,7524,12956,0x0:0x4;0x1D68:0x5000,0x2C5C,candidate_spans_and_remaining_bytes_are_not_proven_code_data_classification
8017B000-bdc8233f3487d167c2c7f17a8a5487c24fd84d7f1833cba3478bbeacfc3eec7b,20480,0,10440,10040,0x0:0x4;0x28CC:0x5000,,candidate_spans_and_remaining_bytes_are_not_proven_code_data_classification
8017B000-bdd0c2b41bd0e4325174aaddc6b14ce4fa9d854f6b9fef6bb7715f45eff89b81,20480,0,4068,16412,0x0:0x4;0xFE8:0x5000,0x197C,candidate_spans_and_remaining_bytes_are_not_proven_code_data_classification
8017B000-bdee6e6bd3c410ff39592e33a7e8f671b28d33525a84992b16c588658e382f85,20480,0,8412,12068,0x0:0x4;0x20E0:0x5000,,candidate_spans_and_remaining_bytes_are_not_proven_code_data_classification
8017B000-be1e14ca92d2e7c34267435d53d35b6d07fc7553a16fa4ed1040e3251ddcd48d,20480,0,16508,3972,0x0:0x4;0x4080:0x5000,,candidate_spans_and_remaining_bytes_are_not_proven_code_data_classification
8017B000-be333880524118116908db4df9dc3ae11b7264b529efd5c258b691f7ebaa0faf,20480,0,13600,6880,0x0:0x4;0x3524:0x5000,,candidate_spans_and_remaining_bytes_are_not_proven_code_data_classification
8017B000-be81f2b74ba1346029c635619f8db21b63d4f368e574ad600640fe77d5e3e89d,20480,0,7612,12868,0x0:0x4;0x1DC0:0x5000,,candidate_spans_and_remaining_bytes_are_not_proven_code_data_classification
8017B000-bea995243c81fa0216d5f024aeff147a5d2a400cb70b0312f9580fb187ecc631,20480,0,12076,8404,0x0:0x4;0x2F30:0x5000,,candidate_spans_and_remaining_bytes_are_not_proven_code_data_classification
8017B000-beb3cd3b6e3ddf078852bacba910dd21bde7037ceb3dc05e5e6d36ff20d56632,20480,0,0,20480,0x0:0x5000,0x1F30,candidate_spans_and_remaining_bytes_are_not_proven_code_data_classification
8017B000-beb7918510a609ca47e979e475e7c1de1ea5c1d5c78d606fa6eec96245327f13,20480,0,6488,13992,0x0:0x4;0x195C:0x5000,0x328C,candidate_spans_and_remaining_bytes_are_not_proven_code_data_classification
8017B000-bef2d7c4e8e6493b120c72309f7a64b08eaa9752f1e03b24763c88a969a080dc,20480,0,0,20480,0x0:0x5000,0x19F0,candidate_spans_and_remaining_bytes_are_not_proven_code_data_classification
8017B000-bf0e4c181ef3b8e047719f0b5bba2e6277c970eb6e36b4f5f45fdb5cd975ce8d,20480,0,6816,13664,0x0:0x4;0x1AA4:0x5000,,candidate_spans_and_remaining_bytes_are_not_proven_code_data_classification
8017B000-bf886778974fa59f5ddb6315aa3b4b7a7c04af20deb4e0bef1b703e2c926c594,20480,0,0,20480,0x0:0x5000,0xE40;0x1204;0x3874,candidate_spans_and_remaining_bytes_are_not_proven_code_data_classification
8017B000-c0253d2118ce08185b85667d7de7432bfb019bb7981e25d2e5aa3fa9335233e6,20480,0,8412,12068,0x0:0x4;0x20E0:0x5000,,candidate_spans_and_remaining_bytes_are_not_proven_code_data_classification
8017B000-c04f927b03fe132eab9aad38cc23ce9fa45bc5823834b308d2a32f0288bbdeab,20480,0,6940,13540,0x0:0x4;0x1B20:0x5000,,candidate_spans_and_remaining_bytes_are_not_proven_code_data_classification
8017B000-c052522aebb7f7faf92214c83bab3ead120424fa34ca317af395ac7818d9f0c7,20480,0,4704,15776,0x0:0x4;0x1264:0x5000,0x1358,candidate_spans_and_remaining_bytes_are_not_proven_code_data_classification
8017B000-c0566e1448db1147951a2df283d5b1e35eb8cf5b671e6621d3b97f0447c3b454,20480,0,17732,2748,0x0:0x4;0x4548:0x5000,,candidate_spans_and_remaining_bytes_are_not_proven_code_data_classification
8017B000-c063ce0c4741a9498a94b4886846b6009790a39312afd91aa099d8e08a621767,20480,0,5520,14960,0x0:0x4;0x1594:0x5000,,candidate_spans_and_remaining_bytes_are_not_proven_code_data_classification
8017B000-c09f5a9f8fe949869e9140451c72da7fbf601e54adf437eb57553f8fb5621a1b,20480,0,0,20480,0x0:0x5000,0x3CD8,candidate_spans_and_remaining_bytes_are_not_proven_code_data_classification
8017B000-c10e161fbe39f1e26cfcc33e07911c86fa98618de022386c4b8c47b68554bfa1,20480,0,5004,15476,0x0:0x4;0x1390:0x5000,,candidate_spans_and_remaining_bytes_are_not_proven_code_data_classification
8017B000-c1366c73d3fcde6edd96c54808a104c381d091b943779bd575730317e7677dfa,20480,0,0,20480,0x0:0x5000,0x3CD8,candidate_spans_and_remaining_bytes_are_not_proven_code_data_classification
8017B000-c162d2d53d7fe77b9fdb80994d67472044bead32b7040fd28672e3ffb7f51e31,20480,0,3824,16656,0x0:0x4;0xEF4:0x5000,,candidate_spans_and_remaining_bytes_are_not_proven_code_data_classification
8017B000-c16bd3fa917d031ab8cc55cb958a9f9b3c65cddb14dff85ae4c2eaf690add942,20480,0,4504,15976,0x0:0x4;0x119C:0x5000,,candidate_spans_and_remaining_bytes_are_not_proven_code_data_classification
8017B000-c174f1b8befe84a5d8cfeeb631d240e90e500d7331b76176fea32b198df7ced8,20480,0,5524,14956,0x0:0x4;0x1598:0x5000,0x2498,candidate_spans_and_remaining_bytes_are_not_proven_code_data_classification
8017B000-c1822c2d3980f944cb34f9493c9b15aa6d8d6387b60381ed26789a4bbf7be419,20480,0,0,20480,0x0:0x5000,0x4DC4,candidate_spans_and_remaining_bytes_are_not_proven_code_data_classification
8017B000-c192192c8d177f49f505756460c31d001540d5a210cb12d5c6d0259f738d10b8,20480,0,4260,16220,0x0:0x4;0x10A8:0x5000,0x14AC;0x1B3C;0x21E8;0x26EC;0x2EE4,candidate_spans_and_remaining_bytes_are_not_proven_code_data_classification
8017B000-c1fa068722e04b6f5a1c9e5e33ad8e841c5d77e071c33dbcf203518b5274cdd0,20480,0,0,20480,0x0:0x5000,0x44A4,candidate_spans_and_remaining_bytes_are_not_proven_code_data_classification
8017B000-c23e0af2cc5f87f4a410255dcc2c6593a994297224633d6de9a64d09d17a10af,20480,0,0,20480,0x0:0x5000,0x4DC4,candidate_spans_and_remaining_bytes_are_not_proven_code_data_classification
8017B000-c2623d073072890b6cb7777a2561f762ce8819dacff429e1b88d97fffebb9363,20480,0,9992,10488,0x0:0x4;0x270C:0x5000,,candidate_spans_and_remaining_bytes_are_not_proven_code_data_classification
8017B000-c268e3ea234490b49e89222a0389cf79867fa04905886f479fb1f4636be567f2,20480,0,13896,6584,0x0:0x4;0x364C:0x5000,,candidate_spans_and_remaining_bytes_are_not_proven_code_data_classification
8017B000-c279a4f98fae02f8d3bd83a1db4450d63114cb31214f02b6335cd7231c933bc3,20480,0,2584,17896,0x0:0x4;0xA1C:0x5000,0x1284,candidate_spans_and_remaining_bytes_are_not_proven_code_data_classification
8017B000-c287bbe56578ad9be09a854bb2e5c42d6d6b6280c4bf914574efaf47ce05940b,20480,0,18532,1948,0x0:0x4;0x4868:0x5000,0x4CAC,candidate_spans_and_remaining_bytes_are_not_proven_code_data_classification
8017B000-c2a649a530be081e4ea1d10a9df62e7bc7b6d6c4815a7c287d743f54c9da15c8,20480,0,5860,14620,0x0:0x4;0x16E8:0x5000,,candidate_spans_and_remaining_bytes_are_not_proven_code_data_classification
8017B000-c304ef8ed75f7b4410e2ccce4f30fce37be8e380edadc16fc0dd4775a8eddf0c,20480,0,4568,15912,0x0:0x4;0x11DC:0x5000,,candidate_spans_and_remaining_bytes_are_not_proven_code_data_classification
8017B000-c3582fcc9829c22759ebeb78e0cc0c4a525be6a73045a4de5ef315e32aee285b,20480,0,7524,12956,0x0:0x4;0x1D68:0x5000,0x2C5C,candidate_spans_and_remaining_bytes_are_not_proven_code_data_classification
8017B000-c39b14a7cf31c7857477cbffbd3638c717fbb4aace298b337c37a2d26f42005c,20480,0,12828,7652,0x0:0x4;0x3220:0x5000,,candidate_spans_and_remaining_bytes_are_not_proven_code_data_classification
8017B000-c3a696cd78f6ec6c1b20dc39c2a42ff0a8547989a81a0bcbd6fa0b9f9bec7fe2,20480,0,17732,2748,0x0:0x4;0x4548:0x5000,,candidate_spans_and_remaining_bytes_are_not_proven_code_data_classification
8017B000-c3b8a42e457f0c03ccca22335f01d3a1dfd379c03cedbd46ea6cb1536c24b5cc,20480,0,0,20480,0x0:0x5000,0x19F0,candidate_spans_and_remaining_bytes_are_not_proven_code_data_classification
8017B000-c3bf4b93c88122abc011449db775fd12c445716e8e5a5a0da69c6b24fff99f09,20480,0,13496,6984,0x0:0x4;0x34BC:0x5000,,candidate_spans_and_remaining_bytes_are_not_proven_code_data_classification
8017B000-c3dd571360a67b32e363e092c72b4a211902c3cf0edde9ea6d0350dc2d62e7f6,20480,0,4440,16040,0x0:0x4;0x115C:0x5000,,candidate_spans_and_remaining_bytes_are_not_proven_code_data_classification
8017B000-c3e076d20461790c2f948b4be860093b986d257e09b1aa27c5f085e7b9fd8193,20480,0,4436,16044,0x0:0x4;0x1158:0x5000,,candidate_spans_and_remaining_bytes_are_not_proven_code_data_classification
8017B000-c3e700093a8ad8c855d61c82d0940d2b94105770545bfe53ce62e0b1d15214e7,20480,0,4080,16400,0x0:0x4;0xFF4:0x5000,0x16A0,candidate_spans_and_remaining_bytes_are_not_proven_code_data_classification
8017B000-c447d753558bc68b1b703a1f0d6695183b722f45a000b360cbc564ec60fb8cb0,20480,0,10572,9908,0x0:0x4;0x2950:0x5000,,candidate_spans_and_remaining_bytes_are_not_proven_code_data_classification
8017B000-c48ab0508216f2bc145a16966a4db8c8383c2777bf316b803191cb5565e2535d,20480,0,0,20480,0x0:0x5000,0xE40,candidate_spans_and_remaining_bytes_are_not_proven_code_data_classification
8017B000-c4a420fc13feabf5125d30948104bd9199c6179a7b0720c0b8f664efc3bdaa5f,20480,0,4476,16004,0x0:0x4;0x1180:0x5000,,candidate_spans_and_remaining_bytes_are_not_proven_code_data_classification
8017B000-c5450e07f805e13f77e22b777be68c75ef27987fd420c8e4a7dee3a4501a1425,20480,0,6524,13956,0x0:0x4;0x1980:0x5000,,candidate_spans_and_remaining_bytes_are_not_proven_code_data_classification
8017B000-c55bfa85aec86d5394c20bc9de40f849c838d248e60031131c3612ca2fe152f0,20480,0,8188,12292,0x0:0x4;0x2000:0x5000,,candidate_spans_and_remaining_bytes_are_not_proven_code_data_classification
8017B000-c561c43f1d1938344a0297cf75e1e4b5da231047d69f77558751ed81d6143e4a,20480,0,6196,14284,0x0:0x4;0x1838:0x5000,,candidate_spans_and_remaining_bytes_are_not_proven_code_data_classification
8017B000-c5793ae181ceefb21aef9f243a999c6375a1786299c3558885ee134832596d93,20480,0,3144,17336,0x0:0x4;0xC4C:0x5000,,candidate_spans_and_remaining_bytes_are_not_proven_code_data_classification
8017B000-c5a8d6dc1f7c8a9dcba6a6ee4c3ee3282b3a4ec9dd20552bcb5fbb6c8757ecee,20480,0,14360,6120,0x0:0x4;0x381C:0x5000,,candidate_spans_and_remaining_bytes_are_not_proven_code_data_classification
8017B000-c5bf55cd8c5a2a40d186f29ed8610ac8a113d655b90ac93a91c57d29449c501d,20480,0,11752,8728,0x0:0x4;0x2DEC:0x5000,,candidate_spans_and_remaining_bytes_are_not_proven_code_data_classification
8017B000-c645ea19e217fe05df943e852a1cba60bf1284485a4b54795894de84e43c44d1,20480,0,11720,8760,0x0:0x4;0x2DCC:0x5000,,candidate_spans_and_remaining_bytes_are_not_proven_code_data_classification
8017B000-c6c162cbd5d9fd4f9951e57aa03b8575c792a06a5c3ee1a161a5c4a8f0b65ba6,20480,0,9740,10740,0x0:0x4;0x2610:0x5000,0x26D0,candidate_spans_and_remaining_bytes_are_not_proven_code_data_classification
8017B000-c71c0db6eabe942882c527fa1d7418199bc73dabf0047f8adc58f0436a866868,20480,0,6524,13956,0x0:0x4;0x1980:0x5000,0x3844,candidate_spans_and_remaining_bytes_are_not_proven_code_data_classification
8017B000-c78711e05199341002b6cf32ac5d8415fc028bfffc93ba419e3ebb08df260967,20480,0,8412,12068,0x0:0x4;0x20E0:0x5000,,candidate_spans_and_remaining_bytes_are_not_proven_code_data_classification
8017B000-c79734401dd8c180a85c944f871eb5aee8870a14be8f69ebc569f169b8faa163,20480,0,4412,16068,0x0:0x4;0x1140:0x5000,,candidate_spans_and_remaining_bytes_are_not_proven_code_data_classification
8017B000-c79a16f559537eb0b9775a6c7e2fa21e2b3af40c4290d560a52c20a150a2e5f0,20480,0,0,20480,0x0:0x5000,0x19F0,candidate_spans_and_remaining_bytes_are_not_proven_code_data_classification
8017B000-c7a80fb950ad2efe02e466393cb7e5b37c54838501c0416d6f3f2fc5f05f3129,20480,0,0,20480,0x0:0x5000,0x19F0,candidate_spans_and_remaining_bytes_are_not_proven_code_data_classification
8017B000-c7ae9782d7fc463ec5fb4fe83295675e5eb4d3bc4c70e13b553fe7d832702243,20480,0,3756,16724,0x0:0x4;0xEB0:0x5000,,candidate_spans_and_remaining_bytes_are_not_proven_code_data_classification
8017B000-c7c0cb4529788961720384acc22565a91790be028e44f8c1fa03d74cf5999c7d,20480,0,10092,10388,0x0:0x4;0x2770:0x5000,,candidate_spans_and_remaining_bytes_are_not_proven_code_data_classification
8017B000-c7f20b71e4087a7e77c16fb83c65fb7b58a162c03af14021c4803e919b328267,20480,0,5860,14620,0x0:0x4;0x16E8:0x5000,,candidate_spans_and_remaining_bytes_are_not_proven_code_data_classification
8017B000-c967f342d26d7058169f6ba281042091ea4c29119066bc40a74389b4a045abc4,20480,0,14520,5960,0x0:0x4;0x38BC:0x5000,,candidate_spans_and_remaining_bytes_are_not_proven_code_data_classification
8017B000-c9bd7ed38b6d4046bd116aa47aa05afe8ee7fac1558e31c8770efbc00f2e3f7f,20480,0,10440,10040,0x0:0x4;0x28CC:0x5000,,candidate_spans_and_remaining_bytes_are_not_proven_code_data_classification
8017B000-ca44b967bbc63e3239c1bd6030a0ecbea5e686477086ac9314617c2ddd79bb53,20480,0,8412,12068,0x0:0x4;0x20E0:0x5000,,candidate_spans_and_remaining_bytes_are_not_proven_code_data_classification
8017B000-ca6135c2cc30c6697c85c729270ca69ec341d9b39cf398f6e3177496eef37d9c,20480,0,10312,10168,0x0:0x4;0x284C:0x5000,,candidate_spans_and_remaining_bytes_are_not_proven_code_data_classification
8017B000-ca8b3b92066b99496a4d2fe4032e19ff35c9eae5dd114d05b221acbe0312a4c9,20480,0,8412,12068,0x0:0x4;0x20E0:0x5000,,candidate_spans_and_remaining_bytes_are_not_proven_code_data_classification
8017B000-ca99451046ac2395488fed6c1d76d80eb72afe50d4c37729c07474830c840c4f,20480,0,6196,14284,0x0:0x4;0x1838:0x5000,,candidate_spans_and_remaining_bytes_are_not_proven_code_data_classification
8017B000-cac8f8ce216ac336f4c89bef22c0907cfecca9a465f74b8c4bd4c33adfa00be6,20480,0,0,20480,0x0:0x5000,0x4BC8,candidate_spans_and_remaining_bytes_are_not_proven_code_data_classification
8017B000-cb075ddd55c17cb9d30fedc2ba073ad950b0c418127671ddd4dd0fb28100dbd4,20480,0,14644,5836,0x0:0x4;0x3938:0x5000,,candidate_spans_and_remaining_bytes_are_not_proven_code_data_classification
8017B000-cb0a1f50cf48ee5ff3b9f8170f22b330f164e4a5ec624852242efc1f53069f28,20480,0,11404,9076,0x0:0x4;0x2C90:0x5000,,candidate_spans_and_remaining_bytes_are_not_proven_code_data_classification
8017B000-cb6164375865530e21c35e64429e121466f6bdbb1d2e16c3c866e2b097981a4c,20480,0,10312,10168,0x0:0x4;0x284C:0x5000,,candidate_spans_and_remaining_bytes_are_not_proven_code_data_classification
8017B000-cb81f02cfd5830c9498ce02189cbcdbc689956cf99c4304477001a702570eb62,20480,0,0,20480,0x0:0x5000,0x3CD8,candidate_spans_and_remaining_bytes_are_not_proven_code_data_classification
8017B000-cbad817f058b53ca897d48c6116f9aa8498d97eca05a5049c6f494c559b94511,20480,0,6488,13992,0x0:0x4;0x195C:0x5000,0x328C,candidate_spans_and_remaining_bytes_are_not_proven_code_data_classification
8017B000-cbc7c4ee9390feb5fb1b94627af2a89b73735e182202b853bab8e68b58193a8d,20480,0,7148,13332,0x0:0x4;0x1BF0:0x5000,0x2368,candidate_spans_and_remaining_bytes_are_not_proven_code_data_classification
8017B000-cbdce1e8dc6e1043490a869b517bf3b1e9547ddf91ba331146908bb55e4886ea,20480,0,14596,5884,0x0:0x4;0x3908:0x5000,0x3DB8;0x4210;0x4BA0,candidate_spans_and_remaining_bytes_are_not_proven_code_data_classification
8017B000-cbe9e2dcf979837a28dd20db1b85afb318027179f7a0ffba996d81cfaf9a2f83,20480,0,4272,16208,0x0:0x4;0x10B4:0x5000,,candidate_spans_and_remaining_bytes_are_not_proven_code_data_classification
8017B000-cc0259b623f1d5369d3a2b7a3f60add603a7df3a66e6e5eaab4bbfd2311c99da,20480,0,6320,14160,0x0:0x4;0x18B4:0x5000,,candidate_spans_and_remaining_bytes_are_not_proven_code_data_classification
8017B000-cc59a0859d1decb21f1d4925eaf122a9c1239cbb45e91e2ade251af1eebea750,20480,0,0,20480,0x0:0x5000,0x2358,candidate_spans_and_remaining_bytes_are_not_proven_code_data_classification
8017B000-cc7ad0bd2d06a44695b8ac39d82d53ef3d8e703b0fe7652a66bf64c13a5c8815,20480,0,4068,16412,0x0:0x4;0xFE8:0x5000,0x197C,candidate_spans_and_remaining_bytes_are_not_proven_code_data_classification
8017B000-cd2429cdee3269aa462b9879c5d99f89a25b78619225db6b3eed6735d554dfc3,20480,0,6488,13992,0x0:0x4;0x195C:0x5000,0x328C,candidate_spans_and_remaining_bytes_are_not_proven_code_data_classification
8017B000-cd26742584e212ecf90db86f6209c975afb51cb00852c0777651c88e835a19fb,20480,0,8188,12292,0x0:0x4;0x2000:0x5000,0x3204,candidate_spans_and_remaining_bytes_are_not_proven_code_data_classification
8017B000-cd32e1fcce9676a8f8c030e1be8ad827d73dc101686e033ff30ad6cef794f143,20480,0,12212,8268,0x0:0x4;0x2FB8:0x5000,,candidate_spans_and_remaining_bytes_are_not_proven_code_data_classification
8017B000-cd3d28628ac1201ed54fdebfc83aedc29d130afdab3530cc6f54378eea3cda95,20480,0,6420,14060,0x0:0x4;0x1918:0x5000,,candidate_spans_and_remaining_bytes_are_not_proven_code_data_classification
8017B000-cd5376d2418ea718f91bb858e0507418f4ad9dd5e3a05b4bf3fb62437139b617,20480,0,9440,11040,0x0:0x4;0x24E4:0x5000,,candidate_spans_and_remaining_bytes_are_not_proven_code_data_classification
8017B000-cd6ba0ccf0de8450dd95fdc9c25e56818583acdc1e32902d8c77e2fdb7105b74,20480,0,2584,17896,0x0:0x4;0xA1C:0x5000,,candidate_spans_and_remaining_bytes_are_not_proven_code_data_classification
8017B000-cdd1efe493b2af2a85bec3dfbd769cf7f2168dd3296cbda97a6ca16631d6fdb1,20480,0,5136,15344,0x0:0x4;0x1414:0x5000,,candidate_spans_and_remaining_bytes_are_not_proven_code_data_classification
8017B000-ce1444d8613259b0fe295c3bb53bb1e288f98c1b5ecb22b57b4bceeeaa1eb7d9,20480,0,14740,5740,0x0:0x4;0x3998:0x5000,,candidate_spans_and_remaining_bytes_are_not_proven_code_data_classification
8017B000-ceda43903b0be64c774e42ba658eff69de3cc0901a6f4538f44253fc30951b48,20480,0,4504,15976,0x0:0x4;0x119C:0x5000,,candidate_spans_and_remaining_bytes_are_not_proven_code_data_classification
8017B000-cf6088b516eda4e73cf2c068e87b30ec59e1cfaa2552b5a5fc093c52cf06bfa8,20480,0,6900,13580,0x0:0x4;0x1AF8:0x5000,,candidate_spans_and_remaining_bytes_are_not_proven_code_data_classification
8017B000-cf93f19833a731c1b7501b4ace82ba5aac18905f2ad754afe6c7ec338b0bbc6f,20480,0,4504,15976,0x0:0x4;0x119C:0x5000,,candidate_spans_and_remaining_bytes_are_not_proven_code_data_classification
8017B000-cfcf8ab12c58b1a5a0b3c9a8b649643a8594b30d68b3daf78acfdd710626872b,20480,0,0,20480,0x0:0x5000,0x2F68,candidate_spans_and_remaining_bytes_are_not_proven_code_data_classification
8017B000-d001481f31f0b4c5350a461e826d90665dc35c83871bc8b8bdec21f52ac0d102,20480,0,7148,13332,0x0:0x4;0x1BF0:0x5000,0x32D8,candidate_spans_and_remaining_bytes_are_not_proven_code_data_classification
8017B000-d015029db74fd75368b2d416d33b4dd089c2acbbe13b27f58fc78cc390ec3d52,20480,0,11896,8584,0x0:0x4;0x2E7C:0x5000,,candidate_spans_and_remaining_bytes_are_not_proven_code_data_classification
8017B000-d01a46f139ad3d5e072e20433a8c571cabac4a3ef39e06b93c9134a4b2e167a3,20480,0,5004,15476,0x0:0x4;0x1390:0x5000,,candidate_spans_and_remaining_bytes_are_not_proven_code_data_classification
8017B000-d020f3d6f025ac4d46b3fd2fca5b143d9d0fa538ddc1e53c223beeb10a06af91,20480,0,8188,12292,0x0:0x4;0x2000:0x5000,,candidate_spans_and_remaining_bytes_are_not_proven_code_data_classification
8017B000-d0229de8050e9dd09a08249fd4466081210ba92f8b17bd854e5884608901cdd8,20480,0,8412,12068,0x0:0x4;0x20E0:0x5000,,candidate_spans_and_remaining_bytes_are_not_proven_code_data_classification
8017B000-d07eacb3259c9aa618e52e939f92e9fee5189256563adada914cf6dfb54b5ee0,20480,0,13600,6880,0x0:0x4;0x3524:0x5000,,candidate_spans_and_remaining_bytes_are_not_proven_code_data_classification
8017B000-d0d0361bcfda68abbfbab3f95e79083b68c5b6781d4270e73e602090034b8327,20480,0,9224,11256,0x0:0x4;0x240C:0x5000,,candidate_spans_and_remaining_bytes_are_not_proven_code_data_classification
8017B000-d0d5afc2a13eb94ddbd8508557833c40858a60e57b858b880edcbfa88ed40218,20480,0,15264,5216,0x0:0x4;0x3BA4:0x5000,,candidate_spans_and_remaining_bytes_are_not_proven_code_data_classification
8017B000-d0f0b2dd938275bd7e8fa87efee63440f456a53c3b1069e56c78ab51559d735a,20480,0,3296,17184,0x0:0x4;0xCE4:0x5000,0x16A0,candidate_spans_and_remaining_bytes_are_not_proven_code_data_classification
8017B000-d12a1a38023237aa2b7a31ec1e04d76759914953772379e981871ae298a8cb2b,20480,0,6772,13708,0x0:0x4;0x1A78:0x5000,0x23F0,candidate_spans_and_remaining_bytes_are_not_proven_code_data_classification
8017B000-d17c04bac1a50b9da259cb7227c242e544aba34fccc46bd54a29be0d033ffa8f,20480,0,9740,10740,0x0:0x4;0x2610:0x5000,,candidate_spans_and_remaining_bytes_are_not_proven_code_data_classification
8017B000-d1c807d6a8b786f2b5ccb849655dfd3ba68e6279afe7ec4ae2cc9954d47d031d,20480,0,5860,14620,0x0:0x4;0x16E8:0x5000,0x1D14,candidate_spans_and_remaining_bytes_are_not_proven_code_data_classification
8017B000-d25a585c4560adc7d344588f4d8fe7d8193c0e26af7609f310bdc9b1ae64a0a6,20480,0,3932,16548,0x0:0x4;0xF60:0x5000,0x161C,candidate_spans_and_remaining_bytes_are_not_proven_code_data_classification
8017B000-d2d77b46236bf63f5c998cf2892d3ca5c52f195f9616e0001fcb3efd5b25ac13,20480,0,6524,13956,0x0:0x4;0x1980:0x5000,,candidate_spans_and_remaining_bytes_are_not_proven_code_data_classification
8017B000-d2e2c0322bcaa6da34425d80a143bf790ddf2a46b79c253097b7e751a2c6378c,20480,0,10440,10040,0x0:0x4;0x28CC:0x5000,,candidate_spans_and_remaining_bytes_are_not_proven_code_data_classification
8017B000-d342192c75a5190de6360118cb793b364070aeb833dbd4bec47566ccda6dc542,20480,0,8024,12456,0x0:0x4;0x1F5C:0x5000,,candidate_spans_and_remaining_bytes_are_not_proven_code_data_classification
8017B000-d35b5aeb32cd91db34380974a718f01fb8b21e478ecff4c3575be800e1270c0a,20480,0,7752,12728,0x0:0x4;0x1E4C:0x5000,,candidate_spans_and_remaining_bytes_are_not_proven_code_data_classification
8017B000-d449b6c6709fdf1c98f8527a4c96fbb0297e26bbe1597f601e79c69688e77961,20480,0,7632,12848,0x0:0x4;0x1DD4:0x5000,,candidate_spans_and_remaining_bytes_are_not_proven_code_data_classification
8017B000-d46ee6b596eb12375f8573046c0bbaedd56aa73e4944e38253cc136f9d170dda,20480,0,4260,16220,0x0:0x4;0x10A8:0x5000,,candidate_spans_and_remaining_bytes_are_not_proven_code_data_classification
8017B000-d487517dcce6caea25f0a9d8be6b71d22bd90e0b07047df2663d6d10dd8f2a3b,20480,0,3816,16664,0x0:0x4;0xEEC:0x5000,,candidate_spans_and_remaining_bytes_are_not_proven_code_data_classification
8017B000-d497e844db1c9b78d100c952587df16f6b4601fbe2d8f879770785dee792667a,20480,0,11036,9444,0x0:0x4;0x2B20:0x5000,,candidate_spans_and_remaining_bytes_are_not_proven_code_data_classification
8017B000-d50567cab88b8555cc8ff0c39657b5dfd43375c3a9ca158588765ab3abfec0d7,20480,0,0,20480,0x0:0x5000,0x19F0,candidate_spans_and_remaining_bytes_are_not_proven_code_data_classification
8017B000-d51fe2dd9f7513ffeebeee7157b8f9f9b5f5fd0c0fd6b64ff16832a7bd2e716c,20480,0,0,20480,0x0:0x5000,0x19F0;0x3004;0x4004,candidate_spans_and_remaining_bytes_are_not_proven_code_data_classification
8017B000-d54b650b68d7bb3e190af7a00e2177c484920f849cbf3541a19b4a2bb0b87e5c,20480,0,6524,13956,0x0:0x4;0x1980:0x5000,0x3844,candidate_spans_and_remaining_bytes_are_not_proven_code_data_classification
8017B000-d552444cbcfe0e6cdcfb6f1c50fa8c197182d0b79509c818e3bd1e2ff82a7ac3,20480,0,6488,13992,0x0:0x4;0x195C:0x5000,0x328C,candidate_spans_and_remaining_bytes_are_not_proven_code_data_classification
8017B000-d56456e95035b2cc9cc3d960975d6eaeaa05fe120f0c44a5242a126c669c74fd,20480,0,3316,17164,0x0:0x4;0xCF8:0x5000,0x161C,candidate_spans_and_remaining_bytes_are_not_proven_code_data_classification
8017B000-d57412488193d638599ecdf898aaa982807a8ade021a4869ab1973e4f92bece3,20480,0,5004,15476,0x0:0x4;0x1390:0x5000,,candidate_spans_and_remaining_bytes_are_not_proven_code_data_classification
8017B000-d5bca9462d5abcd2bff3668c7c92fc67cd8d65e9e5f44e812f62eb22ad6331e6,20480,0,0,20480,0x0:0x5000,0x1F6C,candidate_spans_and_remaining_bytes_are_not_proven_code_data_classification
8017B000-d61527c50a5bdaef046bf9fb031e523536a6628549c769be84caefee1ea36898,20480,0,6700,13780,0x0:0x4;0x1A30:0x5000,,candidate_spans_and_remaining_bytes_are_not_proven_code_data_classification
8017B000-d635a7b5c860a64a35403f086fe03be7a6007f2cdfb8c930e376ccedcebd5d28,20480,0,5200,15280,0x0:0x4;0x1454:0x5000,,candidate_spans_and_remaining_bytes_are_not_proven_code_data_classification
8017B000-d649d08afcb3d6755d45ab9fa5e383d7b4b8541608d86fb03dc4ea8b27a9ee15,20480,0,6872,13608,0x0:0x4;0x1ADC:0x5000,0x1BF4;0x2004,candidate_spans_and_remaining_bytes_are_not_proven_code_data_classification
8017B000-d65bb2e3063f707d7dd33931c963ac3155f3c0e980ddf34d159a3ed58ee12615,20480,0,6196,14284,0x0:0x4;0x1838:0x5000,,candidate_spans_and_remaining_bytes_are_not_proven_code_data_classification
8017B000-d66f4b6862658896c353402fec5ab1618d8b1c5f80c64f7e34f756e293496096,20480,0,14740,5740,0x0:0x4;0x3998:0x5000,,candidate_spans_and_remaining_bytes_are_not_proven_code_data_classification
8017B000-d687cd86a1511d3f6564caf98d5b0de5e8233bcf6e097599ae5b2baae499aab7,20480,0,10440,10040,0x0:0x4;0x28CC:0x5000,,candidate_spans_and_remaining_bytes_are_not_proven_code_data_classification
8017B000-d6dfbf83913d3f069e04467b90b85f025c4e25223b9965e0a005161905a3a7b3,20480,0,8188,12292,0x0:0x4;0x2000:0x5000,0x2830,candidate_spans_and_remaining_bytes_are_not_proven_code_data_classification
8017B000-d746fbeac10ddf1186182f8019f47c8b4cfbd517b7c585664f91dff598788243,20480,0,6420,14060,0x0:0x4;0x1918:0x5000,,candidate_spans_and_remaining_bytes_are_not_proven_code_data_classification
8017B000-d7783a1e7a2ad3a7dc44e7ecb02335dae8f01e31f6d55219cf69e40dcb08efde,20480,0,15264,5216,0x0:0x4;0x3BA4:0x5000,,candidate_spans_and_remaining_bytes_are_not_proven_code_data_classification
8017B000-d790b88217b7960febf0e1a40279e8d8b6db0d5abf58b66eb1e5e3bec9d46daf,20480,0,10440,10040,0x0:0x4;0x28CC:0x5000,,candidate_spans_and_remaining_bytes_are_not_proven_code_data_classification
8017B000-d7a955e9ea9583f9a5330664da2a3035c10c12585cebb8b7cf055c63ec21911e,20480,0,5004,15476,0x0:0x4;0x1390:0x5000,,candidate_spans_and_remaining_bytes_are_not_proven_code_data_classification
8017B000-d82236e6509d53a2868579efd63b7103bf1afa59d603beb7120100ae627753d5,20480,0,15032,5448,0x0:0x4;0x3ABC:0x5000,,candidate_spans_and_remaining_bytes_are_not_proven_code_data_classification
8017B000-d8277d0fde636ecf7d7690268d91087feef7cc001cb4af615a31940b74c3bced,20480,0,7752,12728,0x0:0x4;0x1E4C:0x5000,,candidate_spans_and_remaining_bytes_are_not_proven_code_data_classification
8017B000-d83496e6a4624e05ceb78861cf5a2695e5fa2a1ea462faa65649b098852c27d6,20480,0,11184,9296,0x0:0x4;0x2BB4:0x5000,,candidate_spans_and_remaining_bytes_are_not_proven_code_data_classification
8017B000-d8569e0512824923c9eb352f691467564b079aa2533dd460faeaca542ae951e6,20480,0,14620,5860,0x0:0x4;0x3920:0x5000,,candidate_spans_and_remaining_bytes_are_not_proven_code_data_classification
8017B000-d8720895ddc416e319298043bab201f5e2aee7748c7ace4d4b104a3366b5a4a4,20480,0,8188,12292,0x0:0x4;0x2000:0x5000,,candidate_spans_and_remaining_bytes_are_not_proven_code_data_classification
8017B000-d87bb7267ae592b0b2a491bdc0ea6f6de8c10fa10de3953e4bfb034c2f244337,20480,0,9992,10488,0x0:0x4;0x270C:0x5000,,candidate_spans_and_remaining_bytes_are_not_proven_code_data_classification
8017B000-d8bc5f65c94f7c2f836081d1f5a4108ae4eb3f1c39d4faf59d6d9223dd83431f,20480,0,6488,13992,0x0:0x4;0x195C:0x5000,0x328C,candidate_spans_and_remaining_bytes_are_not_proven_code_data_classification
8017B000-d9456fac1fce2da085d3b8dff04f1167033ff79ab6adf882d168045df95dbebf,20480,0,11112,9368,0x0:0x4;0x2B6C:0x5000,,candidate_spans_and_remaining_bytes_are_not_proven_code_data_classification
8017B000-d993b7a97665aa84f2eaaba73da47a7c93e853acf0651b9585c1a0c54cd467b2,20480,0,5296,15184,0x0:0x4;0x14B4:0x5000,,candidate_spans_and_remaining_bytes_are_not_proven_code_data_classification
8017B000-d9f3bb87fe57d3288b33841da2baa0ad91a9cb7e563bd9a239c2d3ce38d08aa5,20480,0,12216,8264,0x0:0x4;0x2FBC:0x5000,,candidate_spans_and_remaining_bytes_are_not_proven_code_data_classification
8017B000-da5e8952ae617fb81351a3f6c51585f0e557ac10933c6e132596aa67b92ac6df,20480,0,14316,6164,0x0:0x4;0x37F0:0x5000,0x4FDC,candidate_spans_and_remaining_bytes_are_not_proven_code_data_classification
8017B000-da6fc6b941c379b44bf001acaa7768e1dbf5a2d712a8ea0f404a45dbddeef02a,20480,0,7292,13188,0x0:0x4;0x1C80:0x5000,0x3D8C,candidate_spans_and_remaining_bytes_are_not_proven_code_data_classification
8017B000-da9847560665eea969b7652765cfa1467a9f0d4a4d59ebdfae7edda7c426c08e,20480,0,8968,11512,0x0:0x4;0x230C:0x5000,,candidate_spans_and_remaining_bytes_are_not_proven_code_data_classification
8017B000-dabcdc9b61cdb2674e87f0736722dcee7529b4204bf4aaa4c04f2e899cf0cfc4,20480,0,11952,8528,0x0:0x4;0x2EB4:0x5000,,candidate_spans_and_remaining_bytes_are_not_proven_code_data_classification
8017B000-db0c3f9162fededa4fe84d204d5b76253db412e9e8ac99338e658c07a0ecc37b,20480,0,6488,13992,0x0:0x4;0x195C:0x5000,0x328C,candidate_spans_and_remaining_bytes_are_not_proven_code_data_classification
8017B000-db0dcb9307593bca692b2eac3afb080b2b6fd9b91e5f3d746f9c3855dc8a35f5,20480,0,7884,12596,0x0:0x4;0x1ED0:0x5000,,candidate_spans_and_remaining_bytes_are_not_proven_code_data_classification
8017B000-db44ae05bb758ccd80eb84b4efd84e9b955c4b222260f750aac157d7081c84d4,20480,0,11688,8792,0x0:0x4;0x2DAC:0x5000,,candidate_spans_and_remaining_bytes_are_not_proven_code_data_classification
8017B000-dbac5681fe71c7ec240973b94349f9e081702ba1056017e446f847b43f82cee5,20480,0,0,20480,0x0:0x5000,0xE40;0x1204,candidate_spans_and_remaining_bytes_are_not_proven_code_data_classification
8017B000-dbe617f2ef070053c33587871b5137e4ed48bdf4a84b2f21e5a7811b21fa5a09,20480,0,14448,6032,0x0:0x4;0x3874:0x5000,0x3D54;0x41AC;0x4B14,candidate_spans_and_remaining_bytes_are_not_proven_code_data_classification
8017B000-dcacb2dfda58a2bf4dab02ce66bbc94e3fb214b1c207c517f4a2fd43e0d7dcd0,20480,0,7788,12692,0x0:0x4;0x1E70:0x5000,,candidate_spans_and_remaining_bytes_are_not_proven_code_data_classification
8017B000-dcfa0ab508e05de5b262d8a4c51a623c305fc62bb15ba1c5b6147d89ebad9dc6,20480,0,6900,13580,0x0:0x4;0x1AF8:0x5000,,candidate_spans_and_remaining_bytes_are_not_proven_code_data_classification
8017B000-dcfa3a8464593596281dbae18e208c30462eec9ea10529b8d93fe92d9348b981,20480,0,0,20480,0x0:0x5000,0x4ADC,candidate_spans_and_remaining_bytes_are_not_proven_code_data_classification
8017B000-dcfbd03980d07d0ef1932a04927fa06d42cc9f5d3d0da059c1f65423ab913b8e,20480,0,17232,3248,0x0:0x4;0x4354:0x5000,,candidate_spans_and_remaining_bytes_are_not_proven_code_data_classification
8017B000-dd22dccf056583d15b80b57519faf8503ddea51feab36c797af378a26c927e31,20480,0,4232,16248,0x0:0x4;0x108C:0x5000,,candidate_spans_and_remaining_bytes_are_not_proven_code_data_classification
8017B000-dd979f3506bd06e074e92afad8b23e751109b18032fb6f8aa5f976a2dca0d52a,20480,0,8412,12068,0x0:0x4;0x20E0:0x5000,,candidate_spans_and_remaining_bytes_are_not_proven_code_data_classification
8017B000-ddaf6a99fdfef66dc0cf3abbeea3cb8c1b061ca788ca475ba10bae10b185bdab,20480,0,7788,12692,0x0:0x4;0x1E70:0x5000,,candidate_spans_and_remaining_bytes_are_not_proven_code_data_classification
8017B000-ddf56cb6e2ad0fe52c26cd0a122251c166a983114f2e889f509c0f356ef49830,20480,0,9164,11316,0x0:0x4;0x23D0:0x5000,0x4718,candidate_spans_and_remaining_bytes_are_not_proven_code_data_classification
8017B000-de3302a10d25e5b035fb71668766d0775ac14f1f25a30a9ac02a1060bffea421,20480,0,0,20480,0x0:0x5000,0x19F0,candidate_spans_and_remaining_bytes_are_not_proven_code_data_classification
8017B000-de5e832ceeb3294a0f187b13d7f235e73a8e82ea1527dc699c3c6c8dc7a34782,20480,0,14384,6096,0x0:0x4;0x3834:0x5000,,candidate_spans_and_remaining_bytes_are_not_proven_code_data_classification
8017B000-de61f3f62a9f809c51e98786fb8b6d1a2790a450c28f98468f6b42bbb4f5bf80,20480,0,7424,13056,0x0:0x4;0x1D04:0x5000,,candidate_spans_and_remaining_bytes_are_not_proven_code_data_classification
8017B000-df08ad4bc3ce6df1d90a25fa1f693c1bd416423e285cb89c489ed4d39e6d7a7e,20480,0,0,20480,0x0:0x5000,0x4BC8,candidate_spans_and_remaining_bytes_are_not_proven_code_data_classification
8017B000-df1774e4efe3299a13b8f3b742165ccabc11cd97c99780a0d4319d7e91fb0457,20480,0,6488,13992,0x0:0x4;0x195C:0x5000,0x328C,candidate_spans_and_remaining_bytes_are_not_proven_code_data_classification
8017B000-df39ef5e1164979d1ef3de9fbd97a106c0f7a9e1d526871131bfc3b626f6e4d3,20480,0,10040,10440,0x0:0x4;0x273C:0x5000,0x4A88,candidate_spans_and_remaining_bytes_are_not_proven_code_data_classification
8017B000-df807c6b433a9aebec9b771bdd0148a71ae0954f26e963d0078286507948bee4,20480,0,6196,14284,0x0:0x4;0x1838:0x5000,,candidate_spans_and_remaining_bytes_are_not_proven_code_data_classification
8017B000-dfcdd355803be45f7405ad2a5f80e0963c4fc4f74f8c4843ecbf0cedd05c0bf1,20480,0,6940,13540,0x0:0x4;0x1B20:0x5000,,candidate_spans_and_remaining_bytes_are_not_proven_code_data_classification
8017B000-dffc75e380d22297dfa1c87f9228306a5080823b85f5188e0418f72f5ee0ae02,20480,0,6044,14436,0x0:0x4;0x17A0:0x5000,,candidate_spans_and_remaining_bytes_are_not_proven_code_data_classification
8017B000-e015f20f3b2a7d4933d54a64aabdef6faef0a7f0f28e8c4d3b5fa9b05cf2991a,20480,0,10312,10168,0x0:0x4;0x284C:0x5000,,candidate_spans_and_remaining_bytes_are_not_proven_code_data_classification
8017B000-e0190bb911add7d3eedbfc6328ecc7da014be502a0a7ea1f72a6d5cadabc44dc,20480,0,3756,16724,0x0:0x4;0xEB0:0x5000,,candidate_spans_and_remaining_bytes_are_not_proven_code_data_classification
8017B000-e08b631a624d5aa12552de10ff57dfac68ad1a6f3dcf6a1a59bbaabbedb4edbe,20480,0,0,20480,0x0:0x5000,0x31C8,candidate_spans_and_remaining_bytes_are_not_proven_code_data_classification
8017B000-e09d28e9f6ddb6ce16de2b8407d258ebb166a326c5f80e7b0c570834aeef90ce,20480,0,6196,14284,0x0:0x4;0x1838:0x5000,0x2FB8,candidate_spans_and_remaining_bytes_are_not_proven_code_data_classification
8017B000-e09d8dec047f6c5560045d375f2986473ef3a03bcb1622e3bc3d5a5c9d070a33,20480,0,5292,15188,0x0:0x4;0x14B0:0x5000,,candidate_spans_and_remaining_bytes_are_not_proven_code_data_classification
8017B000-e0ccc4bd8dee3b57956270be96442daa561eaf6acaa920b31b1d5ed43fad0b7b,20480,0,0,20480,0x0:0x5000,0x32A8,candidate_spans_and_remaining_bytes_are_not_proven_code_data_classification
8017B000-e0ddf99702ca990228da6aca2b583745a6b7df034178c215a46fa19c576ea031,20480,0,9164,11316,0x0:0x4;0x23D0:0x5000,,candidate_spans_and_remaining_bytes_are_not_proven_code_data_classification
8017B000-e101565bad86d8277938fda19d1f481bab38ea463166c87b051f6aef8d851dd0,20480,0,11896,8584,0x0:0x4;0x2E7C:0x5000,,candidate_spans_and_remaining_bytes_are_not_proven_code_data_classification
8017B000-e154c568ef19ed1672fd56f5138a677d2011d0ec6b7f5ae7aa9ad1b530d3a52c,20480,0,7612,12868,0x0:0x4;0x1DC0:0x5000,,candidate_spans_and_remaining_bytes_are_not_proven_code_data_classification
8017B000-e156fb9c63ab4794afb520b313f66bc80ff0e9affc7183bb70e21cc8863ae8eb,20480,0,13168,7312,0x0:0x4;0x3374:0x5000,,candidate_spans_and_remaining_bytes_are_not_proven_code_data_classification
8017B000-e19d55697cfd44d0449da1ca6ec1d91408336328d3e860efc99ffbbc75c69e17,20480,0,3144,17336,0x0:0x4;0xC4C:0x5000,,candidate_spans_and_remaining_bytes_are_not_proven_code_data_classification
8017B000-e1c5bb5c99fa1078bcb7f70b99df9ab9709c062a0354009d5f5cc193d97a97e7,20480,0,4260,16220,0x0:0x4;0x10A8:0x5000,,candidate_spans_and_remaining_bytes_are_not_proven_code_data_classification
8017B000-e1f37bb636f9f2b6fbf31f6343f28cc77230248f691935300fbdb0bac389f876,20480,0,6572,13908,0x0:0x4;0x19B0:0x5000,,candidate_spans_and_remaining_bytes_are_not_proven_code_data_classification
8017B000-e1fa19712f2a84803b0f085b66d10601fa18b4c2b53f2531cfc0a166810b57b1,20480,0,0,20480,0x0:0x5000,0x22A4,candidate_spans_and_remaining_bytes_are_not_proven_code_data_classification
8017B000-e1fa6dbdd840d9bc0ee06807847b0d16474afc861e50dd5f475c74fd926386ab,20480,0,12212,8268,0x0:0x4;0x2FB8:0x5000,,candidate_spans_and_remaining_bytes_are_not_proven_code_data_classification
8017B000-e208919345621229445f44cf9d9a6b4292c296efa6e52f8f6042f450ade091e0,20480,0,8188,12292,0x0:0x4;0x2000:0x5000,,candidate_spans_and_remaining_bytes_are_not_proven_code_data_classification
8017B000-e225ea33618b0fb75786b86121d85a3c7c66845adf6c0a63c8798793e8ad6a29,20480,0,4952,15528,0x0:0x4;0x135C:0x5000,,candidate_spans_and_remaining_bytes_are_not_proven_code_data_classification
8017B000-e2d344e7e7f7c03b1fb7801280e7755dced098c7044ce34034d0feccb434edd4,20480,0,4980,15500,0x0:0x4;0x1378:0x5000,0x2078,candidate_spans_and_remaining_bytes_are_not_proven_code_data_classification
8017B000-e31b6a63cda8230e2b0f0e014d2c0d4761c633e469cd2af9f8101eb979f46706,20480,0,0,20480,0x0:0x5000,0x3590,candidate_spans_and_remaining_bytes_are_not_proven_code_data_classification
8017B000-e32888803d4242907af7ae6b9ef3e069a1d03f3010ac1b93a0142d276e186362,20480,0,6320,14160,0x0:0x4;0x18B4:0x5000,,candidate_spans_and_remaining_bytes_are_not_proven_code_data_classification
8017B000-e339b5ecf626b143a4e7b56bda58c36ce867074bf9ef86751db91537c6c141e7,20480,0,9992,10488,0x0:0x4;0x270C:0x5000,,candidate_spans_and_remaining_bytes_are_not_proven_code_data_classification
8017B000-e3c7bdd4bd502f99731138ab5cde6c2279ecb91e977e8703df1110826b33b404,20480,0,7032,13448,0x0:0x4;0x1B7C:0x5000,,candidate_spans_and_remaining_bytes_are_not_proven_code_data_classification
8017B000-e407f3aff6b31327ca32ece7852995eeab243a69c27995e50292ae068d2c0fe6,20480,0,6348,14132,0x0:0x4;0x18D0:0x5000,,candidate_spans_and_remaining_bytes_are_not_proven_code_data_classification
8017B000-e4b1ae8f80952e92a8867d4200a20e96a64d8147f85492d15c9a3e5fa0738e7a,20480,0,9260,11220,0x0:0x4;0x2430:0x5000,,candidate_spans_and_remaining_bytes_are_not_proven_code_data_classification
8017B000-e63f9c7ff1e5c32a912f2204e1260c7dd10b129569fcdf4fa214d5d59ffaba29,20480,0,13412,7068,0x0:0x4;0x3468:0x5000,,candidate_spans_and_remaining_bytes_are_not_proven_code_data_classification
8017B000-e698126d81f2a41c5ed79aef5f01f1e28fcfc3049f1336fa538b673bdd317b21,20480,0,6420,14060,0x0:0x4;0x1918:0x5000,,candidate_spans_and_remaining_bytes_are_not_proven_code_data_classification
8017B000-e727214bcf930b7effc7f21cb60f13c5b98dc6c54e6a4726d6016a09b27e1edb,20480,0,6700,13780,0x0:0x4;0x1A30:0x5000,,candidate_spans_and_remaining_bytes_are_not_proven_code_data_classification
8017B000-e7366ba68e85c212962a7e75d7bddb8d0dab4baa6d5389827bd6857466fe3703,20480,0,11896,8584,0x0:0x4;0x2E7C:0x5000,,candidate_spans_and_remaining_bytes_are_not_proven_code_data_classification
8017B000-e76ea2f0357d3cace5230785b283ed99aa53aa0fbc5def7268ada35504cb0997,20480,0,7564,12916,0x0:0x4;0x1D90:0x5000,,candidate_spans_and_remaining_bytes_are_not_proven_code_data_classification
8017B000-e78e823d0d741c45d7818f7112930fc93f59cb169c29f4643a015755983a17cb,20480,0,6196,14284,0x0:0x4;0x1838:0x5000,,candidate_spans_and_remaining_bytes_are_not_proven_code_data_classification
8017B000-e7a2e5e7e2d3d6def9e3ac5601eb5a6de19926559e669ea85f7285deaaccdfcb,20480,0,15612,4868,0x0:0x4;0x3D00:0x5000,,candidate_spans_and_remaining_bytes_are_not_proven_code_data_classification
8017B000-e7de4b2aaf36df78ec8267860659a4e1378c42925024473bb451482384c9b5a4,20480,0,10572,9908,0x0:0x4;0x2950:0x5000,,candidate_spans_and_remaining_bytes_are_not_proven_code_data_classification
8017B000-e86bd6d08d959e6af01bbf87623a88e3fb79daa242453bbf3a74f1a654e99dec,20480,0,9132,11348,0x0:0x4;0x23B0:0x5000,,candidate_spans_and_remaining_bytes_are_not_proven_code_data_classification
8017B000-e88ebdd83a77f2604f58a904864d5f3be6da9e40626ce8e70142a66c687ad9f4,20480,0,13528,6952,0x0:0x4;0x34DC:0x5000,,candidate_spans_and_remaining_bytes_are_not_proven_code_data_classification
8017B000-e8b444453139c82614b61b111478dfd8a0b01d75492bb4a43ce8f223e045c751,20480,0,9452,11028,0x0:0x4;0x24F0:0x5000,,candidate_spans_and_remaining_bytes_are_not_proven_code_data_classification
8017B000-e8b9944c59947395aee902d041c808bcbaa8fee4912f3962f493e3a98970c607,20480,0,9132,11348,0x0:0x4;0x23B0:0x5000,,candidate_spans_and_remaining_bytes_are_not_proven_code_data_classification
8017B000-e8fb5e2fa751941f5d3d807b4721f2d8b1780565be9be488ca434ee861fe86ba,20480,0,8020,12460,0x0:0x4;0x1F58:0x5000,,candidate_spans_and_remaining_bytes_are_not_proven_code_data_classification
8017B000-e8fed978eb07217e865a9bf973b65b199b6797dffd665f876911e9920c4aa3e2,20480,0,9580,10900,0x0:0x4;0x2570:0x5000,,candidate_spans_and_remaining_bytes_are_not_proven_code_data_classification
8017B000-e90e1088cb8c57f69481f15895eb590907f71b94f469030a726ed23a5f9ef0a9,20480,0,15612,4868,0x0:0x4;0x3D00:0x5000,,candidate_spans_and_remaining_bytes_are_not_proven_code_data_classification
8017B000-e92877da64d2a3ad54be0382c8fe6f0cbc63ce548a810b8ee16d83da2666e653,20480,0,0,20480,0x0:0x5000,0x32A8,candidate_spans_and_remaining_bytes_are_not_proven_code_data_classification
8017B000-e975b3eada26ae098f25aaff0edc87a5921a95adf1bc038899c6618d78ae0e36,20480,0,9580,10900,0x0:0x4;0x2570:0x5000,,candidate_spans_and_remaining_bytes_are_not_proven_code_data_classification
8017B000-e9adb39227239e1c298517a02101b23c4107f3c5303445e44ae335c0c8471b0a,20480,0,11412,9068,0x0:0x4;0x2C98:0x5000,,candidate_spans_and_remaining_bytes_are_not_proven_code_data_classification
8017B000-e9caebd9d1b2d5bc35a2a1d905bd3270f9c1a9e68e7cf48f2609f7a132e93542,20480,0,5700,14780,0x0:0x4;0x1648:0x5000,,candidate_spans_and_remaining_bytes_are_not_proven_code_data_classification
8017B000-ea04514fe05d37debd32ef2b4b721f21ea8d1f59bfacc94fa648b8d1597cf469,20480,0,11348,9132,0x0:0x4;0x2C58:0x5000,,candidate_spans_and_remaining_bytes_are_not_proven_code_data_classification
8017B000-ea2744b5bad1e4c47bf400984a7708f9867a6351bbcebbc12ffad7e2bdd0cf59,20480,0,6420,14060,0x0:0x4;0x1918:0x5000,,candidate_spans_and_remaining_bytes_are_not_proven_code_data_classification
8017B000-ea47941554de866fcd2bd091847bbeba3312f72de1fe714cb0c98ce0f834c491,20480,0,15612,4868,0x0:0x4;0x3D00:0x5000,,candidate_spans_and_remaining_bytes_are_not_proven_code_data_classification
8017B000-ea7ccc2d8e80f568e59183cd6cb83d529366cbf9948962faae934a82992ebc10,20480,0,6364,14116,0x0:0x4;0x18E0:0x5000,0x2EC0,candidate_spans_and_remaining_bytes_are_not_proven_code_data_classification
8017B000-ea8931481f4d4175d37a09cf3b1a495add5299dadeaee12e3e37e77938bf1806,20480,0,0,20480,0x0:0x5000,0x3CD8,candidate_spans_and_remaining_bytes_are_not_proven_code_data_classification
8017B000-ea8fb6c3ed6e3663cae5b31094a5f1721eb114ac4f228690ccc6bcd2cc8297a1,20480,0,3756,16724,0x0:0x4;0xEB0:0x5000,,candidate_spans_and_remaining_bytes_are_not_proven_code_data_classification
8017B000-ea920741ae535d733018424cec37aabdb408eed97dc76f326804a3ae9c6ff1d0,20480,0,0,20480,0x0:0x5000,0xE40;0x1204,candidate_spans_and_remaining_bytes_are_not_proven_code_data_classification
8017B000-eae79d27f64a92babef21c613a4e730c48e319e8c17ba40049e609ad8e9992c7,20480,0,0,20480,0x0:0x5000,0x19F0,candidate_spans_and_remaining_bytes_are_not_proven_code_data_classification
8017B000-eb770355ee311075fa40d9fc3c20d9d53a83b80dbb1def4175aad94e09bd71e5,20480,0,8412,12068,0x0:0x4;0x20E0:0x5000,,candidate_spans_and_remaining_bytes_are_not_proven_code_data_classification
8017B000-eb986443760ab2bbaf0efc10e8d8eaf496cb24d5ccc558f1930b5987ac877a47,20480,0,5820,14660,0x0:0x4;0x16C0:0x5000,,candidate_spans_and_remaining_bytes_are_not_proven_code_data_classification
8017B000-eb98752cbbcc00d048b09b84bd3eb645eb72c181a2b71787320077be8f935e4e,20480,0,0,20480,0x0:0x5000,0x3590,candidate_spans_and_remaining_bytes_are_not_proven_code_data_classification
8017B000-ebef61fc596677ec7d85256ff73246777c2c9e1e9408a284749e34fff0f71c82,20480,0,16028,4452,0x0:0x4;0x3EA0:0x5000,,candidate_spans_and_remaining_bytes_are_not_proven_code_data_classification
8017B000-ec0e6d626ff7ce58f7be8cc32e6466ca759bea273d4e995ec4fbe1ac2e3ae88a,20480,0,8684,11796,0x0:0x4;0x21F0:0x5000,,candidate_spans_and_remaining_bytes_are_not_proven_code_data_classification
8017B000-ecb02fe4669aec1f348023f9bb25a0ff2c318d179f6efef7619b21bc21a35bad,20480,0,14032,6448,0x0:0x4;0x36D4:0x5000,,candidate_spans_and_remaining_bytes_are_not_proven_code_data_classification
8017B000-ecb1576f3eabdec1f388bf4bcf20177229d04f3e894e85e5eae241e11fe2a471,20480,0,0,20480,0x0:0x5000,0x22A4,candidate_spans_and_remaining_bytes_are_not_proven_code_data_classification
8017B000-ecb4c2e6487ef04ee2dd1f77ecf5da357a82d9bb9fc6dfb73bf64642aebafcdc,20480,0,7564,12916,0x0:0x4;0x1D90:0x5000,0x2004,candidate_spans_and_remaining_bytes_are_not_proven_code_data_classification
8017B000-ed77f51bf56bad320da48d679cfd3d98caea4f77427d1f3ae86bb8e730c8820c,20480,0,4440,16040,0x0:0x4;0x115C:0x5000,,candidate_spans_and_remaining_bytes_are_not_proven_code_data_classification
8017B000-ee44368e2c6a28886c6bb53bd681c8e8c1a8593fc087bffc50c6b33849435f7e,20480,0,8188,12292,0x0:0x4;0x2000:0x5000,,candidate_spans_and_remaining_bytes_are_not_proven_code_data_classification
8017B000-eef86135101bf96d571ee99166260c530d2e3275e21b4fc032d3a5da58090e62,20480,0,8792,11688,0x0:0x4;0x225C:0x5000,,candidate_spans_and_remaining_bytes_are_not_proven_code_data_classification
8017B000-ef0ee1fb6fd2703670c86359679222ab67ee2f667aa8f0b68315a5b98606189c,20480,0,0,20480,0x0:0x5000,0x3590,candidate_spans_and_remaining_bytes_are_not_proven_code_data_classification
8017B000-ef4f288781a967bccad2e41075b59abcbad48ce9f17d9d6a49f52a46f5cbc19e,20480,0,0,20480,0x0:0x5000,0x3CD8,candidate_spans_and_remaining_bytes_are_not_proven_code_data_classification
8017B000-ef61e2850c0830dc81e5501ce5747b91d13d618607821feca362ac0d2405b00d,20480,0,7240,13240,0x0:0x4;0x1C4C:0x5000,,candidate_spans_and_remaining_bytes_are_not_proven_code_data_classification
8017B000-ef794d1784f05d116f17cc08d08146fdacba3b1f1fc5e40310602c18b836e8be,20480,0,0,20480,0x0:0x5000,0x2358,candidate_spans_and_remaining_bytes_are_not_proven_code_data_classification
8017B000-ef91a6cb84b39cc3b9067df0d2f983c6d2b78843e5d7083fd062a0294325768c,20480,0,14340,6140,0x0:0x4;0x3808:0x5000,,candidate_spans_and_remaining_bytes_are_not_proven_code_data_classification
8017B000-efc4b50f97e4c0ff09de21dfb9312ebcc5ad0479979df822fd869a729c0a1007,20480,0,10440,10040,0x0:0x4;0x28CC:0x5000,,candidate_spans_and_remaining_bytes_are_not_proven_code_data_classification
8017B000-efdc50fa78a331682660b10454701feeb0e73c65cab500516b3c3bfa7b9814b9,20480,0,5660,14820,0x0:0x4;0x1620:0x5000,0x1A04,candidate_spans_and_remaining_bytes_are_not_proven_code_data_classification
8017B000-f00c80c8de914b9df520de668cc0f4d7b9d0ca267c0da14e578f86267f3ab966,20480,0,11720,8760,0x0:0x4;0x2DCC:0x5000,,candidate_spans_and_remaining_bytes_are_not_proven_code_data_classification
8017B000-f038dc5e0ed09d181eeb54e64e3f46dae93238e0a117abaec476b38e53fc9859,20480,0,14360,6120,0x0:0x4;0x381C:0x5000,,candidate_spans_and_remaining_bytes_are_not_proven_code_data_classification
8017B000-f048a0e4f3725a8a4cb086b9ded0d3a9c285819bfbd1ef8348209e75d88d4572,20480,0,17452,3028,0x0:0x4;0x4430:0x5000,,candidate_spans_and_remaining_bytes_are_not_proven_code_data_classification
8017B000-f09de86e3f4c0f1dfcd1ccd5ebc0798ebafcb34b15deb4db9583e142b3807b15,20480,0,18256,2224,0x0:0x4;0x4754:0x5000,,candidate_spans_and_remaining_bytes_are_not_proven_code_data_classification
8017B000-f0a160ed42b5cfcbe29e1d6ee049ed70688f208e7f858cc8f195c92bb844e366,20480,0,0,20480,0x0:0x5000,0x2358,candidate_spans_and_remaining_bytes_are_not_proven_code_data_classification
8017B000-f0c981609249aee88bb87e743d8e01612b97e19f3cf9bf4850f9404f377272ac,20480,0,0,20480,0x0:0x5000,0x19F0,candidate_spans_and_remaining_bytes_are_not_proven_code_data_classification
8017B000-f12937eb8021fef659ce6c377f17d7550bb84a758f3bd1e0cacce55992c1f2c7,20480,0,6700,13780,0x0:0x4;0x1A30:0x5000,,candidate_spans_and_remaining_bytes_are_not_proven_code_data_classification
8017B000-f14bace81a52778df7f4385f7f965833ba332c2aeaceb689ef5c0e200dae762a,20480,0,6524,13956,0x0:0x4;0x1980:0x5000,0x3844,candidate_spans_and_remaining_bytes_are_not_proven_code_data_classification
8017B000-f14df97819ca51dcd6dee3236c3c74b7bfd4c8cb6137e9f0c34563d75c9d803f,20480,0,12216,8264,0x0:0x4;0x2FBC:0x5000,,candidate_spans_and_remaining_bytes_are_not_proven_code_data_classification
8017B000-f14dff7c1c800e6bc0ef578dfd12d5e6b2d2c06e6d0c1039d4c3fb4810500491,20480,0,4080,16400,0x0:0x4;0xFF4:0x5000,,candidate_spans_and_remaining_bytes_are_not_proven_code_data_classification
8017B000-f1b2e48b8acb2db638aac3731c5943004ef4ef7642c4a321ef2256e6a893df1d,20480,0,6524,13956,0x0:0x4;0x1980:0x5000,0x3844,candidate_spans_and_remaining_bytes_are_not_proven_code_data_classification
8017B000-f1e44b878bf9a2fab3d6d84209f2aa6b0b46aa26a4238fef1335f4bdc0f3a8c9,20480,0,3296,17184,0x0:0x4;0xCE4:0x5000,0x238C,candidate_spans_and_remaining_bytes_are_not_proven_code_data_classification
8017B000-f1fe543b7259cdf11f5561d69210e4e0375820f409a19d4b469929e8c5bba454,20480,0,6708,13772,0x0:0x4;0x1A38:0x5000,,candidate_spans_and_remaining_bytes_are_not_proven_code_data_classification
8017B000-f21567222da25754fdbef1364859eba3d7d84d4f9ecee6b1320c59c0deb95af8,20480,0,6204,14276,0x0:0x4;0x1840:0x5000,,candidate_spans_and_remaining_bytes_are_not_proven_code_data_classification
8017B000-f2404cb86f48fb89835114172ba6f6a3226d5c0e25f18d1894b1463961f32e35,20480,0,0,20480,0x0:0x5000,0x1348,candidate_spans_and_remaining_bytes_are_not_proven_code_data_classification
8017B000-f269872d9cbbaa75045fc8647f033cd3d271471f04af0eeabb4b86bd9ea097b8,20480,0,9132,11348,0x0:0x4;0x23B0:0x5000,,candidate_spans_and_remaining_bytes_are_not_proven_code_data_classification
8017B000-f28c6318da47720dcd75aa4db9454941567f59981dab38597aaf878d8cdb9d71,20480,0,10448,10032,0x0:0x4;0x28D4:0x5000,,candidate_spans_and_remaining_bytes_are_not_proven_code_data_classification
8017B000-f2cbc8c3b2d7e482e301aa44dae7b4865c398e5d736927c013fc0845d26ecd3d,20480,0,8412,12068,0x0:0x4;0x20E0:0x5000,,candidate_spans_and_remaining_bytes_are_not_proven_code_data_classification
8017B000-f312434a26d1b3b5287c65e51c956251c42e18804c187f5b62ab34ee332bef00,20480,0,0,20480,0x0:0x5000,0x4ADC,candidate_spans_and_remaining_bytes_are_not_proven_code_data_classification
8017B000-f3179d4bbd51ef3595428eee63c19e6957d9d733248cdb5978acb4ec0f4560fc,20480,0,8412,12068,0x0:0x4;0x20E0:0x5000,,candidate_spans_and_remaining_bytes_are_not_proven_code_data_classification
8017B000-f3333047e45d1ab15e7d2f97518bbf25b92d40680549833de49b0727466773da,20480,0,0,20480,0x0:0x5000,0x3CD8,candidate_spans_and_remaining_bytes_are_not_proven_code_data_classification
8017B000-f34d6f12a06f878d5aec527ce2fe5179fa6e45fa70e99b5847f745f5134e9490,20480,0,9132,11348,0x0:0x4;0x23B0:0x5000,,candidate_spans_and_remaining_bytes_are_not_proven_code_data_classification
8017B000-f39ecd97fc861ab99fb68fdeabda5b2d3bf5c92333a2b574362b23bf416d133a,20480,0,8732,11748,0x0:0x4;0x2220:0x5000,,candidate_spans_and_remaining_bytes_are_not_proven_code_data_classification
8017B000-f39ef5fe8f2bdab41448d1e69be1a34880cd8957ee8b7a8d2af0c03d9d550d8f,20480,0,4440,16040,0x0:0x4;0x115C:0x5000,,candidate_spans_and_remaining_bytes_are_not_proven_code_data_classification
8017B000-f402fbcf7a31d983f211f5f879959c8d49287de2ec354ce6eb86009cb974fed7,20480,0,6204,14276,0x0:0x4;0x1840:0x5000,,candidate_spans_and_remaining_bytes_are_not_proven_code_data_classification
8017B000-f4674d12f4d901cc4aa897dee1c6c440ec643da3084cbae3b06cc4da19c1aaa3,20480,0,6772,13708,0x0:0x4;0x1A78:0x5000,0x23F0,candidate_spans_and_remaining_bytes_are_not_proven_code_data_classification
8017B000-f4bf29435971b3a2e72f4e9eff65f0feeee393f2099d6af0f7157cff3f918a70,20480,0,0,20480,0x0:0x5000,0x19F0,candidate_spans_and_remaining_bytes_are_not_proven_code_data_classification
8017B000-f4c63fe183f4d165cb8aa7e98f263028971aaa0063cb696482ebaafc2579dc00,20480,0,3296,17184,0x0:0x4;0xCE4:0x5000,,candidate_spans_and_remaining_bytes_are_not_proven_code_data_classification
8017B000-f5416525b6335d06d97ca54b79ca4d1930ec1573751bdf0104a873aa227a5821,20480,0,5004,15476,0x0:0x4;0x1390:0x5000,,candidate_spans_and_remaining_bytes_are_not_proven_code_data_classification
8017B000-f5a9f9474262b99a368bc3cbdcfcfd99246fe1c3298384ef2cae86c6a5e6ebdd,20480,0,6940,13540,0x0:0x4;0x1B20:0x5000,,candidate_spans_and_remaining_bytes_are_not_proven_code_data_classification
8017B000-f5fe16c591c033168e62d5f7b48b8a79304abb1b36b7766bff08032727a5e4e0,20480,0,12152,8328,0x0:0x4;0x2F7C:0x5000,,candidate_spans_and_remaining_bytes_are_not_proven_code_data_classification
8017B000-f617e4cf4f7e07eec046b4b6d6c7a1b4dda6d806d1604c80175cb6df73b67845,20480,0,0,20480,0x0:0x5000,0x19F0,candidate_spans_and_remaining_bytes_are_not_proven_code_data_classification
8017B000-f61e4c2cbd56a0279ca3d2c5f283a5a37e2f8586bd140d9f005a39d61d87d52a,20480,0,11720,8760,0x0:0x4;0x2DCC:0x5000,,candidate_spans_and_remaining_bytes_are_not_proven_code_data_classification
8017B000-f62ab05a0371f3adffa6c500ce5b5b4a368d65d58baebe4d4e68aef34b2a3853,20480,0,6888,13592,0x0:0x4;0x1AEC:0x5000,,candidate_spans_and_remaining_bytes_are_not_proven_code_data_classification
8017B000-f62d9c8eeadb01cfe9065b92f7cdc01b1de6d548e2a45cdbb3a674e605d35d00,20480,0,6572,13908,0x0:0x4;0x19B0:0x5000,0x2DCC,candidate_spans_and_remaining_bytes_are_not_proven_code_data_classification
8017B000-f675ef1c0ec51af0629978d0b5e911c4296ed99af0384328a8ccbf7972a02f0d,20480,0,11720,8760,0x0:0x4;0x2DCC:0x5000,,candidate_spans_and_remaining_bytes_are_not_proven_code_data_classification
8017B000-f69893655cbe28eca30e16b1bcbd0d0655b9fc67a003e623317525dd28e06ff4,20480,0,4952,15528,0x0:0x4;0x135C:0x5000,0x2C34,candidate_spans_and_remaining_bytes_are_not_proven_code_data_classification
8017B000-f6ab9b74b581412e2f6168d63fbd927a8121178d85e489c843d851c9f5efb292,20480,0,4440,16040,0x0:0x4;0x115C:0x5000,,candidate_spans_and_remaining_bytes_are_not_proven_code_data_classification
8017B000-f704b2aa3f5b3ab9d50ee314efdf060bc1d54589c7ef10c7d17b5985e57cae5d,20480,0,0,20480,0x0:0x5000,0x1F6C,candidate_spans_and_remaining_bytes_are_not_proven_code_data_classification
8017B000-f7569e56884e2aa0e532e978202a9c10b532229171bf00f194ccf00d46f59b81,20480,0,4160,16320,0x0:0x4;0x1044:0x5000,0x1DFC,candidate_spans_and_remaining_bytes_are_not_proven_code_data_classification
8017B000-f7c9abc8f75203673d4cc85353a6c0dc696639f5f8cadef35a31b28841a43f9f,20480,0,8188,12292,0x0:0x4;0x2000:0x5000,0x3F3C;0x4638;0x4B94,candidate_spans_and_remaining_bytes_are_not_proven_code_data_classification
8017B000-f80f75200f182213bb1aaa91e7dd82985eca276712bcb32dd9cb9f615577fc39,20480,0,0,20480,0x0:0x5000,0xE40;0x1204,candidate_spans_and_remaining_bytes_are_not_proven_code_data_classification
8017B000-f84a70ff60a31dae03b06c8203158814eedd016ffe4f6fa628e5c30fc4f8dff9,20480,0,3316,17164,0x0:0x4;0xCF8:0x5000,0x161C,candidate_spans_and_remaining_bytes_are_not_proven_code_data_classification
8017B000-f89aca367c8b21d39554fcd2920ac50c4c633146ff174ad3fd30db73113b6a89,20480,0,5348,15132,0x0:0x4;0x14E8:0x5000,0x1638,candidate_spans_and_remaining_bytes_are_not_proven_code_data_classification
8017B000-f8e587c9a302de5ef4baa990d5a2a78b951a30033979a3891fb649e28140a130,20480,0,6196,14284,0x0:0x4;0x1838:0x5000,0x2FB8,candidate_spans_and_remaining_bytes_are_not_proven_code_data_classification
8017B000-f91e5ec5e875d47a4a18f5ad0d7aead13e9c83c3369902ce87579a2ed35e262d,20480,0,0,20480,0x0:0x5000,0x2358,candidate_spans_and_remaining_bytes_are_not_proven_code_data_classification
8017B000-f96561a17e42229882ec9860e86f89c4271f4ce47607f68cb4fdc139ef65d727,20480,0,6772,13708,0x0:0x4;0x1A78:0x5000,0x23F0,candidate_spans_and_remaining_bytes_are_not_proven_code_data_classification
8017B000-f9a1305c7848b7d15d6133dcc8187f3bee11dacd01cfdd415b8f7fb59a160082,20480,0,6708,13772,0x0:0x4;0x1A38:0x5000,,candidate_spans_and_remaining_bytes_are_not_proven_code_data_classification
8017B000-f9c4dd6e6f3ac0814db197fbad7a0fab0332f860d29970e76ea0b4d1354c833d,20480,0,7332,13148,0x0:0x4;0x1CA8:0x5000,,candidate_spans_and_remaining_bytes_are_not_proven_code_data_classification
8017B000-fac9a2145d10f028bf4e3f26b9c4bac0855876614bd6692f9059116d52e96994,20480,0,6708,13772,0x0:0x4;0x1A38:0x5000,,candidate_spans_and_remaining_bytes_are_not_proven_code_data_classification
8017B000-fb8f7f9a459312486ba36ca894141254e3cae11edba51407be30a06b5b158f28,20480,0,11604,8876,0x0:0x4;0x2D58:0x5000,,candidate_spans_and_remaining_bytes_are_not_proven_code_data_classification
8017B000-fb9dfe3c9438a6a6c19c88f981d0a50165813022bd3bbdddd222da7c0185751c,20480,0,11252,9228,0x0:0x4;0x2BF8:0x5000,,candidate_spans_and_remaining_bytes_are_not_proven_code_data_classification
8017B000-fbcd55df9336724b6c4559d59e4e5c92d17c0270daa264c129ad3a6630003f93,20480,0,6320,14160,0x0:0x4;0x18B4:0x5000,,candidate_spans_and_remaining_bytes_are_not_proven_code_data_classification
8017B000-fbd11cbfd7b894baa222f4a763a7756305e0229408827fa521f233c37b1b103d,20480,0,6524,13956,0x0:0x4;0x1980:0x5000,0x3844,candidate_spans_and_remaining_bytes_are_not_proven_code_data_classification
8017B000-fbe1016f01a0ab65435252ae1595024f7d6190dcb15303e1351042208a33b1dd,20480,0,4532,15948,0x0:0x4;0x11B8:0x5000,0x14A4;0x2004,candidate_spans_and_remaining_bytes_are_not_proven_code_data_classification
8017B000-fbf1854e4fc32b15bc1b1411449c5213ea2350ea1fd6b23479b09d6e23a84500,20480,0,6524,13956,0x0:0x4;0x1980:0x5000,0x3844,candidate_spans_and_remaining_bytes_are_not_proven_code_data_classification
8017B000-fc5b409404be757993f1451edd90072d636fe41c11c12ae6573adff9bc4a18d2,20480,0,4260,16220,0x0:0x4;0x10A8:0x5000,0x20B8,candidate_spans_and_remaining_bytes_are_not_proven_code_data_classification
8017B000-fc6ffff2409dad3090af68eb1a8fc7e331394a9163068ff0061a0b9462c5a036,20480,0,13596,6884,0x0:0x4;0x3520:0x5000,,candidate_spans_and_remaining_bytes_are_not_proven_code_data_classification
8017B000-fc7eb8db2f3f721cb4db7ab419803ce839c9ce3b77693ec38851deed41282fb7,20480,0,7948,12532,0x0:0x4;0x1F10:0x5000,,candidate_spans_and_remaining_bytes_are_not_proven_code_data_classification
8017B000-fd3bf620dc5133f4e281757ae482d734a405a5c12dd28b02831a766e562457ff,20480,0,3296,17184,0x0:0x4;0xCE4:0x5000,0x16A0,candidate_spans_and_remaining_bytes_are_not_proven_code_data_classification
8017B000-fd8dbcd3241c592d7a342a33ce9dd474a708544bc174745b3d1f7a2bea3edee2,20480,0,9452,11028,0x0:0x4;0x24F0:0x5000,,candidate_spans_and_remaining_bytes_are_not_proven_code_data_classification
8017B000-fe79eefbef1be7d4ed722947506786ac6b870b78c3ec04f17ff17902e2da2ca3,20480,0,7524,12956,0x0:0x4;0x1D68:0x5000,0x2C5C,candidate_spans_and_remaining_bytes_are_not_proven_code_data_classification
8017B000-febde4fb1d56bd901bb10bdfad0a6b98644907df6b91c425a6c8c4a7a590fa4d,20480,0,8460,12020,0x0:0x4;0x2110:0x5000,0x4A88,candidate_spans_and_remaining_bytes_are_not_proven_code_data_classification
8017B000-fee4152fcdefc9c3829aab742dc79899f221e950257c6cb96d90688343daf893,20480,0,6196,14284,0x0:0x4;0x1838:0x5000,0x2FB8,candidate_spans_and_remaining_bytes_are_not_proven_code_data_classification
8017B000-ff1381cb6ec6e056136ec074f17d629d8e4e381100e1836f73348976a363fe98,20480,0,0,20480,0x0:0x5000,0x19F0,candidate_spans_and_remaining_bytes_are_not_proven_code_data_classification
8017B000-ffc29af9ceee064666b054ce826780f3bcb3288683dd3e9baec6cd0c265984ea,20480,0,7508,12972,0x0:0x4;0x1D58:0x5000,,candidate_spans_and_remaining_bytes_are_not_proven_code_data_classification
80180000-639de753681c04773c4b3c805a2c6846661118d5ffa30b435b9b28cc726cfa92,32768,0,1468,31300,0x0:0x4;0x4A0:0x4B0;0x5D0:0x8000,0x4A8,candidate_spans_and_remaining_bytes_are_not_proven_code_data_classification
80180000-a2562a4b774e5a03161b6df8c183bb9500333c88a298b66d964301f7666fa4f1,32768,18280,24,14464,0x0:0x4;0x4784:0x8000,,candidate_spans_and_remaining_bytes_are_not_proven_code_data_classification
