archive,begin,end,bytes,stack_prologue_hints,return_hints,classification
game/italy/DATA/MODEL.MRG,196608,368640,172032,0,0,outside_catalogued_loads_not_proven_code_or_data
game/italy/DATA/MODEL.MRG,458752,565248,106496,0,0,outside_catalogued_loads_not_proven_code_or_data
game/italy/DATA/MODEL.MRG,761856,933888,172032,0,0,outside_catalogued_loads_not_proven_code_or_data
game/italy/DATA/MODEL.MRG,1024000,1130496,106496,0,2,outside_catalogued_loads_not_proven_code_or_data
game/italy/DATA/MODEL.MRG,1327104,1499136,172032,0,0,outside_catalogued_loads_not_proven_code_or_data
game/italy/DATA/MODEL.MRG,1589248,1695744,106496,2,5,outside_catalogued_loads_not_proven_code_or_data
game/italy/DATA/MODEL.MRG,1892352,2064384,172032,0,0,outside_catalogued_loads_not_proven_code_or_data
game/italy/DATA/MODEL.MRG,2154496,2260992,106496,0,0,outside_catalogued_loads_not_proven_code_or_data
game/italy/DATA/MODEL.MRG,2457600,2629632,172032,0,0,outside_catalogued_loads_not_proven_code_or_data
game/italy/DATA/MODEL.MRG,2719744,2826240,106496,0,0,outside_catalogued_loads_not_proven_code_or_data
game/italy/DATA/MODEL.MRG,3022848,3194880,172032,0,0,outside_catalogued_loads_not_proven_code_or_data
game/italy/DATA/MODEL.MRG,3284992,3391488,106496,0,0,outside_catalogued_loads_not_proven_code_or_data
game/italy/DATA/MODEL.MRG,3588096,3760128,172032,0,0,outside_catalogued_loads_not_proven_code_or_data
game/italy/DATA/MODEL.MRG,3850240,3956736,106496,0,0,outside_catalogued_loads_not_proven_code_or_data
game/italy/DATA/MODEL.MRG,4153344,4325376,172032,0,0,outside_catalogued_loads_not_proven_code_or_data
game/italy/DATA/MODEL.MRG,4415488,4521984,106496,0,0,outside_catalogued_loads_not_proven_code_or_data
game/italy/DATA/MODEL.MRG,4718592,4890624,172032,0,0,outside_catalogued_loads_not_proven_code_or_data
game/italy/DATA/MODEL.MRG,4980736,5087232,106496,0,0,outside_catalogued_loads_not_proven_code_or_data
game/italy/DATA/MODEL.MRG,5283840,5455872,172032,0,0,outside_catalogued_loads_not_proven_code_or_data
game/italy/DATA/MODEL.MRG,5545984,5652480,106496,0,0,outside_catalogued_loads_not_proven_code_or_data
game/italy/DATA/MODEL.MRG,5849088,6021120,172032,0,0,outside_catalogued_loads_not_proven_code_or_data
game/italy/DATA/MODEL.MRG,6111232,6217728,106496,0,0,outside_catalogued_loads_not_proven_code_or_data
game/italy/DATA/MODEL.MRG,6414336,6586368,172032,0,0,outside_catalogued_loads_not_proven_code_or_data
game/italy/DATA/MODEL.MRG,6676480,6782976,106496,0,0,outside_catalogued_loads_not_proven_code_or_data
game/italy/DATA/MODEL.MRG,6979584,7151616,172032,0,0,outside_catalogued_loads_not_proven_code_or_data
game/italy/DATA/MODEL.MRG,7241728,7348224,106496,0,0,outside_catalogued_loads_not_proven_code_or_data
game/italy/DATA/MODEL.MRG,7544832,7716864,172032,0,0,outside_catalogued_loads_not_proven_code_or_data
game/italy/DATA/MODEL.MRG,7806976,7913472,106496,0,0,outside_catalogued_loads_not_proven_code_or_data
game/italy/DATA/MODEL.MRG,8110080,8282112,172032,0,0,outside_catalogued_loads_not_proven_code_or_data
game/italy/DATA/MODEL.MRG,8372224,8478720,106496,6,8,outside_catalogued_loads_not_proven_code_or_data
game/italy/DATA/MODEL.MRG,8675328,8847360,172032,0,0,outside_catalogued_loads_not_proven_code_or_data
game/italy/DATA/MODEL.MRG,8937472,9043968,106496,0,0,outside_catalogued_loads_not_proven_code_or_data
game/italy/DATA/MODEL.MRG,9240576,9412608,172032,0,0,outside_catalogued_loads_not_proven_code_or_data
game/italy/DATA/MODEL.MRG,9502720,9609216,106496,0,0,outside_catalogued_loads_not_proven_code_or_data
game/italy/DATA/MODEL.MRG,9805824,9977856,172032,0,0,outside_catalogued_loads_not_proven_code_or_data
game/italy/DATA/MODEL.MRG,10067968,10174464,106496,0,0,outside_catalogued_loads_not_proven_code_or_data
game/italy/DATA/MODEL.MRG,10371072,10543104,172032,0,0,outside_catalogued_loads_not_proven_code_or_data
game/italy/DATA/MODEL.MRG,10633216,10739712,106496,0,0,outside_catalogued_loads_not_proven_code_or_data
game/italy/DATA/MODEL.MRG,10936320,11108352,172032,0,0,outside_catalogued_loads_not_proven_code_or_data
game/italy/DATA/MODEL.MRG,11198464,11304960,106496,2,1,outside_catalogued_loads_not_proven_code_or_data
game/italy/DATA/MODEL.MRG,11501568,11673600,172032,0,0,outside_catalogued_loads_not_proven_code_or_data
game/italy/DATA/MODEL.MRG,11763712,11870208,106496,0,0,outside_catalogued_loads_not_proven_code_or_data
game/italy/DATA/MODEL.MRG,12066816,12238848,172032,0,0,outside_catalogued_loads_not_proven_code_or_data
game/italy/DATA/MODEL.MRG,12328960,12435456,106496,0,0,outside_catalogued_loads_not_proven_code_or_data
game/italy/DATA/MODEL.MRG,12632064,12804096,172032,0,0,outside_catalogued_loads_not_proven_code_or_data
game/italy/DATA/MODEL.MRG,12894208,13000704,106496,0,0,outside_catalogued_loads_not_proven_code_or_data
game/italy/DATA/MODEL.MRG,13197312,13369344,172032,0,0,outside_catalogued_loads_not_proven_code_or_data
game/italy/DATA/MODEL.MRG,13459456,13565952,106496,2,4,outside_catalogued_loads_not_proven_code_or_data
game/italy/DATA/MODEL.MRG,13762560,13934592,172032,0,0,outside_catalogued_loads_not_proven_code_or_data
game/italy/DATA/MODEL.MRG,14024704,14131200,106496,0,0,outside_catalogued_loads_not_proven_code_or_data
game/italy/DATA/MODEL.MRG,14327808,14499840,172032,0,0,outside_catalogued_loads_not_proven_code_or_data
game/italy/DATA/MODEL.MRG,14589952,14696448,106496,0,0,outside_catalogued_loads_not_proven_code_or_data
game/italy/DATA/MODEL.MRG,14893056,15065088,172032,0,0,outside_catalogued_loads_not_proven_code_or_data
game/italy/DATA/MODEL.MRG,15155200,15261696,106496,0,0,outside_catalogued_loads_not_proven_code_or_data
game/italy/DATA/MODEL.MRG,15458304,15630336,172032,0,0,outside_catalogued_loads_not_proven_code_or_data
game/italy/DATA/MODEL.MRG,15720448,15826944,106496,0,0,outside_catalogued_loads_not_proven_code_or_data
game/italy/DATA/MODEL.MRG,16023552,16195584,172032,0,0,outside_catalogued_loads_not_proven_code_or_data
game/italy/DATA/MODEL.MRG,16285696,16392192,106496,1,1,outside_catalogued_loads_not_proven_code_or_data
game/italy/DATA/MODEL.MRG,16588800,16760832,172032,0,0,outside_catalogued_loads_not_proven_code_or_data
game/italy/DATA/MODEL.MRG,16850944,16957440,106496,0,0,outside_catalogued_loads_not_proven_code_or_data
game/italy/DATA/MODEL.MRG,17154048,17326080,172032,0,0,outside_catalogued_loads_not_proven_code_or_data
game/italy/DATA/MODEL.MRG,17416192,17522688,106496,0,0,outside_catalogued_loads_not_proven_code_or_data
game/italy/DATA/MODEL.MRG,17719296,17891328,172032,0,0,outside_catalogued_loads_not_proven_code_or_data
game/italy/DATA/MODEL.MRG,17981440,18087936,106496,0,0,outside_catalogued_loads_not_proven_code_or_data
game/italy/DATA/MODEL.MRG,18284544,18456576,172032,0,0,outside_catalogued_loads_not_proven_code_or_data
game/italy/DATA/MODEL.MRG,18546688,18653184,106496,0,0,outside_catalogued_loads_not_proven_code_or_data
game/italy/DATA/MODEL.MRG,18849792,19021824,172032,0,0,outside_catalogued_loads_not_proven_code_or_data
game/italy/DATA/MODEL.MRG,19111936,19218432,106496,1,1,outside_catalogued_loads_not_proven_code_or_data
game/italy/DATA/MODEL.MRG,19415040,19587072,172032,0,0,outside_catalogued_loads_not_proven_code_or_data
game/italy/DATA/MODEL.MRG,19677184,19783680,106496,0,0,outside_catalogued_loads_not_proven_code_or_data
game/italy/DATA/MODEL.MRG,19980288,20152320,172032,0,0,outside_catalogued_loads_not_proven_code_or_data
game/italy/DATA/MODEL.MRG,20242432,20348928,106496,0,0,outside_catalogued_loads_not_proven_code_or_data
game/italy/DATA/MODEL.MRG,20545536,20717568,172032,0,0,outside_catalogued_loads_not_proven_code_or_data
game/italy/DATA/MODEL.MRG,20807680,20914176,106496,0,0,outside_catalogued_loads_not_proven_code_or_data
game/italy/DATA/MODEL.MRG,21110784,21282816,172032,0,0,outside_catalogued_loads_not_proven_code_or_data
game/italy/DATA/MODEL.MRG,21372928,21479424,106496,0,3,outside_catalogued_loads_not_proven_code_or_data
game/italy/DATA/MODEL.MRG,21676032,21848064,172032,0,0,outside_catalogued_loads_not_proven_code_or_data
game/italy/DATA/MODEL.MRG,21938176,22044672,106496,0,0,outside_catalogued_loads_not_proven_code_or_data
game/italy/DATA/MODEL.MRG,22241280,22413312,172032,0,0,outside_catalogued_loads_not_proven_code_or_data
game/italy/DATA/MODEL.MRG,22503424,22609920,106496,0,0,outside_catalogued_loads_not_proven_code_or_data
game/italy/DATA/MODEL.MRG,22806528,22978560,172032,0,0,outside_catalogued_loads_not_proven_code_or_data
game/italy/DATA/MODEL.MRG,23068672,23175168,106496,0,0,outside_catalogued_loads_not_proven_code_or_data
game/italy/DATA/MODEL.MRG,23371776,23543808,172032,0,0,outside_catalogued_loads_not_proven_code_or_data
game/italy/DATA/MODEL.MRG,23633920,23740416,106496,0,0,outside_catalogued_loads_not_proven_code_or_data
game/italy/DATA/MODEL.MRG,23937024,24109056,172032,0,0,outside_catalogued_loads_not_proven_code_or_data
game/italy/DATA/MODEL.MRG,24199168,24305664,106496,3,3,outside_catalogued_loads_not_proven_code_or_data
game/italy/DATA/MODEL.MRG,24502272,24674304,172032,0,0,outside_catalogued_loads_not_proven_code_or_data
game/italy/DATA/MODEL.MRG,24764416,24870912,106496,0,0,outside_catalogued_loads_not_proven_code_or_data
game/italy/DATA/MODEL.MRG,25067520,25239552,172032,0,0,outside_catalogued_loads_not_proven_code_or_data
game/italy/DATA/MODEL.MRG,25329664,25436160,106496,0,0,outside_catalogued_loads_not_proven_code_or_data
game/italy/DATA/MODEL.MRG,25632768,25804800,172032,0,0,outside_catalogued_loads_not_proven_code_or_data
game/italy/DATA/MODEL.MRG,25894912,26001408,106496,0,0,outside_catalogued_loads_not_proven_code_or_data
game/italy/DATA/MODEL.MRG,26198016,26370048,172032,0,0,outside_catalogued_loads_not_proven_code_or_data
game/italy/DATA/MODEL.MRG,26460160,26566656,106496,0,2,outside_catalogued_loads_not_proven_code_or_data
game/italy/DATA/MODEL.MRG,26763264,26935296,172032,0,0,outside_catalogued_loads_not_proven_code_or_data
game/italy/DATA/MODEL.MRG,27025408,27131904,106496,12,13,outside_catalogued_loads_not_proven_code_or_data
game/italy/DATA/MODEL.MRG,27328512,27500544,172032,0,0,outside_catalogued_loads_not_proven_code_or_data
game/italy/DATA/MODEL.MRG,27590656,27697152,106496,0,0,outside_catalogued_loads_not_proven_code_or_data
game/italy/DATA/MODEL.MRG,27893760,28065792,172032,0,0,outside_catalogued_loads_not_proven_code_or_data
game/italy/DATA/MODEL.MRG,28155904,28262400,106496,0,0,outside_catalogued_loads_not_proven_code_or_data
game/italy/DATA/MODEL.MRG,28459008,28631040,172032,0,0,outside_catalogued_loads_not_proven_code_or_data
game/italy/DATA/MODEL.MRG,28721152,28827648,106496,0,0,outside_catalogued_loads_not_proven_code_or_data
game/italy/DATA/MODEL.MRG,29024256,29196288,172032,0,0,outside_catalogued_loads_not_proven_code_or_data
game/italy/DATA/MODEL.MRG,29286400,29392896,106496,0,1,outside_catalogued_loads_not_proven_code_or_data
game/italy/DATA/MODEL.MRG,29589504,29761536,172032,0,0,outside_catalogued_loads_not_proven_code_or_data
game/italy/DATA/MODEL.MRG,29851648,29958144,106496,0,0,outside_catalogued_loads_not_proven_code_or_data
game/italy/DATA/MODEL.MRG,30154752,30326784,172032,0,0,outside_catalogued_loads_not_proven_code_or_data
game/italy/DATA/MODEL.MRG,30416896,30523392,106496,0,0,outside_catalogued_loads_not_proven_code_or_data
game/italy/DATA/MODEL.MRG,30720000,30892032,172032,0,0,outside_catalogued_loads_not_proven_code_or_data
game/italy/DATA/MODEL.MRG,30982144,31088640,106496,0,0,outside_catalogued_loads_not_proven_code_or_data
game/italy/DATA/MODEL.MRG,31285248,31457280,172032,0,0,outside_catalogued_loads_not_proven_code_or_data
game/italy/DATA/MODEL.MRG,31547392,31653888,106496,0,0,outside_catalogued_loads_not_proven_code_or_data
game/italy/DATA/MODEL.MRG,31850496,32022528,172032,0,0,outside_catalogued_loads_not_proven_code_or_data
game/italy/DATA/MODEL.MRG,32112640,32219136,106496,0,0,outside_catalogued_loads_not_proven_code_or_data
game/italy/DATA/MODEL.MRG,32415744,32587776,172032,0,0,outside_catalogued_loads_not_proven_code_or_data
game/italy/DATA/MODEL.MRG,32677888,32784384,106496,0,0,outside_catalogued_loads_not_proven_code_or_data
game/italy/DATA/MODEL.MRG,32980992,33153024,172032,0,0,outside_catalogued_loads_not_proven_code_or_data
game/italy/DATA/MODEL.MRG,33243136,33349632,106496,0,0,outside_catalogued_loads_not_proven_code_or_data
game/italy/DATA/MODEL.MRG,33546240,33718272,172032,0,0,outside_catalogued_loads_not_proven_code_or_data
game/italy/DATA/MODEL.MRG,33808384,33914880,106496,0,0,outside_catalogued_loads_not_proven_code_or_data
game/italy/DATA/MODEL.MRG,34111488,34283520,172032,0,0,outside_catalogued_loads_not_proven_code_or_data
game/italy/DATA/MODEL.MRG,34373632,34480128,106496,0,0,outside_catalogued_loads_not_proven_code_or_data
game/italy/DATA/MODEL.MRG,34676736,34848768,172032,0,0,outside_catalogued_loads_not_proven_code_or_data
game/italy/DATA/MODEL.MRG,34938880,35045376,106496,2,2,outside_catalogued_loads_not_proven_code_or_data
game/italy/DATA/MODEL.MRG,35241984,35414016,172032,0,0,outside_catalogued_loads_not_proven_code_or_data
game/italy/DATA/MODEL.MRG,35504128,35610624,106496,0,0,outside_catalogued_loads_not_proven_code_or_data
game/italy/DATA/MODEL.MRG,35807232,35979264,172032,0,0,outside_catalogued_loads_not_proven_code_or_data
game/italy/DATA/MODEL.MRG,36069376,36175872,106496,0,0,outside_catalogued_loads_not_proven_code_or_data
game/italy/DATA/MODEL.MRG,36372480,36544512,172032,0,0,outside_catalogued_loads_not_proven_code_or_data
game/italy/DATA/MODEL.MRG,36634624,36741120,106496,0,0,outside_catalogued_loads_not_proven_code_or_data
game/italy/DATA/MODEL.MRG,36937728,37109760,172032,0,0,outside_catalogued_loads_not_proven_code_or_data
game/italy/DATA/MODEL.MRG,37199872,37306368,106496,0,2,outside_catalogued_loads_not_proven_code_or_data
game/italy/DATA/MODEL.MRG,37502976,37675008,172032,0,0,outside_catalogued_loads_not_proven_code_or_data
game/italy/DATA/MODEL.MRG,37765120,37871616,106496,0,0,outside_catalogued_loads_not_proven_code_or_data
game/italy/DATA/MODEL.MRG,38068224,38240256,172032,0,0,outside_catalogued_loads_not_proven_code_or_data
game/italy/DATA/MODEL.MRG,38330368,38436864,106496,0,0,outside_catalogued_loads_not_proven_code_or_data
game/italy/DATA/MODEL.MRG,38633472,38805504,172032,0,0,outside_catalogued_loads_not_proven_code_or_data
game/italy/DATA/MODEL.MRG,38895616,39002112,106496,0,0,outside_catalogued_loads_not_proven_code_or_data
game/italy/DATA/MODEL.MRG,39198720,39370752,172032,0,0,outside_catalogued_loads_not_proven_code_or_data
game/italy/DATA/MODEL.MRG,39460864,39567360,106496,0,0,outside_catalogued_loads_not_proven_code_or_data
game/italy/DATA/MODEL.MRG,39763968,39936000,172032,0,0,outside_catalogued_loads_not_proven_code_or_data
game/italy/DATA/MODEL.MRG,40026112,40132608,106496,0,0,outside_catalogued_loads_not_proven_code_or_data
game/italy/DATA/MODEL.MRG,40329216,40501248,172032,0,0,outside_catalogued_loads_not_proven_code_or_data
game/italy/DATA/MODEL.MRG,40591360,40697856,106496,0,0,outside_catalogued_loads_not_proven_code_or_data
game/italy/DATA/MODEL.MRG,40894464,41066496,172032,0,0,outside_catalogued_loads_not_proven_code_or_data
game/italy/DATA/MODEL.MRG,41156608,41263104,106496,0,0,outside_catalogued_loads_not_proven_code_or_data
game/italy/DATA/MODEL.MRG,41459712,41631744,172032,0,0,outside_catalogued_loads_not_proven_code_or_data
game/italy/DATA/MODEL.MRG,41721856,41828352,106496,0,0,outside_catalogued_loads_not_proven_code_or_data
game/italy/DATA/MODEL.MRG,42024960,42196992,172032,0,0,outside_catalogued_loads_not_proven_code_or_data
game/italy/DATA/MODEL.MRG,42287104,42393600,106496,0,0,outside_catalogued_loads_not_proven_code_or_data
game/italy/DATA/MODEL.MRG,42590208,42762240,172032,0,0,outside_catalogued_loads_not_proven_code_or_data
game/italy/DATA/MODEL.MRG,42852352,42958848,106496,5,4,outside_catalogued_loads_not_proven_code_or_data
game/italy/DATA/MODEL.MRG,43155456,43327488,172032,0,0,outside_catalogued_loads_not_proven_code_or_data
game/italy/DATA/MODEL.MRG,43417600,43524096,106496,0,0,outside_catalogued_loads_not_proven_code_or_data
game/italy/DATA/MODEL.MRG,43720704,43892736,172032,0,0,outside_catalogued_loads_not_proven_code_or_data
game/italy/DATA/MODEL.MRG,43982848,44089344,106496,0,0,outside_catalogued_loads_not_proven_code_or_data
game/italy/DATA/MODEL.MRG,44285952,44457984,172032,0,0,outside_catalogued_loads_not_proven_code_or_data
game/italy/DATA/MODEL.MRG,44548096,44654592,106496,0,0,outside_catalogued_loads_not_proven_code_or_data
game/italy/DATA/MODEL.MRG,44851200,45023232,172032,0,0,outside_catalogued_loads_not_proven_code_or_data
game/italy/DATA/MODEL.MRG,45113344,45219840,106496,0,0,outside_catalogued_loads_not_proven_code_or_data
game/italy/DATA/MODEL.MRG,45416448,45588480,172032,0,0,outside_catalogued_loads_not_proven_code_or_data
game/italy/DATA/MODEL.MRG,45678592,45785088,106496,0,0,outside_catalogued_loads_not_proven_code_or_data
game/italy/DATA/MODEL.MRG,45981696,46153728,172032,0,0,outside_catalogued_loads_not_proven_code_or_data
game/italy/DATA/MODEL.MRG,46243840,46350336,106496,0,0,outside_catalogued_loads_not_proven_code_or_data
game/italy/DATA/MODEL.MRG,46546944,46718976,172032,0,0,outside_catalogued_loads_not_proven_code_or_data
game/italy/DATA/MODEL.MRG,46809088,46915584,106496,0,0,outside_catalogued_loads_not_proven_code_or_data
game/italy/DATA/MODEL.MRG,47112192,47284224,172032,0,0,outside_catalogued_loads_not_proven_code_or_data
game/italy/DATA/MODEL.MRG,47374336,47480832,106496,0,0,outside_catalogued_loads_not_proven_code_or_data
game/italy/DATA/MODEL.MRG,47677440,47849472,172032,0,0,outside_catalogued_loads_not_proven_code_or_data
game/italy/DATA/MODEL.MRG,47939584,48046080,106496,1,0,outside_catalogued_loads_not_proven_code_or_data
game/italy/DATA/MODEL.MRG,48242688,48414720,172032,0,0,outside_catalogued_loads_not_proven_code_or_data
game/italy/DATA/MODEL.MRG,48504832,48611328,106496,0,0,outside_catalogued_loads_not_proven_code_or_data
game/italy/DATA/MODEL.MRG,48807936,48979968,172032,0,0,outside_catalogued_loads_not_proven_code_or_data
game/italy/DATA/MODEL.MRG,49070080,49176576,106496,0,0,outside_catalogued_loads_not_proven_code_or_data
game/italy/DATA/MODEL.MRG,49373184,49545216,172032,0,0,outside_catalogued_loads_not_proven_code_or_data
game/italy/DATA/MODEL.MRG,49635328,49741824,106496,0,0,outside_catalogued_loads_not_proven_code_or_data
game/italy/DATA/MODEL.MRG,49938432,50110464,172032,0,0,outside_catalogued_loads_not_proven_code_or_data
game/italy/DATA/MODEL.MRG,50200576,50307072,106496,0,0,outside_catalogued_loads_not_proven_code_or_data
game/italy/DATA/MODEL.MRG,50503680,50675712,172032,0,0,outside_catalogued_loads_not_proven_code_or_data
game/italy/DATA/MODEL.MRG,50765824,50872320,106496,1,0,outside_catalogued_loads_not_proven_code_or_data
game/italy/DATA/MODEL.MRG,51068928,51240960,172032,0,0,outside_catalogued_loads_not_proven_code_or_data
game/italy/DATA/MODEL.MRG,51331072,51437568,106496,0,0,outside_catalogued_loads_not_proven_code_or_data
game/italy/DATA/MODEL.MRG,51634176,51806208,172032,0,0,outside_catalogued_loads_not_proven_code_or_data
game/italy/DATA/MODEL.MRG,51896320,52002816,106496,0,0,outside_catalogued_loads_not_proven_code_or_data
game/italy/DATA/MODEL.MRG,52199424,52371456,172032,0,0,outside_catalogued_loads_not_proven_code_or_data
game/italy/DATA/MODEL.MRG,52461568,52568064,106496,0,0,outside_catalogued_loads_not_proven_code_or_data
game/italy/DATA/MODEL.MRG,52764672,52936704,172032,0,0,outside_catalogued_loads_not_proven_code_or_data
game/italy/DATA/MODEL.MRG,53026816,53133312,106496,1,6,outside_catalogued_loads_not_proven_code_or_data
game/italy/DATA/MODEL.MRG,53329920,53501952,172032,0,0,outside_catalogued_loads_not_proven_code_or_data
game/italy/DATA/MODEL.MRG,53592064,53698560,106496,0,0,outside_catalogued_loads_not_proven_code_or_data
game/italy/DATA/MODEL.MRG,53895168,54067200,172032,0,0,outside_catalogued_loads_not_proven_code_or_data
game/italy/DATA/MODEL.MRG,54157312,54263808,106496,0,0,outside_catalogued_loads_not_proven_code_or_data
game/italy/DATA/MODEL.MRG,54460416,54632448,172032,0,0,outside_catalogued_loads_not_proven_code_or_data
game/italy/DATA/MODEL.MRG,54722560,54829056,106496,0,0,outside_catalogued_loads_not_proven_code_or_data
game/italy/DATA/MODEL.MRG,55025664,55197696,172032,0,0,outside_catalogued_loads_not_proven_code_or_data
game/italy/DATA/MODEL.MRG,55287808,55394304,106496,0,0,outside_catalogued_loads_not_proven_code_or_data
game/italy/DATA/MODEL.MRG,55590912,55762944,172032,0,0,outside_catalogued_loads_not_proven_code_or_data
game/italy/DATA/MODEL.MRG,55853056,55959552,106496,2,2,outside_catalogued_loads_not_proven_code_or_data
game/italy/DATA/MODEL.MRG,56156160,56328192,172032,0,0,outside_catalogued_loads_not_proven_code_or_data
game/italy/DATA/MODEL.MRG,56418304,56524800,106496,0,0,outside_catalogued_loads_not_proven_code_or_data
game/italy/DATA/MODEL.MRG,56721408,56893440,172032,0,0,outside_catalogued_loads_not_proven_code_or_data
game/italy/DATA/MODEL.MRG,56983552,57090048,106496,0,0,outside_catalogued_loads_not_proven_code_or_data
game/italy/DATA/MODEL.MRG,57286656,57458688,172032,0,0,outside_catalogued_loads_not_proven_code_or_data
game/italy/DATA/MODEL.MRG,57548800,57655296,106496,0,0,outside_catalogued_loads_not_proven_code_or_data
game/italy/DATA/MODEL.MRG,57851904,58023936,172032,0,0,outside_catalogued_loads_not_proven_code_or_data
game/italy/DATA/MODEL.MRG,58114048,58220544,106496,2,4,outside_catalogued_loads_not_proven_code_or_data
game/italy/DATA/MODEL.MRG,58417152,58589184,172032,0,0,outside_catalogued_loads_not_proven_code_or_data
game/italy/DATA/MODEL.MRG,58679296,58785792,106496,0,0,outside_catalogued_loads_not_proven_code_or_data
game/italy/DATA/MODEL.MRG,58982400,59154432,172032,0,0,outside_catalogued_loads_not_proven_code_or_data
game/italy/DATA/MODEL.MRG,59244544,59351040,106496,0,0,outside_catalogued_loads_not_proven_code_or_data
game/italy/DATA/MODEL.MRG,59547648,59719680,172032,0,0,outside_catalogued_loads_not_proven_code_or_data
game/italy/DATA/MODEL.MRG,59809792,59916288,106496,0,0,outside_catalogued_loads_not_proven_code_or_data
game/italy/DATA/MODEL.MRG,60112896,60284928,172032,0,0,outside_catalogued_loads_not_proven_code_or_data
game/italy/DATA/MODEL.MRG,60375040,60481536,106496,0,0,outside_catalogued_loads_not_proven_code_or_data
game/italy/DATA/MODEL.MRG,60678144,60850176,172032,0,0,outside_catalogued_loads_not_proven_code_or_data
game/italy/DATA/MODEL.MRG,60940288,61046784,106496,0,0,outside_catalogued_loads_not_proven_code_or_data
game/italy/DATA/MODEL.MRG,61243392,61415424,172032,0,0,outside_catalogued_loads_not_proven_code_or_data
game/italy/DATA/MODEL.MRG,61505536,61612032,106496,0,0,outside_catalogued_loads_not_proven_code_or_data
game/italy/DATA/MODEL.MRG,61808640,61980672,172032,0,0,outside_catalogued_loads_not_proven_code_or_data
game/italy/DATA/MODEL.MRG,62070784,62177280,106496,0,0,outside_catalogued_loads_not_proven_code_or_data
game/italy/DATA/MODEL.MRG,62373888,62545920,172032,0,0,outside_catalogued_loads_not_proven_code_or_data
game/italy/DATA/MODEL.MRG,62636032,62742528,106496,0,0,outside_catalogued_loads_not_proven_code_or_data
game/italy/DATA/MODEL.MRG,62939136,63111168,172032,0,0,outside_catalogued_loads_not_proven_code_or_data
game/italy/DATA/MODEL.MRG,63201280,63307776,106496,0,0,outside_catalogued_loads_not_proven_code_or_data
game/italy/DATA/MODEL.MRG,63504384,63676416,172032,0,0,outside_catalogued_loads_not_proven_code_or_data
game/italy/DATA/MODEL.MRG,63766528,63873024,106496,14,13,outside_catalogued_loads_not_proven_code_or_data
game/italy/DATA/MODEL.MRG,64069632,64241664,172032,0,0,outside_catalogued_loads_not_proven_code_or_data
game/italy/DATA/MODEL.MRG,64331776,64438272,106496,0,0,outside_catalogued_loads_not_proven_code_or_data
game/italy/DATA/MODEL.MRG,64634880,64806912,172032,0,0,outside_catalogued_loads_not_proven_code_or_data
game/italy/DATA/MODEL.MRG,64897024,65003520,106496,0,0,outside_catalogued_loads_not_proven_code_or_data
game/italy/DATA/MODEL.MRG,65200128,65372160,172032,0,0,outside_catalogued_loads_not_proven_code_or_data
game/italy/DATA/MODEL.MRG,65462272,65568768,106496,0,0,outside_catalogued_loads_not_proven_code_or_data
game/italy/DATA/MODEL.MRG,65765376,65937408,172032,0,0,outside_catalogued_loads_not_proven_code_or_data
game/italy/DATA/MODEL.MRG,66027520,66134016,106496,0,0,outside_catalogued_loads_not_proven_code_or_data
game/italy/DATA/MODEL.MRG,66330624,66502656,172032,0,0,outside_catalogued_loads_not_proven_code_or_data
game/italy/DATA/MODEL.MRG,66592768,66699264,106496,0,0,outside_catalogued_loads_not_proven_code_or_data
game/italy/DATA/MODEL.MRG,66895872,67067904,172032,0,0,outside_catalogued_loads_not_proven_code_or_data
game/italy/DATA/MODEL.MRG,67158016,67264512,106496,0,0,outside_catalogued_loads_not_proven_code_or_data
game/italy/DATA/MODEL.MRG,67461120,67633152,172032,0,0,outside_catalogued_loads_not_proven_code_or_data
game/italy/DATA/MODEL.MRG,67723264,67829760,106496,0,0,outside_catalogued_loads_not_proven_code_or_data
game/italy/DATA/MODEL.MRG,68026368,68198400,172032,0,0,outside_catalogued_loads_not_proven_code_or_data
game/italy/DATA/MODEL.MRG,68288512,68395008,106496,0,0,outside_catalogued_loads_not_proven_code_or_data
game/italy/DATA/MODEL.MRG,68591616,68763648,172032,0,0,outside_catalogued_loads_not_proven_code_or_data
game/italy/DATA/MODEL.MRG,68853760,68960256,106496,0,4,outside_catalogued_loads_not_proven_code_or_data
game/italy/DATA/MODEL.MRG,69156864,69328896,172032,0,0,outside_catalogued_loads_not_proven_code_or_data
game/italy/DATA/MODEL.MRG,69419008,69525504,106496,0,0,outside_catalogued_loads_not_proven_code_or_data
game/italy/DATA/MODEL.MRG,69722112,69894144,172032,0,0,outside_catalogued_loads_not_proven_code_or_data
game/italy/DATA/MODEL.MRG,69984256,70090752,106496,0,0,outside_catalogued_loads_not_proven_code_or_data
game/italy/DATA/MODEL.MRG,70287360,70459392,172032,0,0,outside_catalogued_loads_not_proven_code_or_data
game/italy/DATA/MODEL.MRG,70549504,70656000,106496,0,0,outside_catalogued_loads_not_proven_code_or_data
game/italy/DATA/MODEL.MRG,70852608,71024640,172032,0,0,outside_catalogued_loads_not_proven_code_or_data
game/italy/DATA/MODEL.MRG,71114752,71221248,106496,0,0,outside_catalogued_loads_not_proven_code_or_data
game/italy/DATA/MODEL.MRG,71417856,71589888,172032,0,0,outside_catalogued_loads_not_proven_code_or_data
game/italy/DATA/MODEL.MRG,71680000,71786496,106496,3,3,outside_catalogued_loads_not_proven_code_or_data
game/italy/DATA/MODEL.MRG,71983104,72155136,172032,0,0,outside_catalogued_loads_not_proven_code_or_data
game/italy/DATA/MODEL.MRG,72245248,72351744,106496,0,0,outside_catalogued_loads_not_proven_code_or_data
game/italy/DATA/MODEL.MRG,72548352,72720384,172032,0,0,outside_catalogued_loads_not_proven_code_or_data
game/italy/DATA/MODEL.MRG,72810496,72916992,106496,0,0,outside_catalogued_loads_not_proven_code_or_data
game/italy/DATA/MODEL.MRG,73113600,73285632,172032,0,0,outside_catalogued_loads_not_proven_code_or_data
game/italy/DATA/MODEL.MRG,73375744,73482240,106496,0,0,outside_catalogued_loads_not_proven_code_or_data
game/italy/DATA/MODEL.MRG,73678848,73850880,172032,0,0,outside_catalogued_loads_not_proven_code_or_data
game/italy/DATA/MODEL.MRG,73940992,74047488,106496,0,0,outside_catalogued_loads_not_proven_code_or_data
game/italy/DATA/MODEL.MRG,74244096,74416128,172032,0,0,outside_catalogued_loads_not_proven_code_or_data
game/italy/DATA/MODEL.MRG,74506240,74612736,106496,2,1,outside_catalogued_loads_not_proven_code_or_data
game/italy/DATA/MODEL.MRG,74809344,74981376,172032,0,0,outside_catalogued_loads_not_proven_code_or_data
game/italy/DATA/MODEL.MRG,75071488,75177984,106496,0,0,outside_catalogued_loads_not_proven_code_or_data
game/italy/DATA/MODEL.MRG,75374592,75546624,172032,0,0,outside_catalogued_loads_not_proven_code_or_data
game/italy/DATA/MODEL.MRG,75636736,75743232,106496,0,0,outside_catalogued_loads_not_proven_code_or_data
game/italy/DATA/MODEL.MRG,75939840,76111872,172032,0,0,outside_catalogued_loads_not_proven_code_or_data
game/italy/DATA/MODEL.MRG,76201984,76308480,106496,0,0,outside_catalogued_loads_not_proven_code_or_data
game/italy/DATA/MODEL.MRG,76505088,76677120,172032,0,0,outside_catalogued_loads_not_proven_code_or_data
game/italy/DATA/MODEL.MRG,76767232,76873728,106496,0,0,outside_catalogued_loads_not_proven_code_or_data
game/italy/DATA/MODEL.MRG,77070336,77242368,172032,0,0,outside_catalogued_loads_not_proven_code_or_data
game/italy/DATA/MODEL.MRG,77332480,77438976,106496,0,0,outside_catalogued_loads_not_proven_code_or_data
game/italy/DATA/MODEL.MRG,77635584,77807616,172032,0,0,outside_catalogued_loads_not_proven_code_or_data
game/italy/DATA/MODEL.MRG,77897728,78004224,106496,0,0,outside_catalogued_loads_not_proven_code_or_data
game/italy/DATA/MODEL.MRG,78200832,78372864,172032,0,0,outside_catalogued_loads_not_proven_code_or_data
game/italy/DATA/MODEL.MRG,78462976,78569472,106496,0,0,outside_catalogued_loads_not_proven_code_or_data
game/italy/DATA/MODEL.MRG,78766080,78938112,172032,0,0,outside_catalogued_loads_not_proven_code_or_data
game/italy/DATA/MODEL.MRG,79028224,79134720,106496,0,0,outside_catalogued_loads_not_proven_code_or_data
game/italy/DATA/MODEL.MRG,79331328,79503360,172032,0,0,outside_catalogued_loads_not_proven_code_or_data
game/italy/DATA/MODEL.MRG,79593472,79699968,106496,1,3,outside_catalogued_loads_not_proven_code_or_data
game/italy/DATA/MODEL.MRG,79896576,80068608,172032,0,0,outside_catalogued_loads_not_proven_code_or_data
game/italy/DATA/MODEL.MRG,80158720,80265216,106496,0,0,outside_catalogued_loads_not_proven_code_or_data
game/italy/DATA/MODEL.MRG,80461824,80633856,172032,0,0,outside_catalogued_loads_not_proven_code_or_data
game/italy/DATA/MODEL.MRG,80723968,80830464,106496,0,0,outside_catalogued_loads_not_proven_code_or_data
game/italy/DATA/MODEL.MRG,81027072,81199104,172032,0,0,outside_catalogued_loads_not_proven_code_or_data
game/italy/DATA/MODEL.MRG,81289216,81395712,106496,0,0,outside_catalogued_loads_not_proven_code_or_data
game/italy/DATA/MODEL.MRG,81592320,81764352,172032,0,0,outside_catalogued_loads_not_proven_code_or_data
game/italy/DATA/MODEL.MRG,81854464,81960960,106496,0,0,outside_catalogued_loads_not_proven_code_or_data
game/italy/DATA/MODEL.MRG,82157568,82329600,172032,0,0,outside_catalogued_loads_not_proven_code_or_data
game/italy/DATA/MODEL.MRG,82419712,82526208,106496,6,10,outside_catalogued_loads_not_proven_code_or_data
game/italy/DATA/MODEL.MRG,82722816,82894848,172032,0,0,outside_catalogued_loads_not_proven_code_or_data
game/italy/DATA/MODEL.MRG,82984960,83091456,106496,0,0,outside_catalogued_loads_not_proven_code_or_data
game/italy/DATA/MODEL.MRG,83288064,83460096,172032,0,0,outside_catalogued_loads_not_proven_code_or_data
game/italy/DATA/MODEL.MRG,83550208,83656704,106496,0,0,outside_catalogued_loads_not_proven_code_or_data
game/italy/DATA/MODEL.MRG,83853312,84025344,172032,0,0,outside_catalogued_loads_not_proven_code_or_data
game/italy/DATA/MODEL.MRG,84115456,84221952,106496,0,0,outside_catalogued_loads_not_proven_code_or_data
game/italy/DATA/MODEL.MRG,84418560,84590592,172032,0,0,outside_catalogued_loads_not_proven_code_or_data
game/italy/DATA/MODEL.MRG,84680704,84787200,106496,0,0,outside_catalogued_loads_not_proven_code_or_data
game/italy/DATA/MODEL.MRG,84983808,85155840,172032,0,0,outside_catalogued_loads_not_proven_code_or_data
game/italy/DATA/MODEL.MRG,85245952,85352448,106496,0,0,outside_catalogued_loads_not_proven_code_or_data
game/italy/DATA/MODEL.MRG,85549056,85721088,172032,0,0,outside_catalogued_loads_not_proven_code_or_data
game/italy/DATA/MODEL.MRG,85811200,85917696,106496,0,0,outside_catalogued_loads_not_proven_code_or_data
game/italy/DATA/MODEL.MRG,86114304,86286336,172032,0,0,outside_catalogued_loads_not_proven_code_or_data
game/italy/DATA/MODEL.MRG,86376448,86482944,106496,0,0,outside_catalogued_loads_not_proven_code_or_data
game/italy/DATA/MODEL.MRG,86679552,86851584,172032,0,0,outside_catalogued_loads_not_proven_code_or_data
game/italy/DATA/MODEL.MRG,86941696,87048192,106496,0,0,outside_catalogued_loads_not_proven_code_or_data
game/italy/DATA/MODEL.MRG,87244800,87416832,172032,0,0,outside_catalogued_loads_not_proven_code_or_data
game/italy/DATA/MODEL.MRG,87506944,87613440,106496,0,0,outside_catalogued_loads_not_proven_code_or_data
game/italy/DATA/MODEL.MRG,87810048,87982080,172032,0,0,outside_catalogued_loads_not_proven_code_or_data
game/italy/DATA/MODEL.MRG,88072192,88178688,106496,2,3,outside_catalogued_loads_not_proven_code_or_data
game/italy/DATA/MODEL.MRG,88375296,88547328,172032,0,0,outside_catalogued_loads_not_proven_code_or_data
game/italy/DATA/MODEL.MRG,88637440,88743936,106496,0,0,outside_catalogued_loads_not_proven_code_or_data
game/italy/DATA/MODEL.MRG,88940544,89112576,172032,0,0,outside_catalogued_loads_not_proven_code_or_data
game/italy/DATA/MODEL.MRG,89202688,89309184,106496,0,0,outside_catalogued_loads_not_proven_code_or_data
game/italy/DATA/MODEL.MRG,89505792,89677824,172032,0,0,outside_catalogued_loads_not_proven_code_or_data
game/italy/DATA/MODEL.MRG,89767936,89874432,106496,0,0,outside_catalogued_loads_not_proven_code_or_data
game/italy/DATA/MODEL.MRG,90071040,90243072,172032,0,0,outside_catalogued_loads_not_proven_code_or_data
game/italy/DATA/MODEL.MRG,90333184,90439680,106496,0,0,outside_catalogued_loads_not_proven_code_or_data
game/italy/DATA/MODEL.MRG,90636288,90808320,172032,0,0,outside_catalogued_loads_not_proven_code_or_data
game/italy/DATA/MODEL.MRG,90898432,91004928,106496,0,0,outside_catalogued_loads_not_proven_code_or_data
game/italy/DATA/MODEL.MRG,91201536,91373568,172032,0,0,outside_catalogued_loads_not_proven_code_or_data
game/italy/DATA/MODEL.MRG,91463680,91570176,106496,0,0,outside_catalogued_loads_not_proven_code_or_data
game/italy/DATA/MODEL.MRG,91766784,91938816,172032,0,0,outside_catalogued_loads_not_proven_code_or_data
game/italy/DATA/MODEL.MRG,92028928,92135424,106496,0,0,outside_catalogued_loads_not_proven_code_or_data
game/italy/DATA/MODEL.MRG,92332032,92504064,172032,0,0,outside_catalogued_loads_not_proven_code_or_data
game/italy/DATA/MODEL.MRG,92594176,92700672,106496,0,0,outside_catalogued_loads_not_proven_code_or_data
game/italy/DATA/MODEL.MRG,92897280,93069312,172032,0,0,outside_catalogued_loads_not_proven_code_or_data
game/italy/DATA/MODEL.MRG,93159424,93265920,106496,0,0,outside_catalogued_loads_not_proven_code_or_data
game/italy/DATA/MODEL.MRG,93462528,93634560,172032,0,0,outside_catalogued_loads_not_proven_code_or_data
game/italy/DATA/MODEL.MRG,93724672,93831168,106496,0,0,outside_catalogued_loads_not_proven_code_or_data
game/italy/DATA/MODEL.MRG,94027776,94199808,172032,0,0,outside_catalogued_loads_not_proven_code_or_data
game/italy/DATA/MODEL.MRG,94289920,94396416,106496,0,0,outside_catalogued_loads_not_proven_code_or_data
game/italy/DATA/MODEL.MRG,94593024,94765056,172032,0,0,outside_catalogued_loads_not_proven_code_or_data
game/italy/DATA/MODEL.MRG,94855168,94961664,106496,0,0,outside_catalogued_loads_not_proven_code_or_data
game/italy/DATA/MODEL.MRG,95158272,95330304,172032,0,0,outside_catalogued_loads_not_proven_code_or_data
game/italy/DATA/MODEL.MRG,95420416,95526912,106496,0,0,outside_catalogued_loads_not_proven_code_or_data
game/italy/DATA/MODEL.MRG,95723520,95895552,172032,0,0,outside_catalogued_loads_not_proven_code_or_data
game/italy/DATA/MODEL.MRG,95985664,96092160,106496,0,0,outside_catalogued_loads_not_proven_code_or_data
game/italy/DATA/MODEL.MRG,96288768,96460800,172032,0,0,outside_catalogued_loads_not_proven_code_or_data
game/italy/DATA/MODEL.MRG,96550912,96657408,106496,0,0,outside_catalogued_loads_not_proven_code_or_data
game/italy/DATA/MODEL.MRG,96854016,97026048,172032,0,0,outside_catalogued_loads_not_proven_code_or_data
game/italy/DATA/MODEL.MRG,97116160,97222656,106496,0,0,outside_catalogued_loads_not_proven_code_or_data
game/italy/DATA/MODEL.MRG,97419264,97591296,172032,0,0,outside_catalogued_loads_not_proven_code_or_data
game/italy/DATA/MODEL.MRG,97681408,97787904,106496,0,0,outside_catalogued_loads_not_proven_code_or_data
game/italy/DATA/MODEL.MRG,97984512,98156544,172032,0,0,outside_catalogued_loads_not_proven_code_or_data
game/italy/DATA/MODEL.MRG,98246656,98353152,106496,1,0,outside_catalogued_loads_not_proven_code_or_data
game/italy/DATA/MODEL.MRG,98549760,98721792,172032,0,0,outside_catalogued_loads_not_proven_code_or_data
game/italy/DATA/MODEL.MRG,98811904,98918400,106496,0,0,outside_catalogued_loads_not_proven_code_or_data
game/italy/DATA/MODEL.MRG,99115008,99287040,172032,0,0,outside_catalogued_loads_not_proven_code_or_data
game/italy/DATA/MODEL.MRG,99377152,99483648,106496,0,0,outside_catalogued_loads_not_proven_code_or_data
game/italy/DATA/MODEL.MRG,99680256,99852288,172032,0,0,outside_catalogued_loads_not_proven_code_or_data
game/italy/DATA/MODEL.MRG,99942400,100048896,106496,0,0,outside_catalogued_loads_not_proven_code_or_data
game/italy/DATA/MODEL.MRG,100245504,100417536,172032,0,0,outside_catalogued_loads_not_proven_code_or_data
game/italy/DATA/MODEL.MRG,100507648,100614144,106496,1,4,outside_catalogued_loads_not_proven_code_or_data
game/italy/DATA/MODEL.MRG,100810752,100982784,172032,0,0,outside_catalogued_loads_not_proven_code_or_data
game/italy/DATA/MODEL.MRG,101072896,101179392,106496,0,0,outside_catalogued_loads_not_proven_code_or_data
game/italy/DATA/MODEL.MRG,101376000,101548032,172032,0,0,outside_catalogued_loads_not_proven_code_or_data
game/italy/DATA/MODEL.MRG,101638144,101744640,106496,0,0,outside_catalogued_loads_not_proven_code_or_data
game/italy/DATA/MODEL.MRG,101941248,102113280,172032,0,0,outside_catalogued_loads_not_proven_code_or_data
game/italy/DATA/MODEL.MRG,102203392,102309888,106496,0,0,outside_catalogued_loads_not_proven_code_or_data
game/italy/DATA/MODEL.MRG,102506496,102678528,172032,0,0,outside_catalogued_loads_not_proven_code_or_data
game/italy/DATA/MODEL.MRG,102768640,102875136,106496,0,0,outside_catalogued_loads_not_proven_code_or_data
game/italy/DATA/MODEL.MRG,103071744,103243776,172032,0,0,outside_catalogued_loads_not_proven_code_or_data
game/italy/DATA/MODEL.MRG,103333888,103440384,106496,3,3,outside_catalogued_loads_not_proven_code_or_data
game/italy/DATA/MODEL.MRG,103636992,103809024,172032,0,0,outside_catalogued_loads_not_proven_code_or_data
game/italy/DATA/MODEL.MRG,103899136,104005632,106496,0,0,outside_catalogued_loads_not_proven_code_or_data
game/italy/DATA/MODEL.MRG,104202240,104374272,172032,0,0,outside_catalogued_loads_not_proven_code_or_data
game/italy/DATA/MODEL.MRG,104464384,104570880,106496,0,0,outside_catalogued_loads_not_proven_code_or_data
game/italy/DATA/MODEL.MRG,104767488,104939520,172032,0,0,outside_catalogued_loads_not_proven_code_or_data
game/italy/DATA/MODEL.MRG,105029632,105136128,106496,0,0,outside_catalogued_loads_not_proven_code_or_data
game/italy/DATA/MODEL.MRG,105332736,105504768,172032,0,0,outside_catalogued_loads_not_proven_code_or_data
game/italy/DATA/MODEL.MRG,105594880,105701376,106496,0,0,outside_catalogued_loads_not_proven_code_or_data
game/italy/DATA/MODEL.MRG,105897984,106070016,172032,0,0,outside_catalogued_loads_not_proven_code_or_data
game/italy/DATA/MODEL.MRG,106160128,106266624,106496,0,0,outside_catalogued_loads_not_proven_code_or_data
game/italy/DATA/MODEL.MRG,106463232,106635264,172032,0,0,outside_catalogued_loads_not_proven_code_or_data
game/italy/DATA/MODEL.MRG,106725376,106831872,106496,0,0,outside_catalogued_loads_not_proven_code_or_data
game/italy/DATA/MODEL.MRG,107028480,107200512,172032,0,0,outside_catalogued_loads_not_proven_code_or_data
game/italy/DATA/MODEL.MRG,107290624,107397120,106496,0,0,outside_catalogued_loads_not_proven_code_or_data
game/italy/DATA/MODEL.MRG,107593728,107765760,172032,0,0,outside_catalogued_loads_not_proven_code_or_data
game/italy/DATA/MODEL.MRG,107855872,107962368,106496,0,0,outside_catalogued_loads_not_proven_code_or_data
game/italy/DATA/MODEL.MRG,108158976,108331008,172032,0,0,outside_catalogued_loads_not_proven_code_or_data
game/italy/DATA/MODEL.MRG,108421120,108527616,106496,0,3,outside_catalogued_loads_not_proven_code_or_data
game/italy/DATA/MODEL.MRG,108724224,108896256,172032,0,0,outside_catalogued_loads_not_proven_code_or_data
game/italy/DATA/MODEL.MRG,108986368,109092864,106496,0,0,outside_catalogued_loads_not_proven_code_or_data
game/italy/DATA/MODEL.MRG,109289472,109461504,172032,0,0,outside_catalogued_loads_not_proven_code_or_data
game/italy/DATA/MODEL.MRG,109551616,109658112,106496,0,0,outside_catalogued_loads_not_proven_code_or_data
game/italy/DATA/MODEL.MRG,109854720,110026752,172032,0,0,outside_catalogued_loads_not_proven_code_or_data
game/italy/DATA/MODEL.MRG,110116864,110223360,106496,0,0,outside_catalogued_loads_not_proven_code_or_data
game/italy/DATA/MODEL.MRG,110419968,110592000,172032,0,0,outside_catalogued_loads_not_proven_code_or_data
game/italy/DATA/MODEL.MRG,110682112,110788608,106496,0,0,outside_catalogued_loads_not_proven_code_or_data
game/italy/DATA/MODEL.MRG,110985216,111157248,172032,0,0,outside_catalogued_loads_not_proven_code_or_data
game/italy/DATA/MODEL.MRG,111247360,111353856,106496,1,2,outside_catalogued_loads_not_proven_code_or_data
game/italy/DATA/MODEL.MRG,111550464,111722496,172032,0,0,outside_catalogued_loads_not_proven_code_or_data
game/italy/DATA/MODEL.MRG,111812608,111919104,106496,0,0,outside_catalogued_loads_not_proven_code_or_data
game/italy/DATA/MODEL.MRG,112115712,112287744,172032,0,0,outside_catalogued_loads_not_proven_code_or_data
game/italy/DATA/MODEL.MRG,112377856,112484352,106496,0,0,outside_catalogued_loads_not_proven_code_or_data
game/italy/DATA/MODEL.MRG,112680960,112852992,172032,0,0,outside_catalogued_loads_not_proven_code_or_data
game/italy/DATA/MODEL.MRG,112943104,113049600,106496,0,0,outside_catalogued_loads_not_proven_code_or_data
game/italy/DATA/MODEL.MRG,113246208,113418240,172032,0,0,outside_catalogued_loads_not_proven_code_or_data
game/italy/DATA/MODEL.MRG,113508352,113614848,106496,0,0,outside_catalogued_loads_not_proven_code_or_data
game/italy/DATA/MODEL.MRG,113811456,113983488,172032,0,0,outside_catalogued_loads_not_proven_code_or_data
game/italy/DATA/MODEL.MRG,114073600,114180096,106496,0,0,outside_catalogued_loads_not_proven_code_or_data
game/italy/DATA/MODEL.MRG,114376704,114548736,172032,0,0,outside_catalogued_loads_not_proven_code_or_data
game/italy/DATA/MODEL.MRG,114638848,114745344,106496,0,0,outside_catalogued_loads_not_proven_code_or_data
game/italy/DATA/MODEL.MRG,114941952,115113984,172032,0,0,outside_catalogued_loads_not_proven_code_or_data
game/italy/DATA/MODEL.MRG,115204096,115310592,106496,0,0,outside_catalogued_loads_not_proven_code_or_data
game/italy/DATA/MODEL.MRG,115507200,115679232,172032,0,0,outside_catalogued_loads_not_proven_code_or_data
game/italy/DATA/MODEL.MRG,115769344,115875840,106496,0,0,outside_catalogued_loads_not_proven_code_or_data
game/italy/DATA/MODEL.MRG,116072448,116244480,172032,0,0,outside_catalogued_loads_not_proven_code_or_data
game/italy/DATA/MODEL.MRG,116334592,116441088,106496,0,1,outside_catalogued_loads_not_proven_code_or_data
game/italy/DATA/MODEL.MRG,116637696,116809728,172032,0,0,outside_catalogued_loads_not_proven_code_or_data
game/italy/DATA/MODEL.MRG,116899840,117006336,106496,0,0,outside_catalogued_loads_not_proven_code_or_data
game/italy/DATA/MODEL.MRG,117202944,117374976,172032,0,0,outside_catalogued_loads_not_proven_code_or_data
game/italy/DATA/MODEL.MRG,117465088,117571584,106496,0,0,outside_catalogued_loads_not_proven_code_or_data
game/italy/DATA/MODEL.MRG,117768192,117940224,172032,0,0,outside_catalogued_loads_not_proven_code_or_data
game/italy/DATA/MODEL.MRG,118030336,118136832,106496,0,0,outside_catalogued_loads_not_proven_code_or_data
game/italy/DATA/MODEL.MRG,118333440,118505472,172032,0,0,outside_catalogued_loads_not_proven_code_or_data
game/italy/DATA/MODEL.MRG,118595584,118702080,106496,0,0,outside_catalogued_loads_not_proven_code_or_data
game/italy/DATA/MODEL.MRG,118898688,119070720,172032,0,0,outside_catalogued_loads_not_proven_code_or_data
game/italy/DATA/MODEL.MRG,119160832,119267328,106496,1,1,outside_catalogued_loads_not_proven_code_or_data
game/italy/DATA/MODEL.MRG,119463936,119635968,172032,0,0,outside_catalogued_loads_not_proven_code_or_data
game/italy/DATA/MODEL.MRG,119726080,119832576,106496,0,0,outside_catalogued_loads_not_proven_code_or_data
game/italy/DATA/MODEL.MRG,120029184,120201216,172032,0,0,outside_catalogued_loads_not_proven_code_or_data
game/italy/DATA/MODEL.MRG,120291328,120397824,106496,0,0,outside_catalogued_loads_not_proven_code_or_data
game/italy/DATA/MODEL.MRG,120594432,120766464,172032,0,0,outside_catalogued_loads_not_proven_code_or_data
game/italy/DATA/MODEL.MRG,120856576,120963072,106496,0,0,outside_catalogued_loads_not_proven_code_or_data
game/italy/DATA/MODEL.MRG,121159680,121331712,172032,0,0,outside_catalogued_loads_not_proven_code_or_data
game/italy/DATA/MODEL.MRG,121421824,121528320,106496,0,0,outside_catalogued_loads_not_proven_code_or_data
game/italy/DATA/MODEL.MRG,121724928,121896960,172032,0,0,outside_catalogued_loads_not_proven_code_or_data
game/italy/DATA/MODEL.MRG,121987072,122093568,106496,0,0,outside_catalogued_loads_not_proven_code_or_data
game/italy/DATA/MODEL.MRG,122290176,122462208,172032,0,0,outside_catalogued_loads_not_proven_code_or_data
game/italy/DATA/MODEL.MRG,122552320,122658816,106496,0,0,outside_catalogued_loads_not_proven_code_or_data
game/italy/DATA/MODEL.MRG,122855424,123027456,172032,0,0,outside_catalogued_loads_not_proven_code_or_data
game/italy/DATA/MODEL.MRG,123117568,123224064,106496,0,0,outside_catalogued_loads_not_proven_code_or_data
game/italy/DATA/MODEL.MRG,123420672,123592704,172032,0,0,outside_catalogued_loads_not_proven_code_or_data
game/italy/DATA/MODEL.MRG,123682816,123789312,106496,0,0,outside_catalogued_loads_not_proven_code_or_data
game/italy/DATA/MODEL.MRG,123985920,124157952,172032,0,0,outside_catalogued_loads_not_proven_code_or_data
game/italy/DATA/MODEL.MRG,124248064,124354560,106496,0,1,outside_catalogued_loads_not_proven_code_or_data
game/italy/DATA/MODEL.MRG,124551168,124723200,172032,0,0,outside_catalogued_loads_not_proven_code_or_data
game/italy/DATA/MODEL.MRG,124813312,124919808,106496,0,0,outside_catalogued_loads_not_proven_code_or_data
game/italy/DATA/MODEL.MRG,125116416,125288448,172032,0,0,outside_catalogued_loads_not_proven_code_or_data
game/italy/DATA/MODEL.MRG,125378560,125485056,106496,0,0,outside_catalogued_loads_not_proven_code_or_data
game/italy/DATA/MODEL.MRG,125681664,125853696,172032,0,0,outside_catalogued_loads_not_proven_code_or_data
game/italy/DATA/MODEL.MRG,125943808,126050304,106496,0,0,outside_catalogued_loads_not_proven_code_or_data
game/italy/DATA/MODEL.MRG,126246912,126418944,172032,0,0,outside_catalogued_loads_not_proven_code_or_data
game/italy/DATA/MODEL.MRG,126509056,126615552,106496,0,0,outside_catalogued_loads_not_proven_code_or_data
game/italy/DATA/MODEL.MRG,126812160,126984192,172032,0,0,outside_catalogued_loads_not_proven_code_or_data
game/italy/DATA/MODEL.MRG,127074304,127180800,106496,0,0,outside_catalogued_loads_not_proven_code_or_data
game/italy/DATA/MODEL.MRG,127377408,127549440,172032,0,0,outside_catalogued_loads_not_proven_code_or_data
game/italy/DATA/MODEL.MRG,127639552,127746048,106496,0,0,outside_catalogued_loads_not_proven_code_or_data
game/italy/DATA/MODEL.MRG,127942656,128114688,172032,0,0,outside_catalogued_loads_not_proven_code_or_data
game/italy/DATA/MODEL.MRG,128204800,128311296,106496,0,0,outside_catalogued_loads_not_proven_code_or_data
game/italy/DATA/MODEL.MRG,128507904,128679936,172032,0,0,outside_catalogued_loads_not_proven_code_or_data
game/italy/DATA/MODEL.MRG,128770048,128876544,106496,0,0,outside_catalogued_loads_not_proven_code_or_data
game/italy/DATA/MODEL.MRG,129073152,129245184,172032,0,0,outside_catalogued_loads_not_proven_code_or_data
game/italy/DATA/MODEL.MRG,129335296,129441792,106496,1,4,outside_catalogued_loads_not_proven_code_or_data
game/italy/DATA/MODEL.MRG,129638400,129810432,172032,0,0,outside_catalogued_loads_not_proven_code_or_data
game/italy/DATA/MODEL.MRG,129900544,130007040,106496,0,0,outside_catalogued_loads_not_proven_code_or_data
game/italy/DATA/MODEL.MRG,130203648,130375680,172032,0,0,outside_catalogued_loads_not_proven_code_or_data
game/italy/DATA/MODEL.MRG,130465792,130572288,106496,0,0,outside_catalogued_loads_not_proven_code_or_data
game/italy/DATA/MODEL.MRG,130768896,130940928,172032,0,0,outside_catalogued_loads_not_proven_code_or_data
game/italy/DATA/MODEL.MRG,131031040,131137536,106496,0,0,outside_catalogued_loads_not_proven_code_or_data
game/italy/DATA/MODEL.MRG,131334144,131506176,172032,0,0,outside_catalogued_loads_not_proven_code_or_data
game/italy/DATA/MODEL.MRG,131596288,131702784,106496,0,0,outside_catalogued_loads_not_proven_code_or_data
game/italy/DATA/MODEL.MRG,131899392,132071424,172032,0,0,outside_catalogued_loads_not_proven_code_or_data
game/italy/DATA/MODEL.MRG,132161536,132268032,106496,2,2,outside_catalogued_loads_not_proven_code_or_data
game/italy/DATA/MODEL.MRG,132464640,132636672,172032,0,0,outside_catalogued_loads_not_proven_code_or_data
game/italy/DATA/MODEL.MRG,132726784,132833280,106496,0,0,outside_catalogued_loads_not_proven_code_or_data
game/italy/DATA/MODEL.MRG,133029888,133201920,172032,0,0,outside_catalogued_loads_not_proven_code_or_data
game/italy/DATA/MODEL.MRG,133292032,133398528,106496,0,0,outside_catalogued_loads_not_proven_code_or_data
game/italy/DATA/MODEL.MRG,133595136,133767168,172032,0,0,outside_catalogued_loads_not_proven_code_or_data
game/italy/DATA/MODEL.MRG,133857280,133963776,106496,0,0,outside_catalogued_loads_not_proven_code_or_data
game/italy/DATA/MODEL.MRG,134160384,134332416,172032,0,0,outside_catalogued_loads_not_proven_code_or_data
game/italy/DATA/MODEL.MRG,134422528,134529024,106496,8,13,outside_catalogued_loads_not_proven_code_or_data
game/italy/DATA/MODEL.MRG,134725632,134897664,172032,0,0,outside_catalogued_loads_not_proven_code_or_data
game/italy/DATA/MODEL.MRG,134987776,135094272,106496,0,0,outside_catalogued_loads_not_proven_code_or_data
game/italy/DATA/MODEL.MRG,135290880,135462912,172032,0,0,outside_catalogued_loads_not_proven_code_or_data
game/italy/DATA/MODEL.MRG,135553024,135659520,106496,0,0,outside_catalogued_loads_not_proven_code_or_data
game/italy/DATA/MODEL.MRG,135856128,136028160,172032,0,0,outside_catalogued_loads_not_proven_code_or_data
game/italy/DATA/MODEL.MRG,136118272,136224768,106496,1,1,outside_catalogued_loads_not_proven_code_or_data
game/italy/DATA/MODEL.MRG,136421376,136593408,172032,0,0,outside_catalogued_loads_not_proven_code_or_data
game/italy/DATA/MODEL.MRG,136683520,136790016,106496,0,0,outside_catalogued_loads_not_proven_code_or_data
game/italy/DATA/MODEL.MRG,136986624,137158656,172032,0,0,outside_catalogued_loads_not_proven_code_or_data
game/italy/DATA/MODEL.MRG,137248768,137355264,106496,6,5,outside_catalogued_loads_not_proven_code_or_data
game/italy/DATA/MODEL.MRG,137551872,137723904,172032,0,0,outside_catalogued_loads_not_proven_code_or_data
game/italy/DATA/MODEL.MRG,137814016,137920512,106496,0,0,outside_catalogued_loads_not_proven_code_or_data
game/italy/DATA/MODEL.MRG,138117120,138289152,172032,0,0,outside_catalogued_loads_not_proven_code_or_data
game/italy/DATA/MODEL.MRG,138379264,138485760,106496,0,0,outside_catalogued_loads_not_proven_code_or_data
game/italy/DATA/MODEL.MRG,138682368,138854400,172032,0,0,outside_catalogued_loads_not_proven_code_or_data
game/italy/DATA/MODEL.MRG,138944512,139051008,106496,0,2,outside_catalogued_loads_not_proven_code_or_data
game/italy/DATA/MODEL.MRG,139247616,139419648,172032,0,0,outside_catalogued_loads_not_proven_code_or_data
game/italy/DATA/MODEL.MRG,139509760,139616256,106496,0,0,outside_catalogued_loads_not_proven_code_or_data
game/italy/DATA/MODEL.MRG,139812864,139984896,172032,0,0,outside_catalogued_loads_not_proven_code_or_data
game/italy/DATA/MODEL.MRG,140075008,140181504,106496,0,0,outside_catalogued_loads_not_proven_code_or_data
game/italy/DATA/MODEL.MRG,140378112,140550144,172032,0,0,outside_catalogued_loads_not_proven_code_or_data
game/italy/DATA/MODEL.MRG,140640256,140746752,106496,0,0,outside_catalogued_loads_not_proven_code_or_data
game/italy/DATA/MODEL.MRG,140943360,141115392,172032,0,0,outside_catalogued_loads_not_proven_code_or_data
game/italy/DATA/MODEL.MRG,141205504,141312000,106496,0,0,outside_catalogued_loads_not_proven_code_or_data
game/italy/DATA/MODEL.MRG,141508608,141680640,172032,0,0,outside_catalogued_loads_not_proven_code_or_data
game/italy/DATA/MODEL.MRG,141770752,141877248,106496,0,0,outside_catalogued_loads_not_proven_code_or_data
game/italy/DATA/MODEL.MRG,142073856,142245888,172032,0,0,outside_catalogued_loads_not_proven_code_or_data
game/italy/DATA/MODEL.MRG,142336000,142442496,106496,3,5,outside_catalogued_loads_not_proven_code_or_data
game/italy/DATA/MODEL.MRG,142639104,142811136,172032,0,0,outside_catalogued_loads_not_proven_code_or_data
game/italy/DATA/MODEL.MRG,142901248,143007744,106496,0,0,outside_catalogued_loads_not_proven_code_or_data
game/italy/DATA/MODEL.MRG,143204352,143376384,172032,0,0,outside_catalogued_loads_not_proven_code_or_data
game/italy/DATA/MODEL.MRG,143466496,143572992,106496,0,0,outside_catalogued_loads_not_proven_code_or_data
game/italy/DATA/MODEL.MRG,143769600,143941632,172032,0,0,outside_catalogued_loads_not_proven_code_or_data
game/italy/DATA/MODEL.MRG,144031744,144138240,106496,0,0,outside_catalogued_loads_not_proven_code_or_data
game/italy/DATA/MODEL.MRG,144334848,144506880,172032,0,0,outside_catalogued_loads_not_proven_code_or_data
game/italy/DATA/MODEL.MRG,144596992,144703488,106496,0,0,outside_catalogued_loads_not_proven_code_or_data
game/italy/DATA/MODEL.MRG,144900096,145072128,172032,0,0,outside_catalogued_loads_not_proven_code_or_data
game/italy/DATA/MODEL.MRG,145162240,145268736,106496,12,11,outside_catalogued_loads_not_proven_code_or_data
game/italy/DATA/MODEL.MRG,145465344,145637376,172032,0,0,outside_catalogued_loads_not_proven_code_or_data
game/italy/DATA/MODEL.MRG,145727488,145833984,106496,0,0,outside_catalogued_loads_not_proven_code_or_data
game/italy/DATA/MODEL.MRG,146030592,146202624,172032,0,0,outside_catalogued_loads_not_proven_code_or_data
game/italy/DATA/MODEL.MRG,146292736,146399232,106496,5,5,outside_catalogued_loads_not_proven_code_or_data
game/italy/DATA/MODEL.MRG,146595840,146767872,172032,0,0,outside_catalogued_loads_not_proven_code_or_data
game/italy/DATA/MODEL.MRG,146857984,146964480,106496,0,0,outside_catalogued_loads_not_proven_code_or_data
game/italy/DATA/MODEL.MRG,147161088,147333120,172032,0,0,outside_catalogued_loads_not_proven_code_or_data
game/italy/DATA/MODEL.MRG,147423232,147529728,106496,2,2,outside_catalogued_loads_not_proven_code_or_data
game/italy/DATA/MODEL.MRG,147726336,147898368,172032,0,0,outside_catalogued_loads_not_proven_code_or_data
game/italy/DATA/MODEL.MRG,147988480,148094976,106496,0,0,outside_catalogued_loads_not_proven_code_or_data
game/italy/DATA/MODEL.MRG,148291584,148463616,172032,0,0,outside_catalogued_loads_not_proven_code_or_data
game/italy/DATA/MODEL.MRG,148553728,148660224,106496,0,0,outside_catalogued_loads_not_proven_code_or_data
game/italy/DATA/MODEL.MRG,148856832,149028864,172032,0,0,outside_catalogued_loads_not_proven_code_or_data
game/italy/DATA/MODEL.MRG,149118976,149225472,106496,0,0,outside_catalogued_loads_not_proven_code_or_data
game/italy/DATA/MODEL.MRG,149422080,149594112,172032,0,0,outside_catalogued_loads_not_proven_code_or_data
game/italy/DATA/MODEL.MRG,149684224,149790720,106496,0,0,outside_catalogued_loads_not_proven_code_or_data
game/italy/DATA/MODEL.MRG,149987328,150159360,172032,0,0,outside_catalogued_loads_not_proven_code_or_data
game/italy/DATA/MODEL.MRG,150249472,150355968,106496,13,15,outside_catalogued_loads_not_proven_code_or_data
game/italy/DATA/MODEL.MRG,150552576,150724608,172032,0,0,outside_catalogued_loads_not_proven_code_or_data
game/italy/DATA/MODEL.MRG,150814720,150921216,106496,0,0,outside_catalogued_loads_not_proven_code_or_data
game/italy/DATA/MODEL.MRG,151117824,151289856,172032,0,0,outside_catalogued_loads_not_proven_code_or_data
game/italy/DATA/MODEL.MRG,151379968,151486464,106496,0,0,outside_catalogued_loads_not_proven_code_or_data
game/italy/DATA/MODEL.MRG,151683072,151855104,172032,0,0,outside_catalogued_loads_not_proven_code_or_data
game/italy/DATA/MODEL.MRG,151945216,152051712,106496,0,0,outside_catalogued_loads_not_proven_code_or_data
game/italy/DATA/MODEL.MRG,152248320,152420352,172032,0,0,outside_catalogued_loads_not_proven_code_or_data
game/italy/DATA/MODEL.MRG,152510464,152616960,106496,0,0,outside_catalogued_loads_not_proven_code_or_data
game/italy/DATA/MODEL.MRG,152813568,152985600,172032,0,0,outside_catalogued_loads_not_proven_code_or_data
game/italy/DATA/MODEL.MRG,153075712,153182208,106496,1,1,outside_catalogued_loads_not_proven_code_or_data
game/italy/DATA/MODEL.MRG,153378816,153550848,172032,0,0,outside_catalogued_loads_not_proven_code_or_data
game/italy/DATA/MODEL.MRG,153640960,153747456,106496,0,0,outside_catalogued_loads_not_proven_code_or_data
game/italy/DATA/MODEL.MRG,153944064,154116096,172032,0,0,outside_catalogued_loads_not_proven_code_or_data
game/italy/DATA/MODEL.MRG,154206208,154312704,106496,0,0,outside_catalogued_loads_not_proven_code_or_data
game/italy/DATA/MODEL.MRG,154509312,154681344,172032,0,0,outside_catalogued_loads_not_proven_code_or_data
game/italy/DATA/MODEL.MRG,154771456,154877952,106496,0,0,outside_catalogued_loads_not_proven_code_or_data
game/italy/DATA/MODEL.MRG,155074560,155246592,172032,0,0,outside_catalogued_loads_not_proven_code_or_data
game/italy/DATA/MODEL.MRG,155336704,155443200,106496,0,2,outside_catalogued_loads_not_proven_code_or_data
game/italy/DATA/MODEL.MRG,155639808,155811840,172032,0,0,outside_catalogued_loads_not_proven_code_or_data
game/italy/DATA/MODEL.MRG,155901952,156008448,106496,0,0,outside_catalogued_loads_not_proven_code_or_data
game/italy/DATA/MODEL.MRG,156205056,156377088,172032,0,0,outside_catalogued_loads_not_proven_code_or_data
game/italy/DATA/MODEL.MRG,156467200,156573696,106496,0,0,outside_catalogued_loads_not_proven_code_or_data
game/italy/DATA/MODEL.MRG,156770304,156942336,172032,0,0,outside_catalogued_loads_not_proven_code_or_data
game/italy/DATA/MODEL.MRG,157032448,157138944,106496,0,0,outside_catalogued_loads_not_proven_code_or_data
game/italy/DATA/MODEL.MRG,157335552,157507584,172032,0,0,outside_catalogued_loads_not_proven_code_or_data
game/italy/DATA/MODEL.MRG,157597696,157704192,106496,0,0,outside_catalogued_loads_not_proven_code_or_data
game/italy/DATA/MODEL.MRG,157900800,158072832,172032,0,0,outside_catalogued_loads_not_proven_code_or_data
game/italy/DATA/MODEL.MRG,158162944,158269440,106496,0,0,outside_catalogued_loads_not_proven_code_or_data
game/italy/DATA/MODEL.MRG,158466048,158638080,172032,0,0,outside_catalogued_loads_not_proven_code_or_data
game/italy/DATA/MODEL.MRG,158728192,158834688,106496,0,0,outside_catalogued_loads_not_proven_code_or_data
game/italy/DATA/MODEL.MRG,159031296,159203328,172032,0,0,outside_catalogued_loads_not_proven_code_or_data
game/italy/DATA/MODEL.MRG,159293440,159399936,106496,0,0,outside_catalogued_loads_not_proven_code_or_data
game/italy/DATA/MODEL.MRG,159596544,159768576,172032,0,0,outside_catalogued_loads_not_proven_code_or_data
game/italy/DATA/MODEL.MRG,159858688,159965184,106496,0,0,outside_catalogued_loads_not_proven_code_or_data
game/italy/DATA/MODEL.MRG,160161792,160333824,172032,0,0,outside_catalogued_loads_not_proven_code_or_data
game/italy/DATA/MODEL.MRG,160423936,160530432,106496,0,0,outside_catalogued_loads_not_proven_code_or_data
game/italy/DATA/MODEL.MRG,160727040,160899072,172032,0,0,outside_catalogued_loads_not_proven_code_or_data
game/italy/DATA/MODEL.MRG,160989184,161095680,106496,0,0,outside_catalogued_loads_not_proven_code_or_data
game/italy/DATA/MODEL.MRG,161292288,161464320,172032,0,0,outside_catalogued_loads_not_proven_code_or_data
game/italy/DATA/MODEL.MRG,161554432,161660928,106496,0,0,outside_catalogued_loads_not_proven_code_or_data
game/italy/DATA/MODEL.MRG,161857536,162029568,172032,0,0,outside_catalogued_loads_not_proven_code_or_data
game/italy/DATA/MODEL.MRG,162119680,162226176,106496,0,0,outside_catalogued_loads_not_proven_code_or_data
game/italy/DATA/MODEL.MRG,162422784,162594816,172032,0,0,outside_catalogued_loads_not_proven_code_or_data
game/italy/DATA/MODEL.MRG,162684928,162791424,106496,0,0,outside_catalogued_loads_not_proven_code_or_data
game/italy/DATA/MODEL.MRG,162988032,163160064,172032,0,0,outside_catalogued_loads_not_proven_code_or_data
game/italy/DATA/MODEL.MRG,163250176,163356672,106496,0,0,outside_catalogued_loads_not_proven_code_or_data
game/italy/DATA/MODEL.MRG,163553280,163725312,172032,0,0,outside_catalogued_loads_not_proven_code_or_data
game/italy/DATA/MODEL.MRG,163815424,163921920,106496,0,0,outside_catalogued_loads_not_proven_code_or_data
game/italy/DATA/MODEL.MRG,164118528,164290560,172032,0,0,outside_catalogued_loads_not_proven_code_or_data
game/italy/DATA/MODEL.MRG,164380672,164487168,106496,0,0,outside_catalogued_loads_not_proven_code_or_data
game/italy/DATA/MODEL.MRG,164683776,164855808,172032,0,0,outside_catalogued_loads_not_proven_code_or_data
game/italy/DATA/MODEL.MRG,164945920,165052416,106496,0,0,outside_catalogued_loads_not_proven_code_or_data
game/italy/DATA/MODEL.MRG,165249024,165421056,172032,0,0,outside_catalogued_loads_not_proven_code_or_data
game/italy/DATA/MODEL.MRG,165511168,165617664,106496,0,0,outside_catalogued_loads_not_proven_code_or_data
game/italy/DATA/MODEL.MRG,165814272,165986304,172032,0,0,outside_catalogued_loads_not_proven_code_or_data
game/italy/DATA/MODEL.MRG,166076416,166182912,106496,0,0,outside_catalogued_loads_not_proven_code_or_data
game/italy/DATA/MODEL.MRG,166379520,166551552,172032,0,0,outside_catalogued_loads_not_proven_code_or_data
game/italy/DATA/MODEL.MRG,166641664,166748160,106496,0,0,outside_catalogued_loads_not_proven_code_or_data
game/italy/DATA/MODEL.MRG,166944768,167116800,172032,0,0,outside_catalogued_loads_not_proven_code_or_data
game/italy/DATA/MODEL.MRG,167206912,167313408,106496,0,0,outside_catalogued_loads_not_proven_code_or_data
game/italy/DATA/MODEL.MRG,167510016,167682048,172032,0,0,outside_catalogued_loads_not_proven_code_or_data
game/italy/DATA/MODEL.MRG,167772160,167878656,106496,0,0,outside_catalogued_loads_not_proven_code_or_data
game/italy/DATA/MODEL.MRG,168075264,168247296,172032,0,0,outside_catalogued_loads_not_proven_code_or_data
game/italy/DATA/MODEL.MRG,168337408,168443904,106496,0,0,outside_catalogued_loads_not_proven_code_or_data
game/italy/DATA/MODEL.MRG,168640512,168812544,172032,0,0,outside_catalogued_loads_not_proven_code_or_data
game/italy/DATA/MODEL.MRG,168902656,169009152,106496,0,0,outside_catalogued_loads_not_proven_code_or_data
game/italy/DATA/MODEL.MRG,169205760,169377792,172032,0,0,outside_catalogued_loads_not_proven_code_or_data
game/italy/DATA/MODEL.MRG,169467904,169574400,106496,0,0,outside_catalogued_loads_not_proven_code_or_data
game/italy/DATA/MODEL.MRG,169771008,169943040,172032,0,0,outside_catalogued_loads_not_proven_code_or_data
game/italy/DATA/MODEL.MRG,170033152,170139648,106496,0,0,outside_catalogued_loads_not_proven_code_or_data
game/italy/DATA/MODEL.MRG,170336256,170508288,172032,0,0,outside_catalogued_loads_not_proven_code_or_data
game/italy/DATA/MODEL.MRG,170598400,170704896,106496,0,0,outside_catalogued_loads_not_proven_code_or_data
game/italy/DATA/MODEL.MRG,170901504,171073536,172032,0,0,outside_catalogued_loads_not_proven_code_or_data
game/italy/DATA/MODEL.MRG,171163648,171270144,106496,0,0,outside_catalogued_loads_not_proven_code_or_data
game/italy/DATA/MODEL.MRG,171466752,171638784,172032,0,0,outside_catalogued_loads_not_proven_code_or_data
game/italy/DATA/MODEL.MRG,171728896,171835392,106496,0,0,outside_catalogued_loads_not_proven_code_or_data
game/italy/DATA/MODEL.MRG,172032000,172204032,172032,0,0,outside_catalogued_loads_not_proven_code_or_data
game/italy/DATA/MODEL.MRG,172294144,172400640,106496,0,0,outside_catalogued_loads_not_proven_code_or_data
game/italy/DATA/MODEL.MRG,172597248,172769280,172032,0,0,outside_catalogued_loads_not_proven_code_or_data
game/italy/DATA/MODEL.MRG,172859392,172965888,106496,0,0,outside_catalogued_loads_not_proven_code_or_data
game/italy/DATA/MODEL.MRG,173162496,173334528,172032,0,0,outside_catalogued_loads_not_proven_code_or_data
game/italy/DATA/MODEL.MRG,173424640,173531136,106496,0,0,outside_catalogued_loads_not_proven_code_or_data
game/italy/DATA/MODEL.MRG,173727744,173899776,172032,0,0,outside_catalogued_loads_not_proven_code_or_data
game/italy/DATA/MODEL.MRG,173989888,174096384,106496,0,0,outside_catalogued_loads_not_proven_code_or_data
game/italy/DATA/MODEL.MRG,174292992,174465024,172032,0,0,outside_catalogued_loads_not_proven_code_or_data
game/italy/DATA/MODEL.MRG,174555136,174661632,106496,0,0,outside_catalogued_loads_not_proven_code_or_data
game/italy/DATA/MODEL.MRG,174858240,175030272,172032,0,0,outside_catalogued_loads_not_proven_code_or_data
game/italy/DATA/MODEL.MRG,175120384,175226880,106496,0,0,outside_catalogued_loads_not_proven_code_or_data
game/italy/DATA/MODEL.MRG,175423488,175595520,172032,0,0,outside_catalogued_loads_not_proven_code_or_data
game/italy/DATA/MODEL.MRG,175685632,175792128,106496,0,0,outside_catalogued_loads_not_proven_code_or_data
game/italy/DATA/MODEL.MRG,175988736,176160768,172032,0,0,outside_catalogued_loads_not_proven_code_or_data
game/italy/DATA/MODEL.MRG,176250880,176357376,106496,0,0,outside_catalogued_loads_not_proven_code_or_data
game/italy/DATA/MODEL.MRG,176553984,176726016,172032,0,0,outside_catalogued_loads_not_proven_code_or_data
game/italy/DATA/MODEL.MRG,176816128,176922624,106496,0,0,outside_catalogued_loads_not_proven_code_or_data
game/italy/DATA/MODEL.MRG,177119232,177291264,172032,0,0,outside_catalogued_loads_not_proven_code_or_data
game/italy/DATA/MODEL.MRG,177381376,177487872,106496,0,0,outside_catalogued_loads_not_proven_code_or_data
game/italy/DATA/MODEL.MRG,177684480,177856512,172032,0,0,outside_catalogued_loads_not_proven_code_or_data
game/italy/DATA/MODEL.MRG,177946624,178053120,106496,0,0,outside_catalogued_loads_not_proven_code_or_data
game/italy/DATA/MODEL.MRG,178249728,178421760,172032,0,0,outside_catalogued_loads_not_proven_code_or_data
game/italy/DATA/MODEL.MRG,178511872,178618368,106496,0,0,outside_catalogued_loads_not_proven_code_or_data
game/italy/DATA/MODEL.MRG,178814976,178987008,172032,0,0,outside_catalogued_loads_not_proven_code_or_data
game/italy/DATA/MODEL.MRG,179077120,179183616,106496,0,0,outside_catalogued_loads_not_proven_code_or_data
game/italy/DATA/MODEL.MRG,179380224,179552256,172032,0,0,outside_catalogued_loads_not_proven_code_or_data
game/italy/DATA/MODEL.MRG,179642368,179748864,106496,0,0,outside_catalogued_loads_not_proven_code_or_data
game/italy/DATA/MODEL.MRG,179945472,180117504,172032,0,0,outside_catalogued_loads_not_proven_code_or_data
game/italy/DATA/MODEL.MRG,180207616,180314112,106496,0,0,outside_catalogued_loads_not_proven_code_or_data
game/italy/DATA/MODEL.MRG,180510720,180682752,172032,0,0,outside_catalogued_loads_not_proven_code_or_data
game/italy/DATA/MODEL.MRG,180772864,180879360,106496,0,0,outside_catalogued_loads_not_proven_code_or_data
game/italy/DATA/MODEL.MRG,181075968,181248000,172032,0,0,outside_catalogued_loads_not_proven_code_or_data
game/italy/DATA/MODEL.MRG,181338112,181444608,106496,0,0,outside_catalogued_loads_not_proven_code_or_data
game/italy/DATA/MODEL.MRG,181641216,181813248,172032,0,0,outside_catalogued_loads_not_proven_code_or_data
game/italy/DATA/MODEL.MRG,181903360,182009856,106496,0,0,outside_catalogued_loads_not_proven_code_or_data
game/italy/DATA/MODEL.MRG,182206464,182378496,172032,0,0,outside_catalogued_loads_not_proven_code_or_data
game/italy/DATA/MODEL.MRG,182468608,182575104,106496,0,0,outside_catalogued_loads_not_proven_code_or_data
game/italy/DATA/MODEL.MRG,182771712,182943744,172032,0,0,outside_catalogued_loads_not_proven_code_or_data
game/italy/DATA/MODEL.MRG,183033856,183140352,106496,0,0,outside_catalogued_loads_not_proven_code_or_data
game/italy/DATA/MODEL.MRG,183336960,183508992,172032,0,0,outside_catalogued_loads_not_proven_code_or_data
game/italy/DATA/MODEL.MRG,183599104,183705600,106496,0,0,outside_catalogued_loads_not_proven_code_or_data
game/italy/DATA/MODEL.MRG,183902208,184074240,172032,0,0,outside_catalogued_loads_not_proven_code_or_data
game/italy/DATA/MODEL.MRG,184164352,184270848,106496,0,0,outside_catalogued_loads_not_proven_code_or_data
game/italy/DATA/MODEL.MRG,184467456,184639488,172032,0,0,outside_catalogued_loads_not_proven_code_or_data
game/italy/DATA/MODEL.MRG,184729600,184836096,106496,0,0,outside_catalogued_loads_not_proven_code_or_data
game/italy/DATA/MODEL.MRG,185032704,185204736,172032,0,0,outside_catalogued_loads_not_proven_code_or_data
game/italy/DATA/MODEL.MRG,185294848,185401344,106496,0,0,outside_catalogued_loads_not_proven_code_or_data
game/italy/DATA/MODEL.MRG,185597952,185769984,172032,0,0,outside_catalogued_loads_not_proven_code_or_data
game/italy/DATA/MODEL.MRG,185860096,185966592,106496,0,0,outside_catalogued_loads_not_proven_code_or_data
game/italy/DATA/MODEL.MRG,186163200,186335232,172032,0,0,outside_catalogued_loads_not_proven_code_or_data
game/italy/DATA/MODEL.MRG,186425344,186531840,106496,0,0,outside_catalogued_loads_not_proven_code_or_data
game/italy/DATA/MODEL.MRG,186728448,186900480,172032,0,0,outside_catalogued_loads_not_proven_code_or_data
game/italy/DATA/MODEL.MRG,186990592,187097088,106496,0,0,outside_catalogued_loads_not_proven_code_or_data
game/italy/DATA/MODEL.MRG,187293696,187465728,172032,0,0,outside_catalogued_loads_not_proven_code_or_data
game/italy/DATA/MODEL.MRG,187555840,187662336,106496,0,0,outside_catalogued_loads_not_proven_code_or_data
game/italy/DATA/MODEL.MRG,187858944,188030976,172032,0,0,outside_catalogued_loads_not_proven_code_or_data
game/italy/DATA/MODEL.MRG,188121088,188227584,106496,0,0,outside_catalogued_loads_not_proven_code_or_data
game/italy/DATA/MODEL.MRG,188424192,188596224,172032,0,0,outside_catalogued_loads_not_proven_code_or_data
game/italy/DATA/MODEL.MRG,188686336,188792832,106496,0,0,outside_catalogued_loads_not_proven_code_or_data
game/italy/DATA/MODEL.MRG,188989440,189161472,172032,0,0,outside_catalogued_loads_not_proven_code_or_data
game/italy/DATA/MODEL.MRG,189251584,189358080,106496,0,0,outside_catalogued_loads_not_proven_code_or_data
game/italy/DATA/MODEL.MRG,189554688,189726720,172032,0,0,outside_catalogued_loads_not_proven_code_or_data
game/italy/DATA/MODEL.MRG,189816832,189923328,106496,0,0,outside_catalogued_loads_not_proven_code_or_data
game/italy/DATA/MODEL.MRG,190119936,190291968,172032,0,0,outside_catalogued_loads_not_proven_code_or_data
game/italy/DATA/MODEL.MRG,190382080,190488576,106496,0,0,outside_catalogued_loads_not_proven_code_or_data
game/italy/DATA/MODEL.MRG,190685184,190857216,172032,0,0,outside_catalogued_loads_not_proven_code_or_data
game/italy/DATA/MODEL.MRG,190947328,191053824,106496,0,0,outside_catalogued_loads_not_proven_code_or_data
game/italy/DATA/MODEL.MRG,191250432,191422464,172032,0,0,outside_catalogued_loads_not_proven_code_or_data
game/italy/DATA/MODEL.MRG,191512576,191619072,106496,0,0,outside_catalogued_loads_not_proven_code_or_data
game/italy/DATA/MODEL.MRG,191815680,191987712,172032,0,0,outside_catalogued_loads_not_proven_code_or_data
game/italy/DATA/MODEL.MRG,192077824,192184320,106496,0,0,outside_catalogued_loads_not_proven_code_or_data
game/italy/DATA/MODEL.MRG,192380928,192552960,172032,0,0,outside_catalogued_loads_not_proven_code_or_data
game/italy/DATA/MODEL.MRG,192643072,192749568,106496,0,0,outside_catalogued_loads_not_proven_code_or_data
game/italy/DATA/MODEL.MRG,192946176,193118208,172032,0,0,outside_catalogued_loads_not_proven_code_or_data
game/italy/DATA/MODEL.MRG,193208320,193314816,106496,0,0,outside_catalogued_loads_not_proven_code_or_data
game/italy/DATA/MODEL.MRG,193511424,193683456,172032,0,0,outside_catalogued_loads_not_proven_code_or_data
game/italy/DATA/MODEL.MRG,193773568,193880064,106496,0,0,outside_catalogued_loads_not_proven_code_or_data
game/italy/DATA/MODEL.MRG,194076672,194248704,172032,0,0,outside_catalogued_loads_not_proven_code_or_data
game/italy/DATA/MODEL.MRG,194338816,194445312,106496,0,0,outside_catalogued_loads_not_proven_code_or_data
game/italy/DATA/MODEL.MRG,194641920,194813952,172032,0,0,outside_catalogued_loads_not_proven_code_or_data
game/italy/DATA/MODEL.MRG,194904064,195010560,106496,0,0,outside_catalogued_loads_not_proven_code_or_data
game/italy/DATA/MODEL.MRG,195207168,195379200,172032,0,0,outside_catalogued_loads_not_proven_code_or_data
game/italy/DATA/MODEL.MRG,195469312,195575808,106496,0,0,outside_catalogued_loads_not_proven_code_or_data
game/italy/DATA/MODEL.MRG,195772416,195944448,172032,0,0,outside_catalogued_loads_not_proven_code_or_data
game/italy/DATA/MODEL.MRG,196034560,196141056,106496,0,0,outside_catalogued_loads_not_proven_code_or_data
game/italy/DATA/MODEL.MRG,196337664,196509696,172032,0,0,outside_catalogued_loads_not_proven_code_or_data
game/italy/DATA/MODEL.MRG,196599808,196706304,106496,0,0,outside_catalogued_loads_not_proven_code_or_data
game/italy/DATA/MODEL.MRG,196902912,197074944,172032,0,0,outside_catalogued_loads_not_proven_code_or_data
game/italy/DATA/MODEL.MRG,197165056,197271552,106496,0,0,outside_catalogued_loads_not_proven_code_or_data
game/italy/DATA/MODEL.MRG,197468160,197640192,172032,0,0,outside_catalogued_loads_not_proven_code_or_data
game/italy/DATA/MODEL.MRG,197730304,197836800,106496,0,0,outside_catalogued_loads_not_proven_code_or_data
game/italy/DATA/MODEL.MRG,198033408,198205440,172032,0,0,outside_catalogued_loads_not_proven_code_or_data
game/italy/DATA/MODEL.MRG,198295552,198402048,106496,0,0,outside_catalogued_loads_not_proven_code_or_data
game/italy/DATA/MODEL.MRG,198598656,198770688,172032,0,0,outside_catalogued_loads_not_proven_code_or_data
game/italy/DATA/MODEL.MRG,198860800,198967296,106496,0,0,outside_catalogued_loads_not_proven_code_or_data
game/italy/DATA/MODEL.MRG,199163904,199335936,172032,0,0,outside_catalogued_loads_not_proven_code_or_data
game/italy/DATA/MODEL.MRG,199426048,199532544,106496,0,0,outside_catalogued_loads_not_proven_code_or_data
game/italy/DATA/MODEL.MRG,199729152,199901184,172032,0,0,outside_catalogued_loads_not_proven_code_or_data
game/italy/DATA/MODEL.MRG,199991296,200097792,106496,0,0,outside_catalogued_loads_not_proven_code_or_data
game/italy/DATA/MODEL.MRG,200294400,200466432,172032,0,0,outside_catalogued_loads_not_proven_code_or_data
game/italy/DATA/MODEL.MRG,200556544,200663040,106496,0,0,outside_catalogued_loads_not_proven_code_or_data
game/italy/DATA/MODEL.MRG,200859648,201031680,172032,0,0,outside_catalogued_loads_not_proven_code_or_data
game/italy/DATA/MODEL.MRG,201121792,201228288,106496,0,0,outside_catalogued_loads_not_proven_code_or_data
game/italy/DATA/MODEL.MRG,201424896,201596928,172032,0,0,outside_catalogued_loads_not_proven_code_or_data
game/italy/DATA/MODEL.MRG,201687040,201793536,106496,0,0,outside_catalogued_loads_not_proven_code_or_data
game/italy/DATA/MODEL.MRG,201990144,202162176,172032,0,0,outside_catalogued_loads_not_proven_code_or_data
game/italy/DATA/MODEL.MRG,202252288,202358784,106496,0,0,outside_catalogued_loads_not_proven_code_or_data
game/italy/DATA/MODEL.MRG,202555392,202727424,172032,0,0,outside_catalogued_loads_not_proven_code_or_data
game/italy/DATA/MODEL.MRG,202817536,202924032,106496,0,0,outside_catalogued_loads_not_proven_code_or_data
game/italy/DATA/MODEL.MRG,203120640,203292672,172032,0,0,outside_catalogued_loads_not_proven_code_or_data
game/italy/DATA/MODEL.MRG,203382784,203489280,106496,0,0,outside_catalogued_loads_not_proven_code_or_data
game/italy/DATA/MODEL.MRG,203685888,203857920,172032,0,0,outside_catalogued_loads_not_proven_code_or_data
game/italy/DATA/MODEL.MRG,203948032,204054528,106496,0,0,outside_catalogued_loads_not_proven_code_or_data
game/italy/DATA/MODEL.MRG,204251136,204423168,172032,0,0,outside_catalogued_loads_not_proven_code_or_data
game/italy/DATA/MODEL.MRG,204513280,204619776,106496,0,0,outside_catalogued_loads_not_proven_code_or_data
game/italy/DATA/MODEL.MRG,204816384,204988416,172032,0,0,outside_catalogued_loads_not_proven_code_or_data
game/italy/DATA/MODEL.MRG,205078528,205185024,106496,0,0,outside_catalogued_loads_not_proven_code_or_data
game/italy/DATA/MODEL.MRG,205381632,205553664,172032,0,0,outside_catalogued_loads_not_proven_code_or_data
game/italy/DATA/MODEL.MRG,205643776,205750272,106496,0,0,outside_catalogued_loads_not_proven_code_or_data
game/italy/DATA/MODEL.MRG,205946880,206118912,172032,0,0,outside_catalogued_loads_not_proven_code_or_data
game/italy/DATA/MODEL.MRG,206209024,206315520,106496,0,0,outside_catalogued_loads_not_proven_code_or_data
game/italy/DATA/MODEL.MRG,206512128,206684160,172032,0,0,outside_catalogued_loads_not_proven_code_or_data
game/italy/DATA/MODEL.MRG,206774272,206880768,106496,0,0,outside_catalogued_loads_not_proven_code_or_data
game/italy/DATA/MODEL.MRG,207077376,207249408,172032,0,0,outside_catalogued_loads_not_proven_code_or_data
game/italy/DATA/MODEL.MRG,207339520,207446016,106496,0,0,outside_catalogued_loads_not_proven_code_or_data
game/italy/DATA/MODEL.MRG,207642624,207814656,172032,0,0,outside_catalogued_loads_not_proven_code_or_data
game/italy/DATA/MODEL.MRG,207904768,208011264,106496,0,0,outside_catalogued_loads_not_proven_code_or_data
game/italy/DATA/MODEL.MRG,208207872,208379904,172032,0,0,outside_catalogued_loads_not_proven_code_or_data
game/italy/DATA/MODEL.MRG,208470016,208576512,106496,0,0,outside_catalogued_loads_not_proven_code_or_data
game/italy/DATA/MODEL.MRG,208773120,208945152,172032,0,0,outside_catalogued_loads_not_proven_code_or_data
game/italy/DATA/MODEL.MRG,209035264,209141760,106496,0,0,outside_catalogued_loads_not_proven_code_or_data
game/italy/DATA/MODEL.MRG,209338368,209510400,172032,0,0,outside_catalogued_loads_not_proven_code_or_data
game/italy/DATA/MODEL.MRG,209600512,209707008,106496,0,0,outside_catalogued_loads_not_proven_code_or_data
game/italy/DATA/MODEL.MRG,209903616,210075648,172032,0,0,outside_catalogued_loads_not_proven_code_or_data
game/italy/DATA/MODEL.MRG,210165760,210272256,106496,0,0,outside_catalogued_loads_not_proven_code_or_data
game/italy/DATA/MODEL.MRG,210468864,210640896,172032,0,0,outside_catalogued_loads_not_proven_code_or_data
game/italy/DATA/MODEL.MRG,210731008,210837504,106496,0,0,outside_catalogued_loads_not_proven_code_or_data
game/italy/DATA/MODEL.MRG,211034112,211206144,172032,0,0,outside_catalogued_loads_not_proven_code_or_data
game/italy/DATA/MODEL.MRG,211296256,211402752,106496,0,0,outside_catalogued_loads_not_proven_code_or_data
game/italy/DATA/MODEL.MRG,211599360,211771392,172032,0,0,outside_catalogued_loads_not_proven_code_or_data
game/italy/DATA/MODEL.MRG,211861504,211968000,106496,0,0,outside_catalogued_loads_not_proven_code_or_data
game/italy/DATA/MODEL.MRG,212164608,212336640,172032,0,0,outside_catalogued_loads_not_proven_code_or_data
game/italy/DATA/MODEL.MRG,212426752,212533248,106496,0,0,outside_catalogued_loads_not_proven_code_or_data
game/italy/DATA/MODEL.MRG,212729856,212901888,172032,0,0,outside_catalogued_loads_not_proven_code_or_data
game/italy/DATA/MODEL.MRG,212992000,213098496,106496,0,0,outside_catalogued_loads_not_proven_code_or_data
game/italy/DATA/MODEL.MRG,213295104,213467136,172032,0,0,outside_catalogued_loads_not_proven_code_or_data
game/italy/DATA/MODEL.MRG,213557248,213663744,106496,0,0,outside_catalogued_loads_not_proven_code_or_data
game/italy/DATA/MODEL.MRG,213860352,214032384,172032,0,0,outside_catalogued_loads_not_proven_code_or_data
game/italy/DATA/MODEL.MRG,214122496,214228992,106496,0,0,outside_catalogued_loads_not_proven_code_or_data
game/italy/DATA/MODEL.MRG,214425600,214597632,172032,0,0,outside_catalogued_loads_not_proven_code_or_data
game/italy/DATA/MODEL.MRG,214687744,214794240,106496,0,0,outside_catalogued_loads_not_proven_code_or_data
game/italy/DATA/MODEL.MRG,214990848,215162880,172032,0,0,outside_catalogued_loads_not_proven_code_or_data
game/italy/DATA/MODEL.MRG,215252992,215359488,106496,0,0,outside_catalogued_loads_not_proven_code_or_data
game/italy/DATA/MODEL.MRG,215556096,215728128,172032,0,0,outside_catalogued_loads_not_proven_code_or_data
game/italy/DATA/MODEL.MRG,215818240,215924736,106496,0,0,outside_catalogued_loads_not_proven_code_or_data
game/italy/DATA/MODEL.MRG,216121344,216293376,172032,0,0,outside_catalogued_loads_not_proven_code_or_data
game/italy/DATA/MODEL.MRG,216383488,216489984,106496,0,0,outside_catalogued_loads_not_proven_code_or_data
game/italy/DATA/MODEL.MRG,216686592,216858624,172032,0,0,outside_catalogued_loads_not_proven_code_or_data
game/italy/DATA/MODEL.MRG,216948736,217055232,106496,0,0,outside_catalogued_loads_not_proven_code_or_data
game/italy/DATA/MODEL.MRG,217251840,217423872,172032,0,0,outside_catalogued_loads_not_proven_code_or_data
game/italy/DATA/MODEL.MRG,217513984,217620480,106496,0,0,outside_catalogued_loads_not_proven_code_or_data
game/italy/DATA/MODEL.MRG,217817088,217989120,172032,0,0,outside_catalogued_loads_not_proven_code_or_data
game/italy/DATA/MODEL.MRG,218079232,218185728,106496,0,0,outside_catalogued_loads_not_proven_code_or_data
game/italy/DATA/MODEL.MRG,218382336,218554368,172032,0,0,outside_catalogued_loads_not_proven_code_or_data
game/italy/DATA/MODEL.MRG,218644480,218750976,106496,0,0,outside_catalogued_loads_not_proven_code_or_data
game/italy/DATA/MODEL.MRG,218947584,219119616,172032,0,0,outside_catalogued_loads_not_proven_code_or_data
game/italy/DATA/MODEL.MRG,219209728,219316224,106496,0,0,outside_catalogued_loads_not_proven_code_or_data
game/italy/DATA/MODEL.MRG,219512832,219684864,172032,0,0,outside_catalogued_loads_not_proven_code_or_data
game/italy/DATA/MODEL.MRG,219774976,219881472,106496,0,0,outside_catalogued_loads_not_proven_code_or_data
game/italy/DATA/MODEL.MRG,220078080,220250112,172032,0,0,outside_catalogued_loads_not_proven_code_or_data
game/italy/DATA/MODEL.MRG,220340224,220446720,106496,0,0,outside_catalogued_loads_not_proven_code_or_data
game/italy/DATA/MODEL.MRG,220643328,220815360,172032,0,0,outside_catalogued_loads_not_proven_code_or_data
game/italy/DATA/MODEL.MRG,220905472,221011968,106496,0,0,outside_catalogued_loads_not_proven_code_or_data
game/italy/DATA/MODEL.MRG,221208576,221380608,172032,0,0,outside_catalogued_loads_not_proven_code_or_data
game/italy/DATA/MODEL.MRG,221470720,221577216,106496,0,0,outside_catalogued_loads_not_proven_code_or_data
game/italy/DATA/MODEL.MRG,221773824,221945856,172032,0,0,outside_catalogued_loads_not_proven_code_or_data
game/italy/DATA/MODEL.MRG,222035968,222142464,106496,0,0,outside_catalogued_loads_not_proven_code_or_data
game/italy/DATA/MODEL.MRG,222339072,222511104,172032,0,0,outside_catalogued_loads_not_proven_code_or_data
game/italy/DATA/MODEL.MRG,222601216,222707712,106496,0,0,outside_catalogued_loads_not_proven_code_or_data
game/italy/DATA/MODEL.MRG,222904320,223076352,172032,0,0,outside_catalogued_loads_not_proven_code_or_data
game/italy/DATA/MODEL.MRG,223166464,223272960,106496,0,0,outside_catalogued_loads_not_proven_code_or_data
game/italy/DATA/MODEL.MRG,223469568,223641600,172032,0,0,outside_catalogued_loads_not_proven_code_or_data
game/italy/DATA/MODEL.MRG,223731712,223838208,106496,0,0,outside_catalogued_loads_not_proven_code_or_data
game/italy/DATA/MODEL.MRG,224034816,224206848,172032,0,0,outside_catalogued_loads_not_proven_code_or_data
game/italy/DATA/MODEL.MRG,224296960,224403456,106496,0,0,outside_catalogued_loads_not_proven_code_or_data
game/italy/DATA/MODEL.MRG,224600064,224772096,172032,0,0,outside_catalogued_loads_not_proven_code_or_data
game/italy/DATA/MODEL.MRG,224862208,224968704,106496,0,0,outside_catalogued_loads_not_proven_code_or_data
game/italy/DATA/MODEL.MRG,225165312,225337344,172032,0,0,outside_catalogued_loads_not_proven_code_or_data
game/italy/DATA/MODEL.MRG,225427456,225533952,106496,0,0,outside_catalogued_loads_not_proven_code_or_data
game/italy/DATA/MODEL.MRG,225730560,225902592,172032,0,0,outside_catalogued_loads_not_proven_code_or_data
game/italy/DATA/MODEL.MRG,225992704,226099200,106496,0,0,outside_catalogued_loads_not_proven_code_or_data
game/italy/DATA/MODEL.MRG,226295808,226467840,172032,0,0,outside_catalogued_loads_not_proven_code_or_data
game/italy/DATA/MODEL.MRG,226557952,226664448,106496,0,0,outside_catalogued_loads_not_proven_code_or_data
game/italy/DATA/MODEL.MRG,226861056,227033088,172032,0,0,outside_catalogued_loads_not_proven_code_or_data
game/italy/DATA/MODEL.MRG,227123200,227229696,106496,0,0,outside_catalogued_loads_not_proven_code_or_data
game/italy/DATA/MODEL.MRG,227426304,227598336,172032,0,0,outside_catalogued_loads_not_proven_code_or_data
game/italy/DATA/MODEL.MRG,227688448,227794944,106496,0,0,outside_catalogued_loads_not_proven_code_or_data
game/italy/DATA/MODEL.MRG,227991552,228163584,172032,0,0,outside_catalogued_loads_not_proven_code_or_data
game/italy/DATA/MODEL.MRG,228253696,228360192,106496,0,0,outside_catalogued_loads_not_proven_code_or_data
game/italy/DATA/MODEL.MRG,228556800,228728832,172032,0,0,outside_catalogued_loads_not_proven_code_or_data
game/italy/DATA/MODEL.MRG,228818944,228925440,106496,0,0,outside_catalogued_loads_not_proven_code_or_data
game/italy/DATA/MODEL.MRG,229122048,229294080,172032,0,0,outside_catalogued_loads_not_proven_code_or_data
game/italy/DATA/MODEL.MRG,229384192,229490688,106496,0,0,outside_catalogued_loads_not_proven_code_or_data
game/italy/DATA/MODEL.MRG,229687296,229859328,172032,0,0,outside_catalogued_loads_not_proven_code_or_data
game/italy/DATA/MODEL.MRG,229949440,230055936,106496,0,0,outside_catalogued_loads_not_proven_code_or_data
game/italy/DATA/MODEL.MRG,230252544,230424576,172032,0,0,outside_catalogued_loads_not_proven_code_or_data
game/italy/DATA/MODEL.MRG,230514688,230621184,106496,0,0,outside_catalogued_loads_not_proven_code_or_data
game/italy/DATA/MODEL.MRG,230817792,230989824,172032,0,0,outside_catalogued_loads_not_proven_code_or_data
game/italy/DATA/MODEL.MRG,231079936,231186432,106496,0,0,outside_catalogued_loads_not_proven_code_or_data
game/italy/DATA/MODEL.MRG,231383040,231555072,172032,0,0,outside_catalogued_loads_not_proven_code_or_data
game/italy/DATA/MODEL.MRG,231645184,231751680,106496,0,0,outside_catalogued_loads_not_proven_code_or_data
game/italy/DATA/MODEL.MRG,231948288,232120320,172032,0,0,outside_catalogued_loads_not_proven_code_or_data
game/italy/DATA/MODEL.MRG,232210432,232316928,106496,0,0,outside_catalogued_loads_not_proven_code_or_data
game/italy/DATA/MODEL.MRG,232513536,232685568,172032,0,0,outside_catalogued_loads_not_proven_code_or_data
game/italy/DATA/MODEL.MRG,232775680,232882176,106496,0,0,outside_catalogued_loads_not_proven_code_or_data
game/italy/DATA/MODEL.MRG,233078784,233250816,172032,0,0,outside_catalogued_loads_not_proven_code_or_data
game/italy/DATA/MODEL.MRG,233340928,233447424,106496,0,0,outside_catalogued_loads_not_proven_code_or_data
game/italy/DATA/MODEL.MRG,233644032,233816064,172032,0,0,outside_catalogued_loads_not_proven_code_or_data
game/italy/DATA/MODEL.MRG,233906176,234012672,106496,0,0,outside_catalogued_loads_not_proven_code_or_data
game/italy/DATA/MODEL.MRG,234209280,234381312,172032,0,0,outside_catalogued_loads_not_proven_code_or_data
game/italy/DATA/MODEL.MRG,234471424,234577920,106496,0,0,outside_catalogued_loads_not_proven_code_or_data
game/italy/DATA/MODEL.MRG,234774528,234946560,172032,0,0,outside_catalogued_loads_not_proven_code_or_data
game/italy/DATA/MODEL.MRG,235036672,235143168,106496,0,0,outside_catalogued_loads_not_proven_code_or_data
game/italy/DATA/MODEL.MRG,235339776,235511808,172032,0,0,outside_catalogued_loads_not_proven_code_or_data
game/italy/DATA/MODEL.MRG,235601920,235708416,106496,0,0,outside_catalogued_loads_not_proven_code_or_data
game/italy/DATA/MODEL.MRG,235905024,236077056,172032,0,0,outside_catalogued_loads_not_proven_code_or_data
game/italy/DATA/MODEL.MRG,236167168,236273664,106496,0,0,outside_catalogued_loads_not_proven_code_or_data
game/italy/DATA/MODEL.MRG,236470272,236642304,172032,0,0,outside_catalogued_loads_not_proven_code_or_data
game/italy/DATA/MODEL.MRG,236732416,236838912,106496,0,0,outside_catalogued_loads_not_proven_code_or_data
game/italy/DATA/MODEL.MRG,237035520,237207552,172032,0,0,outside_catalogued_loads_not_proven_code_or_data
game/italy/DATA/MODEL.MRG,237297664,237404160,106496,0,0,outside_catalogued_loads_not_proven_code_or_data
game/italy/DATA/MODEL.MRG,237600768,237772800,172032,0,0,outside_catalogued_loads_not_proven_code_or_data
game/italy/DATA/MODEL.MRG,237862912,237969408,106496,0,0,outside_catalogued_loads_not_proven_code_or_data
game/italy/DATA/MODEL.MRG,238166016,238338048,172032,0,0,outside_catalogued_loads_not_proven_code_or_data
game/italy/DATA/MODEL.MRG,238428160,238534656,106496,0,0,outside_catalogued_loads_not_proven_code_or_data
game/italy/DATA/MODEL.MRG,238731264,238903296,172032,0,0,outside_catalogued_loads_not_proven_code_or_data
game/italy/DATA/MODEL.MRG,238993408,239099904,106496,0,0,outside_catalogued_loads_not_proven_code_or_data
game/italy/DATA/MODEL.MRG,239296512,239468544,172032,0,0,outside_catalogued_loads_not_proven_code_or_data
game/italy/DATA/MODEL.MRG,239558656,239665152,106496,0,0,outside_catalogued_loads_not_proven_code_or_data
game/italy/DATA/MODEL.MRG,239861760,240033792,172032,0,0,outside_catalogued_loads_not_proven_code_or_data
game/italy/DATA/MODEL.MRG,240123904,240230400,106496,0,0,outside_catalogued_loads_not_proven_code_or_data
game/italy/DATA/MODEL.MRG,240427008,240599040,172032,0,0,outside_catalogued_loads_not_proven_code_or_data
game/italy/DATA/MODEL.MRG,240689152,240795648,106496,0,0,outside_catalogued_loads_not_proven_code_or_data
game/italy/DATA/MODEL.MRG,240992256,241164288,172032,0,0,outside_catalogued_loads_not_proven_code_or_data
game/italy/DATA/MODEL.MRG,241254400,241360896,106496,0,0,outside_catalogued_loads_not_proven_code_or_data
game/italy/DATA/MODEL.MRG,241557504,241729536,172032,0,0,outside_catalogued_loads_not_proven_code_or_data
game/italy/DATA/MODEL.MRG,241819648,241926144,106496,0,0,outside_catalogued_loads_not_proven_code_or_data
game/italy/DATA/MODEL.MRG,242122752,242294784,172032,0,0,outside_catalogued_loads_not_proven_code_or_data
game/italy/DATA/MODEL.MRG,242384896,242491392,106496,0,0,outside_catalogued_loads_not_proven_code_or_data
game/italy/DATA/MODEL.MRG,242688000,242860032,172032,0,0,outside_catalogued_loads_not_proven_code_or_data
game/italy/DATA/MODEL.MRG,242950144,243056640,106496,1,1,outside_catalogued_loads_not_proven_code_or_data
game/italy/DATA/MODEL.MRG,243253248,243425280,172032,0,0,outside_catalogued_loads_not_proven_code_or_data
game/italy/DATA/MODEL.MRG,243515392,243621888,106496,0,0,outside_catalogued_loads_not_proven_code_or_data
game/italy/DATA/MODEL.MRG,243818496,243990528,172032,0,0,outside_catalogued_loads_not_proven_code_or_data
game/italy/DATA/MODEL.MRG,244080640,244187136,106496,0,0,outside_catalogued_loads_not_proven_code_or_data
game/italy/DATA/MODEL.MRG,244383744,244555776,172032,0,0,outside_catalogued_loads_not_proven_code_or_data
game/italy/DATA/MODEL.MRG,244645888,244752384,106496,0,0,outside_catalogued_loads_not_proven_code_or_data
game/italy/DATA/MODEL.MRG,244948992,245121024,172032,0,0,outside_catalogued_loads_not_proven_code_or_data
game/italy/DATA/MODEL.MRG,245211136,245317632,106496,0,0,outside_catalogued_loads_not_proven_code_or_data
game/italy/DATA/MODEL.MRG,245514240,245686272,172032,0,0,outside_catalogued_loads_not_proven_code_or_data
game/italy/DATA/MODEL.MRG,245776384,245882880,106496,0,0,outside_catalogued_loads_not_proven_code_or_data
game/italy/DATA/MODEL.MRG,246079488,246251520,172032,0,0,outside_catalogued_loads_not_proven_code_or_data
game/italy/DATA/MODEL.MRG,246341632,246448128,106496,0,0,outside_catalogued_loads_not_proven_code_or_data
game/italy/DATA/MODEL.MRG,246644736,246816768,172032,0,0,outside_catalogued_loads_not_proven_code_or_data
game/italy/DATA/MODEL.MRG,246906880,247013376,106496,0,0,outside_catalogued_loads_not_proven_code_or_data
game/italy/DATA/MODEL.MRG,247209984,247382016,172032,0,0,outside_catalogued_loads_not_proven_code_or_data
game/italy/DATA/MODEL.MRG,247472128,247578624,106496,0,0,outside_catalogued_loads_not_proven_code_or_data
game/italy/DATA/MODEL.MRG,247775232,247947264,172032,0,0,outside_catalogued_loads_not_proven_code_or_data
game/italy/DATA/MODEL.MRG,248037376,248143872,106496,0,0,outside_catalogued_loads_not_proven_code_or_data
game/italy/DATA/MODEL.MRG,248340480,248512512,172032,0,0,outside_catalogued_loads_not_proven_code_or_data
game/italy/DATA/MODEL.MRG,248602624,248709120,106496,0,0,outside_catalogued_loads_not_proven_code_or_data
game/italy/DATA/MODEL.MRG,248905728,249077760,172032,0,0,outside_catalogued_loads_not_proven_code_or_data
game/italy/DATA/MODEL.MRG,249167872,249274368,106496,0,0,outside_catalogued_loads_not_proven_code_or_data
game/italy/DATA/MODEL.MRG,249470976,249643008,172032,0,0,outside_catalogued_loads_not_proven_code_or_data
game/italy/DATA/MODEL.MRG,249733120,249839616,106496,0,0,outside_catalogued_loads_not_proven_code_or_data
game/italy/DATA/MODEL.MRG,250036224,250208256,172032,0,0,outside_catalogued_loads_not_proven_code_or_data
game/italy/DATA/MODEL.MRG,250298368,250404864,106496,0,0,outside_catalogued_loads_not_proven_code_or_data
game/italy/DATA/MODEL.MRG,250601472,250773504,172032,0,0,outside_catalogued_loads_not_proven_code_or_data
game/italy/DATA/MODEL.MRG,250863616,250970112,106496,0,0,outside_catalogued_loads_not_proven_code_or_data
game/italy/DATA/MODEL.MRG,251166720,251338752,172032,0,0,outside_catalogued_loads_not_proven_code_or_data
game/italy/DATA/MODEL.MRG,251428864,251535360,106496,0,0,outside_catalogued_loads_not_proven_code_or_data
game/italy/DATA/MODEL.MRG,251731968,251904000,172032,0,0,outside_catalogued_loads_not_proven_code_or_data
game/italy/DATA/MODEL.MRG,251994112,252100608,106496,0,0,outside_catalogued_loads_not_proven_code_or_data
game/italy/DATA/MODEL.MRG,252297216,252469248,172032,0,0,outside_catalogued_loads_not_proven_code_or_data
game/italy/DATA/MODEL.MRG,252559360,252665856,106496,0,0,outside_catalogued_loads_not_proven_code_or_data
game/italy/DATA/MODEL.MRG,252862464,253034496,172032,0,0,outside_catalogued_loads_not_proven_code_or_data
game/italy/DATA/MODEL.MRG,253124608,253231104,106496,0,0,outside_catalogued_loads_not_proven_code_or_data
game/italy/DATA/MODEL.MRG,253427712,253599744,172032,0,0,outside_catalogued_loads_not_proven_code_or_data
game/italy/DATA/MODEL.MRG,253689856,253796352,106496,0,0,outside_catalogued_loads_not_proven_code_or_data
game/italy/DATA/MODEL.MRG,253992960,254164992,172032,0,0,outside_catalogued_loads_not_proven_code_or_data
game/italy/DATA/MODEL.MRG,254255104,254361600,106496,0,0,outside_catalogued_loads_not_proven_code_or_data
game/italy/DATA/MODEL.MRG,254558208,254730240,172032,0,0,outside_catalogued_loads_not_proven_code_or_data
game/italy/DATA/MODEL.MRG,254820352,254926848,106496,0,0,outside_catalogued_loads_not_proven_code_or_data
game/italy/DATA/MODEL.MRG,255123456,255295488,172032,0,0,outside_catalogued_loads_not_proven_code_or_data
game/italy/DATA/MODEL.MRG,255385600,255492096,106496,0,0,outside_catalogued_loads_not_proven_code_or_data
game/italy/DATA/MODEL.MRG,255688704,255860736,172032,0,0,outside_catalogued_loads_not_proven_code_or_data
game/italy/DATA/MODEL.MRG,255950848,256057344,106496,0,0,outside_catalogued_loads_not_proven_code_or_data
game/italy/DATA/MODEL.MRG,256253952,256425984,172032,0,0,outside_catalogued_loads_not_proven_code_or_data
game/italy/DATA/MODEL.MRG,256516096,256622592,106496,0,0,outside_catalogued_loads_not_proven_code_or_data
game/italy/DATA/MODEL.MRG,256819200,256991232,172032,0,0,outside_catalogued_loads_not_proven_code_or_data
game/italy/DATA/MODEL.MRG,257081344,257187840,106496,0,0,outside_catalogued_loads_not_proven_code_or_data
game/italy/DATA/MODEL.MRG,257384448,257556480,172032,0,0,outside_catalogued_loads_not_proven_code_or_data
game/italy/DATA/MODEL.MRG,257646592,257753088,106496,0,0,outside_catalogued_loads_not_proven_code_or_data
game/italy/DATA/MODEL.MRG,257949696,258121728,172032,0,0,outside_catalogued_loads_not_proven_code_or_data
game/italy/DATA/MODEL.MRG,258211840,258318336,106496,0,0,outside_catalogued_loads_not_proven_code_or_data
game/italy/DATA/MODEL.MRG,258514944,258686976,172032,0,0,outside_catalogued_loads_not_proven_code_or_data
game/italy/DATA/MODEL.MRG,258777088,258883584,106496,0,0,outside_catalogued_loads_not_proven_code_or_data
game/italy/DATA/MODEL.MRG,259080192,259252224,172032,0,0,outside_catalogued_loads_not_proven_code_or_data
game/italy/DATA/MODEL.MRG,259342336,259448832,106496,0,0,outside_catalogued_loads_not_proven_code_or_data
game/italy/DATA/MODEL.MRG,259645440,259817472,172032,0,0,outside_catalogued_loads_not_proven_code_or_data
game/italy/DATA/MODEL.MRG,259907584,260014080,106496,0,0,outside_catalogued_loads_not_proven_code_or_data
game/italy/DATA/MODEL.MRG,260210688,260382720,172032,0,0,outside_catalogued_loads_not_proven_code_or_data
game/italy/DATA/MODEL.MRG,260472832,260579328,106496,0,0,outside_catalogued_loads_not_proven_code_or_data
game/italy/DATA/MODEL.MRG,260775936,260947968,172032,0,0,outside_catalogued_loads_not_proven_code_or_data
game/italy/DATA/MODEL.MRG,261038080,261144576,106496,0,0,outside_catalogued_loads_not_proven_code_or_data
game/italy/DATA/MODEL.MRG,261341184,261513216,172032,0,0,outside_catalogued_loads_not_proven_code_or_data
game/italy/DATA/MODEL.MRG,261603328,261709824,106496,0,0,outside_catalogued_loads_not_proven_code_or_data
game/italy/DATA/MODEL.MRG,261906432,262078464,172032,0,0,outside_catalogued_loads_not_proven_code_or_data
game/italy/DATA/MODEL.MRG,262168576,262275072,106496,0,0,outside_catalogued_loads_not_proven_code_or_data
game/italy/DATA/MODEL.MRG,262471680,262643712,172032,0,0,outside_catalogued_loads_not_proven_code_or_data
game/italy/DATA/MODEL.MRG,262733824,262840320,106496,0,0,outside_catalogued_loads_not_proven_code_or_data
game/italy/DATA/MODEL.MRG,263036928,263208960,172032,0,0,outside_catalogued_loads_not_proven_code_or_data
game/italy/DATA/MODEL.MRG,263299072,263405568,106496,0,0,outside_catalogued_loads_not_proven_code_or_data
game/italy/DATA/MODEL.MRG,263602176,263774208,172032,0,0,outside_catalogued_loads_not_proven_code_or_data
game/italy/DATA/MODEL.MRG,263864320,263970816,106496,0,0,outside_catalogued_loads_not_proven_code_or_data
game/italy/DATA/MODEL.MRG,264167424,264339456,172032,0,0,outside_catalogued_loads_not_proven_code_or_data
game/italy/DATA/MODEL.MRG,264429568,264536064,106496,0,0,outside_catalogued_loads_not_proven_code_or_data
game/italy/DATA/MODEL.MRG,264732672,264904704,172032,0,0,outside_catalogued_loads_not_proven_code_or_data
game/italy/DATA/MODEL.MRG,264994816,265101312,106496,0,0,outside_catalogued_loads_not_proven_code_or_data
game/italy/DATA/MODEL.MRG,265297920,265469952,172032,0,0,outside_catalogued_loads_not_proven_code_or_data
game/italy/DATA/MODEL.MRG,265560064,265666560,106496,0,0,outside_catalogued_loads_not_proven_code_or_data
game/italy/DATA/MODEL.MRG,265863168,266035200,172032,0,0,outside_catalogued_loads_not_proven_code_or_data
game/italy/DATA/MODEL.MRG,266125312,266231808,106496,0,0,outside_catalogued_loads_not_proven_code_or_data
game/italy/DATA/MODEL.MRG,266428416,266600448,172032,0,0,outside_catalogued_loads_not_proven_code_or_data
game/italy/DATA/MODEL.MRG,266690560,266797056,106496,0,0,outside_catalogued_loads_not_proven_code_or_data
game/italy/DATA/MODEL.MRG,266993664,267165696,172032,0,0,outside_catalogued_loads_not_proven_code_or_data
game/italy/DATA/MODEL.MRG,267255808,267362304,106496,0,0,outside_catalogued_loads_not_proven_code_or_data
game/italy/DATA/MODEL.MRG,267558912,267730944,172032,0,0,outside_catalogued_loads_not_proven_code_or_data
game/italy/DATA/MODEL.MRG,267821056,267927552,106496,0,0,outside_catalogued_loads_not_proven_code_or_data
game/italy/DATA/MODEL.MRG,268124160,268296192,172032,0,0,outside_catalogued_loads_not_proven_code_or_data
game/italy/DATA/MODEL.MRG,268386304,268492800,106496,0,0,outside_catalogued_loads_not_proven_code_or_data
game/italy/DATA/MODEL.MRG,268689408,268861440,172032,0,0,outside_catalogued_loads_not_proven_code_or_data
game/italy/DATA/MODEL.MRG,268951552,269058048,106496,0,0,outside_catalogued_loads_not_proven_code_or_data
game/italy/DATA/MODEL.MRG,269254656,269426688,172032,0,0,outside_catalogued_loads_not_proven_code_or_data
game/italy/DATA/MODEL.MRG,269516800,269623296,106496,0,0,outside_catalogued_loads_not_proven_code_or_data
game/italy/DATA/MODEL.MRG,269819904,269991936,172032,0,0,outside_catalogued_loads_not_proven_code_or_data
game/italy/DATA/MODEL.MRG,270082048,270188544,106496,0,0,outside_catalogued_loads_not_proven_code_or_data
game/italy/DATA/MODEL.MRG,270385152,270557184,172032,0,0,outside_catalogued_loads_not_proven_code_or_data
game/italy/DATA/MODEL.MRG,270647296,270753792,106496,0,0,outside_catalogued_loads_not_proven_code_or_data
game/italy/DATA/MODEL.MRG,270950400,271122432,172032,0,0,outside_catalogued_loads_not_proven_code_or_data
game/italy/DATA/MODEL.MRG,271212544,271319040,106496,0,0,outside_catalogued_loads_not_proven_code_or_data
game/italy/DATA/MODEL.MRG,271515648,271687680,172032,0,0,outside_catalogued_loads_not_proven_code_or_data
game/italy/DATA/MODEL.MRG,271777792,271884288,106496,0,0,outside_catalogued_loads_not_proven_code_or_data
game/italy/DATA/MODEL.MRG,272080896,272252928,172032,0,0,outside_catalogued_loads_not_proven_code_or_data
game/italy/DATA/MODEL.MRG,272343040,272449536,106496,0,0,outside_catalogued_loads_not_proven_code_or_data
game/italy/DATA/MODEL.MRG,272646144,272818176,172032,0,0,outside_catalogued_loads_not_proven_code_or_data
game/italy/DATA/MODEL.MRG,272908288,273014784,106496,0,0,outside_catalogued_loads_not_proven_code_or_data
game/italy/DATA/MODEL.MRG,273211392,273383424,172032,0,0,outside_catalogued_loads_not_proven_code_or_data
game/italy/DATA/MODEL.MRG,273473536,273580032,106496,0,0,outside_catalogued_loads_not_proven_code_or_data
game/italy/DATA/MODEL.MRG,273776640,273948672,172032,0,0,outside_catalogued_loads_not_proven_code_or_data
game/italy/DATA/MODEL.MRG,274038784,274145280,106496,0,0,outside_catalogued_loads_not_proven_code_or_data
game/italy/DATA/MODEL.MRG,274341888,274513920,172032,0,0,outside_catalogued_loads_not_proven_code_or_data
game/italy/DATA/MODEL.MRG,274604032,274710528,106496,0,0,outside_catalogued_loads_not_proven_code_or_data
game/italy/DATA/MODEL.MRG,274907136,275079168,172032,0,0,outside_catalogued_loads_not_proven_code_or_data
game/italy/DATA/MODEL.MRG,275169280,275275776,106496,0,0,outside_catalogued_loads_not_proven_code_or_data
game/italy/DATA/MODEL.MRG,275472384,275644416,172032,0,0,outside_catalogued_loads_not_proven_code_or_data
game/italy/DATA/MODEL.MRG,275734528,275841024,106496,0,0,outside_catalogued_loads_not_proven_code_or_data
game/italy/DATA/MODEL.MRG,276037632,276209664,172032,0,0,outside_catalogued_loads_not_proven_code_or_data
game/italy/DATA/MODEL.MRG,276299776,276406272,106496,0,0,outside_catalogued_loads_not_proven_code_or_data
game/italy/DATA/MODEL.MRG,276602880,276774912,172032,0,0,outside_catalogued_loads_not_proven_code_or_data
game/italy/DATA/MODEL.MRG,276865024,276971520,106496,0,0,outside_catalogued_loads_not_proven_code_or_data
game/italy/DATA/MODEL.MRG,277168128,277340160,172032,1,0,outside_catalogued_loads_not_proven_code_or_data
game/italy/DATA/MODEL.MRG,277430272,277536768,106496,0,0,outside_catalogued_loads_not_proven_code_or_data
game/italy/DATA/MODEL.MRG,277733376,277905408,172032,0,0,outside_catalogued_loads_not_proven_code_or_data
game/italy/DATA/MODEL.MRG,277995520,278102016,106496,0,0,outside_catalogued_loads_not_proven_code_or_data
game/italy/DATA/MODEL.MRG,278298624,278470656,172032,0,0,outside_catalogued_loads_not_proven_code_or_data
game/italy/DATA/MODEL.MRG,278560768,278667264,106496,0,0,outside_catalogued_loads_not_proven_code_or_data
game/italy/DATA/MODEL.MRG,278863872,279035904,172032,0,0,outside_catalogued_loads_not_proven_code_or_data
game/italy/DATA/MODEL.MRG,279126016,279232512,106496,0,0,outside_catalogued_loads_not_proven_code_or_data
game/italy/DATA/MODEL.MRG,279429120,279601152,172032,0,0,outside_catalogued_loads_not_proven_code_or_data
game/italy/DATA/MODEL.MRG,279691264,279797760,106496,0,0,outside_catalogued_loads_not_proven_code_or_data
game/italy/DATA/MODEL.MRG,279994368,280166400,172032,0,0,outside_catalogued_loads_not_proven_code_or_data
game/italy/DATA/MODEL.MRG,280256512,280363008,106496,0,0,outside_catalogued_loads_not_proven_code_or_data
game/italy/DATA/MODEL.MRG,280559616,280731648,172032,0,0,outside_catalogued_loads_not_proven_code_or_data
game/italy/DATA/MODEL.MRG,280821760,280928256,106496,0,0,outside_catalogued_loads_not_proven_code_or_data
game/italy/DATA/MODEL.MRG,281124864,281296896,172032,0,0,outside_catalogued_loads_not_proven_code_or_data
game/italy/DATA/MODEL.MRG,281387008,281493504,106496,0,0,outside_catalogued_loads_not_proven_code_or_data
game/italy/DATA/MODEL.MRG,281690112,281862144,172032,0,0,outside_catalogued_loads_not_proven_code_or_data
game/italy/DATA/MODEL.MRG,281952256,282058752,106496,0,0,outside_catalogued_loads_not_proven_code_or_data
game/italy/DATA/MODEL.MRG,282255360,282427392,172032,0,0,outside_catalogued_loads_not_proven_code_or_data
game/italy/DATA/MODEL.MRG,282517504,282624000,106496,0,0,outside_catalogued_loads_not_proven_code_or_data
game/italy/DATA/MODEL.MRG,282820608,282992640,172032,0,0,outside_catalogued_loads_not_proven_code_or_data
game/italy/DATA/MODEL.MRG,283082752,283189248,106496,0,0,outside_catalogued_loads_not_proven_code_or_data
game/italy/DATA/MODEL.MRG,283385856,283557888,172032,0,0,outside_catalogued_loads_not_proven_code_or_data
game/italy/DATA/MODEL.MRG,283648000,283754496,106496,0,0,outside_catalogued_loads_not_proven_code_or_data
game/italy/DATA/MODEL.MRG,283951104,284123136,172032,0,0,outside_catalogued_loads_not_proven_code_or_data
game/italy/DATA/MODEL.MRG,284213248,284319744,106496,0,0,outside_catalogued_loads_not_proven_code_or_data
game/italy/DATA/MODEL.MRG,284516352,284688384,172032,0,0,outside_catalogued_loads_not_proven_code_or_data
game/italy/DATA/MODEL.MRG,284778496,284884992,106496,0,0,outside_catalogued_loads_not_proven_code_or_data
game/italy/DATA/MODEL.MRG,285081600,285253632,172032,0,0,outside_catalogued_loads_not_proven_code_or_data
game/italy/DATA/MODEL.MRG,285343744,285450240,106496,0,0,outside_catalogued_loads_not_proven_code_or_data
game/italy/DATA/MODEL.MRG,285646848,285818880,172032,0,0,outside_catalogued_loads_not_proven_code_or_data
game/italy/DATA/MODEL.MRG,285908992,286015488,106496,0,0,outside_catalogued_loads_not_proven_code_or_data
game/italy/DATA/MODEL.MRG,286212096,286384128,172032,0,0,outside_catalogued_loads_not_proven_code_or_data
game/italy/DATA/MODEL.MRG,286474240,286580736,106496,0,0,outside_catalogued_loads_not_proven_code_or_data
game/italy/DATA/MODEL.MRG,286777344,286949376,172032,0,0,outside_catalogued_loads_not_proven_code_or_data
game/italy/DATA/MODEL.MRG,287039488,287145984,106496,0,0,outside_catalogued_loads_not_proven_code_or_data
game/italy/DATA/MODEL.MRG,287342592,287514624,172032,0,0,outside_catalogued_loads_not_proven_code_or_data
game/italy/DATA/MODEL.MRG,287604736,287711232,106496,0,0,outside_catalogued_loads_not_proven_code_or_data
game/italy/DATA/MODEL.MRG,287907840,288079872,172032,0,0,outside_catalogued_loads_not_proven_code_or_data
game/italy/DATA/MODEL.MRG,288169984,288276480,106496,0,0,outside_catalogued_loads_not_proven_code_or_data
game/italy/DATA/MODEL.MRG,288473088,288645120,172032,0,0,outside_catalogued_loads_not_proven_code_or_data
game/italy/DATA/MODEL.MRG,288735232,288841728,106496,0,0,outside_catalogued_loads_not_proven_code_or_data
game/italy/DATA/MODEL.MRG,289038336,289210368,172032,0,0,outside_catalogued_loads_not_proven_code_or_data
game/italy/DATA/MODEL.MRG,289300480,289406976,106496,0,0,outside_catalogued_loads_not_proven_code_or_data
game/italy/DATA/MODEL.MRG,289603584,289775616,172032,0,0,outside_catalogued_loads_not_proven_code_or_data
game/italy/DATA/MODEL.MRG,289865728,289972224,106496,0,0,outside_catalogued_loads_not_proven_code_or_data
game/italy/DATA/MODEL.MRG,290168832,290340864,172032,0,0,outside_catalogued_loads_not_proven_code_or_data
game/italy/DATA/MODEL.MRG,290430976,290537472,106496,0,0,outside_catalogued_loads_not_proven_code_or_data
game/italy/DATA/MODEL.MRG,290734080,290906112,172032,0,0,outside_catalogued_loads_not_proven_code_or_data
game/italy/DATA/MODEL.MRG,290996224,291102720,106496,0,0,outside_catalogued_loads_not_proven_code_or_data
game/italy/DATA/MODEL.MRG,291299328,291471360,172032,0,0,outside_catalogued_loads_not_proven_code_or_data
game/italy/DATA/MODEL.MRG,291561472,291667968,106496,0,0,outside_catalogued_loads_not_proven_code_or_data
game/italy/DATA/MODEL.MRG,291864576,292036608,172032,0,0,outside_catalogued_loads_not_proven_code_or_data
game/italy/DATA/MODEL.MRG,292126720,292233216,106496,0,0,outside_catalogued_loads_not_proven_code_or_data
game/italy/DATA/MODEL.MRG,292429824,292601856,172032,0,0,outside_catalogued_loads_not_proven_code_or_data
game/italy/DATA/MODEL.MRG,292691968,292798464,106496,0,0,outside_catalogued_loads_not_proven_code_or_data
game/italy/DATA/MODEL.MRG,292995072,293167104,172032,0,0,outside_catalogued_loads_not_proven_code_or_data
game/italy/DATA/MODEL.MRG,293257216,293363712,106496,0,0,outside_catalogued_loads_not_proven_code_or_data
game/italy/DATA/MODEL.MRG,293560320,293732352,172032,0,0,outside_catalogued_loads_not_proven_code_or_data
game/italy/DATA/MODEL.MRG,293822464,293928960,106496,0,0,outside_catalogued_loads_not_proven_code_or_data
game/italy/DATA/MODEL.MRG,294125568,294297600,172032,0,0,outside_catalogued_loads_not_proven_code_or_data
game/italy/DATA/MODEL.MRG,294387712,294494208,106496,0,0,outside_catalogued_loads_not_proven_code_or_data
game/italy/DATA/MODEL.MRG,294690816,294862848,172032,0,0,outside_catalogued_loads_not_proven_code_or_data
game/italy/DATA/MODEL.MRG,294952960,295059456,106496,0,0,outside_catalogued_loads_not_proven_code_or_data
game/italy/DATA/MODEL.MRG,295256064,295428096,172032,0,0,outside_catalogued_loads_not_proven_code_or_data
game/italy/DATA/MODEL.MRG,295518208,295624704,106496,0,0,outside_catalogued_loads_not_proven_code_or_data
game/italy/DATA/MODEL.MRG,295821312,295993344,172032,0,0,outside_catalogued_loads_not_proven_code_or_data
game/italy/DATA/MODEL.MRG,296083456,296189952,106496,0,0,outside_catalogued_loads_not_proven_code_or_data
game/italy/DATA/MODEL.MRG,296386560,296558592,172032,0,0,outside_catalogued_loads_not_proven_code_or_data
game/italy/DATA/MODEL.MRG,296648704,296755200,106496,0,0,outside_catalogued_loads_not_proven_code_or_data
game/italy/DATA/MODEL.MRG,296951808,297123840,172032,0,0,outside_catalogued_loads_not_proven_code_or_data
game/italy/DATA/MODEL.MRG,297213952,297320448,106496,1,2,outside_catalogued_loads_not_proven_code_or_data
game/italy/DATA/MODEL.MRG,297517056,297689088,172032,0,0,outside_catalogued_loads_not_proven_code_or_data
game/italy/DATA/MODEL.MRG,297779200,297885696,106496,0,0,outside_catalogued_loads_not_proven_code_or_data
game/italy/DATA/MODEL.MRG,298082304,298254336,172032,0,0,outside_catalogued_loads_not_proven_code_or_data
game/italy/DATA/MODEL.MRG,298344448,298450944,106496,0,0,outside_catalogued_loads_not_proven_code_or_data
game/italy/DATA/MODEL.MRG,298647552,298819584,172032,0,0,outside_catalogued_loads_not_proven_code_or_data
game/italy/DATA/MODEL.MRG,298909696,299016192,106496,0,0,outside_catalogued_loads_not_proven_code_or_data
game/italy/DATA/MODEL.MRG,299212800,299384832,172032,0,0,outside_catalogued_loads_not_proven_code_or_data
game/italy/DATA/MODEL.MRG,299474944,299581440,106496,0,0,outside_catalogued_loads_not_proven_code_or_data
game/italy/DATA/MODEL.MRG,299778048,299950080,172032,0,0,outside_catalogued_loads_not_proven_code_or_data
game/italy/DATA/MODEL.MRG,300040192,300146688,106496,0,0,outside_catalogued_loads_not_proven_code_or_data
game/italy/DATA/MODEL.MRG,300343296,300515328,172032,0,0,outside_catalogued_loads_not_proven_code_or_data
game/italy/DATA/MODEL.MRG,300605440,300711936,106496,0,0,outside_catalogued_loads_not_proven_code_or_data
game/italy/DATA/MODEL.MRG,300908544,301080576,172032,0,0,outside_catalogued_loads_not_proven_code_or_data
game/italy/DATA/MODEL.MRG,301170688,301277184,106496,0,0,outside_catalogued_loads_not_proven_code_or_data
game/italy/DATA/MODEL.MRG,301473792,301645824,172032,0,0,outside_catalogued_loads_not_proven_code_or_data
game/italy/DATA/MODEL.MRG,301735936,301842432,106496,2,1,outside_catalogued_loads_not_proven_code_or_data
game/italy/DATA/MODEL.MRG,302039040,302211072,172032,0,0,outside_catalogued_loads_not_proven_code_or_data
game/italy/DATA/MODEL.MRG,302301184,302407680,106496,0,0,outside_catalogued_loads_not_proven_code_or_data
game/italy/DATA/MODEL.MRG,302604288,302776320,172032,0,0,outside_catalogued_loads_not_proven_code_or_data
game/italy/DATA/MODEL.MRG,302866432,302972928,106496,0,0,outside_catalogued_loads_not_proven_code_or_data
game/italy/DATA/MODEL.MRG,303169536,303341568,172032,0,0,outside_catalogued_loads_not_proven_code_or_data
game/italy/DATA/MODEL.MRG,303431680,303538176,106496,0,0,outside_catalogued_loads_not_proven_code_or_data
game/italy/DATA/MODEL.MRG,303734784,303906816,172032,0,0,outside_catalogued_loads_not_proven_code_or_data
game/italy/DATA/MODEL.MRG,303996928,304103424,106496,0,0,outside_catalogued_loads_not_proven_code_or_data
game/italy/DATA/MODEL.MRG,304300032,304472064,172032,0,0,outside_catalogued_loads_not_proven_code_or_data
game/italy/DATA/MODEL.MRG,304562176,304668672,106496,0,0,outside_catalogued_loads_not_proven_code_or_data
game/italy/DATA/MODEL.MRG,304865280,305037312,172032,0,0,outside_catalogued_loads_not_proven_code_or_data
game/italy/DATA/MODEL.MRG,305127424,305233920,106496,0,0,outside_catalogued_loads_not_proven_code_or_data
game/italy/DATA/MODEL.MRG,305430528,305602560,172032,0,0,outside_catalogued_loads_not_proven_code_or_data
game/italy/DATA/MODEL.MRG,305692672,305799168,106496,0,0,outside_catalogued_loads_not_proven_code_or_data
game/italy/DATA/MODEL.MRG,305995776,306167808,172032,0,0,outside_catalogued_loads_not_proven_code_or_data
game/italy/DATA/MODEL.MRG,306257920,306364416,106496,0,0,outside_catalogued_loads_not_proven_code_or_data
game/italy/DATA/MODEL.MRG,306561024,306733056,172032,0,0,outside_catalogued_loads_not_proven_code_or_data
game/italy/DATA/MODEL.MRG,306823168,306929664,106496,0,0,outside_catalogued_loads_not_proven_code_or_data
game/italy/DATA/MODEL.MRG,307126272,307298304,172032,0,0,outside_catalogued_loads_not_proven_code_or_data
game/italy/DATA/MODEL.MRG,307388416,307494912,106496,0,0,outside_catalogued_loads_not_proven_code_or_data
game/italy/DATA/MODEL.MRG,307691520,307863552,172032,0,0,outside_catalogued_loads_not_proven_code_or_data
game/italy/DATA/MODEL.MRG,307953664,308060160,106496,0,0,outside_catalogued_loads_not_proven_code_or_data
game/italy/DATA/MODEL.MRG,308256768,308428800,172032,0,0,outside_catalogued_loads_not_proven_code_or_data
game/italy/DATA/MODEL.MRG,308518912,308625408,106496,0,0,outside_catalogued_loads_not_proven_code_or_data
game/italy/DATA/MODEL.MRG,308822016,308994048,172032,0,0,outside_catalogued_loads_not_proven_code_or_data
game/italy/DATA/MODEL.MRG,309084160,309190656,106496,0,0,outside_catalogued_loads_not_proven_code_or_data
game/italy/DATA/MODEL.MRG,309387264,309559296,172032,0,0,outside_catalogued_loads_not_proven_code_or_data
game/italy/DATA/MODEL.MRG,309649408,309755904,106496,0,0,outside_catalogued_loads_not_proven_code_or_data
game/italy/DATA/MODEL.MRG,309952512,310124544,172032,0,0,outside_catalogued_loads_not_proven_code_or_data
game/italy/DATA/MODEL.MRG,310214656,310321152,106496,0,0,outside_catalogued_loads_not_proven_code_or_data
game/italy/DATA/MODEL.MRG,310517760,310689792,172032,0,0,outside_catalogued_loads_not_proven_code_or_data
game/italy/DATA/MODEL.MRG,310779904,310886400,106496,0,0,outside_catalogued_loads_not_proven_code_or_data
game/italy/DATA/MODEL.MRG,311083008,311255040,172032,0,0,outside_catalogued_loads_not_proven_code_or_data
game/italy/DATA/MODEL.MRG,311345152,311451648,106496,0,0,outside_catalogued_loads_not_proven_code_or_data
game/italy/DATA/MODEL.MRG,311648256,311820288,172032,0,0,outside_catalogued_loads_not_proven_code_or_data
game/italy/DATA/MODEL.MRG,311910400,312016896,106496,0,0,outside_catalogued_loads_not_proven_code_or_data
game/italy/DATA/MODEL.MRG,312213504,312385536,172032,0,0,outside_catalogued_loads_not_proven_code_or_data
game/italy/DATA/MODEL.MRG,312475648,312582144,106496,0,0,outside_catalogued_loads_not_proven_code_or_data
game/italy/DATA/MODEL.MRG,312778752,312950784,172032,0,0,outside_catalogued_loads_not_proven_code_or_data
game/italy/DATA/MODEL.MRG,313040896,313147392,106496,0,0,outside_catalogued_loads_not_proven_code_or_data
game/italy/DATA/MODEL.MRG,313344000,313516032,172032,0,0,outside_catalogued_loads_not_proven_code_or_data
game/italy/DATA/MODEL.MRG,313606144,313712640,106496,0,0,outside_catalogued_loads_not_proven_code_or_data
game/italy/DATA/MODEL.MRG,313909248,314081280,172032,0,0,outside_catalogued_loads_not_proven_code_or_data
game/italy/DATA/MODEL.MRG,314171392,314277888,106496,0,0,outside_catalogued_loads_not_proven_code_or_data
game/italy/DATA/MODEL.MRG,314474496,314646528,172032,0,0,outside_catalogued_loads_not_proven_code_or_data
game/italy/DATA/MODEL.MRG,314736640,314843136,106496,0,0,outside_catalogued_loads_not_proven_code_or_data
game/italy/DATA/MODEL.MRG,315039744,315211776,172032,0,0,outside_catalogued_loads_not_proven_code_or_data
game/italy/DATA/MODEL.MRG,315301888,315408384,106496,0,0,outside_catalogued_loads_not_proven_code_or_data
game/italy/DATA/MODEL.MRG,315604992,315777024,172032,0,0,outside_catalogued_loads_not_proven_code_or_data
game/italy/DATA/MODEL.MRG,315867136,315973632,106496,0,0,outside_catalogued_loads_not_proven_code_or_data
game/italy/DATA/MODEL.MRG,316170240,316342272,172032,0,0,outside_catalogued_loads_not_proven_code_or_data
game/italy/DATA/MODEL.MRG,316432384,316538880,106496,0,0,outside_catalogued_loads_not_proven_code_or_data
game/italy/DATA/MODEL.MRG,316735488,316907520,172032,0,0,outside_catalogued_loads_not_proven_code_or_data
game/italy/DATA/MODEL.MRG,316997632,317104128,106496,0,0,outside_catalogued_loads_not_proven_code_or_data
game/italy/DATA/MODEL.MRG,317300736,317472768,172032,0,0,outside_catalogued_loads_not_proven_code_or_data
game/italy/DATA/MODEL.MRG,317562880,317669376,106496,0,0,outside_catalogued_loads_not_proven_code_or_data
game/italy/DATA/MODEL.MRG,317865984,318038016,172032,0,0,outside_catalogued_loads_not_proven_code_or_data
game/italy/DATA/MODEL.MRG,318128128,318234624,106496,0,0,outside_catalogued_loads_not_proven_code_or_data
game/italy/DATA/MODEL.MRG,318431232,318603264,172032,0,0,outside_catalogued_loads_not_proven_code_or_data
game/italy/DATA/MODEL.MRG,318693376,318799872,106496,0,0,outside_catalogued_loads_not_proven_code_or_data
game/italy/DATA/MODEL.MRG,318996480,319168512,172032,0,0,outside_catalogued_loads_not_proven_code_or_data
game/italy/DATA/MODEL.MRG,319258624,319365120,106496,0,0,outside_catalogued_loads_not_proven_code_or_data
game/italy/DATA/MODEL.MRG,319561728,319733760,172032,0,0,outside_catalogued_loads_not_proven_code_or_data
game/italy/DATA/MODEL.MRG,319823872,319930368,106496,0,0,outside_catalogued_loads_not_proven_code_or_data
game/italy/DATA/MODEL.MRG,320126976,320299008,172032,0,0,outside_catalogued_loads_not_proven_code_or_data
game/italy/DATA/MODEL.MRG,320389120,320495616,106496,0,0,outside_catalogued_loads_not_proven_code_or_data
game/italy/DATA/MODEL.MRG,320692224,320864256,172032,0,0,outside_catalogued_loads_not_proven_code_or_data
game/italy/DATA/MODEL.MRG,320954368,321060864,106496,0,0,outside_catalogued_loads_not_proven_code_or_data
game/italy/DATA/MODEL.MRG,321257472,321429504,172032,0,0,outside_catalogued_loads_not_proven_code_or_data
game/italy/DATA/MODEL.MRG,321519616,321626112,106496,0,0,outside_catalogued_loads_not_proven_code_or_data
game/italy/DATA/MODEL.MRG,321822720,321994752,172032,0,0,outside_catalogued_loads_not_proven_code_or_data
game/italy/DATA/MODEL.MRG,322084864,322191360,106496,0,0,outside_catalogued_loads_not_proven_code_or_data
game/italy/DATA/MODEL.MRG,322387968,322560000,172032,0,0,outside_catalogued_loads_not_proven_code_or_data
game/italy/DATA/MODEL.MRG,322650112,322756608,106496,0,0,outside_catalogued_loads_not_proven_code_or_data
game/italy/DATA/MODEL.MRG,322953216,323125248,172032,0,0,outside_catalogued_loads_not_proven_code_or_data
game/italy/DATA/MODEL.MRG,323215360,323321856,106496,0,0,outside_catalogued_loads_not_proven_code_or_data
game/italy/DATA/MODEL.MRG,323518464,323690496,172032,0,0,outside_catalogued_loads_not_proven_code_or_data
game/italy/DATA/MODEL.MRG,323780608,323887104,106496,0,0,outside_catalogued_loads_not_proven_code_or_data
game/italy/DATA/MODEL.MRG,324083712,324255744,172032,0,0,outside_catalogued_loads_not_proven_code_or_data
game/italy/DATA/MODEL.MRG,324345856,324452352,106496,0,0,outside_catalogued_loads_not_proven_code_or_data
game/italy/DATA/MODEL.MRG,324648960,324820992,172032,0,0,outside_catalogued_loads_not_proven_code_or_data
game/italy/DATA/MODEL.MRG,324911104,325017600,106496,0,0,outside_catalogued_loads_not_proven_code_or_data
game/italy/DATA/MODEL.MRG,325214208,325386240,172032,0,0,outside_catalogued_loads_not_proven_code_or_data
game/italy/DATA/MODEL.MRG,325476352,325582848,106496,0,0,outside_catalogued_loads_not_proven_code_or_data
game/italy/DATA/MODEL.MRG,325779456,325951488,172032,0,0,outside_catalogued_loads_not_proven_code_or_data
game/italy/DATA/MODEL.MRG,326041600,326148096,106496,0,0,outside_catalogued_loads_not_proven_code_or_data
game/italy/DATA/MODEL.MRG,326344704,326516736,172032,0,0,outside_catalogued_loads_not_proven_code_or_data
game/italy/DATA/MODEL.MRG,326606848,326713344,106496,0,0,outside_catalogued_loads_not_proven_code_or_data
game/italy/DATA/MODEL.MRG,326909952,327081984,172032,0,0,outside_catalogued_loads_not_proven_code_or_data
game/italy/DATA/MODEL.MRG,327172096,327278592,106496,0,0,outside_catalogued_loads_not_proven_code_or_data
game/italy/DATA/MODEL.MRG,327475200,327647232,172032,0,0,outside_catalogued_loads_not_proven_code_or_data
game/italy/DATA/MODEL.MRG,327737344,327843840,106496,0,0,outside_catalogued_loads_not_proven_code_or_data
game/italy/DATA/MODEL.MRG,328040448,328212480,172032,0,0,outside_catalogued_loads_not_proven_code_or_data
game/italy/DATA/MODEL.MRG,328302592,328409088,106496,0,0,outside_catalogued_loads_not_proven_code_or_data
game/italy/DATA/MODEL.MRG,328605696,328777728,172032,0,0,outside_catalogued_loads_not_proven_code_or_data
game/italy/DATA/MODEL.MRG,328867840,328974336,106496,0,0,outside_catalogued_loads_not_proven_code_or_data
game/italy/DATA/MODEL.MRG,329170944,329342976,172032,0,0,outside_catalogued_loads_not_proven_code_or_data
game/italy/DATA/MODEL.MRG,329433088,329539584,106496,0,0,outside_catalogued_loads_not_proven_code_or_data
game/italy/DATA/MODEL.MRG,329736192,329908224,172032,0,0,outside_catalogued_loads_not_proven_code_or_data
game/italy/DATA/MODEL.MRG,329998336,330104832,106496,0,0,outside_catalogued_loads_not_proven_code_or_data
game/italy/DATA/MODEL.MRG,330301440,330473472,172032,0,0,outside_catalogued_loads_not_proven_code_or_data
game/italy/DATA/MODEL.MRG,330563584,330670080,106496,0,0,outside_catalogued_loads_not_proven_code_or_data
game/italy/DATA/MODEL.MRG,330866688,331038720,172032,0,0,outside_catalogued_loads_not_proven_code_or_data
game/italy/DATA/MODEL.MRG,331128832,331235328,106496,0,0,outside_catalogued_loads_not_proven_code_or_data
game/italy/DATA/MODEL.MRG,331431936,331603968,172032,0,0,outside_catalogued_loads_not_proven_code_or_data
game/italy/DATA/MODEL.MRG,331694080,331800576,106496,0,0,outside_catalogued_loads_not_proven_code_or_data
game/italy/DATA/MODEL.MRG,331997184,332169216,172032,0,0,outside_catalogued_loads_not_proven_code_or_data
game/italy/DATA/MODEL.MRG,332259328,332365824,106496,0,0,outside_catalogued_loads_not_proven_code_or_data
game/italy/DATA/MODEL.MRG,332562432,332734464,172032,0,0,outside_catalogued_loads_not_proven_code_or_data
game/italy/DATA/MODEL.MRG,332824576,332931072,106496,0,0,outside_catalogued_loads_not_proven_code_or_data
game/italy/DATA/MODEL.MRG,333127680,333299712,172032,0,0,outside_catalogued_loads_not_proven_code_or_data
game/italy/DATA/MODEL.MRG,333389824,333496320,106496,0,0,outside_catalogued_loads_not_proven_code_or_data
game/italy/DATA/MODEL.MRG,333692928,333864960,172032,0,0,outside_catalogued_loads_not_proven_code_or_data
game/italy/DATA/MODEL.MRG,333955072,334061568,106496,0,0,outside_catalogued_loads_not_proven_code_or_data
game/italy/DATA/MODEL.MRG,334258176,334430208,172032,0,0,outside_catalogued_loads_not_proven_code_or_data
game/italy/DATA/MODEL.MRG,334520320,334626816,106496,0,0,outside_catalogued_loads_not_proven_code_or_data
game/italy/DATA/MODEL.MRG,334823424,334995456,172032,0,0,outside_catalogued_loads_not_proven_code_or_data
game/italy/DATA/MODEL.MRG,335085568,335192064,106496,0,0,outside_catalogued_loads_not_proven_code_or_data
game/italy/DATA/MODEL.MRG,335388672,335560704,172032,0,0,outside_catalogued_loads_not_proven_code_or_data
game/italy/DATA/MODEL.MRG,335650816,335757312,106496,0,0,outside_catalogued_loads_not_proven_code_or_data
game/italy/DATA/MODEL.MRG,335953920,336125952,172032,0,0,outside_catalogued_loads_not_proven_code_or_data
game/italy/DATA/MODEL.MRG,336216064,336322560,106496,0,0,outside_catalogued_loads_not_proven_code_or_data
game/italy/DATA/MODEL.MRG,336519168,336691200,172032,0,0,outside_catalogued_loads_not_proven_code_or_data
game/italy/DATA/MODEL.MRG,336781312,336887808,106496,0,0,outside_catalogued_loads_not_proven_code_or_data
game/italy/DATA/MODEL.MRG,337084416,337256448,172032,0,0,outside_catalogued_loads_not_proven_code_or_data
game/italy/DATA/MODEL.MRG,337346560,337453056,106496,0,0,outside_catalogued_loads_not_proven_code_or_data
game/italy/DATA/MODEL.MRG,337649664,337821696,172032,0,0,outside_catalogued_loads_not_proven_code_or_data
game/italy/DATA/MODEL.MRG,337911808,338018304,106496,0,0,outside_catalogued_loads_not_proven_code_or_data
game/italy/DATA/MODEL.MRG,338214912,338386944,172032,0,0,outside_catalogued_loads_not_proven_code_or_data
game/italy/DATA/MODEL.MRG,338477056,338583552,106496,0,0,outside_catalogued_loads_not_proven_code_or_data
game/italy/DATA/MODEL.MRG,338780160,338952192,172032,0,0,outside_catalogued_loads_not_proven_code_or_data
game/italy/DATA/MODEL.MRG,339042304,339148800,106496,0,0,outside_catalogued_loads_not_proven_code_or_data
game/italy/DATA/MODEL.MRG,339345408,339517440,172032,0,0,outside_catalogued_loads_not_proven_code_or_data
game/italy/DATA/MODEL.MRG,339607552,339714048,106496,0,0,outside_catalogued_loads_not_proven_code_or_data
game/italy/DATA/MODEL.MRG,339910656,340082688,172032,0,0,outside_catalogued_loads_not_proven_code_or_data
game/italy/DATA/MODEL.MRG,340172800,340279296,106496,0,0,outside_catalogued_loads_not_proven_code_or_data
game/italy/DATA/MODEL.MRG,340475904,340647936,172032,0,0,outside_catalogued_loads_not_proven_code_or_data
game/italy/DATA/MODEL.MRG,340738048,340844544,106496,0,0,outside_catalogued_loads_not_proven_code_or_data
game/italy/DATA/MODEL.MRG,341041152,341213184,172032,0,0,outside_catalogued_loads_not_proven_code_or_data
game/italy/DATA/MODEL.MRG,341303296,341409792,106496,0,0,outside_catalogued_loads_not_proven_code_or_data
game/italy/DATA/MODEL.MRG,341606400,341778432,172032,0,0,outside_catalogued_loads_not_proven_code_or_data
game/italy/DATA/MODEL.MRG,341868544,341975040,106496,0,0,outside_catalogued_loads_not_proven_code_or_data
game/italy/DATA/MODEL.MRG,342171648,342343680,172032,0,0,outside_catalogued_loads_not_proven_code_or_data
game/italy/DATA/MODEL.MRG,342433792,342540288,106496,0,0,outside_catalogued_loads_not_proven_code_or_data
game/italy/DATA/MODEL.MRG,342736896,342908928,172032,0,0,outside_catalogued_loads_not_proven_code_or_data
game/italy/DATA/MODEL.MRG,342999040,343105536,106496,0,0,outside_catalogued_loads_not_proven_code_or_data
game/italy/DATA/MODEL.MRG,343302144,343474176,172032,0,0,outside_catalogued_loads_not_proven_code_or_data
game/italy/DATA/MODEL.MRG,343564288,343670784,106496,0,0,outside_catalogued_loads_not_proven_code_or_data
game/italy/DATA/MODEL.MRG,343867392,344039424,172032,0,0,outside_catalogued_loads_not_proven_code_or_data
game/italy/DATA/MODEL.MRG,344129536,344236032,106496,0,0,outside_catalogued_loads_not_proven_code_or_data
game/italy/DATA/MODEL.MRG,344432640,344604672,172032,2,0,outside_catalogued_loads_not_proven_code_or_data
game/italy/DATA/MODEL.MRG,344694784,344801280,106496,0,0,outside_catalogued_loads_not_proven_code_or_data
game/italy/DATA/MODEL.MRG,344997888,345169920,172032,0,0,outside_catalogued_loads_not_proven_code_or_data
game/italy/DATA/MODEL.MRG,345260032,345366528,106496,0,0,outside_catalogued_loads_not_proven_code_or_data
game/italy/DATA/MODEL.MRG,345563136,345735168,172032,0,0,outside_catalogued_loads_not_proven_code_or_data
game/italy/DATA/MODEL.MRG,345825280,345931776,106496,0,0,outside_catalogued_loads_not_proven_code_or_data
game/italy/DATA/MODEL.MRG,346128384,346300416,172032,0,0,outside_catalogued_loads_not_proven_code_or_data
game/italy/DATA/MODEL.MRG,346390528,346497024,106496,0,0,outside_catalogued_loads_not_proven_code_or_data
game/italy/DATA/MODEL.MRG,346693632,346865664,172032,0,0,outside_catalogued_loads_not_proven_code_or_data
game/italy/DATA/MODEL.MRG,346955776,347062272,106496,0,0,outside_catalogued_loads_not_proven_code_or_data
game/italy/DATA/MODEL.MRG,347258880,347430912,172032,0,0,outside_catalogued_loads_not_proven_code_or_data
game/italy/DATA/MODEL.MRG,347521024,347627520,106496,0,0,outside_catalogued_loads_not_proven_code_or_data
game/italy/DATA/MODEL.MRG,347824128,347996160,172032,0,0,outside_catalogued_loads_not_proven_code_or_data
game/italy/DATA/MODEL.MRG,348086272,348192768,106496,0,0,outside_catalogued_loads_not_proven_code_or_data
game/italy/DATA/MODEL.MRG,348389376,348561408,172032,0,0,outside_catalogued_loads_not_proven_code_or_data
game/italy/DATA/MODEL.MRG,348651520,348758016,106496,0,0,outside_catalogued_loads_not_proven_code_or_data
game/italy/DATA/MODEL.MRG,348954624,349126656,172032,0,0,outside_catalogued_loads_not_proven_code_or_data
game/italy/DATA/MODEL.MRG,349216768,349323264,106496,0,0,outside_catalogued_loads_not_proven_code_or_data
game/italy/DATA/MODEL.MRG,349519872,349691904,172032,0,0,outside_catalogued_loads_not_proven_code_or_data
game/italy/DATA/MODEL.MRG,349782016,349888512,106496,0,0,outside_catalogued_loads_not_proven_code_or_data
game/italy/DATA/MODEL.MRG,350085120,350257152,172032,0,0,outside_catalogued_loads_not_proven_code_or_data
game/italy/DATA/MODEL.MRG,350347264,350453760,106496,0,0,outside_catalogued_loads_not_proven_code_or_data
game/italy/DATA/MODEL.MRG,350650368,350822400,172032,0,0,outside_catalogued_loads_not_proven_code_or_data
game/italy/DATA/MODEL.MRG,350912512,351019008,106496,0,0,outside_catalogued_loads_not_proven_code_or_data
game/italy/DATA/SU.MRG,0,200704,200704,0,0,outside_catalogued_loads_not_proven_code_or_data
game/italy/DATA/SU.MRG,233472,479232,245760,0,0,outside_catalogued_loads_not_proven_code_or_data
game/italy/DATA/SU.MRG,512000,757760,245760,0,0,outside_catalogued_loads_not_proven_code_or_data
game/italy/DATA/SU.MRG,790528,1036288,245760,0,0,outside_catalogued_loads_not_proven_code_or_data
game/italy/DATA/SU.MRG,1069056,1314816,245760,0,0,outside_catalogued_loads_not_proven_code_or_data
game/italy/DATA/SU.MRG,1347584,1392640,45056,0,0,outside_catalogued_loads_not_proven_code_or_data
game/italy/DATA/SU.MRG,1429504,1630208,200704,0,0,outside_catalogued_loads_not_proven_code_or_data
game/italy/DATA/SU.MRG,1667072,1867776,200704,0,0,outside_catalogued_loads_not_proven_code_or_data
game/italy/DATA/SU.MRG,1904640,2105344,200704,0,0,outside_catalogued_loads_not_proven_code_or_data
game/italy/DATA/SU.MRG,2142208,2342912,200704,0,0,outside_catalogued_loads_not_proven_code_or_data
game/italy/DATA/SU.MRG,2379776,2580480,200704,0,0,outside_catalogued_loads_not_proven_code_or_data
game/italy/DATA/SU.MRG,2617344,2818048,200704,0,0,outside_catalogued_loads_not_proven_code_or_data
game/italy/DATA/SU.MRG,2854912,3452928,598016,0,0,outside_catalogued_loads_not_proven_code_or_data
game/italy/DATA/SU.MRG,3493888,3618816,124928,0,0,outside_catalogued_loads_not_proven_code_or_data
game/italy/DATA/WA_MRG.MRG,0,14731264,14731264,0,0,outside_catalogued_loads_not_proven_code_or_data
game/italy/DATA/WA_MRG.MRG,14821376,15222784,401408,0,0,outside_catalogued_loads_not_proven_code_or_data
game/italy/DATA/WA_MRG.MRG,15312896,15714304,401408,0,0,outside_catalogued_loads_not_proven_code_or_data
game/italy/DATA/WA_MRG.MRG,15804416,16205824,401408,0,0,outside_catalogued_loads_not_proven_code_or_data
game/italy/DATA/WA_MRG.MRG,16295936,16697344,401408,0,0,outside_catalogued_loads_not_proven_code_or_data
game/italy/DATA/WA_MRG.MRG,16787456,17188864,401408,0,0,outside_catalogued_loads_not_proven_code_or_data
game/italy/DATA/WA_MRG.MRG,17278976,17680384,401408,0,0,outside_catalogued_loads_not_proven_code_or_data
game/italy/DATA/WA_MRG.MRG,17770496,19054592,1284096,0,0,outside_catalogued_loads_not_proven_code_or_data
game/italy/DATA/WA_MRG.MRG,19064832,19197952,133120,0,0,outside_catalogued_loads_not_proven_code_or_data
game/italy/DATA/WA_MRG.MRG,19228672,19374080,145408,0,0,outside_catalogued_loads_not_proven_code_or_data
game/italy/DATA/WA_MRG.MRG,19404800,19474432,69632,0,0,outside_catalogued_loads_not_proven_code_or_data
game/italy/DATA/WA_MRG.MRG,19480576,19992576,512000,0,0,outside_catalogued_loads_not_proven_code_or_data
game/italy/DATA/WA_MRG.MRG,20004864,20316160,311296,0,0,outside_catalogued_loads_not_proven_code_or_data
game/italy/DATA/WA_MRG.MRG,20328448,20828160,499712,16,25,outside_catalogued_loads_not_proven_code_or_data
game/italy/DATA/WA_MRG.MRG,20840448,20912128,71680,0,0,outside_catalogued_loads_not_proven_code_or_data
game/italy/DATA/WA_MRG.MRG,20924416,20996096,71680,0,0,outside_catalogued_loads_not_proven_code_or_data
game/italy/DATA/WA_MRG.MRG,21008384,21080064,71680,0,0,outside_catalogued_loads_not_proven_code_or_data
game/italy/DATA/WA_MRG.MRG,21092352,21164032,71680,0,0,outside_catalogued_loads_not_proven_code_or_data
game/italy/DATA/WA_MRG.MRG,21176320,41981952,20805632,19,25,outside_catalogued_loads_not_proven_code_or_data
