image_id,archive,sector_offset,sector_count,load_address,sha256,header_word,model,stage,load_kind,loader_evidence,configured_modules
80100000-c49a00048ee75116af751ff02a1aef34c88a953af7b3763e2a95a767c673d01e,game/france/DATA/MODEL.MRG,0,96,0x80100000,c49a00048ee75116af751ff02a1aef34c88a953af7b3763e2a95a767c673d01e,0x0001E568,0,0,data_load,model_bulk_data_slot0,
80140000-c49a00048ee75116af751ff02a1aef34c88a953af7b3763e2a95a767c673d01e,game/france/DATA/MODEL.MRG,0,96,0x80140000,c49a00048ee75116af751ff02a1aef34c88a953af7b3763e2a95a767c673d01e,0x0001E568,0,0,data_load,model_bulk_data_slot1,
80100000-dfd2fb32dceda6440628dcdbf12a6d5ad171e0780b12a8b6794ee148218bf740,game/france/DATA/MODEL.MRG,276,96,0x80100000,dfd2fb32dceda6440628dcdbf12a6d5ad171e0780b12a8b6794ee148218bf740,0x0000BDB4,1,0,data_load,model_bulk_data_slot0,
80140000-dfd2fb32dceda6440628dcdbf12a6d5ad171e0780b12a8b6794ee148218bf740,game/france/DATA/MODEL.MRG,276,96,0x80140000,dfd2fb32dceda6440628dcdbf12a6d5ad171e0780b12a8b6794ee148218bf740,0x0000BDB4,1,0,data_load,model_bulk_data_slot1,
80100000-9f3803059f11f04960afeb5bb2f957f9c4ca9f6d933218a088920c475109c860,game/france/DATA/MODEL.MRG,552,96,0x80100000,9f3803059f11f04960afeb5bb2f957f9c4ca9f6d933218a088920c475109c860,0x0001C94C,2,0,data_load,model_bulk_data_slot0,
80140000-9f3803059f11f04960afeb5bb2f957f9c4ca9f6d933218a088920c475109c860,game/france/DATA/MODEL.MRG,552,96,0x80140000,9f3803059f11f04960afeb5bb2f957f9c4ca9f6d933218a088920c475109c860,0x0001C94C,2,0,data_load,model_bulk_data_slot1,
80100000-f6836979ac9a75acd5984e707702b8e70b2adef7490d10fdc41fb00d69ed9ba4,game/france/DATA/MODEL.MRG,828,96,0x80100000,f6836979ac9a75acd5984e707702b8e70b2adef7490d10fdc41fb00d69ed9ba4,0x00020D30,3,0,data_load,model_bulk_data_slot0,
80140000-f6836979ac9a75acd5984e707702b8e70b2adef7490d10fdc41fb00d69ed9ba4,game/france/DATA/MODEL.MRG,828,96,0x80140000,f6836979ac9a75acd5984e707702b8e70b2adef7490d10fdc41fb00d69ed9ba4,0x00020D30,3,0,data_load,model_bulk_data_slot1,
80100000-9bdba31fb8b017cb8bd08d98cb46776581864e6c409b76abfee09a6281ce8f36,game/france/DATA/MODEL.MRG,1104,96,0x80100000,9bdba31fb8b017cb8bd08d98cb46776581864e6c409b76abfee09a6281ce8f36,0x0002104C,4,0,data_load,model_bulk_data_slot0,
80140000-9bdba31fb8b017cb8bd08d98cb46776581864e6c409b76abfee09a6281ce8f36,game/france/DATA/MODEL.MRG,1104,96,0x80140000,9bdba31fb8b017cb8bd08d98cb46776581864e6c409b76abfee09a6281ce8f36,0x0002104C,4,0,data_load,model_bulk_data_slot1,
80100000-2368a67260f315f437fae24cc8034fa6100ecf62b94b944adcfbd21e50bab88c,game/france/DATA/MODEL.MRG,1380,96,0x80100000,2368a67260f315f437fae24cc8034fa6100ecf62b94b944adcfbd21e50bab88c,0x0002C6F0,5,0,data_load,model_bulk_data_slot0,
80140000-2368a67260f315f437fae24cc8034fa6100ecf62b94b944adcfbd21e50bab88c,game/france/DATA/MODEL.MRG,1380,96,0x80140000,2368a67260f315f437fae24cc8034fa6100ecf62b94b944adcfbd21e50bab88c,0x0002C6F0,5,0,data_load,model_bulk_data_slot1,
80100000-a03862aa45469f4fb112ac3bc3ab00b78985ec7622b8414a8fd7ff1fbcbad7f2,game/france/DATA/MODEL.MRG,1656,96,0x80100000,a03862aa45469f4fb112ac3bc3ab00b78985ec7622b8414a8fd7ff1fbcbad7f2,0x0001AE70,6,0,data_load,model_bulk_data_slot0,
80140000-a03862aa45469f4fb112ac3bc3ab00b78985ec7622b8414a8fd7ff1fbcbad7f2,game/france/DATA/MODEL.MRG,1656,96,0x80140000,a03862aa45469f4fb112ac3bc3ab00b78985ec7622b8414a8fd7ff1fbcbad7f2,0x0001AE70,6,0,data_load,model_bulk_data_slot1,
80100000-0ad7109dfd4b2ab37f0c45d1ec0f5a1c8ea8d942f4dcfcafd3ed7c14a9be9c0e,game/france/DATA/MODEL.MRG,1932,96,0x80100000,0ad7109dfd4b2ab37f0c45d1ec0f5a1c8ea8d942f4dcfcafd3ed7c14a9be9c0e,0x000136C0,7,0,data_load,model_bulk_data_slot0,
80140000-0ad7109dfd4b2ab37f0c45d1ec0f5a1c8ea8d942f4dcfcafd3ed7c14a9be9c0e,game/france/DATA/MODEL.MRG,1932,96,0x80140000,0ad7109dfd4b2ab37f0c45d1ec0f5a1c8ea8d942f4dcfcafd3ed7c14a9be9c0e,0x000136C0,7,0,data_load,model_bulk_data_slot1,
80100000-603073cb41b05bb0e3128e84043fa4a730d8c420d04a27a8870ffff2c37870db,game/france/DATA/MODEL.MRG,2208,96,0x80100000,603073cb41b05bb0e3128e84043fa4a730d8c420d04a27a8870ffff2c37870db,0x00005AB4,8,0,data_load,model_bulk_data_slot0,
80140000-603073cb41b05bb0e3128e84043fa4a730d8c420d04a27a8870ffff2c37870db,game/france/DATA/MODEL.MRG,2208,96,0x80140000,603073cb41b05bb0e3128e84043fa4a730d8c420d04a27a8870ffff2c37870db,0x00005AB4,8,0,data_load,model_bulk_data_slot1,
80100000-32a84e39c52fb3c6107b5bd2d635bdc156ec2f2c29cad553b712d2b96a408ed5,game/france/DATA/MODEL.MRG,2484,96,0x80100000,32a84e39c52fb3c6107b5bd2d635bdc156ec2f2c29cad553b712d2b96a408ed5,0x000215EC,9,0,data_load,model_bulk_data_slot0,
80140000-32a84e39c52fb3c6107b5bd2d635bdc156ec2f2c29cad553b712d2b96a408ed5,game/france/DATA/MODEL.MRG,2484,96,0x80140000,32a84e39c52fb3c6107b5bd2d635bdc156ec2f2c29cad553b712d2b96a408ed5,0x000215EC,9,0,data_load,model_bulk_data_slot1,
80100000-861fdcdd97b45ab6cefd37fa85e11494c46f7f6e897243b8fd600035ae2ee6ad,game/france/DATA/MODEL.MRG,2760,96,0x80100000,861fdcdd97b45ab6cefd37fa85e11494c46f7f6e897243b8fd600035ae2ee6ad,0x0001E5A4,10,0,data_load,model_bulk_data_slot0,
80140000-861fdcdd97b45ab6cefd37fa85e11494c46f7f6e897243b8fd600035ae2ee6ad,game/france/DATA/MODEL.MRG,2760,96,0x80140000,861fdcdd97b45ab6cefd37fa85e11494c46f7f6e897243b8fd600035ae2ee6ad,0x0001E5A4,10,0,data_load,model_bulk_data_slot1,
80100000-4e7fd2b461ac269b5380c4fb59c1a401481f90fe19c6b64663823105daca6111,game/france/DATA/MODEL.MRG,3036,96,0x80100000,4e7fd2b461ac269b5380c4fb59c1a401481f90fe19c6b64663823105daca6111,0x00016A24,11,0,data_load,model_bulk_data_slot0,
80140000-4e7fd2b461ac269b5380c4fb59c1a401481f90fe19c6b64663823105daca6111,game/france/DATA/MODEL.MRG,3036,96,0x80140000,4e7fd2b461ac269b5380c4fb59c1a401481f90fe19c6b64663823105daca6111,0x00016A24,11,0,data_load,model_bulk_data_slot1,
80100000-b99ca5b455c33c2d9c077ab11fedc3bc13946c8ab5a36e99a8d7d54af87aea33,game/france/DATA/MODEL.MRG,3312,96,0x80100000,b99ca5b455c33c2d9c077ab11fedc3bc13946c8ab5a36e99a8d7d54af87aea33,0x0000AC60,12,0,data_load,model_bulk_data_slot0,
80140000-b99ca5b455c33c2d9c077ab11fedc3bc13946c8ab5a36e99a8d7d54af87aea33,game/france/DATA/MODEL.MRG,3312,96,0x80140000,b99ca5b455c33c2d9c077ab11fedc3bc13946c8ab5a36e99a8d7d54af87aea33,0x0000AC60,12,0,data_load,model_bulk_data_slot1,
80100000-03819cf8c1de38419960c33d70b264b95b398099540b86ba048f03f3985efbdd,game/france/DATA/MODEL.MRG,3588,96,0x80100000,03819cf8c1de38419960c33d70b264b95b398099540b86ba048f03f3985efbdd,0x0001BCE4,13,0,data_load,model_bulk_data_slot0,
80140000-03819cf8c1de38419960c33d70b264b95b398099540b86ba048f03f3985efbdd,game/france/DATA/MODEL.MRG,3588,96,0x80140000,03819cf8c1de38419960c33d70b264b95b398099540b86ba048f03f3985efbdd,0x0001BCE4,13,0,data_load,model_bulk_data_slot1,
80100000-5a0dbb0d5308492ac1bc1eeaf2c67e8936a0685184d9270e3d5abc1fec04a555,game/france/DATA/MODEL.MRG,3864,96,0x80100000,5a0dbb0d5308492ac1bc1eeaf2c67e8936a0685184d9270e3d5abc1fec04a555,0x00024018,14,0,data_load,model_bulk_data_slot0,
80140000-5a0dbb0d5308492ac1bc1eeaf2c67e8936a0685184d9270e3d5abc1fec04a555,game/france/DATA/MODEL.MRG,3864,96,0x80140000,5a0dbb0d5308492ac1bc1eeaf2c67e8936a0685184d9270e3d5abc1fec04a555,0x00024018,14,0,data_load,model_bulk_data_slot1,
80100000-9dfec00f88fa5a51456309e9c3c1db4a7e688240a83e9cdc649c0f2d6e369f69,game/france/DATA/MODEL.MRG,4140,96,0x80100000,9dfec00f88fa5a51456309e9c3c1db4a7e688240a83e9cdc649c0f2d6e369f69,0x00015C04,15,0,data_load,model_bulk_data_slot0,
80140000-9dfec00f88fa5a51456309e9c3c1db4a7e688240a83e9cdc649c0f2d6e369f69,game/france/DATA/MODEL.MRG,4140,96,0x80140000,9dfec00f88fa5a51456309e9c3c1db4a7e688240a83e9cdc649c0f2d6e369f69,0x00015C04,15,0,data_load,model_bulk_data_slot1,
80100000-20751f988bcf05c70d3e9903909564c209106cc5d85730c28577a2c9b8fcb83b,game/france/DATA/MODEL.MRG,4416,96,0x80100000,20751f988bcf05c70d3e9903909564c209106cc5d85730c28577a2c9b8fcb83b,0x00009E8C,16,0,data_load,model_bulk_data_slot0,
80140000-20751f988bcf05c70d3e9903909564c209106cc5d85730c28577a2c9b8fcb83b,game/france/DATA/MODEL.MRG,4416,96,0x80140000,20751f988bcf05c70d3e9903909564c209106cc5d85730c28577a2c9b8fcb83b,0x00009E8C,16,0,data_load,model_bulk_data_slot1,
80100000-88ac807ccd9f6e915f8b40c6d8a44857850415e0b7156b7145f1ba3d755b5d36,game/france/DATA/MODEL.MRG,4692,96,0x80100000,88ac807ccd9f6e915f8b40c6d8a44857850415e0b7156b7145f1ba3d755b5d36,0x00009EA4,17,0,data_load,model_bulk_data_slot0,
80140000-88ac807ccd9f6e915f8b40c6d8a44857850415e0b7156b7145f1ba3d755b5d36,game/france/DATA/MODEL.MRG,4692,96,0x80140000,88ac807ccd9f6e915f8b40c6d8a44857850415e0b7156b7145f1ba3d755b5d36,0x00009EA4,17,0,data_load,model_bulk_data_slot1,
80100000-ea543a129364040e309c57f8aefb1445e66ed51b1d2c394970bb0a9059cf0bd9,game/france/DATA/MODEL.MRG,4968,96,0x80100000,ea543a129364040e309c57f8aefb1445e66ed51b1d2c394970bb0a9059cf0bd9,0x000112A8,18,0,data_load,model_bulk_data_slot0,
80140000-ea543a129364040e309c57f8aefb1445e66ed51b1d2c394970bb0a9059cf0bd9,game/france/DATA/MODEL.MRG,4968,96,0x80140000,ea543a129364040e309c57f8aefb1445e66ed51b1d2c394970bb0a9059cf0bd9,0x000112A8,18,0,data_load,model_bulk_data_slot1,
80100000-f205eb758d12eeb6574181794a7ac174e107247770e4bb1f195c02887fd472ad,game/france/DATA/MODEL.MRG,5244,96,0x80100000,f205eb758d12eeb6574181794a7ac174e107247770e4bb1f195c02887fd472ad,0x000112B4,19,0,data_load,model_bulk_data_slot0,
80140000-f205eb758d12eeb6574181794a7ac174e107247770e4bb1f195c02887fd472ad,game/france/DATA/MODEL.MRG,5244,96,0x80140000,f205eb758d12eeb6574181794a7ac174e107247770e4bb1f195c02887fd472ad,0x000112B4,19,0,data_load,model_bulk_data_slot1,
80100000-3bb436ff90d7c0aa07f910ef4e7059916df3920ff9c860b25bdaa472e408c207,game/france/DATA/MODEL.MRG,5520,96,0x80100000,3bb436ff90d7c0aa07f910ef4e7059916df3920ff9c860b25bdaa472e408c207,0x00018F10,20,0,data_load,model_bulk_data_slot0,
80140000-3bb436ff90d7c0aa07f910ef4e7059916df3920ff9c860b25bdaa472e408c207,game/france/DATA/MODEL.MRG,5520,96,0x80140000,3bb436ff90d7c0aa07f910ef4e7059916df3920ff9c860b25bdaa472e408c207,0x00018F10,20,0,data_load,model_bulk_data_slot1,
80100000-9fc55ac156065809aaa2cf9f3c01f4bf7c82170a292402c35353d9b77f11ec32,game/france/DATA/MODEL.MRG,5796,96,0x80100000,9fc55ac156065809aaa2cf9f3c01f4bf7c82170a292402c35353d9b77f11ec32,0x0001CA8C,21,0,data_load,model_bulk_data_slot0,
80140000-9fc55ac156065809aaa2cf9f3c01f4bf7c82170a292402c35353d9b77f11ec32,game/france/DATA/MODEL.MRG,5796,96,0x80140000,9fc55ac156065809aaa2cf9f3c01f4bf7c82170a292402c35353d9b77f11ec32,0x0001CA8C,21,0,data_load,model_bulk_data_slot1,
80100000-135b9edb88d65ef859c2acd3ffb544a139b2de2f0387a19b6eeef254a5863b56,game/france/DATA/MODEL.MRG,6072,96,0x80100000,135b9edb88d65ef859c2acd3ffb544a139b2de2f0387a19b6eeef254a5863b56,0x000192CC,22,0,data_load,model_bulk_data_slot0,
80140000-135b9edb88d65ef859c2acd3ffb544a139b2de2f0387a19b6eeef254a5863b56,game/france/DATA/MODEL.MRG,6072,96,0x80140000,135b9edb88d65ef859c2acd3ffb544a139b2de2f0387a19b6eeef254a5863b56,0x000192CC,22,0,data_load,model_bulk_data_slot1,
80100000-202afdfd70bd0fafdfbe8a03ba1372c70bbc87756cfad45d644597c2d858e4bc,game/france/DATA/MODEL.MRG,6348,96,0x80100000,202afdfd70bd0fafdfbe8a03ba1372c70bbc87756cfad45d644597c2d858e4bc,0x000167A0,23,0,data_load,model_bulk_data_slot0,
80140000-202afdfd70bd0fafdfbe8a03ba1372c70bbc87756cfad45d644597c2d858e4bc,game/france/DATA/MODEL.MRG,6348,96,0x80140000,202afdfd70bd0fafdfbe8a03ba1372c70bbc87756cfad45d644597c2d858e4bc,0x000167A0,23,0,data_load,model_bulk_data_slot1,
80100000-d8b96f774a009713f7d43b5524cca102817563e91dec20939c853081b51665d4,game/france/DATA/MODEL.MRG,6624,96,0x80100000,d8b96f774a009713f7d43b5524cca102817563e91dec20939c853081b51665d4,0x0002A690,24,0,data_load,model_bulk_data_slot0,
80140000-d8b96f774a009713f7d43b5524cca102817563e91dec20939c853081b51665d4,game/france/DATA/MODEL.MRG,6624,96,0x80140000,d8b96f774a009713f7d43b5524cca102817563e91dec20939c853081b51665d4,0x0002A690,24,0,data_load,model_bulk_data_slot1,
80100000-90cfa46498b0007b2eb4520c47e890d0f306d56c2fab060e5e21d238941b21c7,game/france/DATA/MODEL.MRG,6900,96,0x80100000,90cfa46498b0007b2eb4520c47e890d0f306d56c2fab060e5e21d238941b21c7,0x00016E08,25,0,data_load,model_bulk_data_slot0,
80140000-90cfa46498b0007b2eb4520c47e890d0f306d56c2fab060e5e21d238941b21c7,game/france/DATA/MODEL.MRG,6900,96,0x80140000,90cfa46498b0007b2eb4520c47e890d0f306d56c2fab060e5e21d238941b21c7,0x00016E08,25,0,data_load,model_bulk_data_slot1,
80100000-4c84fe03c7d4a7642dbb9d3121f9b9120027e83c6b4133ad8f909704614ac8e2,game/france/DATA/MODEL.MRG,7176,96,0x80100000,4c84fe03c7d4a7642dbb9d3121f9b9120027e83c6b4133ad8f909704614ac8e2,0x00020EC0,26,0,data_load,model_bulk_data_slot0,
80140000-4c84fe03c7d4a7642dbb9d3121f9b9120027e83c6b4133ad8f909704614ac8e2,game/france/DATA/MODEL.MRG,7176,96,0x80140000,4c84fe03c7d4a7642dbb9d3121f9b9120027e83c6b4133ad8f909704614ac8e2,0x00020EC0,26,0,data_load,model_bulk_data_slot1,
80100000-1b132197ff6d192f1ff980b0af8e3ddb7bdbdebd340cb81dd3a5cefca128aeb9,game/france/DATA/MODEL.MRG,7452,96,0x80100000,1b132197ff6d192f1ff980b0af8e3ddb7bdbdebd340cb81dd3a5cefca128aeb9,0x00011204,27,0,data_load,model_bulk_data_slot0,
80140000-1b132197ff6d192f1ff980b0af8e3ddb7bdbdebd340cb81dd3a5cefca128aeb9,game/france/DATA/MODEL.MRG,7452,96,0x80140000,1b132197ff6d192f1ff980b0af8e3ddb7bdbdebd340cb81dd3a5cefca128aeb9,0x00011204,27,0,data_load,model_bulk_data_slot1,
80100000-54c71caf3d39dc1b5aa44e036ab50acc98da2e66591c8a47395be651da06203f,game/france/DATA/MODEL.MRG,7728,96,0x80100000,54c71caf3d39dc1b5aa44e036ab50acc98da2e66591c8a47395be651da06203f,0x00015920,28,0,data_load,model_bulk_data_slot0,
80140000-54c71caf3d39dc1b5aa44e036ab50acc98da2e66591c8a47395be651da06203f,game/france/DATA/MODEL.MRG,7728,96,0x80140000,54c71caf3d39dc1b5aa44e036ab50acc98da2e66591c8a47395be651da06203f,0x00015920,28,0,data_load,model_bulk_data_slot1,
80100000-2355b99f11e9d3a83cf1181f3bd013557b458055e3a4a77583eba23ae77e6ad4,game/france/DATA/MODEL.MRG,8004,96,0x80100000,2355b99f11e9d3a83cf1181f3bd013557b458055e3a4a77583eba23ae77e6ad4,0x0001FE7C,29,0,data_load,model_bulk_data_slot0,
80140000-2355b99f11e9d3a83cf1181f3bd013557b458055e3a4a77583eba23ae77e6ad4,game/france/DATA/MODEL.MRG,8004,96,0x80140000,2355b99f11e9d3a83cf1181f3bd013557b458055e3a4a77583eba23ae77e6ad4,0x0001FE7C,29,0,data_load,model_bulk_data_slot1,
80100000-82094711ab33033ce0af94915dc7c055b8d34b0204b896423535aff19b78a845,game/france/DATA/MODEL.MRG,8280,96,0x80100000,82094711ab33033ce0af94915dc7c055b8d34b0204b896423535aff19b78a845,0x0001C194,30,0,data_load,model_bulk_data_slot0,
80140000-82094711ab33033ce0af94915dc7c055b8d34b0204b896423535aff19b78a845,game/france/DATA/MODEL.MRG,8280,96,0x80140000,82094711ab33033ce0af94915dc7c055b8d34b0204b896423535aff19b78a845,0x0001C194,30,0,data_load,model_bulk_data_slot1,
80100000-92ab83604bba925e3041be24ab86db8baa529734e276858c9facf06d837cdf8d,game/france/DATA/MODEL.MRG,8556,96,0x80100000,92ab83604bba925e3041be24ab86db8baa529734e276858c9facf06d837cdf8d,0x0001DA78,31,0,data_load,model_bulk_data_slot0,
80140000-92ab83604bba925e3041be24ab86db8baa529734e276858c9facf06d837cdf8d,game/france/DATA/MODEL.MRG,8556,96,0x80140000,92ab83604bba925e3041be24ab86db8baa529734e276858c9facf06d837cdf8d,0x0001DA78,31,0,data_load,model_bulk_data_slot1,
80100000-e2f0d82403938ac22c4af2b4952e1571545e0cc7dcfcaaf54022abebe69592b3,game/france/DATA/MODEL.MRG,8832,96,0x80100000,e2f0d82403938ac22c4af2b4952e1571545e0cc7dcfcaaf54022abebe69592b3,0x0001A588,32,0,data_load,model_bulk_data_slot0,
80140000-e2f0d82403938ac22c4af2b4952e1571545e0cc7dcfcaaf54022abebe69592b3,game/france/DATA/MODEL.MRG,8832,96,0x80140000,e2f0d82403938ac22c4af2b4952e1571545e0cc7dcfcaaf54022abebe69592b3,0x0001A588,32,0,data_load,model_bulk_data_slot1,
80100000-da61e948fc90ddf539ecaa5aa79931017694110e7ec38f3f757145aac861c74c,game/france/DATA/MODEL.MRG,9108,96,0x80100000,da61e948fc90ddf539ecaa5aa79931017694110e7ec38f3f757145aac861c74c,0x0001C468,33,0,data_load,model_bulk_data_slot0,
80140000-da61e948fc90ddf539ecaa5aa79931017694110e7ec38f3f757145aac861c74c,game/france/DATA/MODEL.MRG,9108,96,0x80140000,da61e948fc90ddf539ecaa5aa79931017694110e7ec38f3f757145aac861c74c,0x0001C468,33,0,data_load,model_bulk_data_slot1,
80100000-ab4dabe26500235daae417f0135582bef66e0d9a177435ce5eccc2926b7f19e8,game/france/DATA/MODEL.MRG,9384,96,0x80100000,ab4dabe26500235daae417f0135582bef66e0d9a177435ce5eccc2926b7f19e8,0x0001B730,34,0,data_load,model_bulk_data_slot0,
80140000-ab4dabe26500235daae417f0135582bef66e0d9a177435ce5eccc2926b7f19e8,game/france/DATA/MODEL.MRG,9384,96,0x80140000,ab4dabe26500235daae417f0135582bef66e0d9a177435ce5eccc2926b7f19e8,0x0001B730,34,0,data_load,model_bulk_data_slot1,
80100000-ad65d8712ca8039e3efbeb4920d1ed9b8224328a22054b313cca19ac6cf8e23c,game/france/DATA/MODEL.MRG,9660,96,0x80100000,ad65d8712ca8039e3efbeb4920d1ed9b8224328a22054b313cca19ac6cf8e23c,0x00019358,35,0,data_load,model_bulk_data_slot0,
80140000-ad65d8712ca8039e3efbeb4920d1ed9b8224328a22054b313cca19ac6cf8e23c,game/france/DATA/MODEL.MRG,9660,96,0x80140000,ad65d8712ca8039e3efbeb4920d1ed9b8224328a22054b313cca19ac6cf8e23c,0x00019358,35,0,data_load,model_bulk_data_slot1,
80100000-a334c3ce670f15bda4acd6691de9c7c17bbeb7e1787ee48980fa486f012c4785,game/france/DATA/MODEL.MRG,9936,96,0x80100000,a334c3ce670f15bda4acd6691de9c7c17bbeb7e1787ee48980fa486f012c4785,0x00024770,36,0,data_load,model_bulk_data_slot0,
80140000-a334c3ce670f15bda4acd6691de9c7c17bbeb7e1787ee48980fa486f012c4785,game/france/DATA/MODEL.MRG,9936,96,0x80140000,a334c3ce670f15bda4acd6691de9c7c17bbeb7e1787ee48980fa486f012c4785,0x00024770,36,0,data_load,model_bulk_data_slot1,
80100000-804d16b48050969b93ffbb86fba5dee459bd842c17e8e39e1832c9d2708537b5,game/france/DATA/MODEL.MRG,10212,96,0x80100000,804d16b48050969b93ffbb86fba5dee459bd842c17e8e39e1832c9d2708537b5,0x00022BB8,37,0,data_load,model_bulk_data_slot0,
80140000-804d16b48050969b93ffbb86fba5dee459bd842c17e8e39e1832c9d2708537b5,game/france/DATA/MODEL.MRG,10212,96,0x80140000,804d16b48050969b93ffbb86fba5dee459bd842c17e8e39e1832c9d2708537b5,0x00022BB8,37,0,data_load,model_bulk_data_slot1,
80100000-18497d1ecacb3180187b683750e420040a9513c6c81ad26acb32e5efd59c006f,game/france/DATA/MODEL.MRG,10488,96,0x80100000,18497d1ecacb3180187b683750e420040a9513c6c81ad26acb32e5efd59c006f,0x00013F4C,38,0,data_load,model_bulk_data_slot0,
80140000-18497d1ecacb3180187b683750e420040a9513c6c81ad26acb32e5efd59c006f,game/france/DATA/MODEL.MRG,10488,96,0x80140000,18497d1ecacb3180187b683750e420040a9513c6c81ad26acb32e5efd59c006f,0x00013F4C,38,0,data_load,model_bulk_data_slot1,
80100000-ce06b4ddebd13c9f2bf79fe86d47296aa4dddb3149061d1a2a5e944ca1b801b5,game/france/DATA/MODEL.MRG,10764,96,0x80100000,ce06b4ddebd13c9f2bf79fe86d47296aa4dddb3149061d1a2a5e944ca1b801b5,0x0001B73C,39,0,data_load,model_bulk_data_slot0,
80140000-ce06b4ddebd13c9f2bf79fe86d47296aa4dddb3149061d1a2a5e944ca1b801b5,game/france/DATA/MODEL.MRG,10764,96,0x80140000,ce06b4ddebd13c9f2bf79fe86d47296aa4dddb3149061d1a2a5e944ca1b801b5,0x0001B73C,39,0,data_load,model_bulk_data_slot1,
80100000-cd6713efa216ceabcb4e99a9e4aca3500340c22d9917c0160113b006f354b0f5,game/france/DATA/MODEL.MRG,11040,96,0x80100000,cd6713efa216ceabcb4e99a9e4aca3500340c22d9917c0160113b006f354b0f5,0x0001A2F0,40,0,data_load,model_bulk_data_slot0,
80140000-cd6713efa216ceabcb4e99a9e4aca3500340c22d9917c0160113b006f354b0f5,game/france/DATA/MODEL.MRG,11040,96,0x80140000,cd6713efa216ceabcb4e99a9e4aca3500340c22d9917c0160113b006f354b0f5,0x0001A2F0,40,0,data_load,model_bulk_data_slot1,
80100000-a78848ab049ec3b98b65c1489a38e74c9c19989cb5e241df93cda933612048f9,game/france/DATA/MODEL.MRG,11316,96,0x80100000,a78848ab049ec3b98b65c1489a38e74c9c19989cb5e241df93cda933612048f9,0x00017448,41,0,data_load,model_bulk_data_slot0,
80140000-a78848ab049ec3b98b65c1489a38e74c9c19989cb5e241df93cda933612048f9,game/france/DATA/MODEL.MRG,11316,96,0x80140000,a78848ab049ec3b98b65c1489a38e74c9c19989cb5e241df93cda933612048f9,0x00017448,41,0,data_load,model_bulk_data_slot1,
80100000-5fb247d923be4968f5dbebb4d835c2343954a99836b9322ba3fc54e8f74293ea,game/france/DATA/MODEL.MRG,11592,96,0x80100000,5fb247d923be4968f5dbebb4d835c2343954a99836b9322ba3fc54e8f74293ea,0x00019790,42,0,data_load,model_bulk_data_slot0,
80140000-5fb247d923be4968f5dbebb4d835c2343954a99836b9322ba3fc54e8f74293ea,game/france/DATA/MODEL.MRG,11592,96,0x80140000,5fb247d923be4968f5dbebb4d835c2343954a99836b9322ba3fc54e8f74293ea,0x00019790,42,0,data_load,model_bulk_data_slot1,
80100000-591d2a89a388f31f21fd8cf1cce607ad666f27a151dd3968799f979a24e7ae0b,game/france/DATA/MODEL.MRG,11868,96,0x80100000,591d2a89a388f31f21fd8cf1cce607ad666f27a151dd3968799f979a24e7ae0b,0x0000DB8C,43,0,data_load,model_bulk_data_slot0,
80140000-591d2a89a388f31f21fd8cf1cce607ad666f27a151dd3968799f979a24e7ae0b,game/france/DATA/MODEL.MRG,11868,96,0x80140000,591d2a89a388f31f21fd8cf1cce607ad666f27a151dd3968799f979a24e7ae0b,0x0000DB8C,43,0,data_load,model_bulk_data_slot1,
80100000-67617e44b29f61422dade26d516841d7dff1c8b3daaf848234ddc577ad89b8ff,game/france/DATA/MODEL.MRG,12144,96,0x80100000,67617e44b29f61422dade26d516841d7dff1c8b3daaf848234ddc577ad89b8ff,0x00010C78,44,0,data_load,model_bulk_data_slot0,
80140000-67617e44b29f61422dade26d516841d7dff1c8b3daaf848234ddc577ad89b8ff,game/france/DATA/MODEL.MRG,12144,96,0x80140000,67617e44b29f61422dade26d516841d7dff1c8b3daaf848234ddc577ad89b8ff,0x00010C78,44,0,data_load,model_bulk_data_slot1,
80100000-9327fdf1dbf1ee839a3ea2f5a8828d257302bef819928b96d61fb05f80bd71a6,game/france/DATA/MODEL.MRG,12420,96,0x80100000,9327fdf1dbf1ee839a3ea2f5a8828d257302bef819928b96d61fb05f80bd71a6,0x0001A3EC,45,0,data_load,model_bulk_data_slot0,
80140000-9327fdf1dbf1ee839a3ea2f5a8828d257302bef819928b96d61fb05f80bd71a6,game/france/DATA/MODEL.MRG,12420,96,0x80140000,9327fdf1dbf1ee839a3ea2f5a8828d257302bef819928b96d61fb05f80bd71a6,0x0001A3EC,45,0,data_load,model_bulk_data_slot1,
80100000-7516d0f58690cc605bd45f72d89a6ecdb3a307e3ee1052b114f98480fc2623c5,game/france/DATA/MODEL.MRG,12696,96,0x80100000,7516d0f58690cc605bd45f72d89a6ecdb3a307e3ee1052b114f98480fc2623c5,0x00017274,46,0,data_load,model_bulk_data_slot0,
80140000-7516d0f58690cc605bd45f72d89a6ecdb3a307e3ee1052b114f98480fc2623c5,game/france/DATA/MODEL.MRG,12696,96,0x80140000,7516d0f58690cc605bd45f72d89a6ecdb3a307e3ee1052b114f98480fc2623c5,0x00017274,46,0,data_load,model_bulk_data_slot1,
80100000-f6e69ff6ff2451aec387b2b8b49e1ef9c49be8a47442e4394ff0cb32b3d949be,game/france/DATA/MODEL.MRG,12972,96,0x80100000,f6e69ff6ff2451aec387b2b8b49e1ef9c49be8a47442e4394ff0cb32b3d949be,0x0001BDB0,47,0,data_load,model_bulk_data_slot0,
80140000-f6e69ff6ff2451aec387b2b8b49e1ef9c49be8a47442e4394ff0cb32b3d949be,game/france/DATA/MODEL.MRG,12972,96,0x80140000,f6e69ff6ff2451aec387b2b8b49e1ef9c49be8a47442e4394ff0cb32b3d949be,0x0001BDB0,47,0,data_load,model_bulk_data_slot1,
80100000-764933ae9c5897d45a633460d17399168837e64e1919e35506f43b8700293456,game/france/DATA/MODEL.MRG,13248,96,0x80100000,764933ae9c5897d45a633460d17399168837e64e1919e35506f43b8700293456,0x00016E20,48,0,data_load,model_bulk_data_slot0,
80140000-764933ae9c5897d45a633460d17399168837e64e1919e35506f43b8700293456,game/france/DATA/MODEL.MRG,13248,96,0x80140000,764933ae9c5897d45a633460d17399168837e64e1919e35506f43b8700293456,0x00016E20,48,0,data_load,model_bulk_data_slot1,
80100000-519b4abc97fa1f453421447d103f74f72a7ac52705e553f4820cf9e25c0fc399,game/france/DATA/MODEL.MRG,13524,96,0x80100000,519b4abc97fa1f453421447d103f74f72a7ac52705e553f4820cf9e25c0fc399,0x0001BBE0,49,0,data_load,model_bulk_data_slot0,
80140000-519b4abc97fa1f453421447d103f74f72a7ac52705e553f4820cf9e25c0fc399,game/france/DATA/MODEL.MRG,13524,96,0x80140000,519b4abc97fa1f453421447d103f74f72a7ac52705e553f4820cf9e25c0fc399,0x0001BBE0,49,0,data_load,model_bulk_data_slot1,
80100000-0f205ee0252b232b39ebf004650d195fb241690486464117218b1ccbaeb0b17c,game/france/DATA/MODEL.MRG,13800,96,0x80100000,0f205ee0252b232b39ebf004650d195fb241690486464117218b1ccbaeb0b17c,0x0001CE88,50,0,data_load,model_bulk_data_slot0,
80140000-0f205ee0252b232b39ebf004650d195fb241690486464117218b1ccbaeb0b17c,game/france/DATA/MODEL.MRG,13800,96,0x80140000,0f205ee0252b232b39ebf004650d195fb241690486464117218b1ccbaeb0b17c,0x0001CE88,50,0,data_load,model_bulk_data_slot1,
80100000-f91f3c7d85fcef69daf1a3b1c4b3e62389a82ad21f08ca231ba8c2584fefd4a9,game/france/DATA/MODEL.MRG,14076,96,0x80100000,f91f3c7d85fcef69daf1a3b1c4b3e62389a82ad21f08ca231ba8c2584fefd4a9,0x0001A7D4,51,0,data_load,model_bulk_data_slot0,
80140000-f91f3c7d85fcef69daf1a3b1c4b3e62389a82ad21f08ca231ba8c2584fefd4a9,game/france/DATA/MODEL.MRG,14076,96,0x80140000,f91f3c7d85fcef69daf1a3b1c4b3e62389a82ad21f08ca231ba8c2584fefd4a9,0x0001A7D4,51,0,data_load,model_bulk_data_slot1,
80100000-c580f79a9df7d87ff9214cb9ca3fd3ac88469b137588ed711901d24d3e03d530,game/france/DATA/MODEL.MRG,14352,96,0x80100000,c580f79a9df7d87ff9214cb9ca3fd3ac88469b137588ed711901d24d3e03d530,0x00019538,52,0,data_load,model_bulk_data_slot0,
80140000-c580f79a9df7d87ff9214cb9ca3fd3ac88469b137588ed711901d24d3e03d530,game/france/DATA/MODEL.MRG,14352,96,0x80140000,c580f79a9df7d87ff9214cb9ca3fd3ac88469b137588ed711901d24d3e03d530,0x00019538,52,0,data_load,model_bulk_data_slot1,
80100000-ae5d136b8e5999e9e58bd63b9189a52bfb812f620f50e07e7b5773b324a9f0a8,game/france/DATA/MODEL.MRG,14628,96,0x80100000,ae5d136b8e5999e9e58bd63b9189a52bfb812f620f50e07e7b5773b324a9f0a8,0x00016700,53,0,data_load,model_bulk_data_slot0,
80140000-ae5d136b8e5999e9e58bd63b9189a52bfb812f620f50e07e7b5773b324a9f0a8,game/france/DATA/MODEL.MRG,14628,96,0x80140000,ae5d136b8e5999e9e58bd63b9189a52bfb812f620f50e07e7b5773b324a9f0a8,0x00016700,53,0,data_load,model_bulk_data_slot1,
80100000-282868ce0490b8a62f46592c697c09eeb7a99a4d25420919d753da68b3358b68,game/france/DATA/MODEL.MRG,14904,96,0x80100000,282868ce0490b8a62f46592c697c09eeb7a99a4d25420919d753da68b3358b68,0x00011060,54,0,data_load,model_bulk_data_slot0,
80140000-282868ce0490b8a62f46592c697c09eeb7a99a4d25420919d753da68b3358b68,game/france/DATA/MODEL.MRG,14904,96,0x80140000,282868ce0490b8a62f46592c697c09eeb7a99a4d25420919d753da68b3358b68,0x00011060,54,0,data_load,model_bulk_data_slot1,
80100000-39adc3ead1648df4af6df811cd8bb5344bb620891d666b9b734903cf8c25fd82,game/france/DATA/MODEL.MRG,15180,96,0x80100000,39adc3ead1648df4af6df811cd8bb5344bb620891d666b9b734903cf8c25fd82,0x000168E0,55,0,data_load,model_bulk_data_slot0,
80140000-39adc3ead1648df4af6df811cd8bb5344bb620891d666b9b734903cf8c25fd82,game/france/DATA/MODEL.MRG,15180,96,0x80140000,39adc3ead1648df4af6df811cd8bb5344bb620891d666b9b734903cf8c25fd82,0x000168E0,55,0,data_load,model_bulk_data_slot1,
80100000-9f04e9f441b7ab2fc37a6b2c0f806dccd771e5fc029b1857b92a7ff014322d83,game/france/DATA/MODEL.MRG,15456,96,0x80100000,9f04e9f441b7ab2fc37a6b2c0f806dccd771e5fc029b1857b92a7ff014322d83,0x00017FD0,56,0,data_load,model_bulk_data_slot0,
80140000-9f04e9f441b7ab2fc37a6b2c0f806dccd771e5fc029b1857b92a7ff014322d83,game/france/DATA/MODEL.MRG,15456,96,0x80140000,9f04e9f441b7ab2fc37a6b2c0f806dccd771e5fc029b1857b92a7ff014322d83,0x00017FD0,56,0,data_load,model_bulk_data_slot1,
80100000-39e86a01dd84411dc118650c001116aeb81c779d8ff9e4d1a4f07aabe735f53c,game/france/DATA/MODEL.MRG,15732,96,0x80100000,39e86a01dd84411dc118650c001116aeb81c779d8ff9e4d1a4f07aabe735f53c,0x00016DBC,57,0,data_load,model_bulk_data_slot0,
80140000-39e86a01dd84411dc118650c001116aeb81c779d8ff9e4d1a4f07aabe735f53c,game/france/DATA/MODEL.MRG,15732,96,0x80140000,39e86a01dd84411dc118650c001116aeb81c779d8ff9e4d1a4f07aabe735f53c,0x00016DBC,57,0,data_load,model_bulk_data_slot1,
80100000-da95e30f1c4c3bf52a9ec8e5901e7206bc230e4dd689da309ea1284bb1f43783,game/france/DATA/MODEL.MRG,16008,96,0x80100000,da95e30f1c4c3bf52a9ec8e5901e7206bc230e4dd689da309ea1284bb1f43783,0x0001634C,58,0,data_load,model_bulk_data_slot0,
80140000-da95e30f1c4c3bf52a9ec8e5901e7206bc230e4dd689da309ea1284bb1f43783,game/france/DATA/MODEL.MRG,16008,96,0x80140000,da95e30f1c4c3bf52a9ec8e5901e7206bc230e4dd689da309ea1284bb1f43783,0x0001634C,58,0,data_load,model_bulk_data_slot1,
80100000-5c0b5a1ac21b2ff127c597619de0cd98db73a333589ba22b194f26ff2076c368,game/france/DATA/MODEL.MRG,16284,96,0x80100000,5c0b5a1ac21b2ff127c597619de0cd98db73a333589ba22b194f26ff2076c368,0x0001186C,59,0,data_load,model_bulk_data_slot0,
80140000-5c0b5a1ac21b2ff127c597619de0cd98db73a333589ba22b194f26ff2076c368,game/france/DATA/MODEL.MRG,16284,96,0x80140000,5c0b5a1ac21b2ff127c597619de0cd98db73a333589ba22b194f26ff2076c368,0x0001186C,59,0,data_load,model_bulk_data_slot1,
80100000-71e7e1913b06632452dcb3c6966b869b71c8ca05469b8ba8dc57b25d53f1710f,game/france/DATA/MODEL.MRG,16560,96,0x80100000,71e7e1913b06632452dcb3c6966b869b71c8ca05469b8ba8dc57b25d53f1710f,0x0001A204,60,0,data_load,model_bulk_data_slot0,
80140000-71e7e1913b06632452dcb3c6966b869b71c8ca05469b8ba8dc57b25d53f1710f,game/france/DATA/MODEL.MRG,16560,96,0x80140000,71e7e1913b06632452dcb3c6966b869b71c8ca05469b8ba8dc57b25d53f1710f,0x0001A204,60,0,data_load,model_bulk_data_slot1,
80100000-c91c85f6b18b6eca63295e5eef8e406ce611f3a9b2a2acd38d2c64441e9c2601,game/france/DATA/MODEL.MRG,16836,96,0x80100000,c91c85f6b18b6eca63295e5eef8e406ce611f3a9b2a2acd38d2c64441e9c2601,0x00021528,61,0,data_load,model_bulk_data_slot0,
80140000-c91c85f6b18b6eca63295e5eef8e406ce611f3a9b2a2acd38d2c64441e9c2601,game/france/DATA/MODEL.MRG,16836,96,0x80140000,c91c85f6b18b6eca63295e5eef8e406ce611f3a9b2a2acd38d2c64441e9c2601,0x00021528,61,0,data_load,model_bulk_data_slot1,
80100000-6f700ac3c1808e359ae2ef485712de9d9cd31fafc036104b49e0d93a44afdb2b,game/france/DATA/MODEL.MRG,17112,96,0x80100000,6f700ac3c1808e359ae2ef485712de9d9cd31fafc036104b49e0d93a44afdb2b,0x0001B1C0,62,0,data_load,model_bulk_data_slot0,
80140000-6f700ac3c1808e359ae2ef485712de9d9cd31fafc036104b49e0d93a44afdb2b,game/france/DATA/MODEL.MRG,17112,96,0x80140000,6f700ac3c1808e359ae2ef485712de9d9cd31fafc036104b49e0d93a44afdb2b,0x0001B1C0,62,0,data_load,model_bulk_data_slot1,
80100000-975a425ea4fea33332308d7c7929ff1df38ed37de33301c60c0b26fa254ff185,game/france/DATA/MODEL.MRG,17388,96,0x80100000,975a425ea4fea33332308d7c7929ff1df38ed37de33301c60c0b26fa254ff185,0x000153E4,63,0,data_load,model_bulk_data_slot0,
80140000-975a425ea4fea33332308d7c7929ff1df38ed37de33301c60c0b26fa254ff185,game/france/DATA/MODEL.MRG,17388,96,0x80140000,975a425ea4fea33332308d7c7929ff1df38ed37de33301c60c0b26fa254ff185,0x000153E4,63,0,data_load,model_bulk_data_slot1,
80100000-933b88a8edbd55ab2a2c421e4e2c0d6d7270613b1733e5a2ec1472ea530bd393,game/france/DATA/MODEL.MRG,17664,96,0x80100000,933b88a8edbd55ab2a2c421e4e2c0d6d7270613b1733e5a2ec1472ea530bd393,0x0002A2B0,64,0,data_load,model_bulk_data_slot0,
80140000-933b88a8edbd55ab2a2c421e4e2c0d6d7270613b1733e5a2ec1472ea530bd393,game/france/DATA/MODEL.MRG,17664,96,0x80140000,933b88a8edbd55ab2a2c421e4e2c0d6d7270613b1733e5a2ec1472ea530bd393,0x0002A2B0,64,0,data_load,model_bulk_data_slot1,
80100000-61728b91c21996c06a4522ad3c7889ee3a0a7fc769a2d5485b34ba8ca577c2f7,game/france/DATA/MODEL.MRG,17940,96,0x80100000,61728b91c21996c06a4522ad3c7889ee3a0a7fc769a2d5485b34ba8ca577c2f7,0x00016A84,65,0,data_load,model_bulk_data_slot0,
80140000-61728b91c21996c06a4522ad3c7889ee3a0a7fc769a2d5485b34ba8ca577c2f7,game/france/DATA/MODEL.MRG,17940,96,0x80140000,61728b91c21996c06a4522ad3c7889ee3a0a7fc769a2d5485b34ba8ca577c2f7,0x00016A84,65,0,data_load,model_bulk_data_slot1,
80100000-7086aca60582fcbcbb457ec1c219f6873d0534c8a2503ebb8a5f04a800eb3fb4,game/france/DATA/MODEL.MRG,18216,96,0x80100000,7086aca60582fcbcbb457ec1c219f6873d0534c8a2503ebb8a5f04a800eb3fb4,0x000217C8,66,0,data_load,model_bulk_data_slot0,
80140000-7086aca60582fcbcbb457ec1c219f6873d0534c8a2503ebb8a5f04a800eb3fb4,game/france/DATA/MODEL.MRG,18216,96,0x80140000,7086aca60582fcbcbb457ec1c219f6873d0534c8a2503ebb8a5f04a800eb3fb4,0x000217C8,66,0,data_load,model_bulk_data_slot1,
80100000-c82cb43573e0ff512b4c6e99cb5f3fd14d75ae97eae873ea0c81234095c021a5,game/france/DATA/MODEL.MRG,18492,96,0x80100000,c82cb43573e0ff512b4c6e99cb5f3fd14d75ae97eae873ea0c81234095c021a5,0x00017918,67,0,data_load,model_bulk_data_slot0,
80140000-c82cb43573e0ff512b4c6e99cb5f3fd14d75ae97eae873ea0c81234095c021a5,game/france/DATA/MODEL.MRG,18492,96,0x80140000,c82cb43573e0ff512b4c6e99cb5f3fd14d75ae97eae873ea0c81234095c021a5,0x00017918,67,0,data_load,model_bulk_data_slot1,
80100000-6ddfdbae070390d496c6818c0714ea684e65807c72bfe0642919aecb8521ad3a,game/france/DATA/MODEL.MRG,18768,96,0x80100000,6ddfdbae070390d496c6818c0714ea684e65807c72bfe0642919aecb8521ad3a,0x0001CFB0,68,0,data_load,model_bulk_data_slot0,
80140000-6ddfdbae070390d496c6818c0714ea684e65807c72bfe0642919aecb8521ad3a,game/france/DATA/MODEL.MRG,18768,96,0x80140000,6ddfdbae070390d496c6818c0714ea684e65807c72bfe0642919aecb8521ad3a,0x0001CFB0,68,0,data_load,model_bulk_data_slot1,
80100000-6ed3dc306430550800fcffe7b51d25e6f366bc6372b2ae656c6f9dfce7c804e6,game/france/DATA/MODEL.MRG,19044,96,0x80100000,6ed3dc306430550800fcffe7b51d25e6f366bc6372b2ae656c6f9dfce7c804e6,0x00011B94,69,0,data_load,model_bulk_data_slot0,
80140000-6ed3dc306430550800fcffe7b51d25e6f366bc6372b2ae656c6f9dfce7c804e6,game/france/DATA/MODEL.MRG,19044,96,0x80140000,6ed3dc306430550800fcffe7b51d25e6f366bc6372b2ae656c6f9dfce7c804e6,0x00011B94,69,0,data_load,model_bulk_data_slot1,
80100000-6f435989736469a3338dbed7128c5628d3f341868e9fc0ff82cf2bbed6290aa2,game/france/DATA/MODEL.MRG,19320,96,0x80100000,6f435989736469a3338dbed7128c5628d3f341868e9fc0ff82cf2bbed6290aa2,0x0001E618,70,0,data_load,model_bulk_data_slot0,
80140000-6f435989736469a3338dbed7128c5628d3f341868e9fc0ff82cf2bbed6290aa2,game/france/DATA/MODEL.MRG,19320,96,0x80140000,6f435989736469a3338dbed7128c5628d3f341868e9fc0ff82cf2bbed6290aa2,0x0001E618,70,0,data_load,model_bulk_data_slot1,
80100000-d014a1cc74d96426a07788f87b6bd4612d93defcd1501d08fdebf20f91a1fec0,game/france/DATA/MODEL.MRG,19596,96,0x80100000,d014a1cc74d96426a07788f87b6bd4612d93defcd1501d08fdebf20f91a1fec0,0x00020314,71,0,data_load,model_bulk_data_slot0,
80140000-d014a1cc74d96426a07788f87b6bd4612d93defcd1501d08fdebf20f91a1fec0,game/france/DATA/MODEL.MRG,19596,96,0x80140000,d014a1cc74d96426a07788f87b6bd4612d93defcd1501d08fdebf20f91a1fec0,0x00020314,71,0,data_load,model_bulk_data_slot1,
80100000-6833f77e62064de67e6f9e22b74dd1bca0dec5333b843969d6370756f57edb36,game/france/DATA/MODEL.MRG,19872,96,0x80100000,6833f77e62064de67e6f9e22b74dd1bca0dec5333b843969d6370756f57edb36,0x00021260,72,0,data_load,model_bulk_data_slot0,
80140000-6833f77e62064de67e6f9e22b74dd1bca0dec5333b843969d6370756f57edb36,game/france/DATA/MODEL.MRG,19872,96,0x80140000,6833f77e62064de67e6f9e22b74dd1bca0dec5333b843969d6370756f57edb36,0x00021260,72,0,data_load,model_bulk_data_slot1,
80100000-fa4ed352e8aa533eeef0752d9607b4be17d54aae46473f6dd32e6321b1483b4a,game/france/DATA/MODEL.MRG,20148,96,0x80100000,fa4ed352e8aa533eeef0752d9607b4be17d54aae46473f6dd32e6321b1483b4a,0x0001BB84,73,0,data_load,model_bulk_data_slot0,
80140000-fa4ed352e8aa533eeef0752d9607b4be17d54aae46473f6dd32e6321b1483b4a,game/france/DATA/MODEL.MRG,20148,96,0x80140000,fa4ed352e8aa533eeef0752d9607b4be17d54aae46473f6dd32e6321b1483b4a,0x0001BB84,73,0,data_load,model_bulk_data_slot1,
80100000-b11023951465211560e6167c665bfa4e6f2cc01f24f5c22ae84e9c6f2ae7bf02,game/france/DATA/MODEL.MRG,20424,96,0x80100000,b11023951465211560e6167c665bfa4e6f2cc01f24f5c22ae84e9c6f2ae7bf02,0x0001B09C,74,0,data_load,model_bulk_data_slot0,
80140000-b11023951465211560e6167c665bfa4e6f2cc01f24f5c22ae84e9c6f2ae7bf02,game/france/DATA/MODEL.MRG,20424,96,0x80140000,b11023951465211560e6167c665bfa4e6f2cc01f24f5c22ae84e9c6f2ae7bf02,0x0001B09C,74,0,data_load,model_bulk_data_slot1,
80100000-08f1557ec28a64925d5ce321bcbcd752cb795fba674688dfffc91dae14883a99,game/france/DATA/MODEL.MRG,20700,96,0x80100000,08f1557ec28a64925d5ce321bcbcd752cb795fba674688dfffc91dae14883a99,0x00020828,75,0,data_load,model_bulk_data_slot0,
80140000-08f1557ec28a64925d5ce321bcbcd752cb795fba674688dfffc91dae14883a99,game/france/DATA/MODEL.MRG,20700,96,0x80140000,08f1557ec28a64925d5ce321bcbcd752cb795fba674688dfffc91dae14883a99,0x00020828,75,0,data_load,model_bulk_data_slot1,
80100000-d44421c4f6816519c67ffd9deb2392983eac8661dcb24f488a761267459b35db,game/france/DATA/MODEL.MRG,20976,96,0x80100000,d44421c4f6816519c67ffd9deb2392983eac8661dcb24f488a761267459b35db,0x000223D0,76,0,data_load,model_bulk_data_slot0,
80140000-d44421c4f6816519c67ffd9deb2392983eac8661dcb24f488a761267459b35db,game/france/DATA/MODEL.MRG,20976,96,0x80140000,d44421c4f6816519c67ffd9deb2392983eac8661dcb24f488a761267459b35db,0x000223D0,76,0,data_load,model_bulk_data_slot1,
80100000-8867b11a8ed2c1b667d6ce34dbd44c03d42c9834f3cc619318972cf1fb33db46,game/france/DATA/MODEL.MRG,21252,96,0x80100000,8867b11a8ed2c1b667d6ce34dbd44c03d42c9834f3cc619318972cf1fb33db46,0x00016378,77,0,data_load,model_bulk_data_slot0,
80140000-8867b11a8ed2c1b667d6ce34dbd44c03d42c9834f3cc619318972cf1fb33db46,game/france/DATA/MODEL.MRG,21252,96,0x80140000,8867b11a8ed2c1b667d6ce34dbd44c03d42c9834f3cc619318972cf1fb33db46,0x00016378,77,0,data_load,model_bulk_data_slot1,
80100000-1c3ea187e54c20328b7487170ba6c41f176ed07cc9255ab51afe07ba2ca22a70,game/france/DATA/MODEL.MRG,21528,96,0x80100000,1c3ea187e54c20328b7487170ba6c41f176ed07cc9255ab51afe07ba2ca22a70,0x00017E0C,78,0,data_load,model_bulk_data_slot0,
80140000-1c3ea187e54c20328b7487170ba6c41f176ed07cc9255ab51afe07ba2ca22a70,game/france/DATA/MODEL.MRG,21528,96,0x80140000,1c3ea187e54c20328b7487170ba6c41f176ed07cc9255ab51afe07ba2ca22a70,0x00017E0C,78,0,data_load,model_bulk_data_slot1,
80100000-5bae4f7f916e0141c801b689acef18dca975d5416ea00e92aa70f576fd1963a4,game/france/DATA/MODEL.MRG,21804,96,0x80100000,5bae4f7f916e0141c801b689acef18dca975d5416ea00e92aa70f576fd1963a4,0x0001EF94,79,0,data_load,model_bulk_data_slot0,
80140000-5bae4f7f916e0141c801b689acef18dca975d5416ea00e92aa70f576fd1963a4,game/france/DATA/MODEL.MRG,21804,96,0x80140000,5bae4f7f916e0141c801b689acef18dca975d5416ea00e92aa70f576fd1963a4,0x0001EF94,79,0,data_load,model_bulk_data_slot1,
80100000-f0caa1f5cc85fa4d7fe82a0941811a7c8d569b8ec735bd919be51b06ad4177a6,game/france/DATA/MODEL.MRG,22080,96,0x80100000,f0caa1f5cc85fa4d7fe82a0941811a7c8d569b8ec735bd919be51b06ad4177a6,0x0001812C,80,0,data_load,model_bulk_data_slot0,
80140000-f0caa1f5cc85fa4d7fe82a0941811a7c8d569b8ec735bd919be51b06ad4177a6,game/france/DATA/MODEL.MRG,22080,96,0x80140000,f0caa1f5cc85fa4d7fe82a0941811a7c8d569b8ec735bd919be51b06ad4177a6,0x0001812C,80,0,data_load,model_bulk_data_slot1,
80100000-d019f8d9279f2ccae19de7c2b802070612731423d58a15890fb31453e696fffa,game/france/DATA/MODEL.MRG,22356,96,0x80100000,d019f8d9279f2ccae19de7c2b802070612731423d58a15890fb31453e696fffa,0x0001AC7C,81,0,data_load,model_bulk_data_slot0,
80140000-d019f8d9279f2ccae19de7c2b802070612731423d58a15890fb31453e696fffa,game/france/DATA/MODEL.MRG,22356,96,0x80140000,d019f8d9279f2ccae19de7c2b802070612731423d58a15890fb31453e696fffa,0x0001AC7C,81,0,data_load,model_bulk_data_slot1,
80100000-796faec1bc9cf67a25f232f0dba747ce1ee22ddd122d1bece1dff6a5e29face0,game/france/DATA/MODEL.MRG,22632,96,0x80100000,796faec1bc9cf67a25f232f0dba747ce1ee22ddd122d1bece1dff6a5e29face0,0x00012798,82,0,data_load,model_bulk_data_slot0,
80140000-796faec1bc9cf67a25f232f0dba747ce1ee22ddd122d1bece1dff6a5e29face0,game/france/DATA/MODEL.MRG,22632,96,0x80140000,796faec1bc9cf67a25f232f0dba747ce1ee22ddd122d1bece1dff6a5e29face0,0x00012798,82,0,data_load,model_bulk_data_slot1,
80100000-9baa826a18c6b3b8c51dfb28506c3e1da4fbf472c08e4c597680f087db05105d,game/france/DATA/MODEL.MRG,22908,96,0x80100000,9baa826a18c6b3b8c51dfb28506c3e1da4fbf472c08e4c597680f087db05105d,0x00012374,83,0,data_load,model_bulk_data_slot0,
80140000-9baa826a18c6b3b8c51dfb28506c3e1da4fbf472c08e4c597680f087db05105d,game/france/DATA/MODEL.MRG,22908,96,0x80140000,9baa826a18c6b3b8c51dfb28506c3e1da4fbf472c08e4c597680f087db05105d,0x00012374,83,0,data_load,model_bulk_data_slot1,
80100000-2e32bef839873cfcfd458bfa3da21b74c27f8c75531b0be5169b683d1f702a52,game/france/DATA/MODEL.MRG,23184,96,0x80100000,2e32bef839873cfcfd458bfa3da21b74c27f8c75531b0be5169b683d1f702a52,0x00016C04,84,0,data_load,model_bulk_data_slot0,
80140000-2e32bef839873cfcfd458bfa3da21b74c27f8c75531b0be5169b683d1f702a52,game/france/DATA/MODEL.MRG,23184,96,0x80140000,2e32bef839873cfcfd458bfa3da21b74c27f8c75531b0be5169b683d1f702a52,0x00016C04,84,0,data_load,model_bulk_data_slot1,
80100000-ef065bb2514add38e99dba4450b7dd6a2ad9d7d17e687700df986d4e0c597993,game/france/DATA/MODEL.MRG,23460,96,0x80100000,ef065bb2514add38e99dba4450b7dd6a2ad9d7d17e687700df986d4e0c597993,0x0001F8D8,85,0,data_load,model_bulk_data_slot0,
80140000-ef065bb2514add38e99dba4450b7dd6a2ad9d7d17e687700df986d4e0c597993,game/france/DATA/MODEL.MRG,23460,96,0x80140000,ef065bb2514add38e99dba4450b7dd6a2ad9d7d17e687700df986d4e0c597993,0x0001F8D8,85,0,data_load,model_bulk_data_slot1,
80100000-97b2b40d9f719fb187e40f6495b18daef17ce9425366ffb1eaf382af5d76c939,game/france/DATA/MODEL.MRG,23736,96,0x80100000,97b2b40d9f719fb187e40f6495b18daef17ce9425366ffb1eaf382af5d76c939,0x00019904,86,0,data_load,model_bulk_data_slot0,
80140000-97b2b40d9f719fb187e40f6495b18daef17ce9425366ffb1eaf382af5d76c939,game/france/DATA/MODEL.MRG,23736,96,0x80140000,97b2b40d9f719fb187e40f6495b18daef17ce9425366ffb1eaf382af5d76c939,0x00019904,86,0,data_load,model_bulk_data_slot1,
80100000-cc3856d4afc73237688d509906b4f98eca4a6c23a0de30575ed7ee410b2c58b7,game/france/DATA/MODEL.MRG,24012,96,0x80100000,cc3856d4afc73237688d509906b4f98eca4a6c23a0de30575ed7ee410b2c58b7,0x00011534,87,0,data_load,model_bulk_data_slot0,
80140000-cc3856d4afc73237688d509906b4f98eca4a6c23a0de30575ed7ee410b2c58b7,game/france/DATA/MODEL.MRG,24012,96,0x80140000,cc3856d4afc73237688d509906b4f98eca4a6c23a0de30575ed7ee410b2c58b7,0x00011534,87,0,data_load,model_bulk_data_slot1,
80100000-88dc1c7b4b3efd5ac9523d414be34cf5ceeed378466a7532a19a3380092dcbcc,game/france/DATA/MODEL.MRG,24288,96,0x80100000,88dc1c7b4b3efd5ac9523d414be34cf5ceeed378466a7532a19a3380092dcbcc,0x00012BD8,88,0,data_load,model_bulk_data_slot0,
80140000-88dc1c7b4b3efd5ac9523d414be34cf5ceeed378466a7532a19a3380092dcbcc,game/france/DATA/MODEL.MRG,24288,96,0x80140000,88dc1c7b4b3efd5ac9523d414be34cf5ceeed378466a7532a19a3380092dcbcc,0x00012BD8,88,0,data_load,model_bulk_data_slot1,
80100000-adf7ba32f46a9bdfbd8000a2c05212f63bbe46ae53bea89e9d406d062406bd4b,game/france/DATA/MODEL.MRG,24564,96,0x80100000,adf7ba32f46a9bdfbd8000a2c05212f63bbe46ae53bea89e9d406d062406bd4b,0x00015060,89,0,data_load,model_bulk_data_slot0,
80140000-adf7ba32f46a9bdfbd8000a2c05212f63bbe46ae53bea89e9d406d062406bd4b,game/france/DATA/MODEL.MRG,24564,96,0x80140000,adf7ba32f46a9bdfbd8000a2c05212f63bbe46ae53bea89e9d406d062406bd4b,0x00015060,89,0,data_load,model_bulk_data_slot1,
80100000-033f28d939a179d9d6c77ccfe661421e41da64ae3852ae8c5feee064636d0f03,game/france/DATA/MODEL.MRG,24840,96,0x80100000,033f28d939a179d9d6c77ccfe661421e41da64ae3852ae8c5feee064636d0f03,0x0001C970,90,0,data_load,model_bulk_data_slot0,
80140000-033f28d939a179d9d6c77ccfe661421e41da64ae3852ae8c5feee064636d0f03,game/france/DATA/MODEL.MRG,24840,96,0x80140000,033f28d939a179d9d6c77ccfe661421e41da64ae3852ae8c5feee064636d0f03,0x0001C970,90,0,data_load,model_bulk_data_slot1,
80100000-b851d9cfca212fc6dc6c5718be5359e3e0ce5a923768e210b24e662e1527bf31,game/france/DATA/MODEL.MRG,25116,96,0x80100000,b851d9cfca212fc6dc6c5718be5359e3e0ce5a923768e210b24e662e1527bf31,0x0001DE40,91,0,data_load,model_bulk_data_slot0,
80140000-b851d9cfca212fc6dc6c5718be5359e3e0ce5a923768e210b24e662e1527bf31,game/france/DATA/MODEL.MRG,25116,96,0x80140000,b851d9cfca212fc6dc6c5718be5359e3e0ce5a923768e210b24e662e1527bf31,0x0001DE40,91,0,data_load,model_bulk_data_slot1,
80100000-18869bdb40db8e58d3773a214d6a0f89ce6e715b8f24f5ab9af2dc7ed27187ea,game/france/DATA/MODEL.MRG,25392,96,0x80100000,18869bdb40db8e58d3773a214d6a0f89ce6e715b8f24f5ab9af2dc7ed27187ea,0x0001A22C,92,0,data_load,model_bulk_data_slot0,
80140000-18869bdb40db8e58d3773a214d6a0f89ce6e715b8f24f5ab9af2dc7ed27187ea,game/france/DATA/MODEL.MRG,25392,96,0x80140000,18869bdb40db8e58d3773a214d6a0f89ce6e715b8f24f5ab9af2dc7ed27187ea,0x0001A22C,92,0,data_load,model_bulk_data_slot1,
80100000-9e2e560cd37513eb98ce9b744e25f9c1a002b8c695184a485b5d4da3b3c5f188,game/france/DATA/MODEL.MRG,25668,96,0x80100000,9e2e560cd37513eb98ce9b744e25f9c1a002b8c695184a485b5d4da3b3c5f188,0x000185D4,93,0,data_load,model_bulk_data_slot0,
80140000-9e2e560cd37513eb98ce9b744e25f9c1a002b8c695184a485b5d4da3b3c5f188,game/france/DATA/MODEL.MRG,25668,96,0x80140000,9e2e560cd37513eb98ce9b744e25f9c1a002b8c695184a485b5d4da3b3c5f188,0x000185D4,93,0,data_load,model_bulk_data_slot1,
80100000-4887054e7090874b1e2e9e15469a68e2b100f0c88d3139d111e4099370a48184,game/france/DATA/MODEL.MRG,25944,96,0x80100000,4887054e7090874b1e2e9e15469a68e2b100f0c88d3139d111e4099370a48184,0x00018F58,94,0,data_load,model_bulk_data_slot0,
80140000-4887054e7090874b1e2e9e15469a68e2b100f0c88d3139d111e4099370a48184,game/france/DATA/MODEL.MRG,25944,96,0x80140000,4887054e7090874b1e2e9e15469a68e2b100f0c88d3139d111e4099370a48184,0x00018F58,94,0,data_load,model_bulk_data_slot1,
80100000-b1645d8c8eac373e7475ef158f77da768ba85034d2ede80fbd70accaa5d65b01,game/france/DATA/MODEL.MRG,26220,96,0x80100000,b1645d8c8eac373e7475ef158f77da768ba85034d2ede80fbd70accaa5d65b01,0x00019DE8,95,0,data_load,model_bulk_data_slot0,
80140000-b1645d8c8eac373e7475ef158f77da768ba85034d2ede80fbd70accaa5d65b01,game/france/DATA/MODEL.MRG,26220,96,0x80140000,b1645d8c8eac373e7475ef158f77da768ba85034d2ede80fbd70accaa5d65b01,0x00019DE8,95,0,data_load,model_bulk_data_slot1,
80100000-5b591cfbbb6113d2d9d94b77c31e89fb073a4a65b3ad3ae948da4ce91033e377,game/france/DATA/MODEL.MRG,26496,96,0x80100000,5b591cfbbb6113d2d9d94b77c31e89fb073a4a65b3ad3ae948da4ce91033e377,0x0001DB24,96,0,data_load,model_bulk_data_slot0,
80140000-5b591cfbbb6113d2d9d94b77c31e89fb073a4a65b3ad3ae948da4ce91033e377,game/france/DATA/MODEL.MRG,26496,96,0x80140000,5b591cfbbb6113d2d9d94b77c31e89fb073a4a65b3ad3ae948da4ce91033e377,0x0001DB24,96,0,data_load,model_bulk_data_slot1,
80100000-7c7636903ef901bee22130d7a6bb386f4ab465083d8b6537a44a664e6b065785,game/france/DATA/MODEL.MRG,26772,96,0x80100000,7c7636903ef901bee22130d7a6bb386f4ab465083d8b6537a44a664e6b065785,0x000156BC,97,0,data_load,model_bulk_data_slot0,
80140000-7c7636903ef901bee22130d7a6bb386f4ab465083d8b6537a44a664e6b065785,game/france/DATA/MODEL.MRG,26772,96,0x80140000,7c7636903ef901bee22130d7a6bb386f4ab465083d8b6537a44a664e6b065785,0x000156BC,97,0,data_load,model_bulk_data_slot1,
80100000-4267b3d2fb123892bdc103ce342559f324c27c09228e83e7882a9d63fcf18c67,game/france/DATA/MODEL.MRG,27048,96,0x80100000,4267b3d2fb123892bdc103ce342559f324c27c09228e83e7882a9d63fcf18c67,0x00015FD4,98,0,data_load,model_bulk_data_slot0,
80140000-4267b3d2fb123892bdc103ce342559f324c27c09228e83e7882a9d63fcf18c67,game/france/DATA/MODEL.MRG,27048,96,0x80140000,4267b3d2fb123892bdc103ce342559f324c27c09228e83e7882a9d63fcf18c67,0x00015FD4,98,0,data_load,model_bulk_data_slot1,
80100000-4dce19f27cf03fddf274e7add63c04f14f0aff86db0d631d6a03b6153fbdb3d2,game/france/DATA/MODEL.MRG,27324,96,0x80100000,4dce19f27cf03fddf274e7add63c04f14f0aff86db0d631d6a03b6153fbdb3d2,0x00018794,99,0,data_load,model_bulk_data_slot0,
80140000-4dce19f27cf03fddf274e7add63c04f14f0aff86db0d631d6a03b6153fbdb3d2,game/france/DATA/MODEL.MRG,27324,96,0x80140000,4dce19f27cf03fddf274e7add63c04f14f0aff86db0d631d6a03b6153fbdb3d2,0x00018794,99,0,data_load,model_bulk_data_slot1,
80100000-ed703eb410f83ddf28a4ff0d239648375fd9a9f016edaa614fda04379181a6cf,game/france/DATA/MODEL.MRG,27600,96,0x80100000,ed703eb410f83ddf28a4ff0d239648375fd9a9f016edaa614fda04379181a6cf,0x000160E8,100,0,data_load,model_bulk_data_slot0,
80140000-ed703eb410f83ddf28a4ff0d239648375fd9a9f016edaa614fda04379181a6cf,game/france/DATA/MODEL.MRG,27600,96,0x80140000,ed703eb410f83ddf28a4ff0d239648375fd9a9f016edaa614fda04379181a6cf,0x000160E8,100,0,data_load,model_bulk_data_slot1,
80100000-d9a6236fc1b9f3555976cb6a12246e317feeadeb09a4ad0be584a6b9a013e1d3,game/france/DATA/MODEL.MRG,27876,96,0x80100000,d9a6236fc1b9f3555976cb6a12246e317feeadeb09a4ad0be584a6b9a013e1d3,0x000071B0,101,0,data_load,model_bulk_data_slot0,
80140000-d9a6236fc1b9f3555976cb6a12246e317feeadeb09a4ad0be584a6b9a013e1d3,game/france/DATA/MODEL.MRG,27876,96,0x80140000,d9a6236fc1b9f3555976cb6a12246e317feeadeb09a4ad0be584a6b9a013e1d3,0x000071B0,101,0,data_load,model_bulk_data_slot1,
80100000-f95e8510f5ff70419d36c4e0209d1272c80648fbe1b9b8ea8160ce58b85e6472,game/france/DATA/MODEL.MRG,28152,96,0x80100000,f95e8510f5ff70419d36c4e0209d1272c80648fbe1b9b8ea8160ce58b85e6472,0x0000F4F4,102,0,data_load,model_bulk_data_slot0,
80140000-f95e8510f5ff70419d36c4e0209d1272c80648fbe1b9b8ea8160ce58b85e6472,game/france/DATA/MODEL.MRG,28152,96,0x80140000,f95e8510f5ff70419d36c4e0209d1272c80648fbe1b9b8ea8160ce58b85e6472,0x0000F4F4,102,0,data_load,model_bulk_data_slot1,
80100000-9356eba9f226af7e842a1556502175a68b327cb101e8319f1eceb781557183bf,game/france/DATA/MODEL.MRG,28428,96,0x80100000,9356eba9f226af7e842a1556502175a68b327cb101e8319f1eceb781557183bf,0x000226F8,103,0,data_load,model_bulk_data_slot0,
80140000-9356eba9f226af7e842a1556502175a68b327cb101e8319f1eceb781557183bf,game/france/DATA/MODEL.MRG,28428,96,0x80140000,9356eba9f226af7e842a1556502175a68b327cb101e8319f1eceb781557183bf,0x000226F8,103,0,data_load,model_bulk_data_slot1,
80100000-1b43118e3e44537ce7e8cbcbb2eb82b22824eac73c07f8c6ef9b0bb3ecf90933,game/france/DATA/MODEL.MRG,28704,96,0x80100000,1b43118e3e44537ce7e8cbcbb2eb82b22824eac73c07f8c6ef9b0bb3ecf90933,0x0001D294,104,0,data_load,model_bulk_data_slot0,
80140000-1b43118e3e44537ce7e8cbcbb2eb82b22824eac73c07f8c6ef9b0bb3ecf90933,game/france/DATA/MODEL.MRG,28704,96,0x80140000,1b43118e3e44537ce7e8cbcbb2eb82b22824eac73c07f8c6ef9b0bb3ecf90933,0x0001D294,104,0,data_load,model_bulk_data_slot1,
80100000-b72039ba3d0d09eb9e0922956861b360ff75f541cb944ecf6fb57d942f209a17,game/france/DATA/MODEL.MRG,28980,96,0x80100000,b72039ba3d0d09eb9e0922956861b360ff75f541cb944ecf6fb57d942f209a17,0x0001819C,105,0,data_load,model_bulk_data_slot0,
80140000-b72039ba3d0d09eb9e0922956861b360ff75f541cb944ecf6fb57d942f209a17,game/france/DATA/MODEL.MRG,28980,96,0x80140000,b72039ba3d0d09eb9e0922956861b360ff75f541cb944ecf6fb57d942f209a17,0x0001819C,105,0,data_load,model_bulk_data_slot1,
80100000-6ea37b0b5699d5c4f33dceedd6288b1a09fcf0952a520863e2c5a9f622ff6ff4,game/france/DATA/MODEL.MRG,29256,96,0x80100000,6ea37b0b5699d5c4f33dceedd6288b1a09fcf0952a520863e2c5a9f622ff6ff4,0x00017448,106,0,data_load,model_bulk_data_slot0,
80140000-6ea37b0b5699d5c4f33dceedd6288b1a09fcf0952a520863e2c5a9f622ff6ff4,game/france/DATA/MODEL.MRG,29256,96,0x80140000,6ea37b0b5699d5c4f33dceedd6288b1a09fcf0952a520863e2c5a9f622ff6ff4,0x00017448,106,0,data_load,model_bulk_data_slot1,
80100000-10e715597a67b9499efd9969469a94f55303d16042885820f867e8e5ebe277c3,game/france/DATA/MODEL.MRG,29532,96,0x80100000,10e715597a67b9499efd9969469a94f55303d16042885820f867e8e5ebe277c3,0x00015084,107,0,data_load,model_bulk_data_slot0,
80140000-10e715597a67b9499efd9969469a94f55303d16042885820f867e8e5ebe277c3,game/france/DATA/MODEL.MRG,29532,96,0x80140000,10e715597a67b9499efd9969469a94f55303d16042885820f867e8e5ebe277c3,0x00015084,107,0,data_load,model_bulk_data_slot1,
80100000-513dff4df2bccbf1f8705325b01ca77564ce7649e7f7ccac96acee126031a585,game/france/DATA/MODEL.MRG,29808,96,0x80100000,513dff4df2bccbf1f8705325b01ca77564ce7649e7f7ccac96acee126031a585,0x00012ACC,108,0,data_load,model_bulk_data_slot0,
80140000-513dff4df2bccbf1f8705325b01ca77564ce7649e7f7ccac96acee126031a585,game/france/DATA/MODEL.MRG,29808,96,0x80140000,513dff4df2bccbf1f8705325b01ca77564ce7649e7f7ccac96acee126031a585,0x00012ACC,108,0,data_load,model_bulk_data_slot1,
80100000-1c3ccb01e1cdf48cbde04f6b791c57cb0a66bd1cd481b64fce9be84180931883,game/france/DATA/MODEL.MRG,30084,96,0x80100000,1c3ccb01e1cdf48cbde04f6b791c57cb0a66bd1cd481b64fce9be84180931883,0x0001FEF4,109,0,data_load,model_bulk_data_slot0,
80140000-1c3ccb01e1cdf48cbde04f6b791c57cb0a66bd1cd481b64fce9be84180931883,game/france/DATA/MODEL.MRG,30084,96,0x80140000,1c3ccb01e1cdf48cbde04f6b791c57cb0a66bd1cd481b64fce9be84180931883,0x0001FEF4,109,0,data_load,model_bulk_data_slot1,
80100000-d0765fa91301cf91ce8c68eedf4007eda4de6ebbb327a94e65e1d861a5a54ebb,game/france/DATA/MODEL.MRG,30360,96,0x80100000,d0765fa91301cf91ce8c68eedf4007eda4de6ebbb327a94e65e1d861a5a54ebb,0x0001BDD8,110,0,data_load,model_bulk_data_slot0,
80140000-d0765fa91301cf91ce8c68eedf4007eda4de6ebbb327a94e65e1d861a5a54ebb,game/france/DATA/MODEL.MRG,30360,96,0x80140000,d0765fa91301cf91ce8c68eedf4007eda4de6ebbb327a94e65e1d861a5a54ebb,0x0001BDD8,110,0,data_load,model_bulk_data_slot1,
80100000-13b3c80b3e64447ac71b542b724a6bb0b2defb4398669a8e15bc3f9b738f964c,game/france/DATA/MODEL.MRG,30636,96,0x80100000,13b3c80b3e64447ac71b542b724a6bb0b2defb4398669a8e15bc3f9b738f964c,0x00018D74,111,0,data_load,model_bulk_data_slot0,
80140000-13b3c80b3e64447ac71b542b724a6bb0b2defb4398669a8e15bc3f9b738f964c,game/france/DATA/MODEL.MRG,30636,96,0x80140000,13b3c80b3e64447ac71b542b724a6bb0b2defb4398669a8e15bc3f9b738f964c,0x00018D74,111,0,data_load,model_bulk_data_slot1,
80100000-b3075dd82d714bb6adceeb9fb9f3aa1d54b27002f9f38a17d02150a0fd287986,game/france/DATA/MODEL.MRG,30912,96,0x80100000,b3075dd82d714bb6adceeb9fb9f3aa1d54b27002f9f38a17d02150a0fd287986,0x0001B26C,112,0,data_load,model_bulk_data_slot0,
80140000-b3075dd82d714bb6adceeb9fb9f3aa1d54b27002f9f38a17d02150a0fd287986,game/france/DATA/MODEL.MRG,30912,96,0x80140000,b3075dd82d714bb6adceeb9fb9f3aa1d54b27002f9f38a17d02150a0fd287986,0x0001B26C,112,0,data_load,model_bulk_data_slot1,
80100000-ff1746a12e871828c19d7e610511bd39ca4d0788541b83516a57fcde42dea476,game/france/DATA/MODEL.MRG,31188,96,0x80100000,ff1746a12e871828c19d7e610511bd39ca4d0788541b83516a57fcde42dea476,0x000186F4,113,0,data_load,model_bulk_data_slot0,
80140000-ff1746a12e871828c19d7e610511bd39ca4d0788541b83516a57fcde42dea476,game/france/DATA/MODEL.MRG,31188,96,0x80140000,ff1746a12e871828c19d7e610511bd39ca4d0788541b83516a57fcde42dea476,0x000186F4,113,0,data_load,model_bulk_data_slot1,
80100000-80f5a207cc73fe754b36a8af843bfe6e7bdac7bd1f7fcfb4f783d23b661167d9,game/france/DATA/MODEL.MRG,31464,96,0x80100000,80f5a207cc73fe754b36a8af843bfe6e7bdac7bd1f7fcfb4f783d23b661167d9,0x00019A88,114,0,data_load,model_bulk_data_slot0,
80140000-80f5a207cc73fe754b36a8af843bfe6e7bdac7bd1f7fcfb4f783d23b661167d9,game/france/DATA/MODEL.MRG,31464,96,0x80140000,80f5a207cc73fe754b36a8af843bfe6e7bdac7bd1f7fcfb4f783d23b661167d9,0x00019A88,114,0,data_load,model_bulk_data_slot1,
80100000-c8e67b1636c2fe26889820a27f232ebffdba78b3476d40d227e6cf6600c54201,game/france/DATA/MODEL.MRG,31740,96,0x80100000,c8e67b1636c2fe26889820a27f232ebffdba78b3476d40d227e6cf6600c54201,0x0001849C,115,0,data_load,model_bulk_data_slot0,
80140000-c8e67b1636c2fe26889820a27f232ebffdba78b3476d40d227e6cf6600c54201,game/france/DATA/MODEL.MRG,31740,96,0x80140000,c8e67b1636c2fe26889820a27f232ebffdba78b3476d40d227e6cf6600c54201,0x0001849C,115,0,data_load,model_bulk_data_slot1,
80100000-346a1bfa2d83d8ff3c4436fb4f02fdefbe22b568d5b5bdb1a197865fedaebc9f,game/france/DATA/MODEL.MRG,32016,96,0x80100000,346a1bfa2d83d8ff3c4436fb4f02fdefbe22b568d5b5bdb1a197865fedaebc9f,0x00014AFC,116,0,data_load,model_bulk_data_slot0,
80140000-346a1bfa2d83d8ff3c4436fb4f02fdefbe22b568d5b5bdb1a197865fedaebc9f,game/france/DATA/MODEL.MRG,32016,96,0x80140000,346a1bfa2d83d8ff3c4436fb4f02fdefbe22b568d5b5bdb1a197865fedaebc9f,0x00014AFC,116,0,data_load,model_bulk_data_slot1,
80100000-231da5036c7e7c3cc934b1f32d6a7f3c5e66d3abcda930159aaa017e4a7ed2f9,game/france/DATA/MODEL.MRG,32292,96,0x80100000,231da5036c7e7c3cc934b1f32d6a7f3c5e66d3abcda930159aaa017e4a7ed2f9,0x00018F44,117,0,data_load,model_bulk_data_slot0,
80140000-231da5036c7e7c3cc934b1f32d6a7f3c5e66d3abcda930159aaa017e4a7ed2f9,game/france/DATA/MODEL.MRG,32292,96,0x80140000,231da5036c7e7c3cc934b1f32d6a7f3c5e66d3abcda930159aaa017e4a7ed2f9,0x00018F44,117,0,data_load,model_bulk_data_slot1,
80100000-17f63391082e695123a517304bd14f047874977059a1f0525553878f6a734dc3,game/france/DATA/MODEL.MRG,32568,96,0x80100000,17f63391082e695123a517304bd14f047874977059a1f0525553878f6a734dc3,0x0000C8EC,118,0,data_load,model_bulk_data_slot0,
80140000-17f63391082e695123a517304bd14f047874977059a1f0525553878f6a734dc3,game/france/DATA/MODEL.MRG,32568,96,0x80140000,17f63391082e695123a517304bd14f047874977059a1f0525553878f6a734dc3,0x0000C8EC,118,0,data_load,model_bulk_data_slot1,
80100000-e0c80dd38522316c4a1c8e9c037f01268c09291ba2bb0f6465b759d56d104ed2,game/france/DATA/MODEL.MRG,32844,96,0x80100000,e0c80dd38522316c4a1c8e9c037f01268c09291ba2bb0f6465b759d56d104ed2,0x0001EF40,119,0,data_load,model_bulk_data_slot0,
80140000-e0c80dd38522316c4a1c8e9c037f01268c09291ba2bb0f6465b759d56d104ed2,game/france/DATA/MODEL.MRG,32844,96,0x80140000,e0c80dd38522316c4a1c8e9c037f01268c09291ba2bb0f6465b759d56d104ed2,0x0001EF40,119,0,data_load,model_bulk_data_slot1,
80100000-fd79cb21c40d4072cde831c6ba5e747d7f95932eea593ae7e09b89aec184bc20,game/france/DATA/MODEL.MRG,33120,96,0x80100000,fd79cb21c40d4072cde831c6ba5e747d7f95932eea593ae7e09b89aec184bc20,0x0001933C,120,0,data_load,model_bulk_data_slot0,
80140000-fd79cb21c40d4072cde831c6ba5e747d7f95932eea593ae7e09b89aec184bc20,game/france/DATA/MODEL.MRG,33120,96,0x80140000,fd79cb21c40d4072cde831c6ba5e747d7f95932eea593ae7e09b89aec184bc20,0x0001933C,120,0,data_load,model_bulk_data_slot1,
80100000-c6dbc6013fd377abea7638515a8d57fe2ee87f33ffa51ff0a8b3893b7db4b94a,game/france/DATA/MODEL.MRG,33396,96,0x80100000,c6dbc6013fd377abea7638515a8d57fe2ee87f33ffa51ff0a8b3893b7db4b94a,0x00015F5C,121,0,data_load,model_bulk_data_slot0,
80140000-c6dbc6013fd377abea7638515a8d57fe2ee87f33ffa51ff0a8b3893b7db4b94a,game/france/DATA/MODEL.MRG,33396,96,0x80140000,c6dbc6013fd377abea7638515a8d57fe2ee87f33ffa51ff0a8b3893b7db4b94a,0x00015F5C,121,0,data_load,model_bulk_data_slot1,
80100000-60c45dc63629ce527fec0e5e6d76321ae5f03c1fd48572d8795c7cee0843ba08,game/france/DATA/MODEL.MRG,33672,96,0x80100000,60c45dc63629ce527fec0e5e6d76321ae5f03c1fd48572d8795c7cee0843ba08,0x0000F90C,122,0,data_load,model_bulk_data_slot0,
80140000-60c45dc63629ce527fec0e5e6d76321ae5f03c1fd48572d8795c7cee0843ba08,game/france/DATA/MODEL.MRG,33672,96,0x80140000,60c45dc63629ce527fec0e5e6d76321ae5f03c1fd48572d8795c7cee0843ba08,0x0000F90C,122,0,data_load,model_bulk_data_slot1,
80100000-42171c037451834008ffaa16cda5ae693c496778ecb90630b4ead72bee606f59,game/france/DATA/MODEL.MRG,33948,96,0x80100000,42171c037451834008ffaa16cda5ae693c496778ecb90630b4ead72bee606f59,0x00013A58,123,0,data_load,model_bulk_data_slot0,
80140000-42171c037451834008ffaa16cda5ae693c496778ecb90630b4ead72bee606f59,game/france/DATA/MODEL.MRG,33948,96,0x80140000,42171c037451834008ffaa16cda5ae693c496778ecb90630b4ead72bee606f59,0x00013A58,123,0,data_load,model_bulk_data_slot1,
80100000-dcbe4f7ecc5ee3c0584ed63f9f1cfddded221c71ab29f585d4fd599564bc272a,game/france/DATA/MODEL.MRG,34224,96,0x80100000,dcbe4f7ecc5ee3c0584ed63f9f1cfddded221c71ab29f585d4fd599564bc272a,0x0001F3E8,124,0,data_load,model_bulk_data_slot0,
80140000-dcbe4f7ecc5ee3c0584ed63f9f1cfddded221c71ab29f585d4fd599564bc272a,game/france/DATA/MODEL.MRG,34224,96,0x80140000,dcbe4f7ecc5ee3c0584ed63f9f1cfddded221c71ab29f585d4fd599564bc272a,0x0001F3E8,124,0,data_load,model_bulk_data_slot1,
80100000-997c1028010cdbbd1558263bcf94f63886b040a570c9485c0c9114560b404c4b,game/france/DATA/MODEL.MRG,34500,96,0x80100000,997c1028010cdbbd1558263bcf94f63886b040a570c9485c0c9114560b404c4b,0x00015064,125,0,data_load,model_bulk_data_slot0,
80140000-997c1028010cdbbd1558263bcf94f63886b040a570c9485c0c9114560b404c4b,game/france/DATA/MODEL.MRG,34500,96,0x80140000,997c1028010cdbbd1558263bcf94f63886b040a570c9485c0c9114560b404c4b,0x00015064,125,0,data_load,model_bulk_data_slot1,
80100000-4cba2e04ee3e72a7db795d27f1765b6f19348c45dd67d8352d65f0a967d3903d,game/france/DATA/MODEL.MRG,34776,96,0x80100000,4cba2e04ee3e72a7db795d27f1765b6f19348c45dd67d8352d65f0a967d3903d,0x00018A28,126,0,data_load,model_bulk_data_slot0,
80140000-4cba2e04ee3e72a7db795d27f1765b6f19348c45dd67d8352d65f0a967d3903d,game/france/DATA/MODEL.MRG,34776,96,0x80140000,4cba2e04ee3e72a7db795d27f1765b6f19348c45dd67d8352d65f0a967d3903d,0x00018A28,126,0,data_load,model_bulk_data_slot1,
80100000-c88f2d56ef841c2cd07730078d05bc5b1873860b8b325e32eac2d418cb0bf45f,game/france/DATA/MODEL.MRG,35052,96,0x80100000,c88f2d56ef841c2cd07730078d05bc5b1873860b8b325e32eac2d418cb0bf45f,0x0001BA10,127,0,data_load,model_bulk_data_slot0,
80140000-c88f2d56ef841c2cd07730078d05bc5b1873860b8b325e32eac2d418cb0bf45f,game/france/DATA/MODEL.MRG,35052,96,0x80140000,c88f2d56ef841c2cd07730078d05bc5b1873860b8b325e32eac2d418cb0bf45f,0x0001BA10,127,0,data_load,model_bulk_data_slot1,
80100000-33853e7bfd7aac6731cda01f5eb688c7902377597ede77c1ed7e1f2d5ad85079,game/france/DATA/MODEL.MRG,35328,96,0x80100000,33853e7bfd7aac6731cda01f5eb688c7902377597ede77c1ed7e1f2d5ad85079,0x00024354,128,0,data_load,model_bulk_data_slot0,
80140000-33853e7bfd7aac6731cda01f5eb688c7902377597ede77c1ed7e1f2d5ad85079,game/france/DATA/MODEL.MRG,35328,96,0x80140000,33853e7bfd7aac6731cda01f5eb688c7902377597ede77c1ed7e1f2d5ad85079,0x00024354,128,0,data_load,model_bulk_data_slot1,
80100000-b11a6c0289fd1b6770be8644eff10e43c2f5198f161ef25ae24ae6d50e202d25,game/france/DATA/MODEL.MRG,35604,96,0x80100000,b11a6c0289fd1b6770be8644eff10e43c2f5198f161ef25ae24ae6d50e202d25,0x00010528,129,0,data_load,model_bulk_data_slot0,
80140000-b11a6c0289fd1b6770be8644eff10e43c2f5198f161ef25ae24ae6d50e202d25,game/france/DATA/MODEL.MRG,35604,96,0x80140000,b11a6c0289fd1b6770be8644eff10e43c2f5198f161ef25ae24ae6d50e202d25,0x00010528,129,0,data_load,model_bulk_data_slot1,
80100000-6ff29e7c71316a368f39cfed4c86bf2e2d7f2b18a15e0c208f38fe8d9c718519,game/france/DATA/MODEL.MRG,35880,96,0x80100000,6ff29e7c71316a368f39cfed4c86bf2e2d7f2b18a15e0c208f38fe8d9c718519,0x00018B88,130,0,data_load,model_bulk_data_slot0,
80140000-6ff29e7c71316a368f39cfed4c86bf2e2d7f2b18a15e0c208f38fe8d9c718519,game/france/DATA/MODEL.MRG,35880,96,0x80140000,6ff29e7c71316a368f39cfed4c86bf2e2d7f2b18a15e0c208f38fe8d9c718519,0x00018B88,130,0,data_load,model_bulk_data_slot1,
80100000-d94c9fe46ba79f205e09d4edd8036b6ce03070f93d0507b88c4973f056d972e3,game/france/DATA/MODEL.MRG,36156,96,0x80100000,d94c9fe46ba79f205e09d4edd8036b6ce03070f93d0507b88c4973f056d972e3,0x0001A5C8,131,0,data_load,model_bulk_data_slot0,
80140000-d94c9fe46ba79f205e09d4edd8036b6ce03070f93d0507b88c4973f056d972e3,game/france/DATA/MODEL.MRG,36156,96,0x80140000,d94c9fe46ba79f205e09d4edd8036b6ce03070f93d0507b88c4973f056d972e3,0x0001A5C8,131,0,data_load,model_bulk_data_slot1,
80100000-fee7b261858dc1e9e71247a81ba10f0994123971b86d1a7b9b2a81463f761bc3,game/france/DATA/MODEL.MRG,36432,96,0x80100000,fee7b261858dc1e9e71247a81ba10f0994123971b86d1a7b9b2a81463f761bc3,0x0001E540,132,0,data_load,model_bulk_data_slot0,
80140000-fee7b261858dc1e9e71247a81ba10f0994123971b86d1a7b9b2a81463f761bc3,game/france/DATA/MODEL.MRG,36432,96,0x80140000,fee7b261858dc1e9e71247a81ba10f0994123971b86d1a7b9b2a81463f761bc3,0x0001E540,132,0,data_load,model_bulk_data_slot1,
80100000-19d3b406018d7358550ce956a123360958516ce54c6e973ae0b338f90c20ef9e,game/france/DATA/MODEL.MRG,36708,96,0x80100000,19d3b406018d7358550ce956a123360958516ce54c6e973ae0b338f90c20ef9e,0x000213C4,133,0,data_load,model_bulk_data_slot0,
80140000-19d3b406018d7358550ce956a123360958516ce54c6e973ae0b338f90c20ef9e,game/france/DATA/MODEL.MRG,36708,96,0x80140000,19d3b406018d7358550ce956a123360958516ce54c6e973ae0b338f90c20ef9e,0x000213C4,133,0,data_load,model_bulk_data_slot1,
80100000-511a913434fc9ea0b9f2c0382feef5dda8756ab23a5716d3fac5bc94940ee7d3,game/france/DATA/MODEL.MRG,36984,96,0x80100000,511a913434fc9ea0b9f2c0382feef5dda8756ab23a5716d3fac5bc94940ee7d3,0x0002A8F8,134,0,data_load,model_bulk_data_slot0,
80140000-511a913434fc9ea0b9f2c0382feef5dda8756ab23a5716d3fac5bc94940ee7d3,game/france/DATA/MODEL.MRG,36984,96,0x80140000,511a913434fc9ea0b9f2c0382feef5dda8756ab23a5716d3fac5bc94940ee7d3,0x0002A8F8,134,0,data_load,model_bulk_data_slot1,
80100000-0528a6b35227f72b33621d06b9cf033071f7d1d210c4de5ed06fcec5f4a24dda,game/france/DATA/MODEL.MRG,37260,96,0x80100000,0528a6b35227f72b33621d06b9cf033071f7d1d210c4de5ed06fcec5f4a24dda,0x000191B4,135,0,data_load,model_bulk_data_slot0,
80140000-0528a6b35227f72b33621d06b9cf033071f7d1d210c4de5ed06fcec5f4a24dda,game/france/DATA/MODEL.MRG,37260,96,0x80140000,0528a6b35227f72b33621d06b9cf033071f7d1d210c4de5ed06fcec5f4a24dda,0x000191B4,135,0,data_load,model_bulk_data_slot1,
80100000-9cce2d988adea22ac65f6cb4ace7b7b363b10cd3cf22cd0c7a72161eae01c894,game/france/DATA/MODEL.MRG,37536,96,0x80100000,9cce2d988adea22ac65f6cb4ace7b7b363b10cd3cf22cd0c7a72161eae01c894,0x0001A868,136,0,data_load,model_bulk_data_slot0,
80140000-9cce2d988adea22ac65f6cb4ace7b7b363b10cd3cf22cd0c7a72161eae01c894,game/france/DATA/MODEL.MRG,37536,96,0x80140000,9cce2d988adea22ac65f6cb4ace7b7b363b10cd3cf22cd0c7a72161eae01c894,0x0001A868,136,0,data_load,model_bulk_data_slot1,
80100000-9d942d061f5472dce9b7e7a23812fcba5c2736443dd020e6e2b2643029d92d54,game/france/DATA/MODEL.MRG,37812,96,0x80100000,9d942d061f5472dce9b7e7a23812fcba5c2736443dd020e6e2b2643029d92d54,0x00012E18,137,0,data_load,model_bulk_data_slot0,
80140000-9d942d061f5472dce9b7e7a23812fcba5c2736443dd020e6e2b2643029d92d54,game/france/DATA/MODEL.MRG,37812,96,0x80140000,9d942d061f5472dce9b7e7a23812fcba5c2736443dd020e6e2b2643029d92d54,0x00012E18,137,0,data_load,model_bulk_data_slot1,
80100000-3b1e82e25ff5ad9768eeb65d4eb9c37d2bc9676a2ad632cd6c478c50ebf33b7c,game/france/DATA/MODEL.MRG,38088,96,0x80100000,3b1e82e25ff5ad9768eeb65d4eb9c37d2bc9676a2ad632cd6c478c50ebf33b7c,0x00019CC0,138,0,data_load,model_bulk_data_slot0,
80140000-3b1e82e25ff5ad9768eeb65d4eb9c37d2bc9676a2ad632cd6c478c50ebf33b7c,game/france/DATA/MODEL.MRG,38088,96,0x80140000,3b1e82e25ff5ad9768eeb65d4eb9c37d2bc9676a2ad632cd6c478c50ebf33b7c,0x00019CC0,138,0,data_load,model_bulk_data_slot1,
80100000-745b8597ccf69cd82ef648a4364b966af0f869bdcf2f0596bfa2e2df1b0a3af6,game/france/DATA/MODEL.MRG,38364,96,0x80100000,745b8597ccf69cd82ef648a4364b966af0f869bdcf2f0596bfa2e2df1b0a3af6,0x0001875C,139,0,data_load,model_bulk_data_slot0,
80140000-745b8597ccf69cd82ef648a4364b966af0f869bdcf2f0596bfa2e2df1b0a3af6,game/france/DATA/MODEL.MRG,38364,96,0x80140000,745b8597ccf69cd82ef648a4364b966af0f869bdcf2f0596bfa2e2df1b0a3af6,0x0001875C,139,0,data_load,model_bulk_data_slot1,
80100000-c31818871cc40a99e0e4e02fb7f6905c5b46bff7dabff2a756be9222c17311aa,game/france/DATA/MODEL.MRG,38640,96,0x80100000,c31818871cc40a99e0e4e02fb7f6905c5b46bff7dabff2a756be9222c17311aa,0x0001637C,140,0,data_load,model_bulk_data_slot0,
80140000-c31818871cc40a99e0e4e02fb7f6905c5b46bff7dabff2a756be9222c17311aa,game/france/DATA/MODEL.MRG,38640,96,0x80140000,c31818871cc40a99e0e4e02fb7f6905c5b46bff7dabff2a756be9222c17311aa,0x0001637C,140,0,data_load,model_bulk_data_slot1,
80100000-af9ebefd65b836f9f36d837a138d6f6f97c5c396d8d824ab9bda67be55c96a21,game/france/DATA/MODEL.MRG,38916,96,0x80100000,af9ebefd65b836f9f36d837a138d6f6f97c5c396d8d824ab9bda67be55c96a21,0x0001E5C4,141,0,data_load,model_bulk_data_slot0,
80140000-af9ebefd65b836f9f36d837a138d6f6f97c5c396d8d824ab9bda67be55c96a21,game/france/DATA/MODEL.MRG,38916,96,0x80140000,af9ebefd65b836f9f36d837a138d6f6f97c5c396d8d824ab9bda67be55c96a21,0x0001E5C4,141,0,data_load,model_bulk_data_slot1,
80100000-0522185a8ed093b3dc52de53b833d851e6a8c43e7d83ad4a7290778370b740bc,game/france/DATA/MODEL.MRG,39192,96,0x80100000,0522185a8ed093b3dc52de53b833d851e6a8c43e7d83ad4a7290778370b740bc,0x00025F70,142,0,data_load,model_bulk_data_slot0,
80140000-0522185a8ed093b3dc52de53b833d851e6a8c43e7d83ad4a7290778370b740bc,game/france/DATA/MODEL.MRG,39192,96,0x80140000,0522185a8ed093b3dc52de53b833d851e6a8c43e7d83ad4a7290778370b740bc,0x00025F70,142,0,data_load,model_bulk_data_slot1,
80100000-4daacdda73e808a27a714fac31cb0c81f8e8a6bc9f003fba4a48512cb373ee2f,game/france/DATA/MODEL.MRG,39468,96,0x80100000,4daacdda73e808a27a714fac31cb0c81f8e8a6bc9f003fba4a48512cb373ee2f,0x0001954C,143,0,data_load,model_bulk_data_slot0,
80140000-4daacdda73e808a27a714fac31cb0c81f8e8a6bc9f003fba4a48512cb373ee2f,game/france/DATA/MODEL.MRG,39468,96,0x80140000,4daacdda73e808a27a714fac31cb0c81f8e8a6bc9f003fba4a48512cb373ee2f,0x0001954C,143,0,data_load,model_bulk_data_slot1,
80100000-0161a31ccf5d04fdef6d4c49ac79a4c14c323f1b4b8d65dfdcadafb73c3c322a,game/france/DATA/MODEL.MRG,39744,96,0x80100000,0161a31ccf5d04fdef6d4c49ac79a4c14c323f1b4b8d65dfdcadafb73c3c322a,0x0001DCDC,144,0,data_load,model_bulk_data_slot0,
80140000-0161a31ccf5d04fdef6d4c49ac79a4c14c323f1b4b8d65dfdcadafb73c3c322a,game/france/DATA/MODEL.MRG,39744,96,0x80140000,0161a31ccf5d04fdef6d4c49ac79a4c14c323f1b4b8d65dfdcadafb73c3c322a,0x0001DCDC,144,0,data_load,model_bulk_data_slot1,
80100000-b13a08fd9b15f94bb6619b12eff46ae2c61964cdb5ebb9a5eb98718b4ca4f9f1,game/france/DATA/MODEL.MRG,40020,96,0x80100000,b13a08fd9b15f94bb6619b12eff46ae2c61964cdb5ebb9a5eb98718b4ca4f9f1,0x0000FE9C,145,0,data_load,model_bulk_data_slot0,
80140000-b13a08fd9b15f94bb6619b12eff46ae2c61964cdb5ebb9a5eb98718b4ca4f9f1,game/france/DATA/MODEL.MRG,40020,96,0x80140000,b13a08fd9b15f94bb6619b12eff46ae2c61964cdb5ebb9a5eb98718b4ca4f9f1,0x0000FE9C,145,0,data_load,model_bulk_data_slot1,
80100000-9440eb25f60f8c92eaa25f192e95358e8f8efc9d8508d305fa03de6557d9d0d1,game/france/DATA/MODEL.MRG,40296,96,0x80100000,9440eb25f60f8c92eaa25f192e95358e8f8efc9d8508d305fa03de6557d9d0d1,0x00007898,146,0,data_load,model_bulk_data_slot0,
80140000-9440eb25f60f8c92eaa25f192e95358e8f8efc9d8508d305fa03de6557d9d0d1,game/france/DATA/MODEL.MRG,40296,96,0x80140000,9440eb25f60f8c92eaa25f192e95358e8f8efc9d8508d305fa03de6557d9d0d1,0x00007898,146,0,data_load,model_bulk_data_slot1,
80100000-1eb94064115857d19f7106610a2d6fddb79d9f11d6de5f0aabba494e2a7f655e,game/france/DATA/MODEL.MRG,40572,96,0x80100000,1eb94064115857d19f7106610a2d6fddb79d9f11d6de5f0aabba494e2a7f655e,0x00014010,147,0,data_load,model_bulk_data_slot0,
80140000-1eb94064115857d19f7106610a2d6fddb79d9f11d6de5f0aabba494e2a7f655e,game/france/DATA/MODEL.MRG,40572,96,0x80140000,1eb94064115857d19f7106610a2d6fddb79d9f11d6de5f0aabba494e2a7f655e,0x00014010,147,0,data_load,model_bulk_data_slot1,
80100000-d9575a0ac542cf4b531e3823dc6278ed9570cd001b39d36612c0c452952aaa6a,game/france/DATA/MODEL.MRG,40848,96,0x80100000,d9575a0ac542cf4b531e3823dc6278ed9570cd001b39d36612c0c452952aaa6a,0x000189A4,148,0,data_load,model_bulk_data_slot0,
80140000-d9575a0ac542cf4b531e3823dc6278ed9570cd001b39d36612c0c452952aaa6a,game/france/DATA/MODEL.MRG,40848,96,0x80140000,d9575a0ac542cf4b531e3823dc6278ed9570cd001b39d36612c0c452952aaa6a,0x000189A4,148,0,data_load,model_bulk_data_slot1,
80100000-37b96ef5086f438fb42ad499a95e9eb26786a0989ad776347c8f5217f8cecb56,game/france/DATA/MODEL.MRG,41124,96,0x80100000,37b96ef5086f438fb42ad499a95e9eb26786a0989ad776347c8f5217f8cecb56,0x0000FC94,149,0,data_load,model_bulk_data_slot0,
80140000-37b96ef5086f438fb42ad499a95e9eb26786a0989ad776347c8f5217f8cecb56,game/france/DATA/MODEL.MRG,41124,96,0x80140000,37b96ef5086f438fb42ad499a95e9eb26786a0989ad776347c8f5217f8cecb56,0x0000FC94,149,0,data_load,model_bulk_data_slot1,
80100000-c04ca266d9ea7594a612263023d0c62d0a0289b48d054c0470f879a63f9500bb,game/france/DATA/MODEL.MRG,41400,96,0x80100000,c04ca266d9ea7594a612263023d0c62d0a0289b48d054c0470f879a63f9500bb,0x00019D14,150,0,data_load,model_bulk_data_slot0,
80140000-c04ca266d9ea7594a612263023d0c62d0a0289b48d054c0470f879a63f9500bb,game/france/DATA/MODEL.MRG,41400,96,0x80140000,c04ca266d9ea7594a612263023d0c62d0a0289b48d054c0470f879a63f9500bb,0x00019D14,150,0,data_load,model_bulk_data_slot1,
80100000-2809d59e4859c5cd148c4eda8747fd4c9da37ed8753acb306cde3e20439868ce,game/france/DATA/MODEL.MRG,41676,96,0x80100000,2809d59e4859c5cd148c4eda8747fd4c9da37ed8753acb306cde3e20439868ce,0x00017DFC,151,0,data_load,model_bulk_data_slot0,
80140000-2809d59e4859c5cd148c4eda8747fd4c9da37ed8753acb306cde3e20439868ce,game/france/DATA/MODEL.MRG,41676,96,0x80140000,2809d59e4859c5cd148c4eda8747fd4c9da37ed8753acb306cde3e20439868ce,0x00017DFC,151,0,data_load,model_bulk_data_slot1,
80100000-fd8f72046cae133cae282b1983414f3921327be954703b9367d3696b58e8f9fa,game/france/DATA/MODEL.MRG,41952,96,0x80100000,fd8f72046cae133cae282b1983414f3921327be954703b9367d3696b58e8f9fa,0x000187B4,152,0,data_load,model_bulk_data_slot0,
80140000-fd8f72046cae133cae282b1983414f3921327be954703b9367d3696b58e8f9fa,game/france/DATA/MODEL.MRG,41952,96,0x80140000,fd8f72046cae133cae282b1983414f3921327be954703b9367d3696b58e8f9fa,0x000187B4,152,0,data_load,model_bulk_data_slot1,
80100000-99e39cb42fd7969e48f93f6fde73d54745380caecd46b435893551938a54d5e2,game/france/DATA/MODEL.MRG,42228,96,0x80100000,99e39cb42fd7969e48f93f6fde73d54745380caecd46b435893551938a54d5e2,0x0000D010,153,0,data_load,model_bulk_data_slot0,
80140000-99e39cb42fd7969e48f93f6fde73d54745380caecd46b435893551938a54d5e2,game/france/DATA/MODEL.MRG,42228,96,0x80140000,99e39cb42fd7969e48f93f6fde73d54745380caecd46b435893551938a54d5e2,0x0000D010,153,0,data_load,model_bulk_data_slot1,
80100000-3dc27f9d594f70af3279f72add2449269b46e0e22b730229c698c69cedbf2c70,game/france/DATA/MODEL.MRG,42504,96,0x80100000,3dc27f9d594f70af3279f72add2449269b46e0e22b730229c698c69cedbf2c70,0x00010F24,154,0,data_load,model_bulk_data_slot0,
80140000-3dc27f9d594f70af3279f72add2449269b46e0e22b730229c698c69cedbf2c70,game/france/DATA/MODEL.MRG,42504,96,0x80140000,3dc27f9d594f70af3279f72add2449269b46e0e22b730229c698c69cedbf2c70,0x00010F24,154,0,data_load,model_bulk_data_slot1,
80100000-ede6f96882d30b322a32d6f4712f4091d61c48467ec4bbcd4d1f804ed8de00fa,game/france/DATA/MODEL.MRG,42780,96,0x80100000,ede6f96882d30b322a32d6f4712f4091d61c48467ec4bbcd4d1f804ed8de00fa,0x000145C0,155,0,data_load,model_bulk_data_slot0,
80140000-ede6f96882d30b322a32d6f4712f4091d61c48467ec4bbcd4d1f804ed8de00fa,game/france/DATA/MODEL.MRG,42780,96,0x80140000,ede6f96882d30b322a32d6f4712f4091d61c48467ec4bbcd4d1f804ed8de00fa,0x000145C0,155,0,data_load,model_bulk_data_slot1,
80100000-9a3291a7dd53899439d3a36d5fa530a649c6effb7e0ea14bcdda43deada48d89,game/france/DATA/MODEL.MRG,43056,96,0x80100000,9a3291a7dd53899439d3a36d5fa530a649c6effb7e0ea14bcdda43deada48d89,0x00010428,156,0,data_load,model_bulk_data_slot0,
80140000-9a3291a7dd53899439d3a36d5fa530a649c6effb7e0ea14bcdda43deada48d89,game/france/DATA/MODEL.MRG,43056,96,0x80140000,9a3291a7dd53899439d3a36d5fa530a649c6effb7e0ea14bcdda43deada48d89,0x00010428,156,0,data_load,model_bulk_data_slot1,
80100000-0bbd175f86b55bd3211210bd7c8cb69fd41866c2f5bbe68b1962aec00fc4c909,game/france/DATA/MODEL.MRG,43332,96,0x80100000,0bbd175f86b55bd3211210bd7c8cb69fd41866c2f5bbe68b1962aec00fc4c909,0x00015394,157,0,data_load,model_bulk_data_slot0,
80140000-0bbd175f86b55bd3211210bd7c8cb69fd41866c2f5bbe68b1962aec00fc4c909,game/france/DATA/MODEL.MRG,43332,96,0x80140000,0bbd175f86b55bd3211210bd7c8cb69fd41866c2f5bbe68b1962aec00fc4c909,0x00015394,157,0,data_load,model_bulk_data_slot1,
80100000-b4d621a5c299b16e263b64af32b89b2ea2ce6eea4bb4e09cd90ef05def52f04b,game/france/DATA/MODEL.MRG,43608,96,0x80100000,b4d621a5c299b16e263b64af32b89b2ea2ce6eea4bb4e09cd90ef05def52f04b,0x00014154,158,0,data_load,model_bulk_data_slot0,
80140000-b4d621a5c299b16e263b64af32b89b2ea2ce6eea4bb4e09cd90ef05def52f04b,game/france/DATA/MODEL.MRG,43608,96,0x80140000,b4d621a5c299b16e263b64af32b89b2ea2ce6eea4bb4e09cd90ef05def52f04b,0x00014154,158,0,data_load,model_bulk_data_slot1,
80100000-36e4ce77b9cf374acf8d57a1b2037b468f807bf26a6845726ccfc88e1f6e6724,game/france/DATA/MODEL.MRG,43884,96,0x80100000,36e4ce77b9cf374acf8d57a1b2037b468f807bf26a6845726ccfc88e1f6e6724,0x00018014,159,0,data_load,model_bulk_data_slot0,
80140000-36e4ce77b9cf374acf8d57a1b2037b468f807bf26a6845726ccfc88e1f6e6724,game/france/DATA/MODEL.MRG,43884,96,0x80140000,36e4ce77b9cf374acf8d57a1b2037b468f807bf26a6845726ccfc88e1f6e6724,0x00018014,159,0,data_load,model_bulk_data_slot1,
80100000-1a71ee8a731af10bcfe58ef840222e235f2a2020c8ef945f53505ae2e334fb67,game/france/DATA/MODEL.MRG,44160,96,0x80100000,1a71ee8a731af10bcfe58ef840222e235f2a2020c8ef945f53505ae2e334fb67,0x00017018,160,0,data_load,model_bulk_data_slot0,
80140000-1a71ee8a731af10bcfe58ef840222e235f2a2020c8ef945f53505ae2e334fb67,game/france/DATA/MODEL.MRG,44160,96,0x80140000,1a71ee8a731af10bcfe58ef840222e235f2a2020c8ef945f53505ae2e334fb67,0x00017018,160,0,data_load,model_bulk_data_slot1,
80100000-484c5dac298ac5712d80663dbb848199bcc67c0bf1d84c06dd8de669e2b30736,game/france/DATA/MODEL.MRG,44436,96,0x80100000,484c5dac298ac5712d80663dbb848199bcc67c0bf1d84c06dd8de669e2b30736,0x00015698,161,0,data_load,model_bulk_data_slot0,
80140000-484c5dac298ac5712d80663dbb848199bcc67c0bf1d84c06dd8de669e2b30736,game/france/DATA/MODEL.MRG,44436,96,0x80140000,484c5dac298ac5712d80663dbb848199bcc67c0bf1d84c06dd8de669e2b30736,0x00015698,161,0,data_load,model_bulk_data_slot1,
80100000-a019512a0de43a041405be65aad95d7de0575b7d2e01706e0601f3beaaf23203,game/france/DATA/MODEL.MRG,44712,96,0x80100000,a019512a0de43a041405be65aad95d7de0575b7d2e01706e0601f3beaaf23203,0x0001B6B0,162,0,data_load,model_bulk_data_slot0,
80140000-a019512a0de43a041405be65aad95d7de0575b7d2e01706e0601f3beaaf23203,game/france/DATA/MODEL.MRG,44712,96,0x80140000,a019512a0de43a041405be65aad95d7de0575b7d2e01706e0601f3beaaf23203,0x0001B6B0,162,0,data_load,model_bulk_data_slot1,
80100000-87e98bc028e7e9d181a784b5d881b5d7156923d548cee74a50e72a0031c345f2,game/france/DATA/MODEL.MRG,44988,96,0x80100000,87e98bc028e7e9d181a784b5d881b5d7156923d548cee74a50e72a0031c345f2,0x00017C5C,163,0,data_load,model_bulk_data_slot0,
80140000-87e98bc028e7e9d181a784b5d881b5d7156923d548cee74a50e72a0031c345f2,game/france/DATA/MODEL.MRG,44988,96,0x80140000,87e98bc028e7e9d181a784b5d881b5d7156923d548cee74a50e72a0031c345f2,0x00017C5C,163,0,data_load,model_bulk_data_slot1,
80100000-9c42a4c4a6f27ef5b34e29b81b576b2fd3cd3a437501dde9c81f93040599713f,game/france/DATA/MODEL.MRG,45264,96,0x80100000,9c42a4c4a6f27ef5b34e29b81b576b2fd3cd3a437501dde9c81f93040599713f,0x0001A9FC,164,0,data_load,model_bulk_data_slot0,
80140000-9c42a4c4a6f27ef5b34e29b81b576b2fd3cd3a437501dde9c81f93040599713f,game/france/DATA/MODEL.MRG,45264,96,0x80140000,9c42a4c4a6f27ef5b34e29b81b576b2fd3cd3a437501dde9c81f93040599713f,0x0001A9FC,164,0,data_load,model_bulk_data_slot1,
80100000-294b30a916c46babb7f9cdb7a477934da98a5be51524c55ddbf2a7b48d2e2020,game/france/DATA/MODEL.MRG,45540,96,0x80100000,294b30a916c46babb7f9cdb7a477934da98a5be51524c55ddbf2a7b48d2e2020,0x00017334,165,0,data_load,model_bulk_data_slot0,
80140000-294b30a916c46babb7f9cdb7a477934da98a5be51524c55ddbf2a7b48d2e2020,game/france/DATA/MODEL.MRG,45540,96,0x80140000,294b30a916c46babb7f9cdb7a477934da98a5be51524c55ddbf2a7b48d2e2020,0x00017334,165,0,data_load,model_bulk_data_slot1,
80100000-724b57121673b01fa1358602a805fd2e9f8a4b32567b3064b49c52bc7a119f4b,game/france/DATA/MODEL.MRG,45816,96,0x80100000,724b57121673b01fa1358602a805fd2e9f8a4b32567b3064b49c52bc7a119f4b,0x000093B0,166,0,data_load,model_bulk_data_slot0,
80140000-724b57121673b01fa1358602a805fd2e9f8a4b32567b3064b49c52bc7a119f4b,game/france/DATA/MODEL.MRG,45816,96,0x80140000,724b57121673b01fa1358602a805fd2e9f8a4b32567b3064b49c52bc7a119f4b,0x000093B0,166,0,data_load,model_bulk_data_slot1,
80100000-ef1a1afde5300388638ffd74c3b193fe14dbc0329a12cfc0ac369abde8b483f2,game/france/DATA/MODEL.MRG,46092,96,0x80100000,ef1a1afde5300388638ffd74c3b193fe14dbc0329a12cfc0ac369abde8b483f2,0x00016A94,167,0,data_load,model_bulk_data_slot0,
80140000-ef1a1afde5300388638ffd74c3b193fe14dbc0329a12cfc0ac369abde8b483f2,game/france/DATA/MODEL.MRG,46092,96,0x80140000,ef1a1afde5300388638ffd74c3b193fe14dbc0329a12cfc0ac369abde8b483f2,0x00016A94,167,0,data_load,model_bulk_data_slot1,
80100000-178d929a931935d781e4cb4a9e97eb7380b33409b8f6f08ba29dad3699899b34,game/france/DATA/MODEL.MRG,46368,96,0x80100000,178d929a931935d781e4cb4a9e97eb7380b33409b8f6f08ba29dad3699899b34,0x000209D4,168,0,data_load,model_bulk_data_slot0,
80140000-178d929a931935d781e4cb4a9e97eb7380b33409b8f6f08ba29dad3699899b34,game/france/DATA/MODEL.MRG,46368,96,0x80140000,178d929a931935d781e4cb4a9e97eb7380b33409b8f6f08ba29dad3699899b34,0x000209D4,168,0,data_load,model_bulk_data_slot1,
80100000-e871ce5e48a03c1791b5f706cdc2b9e7cdcdc467265a86d5d03ff4e1b27d33b1,game/france/DATA/MODEL.MRG,46644,96,0x80100000,e871ce5e48a03c1791b5f706cdc2b9e7cdcdc467265a86d5d03ff4e1b27d33b1,0x0000FE20,169,0,data_load,model_bulk_data_slot0,
80140000-e871ce5e48a03c1791b5f706cdc2b9e7cdcdc467265a86d5d03ff4e1b27d33b1,game/france/DATA/MODEL.MRG,46644,96,0x80140000,e871ce5e48a03c1791b5f706cdc2b9e7cdcdc467265a86d5d03ff4e1b27d33b1,0x0000FE20,169,0,data_load,model_bulk_data_slot1,
80100000-54aa535edb41db5c06ed727662ba26e3ebd9f77fad450061fbd2983491bd7387,game/france/DATA/MODEL.MRG,46920,96,0x80100000,54aa535edb41db5c06ed727662ba26e3ebd9f77fad450061fbd2983491bd7387,0x000140E0,170,0,data_load,model_bulk_data_slot0,
80140000-54aa535edb41db5c06ed727662ba26e3ebd9f77fad450061fbd2983491bd7387,game/france/DATA/MODEL.MRG,46920,96,0x80140000,54aa535edb41db5c06ed727662ba26e3ebd9f77fad450061fbd2983491bd7387,0x000140E0,170,0,data_load,model_bulk_data_slot1,
80100000-35c766a49b8474450a7e2bc962ca2dc2a3699aeedee362ec2dcaa57c2232789f,game/france/DATA/MODEL.MRG,47196,96,0x80100000,35c766a49b8474450a7e2bc962ca2dc2a3699aeedee362ec2dcaa57c2232789f,0x00015EB0,171,0,data_load,model_bulk_data_slot0,
80140000-35c766a49b8474450a7e2bc962ca2dc2a3699aeedee362ec2dcaa57c2232789f,game/france/DATA/MODEL.MRG,47196,96,0x80140000,35c766a49b8474450a7e2bc962ca2dc2a3699aeedee362ec2dcaa57c2232789f,0x00015EB0,171,0,data_load,model_bulk_data_slot1,
80100000-2d4d006848cafc39b4e5a5234060897e3db13d35ad549d5c46952bec10680043,game/france/DATA/MODEL.MRG,47472,96,0x80100000,2d4d006848cafc39b4e5a5234060897e3db13d35ad549d5c46952bec10680043,0x0001D858,172,0,data_load,model_bulk_data_slot0,
80140000-2d4d006848cafc39b4e5a5234060897e3db13d35ad549d5c46952bec10680043,game/france/DATA/MODEL.MRG,47472,96,0x80140000,2d4d006848cafc39b4e5a5234060897e3db13d35ad549d5c46952bec10680043,0x0001D858,172,0,data_load,model_bulk_data_slot1,
80100000-eab42adc5eebfba57304bb1fe4df0fc8c8acdf6418871606ee96950076b667cd,game/france/DATA/MODEL.MRG,47748,96,0x80100000,eab42adc5eebfba57304bb1fe4df0fc8c8acdf6418871606ee96950076b667cd,0x00007E48,173,0,data_load,model_bulk_data_slot0,
80140000-eab42adc5eebfba57304bb1fe4df0fc8c8acdf6418871606ee96950076b667cd,game/france/DATA/MODEL.MRG,47748,96,0x80140000,eab42adc5eebfba57304bb1fe4df0fc8c8acdf6418871606ee96950076b667cd,0x00007E48,173,0,data_load,model_bulk_data_slot1,
80100000-58d488606eb3b462318f9b208f9733be834a678288afa701845af28f965e2eeb,game/france/DATA/MODEL.MRG,48024,96,0x80100000,58d488606eb3b462318f9b208f9733be834a678288afa701845af28f965e2eeb,0x0001497C,174,0,data_load,model_bulk_data_slot0,
80140000-58d488606eb3b462318f9b208f9733be834a678288afa701845af28f965e2eeb,game/france/DATA/MODEL.MRG,48024,96,0x80140000,58d488606eb3b462318f9b208f9733be834a678288afa701845af28f965e2eeb,0x0001497C,174,0,data_load,model_bulk_data_slot1,
80100000-81199ea004f93868669131265d8a6ce104b095b6390a15119ef6318318601a3d,game/france/DATA/MODEL.MRG,48300,96,0x80100000,81199ea004f93868669131265d8a6ce104b095b6390a15119ef6318318601a3d,0x0000ECAC,175,0,data_load,model_bulk_data_slot0,
80140000-81199ea004f93868669131265d8a6ce104b095b6390a15119ef6318318601a3d,game/france/DATA/MODEL.MRG,48300,96,0x80140000,81199ea004f93868669131265d8a6ce104b095b6390a15119ef6318318601a3d,0x0000ECAC,175,0,data_load,model_bulk_data_slot1,
80100000-9f6a4947dff9128e064fcf4e3a708d01459cc7c225c1d3990f6607c8bb009fec,game/france/DATA/MODEL.MRG,48576,96,0x80100000,9f6a4947dff9128e064fcf4e3a708d01459cc7c225c1d3990f6607c8bb009fec,0x0001A250,176,0,data_load,model_bulk_data_slot0,
80140000-9f6a4947dff9128e064fcf4e3a708d01459cc7c225c1d3990f6607c8bb009fec,game/france/DATA/MODEL.MRG,48576,96,0x80140000,9f6a4947dff9128e064fcf4e3a708d01459cc7c225c1d3990f6607c8bb009fec,0x0001A250,176,0,data_load,model_bulk_data_slot1,
80100000-f85d6f3833a3f1106ac0941c4375870892627b7eea7e5032a58e903343161c85,game/france/DATA/MODEL.MRG,48852,96,0x80100000,f85d6f3833a3f1106ac0941c4375870892627b7eea7e5032a58e903343161c85,0x00014828,177,0,data_load,model_bulk_data_slot0,
80140000-f85d6f3833a3f1106ac0941c4375870892627b7eea7e5032a58e903343161c85,game/france/DATA/MODEL.MRG,48852,96,0x80140000,f85d6f3833a3f1106ac0941c4375870892627b7eea7e5032a58e903343161c85,0x00014828,177,0,data_load,model_bulk_data_slot1,
80100000-99440b7b63a51568b893bd68ca030a18a7f13f77b505a130d58504ad6911d869,game/france/DATA/MODEL.MRG,49128,96,0x80100000,99440b7b63a51568b893bd68ca030a18a7f13f77b505a130d58504ad6911d869,0x000148D0,178,0,data_load,model_bulk_data_slot0,
80140000-99440b7b63a51568b893bd68ca030a18a7f13f77b505a130d58504ad6911d869,game/france/DATA/MODEL.MRG,49128,96,0x80140000,99440b7b63a51568b893bd68ca030a18a7f13f77b505a130d58504ad6911d869,0x000148D0,178,0,data_load,model_bulk_data_slot1,
80100000-c262be39d2fd4948076a96a7812a1467da0fdb3ef6c8c180727b7b560beb9156,game/france/DATA/MODEL.MRG,49404,96,0x80100000,c262be39d2fd4948076a96a7812a1467da0fdb3ef6c8c180727b7b560beb9156,0x00016040,179,0,data_load,model_bulk_data_slot0,
80140000-c262be39d2fd4948076a96a7812a1467da0fdb3ef6c8c180727b7b560beb9156,game/france/DATA/MODEL.MRG,49404,96,0x80140000,c262be39d2fd4948076a96a7812a1467da0fdb3ef6c8c180727b7b560beb9156,0x00016040,179,0,data_load,model_bulk_data_slot1,
80100000-6d9ce59f6a603113811b3e440c935e5d03f3aba1f88c3362acaee84d85df5567,game/france/DATA/MODEL.MRG,49680,96,0x80100000,6d9ce59f6a603113811b3e440c935e5d03f3aba1f88c3362acaee84d85df5567,0x0000A1FC,180,0,data_load,model_bulk_data_slot0,
80140000-6d9ce59f6a603113811b3e440c935e5d03f3aba1f88c3362acaee84d85df5567,game/france/DATA/MODEL.MRG,49680,96,0x80140000,6d9ce59f6a603113811b3e440c935e5d03f3aba1f88c3362acaee84d85df5567,0x0000A1FC,180,0,data_load,model_bulk_data_slot1,
80100000-a2345e9342417600ea59eb163c86f645b977dab5dbbc6285aab2c211c95adf55,game/france/DATA/MODEL.MRG,49956,96,0x80100000,a2345e9342417600ea59eb163c86f645b977dab5dbbc6285aab2c211c95adf55,0x00015E04,181,0,data_load,model_bulk_data_slot0,
80140000-a2345e9342417600ea59eb163c86f645b977dab5dbbc6285aab2c211c95adf55,game/france/DATA/MODEL.MRG,49956,96,0x80140000,a2345e9342417600ea59eb163c86f645b977dab5dbbc6285aab2c211c95adf55,0x00015E04,181,0,data_load,model_bulk_data_slot1,
80100000-f5a01d39dc8108ae02a898a9adb5fb18dc72602052a4b91b580a6c0b2909ed3f,game/france/DATA/MODEL.MRG,50232,96,0x80100000,f5a01d39dc8108ae02a898a9adb5fb18dc72602052a4b91b580a6c0b2909ed3f,0x00017CE0,182,0,data_load,model_bulk_data_slot0,
80140000-f5a01d39dc8108ae02a898a9adb5fb18dc72602052a4b91b580a6c0b2909ed3f,game/france/DATA/MODEL.MRG,50232,96,0x80140000,f5a01d39dc8108ae02a898a9adb5fb18dc72602052a4b91b580a6c0b2909ed3f,0x00017CE0,182,0,data_load,model_bulk_data_slot1,
80100000-97e1fd3f9c1db70259f46195c37cda05b56fb755ee1b46b2ea7e0663c0b2eaba,game/france/DATA/MODEL.MRG,50508,96,0x80100000,97e1fd3f9c1db70259f46195c37cda05b56fb755ee1b46b2ea7e0663c0b2eaba,0x00014070,183,0,data_load,model_bulk_data_slot0,
80140000-97e1fd3f9c1db70259f46195c37cda05b56fb755ee1b46b2ea7e0663c0b2eaba,game/france/DATA/MODEL.MRG,50508,96,0x80140000,97e1fd3f9c1db70259f46195c37cda05b56fb755ee1b46b2ea7e0663c0b2eaba,0x00014070,183,0,data_load,model_bulk_data_slot1,
80100000-5af162aa3f14e273bb4829e04af0a5c90de5e62310e6067895e5a1118830d35c,game/france/DATA/MODEL.MRG,50784,96,0x80100000,5af162aa3f14e273bb4829e04af0a5c90de5e62310e6067895e5a1118830d35c,0x0001FF24,184,0,data_load,model_bulk_data_slot0,
80140000-5af162aa3f14e273bb4829e04af0a5c90de5e62310e6067895e5a1118830d35c,game/france/DATA/MODEL.MRG,50784,96,0x80140000,5af162aa3f14e273bb4829e04af0a5c90de5e62310e6067895e5a1118830d35c,0x0001FF24,184,0,data_load,model_bulk_data_slot1,
80100000-c3e65bd14c1648a1e617a2dafa29fb455732baad01f9c73353501e270dc54943,game/france/DATA/MODEL.MRG,51060,96,0x80100000,c3e65bd14c1648a1e617a2dafa29fb455732baad01f9c73353501e270dc54943,0x0001E500,185,0,data_load,model_bulk_data_slot0,
80140000-c3e65bd14c1648a1e617a2dafa29fb455732baad01f9c73353501e270dc54943,game/france/DATA/MODEL.MRG,51060,96,0x80140000,c3e65bd14c1648a1e617a2dafa29fb455732baad01f9c73353501e270dc54943,0x0001E500,185,0,data_load,model_bulk_data_slot1,
80100000-ef6ab05cdc9038eea03bb41bd5a9036ce9163a82e5e33994a236092fcd70388c,game/france/DATA/MODEL.MRG,51336,96,0x80100000,ef6ab05cdc9038eea03bb41bd5a9036ce9163a82e5e33994a236092fcd70388c,0x00014D90,186,0,data_load,model_bulk_data_slot0,
80140000-ef6ab05cdc9038eea03bb41bd5a9036ce9163a82e5e33994a236092fcd70388c,game/france/DATA/MODEL.MRG,51336,96,0x80140000,ef6ab05cdc9038eea03bb41bd5a9036ce9163a82e5e33994a236092fcd70388c,0x00014D90,186,0,data_load,model_bulk_data_slot1,
80100000-98e84748a9ce198860918e12a3efaa49719d19ece5fb1f7b70d07671b1f44cc3,game/france/DATA/MODEL.MRG,51612,96,0x80100000,98e84748a9ce198860918e12a3efaa49719d19ece5fb1f7b70d07671b1f44cc3,0x0001579C,187,0,data_load,model_bulk_data_slot0,
80140000-98e84748a9ce198860918e12a3efaa49719d19ece5fb1f7b70d07671b1f44cc3,game/france/DATA/MODEL.MRG,51612,96,0x80140000,98e84748a9ce198860918e12a3efaa49719d19ece5fb1f7b70d07671b1f44cc3,0x0001579C,187,0,data_load,model_bulk_data_slot1,
80100000-dd04e0f1eabd21939aa54d5274c31eaae9c910d210e4827767733127d3d09b0d,game/france/DATA/MODEL.MRG,51888,96,0x80100000,dd04e0f1eabd21939aa54d5274c31eaae9c910d210e4827767733127d3d09b0d,0x00016910,188,0,data_load,model_bulk_data_slot0,
80140000-dd04e0f1eabd21939aa54d5274c31eaae9c910d210e4827767733127d3d09b0d,game/france/DATA/MODEL.MRG,51888,96,0x80140000,dd04e0f1eabd21939aa54d5274c31eaae9c910d210e4827767733127d3d09b0d,0x00016910,188,0,data_load,model_bulk_data_slot1,
80100000-83ebfa73c289c093ec093e37a321a1ed8df1a98e48eda85a96ab85b903657cf9,game/france/DATA/MODEL.MRG,52164,96,0x80100000,83ebfa73c289c093ec093e37a321a1ed8df1a98e48eda85a96ab85b903657cf9,0x00016524,189,0,data_load,model_bulk_data_slot0,
80140000-83ebfa73c289c093ec093e37a321a1ed8df1a98e48eda85a96ab85b903657cf9,game/france/DATA/MODEL.MRG,52164,96,0x80140000,83ebfa73c289c093ec093e37a321a1ed8df1a98e48eda85a96ab85b903657cf9,0x00016524,189,0,data_load,model_bulk_data_slot1,
80100000-5da755ada5d739f9d6a70161b9db5d0068a53f03ac42e33f770bac508bcf9890,game/france/DATA/MODEL.MRG,52440,96,0x80100000,5da755ada5d739f9d6a70161b9db5d0068a53f03ac42e33f770bac508bcf9890,0x0000B50C,190,0,data_load,model_bulk_data_slot0,
80140000-5da755ada5d739f9d6a70161b9db5d0068a53f03ac42e33f770bac508bcf9890,game/france/DATA/MODEL.MRG,52440,96,0x80140000,5da755ada5d739f9d6a70161b9db5d0068a53f03ac42e33f770bac508bcf9890,0x0000B50C,190,0,data_load,model_bulk_data_slot1,
80100000-2f5f60eee793891e2ec2d01f26e641bba717d1a0c0041f7dd4969eb77e0620cc,game/france/DATA/MODEL.MRG,52716,96,0x80100000,2f5f60eee793891e2ec2d01f26e641bba717d1a0c0041f7dd4969eb77e0620cc,0x00019198,191,0,data_load,model_bulk_data_slot0,
80140000-2f5f60eee793891e2ec2d01f26e641bba717d1a0c0041f7dd4969eb77e0620cc,game/france/DATA/MODEL.MRG,52716,96,0x80140000,2f5f60eee793891e2ec2d01f26e641bba717d1a0c0041f7dd4969eb77e0620cc,0x00019198,191,0,data_load,model_bulk_data_slot1,
80100000-0fa64fdffb6e201a7a12c5ee9869865f3c39f7e21155118a4f5e3326e0d03a91,game/france/DATA/MODEL.MRG,52992,96,0x80100000,0fa64fdffb6e201a7a12c5ee9869865f3c39f7e21155118a4f5e3326e0d03a91,0x00016924,192,0,data_load,model_bulk_data_slot0,
80140000-0fa64fdffb6e201a7a12c5ee9869865f3c39f7e21155118a4f5e3326e0d03a91,game/france/DATA/MODEL.MRG,52992,96,0x80140000,0fa64fdffb6e201a7a12c5ee9869865f3c39f7e21155118a4f5e3326e0d03a91,0x00016924,192,0,data_load,model_bulk_data_slot1,
80100000-e3d69ff7471169af5ddd2d235f39ece2d0bdece29789cc436e7ba688fcf4829c,game/france/DATA/MODEL.MRG,53268,96,0x80100000,e3d69ff7471169af5ddd2d235f39ece2d0bdece29789cc436e7ba688fcf4829c,0x00016DD0,193,0,data_load,model_bulk_data_slot0,
80140000-e3d69ff7471169af5ddd2d235f39ece2d0bdece29789cc436e7ba688fcf4829c,game/france/DATA/MODEL.MRG,53268,96,0x80140000,e3d69ff7471169af5ddd2d235f39ece2d0bdece29789cc436e7ba688fcf4829c,0x00016DD0,193,0,data_load,model_bulk_data_slot1,
80100000-58fc44cc4792d68ed247c179cf7ff477e0e49cd74a3d3423835b1bd85f9bcb86,game/france/DATA/MODEL.MRG,53544,96,0x80100000,58fc44cc4792d68ed247c179cf7ff477e0e49cd74a3d3423835b1bd85f9bcb86,0x0002D138,194,0,data_load,model_bulk_data_slot0,
80140000-58fc44cc4792d68ed247c179cf7ff477e0e49cd74a3d3423835b1bd85f9bcb86,game/france/DATA/MODEL.MRG,53544,96,0x80140000,58fc44cc4792d68ed247c179cf7ff477e0e49cd74a3d3423835b1bd85f9bcb86,0x0002D138,194,0,data_load,model_bulk_data_slot1,
80100000-96cd42e8c1d33682de119b286d673d9238b8e13e5d5689a061edc8670d6045e0,game/france/DATA/MODEL.MRG,53820,96,0x80100000,96cd42e8c1d33682de119b286d673d9238b8e13e5d5689a061edc8670d6045e0,0x0000BD60,195,0,data_load,model_bulk_data_slot0,
80140000-96cd42e8c1d33682de119b286d673d9238b8e13e5d5689a061edc8670d6045e0,game/france/DATA/MODEL.MRG,53820,96,0x80140000,96cd42e8c1d33682de119b286d673d9238b8e13e5d5689a061edc8670d6045e0,0x0000BD60,195,0,data_load,model_bulk_data_slot1,
80100000-5138f67d716727d30679c57c0e3edba370bda4ea40115eb29212eddd6234f253,game/france/DATA/MODEL.MRG,54096,96,0x80100000,5138f67d716727d30679c57c0e3edba370bda4ea40115eb29212eddd6234f253,0x00015BB0,196,0,data_load,model_bulk_data_slot0,
80140000-5138f67d716727d30679c57c0e3edba370bda4ea40115eb29212eddd6234f253,game/france/DATA/MODEL.MRG,54096,96,0x80140000,5138f67d716727d30679c57c0e3edba370bda4ea40115eb29212eddd6234f253,0x00015BB0,196,0,data_load,model_bulk_data_slot1,
80100000-b583c3b0015b42aebc6ca4c7c34151aac5bcb9e001e3bd3241385249c4388243,game/france/DATA/MODEL.MRG,54372,96,0x80100000,b583c3b0015b42aebc6ca4c7c34151aac5bcb9e001e3bd3241385249c4388243,0x0000D968,197,0,data_load,model_bulk_data_slot0,
80140000-b583c3b0015b42aebc6ca4c7c34151aac5bcb9e001e3bd3241385249c4388243,game/france/DATA/MODEL.MRG,54372,96,0x80140000,b583c3b0015b42aebc6ca4c7c34151aac5bcb9e001e3bd3241385249c4388243,0x0000D968,197,0,data_load,model_bulk_data_slot1,
80100000-74a2bc69315fa6469b8ee66f4a478322660b3422ce88eef5a19686067113e7ad,game/france/DATA/MODEL.MRG,54648,96,0x80100000,74a2bc69315fa6469b8ee66f4a478322660b3422ce88eef5a19686067113e7ad,0x0001166C,198,0,data_load,model_bulk_data_slot0,
80140000-74a2bc69315fa6469b8ee66f4a478322660b3422ce88eef5a19686067113e7ad,game/france/DATA/MODEL.MRG,54648,96,0x80140000,74a2bc69315fa6469b8ee66f4a478322660b3422ce88eef5a19686067113e7ad,0x0001166C,198,0,data_load,model_bulk_data_slot1,
80100000-b7bb51727cf1fa1e7b0308341e9005506899e26778418201b419879134c235af,game/france/DATA/MODEL.MRG,54924,96,0x80100000,b7bb51727cf1fa1e7b0308341e9005506899e26778418201b419879134c235af,0x00016040,199,0,data_load,model_bulk_data_slot0,
80140000-b7bb51727cf1fa1e7b0308341e9005506899e26778418201b419879134c235af,game/france/DATA/MODEL.MRG,54924,96,0x80140000,b7bb51727cf1fa1e7b0308341e9005506899e26778418201b419879134c235af,0x00016040,199,0,data_load,model_bulk_data_slot1,
80100000-02a854ca097888f1a945d2259c2b1e3281f8784c895ad4abfe29168ff67ac85b,game/france/DATA/MODEL.MRG,55200,96,0x80100000,02a854ca097888f1a945d2259c2b1e3281f8784c895ad4abfe29168ff67ac85b,0x00019D28,200,0,data_load,model_bulk_data_slot0,
80140000-02a854ca097888f1a945d2259c2b1e3281f8784c895ad4abfe29168ff67ac85b,game/france/DATA/MODEL.MRG,55200,96,0x80140000,02a854ca097888f1a945d2259c2b1e3281f8784c895ad4abfe29168ff67ac85b,0x00019D28,200,0,data_load,model_bulk_data_slot1,
80100000-c51153069ede0bf46dc286f7a777ccdeb3952656ab113e0cb156bae9e711f259,game/france/DATA/MODEL.MRG,55476,96,0x80100000,c51153069ede0bf46dc286f7a777ccdeb3952656ab113e0cb156bae9e711f259,0x000183D4,201,0,data_load,model_bulk_data_slot0,
80140000-c51153069ede0bf46dc286f7a777ccdeb3952656ab113e0cb156bae9e711f259,game/france/DATA/MODEL.MRG,55476,96,0x80140000,c51153069ede0bf46dc286f7a777ccdeb3952656ab113e0cb156bae9e711f259,0x000183D4,201,0,data_load,model_bulk_data_slot1,
80100000-fe98bf469184c68f1087ea0b5959737a726ab7a7ef2ff5bd79fde219467ea369,game/france/DATA/MODEL.MRG,55752,96,0x80100000,fe98bf469184c68f1087ea0b5959737a726ab7a7ef2ff5bd79fde219467ea369,0x00017EA0,202,0,data_load,model_bulk_data_slot0,
80140000-fe98bf469184c68f1087ea0b5959737a726ab7a7ef2ff5bd79fde219467ea369,game/france/DATA/MODEL.MRG,55752,96,0x80140000,fe98bf469184c68f1087ea0b5959737a726ab7a7ef2ff5bd79fde219467ea369,0x00017EA0,202,0,data_load,model_bulk_data_slot1,
80100000-8f2bbce7b824ace64984c16207136c498ada4237598a25839b4bc1ea4d866ba6,game/france/DATA/MODEL.MRG,56028,96,0x80100000,8f2bbce7b824ace64984c16207136c498ada4237598a25839b4bc1ea4d866ba6,0x0000EB80,203,0,data_load,model_bulk_data_slot0,
80140000-8f2bbce7b824ace64984c16207136c498ada4237598a25839b4bc1ea4d866ba6,game/france/DATA/MODEL.MRG,56028,96,0x80140000,8f2bbce7b824ace64984c16207136c498ada4237598a25839b4bc1ea4d866ba6,0x0000EB80,203,0,data_load,model_bulk_data_slot1,
80100000-7594767d58adc6c2d1fe970c5021474d9ec18448b7706cb80b49b68d0f6b05ca,game/france/DATA/MODEL.MRG,56304,96,0x80100000,7594767d58adc6c2d1fe970c5021474d9ec18448b7706cb80b49b68d0f6b05ca,0x0000F5EC,204,0,data_load,model_bulk_data_slot0,
80140000-7594767d58adc6c2d1fe970c5021474d9ec18448b7706cb80b49b68d0f6b05ca,game/france/DATA/MODEL.MRG,56304,96,0x80140000,7594767d58adc6c2d1fe970c5021474d9ec18448b7706cb80b49b68d0f6b05ca,0x0000F5EC,204,0,data_load,model_bulk_data_slot1,
80100000-f1edb03cc10f107808b6662e229ab7ef03cee184c61a626479c2e45ae4bc58c2,game/france/DATA/MODEL.MRG,56580,96,0x80100000,f1edb03cc10f107808b6662e229ab7ef03cee184c61a626479c2e45ae4bc58c2,0x0000F098,205,0,data_load,model_bulk_data_slot0,
80140000-f1edb03cc10f107808b6662e229ab7ef03cee184c61a626479c2e45ae4bc58c2,game/france/DATA/MODEL.MRG,56580,96,0x80140000,f1edb03cc10f107808b6662e229ab7ef03cee184c61a626479c2e45ae4bc58c2,0x0000F098,205,0,data_load,model_bulk_data_slot1,
80100000-63b1302d7c6d135c2f8e5654a7382a90739e3023f1d9465fb98b323942f600b2,game/france/DATA/MODEL.MRG,56856,96,0x80100000,63b1302d7c6d135c2f8e5654a7382a90739e3023f1d9465fb98b323942f600b2,0x0001DB40,206,0,data_load,model_bulk_data_slot0,
80140000-63b1302d7c6d135c2f8e5654a7382a90739e3023f1d9465fb98b323942f600b2,game/france/DATA/MODEL.MRG,56856,96,0x80140000,63b1302d7c6d135c2f8e5654a7382a90739e3023f1d9465fb98b323942f600b2,0x0001DB40,206,0,data_load,model_bulk_data_slot1,
80100000-f77917bbf6aea4535a0bb0b0d91bcb3d5c88f59fd743515e8fbcfae622dfabfd,game/france/DATA/MODEL.MRG,57132,96,0x80100000,f77917bbf6aea4535a0bb0b0d91bcb3d5c88f59fd743515e8fbcfae622dfabfd,0x00011B9C,207,0,data_load,model_bulk_data_slot0,
80140000-f77917bbf6aea4535a0bb0b0d91bcb3d5c88f59fd743515e8fbcfae622dfabfd,game/france/DATA/MODEL.MRG,57132,96,0x80140000,f77917bbf6aea4535a0bb0b0d91bcb3d5c88f59fd743515e8fbcfae622dfabfd,0x00011B9C,207,0,data_load,model_bulk_data_slot1,
80100000-5010139e1f825f489fbb5c3d95d1ff7127128a3771c47bcffc009f9041cc208c,game/france/DATA/MODEL.MRG,57408,96,0x80100000,5010139e1f825f489fbb5c3d95d1ff7127128a3771c47bcffc009f9041cc208c,0x00013200,208,0,data_load,model_bulk_data_slot0,
80140000-5010139e1f825f489fbb5c3d95d1ff7127128a3771c47bcffc009f9041cc208c,game/france/DATA/MODEL.MRG,57408,96,0x80140000,5010139e1f825f489fbb5c3d95d1ff7127128a3771c47bcffc009f9041cc208c,0x00013200,208,0,data_load,model_bulk_data_slot1,
80100000-36b78d823c997f73e7e80a24823a086f8c5bc39f8ef75500ae39b0a6925ba7c0,game/france/DATA/MODEL.MRG,57684,96,0x80100000,36b78d823c997f73e7e80a24823a086f8c5bc39f8ef75500ae39b0a6925ba7c0,0x0000EA38,209,0,data_load,model_bulk_data_slot0,
80140000-36b78d823c997f73e7e80a24823a086f8c5bc39f8ef75500ae39b0a6925ba7c0,game/france/DATA/MODEL.MRG,57684,96,0x80140000,36b78d823c997f73e7e80a24823a086f8c5bc39f8ef75500ae39b0a6925ba7c0,0x0000EA38,209,0,data_load,model_bulk_data_slot1,
80100000-324a7c30b72a2f83ef862f58d53fcc1761ecdec56deb17175f856daf353cbcdc,game/france/DATA/MODEL.MRG,57960,96,0x80100000,324a7c30b72a2f83ef862f58d53fcc1761ecdec56deb17175f856daf353cbcdc,0x0001326C,210,0,data_load,model_bulk_data_slot0,
80140000-324a7c30b72a2f83ef862f58d53fcc1761ecdec56deb17175f856daf353cbcdc,game/france/DATA/MODEL.MRG,57960,96,0x80140000,324a7c30b72a2f83ef862f58d53fcc1761ecdec56deb17175f856daf353cbcdc,0x0001326C,210,0,data_load,model_bulk_data_slot1,
80100000-724aebbfc082b493513e117ff5f6fae9c6672ff68d89fcb4e88a932c374e8880,game/france/DATA/MODEL.MRG,58236,96,0x80100000,724aebbfc082b493513e117ff5f6fae9c6672ff68d89fcb4e88a932c374e8880,0x0001ADC0,211,0,data_load,model_bulk_data_slot0,
80140000-724aebbfc082b493513e117ff5f6fae9c6672ff68d89fcb4e88a932c374e8880,game/france/DATA/MODEL.MRG,58236,96,0x80140000,724aebbfc082b493513e117ff5f6fae9c6672ff68d89fcb4e88a932c374e8880,0x0001ADC0,211,0,data_load,model_bulk_data_slot1,
80100000-3a9e220178fae4baf0d2d6e9003131188602b9ea3dfa5516cc3ab73168401e33,game/france/DATA/MODEL.MRG,58512,96,0x80100000,3a9e220178fae4baf0d2d6e9003131188602b9ea3dfa5516cc3ab73168401e33,0x00010E50,212,0,data_load,model_bulk_data_slot0,
80140000-3a9e220178fae4baf0d2d6e9003131188602b9ea3dfa5516cc3ab73168401e33,game/france/DATA/MODEL.MRG,58512,96,0x80140000,3a9e220178fae4baf0d2d6e9003131188602b9ea3dfa5516cc3ab73168401e33,0x00010E50,212,0,data_load,model_bulk_data_slot1,
80100000-91886541176f9509ee01b65fbcca0887711417b782f2236b608e68f4e76ee7af,game/france/DATA/MODEL.MRG,58788,96,0x80100000,91886541176f9509ee01b65fbcca0887711417b782f2236b608e68f4e76ee7af,0x00018228,213,0,data_load,model_bulk_data_slot0,
80140000-91886541176f9509ee01b65fbcca0887711417b782f2236b608e68f4e76ee7af,game/france/DATA/MODEL.MRG,58788,96,0x80140000,91886541176f9509ee01b65fbcca0887711417b782f2236b608e68f4e76ee7af,0x00018228,213,0,data_load,model_bulk_data_slot1,
80100000-5a5cc8c18f60866ed5a2809153d4c12970641679a65afe2b60884314840187fb,game/france/DATA/MODEL.MRG,59064,96,0x80100000,5a5cc8c18f60866ed5a2809153d4c12970641679a65afe2b60884314840187fb,0x00020438,214,0,data_load,model_bulk_data_slot0,
80140000-5a5cc8c18f60866ed5a2809153d4c12970641679a65afe2b60884314840187fb,game/france/DATA/MODEL.MRG,59064,96,0x80140000,5a5cc8c18f60866ed5a2809153d4c12970641679a65afe2b60884314840187fb,0x00020438,214,0,data_load,model_bulk_data_slot1,
80100000-fb8c9b987a168317862defbf365a7d987d10b1059fa75a9bf21aedf6e636d73f,game/france/DATA/MODEL.MRG,59340,96,0x80100000,fb8c9b987a168317862defbf365a7d987d10b1059fa75a9bf21aedf6e636d73f,0x00012488,215,0,data_load,model_bulk_data_slot0,
80140000-fb8c9b987a168317862defbf365a7d987d10b1059fa75a9bf21aedf6e636d73f,game/france/DATA/MODEL.MRG,59340,96,0x80140000,fb8c9b987a168317862defbf365a7d987d10b1059fa75a9bf21aedf6e636d73f,0x00012488,215,0,data_load,model_bulk_data_slot1,
80100000-26771a53a913442daeb7a2c5149a0f0ef19ca75f63732cc1bc9d4ab6584d911f,game/france/DATA/MODEL.MRG,59616,96,0x80100000,26771a53a913442daeb7a2c5149a0f0ef19ca75f63732cc1bc9d4ab6584d911f,0x0001A0C8,216,0,data_load,model_bulk_data_slot0,
80140000-26771a53a913442daeb7a2c5149a0f0ef19ca75f63732cc1bc9d4ab6584d911f,game/france/DATA/MODEL.MRG,59616,96,0x80140000,26771a53a913442daeb7a2c5149a0f0ef19ca75f63732cc1bc9d4ab6584d911f,0x0001A0C8,216,0,data_load,model_bulk_data_slot1,
80100000-b74a76bc4e819546a2fa7805b0367f56eeeff878bdd4f65a45709271bf095c90,game/france/DATA/MODEL.MRG,59892,96,0x80100000,b74a76bc4e819546a2fa7805b0367f56eeeff878bdd4f65a45709271bf095c90,0x00015044,217,0,data_load,model_bulk_data_slot0,
80140000-b74a76bc4e819546a2fa7805b0367f56eeeff878bdd4f65a45709271bf095c90,game/france/DATA/MODEL.MRG,59892,96,0x80140000,b74a76bc4e819546a2fa7805b0367f56eeeff878bdd4f65a45709271bf095c90,0x00015044,217,0,data_load,model_bulk_data_slot1,
80100000-cae9a87700c7fd77fd9a873a4bcb175be071ce3e599223cdc6464439ed45552d,game/france/DATA/MODEL.MRG,60168,96,0x80100000,cae9a87700c7fd77fd9a873a4bcb175be071ce3e599223cdc6464439ed45552d,0x00021114,218,0,data_load,model_bulk_data_slot0,
80140000-cae9a87700c7fd77fd9a873a4bcb175be071ce3e599223cdc6464439ed45552d,game/france/DATA/MODEL.MRG,60168,96,0x80140000,cae9a87700c7fd77fd9a873a4bcb175be071ce3e599223cdc6464439ed45552d,0x00021114,218,0,data_load,model_bulk_data_slot1,
80100000-7bedd4396a2ec6f1146b0687d89a19b4ce8d89a4108f3da60ef288c5df77d36f,game/france/DATA/MODEL.MRG,60444,96,0x80100000,7bedd4396a2ec6f1146b0687d89a19b4ce8d89a4108f3da60ef288c5df77d36f,0x0000C860,219,0,data_load,model_bulk_data_slot0,
80140000-7bedd4396a2ec6f1146b0687d89a19b4ce8d89a4108f3da60ef288c5df77d36f,game/france/DATA/MODEL.MRG,60444,96,0x80140000,7bedd4396a2ec6f1146b0687d89a19b4ce8d89a4108f3da60ef288c5df77d36f,0x0000C860,219,0,data_load,model_bulk_data_slot1,
80100000-d6e3ce5b22b92116afed3e66b0151e8c3ca44d6047936f497d31ba82020009ad,game/france/DATA/MODEL.MRG,60720,96,0x80100000,d6e3ce5b22b92116afed3e66b0151e8c3ca44d6047936f497d31ba82020009ad,0x00019170,220,0,data_load,model_bulk_data_slot0,
80140000-d6e3ce5b22b92116afed3e66b0151e8c3ca44d6047936f497d31ba82020009ad,game/france/DATA/MODEL.MRG,60720,96,0x80140000,d6e3ce5b22b92116afed3e66b0151e8c3ca44d6047936f497d31ba82020009ad,0x00019170,220,0,data_load,model_bulk_data_slot1,
80100000-041486ebdfaeb51ad7bb60f0537e343597b45ee5a2842962248b83e824189133,game/france/DATA/MODEL.MRG,60996,96,0x80100000,041486ebdfaeb51ad7bb60f0537e343597b45ee5a2842962248b83e824189133,0x0001F0BC,221,0,data_load,model_bulk_data_slot0,
80140000-041486ebdfaeb51ad7bb60f0537e343597b45ee5a2842962248b83e824189133,game/france/DATA/MODEL.MRG,60996,96,0x80140000,041486ebdfaeb51ad7bb60f0537e343597b45ee5a2842962248b83e824189133,0x0001F0BC,221,0,data_load,model_bulk_data_slot1,
80100000-7f5f8140748217bb9e2af6c6df8690ccf2ae3240c2f9c70a138673a4347cb1be,game/france/DATA/MODEL.MRG,61272,96,0x80100000,7f5f8140748217bb9e2af6c6df8690ccf2ae3240c2f9c70a138673a4347cb1be,0x00017C3C,222,0,data_load,model_bulk_data_slot0,
80140000-7f5f8140748217bb9e2af6c6df8690ccf2ae3240c2f9c70a138673a4347cb1be,game/france/DATA/MODEL.MRG,61272,96,0x80140000,7f5f8140748217bb9e2af6c6df8690ccf2ae3240c2f9c70a138673a4347cb1be,0x00017C3C,222,0,data_load,model_bulk_data_slot1,
80100000-e0cb2cc09bae696067b944f0390eeb5f4d8bf67215550fa664705d673fb98437,game/france/DATA/MODEL.MRG,61548,96,0x80100000,e0cb2cc09bae696067b944f0390eeb5f4d8bf67215550fa664705d673fb98437,0x0001CD34,223,0,data_load,model_bulk_data_slot0,
80140000-e0cb2cc09bae696067b944f0390eeb5f4d8bf67215550fa664705d673fb98437,game/france/DATA/MODEL.MRG,61548,96,0x80140000,e0cb2cc09bae696067b944f0390eeb5f4d8bf67215550fa664705d673fb98437,0x0001CD34,223,0,data_load,model_bulk_data_slot1,
80100000-650e7c912b991060d3a2a0ad5b02622ce40c11492532eb5051889d76547e27e7,game/france/DATA/MODEL.MRG,61824,96,0x80100000,650e7c912b991060d3a2a0ad5b02622ce40c11492532eb5051889d76547e27e7,0x0000A71C,224,0,data_load,model_bulk_data_slot0,
80140000-650e7c912b991060d3a2a0ad5b02622ce40c11492532eb5051889d76547e27e7,game/france/DATA/MODEL.MRG,61824,96,0x80140000,650e7c912b991060d3a2a0ad5b02622ce40c11492532eb5051889d76547e27e7,0x0000A71C,224,0,data_load,model_bulk_data_slot1,
80100000-030653c54113e3c7d5307d8816e18c012f59bcdf3471ce6ce98efe3b44db2e86,game/france/DATA/MODEL.MRG,62100,96,0x80100000,030653c54113e3c7d5307d8816e18c012f59bcdf3471ce6ce98efe3b44db2e86,0x0001C08C,225,0,data_load,model_bulk_data_slot0,
80140000-030653c54113e3c7d5307d8816e18c012f59bcdf3471ce6ce98efe3b44db2e86,game/france/DATA/MODEL.MRG,62100,96,0x80140000,030653c54113e3c7d5307d8816e18c012f59bcdf3471ce6ce98efe3b44db2e86,0x0001C08C,225,0,data_load,model_bulk_data_slot1,
80100000-87bb80dc3a15cd065c08b29cef4b20df975fab92475e1ea15751d8e013d3ce5a,game/france/DATA/MODEL.MRG,62376,96,0x80100000,87bb80dc3a15cd065c08b29cef4b20df975fab92475e1ea15751d8e013d3ce5a,0x00013C6C,226,0,data_load,model_bulk_data_slot0,
80140000-87bb80dc3a15cd065c08b29cef4b20df975fab92475e1ea15751d8e013d3ce5a,game/france/DATA/MODEL.MRG,62376,96,0x80140000,87bb80dc3a15cd065c08b29cef4b20df975fab92475e1ea15751d8e013d3ce5a,0x00013C6C,226,0,data_load,model_bulk_data_slot1,
80100000-8f7383ecfffa952cb62089a124408dcc64e21f22f9308822a4752be500e883dc,game/france/DATA/MODEL.MRG,62652,96,0x80100000,8f7383ecfffa952cb62089a124408dcc64e21f22f9308822a4752be500e883dc,0x00013B10,227,0,data_load,model_bulk_data_slot0,
80140000-8f7383ecfffa952cb62089a124408dcc64e21f22f9308822a4752be500e883dc,game/france/DATA/MODEL.MRG,62652,96,0x80140000,8f7383ecfffa952cb62089a124408dcc64e21f22f9308822a4752be500e883dc,0x00013B10,227,0,data_load,model_bulk_data_slot1,
80100000-942ae1d584232d1740ec7985e70114f63a098275fa5b0e4b7caf9a842fa6479a,game/france/DATA/MODEL.MRG,62928,96,0x80100000,942ae1d584232d1740ec7985e70114f63a098275fa5b0e4b7caf9a842fa6479a,0x00010258,228,0,data_load,model_bulk_data_slot0,
80140000-942ae1d584232d1740ec7985e70114f63a098275fa5b0e4b7caf9a842fa6479a,game/france/DATA/MODEL.MRG,62928,96,0x80140000,942ae1d584232d1740ec7985e70114f63a098275fa5b0e4b7caf9a842fa6479a,0x00010258,228,0,data_load,model_bulk_data_slot1,
80100000-0236ecffd0ad8afe8832c2f1b6d76f184ba583adae06eb04fb403ddf2e97b1d5,game/france/DATA/MODEL.MRG,63204,96,0x80100000,0236ecffd0ad8afe8832c2f1b6d76f184ba583adae06eb04fb403ddf2e97b1d5,0x00017C54,229,0,data_load,model_bulk_data_slot0,
80140000-0236ecffd0ad8afe8832c2f1b6d76f184ba583adae06eb04fb403ddf2e97b1d5,game/france/DATA/MODEL.MRG,63204,96,0x80140000,0236ecffd0ad8afe8832c2f1b6d76f184ba583adae06eb04fb403ddf2e97b1d5,0x00017C54,229,0,data_load,model_bulk_data_slot1,
80100000-aac7ce5a5fb09d61b78259a32a3ea8f96196b0d6805a3c815abaff3866664669,game/france/DATA/MODEL.MRG,63480,96,0x80100000,aac7ce5a5fb09d61b78259a32a3ea8f96196b0d6805a3c815abaff3866664669,0x00014818,230,0,data_load,model_bulk_data_slot0,
80140000-aac7ce5a5fb09d61b78259a32a3ea8f96196b0d6805a3c815abaff3866664669,game/france/DATA/MODEL.MRG,63480,96,0x80140000,aac7ce5a5fb09d61b78259a32a3ea8f96196b0d6805a3c815abaff3866664669,0x00014818,230,0,data_load,model_bulk_data_slot1,
80100000-ab133dbaf6779406e7863b7f59be4a0529bf5bcd9d184cbcf7f5cd3aa99860f7,game/france/DATA/MODEL.MRG,63756,96,0x80100000,ab133dbaf6779406e7863b7f59be4a0529bf5bcd9d184cbcf7f5cd3aa99860f7,0x00015194,231,0,data_load,model_bulk_data_slot0,
80140000-ab133dbaf6779406e7863b7f59be4a0529bf5bcd9d184cbcf7f5cd3aa99860f7,game/france/DATA/MODEL.MRG,63756,96,0x80140000,ab133dbaf6779406e7863b7f59be4a0529bf5bcd9d184cbcf7f5cd3aa99860f7,0x00015194,231,0,data_load,model_bulk_data_slot1,
80100000-f8cfbaa50e4c4cfd062e8b1d3bdb45bcbee8ade67696ad0eb7c5382a55c4e3c8,game/france/DATA/MODEL.MRG,64032,96,0x80100000,f8cfbaa50e4c4cfd062e8b1d3bdb45bcbee8ade67696ad0eb7c5382a55c4e3c8,0x00012298,232,0,data_load,model_bulk_data_slot0,
80140000-f8cfbaa50e4c4cfd062e8b1d3bdb45bcbee8ade67696ad0eb7c5382a55c4e3c8,game/france/DATA/MODEL.MRG,64032,96,0x80140000,f8cfbaa50e4c4cfd062e8b1d3bdb45bcbee8ade67696ad0eb7c5382a55c4e3c8,0x00012298,232,0,data_load,model_bulk_data_slot1,
80100000-baf2084974373d95c2ce5e76d9da308117bf626cac56c06cc54d3e48f39d136d,game/france/DATA/MODEL.MRG,64308,96,0x80100000,baf2084974373d95c2ce5e76d9da308117bf626cac56c06cc54d3e48f39d136d,0x0001BDE8,233,0,data_load,model_bulk_data_slot0,
80140000-baf2084974373d95c2ce5e76d9da308117bf626cac56c06cc54d3e48f39d136d,game/france/DATA/MODEL.MRG,64308,96,0x80140000,baf2084974373d95c2ce5e76d9da308117bf626cac56c06cc54d3e48f39d136d,0x0001BDE8,233,0,data_load,model_bulk_data_slot1,
80100000-8083bf6b9d3e4d9f333eb1518b8e107326dc9b0da54dd7d533c4c25dcc3289ea,game/france/DATA/MODEL.MRG,64584,96,0x80100000,8083bf6b9d3e4d9f333eb1518b8e107326dc9b0da54dd7d533c4c25dcc3289ea,0x00011FE4,234,0,data_load,model_bulk_data_slot0,
80140000-8083bf6b9d3e4d9f333eb1518b8e107326dc9b0da54dd7d533c4c25dcc3289ea,game/france/DATA/MODEL.MRG,64584,96,0x80140000,8083bf6b9d3e4d9f333eb1518b8e107326dc9b0da54dd7d533c4c25dcc3289ea,0x00011FE4,234,0,data_load,model_bulk_data_slot1,
80100000-59c07d408b329638e6eb7240861296e752b118208faba31867a749464c87dcb9,game/france/DATA/MODEL.MRG,64860,96,0x80100000,59c07d408b329638e6eb7240861296e752b118208faba31867a749464c87dcb9,0x0001B608,235,0,data_load,model_bulk_data_slot0,
80140000-59c07d408b329638e6eb7240861296e752b118208faba31867a749464c87dcb9,game/france/DATA/MODEL.MRG,64860,96,0x80140000,59c07d408b329638e6eb7240861296e752b118208faba31867a749464c87dcb9,0x0001B608,235,0,data_load,model_bulk_data_slot1,
80100000-394bf5bab85f9725911a7518746b2e2026cccdffd09d2c8c95d99a30c2da07e3,game/france/DATA/MODEL.MRG,65136,96,0x80100000,394bf5bab85f9725911a7518746b2e2026cccdffd09d2c8c95d99a30c2da07e3,0x0001798C,236,0,data_load,model_bulk_data_slot0,
80140000-394bf5bab85f9725911a7518746b2e2026cccdffd09d2c8c95d99a30c2da07e3,game/france/DATA/MODEL.MRG,65136,96,0x80140000,394bf5bab85f9725911a7518746b2e2026cccdffd09d2c8c95d99a30c2da07e3,0x0001798C,236,0,data_load,model_bulk_data_slot1,
80100000-3f16250d68e8fba2f9787dc4d5e41c8e8514bd851482b4601f92a091ee91d169,game/france/DATA/MODEL.MRG,65412,96,0x80100000,3f16250d68e8fba2f9787dc4d5e41c8e8514bd851482b4601f92a091ee91d169,0x00015EC0,237,0,data_load,model_bulk_data_slot0,
80140000-3f16250d68e8fba2f9787dc4d5e41c8e8514bd851482b4601f92a091ee91d169,game/france/DATA/MODEL.MRG,65412,96,0x80140000,3f16250d68e8fba2f9787dc4d5e41c8e8514bd851482b4601f92a091ee91d169,0x00015EC0,237,0,data_load,model_bulk_data_slot1,
80100000-694d688ded8d3c0b84e2e6b041b321fd8215982f63a06fc0ca21c524598c3163,game/france/DATA/MODEL.MRG,65688,96,0x80100000,694d688ded8d3c0b84e2e6b041b321fd8215982f63a06fc0ca21c524598c3163,0x0001F9B0,238,0,data_load,model_bulk_data_slot0,
80140000-694d688ded8d3c0b84e2e6b041b321fd8215982f63a06fc0ca21c524598c3163,game/france/DATA/MODEL.MRG,65688,96,0x80140000,694d688ded8d3c0b84e2e6b041b321fd8215982f63a06fc0ca21c524598c3163,0x0001F9B0,238,0,data_load,model_bulk_data_slot1,
80100000-0f152d95db5eb47a0af5b29fb6f31033f7761e60a98ce34ca6b0b8fd49489b09,game/france/DATA/MODEL.MRG,65964,96,0x80100000,0f152d95db5eb47a0af5b29fb6f31033f7761e60a98ce34ca6b0b8fd49489b09,0x0001884C,239,0,data_load,model_bulk_data_slot0,
80140000-0f152d95db5eb47a0af5b29fb6f31033f7761e60a98ce34ca6b0b8fd49489b09,game/france/DATA/MODEL.MRG,65964,96,0x80140000,0f152d95db5eb47a0af5b29fb6f31033f7761e60a98ce34ca6b0b8fd49489b09,0x0001884C,239,0,data_load,model_bulk_data_slot1,
80100000-578c61c7823b6af230740248c71df18a24907a088defab62e22c5b4c286e723c,game/france/DATA/MODEL.MRG,66240,96,0x80100000,578c61c7823b6af230740248c71df18a24907a088defab62e22c5b4c286e723c,0x0001A428,240,0,data_load,model_bulk_data_slot0,
80140000-578c61c7823b6af230740248c71df18a24907a088defab62e22c5b4c286e723c,game/france/DATA/MODEL.MRG,66240,96,0x80140000,578c61c7823b6af230740248c71df18a24907a088defab62e22c5b4c286e723c,0x0001A428,240,0,data_load,model_bulk_data_slot1,
80100000-a72dcfd30a88650efc5dc37131247e8338d15645aef002487c0493634d8eb310,game/france/DATA/MODEL.MRG,66516,96,0x80100000,a72dcfd30a88650efc5dc37131247e8338d15645aef002487c0493634d8eb310,0x00018508,241,0,data_load,model_bulk_data_slot0,
80140000-a72dcfd30a88650efc5dc37131247e8338d15645aef002487c0493634d8eb310,game/france/DATA/MODEL.MRG,66516,96,0x80140000,a72dcfd30a88650efc5dc37131247e8338d15645aef002487c0493634d8eb310,0x00018508,241,0,data_load,model_bulk_data_slot1,
80100000-beeaf77f8a89b59efd45fcaba1a0ade6f0ef6f61cd0b35531061ffa512ed2b05,game/france/DATA/MODEL.MRG,66792,96,0x80100000,beeaf77f8a89b59efd45fcaba1a0ade6f0ef6f61cd0b35531061ffa512ed2b05,0x00013004,242,0,data_load,model_bulk_data_slot0,
80140000-beeaf77f8a89b59efd45fcaba1a0ade6f0ef6f61cd0b35531061ffa512ed2b05,game/france/DATA/MODEL.MRG,66792,96,0x80140000,beeaf77f8a89b59efd45fcaba1a0ade6f0ef6f61cd0b35531061ffa512ed2b05,0x00013004,242,0,data_load,model_bulk_data_slot1,
80100000-3aaeeae618c67365ce99a9454dc2cbd85e313e91e6ccb6a9c0e7a921171357f8,game/france/DATA/MODEL.MRG,67068,96,0x80100000,3aaeeae618c67365ce99a9454dc2cbd85e313e91e6ccb6a9c0e7a921171357f8,0x0000FDD4,243,0,data_load,model_bulk_data_slot0,
80140000-3aaeeae618c67365ce99a9454dc2cbd85e313e91e6ccb6a9c0e7a921171357f8,game/france/DATA/MODEL.MRG,67068,96,0x80140000,3aaeeae618c67365ce99a9454dc2cbd85e313e91e6ccb6a9c0e7a921171357f8,0x0000FDD4,243,0,data_load,model_bulk_data_slot1,
80100000-ceaa2cd2703c95f1efdb772fb049d9dee78b872d8b433c8cbf984d2fae841fe1,game/france/DATA/MODEL.MRG,67344,96,0x80100000,ceaa2cd2703c95f1efdb772fb049d9dee78b872d8b433c8cbf984d2fae841fe1,0x00020028,244,0,data_load,model_bulk_data_slot0,
80140000-ceaa2cd2703c95f1efdb772fb049d9dee78b872d8b433c8cbf984d2fae841fe1,game/france/DATA/MODEL.MRG,67344,96,0x80140000,ceaa2cd2703c95f1efdb772fb049d9dee78b872d8b433c8cbf984d2fae841fe1,0x00020028,244,0,data_load,model_bulk_data_slot1,
80100000-b9d11942d58ccaff193bdcbe4dce853ca5ba39a532768ae60ac5bd99ddeaacac,game/france/DATA/MODEL.MRG,67620,96,0x80100000,b9d11942d58ccaff193bdcbe4dce853ca5ba39a532768ae60ac5bd99ddeaacac,0x0001A544,245,0,data_load,model_bulk_data_slot0,
80140000-b9d11942d58ccaff193bdcbe4dce853ca5ba39a532768ae60ac5bd99ddeaacac,game/france/DATA/MODEL.MRG,67620,96,0x80140000,b9d11942d58ccaff193bdcbe4dce853ca5ba39a532768ae60ac5bd99ddeaacac,0x0001A544,245,0,data_load,model_bulk_data_slot1,
80100000-62ea50bd0b26c54dd41167abaf7dd8f8b632fcab6080f26202e3d04fb49cd51b,game/france/DATA/MODEL.MRG,67896,96,0x80100000,62ea50bd0b26c54dd41167abaf7dd8f8b632fcab6080f26202e3d04fb49cd51b,0x00014A0C,246,0,data_load,model_bulk_data_slot0,
80140000-62ea50bd0b26c54dd41167abaf7dd8f8b632fcab6080f26202e3d04fb49cd51b,game/france/DATA/MODEL.MRG,67896,96,0x80140000,62ea50bd0b26c54dd41167abaf7dd8f8b632fcab6080f26202e3d04fb49cd51b,0x00014A0C,246,0,data_load,model_bulk_data_slot1,
80100000-93de6350c7b036dc4a63711f36d16c793df5a6ab13de21344e922c6b47a844f5,game/france/DATA/MODEL.MRG,68172,96,0x80100000,93de6350c7b036dc4a63711f36d16c793df5a6ab13de21344e922c6b47a844f5,0x0001CEBC,247,0,data_load,model_bulk_data_slot0,
80140000-93de6350c7b036dc4a63711f36d16c793df5a6ab13de21344e922c6b47a844f5,game/france/DATA/MODEL.MRG,68172,96,0x80140000,93de6350c7b036dc4a63711f36d16c793df5a6ab13de21344e922c6b47a844f5,0x0001CEBC,247,0,data_load,model_bulk_data_slot1,
80100000-f7a418c0bb308f6594f7c20b045ffb59ddd6199d6a81088d20d0b71e446ad423,game/france/DATA/MODEL.MRG,68448,96,0x80100000,f7a418c0bb308f6594f7c20b045ffb59ddd6199d6a81088d20d0b71e446ad423,0x000184DC,248,0,data_load,model_bulk_data_slot0,
80140000-f7a418c0bb308f6594f7c20b045ffb59ddd6199d6a81088d20d0b71e446ad423,game/france/DATA/MODEL.MRG,68448,96,0x80140000,f7a418c0bb308f6594f7c20b045ffb59ddd6199d6a81088d20d0b71e446ad423,0x000184DC,248,0,data_load,model_bulk_data_slot1,
80100000-818cec78528f15b3bf863eab00538749006b2560573bc6e577a5e201f3e12947,game/france/DATA/MODEL.MRG,68724,96,0x80100000,818cec78528f15b3bf863eab00538749006b2560573bc6e577a5e201f3e12947,0x0001C910,249,0,data_load,model_bulk_data_slot0,
80140000-818cec78528f15b3bf863eab00538749006b2560573bc6e577a5e201f3e12947,game/france/DATA/MODEL.MRG,68724,96,0x80140000,818cec78528f15b3bf863eab00538749006b2560573bc6e577a5e201f3e12947,0x0001C910,249,0,data_load,model_bulk_data_slot1,
80100000-b7ee4e192b82e01239909d93c0462ce92b3cf42397ec920c55f3ee793581a473,game/france/DATA/MODEL.MRG,69000,96,0x80100000,b7ee4e192b82e01239909d93c0462ce92b3cf42397ec920c55f3ee793581a473,0x0001DE58,250,0,data_load,model_bulk_data_slot0,
80140000-b7ee4e192b82e01239909d93c0462ce92b3cf42397ec920c55f3ee793581a473,game/france/DATA/MODEL.MRG,69000,96,0x80140000,b7ee4e192b82e01239909d93c0462ce92b3cf42397ec920c55f3ee793581a473,0x0001DE58,250,0,data_load,model_bulk_data_slot1,
80100000-63026fea246d22532fb1449f500ec74eb660b4089b0eb4b0d00f87a253de2a48,game/france/DATA/MODEL.MRG,69276,96,0x80100000,63026fea246d22532fb1449f500ec74eb660b4089b0eb4b0d00f87a253de2a48,0x0001992C,251,0,data_load,model_bulk_data_slot0,
80140000-63026fea246d22532fb1449f500ec74eb660b4089b0eb4b0d00f87a253de2a48,game/france/DATA/MODEL.MRG,69276,96,0x80140000,63026fea246d22532fb1449f500ec74eb660b4089b0eb4b0d00f87a253de2a48,0x0001992C,251,0,data_load,model_bulk_data_slot1,
80100000-21e0a6e8c91d5a70dfc140d5a45b48fcf244d96da2146c27fe7a2ee595b8a8f7,game/france/DATA/MODEL.MRG,69552,96,0x80100000,21e0a6e8c91d5a70dfc140d5a45b48fcf244d96da2146c27fe7a2ee595b8a8f7,0x000182E0,252,0,data_load,model_bulk_data_slot0,
80140000-21e0a6e8c91d5a70dfc140d5a45b48fcf244d96da2146c27fe7a2ee595b8a8f7,game/france/DATA/MODEL.MRG,69552,96,0x80140000,21e0a6e8c91d5a70dfc140d5a45b48fcf244d96da2146c27fe7a2ee595b8a8f7,0x000182E0,252,0,data_load,model_bulk_data_slot1,
80100000-f85f5b76311e6739d620af2f057d9cda92405faf150cf76078028646bda03b03,game/france/DATA/MODEL.MRG,69828,96,0x80100000,f85f5b76311e6739d620af2f057d9cda92405faf150cf76078028646bda03b03,0x0001A09C,253,0,data_load,model_bulk_data_slot0,
80140000-f85f5b76311e6739d620af2f057d9cda92405faf150cf76078028646bda03b03,game/france/DATA/MODEL.MRG,69828,96,0x80140000,f85f5b76311e6739d620af2f057d9cda92405faf150cf76078028646bda03b03,0x0001A09C,253,0,data_load,model_bulk_data_slot1,
80100000-d73829077d33b24fbc8aa2ae13df3d118d295eb4ce363e11de4af4edcfe3c909,game/france/DATA/MODEL.MRG,70104,96,0x80100000,d73829077d33b24fbc8aa2ae13df3d118d295eb4ce363e11de4af4edcfe3c909,0x0001E89C,254,0,data_load,model_bulk_data_slot0,
80140000-d73829077d33b24fbc8aa2ae13df3d118d295eb4ce363e11de4af4edcfe3c909,game/france/DATA/MODEL.MRG,70104,96,0x80140000,d73829077d33b24fbc8aa2ae13df3d118d295eb4ce363e11de4af4edcfe3c909,0x0001E89C,254,0,data_load,model_bulk_data_slot1,
80100000-d6f6a58b71274978de58bdd62055f5f42c72466f5900ac295a40cf99cbcbaf43,game/france/DATA/MODEL.MRG,70380,96,0x80100000,d6f6a58b71274978de58bdd62055f5f42c72466f5900ac295a40cf99cbcbaf43,0x00017E08,255,0,data_load,model_bulk_data_slot0,
80140000-d6f6a58b71274978de58bdd62055f5f42c72466f5900ac295a40cf99cbcbaf43,game/france/DATA/MODEL.MRG,70380,96,0x80140000,d6f6a58b71274978de58bdd62055f5f42c72466f5900ac295a40cf99cbcbaf43,0x00017E08,255,0,data_load,model_bulk_data_slot1,
80100000-4ab4c284753ba0733aaa50f70da9753cf1de4b50cf58ef050696e8998e59d126,game/france/DATA/MODEL.MRG,70656,96,0x80100000,4ab4c284753ba0733aaa50f70da9753cf1de4b50cf58ef050696e8998e59d126,0x0001BE54,256,0,data_load,model_bulk_data_slot0,
80140000-4ab4c284753ba0733aaa50f70da9753cf1de4b50cf58ef050696e8998e59d126,game/france/DATA/MODEL.MRG,70656,96,0x80140000,4ab4c284753ba0733aaa50f70da9753cf1de4b50cf58ef050696e8998e59d126,0x0001BE54,256,0,data_load,model_bulk_data_slot1,
80100000-54a0b5d92d8b573ff4a91ef72f73392a022b3338286dfc158f92c4b94ed0e88a,game/france/DATA/MODEL.MRG,70932,96,0x80100000,54a0b5d92d8b573ff4a91ef72f73392a022b3338286dfc158f92c4b94ed0e88a,0x0000ED68,257,0,data_load,model_bulk_data_slot0,
80140000-54a0b5d92d8b573ff4a91ef72f73392a022b3338286dfc158f92c4b94ed0e88a,game/france/DATA/MODEL.MRG,70932,96,0x80140000,54a0b5d92d8b573ff4a91ef72f73392a022b3338286dfc158f92c4b94ed0e88a,0x0000ED68,257,0,data_load,model_bulk_data_slot1,
80100000-c16ed7d78823ab16cb61f2984fb7f7b8ebdff04530c85e50c059c1c90da33256,game/france/DATA/MODEL.MRG,71208,96,0x80100000,c16ed7d78823ab16cb61f2984fb7f7b8ebdff04530c85e50c059c1c90da33256,0x0001B400,258,0,data_load,model_bulk_data_slot0,
80140000-c16ed7d78823ab16cb61f2984fb7f7b8ebdff04530c85e50c059c1c90da33256,game/france/DATA/MODEL.MRG,71208,96,0x80140000,c16ed7d78823ab16cb61f2984fb7f7b8ebdff04530c85e50c059c1c90da33256,0x0001B400,258,0,data_load,model_bulk_data_slot1,
80100000-9801dcf3a0c495fc680bce598ef5fe2745b862bb95abdceff0d6fb567d2e6669,game/france/DATA/MODEL.MRG,71484,96,0x80100000,9801dcf3a0c495fc680bce598ef5fe2745b862bb95abdceff0d6fb567d2e6669,0x00016EA4,259,0,data_load,model_bulk_data_slot0,
80140000-9801dcf3a0c495fc680bce598ef5fe2745b862bb95abdceff0d6fb567d2e6669,game/france/DATA/MODEL.MRG,71484,96,0x80140000,9801dcf3a0c495fc680bce598ef5fe2745b862bb95abdceff0d6fb567d2e6669,0x00016EA4,259,0,data_load,model_bulk_data_slot1,
80100000-078f4768f4bce78713acd202024a229b9a363e5a44eee327dd86c1f2557ab8d1,game/france/DATA/MODEL.MRG,71760,96,0x80100000,078f4768f4bce78713acd202024a229b9a363e5a44eee327dd86c1f2557ab8d1,0x00018CCC,260,0,data_load,model_bulk_data_slot0,
80140000-078f4768f4bce78713acd202024a229b9a363e5a44eee327dd86c1f2557ab8d1,game/france/DATA/MODEL.MRG,71760,96,0x80140000,078f4768f4bce78713acd202024a229b9a363e5a44eee327dd86c1f2557ab8d1,0x00018CCC,260,0,data_load,model_bulk_data_slot1,
80100000-178942c05cd334055b7976ecb4973d368b3c897315f558e43e955e771520afc0,game/france/DATA/MODEL.MRG,72036,96,0x80100000,178942c05cd334055b7976ecb4973d368b3c897315f558e43e955e771520afc0,0x00020CD8,261,0,data_load,model_bulk_data_slot0,
80140000-178942c05cd334055b7976ecb4973d368b3c897315f558e43e955e771520afc0,game/france/DATA/MODEL.MRG,72036,96,0x80140000,178942c05cd334055b7976ecb4973d368b3c897315f558e43e955e771520afc0,0x00020CD8,261,0,data_load,model_bulk_data_slot1,
80100000-7adaf010f4ef768a42ec44608fd7ae681e3570059c87e58bd9138d6caf5afe4d,game/france/DATA/MODEL.MRG,72312,96,0x80100000,7adaf010f4ef768a42ec44608fd7ae681e3570059c87e58bd9138d6caf5afe4d,0x00011E04,262,0,data_load,model_bulk_data_slot0,
80140000-7adaf010f4ef768a42ec44608fd7ae681e3570059c87e58bd9138d6caf5afe4d,game/france/DATA/MODEL.MRG,72312,96,0x80140000,7adaf010f4ef768a42ec44608fd7ae681e3570059c87e58bd9138d6caf5afe4d,0x00011E04,262,0,data_load,model_bulk_data_slot1,
80100000-391eb89b7873808620db9558514e33b5316910a328f27bb21d6e934b5d0729e8,game/france/DATA/MODEL.MRG,72588,96,0x80100000,391eb89b7873808620db9558514e33b5316910a328f27bb21d6e934b5d0729e8,0x0000F500,263,0,data_load,model_bulk_data_slot0,
80140000-391eb89b7873808620db9558514e33b5316910a328f27bb21d6e934b5d0729e8,game/france/DATA/MODEL.MRG,72588,96,0x80140000,391eb89b7873808620db9558514e33b5316910a328f27bb21d6e934b5d0729e8,0x0000F500,263,0,data_load,model_bulk_data_slot1,
80100000-a8a85a2178e5e407215fc2fe16bcc15609dad803c3c69594636cb2deb70ce18d,game/france/DATA/MODEL.MRG,72864,96,0x80100000,a8a85a2178e5e407215fc2fe16bcc15609dad803c3c69594636cb2deb70ce18d,0x00015950,264,0,data_load,model_bulk_data_slot0,
80140000-a8a85a2178e5e407215fc2fe16bcc15609dad803c3c69594636cb2deb70ce18d,game/france/DATA/MODEL.MRG,72864,96,0x80140000,a8a85a2178e5e407215fc2fe16bcc15609dad803c3c69594636cb2deb70ce18d,0x00015950,264,0,data_load,model_bulk_data_slot1,
80100000-50180cc4c018a726d95bcfbe85751f8f46ea44a2b4223c2b804e0cfeb21cc4d6,game/france/DATA/MODEL.MRG,73140,96,0x80100000,50180cc4c018a726d95bcfbe85751f8f46ea44a2b4223c2b804e0cfeb21cc4d6,0x00015594,265,0,data_load,model_bulk_data_slot0,
80140000-50180cc4c018a726d95bcfbe85751f8f46ea44a2b4223c2b804e0cfeb21cc4d6,game/france/DATA/MODEL.MRG,73140,96,0x80140000,50180cc4c018a726d95bcfbe85751f8f46ea44a2b4223c2b804e0cfeb21cc4d6,0x00015594,265,0,data_load,model_bulk_data_slot1,
80100000-c6aa845e6766edbed4a6d42b4755b27e46deb00b74024078aed6267dc8192f84,game/france/DATA/MODEL.MRG,73416,96,0x80100000,c6aa845e6766edbed4a6d42b4755b27e46deb00b74024078aed6267dc8192f84,0x0001FE30,266,0,data_load,model_bulk_data_slot0,
80140000-c6aa845e6766edbed4a6d42b4755b27e46deb00b74024078aed6267dc8192f84,game/france/DATA/MODEL.MRG,73416,96,0x80140000,c6aa845e6766edbed4a6d42b4755b27e46deb00b74024078aed6267dc8192f84,0x0001FE30,266,0,data_load,model_bulk_data_slot1,
80100000-f315c47c8eaa73a3cfd692f7794dccc965b7350dd9979ba735048c57def6a3ed,game/france/DATA/MODEL.MRG,73692,96,0x80100000,f315c47c8eaa73a3cfd692f7794dccc965b7350dd9979ba735048c57def6a3ed,0x00011608,267,0,data_load,model_bulk_data_slot0,
80140000-f315c47c8eaa73a3cfd692f7794dccc965b7350dd9979ba735048c57def6a3ed,game/france/DATA/MODEL.MRG,73692,96,0x80140000,f315c47c8eaa73a3cfd692f7794dccc965b7350dd9979ba735048c57def6a3ed,0x00011608,267,0,data_load,model_bulk_data_slot1,
80100000-e1ef929aa806503865aa36ffd006f66848c4d83b6bf4eb68c1cfd469c02d8437,game/france/DATA/MODEL.MRG,73968,96,0x80100000,e1ef929aa806503865aa36ffd006f66848c4d83b6bf4eb68c1cfd469c02d8437,0x0001743C,268,0,data_load,model_bulk_data_slot0,
80140000-e1ef929aa806503865aa36ffd006f66848c4d83b6bf4eb68c1cfd469c02d8437,game/france/DATA/MODEL.MRG,73968,96,0x80140000,e1ef929aa806503865aa36ffd006f66848c4d83b6bf4eb68c1cfd469c02d8437,0x0001743C,268,0,data_load,model_bulk_data_slot1,
80100000-bb6a129bba9f37bfa2ed7097ae51ec75a3e53c4eae7c70917dd4597371cd4e4f,game/france/DATA/MODEL.MRG,74244,96,0x80100000,bb6a129bba9f37bfa2ed7097ae51ec75a3e53c4eae7c70917dd4597371cd4e4f,0x0001CCB4,269,0,data_load,model_bulk_data_slot0,
80140000-bb6a129bba9f37bfa2ed7097ae51ec75a3e53c4eae7c70917dd4597371cd4e4f,game/france/DATA/MODEL.MRG,74244,96,0x80140000,bb6a129bba9f37bfa2ed7097ae51ec75a3e53c4eae7c70917dd4597371cd4e4f,0x0001CCB4,269,0,data_load,model_bulk_data_slot1,
80100000-fef6fabf32b312f64bf3a2e3377a8c8cc9419bc5dfdc7517ac3fdd9b4c354894,game/france/DATA/MODEL.MRG,74520,96,0x80100000,fef6fabf32b312f64bf3a2e3377a8c8cc9419bc5dfdc7517ac3fdd9b4c354894,0x00010F78,270,0,data_load,model_bulk_data_slot0,
80140000-fef6fabf32b312f64bf3a2e3377a8c8cc9419bc5dfdc7517ac3fdd9b4c354894,game/france/DATA/MODEL.MRG,74520,96,0x80140000,fef6fabf32b312f64bf3a2e3377a8c8cc9419bc5dfdc7517ac3fdd9b4c354894,0x00010F78,270,0,data_load,model_bulk_data_slot1,
80100000-f23afa82a2a1f37fb744783e93ca2bd504480a7661e839850103003c4eb516b1,game/france/DATA/MODEL.MRG,74796,96,0x80100000,f23afa82a2a1f37fb744783e93ca2bd504480a7661e839850103003c4eb516b1,0x000221C8,271,0,data_load,model_bulk_data_slot0,
80140000-f23afa82a2a1f37fb744783e93ca2bd504480a7661e839850103003c4eb516b1,game/france/DATA/MODEL.MRG,74796,96,0x80140000,f23afa82a2a1f37fb744783e93ca2bd504480a7661e839850103003c4eb516b1,0x000221C8,271,0,data_load,model_bulk_data_slot1,
80100000-683cb6f91e98837caf00805ad1cb658dc0d5752740b5c4bc7c48e5e1e1c2cb3a,game/france/DATA/MODEL.MRG,75072,96,0x80100000,683cb6f91e98837caf00805ad1cb658dc0d5752740b5c4bc7c48e5e1e1c2cb3a,0x00011F34,272,0,data_load,model_bulk_data_slot0,
80140000-683cb6f91e98837caf00805ad1cb658dc0d5752740b5c4bc7c48e5e1e1c2cb3a,game/france/DATA/MODEL.MRG,75072,96,0x80140000,683cb6f91e98837caf00805ad1cb658dc0d5752740b5c4bc7c48e5e1e1c2cb3a,0x00011F34,272,0,data_load,model_bulk_data_slot1,
80100000-23eb054c3aec2bb9f70da64f2d6a7361815d32e3162c934f54e287a6c6161b24,game/france/DATA/MODEL.MRG,75348,96,0x80100000,23eb054c3aec2bb9f70da64f2d6a7361815d32e3162c934f54e287a6c6161b24,0x00017368,273,0,data_load,model_bulk_data_slot0,
80140000-23eb054c3aec2bb9f70da64f2d6a7361815d32e3162c934f54e287a6c6161b24,game/france/DATA/MODEL.MRG,75348,96,0x80140000,23eb054c3aec2bb9f70da64f2d6a7361815d32e3162c934f54e287a6c6161b24,0x00017368,273,0,data_load,model_bulk_data_slot1,
80100000-586a16e1986938fb491efe4724521decdebeab407065a6c5a1b875168c068087,game/france/DATA/MODEL.MRG,75624,96,0x80100000,586a16e1986938fb491efe4724521decdebeab407065a6c5a1b875168c068087,0x0001DD9C,274,0,data_load,model_bulk_data_slot0,
80140000-586a16e1986938fb491efe4724521decdebeab407065a6c5a1b875168c068087,game/france/DATA/MODEL.MRG,75624,96,0x80140000,586a16e1986938fb491efe4724521decdebeab407065a6c5a1b875168c068087,0x0001DD9C,274,0,data_load,model_bulk_data_slot1,
80100000-e5d6dce36fcf0ab646170665267e248802084399357df3d28a248b5ace4e819b,game/france/DATA/MODEL.MRG,75900,96,0x80100000,e5d6dce36fcf0ab646170665267e248802084399357df3d28a248b5ace4e819b,0x00011174,275,0,data_load,model_bulk_data_slot0,
80140000-e5d6dce36fcf0ab646170665267e248802084399357df3d28a248b5ace4e819b,game/france/DATA/MODEL.MRG,75900,96,0x80140000,e5d6dce36fcf0ab646170665267e248802084399357df3d28a248b5ace4e819b,0x00011174,275,0,data_load,model_bulk_data_slot1,
80100000-3bea82d5835039a8c4caff7a3235fd5660cc99a5826947c583d7e403e1f094e8,game/france/DATA/MODEL.MRG,76176,96,0x80100000,3bea82d5835039a8c4caff7a3235fd5660cc99a5826947c583d7e403e1f094e8,0x000184F0,276,0,data_load,model_bulk_data_slot0,
80140000-3bea82d5835039a8c4caff7a3235fd5660cc99a5826947c583d7e403e1f094e8,game/france/DATA/MODEL.MRG,76176,96,0x80140000,3bea82d5835039a8c4caff7a3235fd5660cc99a5826947c583d7e403e1f094e8,0x000184F0,276,0,data_load,model_bulk_data_slot1,
80100000-cdc22a300d108e50c9b1ff0c3537065b3051ef7d79a9223c8b41580b6ead354d,game/france/DATA/MODEL.MRG,76452,96,0x80100000,cdc22a300d108e50c9b1ff0c3537065b3051ef7d79a9223c8b41580b6ead354d,0x0000F1AC,277,0,data_load,model_bulk_data_slot0,
80140000-cdc22a300d108e50c9b1ff0c3537065b3051ef7d79a9223c8b41580b6ead354d,game/france/DATA/MODEL.MRG,76452,96,0x80140000,cdc22a300d108e50c9b1ff0c3537065b3051ef7d79a9223c8b41580b6ead354d,0x0000F1AC,277,0,data_load,model_bulk_data_slot1,
80100000-7d61868a4b7db3204d9ffad582b9dc50393bf77106a1eec32e9f4198af7d12ec,game/france/DATA/MODEL.MRG,76728,96,0x80100000,7d61868a4b7db3204d9ffad582b9dc50393bf77106a1eec32e9f4198af7d12ec,0x0000DD64,278,0,data_load,model_bulk_data_slot0,
80140000-7d61868a4b7db3204d9ffad582b9dc50393bf77106a1eec32e9f4198af7d12ec,game/france/DATA/MODEL.MRG,76728,96,0x80140000,7d61868a4b7db3204d9ffad582b9dc50393bf77106a1eec32e9f4198af7d12ec,0x0000DD64,278,0,data_load,model_bulk_data_slot1,
80100000-032de17531763b88ce097d845d28d25381b9de3e814a8f78e890d92f7e9c0383,game/france/DATA/MODEL.MRG,77004,96,0x80100000,032de17531763b88ce097d845d28d25381b9de3e814a8f78e890d92f7e9c0383,0x00013BDC,279,0,data_load,model_bulk_data_slot0,
80140000-032de17531763b88ce097d845d28d25381b9de3e814a8f78e890d92f7e9c0383,game/france/DATA/MODEL.MRG,77004,96,0x80140000,032de17531763b88ce097d845d28d25381b9de3e814a8f78e890d92f7e9c0383,0x00013BDC,279,0,data_load,model_bulk_data_slot1,
80100000-96e893f103b76e2a28d9278c7e12fbfd8a5ed779397b5ca1c72cb185a46ae4f7,game/france/DATA/MODEL.MRG,77280,96,0x80100000,96e893f103b76e2a28d9278c7e12fbfd8a5ed779397b5ca1c72cb185a46ae4f7,0x00018700,280,0,data_load,model_bulk_data_slot0,
80140000-96e893f103b76e2a28d9278c7e12fbfd8a5ed779397b5ca1c72cb185a46ae4f7,game/france/DATA/MODEL.MRG,77280,96,0x80140000,96e893f103b76e2a28d9278c7e12fbfd8a5ed779397b5ca1c72cb185a46ae4f7,0x00018700,280,0,data_load,model_bulk_data_slot1,
80100000-6300e30124c49d1e1bd0ed28c51a53e7001e83e65b2b17b85a4a3bd5f03119e6,game/france/DATA/MODEL.MRG,77556,96,0x80100000,6300e30124c49d1e1bd0ed28c51a53e7001e83e65b2b17b85a4a3bd5f03119e6,0x00023660,281,0,data_load,model_bulk_data_slot0,
80140000-6300e30124c49d1e1bd0ed28c51a53e7001e83e65b2b17b85a4a3bd5f03119e6,game/france/DATA/MODEL.MRG,77556,96,0x80140000,6300e30124c49d1e1bd0ed28c51a53e7001e83e65b2b17b85a4a3bd5f03119e6,0x00023660,281,0,data_load,model_bulk_data_slot1,
80100000-7c40d2cc2e6ca73a3143d732b6ed0c85d8763f726f9589117eeda220481e2209,game/france/DATA/MODEL.MRG,77832,96,0x80100000,7c40d2cc2e6ca73a3143d732b6ed0c85d8763f726f9589117eeda220481e2209,0x0000DB30,282,0,data_load,model_bulk_data_slot0,
80140000-7c40d2cc2e6ca73a3143d732b6ed0c85d8763f726f9589117eeda220481e2209,game/france/DATA/MODEL.MRG,77832,96,0x80140000,7c40d2cc2e6ca73a3143d732b6ed0c85d8763f726f9589117eeda220481e2209,0x0000DB30,282,0,data_load,model_bulk_data_slot1,
80100000-661030682b31bc2c4d56d7be1ab1c9c8c27111c7e77aeebe0629f5ffac66160d,game/france/DATA/MODEL.MRG,78108,96,0x80100000,661030682b31bc2c4d56d7be1ab1c9c8c27111c7e77aeebe0629f5ffac66160d,0x0001FFC0,283,0,data_load,model_bulk_data_slot0,
80140000-661030682b31bc2c4d56d7be1ab1c9c8c27111c7e77aeebe0629f5ffac66160d,game/france/DATA/MODEL.MRG,78108,96,0x80140000,661030682b31bc2c4d56d7be1ab1c9c8c27111c7e77aeebe0629f5ffac66160d,0x0001FFC0,283,0,data_load,model_bulk_data_slot1,
80100000-7e01c261a817e6b221bb092e0c6f49e381e58e62252229e006b2838d0a6455d3,game/france/DATA/MODEL.MRG,78384,96,0x80100000,7e01c261a817e6b221bb092e0c6f49e381e58e62252229e006b2838d0a6455d3,0x00010D9C,284,0,data_load,model_bulk_data_slot0,
80140000-7e01c261a817e6b221bb092e0c6f49e381e58e62252229e006b2838d0a6455d3,game/france/DATA/MODEL.MRG,78384,96,0x80140000,7e01c261a817e6b221bb092e0c6f49e381e58e62252229e006b2838d0a6455d3,0x00010D9C,284,0,data_load,model_bulk_data_slot1,
80100000-45cd8c71c56b4043cb3192371e90fea099c1bce62f80fa7320dabaa8a7619cc8,game/france/DATA/MODEL.MRG,78660,96,0x80100000,45cd8c71c56b4043cb3192371e90fea099c1bce62f80fa7320dabaa8a7619cc8,0x000156F0,285,0,data_load,model_bulk_data_slot0,
80140000-45cd8c71c56b4043cb3192371e90fea099c1bce62f80fa7320dabaa8a7619cc8,game/france/DATA/MODEL.MRG,78660,96,0x80140000,45cd8c71c56b4043cb3192371e90fea099c1bce62f80fa7320dabaa8a7619cc8,0x000156F0,285,0,data_load,model_bulk_data_slot1,
80100000-42132632589937eeca04bee151a8c84d7e5518f72605dd0dfc1bdfc221371e0e,game/france/DATA/MODEL.MRG,78936,96,0x80100000,42132632589937eeca04bee151a8c84d7e5518f72605dd0dfc1bdfc221371e0e,0x00014100,286,0,data_load,model_bulk_data_slot0,
80140000-42132632589937eeca04bee151a8c84d7e5518f72605dd0dfc1bdfc221371e0e,game/france/DATA/MODEL.MRG,78936,96,0x80140000,42132632589937eeca04bee151a8c84d7e5518f72605dd0dfc1bdfc221371e0e,0x00014100,286,0,data_load,model_bulk_data_slot1,
80100000-7e201059ef4e200a03af680298d768aa646d5d2f1001fbdfaec79fce16529c1e,game/france/DATA/MODEL.MRG,79212,96,0x80100000,7e201059ef4e200a03af680298d768aa646d5d2f1001fbdfaec79fce16529c1e,0x00019E04,287,0,data_load,model_bulk_data_slot0,
80140000-7e201059ef4e200a03af680298d768aa646d5d2f1001fbdfaec79fce16529c1e,game/france/DATA/MODEL.MRG,79212,96,0x80140000,7e201059ef4e200a03af680298d768aa646d5d2f1001fbdfaec79fce16529c1e,0x00019E04,287,0,data_load,model_bulk_data_slot1,
80100000-2502beb68e65f88400449c5516cbc680b6231a1f8ff257559d19f2a3bf706bf5,game/france/DATA/MODEL.MRG,79488,96,0x80100000,2502beb68e65f88400449c5516cbc680b6231a1f8ff257559d19f2a3bf706bf5,0x0001B63C,288,0,data_load,model_bulk_data_slot0,
80140000-2502beb68e65f88400449c5516cbc680b6231a1f8ff257559d19f2a3bf706bf5,game/france/DATA/MODEL.MRG,79488,96,0x80140000,2502beb68e65f88400449c5516cbc680b6231a1f8ff257559d19f2a3bf706bf5,0x0001B63C,288,0,data_load,model_bulk_data_slot1,
80100000-aab61cc245586e761a2d89bd184d8bb440b192abc53c940c9488bc2c1f8f593d,game/france/DATA/MODEL.MRG,79764,96,0x80100000,aab61cc245586e761a2d89bd184d8bb440b192abc53c940c9488bc2c1f8f593d,0x00019268,289,0,data_load,model_bulk_data_slot0,
80140000-aab61cc245586e761a2d89bd184d8bb440b192abc53c940c9488bc2c1f8f593d,game/france/DATA/MODEL.MRG,79764,96,0x80140000,aab61cc245586e761a2d89bd184d8bb440b192abc53c940c9488bc2c1f8f593d,0x00019268,289,0,data_load,model_bulk_data_slot1,
80100000-cb5ee9ffa7c1ad9e6920227817a2be526c95f9f7c671c60889c9219d47c8f923,game/france/DATA/MODEL.MRG,80040,96,0x80100000,cb5ee9ffa7c1ad9e6920227817a2be526c95f9f7c671c60889c9219d47c8f923,0x00015228,290,0,data_load,model_bulk_data_slot0,
80140000-cb5ee9ffa7c1ad9e6920227817a2be526c95f9f7c671c60889c9219d47c8f923,game/france/DATA/MODEL.MRG,80040,96,0x80140000,cb5ee9ffa7c1ad9e6920227817a2be526c95f9f7c671c60889c9219d47c8f923,0x00015228,290,0,data_load,model_bulk_data_slot1,
80100000-344181f7dfc19ac18b949f3403357f65d2762747208360578efc7cac0272177a,game/france/DATA/MODEL.MRG,80316,96,0x80100000,344181f7dfc19ac18b949f3403357f65d2762747208360578efc7cac0272177a,0x00013608,291,0,data_load,model_bulk_data_slot0,
80140000-344181f7dfc19ac18b949f3403357f65d2762747208360578efc7cac0272177a,game/france/DATA/MODEL.MRG,80316,96,0x80140000,344181f7dfc19ac18b949f3403357f65d2762747208360578efc7cac0272177a,0x00013608,291,0,data_load,model_bulk_data_slot1,
80100000-fa48f079ae41e3a12c273775611f16677a1c2b3625d8bd7f27ba330629b55be2,game/france/DATA/MODEL.MRG,80592,96,0x80100000,fa48f079ae41e3a12c273775611f16677a1c2b3625d8bd7f27ba330629b55be2,0x000202A4,292,0,data_load,model_bulk_data_slot0,
80140000-fa48f079ae41e3a12c273775611f16677a1c2b3625d8bd7f27ba330629b55be2,game/france/DATA/MODEL.MRG,80592,96,0x80140000,fa48f079ae41e3a12c273775611f16677a1c2b3625d8bd7f27ba330629b55be2,0x000202A4,292,0,data_load,model_bulk_data_slot1,
80100000-32910d19c30fc5d096d649b35f9b3d7edc9d61fff87c0ffee4d4111d76e69947,game/france/DATA/MODEL.MRG,80868,96,0x80100000,32910d19c30fc5d096d649b35f9b3d7edc9d61fff87c0ffee4d4111d76e69947,0x0001B484,293,0,data_load,model_bulk_data_slot0,
80140000-32910d19c30fc5d096d649b35f9b3d7edc9d61fff87c0ffee4d4111d76e69947,game/france/DATA/MODEL.MRG,80868,96,0x80140000,32910d19c30fc5d096d649b35f9b3d7edc9d61fff87c0ffee4d4111d76e69947,0x0001B484,293,0,data_load,model_bulk_data_slot1,
80100000-bc49a1a52b2f44fe0f1ec789b1fc755edd93335181cc88900b2cc5f3c9f124be,game/france/DATA/MODEL.MRG,81144,96,0x80100000,bc49a1a52b2f44fe0f1ec789b1fc755edd93335181cc88900b2cc5f3c9f124be,0x0001E6D0,294,0,data_load,model_bulk_data_slot0,
80140000-bc49a1a52b2f44fe0f1ec789b1fc755edd93335181cc88900b2cc5f3c9f124be,game/france/DATA/MODEL.MRG,81144,96,0x80140000,bc49a1a52b2f44fe0f1ec789b1fc755edd93335181cc88900b2cc5f3c9f124be,0x0001E6D0,294,0,data_load,model_bulk_data_slot1,
80100000-9380f594a7615ae00c30232eaea8233632a7e6b38f1cea649e6766df5fd4d8a8,game/france/DATA/MODEL.MRG,81420,96,0x80100000,9380f594a7615ae00c30232eaea8233632a7e6b38f1cea649e6766df5fd4d8a8,0x00019DA0,295,0,data_load,model_bulk_data_slot0,
80140000-9380f594a7615ae00c30232eaea8233632a7e6b38f1cea649e6766df5fd4d8a8,game/france/DATA/MODEL.MRG,81420,96,0x80140000,9380f594a7615ae00c30232eaea8233632a7e6b38f1cea649e6766df5fd4d8a8,0x00019DA0,295,0,data_load,model_bulk_data_slot1,
80100000-d05476efadfe71af31ce94aa5164b62bae614024d17145fb2a28b013e5e29658,game/france/DATA/MODEL.MRG,81696,96,0x80100000,d05476efadfe71af31ce94aa5164b62bae614024d17145fb2a28b013e5e29658,0x0001D730,296,0,data_load,model_bulk_data_slot0,
80140000-d05476efadfe71af31ce94aa5164b62bae614024d17145fb2a28b013e5e29658,game/france/DATA/MODEL.MRG,81696,96,0x80140000,d05476efadfe71af31ce94aa5164b62bae614024d17145fb2a28b013e5e29658,0x0001D730,296,0,data_load,model_bulk_data_slot1,
80100000-28a8f997b37ba9c95b35898b8d211ff8ee7729c6dba5cecec69e0b6743d6665f,game/france/DATA/MODEL.MRG,81972,96,0x80100000,28a8f997b37ba9c95b35898b8d211ff8ee7729c6dba5cecec69e0b6743d6665f,0x00024A80,297,0,data_load,model_bulk_data_slot0,
80140000-28a8f997b37ba9c95b35898b8d211ff8ee7729c6dba5cecec69e0b6743d6665f,game/france/DATA/MODEL.MRG,81972,96,0x80140000,28a8f997b37ba9c95b35898b8d211ff8ee7729c6dba5cecec69e0b6743d6665f,0x00024A80,297,0,data_load,model_bulk_data_slot1,
80100000-f5e5ea0445c231dff010a52cf6b87a40c9d183834a0c3dd45dafc393f4db9560,game/france/DATA/MODEL.MRG,82248,96,0x80100000,f5e5ea0445c231dff010a52cf6b87a40c9d183834a0c3dd45dafc393f4db9560,0x00012D4C,298,0,data_load,model_bulk_data_slot0,
80140000-f5e5ea0445c231dff010a52cf6b87a40c9d183834a0c3dd45dafc393f4db9560,game/france/DATA/MODEL.MRG,82248,96,0x80140000,f5e5ea0445c231dff010a52cf6b87a40c9d183834a0c3dd45dafc393f4db9560,0x00012D4C,298,0,data_load,model_bulk_data_slot1,
80100000-56980feb60e81a6ae280ec77349b30c3dca386a8f6a687ab11e7e8546b907e26,game/france/DATA/MODEL.MRG,82524,96,0x80100000,56980feb60e81a6ae280ec77349b30c3dca386a8f6a687ab11e7e8546b907e26,0x0001BA7C,299,0,data_load,model_bulk_data_slot0,
80140000-56980feb60e81a6ae280ec77349b30c3dca386a8f6a687ab11e7e8546b907e26,game/france/DATA/MODEL.MRG,82524,96,0x80140000,56980feb60e81a6ae280ec77349b30c3dca386a8f6a687ab11e7e8546b907e26,0x0001BA7C,299,0,data_load,model_bulk_data_slot1,
80100000-9097a9f7051944254b12a3d6b7f3688697f40ff32bbb30d9992976e4de52c9ee,game/france/DATA/MODEL.MRG,82800,96,0x80100000,9097a9f7051944254b12a3d6b7f3688697f40ff32bbb30d9992976e4de52c9ee,0x00016D0C,350,0,data_load,model_bulk_data_slot0,
80140000-9097a9f7051944254b12a3d6b7f3688697f40ff32bbb30d9992976e4de52c9ee,game/france/DATA/MODEL.MRG,82800,96,0x80140000,9097a9f7051944254b12a3d6b7f3688697f40ff32bbb30d9992976e4de52c9ee,0x00016D0C,350,0,data_load,model_bulk_data_slot1,
80100000-fda926341523fa52a78f71b3115142f3c6b11f893208166369cf51c66f57786e,game/france/DATA/MODEL.MRG,83076,96,0x80100000,fda926341523fa52a78f71b3115142f3c6b11f893208166369cf51c66f57786e,0x0001BD70,351,0,data_load,model_bulk_data_slot0,
80140000-fda926341523fa52a78f71b3115142f3c6b11f893208166369cf51c66f57786e,game/france/DATA/MODEL.MRG,83076,96,0x80140000,fda926341523fa52a78f71b3115142f3c6b11f893208166369cf51c66f57786e,0x0001BD70,351,0,data_load,model_bulk_data_slot1,
80100000-6768cde1213edd9d7bacecbc2235b15ab3c728a29ff945aff65e7fe019db1631,game/france/DATA/MODEL.MRG,83352,96,0x80100000,6768cde1213edd9d7bacecbc2235b15ab3c728a29ff945aff65e7fe019db1631,0x000247FC,352,0,data_load,model_bulk_data_slot0,
80140000-6768cde1213edd9d7bacecbc2235b15ab3c728a29ff945aff65e7fe019db1631,game/france/DATA/MODEL.MRG,83352,96,0x80140000,6768cde1213edd9d7bacecbc2235b15ab3c728a29ff945aff65e7fe019db1631,0x000247FC,352,0,data_load,model_bulk_data_slot1,
80100000-1550124fb8fb2835f0ba2b8aab9ba67b9cd36a55470ab4daea61b577cbd3a571,game/france/DATA/MODEL.MRG,83628,96,0x80100000,1550124fb8fb2835f0ba2b8aab9ba67b9cd36a55470ab4daea61b577cbd3a571,0x0000F4A0,353,0,data_load,model_bulk_data_slot0,
80140000-1550124fb8fb2835f0ba2b8aab9ba67b9cd36a55470ab4daea61b577cbd3a571,game/france/DATA/MODEL.MRG,83628,96,0x80140000,1550124fb8fb2835f0ba2b8aab9ba67b9cd36a55470ab4daea61b577cbd3a571,0x0000F4A0,353,0,data_load,model_bulk_data_slot1,
80100000-30ee8fdce5b805471137be45105e34051735340bbd599edcca6175fdd400839c,game/france/DATA/MODEL.MRG,83904,96,0x80100000,30ee8fdce5b805471137be45105e34051735340bbd599edcca6175fdd400839c,0x00010AE0,354,0,data_load,model_bulk_data_slot0,
80140000-30ee8fdce5b805471137be45105e34051735340bbd599edcca6175fdd400839c,game/france/DATA/MODEL.MRG,83904,96,0x80140000,30ee8fdce5b805471137be45105e34051735340bbd599edcca6175fdd400839c,0x00010AE0,354,0,data_load,model_bulk_data_slot1,
80100000-a9df4adbfa7caec00db68b451eb99762bb02496151ddc6848e91f03c0b6780a1,game/france/DATA/MODEL.MRG,84180,96,0x80100000,a9df4adbfa7caec00db68b451eb99762bb02496151ddc6848e91f03c0b6780a1,0x000186DC,355,0,data_load,model_bulk_data_slot0,
80140000-a9df4adbfa7caec00db68b451eb99762bb02496151ddc6848e91f03c0b6780a1,game/france/DATA/MODEL.MRG,84180,96,0x80140000,a9df4adbfa7caec00db68b451eb99762bb02496151ddc6848e91f03c0b6780a1,0x000186DC,355,0,data_load,model_bulk_data_slot1,
80100000-6dc47efbf69eed324be2435eda00007342551e509fa06ecf26997db72c1d25ac,game/france/DATA/MODEL.MRG,84456,96,0x80100000,6dc47efbf69eed324be2435eda00007342551e509fa06ecf26997db72c1d25ac,0x0001EE60,356,0,data_load,model_bulk_data_slot0,
80140000-6dc47efbf69eed324be2435eda00007342551e509fa06ecf26997db72c1d25ac,game/france/DATA/MODEL.MRG,84456,96,0x80140000,6dc47efbf69eed324be2435eda00007342551e509fa06ecf26997db72c1d25ac,0x0001EE60,356,0,data_load,model_bulk_data_slot1,
80100000-5384432e97136652521d210692f56a95dd55087314e118cd355608d701c2ca8d,game/france/DATA/MODEL.MRG,84732,96,0x80100000,5384432e97136652521d210692f56a95dd55087314e118cd355608d701c2ca8d,0x0001CFD4,357,0,data_load,model_bulk_data_slot0,
80140000-5384432e97136652521d210692f56a95dd55087314e118cd355608d701c2ca8d,game/france/DATA/MODEL.MRG,84732,96,0x80140000,5384432e97136652521d210692f56a95dd55087314e118cd355608d701c2ca8d,0x0001CFD4,357,0,data_load,model_bulk_data_slot1,
80100000-fba088f6e2e4d385cbeeba282a2999e7716e530a280e2df615757a9660fa63db,game/france/DATA/MODEL.MRG,85008,96,0x80100000,fba088f6e2e4d385cbeeba282a2999e7716e530a280e2df615757a9660fa63db,0x00027248,358,0,data_load,model_bulk_data_slot0,
80140000-fba088f6e2e4d385cbeeba282a2999e7716e530a280e2df615757a9660fa63db,game/france/DATA/MODEL.MRG,85008,96,0x80140000,fba088f6e2e4d385cbeeba282a2999e7716e530a280e2df615757a9660fa63db,0x00027248,358,0,data_load,model_bulk_data_slot1,
80100000-c1c52615fc178ffd9d9df84bd35277329935b720095e332ffeae2f05bc6949c3,game/france/DATA/MODEL.MRG,85284,96,0x80100000,c1c52615fc178ffd9d9df84bd35277329935b720095e332ffeae2f05bc6949c3,0x0001B8FC,359,0,data_load,model_bulk_data_slot0,
80140000-c1c52615fc178ffd9d9df84bd35277329935b720095e332ffeae2f05bc6949c3,game/france/DATA/MODEL.MRG,85284,96,0x80140000,c1c52615fc178ffd9d9df84bd35277329935b720095e332ffeae2f05bc6949c3,0x0001B8FC,359,0,data_load,model_bulk_data_slot1,
80100000-1eda6d648cfa57a9b6ac21d15c8019cced340208f81f5cbbfa25f2c6689ddca1,game/france/DATA/MODEL.MRG,85560,96,0x80100000,1eda6d648cfa57a9b6ac21d15c8019cced340208f81f5cbbfa25f2c6689ddca1,0x0002696C,360,0,data_load,model_bulk_data_slot0,
80140000-1eda6d648cfa57a9b6ac21d15c8019cced340208f81f5cbbfa25f2c6689ddca1,game/france/DATA/MODEL.MRG,85560,96,0x80140000,1eda6d648cfa57a9b6ac21d15c8019cced340208f81f5cbbfa25f2c6689ddca1,0x0002696C,360,0,data_load,model_bulk_data_slot1,
80100000-bdf8e60a85bf34b13afd9104e752cca61e8ee8cdc4b29fbecc53e733ff9cc8e7,game/france/DATA/MODEL.MRG,85836,96,0x80100000,bdf8e60a85bf34b13afd9104e752cca61e8ee8cdc4b29fbecc53e733ff9cc8e7,0x000169B4,361,0,data_load,model_bulk_data_slot0,
80140000-bdf8e60a85bf34b13afd9104e752cca61e8ee8cdc4b29fbecc53e733ff9cc8e7,game/france/DATA/MODEL.MRG,85836,96,0x80140000,bdf8e60a85bf34b13afd9104e752cca61e8ee8cdc4b29fbecc53e733ff9cc8e7,0x000169B4,361,0,data_load,model_bulk_data_slot1,
80100000-ebf2630c25e39bd60eb79019fb437b2a1a392d0a3f2723c16300f31e91d305a8,game/france/DATA/MODEL.MRG,86112,96,0x80100000,ebf2630c25e39bd60eb79019fb437b2a1a392d0a3f2723c16300f31e91d305a8,0x0002CF4C,362,0,data_load,model_bulk_data_slot0,
80140000-ebf2630c25e39bd60eb79019fb437b2a1a392d0a3f2723c16300f31e91d305a8,game/france/DATA/MODEL.MRG,86112,96,0x80140000,ebf2630c25e39bd60eb79019fb437b2a1a392d0a3f2723c16300f31e91d305a8,0x0002CF4C,362,0,data_load,model_bulk_data_slot1,
80100000-941528b1e077d7a80d4fbe820c260e3acf95af6240bea38d39df5f243f602fee,game/france/DATA/MODEL.MRG,86388,96,0x80100000,941528b1e077d7a80d4fbe820c260e3acf95af6240bea38d39df5f243f602fee,0x0001D2D8,363,0,data_load,model_bulk_data_slot0,
80140000-941528b1e077d7a80d4fbe820c260e3acf95af6240bea38d39df5f243f602fee,game/france/DATA/MODEL.MRG,86388,96,0x80140000,941528b1e077d7a80d4fbe820c260e3acf95af6240bea38d39df5f243f602fee,0x0001D2D8,363,0,data_load,model_bulk_data_slot1,
80100000-e9f60fcb0f56b220087b60f10f47fae6847120c9978c56b2902cef476062992c,game/france/DATA/MODEL.MRG,86664,96,0x80100000,e9f60fcb0f56b220087b60f10f47fae6847120c9978c56b2902cef476062992c,0x0000E49C,364,0,data_load,model_bulk_data_slot0,
80140000-e9f60fcb0f56b220087b60f10f47fae6847120c9978c56b2902cef476062992c,game/france/DATA/MODEL.MRG,86664,96,0x80140000,e9f60fcb0f56b220087b60f10f47fae6847120c9978c56b2902cef476062992c,0x0000E49C,364,0,data_load,model_bulk_data_slot1,
80100000-1521479c9c82640f6e2fdbaf2b3def312a65fb24ec27b9a85b1e3e1406b88fc7,game/france/DATA/MODEL.MRG,86940,96,0x80100000,1521479c9c82640f6e2fdbaf2b3def312a65fb24ec27b9a85b1e3e1406b88fc7,0x000141A4,365,0,data_load,model_bulk_data_slot0,
80140000-1521479c9c82640f6e2fdbaf2b3def312a65fb24ec27b9a85b1e3e1406b88fc7,game/france/DATA/MODEL.MRG,86940,96,0x80140000,1521479c9c82640f6e2fdbaf2b3def312a65fb24ec27b9a85b1e3e1406b88fc7,0x000141A4,365,0,data_load,model_bulk_data_slot1,
80100000-b5bf28e2b432f4f0fb4dbd0bfebc92accf390ecdaf3be636c2e8d0e208c247d7,game/france/DATA/MODEL.MRG,87216,96,0x80100000,b5bf28e2b432f4f0fb4dbd0bfebc92accf390ecdaf3be636c2e8d0e208c247d7,0x0001AFC4,366,0,data_load,model_bulk_data_slot0,
80140000-b5bf28e2b432f4f0fb4dbd0bfebc92accf390ecdaf3be636c2e8d0e208c247d7,game/france/DATA/MODEL.MRG,87216,96,0x80140000,b5bf28e2b432f4f0fb4dbd0bfebc92accf390ecdaf3be636c2e8d0e208c247d7,0x0001AFC4,366,0,data_load,model_bulk_data_slot1,
80100000-31594355cd2358970627b79bef36a5c7c851e2b27635941fcc0a9ba1a0f2762f,game/france/DATA/MODEL.MRG,87492,96,0x80100000,31594355cd2358970627b79bef36a5c7c851e2b27635941fcc0a9ba1a0f2762f,0x000203C8,367,0,data_load,model_bulk_data_slot0,
80140000-31594355cd2358970627b79bef36a5c7c851e2b27635941fcc0a9ba1a0f2762f,game/france/DATA/MODEL.MRG,87492,96,0x80140000,31594355cd2358970627b79bef36a5c7c851e2b27635941fcc0a9ba1a0f2762f,0x000203C8,367,0,data_load,model_bulk_data_slot1,
80100000-63c33c4b2c20190c92d9e1001304c1d60d89ed8d95b9a4a1c9ae3d01d84869a7,game/france/DATA/MODEL.MRG,87768,96,0x80100000,63c33c4b2c20190c92d9e1001304c1d60d89ed8d95b9a4a1c9ae3d01d84869a7,0x00021388,368,0,data_load,model_bulk_data_slot0,
80140000-63c33c4b2c20190c92d9e1001304c1d60d89ed8d95b9a4a1c9ae3d01d84869a7,game/france/DATA/MODEL.MRG,87768,96,0x80140000,63c33c4b2c20190c92d9e1001304c1d60d89ed8d95b9a4a1c9ae3d01d84869a7,0x00021388,368,0,data_load,model_bulk_data_slot1,
80100000-854e491c1998f5c56d62a430f4deac3bb98cdd1f161b04332c236532a9f800b2,game/france/DATA/MODEL.MRG,88044,96,0x80100000,854e491c1998f5c56d62a430f4deac3bb98cdd1f161b04332c236532a9f800b2,0x00014004,369,0,data_load,model_bulk_data_slot0,
80140000-854e491c1998f5c56d62a430f4deac3bb98cdd1f161b04332c236532a9f800b2,game/france/DATA/MODEL.MRG,88044,96,0x80140000,854e491c1998f5c56d62a430f4deac3bb98cdd1f161b04332c236532a9f800b2,0x00014004,369,0,data_load,model_bulk_data_slot1,
80100000-3eab29cd3822efb910bf80521a22de2e2613f86a04aa0eeb664ac8e19d13c45a,game/france/DATA/MODEL.MRG,88320,96,0x80100000,3eab29cd3822efb910bf80521a22de2e2613f86a04aa0eeb664ac8e19d13c45a,0x00011B74,370,0,data_load,model_bulk_data_slot0,
80140000-3eab29cd3822efb910bf80521a22de2e2613f86a04aa0eeb664ac8e19d13c45a,game/france/DATA/MODEL.MRG,88320,96,0x80140000,3eab29cd3822efb910bf80521a22de2e2613f86a04aa0eeb664ac8e19d13c45a,0x00011B74,370,0,data_load,model_bulk_data_slot1,
80100000-917fd1a6e3970e6617b46078778bd4e3bfa95a6b9a979396e3cb0576397f808b,game/france/DATA/MODEL.MRG,88596,96,0x80100000,917fd1a6e3970e6617b46078778bd4e3bfa95a6b9a979396e3cb0576397f808b,0x00012578,371,0,data_load,model_bulk_data_slot0,
80140000-917fd1a6e3970e6617b46078778bd4e3bfa95a6b9a979396e3cb0576397f808b,game/france/DATA/MODEL.MRG,88596,96,0x80140000,917fd1a6e3970e6617b46078778bd4e3bfa95a6b9a979396e3cb0576397f808b,0x00012578,371,0,data_load,model_bulk_data_slot1,
80100000-b4a007f974b4cb041bac1b6daef21abc0fc2bbe0b2ce1fb197284da32be784fe,game/france/DATA/MODEL.MRG,88872,96,0x80100000,b4a007f974b4cb041bac1b6daef21abc0fc2bbe0b2ce1fb197284da32be784fe,0x0000FF20,372,0,data_load,model_bulk_data_slot0,
80140000-b4a007f974b4cb041bac1b6daef21abc0fc2bbe0b2ce1fb197284da32be784fe,game/france/DATA/MODEL.MRG,88872,96,0x80140000,b4a007f974b4cb041bac1b6daef21abc0fc2bbe0b2ce1fb197284da32be784fe,0x0000FF20,372,0,data_load,model_bulk_data_slot1,
80100000-e4862ade2909c6e31f61f0c588827f8fea64b3888bdf3a41909600b52c11e3f3,game/france/DATA/MODEL.MRG,89148,96,0x80100000,e4862ade2909c6e31f61f0c588827f8fea64b3888bdf3a41909600b52c11e3f3,0x0001B780,373,0,data_load,model_bulk_data_slot0,
80140000-e4862ade2909c6e31f61f0c588827f8fea64b3888bdf3a41909600b52c11e3f3,game/france/DATA/MODEL.MRG,89148,96,0x80140000,e4862ade2909c6e31f61f0c588827f8fea64b3888bdf3a41909600b52c11e3f3,0x0001B780,373,0,data_load,model_bulk_data_slot1,
80100000-e6d596121ca89ff80ca01fdb5bf206c33c07501a8d93a2c6a430ae88e1014938,game/france/DATA/MODEL.MRG,89424,96,0x80100000,e6d596121ca89ff80ca01fdb5bf206c33c07501a8d93a2c6a430ae88e1014938,0x00018A0C,374,0,data_load,model_bulk_data_slot0,
80140000-e6d596121ca89ff80ca01fdb5bf206c33c07501a8d93a2c6a430ae88e1014938,game/france/DATA/MODEL.MRG,89424,96,0x80140000,e6d596121ca89ff80ca01fdb5bf206c33c07501a8d93a2c6a430ae88e1014938,0x00018A0C,374,0,data_load,model_bulk_data_slot1,
80100000-16585b8b2dff428804da51908e6818d4b170a10175eddc0f0623c1a2249f9e07,game/france/DATA/MODEL.MRG,89700,96,0x80100000,16585b8b2dff428804da51908e6818d4b170a10175eddc0f0623c1a2249f9e07,0x0001B68C,375,0,data_load,model_bulk_data_slot0,
80140000-16585b8b2dff428804da51908e6818d4b170a10175eddc0f0623c1a2249f9e07,game/france/DATA/MODEL.MRG,89700,96,0x80140000,16585b8b2dff428804da51908e6818d4b170a10175eddc0f0623c1a2249f9e07,0x0001B68C,375,0,data_load,model_bulk_data_slot1,
80100000-30035d944b13366eba48a40bb32bd59908ad8234e7308ae0805fcb0346a28d02,game/france/DATA/MODEL.MRG,89976,96,0x80100000,30035d944b13366eba48a40bb32bd59908ad8234e7308ae0805fcb0346a28d02,0x00017AAC,376,0,data_load,model_bulk_data_slot0,
80140000-30035d944b13366eba48a40bb32bd59908ad8234e7308ae0805fcb0346a28d02,game/france/DATA/MODEL.MRG,89976,96,0x80140000,30035d944b13366eba48a40bb32bd59908ad8234e7308ae0805fcb0346a28d02,0x00017AAC,376,0,data_load,model_bulk_data_slot1,
80100000-db4b660b1fdc6fdb9bb3aca14989403226e50ea0154a7bc6f3b3ea1411283316,game/france/DATA/MODEL.MRG,90252,96,0x80100000,db4b660b1fdc6fdb9bb3aca14989403226e50ea0154a7bc6f3b3ea1411283316,0x0001ED60,377,0,data_load,model_bulk_data_slot0,
80140000-db4b660b1fdc6fdb9bb3aca14989403226e50ea0154a7bc6f3b3ea1411283316,game/france/DATA/MODEL.MRG,90252,96,0x80140000,db4b660b1fdc6fdb9bb3aca14989403226e50ea0154a7bc6f3b3ea1411283316,0x0001ED60,377,0,data_load,model_bulk_data_slot1,
80100000-a7b17e737fc63f51ba02099f856acc6d27daa0f96adbe45821eb1547232a3cfa,game/france/DATA/MODEL.MRG,90528,96,0x80100000,a7b17e737fc63f51ba02099f856acc6d27daa0f96adbe45821eb1547232a3cfa,0x00028678,378,0,data_load,model_bulk_data_slot0,
80140000-a7b17e737fc63f51ba02099f856acc6d27daa0f96adbe45821eb1547232a3cfa,game/france/DATA/MODEL.MRG,90528,96,0x80140000,a7b17e737fc63f51ba02099f856acc6d27daa0f96adbe45821eb1547232a3cfa,0x00028678,378,0,data_load,model_bulk_data_slot1,
80100000-e82b588952a99a944d486091769c7633a660d9ed64c0b4838cfdab8ee45d4d41,game/france/DATA/MODEL.MRG,90804,96,0x80100000,e82b588952a99a944d486091769c7633a660d9ed64c0b4838cfdab8ee45d4d41,0x0001BB20,379,0,data_load,model_bulk_data_slot0,
80140000-e82b588952a99a944d486091769c7633a660d9ed64c0b4838cfdab8ee45d4d41,game/france/DATA/MODEL.MRG,90804,96,0x80140000,e82b588952a99a944d486091769c7633a660d9ed64c0b4838cfdab8ee45d4d41,0x0001BB20,379,0,data_load,model_bulk_data_slot1,
80100000-6bd14d8e4291defaff566705e384102e9199f777c99ce19832172b9ca303dd04,game/france/DATA/MODEL.MRG,91080,96,0x80100000,6bd14d8e4291defaff566705e384102e9199f777c99ce19832172b9ca303dd04,0x0001C624,380,0,data_load,model_bulk_data_slot0,
80140000-6bd14d8e4291defaff566705e384102e9199f777c99ce19832172b9ca303dd04,game/france/DATA/MODEL.MRG,91080,96,0x80140000,6bd14d8e4291defaff566705e384102e9199f777c99ce19832172b9ca303dd04,0x0001C624,380,0,data_load,model_bulk_data_slot1,
80100000-48daa83b02e29e281814e88f34a0c63645681a3768b91721ca83cafeee1d7da1,game/france/DATA/MODEL.MRG,91356,96,0x80100000,48daa83b02e29e281814e88f34a0c63645681a3768b91721ca83cafeee1d7da1,0x00017C4C,381,0,data_load,model_bulk_data_slot0,
80140000-48daa83b02e29e281814e88f34a0c63645681a3768b91721ca83cafeee1d7da1,game/france/DATA/MODEL.MRG,91356,96,0x80140000,48daa83b02e29e281814e88f34a0c63645681a3768b91721ca83cafeee1d7da1,0x00017C4C,381,0,data_load,model_bulk_data_slot1,
80100000-7b93507cc01691ee0df8c6a9014b0c00282c5b5e6f6ad6d77870912309b49a8a,game/france/DATA/MODEL.MRG,91632,96,0x80100000,7b93507cc01691ee0df8c6a9014b0c00282c5b5e6f6ad6d77870912309b49a8a,0x0001B0D0,382,0,data_load,model_bulk_data_slot0,
80140000-7b93507cc01691ee0df8c6a9014b0c00282c5b5e6f6ad6d77870912309b49a8a,game/france/DATA/MODEL.MRG,91632,96,0x80140000,7b93507cc01691ee0df8c6a9014b0c00282c5b5e6f6ad6d77870912309b49a8a,0x0001B0D0,382,0,data_load,model_bulk_data_slot1,
80100000-afd3d1f8b7d91e82d584ea481c1f33393bab0fb909585b20310475b87c8f3183,game/france/DATA/MODEL.MRG,91908,96,0x80100000,afd3d1f8b7d91e82d584ea481c1f33393bab0fb909585b20310475b87c8f3183,0x00029C4C,383,0,data_load,model_bulk_data_slot0,
80140000-afd3d1f8b7d91e82d584ea481c1f33393bab0fb909585b20310475b87c8f3183,game/france/DATA/MODEL.MRG,91908,96,0x80140000,afd3d1f8b7d91e82d584ea481c1f33393bab0fb909585b20310475b87c8f3183,0x00029C4C,383,0,data_load,model_bulk_data_slot1,
80100000-ae65aee70d51b3cc786366bf0e2d513d93dea1624d034df81504155b3737bc7e,game/france/DATA/MODEL.MRG,92184,96,0x80100000,ae65aee70d51b3cc786366bf0e2d513d93dea1624d034df81504155b3737bc7e,0x0001965C,384,0,data_load,model_bulk_data_slot0,
80140000-ae65aee70d51b3cc786366bf0e2d513d93dea1624d034df81504155b3737bc7e,game/france/DATA/MODEL.MRG,92184,96,0x80140000,ae65aee70d51b3cc786366bf0e2d513d93dea1624d034df81504155b3737bc7e,0x0001965C,384,0,data_load,model_bulk_data_slot1,
80100000-c24df1197b24901ee396174d3ab87ebdee6277ff961990fdd2e31e32b6e37548,game/france/DATA/MODEL.MRG,92460,96,0x80100000,c24df1197b24901ee396174d3ab87ebdee6277ff961990fdd2e31e32b6e37548,0x00022DAC,385,0,data_load,model_bulk_data_slot0,
80140000-c24df1197b24901ee396174d3ab87ebdee6277ff961990fdd2e31e32b6e37548,game/france/DATA/MODEL.MRG,92460,96,0x80140000,c24df1197b24901ee396174d3ab87ebdee6277ff961990fdd2e31e32b6e37548,0x00022DAC,385,0,data_load,model_bulk_data_slot1,
80100000-b4da2cac4132d7e6c5d636888061bf0a9ee5dce8b506d500d4f39aedd58f8ea8,game/france/DATA/MODEL.MRG,92736,96,0x80100000,b4da2cac4132d7e6c5d636888061bf0a9ee5dce8b506d500d4f39aedd58f8ea8,0x0000A7E0,386,0,data_load,model_bulk_data_slot0,
80140000-b4da2cac4132d7e6c5d636888061bf0a9ee5dce8b506d500d4f39aedd58f8ea8,game/france/DATA/MODEL.MRG,92736,96,0x80140000,b4da2cac4132d7e6c5d636888061bf0a9ee5dce8b506d500d4f39aedd58f8ea8,0x0000A7E0,386,0,data_load,model_bulk_data_slot1,
80100000-63b53e6d40cf713415f1045a9bcd66cb1fa440c11b22798261df11cb3dd14022,game/france/DATA/MODEL.MRG,93012,96,0x80100000,63b53e6d40cf713415f1045a9bcd66cb1fa440c11b22798261df11cb3dd14022,0x00012B38,387,0,data_load,model_bulk_data_slot0,
80140000-63b53e6d40cf713415f1045a9bcd66cb1fa440c11b22798261df11cb3dd14022,game/france/DATA/MODEL.MRG,93012,96,0x80140000,63b53e6d40cf713415f1045a9bcd66cb1fa440c11b22798261df11cb3dd14022,0x00012B38,387,0,data_load,model_bulk_data_slot1,
80100000-4dc6f5e3acb71e244fb6641fe6caf2d84ccaef46165288cb75af3e61d9567097,game/france/DATA/MODEL.MRG,93288,96,0x80100000,4dc6f5e3acb71e244fb6641fe6caf2d84ccaef46165288cb75af3e61d9567097,0x0001CEB0,388,0,data_load,model_bulk_data_slot0,
80140000-4dc6f5e3acb71e244fb6641fe6caf2d84ccaef46165288cb75af3e61d9567097,game/france/DATA/MODEL.MRG,93288,96,0x80140000,4dc6f5e3acb71e244fb6641fe6caf2d84ccaef46165288cb75af3e61d9567097,0x0001CEB0,388,0,data_load,model_bulk_data_slot1,
80100000-6aaaf8b9349cc334487fd599b122f8c865e12cdb770b2b927633403ca8d931f4,game/france/DATA/MODEL.MRG,93564,96,0x80100000,6aaaf8b9349cc334487fd599b122f8c865e12cdb770b2b927633403ca8d931f4,0x00022440,389,0,data_load,model_bulk_data_slot0,
80140000-6aaaf8b9349cc334487fd599b122f8c865e12cdb770b2b927633403ca8d931f4,game/france/DATA/MODEL.MRG,93564,96,0x80140000,6aaaf8b9349cc334487fd599b122f8c865e12cdb770b2b927633403ca8d931f4,0x00022440,389,0,data_load,model_bulk_data_slot1,
80100000-253b34fb633dca86386443ae6c43cbbb03691095f7570acc26393a13a2da56f7,game/france/DATA/MODEL.MRG,93840,96,0x80100000,253b34fb633dca86386443ae6c43cbbb03691095f7570acc26393a13a2da56f7,0x000206D4,390,0,data_load,model_bulk_data_slot0,
80140000-253b34fb633dca86386443ae6c43cbbb03691095f7570acc26393a13a2da56f7,game/france/DATA/MODEL.MRG,93840,96,0x80140000,253b34fb633dca86386443ae6c43cbbb03691095f7570acc26393a13a2da56f7,0x000206D4,390,0,data_load,model_bulk_data_slot1,
80100000-c149f62d658ae7677924f0c96a8013118eb16ffd00a75a3176013bb1883e5d66,game/france/DATA/MODEL.MRG,94116,96,0x80100000,c149f62d658ae7677924f0c96a8013118eb16ffd00a75a3176013bb1883e5d66,0x000158B8,391,0,data_load,model_bulk_data_slot0,
80140000-c149f62d658ae7677924f0c96a8013118eb16ffd00a75a3176013bb1883e5d66,game/france/DATA/MODEL.MRG,94116,96,0x80140000,c149f62d658ae7677924f0c96a8013118eb16ffd00a75a3176013bb1883e5d66,0x000158B8,391,0,data_load,model_bulk_data_slot1,
80100000-2f78b4ea1607698286b33c645f239e6f06da9f8fd333c8d8345cac6c2b9dd5ca,game/france/DATA/MODEL.MRG,94392,96,0x80100000,2f78b4ea1607698286b33c645f239e6f06da9f8fd333c8d8345cac6c2b9dd5ca,0x00024084,392,0,data_load,model_bulk_data_slot0,
80140000-2f78b4ea1607698286b33c645f239e6f06da9f8fd333c8d8345cac6c2b9dd5ca,game/france/DATA/MODEL.MRG,94392,96,0x80140000,2f78b4ea1607698286b33c645f239e6f06da9f8fd333c8d8345cac6c2b9dd5ca,0x00024084,392,0,data_load,model_bulk_data_slot1,
80100000-68c0e42d98ed669bf6d0e8a3aa218c9859e5846e2ef1b9f181055a9dbb5aef6a,game/france/DATA/MODEL.MRG,94668,96,0x80100000,68c0e42d98ed669bf6d0e8a3aa218c9859e5846e2ef1b9f181055a9dbb5aef6a,0x0001CBD4,393,0,data_load,model_bulk_data_slot0,
80140000-68c0e42d98ed669bf6d0e8a3aa218c9859e5846e2ef1b9f181055a9dbb5aef6a,game/france/DATA/MODEL.MRG,94668,96,0x80140000,68c0e42d98ed669bf6d0e8a3aa218c9859e5846e2ef1b9f181055a9dbb5aef6a,0x0001CBD4,393,0,data_load,model_bulk_data_slot1,
80100000-70da0c92eec3fc79bd14857d656c26bce421a86c2278fdcbea2effdc371095e3,game/france/DATA/MODEL.MRG,94944,96,0x80100000,70da0c92eec3fc79bd14857d656c26bce421a86c2278fdcbea2effdc371095e3,0x00021138,394,0,data_load,model_bulk_data_slot0,
80140000-70da0c92eec3fc79bd14857d656c26bce421a86c2278fdcbea2effdc371095e3,game/france/DATA/MODEL.MRG,94944,96,0x80140000,70da0c92eec3fc79bd14857d656c26bce421a86c2278fdcbea2effdc371095e3,0x00021138,394,0,data_load,model_bulk_data_slot1,
80100000-0833b7dc7d22ff2c68e9d617fc046b01b7c8c1fde757079980cd03e2df3c5f34,game/france/DATA/MODEL.MRG,95220,96,0x80100000,0833b7dc7d22ff2c68e9d617fc046b01b7c8c1fde757079980cd03e2df3c5f34,0x0002E2E0,395,0,data_load,model_bulk_data_slot0,
80140000-0833b7dc7d22ff2c68e9d617fc046b01b7c8c1fde757079980cd03e2df3c5f34,game/france/DATA/MODEL.MRG,95220,96,0x80140000,0833b7dc7d22ff2c68e9d617fc046b01b7c8c1fde757079980cd03e2df3c5f34,0x0002E2E0,395,0,data_load,model_bulk_data_slot1,
80100000-8df78276b3768f236b3621244186b35829c4b2b2a900b91f1908e986f8f66c9e,game/france/DATA/MODEL.MRG,95496,96,0x80100000,8df78276b3768f236b3621244186b35829c4b2b2a900b91f1908e986f8f66c9e,0x0001AD3C,396,0,data_load,model_bulk_data_slot0,
80140000-8df78276b3768f236b3621244186b35829c4b2b2a900b91f1908e986f8f66c9e,game/france/DATA/MODEL.MRG,95496,96,0x80140000,8df78276b3768f236b3621244186b35829c4b2b2a900b91f1908e986f8f66c9e,0x0001AD3C,396,0,data_load,model_bulk_data_slot1,
80100000-9e0f973d9203ceb8d4f6cee45d2ce9ac966d4c5ff364e7e91c2b7d1ef0ce84b2,game/france/DATA/MODEL.MRG,95772,96,0x80100000,9e0f973d9203ceb8d4f6cee45d2ce9ac966d4c5ff364e7e91c2b7d1ef0ce84b2,0x00024F74,397,0,data_load,model_bulk_data_slot0,
80140000-9e0f973d9203ceb8d4f6cee45d2ce9ac966d4c5ff364e7e91c2b7d1ef0ce84b2,game/france/DATA/MODEL.MRG,95772,96,0x80140000,9e0f973d9203ceb8d4f6cee45d2ce9ac966d4c5ff364e7e91c2b7d1ef0ce84b2,0x00024F74,397,0,data_load,model_bulk_data_slot1,
80100000-31e1249eac2d6d3431c8d90e241fde7f0ebbd4c7e3ce54cc965619fecc9e687f,game/france/DATA/MODEL.MRG,96048,96,0x80100000,31e1249eac2d6d3431c8d90e241fde7f0ebbd4c7e3ce54cc965619fecc9e687f,0x00025D50,398,0,data_load,model_bulk_data_slot0,
80140000-31e1249eac2d6d3431c8d90e241fde7f0ebbd4c7e3ce54cc965619fecc9e687f,game/france/DATA/MODEL.MRG,96048,96,0x80140000,31e1249eac2d6d3431c8d90e241fde7f0ebbd4c7e3ce54cc965619fecc9e687f,0x00025D50,398,0,data_load,model_bulk_data_slot1,
80100000-9df36a13eca3c44feaaf4ef7c89a54a40e43ab87a150d46c5fcd70205f5efc10,game/france/DATA/MODEL.MRG,96324,96,0x80100000,9df36a13eca3c44feaaf4ef7c89a54a40e43ab87a150d46c5fcd70205f5efc10,0x00019798,399,0,data_load,model_bulk_data_slot0,
80140000-9df36a13eca3c44feaaf4ef7c89a54a40e43ab87a150d46c5fcd70205f5efc10,game/france/DATA/MODEL.MRG,96324,96,0x80140000,9df36a13eca3c44feaaf4ef7c89a54a40e43ab87a150d46c5fcd70205f5efc10,0x00019798,399,0,data_load,model_bulk_data_slot1,
80100000-68c3e4b4c3ba42b5e671986ca9eb98ea00b5d294fe3ef998bd4279db9fad0b69,game/france/DATA/MODEL.MRG,96600,96,0x80100000,68c3e4b4c3ba42b5e671986ca9eb98ea00b5d294fe3ef998bd4279db9fad0b69,0x0001F10C,400,0,data_load,model_bulk_data_slot0,
80140000-68c3e4b4c3ba42b5e671986ca9eb98ea00b5d294fe3ef998bd4279db9fad0b69,game/france/DATA/MODEL.MRG,96600,96,0x80140000,68c3e4b4c3ba42b5e671986ca9eb98ea00b5d294fe3ef998bd4279db9fad0b69,0x0001F10C,400,0,data_load,model_bulk_data_slot1,
80100000-a209d38023c7ac1774a57d3edabfbc34befc5029ba0c130caa7685560247e201,game/france/DATA/MODEL.MRG,96876,96,0x80100000,a209d38023c7ac1774a57d3edabfbc34befc5029ba0c130caa7685560247e201,0x00015938,401,0,data_load,model_bulk_data_slot0,
80140000-a209d38023c7ac1774a57d3edabfbc34befc5029ba0c130caa7685560247e201,game/france/DATA/MODEL.MRG,96876,96,0x80140000,a209d38023c7ac1774a57d3edabfbc34befc5029ba0c130caa7685560247e201,0x00015938,401,0,data_load,model_bulk_data_slot1,
80100000-066df10a9c0fb7e7cf96984949bd72234e22a4e7afd44aca254d280e22583d44,game/france/DATA/MODEL.MRG,97152,96,0x80100000,066df10a9c0fb7e7cf96984949bd72234e22a4e7afd44aca254d280e22583d44,0x00019040,402,0,data_load,model_bulk_data_slot0,
80140000-066df10a9c0fb7e7cf96984949bd72234e22a4e7afd44aca254d280e22583d44,game/france/DATA/MODEL.MRG,97152,96,0x80140000,066df10a9c0fb7e7cf96984949bd72234e22a4e7afd44aca254d280e22583d44,0x00019040,402,0,data_load,model_bulk_data_slot1,
80100000-1db6777f74bdedc019d0dcf7a5cd88bbab9a2a3e4aecb7a0ebeff90c3346c2c1,game/france/DATA/MODEL.MRG,97428,96,0x80100000,1db6777f74bdedc019d0dcf7a5cd88bbab9a2a3e4aecb7a0ebeff90c3346c2c1,0x0001C834,403,0,data_load,model_bulk_data_slot0,
80140000-1db6777f74bdedc019d0dcf7a5cd88bbab9a2a3e4aecb7a0ebeff90c3346c2c1,game/france/DATA/MODEL.MRG,97428,96,0x80140000,1db6777f74bdedc019d0dcf7a5cd88bbab9a2a3e4aecb7a0ebeff90c3346c2c1,0x0001C834,403,0,data_load,model_bulk_data_slot1,
80100000-8866e0eb29154016f636bae09762fc3e4f684fab41bc55c3b7cbb6e5bf54d142,game/france/DATA/MODEL.MRG,97704,96,0x80100000,8866e0eb29154016f636bae09762fc3e4f684fab41bc55c3b7cbb6e5bf54d142,0x00018000,404,0,data_load,model_bulk_data_slot0,
80140000-8866e0eb29154016f636bae09762fc3e4f684fab41bc55c3b7cbb6e5bf54d142,game/france/DATA/MODEL.MRG,97704,96,0x80140000,8866e0eb29154016f636bae09762fc3e4f684fab41bc55c3b7cbb6e5bf54d142,0x00018000,404,0,data_load,model_bulk_data_slot1,
80100000-06baf1bcc5aa257795a020bb5ee88fe79e081bface620f9f36f1f770a9a05af7,game/france/DATA/MODEL.MRG,97980,96,0x80100000,06baf1bcc5aa257795a020bb5ee88fe79e081bface620f9f36f1f770a9a05af7,0x00007D7C,405,0,data_load,model_bulk_data_slot0,
80140000-06baf1bcc5aa257795a020bb5ee88fe79e081bface620f9f36f1f770a9a05af7,game/france/DATA/MODEL.MRG,97980,96,0x80140000,06baf1bcc5aa257795a020bb5ee88fe79e081bface620f9f36f1f770a9a05af7,0x00007D7C,405,0,data_load,model_bulk_data_slot1,
80100000-a82b5ec3a81b065e5376e714d5c16e7cd49367c13b56979d9bd470393f0c8597,game/france/DATA/MODEL.MRG,98256,96,0x80100000,a82b5ec3a81b065e5376e714d5c16e7cd49367c13b56979d9bd470393f0c8597,0x00013B90,406,0,data_load,model_bulk_data_slot0,
80140000-a82b5ec3a81b065e5376e714d5c16e7cd49367c13b56979d9bd470393f0c8597,game/france/DATA/MODEL.MRG,98256,96,0x80140000,a82b5ec3a81b065e5376e714d5c16e7cd49367c13b56979d9bd470393f0c8597,0x00013B90,406,0,data_load,model_bulk_data_slot1,
80100000-f353c6021c142d9289c7f1aae7a2759052efcd078991bf8f437d2ba89c851a75,game/france/DATA/MODEL.MRG,98532,96,0x80100000,f353c6021c142d9289c7f1aae7a2759052efcd078991bf8f437d2ba89c851a75,0x00017780,407,0,data_load,model_bulk_data_slot0,
80140000-f353c6021c142d9289c7f1aae7a2759052efcd078991bf8f437d2ba89c851a75,game/france/DATA/MODEL.MRG,98532,96,0x80140000,f353c6021c142d9289c7f1aae7a2759052efcd078991bf8f437d2ba89c851a75,0x00017780,407,0,data_load,model_bulk_data_slot1,
80100000-b4009c115dc942f1a69c8e7cfe3c6dffd560ef853f54b92bf2715e0991c952aa,game/france/DATA/MODEL.MRG,98808,96,0x80100000,b4009c115dc942f1a69c8e7cfe3c6dffd560ef853f54b92bf2715e0991c952aa,0x00028BFC,408,0,data_load,model_bulk_data_slot0,
80140000-b4009c115dc942f1a69c8e7cfe3c6dffd560ef853f54b92bf2715e0991c952aa,game/france/DATA/MODEL.MRG,98808,96,0x80140000,b4009c115dc942f1a69c8e7cfe3c6dffd560ef853f54b92bf2715e0991c952aa,0x00028BFC,408,0,data_load,model_bulk_data_slot1,
80100000-0124214aa4c2c4ffb2fdba07303fa7d6047bbeb7ca47709687e796c379223822,game/france/DATA/MODEL.MRG,99084,96,0x80100000,0124214aa4c2c4ffb2fdba07303fa7d6047bbeb7ca47709687e796c379223822,0x00011490,409,0,data_load,model_bulk_data_slot0,
80140000-0124214aa4c2c4ffb2fdba07303fa7d6047bbeb7ca47709687e796c379223822,game/france/DATA/MODEL.MRG,99084,96,0x80140000,0124214aa4c2c4ffb2fdba07303fa7d6047bbeb7ca47709687e796c379223822,0x00011490,409,0,data_load,model_bulk_data_slot1,
80100000-f4ebddd26e62a2f5a1f221c0b3818419ce8465c466f885ae75741c9091c563a4,game/france/DATA/MODEL.MRG,99360,96,0x80100000,f4ebddd26e62a2f5a1f221c0b3818419ce8465c466f885ae75741c9091c563a4,0x0000DC08,410,0,data_load,model_bulk_data_slot0,
80140000-f4ebddd26e62a2f5a1f221c0b3818419ce8465c466f885ae75741c9091c563a4,game/france/DATA/MODEL.MRG,99360,96,0x80140000,f4ebddd26e62a2f5a1f221c0b3818419ce8465c466f885ae75741c9091c563a4,0x0000DC08,410,0,data_load,model_bulk_data_slot1,
80100000-cf97416876d6c7dc52d8bb72e26bd0a52f3af6661563c9301ba3b09be79f357a,game/france/DATA/MODEL.MRG,99636,96,0x80100000,cf97416876d6c7dc52d8bb72e26bd0a52f3af6661563c9301ba3b09be79f357a,0x00018B70,411,0,data_load,model_bulk_data_slot0,
80140000-cf97416876d6c7dc52d8bb72e26bd0a52f3af6661563c9301ba3b09be79f357a,game/france/DATA/MODEL.MRG,99636,96,0x80140000,cf97416876d6c7dc52d8bb72e26bd0a52f3af6661563c9301ba3b09be79f357a,0x00018B70,411,0,data_load,model_bulk_data_slot1,
80100000-fbb88e77da4dcf4e11f86465b5bfa8cb5359b814126d572bb5c5a90003840250,game/france/DATA/MODEL.MRG,99912,96,0x80100000,fbb88e77da4dcf4e11f86465b5bfa8cb5359b814126d572bb5c5a90003840250,0x00011134,412,0,data_load,model_bulk_data_slot0,
80140000-fbb88e77da4dcf4e11f86465b5bfa8cb5359b814126d572bb5c5a90003840250,game/france/DATA/MODEL.MRG,99912,96,0x80140000,fbb88e77da4dcf4e11f86465b5bfa8cb5359b814126d572bb5c5a90003840250,0x00011134,412,0,data_load,model_bulk_data_slot1,
80100000-607cea7417964e8c2c3677c39f15917570196adc3af32f2644ea383b99d41a00,game/france/DATA/MODEL.MRG,100188,96,0x80100000,607cea7417964e8c2c3677c39f15917570196adc3af32f2644ea383b99d41a00,0x0000E4D8,413,0,data_load,model_bulk_data_slot0,
80140000-607cea7417964e8c2c3677c39f15917570196adc3af32f2644ea383b99d41a00,game/france/DATA/MODEL.MRG,100188,96,0x80140000,607cea7417964e8c2c3677c39f15917570196adc3af32f2644ea383b99d41a00,0x0000E4D8,413,0,data_load,model_bulk_data_slot1,
80100000-c46a9bba66051e59164199ad3f8e5382f5caf85fd2f07da0f9fee8722a7482f5,game/france/DATA/MODEL.MRG,100464,96,0x80100000,c46a9bba66051e59164199ad3f8e5382f5caf85fd2f07da0f9fee8722a7482f5,0x00013F74,414,0,data_load,model_bulk_data_slot0,
80140000-c46a9bba66051e59164199ad3f8e5382f5caf85fd2f07da0f9fee8722a7482f5,game/france/DATA/MODEL.MRG,100464,96,0x80140000,c46a9bba66051e59164199ad3f8e5382f5caf85fd2f07da0f9fee8722a7482f5,0x00013F74,414,0,data_load,model_bulk_data_slot1,
80100000-c300c1cadbff8353c7fa27dd62fed83ea70c376168d2490a06589ab3ed5184ee,game/france/DATA/MODEL.MRG,100740,96,0x80100000,c300c1cadbff8353c7fa27dd62fed83ea70c376168d2490a06589ab3ed5184ee,0x00010788,415,0,data_load,model_bulk_data_slot0,
80140000-c300c1cadbff8353c7fa27dd62fed83ea70c376168d2490a06589ab3ed5184ee,game/france/DATA/MODEL.MRG,100740,96,0x80140000,c300c1cadbff8353c7fa27dd62fed83ea70c376168d2490a06589ab3ed5184ee,0x00010788,415,0,data_load,model_bulk_data_slot1,
80100000-b8910e6dfda055eacf7c70e2eb6bae5ec3c5d548570c05685e5dde547ae0107d,game/france/DATA/MODEL.MRG,101016,96,0x80100000,b8910e6dfda055eacf7c70e2eb6bae5ec3c5d548570c05685e5dde547ae0107d,0x00015F54,416,0,data_load,model_bulk_data_slot0,
80140000-b8910e6dfda055eacf7c70e2eb6bae5ec3c5d548570c05685e5dde547ae0107d,game/france/DATA/MODEL.MRG,101016,96,0x80140000,b8910e6dfda055eacf7c70e2eb6bae5ec3c5d548570c05685e5dde547ae0107d,0x00015F54,416,0,data_load,model_bulk_data_slot1,
80100000-7f7c22b0c9c1cdf33b3a72fc88132dbdaf845190b76d2b024b1abadbbd17b0ef,game/france/DATA/MODEL.MRG,101292,96,0x80100000,7f7c22b0c9c1cdf33b3a72fc88132dbdaf845190b76d2b024b1abadbbd17b0ef,0x0001846C,417,0,data_load,model_bulk_data_slot0,
80140000-7f7c22b0c9c1cdf33b3a72fc88132dbdaf845190b76d2b024b1abadbbd17b0ef,game/france/DATA/MODEL.MRG,101292,96,0x80140000,7f7c22b0c9c1cdf33b3a72fc88132dbdaf845190b76d2b024b1abadbbd17b0ef,0x0001846C,417,0,data_load,model_bulk_data_slot1,
80100000-8a2825924ce3d26ac644795c30f3b2481fca0944e208a1aff1e357e0ce240e9b,game/france/DATA/MODEL.MRG,101568,96,0x80100000,8a2825924ce3d26ac644795c30f3b2481fca0944e208a1aff1e357e0ce240e9b,0x0001CFD0,418,0,data_load,model_bulk_data_slot0,
80140000-8a2825924ce3d26ac644795c30f3b2481fca0944e208a1aff1e357e0ce240e9b,game/france/DATA/MODEL.MRG,101568,96,0x80140000,8a2825924ce3d26ac644795c30f3b2481fca0944e208a1aff1e357e0ce240e9b,0x0001CFD0,418,0,data_load,model_bulk_data_slot1,
80100000-422e682ea38c0451eea40046e0c1aa855fe2e60962a56792dbcc6f38b0bba000,game/france/DATA/MODEL.MRG,101844,96,0x80100000,422e682ea38c0451eea40046e0c1aa855fe2e60962a56792dbcc6f38b0bba000,0x000181CC,419,0,data_load,model_bulk_data_slot0,
80140000-422e682ea38c0451eea40046e0c1aa855fe2e60962a56792dbcc6f38b0bba000,game/france/DATA/MODEL.MRG,101844,96,0x80140000,422e682ea38c0451eea40046e0c1aa855fe2e60962a56792dbcc6f38b0bba000,0x000181CC,419,0,data_load,model_bulk_data_slot1,
80100000-1b95ea29d0c63660782390bf1638a684a4ca1639bde98aa2d20504a163ce178d,game/france/DATA/MODEL.MRG,102120,96,0x80100000,1b95ea29d0c63660782390bf1638a684a4ca1639bde98aa2d20504a163ce178d,0x0001D374,420,0,data_load,model_bulk_data_slot0,
80140000-1b95ea29d0c63660782390bf1638a684a4ca1639bde98aa2d20504a163ce178d,game/france/DATA/MODEL.MRG,102120,96,0x80140000,1b95ea29d0c63660782390bf1638a684a4ca1639bde98aa2d20504a163ce178d,0x0001D374,420,0,data_load,model_bulk_data_slot1,
80100000-1fda9a25458e94668f1318fe79bec10336fe0bafde84a48552ceaa82479689ef,game/france/DATA/MODEL.MRG,102396,96,0x80100000,1fda9a25458e94668f1318fe79bec10336fe0bafde84a48552ceaa82479689ef,0x0001BF70,421,0,data_load,model_bulk_data_slot0,
80140000-1fda9a25458e94668f1318fe79bec10336fe0bafde84a48552ceaa82479689ef,game/france/DATA/MODEL.MRG,102396,96,0x80140000,1fda9a25458e94668f1318fe79bec10336fe0bafde84a48552ceaa82479689ef,0x0001BF70,421,0,data_load,model_bulk_data_slot1,
80100000-808e045cbba85c26972e07a582f614ac4eeec98e069fa4bc2c6610b91cd9e775,game/france/DATA/MODEL.MRG,102672,96,0x80100000,808e045cbba85c26972e07a582f614ac4eeec98e069fa4bc2c6610b91cd9e775,0x0001398C,422,0,data_load,model_bulk_data_slot0,
80140000-808e045cbba85c26972e07a582f614ac4eeec98e069fa4bc2c6610b91cd9e775,game/france/DATA/MODEL.MRG,102672,96,0x80140000,808e045cbba85c26972e07a582f614ac4eeec98e069fa4bc2c6610b91cd9e775,0x0001398C,422,0,data_load,model_bulk_data_slot1,
80100000-eb68213af97744689b5ed5655d67ff6c9568ef5597e13f3f2aa547a6065bae1d,game/france/DATA/MODEL.MRG,102948,96,0x80100000,eb68213af97744689b5ed5655d67ff6c9568ef5597e13f3f2aa547a6065bae1d,0x00013420,423,0,data_load,model_bulk_data_slot0,
80140000-eb68213af97744689b5ed5655d67ff6c9568ef5597e13f3f2aa547a6065bae1d,game/france/DATA/MODEL.MRG,102948,96,0x80140000,eb68213af97744689b5ed5655d67ff6c9568ef5597e13f3f2aa547a6065bae1d,0x00013420,423,0,data_load,model_bulk_data_slot1,
80100000-ee0230de07f328aefed03004ee7f9130a2cf283788e0a1032ebc81268a9d101c,game/france/DATA/MODEL.MRG,103224,96,0x80100000,ee0230de07f328aefed03004ee7f9130a2cf283788e0a1032ebc81268a9d101c,0x00011B64,424,0,data_load,model_bulk_data_slot0,
80140000-ee0230de07f328aefed03004ee7f9130a2cf283788e0a1032ebc81268a9d101c,game/france/DATA/MODEL.MRG,103224,96,0x80140000,ee0230de07f328aefed03004ee7f9130a2cf283788e0a1032ebc81268a9d101c,0x00011B64,424,0,data_load,model_bulk_data_slot1,
80100000-c141d3393f1d3ddda3f883ce9d9e4b6c2c0d0fa61c4c3f3586ff4e80f443020b,game/france/DATA/MODEL.MRG,103500,96,0x80100000,c141d3393f1d3ddda3f883ce9d9e4b6c2c0d0fa61c4c3f3586ff4e80f443020b,0x000121F0,425,0,data_load,model_bulk_data_slot0,
80140000-c141d3393f1d3ddda3f883ce9d9e4b6c2c0d0fa61c4c3f3586ff4e80f443020b,game/france/DATA/MODEL.MRG,103500,96,0x80140000,c141d3393f1d3ddda3f883ce9d9e4b6c2c0d0fa61c4c3f3586ff4e80f443020b,0x000121F0,425,0,data_load,model_bulk_data_slot1,
80100000-dbe66585e3840a96e779164f4a9ed887c14c0cafeb71f7cb50bcf0fcfe473c0b,game/france/DATA/MODEL.MRG,103776,96,0x80100000,dbe66585e3840a96e779164f4a9ed887c14c0cafeb71f7cb50bcf0fcfe473c0b,0x00025678,426,0,data_load,model_bulk_data_slot0,
80140000-dbe66585e3840a96e779164f4a9ed887c14c0cafeb71f7cb50bcf0fcfe473c0b,game/france/DATA/MODEL.MRG,103776,96,0x80140000,dbe66585e3840a96e779164f4a9ed887c14c0cafeb71f7cb50bcf0fcfe473c0b,0x00025678,426,0,data_load,model_bulk_data_slot1,
80100000-9e382412c04c4eb254dab22a8122d7cd7640486bc71d4dbf2a8ce52e2f585cdf,game/france/DATA/MODEL.MRG,104052,96,0x80100000,9e382412c04c4eb254dab22a8122d7cd7640486bc71d4dbf2a8ce52e2f585cdf,0x0001B9F0,427,0,data_load,model_bulk_data_slot0,
80140000-9e382412c04c4eb254dab22a8122d7cd7640486bc71d4dbf2a8ce52e2f585cdf,game/france/DATA/MODEL.MRG,104052,96,0x80140000,9e382412c04c4eb254dab22a8122d7cd7640486bc71d4dbf2a8ce52e2f585cdf,0x0001B9F0,427,0,data_load,model_bulk_data_slot1,
80100000-f4ce1bace81c3ec3b5a74ebc0627500f056c3bacc57b89ca18d6080fff841dbd,game/france/DATA/MODEL.MRG,104328,96,0x80100000,f4ce1bace81c3ec3b5a74ebc0627500f056c3bacc57b89ca18d6080fff841dbd,0x00017E1C,428,0,data_load,model_bulk_data_slot0,
80140000-f4ce1bace81c3ec3b5a74ebc0627500f056c3bacc57b89ca18d6080fff841dbd,game/france/DATA/MODEL.MRG,104328,96,0x80140000,f4ce1bace81c3ec3b5a74ebc0627500f056c3bacc57b89ca18d6080fff841dbd,0x00017E1C,428,0,data_load,model_bulk_data_slot1,
80100000-d3fe57ae0903d683c1fcaffb63dd1ed92a5bdd0b89d0416169522cdd15d6f428,game/france/DATA/MODEL.MRG,104604,96,0x80100000,d3fe57ae0903d683c1fcaffb63dd1ed92a5bdd0b89d0416169522cdd15d6f428,0x0001CC3C,429,0,data_load,model_bulk_data_slot0,
80140000-d3fe57ae0903d683c1fcaffb63dd1ed92a5bdd0b89d0416169522cdd15d6f428,game/france/DATA/MODEL.MRG,104604,96,0x80140000,d3fe57ae0903d683c1fcaffb63dd1ed92a5bdd0b89d0416169522cdd15d6f428,0x0001CC3C,429,0,data_load,model_bulk_data_slot1,
80100000-04bf9d2ab5954109ed4f562b3203c12d2d15553f7d94075459f8e7ade7704f02,game/france/DATA/MODEL.MRG,104880,96,0x80100000,04bf9d2ab5954109ed4f562b3203c12d2d15553f7d94075459f8e7ade7704f02,0x000132D8,430,0,data_load,model_bulk_data_slot0,
80140000-04bf9d2ab5954109ed4f562b3203c12d2d15553f7d94075459f8e7ade7704f02,game/france/DATA/MODEL.MRG,104880,96,0x80140000,04bf9d2ab5954109ed4f562b3203c12d2d15553f7d94075459f8e7ade7704f02,0x000132D8,430,0,data_load,model_bulk_data_slot1,
80100000-763ec109bcfd4cb33b0d770ef1b6f7a582b1cda11613ab2b757f4d1406ced5b9,game/france/DATA/MODEL.MRG,105156,96,0x80100000,763ec109bcfd4cb33b0d770ef1b6f7a582b1cda11613ab2b757f4d1406ced5b9,0x0001FAB0,431,0,data_load,model_bulk_data_slot0,
80140000-763ec109bcfd4cb33b0d770ef1b6f7a582b1cda11613ab2b757f4d1406ced5b9,game/france/DATA/MODEL.MRG,105156,96,0x80140000,763ec109bcfd4cb33b0d770ef1b6f7a582b1cda11613ab2b757f4d1406ced5b9,0x0001FAB0,431,0,data_load,model_bulk_data_slot1,
80100000-db28aa6b29770411e8dbb4b4579f67f1c4fd95ff9442524d97a8d84b1c268485,game/france/DATA/MODEL.MRG,105432,96,0x80100000,db28aa6b29770411e8dbb4b4579f67f1c4fd95ff9442524d97a8d84b1c268485,0x0001B0AC,432,0,data_load,model_bulk_data_slot0,
80140000-db28aa6b29770411e8dbb4b4579f67f1c4fd95ff9442524d97a8d84b1c268485,game/france/DATA/MODEL.MRG,105432,96,0x80140000,db28aa6b29770411e8dbb4b4579f67f1c4fd95ff9442524d97a8d84b1c268485,0x0001B0AC,432,0,data_load,model_bulk_data_slot1,
80100000-e6aedf66ab200866d922f3bdd80bf1f0404cf46e146f73c4ddbb18178e870b55,game/france/DATA/MODEL.MRG,105708,96,0x80100000,e6aedf66ab200866d922f3bdd80bf1f0404cf46e146f73c4ddbb18178e870b55,0x0001E014,433,0,data_load,model_bulk_data_slot0,
80140000-e6aedf66ab200866d922f3bdd80bf1f0404cf46e146f73c4ddbb18178e870b55,game/france/DATA/MODEL.MRG,105708,96,0x80140000,e6aedf66ab200866d922f3bdd80bf1f0404cf46e146f73c4ddbb18178e870b55,0x0001E014,433,0,data_load,model_bulk_data_slot1,
80100000-525d75c3b8ea2dab1a222df62b876227c6c7da696dbcaefcab82e93cb868b157,game/france/DATA/MODEL.MRG,105984,96,0x80100000,525d75c3b8ea2dab1a222df62b876227c6c7da696dbcaefcab82e93cb868b157,0x00019EEC,434,0,data_load,model_bulk_data_slot0,
80140000-525d75c3b8ea2dab1a222df62b876227c6c7da696dbcaefcab82e93cb868b157,game/france/DATA/MODEL.MRG,105984,96,0x80140000,525d75c3b8ea2dab1a222df62b876227c6c7da696dbcaefcab82e93cb868b157,0x00019EEC,434,0,data_load,model_bulk_data_slot1,
80100000-aac78601cdc54bd08e72e82da003c0052e8b80359cabb132ecff54ee705214b0,game/france/DATA/MODEL.MRG,106260,96,0x80100000,aac78601cdc54bd08e72e82da003c0052e8b80359cabb132ecff54ee705214b0,0x0001581C,435,0,data_load,model_bulk_data_slot0,
80140000-aac78601cdc54bd08e72e82da003c0052e8b80359cabb132ecff54ee705214b0,game/france/DATA/MODEL.MRG,106260,96,0x80140000,aac78601cdc54bd08e72e82da003c0052e8b80359cabb132ecff54ee705214b0,0x0001581C,435,0,data_load,model_bulk_data_slot1,
80100000-94ed967aa78ffdb05e66f2245c30728cabf03d18b763699dca692fcc81371d26,game/france/DATA/MODEL.MRG,106536,96,0x80100000,94ed967aa78ffdb05e66f2245c30728cabf03d18b763699dca692fcc81371d26,0x000101E8,436,0,data_load,model_bulk_data_slot0,
80140000-94ed967aa78ffdb05e66f2245c30728cabf03d18b763699dca692fcc81371d26,game/france/DATA/MODEL.MRG,106536,96,0x80140000,94ed967aa78ffdb05e66f2245c30728cabf03d18b763699dca692fcc81371d26,0x000101E8,436,0,data_load,model_bulk_data_slot1,
80100000-cf52d8601ce3ff0ff05d44d95890019205380da8819aac0f42134b1c8ac55795,game/france/DATA/MODEL.MRG,106812,96,0x80100000,cf52d8601ce3ff0ff05d44d95890019205380da8819aac0f42134b1c8ac55795,0x0000E360,437,0,data_load,model_bulk_data_slot0,
80140000-cf52d8601ce3ff0ff05d44d95890019205380da8819aac0f42134b1c8ac55795,game/france/DATA/MODEL.MRG,106812,96,0x80140000,cf52d8601ce3ff0ff05d44d95890019205380da8819aac0f42134b1c8ac55795,0x0000E360,437,0,data_load,model_bulk_data_slot1,
80100000-f4c913c3d6778617f1b8cfa190ed24d8ff682059a7fdb818c7605995dfa2f56d,game/france/DATA/MODEL.MRG,107088,96,0x80100000,f4c913c3d6778617f1b8cfa190ed24d8ff682059a7fdb818c7605995dfa2f56d,0x00010DEC,438,0,data_load,model_bulk_data_slot0,
80140000-f4c913c3d6778617f1b8cfa190ed24d8ff682059a7fdb818c7605995dfa2f56d,game/france/DATA/MODEL.MRG,107088,96,0x80140000,f4c913c3d6778617f1b8cfa190ed24d8ff682059a7fdb818c7605995dfa2f56d,0x00010DEC,438,0,data_load,model_bulk_data_slot1,
80100000-5e4417dbf2b4cf45ca431a240cf6a6024c046e3ffe12a2f5376d9fb3e1d954d8,game/france/DATA/MODEL.MRG,107364,96,0x80100000,5e4417dbf2b4cf45ca431a240cf6a6024c046e3ffe12a2f5376d9fb3e1d954d8,0x000169E0,439,0,data_load,model_bulk_data_slot0,
80140000-5e4417dbf2b4cf45ca431a240cf6a6024c046e3ffe12a2f5376d9fb3e1d954d8,game/france/DATA/MODEL.MRG,107364,96,0x80140000,5e4417dbf2b4cf45ca431a240cf6a6024c046e3ffe12a2f5376d9fb3e1d954d8,0x000169E0,439,0,data_load,model_bulk_data_slot1,
80100000-b4ad171c5a3c31257578b36617f62e1fb295b69aaf96e07d9976cd80696d5c98,game/france/DATA/MODEL.MRG,107640,96,0x80100000,b4ad171c5a3c31257578b36617f62e1fb295b69aaf96e07d9976cd80696d5c98,0x0000D9D8,440,0,data_load,model_bulk_data_slot0,
80140000-b4ad171c5a3c31257578b36617f62e1fb295b69aaf96e07d9976cd80696d5c98,game/france/DATA/MODEL.MRG,107640,96,0x80140000,b4ad171c5a3c31257578b36617f62e1fb295b69aaf96e07d9976cd80696d5c98,0x0000D9D8,440,0,data_load,model_bulk_data_slot1,
80100000-69497519a5898848d09c7950e71c29a48d345ee56d40e41c8a1c605dc5929f84,game/france/DATA/MODEL.MRG,107916,96,0x80100000,69497519a5898848d09c7950e71c29a48d345ee56d40e41c8a1c605dc5929f84,0x0001F90C,441,0,data_load,model_bulk_data_slot0,
80140000-69497519a5898848d09c7950e71c29a48d345ee56d40e41c8a1c605dc5929f84,game/france/DATA/MODEL.MRG,107916,96,0x80140000,69497519a5898848d09c7950e71c29a48d345ee56d40e41c8a1c605dc5929f84,0x0001F90C,441,0,data_load,model_bulk_data_slot1,
80100000-305d2c3173dc07de78d2079efc29edfa58d46a82414b7068453bb480ce8e3db2,game/france/DATA/MODEL.MRG,108192,96,0x80100000,305d2c3173dc07de78d2079efc29edfa58d46a82414b7068453bb480ce8e3db2,0x00029AA4,442,0,data_load,model_bulk_data_slot0,
80140000-305d2c3173dc07de78d2079efc29edfa58d46a82414b7068453bb480ce8e3db2,game/france/DATA/MODEL.MRG,108192,96,0x80140000,305d2c3173dc07de78d2079efc29edfa58d46a82414b7068453bb480ce8e3db2,0x00029AA4,442,0,data_load,model_bulk_data_slot1,
80100000-952c59715a8440356bb9d30497232b018b165a996fc30d2af941b36d0230f327,game/france/DATA/MODEL.MRG,108468,96,0x80100000,952c59715a8440356bb9d30497232b018b165a996fc30d2af941b36d0230f327,0x00020200,443,0,data_load,model_bulk_data_slot0,
80140000-952c59715a8440356bb9d30497232b018b165a996fc30d2af941b36d0230f327,game/france/DATA/MODEL.MRG,108468,96,0x80140000,952c59715a8440356bb9d30497232b018b165a996fc30d2af941b36d0230f327,0x00020200,443,0,data_load,model_bulk_data_slot1,
80100000-ec659f2321715cc4d4e77dd678474e80020d4d03d733c93f1c9d17ef3388b30f,game/france/DATA/MODEL.MRG,108744,96,0x80100000,ec659f2321715cc4d4e77dd678474e80020d4d03d733c93f1c9d17ef3388b30f,0x000144C4,444,0,data_load,model_bulk_data_slot0,
80140000-ec659f2321715cc4d4e77dd678474e80020d4d03d733c93f1c9d17ef3388b30f,game/france/DATA/MODEL.MRG,108744,96,0x80140000,ec659f2321715cc4d4e77dd678474e80020d4d03d733c93f1c9d17ef3388b30f,0x000144C4,444,0,data_load,model_bulk_data_slot1,
80100000-cbc328e5ae805e17925da672496ab21f63512fe0499008e96f4a8e950ac29ce5,game/france/DATA/MODEL.MRG,109020,96,0x80100000,cbc328e5ae805e17925da672496ab21f63512fe0499008e96f4a8e950ac29ce5,0x00016DC4,445,0,data_load,model_bulk_data_slot0,
80140000-cbc328e5ae805e17925da672496ab21f63512fe0499008e96f4a8e950ac29ce5,game/france/DATA/MODEL.MRG,109020,96,0x80140000,cbc328e5ae805e17925da672496ab21f63512fe0499008e96f4a8e950ac29ce5,0x00016DC4,445,0,data_load,model_bulk_data_slot1,
80100000-423a3935ebede5fb0a14d6b2bb96e5352059305bbba2d73a3cccf2b8e35522e7,game/france/DATA/MODEL.MRG,109296,96,0x80100000,423a3935ebede5fb0a14d6b2bb96e5352059305bbba2d73a3cccf2b8e35522e7,0x000128C4,446,0,data_load,model_bulk_data_slot0,
80140000-423a3935ebede5fb0a14d6b2bb96e5352059305bbba2d73a3cccf2b8e35522e7,game/france/DATA/MODEL.MRG,109296,96,0x80140000,423a3935ebede5fb0a14d6b2bb96e5352059305bbba2d73a3cccf2b8e35522e7,0x000128C4,446,0,data_load,model_bulk_data_slot1,
80100000-0c275d480c6774c1b21fdcf7cae599e00fc4a28f39ae129f83111e608a67d602,game/france/DATA/MODEL.MRG,109572,96,0x80100000,0c275d480c6774c1b21fdcf7cae599e00fc4a28f39ae129f83111e608a67d602,0x00021798,447,0,data_load,model_bulk_data_slot0,
80140000-0c275d480c6774c1b21fdcf7cae599e00fc4a28f39ae129f83111e608a67d602,game/france/DATA/MODEL.MRG,109572,96,0x80140000,0c275d480c6774c1b21fdcf7cae599e00fc4a28f39ae129f83111e608a67d602,0x00021798,447,0,data_load,model_bulk_data_slot1,
80100000-e32aaf86968896a15b8c42e169deac79050ceadb2648e0879df30753937e53a8,game/france/DATA/MODEL.MRG,109848,96,0x80100000,e32aaf86968896a15b8c42e169deac79050ceadb2648e0879df30753937e53a8,0x0000F548,448,0,data_load,model_bulk_data_slot0,
80140000-e32aaf86968896a15b8c42e169deac79050ceadb2648e0879df30753937e53a8,game/france/DATA/MODEL.MRG,109848,96,0x80140000,e32aaf86968896a15b8c42e169deac79050ceadb2648e0879df30753937e53a8,0x0000F548,448,0,data_load,model_bulk_data_slot1,
80100000-8d078e47d6f10761cd24fe2f369428167067bc91ece24097d6390af4335fb3ef,game/france/DATA/MODEL.MRG,110124,96,0x80100000,8d078e47d6f10761cd24fe2f369428167067bc91ece24097d6390af4335fb3ef,0x0001A6A0,449,0,data_load,model_bulk_data_slot0,
80140000-8d078e47d6f10761cd24fe2f369428167067bc91ece24097d6390af4335fb3ef,game/france/DATA/MODEL.MRG,110124,96,0x80140000,8d078e47d6f10761cd24fe2f369428167067bc91ece24097d6390af4335fb3ef,0x0001A6A0,449,0,data_load,model_bulk_data_slot1,
80100000-5f2a28fa8c885011dd4ae5c8faed0e8742bc9a5d979f13f17902df533617d94d,game/france/DATA/MODEL.MRG,110400,96,0x80100000,5f2a28fa8c885011dd4ae5c8faed0e8742bc9a5d979f13f17902df533617d94d,0x00018300,450,0,data_load,model_bulk_data_slot0,
80140000-5f2a28fa8c885011dd4ae5c8faed0e8742bc9a5d979f13f17902df533617d94d,game/france/DATA/MODEL.MRG,110400,96,0x80140000,5f2a28fa8c885011dd4ae5c8faed0e8742bc9a5d979f13f17902df533617d94d,0x00018300,450,0,data_load,model_bulk_data_slot1,
80100000-2a871c6f004ca7c6abcba8d3e9fbcb0b414c3f8cdbeafac0211fe2b30f0594fa,game/france/DATA/MODEL.MRG,110676,96,0x80100000,2a871c6f004ca7c6abcba8d3e9fbcb0b414c3f8cdbeafac0211fe2b30f0594fa,0x00017B18,451,0,data_load,model_bulk_data_slot0,
80140000-2a871c6f004ca7c6abcba8d3e9fbcb0b414c3f8cdbeafac0211fe2b30f0594fa,game/france/DATA/MODEL.MRG,110676,96,0x80140000,2a871c6f004ca7c6abcba8d3e9fbcb0b414c3f8cdbeafac0211fe2b30f0594fa,0x00017B18,451,0,data_load,model_bulk_data_slot1,
80100000-1e6dc327bcdab736be313b0d50d379738f229a631751fa346160dbe9d3553687,game/france/DATA/MODEL.MRG,110952,96,0x80100000,1e6dc327bcdab736be313b0d50d379738f229a631751fa346160dbe9d3553687,0x00016964,452,0,data_load,model_bulk_data_slot0,
80140000-1e6dc327bcdab736be313b0d50d379738f229a631751fa346160dbe9d3553687,game/france/DATA/MODEL.MRG,110952,96,0x80140000,1e6dc327bcdab736be313b0d50d379738f229a631751fa346160dbe9d3553687,0x00016964,452,0,data_load,model_bulk_data_slot1,
80100000-f135d2b5b8abd23565d767cd3fb4be98094defec09c4d32494ae61494e7a7488,game/france/DATA/MODEL.MRG,111228,96,0x80100000,f135d2b5b8abd23565d767cd3fb4be98094defec09c4d32494ae61494e7a7488,0x0001851C,453,0,data_load,model_bulk_data_slot0,
80140000-f135d2b5b8abd23565d767cd3fb4be98094defec09c4d32494ae61494e7a7488,game/france/DATA/MODEL.MRG,111228,96,0x80140000,f135d2b5b8abd23565d767cd3fb4be98094defec09c4d32494ae61494e7a7488,0x0001851C,453,0,data_load,model_bulk_data_slot1,
80100000-15bfe7c3ac25879be7cc77202c7409f268944e1a86decc936586d156cc5d33c2,game/france/DATA/MODEL.MRG,111504,96,0x80100000,15bfe7c3ac25879be7cc77202c7409f268944e1a86decc936586d156cc5d33c2,0x000163A4,454,0,data_load,model_bulk_data_slot0,
80140000-15bfe7c3ac25879be7cc77202c7409f268944e1a86decc936586d156cc5d33c2,game/france/DATA/MODEL.MRG,111504,96,0x80140000,15bfe7c3ac25879be7cc77202c7409f268944e1a86decc936586d156cc5d33c2,0x000163A4,454,0,data_load,model_bulk_data_slot1,
80100000-eb60274aac8f48b2387c3facba7997d313b695f091128307444b332449b218f9,game/france/DATA/MODEL.MRG,111780,96,0x80100000,eb60274aac8f48b2387c3facba7997d313b695f091128307444b332449b218f9,0x00018760,455,0,data_load,model_bulk_data_slot0,
80140000-eb60274aac8f48b2387c3facba7997d313b695f091128307444b332449b218f9,game/france/DATA/MODEL.MRG,111780,96,0x80140000,eb60274aac8f48b2387c3facba7997d313b695f091128307444b332449b218f9,0x00018760,455,0,data_load,model_bulk_data_slot1,
80100000-3409fa8950d07e6da34132795d0fb1feb7f00e82e0d04d79d34e21d8978ac50c,game/france/DATA/MODEL.MRG,112056,96,0x80100000,3409fa8950d07e6da34132795d0fb1feb7f00e82e0d04d79d34e21d8978ac50c,0x000115BC,456,0,data_load,model_bulk_data_slot0,
80140000-3409fa8950d07e6da34132795d0fb1feb7f00e82e0d04d79d34e21d8978ac50c,game/france/DATA/MODEL.MRG,112056,96,0x80140000,3409fa8950d07e6da34132795d0fb1feb7f00e82e0d04d79d34e21d8978ac50c,0x000115BC,456,0,data_load,model_bulk_data_slot1,
80100000-08915d54fa943df932599886f8206339e565c156e522448d5e1c88e6af313930,game/france/DATA/MODEL.MRG,112332,96,0x80100000,08915d54fa943df932599886f8206339e565c156e522448d5e1c88e6af313930,0x0001913C,457,0,data_load,model_bulk_data_slot0,
80140000-08915d54fa943df932599886f8206339e565c156e522448d5e1c88e6af313930,game/france/DATA/MODEL.MRG,112332,96,0x80140000,08915d54fa943df932599886f8206339e565c156e522448d5e1c88e6af313930,0x0001913C,457,0,data_load,model_bulk_data_slot1,
80100000-6b9b54167ad8dafd1283a855e420a45d4213cbce1b749191eaf11036bece2125,game/france/DATA/MODEL.MRG,112608,96,0x80100000,6b9b54167ad8dafd1283a855e420a45d4213cbce1b749191eaf11036bece2125,0x00019F90,458,0,data_load,model_bulk_data_slot0,
80140000-6b9b54167ad8dafd1283a855e420a45d4213cbce1b749191eaf11036bece2125,game/france/DATA/MODEL.MRG,112608,96,0x80140000,6b9b54167ad8dafd1283a855e420a45d4213cbce1b749191eaf11036bece2125,0x00019F90,458,0,data_load,model_bulk_data_slot1,
80100000-a942ec3a5e68cb9c71912be623196a29ca95590d490c7168c1160c4ab7272ae8,game/france/DATA/MODEL.MRG,112884,96,0x80100000,a942ec3a5e68cb9c71912be623196a29ca95590d490c7168c1160c4ab7272ae8,0x0000FC68,459,0,data_load,model_bulk_data_slot0,
80140000-a942ec3a5e68cb9c71912be623196a29ca95590d490c7168c1160c4ab7272ae8,game/france/DATA/MODEL.MRG,112884,96,0x80140000,a942ec3a5e68cb9c71912be623196a29ca95590d490c7168c1160c4ab7272ae8,0x0000FC68,459,0,data_load,model_bulk_data_slot1,
80100000-7c5d396ffea1524043cd4337f7c1f57ec77ca526c6b7974c228c555da6e874f4,game/france/DATA/MODEL.MRG,113160,96,0x80100000,7c5d396ffea1524043cd4337f7c1f57ec77ca526c6b7974c228c555da6e874f4,0x00018718,460,0,data_load,model_bulk_data_slot0,
80140000-7c5d396ffea1524043cd4337f7c1f57ec77ca526c6b7974c228c555da6e874f4,game/france/DATA/MODEL.MRG,113160,96,0x80140000,7c5d396ffea1524043cd4337f7c1f57ec77ca526c6b7974c228c555da6e874f4,0x00018718,460,0,data_load,model_bulk_data_slot1,
80100000-bf6f9e9d84c0a2b833794251cb433db94eb84c19496f45838535595a53c0ad75,game/france/DATA/MODEL.MRG,113436,96,0x80100000,bf6f9e9d84c0a2b833794251cb433db94eb84c19496f45838535595a53c0ad75,0x000138E8,461,0,data_load,model_bulk_data_slot0,
80140000-bf6f9e9d84c0a2b833794251cb433db94eb84c19496f45838535595a53c0ad75,game/france/DATA/MODEL.MRG,113436,96,0x80140000,bf6f9e9d84c0a2b833794251cb433db94eb84c19496f45838535595a53c0ad75,0x000138E8,461,0,data_load,model_bulk_data_slot1,
80100000-f1d473e84905b690e757f1755599e42e26be1cc6e66e49be6e8105991051368b,game/france/DATA/MODEL.MRG,113712,96,0x80100000,f1d473e84905b690e757f1755599e42e26be1cc6e66e49be6e8105991051368b,0x000189B4,462,0,data_load,model_bulk_data_slot0,
80140000-f1d473e84905b690e757f1755599e42e26be1cc6e66e49be6e8105991051368b,game/france/DATA/MODEL.MRG,113712,96,0x80140000,f1d473e84905b690e757f1755599e42e26be1cc6e66e49be6e8105991051368b,0x000189B4,462,0,data_load,model_bulk_data_slot1,
80100000-ebeadaa321bcf2f3ea00f91dcac7741833075d4d2f0db42f316f36b6c843b68d,game/france/DATA/MODEL.MRG,113988,96,0x80100000,ebeadaa321bcf2f3ea00f91dcac7741833075d4d2f0db42f316f36b6c843b68d,0x00019844,463,0,data_load,model_bulk_data_slot0,
80140000-ebeadaa321bcf2f3ea00f91dcac7741833075d4d2f0db42f316f36b6c843b68d,game/france/DATA/MODEL.MRG,113988,96,0x80140000,ebeadaa321bcf2f3ea00f91dcac7741833075d4d2f0db42f316f36b6c843b68d,0x00019844,463,0,data_load,model_bulk_data_slot1,
80100000-3683dce0c2eee7c9c0a19c278303670c9e1dbc47b4a3aadfd22345dbef1417d7,game/france/DATA/MODEL.MRG,114264,96,0x80100000,3683dce0c2eee7c9c0a19c278303670c9e1dbc47b4a3aadfd22345dbef1417d7,0x0001D2CC,464,0,data_load,model_bulk_data_slot0,
80140000-3683dce0c2eee7c9c0a19c278303670c9e1dbc47b4a3aadfd22345dbef1417d7,game/france/DATA/MODEL.MRG,114264,96,0x80140000,3683dce0c2eee7c9c0a19c278303670c9e1dbc47b4a3aadfd22345dbef1417d7,0x0001D2CC,464,0,data_load,model_bulk_data_slot1,
80100000-01e566f463ef14fe19ff1aae550c46f0c38a639b1f6f48472b5e3a624ace63bf,game/france/DATA/MODEL.MRG,114540,96,0x80100000,01e566f463ef14fe19ff1aae550c46f0c38a639b1f6f48472b5e3a624ace63bf,0x00015DD0,465,0,data_load,model_bulk_data_slot0,
80140000-01e566f463ef14fe19ff1aae550c46f0c38a639b1f6f48472b5e3a624ace63bf,game/france/DATA/MODEL.MRG,114540,96,0x80140000,01e566f463ef14fe19ff1aae550c46f0c38a639b1f6f48472b5e3a624ace63bf,0x00015DD0,465,0,data_load,model_bulk_data_slot1,
80100000-f99a2230e5f9812765ea1da2a32f7c51c6c63dd430b844cd135653805f7a6219,game/france/DATA/MODEL.MRG,114816,96,0x80100000,f99a2230e5f9812765ea1da2a32f7c51c6c63dd430b844cd135653805f7a6219,0x000165C0,466,0,data_load,model_bulk_data_slot0,
80140000-f99a2230e5f9812765ea1da2a32f7c51c6c63dd430b844cd135653805f7a6219,game/france/DATA/MODEL.MRG,114816,96,0x80140000,f99a2230e5f9812765ea1da2a32f7c51c6c63dd430b844cd135653805f7a6219,0x000165C0,466,0,data_load,model_bulk_data_slot1,
80100000-1fdeaa9d39ad82534a83e5605d21b0a7992f009a40374fb58870d2a4c83884b9,game/france/DATA/MODEL.MRG,115092,96,0x80100000,1fdeaa9d39ad82534a83e5605d21b0a7992f009a40374fb58870d2a4c83884b9,0x00015C4C,467,0,data_load,model_bulk_data_slot0,
80140000-1fdeaa9d39ad82534a83e5605d21b0a7992f009a40374fb58870d2a4c83884b9,game/france/DATA/MODEL.MRG,115092,96,0x80140000,1fdeaa9d39ad82534a83e5605d21b0a7992f009a40374fb58870d2a4c83884b9,0x00015C4C,467,0,data_load,model_bulk_data_slot1,
80100000-13bba0e4a474ff9ce8f5fce84a12de8841c4da2eceefd7aebfd5016b9d53d916,game/france/DATA/MODEL.MRG,115368,96,0x80100000,13bba0e4a474ff9ce8f5fce84a12de8841c4da2eceefd7aebfd5016b9d53d916,0x00018544,468,0,data_load,model_bulk_data_slot0,
80140000-13bba0e4a474ff9ce8f5fce84a12de8841c4da2eceefd7aebfd5016b9d53d916,game/france/DATA/MODEL.MRG,115368,96,0x80140000,13bba0e4a474ff9ce8f5fce84a12de8841c4da2eceefd7aebfd5016b9d53d916,0x00018544,468,0,data_load,model_bulk_data_slot1,
80100000-fcfe4e156b7dad481583526c1c90ed7dfc0da52b3ea733b5404443da0ad27a29,game/france/DATA/MODEL.MRG,115644,96,0x80100000,fcfe4e156b7dad481583526c1c90ed7dfc0da52b3ea733b5404443da0ad27a29,0x000140A4,469,0,data_load,model_bulk_data_slot0,
80140000-fcfe4e156b7dad481583526c1c90ed7dfc0da52b3ea733b5404443da0ad27a29,game/france/DATA/MODEL.MRG,115644,96,0x80140000,fcfe4e156b7dad481583526c1c90ed7dfc0da52b3ea733b5404443da0ad27a29,0x000140A4,469,0,data_load,model_bulk_data_slot1,
80100000-e86af45636bd4be1ac9587c297d27a6ea3a4ef4e319a32d1a8a7606f62583e06,game/france/DATA/MODEL.MRG,115920,96,0x80100000,e86af45636bd4be1ac9587c297d27a6ea3a4ef4e319a32d1a8a7606f62583e06,0x0001DDD0,470,0,data_load,model_bulk_data_slot0,
80140000-e86af45636bd4be1ac9587c297d27a6ea3a4ef4e319a32d1a8a7606f62583e06,game/france/DATA/MODEL.MRG,115920,96,0x80140000,e86af45636bd4be1ac9587c297d27a6ea3a4ef4e319a32d1a8a7606f62583e06,0x0001DDD0,470,0,data_load,model_bulk_data_slot1,
80100000-0b8ed6e4becf9a151dbda754820731dd4d13e4efad2eb3eafdd995dfd1f9897f,game/france/DATA/MODEL.MRG,116196,96,0x80100000,0b8ed6e4becf9a151dbda754820731dd4d13e4efad2eb3eafdd995dfd1f9897f,0x00015238,471,0,data_load,model_bulk_data_slot0,
80140000-0b8ed6e4becf9a151dbda754820731dd4d13e4efad2eb3eafdd995dfd1f9897f,game/france/DATA/MODEL.MRG,116196,96,0x80140000,0b8ed6e4becf9a151dbda754820731dd4d13e4efad2eb3eafdd995dfd1f9897f,0x00015238,471,0,data_load,model_bulk_data_slot1,
80100000-601fc23064ca4a5709cf40e137d5bdf601dbf4f23bb4c0495d6cf588384da523,game/france/DATA/MODEL.MRG,116472,96,0x80100000,601fc23064ca4a5709cf40e137d5bdf601dbf4f23bb4c0495d6cf588384da523,0x00012BC4,472,0,data_load,model_bulk_data_slot0,
80140000-601fc23064ca4a5709cf40e137d5bdf601dbf4f23bb4c0495d6cf588384da523,game/france/DATA/MODEL.MRG,116472,96,0x80140000,601fc23064ca4a5709cf40e137d5bdf601dbf4f23bb4c0495d6cf588384da523,0x00012BC4,472,0,data_load,model_bulk_data_slot1,
80100000-49a7c3ef99a5cab4b65b9e2596ab262993c8a419b6e2fea2fe522abde55d8024,game/france/DATA/MODEL.MRG,116748,96,0x80100000,49a7c3ef99a5cab4b65b9e2596ab262993c8a419b6e2fea2fe522abde55d8024,0x00019FEC,473,0,data_load,model_bulk_data_slot0,
80140000-49a7c3ef99a5cab4b65b9e2596ab262993c8a419b6e2fea2fe522abde55d8024,game/france/DATA/MODEL.MRG,116748,96,0x80140000,49a7c3ef99a5cab4b65b9e2596ab262993c8a419b6e2fea2fe522abde55d8024,0x00019FEC,473,0,data_load,model_bulk_data_slot1,
80100000-caba65eda48d58dd7c6228ab2386831e41d15b7a622db10d159ea3f714491f35,game/france/DATA/MODEL.MRG,117024,96,0x80100000,caba65eda48d58dd7c6228ab2386831e41d15b7a622db10d159ea3f714491f35,0x00018820,474,0,data_load,model_bulk_data_slot0,
80140000-caba65eda48d58dd7c6228ab2386831e41d15b7a622db10d159ea3f714491f35,game/france/DATA/MODEL.MRG,117024,96,0x80140000,caba65eda48d58dd7c6228ab2386831e41d15b7a622db10d159ea3f714491f35,0x00018820,474,0,data_load,model_bulk_data_slot1,
80100000-f5fa3d28c4eb46e289ede8268ebed097d72b0fb820aa1efb80bc8fbc3d6cd0e2,game/france/DATA/MODEL.MRG,117300,96,0x80100000,f5fa3d28c4eb46e289ede8268ebed097d72b0fb820aa1efb80bc8fbc3d6cd0e2,0x00013C84,475,0,data_load,model_bulk_data_slot0,
80140000-f5fa3d28c4eb46e289ede8268ebed097d72b0fb820aa1efb80bc8fbc3d6cd0e2,game/france/DATA/MODEL.MRG,117300,96,0x80140000,f5fa3d28c4eb46e289ede8268ebed097d72b0fb820aa1efb80bc8fbc3d6cd0e2,0x00013C84,475,0,data_load,model_bulk_data_slot1,
80100000-c8d6524f3418cc6d26f1afab3342ffbe9b0a0baf1cb67ecd627dfd829612579b,game/france/DATA/MODEL.MRG,117576,96,0x80100000,c8d6524f3418cc6d26f1afab3342ffbe9b0a0baf1cb67ecd627dfd829612579b,0x00014670,476,0,data_load,model_bulk_data_slot0,
80140000-c8d6524f3418cc6d26f1afab3342ffbe9b0a0baf1cb67ecd627dfd829612579b,game/france/DATA/MODEL.MRG,117576,96,0x80140000,c8d6524f3418cc6d26f1afab3342ffbe9b0a0baf1cb67ecd627dfd829612579b,0x00014670,476,0,data_load,model_bulk_data_slot1,
80100000-3dc0a1686995f7caab6f8f5c6d49bf7ec77b405f9031d63d49ef7bc2f9b27dfb,game/france/DATA/MODEL.MRG,117852,96,0x80100000,3dc0a1686995f7caab6f8f5c6d49bf7ec77b405f9031d63d49ef7bc2f9b27dfb,0x0002BFE4,477,0,data_load,model_bulk_data_slot0,
80140000-3dc0a1686995f7caab6f8f5c6d49bf7ec77b405f9031d63d49ef7bc2f9b27dfb,game/france/DATA/MODEL.MRG,117852,96,0x80140000,3dc0a1686995f7caab6f8f5c6d49bf7ec77b405f9031d63d49ef7bc2f9b27dfb,0x0002BFE4,477,0,data_load,model_bulk_data_slot1,
80100000-6578a4bb732add3f9d6ae0b79467ede1f529e04eadcfc5a76c090d299c8e31f2,game/france/DATA/MODEL.MRG,118128,96,0x80100000,6578a4bb732add3f9d6ae0b79467ede1f529e04eadcfc5a76c090d299c8e31f2,0x0001F7C0,478,0,data_load,model_bulk_data_slot0,
80140000-6578a4bb732add3f9d6ae0b79467ede1f529e04eadcfc5a76c090d299c8e31f2,game/france/DATA/MODEL.MRG,118128,96,0x80140000,6578a4bb732add3f9d6ae0b79467ede1f529e04eadcfc5a76c090d299c8e31f2,0x0001F7C0,478,0,data_load,model_bulk_data_slot1,
80100000-d8f773be90055a3cdcd27b087f41aacfcf52d9fd2d58d53121202f3d2c42cff6,game/france/DATA/MODEL.MRG,118404,96,0x80100000,d8f773be90055a3cdcd27b087f41aacfcf52d9fd2d58d53121202f3d2c42cff6,0x00011EE8,479,0,data_load,model_bulk_data_slot0,
80140000-d8f773be90055a3cdcd27b087f41aacfcf52d9fd2d58d53121202f3d2c42cff6,game/france/DATA/MODEL.MRG,118404,96,0x80140000,d8f773be90055a3cdcd27b087f41aacfcf52d9fd2d58d53121202f3d2c42cff6,0x00011EE8,479,0,data_load,model_bulk_data_slot1,
80100000-21cb78f611fe1d3b05e12e39ec210adc8f443a8036e1bfbd7b06d57fe9ff1c4b,game/france/DATA/MODEL.MRG,118680,96,0x80100000,21cb78f611fe1d3b05e12e39ec210adc8f443a8036e1bfbd7b06d57fe9ff1c4b,0x0001CD1C,480,0,data_load,model_bulk_data_slot0,
80140000-21cb78f611fe1d3b05e12e39ec210adc8f443a8036e1bfbd7b06d57fe9ff1c4b,game/france/DATA/MODEL.MRG,118680,96,0x80140000,21cb78f611fe1d3b05e12e39ec210adc8f443a8036e1bfbd7b06d57fe9ff1c4b,0x0001CD1C,480,0,data_load,model_bulk_data_slot1,
80100000-f4150f615b59639693a0f388312a17d1125cc62062f6c846d31a931602644f2a,game/france/DATA/MODEL.MRG,118956,96,0x80100000,f4150f615b59639693a0f388312a17d1125cc62062f6c846d31a931602644f2a,0x0002368C,481,0,data_load,model_bulk_data_slot0,
80140000-f4150f615b59639693a0f388312a17d1125cc62062f6c846d31a931602644f2a,game/france/DATA/MODEL.MRG,118956,96,0x80140000,f4150f615b59639693a0f388312a17d1125cc62062f6c846d31a931602644f2a,0x0002368C,481,0,data_load,model_bulk_data_slot1,
80100000-8354bb0f51f205232fd7cd649f8fdca3e1fa6090ca47002c052937f4e4f33b21,game/france/DATA/MODEL.MRG,119232,96,0x80100000,8354bb0f51f205232fd7cd649f8fdca3e1fa6090ca47002c052937f4e4f33b21,0x0001E4F0,482,0,data_load,model_bulk_data_slot0,
80140000-8354bb0f51f205232fd7cd649f8fdca3e1fa6090ca47002c052937f4e4f33b21,game/france/DATA/MODEL.MRG,119232,96,0x80140000,8354bb0f51f205232fd7cd649f8fdca3e1fa6090ca47002c052937f4e4f33b21,0x0001E4F0,482,0,data_load,model_bulk_data_slot1,
80100000-912fe0d71b5c974a0b743da320d825ae7a7d564aff00ca6c21fd218046deafc5,game/france/DATA/MODEL.MRG,119508,96,0x80100000,912fe0d71b5c974a0b743da320d825ae7a7d564aff00ca6c21fd218046deafc5,0x00018620,483,0,data_load,model_bulk_data_slot0,
80140000-912fe0d71b5c974a0b743da320d825ae7a7d564aff00ca6c21fd218046deafc5,game/france/DATA/MODEL.MRG,119508,96,0x80140000,912fe0d71b5c974a0b743da320d825ae7a7d564aff00ca6c21fd218046deafc5,0x00018620,483,0,data_load,model_bulk_data_slot1,
80100000-6d7d89d2b196248086c486ac0f04506c1877c88e5151ff32a00bdfc2b27ad603,game/france/DATA/MODEL.MRG,119784,96,0x80100000,6d7d89d2b196248086c486ac0f04506c1877c88e5151ff32a00bdfc2b27ad603,0x0002771C,484,0,data_load,model_bulk_data_slot0,
80140000-6d7d89d2b196248086c486ac0f04506c1877c88e5151ff32a00bdfc2b27ad603,game/france/DATA/MODEL.MRG,119784,96,0x80140000,6d7d89d2b196248086c486ac0f04506c1877c88e5151ff32a00bdfc2b27ad603,0x0002771C,484,0,data_load,model_bulk_data_slot1,
80100000-ed0fb57331e4adc79c9d974bd4d29fb27af1c1e924b6fa8180b1c05fd28775fa,game/france/DATA/MODEL.MRG,120060,96,0x80100000,ed0fb57331e4adc79c9d974bd4d29fb27af1c1e924b6fa8180b1c05fd28775fa,0x0001E4D4,485,0,data_load,model_bulk_data_slot0,
80140000-ed0fb57331e4adc79c9d974bd4d29fb27af1c1e924b6fa8180b1c05fd28775fa,game/france/DATA/MODEL.MRG,120060,96,0x80140000,ed0fb57331e4adc79c9d974bd4d29fb27af1c1e924b6fa8180b1c05fd28775fa,0x0001E4D4,485,0,data_load,model_bulk_data_slot1,
80100000-e65b35277d852d7196027c06d9f396df10c36638f5be0713c42728d3d9e81254,game/france/DATA/MODEL.MRG,120336,96,0x80100000,e65b35277d852d7196027c06d9f396df10c36638f5be0713c42728d3d9e81254,0x00017D30,486,0,data_load,model_bulk_data_slot0,
80140000-e65b35277d852d7196027c06d9f396df10c36638f5be0713c42728d3d9e81254,game/france/DATA/MODEL.MRG,120336,96,0x80140000,e65b35277d852d7196027c06d9f396df10c36638f5be0713c42728d3d9e81254,0x00017D30,486,0,data_load,model_bulk_data_slot1,
80100000-3ada2dcdd2287e0457aa212f8bb43e984561d8a508fa2af39d29f39e0efadaa3,game/france/DATA/MODEL.MRG,120612,96,0x80100000,3ada2dcdd2287e0457aa212f8bb43e984561d8a508fa2af39d29f39e0efadaa3,0x00011C54,487,0,data_load,model_bulk_data_slot0,
80140000-3ada2dcdd2287e0457aa212f8bb43e984561d8a508fa2af39d29f39e0efadaa3,game/france/DATA/MODEL.MRG,120612,96,0x80140000,3ada2dcdd2287e0457aa212f8bb43e984561d8a508fa2af39d29f39e0efadaa3,0x00011C54,487,0,data_load,model_bulk_data_slot1,
80100000-6ef92e65d7c997da608522257ae77518b7b6d8f1423792bfe7d1c11929b5dcce,game/france/DATA/MODEL.MRG,120888,96,0x80100000,6ef92e65d7c997da608522257ae77518b7b6d8f1423792bfe7d1c11929b5dcce,0x0001FF88,488,0,data_load,model_bulk_data_slot0,
80140000-6ef92e65d7c997da608522257ae77518b7b6d8f1423792bfe7d1c11929b5dcce,game/france/DATA/MODEL.MRG,120888,96,0x80140000,6ef92e65d7c997da608522257ae77518b7b6d8f1423792bfe7d1c11929b5dcce,0x0001FF88,488,0,data_load,model_bulk_data_slot1,
80100000-66eecca53ce168cea563584c46a76a56f0f75cc740416c6cb774c24d36af6cf2,game/france/DATA/MODEL.MRG,121164,96,0x80100000,66eecca53ce168cea563584c46a76a56f0f75cc740416c6cb774c24d36af6cf2,0x000059C8,489,0,data_load,model_bulk_data_slot0,
80140000-66eecca53ce168cea563584c46a76a56f0f75cc740416c6cb774c24d36af6cf2,game/france/DATA/MODEL.MRG,121164,96,0x80140000,66eecca53ce168cea563584c46a76a56f0f75cc740416c6cb774c24d36af6cf2,0x000059C8,489,0,data_load,model_bulk_data_slot1,
80100000-755107a8c4f05612620c4aa3c34bb54f8a77ca8e868e3b75585f1f2ec4983262,game/france/DATA/MODEL.MRG,121440,96,0x80100000,755107a8c4f05612620c4aa3c34bb54f8a77ca8e868e3b75585f1f2ec4983262,0x000137A8,490,0,data_load,model_bulk_data_slot0,
80140000-755107a8c4f05612620c4aa3c34bb54f8a77ca8e868e3b75585f1f2ec4983262,game/france/DATA/MODEL.MRG,121440,96,0x80140000,755107a8c4f05612620c4aa3c34bb54f8a77ca8e868e3b75585f1f2ec4983262,0x000137A8,490,0,data_load,model_bulk_data_slot1,
80100000-cc06feb366f3221b0bd9bf951f7424199361e2a860358b78056d7589344c1916,game/france/DATA/MODEL.MRG,121716,96,0x80100000,cc06feb366f3221b0bd9bf951f7424199361e2a860358b78056d7589344c1916,0x0000B1BC,491,0,data_load,model_bulk_data_slot0,
80140000-cc06feb366f3221b0bd9bf951f7424199361e2a860358b78056d7589344c1916,game/france/DATA/MODEL.MRG,121716,96,0x80140000,cc06feb366f3221b0bd9bf951f7424199361e2a860358b78056d7589344c1916,0x0000B1BC,491,0,data_load,model_bulk_data_slot1,
80100000-4c9925b4b6786685563536b904604d89ba6743a8de7f15b17cd98aaa711e2bfc,game/france/DATA/MODEL.MRG,121992,96,0x80100000,4c9925b4b6786685563536b904604d89ba6743a8de7f15b17cd98aaa711e2bfc,0x00019EB4,492,0,data_load,model_bulk_data_slot0,
80140000-4c9925b4b6786685563536b904604d89ba6743a8de7f15b17cd98aaa711e2bfc,game/france/DATA/MODEL.MRG,121992,96,0x80140000,4c9925b4b6786685563536b904604d89ba6743a8de7f15b17cd98aaa711e2bfc,0x00019EB4,492,0,data_load,model_bulk_data_slot1,
80100000-9c5b29dee2d1136994bb56855a26bd5cce4caafbdb66d1e28c323641e3f670ca,game/france/DATA/MODEL.MRG,122268,96,0x80100000,9c5b29dee2d1136994bb56855a26bd5cce4caafbdb66d1e28c323641e3f670ca,0x00015250,493,0,data_load,model_bulk_data_slot0,
80140000-9c5b29dee2d1136994bb56855a26bd5cce4caafbdb66d1e28c323641e3f670ca,game/france/DATA/MODEL.MRG,122268,96,0x80140000,9c5b29dee2d1136994bb56855a26bd5cce4caafbdb66d1e28c323641e3f670ca,0x00015250,493,0,data_load,model_bulk_data_slot1,
80100000-660864d519388022e31ff942f469a5ca1fd5b505f32ae2015724de6a84e5d140,game/france/DATA/MODEL.MRG,122544,96,0x80100000,660864d519388022e31ff942f469a5ca1fd5b505f32ae2015724de6a84e5d140,0x0001E77C,494,0,data_load,model_bulk_data_slot0,
80140000-660864d519388022e31ff942f469a5ca1fd5b505f32ae2015724de6a84e5d140,game/france/DATA/MODEL.MRG,122544,96,0x80140000,660864d519388022e31ff942f469a5ca1fd5b505f32ae2015724de6a84e5d140,0x0001E77C,494,0,data_load,model_bulk_data_slot1,
80100000-7bc07942a131352fecc5b35ce62f12a7c869aab90ce592dfe1161b0bcf25029d,game/france/DATA/MODEL.MRG,122820,96,0x80100000,7bc07942a131352fecc5b35ce62f12a7c869aab90ce592dfe1161b0bcf25029d,0x00015668,495,0,data_load,model_bulk_data_slot0,
80140000-7bc07942a131352fecc5b35ce62f12a7c869aab90ce592dfe1161b0bcf25029d,game/france/DATA/MODEL.MRG,122820,96,0x80140000,7bc07942a131352fecc5b35ce62f12a7c869aab90ce592dfe1161b0bcf25029d,0x00015668,495,0,data_load,model_bulk_data_slot1,
80100000-19b4069b9cd7fa22341765ca16288ec4736e433fb0b35b13938fb450809a7288,game/france/DATA/MODEL.MRG,123096,96,0x80100000,19b4069b9cd7fa22341765ca16288ec4736e433fb0b35b13938fb450809a7288,0x00013258,496,0,data_load,model_bulk_data_slot0,
80140000-19b4069b9cd7fa22341765ca16288ec4736e433fb0b35b13938fb450809a7288,game/france/DATA/MODEL.MRG,123096,96,0x80140000,19b4069b9cd7fa22341765ca16288ec4736e433fb0b35b13938fb450809a7288,0x00013258,496,0,data_load,model_bulk_data_slot1,
80100000-ecbdfcef84fdfd90a2e35c99eac258a7bc132553da00a75f6c8fed7ebd4796d2,game/france/DATA/MODEL.MRG,123372,96,0x80100000,ecbdfcef84fdfd90a2e35c99eac258a7bc132553da00a75f6c8fed7ebd4796d2,0x00018F3C,497,0,data_load,model_bulk_data_slot0,
80140000-ecbdfcef84fdfd90a2e35c99eac258a7bc132553da00a75f6c8fed7ebd4796d2,game/france/DATA/MODEL.MRG,123372,96,0x80140000,ecbdfcef84fdfd90a2e35c99eac258a7bc132553da00a75f6c8fed7ebd4796d2,0x00018F3C,497,0,data_load,model_bulk_data_slot1,
80100000-542b0158ca0ccc9d30cf1e8849c9efc4c28b6f82b8cc10f823ef1dd23f5a055a,game/france/DATA/MODEL.MRG,123648,96,0x80100000,542b0158ca0ccc9d30cf1e8849c9efc4c28b6f82b8cc10f823ef1dd23f5a055a,0x0001C108,498,0,data_load,model_bulk_data_slot0,
80140000-542b0158ca0ccc9d30cf1e8849c9efc4c28b6f82b8cc10f823ef1dd23f5a055a,game/france/DATA/MODEL.MRG,123648,96,0x80140000,542b0158ca0ccc9d30cf1e8849c9efc4c28b6f82b8cc10f823ef1dd23f5a055a,0x0001C108,498,0,data_load,model_bulk_data_slot1,
80100000-13d14fd29df462ac6bbd8bc689f187b3b882065c26547e7541ac53e27973b12a,game/france/DATA/MODEL.MRG,123924,96,0x80100000,13d14fd29df462ac6bbd8bc689f187b3b882065c26547e7541ac53e27973b12a,0x0001F444,499,0,data_load,model_bulk_data_slot0,
80140000-13d14fd29df462ac6bbd8bc689f187b3b882065c26547e7541ac53e27973b12a,game/france/DATA/MODEL.MRG,123924,96,0x80140000,13d14fd29df462ac6bbd8bc689f187b3b882065c26547e7541ac53e27973b12a,0x0001F444,499,0,data_load,model_bulk_data_slot1,
80100000-8feaeb24a26892d924fc33bb7016ea00abd815885e29ac3cf1977541e099b6bf,game/france/DATA/MODEL.MRG,124200,96,0x80100000,8feaeb24a26892d924fc33bb7016ea00abd815885e29ac3cf1977541e099b6bf,0x0001C680,500,0,data_load,model_bulk_data_slot0,
80140000-8feaeb24a26892d924fc33bb7016ea00abd815885e29ac3cf1977541e099b6bf,game/france/DATA/MODEL.MRG,124200,96,0x80140000,8feaeb24a26892d924fc33bb7016ea00abd815885e29ac3cf1977541e099b6bf,0x0001C680,500,0,data_load,model_bulk_data_slot1,
80100000-806f620317e9b9e99e8ac5984a8b2ff140a91423887eeb2a60791917ba0535f9,game/france/DATA/MODEL.MRG,124476,96,0x80100000,806f620317e9b9e99e8ac5984a8b2ff140a91423887eeb2a60791917ba0535f9,0x0001E1F0,501,0,data_load,model_bulk_data_slot0,
80140000-806f620317e9b9e99e8ac5984a8b2ff140a91423887eeb2a60791917ba0535f9,game/france/DATA/MODEL.MRG,124476,96,0x80140000,806f620317e9b9e99e8ac5984a8b2ff140a91423887eeb2a60791917ba0535f9,0x0001E1F0,501,0,data_load,model_bulk_data_slot1,
80100000-2e4db833497e95bf81a304de0f153d9731342452479db62bf0c0e441afecddfc,game/france/DATA/MODEL.MRG,124752,96,0x80100000,2e4db833497e95bf81a304de0f153d9731342452479db62bf0c0e441afecddfc,0x0001AFD4,502,0,data_load,model_bulk_data_slot0,
80140000-2e4db833497e95bf81a304de0f153d9731342452479db62bf0c0e441afecddfc,game/france/DATA/MODEL.MRG,124752,96,0x80140000,2e4db833497e95bf81a304de0f153d9731342452479db62bf0c0e441afecddfc,0x0001AFD4,502,0,data_load,model_bulk_data_slot1,
80100000-6e0a3f83c886b9d260370b220cb88ea63eb3a5d64ed5906d3f0b26fc88405610,game/france/DATA/MODEL.MRG,125028,96,0x80100000,6e0a3f83c886b9d260370b220cb88ea63eb3a5d64ed5906d3f0b26fc88405610,0x0001F514,503,0,data_load,model_bulk_data_slot0,
80140000-6e0a3f83c886b9d260370b220cb88ea63eb3a5d64ed5906d3f0b26fc88405610,game/france/DATA/MODEL.MRG,125028,96,0x80140000,6e0a3f83c886b9d260370b220cb88ea63eb3a5d64ed5906d3f0b26fc88405610,0x0001F514,503,0,data_load,model_bulk_data_slot1,
80100000-2be09f0f3a3669a8464f1c7851b3bd3a09ac66c168d715aa8d9c4d0cfdc060dd,game/france/DATA/MODEL.MRG,125304,96,0x80100000,2be09f0f3a3669a8464f1c7851b3bd3a09ac66c168d715aa8d9c4d0cfdc060dd,0x0000FAB4,504,0,data_load,model_bulk_data_slot0,
80140000-2be09f0f3a3669a8464f1c7851b3bd3a09ac66c168d715aa8d9c4d0cfdc060dd,game/france/DATA/MODEL.MRG,125304,96,0x80140000,2be09f0f3a3669a8464f1c7851b3bd3a09ac66c168d715aa8d9c4d0cfdc060dd,0x0000FAB4,504,0,data_load,model_bulk_data_slot1,
80100000-52f69233b5fe9690e075c7a7a3e0b35bcacafc6e511d1582d393f734742c6499,game/france/DATA/MODEL.MRG,125580,96,0x80100000,52f69233b5fe9690e075c7a7a3e0b35bcacafc6e511d1582d393f734742c6499,0x00016760,505,0,data_load,model_bulk_data_slot0,
80140000-52f69233b5fe9690e075c7a7a3e0b35bcacafc6e511d1582d393f734742c6499,game/france/DATA/MODEL.MRG,125580,96,0x80140000,52f69233b5fe9690e075c7a7a3e0b35bcacafc6e511d1582d393f734742c6499,0x00016760,505,0,data_load,model_bulk_data_slot1,
80100000-84fb64ee64b8c17f1e71a68ef3878c461eb4f5d9fe3f09cd7d73a38796a21c35,game/france/DATA/MODEL.MRG,125856,96,0x80100000,84fb64ee64b8c17f1e71a68ef3878c461eb4f5d9fe3f09cd7d73a38796a21c35,0x0000A200,506,0,data_load,model_bulk_data_slot0,
80140000-84fb64ee64b8c17f1e71a68ef3878c461eb4f5d9fe3f09cd7d73a38796a21c35,game/france/DATA/MODEL.MRG,125856,96,0x80140000,84fb64ee64b8c17f1e71a68ef3878c461eb4f5d9fe3f09cd7d73a38796a21c35,0x0000A200,506,0,data_load,model_bulk_data_slot1,
80100000-749c77dffd9d7afd37c8af5041aa327feadd1fe4f455a4e146e08b8d84af3611,game/france/DATA/MODEL.MRG,126132,96,0x80100000,749c77dffd9d7afd37c8af5041aa327feadd1fe4f455a4e146e08b8d84af3611,0x0002B5C8,507,0,data_load,model_bulk_data_slot0,
80140000-749c77dffd9d7afd37c8af5041aa327feadd1fe4f455a4e146e08b8d84af3611,game/france/DATA/MODEL.MRG,126132,96,0x80140000,749c77dffd9d7afd37c8af5041aa327feadd1fe4f455a4e146e08b8d84af3611,0x0002B5C8,507,0,data_load,model_bulk_data_slot1,
80100000-7abdde9dbf333512d8fadf1ccb9c73d739b7636d0b49880ced904bbe52055835,game/france/DATA/MODEL.MRG,126408,96,0x80100000,7abdde9dbf333512d8fadf1ccb9c73d739b7636d0b49880ced904bbe52055835,0x0001966C,508,0,data_load,model_bulk_data_slot0,
80140000-7abdde9dbf333512d8fadf1ccb9c73d739b7636d0b49880ced904bbe52055835,game/france/DATA/MODEL.MRG,126408,96,0x80140000,7abdde9dbf333512d8fadf1ccb9c73d739b7636d0b49880ced904bbe52055835,0x0001966C,508,0,data_load,model_bulk_data_slot1,
80100000-6faff689201cd1b785dcdafe07989bf9babd007a784f4c6423b2787f3cb18e61,game/france/DATA/MODEL.MRG,126684,96,0x80100000,6faff689201cd1b785dcdafe07989bf9babd007a784f4c6423b2787f3cb18e61,0x0001C044,509,0,data_load,model_bulk_data_slot0,
80140000-6faff689201cd1b785dcdafe07989bf9babd007a784f4c6423b2787f3cb18e61,game/france/DATA/MODEL.MRG,126684,96,0x80140000,6faff689201cd1b785dcdafe07989bf9babd007a784f4c6423b2787f3cb18e61,0x0001C044,509,0,data_load,model_bulk_data_slot1,
80100000-4adeb42bdf50ac2cdd19e338a5164585d4b2b8705ac1d57926c8da25d772e567,game/france/DATA/MODEL.MRG,126960,96,0x80100000,4adeb42bdf50ac2cdd19e338a5164585d4b2b8705ac1d57926c8da25d772e567,0x0001FDAC,510,0,data_load,model_bulk_data_slot0,
80140000-4adeb42bdf50ac2cdd19e338a5164585d4b2b8705ac1d57926c8da25d772e567,game/france/DATA/MODEL.MRG,126960,96,0x80140000,4adeb42bdf50ac2cdd19e338a5164585d4b2b8705ac1d57926c8da25d772e567,0x0001FDAC,510,0,data_load,model_bulk_data_slot1,
80100000-060ed2318a333a9ca975c7319d21829b6166d5d2f49eaea81ce682ec21d1a498,game/france/DATA/MODEL.MRG,127236,96,0x80100000,060ed2318a333a9ca975c7319d21829b6166d5d2f49eaea81ce682ec21d1a498,0x0001F5B8,511,0,data_load,model_bulk_data_slot0,
80140000-060ed2318a333a9ca975c7319d21829b6166d5d2f49eaea81ce682ec21d1a498,game/france/DATA/MODEL.MRG,127236,96,0x80140000,060ed2318a333a9ca975c7319d21829b6166d5d2f49eaea81ce682ec21d1a498,0x0001F5B8,511,0,data_load,model_bulk_data_slot1,
80100000-3276a0fbb9e17cabd51e313783bafbebc0102845e6f25c346b0982aaeca8446f,game/france/DATA/MODEL.MRG,127512,96,0x80100000,3276a0fbb9e17cabd51e313783bafbebc0102845e6f25c346b0982aaeca8446f,0x00019328,512,0,data_load,model_bulk_data_slot0,
80140000-3276a0fbb9e17cabd51e313783bafbebc0102845e6f25c346b0982aaeca8446f,game/france/DATA/MODEL.MRG,127512,96,0x80140000,3276a0fbb9e17cabd51e313783bafbebc0102845e6f25c346b0982aaeca8446f,0x00019328,512,0,data_load,model_bulk_data_slot1,
80100000-cfbbc0d44a3cffb184fad0878b3252abf37fd86636693612eae7a6b6c9a5cef3,game/france/DATA/MODEL.MRG,127788,96,0x80100000,cfbbc0d44a3cffb184fad0878b3252abf37fd86636693612eae7a6b6c9a5cef3,0x00025070,513,0,data_load,model_bulk_data_slot0,
80140000-cfbbc0d44a3cffb184fad0878b3252abf37fd86636693612eae7a6b6c9a5cef3,game/france/DATA/MODEL.MRG,127788,96,0x80140000,cfbbc0d44a3cffb184fad0878b3252abf37fd86636693612eae7a6b6c9a5cef3,0x00025070,513,0,data_load,model_bulk_data_slot1,
80100000-dabe8f9c839325c653bbbc5c979d39ec441eb66e37b76eb41f3fbe6b006d2709,game/france/DATA/MODEL.MRG,128064,96,0x80100000,dabe8f9c839325c653bbbc5c979d39ec441eb66e37b76eb41f3fbe6b006d2709,0x0000A150,514,0,data_load,model_bulk_data_slot0,
80140000-dabe8f9c839325c653bbbc5c979d39ec441eb66e37b76eb41f3fbe6b006d2709,game/france/DATA/MODEL.MRG,128064,96,0x80140000,dabe8f9c839325c653bbbc5c979d39ec441eb66e37b76eb41f3fbe6b006d2709,0x0000A150,514,0,data_load,model_bulk_data_slot1,
80100000-48cb1167a1661c6a5adebb3b7d4f4de88e37b6fcc00f69ad3446ecde27a5cee7,game/france/DATA/MODEL.MRG,128340,96,0x80100000,48cb1167a1661c6a5adebb3b7d4f4de88e37b6fcc00f69ad3446ecde27a5cee7,0x00017CAC,515,0,data_load,model_bulk_data_slot0,
80140000-48cb1167a1661c6a5adebb3b7d4f4de88e37b6fcc00f69ad3446ecde27a5cee7,game/france/DATA/MODEL.MRG,128340,96,0x80140000,48cb1167a1661c6a5adebb3b7d4f4de88e37b6fcc00f69ad3446ecde27a5cee7,0x00017CAC,515,0,data_load,model_bulk_data_slot1,
80100000-f139a4994a8e2d3598764be15252e448ca8d6e7205538bbf8de452decd2fc3f9,game/france/DATA/MODEL.MRG,128616,96,0x80100000,f139a4994a8e2d3598764be15252e448ca8d6e7205538bbf8de452decd2fc3f9,0x000193AC,516,0,data_load,model_bulk_data_slot0,
80140000-f139a4994a8e2d3598764be15252e448ca8d6e7205538bbf8de452decd2fc3f9,game/france/DATA/MODEL.MRG,128616,96,0x80140000,f139a4994a8e2d3598764be15252e448ca8d6e7205538bbf8de452decd2fc3f9,0x000193AC,516,0,data_load,model_bulk_data_slot1,
80100000-d4b1d932048a4a2cc2143d6919a97ccac43712ec4660117b96be5abf01c05ee7,game/france/DATA/MODEL.MRG,128892,96,0x80100000,d4b1d932048a4a2cc2143d6919a97ccac43712ec4660117b96be5abf01c05ee7,0x00022E9C,517,0,data_load,model_bulk_data_slot0,
80140000-d4b1d932048a4a2cc2143d6919a97ccac43712ec4660117b96be5abf01c05ee7,game/france/DATA/MODEL.MRG,128892,96,0x80140000,d4b1d932048a4a2cc2143d6919a97ccac43712ec4660117b96be5abf01c05ee7,0x00022E9C,517,0,data_load,model_bulk_data_slot1,
80100000-9f96f038ab568ff16c6e6db0b0333e8e382bcef8c67473abdf7dcbea75210ecd,game/france/DATA/MODEL.MRG,129168,96,0x80100000,9f96f038ab568ff16c6e6db0b0333e8e382bcef8c67473abdf7dcbea75210ecd,0x00012A90,518,0,data_load,model_bulk_data_slot0,
80140000-9f96f038ab568ff16c6e6db0b0333e8e382bcef8c67473abdf7dcbea75210ecd,game/france/DATA/MODEL.MRG,129168,96,0x80140000,9f96f038ab568ff16c6e6db0b0333e8e382bcef8c67473abdf7dcbea75210ecd,0x00012A90,518,0,data_load,model_bulk_data_slot1,
80100000-16dc79313ff4707831d1f177c0aaab907526c00daa07c20f503dc9fa91739fb2,game/france/DATA/MODEL.MRG,129444,96,0x80100000,16dc79313ff4707831d1f177c0aaab907526c00daa07c20f503dc9fa91739fb2,0x000156C0,519,0,data_load,model_bulk_data_slot0,
80140000-16dc79313ff4707831d1f177c0aaab907526c00daa07c20f503dc9fa91739fb2,game/france/DATA/MODEL.MRG,129444,96,0x80140000,16dc79313ff4707831d1f177c0aaab907526c00daa07c20f503dc9fa91739fb2,0x000156C0,519,0,data_load,model_bulk_data_slot1,
80100000-7167e5244aa2a9ae7b5df59a3cf1e09a44f0ad0620aec3a4cf21ac8e1fa275f3,game/france/DATA/MODEL.MRG,129720,96,0x80100000,7167e5244aa2a9ae7b5df59a3cf1e09a44f0ad0620aec3a4cf21ac8e1fa275f3,0x00014FF4,520,0,data_load,model_bulk_data_slot0,
80140000-7167e5244aa2a9ae7b5df59a3cf1e09a44f0ad0620aec3a4cf21ac8e1fa275f3,game/france/DATA/MODEL.MRG,129720,96,0x80140000,7167e5244aa2a9ae7b5df59a3cf1e09a44f0ad0620aec3a4cf21ac8e1fa275f3,0x00014FF4,520,0,data_load,model_bulk_data_slot1,
80100000-bfacb2c4922d8861ab4371a05dac017c7037c395e65c70eb2ed862cfa3988ee3,game/france/DATA/MODEL.MRG,129996,96,0x80100000,bfacb2c4922d8861ab4371a05dac017c7037c395e65c70eb2ed862cfa3988ee3,0x0001DE3C,521,0,data_load,model_bulk_data_slot0,
80140000-bfacb2c4922d8861ab4371a05dac017c7037c395e65c70eb2ed862cfa3988ee3,game/france/DATA/MODEL.MRG,129996,96,0x80140000,bfacb2c4922d8861ab4371a05dac017c7037c395e65c70eb2ed862cfa3988ee3,0x0001DE3C,521,0,data_load,model_bulk_data_slot1,
80100000-1d72b4f784ded5085576f2724183b49898190e62dab1a52088bde7e03d605466,game/france/DATA/MODEL.MRG,130272,96,0x80100000,1d72b4f784ded5085576f2724183b49898190e62dab1a52088bde7e03d605466,0x000151F4,522,0,data_load,model_bulk_data_slot0,
80140000-1d72b4f784ded5085576f2724183b49898190e62dab1a52088bde7e03d605466,game/france/DATA/MODEL.MRG,130272,96,0x80140000,1d72b4f784ded5085576f2724183b49898190e62dab1a52088bde7e03d605466,0x000151F4,522,0,data_load,model_bulk_data_slot1,
80100000-9b9f1454a87cec8b40e211423dbf2ca3ce52d902cf78fb527fbdcc03d5b73a9a,game/france/DATA/MODEL.MRG,130548,96,0x80100000,9b9f1454a87cec8b40e211423dbf2ca3ce52d902cf78fb527fbdcc03d5b73a9a,0x0001C524,523,0,data_load,model_bulk_data_slot0,
80140000-9b9f1454a87cec8b40e211423dbf2ca3ce52d902cf78fb527fbdcc03d5b73a9a,game/france/DATA/MODEL.MRG,130548,96,0x80140000,9b9f1454a87cec8b40e211423dbf2ca3ce52d902cf78fb527fbdcc03d5b73a9a,0x0001C524,523,0,data_load,model_bulk_data_slot1,
80100000-533dc01bba08eea8c9b770696af227fb9dd45baca8992188690d0da4d165af8d,game/france/DATA/MODEL.MRG,130824,96,0x80100000,533dc01bba08eea8c9b770696af227fb9dd45baca8992188690d0da4d165af8d,0x000139B0,524,0,data_load,model_bulk_data_slot0,
80140000-533dc01bba08eea8c9b770696af227fb9dd45baca8992188690d0da4d165af8d,game/france/DATA/MODEL.MRG,130824,96,0x80140000,533dc01bba08eea8c9b770696af227fb9dd45baca8992188690d0da4d165af8d,0x000139B0,524,0,data_load,model_bulk_data_slot1,
80100000-8010be2b96b713a0e7bdeeb343bfbf34c92a62883a9ba3b4e1cb36cac8f932bd,game/france/DATA/MODEL.MRG,131100,96,0x80100000,8010be2b96b713a0e7bdeeb343bfbf34c92a62883a9ba3b4e1cb36cac8f932bd,0x0002128C,525,0,data_load,model_bulk_data_slot0,
80140000-8010be2b96b713a0e7bdeeb343bfbf34c92a62883a9ba3b4e1cb36cac8f932bd,game/france/DATA/MODEL.MRG,131100,96,0x80140000,8010be2b96b713a0e7bdeeb343bfbf34c92a62883a9ba3b4e1cb36cac8f932bd,0x0002128C,525,0,data_load,model_bulk_data_slot1,
80100000-898f84b417fb3194cb3cf530de18b71a2f2724285fedad280998ddd2e595c8b3,game/france/DATA/MODEL.MRG,131376,96,0x80100000,898f84b417fb3194cb3cf530de18b71a2f2724285fedad280998ddd2e595c8b3,0x0001C1A0,526,0,data_load,model_bulk_data_slot0,
80140000-898f84b417fb3194cb3cf530de18b71a2f2724285fedad280998ddd2e595c8b3,game/france/DATA/MODEL.MRG,131376,96,0x80140000,898f84b417fb3194cb3cf530de18b71a2f2724285fedad280998ddd2e595c8b3,0x0001C1A0,526,0,data_load,model_bulk_data_slot1,
80100000-97860ff6f58198c07bfcb666163e1fad3f7ac92a1aa54e8d98f550d1d8f93afc,game/france/DATA/MODEL.MRG,131652,96,0x80100000,97860ff6f58198c07bfcb666163e1fad3f7ac92a1aa54e8d98f550d1d8f93afc,0x000108D0,527,0,data_load,model_bulk_data_slot0,
80140000-97860ff6f58198c07bfcb666163e1fad3f7ac92a1aa54e8d98f550d1d8f93afc,game/france/DATA/MODEL.MRG,131652,96,0x80140000,97860ff6f58198c07bfcb666163e1fad3f7ac92a1aa54e8d98f550d1d8f93afc,0x000108D0,527,0,data_load,model_bulk_data_slot1,
80100000-1a6e6e3c8d38ffdb0eac45b084b49dc3e99b7428d66bcdeb72d51015e8c91751,game/france/DATA/MODEL.MRG,131928,96,0x80100000,1a6e6e3c8d38ffdb0eac45b084b49dc3e99b7428d66bcdeb72d51015e8c91751,0x0002664C,528,0,data_load,model_bulk_data_slot0,
80140000-1a6e6e3c8d38ffdb0eac45b084b49dc3e99b7428d66bcdeb72d51015e8c91751,game/france/DATA/MODEL.MRG,131928,96,0x80140000,1a6e6e3c8d38ffdb0eac45b084b49dc3e99b7428d66bcdeb72d51015e8c91751,0x0002664C,528,0,data_load,model_bulk_data_slot1,
80100000-7470dea425e38b009edef6d1891f8246c261ba66c83dd4f3ce313f86e8d0a1e5,game/france/DATA/MODEL.MRG,132204,96,0x80100000,7470dea425e38b009edef6d1891f8246c261ba66c83dd4f3ce313f86e8d0a1e5,0x00011FA0,529,0,data_load,model_bulk_data_slot0,
80140000-7470dea425e38b009edef6d1891f8246c261ba66c83dd4f3ce313f86e8d0a1e5,game/france/DATA/MODEL.MRG,132204,96,0x80140000,7470dea425e38b009edef6d1891f8246c261ba66c83dd4f3ce313f86e8d0a1e5,0x00011FA0,529,0,data_load,model_bulk_data_slot1,
80100000-54b47e257717ff40cb438988785f6a314ea75b7d3a25f7e4e3617bde8497f40a,game/france/DATA/MODEL.MRG,132480,96,0x80100000,54b47e257717ff40cb438988785f6a314ea75b7d3a25f7e4e3617bde8497f40a,0x00024378,530,0,data_load,model_bulk_data_slot0,
80140000-54b47e257717ff40cb438988785f6a314ea75b7d3a25f7e4e3617bde8497f40a,game/france/DATA/MODEL.MRG,132480,96,0x80140000,54b47e257717ff40cb438988785f6a314ea75b7d3a25f7e4e3617bde8497f40a,0x00024378,530,0,data_load,model_bulk_data_slot1,
80100000-521e2f1d96428b1b2a0513ff4867151188a5003ea7f2134eb05f22c902c9397b,game/france/DATA/MODEL.MRG,132756,96,0x80100000,521e2f1d96428b1b2a0513ff4867151188a5003ea7f2134eb05f22c902c9397b,0x0001B334,531,0,data_load,model_bulk_data_slot0,
80140000-521e2f1d96428b1b2a0513ff4867151188a5003ea7f2134eb05f22c902c9397b,game/france/DATA/MODEL.MRG,132756,96,0x80140000,521e2f1d96428b1b2a0513ff4867151188a5003ea7f2134eb05f22c902c9397b,0x0001B334,531,0,data_load,model_bulk_data_slot1,
80100000-1586b01b295a2ce8972c1b81d2b97257d3873c208e01276c3cda3e657bd3d888,game/france/DATA/MODEL.MRG,133032,96,0x80100000,1586b01b295a2ce8972c1b81d2b97257d3873c208e01276c3cda3e657bd3d888,0x00016B18,532,0,data_load,model_bulk_data_slot0,
80140000-1586b01b295a2ce8972c1b81d2b97257d3873c208e01276c3cda3e657bd3d888,game/france/DATA/MODEL.MRG,133032,96,0x80140000,1586b01b295a2ce8972c1b81d2b97257d3873c208e01276c3cda3e657bd3d888,0x00016B18,532,0,data_load,model_bulk_data_slot1,
80100000-8e071baff6b88bccdc375d21dcfa5241104eae65954f20d6815255cb628fb031,game/france/DATA/MODEL.MRG,133308,96,0x80100000,8e071baff6b88bccdc375d21dcfa5241104eae65954f20d6815255cb628fb031,0x00018E7C,533,0,data_load,model_bulk_data_slot0,
80140000-8e071baff6b88bccdc375d21dcfa5241104eae65954f20d6815255cb628fb031,game/france/DATA/MODEL.MRG,133308,96,0x80140000,8e071baff6b88bccdc375d21dcfa5241104eae65954f20d6815255cb628fb031,0x00018E7C,533,0,data_load,model_bulk_data_slot1,
80100000-ed5354f97534ba502b8f13defd187de893a5786ab831f977e5fb631b29b00001,game/france/DATA/MODEL.MRG,133584,96,0x80100000,ed5354f97534ba502b8f13defd187de893a5786ab831f977e5fb631b29b00001,0x000250D4,534,0,data_load,model_bulk_data_slot0,
80140000-ed5354f97534ba502b8f13defd187de893a5786ab831f977e5fb631b29b00001,game/france/DATA/MODEL.MRG,133584,96,0x80140000,ed5354f97534ba502b8f13defd187de893a5786ab831f977e5fb631b29b00001,0x000250D4,534,0,data_load,model_bulk_data_slot1,
80100000-790eada52d9f2d96690f081c12d53bab5d089cc844851382aa578adc3d78d07e,game/france/DATA/MODEL.MRG,133860,96,0x80100000,790eada52d9f2d96690f081c12d53bab5d089cc844851382aa578adc3d78d07e,0x000180C8,535,0,data_load,model_bulk_data_slot0,
80140000-790eada52d9f2d96690f081c12d53bab5d089cc844851382aa578adc3d78d07e,game/france/DATA/MODEL.MRG,133860,96,0x80140000,790eada52d9f2d96690f081c12d53bab5d089cc844851382aa578adc3d78d07e,0x000180C8,535,0,data_load,model_bulk_data_slot1,
80100000-db93c4fc903127d7256671df141485818e1e2a653400302492a2cd34240b68fa,game/france/DATA/MODEL.MRG,134136,96,0x80100000,db93c4fc903127d7256671df141485818e1e2a653400302492a2cd34240b68fa,0x0000BE4C,536,0,data_load,model_bulk_data_slot0,
80140000-db93c4fc903127d7256671df141485818e1e2a653400302492a2cd34240b68fa,game/france/DATA/MODEL.MRG,134136,96,0x80140000,db93c4fc903127d7256671df141485818e1e2a653400302492a2cd34240b68fa,0x0000BE4C,536,0,data_load,model_bulk_data_slot1,
80100000-f347b62d9ee7ada32bce31e16ffbbffd9b5587bbfeb3a33cbb06994be9a2069b,game/france/DATA/MODEL.MRG,134412,96,0x80100000,f347b62d9ee7ada32bce31e16ffbbffd9b5587bbfeb3a33cbb06994be9a2069b,0x00017A80,537,0,data_load,model_bulk_data_slot0,
80140000-f347b62d9ee7ada32bce31e16ffbbffd9b5587bbfeb3a33cbb06994be9a2069b,game/france/DATA/MODEL.MRG,134412,96,0x80140000,f347b62d9ee7ada32bce31e16ffbbffd9b5587bbfeb3a33cbb06994be9a2069b,0x00017A80,537,0,data_load,model_bulk_data_slot1,
80100000-b61f08dd0ff54755678ad84b856954e8722d5d16b844b2bd7e72c805cbfc770d,game/france/DATA/MODEL.MRG,134688,96,0x80100000,b61f08dd0ff54755678ad84b856954e8722d5d16b844b2bd7e72c805cbfc770d,0x00008878,538,0,data_load,model_bulk_data_slot0,
80140000-b61f08dd0ff54755678ad84b856954e8722d5d16b844b2bd7e72c805cbfc770d,game/france/DATA/MODEL.MRG,134688,96,0x80140000,b61f08dd0ff54755678ad84b856954e8722d5d16b844b2bd7e72c805cbfc770d,0x00008878,538,0,data_load,model_bulk_data_slot1,
80100000-a75855ecf0dac31d067569f19c4bdc82f45df6e6496689602ea0ff9edcd719e2,game/france/DATA/MODEL.MRG,134964,96,0x80100000,a75855ecf0dac31d067569f19c4bdc82f45df6e6496689602ea0ff9edcd719e2,0x0001B5AC,539,0,data_load,model_bulk_data_slot0,
80140000-a75855ecf0dac31d067569f19c4bdc82f45df6e6496689602ea0ff9edcd719e2,game/france/DATA/MODEL.MRG,134964,96,0x80140000,a75855ecf0dac31d067569f19c4bdc82f45df6e6496689602ea0ff9edcd719e2,0x0001B5AC,539,0,data_load,model_bulk_data_slot1,
80100000-9cdf3afeba1eef5fb395b4d277c8c0b2800f936cc79c3afc902b8e754783e5bf,game/france/DATA/MODEL.MRG,135240,96,0x80100000,9cdf3afeba1eef5fb395b4d277c8c0b2800f936cc79c3afc902b8e754783e5bf,0x00011DA8,540,0,data_load,model_bulk_data_slot0,
80140000-9cdf3afeba1eef5fb395b4d277c8c0b2800f936cc79c3afc902b8e754783e5bf,game/france/DATA/MODEL.MRG,135240,96,0x80140000,9cdf3afeba1eef5fb395b4d277c8c0b2800f936cc79c3afc902b8e754783e5bf,0x00011DA8,540,0,data_load,model_bulk_data_slot1,
80100000-9f3ba5d9bec7cb5a110bdbcf7489f7be83129f5efdca63096966132b986d9071,game/france/DATA/MODEL.MRG,135516,96,0x80100000,9f3ba5d9bec7cb5a110bdbcf7489f7be83129f5efdca63096966132b986d9071,0x0001D3FC,541,0,data_load,model_bulk_data_slot0,
80140000-9f3ba5d9bec7cb5a110bdbcf7489f7be83129f5efdca63096966132b986d9071,game/france/DATA/MODEL.MRG,135516,96,0x80140000,9f3ba5d9bec7cb5a110bdbcf7489f7be83129f5efdca63096966132b986d9071,0x0001D3FC,541,0,data_load,model_bulk_data_slot1,
80100000-dd600ed2e5b4a596be6ffa3c3d851074f0ac6b1b381d22f2767f174af858d64d,game/france/DATA/MODEL.MRG,135792,96,0x80100000,dd600ed2e5b4a596be6ffa3c3d851074f0ac6b1b381d22f2767f174af858d64d,0x00011734,542,0,data_load,model_bulk_data_slot0,
80140000-dd600ed2e5b4a596be6ffa3c3d851074f0ac6b1b381d22f2767f174af858d64d,game/france/DATA/MODEL.MRG,135792,96,0x80140000,dd600ed2e5b4a596be6ffa3c3d851074f0ac6b1b381d22f2767f174af858d64d,0x00011734,542,0,data_load,model_bulk_data_slot1,
80100000-4b22cc2f298d8702bcdb5de68d85e9fea9d5ed1737fa974ab3708e205abb330e,game/france/DATA/MODEL.MRG,136068,96,0x80100000,4b22cc2f298d8702bcdb5de68d85e9fea9d5ed1737fa974ab3708e205abb330e,0x0000D8F4,543,0,data_load,model_bulk_data_slot0,
80140000-4b22cc2f298d8702bcdb5de68d85e9fea9d5ed1737fa974ab3708e205abb330e,game/france/DATA/MODEL.MRG,136068,96,0x80140000,4b22cc2f298d8702bcdb5de68d85e9fea9d5ed1737fa974ab3708e205abb330e,0x0000D8F4,543,0,data_load,model_bulk_data_slot1,
80100000-4a65e14a403bc8efbd0365ed4cad7be53b29abde11de0285b3c98e66556d601a,game/france/DATA/MODEL.MRG,136344,96,0x80100000,4a65e14a403bc8efbd0365ed4cad7be53b29abde11de0285b3c98e66556d601a,0x00010464,544,0,data_load,model_bulk_data_slot0,
80140000-4a65e14a403bc8efbd0365ed4cad7be53b29abde11de0285b3c98e66556d601a,game/france/DATA/MODEL.MRG,136344,96,0x80140000,4a65e14a403bc8efbd0365ed4cad7be53b29abde11de0285b3c98e66556d601a,0x00010464,544,0,data_load,model_bulk_data_slot1,
80100000-4a2785a293096af3875fca344cd7d1dd3c002ca5cfc2c38a23ef622bdca5d7b4,game/france/DATA/MODEL.MRG,136620,96,0x80100000,4a2785a293096af3875fca344cd7d1dd3c002ca5cfc2c38a23ef622bdca5d7b4,0x0001BA94,545,0,data_load,model_bulk_data_slot0,
80140000-4a2785a293096af3875fca344cd7d1dd3c002ca5cfc2c38a23ef622bdca5d7b4,game/france/DATA/MODEL.MRG,136620,96,0x80140000,4a2785a293096af3875fca344cd7d1dd3c002ca5cfc2c38a23ef622bdca5d7b4,0x0001BA94,545,0,data_load,model_bulk_data_slot1,
80100000-b251dce071dde493b36de916b15edcc0a37af3258f28777bbcbb79649b6eb8ed,game/france/DATA/MODEL.MRG,136896,96,0x80100000,b251dce071dde493b36de916b15edcc0a37af3258f28777bbcbb79649b6eb8ed,0x0001C338,546,0,data_load,model_bulk_data_slot0,
80140000-b251dce071dde493b36de916b15edcc0a37af3258f28777bbcbb79649b6eb8ed,game/france/DATA/MODEL.MRG,136896,96,0x80140000,b251dce071dde493b36de916b15edcc0a37af3258f28777bbcbb79649b6eb8ed,0x0001C338,546,0,data_load,model_bulk_data_slot1,
80100000-961fec7af9a1cac20425cb3681bae4738507aa76574d35f161d092f59ceb829f,game/france/DATA/MODEL.MRG,137172,96,0x80100000,961fec7af9a1cac20425cb3681bae4738507aa76574d35f161d092f59ceb829f,0x000233C0,547,0,data_load,model_bulk_data_slot0,
80140000-961fec7af9a1cac20425cb3681bae4738507aa76574d35f161d092f59ceb829f,game/france/DATA/MODEL.MRG,137172,96,0x80140000,961fec7af9a1cac20425cb3681bae4738507aa76574d35f161d092f59ceb829f,0x000233C0,547,0,data_load,model_bulk_data_slot1,
80100000-01bf40bafe0adfce82a224fcd3e6b409cc96a69ba5d3a44359d259d42211b07e,game/france/DATA/MODEL.MRG,137448,96,0x80100000,01bf40bafe0adfce82a224fcd3e6b409cc96a69ba5d3a44359d259d42211b07e,0x00010F34,548,0,data_load,model_bulk_data_slot0,
80140000-01bf40bafe0adfce82a224fcd3e6b409cc96a69ba5d3a44359d259d42211b07e,game/france/DATA/MODEL.MRG,137448,96,0x80140000,01bf40bafe0adfce82a224fcd3e6b409cc96a69ba5d3a44359d259d42211b07e,0x00010F34,548,0,data_load,model_bulk_data_slot1,
80100000-c9c171d89d7eb72cc1208afb7718f645f4c430e6f1beeafe7b0dce185b2a9c65,game/france/DATA/MODEL.MRG,137724,96,0x80100000,c9c171d89d7eb72cc1208afb7718f645f4c430e6f1beeafe7b0dce185b2a9c65,0x00010E2C,549,0,data_load,model_bulk_data_slot0,
80140000-c9c171d89d7eb72cc1208afb7718f645f4c430e6f1beeafe7b0dce185b2a9c65,game/france/DATA/MODEL.MRG,137724,96,0x80140000,c9c171d89d7eb72cc1208afb7718f645f4c430e6f1beeafe7b0dce185b2a9c65,0x00010E2C,549,0,data_load,model_bulk_data_slot1,
80100000-5ae4e776acb2d0ad4d3c7e7a99cdb2ee7ec611f30aa32e30214a81bc60a8df06,game/france/DATA/MODEL.MRG,138000,96,0x80100000,5ae4e776acb2d0ad4d3c7e7a99cdb2ee7ec611f30aa32e30214a81bc60a8df06,0x0000BDB4,550,0,data_load,model_bulk_data_slot0,
80140000-5ae4e776acb2d0ad4d3c7e7a99cdb2ee7ec611f30aa32e30214a81bc60a8df06,game/france/DATA/MODEL.MRG,138000,96,0x80140000,5ae4e776acb2d0ad4d3c7e7a99cdb2ee7ec611f30aa32e30214a81bc60a8df06,0x0000BDB4,550,0,data_load,model_bulk_data_slot1,
80100000-81c59afca6b3902f9c814295bc74c658b6a2387cdb2b7ed9d51c4dfb4b0094f3,game/france/DATA/MODEL.MRG,138276,96,0x80100000,81c59afca6b3902f9c814295bc74c658b6a2387cdb2b7ed9d51c4dfb4b0094f3,0x0001AE70,551,0,data_load,model_bulk_data_slot0,
80140000-81c59afca6b3902f9c814295bc74c658b6a2387cdb2b7ed9d51c4dfb4b0094f3,game/france/DATA/MODEL.MRG,138276,96,0x80140000,81c59afca6b3902f9c814295bc74c658b6a2387cdb2b7ed9d51c4dfb4b0094f3,0x0001AE70,551,0,data_load,model_bulk_data_slot1,
80100000-f3ec4aedb7f4dc88c84094eb1f4397a19bef1ed7a90d3af38b555fba727ec6ad,game/france/DATA/MODEL.MRG,138552,96,0x80100000,f3ec4aedb7f4dc88c84094eb1f4397a19bef1ed7a90d3af38b555fba727ec6ad,0x000136C0,552,0,data_load,model_bulk_data_slot0,
80140000-f3ec4aedb7f4dc88c84094eb1f4397a19bef1ed7a90d3af38b555fba727ec6ad,game/france/DATA/MODEL.MRG,138552,96,0x80140000,f3ec4aedb7f4dc88c84094eb1f4397a19bef1ed7a90d3af38b555fba727ec6ad,0x000136C0,552,0,data_load,model_bulk_data_slot1,
80100000-f2bb518282b542f0326ecece330cfa884266a6417c26e67cfd4457594d9081c4,game/france/DATA/MODEL.MRG,138828,96,0x80100000,f2bb518282b542f0326ecece330cfa884266a6417c26e67cfd4457594d9081c4,0x00016A24,553,0,data_load,model_bulk_data_slot0,
80140000-f2bb518282b542f0326ecece330cfa884266a6417c26e67cfd4457594d9081c4,game/france/DATA/MODEL.MRG,138828,96,0x80140000,f2bb518282b542f0326ecece330cfa884266a6417c26e67cfd4457594d9081c4,0x00016A24,553,0,data_load,model_bulk_data_slot1,
80100000-4162a0d2dd7ee9ec6b63bf2b928a61a593dfc9a98b754d5e89ba2c7f095d3c03,game/france/DATA/MODEL.MRG,139104,96,0x80100000,4162a0d2dd7ee9ec6b63bf2b928a61a593dfc9a98b754d5e89ba2c7f095d3c03,0x0000AC60,554,0,data_load,model_bulk_data_slot0,
80140000-4162a0d2dd7ee9ec6b63bf2b928a61a593dfc9a98b754d5e89ba2c7f095d3c03,game/france/DATA/MODEL.MRG,139104,96,0x80140000,4162a0d2dd7ee9ec6b63bf2b928a61a593dfc9a98b754d5e89ba2c7f095d3c03,0x0000AC60,554,0,data_load,model_bulk_data_slot1,
80100000-c0d1a3e3e7f71f69a650a3fe87aee6482986da00b5a43cd03501fab1d001725c,game/france/DATA/MODEL.MRG,139380,96,0x80100000,c0d1a3e3e7f71f69a650a3fe87aee6482986da00b5a43cd03501fab1d001725c,0x000167A0,555,0,data_load,model_bulk_data_slot0,
80140000-c0d1a3e3e7f71f69a650a3fe87aee6482986da00b5a43cd03501fab1d001725c,game/france/DATA/MODEL.MRG,139380,96,0x80140000,c0d1a3e3e7f71f69a650a3fe87aee6482986da00b5a43cd03501fab1d001725c,0x000167A0,555,0,data_load,model_bulk_data_slot1,
80100000-4c284d8a22de4da8ae3b9e23f70f8d03bbbdceb6f2916a16e6c380946009dddf,game/france/DATA/MODEL.MRG,139656,96,0x80100000,4c284d8a22de4da8ae3b9e23f70f8d03bbbdceb6f2916a16e6c380946009dddf,0x00011144,556,0,data_load,model_bulk_data_slot0,
80140000-4c284d8a22de4da8ae3b9e23f70f8d03bbbdceb6f2916a16e6c380946009dddf,game/france/DATA/MODEL.MRG,139656,96,0x80140000,4c284d8a22de4da8ae3b9e23f70f8d03bbbdceb6f2916a16e6c380946009dddf,0x00011144,556,0,data_load,model_bulk_data_slot1,
80100000-8260316a8e334b20909cfb9d76e59b106b88af217950774c4d19feb13c17440c,game/france/DATA/MODEL.MRG,139932,96,0x80100000,8260316a8e334b20909cfb9d76e59b106b88af217950774c4d19feb13c17440c,0x00014DC4,557,0,data_load,model_bulk_data_slot0,
80140000-8260316a8e334b20909cfb9d76e59b106b88af217950774c4d19feb13c17440c,game/france/DATA/MODEL.MRG,139932,96,0x80140000,8260316a8e334b20909cfb9d76e59b106b88af217950774c4d19feb13c17440c,0x00014DC4,557,0,data_load,model_bulk_data_slot1,
80100000-5ea28b425891c81e8efbfcf23d159523630c96be413ce647048a5936983a73f4,game/france/DATA/MODEL.MRG,140208,96,0x80100000,5ea28b425891c81e8efbfcf23d159523630c96be413ce647048a5936983a73f4,0x00010A78,558,0,data_load,model_bulk_data_slot0,
80140000-5ea28b425891c81e8efbfcf23d159523630c96be413ce647048a5936983a73f4,game/france/DATA/MODEL.MRG,140208,96,0x80140000,5ea28b425891c81e8efbfcf23d159523630c96be413ce647048a5936983a73f4,0x00010A78,558,0,data_load,model_bulk_data_slot1,
80100000-f7bf63cfdb909bc31e20b7f580aeb851bee4907e760f7949421e9819e2d8f50a,game/france/DATA/MODEL.MRG,140484,96,0x80100000,f7bf63cfdb909bc31e20b7f580aeb851bee4907e760f7949421e9819e2d8f50a,0x0001BBE0,559,0,data_load,model_bulk_data_slot0,
80140000-f7bf63cfdb909bc31e20b7f580aeb851bee4907e760f7949421e9819e2d8f50a,game/france/DATA/MODEL.MRG,140484,96,0x80140000,f7bf63cfdb909bc31e20b7f580aeb851bee4907e760f7949421e9819e2d8f50a,0x0001BBE0,559,0,data_load,model_bulk_data_slot1,
80100000-7bf87bfe2c2c3eacb1064d79e1a071eceb90e96fc9b120a9015c760fc35674e6,game/france/DATA/MODEL.MRG,140760,96,0x80100000,7bf87bfe2c2c3eacb1064d79e1a071eceb90e96fc9b120a9015c760fc35674e6,0x0001CE88,560,0,data_load,model_bulk_data_slot0,
80140000-7bf87bfe2c2c3eacb1064d79e1a071eceb90e96fc9b120a9015c760fc35674e6,game/france/DATA/MODEL.MRG,140760,96,0x80140000,7bf87bfe2c2c3eacb1064d79e1a071eceb90e96fc9b120a9015c760fc35674e6,0x0001CE88,560,0,data_load,model_bulk_data_slot1,
80100000-9a1ebd7dd4282d9f3b588ec7dd1e56fc3821aaa710412d4ada06f49b68c7d1c0,game/france/DATA/MODEL.MRG,141036,96,0x80100000,9a1ebd7dd4282d9f3b588ec7dd1e56fc3821aaa710412d4ada06f49b68c7d1c0,0x000168E0,561,0,data_load,model_bulk_data_slot0,
80140000-9a1ebd7dd4282d9f3b588ec7dd1e56fc3821aaa710412d4ada06f49b68c7d1c0,game/france/DATA/MODEL.MRG,141036,96,0x80140000,9a1ebd7dd4282d9f3b588ec7dd1e56fc3821aaa710412d4ada06f49b68c7d1c0,0x000168E0,561,0,data_load,model_bulk_data_slot1,
80100000-b62a9ea4129875c7e93e8b6af90e813b47c92dcfc1a15fec4f018c016a243f9e,game/france/DATA/MODEL.MRG,141312,96,0x80100000,b62a9ea4129875c7e93e8b6af90e813b47c92dcfc1a15fec4f018c016a243f9e,0x00016DBC,562,0,data_load,model_bulk_data_slot0,
80140000-b62a9ea4129875c7e93e8b6af90e813b47c92dcfc1a15fec4f018c016a243f9e,game/france/DATA/MODEL.MRG,141312,96,0x80140000,b62a9ea4129875c7e93e8b6af90e813b47c92dcfc1a15fec4f018c016a243f9e,0x00016DBC,562,0,data_load,model_bulk_data_slot1,
80100000-1a1fd2370ef18eace1faadc7d7073ed1a2850bcb5aaa062de4308071a41f2b36,game/france/DATA/MODEL.MRG,141588,96,0x80100000,1a1fd2370ef18eace1faadc7d7073ed1a2850bcb5aaa062de4308071a41f2b36,0x00016334,563,0,data_load,model_bulk_data_slot0,
80140000-1a1fd2370ef18eace1faadc7d7073ed1a2850bcb5aaa062de4308071a41f2b36,game/france/DATA/MODEL.MRG,141588,96,0x80140000,1a1fd2370ef18eace1faadc7d7073ed1a2850bcb5aaa062de4308071a41f2b36,0x00016334,563,0,data_load,model_bulk_data_slot1,
80100000-04ac8ed646862dadadcd07dc04df116f21db9e3e2a9e0731d4e73155d4f6ba16,game/france/DATA/MODEL.MRG,141864,96,0x80100000,04ac8ed646862dadadcd07dc04df116f21db9e3e2a9e0731d4e73155d4f6ba16,0x0001186C,564,0,data_load,model_bulk_data_slot0,
80140000-04ac8ed646862dadadcd07dc04df116f21db9e3e2a9e0731d4e73155d4f6ba16,game/france/DATA/MODEL.MRG,141864,96,0x80140000,04ac8ed646862dadadcd07dc04df116f21db9e3e2a9e0731d4e73155d4f6ba16,0x0001186C,564,0,data_load,model_bulk_data_slot1,
80100000-80181b88e64fe752d631de6bf9944ddad5c8b728b8ab05ace3256a6d309cc1d9,game/france/DATA/MODEL.MRG,142140,96,0x80100000,80181b88e64fe752d631de6bf9944ddad5c8b728b8ab05ace3256a6d309cc1d9,0x00021260,565,0,data_load,model_bulk_data_slot0,
80140000-80181b88e64fe752d631de6bf9944ddad5c8b728b8ab05ace3256a6d309cc1d9,game/france/DATA/MODEL.MRG,142140,96,0x80140000,80181b88e64fe752d631de6bf9944ddad5c8b728b8ab05ace3256a6d309cc1d9,0x00021260,565,0,data_load,model_bulk_data_slot1,
80100000-353607e3daef7ce121ece4574496fcf0f9b1645d967208a938199dbe5244a971,game/france/DATA/MODEL.MRG,142416,96,0x80100000,353607e3daef7ce121ece4574496fcf0f9b1645d967208a938199dbe5244a971,0x0001B09C,566,0,data_load,model_bulk_data_slot0,
80140000-353607e3daef7ce121ece4574496fcf0f9b1645d967208a938199dbe5244a971,game/france/DATA/MODEL.MRG,142416,96,0x80140000,353607e3daef7ce121ece4574496fcf0f9b1645d967208a938199dbe5244a971,0x0001B09C,566,0,data_load,model_bulk_data_slot1,
80100000-e80c003011fb7c59a23c19e006bbcdf786f714fd996369d709f70bb979b2e5cd,game/france/DATA/MODEL.MRG,142692,96,0x80100000,e80c003011fb7c59a23c19e006bbcdf786f714fd996369d709f70bb979b2e5cd,0x000205F0,567,0,data_load,model_bulk_data_slot0,
80140000-e80c003011fb7c59a23c19e006bbcdf786f714fd996369d709f70bb979b2e5cd,game/france/DATA/MODEL.MRG,142692,96,0x80140000,e80c003011fb7c59a23c19e006bbcdf786f714fd996369d709f70bb979b2e5cd,0x000205F0,567,0,data_load,model_bulk_data_slot1,
80100000-0d407a6606318f8ffc9758940dfaba0a2ec0852e9656c41d633cea38adb6a801,game/france/DATA/MODEL.MRG,142968,96,0x80100000,0d407a6606318f8ffc9758940dfaba0a2ec0852e9656c41d633cea38adb6a801,0x000223D0,568,0,data_load,model_bulk_data_slot0,
80140000-0d407a6606318f8ffc9758940dfaba0a2ec0852e9656c41d633cea38adb6a801,game/france/DATA/MODEL.MRG,142968,96,0x80140000,0d407a6606318f8ffc9758940dfaba0a2ec0852e9656c41d633cea38adb6a801,0x000223D0,568,0,data_load,model_bulk_data_slot1,
80100000-d344fcaa219989396bfc6435a07db8d3c242d587ee1b0db9794f7ca983064b28,game/france/DATA/MODEL.MRG,143244,96,0x80100000,d344fcaa219989396bfc6435a07db8d3c242d587ee1b0db9794f7ca983064b28,0x0001EF94,569,0,data_load,model_bulk_data_slot0,
80140000-d344fcaa219989396bfc6435a07db8d3c242d587ee1b0db9794f7ca983064b28,game/france/DATA/MODEL.MRG,143244,96,0x80140000,d344fcaa219989396bfc6435a07db8d3c242d587ee1b0db9794f7ca983064b28,0x0001EF94,569,0,data_load,model_bulk_data_slot1,
80100000-b464ef977c0e527ae49001bded743a3b6c1b6b40fc96cdce5cf6d1f9f1d0437a,game/france/DATA/MODEL.MRG,143520,96,0x80100000,b464ef977c0e527ae49001bded743a3b6c1b6b40fc96cdce5cf6d1f9f1d0437a,0x0001812C,570,0,data_load,model_bulk_data_slot0,
80140000-b464ef977c0e527ae49001bded743a3b6c1b6b40fc96cdce5cf6d1f9f1d0437a,game/france/DATA/MODEL.MRG,143520,96,0x80140000,b464ef977c0e527ae49001bded743a3b6c1b6b40fc96cdce5cf6d1f9f1d0437a,0x0001812C,570,0,data_load,model_bulk_data_slot1,
80100000-cde95ec7d94c8b5208faefbb59aa5d0d749f06c8c407553d854d1e56378a315b,game/france/DATA/MODEL.MRG,143796,96,0x80100000,cde95ec7d94c8b5208faefbb59aa5d0d749f06c8c407553d854d1e56378a315b,0x00015060,571,0,data_load,model_bulk_data_slot0,
80140000-cde95ec7d94c8b5208faefbb59aa5d0d749f06c8c407553d854d1e56378a315b,game/france/DATA/MODEL.MRG,143796,96,0x80140000,cde95ec7d94c8b5208faefbb59aa5d0d749f06c8c407553d854d1e56378a315b,0x00015060,571,0,data_load,model_bulk_data_slot1,
80100000-a86f24ce9bc5cbc36adae824e6bfa392b00d83cc363fe92412842f817711ebc8,game/france/DATA/MODEL.MRG,144072,96,0x80100000,a86f24ce9bc5cbc36adae824e6bfa392b00d83cc363fe92412842f817711ebc8,0x0001D294,572,0,data_load,model_bulk_data_slot0,
80140000-a86f24ce9bc5cbc36adae824e6bfa392b00d83cc363fe92412842f817711ebc8,game/france/DATA/MODEL.MRG,144072,96,0x80140000,a86f24ce9bc5cbc36adae824e6bfa392b00d83cc363fe92412842f817711ebc8,0x0001D294,572,0,data_load,model_bulk_data_slot1,
80100000-992d1fd5190092a6f793c8074a6dd2d16d126a28be3e46c3838066e779c57ef3,game/france/DATA/MODEL.MRG,144348,96,0x80100000,992d1fd5190092a6f793c8074a6dd2d16d126a28be3e46c3838066e779c57ef3,0x00012ACC,573,0,data_load,model_bulk_data_slot0,
80140000-992d1fd5190092a6f793c8074a6dd2d16d126a28be3e46c3838066e779c57ef3,game/france/DATA/MODEL.MRG,144348,96,0x80140000,992d1fd5190092a6f793c8074a6dd2d16d126a28be3e46c3838066e779c57ef3,0x00012ACC,573,0,data_load,model_bulk_data_slot1,
80100000-450214b93738f29c70c70467b450cc55fcea456666574727203db08ac26524ed,game/france/DATA/MODEL.MRG,144624,96,0x80100000,450214b93738f29c70c70467b450cc55fcea456666574727203db08ac26524ed,0x0001B26C,574,0,data_load,model_bulk_data_slot0,
80140000-450214b93738f29c70c70467b450cc55fcea456666574727203db08ac26524ed,game/france/DATA/MODEL.MRG,144624,96,0x80140000,450214b93738f29c70c70467b450cc55fcea456666574727203db08ac26524ed,0x0001B26C,574,0,data_load,model_bulk_data_slot1,
80100000-fc275891286ced7d663bdb0a02af031a05dc440f50f93a686bc1a6e375abde8a,game/france/DATA/MODEL.MRG,144900,96,0x80100000,fc275891286ced7d663bdb0a02af031a05dc440f50f93a686bc1a6e375abde8a,0x0001849C,575,0,data_load,model_bulk_data_slot0,
80140000-fc275891286ced7d663bdb0a02af031a05dc440f50f93a686bc1a6e375abde8a,game/france/DATA/MODEL.MRG,144900,96,0x80140000,fc275891286ced7d663bdb0a02af031a05dc440f50f93a686bc1a6e375abde8a,0x0001849C,575,0,data_load,model_bulk_data_slot1,
80100000-f17c4ed239d321403d4ecb50055e780443d8e484a2031741314ad795dc9ec0b4,game/france/DATA/MODEL.MRG,145176,96,0x80100000,f17c4ed239d321403d4ecb50055e780443d8e484a2031741314ad795dc9ec0b4,0x000136D4,576,0,data_load,model_bulk_data_slot0,
80140000-f17c4ed239d321403d4ecb50055e780443d8e484a2031741314ad795dc9ec0b4,game/france/DATA/MODEL.MRG,145176,96,0x80140000,f17c4ed239d321403d4ecb50055e780443d8e484a2031741314ad795dc9ec0b4,0x000136D4,576,0,data_load,model_bulk_data_slot1,
80100000-e915a9a944c57586425f39b26a8a245152c2ffba23bd08898390bd9fa502f78d,game/france/DATA/MODEL.MRG,145452,96,0x80100000,e915a9a944c57586425f39b26a8a245152c2ffba23bd08898390bd9fa502f78d,0x0001933C,577,0,data_load,model_bulk_data_slot0,
80140000-e915a9a944c57586425f39b26a8a245152c2ffba23bd08898390bd9fa502f78d,game/france/DATA/MODEL.MRG,145452,96,0x80140000,e915a9a944c57586425f39b26a8a245152c2ffba23bd08898390bd9fa502f78d,0x0001933C,577,0,data_load,model_bulk_data_slot1,
80100000-067063203443bf9805a88d1fbac950dde042f924af5af61a1406ae5e409a3143,game/france/DATA/MODEL.MRG,145728,96,0x80100000,067063203443bf9805a88d1fbac950dde042f924af5af61a1406ae5e409a3143,0x0000F90C,578,0,data_load,model_bulk_data_slot0,
80140000-067063203443bf9805a88d1fbac950dde042f924af5af61a1406ae5e409a3143,game/france/DATA/MODEL.MRG,145728,96,0x80140000,067063203443bf9805a88d1fbac950dde042f924af5af61a1406ae5e409a3143,0x0000F90C,578,0,data_load,model_bulk_data_slot1,
80100000-6e2ff1313bf2b7f4707ce6e9bfaf5dc49f5a296463f196c07e22f5a0a2b8c3e6,game/france/DATA/MODEL.MRG,146004,96,0x80100000,6e2ff1313bf2b7f4707ce6e9bfaf5dc49f5a296463f196c07e22f5a0a2b8c3e6,0x00013A58,579,0,data_load,model_bulk_data_slot0,
80140000-6e2ff1313bf2b7f4707ce6e9bfaf5dc49f5a296463f196c07e22f5a0a2b8c3e6,game/france/DATA/MODEL.MRG,146004,96,0x80140000,6e2ff1313bf2b7f4707ce6e9bfaf5dc49f5a296463f196c07e22f5a0a2b8c3e6,0x00013A58,579,0,data_load,model_bulk_data_slot1,
80100000-1b7ba0e5b9cebb573b5c07670fd7a07d50ca8f67abb97bcf985c38b3b7ca2ff1,game/france/DATA/MODEL.MRG,146280,96,0x80100000,1b7ba0e5b9cebb573b5c07670fd7a07d50ca8f67abb97bcf985c38b3b7ca2ff1,0x0001F3E8,580,0,data_load,model_bulk_data_slot0,
80140000-1b7ba0e5b9cebb573b5c07670fd7a07d50ca8f67abb97bcf985c38b3b7ca2ff1,game/france/DATA/MODEL.MRG,146280,96,0x80140000,1b7ba0e5b9cebb573b5c07670fd7a07d50ca8f67abb97bcf985c38b3b7ca2ff1,0x0001F3E8,580,0,data_load,model_bulk_data_slot1,
80100000-aab62ce63cb1983d71f3e46918895cc0c391463aee5f322fe3f8b87498fa8612,game/france/DATA/MODEL.MRG,146556,96,0x80100000,aab62ce63cb1983d71f3e46918895cc0c391463aee5f322fe3f8b87498fa8612,0x0001A9C8,581,0,data_load,model_bulk_data_slot0,
80140000-aab62ce63cb1983d71f3e46918895cc0c391463aee5f322fe3f8b87498fa8612,game/france/DATA/MODEL.MRG,146556,96,0x80140000,aab62ce63cb1983d71f3e46918895cc0c391463aee5f322fe3f8b87498fa8612,0x0001A9C8,581,0,data_load,model_bulk_data_slot1,
80100000-6e08325b6bd9861f8ce93797228fb82ff658f9ba9159f6f5f442c9d9bf14ee59,game/france/DATA/MODEL.MRG,146832,96,0x80100000,6e08325b6bd9861f8ce93797228fb82ff658f9ba9159f6f5f442c9d9bf14ee59,0x00011D40,582,0,data_load,model_bulk_data_slot0,
80140000-6e08325b6bd9861f8ce93797228fb82ff658f9ba9159f6f5f442c9d9bf14ee59,game/france/DATA/MODEL.MRG,146832,96,0x80140000,6e08325b6bd9861f8ce93797228fb82ff658f9ba9159f6f5f442c9d9bf14ee59,0x00011D40,582,0,data_load,model_bulk_data_slot1,
80100000-328a86b5022a7b3851663b3e00617f8269d80b113b209558fe1dca1a27fc8590,game/france/DATA/MODEL.MRG,147108,96,0x80100000,328a86b5022a7b3851663b3e00617f8269d80b113b209558fe1dca1a27fc8590,0x000213C4,583,0,data_load,model_bulk_data_slot0,
80140000-328a86b5022a7b3851663b3e00617f8269d80b113b209558fe1dca1a27fc8590,game/france/DATA/MODEL.MRG,147108,96,0x80140000,328a86b5022a7b3851663b3e00617f8269d80b113b209558fe1dca1a27fc8590,0x000213C4,583,0,data_load,model_bulk_data_slot1,
80100000-1a25133a2553b2b20bbd9460b95083b5f6360302ac7ee0f0ebb5a56d78a2393e,game/france/DATA/MODEL.MRG,147384,96,0x80100000,1a25133a2553b2b20bbd9460b95083b5f6360302ac7ee0f0ebb5a56d78a2393e,0x0001665C,584,0,data_load,model_bulk_data_slot0,
80140000-1a25133a2553b2b20bbd9460b95083b5f6360302ac7ee0f0ebb5a56d78a2393e,game/france/DATA/MODEL.MRG,147384,96,0x80140000,1a25133a2553b2b20bbd9460b95083b5f6360302ac7ee0f0ebb5a56d78a2393e,0x0001665C,584,0,data_load,model_bulk_data_slot1,
80100000-97330bc7cfabdf3475ff85c07fe8332272aa0bc90f97a17bab5d0cef6485d150,game/france/DATA/MODEL.MRG,147660,96,0x80100000,97330bc7cfabdf3475ff85c07fe8332272aa0bc90f97a17bab5d0cef6485d150,0x00017DFC,585,0,data_load,model_bulk_data_slot0,
80140000-97330bc7cfabdf3475ff85c07fe8332272aa0bc90f97a17bab5d0cef6485d150,game/france/DATA/MODEL.MRG,147660,96,0x80140000,97330bc7cfabdf3475ff85c07fe8332272aa0bc90f97a17bab5d0cef6485d150,0x00017DFC,585,0,data_load,model_bulk_data_slot1,
80100000-9c95fb44b99cea46f49238593ff38d8d8a34789ba87d7a8c9cbed06f25172fbf,game/france/DATA/MODEL.MRG,147936,96,0x80100000,9c95fb44b99cea46f49238593ff38d8d8a34789ba87d7a8c9cbed06f25172fbf,0x00010F24,586,0,data_load,model_bulk_data_slot0,
80140000-9c95fb44b99cea46f49238593ff38d8d8a34789ba87d7a8c9cbed06f25172fbf,game/france/DATA/MODEL.MRG,147936,96,0x80140000,9c95fb44b99cea46f49238593ff38d8d8a34789ba87d7a8c9cbed06f25172fbf,0x00010F24,586,0,data_load,model_bulk_data_slot1,
80100000-285896a53205825c8cac0781b604e6264a5afc4b21d4dd3f05b3f9d2400ffddc,game/france/DATA/MODEL.MRG,148212,96,0x80100000,285896a53205825c8cac0781b604e6264a5afc4b21d4dd3f05b3f9d2400ffddc,0x00010428,587,0,data_load,model_bulk_data_slot0,
80140000-285896a53205825c8cac0781b604e6264a5afc4b21d4dd3f05b3f9d2400ffddc,game/france/DATA/MODEL.MRG,148212,96,0x80140000,285896a53205825c8cac0781b604e6264a5afc4b21d4dd3f05b3f9d2400ffddc,0x00010428,587,0,data_load,model_bulk_data_slot1,
80100000-ff32ecd36259cc3e82fb9b442e962d40f4b063642ddbfa979f9d5b78d2ddd934,game/france/DATA/MODEL.MRG,148488,96,0x80100000,ff32ecd36259cc3e82fb9b442e962d40f4b063642ddbfa979f9d5b78d2ddd934,0x00015394,588,0,data_load,model_bulk_data_slot0,
80140000-ff32ecd36259cc3e82fb9b442e962d40f4b063642ddbfa979f9d5b78d2ddd934,game/france/DATA/MODEL.MRG,148488,96,0x80140000,ff32ecd36259cc3e82fb9b442e962d40f4b063642ddbfa979f9d5b78d2ddd934,0x00015394,588,0,data_load,model_bulk_data_slot1,
80100000-d141c85918a339fd7135a8951d013cc33c81c3335139fddc69e143ced422564c,game/france/DATA/MODEL.MRG,148764,96,0x80100000,d141c85918a339fd7135a8951d013cc33c81c3335139fddc69e143ced422564c,0x00014154,589,0,data_load,model_bulk_data_slot0,
80140000-d141c85918a339fd7135a8951d013cc33c81c3335139fddc69e143ced422564c,game/france/DATA/MODEL.MRG,148764,96,0x80140000,d141c85918a339fd7135a8951d013cc33c81c3335139fddc69e143ced422564c,0x00014154,589,0,data_load,model_bulk_data_slot1,
80100000-f3b80281d68bc73e87cb00de46af063cc38e849bf78da291fd300c145489b183,game/france/DATA/MODEL.MRG,149040,96,0x80100000,f3b80281d68bc73e87cb00de46af063cc38e849bf78da291fd300c145489b183,0x000093B0,590,0,data_load,model_bulk_data_slot0,
80140000-f3b80281d68bc73e87cb00de46af063cc38e849bf78da291fd300c145489b183,game/france/DATA/MODEL.MRG,149040,96,0x80140000,f3b80281d68bc73e87cb00de46af063cc38e849bf78da291fd300c145489b183,0x000093B0,590,0,data_load,model_bulk_data_slot1,
80100000-11bef396b4024286bcee5d8a84635a51ffa8f64e01a3a2fe44233933b8c834e6,game/france/DATA/MODEL.MRG,149316,96,0x80100000,11bef396b4024286bcee5d8a84635a51ffa8f64e01a3a2fe44233933b8c834e6,0x0000FE20,591,0,data_load,model_bulk_data_slot0,
80140000-11bef396b4024286bcee5d8a84635a51ffa8f64e01a3a2fe44233933b8c834e6,game/france/DATA/MODEL.MRG,149316,96,0x80140000,11bef396b4024286bcee5d8a84635a51ffa8f64e01a3a2fe44233933b8c834e6,0x0000FE20,591,0,data_load,model_bulk_data_slot1,
80100000-01ec593b95321b399181f61ddd2e26757507f1ce1b0a1da2f0cf70546520de67,game/france/DATA/MODEL.MRG,149592,96,0x80100000,01ec593b95321b399181f61ddd2e26757507f1ce1b0a1da2f0cf70546520de67,0x0001A250,592,0,data_load,model_bulk_data_slot0,
80140000-01ec593b95321b399181f61ddd2e26757507f1ce1b0a1da2f0cf70546520de67,game/france/DATA/MODEL.MRG,149592,96,0x80140000,01ec593b95321b399181f61ddd2e26757507f1ce1b0a1da2f0cf70546520de67,0x0001A250,592,0,data_load,model_bulk_data_slot1,
80100000-2060f45638b0fdff4597435e535d1b7f270896c74963ba6d728f64dfea982a46,game/france/DATA/MODEL.MRG,149868,96,0x80100000,2060f45638b0fdff4597435e535d1b7f270896c74963ba6d728f64dfea982a46,0x00016040,593,0,data_load,model_bulk_data_slot0,
80140000-2060f45638b0fdff4597435e535d1b7f270896c74963ba6d728f64dfea982a46,game/france/DATA/MODEL.MRG,149868,96,0x80140000,2060f45638b0fdff4597435e535d1b7f270896c74963ba6d728f64dfea982a46,0x00016040,593,0,data_load,model_bulk_data_slot1,
80100000-c0abb2db73ec8dba7ebdc0b6e84f757b6b1ca18abc4b17511a9606d4026b632a,game/france/DATA/MODEL.MRG,150144,96,0x80100000,c0abb2db73ec8dba7ebdc0b6e84f757b6b1ca18abc4b17511a9606d4026b632a,0x0001E500,594,0,data_load,model_bulk_data_slot0,
80140000-c0abb2db73ec8dba7ebdc0b6e84f757b6b1ca18abc4b17511a9606d4026b632a,game/france/DATA/MODEL.MRG,150144,96,0x80140000,c0abb2db73ec8dba7ebdc0b6e84f757b6b1ca18abc4b17511a9606d4026b632a,0x0001E500,594,0,data_load,model_bulk_data_slot1,
80100000-0cfe30e65f8d86adbadd56479ac4de7f4e9db374fecdd8f865c9e009ee4405e1,game/france/DATA/MODEL.MRG,150420,96,0x80100000,0cfe30e65f8d86adbadd56479ac4de7f4e9db374fecdd8f865c9e009ee4405e1,0x00014D90,595,0,data_load,model_bulk_data_slot0,
80140000-0cfe30e65f8d86adbadd56479ac4de7f4e9db374fecdd8f865c9e009ee4405e1,game/france/DATA/MODEL.MRG,150420,96,0x80140000,0cfe30e65f8d86adbadd56479ac4de7f4e9db374fecdd8f865c9e009ee4405e1,0x00014D90,595,0,data_load,model_bulk_data_slot1,
80100000-c2d6bb68855516d188c286772c00537380193016547b2e634c62e5e7f7351bd9,game/france/DATA/MODEL.MRG,150696,96,0x80100000,c2d6bb68855516d188c286772c00537380193016547b2e634c62e5e7f7351bd9,0x0001579C,596,0,data_load,model_bulk_data_slot0,
80140000-c2d6bb68855516d188c286772c00537380193016547b2e634c62e5e7f7351bd9,game/france/DATA/MODEL.MRG,150696,96,0x80140000,c2d6bb68855516d188c286772c00537380193016547b2e634c62e5e7f7351bd9,0x0001579C,596,0,data_load,model_bulk_data_slot1,
80100000-b234c4490c6d2963ed2d8ec27918205ff8fc25a901ee6dd59772a7eaf7bfdc4d,game/france/DATA/MODEL.MRG,150972,96,0x80100000,b234c4490c6d2963ed2d8ec27918205ff8fc25a901ee6dd59772a7eaf7bfdc4d,0x00016910,597,0,data_load,model_bulk_data_slot0,
80140000-b234c4490c6d2963ed2d8ec27918205ff8fc25a901ee6dd59772a7eaf7bfdc4d,game/france/DATA/MODEL.MRG,150972,96,0x80140000,b234c4490c6d2963ed2d8ec27918205ff8fc25a901ee6dd59772a7eaf7bfdc4d,0x00016910,597,0,data_load,model_bulk_data_slot1,
80100000-2911e368b4e49d24c5bf311abb5def99fbdcd245ee3098fdb58f23c0d37a8396,game/france/DATA/MODEL.MRG,151248,96,0x80100000,2911e368b4e49d24c5bf311abb5def99fbdcd245ee3098fdb58f23c0d37a8396,0x0000B50C,598,0,data_load,model_bulk_data_slot0,
80140000-2911e368b4e49d24c5bf311abb5def99fbdcd245ee3098fdb58f23c0d37a8396,game/france/DATA/MODEL.MRG,151248,96,0x80140000,2911e368b4e49d24c5bf311abb5def99fbdcd245ee3098fdb58f23c0d37a8396,0x0000B50C,598,0,data_load,model_bulk_data_slot1,
80100000-b2914681b22295a0dc76e6fb8b345f82a7379e37a176034db83446ac4695f140,game/france/DATA/MODEL.MRG,151524,96,0x80100000,b2914681b22295a0dc76e6fb8b345f82a7379e37a176034db83446ac4695f140,0x00019198,599,0,data_load,model_bulk_data_slot0,
80140000-b2914681b22295a0dc76e6fb8b345f82a7379e37a176034db83446ac4695f140,game/france/DATA/MODEL.MRG,151524,96,0x80140000,b2914681b22295a0dc76e6fb8b345f82a7379e37a176034db83446ac4695f140,0x00019198,599,0,data_load,model_bulk_data_slot1,
80100000-4d5ff54c8101d6b2552e0d0bb7f452d6b89a3e64d6e3bebb3a38ed00bb3dc3db,game/france/DATA/MODEL.MRG,151800,96,0x80100000,4d5ff54c8101d6b2552e0d0bb7f452d6b89a3e64d6e3bebb3a38ed00bb3dc3db,0x0000D968,600,0,data_load,model_bulk_data_slot0,
80140000-4d5ff54c8101d6b2552e0d0bb7f452d6b89a3e64d6e3bebb3a38ed00bb3dc3db,game/france/DATA/MODEL.MRG,151800,96,0x80140000,4d5ff54c8101d6b2552e0d0bb7f452d6b89a3e64d6e3bebb3a38ed00bb3dc3db,0x0000D968,600,0,data_load,model_bulk_data_slot1,
80100000-a9b807dbe18b3aba7496847983898bb12ff6b6e40cac4a796edd6d82c207b8c7,game/france/DATA/MODEL.MRG,152076,96,0x80100000,a9b807dbe18b3aba7496847983898bb12ff6b6e40cac4a796edd6d82c207b8c7,0x0001166C,601,0,data_load,model_bulk_data_slot0,
80140000-a9b807dbe18b3aba7496847983898bb12ff6b6e40cac4a796edd6d82c207b8c7,game/france/DATA/MODEL.MRG,152076,96,0x80140000,a9b807dbe18b3aba7496847983898bb12ff6b6e40cac4a796edd6d82c207b8c7,0x0001166C,601,0,data_load,model_bulk_data_slot1,
80100000-895b89657fbaec347e75bbf08d7ffb488a820ee1725be10981a485f549cdc7b8,game/france/DATA/MODEL.MRG,152352,96,0x80100000,895b89657fbaec347e75bbf08d7ffb488a820ee1725be10981a485f549cdc7b8,0x00016040,602,0,data_load,model_bulk_data_slot0,
80140000-895b89657fbaec347e75bbf08d7ffb488a820ee1725be10981a485f549cdc7b8,game/france/DATA/MODEL.MRG,152352,96,0x80140000,895b89657fbaec347e75bbf08d7ffb488a820ee1725be10981a485f549cdc7b8,0x00016040,602,0,data_load,model_bulk_data_slot1,
80100000-b5b7fec8525e9212e6ef21990bbc0d9d5f83c2feb8cbeb68c484ebdc37282ac9,game/france/DATA/MODEL.MRG,152628,96,0x80100000,b5b7fec8525e9212e6ef21990bbc0d9d5f83c2feb8cbeb68c484ebdc37282ac9,0x000183D4,603,0,data_load,model_bulk_data_slot0,
80140000-b5b7fec8525e9212e6ef21990bbc0d9d5f83c2feb8cbeb68c484ebdc37282ac9,game/france/DATA/MODEL.MRG,152628,96,0x80140000,b5b7fec8525e9212e6ef21990bbc0d9d5f83c2feb8cbeb68c484ebdc37282ac9,0x000183D4,603,0,data_load,model_bulk_data_slot1,
80100000-39f502238a018e8539157dc1b48fa3da1472eb4394cf798cb19656cdb39a5448,game/france/DATA/MODEL.MRG,152904,96,0x80100000,39f502238a018e8539157dc1b48fa3da1472eb4394cf798cb19656cdb39a5448,0x0000F5EC,604,0,data_load,model_bulk_data_slot0,
80140000-39f502238a018e8539157dc1b48fa3da1472eb4394cf798cb19656cdb39a5448,game/france/DATA/MODEL.MRG,152904,96,0x80140000,39f502238a018e8539157dc1b48fa3da1472eb4394cf798cb19656cdb39a5448,0x0000F5EC,604,0,data_load,model_bulk_data_slot1,
80100000-478215f13c8cf5c8b3d1da9b63976243ff4d88704e0a5bb33ac47d7fddcf566e,game/france/DATA/MODEL.MRG,153180,96,0x80100000,478215f13c8cf5c8b3d1da9b63976243ff4d88704e0a5bb33ac47d7fddcf566e,0x0000F098,605,0,data_load,model_bulk_data_slot0,
80140000-478215f13c8cf5c8b3d1da9b63976243ff4d88704e0a5bb33ac47d7fddcf566e,game/france/DATA/MODEL.MRG,153180,96,0x80140000,478215f13c8cf5c8b3d1da9b63976243ff4d88704e0a5bb33ac47d7fddcf566e,0x0000F098,605,0,data_load,model_bulk_data_slot1,
80100000-280622fe7bbf5c87af489ea723230b8c26e867ed99c186dabbf1994593b20207,game/france/DATA/MODEL.MRG,153456,96,0x80100000,280622fe7bbf5c87af489ea723230b8c26e867ed99c186dabbf1994593b20207,0x0001DB40,606,0,data_load,model_bulk_data_slot0,
80140000-280622fe7bbf5c87af489ea723230b8c26e867ed99c186dabbf1994593b20207,game/france/DATA/MODEL.MRG,153456,96,0x80140000,280622fe7bbf5c87af489ea723230b8c26e867ed99c186dabbf1994593b20207,0x0001DB40,606,0,data_load,model_bulk_data_slot1,
80100000-f890e2468d51e83612a63a2bc234a36b8f213da3776bcd1dbef2d5b925deae3e,game/france/DATA/MODEL.MRG,153732,96,0x80100000,f890e2468d51e83612a63a2bc234a36b8f213da3776bcd1dbef2d5b925deae3e,0x00011B9C,607,0,data_load,model_bulk_data_slot0,
80140000-f890e2468d51e83612a63a2bc234a36b8f213da3776bcd1dbef2d5b925deae3e,game/france/DATA/MODEL.MRG,153732,96,0x80140000,f890e2468d51e83612a63a2bc234a36b8f213da3776bcd1dbef2d5b925deae3e,0x00011B9C,607,0,data_load,model_bulk_data_slot1,
80100000-480b7863e3dbf6cb148ceef51af2848bd41dbe1fb347207ebb64faeb64a95fad,game/france/DATA/MODEL.MRG,154008,96,0x80100000,480b7863e3dbf6cb148ceef51af2848bd41dbe1fb347207ebb64faeb64a95fad,0x00013200,608,0,data_load,model_bulk_data_slot0,
80140000-480b7863e3dbf6cb148ceef51af2848bd41dbe1fb347207ebb64faeb64a95fad,game/france/DATA/MODEL.MRG,154008,96,0x80140000,480b7863e3dbf6cb148ceef51af2848bd41dbe1fb347207ebb64faeb64a95fad,0x00013200,608,0,data_load,model_bulk_data_slot1,
80100000-ed2ef6c5f5dc9161a6bdd244a58aa6a6e410219eb13da46222f531224529ecee,game/france/DATA/MODEL.MRG,154284,96,0x80100000,ed2ef6c5f5dc9161a6bdd244a58aa6a6e410219eb13da46222f531224529ecee,0x0001326C,609,0,data_load,model_bulk_data_slot0,
80140000-ed2ef6c5f5dc9161a6bdd244a58aa6a6e410219eb13da46222f531224529ecee,game/france/DATA/MODEL.MRG,154284,96,0x80140000,ed2ef6c5f5dc9161a6bdd244a58aa6a6e410219eb13da46222f531224529ecee,0x0001326C,609,0,data_load,model_bulk_data_slot1,
80100000-47843c41d9df9571ff4f629011668ae258289192111d59e1fc61734d40ccc53b,game/france/DATA/MODEL.MRG,154560,96,0x80100000,47843c41d9df9571ff4f629011668ae258289192111d59e1fc61734d40ccc53b,0x0001ADC0,610,0,data_load,model_bulk_data_slot0,
80140000-47843c41d9df9571ff4f629011668ae258289192111d59e1fc61734d40ccc53b,game/france/DATA/MODEL.MRG,154560,96,0x80140000,47843c41d9df9571ff4f629011668ae258289192111d59e1fc61734d40ccc53b,0x0001ADC0,610,0,data_load,model_bulk_data_slot1,
80100000-28f6fe1397cfc8340fda9d920a1d3fe77145837a881186172db0b7808e65ad4d,game/france/DATA/MODEL.MRG,154836,96,0x80100000,28f6fe1397cfc8340fda9d920a1d3fe77145837a881186172db0b7808e65ad4d,0x000124A0,611,0,data_load,model_bulk_data_slot0,
80140000-28f6fe1397cfc8340fda9d920a1d3fe77145837a881186172db0b7808e65ad4d,game/france/DATA/MODEL.MRG,154836,96,0x80140000,28f6fe1397cfc8340fda9d920a1d3fe77145837a881186172db0b7808e65ad4d,0x000124A0,611,0,data_load,model_bulk_data_slot1,
80100000-fb7ff3e4ee6abb73e5c591388f4255e7d70a344ee5d3cc014ef3241ca5f0226c,game/france/DATA/MODEL.MRG,155112,96,0x80100000,fb7ff3e4ee6abb73e5c591388f4255e7d70a344ee5d3cc014ef3241ca5f0226c,0x00015044,612,0,data_load,model_bulk_data_slot0,
80140000-fb7ff3e4ee6abb73e5c591388f4255e7d70a344ee5d3cc014ef3241ca5f0226c,game/france/DATA/MODEL.MRG,155112,96,0x80140000,fb7ff3e4ee6abb73e5c591388f4255e7d70a344ee5d3cc014ef3241ca5f0226c,0x00015044,612,0,data_load,model_bulk_data_slot1,
80100000-65635b3e9fe7d8a0fa779d25ab49b349dd906cf11fe0f2f23a29c3a27fb43970,game/france/DATA/MODEL.MRG,155388,96,0x80100000,65635b3e9fe7d8a0fa779d25ab49b349dd906cf11fe0f2f23a29c3a27fb43970,0x00019170,613,0,data_load,model_bulk_data_slot0,
80140000-65635b3e9fe7d8a0fa779d25ab49b349dd906cf11fe0f2f23a29c3a27fb43970,game/france/DATA/MODEL.MRG,155388,96,0x80140000,65635b3e9fe7d8a0fa779d25ab49b349dd906cf11fe0f2f23a29c3a27fb43970,0x00019170,613,0,data_load,model_bulk_data_slot1,
80100000-79910268fdda1188eaa93985561a488bf6b30488837386e28098b19f530258dd,game/france/DATA/MODEL.MRG,155664,96,0x80100000,79910268fdda1188eaa93985561a488bf6b30488837386e28098b19f530258dd,0x00013084,614,0,data_load,model_bulk_data_slot0,
80140000-79910268fdda1188eaa93985561a488bf6b30488837386e28098b19f530258dd,game/france/DATA/MODEL.MRG,155664,96,0x80140000,79910268fdda1188eaa93985561a488bf6b30488837386e28098b19f530258dd,0x00013084,614,0,data_load,model_bulk_data_slot1,
80100000-a0c561635c7be0a51e3c1f3fe63569d34f0a233451762a1695727df997154027,game/france/DATA/MODEL.MRG,155940,96,0x80100000,a0c561635c7be0a51e3c1f3fe63569d34f0a233451762a1695727df997154027,0x00010258,615,0,data_load,model_bulk_data_slot0,
80140000-a0c561635c7be0a51e3c1f3fe63569d34f0a233451762a1695727df997154027,game/france/DATA/MODEL.MRG,155940,96,0x80140000,a0c561635c7be0a51e3c1f3fe63569d34f0a233451762a1695727df997154027,0x00010258,615,0,data_load,model_bulk_data_slot1,
80100000-b32449f3f235f1b5983b9317ef69c1c0d8cc78f88432a149690587e35e171b0e,game/france/DATA/MODEL.MRG,156216,96,0x80100000,b32449f3f235f1b5983b9317ef69c1c0d8cc78f88432a149690587e35e171b0e,0x00017C54,616,0,data_load,model_bulk_data_slot0,
80140000-b32449f3f235f1b5983b9317ef69c1c0d8cc78f88432a149690587e35e171b0e,game/france/DATA/MODEL.MRG,156216,96,0x80140000,b32449f3f235f1b5983b9317ef69c1c0d8cc78f88432a149690587e35e171b0e,0x00017C54,616,0,data_load,model_bulk_data_slot1,
80100000-a360b9ef8726a56b55742dda8e967579151e328767de6649642b4d36dfb5c6c7,game/france/DATA/MODEL.MRG,156492,96,0x80100000,a360b9ef8726a56b55742dda8e967579151e328767de6649642b4d36dfb5c6c7,0x0001AA20,617,0,data_load,model_bulk_data_slot0,
80140000-a360b9ef8726a56b55742dda8e967579151e328767de6649642b4d36dfb5c6c7,game/france/DATA/MODEL.MRG,156492,96,0x80140000,a360b9ef8726a56b55742dda8e967579151e328767de6649642b4d36dfb5c6c7,0x0001AA20,617,0,data_load,model_bulk_data_slot1,
80100000-f40a11bbf804f4d36411d5cfead3de52889ef9a124304e97ef34d84254e0e951,game/france/DATA/MODEL.MRG,156768,96,0x80100000,f40a11bbf804f4d36411d5cfead3de52889ef9a124304e97ef34d84254e0e951,0x0001798C,618,0,data_load,model_bulk_data_slot0,
80140000-f40a11bbf804f4d36411d5cfead3de52889ef9a124304e97ef34d84254e0e951,game/france/DATA/MODEL.MRG,156768,96,0x80140000,f40a11bbf804f4d36411d5cfead3de52889ef9a124304e97ef34d84254e0e951,0x0001798C,618,0,data_load,model_bulk_data_slot1,
80100000-c638adbb41603252cb1577212029b977bfd1551ce564412c035e2f4a1436638e,game/france/DATA/MODEL.MRG,157044,96,0x80100000,c638adbb41603252cb1577212029b977bfd1551ce564412c035e2f4a1436638e,0x00015EC0,619,0,data_load,model_bulk_data_slot0,
80140000-c638adbb41603252cb1577212029b977bfd1551ce564412c035e2f4a1436638e,game/france/DATA/MODEL.MRG,157044,96,0x80140000,c638adbb41603252cb1577212029b977bfd1551ce564412c035e2f4a1436638e,0x00015EC0,619,0,data_load,model_bulk_data_slot1,
80100000-e29b68f1c60acf445e4af1bab642a52a9a3b151bed2c2b34c3358b508a373b92,game/france/DATA/MODEL.MRG,157320,96,0x80100000,e29b68f1c60acf445e4af1bab642a52a9a3b151bed2c2b34c3358b508a373b92,0x0001CEC0,620,0,data_load,model_bulk_data_slot0,
80140000-e29b68f1c60acf445e4af1bab642a52a9a3b151bed2c2b34c3358b508a373b92,game/france/DATA/MODEL.MRG,157320,96,0x80140000,e29b68f1c60acf445e4af1bab642a52a9a3b151bed2c2b34c3358b508a373b92,0x0001CEC0,620,0,data_load,model_bulk_data_slot1,
80100000-8ce9530aaf3c90b7e85d4e635cc78ebc17738e8c1b6b566b1a98b1d6ea550f7d,game/france/DATA/MODEL.MRG,157596,96,0x80100000,8ce9530aaf3c90b7e85d4e635cc78ebc17738e8c1b6b566b1a98b1d6ea550f7d,0x00013004,621,0,data_load,model_bulk_data_slot0,
80140000-8ce9530aaf3c90b7e85d4e635cc78ebc17738e8c1b6b566b1a98b1d6ea550f7d,game/france/DATA/MODEL.MRG,157596,96,0x80140000,8ce9530aaf3c90b7e85d4e635cc78ebc17738e8c1b6b566b1a98b1d6ea550f7d,0x00013004,621,0,data_load,model_bulk_data_slot1,
80100000-f178ad2790a40bc2e75baf2d1c4fd5baf6b95b8446b1905a4a5d587877aac4e7,game/france/DATA/MODEL.MRG,157872,96,0x80100000,f178ad2790a40bc2e75baf2d1c4fd5baf6b95b8446b1905a4a5d587877aac4e7,0x0000FDD4,622,0,data_load,model_bulk_data_slot0,
80140000-f178ad2790a40bc2e75baf2d1c4fd5baf6b95b8446b1905a4a5d587877aac4e7,game/france/DATA/MODEL.MRG,157872,96,0x80140000,f178ad2790a40bc2e75baf2d1c4fd5baf6b95b8446b1905a4a5d587877aac4e7,0x0000FDD4,622,0,data_load,model_bulk_data_slot1,
80100000-9726c14fca48298621efbd09d9602f955ef7f4765872a13a9d20153cf61bbb14,game/france/DATA/MODEL.MRG,158148,96,0x80100000,9726c14fca48298621efbd09d9602f955ef7f4765872a13a9d20153cf61bbb14,0x00014A0C,623,0,data_load,model_bulk_data_slot0,
80140000-9726c14fca48298621efbd09d9602f955ef7f4765872a13a9d20153cf61bbb14,game/france/DATA/MODEL.MRG,158148,96,0x80140000,9726c14fca48298621efbd09d9602f955ef7f4765872a13a9d20153cf61bbb14,0x00014A0C,623,0,data_load,model_bulk_data_slot1,
80100000-a58c92a372985a917fa8da0903771eb816340412f650fa02304a46a2fa9f18af,game/france/DATA/MODEL.MRG,158424,96,0x80100000,a58c92a372985a917fa8da0903771eb816340412f650fa02304a46a2fa9f18af,0x000184DC,624,0,data_load,model_bulk_data_slot0,
80140000-a58c92a372985a917fa8da0903771eb816340412f650fa02304a46a2fa9f18af,game/france/DATA/MODEL.MRG,158424,96,0x80140000,a58c92a372985a917fa8da0903771eb816340412f650fa02304a46a2fa9f18af,0x000184DC,624,0,data_load,model_bulk_data_slot1,
80100000-2415ea3a8e7a4fecf55f75385024567b0d285497c1f25bde7f4b86bb76f87367,game/france/DATA/MODEL.MRG,158700,96,0x80100000,2415ea3a8e7a4fecf55f75385024567b0d285497c1f25bde7f4b86bb76f87367,0x0001E968,625,0,data_load,model_bulk_data_slot0,
80140000-2415ea3a8e7a4fecf55f75385024567b0d285497c1f25bde7f4b86bb76f87367,game/france/DATA/MODEL.MRG,158700,96,0x80140000,2415ea3a8e7a4fecf55f75385024567b0d285497c1f25bde7f4b86bb76f87367,0x0001E968,625,0,data_load,model_bulk_data_slot1,
80100000-e1d102b7cd848bc060a69f3d26fcb10ebdf00a32dec86fa9c6e1827714c3e574,game/france/DATA/MODEL.MRG,158976,96,0x80100000,e1d102b7cd848bc060a69f3d26fcb10ebdf00a32dec86fa9c6e1827714c3e574,0x0001992C,626,0,data_load,model_bulk_data_slot0,
80140000-e1d102b7cd848bc060a69f3d26fcb10ebdf00a32dec86fa9c6e1827714c3e574,game/france/DATA/MODEL.MRG,158976,96,0x80140000,e1d102b7cd848bc060a69f3d26fcb10ebdf00a32dec86fa9c6e1827714c3e574,0x0001992C,626,0,data_load,model_bulk_data_slot1,
80100000-5e87475d7c5c570b39768de8848848fa3d5731e70464584d2649f358309ccbeb,game/france/DATA/MODEL.MRG,159252,96,0x80100000,5e87475d7c5c570b39768de8848848fa3d5731e70464584d2649f358309ccbeb,0x000182E0,627,0,data_load,model_bulk_data_slot0,
80140000-5e87475d7c5c570b39768de8848848fa3d5731e70464584d2649f358309ccbeb,game/france/DATA/MODEL.MRG,159252,96,0x80140000,5e87475d7c5c570b39768de8848848fa3d5731e70464584d2649f358309ccbeb,0x000182E0,627,0,data_load,model_bulk_data_slot1,
80100000-504ad40869f3ec7816f78387dfbb4bbc8203127f809fb4ad04721c8b6b99c1e9,game/france/DATA/MODEL.MRG,159528,96,0x80100000,504ad40869f3ec7816f78387dfbb4bbc8203127f809fb4ad04721c8b6b99c1e9,0x0001E89C,628,0,data_load,model_bulk_data_slot0,
80140000-504ad40869f3ec7816f78387dfbb4bbc8203127f809fb4ad04721c8b6b99c1e9,game/france/DATA/MODEL.MRG,159528,96,0x80140000,504ad40869f3ec7816f78387dfbb4bbc8203127f809fb4ad04721c8b6b99c1e9,0x0001E89C,628,0,data_load,model_bulk_data_slot1,
80100000-dded133fe637e49721a33cc186868a05a2b03e5ba2eb8704ae410f1ed3206954,game/france/DATA/MODEL.MRG,159804,96,0x80100000,dded133fe637e49721a33cc186868a05a2b03e5ba2eb8704ae410f1ed3206954,0x0001CB7C,629,0,data_load,model_bulk_data_slot0,
80140000-dded133fe637e49721a33cc186868a05a2b03e5ba2eb8704ae410f1ed3206954,game/france/DATA/MODEL.MRG,159804,96,0x80140000,dded133fe637e49721a33cc186868a05a2b03e5ba2eb8704ae410f1ed3206954,0x0001CB7C,629,0,data_load,model_bulk_data_slot1,
80100000-d15e472fb58c947126185e879ec5a8bcf2ce2dd21a1714fbfedb09d62e5272b1,game/france/DATA/MODEL.MRG,160080,96,0x80100000,d15e472fb58c947126185e879ec5a8bcf2ce2dd21a1714fbfedb09d62e5272b1,0x0001394C,630,0,data_load,model_bulk_data_slot0,
80140000-d15e472fb58c947126185e879ec5a8bcf2ce2dd21a1714fbfedb09d62e5272b1,game/france/DATA/MODEL.MRG,160080,96,0x80140000,d15e472fb58c947126185e879ec5a8bcf2ce2dd21a1714fbfedb09d62e5272b1,0x0001394C,630,0,data_load,model_bulk_data_slot1,
80100000-4de56b5803e19f5b7e3f21173f8cf1313e29de819d01194c67311debfb6da324,game/france/DATA/MODEL.MRG,160356,96,0x80100000,4de56b5803e19f5b7e3f21173f8cf1313e29de819d01194c67311debfb6da324,0x00011E04,631,0,data_load,model_bulk_data_slot0,
80140000-4de56b5803e19f5b7e3f21173f8cf1313e29de819d01194c67311debfb6da324,game/france/DATA/MODEL.MRG,160356,96,0x80140000,4de56b5803e19f5b7e3f21173f8cf1313e29de819d01194c67311debfb6da324,0x00011E04,631,0,data_load,model_bulk_data_slot1,
80100000-90aa2c472d1cb097cfa2e104a411e22a2de19bbf2799e14fe30327749caee9db,game/france/DATA/MODEL.MRG,160632,96,0x80100000,90aa2c472d1cb097cfa2e104a411e22a2de19bbf2799e14fe30327749caee9db,0x0000F500,632,0,data_load,model_bulk_data_slot0,
80140000-90aa2c472d1cb097cfa2e104a411e22a2de19bbf2799e14fe30327749caee9db,game/france/DATA/MODEL.MRG,160632,96,0x80140000,90aa2c472d1cb097cfa2e104a411e22a2de19bbf2799e14fe30327749caee9db,0x0000F500,632,0,data_load,model_bulk_data_slot1,
80100000-bcb0d8394c86d4ab918a397c8ed3fa05fdb3c0711e01cab8623e25add5652948,game/france/DATA/MODEL.MRG,160908,96,0x80100000,bcb0d8394c86d4ab918a397c8ed3fa05fdb3c0711e01cab8623e25add5652948,0x00015950,633,0,data_load,model_bulk_data_slot0,
80140000-bcb0d8394c86d4ab918a397c8ed3fa05fdb3c0711e01cab8623e25add5652948,game/france/DATA/MODEL.MRG,160908,96,0x80140000,bcb0d8394c86d4ab918a397c8ed3fa05fdb3c0711e01cab8623e25add5652948,0x00015950,633,0,data_load,model_bulk_data_slot1,
80100000-ef97eccec2336502d348d1151a275b3b3f0ff143ffa1f802e6a53fbfa8240ff2,game/france/DATA/MODEL.MRG,161184,96,0x80100000,ef97eccec2336502d348d1151a275b3b3f0ff143ffa1f802e6a53fbfa8240ff2,0x00015594,634,0,data_load,model_bulk_data_slot0,
80140000-ef97eccec2336502d348d1151a275b3b3f0ff143ffa1f802e6a53fbfa8240ff2,game/france/DATA/MODEL.MRG,161184,96,0x80140000,ef97eccec2336502d348d1151a275b3b3f0ff143ffa1f802e6a53fbfa8240ff2,0x00015594,634,0,data_load,model_bulk_data_slot1,
80100000-1f68ca15186759be771dbbae8b166377aa30d65030b8a008be180e65df99249c,game/france/DATA/MODEL.MRG,161460,96,0x80100000,1f68ca15186759be771dbbae8b166377aa30d65030b8a008be180e65df99249c,0x000221C8,635,0,data_load,model_bulk_data_slot0,
80140000-1f68ca15186759be771dbbae8b166377aa30d65030b8a008be180e65df99249c,game/france/DATA/MODEL.MRG,161460,96,0x80140000,1f68ca15186759be771dbbae8b166377aa30d65030b8a008be180e65df99249c,0x000221C8,635,0,data_load,model_bulk_data_slot1,
80100000-f2109067484c365e3fa6cd5f7652a72b47a56e7f83ade4139053fa62a5e8bd4a,game/france/DATA/MODEL.MRG,161736,96,0x80100000,f2109067484c365e3fa6cd5f7652a72b47a56e7f83ade4139053fa62a5e8bd4a,0x00011F34,636,0,data_load,model_bulk_data_slot0,
80140000-f2109067484c365e3fa6cd5f7652a72b47a56e7f83ade4139053fa62a5e8bd4a,game/france/DATA/MODEL.MRG,161736,96,0x80140000,f2109067484c365e3fa6cd5f7652a72b47a56e7f83ade4139053fa62a5e8bd4a,0x00011F34,636,0,data_load,model_bulk_data_slot1,
80100000-9b5b1d72c0660180f7852fbb1879f86d1cf2ef015d6966b2f63ea035ba537b48,game/france/DATA/MODEL.MRG,162012,96,0x80100000,9b5b1d72c0660180f7852fbb1879f86d1cf2ef015d6966b2f63ea035ba537b48,0x00017368,637,0,data_load,model_bulk_data_slot0,
80140000-9b5b1d72c0660180f7852fbb1879f86d1cf2ef015d6966b2f63ea035ba537b48,game/france/DATA/MODEL.MRG,162012,96,0x80140000,9b5b1d72c0660180f7852fbb1879f86d1cf2ef015d6966b2f63ea035ba537b48,0x00017368,637,0,data_load,model_bulk_data_slot1,
80100000-6040497e41a9fe8a94f3cbeab28d4892355533beaa8639de2a9913d1ef962e3a,game/france/DATA/MODEL.MRG,162288,96,0x80100000,6040497e41a9fe8a94f3cbeab28d4892355533beaa8639de2a9913d1ef962e3a,0x0001E42C,638,0,data_load,model_bulk_data_slot0,
80140000-6040497e41a9fe8a94f3cbeab28d4892355533beaa8639de2a9913d1ef962e3a,game/france/DATA/MODEL.MRG,162288,96,0x80140000,6040497e41a9fe8a94f3cbeab28d4892355533beaa8639de2a9913d1ef962e3a,0x0001E42C,638,0,data_load,model_bulk_data_slot1,
80100000-894d103d85bd6a4cc57ffece65fc1c42fa0bd8458bf6959c68f7dc50f9ccf1d6,game/france/DATA/MODEL.MRG,162564,96,0x80100000,894d103d85bd6a4cc57ffece65fc1c42fa0bd8458bf6959c68f7dc50f9ccf1d6,0x0000F1AC,639,0,data_load,model_bulk_data_slot0,
80140000-894d103d85bd6a4cc57ffece65fc1c42fa0bd8458bf6959c68f7dc50f9ccf1d6,game/france/DATA/MODEL.MRG,162564,96,0x80140000,894d103d85bd6a4cc57ffece65fc1c42fa0bd8458bf6959c68f7dc50f9ccf1d6,0x0000F1AC,639,0,data_load,model_bulk_data_slot1,
80100000-860e866040e39f47ac578156a0aa96d746723af9a0f6842854cf0cf3666a9977,game/france/DATA/MODEL.MRG,162840,96,0x80100000,860e866040e39f47ac578156a0aa96d746723af9a0f6842854cf0cf3666a9977,0x00013A14,640,0,data_load,model_bulk_data_slot0,
80140000-860e866040e39f47ac578156a0aa96d746723af9a0f6842854cf0cf3666a9977,game/france/DATA/MODEL.MRG,162840,96,0x80140000,860e866040e39f47ac578156a0aa96d746723af9a0f6842854cf0cf3666a9977,0x00013A14,640,0,data_load,model_bulk_data_slot1,
80100000-eb502aa0d0bda58fe2cc8414b4966e7d160dc70b226e771e4868a1b2876f710d,game/france/DATA/MODEL.MRG,163116,96,0x80100000,eb502aa0d0bda58fe2cc8414b4966e7d160dc70b226e771e4868a1b2876f710d,0x00023660,641,0,data_load,model_bulk_data_slot0,
80140000-eb502aa0d0bda58fe2cc8414b4966e7d160dc70b226e771e4868a1b2876f710d,game/france/DATA/MODEL.MRG,163116,96,0x80140000,eb502aa0d0bda58fe2cc8414b4966e7d160dc70b226e771e4868a1b2876f710d,0x00023660,641,0,data_load,model_bulk_data_slot1,
80100000-a9d7412e49f46a8d29785b540aaffdc25510a3e34e8ebb5f0cf08de556b27b4a,game/france/DATA/MODEL.MRG,163392,96,0x80100000,a9d7412e49f46a8d29785b540aaffdc25510a3e34e8ebb5f0cf08de556b27b4a,0x0000DB30,642,0,data_load,model_bulk_data_slot0,
80140000-a9d7412e49f46a8d29785b540aaffdc25510a3e34e8ebb5f0cf08de556b27b4a,game/france/DATA/MODEL.MRG,163392,96,0x80140000,a9d7412e49f46a8d29785b540aaffdc25510a3e34e8ebb5f0cf08de556b27b4a,0x0000DB30,642,0,data_load,model_bulk_data_slot1,
80100000-1a0a228c2828c7840c99bc6ec285379d8108d6bc4e0bf8b3608c2bedab146125,game/france/DATA/MODEL.MRG,163668,96,0x80100000,1a0a228c2828c7840c99bc6ec285379d8108d6bc4e0bf8b3608c2bedab146125,0x00010D9C,643,0,data_load,model_bulk_data_slot0,
80140000-1a0a228c2828c7840c99bc6ec285379d8108d6bc4e0bf8b3608c2bedab146125,game/france/DATA/MODEL.MRG,163668,96,0x80140000,1a0a228c2828c7840c99bc6ec285379d8108d6bc4e0bf8b3608c2bedab146125,0x00010D9C,643,0,data_load,model_bulk_data_slot1,
80100000-eeaac36eabd90b179119eb497317c6b8bd3c67bdb86400fd618185f04875368b,game/france/DATA/MODEL.MRG,163944,96,0x80100000,eeaac36eabd90b179119eb497317c6b8bd3c67bdb86400fd618185f04875368b,0x000156F0,644,0,data_load,model_bulk_data_slot0,
80140000-eeaac36eabd90b179119eb497317c6b8bd3c67bdb86400fd618185f04875368b,game/france/DATA/MODEL.MRG,163944,96,0x80140000,eeaac36eabd90b179119eb497317c6b8bd3c67bdb86400fd618185f04875368b,0x000156F0,644,0,data_load,model_bulk_data_slot1,
80100000-fffdc08bcd6c42508550244cbc8b07edc35212ce6635e1ad7be6f3da6b46e5d0,game/france/DATA/MODEL.MRG,164220,96,0x80100000,fffdc08bcd6c42508550244cbc8b07edc35212ce6635e1ad7be6f3da6b46e5d0,0x0001B63C,645,0,data_load,model_bulk_data_slot0,
80140000-fffdc08bcd6c42508550244cbc8b07edc35212ce6635e1ad7be6f3da6b46e5d0,game/france/DATA/MODEL.MRG,164220,96,0x80140000,fffdc08bcd6c42508550244cbc8b07edc35212ce6635e1ad7be6f3da6b46e5d0,0x0001B63C,645,0,data_load,model_bulk_data_slot1,
80100000-556694b33366efb515378fcc5d0d380a823f0cc158fed85975d2f9e2b2acfce2,game/france/DATA/MODEL.MRG,164496,96,0x80100000,556694b33366efb515378fcc5d0d380a823f0cc158fed85975d2f9e2b2acfce2,0x00013A40,646,0,data_load,model_bulk_data_slot0,
80140000-556694b33366efb515378fcc5d0d380a823f0cc158fed85975d2f9e2b2acfce2,game/france/DATA/MODEL.MRG,164496,96,0x80140000,556694b33366efb515378fcc5d0d380a823f0cc158fed85975d2f9e2b2acfce2,0x00013A40,646,0,data_load,model_bulk_data_slot1,
80100000-b75dedfc94ff228e9fb29c4fbd0820198db20abcc010ee8417f409352f3a5889,game/france/DATA/MODEL.MRG,164772,96,0x80100000,b75dedfc94ff228e9fb29c4fbd0820198db20abcc010ee8417f409352f3a5889,0x0001D68C,647,0,data_load,model_bulk_data_slot0,
80140000-b75dedfc94ff228e9fb29c4fbd0820198db20abcc010ee8417f409352f3a5889,game/france/DATA/MODEL.MRG,164772,96,0x80140000,b75dedfc94ff228e9fb29c4fbd0820198db20abcc010ee8417f409352f3a5889,0x0001D68C,647,0,data_load,model_bulk_data_slot1,
80100000-41096b1ef34d9d5510cc82971c2cd728739f9aa9726558c567fb02ef4bcef769,game/france/DATA/MODEL.MRG,165048,96,0x80100000,41096b1ef34d9d5510cc82971c2cd728739f9aa9726558c567fb02ef4bcef769,0x00012D4C,648,0,data_load,model_bulk_data_slot0,
80140000-41096b1ef34d9d5510cc82971c2cd728739f9aa9726558c567fb02ef4bcef769,game/france/DATA/MODEL.MRG,165048,96,0x80140000,41096b1ef34d9d5510cc82971c2cd728739f9aa9726558c567fb02ef4bcef769,0x00012D4C,648,0,data_load,model_bulk_data_slot1,
80100000-92b3851b4af0c82a04a5d3132aab1a9ba1094e057e34932663a5e768947a835a,game/france/DATA/MODEL.MRG,165324,96,0x80100000,92b3851b4af0c82a04a5d3132aab1a9ba1094e057e34932663a5e768947a835a,0x0001BA7C,649,0,data_load,model_bulk_data_slot0,
80140000-92b3851b4af0c82a04a5d3132aab1a9ba1094e057e34932663a5e768947a835a,game/france/DATA/MODEL.MRG,165324,96,0x80140000,92b3851b4af0c82a04a5d3132aab1a9ba1094e057e34932663a5e768947a835a,0x0001BA7C,649,0,data_load,model_bulk_data_slot1,
80100000-96a172b2e9829ee5f7c91a89dba34e4f32440a9337722c14093f2a29ff0a0455,game/france/DATA/MODEL.MRG,165600,96,0x80100000,96a172b2e9829ee5f7c91a89dba34e4f32440a9337722c14093f2a29ff0a0455,0x0001F0B4,700,0,data_load,model_bulk_data_slot0,
80140000-96a172b2e9829ee5f7c91a89dba34e4f32440a9337722c14093f2a29ff0a0455,game/france/DATA/MODEL.MRG,165600,96,0x80140000,96a172b2e9829ee5f7c91a89dba34e4f32440a9337722c14093f2a29ff0a0455,0x0001F0B4,700,0,data_load,model_bulk_data_slot1,
80100000-88569f737b258fe7411c79dc131be8eb0de32dd4a288a30e5b437001d7bb5463,game/france/DATA/MODEL.MRG,165876,96,0x80100000,88569f737b258fe7411c79dc131be8eb0de32dd4a288a30e5b437001d7bb5463,0x00017AF0,701,0,data_load,model_bulk_data_slot0,
80140000-88569f737b258fe7411c79dc131be8eb0de32dd4a288a30e5b437001d7bb5463,game/france/DATA/MODEL.MRG,165876,96,0x80140000,88569f737b258fe7411c79dc131be8eb0de32dd4a288a30e5b437001d7bb5463,0x00017AF0,701,0,data_load,model_bulk_data_slot1,
80100000-40885e17e6bece1c95f0762ce1464643fc9388b3df2f4b5a455a7ab491e6aae8,game/france/DATA/MODEL.MRG,166152,96,0x80100000,40885e17e6bece1c95f0762ce1464643fc9388b3df2f4b5a455a7ab491e6aae8,0x0001C004,702,0,data_load,model_bulk_data_slot0,
80140000-40885e17e6bece1c95f0762ce1464643fc9388b3df2f4b5a455a7ab491e6aae8,game/france/DATA/MODEL.MRG,166152,96,0x80140000,40885e17e6bece1c95f0762ce1464643fc9388b3df2f4b5a455a7ab491e6aae8,0x0001C004,702,0,data_load,model_bulk_data_slot1,
80100000-75c0d1e246780efcb089460d0969394bb28363e2c13c0253a75136a8fdc296e8,game/france/DATA/MODEL.MRG,166428,96,0x80100000,75c0d1e246780efcb089460d0969394bb28363e2c13c0253a75136a8fdc296e8,0x00016EAC,703,0,data_load,model_bulk_data_slot0,
80140000-75c0d1e246780efcb089460d0969394bb28363e2c13c0253a75136a8fdc296e8,game/france/DATA/MODEL.MRG,166428,96,0x80140000,75c0d1e246780efcb089460d0969394bb28363e2c13c0253a75136a8fdc296e8,0x00016EAC,703,0,data_load,model_bulk_data_slot1,
80100000-c334bc6a1f4eb418a21d338942d48e8bfd388c63bad62e0e1a030fc59a0f9043,game/france/DATA/MODEL.MRG,166704,96,0x80100000,c334bc6a1f4eb418a21d338942d48e8bfd388c63bad62e0e1a030fc59a0f9043,0x0001A688,704,0,data_load,model_bulk_data_slot0,
80140000-c334bc6a1f4eb418a21d338942d48e8bfd388c63bad62e0e1a030fc59a0f9043,game/france/DATA/MODEL.MRG,166704,96,0x80140000,c334bc6a1f4eb418a21d338942d48e8bfd388c63bad62e0e1a030fc59a0f9043,0x0001A688,704,0,data_load,model_bulk_data_slot1,
80100000-ecd027c5f51a87dd8fd244a04d740ac5457aadf8ca6576c5036c7362857fd94c,game/france/DATA/MODEL.MRG,166980,96,0x80100000,ecd027c5f51a87dd8fd244a04d740ac5457aadf8ca6576c5036c7362857fd94c,0x000246E0,705,0,data_load,model_bulk_data_slot0,
80140000-ecd027c5f51a87dd8fd244a04d740ac5457aadf8ca6576c5036c7362857fd94c,game/france/DATA/MODEL.MRG,166980,96,0x80140000,ecd027c5f51a87dd8fd244a04d740ac5457aadf8ca6576c5036c7362857fd94c,0x000246E0,705,0,data_load,model_bulk_data_slot1,
80100000-edb9492635508fc31df422b81ade5ddd7194d6765b1b33fc5ef6b83b9d29bbf4,game/france/DATA/MODEL.MRG,167256,96,0x80100000,edb9492635508fc31df422b81ade5ddd7194d6765b1b33fc5ef6b83b9d29bbf4,0x000174F0,706,0,data_load,model_bulk_data_slot0,
80140000-edb9492635508fc31df422b81ade5ddd7194d6765b1b33fc5ef6b83b9d29bbf4,game/france/DATA/MODEL.MRG,167256,96,0x80140000,edb9492635508fc31df422b81ade5ddd7194d6765b1b33fc5ef6b83b9d29bbf4,0x000174F0,706,0,data_load,model_bulk_data_slot1,
80100000-6e84a5691420eabd79c961dd98f1f4cd56d52b39acd950819461cc210aa7b0e6,game/france/DATA/MODEL.MRG,167532,96,0x80100000,6e84a5691420eabd79c961dd98f1f4cd56d52b39acd950819461cc210aa7b0e6,0x000197F0,707,0,data_load,model_bulk_data_slot0,
80140000-6e84a5691420eabd79c961dd98f1f4cd56d52b39acd950819461cc210aa7b0e6,game/france/DATA/MODEL.MRG,167532,96,0x80140000,6e84a5691420eabd79c961dd98f1f4cd56d52b39acd950819461cc210aa7b0e6,0x000197F0,707,0,data_load,model_bulk_data_slot1,
80100000-9b8f29aac9d65d4b62f2751b18360947bcc15f71892d4051834ca74a8783d032,game/france/DATA/MODEL.MRG,167808,96,0x80100000,9b8f29aac9d65d4b62f2751b18360947bcc15f71892d4051834ca74a8783d032,0x00022DB8,708,0,data_load,model_bulk_data_slot0,
80140000-9b8f29aac9d65d4b62f2751b18360947bcc15f71892d4051834ca74a8783d032,game/france/DATA/MODEL.MRG,167808,96,0x80140000,9b8f29aac9d65d4b62f2751b18360947bcc15f71892d4051834ca74a8783d032,0x00022DB8,708,0,data_load,model_bulk_data_slot1,
80100000-db5a9a2c3551a1030c9c171693535436f2736af96054cde0792637a8de979712,game/france/DATA/MODEL.MRG,168084,96,0x80100000,db5a9a2c3551a1030c9c171693535436f2736af96054cde0792637a8de979712,0x00025170,709,0,data_load,model_bulk_data_slot0,
80140000-db5a9a2c3551a1030c9c171693535436f2736af96054cde0792637a8de979712,game/france/DATA/MODEL.MRG,168084,96,0x80140000,db5a9a2c3551a1030c9c171693535436f2736af96054cde0792637a8de979712,0x00025170,709,0,data_load,model_bulk_data_slot1,
80100000-e3d67f55555100281dc8f0e405889205f7f891efbc0d6c17b6551082a63625fc,game/france/DATA/MODEL.MRG,168360,96,0x80100000,e3d67f55555100281dc8f0e405889205f7f891efbc0d6c17b6551082a63625fc,0x0001A9C4,710,0,data_load,model_bulk_data_slot0,
80140000-e3d67f55555100281dc8f0e405889205f7f891efbc0d6c17b6551082a63625fc,game/france/DATA/MODEL.MRG,168360,96,0x80140000,e3d67f55555100281dc8f0e405889205f7f891efbc0d6c17b6551082a63625fc,0x0001A9C4,710,0,data_load,model_bulk_data_slot1,
80100000-a525d0a913629f4db66a5012e378a662a5ce89b003536a6cea25790268fce6b0,game/france/DATA/MODEL.MRG,168636,96,0x80100000,a525d0a913629f4db66a5012e378a662a5ce89b003536a6cea25790268fce6b0,0x0001FBE4,711,0,data_load,model_bulk_data_slot0,
80140000-a525d0a913629f4db66a5012e378a662a5ce89b003536a6cea25790268fce6b0,game/france/DATA/MODEL.MRG,168636,96,0x80140000,a525d0a913629f4db66a5012e378a662a5ce89b003536a6cea25790268fce6b0,0x0001FBE4,711,0,data_load,model_bulk_data_slot1,
80100000-53c55687850daa3a493c96590ec614dc580bb926e8b50a49b347dc9b11328a87,game/france/DATA/MODEL.MRG,168912,96,0x80100000,53c55687850daa3a493c96590ec614dc580bb926e8b50a49b347dc9b11328a87,0x0001F314,712,0,data_load,model_bulk_data_slot0,
80140000-53c55687850daa3a493c96590ec614dc580bb926e8b50a49b347dc9b11328a87,game/france/DATA/MODEL.MRG,168912,96,0x80140000,53c55687850daa3a493c96590ec614dc580bb926e8b50a49b347dc9b11328a87,0x0001F314,712,0,data_load,model_bulk_data_slot1,
80100000-e614a4cade6588ae99cd11306119fab4821bbdc867dd14e075b5b2e5769e4894,game/france/DATA/MODEL.MRG,169188,96,0x80100000,e614a4cade6588ae99cd11306119fab4821bbdc867dd14e075b5b2e5769e4894,0x0001E730,713,0,data_load,model_bulk_data_slot0,
80140000-e614a4cade6588ae99cd11306119fab4821bbdc867dd14e075b5b2e5769e4894,game/france/DATA/MODEL.MRG,169188,96,0x80140000,e614a4cade6588ae99cd11306119fab4821bbdc867dd14e075b5b2e5769e4894,0x0001E730,713,0,data_load,model_bulk_data_slot1,
80100000-a94a14e9fd62807e7ec39421da340412bc5aee0cbd060e365e2c10c5bd638b6c,game/france/DATA/MODEL.MRG,169464,96,0x80100000,a94a14e9fd62807e7ec39421da340412bc5aee0cbd060e365e2c10c5bd638b6c,0x0001E190,714,0,data_load,model_bulk_data_slot0,
80140000-a94a14e9fd62807e7ec39421da340412bc5aee0cbd060e365e2c10c5bd638b6c,game/france/DATA/MODEL.MRG,169464,96,0x80140000,a94a14e9fd62807e7ec39421da340412bc5aee0cbd060e365e2c10c5bd638b6c,0x0001E190,714,0,data_load,model_bulk_data_slot1,
80100000-4dfdba79c857337ea43fc4cc1a9f57638520b726ce4a72c8b47491878c632b99,game/france/DATA/MODEL.MRG,169740,96,0x80100000,4dfdba79c857337ea43fc4cc1a9f57638520b726ce4a72c8b47491878c632b99,0x0001E378,715,0,data_load,model_bulk_data_slot0,
80140000-4dfdba79c857337ea43fc4cc1a9f57638520b726ce4a72c8b47491878c632b99,game/france/DATA/MODEL.MRG,169740,96,0x80140000,4dfdba79c857337ea43fc4cc1a9f57638520b726ce4a72c8b47491878c632b99,0x0001E378,715,0,data_load,model_bulk_data_slot1,
80100000-d09689b93a4d24caa95a5e44e14f7049593f278bbda3c7aa95e66ca64e6d02e5,game/france/DATA/MODEL.MRG,170016,96,0x80100000,d09689b93a4d24caa95a5e44e14f7049593f278bbda3c7aa95e66ca64e6d02e5,0x000212F4,716,0,data_load,model_bulk_data_slot0,
80140000-d09689b93a4d24caa95a5e44e14f7049593f278bbda3c7aa95e66ca64e6d02e5,game/france/DATA/MODEL.MRG,170016,96,0x80140000,d09689b93a4d24caa95a5e44e14f7049593f278bbda3c7aa95e66ca64e6d02e5,0x000212F4,716,0,data_load,model_bulk_data_slot1,
80100000-de3af0105d18050921f54c95c2f02f7a514c490ad334b900ce0c04111c7351c1,game/france/DATA/MODEL.MRG,170292,96,0x80100000,de3af0105d18050921f54c95c2f02f7a514c490ad334b900ce0c04111c7351c1,0x000153D8,717,0,data_load,model_bulk_data_slot0,
80140000-de3af0105d18050921f54c95c2f02f7a514c490ad334b900ce0c04111c7351c1,game/france/DATA/MODEL.MRG,170292,96,0x80140000,de3af0105d18050921f54c95c2f02f7a514c490ad334b900ce0c04111c7351c1,0x000153D8,717,0,data_load,model_bulk_data_slot1,
80100000-0d40e31ea9921abc9bdf5d37888a055c32dc691849b08c50ec8a296f84924e92,game/france/DATA/MODEL.MRG,170568,96,0x80100000,0d40e31ea9921abc9bdf5d37888a055c32dc691849b08c50ec8a296f84924e92,0x00021B58,718,0,data_load,model_bulk_data_slot0,
80140000-0d40e31ea9921abc9bdf5d37888a055c32dc691849b08c50ec8a296f84924e92,game/france/DATA/MODEL.MRG,170568,96,0x80140000,0d40e31ea9921abc9bdf5d37888a055c32dc691849b08c50ec8a296f84924e92,0x00021B58,718,0,data_load,model_bulk_data_slot1,
80100000-6880b5381b9cd853a2e43fc045034657382c7abbcdde1f7238806d2efd3e3d39,game/france/DATA/MODEL.MRG,170844,96,0x80100000,6880b5381b9cd853a2e43fc045034657382c7abbcdde1f7238806d2efd3e3d39,0x0000B65C,719,0,data_load,model_bulk_data_slot0,
80140000-6880b5381b9cd853a2e43fc045034657382c7abbcdde1f7238806d2efd3e3d39,game/france/DATA/MODEL.MRG,170844,96,0x80140000,6880b5381b9cd853a2e43fc045034657382c7abbcdde1f7238806d2efd3e3d39,0x0000B65C,719,0,data_load,model_bulk_data_slot1,
80100000-a4af1e11c74c400402d7a712827f72ec02b89ae94b43483cd3712c3914136196,game/france/DATA/MODEL.MRG,171120,96,0x80100000,a4af1e11c74c400402d7a712827f72ec02b89ae94b43483cd3712c3914136196,0x0001FFB4,721,0,data_load,model_bulk_data_slot0,
80140000-a4af1e11c74c400402d7a712827f72ec02b89ae94b43483cd3712c3914136196,game/france/DATA/MODEL.MRG,171120,96,0x80140000,a4af1e11c74c400402d7a712827f72ec02b89ae94b43483cd3712c3914136196,0x0001FFB4,721,0,data_load,model_bulk_data_slot1,
80180000-a656d500833b53ea663e930ec36f63728a30d9dd6dd42d02df1462bf776b4052,game/france/DATA/SU.MRG,680,18,0x80180000,a656d500833b53ea663e930ec36f63728a30d9dd6dd42d02df1462bf776b4052,0x00005F20,,,data_load,auxiliary_model_data_0,
80180000-0d3d379278737c639eb731a4e73da5035664eac35c214ff98b2e015e4f6f34ea,game/france/DATA/SU.MRG,796,18,0x80180000,0d3d379278737c639eb731a4e73da5035664eac35c214ff98b2e015e4f6f34ea,0x0000581C,,,data_load,auxiliary_model_data_1,
80180000-4b670278b069735c64d8324f08c7a05f124da1c8b88aca357459f57578ec2fed,game/france/DATA/SU.MRG,912,18,0x80180000,4b670278b069735c64d8324f08c7a05f124da1c8b88aca357459f57578ec2fed,0x000049D8,,,data_load,auxiliary_model_data_2,
80180000-c6205091abf4aecb3b664cf3e49c72caf61e454f9486d9e5abe0f99053da06c2,game/france/DATA/SU.MRG,1028,18,0x80180000,c6205091abf4aecb3b664cf3e49c72caf61e454f9486d9e5abe0f99053da06c2,0x00007260,,,data_load,auxiliary_model_data_3,
80180000-10fd6dcf61e172fd30f0b7db900739bd7bad92092537665970658937d5bb4f2a,game/france/DATA/SU.MRG,1144,18,0x80180000,10fd6dcf61e172fd30f0b7db900739bd7bad92092537665970658937d5bb4f2a,0x00008A7C,,,data_load,auxiliary_model_data_4,
80180000-d03c23a8b63297bc7ef2d650304388fb2bb96cd30d8984e809a71d07f0d4505c,game/france/DATA/SU.MRG,1260,18,0x80180000,d03c23a8b63297bc7ef2d650304388fb2bb96cd30d8984e809a71d07f0d4505c,0x00005364,,,data_load,auxiliary_model_data_5,
80180000-859e762369acd5f369681289e6aedce288a75e44dfdf81747eeebf0e8b7ba9f8,game/france/DATA/SU.MRG,1376,18,0x80180000,859e762369acd5f369681289e6aedce288a75e44dfdf81747eeebf0e8b7ba9f8,0x000061F0,,,data_load,auxiliary_model_data_6,
