body_sha256,bytes,unique_image_sites,physical_site_occurrences,known_matching_c_sites,registered_assembly_sites,unregistered_candidate_sites,classification,caveat
000504da06238a3448ef07714549977576477f72315a1572a6ce9c08b9bf25f8,7352,1,1,0,0,1,candidate_only_not_proven_function,exact_bytes_only_not_relocation_normalized_or_complete_image_acceptance
000f2241fadaf039d80af222680ed7255e8c12b1403fbc598f5276552ffd539c,2480,1,1,0,0,1,candidate_only_not_proven_function,exact_bytes_only_not_relocation_normalized_or_complete_image_acceptance
0027035793e57febdb2aa9932eebc9a2f685102d4f115e0f6fb1be594ebb6a50,1596,2,2,0,0,2,candidate_only_not_proven_function,exact_bytes_only_not_relocation_normalized_or_complete_image_acceptance
005230e25a9696804f7a08e062b8086704c3f35d8ffb47f87bd28b857a12f9de,992,3,3,0,0,3,candidate_only_not_proven_function,exact_bytes_only_not_relocation_normalized_or_complete_image_acceptance
0082815345a313c1f0d22574dac85651efb1ee645ed120f47dbce4dfe8386ed9,4540,5,5,0,0,5,candidate_only_not_proven_function,exact_bytes_only_not_relocation_normalized_or_complete_image_acceptance
00ff5f906708b15e0066dc0d14c3e3d2aa1c8a14923335526ababb8f778ab773,10108,3,3,0,0,3,candidate_only_not_proven_function,exact_bytes_only_not_relocation_normalized_or_complete_image_acceptance
010bcb691104969cfc0a6fba4ac3b4ab6f711c849c959ecf3c1f4dec696f32c3,1312,2,2,0,0,2,candidate_only_not_proven_function,exact_bytes_only_not_relocation_normalized_or_complete_image_acceptance
0125143081e5365fa2ee986c7bf630baa84200726e484bd62648297961e5c469,5264,1,1,0,0,1,candidate_only_not_proven_function,exact_bytes_only_not_relocation_normalized_or_complete_image_acceptance
012b10381ff6897ac6419a9c1198d7089ff3b7ac7c23bd8a096b4d47cac7c874,156,1,1,0,0,1,candidate_only_not_proven_function,exact_bytes_only_not_relocation_normalized_or_complete_image_acceptance
0131334c5486565ccc65872882f02fcc6862f22b9c9e6da88a3331cfe660757f,15308,6,6,0,0,6,candidate_only_not_proven_function,exact_bytes_only_not_relocation_normalized_or_complete_image_acceptance
013bc8847ee2e869c0960ec7fdad4a03ab9d0ea8ddcba40358eec991abb976d6,4808,1,1,0,0,1,candidate_only_not_proven_function,exact_bytes_only_not_relocation_normalized_or_complete_image_acceptance
013cd381c1a7e3bbfe5b496e5082da67be209bf1ad9a432cde567b4ec660cdb2,3236,4,4,0,0,4,candidate_only_not_proven_function,exact_bytes_only_not_relocation_normalized_or_complete_image_acceptance
01402a97bbb19d1577d7c6b6af3af1119ab4a2e73348f1312a1f42ff7160d2db,16508,1,1,0,0,1,candidate_only_not_proven_function,exact_bytes_only_not_relocation_normalized_or_complete_image_acceptance
017765407821d137456513ac4c0e2e52917358d04243cd57e3f26816fd59d651,940,1,1,0,0,1,candidate_only_not_proven_function,exact_bytes_only_not_relocation_normalized_or_complete_image_acceptance
019794a6f473c58b28553367bddb289100e7957fe30b46db8b63b90b72398b90,5372,2,2,0,0,2,candidate_only_not_proven_function,exact_bytes_only_not_relocation_normalized_or_complete_image_acceptance
03216d927fdc2493c654e9600b20e2f807dd074cb3d84b424723b961aaaf062a,4612,4,4,0,0,4,candidate_only_not_proven_function,exact_bytes_only_not_relocation_normalized_or_complete_image_acceptance
03557296cb1f0de279ebf05e7f1c72b42bcc71ed87455e18ab6d0b84092de695,1920,5,5,5,0,0,has_matching_c_byte_identity,exact_bytes_only_not_relocation_normalized_or_complete_image_acceptance
0391e523d6fb1403be48b404c1afa1d12fdab216e67c656a33bb1dc1a2d57caf,4200,2,2,0,0,2,candidate_only_not_proven_function,exact_bytes_only_not_relocation_normalized_or_complete_image_acceptance
042e8513ff47d5bbbdd9fe998c7decb3599c6a6dddda0a6ef7acc5428dd44273,4976,2,2,0,0,2,candidate_only_not_proven_function,exact_bytes_only_not_relocation_normalized_or_complete_image_acceptance
046eb852c4ef43d1187ff8ff69794a31bb0b9171f6c63bcb127d3c6ff23873c2,3552,1,1,0,0,1,candidate_only_not_proven_function,exact_bytes_only_not_relocation_normalized_or_complete_image_acceptance
05402c566a80c4974a1339b342e724d4059b25710e8157d0b61d6580ad321c01,5756,1,1,0,0,1,candidate_only_not_proven_function,exact_bytes_only_not_relocation_normalized_or_complete_image_acceptance
056bae273cddd0b88463baa626994bd48b3b78a97a70a455c8c4dc9e1c37eea7,1412,5,5,0,0,5,candidate_only_not_proven_function,exact_bytes_only_not_relocation_normalized_or_complete_image_acceptance
056fd844881263acd6168b7ed05a15ef14521aca79d54e45195a11a2763981e4,9104,1,1,0,0,1,candidate_only_not_proven_function,exact_bytes_only_not_relocation_normalized_or_complete_image_acceptance
061ae63e06ff44af581d2b666facd18b5dfeb6b4b3dd149f2c10b20d92efe24c,1572,1,1,1,0,0,has_matching_c_byte_identity,exact_bytes_only_not_relocation_normalized_or_complete_image_acceptance
064214d343fa6c2eddbba3d92f76e5268f1679443d34ecbf4361e924e521a44f,968,2,2,2,0,0,has_matching_c_byte_identity,exact_bytes_only_not_relocation_normalized_or_complete_image_acceptance
066470aa945e2f7f5ea264040cd2dc41974aa1518ee2ce22d362ad29fadfba2d,860,1,1,0,0,1,candidate_only_not_proven_function,exact_bytes_only_not_relocation_normalized_or_complete_image_acceptance
06a299310da6340e947c23b63d8553c6efea8cc9d57f6faf85787cb9fde8ef5f,2772,2,2,2,0,0,has_matching_c_byte_identity,exact_bytes_only_not_relocation_normalized_or_complete_image_acceptance
06bb68131ae24bc543142af99f3a7b7877f1d0602d4f351335d27af5bc45ebc3,4924,3,3,0,0,3,candidate_only_not_proven_function,exact_bytes_only_not_relocation_normalized_or_complete_image_acceptance
071d57fae0637e557cde3e44d40edf83f7df196dfd327e3cff1e1da09329a369,2448,1,1,1,0,0,has_matching_c_byte_identity,exact_bytes_only_not_relocation_normalized_or_complete_image_acceptance
07346df83f2217434534a172add1f0db7f62391c19a9e321f5b7111b37972d50,2356,2,2,2,0,0,has_matching_c_byte_identity,exact_bytes_only_not_relocation_normalized_or_complete_image_acceptance
075b5feb2c62a440b644c7747ae2c10e561a2bfe75f434d6a4ab334ce07de941,2624,1,1,0,0,1,candidate_only_not_proven_function,exact_bytes_only_not_relocation_normalized_or_complete_image_acceptance
07b93f709ee50fedeeedf8638e02b2552c7c85f948f6db2ef302e8e3fa302571,2048,5,6,0,0,5,candidate_only_not_proven_function,exact_bytes_only_not_relocation_normalized_or_complete_image_acceptance
07bd7610eae32356a29269186131941ee841783a9055336eddfae53a6cf10cc2,4288,3,3,0,0,3,candidate_only_not_proven_function,exact_bytes_only_not_relocation_normalized_or_complete_image_acceptance
07ec26ecfd9c5bad5926c778768f978ed6347d8674aa5012e174254acc7feef0,3604,5,5,0,0,5,candidate_only_not_proven_function,exact_bytes_only_not_relocation_normalized_or_complete_image_acceptance
07f2a11e1c2ebd6de34abcde3dae6095e888da25e8f9ee40ceb76df0744831c5,896,1,1,1,0,0,has_matching_c_byte_identity,exact_bytes_only_not_relocation_normalized_or_complete_image_acceptance
0822310d024ab1f2719464ce79b047435c1a5822670f428cd271c97dfe25d080,4976,2,2,0,0,2,candidate_only_not_proven_function,exact_bytes_only_not_relocation_normalized_or_complete_image_acceptance
0874bd38f152470fa719449304deea7c93b8e8b7dd166513033178c5f0ed7cab,780,1,1,1,0,0,has_matching_c_byte_identity,exact_bytes_only_not_relocation_normalized_or_complete_image_acceptance
08a493c380e61958145d6d23c68e4114fcbf0057ed18b5a5195908f2c302fc9e,1948,1,1,0,0,1,candidate_only_not_proven_function,exact_bytes_only_not_relocation_normalized_or_complete_image_acceptance
08c62a8474f1aeb022f30cbf14982a8b6a52edd8d9f19cf7e891c56c4815310f,4228,12,13,12,0,0,has_matching_c_byte_identity,exact_bytes_only_not_relocation_normalized_or_complete_image_acceptance
08f1b4a377535ab94f90ccf315bd97c52461ec3a4389a4f0161c6e182901a4fe,6844,1,1,0,0,1,candidate_only_not_proven_function,exact_bytes_only_not_relocation_normalized_or_complete_image_acceptance
08f3c4dbbb146d7705bbc111d2da56508946c5c3c4eaea4cc54447cb0a854ea7,40,1,1,0,0,1,candidate_only_not_proven_function,exact_bytes_only_not_relocation_normalized_or_complete_image_acceptance
09097a4320a982ccc4ebbb930a79291e2ee5ed5804945fe75269f7d68669cde4,1876,1,1,0,0,1,candidate_only_not_proven_function,exact_bytes_only_not_relocation_normalized_or_complete_image_acceptance
093718984cf6d5650c00fcd2b371b7c236e551d632af5f886d8c159cf9452297,1272,2,2,2,0,0,has_matching_c_byte_identity,exact_bytes_only_not_relocation_normalized_or_complete_image_acceptance
093f831b70cc6530530eedc44b9323ea9c4d8ac782a358b883363cd1230d5e86,1124,1,1,0,0,1,candidate_only_not_proven_function,exact_bytes_only_not_relocation_normalized_or_complete_image_acceptance
09416db82023da099e64176e0420c7b281906c97af8083cc58effb27610cfab4,1412,2,2,0,0,2,candidate_only_not_proven_function,exact_bytes_only_not_relocation_normalized_or_complete_image_acceptance
097aa565edeb823b03da0773052ca505ae0f2160c4d060ec0b268f1632197f67,4704,2,2,0,0,2,candidate_only_not_proven_function,exact_bytes_only_not_relocation_normalized_or_complete_image_acceptance
0988b177553914ed62b0191f34060f72765ee5e29016279fa6acd9aaf9cc75c8,4260,1,1,0,0,1,candidate_only_not_proven_function,exact_bytes_only_not_relocation_normalized_or_complete_image_acceptance
09f2b9fd89a1943c25bcaa0430eb8148306d063e0fe9f03ccc81793c66ffc816,1204,4,4,0,0,4,candidate_only_not_proven_function,exact_bytes_only_not_relocation_normalized_or_complete_image_acceptance
0a08580a56229a8669cef1fe9bd45cd18b81bee422141a30cdf9b03435510672,872,1,1,1,0,0,has_matching_c_byte_identity,exact_bytes_only_not_relocation_normalized_or_complete_image_acceptance
0a1292a914d9d90a338e8399ec1a6b78e56d8dd1b0bba51c5828f8f55ccec8a8,1088,3,3,0,0,3,candidate_only_not_proven_function,exact_bytes_only_not_relocation_normalized_or_complete_image_acceptance
0a3671580f3201b07019568a70eb701f5d1530a1299839dac4dfb7d621ef8d29,1220,3,3,3,0,0,has_matching_c_byte_identity,exact_bytes_only_not_relocation_normalized_or_complete_image_acceptance
0a46c43bf641e9878ec6f80813a2b6b1cd00f81a7184a0a37b259bacb5259d68,896,11,12,11,0,0,has_matching_c_byte_identity,exact_bytes_only_not_relocation_normalized_or_complete_image_acceptance
0afb2535ac5da23fbde136dfe0f758b2dd5f04175ce07b1a18f8c1e8b97fc451,1188,1,1,0,0,1,candidate_only_not_proven_function,exact_bytes_only_not_relocation_normalized_or_complete_image_acceptance
0b03545a54ac26f03b420fe0eb6e029c7cdcee32081ffaa2f5f5111b94e922da,3144,2,2,0,0,2,candidate_only_not_proven_function,exact_bytes_only_not_relocation_normalized_or_complete_image_acceptance
0b192db0747e698d2aa65ab059bbd24d5ca35d1b4adaffed541c380c05c388b7,900,2,2,2,0,0,has_matching_c_byte_identity,exact_bytes_only_not_relocation_normalized_or_complete_image_acceptance
0b56194b9ccde15f0ab14b3c5a9cd001761f2f70a3d263a7ce294372b221c335,896,2,2,2,0,0,has_matching_c_byte_identity,exact_bytes_only_not_relocation_normalized_or_complete_image_acceptance
0b6e16c30794eaff11ae8fcada521597820f1c4ce14611651411eda03c558110,1320,4,4,0,0,4,candidate_only_not_proven_function,exact_bytes_only_not_relocation_normalized_or_complete_image_acceptance
0b7dd553608fd83e558c5ea0d8ffddec82f0f50c2873f30f9b8524d99ee284af,1776,4,4,0,0,4,candidate_only_not_proven_function,exact_bytes_only_not_relocation_normalized_or_complete_image_acceptance
0bb410667da13115a5620222bee189a80fd9782a33e82b91b5531c0dbd486ec0,1512,1,1,0,0,1,candidate_only_not_proven_function,exact_bytes_only_not_relocation_normalized_or_complete_image_acceptance
0c07a071669f02ba2d5dfc562826bf720352586143b964afd9374a86b9c99d3e,7788,3,3,0,0,3,candidate_only_not_proven_function,exact_bytes_only_not_relocation_normalized_or_complete_image_acceptance
0c4bc24bbbe451bf4cef30729a475acfcda186412ae85abb970009c8b57191de,1436,5,5,5,0,0,has_matching_c_byte_identity,exact_bytes_only_not_relocation_normalized_or_complete_image_acceptance
0c611bb9e0d53177c22250d3d250c6ba04613199389c13d372c2bc333011ef5c,2820,8,8,8,0,0,has_matching_c_byte_identity,exact_bytes_only_not_relocation_normalized_or_complete_image_acceptance
0c722623770f46e480c7dbe40d4ef25990e03f8c2afca16f96c5020096783467,1612,1,1,0,0,1,candidate_only_not_proven_function,exact_bytes_only_not_relocation_normalized_or_complete_image_acceptance
0c9a40620f2b6d36e08844c12159030aead18009248b1e64ef99b3ccaf770601,1908,1,1,0,0,1,candidate_only_not_proven_function,exact_bytes_only_not_relocation_normalized_or_complete_image_acceptance
0caeab27f366c951e66e852b95295791b5a0cc13307173cb1193bc853287ce99,1632,1,1,0,0,1,candidate_only_not_proven_function,exact_bytes_only_not_relocation_normalized_or_complete_image_acceptance
0cb8ddd7a429d9ae261007fb8f76e3b774502193311add9edb7117bd25f2088c,1680,6,6,6,0,0,has_matching_c_byte_identity,exact_bytes_only_not_relocation_normalized_or_complete_image_acceptance
0cda4889450f69706c442cfcc4357a74d471e82fc1f9449937e92248f6be1aef,2496,4,4,0,0,4,candidate_only_not_proven_function,exact_bytes_only_not_relocation_normalized_or_complete_image_acceptance
0cdce720ebe6e3f20d4ad039852dff09e53074de804c789b88dc58069d080d2f,4656,2,2,0,0,2,candidate_only_not_proven_function,exact_bytes_only_not_relocation_normalized_or_complete_image_acceptance
0cffc5c9b9875d73714cd805823fed805cbf4ddd9c1ea3a327eb864f4156e621,1396,11,12,11,0,0,has_matching_c_byte_identity,exact_bytes_only_not_relocation_normalized_or_complete_image_acceptance
0d1fe374ce670ac29307bb24d9638f726342525a6dad08f4364f883e232669a7,5744,1,1,0,0,1,candidate_only_not_proven_function,exact_bytes_only_not_relocation_normalized_or_complete_image_acceptance
0d525ee5d3c71fa314d214a4de6e2f45c54e1e0907224e96533b087398933670,6888,2,2,0,0,2,candidate_only_not_proven_function,exact_bytes_only_not_relocation_normalized_or_complete_image_acceptance
0d802bc31c420cdfe2d92e1c299a2467087b82ff569e21b0c9dabd25f9bd18f3,1512,4,4,0,0,4,candidate_only_not_proven_function,exact_bytes_only_not_relocation_normalized_or_complete_image_acceptance
0d8426bd526d9ba4eecd01811763de517ee1f693073e6313ad214e35472427a8,2092,3,3,0,0,3,candidate_only_not_proven_function,exact_bytes_only_not_relocation_normalized_or_complete_image_acceptance
0da6a9c07838736732e2edbba3590c650f7b5ea209cdacf7d9b9cfc1683ce944,3896,1,1,0,0,1,candidate_only_not_proven_function,exact_bytes_only_not_relocation_normalized_or_complete_image_acceptance
0dd65aedbefd8a4887dadfbb6966713a3e5db39695dd12d35a8546a64dca8bad,2028,2,2,0,0,2,candidate_only_not_proven_function,exact_bytes_only_not_relocation_normalized_or_complete_image_acceptance
0ddfa1a5cc9202f8e8ec7e083adc7a92b90afd21b1f71510f7276150e76ebec7,1968,6,6,0,0,6,candidate_only_not_proven_function,exact_bytes_only_not_relocation_normalized_or_complete_image_acceptance
0df0883b4908ff340c5d3d2d4281bd233de9a81db2778f84b102c4462a336da9,1424,1,1,1,0,0,has_matching_c_byte_identity,exact_bytes_only_not_relocation_normalized_or_complete_image_acceptance
0df807adae109f9e7457e016f161ac9e7d3b29a1d20e6fec49468f4188caaec0,4844,1,1,0,0,1,candidate_only_not_proven_function,exact_bytes_only_not_relocation_normalized_or_complete_image_acceptance
0e184eb39015d07b45559abccc346e8d2b376bbd6fdd66094f80277a939b007a,1308,3,3,0,0,3,candidate_only_not_proven_function,exact_bytes_only_not_relocation_normalized_or_complete_image_acceptance
0e243d9e5cdc50e6525f2c84735faa83961c005c931a1ad9a57ee958a011668e,1908,1,1,0,0,1,candidate_only_not_proven_function,exact_bytes_only_not_relocation_normalized_or_complete_image_acceptance
0e56b75264814ce3f3c07c8c0576585e5cbeca80d68a94accdc97fb663344df9,5004,3,3,0,0,3,candidate_only_not_proven_function,exact_bytes_only_not_relocation_normalized_or_complete_image_acceptance
0e5d6c756ca1965a0bb62d73943d5b625d79293ef7caa5c2b348420b1b3d5af0,3996,1,1,0,0,1,candidate_only_not_proven_function,exact_bytes_only_not_relocation_normalized_or_complete_image_acceptance
0e9d8006510cf4008daa8f4cc39e8c9138b847b9a576e83d4adf1ec6b59a4035,1344,1,1,1,0,0,has_matching_c_byte_identity,exact_bytes_only_not_relocation_normalized_or_complete_image_acceptance
0f239453782258ef8e1b3e429be2bbe5b68daec0f4629f77ca8a3a7f2d7563fe,4968,3,3,0,0,3,candidate_only_not_proven_function,exact_bytes_only_not_relocation_normalized_or_complete_image_acceptance
0f532073c550fcfe36087949e49aa3e0386ce4d6979a719972ee9104e4a18b72,1064,2,2,2,0,0,has_matching_c_byte_identity,exact_bytes_only_not_relocation_normalized_or_complete_image_acceptance
0f5c4d9d65cfcb08d39ee1b6242636b4026e442723cd3bc5017f26cb86f350ff,3480,1,1,0,0,1,candidate_only_not_proven_function,exact_bytes_only_not_relocation_normalized_or_complete_image_acceptance
0f643ab9d2772ce998d540fa56fb28fd7adef0c6ee6c0e74b5dc319ab3723af4,5440,1,1,0,0,1,candidate_only_not_proven_function,exact_bytes_only_not_relocation_normalized_or_complete_image_acceptance
0f859ffbb512cc09f4523d5fdce0fe6211af7593019286ffea0bc2792b0e1fbd,2252,2,2,0,0,2,candidate_only_not_proven_function,exact_bytes_only_not_relocation_normalized_or_complete_image_acceptance
0f8dcce809bd3bedfbab61f2b17f86a90930e7ec03d8407a31db428aa539e8a2,3220,6,6,0,6,0,registered_without_matching_c,exact_bytes_only_not_relocation_normalized_or_complete_image_acceptance
0fe84f84ecd86d9e48be7d3d39ae4c175864b41fa3509ecd1b891d89c55764fd,1968,6,6,0,0,6,candidate_only_not_proven_function,exact_bytes_only_not_relocation_normalized_or_complete_image_acceptance
101974589a93286e7e61b04397ad9753062407b87f803dce20505ac334da0b03,7384,3,3,0,0,3,candidate_only_not_proven_function,exact_bytes_only_not_relocation_normalized_or_complete_image_acceptance
1048fc9be8751d5790917930e1d287a0086bfdc913f2e261f29bfe333760aaea,2640,1,1,0,0,1,candidate_only_not_proven_function,exact_bytes_only_not_relocation_normalized_or_complete_image_acceptance
1098def7f5040dab472ca842f2a6df9a598908b0451375e61da39d45f7836055,1588,6,6,0,0,6,candidate_only_not_proven_function,exact_bytes_only_not_relocation_normalized_or_complete_image_acceptance
10f37af9d41e91bfdb8b1356bd87e80a6496eeb117bf9d9e22efe7cfe66a4e41,2200,2,2,0,0,2,candidate_only_not_proven_function,exact_bytes_only_not_relocation_normalized_or_complete_image_acceptance
10f80650086359463ebad2953f0707f582f003aa4fb46b343f24510c93ace62a,11416,2,2,0,0,2,candidate_only_not_proven_function,exact_bytes_only_not_relocation_normalized_or_complete_image_acceptance
113ac34a5d607c23b75c6bb7d30a38d967e012b5102775a7268b4a34a396c4aa,4956,1,1,0,1,0,registered_without_matching_c,exact_bytes_only_not_relocation_normalized_or_complete_image_acceptance
1141ecbbed6a5ec882c481bb09b6565818f9be4d2e20f6c45dda5928e76bccec,2620,1,1,0,0,1,candidate_only_not_proven_function,exact_bytes_only_not_relocation_normalized_or_complete_image_acceptance
116ab36b736b8a5fc6d8de1de270d4d94dcb90c7497f5e65fc04e585c33ef37e,1284,4,4,0,0,4,candidate_only_not_proven_function,exact_bytes_only_not_relocation_normalized_or_complete_image_acceptance
119e3dacf38d80bf311ccb478285d48d5ce9a2c70b29560de488560a27bd19ad,7148,8,8,0,0,8,candidate_only_not_proven_function,exact_bytes_only_not_relocation_normalized_or_complete_image_acceptance
120db7ea8241033801dfaff671eeb4c023b530a02e59c86182ab9033544ab9c5,6140,2,2,0,0,2,candidate_only_not_proven_function,exact_bytes_only_not_relocation_normalized_or_complete_image_acceptance
12212da3f15909e0405b2173ae6ba8ffcb1438df1def319a8e7bc0cd1aac0371,1124,1,1,1,0,0,has_matching_c_byte_identity,exact_bytes_only_not_relocation_normalized_or_complete_image_acceptance
1252d10dec6d090f25dff1ba150e2562f77090b2c52cc7adc5104abbbaaca09f,2092,3,3,0,0,3,candidate_only_not_proven_function,exact_bytes_only_not_relocation_normalized_or_complete_image_acceptance
127b152f6388e5b4085802556841ea51b529b0ecd73f920895ff977f9e5e0790,2412,2,2,0,0,2,candidate_only_not_proven_function,exact_bytes_only_not_relocation_normalized_or_complete_image_acceptance
128c7866ca39a87b1f5910f4dd62334af58cd11f10c396890999387f3888f928,5400,2,2,0,0,2,candidate_only_not_proven_function,exact_bytes_only_not_relocation_normalized_or_complete_image_acceptance
1298898b32f41a542edf8fba72e200622dde032278a9dda9ba886a310ef48afb,1736,1,1,0,0,1,candidate_only_not_proven_function,exact_bytes_only_not_relocation_normalized_or_complete_image_acceptance
12eb0f9142dc994129b88788f08470ce31334e67573b0785299eb10b1a818a01,9092,1,1,0,0,1,candidate_only_not_proven_function,exact_bytes_only_not_relocation_normalized_or_complete_image_acceptance
12f3e46028ea751233aa317b3e53ff9e6c383f82d1f83a465baf30d3c0750347,1380,1,1,0,0,1,candidate_only_not_proven_function,exact_bytes_only_not_relocation_normalized_or_complete_image_acceptance
1330f3393ce9927add0bed942304a9b571afd5ed479e1a21f5dbf3baa3de77cc,1896,11,12,11,0,0,has_matching_c_byte_identity,exact_bytes_only_not_relocation_normalized_or_complete_image_acceptance
13950a1e45846e51b5e9d1c41b8c2ab9ba106e595c2cf6d810cd5811f9fb355a,1368,1,1,0,0,1,candidate_only_not_proven_function,exact_bytes_only_not_relocation_normalized_or_complete_image_acceptance
13af3eccfba0a4449a22f135204bc28507e6f42c58e9bdf32608effd2ec438a5,2384,7,7,7,0,0,has_matching_c_byte_identity,exact_bytes_only_not_relocation_normalized_or_complete_image_acceptance
13b8048f7a9fe589d9c99ca410680dfd8b477fa204ded7dc788f1a308f6aab0d,276,2,2,2,0,0,has_matching_c_byte_identity,exact_bytes_only_not_relocation_normalized_or_complete_image_acceptance
13d61f33b54ed332278e9182acf97915b85af6e1def64e9c0c23b795b733871c,2056,3,3,0,0,3,candidate_only_not_proven_function,exact_bytes_only_not_relocation_normalized_or_complete_image_acceptance
13da5a91955572932217e2907d046d1da46be2be26ce35f5dd0f171775569e6f,1908,1,1,0,0,1,candidate_only_not_proven_function,exact_bytes_only_not_relocation_normalized_or_complete_image_acceptance
13dc15912e21d04ddbbdb62169e6b11b4fa7f72b4ff5d53dba2249843dcab3c5,1652,4,4,0,0,4,candidate_only_not_proven_function,exact_bytes_only_not_relocation_normalized_or_complete_image_acceptance
13f1b5430a30071d1310579921cc5878191e0f9ec2976391be4b7747a3d7df2b,1724,1,1,0,0,1,candidate_only_not_proven_function,exact_bytes_only_not_relocation_normalized_or_complete_image_acceptance
1411413891f72ee2189ed8948bbea080e207fbad822f34afa39324f035f6018b,896,6,6,6,0,0,has_matching_c_byte_identity,exact_bytes_only_not_relocation_normalized_or_complete_image_acceptance
1460f4c511f0056c5aa48c2e0a3a20018616d04be72a5ab059109a1b78caebdf,4540,5,5,0,0,5,candidate_only_not_proven_function,exact_bytes_only_not_relocation_normalized_or_complete_image_acceptance
14844a5bb28e5f0a0307ad9e0a38101720e28998807dab0fcdf03c564800894e,13428,3,3,0,0,3,candidate_only_not_proven_function,exact_bytes_only_not_relocation_normalized_or_complete_image_acceptance
14aefdf3d5b132f592af185a267c9cdff3429f09c8ff891f1763b2046669df70,3584,1,1,0,0,1,candidate_only_not_proven_function,exact_bytes_only_not_relocation_normalized_or_complete_image_acceptance
14dc98f7ad605ca2b23229eab25d5632f4e65132d92be1e4ed1086bd6e21f6e9,15540,1,1,0,0,1,candidate_only_not_proven_function,exact_bytes_only_not_relocation_normalized_or_complete_image_acceptance
14e4d77a8999dc60215436d3e928648d33dfdbd026db774fbc69c0beb9a6d598,1352,1,1,0,0,1,candidate_only_not_proven_function,exact_bytes_only_not_relocation_normalized_or_complete_image_acceptance
1508acd662b81cdcd0f3bdfe9dc3d2c77e0af2c68cf01b98dd8b16ca5443001a,9452,5,5,0,0,5,candidate_only_not_proven_function,exact_bytes_only_not_relocation_normalized_or_complete_image_acceptance
154c90f0566b327ff844ece77626f320456e1f99d058b08f957e5d72051499ea,940,12,13,12,0,0,has_matching_c_byte_identity,exact_bytes_only_not_relocation_normalized_or_complete_image_acceptance
161520c2e49bbb64731045dcbf6bbf0310a7ddc5ea7b740b7e8566fd0749bd1e,2540,1,1,0,0,1,candidate_only_not_proven_function,exact_bytes_only_not_relocation_normalized_or_complete_image_acceptance
166f628ed331c84d6a3ca63d0213dc42e0de33a411de87c474d2c46c3f2b7396,1272,2,2,2,0,0,has_matching_c_byte_identity,exact_bytes_only_not_relocation_normalized_or_complete_image_acceptance
16b1beda2d87c7d788b0240dff591618fe0b0bd390b75151af82f208f66e22c8,6056,2,2,0,0,2,candidate_only_not_proven_function,exact_bytes_only_not_relocation_normalized_or_complete_image_acceptance
16b94de4cf3748e08ef7ba98704cd74ddc6e2b91ed308c4720b0ed185c3d677b,15608,1,1,0,0,1,candidate_only_not_proven_function,exact_bytes_only_not_relocation_normalized_or_complete_image_acceptance
171111b1785a4131c3ae8be540ed150aca95c4a99ea5f6bddf10378e68ceb5b1,4924,3,3,0,0,3,candidate_only_not_proven_function,exact_bytes_only_not_relocation_normalized_or_complete_image_acceptance
171696a9716be742e559833c221d3f6a5febd523184fa0c311b9e81f93b0df16,1436,1,1,0,1,0,registered_without_matching_c,exact_bytes_only_not_relocation_normalized_or_complete_image_acceptance
172718ea1ca68121e9fa6a0689f7461fc99f3b2f743819e48d219ee307eba075,1532,6,6,0,0,6,candidate_only_not_proven_function,exact_bytes_only_not_relocation_normalized_or_complete_image_acceptance
17276e011738d10ce8650bfe91442e3f73ea56bb96965bd49e723a9f6dc3055c,2412,2,2,0,0,2,candidate_only_not_proven_function,exact_bytes_only_not_relocation_normalized_or_complete_image_acceptance
17426793de433ebacb5266ea7b26da72f18a809a83ab904af52dfbe33e16d124,836,28,28,26,0,2,has_matching_c_byte_identity,exact_bytes_only_not_relocation_normalized_or_complete_image_acceptance
176b86be6049ccbef1d0c720d6cb99bd56341430dfa5f67bf51327aba7b63d8d,4832,1,1,0,0,1,candidate_only_not_proven_function,exact_bytes_only_not_relocation_normalized_or_complete_image_acceptance
177267a879bbd034c14738af9d450d1e7749cc65a04e56c934028b15e00df6b9,792,2,2,2,0,0,has_matching_c_byte_identity,exact_bytes_only_not_relocation_normalized_or_complete_image_acceptance
17807454874a972e2241a02eba3dde374082507befc9be32844271d62dbf11bd,872,6,6,6,0,0,has_matching_c_byte_identity,exact_bytes_only_not_relocation_normalized_or_complete_image_acceptance
179d5876ff124ec46ab322dd5095fb611d27a1b049bad62281c44cce2256bb03,12152,1,1,0,0,1,candidate_only_not_proven_function,exact_bytes_only_not_relocation_normalized_or_complete_image_acceptance
17dbe678e1bab7cd8a7d59b250023f11eb058d7eea251a3fd8790bfd5773c6be,19376,1,1,0,0,1,candidate_only_not_proven_function,exact_bytes_only_not_relocation_normalized_or_complete_image_acceptance
17ea0bd0c96ffab2b5b08fe4dd69780845f25054bbb5c3bf0deaadda010a88de,1284,4,4,0,0,4,candidate_only_not_proven_function,exact_bytes_only_not_relocation_normalized_or_complete_image_acceptance
17fa9a7e266a674264dff18c8255bd0b9ab870b4888c037173bb6dd49d7d7a9a,3544,1,1,0,1,0,registered_without_matching_c,exact_bytes_only_not_relocation_normalized_or_complete_image_acceptance
1830bcec85ac5d8fd21686260adae3d72bfbdc1ddc23793ffc0100eebc34361b,1540,1,1,0,0,1,candidate_only_not_proven_function,exact_bytes_only_not_relocation_normalized_or_complete_image_acceptance
184232a31fddad34f25185c72f92aae9cbb882508018122389eb0bc5eaf6b855,1312,2,2,0,0,2,candidate_only_not_proven_function,exact_bytes_only_not_relocation_normalized_or_complete_image_acceptance
1896be81f0b838d6a8902e1268cfca059f7be4c69b815f2d28faba0cf3d6c6e2,2212,1,1,0,0,1,candidate_only_not_proven_function,exact_bytes_only_not_relocation_normalized_or_complete_image_acceptance
18c7994598dfb9a692c21d2adfaa3a2364238197929c391396d4a0979e4de93f,1276,4,5,0,0,4,candidate_only_not_proven_function,exact_bytes_only_not_relocation_normalized_or_complete_image_acceptance
1967a10944af3be4ca0c1e19c4747c2bffcde0043ba71a96879b8240f346b83d,1596,1,1,0,0,1,candidate_only_not_proven_function,exact_bytes_only_not_relocation_normalized_or_complete_image_acceptance
197fbcd7a62954f55801e4c4a5ebb047b01bbdd83b5406610e21853170edcdfd,5040,2,2,0,0,2,candidate_only_not_proven_function,exact_bytes_only_not_relocation_normalized_or_complete_image_acceptance
1982a1303fb1bf1f99f0616b1e8918f00292a5e062d82e9e26fc17f71926438f,872,2,2,2,0,0,has_matching_c_byte_identity,exact_bytes_only_not_relocation_normalized_or_complete_image_acceptance
19dffda47c9105c56b6431daa7188edb57735ca86f8b144674a087744ff2fa40,1912,7,7,7,0,0,has_matching_c_byte_identity,exact_bytes_only_not_relocation_normalized_or_complete_image_acceptance
1a878e336aca8e86207fe2eb411f74d2d232e324bed948d6ac41ca67a21be353,2732,1,1,0,0,1,candidate_only_not_proven_function,exact_bytes_only_not_relocation_normalized_or_complete_image_acceptance
1afd56a5a1143c14cbc280153c63205b13417f5a7d3076cf3bfe11dea630ffd2,2716,1,1,0,0,1,candidate_only_not_proven_function,exact_bytes_only_not_relocation_normalized_or_complete_image_acceptance
1afea76fe1b7ec888832e536c04e5532564479cfdb94d8280ee42034a055450a,1708,4,4,0,0,4,candidate_only_not_proven_function,exact_bytes_only_not_relocation_normalized_or_complete_image_acceptance
1b0fa08e3f4f51b2424f3b929505ea6254bc5ff4917a9a1956f644cfaead157a,1344,1,1,0,0,1,candidate_only_not_proven_function,exact_bytes_only_not_relocation_normalized_or_complete_image_acceptance
1b10a7ad790a1fe9d5b7db799c91bedf6d2f0c3c9236a18c00a27c5e5ec77b4a,5860,9,9,0,0,9,candidate_only_not_proven_function,exact_bytes_only_not_relocation_normalized_or_complete_image_acceptance
1b2ec490d7ba88f090185a71e9bd3de52d7a7e972462000c1ed2eb9dc30de072,2964,4,4,0,0,4,candidate_only_not_proven_function,exact_bytes_only_not_relocation_normalized_or_complete_image_acceptance
1c273bffbc23e33e306827f2fb52c0aa4b8ca2083e1fc26258ddbad13788d832,4292,1,1,0,0,1,candidate_only_not_proven_function,exact_bytes_only_not_relocation_normalized_or_complete_image_acceptance
1c2c27914f51f3b6b113786d4e4a6a2e70254491d0bcd46f4bd600a9df08bf82,3204,5,6,0,0,5,candidate_only_not_proven_function,exact_bytes_only_not_relocation_normalized_or_complete_image_acceptance
1cc7f755c75e7a1ec4239569503845c244ade8d339d255448fb2214a6aa9f67c,3764,1,1,0,0,1,candidate_only_not_proven_function,exact_bytes_only_not_relocation_normalized_or_complete_image_acceptance
1cdca18855f9b4b825cd7bb0e45254cba66240db69d688adf84793f13eb1d40c,19376,1,1,0,0,1,candidate_only_not_proven_function,exact_bytes_only_not_relocation_normalized_or_complete_image_acceptance
1cf4b8f1f872f34262b2e7b240e2bded5be5c6814816eeacf93445aed765916a,1644,4,5,0,0,4,candidate_only_not_proven_function,exact_bytes_only_not_relocation_normalized_or_complete_image_acceptance
1d4e4401befae6d8536743a287f927143e175569bf14faa02097d4851ac4a294,5208,2,2,0,0,2,candidate_only_not_proven_function,exact_bytes_only_not_relocation_normalized_or_complete_image_acceptance
1d4f5e57fc8bf1edfc4e1487ae5fa1c35448ee4351edd399bddabc7899d4215b,3144,1,1,0,0,1,candidate_only_not_proven_function,exact_bytes_only_not_relocation_normalized_or_complete_image_acceptance
1d741be321167a94ea9a1523d488e1f7bdd94101a845f47cd5ae857652010021,1724,1,1,0,0,1,candidate_only_not_proven_function,exact_bytes_only_not_relocation_normalized_or_complete_image_acceptance
1d9b6c9bdb39c65f852b1ce991279db26bfd91f7cc32b7ade52c4437ff99868e,4824,1,1,0,0,1,candidate_only_not_proven_function,exact_bytes_only_not_relocation_normalized_or_complete_image_acceptance
1dafa549248d31ff3b62346baad22364c498baca5238d84d6b298c31d40b2908,1876,1,1,0,0,1,candidate_only_not_proven_function,exact_bytes_only_not_relocation_normalized_or_complete_image_acceptance
1e4985d30140c24842a71162631389515d81503810796b0b3c0f49cef4220243,9668,1,1,0,0,1,candidate_only_not_proven_function,exact_bytes_only_not_relocation_normalized_or_complete_image_acceptance
1e5e5d85fdd6d264b9eeeff4bc369ab6e4159568fc31aaf60f8f93aab242c0be,940,1,1,0,0,1,candidate_only_not_proven_function,exact_bytes_only_not_relocation_normalized_or_complete_image_acceptance
1eb6f37234e94a767528dab48ad46ad443e61b729ba62413bef9b2ac6cc8476b,12696,1,1,0,0,1,candidate_only_not_proven_function,exact_bytes_only_not_relocation_normalized_or_complete_image_acceptance
1eb981e2d310f29a2f8a7c1adfa5c5705e9d6a3a48269b13fd3b0d717c30841f,1448,1,1,1,0,0,has_matching_c_byte_identity,exact_bytes_only_not_relocation_normalized_or_complete_image_acceptance
1f0228d4527ace28c5a0d7070730d8351e1a5e770c5ccfb19fbbbbf85122ad5a,2448,1,1,1,0,0,has_matching_c_byte_identity,exact_bytes_only_not_relocation_normalized_or_complete_image_acceptance
1f15525951fc0dd27a1c9f39d9fec9f4fe17aa676a49e8a345dac9bc3293b0a8,4652,1,1,0,0,1,candidate_only_not_proven_function,exact_bytes_only_not_relocation_normalized_or_complete_image_acceptance
1f1ec48913f719777e982aa270691b4f376c3319ac7a1e3fc83fb2587bd6f914,4572,6,6,0,0,6,candidate_only_not_proven_function,exact_bytes_only_not_relocation_normalized_or_complete_image_acceptance
1f446d6af502ef5a25803556235381874dec937ae7f83141453dc76a337ebc9f,2476,2,2,2,0,0,has_matching_c_byte_identity,exact_bytes_only_not_relocation_normalized_or_complete_image_acceptance
20258b67d29c7bbdd3c587e5590d4d4a46156cb8ee24698aa2b2683ace229b8c,1368,2,2,2,0,0,has_matching_c_byte_identity,exact_bytes_only_not_relocation_normalized_or_complete_image_acceptance
208feb441ea540692c4ec0b6766373ad0e52d0d6754682d10f8e41861e6409cf,3860,2,2,0,2,0,registered_without_matching_c,exact_bytes_only_not_relocation_normalized_or_complete_image_acceptance
20bcd30b4cc47d1facea5ddb8a455245452e27048a2a20838311f7f00d349c66,8616,1,1,0,0,1,candidate_only_not_proven_function,exact_bytes_only_not_relocation_normalized_or_complete_image_acceptance
20c0f17df197b3a06e1e06107ee1949349297adec0b2ab7b4ef3dcd1ee3f983f,872,11,12,11,0,0,has_matching_c_byte_identity,exact_bytes_only_not_relocation_normalized_or_complete_image_acceptance
21000f97d1be11455ea31c53d21e270e487e7ba289783bf36185f6154b01012a,1488,1,1,0,0,1,candidate_only_not_proven_function,exact_bytes_only_not_relocation_normalized_or_complete_image_acceptance
2166f6d04d4731ba09508069a1e97e228b63208c4ee78a3ba632a3f7d17ece59,3948,2,2,0,0,2,candidate_only_not_proven_function,exact_bytes_only_not_relocation_normalized_or_complete_image_acceptance
22132a78ba0f9ad228340a74f4537fc97e0d5f267053b18ad1cbb4df60c0de61,3204,6,6,0,0,6,candidate_only_not_proven_function,exact_bytes_only_not_relocation_normalized_or_complete_image_acceptance
221b17420bafdf3b16ab7068171b189657773e04a2b3a74cb4659bf32f8d351f,4436,2,2,0,0,2,candidate_only_not_proven_function,exact_bytes_only_not_relocation_normalized_or_complete_image_acceptance
22449e11db2f1e4134958a9177be8716635150dfd0dfacaa5de47f921c6b6025,4844,1,1,0,0,1,candidate_only_not_proven_function,exact_bytes_only_not_relocation_normalized_or_complete_image_acceptance
224c382cfef66cd272b3a5e6723ee63c8e3a2596cb7880823e6b3746ee0ff462,5560,6,6,0,0,6,candidate_only_not_proven_function,exact_bytes_only_not_relocation_normalized_or_complete_image_acceptance
226768305bd08132a562d15f67befc0657616598481e32f0ac9122f478e5ce46,4048,1,1,0,0,1,candidate_only_not_proven_function,exact_bytes_only_not_relocation_normalized_or_complete_image_acceptance
2290728559b4f7a4b5a9532f565764d6077dafb1572b95b7733f9b91e5ea688b,1332,2,2,0,0,2,candidate_only_not_proven_function,exact_bytes_only_not_relocation_normalized_or_complete_image_acceptance
22ce2d37d314cb92e851cab2e944a2a07dc9272d5895747d0b1b30deded39a18,1080,1,1,0,0,1,candidate_only_not_proven_function,exact_bytes_only_not_relocation_normalized_or_complete_image_acceptance
2310930630b5a3f36ab73fe705969838becda99b8ebc151fbbdd1709b6eab06b,3324,14,14,12,1,1,has_matching_c_byte_identity,exact_bytes_only_not_relocation_normalized_or_complete_image_acceptance
2336578361717b26942efae88a0d42114815bb4a075f6baf35ce484deb6700e5,4080,4,4,0,0,4,candidate_only_not_proven_function,exact_bytes_only_not_relocation_normalized_or_complete_image_acceptance
235f3a42fd09ac27da3cb561fb1f06a481f6dc087167b432739503d3f32b5e57,2028,2,2,0,0,2,candidate_only_not_proven_function,exact_bytes_only_not_relocation_normalized_or_complete_image_acceptance
237946b4f1ff19b337144c3d7141370b4aba43998cb336d0274fa63d7844b818,14340,1,1,0,0,1,candidate_only_not_proven_function,exact_bytes_only_not_relocation_normalized_or_complete_image_acceptance
23883370dfe20d98208e3734b054b31193abf28de084993ca28832df8756e0e3,1620,2,2,0,0,2,candidate_only_not_proven_function,exact_bytes_only_not_relocation_normalized_or_complete_image_acceptance
2395511a51b13dd0e5a101e860ddf3110246d0b7ed8bdd070123d13bc53f07c1,1740,1,1,0,0,1,candidate_only_not_proven_function,exact_bytes_only_not_relocation_normalized_or_complete_image_acceptance
23d75dbef2b999806b0d5ae733fce248a15305312ce07325b654dea726ae2ce0,1612,1,1,0,0,1,candidate_only_not_proven_function,exact_bytes_only_not_relocation_normalized_or_complete_image_acceptance
23f76accbc937876f3591afe2bd52b90a0d95798df65c5d245c989584162ac40,6572,5,5,0,0,5,candidate_only_not_proven_function,exact_bytes_only_not_relocation_normalized_or_complete_image_acceptance
243d2c73b14b1c55ba7cb3da1aebb56d5d56d3ddae207a93392829afe7640b51,1588,5,5,0,0,5,candidate_only_not_proven_function,exact_bytes_only_not_relocation_normalized_or_complete_image_acceptance
24915740f045cb2a71ebd1b6021b6939777b0c31bf1481effc72e30dad3ba12e,1876,2,2,0,0,2,candidate_only_not_proven_function,exact_bytes_only_not_relocation_normalized_or_complete_image_acceptance
259db590855fc2fd4d5ee5e70c7749e6778393c9ad8625cc43b9a1fdfb63323b,13056,1,1,0,0,1,candidate_only_not_proven_function,exact_bytes_only_not_relocation_normalized_or_complete_image_acceptance
25ca7984cc2ee009022fb9cde38161a74ec4ac773c42bb131b27ad6e7083f29b,1564,5,5,0,0,5,candidate_only_not_proven_function,exact_bytes_only_not_relocation_normalized_or_complete_image_acceptance
25e8b499156c2109833bd0f9e475bc3c7b19eb2c400f0f74cc5b6a604a7e4352,2044,1,1,0,0,1,candidate_only_not_proven_function,exact_bytes_only_not_relocation_normalized_or_complete_image_acceptance
263fcfd88a133daa0e1163bbed8e88b46c66b6b483db463589ffb48e9dbcc3d9,2852,2,2,2,0,0,has_matching_c_byte_identity,exact_bytes_only_not_relocation_normalized_or_complete_image_acceptance
26582b29cff1729d45d203b3d1eeaa64d5ed7a979c1482a064c544a2472fe6da,12828,1,1,0,0,1,candidate_only_not_proven_function,exact_bytes_only_not_relocation_normalized_or_complete_image_acceptance
26b8b4377e515615a89203a9403e09e0483093f890915b317a43c1d1ee5c944d,1008,2,2,2,0,0,has_matching_c_byte_identity,exact_bytes_only_not_relocation_normalized_or_complete_image_acceptance
26d10c1e38d93bdc9e93b92afbe26be611f1ab3a3dfee8c19660b677a252ba05,1984,2,2,2,0,0,has_matching_c_byte_identity,exact_bytes_only_not_relocation_normalized_or_complete_image_acceptance
26e16f87d997f1a5f3add205777e14e4f8fd80704b821b2bf3441c77ae229e97,1680,6,6,6,0,0,has_matching_c_byte_identity,exact_bytes_only_not_relocation_normalized_or_complete_image_acceptance
26ebac77b170c8b5b3b3bf84608504ae9bccdd4fdf18cac67f4112ee0ebf13e1,3604,5,5,0,0,5,candidate_only_not_proven_function,exact_bytes_only_not_relocation_normalized_or_complete_image_acceptance
274070b3a719ea2624c2303fda56d73377b5be71697336f83eeb9f5fb13d2dba,5524,4,4,0,0,4,candidate_only_not_proven_function,exact_bytes_only_not_relocation_normalized_or_complete_image_acceptance
27f59115475b405f55085e15637ea3af3ec9ac5c479096270a0da6304b506176,2384,1,1,1,0,0,has_matching_c_byte_identity,exact_bytes_only_not_relocation_normalized_or_complete_image_acceptance
27fe0b82a644b218ca83ce116208d418fbcb3c444422b0613221ade8c0acb6c0,2952,1,1,0,0,1,candidate_only_not_proven_function,exact_bytes_only_not_relocation_normalized_or_complete_image_acceptance
2813add238ddc3bfb26e18a9bc563c3382677c3f7a742de1f41d251e30846de7,1396,11,12,11,0,0,has_matching_c_byte_identity,exact_bytes_only_not_relocation_normalized_or_complete_image_acceptance
286a6753e9155e34a63ddb97ac10dc49c538a7739e1e8a1eca487edc75de56d5,1964,6,6,6,0,0,has_matching_c_byte_identity,exact_bytes_only_not_relocation_normalized_or_complete_image_acceptance
28736343339f3b146d8b6c7bd9a4470ed46c850146fca7b068cfd2f28daccc6a,2640,1,1,0,0,1,candidate_only_not_proven_function,exact_bytes_only_not_relocation_normalized_or_complete_image_acceptance
28dc8ae89d2d053fb9bd24b2ddf4095f9d00622ba3d90faeccecd96f4fdfeb0b,896,2,2,2,0,0,has_matching_c_byte_identity,exact_bytes_only_not_relocation_normalized_or_complete_image_acceptance
2914e0ab73651a7f8f7a86e6025de98db18e9a9a327580ae2f99b4bc9d44c980,6888,2,2,0,0,2,candidate_only_not_proven_function,exact_bytes_only_not_relocation_normalized_or_complete_image_acceptance
298da60f54a7c5e5db8ce42b08a73bc8284c6079f67c12e7054c740e6af18199,900,2,2,2,0,0,has_matching_c_byte_identity,exact_bytes_only_not_relocation_normalized_or_complete_image_acceptance
299e83851ab7550c2e5e65889fdace47006bfa36be0c00a8f4dc9162be8ff602,4968,7,7,0,0,7,candidate_only_not_proven_function,exact_bytes_only_not_relocation_normalized_or_complete_image_acceptance
2a170ae57938f16b6337ace3b5c5536acbb63b3b5abeca1f212c4de1561f7acc,3440,1,1,0,0,1,candidate_only_not_proven_function,exact_bytes_only_not_relocation_normalized_or_complete_image_acceptance
2a50a485d111ae274f16220e3ae0efb9d9d02b3b0788c000094d16ec7c39fdc3,1400,6,6,0,0,6,candidate_only_not_proven_function,exact_bytes_only_not_relocation_normalized_or_complete_image_acceptance
2a5c3e7e23b805116e5179e79f18b107f336f96e5cdf551750fe8f37e4c85bc9,8020,1,1,0,0,1,candidate_only_not_proven_function,exact_bytes_only_not_relocation_normalized_or_complete_image_acceptance
2a6b492a4b839c0fdc0c801c1fde4c7e38c80c02c42399f3eac357242465ecb6,5296,3,3,0,0,3,candidate_only_not_proven_function,exact_bytes_only_not_relocation_normalized_or_complete_image_acceptance
2a723f3bd1a35f5248abdbcddf42760212ff9ce064c3c1bf5ad95be3cd6de93c,1600,2,2,0,0,2,candidate_only_not_proven_function,exact_bytes_only_not_relocation_normalized_or_complete_image_acceptance
2aa03d7daa11904027caa962be2831af1138245f77f81fd3144df2ce7e32dd46,3584,1,1,0,0,1,candidate_only_not_proven_function,exact_bytes_only_not_relocation_normalized_or_complete_image_acceptance
2aa1119edb160de781bdb5b92f1fcfdd36339c6adb4fb6a0522ca5c9aa3ddb44,1736,1,1,0,0,1,candidate_only_not_proven_function,exact_bytes_only_not_relocation_normalized_or_complete_image_acceptance
2abc832d4b68af49972e9a23aa957c629326ef8c5bf4affce19c07547e4bbb53,1256,6,6,6,0,0,has_matching_c_byte_identity,exact_bytes_only_not_relocation_normalized_or_complete_image_acceptance
2afdacd3cb0012238a932d062dfd4a2b0a092a86a93fd7e5d8b232dd97b15a9a,4484,3,3,0,0,3,candidate_only_not_proven_function,exact_bytes_only_not_relocation_normalized_or_complete_image_acceptance
2b0fe1f4f72176070f5705c30bf8a5e71c20e4eea95ae729f25763ca0f50f332,1664,1,1,0,0,1,candidate_only_not_proven_function,exact_bytes_only_not_relocation_normalized_or_complete_image_acceptance
2b330d4444c942797eb149b188809084024f58ee237cb223d759713363489730,5724,6,6,0,0,6,candidate_only_not_proven_function,exact_bytes_only_not_relocation_normalized_or_complete_image_acceptance
2b7bf60eff7151b30f7247a88d9dfd8f3dde707fac8569b228bdc35f91a5ab71,3728,2,2,2,0,0,has_matching_c_byte_identity,exact_bytes_only_not_relocation_normalized_or_complete_image_acceptance
2c3d102021383d1e6cabfc4b070a0fa4b8ef3fd721b01225ad7bc5b98b9e0b74,1396,6,6,6,0,0,has_matching_c_byte_identity,exact_bytes_only_not_relocation_normalized_or_complete_image_acceptance
2cdaaad0793d254acbd0b6ad6920f05de2a849d3a5d9a5b0aeb06f29ad0473fb,4412,2,2,0,0,2,candidate_only_not_proven_function,exact_bytes_only_not_relocation_normalized_or_complete_image_acceptance
2d390638952ec2c2a34179329cd746334d935baee6b072ecb6c699768b800eef,2568,1,1,0,0,1,candidate_only_not_proven_function,exact_bytes_only_not_relocation_normalized_or_complete_image_acceptance
2d80f05ff639cfc344c75fd54f4d602ea0ad36d9367643e8b04ddaa65638cc80,8708,1,1,0,0,1,candidate_only_not_proven_function,exact_bytes_only_not_relocation_normalized_or_complete_image_acceptance
2e0a98737791217c1720e1fde27cfff0f3152a3318b57172602b53399419aa70,6420,12,12,0,0,12,candidate_only_not_proven_function,exact_bytes_only_not_relocation_normalized_or_complete_image_acceptance
2e81d145adf39fdc697ab5a4101db317dd2b983a321c1b243b44b692d409fe46,4124,3,3,0,0,3,candidate_only_not_proven_function,exact_bytes_only_not_relocation_normalized_or_complete_image_acceptance
2e83a3b56a297f6ca46ed8d8a34704991fbb60f2e48f767d1ed0c07b0f78b055,16028,2,2,0,0,2,candidate_only_not_proven_function,exact_bytes_only_not_relocation_normalized_or_complete_image_acceptance
2eaa0cdd8016c7d7f3f82d1b3ce8a94d2acf8e8c3543d06cc1c7dc908b455039,3360,2,2,0,0,2,candidate_only_not_proven_function,exact_bytes_only_not_relocation_normalized_or_complete_image_acceptance
2ef779a44c08e4bae702e69de897533acbec65ea1e36e1ec0f0a9f94e6b2a00d,1652,4,4,0,0,4,candidate_only_not_proven_function,exact_bytes_only_not_relocation_normalized_or_complete_image_acceptance
2f486f82aef288001bf568e60f6797780492b894fb16468b065838a986b529b3,1096,1,1,0,0,1,candidate_only_not_proven_function,exact_bytes_only_not_relocation_normalized_or_complete_image_acceptance
2f48c44ce813c2149dcc5eb9fff3c6ad4f757fee349caad7f016445a3005b912,2080,1,1,0,0,1,candidate_only_not_proven_function,exact_bytes_only_not_relocation_normalized_or_complete_image_acceptance
2fe5ddcb0915513250bb554d7bc48ae1b13248bfd6bef63425de9df38467da47,788,2,2,2,0,0,has_matching_c_byte_identity,exact_bytes_only_not_relocation_normalized_or_complete_image_acceptance
2ff3c3c4a093a3907b5020c67c4a958558bf54cf3cfdc3d95830be2940c9ef0c,3608,1,1,0,0,1,candidate_only_not_proven_function,exact_bytes_only_not_relocation_normalized_or_complete_image_acceptance
300f083f5ced5430a34b373b9ac373b055b65f5fea9ff4c2b468fdd4ffef9ca5,5472,2,2,0,0,2,candidate_only_not_proven_function,exact_bytes_only_not_relocation_normalized_or_complete_image_acceptance
306f1d6803fbe5faa6ef18ddeafad3c3a55192231fcbba95642b0011c9f856e0,9452,5,5,0,0,5,candidate_only_not_proven_function,exact_bytes_only_not_relocation_normalized_or_complete_image_acceptance
30c04618ede2bebb8622bd3a15a3524b1986bfd463e91f757d4c3bdf4f5b5cc9,9476,1,1,0,0,1,candidate_only_not_proven_function,exact_bytes_only_not_relocation_normalized_or_complete_image_acceptance
30ebfa4fd366a7639c777ef95946a1b66ff83c23a08b85d5051a9b2c9d34ce5f,10860,1,1,0,0,1,candidate_only_not_proven_function,exact_bytes_only_not_relocation_normalized_or_complete_image_acceptance
3100580b462c7ce754b76790db14dd46208b9bf8b6c1be8e36451088c1e055b0,8092,1,1,0,0,1,candidate_only_not_proven_function,exact_bytes_only_not_relocation_normalized_or_complete_image_acceptance
313bb52e0fbb80332d889735a5d8d12b3762acf2d9657ec9e03d7728ad0b64a5,1484,1,1,1,0,0,has_matching_c_byte_identity,exact_bytes_only_not_relocation_normalized_or_complete_image_acceptance
318530074dddb9bdf08be97f4ed1ebec274449b0daa86b4ff008aabeab18447f,2452,1,1,0,1,0,registered_without_matching_c,exact_bytes_only_not_relocation_normalized_or_complete_image_acceptance
31917b8643df4fa4f4587e2661df8dfa4148e5c3aba68307532814891037bb0b,1492,2,2,0,0,2,candidate_only_not_proven_function,exact_bytes_only_not_relocation_normalized_or_complete_image_acceptance
3196269b149bc288cabc1f696491862f3ef3f577e2f03b2aef45bf98df631222,1124,1,1,0,0,1,candidate_only_not_proven_function,exact_bytes_only_not_relocation_normalized_or_complete_image_acceptance
31b31c2c5c417b16493c205c6b428df4b952b6e70e9157d6951590b442f51fa7,1012,1,1,0,0,1,candidate_only_not_proven_function,exact_bytes_only_not_relocation_normalized_or_complete_image_acceptance
32060df177dc85acd91bbcee331684ee8ebbd896eeba63b12e3d036e1af192d4,1400,3,3,0,0,3,candidate_only_not_proven_function,exact_bytes_only_not_relocation_normalized_or_complete_image_acceptance
320a2203cfae1320efd637ebd7703d4f530123cbb9b9eb2ccdf84cdb196af5b6,3556,2,2,0,0,2,candidate_only_not_proven_function,exact_bytes_only_not_relocation_normalized_or_complete_image_acceptance
3234a7e13dbd3ab6d6f043adf2b0f221b67092334d5f331e16c9426c3af82449,1308,6,6,0,0,6,candidate_only_not_proven_function,exact_bytes_only_not_relocation_normalized_or_complete_image_acceptance
323b98373c426b8e6f44ed3f3e716c9860463a88625f1a4198e99445d74792e8,1304,1,1,0,0,1,candidate_only_not_proven_function,exact_bytes_only_not_relocation_normalized_or_complete_image_acceptance
324dea653d86ca4dd5cbc2950929203338d9ad7c0d41e8a02bb36e026c7030ad,1908,6,6,6,0,0,has_matching_c_byte_identity,exact_bytes_only_not_relocation_normalized_or_complete_image_acceptance
32c2257c4d83e6c16da4f1963e0c14e723198275b7ba1134d67aca7a02231a04,1136,2,2,2,0,0,has_matching_c_byte_identity,exact_bytes_only_not_relocation_normalized_or_complete_image_acceptance
330ce69fc9484b31bce6a2c871b2c65dd0629742e3c583ad4b1d296e066e8d66,18816,1,1,0,0,1,candidate_only_not_proven_function,exact_bytes_only_not_relocation_normalized_or_complete_image_acceptance
3370fd1009ab5048c8fe808c6465b35c35cf6fe656e2ea35ef0f98454fc46241,6056,2,2,0,0,2,candidate_only_not_proven_function,exact_bytes_only_not_relocation_normalized_or_complete_image_acceptance
34427445c5116da88d48e3b2c2269b8e346d2d0a831ee7144e956b0d195705d9,1376,2,2,2,0,0,has_matching_c_byte_identity,exact_bytes_only_not_relocation_normalized_or_complete_image_acceptance
346ecc88a5168f0f85b1e282e0dfa46113cc46906d4478e85ee26804a933862d,6872,2,2,0,0,2,candidate_only_not_proven_function,exact_bytes_only_not_relocation_normalized_or_complete_image_acceptance
348f38b855386c4a2794cf47f9e2e56ec6081c01afedc8dd4a55b8fe258deb85,4344,1,1,0,0,1,candidate_only_not_proven_function,exact_bytes_only_not_relocation_normalized_or_complete_image_acceptance
34a30ba9eab7985d851d30aabc933c6661ea5d0c3ff36b1e26e0c2bb3bbdf514,276,2,2,2,0,0,has_matching_c_byte_identity,exact_bytes_only_not_relocation_normalized_or_complete_image_acceptance
34a65a6255417327a49531e9477a5b31f58e800663f646c4a3de48b84329075d,13596,4,4,0,0,4,candidate_only_not_proven_function,exact_bytes_only_not_relocation_normalized_or_complete_image_acceptance
34a6667b7d674e461a08a6ed8a663763f1c31ab50f7372286cc3a121dec49af7,6772,7,7,0,0,7,candidate_only_not_proven_function,exact_bytes_only_not_relocation_normalized_or_complete_image_acceptance
34f3cec21ea1da9a2ad547d3da7867ec2cb121e587061933618bd731ac552b01,9164,8,8,0,0,8,candidate_only_not_proven_function,exact_bytes_only_not_relocation_normalized_or_complete_image_acceptance
3555ebedcb1670a9f56f3c6ba28d63ea95abb26dc65e2d0f0958ede01006a8aa,1468,1,1,0,0,1,candidate_only_not_proven_function,exact_bytes_only_not_relocation_normalized_or_complete_image_acceptance
355d39730a844d206515ac59bf9a8858d17c55f3516d4138987e760453c6362e,4652,1,1,0,0,1,candidate_only_not_proven_function,exact_bytes_only_not_relocation_normalized_or_complete_image_acceptance
356da6ca054aef93fa5ed252d21e372cf7ccef9ad47315dc68c1bf7985e79950,1308,7,7,7,0,0,has_matching_c_byte_identity,exact_bytes_only_not_relocation_normalized_or_complete_image_acceptance
3575970a472af7bf6bb2714383d2378b19dd0a296706d86aa54daf8cb5c65738,896,2,2,2,0,0,has_matching_c_byte_identity,exact_bytes_only_not_relocation_normalized_or_complete_image_acceptance
35c5dc990fc9149a9f4a0a25983dd939f88800612467e98133b293d442c94e2f,1844,1,1,0,0,1,candidate_only_not_proven_function,exact_bytes_only_not_relocation_normalized_or_complete_image_acceptance
35c96ac8ace71b2f9775a93a39d3497cf52b76515b788ec53c65174c1b912ea2,1996,2,2,2,0,0,has_matching_c_byte_identity,exact_bytes_only_not_relocation_normalized_or_complete_image_acceptance
35d8b3ec21f6a2a7ccf012e637d44d1caeadfc801ab28b026bd7f45871076e38,2312,1,1,0,0,1,candidate_only_not_proven_function,exact_bytes_only_not_relocation_normalized_or_complete_image_acceptance
36531cc3b9ff4982b988e70cfd330175f6955e2690e44ba3c9572d5f508c062b,4048,1,1,0,0,1,candidate_only_not_proven_function,exact_bytes_only_not_relocation_normalized_or_complete_image_acceptance
3678c2690872013a63d7050ac073a30fc25ba637951ae85eac8bf243beb8e26d,1388,1,1,1,0,0,has_matching_c_byte_identity,exact_bytes_only_not_relocation_normalized_or_complete_image_acceptance
3685cfd8341e2073f94781fb6075881e6e2c293db4fb1d4905fadd6bc8e5b3b6,6368,1,1,0,0,1,candidate_only_not_proven_function,exact_bytes_only_not_relocation_normalized_or_complete_image_acceptance
37198df4a0e8920d650aa3ba5b3ed1afd4c1f2b31690fd991f91a65e12cd6acb,3440,1,1,0,0,1,candidate_only_not_proven_function,exact_bytes_only_not_relocation_normalized_or_complete_image_acceptance
373f8e0a8af80c39737fc9eef72439210474bb44ff8c2107c35badcea7c51927,4320,3,3,0,0,3,candidate_only_not_proven_function,exact_bytes_only_not_relocation_normalized_or_complete_image_acceptance
379709facf0034bb930d4133978b625d98225886b83770220c6fe98d9c2d6947,4532,5,5,0,0,5,candidate_only_not_proven_function,exact_bytes_only_not_relocation_normalized_or_complete_image_acceptance
37fad3df29cd6449b7aa899f5b33c72cb4d22f3cc8c638b686ce3d7c323ac5e5,3324,4,4,0,0,4,candidate_only_not_proven_function,exact_bytes_only_not_relocation_normalized_or_complete_image_acceptance
38371caf76215518487e428746fc0d160bc041b0b417a2eaa3d409222381af06,1388,6,6,0,0,6,candidate_only_not_proven_function,exact_bytes_only_not_relocation_normalized_or_complete_image_acceptance
384fdbd2c4e36fa9ea43c9eb5462870e2e348b43d2bbc65e240696fc3ff37d49,8700,5,5,0,0,5,candidate_only_not_proven_function,exact_bytes_only_not_relocation_normalized_or_complete_image_acceptance
3883fe972a8243e442fe2790561f0196b2bf4444cae24ab28f4028dbb87b3cd0,3896,2,2,2,0,0,has_matching_c_byte_identity,exact_bytes_only_not_relocation_normalized_or_complete_image_acceptance
3887ad46d663dcf32173ea424f3d5cd7baa3a2236380a77cce180ded14dc0a4a,1232,1,1,0,0,1,candidate_only_not_proven_function,exact_bytes_only_not_relocation_normalized_or_complete_image_acceptance
389a4f113fa62421bfdb68ae34bde7fae42d502426762b7fa985782f22c795d0,1856,1,1,0,0,1,candidate_only_not_proven_function,exact_bytes_only_not_relocation_normalized_or_complete_image_acceptance
38b44148a163a2788682ed4f4f74cc5265d6bdb8e2d2b4acf58be446d0b0f270,1804,2,2,2,0,0,has_matching_c_byte_identity,exact_bytes_only_not_relocation_normalized_or_complete_image_acceptance
38df069db237b70cc588f526b111c71c9657e56e53e8bb14542a5594153a8b26,896,1,1,1,0,0,has_matching_c_byte_identity,exact_bytes_only_not_relocation_normalized_or_complete_image_acceptance
38e0a0693e73aa0bb7b7bb253b0d5c95e2bebc14d9147c2b1ac663a244c1ad6e,1780,1,1,1,0,0,has_matching_c_byte_identity,exact_bytes_only_not_relocation_normalized_or_complete_image_acceptance
390f4fc2b53dd166cae7fa827752504553904c23f4e23b71a0718271733eb6d0,2476,6,6,6,0,0,has_matching_c_byte_identity,exact_bytes_only_not_relocation_normalized_or_complete_image_acceptance
392f08a447a1c6be7f0a3d8573645753c7d2462542d09eb3b10c572a727d092d,7852,1,1,0,0,1,candidate_only_not_proven_function,exact_bytes_only_not_relocation_normalized_or_complete_image_acceptance
393af9b76029f34805ec140c57ec33bb8aedd576a611e77538ef2a15a968ebe4,15540,1,1,0,0,1,candidate_only_not_proven_function,exact_bytes_only_not_relocation_normalized_or_complete_image_acceptance
39832e4a04341058c2cb6ca6e0ff70904feb9331c269584570a55b9e507365c2,8008,1,1,0,0,1,candidate_only_not_proven_function,exact_bytes_only_not_relocation_normalized_or_complete_image_acceptance
3a5f2daf5a01bb4082c1f63def63a236a20b73176840b4c97bc9d8da35423150,3636,2,2,0,0,2,candidate_only_not_proven_function,exact_bytes_only_not_relocation_normalized_or_complete_image_acceptance
3a80a616a4407150007641f7c97b61e13cbe04145753a1866b120cd3ac8f68d2,2404,2,2,0,0,2,candidate_only_not_proven_function,exact_bytes_only_not_relocation_normalized_or_complete_image_acceptance
3a98258e8aa7987e03a38a118816da6243a3f5e0317680a8bf49dc4a25a88b1c,1848,1,1,0,0,1,candidate_only_not_proven_function,exact_bytes_only_not_relocation_normalized_or_complete_image_acceptance
3ade628a2aaf3022fd368488f08130ea60749159d432dfaf9bdb06cb31907544,4956,1,1,0,1,0,registered_without_matching_c,exact_bytes_only_not_relocation_normalized_or_complete_image_acceptance
3aed7e2084d66359ee4d7d82befd3a94fa1ba3eb60f59c911d9ba7b0e3a8bc8b,9104,1,1,0,0,1,candidate_only_not_proven_function,exact_bytes_only_not_relocation_normalized_or_complete_image_acceptance
3b03c1f8fd419caa125822a5bf2602bb6f8f8a4acb269da402795ecb0589d384,3144,2,2,0,0,2,candidate_only_not_proven_function,exact_bytes_only_not_relocation_normalized_or_complete_image_acceptance
3b34cf6ff4724f553f17e7b49d40f97856732d986eb1911df9a6b5124b22b6a2,780,12,13,12,0,0,has_matching_c_byte_identity,exact_bytes_only_not_relocation_normalized_or_complete_image_acceptance
3b522a9ab440c4437c21721095d7495ba4c5e2ccb8087a8aca8d6748ddd8e72c,5136,1,1,0,0,1,candidate_only_not_proven_function,exact_bytes_only_not_relocation_normalized_or_complete_image_acceptance
3b985cf2c65ab8a3f424417797b357a69180eaa36a1bb2fddffd89b9001a7b72,2620,4,5,0,0,4,candidate_only_not_proven_function,exact_bytes_only_not_relocation_normalized_or_complete_image_acceptance
3bac82e7c018c97262790a456c6409c39c3723bdb7b8d4a3c36fdbec523e0f27,8128,2,2,0,0,2,candidate_only_not_proven_function,exact_bytes_only_not_relocation_normalized_or_complete_image_acceptance
3c5dccf7d724eff2cd83de915993e8ea5f209c31fbb904f173b77bc81f202dfd,8008,1,1,0,0,1,candidate_only_not_proven_function,exact_bytes_only_not_relocation_normalized_or_complete_image_acceptance
3c75f78f4f4eed6e49809af02691796eac351784cba8132239b59ab6d2963366,14416,1,1,0,0,1,candidate_only_not_proven_function,exact_bytes_only_not_relocation_normalized_or_complete_image_acceptance
3ce514894e07b40c3e2945d867169704b4482147ab03ff7e918f2ebe38b22840,896,6,6,6,0,0,has_matching_c_byte_identity,exact_bytes_only_not_relocation_normalized_or_complete_image_acceptance
3d525968e5ed93372e36823d1971567c84fc1d9c1db8fd977b79da88e5c7387c,5348,2,2,0,0,2,candidate_only_not_proven_function,exact_bytes_only_not_relocation_normalized_or_complete_image_acceptance
3d7e592bbfe575893e236cf8f65be521e44582178bb792fa0b62e630a2679194,8384,2,2,0,0,2,candidate_only_not_proven_function,exact_bytes_only_not_relocation_normalized_or_complete_image_acceptance
3d94569d9fabd562a97aab974787de8075f0959a7dc30ae56b88b3331c3a252e,2540,1,1,0,0,1,candidate_only_not_proven_function,exact_bytes_only_not_relocation_normalized_or_complete_image_acceptance
3dce1f9a8b560492276d9e3632903aaa77729f3c10557f21fb44030811d4866c,4648,11,12,11,0,0,has_matching_c_byte_identity,exact_bytes_only_not_relocation_normalized_or_complete_image_acceptance
3e014ccb2e1ad7d0841e28da6fc83b48eee59bbbfd22064d0a703340cac63c16,13428,3,3,0,0,3,candidate_only_not_proven_function,exact_bytes_only_not_relocation_normalized_or_complete_image_acceptance
3e061d0a88d7e2ec8efbfcd911c01f36ad0e09961943359d55e0dbd32c1f5c9c,2476,2,2,2,0,0,has_matching_c_byte_identity,exact_bytes_only_not_relocation_normalized_or_complete_image_acceptance
3e19306da5f8ee2bc7e2844c37461c9396d347372d19c7bd5957870e57fadb7c,3180,1,1,0,1,0,registered_without_matching_c,exact_bytes_only_not_relocation_normalized_or_complete_image_acceptance
3e25853b9065ac53401e715008111ec0685109829863f30d1ad700636612d852,7292,2,2,0,0,2,candidate_only_not_proven_function,exact_bytes_only_not_relocation_normalized_or_complete_image_acceptance
3e4eae8aa1814a26aee1ac18f4647fb1bb1b02a696f8d819d30c5de98f1fb5d4,1348,1,1,0,0,1,candidate_only_not_proven_function,exact_bytes_only_not_relocation_normalized_or_complete_image_acceptance
3e59c1fb150a67f7db5ab7b831f368fe9442a54b3052b388d1103e28b2806525,4344,1,1,0,0,1,candidate_only_not_proven_function,exact_bytes_only_not_relocation_normalized_or_complete_image_acceptance
3ec5182c6fe060b49eb784d6745f6b130a7e7f036adcf181136eb34cb62e63f6,2860,1,1,0,0,1,candidate_only_not_proven_function,exact_bytes_only_not_relocation_normalized_or_complete_image_acceptance
3f549b6a98c35dd1d01288d350425a36dbd4762e22e860cf33a1aefd73675f47,4648,11,12,11,0,0,has_matching_c_byte_identity,exact_bytes_only_not_relocation_normalized_or_complete_image_acceptance
3fecee251f494fb4df9761c7845723f63b561d2984e55b0f16a78fb2012db0cb,5560,6,6,0,0,6,candidate_only_not_proven_function,exact_bytes_only_not_relocation_normalized_or_complete_image_acceptance
3ffb05a8f83c88d4c1430d1106b1ef2bc7f343c33d36b65f998fb9b808a5f763,1304,2,2,0,0,2,candidate_only_not_proven_function,exact_bytes_only_not_relocation_normalized_or_complete_image_acceptance
400af8acbcf159b04af880df878ef410145c78f38c618adf40599ca6fcce8c12,1400,4,4,0,0,4,candidate_only_not_proven_function,exact_bytes_only_not_relocation_normalized_or_complete_image_acceptance
404aee7a59897c31fb42235004af1272874674d038daab53097dfa1b215b8617,14644,4,4,0,0,4,candidate_only_not_proven_function,exact_bytes_only_not_relocation_normalized_or_complete_image_acceptance
40b4230c4eb738c7fc4f6f209bfdcb0f161aa29851db5bfbd8dcb84342fc91d6,8912,1,1,0,0,1,candidate_only_not_proven_function,exact_bytes_only_not_relocation_normalized_or_complete_image_acceptance
40f53a7b328be86e10a70a78601a90ac44c8f567cc288d6cb7727f68948a587d,948,1,1,1,0,0,has_matching_c_byte_identity,exact_bytes_only_not_relocation_normalized_or_complete_image_acceptance
411120d4f904b6709b5e6fa859b17d972cfdcf23a7e1a92dcac1ae4660b8c28f,6916,5,5,0,0,5,candidate_only_not_proven_function,exact_bytes_only_not_relocation_normalized_or_complete_image_acceptance
412437c2bb84ca5016978e4d2271bbe1dead8cd1129dc1555ec598ea47e626b0,1256,6,6,6,0,0,has_matching_c_byte_identity,exact_bytes_only_not_relocation_normalized_or_complete_image_acceptance
4126605ad7557b69940ef5e6a87939c235418d5b84af9217a72919489a5a9515,788,2,2,2,0,0,has_matching_c_byte_identity,exact_bytes_only_not_relocation_normalized_or_complete_image_acceptance
4166db0714f175d44ebf9a2a91ae29fe7b67217a9785ce769f7960c02047b374,1168,3,3,0,0,3,candidate_only_not_proven_function,exact_bytes_only_not_relocation_normalized_or_complete_image_acceptance
4182696aa57ef4b4346f1dcad0f4e6127a22017ece55cd7faaf5bdaa7e769496,7148,1,1,0,0,1,candidate_only_not_proven_function,exact_bytes_only_not_relocation_normalized_or_complete_image_acceptance
4196075e8b8b9c40a36e0d672891b3fb677ef12626b579b5959fee3b1a676dd8,11252,1,1,0,0,1,candidate_only_not_proven_function,exact_bytes_only_not_relocation_normalized_or_complete_image_acceptance
41c32a5e5809c0b26f5874c47693af07a9069cb5e6b540f0f75cf6eb1929af54,1688,2,2,0,0,2,candidate_only_not_proven_function,exact_bytes_only_not_relocation_normalized_or_complete_image_acceptance
41f73be50c0713e892987e716844b0357ca00556c924cd249a19f9695290ff20,2216,6,6,0,0,6,candidate_only_not_proven_function,exact_bytes_only_not_relocation_normalized_or_complete_image_acceptance
423b382c8425278aef954d9b5d697d372d12b1d27f2087feb57b417ff1e2dcf7,872,2,2,2,0,0,has_matching_c_byte_identity,exact_bytes_only_not_relocation_normalized_or_complete_image_acceptance
423bd2cab51c05cc6685b7445759a701b33b1a48c82634d593d0edd3eb7f2db4,1348,1,1,0,0,1,candidate_only_not_proven_function,exact_bytes_only_not_relocation_normalized_or_complete_image_acceptance
425f520662efed6d5f214a71f429c86aa23c99fafd7bb36e3e029a2f3a51d0c7,9740,3,3,0,0,3,candidate_only_not_proven_function,exact_bytes_only_not_relocation_normalized_or_complete_image_acceptance
42706e6c162d93eac6726111752efe9f8f968261ded289bdfe5b22df097ed0e7,2600,1,1,0,0,1,candidate_only_not_proven_function,exact_bytes_only_not_relocation_normalized_or_complete_image_acceptance
42832aa832354c8481756373681d502dcdb15d771f23503b7e53fb42c1bce4bf,1056,7,7,7,0,0,has_matching_c_byte_identity,exact_bytes_only_not_relocation_normalized_or_complete_image_acceptance
42913f3f05a0cbf62f8a8beab6ce7517fb16be97dbcab3e0648d56f0c358f789,1264,1,1,0,0,1,candidate_only_not_proven_function,exact_bytes_only_not_relocation_normalized_or_complete_image_acceptance
42924c58039f6065e7c66e14f21c8e2b478a7e8298f941a3ba62c6b0310aa73e,2904,3,3,0,0,3,candidate_only_not_proven_function,exact_bytes_only_not_relocation_normalized_or_complete_image_acceptance
432cd5029109380349cba358436345d32533dfec237c377e52893ac880138745,15032,2,2,0,0,2,candidate_only_not_proven_function,exact_bytes_only_not_relocation_normalized_or_complete_image_acceptance
4331c37997b85ad231e7fbc812cae1ce3bdb62dd34b34fba59cd1c22499dab31,15056,1,1,0,0,1,candidate_only_not_proven_function,exact_bytes_only_not_relocation_normalized_or_complete_image_acceptance
4371703318704a773b1d0f5986a83f16ccf75c77b0b19258db4fbcf57fb0792d,15264,3,3,0,0,3,candidate_only_not_proven_function,exact_bytes_only_not_relocation_normalized_or_complete_image_acceptance
43ec1568bd100bef4e88a0e2ea0bdc306a5aa52a7549fc20d7624bb9f312599e,13920,2,2,0,0,2,candidate_only_not_proven_function,exact_bytes_only_not_relocation_normalized_or_complete_image_acceptance
440cab27983d9f13621f205e671e32e6273104402943cbabbc553aa87e818452,872,2,2,2,0,0,has_matching_c_byte_identity,exact_bytes_only_not_relocation_normalized_or_complete_image_acceptance
440de1fa5fd5fff02d5e459564fb453d8713d7dbe088075ff8621b6c226a90e4,1240,3,3,0,0,3,candidate_only_not_proven_function,exact_bytes_only_not_relocation_normalized_or_complete_image_acceptance
44102df12ddba6731bc46ccd9071dae5f329021747ffa1257458ab88b4d01fc3,4808,1,1,0,0,1,candidate_only_not_proven_function,exact_bytes_only_not_relocation_normalized_or_complete_image_acceptance
443dba3b2fbba704cc8ebed7461ec9b69992514bb6e976b41ca2c8b49c293e9e,628,1,1,1,0,0,has_matching_c_byte_identity,exact_bytes_only_not_relocation_normalized_or_complete_image_acceptance
44447df2668834b3411cedc1ab926ce2caaede21a14bb16a82f9f0dad6cf064f,3092,1,1,0,0,1,candidate_only_not_proven_function,exact_bytes_only_not_relocation_normalized_or_complete_image_acceptance
44bada49b53e03d121be152d36139684a2930b5616cc791a06708b82ab373548,780,11,13,11,0,0,has_matching_c_byte_identity,exact_bytes_only_not_relocation_normalized_or_complete_image_acceptance
44e2ef07436c7121cff343ac441f6312544425205d503bf5d714091bcf119e47,1908,1,1,0,0,1,candidate_only_not_proven_function,exact_bytes_only_not_relocation_normalized_or_complete_image_acceptance
4532402193c7013ddc19dcd6ee1acddf4c2ff2b30c03bf99e5013fc97b865aa2,1700,2,2,0,0,2,candidate_only_not_proven_function,exact_bytes_only_not_relocation_normalized_or_complete_image_acceptance
45460f50b8ad3487f85a7d73eedb6fed5d9ac04c28e692df35a33db3eb348659,3220,6,6,0,6,0,registered_without_matching_c,exact_bytes_only_not_relocation_normalized_or_complete_image_acceptance
456f6b014901de67ba39b6cfd471ee2af04b6e778da07d8951b01ac64faa7958,1348,1,1,0,0,1,candidate_only_not_proven_function,exact_bytes_only_not_relocation_normalized_or_complete_image_acceptance
45824b711282fe9b88ee09bbaf792be7bd7b8b56e909c5b45948b813371923b1,1084,1,1,0,0,1,candidate_only_not_proven_function,exact_bytes_only_not_relocation_normalized_or_complete_image_acceptance
45856dca10ea67743b35ffc0b95a4d3b4f9c5ae991249d8f0ba1fa046b12d224,8700,5,5,0,0,5,candidate_only_not_proven_function,exact_bytes_only_not_relocation_normalized_or_complete_image_acceptance
458675234207e6bc6c2e220cfab297203bdab7e18848af8ce76d9bc3525202a8,1920,1,1,0,1,0,registered_without_matching_c,exact_bytes_only_not_relocation_normalized_or_complete_image_acceptance
458ca6825adfaf89a40f40145fb7d858198410ce0ef43042a839d7f082b23c1a,6524,15,18,0,0,15,candidate_only_not_proven_function,exact_bytes_only_not_relocation_normalized_or_complete_image_acceptance
459bc2570fed22820c04d59c4c3df8b882b9b84dd8c0035d2ce84cd3c2a2e741,1184,2,2,0,0,2,candidate_only_not_proven_function,exact_bytes_only_not_relocation_normalized_or_complete_image_acceptance
45c651ca447867dbad66c4e608590b34a49facab1e2d9c76d876159470029698,4560,6,6,6,0,0,has_matching_c_byte_identity,exact_bytes_only_not_relocation_normalized_or_complete_image_acceptance
45ef2085f7ecf097dc703279f870632b311a6317ba05add5f402080e48076658,2592,1,1,0,0,1,candidate_only_not_proven_function,exact_bytes_only_not_relocation_normalized_or_complete_image_acceptance
45f7bc266e623e0d27e20deab4f225a312dd93f287f2dcd579f6415e87d15535,1240,7,7,0,7,0,registered_without_matching_c,exact_bytes_only_not_relocation_normalized_or_complete_image_acceptance
462b7a334d63c25dd614c67751c4a7c0c249e88afe1cf8cfe4f52b7de8c3406e,9740,3,3,0,0,3,candidate_only_not_proven_function,exact_bytes_only_not_relocation_normalized_or_complete_image_acceptance
46542c7761d45a76e9e14398d8c8ac3178a800cd1799a2d14d80a0bb5134a529,1400,4,4,0,0,4,candidate_only_not_proven_function,exact_bytes_only_not_relocation_normalized_or_complete_image_acceptance
4688661287225e2a91ade9f6f38837567fcb4246e102aa57973c2ef2a1a938ab,13612,9,9,0,0,9,candidate_only_not_proven_function,exact_bytes_only_not_relocation_normalized_or_complete_image_acceptance
46e4ed47d8980e8126fa7dde6d2e9fe82f8d7c57dca2b884f83abf121927714a,1300,1,1,0,0,1,candidate_only_not_proven_function,exact_bytes_only_not_relocation_normalized_or_complete_image_acceptance
46ec64e90dedfc73d1d8aff3c1e632211883a2092a05c463d686143ec185d2fa,2076,2,2,0,0,2,candidate_only_not_proven_function,exact_bytes_only_not_relocation_normalized_or_complete_image_acceptance
4712d983e6383c31a853c8103b2165e1143a8d70bf4600bb2acd3a723e963bb0,10972,3,3,0,0,3,candidate_only_not_proven_function,exact_bytes_only_not_relocation_normalized_or_complete_image_acceptance
471a27eaf190366609afa9ed9ee2bd418d7440d94c4eaff673f1d178e5e91e21,1000,11,13,11,0,0,has_matching_c_byte_identity,exact_bytes_only_not_relocation_normalized_or_complete_image_acceptance
471b427e17f6909c53bc5c8c49e8a1ca81ccf3a234f87b220bb7986611e302d2,1268,2,2,2,0,0,has_matching_c_byte_identity,exact_bytes_only_not_relocation_normalized_or_complete_image_acceptance
472568d31f2581dd590c584920bbbddebaf86ae8ac1d9e9af92aecbde3939c90,14316,2,2,0,0,2,candidate_only_not_proven_function,exact_bytes_only_not_relocation_normalized_or_complete_image_acceptance
4781ec599999a3315db37a3d0c56983ba0c242fcc9c7e9b2abf9a8331ade7025,8960,1,1,0,0,1,candidate_only_not_proven_function,exact_bytes_only_not_relocation_normalized_or_complete_image_acceptance
47e489f9b81321a71346df80e9d17ab8807a0f16ea403908ae2577d63c34bb63,10860,1,1,0,0,1,candidate_only_not_proven_function,exact_bytes_only_not_relocation_normalized_or_complete_image_acceptance
480280373635ef1994d0a89cf70fcafa64c42f632d9b5893e3e65d448f88692e,1804,3,3,0,0,3,candidate_only_not_proven_function,exact_bytes_only_not_relocation_normalized_or_complete_image_acceptance
4817c247dcdd1cbfa0beab3b60c12a0a9528a2aa2463c3929db7aa5b02e5fd7b,4980,1,1,0,0,1,candidate_only_not_proven_function,exact_bytes_only_not_relocation_normalized_or_complete_image_acceptance
483fc7b4b30fac6fa19cb3d7d66c1b865cceef537cffbfc6541144708a48a018,1188,1,1,0,0,1,candidate_only_not_proven_function,exact_bytes_only_not_relocation_normalized_or_complete_image_acceptance
48568feb62a244a0af8161bc06d61be1e6df03ff8aed97d660cc80d7a2e358c1,4440,11,11,0,0,11,candidate_only_not_proven_function,exact_bytes_only_not_relocation_normalized_or_complete_image_acceptance
4856e8d78311cb7d3613aadaca59d27796844d1fd6e50ad8b6143ca5e4a9b3d1,1488,4,4,0,0,4,candidate_only_not_proven_function,exact_bytes_only_not_relocation_normalized_or_complete_image_acceptance
4890a9ddc3d75dfbf5ad82fd50f3c300ee8622c5471ff5de0398451cb87c2d70,1172,1,1,1,0,0,has_matching_c_byte_identity,exact_bytes_only_not_relocation_normalized_or_complete_image_acceptance
4892f88e0ffd6a43af73ce8f0391b54792918e585e3946095d4113c4392678ab,1304,2,2,0,0,2,candidate_only_not_proven_function,exact_bytes_only_not_relocation_normalized_or_complete_image_acceptance
48bcb64c56e75bcb8870cdd0ab30e187cc07268119da4ef5745f72fa547f4a53,2096,3,3,3,0,0,has_matching_c_byte_identity,exact_bytes_only_not_relocation_normalized_or_complete_image_acceptance
48c9f04b1c5780ac3fdfe88895e605fd2c9d957edb5ff06fb726770d10acda0a,9456,2,2,0,0,2,candidate_only_not_proven_function,exact_bytes_only_not_relocation_normalized_or_complete_image_acceptance
48d438e816ee8fde11b208cb0e633d5643cbb47534c5a9bceae04c4f919b0a5f,1400,3,3,0,0,3,candidate_only_not_proven_function,exact_bytes_only_not_relocation_normalized_or_complete_image_acceptance
490508a95311a1753721fcb18ce1d5476a264be8d978917b4f5bd4741a7ea3cc,5040,2,2,0,0,2,candidate_only_not_proven_function,exact_bytes_only_not_relocation_normalized_or_complete_image_acceptance
494d459323b4f3ce7deab1c9d082e19dcdd835f7df891b1b346642daa5373ad6,3508,1,1,0,0,1,candidate_only_not_proven_function,exact_bytes_only_not_relocation_normalized_or_complete_image_acceptance
49825d3bd3758127a3eda913443073e9046ed4873bd74453b0e25d6da85ac738,15044,1,1,0,0,1,candidate_only_not_proven_function,exact_bytes_only_not_relocation_normalized_or_complete_image_acceptance
49923769479f79b284ef64a51f5e12579784e498cb198497889cd3fe821e0a9a,872,11,13,11,0,0,has_matching_c_byte_identity,exact_bytes_only_not_relocation_normalized_or_complete_image_acceptance
49b7fc68f71d74532511d1f50b492520f708d30e45154e02eb7e2976b16a72d9,2040,4,4,0,0,4,candidate_only_not_proven_function,exact_bytes_only_not_relocation_normalized_or_complete_image_acceptance
49da5d3bb0583f030313e47dd93c2e467a6a0322f1d49a73fe9181499a60b715,5520,2,2,0,0,2,candidate_only_not_proven_function,exact_bytes_only_not_relocation_normalized_or_complete_image_acceptance
49fff52b4eb195bca72c7fc7adb977f3a5783ee689189084b7e5c90d4aace877,3900,1,1,0,1,0,registered_without_matching_c,exact_bytes_only_not_relocation_normalized_or_complete_image_acceptance
4a0b732bd717fb5ca444b8b8e74d380c129d90e3e2be7a6324adeafbea2fb08b,1404,14,14,13,0,1,has_matching_c_byte_identity,exact_bytes_only_not_relocation_normalized_or_complete_image_acceptance
4aa407cadfe83a59490488604a930e8643654033d1e049edcb66513aaef6d4c3,1908,1,1,0,0,1,candidate_only_not_proven_function,exact_bytes_only_not_relocation_normalized_or_complete_image_acceptance
4ac432cb77006831688f8bd41a6480bc65170d67c4fdf18f81594b0108daed54,2404,2,2,0,0,2,candidate_only_not_proven_function,exact_bytes_only_not_relocation_normalized_or_complete_image_acceptance
4ae45a5c0fd2f57707caa37550b969313d0b6d8e070095961c7c92f7a1fdad55,8708,1,1,0,0,1,candidate_only_not_proven_function,exact_bytes_only_not_relocation_normalized_or_complete_image_acceptance
4b9576691a5f944764e603ba1cada7e275ec3535463956cdbc706bfd1f12b8f8,2176,1,1,0,0,1,candidate_only_not_proven_function,exact_bytes_only_not_relocation_normalized_or_complete_image_acceptance
4ba41d6c478ea4b9fe1f4a7007cdb078fc24acffe91df396eb526343a720123e,780,2,2,2,0,0,has_matching_c_byte_identity,exact_bytes_only_not_relocation_normalized_or_complete_image_acceptance
4baf55799a9da23e897dd7d8fb85125beeddf7b37e31771c91650a516559d221,1296,1,1,0,0,1,candidate_only_not_proven_function,exact_bytes_only_not_relocation_normalized_or_complete_image_acceptance
4beadcc534bb0309b9812b92c3c571d17adc87dc37999a6db6c6465bd16ef8ca,1740,1,1,0,0,1,candidate_only_not_proven_function,exact_bytes_only_not_relocation_normalized_or_complete_image_acceptance
4c1316a017f3739dffc5a057bc56499b7b25f5acb5789de946a3b3c55ed7daf3,872,2,2,2,0,0,has_matching_c_byte_identity,exact_bytes_only_not_relocation_normalized_or_complete_image_acceptance
4c4527f3a15f5202937bef39816568aabef1d50e1e61f5c6253a0f9c662bf2e0,1320,4,4,0,0,4,candidate_only_not_proven_function,exact_bytes_only_not_relocation_normalized_or_complete_image_acceptance
4c8b8c9de3f5498be5b29d54d5a3fbcddc2e9d7e8b749e50278412485f1bdc6f,1492,2,2,0,0,2,candidate_only_not_proven_function,exact_bytes_only_not_relocation_normalized_or_complete_image_acceptance
4c96d0dbb65654aca2c811dd5afd6cb68b43d854d2af2ca48d64595b991f04ec,12152,1,1,0,0,1,candidate_only_not_proven_function,exact_bytes_only_not_relocation_normalized_or_complete_image_acceptance
4cc4b56f21a0ad330ad2ae3e4e15e73171f37b09f4f4e4d183fb7db5990ba7b9,1824,2,2,0,0,2,candidate_only_not_proven_function,exact_bytes_only_not_relocation_normalized_or_complete_image_acceptance
4d0f2ffccb0c81cb681bf5b0fdf5722e94a9981bbd5498b9038a2e24e71c68c8,1352,1,1,0,0,1,candidate_only_not_proven_function,exact_bytes_only_not_relocation_normalized_or_complete_image_acceptance
4d0fcf1614a0b5c4a68b41b1e86ea0072d55ebc209122bcde6962b8342721b0c,2332,2,2,0,0,2,candidate_only_not_proven_function,exact_bytes_only_not_relocation_normalized_or_complete_image_acceptance
4db1cf1b125ffcd0de2c809d77a826598bbec7a19783870dd10c4854bfd8c5a1,7852,1,1,0,0,1,candidate_only_not_proven_function,exact_bytes_only_not_relocation_normalized_or_complete_image_acceptance
4dd36aa7e1caa98891126736105dfe4eb8ff556ed940801b5a1d6c7c79a067c2,1256,7,7,7,0,0,has_matching_c_byte_identity,exact_bytes_only_not_relocation_normalized_or_complete_image_acceptance
4e0610eafdfadf970def6414bdfc06bf06449622ba46bf703a36f4f36707f1c1,15044,1,1,0,0,1,candidate_only_not_proven_function,exact_bytes_only_not_relocation_normalized_or_complete_image_acceptance
4e08e94a1c3e427235dab52dd8fe2fff5907bcda246cd175f165f190871120d0,2384,1,1,1,0,0,has_matching_c_byte_identity,exact_bytes_only_not_relocation_normalized_or_complete_image_acceptance
4e2ec19d72f7917676cfb77a44222d092b9b1f2692d7e4b87ff5a6041fa4b964,3932,3,3,0,0,3,candidate_only_not_proven_function,exact_bytes_only_not_relocation_normalized_or_complete_image_acceptance
4e386894345d4b9978b862d602db447824c32fd228cf15786342b5cf428d5fa5,1304,2,2,0,0,2,candidate_only_not_proven_function,exact_bytes_only_not_relocation_normalized_or_complete_image_acceptance
4e5f448ffa36f8dfb7f7e9b49d879f1cb394a94f25872d668cb69e8eccd00e2c,1256,6,6,6,0,0,has_matching_c_byte_identity,exact_bytes_only_not_relocation_normalized_or_complete_image_acceptance
4e8266793bfc8b69e4a40ab421e9f33c13b526442e1b193a9ab71057d63bed07,4812,1,1,0,0,1,candidate_only_not_proven_function,exact_bytes_only_not_relocation_normalized_or_complete_image_acceptance
4ebc658c35078056fb58cccf24f303d0526fee0c2143c075f776b9ddfae3b68b,4436,2,2,0,0,2,candidate_only_not_proven_function,exact_bytes_only_not_relocation_normalized_or_complete_image_acceptance
4ebea7a611e108bdf996fd09d8df1078ae09bb2ca30a044a2a48033adb412526,2056,3,3,0,0,3,candidate_only_not_proven_function,exact_bytes_only_not_relocation_normalized_or_complete_image_acceptance
4f044b42047500b64b4fba26ffcbe3f0ce9817e5a38d11e42f9403a371a6c678,3932,4,4,0,0,4,candidate_only_not_proven_function,exact_bytes_only_not_relocation_normalized_or_complete_image_acceptance
4f0dddfa56fc34e0a917bed1d205078c8916766aa672285157d0c4295a01c4d5,4824,1,1,0,0,1,candidate_only_not_proven_function,exact_bytes_only_not_relocation_normalized_or_complete_image_acceptance
4f14f60d4e54f2c6be984427891dc372239e0c89e1ebc590f9ea5933a383d7b1,5380,1,1,0,0,1,candidate_only_not_proven_function,exact_bytes_only_not_relocation_normalized_or_complete_image_acceptance
4f2a4d2159484aee5151d4def07b28abd560cce12c845dfaa08ee88387a8d1a1,4364,1,1,0,0,1,candidate_only_not_proven_function,exact_bytes_only_not_relocation_normalized_or_complete_image_acceptance
4f437734a5a4e92462f3309bf696ef3b55cd64ae0354958f5140c02dedaf7f8c,3480,1,1,0,0,1,candidate_only_not_proven_function,exact_bytes_only_not_relocation_normalized_or_complete_image_acceptance
4fc4a99e5cdee237a42efb97d9f288ae7f7e2b6bfe460d968154592410e2edb2,2532,2,2,2,0,0,has_matching_c_byte_identity,exact_bytes_only_not_relocation_normalized_or_complete_image_acceptance
505be4368502b95c7b58d2350b280ba7f102db5909c445b6e02292dad7f234b2,1628,1,1,0,0,1,candidate_only_not_proven_function,exact_bytes_only_not_relocation_normalized_or_complete_image_acceptance
505dc2012b2802afd9cf21a60245f7174a44dfad6d7cd2ccfbe5d70836ae488f,9400,1,1,0,0,1,candidate_only_not_proven_function,exact_bytes_only_not_relocation_normalized_or_complete_image_acceptance
50a8906a1b14455ca9f855fc6d313d9c1f54cd45f8a798351ec8ffd831aaa37a,1372,1,1,0,0,1,candidate_only_not_proven_function,exact_bytes_only_not_relocation_normalized_or_complete_image_acceptance
50c8b5661f38d9603d42361a8fafd0c424561b0ff4229372ace56c9e235be9f2,3324,4,4,0,0,4,candidate_only_not_proven_function,exact_bytes_only_not_relocation_normalized_or_complete_image_acceptance
50f48aec0ed4b2033a64f3c132ed70609abe9a03b773eb8b81ef8dc99377278a,7432,1,1,0,1,0,registered_without_matching_c,exact_bytes_only_not_relocation_normalized_or_complete_image_acceptance
51488a383873132bbfda580f67dfbe62a2e365198994ddfadc2813c1c9493989,1964,6,6,6,0,0,has_matching_c_byte_identity,exact_bytes_only_not_relocation_normalized_or_complete_image_acceptance
51693aa119cfda0d740bfe241c28dc48c72c4964d7b15596f37b877037d0902e,1256,11,12,11,0,0,has_matching_c_byte_identity,exact_bytes_only_not_relocation_normalized_or_complete_image_acceptance
519d857abfb6bb21c6e00ebc8b196f578743f3b8ff455313639ddb5cbc0e00f8,18816,1,1,0,0,1,candidate_only_not_proven_function,exact_bytes_only_not_relocation_normalized_or_complete_image_acceptance
51c4bc456cbbe52a91a0e297537f4d8a2db05d7bebdda6c27977a8c7cfafc810,7644,1,1,0,0,1,candidate_only_not_proven_function,exact_bytes_only_not_relocation_normalized_or_complete_image_acceptance
51d8fe95ff3dbe7300989b1f70b03dc2c62204376f6327af5d341ae9902e32f8,1240,1,1,0,0,1,candidate_only_not_proven_function,exact_bytes_only_not_relocation_normalized_or_complete_image_acceptance
51f3f77d38b5a85582a32dcc3a66e3b7b8105dc9b1ec355bd46ea7a4a3b15c0d,2964,4,4,0,0,4,candidate_only_not_proven_function,exact_bytes_only_not_relocation_normalized_or_complete_image_acceptance
51faa07c061b03d8ac7c4443d9b5eaca298514243df664de2c63c16ac588f737,11156,2,2,0,0,2,candidate_only_not_proven_function,exact_bytes_only_not_relocation_normalized_or_complete_image_acceptance
526372f7dd73b8252d6b6c4ba3ab6c91fee9e06a2902f3b2c13448d70b9a0f9e,1084,2,2,0,0,2,candidate_only_not_proven_function,exact_bytes_only_not_relocation_normalized_or_complete_image_acceptance
5294e5f49e88b156511d4cd0e4eda8e0389c9c3d94b9fe937bb80344895d1259,8,1189,1222,0,0,1189,candidate_only_not_proven_function,exact_bytes_only_not_relocation_normalized_or_complete_image_acceptance
52d441dae0bcba841f9dd8ed1f38bc8480dad899480911e5b746416c6fc3219e,2272,2,2,0,0,2,candidate_only_not_proven_function,exact_bytes_only_not_relocation_normalized_or_complete_image_acceptance
534ee89a174a91292ddba7060d6ef2a24a2154b1909b0edf2ebfb8e449b37b88,872,12,13,12,0,0,has_matching_c_byte_identity,exact_bytes_only_not_relocation_normalized_or_complete_image_acceptance
536bfb7ed49251f373b061df038b94e50685ded896de84627ce47361bedc0822,1256,5,5,5,0,0,has_matching_c_byte_identity,exact_bytes_only_not_relocation_normalized_or_complete_image_acceptance
53a21b7aee3a8301679d745eeec2af68e0919455b79f0be24772443fa4c35374,1184,2,2,0,0,2,candidate_only_not_proven_function,exact_bytes_only_not_relocation_normalized_or_complete_image_acceptance
53f4fc1c2f1ae3d9353ec18212636cf2facf01d5a6fef9fb4c772c61384b0272,9940,2,2,0,0,2,candidate_only_not_proven_function,exact_bytes_only_not_relocation_normalized_or_complete_image_acceptance
542c4bd1de0a709f2edb920b919846bb6d9351284062e0a6d5093599e6d3f7c8,1112,2,2,0,0,2,candidate_only_not_proven_function,exact_bytes_only_not_relocation_normalized_or_complete_image_acceptance
5469fb50879b902a1cbbf3ec079613a1a495ca542162756af0ceba58a07be6f3,1576,1,1,0,0,1,candidate_only_not_proven_function,exact_bytes_only_not_relocation_normalized_or_complete_image_acceptance
546deaa004a7bf3f534d1adcaa02d4103ac4eeff8b574645f504e4f5fbefae56,1276,2,2,0,0,2,candidate_only_not_proven_function,exact_bytes_only_not_relocation_normalized_or_complete_image_acceptance
55335bddd413cf7450ced49f320633f5929b8546ccb4c638e863eab68bd173a0,1408,1,1,0,0,1,candidate_only_not_proven_function,exact_bytes_only_not_relocation_normalized_or_complete_image_acceptance
554deb05842f1c49ef092bf90146e24fb3890d83d24b13dc244264fd5bdd85aa,5964,1,1,0,0,1,candidate_only_not_proven_function,exact_bytes_only_not_relocation_normalized_or_complete_image_acceptance
5554f36b0f827350c79eaa18483e3e88fe948054a69aff1ccc1ee48b88b29fa2,6956,5,5,0,0,5,candidate_only_not_proven_function,exact_bytes_only_not_relocation_normalized_or_complete_image_acceptance
5564664ce3f3a43ae54eee1ba09c71ebff22b4dc2fd79505d600111a6c6cd1f6,2360,1,1,0,0,1,candidate_only_not_proven_function,exact_bytes_only_not_relocation_normalized_or_complete_image_acceptance
559200b975ca519c848a6f81e35c06f216e4c0d89bc88ae86fb315de7376a022,5088,1,1,0,0,1,candidate_only_not_proven_function,exact_bytes_only_not_relocation_normalized_or_complete_image_acceptance
565deb42abe374854e760cc31162e13f509308c279f761cb0a96a18e02e7548c,9940,2,2,0,0,2,candidate_only_not_proven_function,exact_bytes_only_not_relocation_normalized_or_complete_image_acceptance
565f073ef06cb29299e7a3f21faadacda49272e81147fd6e3c3cafece085d256,9488,1,1,0,0,1,candidate_only_not_proven_function,exact_bytes_only_not_relocation_normalized_or_complete_image_acceptance
56718e0dfe940e2ce8c46099a7bc5ac9f8960321a445ebf3617fe875228f0c76,6204,4,4,0,0,4,candidate_only_not_proven_function,exact_bytes_only_not_relocation_normalized_or_complete_image_acceptance
568f5078f54e9c1d8faa3fcac8bf55afe495ad150b8cdc972af39fe6f0e67849,5416,1,1,0,0,1,candidate_only_not_proven_function,exact_bytes_only_not_relocation_normalized_or_complete_image_acceptance
56ef7249df4229d3bc4d785b32e3073986aeeed13080f311977b654b6b725f8a,4288,3,3,0,0,3,candidate_only_not_proven_function,exact_bytes_only_not_relocation_normalized_or_complete_image_acceptance
56f8b58e4b36410d791a175aaca08ca69e3db37a930055d04072d85237c880a7,1804,2,2,2,0,0,has_matching_c_byte_identity,exact_bytes_only_not_relocation_normalized_or_complete_image_acceptance
570573442f11fc2269388cdf9a1b5dcc240517ac885cbccf82050bbf1eb0cab4,872,6,6,6,0,0,has_matching_c_byte_identity,exact_bytes_only_not_relocation_normalized_or_complete_image_acceptance
57391ee65215a39afe55aace93a6ec5350fb5f020881f10ea4a1f9000fcc8d24,216,5,5,5,0,0,has_matching_c_byte_identity,exact_bytes_only_not_relocation_normalized_or_complete_image_acceptance
5758f30290ee73e9681d9e57b1c1fa939af954b4fde210d6b972c1375a850ad1,3404,1,1,0,0,1,candidate_only_not_proven_function,exact_bytes_only_not_relocation_normalized_or_complete_image_acceptance
575fd9a0364dc4a3185cdafba0450baab9a896902dc986a71d43e9401840ecaf,3500,1,1,0,1,0,registered_without_matching_c,exact_bytes_only_not_relocation_normalized_or_complete_image_acceptance
577dde57c674784b5045bea6b99e44b01506e8d15cfc71809376cc4551105143,852,1,1,1,0,0,has_matching_c_byte_identity,exact_bytes_only_not_relocation_normalized_or_complete_image_acceptance
578bdfa838ed84cd08e7d50fab493fc9febd846992a7ab61485eb8c418c5256b,1496,5,5,0,0,5,candidate_only_not_proven_function,exact_bytes_only_not_relocation_normalized_or_complete_image_acceptance
5797f7d0ce4cacecb6fae2e89582501950195e85ae1459994711aab06546bfce,2100,1,1,0,1,0,registered_without_matching_c,exact_bytes_only_not_relocation_normalized_or_complete_image_acceptance
57fd7fb7f50c7aba05c86d43f276f2c442109d12cca65702e1f612743d2da62d,2468,3,3,3,0,0,has_matching_c_byte_identity,exact_bytes_only_not_relocation_normalized_or_complete_image_acceptance
5841031b24aab17edb0fc56ea7ddfa7775a88fab57812a093accacdeef0b287e,2532,1,1,0,0,1,candidate_only_not_proven_function,exact_bytes_only_not_relocation_normalized_or_complete_image_acceptance
584b1d0f78773d7e44024a6f0134eff0ddfc1fc20f598174a25aaa2f17961962,1276,2,2,0,0,2,candidate_only_not_proven_function,exact_bytes_only_not_relocation_normalized_or_complete_image_acceptance
5877cb7f8ab0659580ceb28151d59ae7993df406744d5baabd056457d463348b,9312,1,1,0,0,1,candidate_only_not_proven_function,exact_bytes_only_not_relocation_normalized_or_complete_image_acceptance
58d73fb0f6592bfb0132dec62558b3588dc1ce29afb4680ddb595946f426264e,7772,7,7,0,0,7,candidate_only_not_proven_function,exact_bytes_only_not_relocation_normalized_or_complete_image_acceptance
58fc52f2db66d5cb05ac300054ec8affa308edbd42939f86ce29f7c36f5be8eb,4160,12,13,0,0,12,candidate_only_not_proven_function,exact_bytes_only_not_relocation_normalized_or_complete_image_acceptance
591873a9a05d1e0ba18ddccc0fb1a074ff7bc191253e20d2c55c40476a6bbc52,1484,1,1,1,0,0,has_matching_c_byte_identity,exact_bytes_only_not_relocation_normalized_or_complete_image_acceptance
593c5fa0f9b51a4037f59c85d268d7a0feb49f360d462bfc3c0651d5d67acb45,8792,1,1,0,0,1,candidate_only_not_proven_function,exact_bytes_only_not_relocation_normalized_or_complete_image_acceptance
594d99b58717677781e0e22cecfab581df282469668a0552303766b61abc93ed,1268,1,1,0,0,1,candidate_only_not_proven_function,exact_bytes_only_not_relocation_normalized_or_complete_image_acceptance
5952517efee9730b5f3a810c7ae9d2778bc0653a215391d9299ca4b4ebd56a96,15528,1,1,0,0,1,candidate_only_not_proven_function,exact_bytes_only_not_relocation_normalized_or_complete_image_acceptance
5979a89e5fd1a275fc5ac91a257e78ea9fa9eba86840df425a4c97c42b00e47c,5424,1,1,0,0,1,candidate_only_not_proven_function,exact_bytes_only_not_relocation_normalized_or_complete_image_acceptance
5af217528df8707f09588ea46ae00389b2f11b29e8444693c3518124c5edd6b5,1396,6,6,6,0,0,has_matching_c_byte_identity,exact_bytes_only_not_relocation_normalized_or_complete_image_acceptance
5afbe217245e8980de28ac1457ce02ac314a287001f626f23ae1705d0570fdd0,2696,2,2,0,0,2,candidate_only_not_proven_function,exact_bytes_only_not_relocation_normalized_or_complete_image_acceptance
5b42425d2bd6bf9bdd066fe33ca4c59934618057ecc9173bd658a521eb8bdb6b,1328,1,1,0,0,1,candidate_only_not_proven_function,exact_bytes_only_not_relocation_normalized_or_complete_image_acceptance
5bcbbb6facd78ce779b297ecd58b9dd83668665b039af9ddb41597c1dc564f2a,8584,1,1,0,0,1,candidate_only_not_proven_function,exact_bytes_only_not_relocation_normalized_or_complete_image_acceptance
5bd3630d432de70696f4fbd5058c5d367b110a30b076f6f1be5293a5f9200588,1588,11,13,11,0,0,has_matching_c_byte_identity,exact_bytes_only_not_relocation_normalized_or_complete_image_acceptance
5c523d25626704727da792773a35670da280c129f7ad9e1d2d1fc3e0f64f4ba5,5756,1,1,0,0,1,candidate_only_not_proven_function,exact_bytes_only_not_relocation_normalized_or_complete_image_acceptance
5c5f4377807c03b6248e356651caf61efee7cadd303f9bb12e3ed5cb60a904b9,8740,1,1,0,0,1,candidate_only_not_proven_function,exact_bytes_only_not_relocation_normalized_or_complete_image_acceptance
5ccc553931180d0c8a159d1aab8a679eeb6d8e914f358017649ccd941775da50,4832,1,1,0,0,1,candidate_only_not_proven_function,exact_bytes_only_not_relocation_normalized_or_complete_image_acceptance
5cf0eed73550e7e98991a3f42f45a2aecbd612275b75fc0373484e6c92dee03f,1240,1,1,0,0,1,candidate_only_not_proven_function,exact_bytes_only_not_relocation_normalized_or_complete_image_acceptance
5cf97567baaa94f0459a8ff9b8d8c5eea5ccadce1300e3ffe59a25a4baa88167,788,2,2,2,0,0,has_matching_c_byte_identity,exact_bytes_only_not_relocation_normalized_or_complete_image_acceptance
5cf9b053e7888fb3a398aad3a828672478166c538f09fa22ebc7207fc7ea3f4b,7772,7,7,0,0,7,candidate_only_not_proven_function,exact_bytes_only_not_relocation_normalized_or_complete_image_acceptance
5d108e7f0bfc2490ddee55c31c3d555f1aabd3d6f2349c95c9a99eee13549b94,2448,2,2,0,0,2,candidate_only_not_proven_function,exact_bytes_only_not_relocation_normalized_or_complete_image_acceptance
5d118507decb9867c1c0ed05be9e46dade0c967f47fefe7c6834f407a3dd869f,1304,1,1,0,0,1,candidate_only_not_proven_function,exact_bytes_only_not_relocation_normalized_or_complete_image_acceptance
5d453c8c034b87a57bf26b133aed6bf3fc616dc779e2a0ad37c3b56f89bfeec6,1456,1,1,0,0,1,candidate_only_not_proven_function,exact_bytes_only_not_relocation_normalized_or_complete_image_acceptance
5d4564cd6f1b3d9cb179e3d1d34a8aff89291ffb50993a9b0c1cabc3d562862e,7524,3,3,0,0,3,candidate_only_not_proven_function,exact_bytes_only_not_relocation_normalized_or_complete_image_acceptance
5d7085fc8294982ea3d77e455e7250f692378a92cba7ad51cf0d8a938c6874b0,3500,1,1,0,1,0,registered_without_matching_c,exact_bytes_only_not_relocation_normalized_or_complete_image_acceptance
5e2cae969275b1a3aacf91e53146109672d93aa9cc771dce817aaffea662df3d,2476,6,6,6,0,0,has_matching_c_byte_identity,exact_bytes_only_not_relocation_normalized_or_complete_image_acceptance
5e7c913cfccf02d1b4902c339d3fd944fca2e153252c9649a7700333a3a0b734,976,2,2,2,0,0,has_matching_c_byte_identity,exact_bytes_only_not_relocation_normalized_or_complete_image_acceptance
5e9955af38ae77a01bb0737ed5b682338bbabace3c4672a5064cc634ed4b53ed,4656,7,7,7,0,0,has_matching_c_byte_identity,exact_bytes_only_not_relocation_normalized_or_complete_image_acceptance
5ef618519bd1f1e063d443404b53cd809199fa7461ec0040faadedfe2972fb99,2892,1,1,0,0,1,candidate_only_not_proven_function,exact_bytes_only_not_relocation_normalized_or_complete_image_acceptance
5f1b2e1a561c6a7a3ffe935d470e03dfce48b35a04aba7d5d7d8075b6255b56c,3904,1,1,0,0,1,candidate_only_not_proven_function,exact_bytes_only_not_relocation_normalized_or_complete_image_acceptance
5f80f27dd8f38c40c557ae9cc96583b34d4559aa36f8772038587dedcdedd13e,10896,1,1,0,0,1,candidate_only_not_proven_function,exact_bytes_only_not_relocation_normalized_or_complete_image_acceptance
5f8510f03a6f0fed017b46c3916934f5a82986e8ef4fd155235e31a68edde772,900,3,3,0,0,3,candidate_only_not_proven_function,exact_bytes_only_not_relocation_normalized_or_complete_image_acceptance
601a622185164064e94731e65dd6c5ee3ab5f0dee1f7536345eb4876ff079823,8020,1,1,0,0,1,candidate_only_not_proven_function,exact_bytes_only_not_relocation_normalized_or_complete_image_acceptance
60269aae3503a0d8496805392b0cee74a947c2ff367af1b59947f6ae99c2bad4,3764,1,1,0,0,1,candidate_only_not_proven_function,exact_bytes_only_not_relocation_normalized_or_complete_image_acceptance
603c17ff2860148f03132f5d7f61e62c9d9366c3b3b8f8df58d5dfb97791621d,1156,1,1,1,0,0,has_matching_c_byte_identity,exact_bytes_only_not_relocation_normalized_or_complete_image_acceptance
60504fd538756dfe21d976758dd503df9baf66c6247f4d196739104de97489d8,2212,1,1,0,0,1,candidate_only_not_proven_function,exact_bytes_only_not_relocation_normalized_or_complete_image_acceptance
6075020cb161cf9615440e5c25f6a5f6535a1bb0afe83d6e2ab6e8540e39c502,872,2,2,2,0,0,has_matching_c_byte_identity,exact_bytes_only_not_relocation_normalized_or_complete_image_acceptance
607f0a284ac3fef9c042dd0c1dceedd47d782fdd0e309d80baf1cc0cc0eacdb5,2356,2,2,0,0,2,candidate_only_not_proven_function,exact_bytes_only_not_relocation_normalized_or_complete_image_acceptance
608087152dcbf95555a1fa6d87b780811f3ab3d2e082b04123a073414fe7a34a,2860,3,3,0,0,3,candidate_only_not_proven_function,exact_bytes_only_not_relocation_normalized_or_complete_image_acceptance
608c4556d4712d7456484deb3cc4cb8e93e061bf6311424a1cb4b3e662faac1e,6908,4,4,0,0,4,candidate_only_not_proven_function,exact_bytes_only_not_relocation_normalized_or_complete_image_acceptance
60bea44ff6a527a2c4c47734e22902edfae4c2972e7f6bfd4ef9212e83764759,8560,1,1,0,0,1,candidate_only_not_proven_function,exact_bytes_only_not_relocation_normalized_or_complete_image_acceptance
60c8951ce4bd0f3478e5f5e51fed455991fbe82f4de9ddbf68160cb8d4c806ca,4124,3,3,0,0,3,candidate_only_not_proven_function,exact_bytes_only_not_relocation_normalized_or_complete_image_acceptance
60f6be88efde81addfb502d2b43d695bb27f5b1f435b9d066ebfd1408ef4ff0b,1512,1,1,0,0,1,candidate_only_not_proven_function,exact_bytes_only_not_relocation_normalized_or_complete_image_acceptance
61358e0e98ece640513a543f52a31b718c25f1c3545424933e5970568723c1d7,896,2,2,2,0,0,has_matching_c_byte_identity,exact_bytes_only_not_relocation_normalized_or_complete_image_acceptance
6174fa98fce5eb4a1abbe99af25e18698e40c2f2ba33aac009b33066a2541d1d,7644,1,1,0,0,1,candidate_only_not_proven_function,exact_bytes_only_not_relocation_normalized_or_complete_image_acceptance
617a4a89397c9ae254ff796385b02a3b8ab47ffc41c1be0dcc90d3cb5d8bdb44,4872,1,1,0,0,1,candidate_only_not_proven_function,exact_bytes_only_not_relocation_normalized_or_complete_image_acceptance
6189d02205d3e779381ecdf7f76d20227a70f077d7cc38b65c10b88b04801e16,3868,1,1,1,0,0,has_matching_c_byte_identity,exact_bytes_only_not_relocation_normalized_or_complete_image_acceptance
619152eb7ab35506cb702a0eaab4319ffeb1dd251d9e0bf2c13db8a8745744c3,5088,5,6,0,0,5,candidate_only_not_proven_function,exact_bytes_only_not_relocation_normalized_or_complete_image_acceptance
61df7f874bafe17697d7fd632ee4ddc443780f7160daa6289c2295e3fb4334a9,9224,1,1,0,0,1,candidate_only_not_proven_function,exact_bytes_only_not_relocation_normalized_or_complete_image_acceptance
61fb43aacb6f1ddad517841051c266ff1a2eccc41c7823257b6a8cb390ef5799,788,2,2,2,0,0,has_matching_c_byte_identity,exact_bytes_only_not_relocation_normalized_or_complete_image_acceptance
6245deda0ee92df3060a0e77681fc9055e23172afe14385d5f9350c2170de8b3,6700,15,17,0,0,15,candidate_only_not_proven_function,exact_bytes_only_not_relocation_normalized_or_complete_image_acceptance
627c4572d32b78c576a741208416833dbb23f39f5e72d8eca01a73045d29aa95,1684,2,2,0,0,2,candidate_only_not_proven_function,exact_bytes_only_not_relocation_normalized_or_complete_image_acceptance
6286144e6ee9ad925da19f8b8553376a5cb68bb87c5116d81c25f2b12ccd713d,1908,1,1,0,0,1,candidate_only_not_proven_function,exact_bytes_only_not_relocation_normalized_or_complete_image_acceptance
62f38c1725229bb85fcd3d98afa256cd64f100a94fb355d6e1df8c53c44120c2,8128,2,2,0,0,2,candidate_only_not_proven_function,exact_bytes_only_not_relocation_normalized_or_complete_image_acceptance
6351adf172313d31f7ae65b123398f3b407f8dde909755091ed8b17947a0229a,2640,1,1,0,0,1,candidate_only_not_proven_function,exact_bytes_only_not_relocation_normalized_or_complete_image_acceptance
63b52c815a1880e3daf7f136e77cd09e3d237a64d77fd0cfbe2e5e278eb9b527,3396,1,1,0,0,1,candidate_only_not_proven_function,exact_bytes_only_not_relocation_normalized_or_complete_image_acceptance
63d2db42259d4d321182c1483685132eb01ffe414fad07a02463e8bb2c73d919,1136,2,2,2,0,0,has_matching_c_byte_identity,exact_bytes_only_not_relocation_normalized_or_complete_image_acceptance
64170ada6e22a895be78d6b420afbffae00536c9b3f3317b6d505cda821a9d63,2076,2,2,0,0,2,candidate_only_not_proven_function,exact_bytes_only_not_relocation_normalized_or_complete_image_acceptance
6453255571361b1779f30c703ac73f44c561abdcbef71980657ddd3d5e35ac14,5296,3,3,0,0,3,candidate_only_not_proven_function,exact_bytes_only_not_relocation_normalized_or_complete_image_acceptance
645d1e0c2587ff78d2f6807eb6cb49ebe66caec9f35a76333f340824a078b13d,3756,1,1,0,0,1,candidate_only_not_proven_function,exact_bytes_only_not_relocation_normalized_or_complete_image_acceptance
647ea99907cfc5a3940426058c5d7a57b1436094cca49f820ed5fcfa228e8181,5328,1,1,0,0,1,candidate_only_not_proven_function,exact_bytes_only_not_relocation_normalized_or_complete_image_acceptance
64ad440fa60d68f61412e87e016ff54b3695f4693bb7d64f13b63488d1729ca0,3136,1,1,0,0,1,candidate_only_not_proven_function,exact_bytes_only_not_relocation_normalized_or_complete_image_acceptance
64d066e47cb083b2552242c74063f53b56343a6b9967c35cb6566bead4740656,2216,1,1,0,0,1,candidate_only_not_proven_function,exact_bytes_only_not_relocation_normalized_or_complete_image_acceptance
64d56f2702dec5c554dff0ebda476c0c9babc5a5f1da3f8aa37949eca4482724,4376,1,1,0,0,1,candidate_only_not_proven_function,exact_bytes_only_not_relocation_normalized_or_complete_image_acceptance
650490f220bf9a0e8422c00fd3aff90bb31dd6e21f6884d6216be18e6349edc5,1668,4,4,0,0,4,candidate_only_not_proven_function,exact_bytes_only_not_relocation_normalized_or_complete_image_acceptance
652685a1509fefcec7d80994b5c684918ceeec04d75c1124bf78d42188d79c78,1920,5,5,5,0,0,has_matching_c_byte_identity,exact_bytes_only_not_relocation_normalized_or_complete_image_acceptance
653883d90b69dcd972c534af8f5dbfc45dc2e08bf67432323477fcdd58129a7d,3816,1,1,0,0,1,candidate_only_not_proven_function,exact_bytes_only_not_relocation_normalized_or_complete_image_acceptance
6570fc2f86079a62efcde1e325ed38b663b59f2aaa65c576175cfd597b497046,1588,5,5,0,0,5,candidate_only_not_proven_function,exact_bytes_only_not_relocation_normalized_or_complete_image_acceptance
65874b4045edaa03e7c59116afc8190e96e654466f9298a0b327801d67384970,2968,2,2,0,0,2,candidate_only_not_proven_function,exact_bytes_only_not_relocation_normalized_or_complete_image_acceptance
66458bc194c3986c719c2058d1578e292f6532208b96f579fa9ebe13cf8237ad,2024,1,1,0,0,1,candidate_only_not_proven_function,exact_bytes_only_not_relocation_normalized_or_complete_image_acceptance
665635f71b74e5dcc30b185652a1d06315dacb7c0888dd7fe6bb4131bfcac2a4,1764,2,2,2,0,0,has_matching_c_byte_identity,exact_bytes_only_not_relocation_normalized_or_complete_image_acceptance
6669458977f74e9a6ef19b2a49985c800d029215f31675e0801d83e5771e2de0,1468,1,1,0,0,1,candidate_only_not_proven_function,exact_bytes_only_not_relocation_normalized_or_complete_image_acceptance
66962c215c3efa7243a669a0e701bbfde0c95fb0f4a0b41ab89aa099727326cf,1616,2,2,0,0,2,candidate_only_not_proven_function,exact_bytes_only_not_relocation_normalized_or_complete_image_acceptance
66b5fb4abe644f3edb7706bd6009ca900d4f2f18170d067d7951ea05705d0898,1812,1,1,0,0,1,candidate_only_not_proven_function,exact_bytes_only_not_relocation_normalized_or_complete_image_acceptance
66c8615b106ac462076b9a04a53c24c9b8836442c76f93d1c9a5097ce03de27d,1264,1,1,0,0,1,candidate_only_not_proven_function,exact_bytes_only_not_relocation_normalized_or_complete_image_acceptance
66fa95b008195aa0f57496e736b52218907530b000cf2fa5d5f443ab552b8026,1276,1,1,0,0,1,candidate_only_not_proven_function,exact_bytes_only_not_relocation_normalized_or_complete_image_acceptance
678c0b774ac684024908b47c02cc7d182f7ef4fd70c31988362c13d78ad8e010,7536,1,1,0,0,1,candidate_only_not_proven_function,exact_bytes_only_not_relocation_normalized_or_complete_image_acceptance
67a966771ade1984eb81c94979a384ae79149ad12f0b371f295f524eb816c1ff,872,2,2,2,0,0,has_matching_c_byte_identity,exact_bytes_only_not_relocation_normalized_or_complete_image_acceptance
67cbf9f79c52eb28d645bff468658d69ba9a8175994774af8340d92f1b551ae0,1488,1,1,0,0,1,candidate_only_not_proven_function,exact_bytes_only_not_relocation_normalized_or_complete_image_acceptance
68667d680561ba3642ac3c67d7b2033fe12c1ea743100db0461e67cd3659bc67,12696,1,1,0,0,1,candidate_only_not_proven_function,exact_bytes_only_not_relocation_normalized_or_complete_image_acceptance
688739caecc76c60d938a17d54507ef9a159a3de673b24da47ab9d4cf525fffa,3932,4,4,0,0,4,candidate_only_not_proven_function,exact_bytes_only_not_relocation_normalized_or_complete_image_acceptance
68d106df2bbb5de4c7d75bfa7657804d3f2160f5290d4c2dee116b9b4274d725,1588,6,6,0,0,6,candidate_only_not_proven_function,exact_bytes_only_not_relocation_normalized_or_complete_image_acceptance
690b9ca8dc40028cc672392a64f63e157641d9b074f4e9bcc41f9bfe188aff71,2208,1,1,0,0,1,candidate_only_not_proven_function,exact_bytes_only_not_relocation_normalized_or_complete_image_acceptance
693a6c312e0212e7233435a588637305721073cd2f304182b6715de1f1add265,780,6,6,6,0,0,has_matching_c_byte_identity,exact_bytes_only_not_relocation_normalized_or_complete_image_acceptance
69549bcb6c8f7b8f87c9c50336e16eb91853e0ec92e88f402c85ac152eb86868,1388,2,2,2,0,0,has_matching_c_byte_identity,exact_bytes_only_not_relocation_normalized_or_complete_image_acceptance
6982afdc62c1115fd9fa265c12151c23870afc873394ce547742bb30ebf05ee6,1312,2,2,2,0,0,has_matching_c_byte_identity,exact_bytes_only_not_relocation_normalized_or_complete_image_acceptance
69832214f973d4d38165b1679987b9d3e6b878efa7ae8c407af1de76f7250ae7,3896,1,1,0,0,1,candidate_only_not_proven_function,exact_bytes_only_not_relocation_normalized_or_complete_image_acceptance
6998ab7fea641ae9a229ab641b0d1c5ec4cdd3f72d8d67b301d3e213ef70d973,1580,5,5,0,0,5,candidate_only_not_proven_function,exact_bytes_only_not_relocation_normalized_or_complete_image_acceptance
69a6c0542d91404b35a90cf9c4d6985ce417081072d501d61368970151698b67,1256,7,7,7,0,0,has_matching_c_byte_identity,exact_bytes_only_not_relocation_normalized_or_complete_image_acceptance
69d4c4539ca9e444a6bd6117e6e679866ff1ad83c8f2ba7db1ca51d426da6f5f,1524,5,5,0,5,0,registered_without_matching_c,exact_bytes_only_not_relocation_normalized_or_complete_image_acceptance
6a239a1f373a3fd2628dc0466e8e2e094ecf1e0bd1377aa6a7100d4e7aabf108,4260,12,12,0,0,12,candidate_only_not_proven_function,exact_bytes_only_not_relocation_normalized_or_complete_image_acceptance
6a4729aa376e3f696ac1e23bd2b615f30d30ddc3477296c965324f952829d1f8,780,11,12,11,0,0,has_matching_c_byte_identity,exact_bytes_only_not_relocation_normalized_or_complete_image_acceptance
6a4a451a73867d379a72533b978d2e33b8959bf1847b4d11fa73f58e99809bb1,896,2,2,2,0,0,has_matching_c_byte_identity,exact_bytes_only_not_relocation_normalized_or_complete_image_acceptance
6a8b2c7b47963db288eda4ad96156dc3258decc439c98e0fd629c2a83056f075,1232,6,6,0,0,6,candidate_only_not_proven_function,exact_bytes_only_not_relocation_normalized_or_complete_image_acceptance
6a99de257fe8bcd11e9158922d4f6ade120108c9843d59e2d6bb22d8e0c9584e,5660,5,5,0,0,5,candidate_only_not_proven_function,exact_bytes_only_not_relocation_normalized_or_complete_image_acceptance
6adefc67dba143c69c30776d1a27bdf060f1831a45669607dc9b217edc7e07d7,3640,2,2,0,0,2,candidate_only_not_proven_function,exact_bytes_only_not_relocation_normalized_or_complete_image_acceptance
6b057addb8a215975be08b12fd5a442cb11ed2acfe0562c523c924a64c3da251,5088,6,6,0,0,6,candidate_only_not_proven_function,exact_bytes_only_not_relocation_normalized_or_complete_image_acceptance
6b6a425827f18bae0438ac4c78f05d8cca6d59dc6393464c903d38e5174d27f0,1128,1,1,0,0,1,candidate_only_not_proven_function,exact_bytes_only_not_relocation_normalized_or_complete_image_acceptance
6b6db2096d486e3dc0ef86f59f5e8c511d50ca7302057877041d4ee74d4724aa,7572,1,1,0,0,1,candidate_only_not_proven_function,exact_bytes_only_not_relocation_normalized_or_complete_image_acceptance
6b7c47fb75966359722dda42531f474e9bdf4922a4c784617e57d9af56fdec2f,1496,5,5,0,0,5,candidate_only_not_proven_function,exact_bytes_only_not_relocation_normalized_or_complete_image_acceptance
6b90954a69307533ba9d95c8911de30866030badf1f58cca62bec24afe812e7d,976,2,2,2,0,0,has_matching_c_byte_identity,exact_bytes_only_not_relocation_normalized_or_complete_image_acceptance
6bf6d27fe3465f86366871c2b2c9608059bf7dfe2a2d1c7592c4e64dfe06587d,3640,2,2,0,0,2,candidate_only_not_proven_function,exact_bytes_only_not_relocation_normalized_or_complete_image_acceptance
6c35683fc69e71b5002912eb8257cc68239bd92c281f31c877050bc3be0d0b40,3260,1,1,0,0,1,candidate_only_not_proven_function,exact_bytes_only_not_relocation_normalized_or_complete_image_acceptance
6c43cb0773a93cdd33180ad8b5c6804315b4f1a961a5fc850fc3b532c6fa2aae,6488,25,27,0,0,25,candidate_only_not_proven_function,exact_bytes_only_not_relocation_normalized_or_complete_image_acceptance
6c92bbb5a280f33562b35bf4a4659677c4a21fdc33b1f29e916a84d942f1105e,2732,1,1,0,0,1,candidate_only_not_proven_function,exact_bytes_only_not_relocation_normalized_or_complete_image_acceptance
6cc462719bd750c724068d5dd94b6da1c7d2cdcdc3aebf91dd8058e5373e5614,4320,3,3,0,0,3,candidate_only_not_proven_function,exact_bytes_only_not_relocation_normalized_or_complete_image_acceptance
6cc5e0d207b3b1c33f22d2c3b8ed920698b4479cf5ecfc3ee5b329b4fea91779,1628,1,1,0,0,1,candidate_only_not_proven_function,exact_bytes_only_not_relocation_normalized_or_complete_image_acceptance
6cdde43076e0598ac49ce1d77e6f4e471543cd0d6c9c6e479aeb898895245882,1492,2,2,0,0,2,candidate_only_not_proven_function,exact_bytes_only_not_relocation_normalized_or_complete_image_acceptance
6ce184595e4a5f3798af4cb8be67ea5274d9b8ed498be89047dff09cd2b3a707,2784,1,1,0,0,1,candidate_only_not_proven_function,exact_bytes_only_not_relocation_normalized_or_complete_image_acceptance
6d16af5e465c840658502f909d8caf60cf5a6f5d3fa5488e39847bed6df1b623,4404,1,1,0,0,1,candidate_only_not_proven_function,exact_bytes_only_not_relocation_normalized_or_complete_image_acceptance
6d90ae852e504a8254ef9499487db6746982ba38e6c99c92c28426008ee7bb2e,9668,1,1,0,0,1,candidate_only_not_proven_function,exact_bytes_only_not_relocation_normalized_or_complete_image_acceptance
6db2299e21a11af03cf0124bae41e4f00a4cd15df4f29e38f565106d59614886,872,2,2,2,0,0,has_matching_c_byte_identity,exact_bytes_only_not_relocation_normalized_or_complete_image_acceptance
6dc935bc2cb8a989ab1b9c9eea78720e33d222aa9ce7f42e068f379fe61bd669,19768,1,1,0,0,1,candidate_only_not_proven_function,exact_bytes_only_not_relocation_normalized_or_complete_image_acceptance
6e1252e0a1013b146be4be1bd9bf99511782f664844782313c5c9ae956b92b3b,1108,2,2,2,0,0,has_matching_c_byte_identity,exact_bytes_only_not_relocation_normalized_or_complete_image_acceptance
6e2d22718542f3c37aeae070ae4e2297e1bf90b8361d309f52af53a05eac02ec,216,5,5,5,0,0,has_matching_c_byte_identity,exact_bytes_only_not_relocation_normalized_or_complete_image_acceptance
6e4917f0b2194e1e8b293241c80400d1451e470a3fe61a7a617ca862188f6a31,872,6,6,6,0,0,has_matching_c_byte_identity,exact_bytes_only_not_relocation_normalized_or_complete_image_acceptance
6e7bec56f143952f0928d071be1ca90f9bb807645bf878ceeea688c816fd8825,8560,1,1,0,0,1,candidate_only_not_proven_function,exact_bytes_only_not_relocation_normalized_or_complete_image_acceptance
6eca27a06ebf9bfce06293dbcf073747f16520d83e15734851ffe56c8c1b63b0,9156,3,3,0,0,3,candidate_only_not_proven_function,exact_bytes_only_not_relocation_normalized_or_complete_image_acceptance
6edc4503873c634e9f7d2be5d33aa891a7a707c3a35a55613dd9dec0723bd9c7,1512,1,1,0,0,1,candidate_only_not_proven_function,exact_bytes_only_not_relocation_normalized_or_complete_image_acceptance
6ee6f7fa93492dcb5ff7a4f23280c9538d202e68d53b2644ffd863f6db03b712,2212,1,1,0,0,1,candidate_only_not_proven_function,exact_bytes_only_not_relocation_normalized_or_complete_image_acceptance
6efae5d04ece894bafdf4e0798aa96c64c5f9351f9d19a6e81d9291732c8e29a,7788,3,3,0,0,3,candidate_only_not_proven_function,exact_bytes_only_not_relocation_normalized_or_complete_image_acceptance
6f03ae6b667d1c1227190863f6e2b29e0291767fbbeefea2d90f04a9c9a122ac,10108,3,3,0,0,3,candidate_only_not_proven_function,exact_bytes_only_not_relocation_normalized_or_complete_image_acceptance
6f0e966351b0d07cd0f419f96d9718524ba4b1b18e8e349f0e614ffa6bf21199,1332,2,2,0,0,2,candidate_only_not_proven_function,exact_bytes_only_not_relocation_normalized_or_complete_image_acceptance
6f4520bc14f5cabe20b8983efa238183d340594be7720b5a4713ad09ce0db5e6,6524,15,18,0,0,15,candidate_only_not_proven_function,exact_bytes_only_not_relocation_normalized_or_complete_image_acceptance
6fae0946951fa9db1389f0afda0d798e8ccd1571eb326b71be4b6a33eef2e565,2296,11,11,11,0,0,has_matching_c_byte_identity,exact_bytes_only_not_relocation_normalized_or_complete_image_acceptance
6fb09bc75c1664b2eec431d8a8e40c5393ba33cf181efcd0c2dd251e02b42e39,2312,1,1,0,0,1,candidate_only_not_proven_function,exact_bytes_only_not_relocation_normalized_or_complete_image_acceptance
6fb5e49ddc2bbc8c2feea25af7b5510a4b5a5785865dada461a8ac5b976ba8ea,9008,1,1,0,0,1,candidate_only_not_proven_function,exact_bytes_only_not_relocation_normalized_or_complete_image_acceptance
6fb6d2ad7668f8a6db17691f6db21586b198f17f211993c7b2c235e7f6937ec5,1460,1,1,0,0,1,candidate_only_not_proven_function,exact_bytes_only_not_relocation_normalized_or_complete_image_acceptance
70308f4d947fa297df1e19419d879c7a0599a3efda4c0b9ebfda0cc2cf58d13b,4924,3,3,0,0,3,candidate_only_not_proven_function,exact_bytes_only_not_relocation_normalized_or_complete_image_acceptance
704680a6ac1810b56b5532dd2eb3e30c1df5516771457499122ab09f813d0736,904,1,1,1,0,0,has_matching_c_byte_identity,exact_bytes_only_not_relocation_normalized_or_complete_image_acceptance
70b189d6f044b42c1e7c34e1eeac9c6b4aedf661e90abe6d64fb43a385062eb7,3404,1,1,0,0,1,candidate_only_not_proven_function,exact_bytes_only_not_relocation_normalized_or_complete_image_acceptance
70c6e6e449d2022697d17816cb07617654764e9fd955eeb6064673cf442d1a9b,4568,1,1,0,0,1,candidate_only_not_proven_function,exact_bytes_only_not_relocation_normalized_or_complete_image_acceptance
70d2a348db22f7a1cecd12b7b62420186f252762ca7935f1fabbce6f9e23e7f0,3516,1,1,0,0,1,candidate_only_not_proven_function,exact_bytes_only_not_relocation_normalized_or_complete_image_acceptance
70e0702e34906d0fb6d3554fa2ddf6bcd1a176de907140acacd16f11288d77e3,2040,4,4,0,0,4,candidate_only_not_proven_function,exact_bytes_only_not_relocation_normalized_or_complete_image_acceptance
710f4d41e7b3d77e64fc5bce39df44bc241fab95b34efcb3b4dc1f4e2875f642,1064,1,1,1,0,0,has_matching_c_byte_identity,exact_bytes_only_not_relocation_normalized_or_complete_image_acceptance
71501197e19abf9292ca10221678ec6069ffcb71bb31504f41e3fbde85dca4b9,6728,1,1,0,0,1,candidate_only_not_proven_function,exact_bytes_only_not_relocation_normalized_or_complete_image_acceptance
71504e93706a81aebf6fb31fa922663b24be78c5977f434c7304ad77351018f0,3236,4,4,0,0,4,candidate_only_not_proven_function,exact_bytes_only_not_relocation_normalized_or_complete_image_acceptance
716f8e43ff65c9cf90bb1a86127ac8a6f640e3467d26e77d2f90f9469435c298,780,6,6,6,0,0,has_matching_c_byte_identity,exact_bytes_only_not_relocation_normalized_or_complete_image_acceptance
7265d7fe53cd96d2ee14aadd42a6b6a2aafaa7fb62c6bde9e12e81c9325d72a0,2652,2,2,0,0,2,candidate_only_not_proven_function,exact_bytes_only_not_relocation_normalized_or_complete_image_acceptance
7286f51d0ebc036ca37ebb2c61974d5bfd5cd7592f1ae74f6c07c91120b6c118,1108,4,4,0,0,4,candidate_only_not_proven_function,exact_bytes_only_not_relocation_normalized_or_complete_image_acceptance
72b5105d9b8403fb6c39ad6742ec923f2f4e02eef6bc0d46caca7a4a888d0d3e,1516,14,15,14,0,0,has_matching_c_byte_identity,exact_bytes_only_not_relocation_normalized_or_complete_image_acceptance
73148a3c8b2f4c76cff9a1d580a5561b893633aa65e5de694fb4506afbe2cc5f,2680,2,2,0,0,2,candidate_only_not_proven_function,exact_bytes_only_not_relocation_normalized_or_complete_image_acceptance
731b4f9b2f1bf2f767b51ba14195c5053f9788fa8bf879901841f9674cd92ffa,1264,1,1,0,0,1,candidate_only_not_proven_function,exact_bytes_only_not_relocation_normalized_or_complete_image_acceptance
7348514c1604bc9e3ad928d97e5a1a41acc3e153565096b5588e858b6b9f956b,1308,3,3,0,0,3,candidate_only_not_proven_function,exact_bytes_only_not_relocation_normalized_or_complete_image_acceptance
73637fce41777e49787465a1f030dbb8f279f2d2ab4adaef7e4331cb56a5bf41,15720,1,1,0,0,1,candidate_only_not_proven_function,exact_bytes_only_not_relocation_normalized_or_complete_image_acceptance
739fc39da44c948c4056288793c6a05b057473142e7c089433779d6aa2dcad72,1348,1,1,0,0,1,candidate_only_not_proven_function,exact_bytes_only_not_relocation_normalized_or_complete_image_acceptance
73bd5035c148710a55b62efb828023877821bf7cf2bf717c4db58419bed20c17,7536,1,1,0,0,1,candidate_only_not_proven_function,exact_bytes_only_not_relocation_normalized_or_complete_image_acceptance
73f9ff4a3c456d201dbb1ab1dafe7e095bc40a8e8faac563addc4b2e598fbf15,1220,3,3,3,0,0,has_matching_c_byte_identity,exact_bytes_only_not_relocation_normalized_or_complete_image_acceptance
740ca2a80be69a2ce7b7e4298d7e48ee7c15aa59965ead12e67fe1c9c69667f4,1388,6,6,0,0,6,candidate_only_not_proven_function,exact_bytes_only_not_relocation_normalized_or_complete_image_acceptance
74399b55996f71674ea17315ef436346efef5b1df6080989158c35809e058d25,1876,2,2,0,0,2,candidate_only_not_proven_function,exact_bytes_only_not_relocation_normalized_or_complete_image_acceptance
74948be8329cf538dcf9da2d7cd64f55d9da8d6a1313fd19f41d480209735ef2,2164,1,1,0,0,1,candidate_only_not_proven_function,exact_bytes_only_not_relocation_normalized_or_complete_image_acceptance
74bd5ab6aafac2ef86d15d93db427e84d526f3197afe96245ba3d8d6bf863e89,7432,1,1,0,1,0,registered_without_matching_c,exact_bytes_only_not_relocation_normalized_or_complete_image_acceptance
74f202650768600310542152fd1f7ed1fedcf09069748a7eef53507da5092e73,7616,2,2,0,0,2,candidate_only_not_proven_function,exact_bytes_only_not_relocation_normalized_or_complete_image_acceptance
74f60995c8ff64d35695e7a816c49e2d87517bd0b2e48ea77d73ffbf18d9e5ca,1804,2,2,2,0,0,has_matching_c_byte_identity,exact_bytes_only_not_relocation_normalized_or_complete_image_acceptance
75054f23501802876aec03014094a24b0baa85a49df0850b7a0e39fadf060e86,1844,1,1,0,0,1,candidate_only_not_proven_function,exact_bytes_only_not_relocation_normalized_or_complete_image_acceptance
75299d4c010baeffe80813e5d14cd4a5bdca756445a49fd64a4185934942f6c9,3324,14,14,12,1,1,has_matching_c_byte_identity,exact_bytes_only_not_relocation_normalized_or_complete_image_acceptance
755f2f669c8c00d1b1524f6b31deaa13fad247f8779d84a6c6801f9326a517f2,1948,1,1,0,0,1,candidate_only_not_proven_function,exact_bytes_only_not_relocation_normalized_or_complete_image_acceptance
7561a9e187de4c913211fed4e91c1ac7fad53ff3dbdbcb3b545debc6e2c96f56,2640,1,1,0,0,1,candidate_only_not_proven_function,exact_bytes_only_not_relocation_normalized_or_complete_image_acceptance
7577118a04a7bbe7a6f1313a03c650bd6767366c3249d975ed6aac01bfb834b4,1492,1,1,0,0,1,candidate_only_not_proven_function,exact_bytes_only_not_relocation_normalized_or_complete_image_acceptance
75886ece7085712f86bbbb5784a0f102d3a3cfae5e59b097807b731f8456a1f6,1436,5,5,5,0,0,has_matching_c_byte_identity,exact_bytes_only_not_relocation_normalized_or_complete_image_acceptance
75f879afbc61a0cdaab0b7c1eab900768c98c3186b9541110ee731e58947bf9a,784,2,2,0,0,2,candidate_only_not_proven_function,exact_bytes_only_not_relocation_normalized_or_complete_image_acceptance
763cd71481ea1905c5fff690e49ca30222224ffde34b5e2b7d4e59f69fbea45f,5208,2,2,0,0,2,candidate_only_not_proven_function,exact_bytes_only_not_relocation_normalized_or_complete_image_acceptance
76ec07cd1343140d42e6b38281d9a405bed4b873ae7c4988728c9059132c2b2b,1356,2,2,0,0,2,candidate_only_not_proven_function,exact_bytes_only_not_relocation_normalized_or_complete_image_acceptance
773d7ccc35d9cb4fd0b10bd4542929449b22d5980c8874cb42ac6405f79cd2af,11112,2,2,0,0,2,candidate_only_not_proven_function,exact_bytes_only_not_relocation_normalized_or_complete_image_acceptance
7785bff70f0187a8ebe700c623c38771312cc3262be1d20913f7ef9082cb61ec,5372,2,2,0,0,2,candidate_only_not_proven_function,exact_bytes_only_not_relocation_normalized_or_complete_image_acceptance
7799c5e6b6d28bc8b54332ecf38175ead3f23cce9bfa255ba4c0699b1b11e289,1764,2,2,2,0,0,has_matching_c_byte_identity,exact_bytes_only_not_relocation_normalized_or_complete_image_acceptance
77a77922d372538267dbecfc775d16796912b5db4bd683f6f26f7220320d8f21,2448,2,2,0,0,2,candidate_only_not_proven_function,exact_bytes_only_not_relocation_normalized_or_complete_image_acceptance
77c87ab68b1a2bf4c400fb458926c28ce3a637d05654979d74c8492660e6fa8b,2212,2,2,0,0,2,candidate_only_not_proven_function,exact_bytes_only_not_relocation_normalized_or_complete_image_acceptance
77c880961d6db1bdb663667e6ff20e8dd12ce15561943df8dc68f2279d1911da,15324,1,1,0,0,1,candidate_only_not_proven_function,exact_bytes_only_not_relocation_normalized_or_complete_image_acceptance
77f5c6e49b3bcf58ac3fa40a5dfb27a5a4faa380b3a8350545b095f485719ad5,780,2,2,2,0,0,has_matching_c_byte_identity,exact_bytes_only_not_relocation_normalized_or_complete_image_acceptance
77f7f2d0327845ce2d699f61eb4dce3add930adf131ab6d989a8ff1b0f3e2b91,1804,11,13,11,0,0,has_matching_c_byte_identity,exact_bytes_only_not_relocation_normalized_or_complete_image_acceptance
78383597f9060fe641f71b32a1ac3024adccba1b6bd24065fdb5621d52730c45,2364,1,1,1,0,0,has_matching_c_byte_identity,exact_bytes_only_not_relocation_normalized_or_complete_image_acceptance
7861ca7b9e67b6124590d767ade341fdc68fc81e671e23fd37467ac9aead13d4,896,12,13,12,0,0,has_matching_c_byte_identity,exact_bytes_only_not_relocation_normalized_or_complete_image_acceptance
788eb757c8cb63b2de92f936dbc830d34d81d7c8678b26d6f2d31b5ceb655231,3768,1,1,0,0,1,candidate_only_not_proven_function,exact_bytes_only_not_relocation_normalized_or_complete_image_acceptance
789564d3086e1769f87953dffe2ab85503301b795bcc9a08f29262738660185b,14644,4,4,0,0,4,candidate_only_not_proven_function,exact_bytes_only_not_relocation_normalized_or_complete_image_acceptance
78ac4bf0c588bae692c0c2c99a27b8a76a8b0a3726822fdb17291e977e2e7b4a,9224,1,1,0,0,1,candidate_only_not_proven_function,exact_bytes_only_not_relocation_normalized_or_complete_image_acceptance
78e5f9c1ffa1b2359bd9f834fff42d5d9c5ba5e0a5565dfe3d5f959ccc8da328,3316,14,14,0,0,14,candidate_only_not_proven_function,exact_bytes_only_not_relocation_normalized_or_complete_image_acceptance
78f849615377b5ca68e663bdc62dabc9abbe19354a1a0f8255850817a176d24b,2532,2,2,2,0,0,has_matching_c_byte_identity,exact_bytes_only_not_relocation_normalized_or_complete_image_acceptance
790b19130ce669ac9f2a98fc1133e80c545f5b64224a57790ad73cf1a5e1c221,3860,1,1,0,0,1,candidate_only_not_proven_function,exact_bytes_only_not_relocation_normalized_or_complete_image_acceptance
7912bcc7e91445b37a43c50e0e7fbe25a26b01613baf8bdfff7974111c472fa1,1372,1,1,0,0,1,candidate_only_not_proven_function,exact_bytes_only_not_relocation_normalized_or_complete_image_acceptance
7929262720991cd3ab187e3279466085eb931baf8515f6fca2478bd10cb3cfbe,2728,3,3,0,0,3,candidate_only_not_proven_function,exact_bytes_only_not_relocation_normalized_or_complete_image_acceptance
793a0531d33fb0707484545494a8a9826fd05e5c939c62eb32df6e33859f912f,9260,13,13,0,0,13,candidate_only_not_proven_function,exact_bytes_only_not_relocation_normalized_or_complete_image_acceptance
794f30820b1359a3030b79b823c67b6bcdef7178044ab47b4234cddcd920814f,14620,2,2,0,0,2,candidate_only_not_proven_function,exact_bytes_only_not_relocation_normalized_or_complete_image_acceptance
799aa017406230a25e3aa8e6003f88e8f724446de37d3336104cba8688b2e49e,8384,2,2,0,0,2,candidate_only_not_proven_function,exact_bytes_only_not_relocation_normalized_or_complete_image_acceptance
7a8206ed717a4eae92a375b896168494c68518eb2686075b94a7df29d62ba74a,15264,3,3,0,0,3,candidate_only_not_proven_function,exact_bytes_only_not_relocation_normalized_or_complete_image_acceptance
7aeb3fb1c7ed9c12883549136d18b2ff25a3498398f7b6ae151af687b8d6106e,6716,1,1,0,0,1,candidate_only_not_proven_function,exact_bytes_only_not_relocation_normalized_or_complete_image_acceptance
7afe33a2cdbac3df0774e30687c19c075d86af8cacbf0e48985dde6fbf9f667b,1776,1,1,0,0,1,candidate_only_not_proven_function,exact_bytes_only_not_relocation_normalized_or_complete_image_acceptance
7b3543710d5588e98b11fdacc06584a314ffff55b6931734ddd49fb665b6811c,2368,1,1,0,0,1,candidate_only_not_proven_function,exact_bytes_only_not_relocation_normalized_or_complete_image_acceptance
7b65d3b92ac1a813b6b0dc5d5c0f5b622ad84cced0b71606f81a718c2486923a,3144,2,2,0,0,2,candidate_only_not_proven_function,exact_bytes_only_not_relocation_normalized_or_complete_image_acceptance
7ba086e3f2e0cfdde75c89f67366b69100ce2bef4cc2788c9b0412c04ca5fcd7,7292,2,2,0,0,2,candidate_only_not_proven_function,exact_bytes_only_not_relocation_normalized_or_complete_image_acceptance
7ba3a0b0837a9dd69ea5c7e523569825052777274d4e8fa2c351dd2564ea5322,2100,1,1,0,1,0,registered_without_matching_c,exact_bytes_only_not_relocation_normalized_or_complete_image_acceptance
7bb77a7de161b1a502b8b5e9fddab1e00a316b575eb54f511d7f79857e064dbd,1308,6,6,0,0,6,candidate_only_not_proven_function,exact_bytes_only_not_relocation_normalized_or_complete_image_acceptance
7bba80b0957256fbfa5003e255fa0f64185a19b4e50e56718c409335cbc7d80a,4560,6,6,6,0,0,has_matching_c_byte_identity,exact_bytes_only_not_relocation_normalized_or_complete_image_acceptance
7bc46410a8134d8ab8481d26a207257cedc6e720517e6a62f996e0e3327d8cdb,2320,1,1,0,0,1,candidate_only_not_proven_function,exact_bytes_only_not_relocation_normalized_or_complete_image_acceptance
7bfd6df090e27a44802d6226f9ca0fd046f9cd4991799da94d161f9a0c5f69ee,6060,2,2,0,0,2,candidate_only_not_proven_function,exact_bytes_only_not_relocation_normalized_or_complete_image_acceptance
7c7dfb08cbc9cd47e58992e7f557ec8f2497083d71f248c3d3fb82a9b7439e7e,11252,1,1,0,0,1,candidate_only_not_proven_function,exact_bytes_only_not_relocation_normalized_or_complete_image_acceptance
7c8fd4ebb6a77be1b696ba29330c4ade16e9b5bca9c0d130ed4e3adbe128206b,6528,2,2,0,0,2,candidate_only_not_proven_function,exact_bytes_only_not_relocation_normalized_or_complete_image_acceptance
7d94b13104e38ce49f1b55f254f9ccf8d715bb635e7060bb5e28c4d75f814934,1388,5,6,0,0,5,candidate_only_not_proven_function,exact_bytes_only_not_relocation_normalized_or_complete_image_acceptance
7dbd713be958d373934c5b5f6292d933c5259765f7a427731429e6e97ba34026,3548,11,11,11,0,0,has_matching_c_byte_identity,exact_bytes_only_not_relocation_normalized_or_complete_image_acceptance
7e681095bc3518ac03c823e7e39a0d8a41ce546038c44fde591b84ab56ea8032,1224,1,1,0,0,1,candidate_only_not_proven_function,exact_bytes_only_not_relocation_normalized_or_complete_image_acceptance
7e75a1ba037aeee6cbafe1ef179d187fbee4689b948d852f0c013405984457d4,2208,1,1,0,0,1,candidate_only_not_proven_function,exact_bytes_only_not_relocation_normalized_or_complete_image_acceptance
7e8134d983560fc6dc80743b036998b3abe2e477237b0dbd8b1d7c0bd62a0ab7,2532,1,1,0,0,1,candidate_only_not_proven_function,exact_bytes_only_not_relocation_normalized_or_complete_image_acceptance
7e8b6b63f319f0637b6fa680e21111ecf69d8c65b799894e1ddd1cbaeb5cc789,2572,3,3,0,0,3,candidate_only_not_proven_function,exact_bytes_only_not_relocation_normalized_or_complete_image_acceptance
7ee3dac3dce1bd2933f22b739daf8cc9eb87d6a02b94536707a33d061adfdb05,1308,7,7,7,0,0,has_matching_c_byte_identity,exact_bytes_only_not_relocation_normalized_or_complete_image_acceptance
7f21d76f74aaaec55e1e5755e79e25b21ed188188cc824cfd470708dc1ed5c2f,1492,1,1,0,0,1,candidate_only_not_proven_function,exact_bytes_only_not_relocation_normalized_or_complete_image_acceptance
7fee387cbdb5e28b1e63c5edabb504c82359feacf95ea72476c54dee45e52137,940,11,13,11,0,0,has_matching_c_byte_identity,exact_bytes_only_not_relocation_normalized_or_complete_image_acceptance
802e19e145b5ba05079407528a46e3798cecfff1d170daad2a00b25f98ac0809,1608,4,5,0,0,4,candidate_only_not_proven_function,exact_bytes_only_not_relocation_normalized_or_complete_image_acceptance
805e6cb36effedb2237a99aaef9efc766cbfc47e72ce787a966a85a4e468531a,2584,10,10,0,0,10,candidate_only_not_proven_function,exact_bytes_only_not_relocation_normalized_or_complete_image_acceptance
809a340c477b44eaff08d2b4433eea75b46ba1dfe702ff59dbcf5ff25e41f048,7520,1,1,0,0,1,candidate_only_not_proven_function,exact_bytes_only_not_relocation_normalized_or_complete_image_acceptance
819eb9cc52a36dd051dce82e83b0f5dd2b48f40bfcfd6dd6bb685f72cdd6c581,5724,6,6,0,0,6,candidate_only_not_proven_function,exact_bytes_only_not_relocation_normalized_or_complete_image_acceptance
820c17ccef74093df5a8e150a8d873c5a0c261c7496ec0f8f4b15027382a25f2,4924,3,3,0,0,3,candidate_only_not_proven_function,exact_bytes_only_not_relocation_normalized_or_complete_image_acceptance
82197c78f735e4699e10f5e584d23f7861ec8a7abdabb964b56d3638787b1015,1212,8,8,8,0,0,has_matching_c_byte_identity,exact_bytes_only_not_relocation_normalized_or_complete_image_acceptance
822549e1d1ce11510c6cc631ba1c75e7dd8bf0f9cc4177a71b3fed7af07ce327,15720,1,1,0,0,1,candidate_only_not_proven_function,exact_bytes_only_not_relocation_normalized_or_complete_image_acceptance
822b362425c7daf45b6a46ce6f0358f565fda0df8a6523b48d6d93a3fc57bde5,9312,1,1,0,0,1,candidate_only_not_proven_function,exact_bytes_only_not_relocation_normalized_or_complete_image_acceptance
822ed90b651ed96bcbee8a830dd9ddadbd56adf071de1fa6bf50e4427a2efa58,15900,4,5,0,0,4,candidate_only_not_proven_function,exact_bytes_only_not_relocation_normalized_or_complete_image_acceptance
823759558149c0292b20dc370f81ae6d487ac313fb7fb8f442ee8860b37e7aa6,3876,1,1,0,0,1,candidate_only_not_proven_function,exact_bytes_only_not_relocation_normalized_or_complete_image_acceptance
827a374cfc15ecd51cd235637d3ee262c096dd7daae02c9299c9ae79654cdfbd,1676,3,3,0,0,3,candidate_only_not_proven_function,exact_bytes_only_not_relocation_normalized_or_complete_image_acceptance
8289ebd422b2d914670ebe5394955cb1e0d003313feb1f14f633bc335cd1fad3,1920,1,1,0,1,0,registered_without_matching_c,exact_bytes_only_not_relocation_normalized_or_complete_image_acceptance
82939da101751186e2955b2c0665bfd5a0182f5fb15095087e79a7177c01c7ff,1984,13,13,12,0,1,has_matching_c_byte_identity,exact_bytes_only_not_relocation_normalized_or_complete_image_acceptance
82a02ed032d3a05fdbb88797c5b5f9f48351ceedc7dfe5dc494f645c4fef8cfa,16028,2,2,0,0,2,candidate_only_not_proven_function,exact_bytes_only_not_relocation_normalized_or_complete_image_acceptance
82b9e1ea3d9ab60ad9b6a3317fda76080ec841069173545b7a1cfe9dc3f6e159,2212,1,1,0,0,1,candidate_only_not_proven_function,exact_bytes_only_not_relocation_normalized_or_complete_image_acceptance
82be3fe5105fe8c8804c949e10a9d3a76223ba1bc30a3c6189278990191723d2,2564,1,1,1,0,0,has_matching_c_byte_identity,exact_bytes_only_not_relocation_normalized_or_complete_image_acceptance
82f19f4542ab25369cb8a16eec643e515fc542a0c99e384fd91400fbb2ae9b6d,1344,2,2,0,0,2,candidate_only_not_proven_function,exact_bytes_only_not_relocation_normalized_or_complete_image_acceptance
83190d512bb73bf246e8fa05654891fdd2a058f3687e88ba25fa7446b85abbd5,2716,1,1,0,0,1,candidate_only_not_proven_function,exact_bytes_only_not_relocation_normalized_or_complete_image_acceptance
831d9eef8636807248df989b7b29fab06bcd7f82e83e2c31f2e78b242c9b8ef5,1468,3,3,0,0,3,candidate_only_not_proven_function,exact_bytes_only_not_relocation_normalized_or_complete_image_acceptance
833d650741e0e33667ec183ed631ea77c12ee7a126d60ec3745430d8a460838f,5296,1,1,0,0,1,candidate_only_not_proven_function,exact_bytes_only_not_relocation_normalized_or_complete_image_acceptance
8341f2cb728c0ae01fdecdf922c41ea3d8ba0bf1643ded00134d4c6d2aa5d07e,3776,6,6,0,0,6,candidate_only_not_proven_function,exact_bytes_only_not_relocation_normalized_or_complete_image_acceptance
83b0cd0270d2b8c4ef5b1fad8d23fd9eebf26adf4d46449417e5a9c698d48e15,2904,3,3,0,0,3,candidate_only_not_proven_function,exact_bytes_only_not_relocation_normalized_or_complete_image_acceptance
83db340ee99982f0ebbd8bc33936e5374e69aec27492a849b5730cc479ce767f,6772,6,7,0,0,6,candidate_only_not_proven_function,exact_bytes_only_not_relocation_normalized_or_complete_image_acceptance
840b90793abd73f3b86b5384502857bc9bc34e0ea5bda20e3c8c1f051c7f8029,1272,1,1,0,0,1,candidate_only_not_proven_function,exact_bytes_only_not_relocation_normalized_or_complete_image_acceptance
8437411282595ca53e258a235f4875501f828f35fd72a25acba6b8eb795f107c,9596,2,2,0,0,2,candidate_only_not_proven_function,exact_bytes_only_not_relocation_normalized_or_complete_image_acceptance
845e63eb9b097709e3fff223bc9bfce7123fc8cbb400f770f2c23541528ab506,1564,4,4,0,0,4,candidate_only_not_proven_function,exact_bytes_only_not_relocation_normalized_or_complete_image_acceptance
8463c4969e7838e3f92b49acb05736fe40eca3bc011c6d5e6332697160244b41,4148,6,6,6,0,0,has_matching_c_byte_identity,exact_bytes_only_not_relocation_normalized_or_complete_image_acceptance
8469674c8d2d713a0182049b971f058af1807af9e21e9d05281b6e12f523ef12,1420,3,3,0,0,3,candidate_only_not_proven_function,exact_bytes_only_not_relocation_normalized_or_complete_image_acceptance
847acbd155032b5a5d79ae1409f86b4bcca8ee017305cb6dc9f0714e2593cd6d,2784,1,1,0,0,1,candidate_only_not_proven_function,exact_bytes_only_not_relocation_normalized_or_complete_image_acceptance
84e1bc05b537e9247081576cb0d37fa660c59bca0ec0536c78baab1292801e93,4392,2,2,2,0,0,has_matching_c_byte_identity,exact_bytes_only_not_relocation_normalized_or_complete_image_acceptance
84f2230e60ac0e42e8a4ea3e8ebb2fecf521ecca2f549c0fca6b978f3ae94a6d,1776,1,1,0,0,1,candidate_only_not_proven_function,exact_bytes_only_not_relocation_normalized_or_complete_image_acceptance
856967af4ae5cbdbbd1a4f0a1cfe9bb4122255da501360a674ec18e3f13c32eb,1080,1,1,1,0,0,has_matching_c_byte_identity,exact_bytes_only_not_relocation_normalized_or_complete_image_acceptance
858a400a28fa6df8357142ad0e2096a963a201d5fe43d37a244a433d92e9a764,1260,2,2,2,0,0,has_matching_c_byte_identity,exact_bytes_only_not_relocation_normalized_or_complete_image_acceptance
85b7942ae44012dbeea255d6cb22a5a6882b59c7cbfda3ac28aa1ec9efd3d1d3,1344,2,2,0,0,2,candidate_only_not_proven_function,exact_bytes_only_not_relocation_normalized_or_complete_image_acceptance
85c55beaf03a5fb56c119334652809c4235e3ec282b08b2550b346077f90ed36,2236,1,1,0,0,1,candidate_only_not_proven_function,exact_bytes_only_not_relocation_normalized_or_complete_image_acceptance
85d69f27a26033314b1a6146e4804d2e98ec0fcd1c69bec61789b16b3796c941,6916,5,5,0,0,5,candidate_only_not_proven_function,exact_bytes_only_not_relocation_normalized_or_complete_image_acceptance
85df9efa1bcb2b9e36ddac6b3a8cc2ab112235c42c2e45f32a606373585f4a86,1240,7,7,0,7,0,registered_without_matching_c,exact_bytes_only_not_relocation_normalized_or_complete_image_acceptance
86429ccf6597a022db048e79812459daa507a05daf496bbf5900f03c9591cf90,1644,4,5,0,0,4,candidate_only_not_proven_function,exact_bytes_only_not_relocation_normalized_or_complete_image_acceptance
864a1516d2a18d68cc864754b4ad6617607bd8ea231bcbf493e6be633a152eed,2004,11,11,11,0,0,has_matching_c_byte_identity,exact_bytes_only_not_relocation_normalized_or_complete_image_acceptance
8656bc112304b8884b5550f5196cca444a519b4266ab343aea7915fd5665227d,1576,5,6,0,0,5,candidate_only_not_proven_function,exact_bytes_only_not_relocation_normalized_or_complete_image_acceptance
865e76b549ecb265fbf6f6ef84aad75858c5da25a8d4fbadc225d17cf7572c55,4968,7,7,0,0,7,candidate_only_not_proven_function,exact_bytes_only_not_relocation_normalized_or_complete_image_acceptance
867991683773cf5f5340cb04b829323bcfc0096ed5bc3259f413de1734ae21e2,14360,6,6,0,0,6,candidate_only_not_proven_function,exact_bytes_only_not_relocation_normalized_or_complete_image_acceptance
8683a285745a26fcf3a266282c8b7b35c2f26923ab113d4f769ac5e9d5beb9b0,9008,1,1,0,0,1,candidate_only_not_proven_function,exact_bytes_only_not_relocation_normalized_or_complete_image_acceptance
869eec4e89cc7f0df21bfe814d978aee8ac775cd1bce7fa55a6cd62da071bae7,1000,12,13,12,0,0,has_matching_c_byte_identity,exact_bytes_only_not_relocation_normalized_or_complete_image_acceptance
86d4e4e17a195d740dca2b265faf45fe9ba90e5a7a4cc03a19f4fc5717a26986,1328,5,5,5,0,0,has_matching_c_byte_identity,exact_bytes_only_not_relocation_normalized_or_complete_image_acceptance
8720e85c455fa1e736a7862eb01aa4c331aa40b1b2512b4359630eaebb0137ab,4080,4,4,0,0,4,candidate_only_not_proven_function,exact_bytes_only_not_relocation_normalized_or_complete_image_acceptance
878d74e5069a2062eab4d853e519a5059a692973b5797c25b5df09febc9f0105,5440,1,1,0,0,1,candidate_only_not_proven_function,exact_bytes_only_not_relocation_normalized_or_complete_image_acceptance
87ca8d069084a3e8eca587b56da2cbc6eeda361cb9dae8ceb940320229972fe9,1716,1,1,0,0,1,candidate_only_not_proven_function,exact_bytes_only_not_relocation_normalized_or_complete_image_acceptance
8835dcb30d553e00cbaa28634287f53198a967868483d32eb999b2001e5d2d5a,1416,3,3,0,0,3,candidate_only_not_proven_function,exact_bytes_only_not_relocation_normalized_or_complete_image_acceptance
88575a1ca5b3fa9ceba23926e5c233ff19eef753beb8e7a1ead8e9457234f099,4688,2,2,0,2,0,registered_without_matching_c,exact_bytes_only_not_relocation_normalized_or_complete_image_acceptance
888393d792446860f26e6cdf41f642a27d80a3fe89f1dd217f1c7b6152bf37f9,9092,1,1,0,0,1,candidate_only_not_proven_function,exact_bytes_only_not_relocation_normalized_or_complete_image_acceptance
88a7c0f5ace7a8c556ec6b5312d013f4a32485afdba476454820e21e0d5977bb,11768,2,2,0,0,2,candidate_only_not_proven_function,exact_bytes_only_not_relocation_normalized_or_complete_image_acceptance
88a808ea1bfbc5bc247771f3b83db64ba79d7f708ff8b40ceddaf366bb919080,896,2,2,2,0,0,has_matching_c_byte_identity,exact_bytes_only_not_relocation_normalized_or_complete_image_acceptance
88ed6c8ca012ced0d13e224413f319e2dfbcb4f2edb07431687fcaa6050063bd,8092,1,1,0,0,1,candidate_only_not_proven_function,exact_bytes_only_not_relocation_normalized_or_complete_image_acceptance
892eac8c04d770515dfabe80501690468d2cfafee9856a56c82003adb2798385,1824,2,2,0,0,2,candidate_only_not_proven_function,exact_bytes_only_not_relocation_normalized_or_complete_image_acceptance
8951b6270ccc53aa335c235a48883f47c5533d590333b42b36445d9cebc5ef7d,2216,1,1,0,0,1,candidate_only_not_proven_function,exact_bytes_only_not_relocation_normalized_or_complete_image_acceptance
8959fa0151acd0c06d2f5aeeee89383ef427ea8e5436c7467e6051f7d36f36f0,3888,3,3,0,0,3,candidate_only_not_proven_function,exact_bytes_only_not_relocation_normalized_or_complete_image_acceptance
89b2f9e7adc7e0cde8ecb0be4b4f974671bb7f1c3ae3136070d98b442d4cba00,1060,2,2,2,0,0,has_matching_c_byte_identity,exact_bytes_only_not_relocation_normalized_or_complete_image_acceptance
89b7efa0aa6cb0cd5fbe89d56c14c104849cfabe51e2f9e450699e815b00c467,1564,4,4,0,0,4,candidate_only_not_proven_function,exact_bytes_only_not_relocation_normalized_or_complete_image_acceptance
89e334804ae8549870705c19fed7ea5aeb7a7ac3961cdab5eb6c7702fb7f776d,2824,14,14,13,0,1,has_matching_c_byte_identity,exact_bytes_only_not_relocation_normalized_or_complete_image_acceptance
8a4fa7cebe814adb88b540171bd84f0b69d9ebd6acae55297be4c2c887c52c21,1432,6,6,0,0,6,candidate_only_not_proven_function,exact_bytes_only_not_relocation_normalized_or_complete_image_acceptance
8a78a236bdbd477639ecef3223594f7bf28f9f75dbb8ea8284d1a131d2fd9903,1232,3,3,0,0,3,candidate_only_not_proven_function,exact_bytes_only_not_relocation_normalized_or_complete_image_acceptance
8a89897ef4c36f2802666a78aacd62bf25d1cf1d87c675a8886173309c2453b5,3768,1,1,0,0,1,candidate_only_not_proven_function,exact_bytes_only_not_relocation_normalized_or_complete_image_acceptance
8aaa0095e0eac2a17681e34ad93ba8d62c66089d2f1a8526f6945068f2cdd577,6716,1,1,0,0,1,candidate_only_not_proven_function,exact_bytes_only_not_relocation_normalized_or_complete_image_acceptance
8ac31dd1ce41c73c451053474ebe1c7c4fb79ec877f9949be27d0c557493c7b9,976,1,1,1,0,0,has_matching_c_byte_identity,exact_bytes_only_not_relocation_normalized_or_complete_image_acceptance
8b0059654525e1b038ea61c7b19ee5c2c19214fd351c3239e3e2b2de679ac76d,3280,2,2,0,0,2,candidate_only_not_proven_function,exact_bytes_only_not_relocation_normalized_or_complete_image_acceptance
8b1cfa97e27718304466312a9034a7b814e840cf4a84e97e25368f7415fc78f4,4488,1,1,0,0,1,candidate_only_not_proven_function,exact_bytes_only_not_relocation_normalized_or_complete_image_acceptance
8b2423d970d8fce464d7f6f6804a13b3ab11a0f0f5b6c827456d9814911d59f3,3680,2,2,0,0,2,candidate_only_not_proven_function,exact_bytes_only_not_relocation_normalized_or_complete_image_acceptance
8b2dc482aec6c8878206cdb3b2c58b2f27087613576c3f1bc68e20986dae54f3,1580,5,5,0,0,5,candidate_only_not_proven_function,exact_bytes_only_not_relocation_normalized_or_complete_image_acceptance
8b5e54548e09e76b85e46207aec3b2cd8875a4bc7ad92f801a53168c30d5befd,1588,5,6,0,0,5,candidate_only_not_proven_function,exact_bytes_only_not_relocation_normalized_or_complete_image_acceptance
8b96ab7bb41256538c6aae2743229eb4830119273471d6d29e93888dd74fc1a2,5312,1,1,0,0,1,candidate_only_not_proven_function,exact_bytes_only_not_relocation_normalized_or_complete_image_acceptance
8bd34d4bda5bd04c5923c92a5d1acce085b5c55b54df5e865685a181e39d4c9e,1312,2,2,2,0,0,has_matching_c_byte_identity,exact_bytes_only_not_relocation_normalized_or_complete_image_acceptance
8be222599aa547062e821c79d7f688e72d0710b055f69a760e1ad3fe6822744a,1592,2,2,0,0,2,candidate_only_not_proven_function,exact_bytes_only_not_relocation_normalized_or_complete_image_acceptance
8c03d99a91d152559167bba9c23ec2cf22f9374280f8d5bb04a945ac51289543,1264,2,2,0,0,2,candidate_only_not_proven_function,exact_bytes_only_not_relocation_normalized_or_complete_image_acceptance
8c16537b8c9243c2c634b0b2478a8008ef06b4cbd0dafe1fe7aef8ae4420e350,6048,1,1,0,0,1,candidate_only_not_proven_function,exact_bytes_only_not_relocation_normalized_or_complete_image_acceptance
8c452b962b1d03f8b2ec5226965d031e9eafd36b5d26c154e70486fbacbc7f7b,7832,1,1,0,0,1,candidate_only_not_proven_function,exact_bytes_only_not_relocation_normalized_or_complete_image_acceptance
8c4e0a3b79212da3640ac202114ef8d57ef24e6ba338f6e2a5038d8390b95c56,1516,2,2,0,0,2,candidate_only_not_proven_function,exact_bytes_only_not_relocation_normalized_or_complete_image_acceptance
8c58dac0d07ac779da6768cceac1d0f0dcdefb5ec5131af33cc844138e4b1dfd,1328,1,1,0,0,1,candidate_only_not_proven_function,exact_bytes_only_not_relocation_normalized_or_complete_image_acceptance
8c7f01509ba20a4b506e54a977f3d8b41860bb53e5fd68409fa6b29c802ac6eb,2856,5,5,0,0,5,candidate_only_not_proven_function,exact_bytes_only_not_relocation_normalized_or_complete_image_acceptance
8c86d65f85b1ce73227469333965638f60f9e4f5701534d2c9d40400a7d2b2c1,4840,2,2,0,0,2,candidate_only_not_proven_function,exact_bytes_only_not_relocation_normalized_or_complete_image_acceptance
8d470cf4f2b8dca78605f3198010fd159824741549f552865e96463ca626992a,4068,5,5,0,0,5,candidate_only_not_proven_function,exact_bytes_only_not_relocation_normalized_or_complete_image_acceptance
8d9c50d111f32347ba3148ec159aafddd6864f9a85d9dadd38836894d4959d84,7148,1,1,0,0,1,candidate_only_not_proven_function,exact_bytes_only_not_relocation_normalized_or_complete_image_acceptance
8d9d3596d00431d7f0461a3224fc061cf8ff9eab0edc72a32d16f95a04314da2,1848,1,1,0,0,1,candidate_only_not_proven_function,exact_bytes_only_not_relocation_normalized_or_complete_image_acceptance
8dc43d324aedcd9c7ebc4696df6509fadb0448d593c437cf6b5bc29c2307192a,6196,29,30,0,0,29,candidate_only_not_proven_function,exact_bytes_only_not_relocation_normalized_or_complete_image_acceptance
8e04f170e36259bbc2526fbe0d27668bde37213e3551621bb74abc2f7cc3a5dc,10312,8,8,0,0,8,candidate_only_not_proven_function,exact_bytes_only_not_relocation_normalized_or_complete_image_acceptance
8e0d1289f388b77b5d43284513915bba688604b5fbb4ced932e77d57bc72efd4,788,2,2,2,0,0,has_matching_c_byte_identity,exact_bytes_only_not_relocation_normalized_or_complete_image_acceptance
8e5d776018ee3a96e96f6da62eabda8471f918cfa6863e9145d4f015b2529d4d,13168,4,4,0,0,4,candidate_only_not_proven_function,exact_bytes_only_not_relocation_normalized_or_complete_image_acceptance
8e63e7c3e17b5afe22b6040816ad54b858b7b76d1a1bf0b39ca205515dbfcaa0,9208,1,1,0,0,1,candidate_only_not_proven_function,exact_bytes_only_not_relocation_normalized_or_complete_image_acceptance
8e76f3dace3a90fc1962ffbc7fccec2f86affdc1fbb082186af2a40fcb924c6b,4228,11,13,11,0,0,has_matching_c_byte_identity,exact_bytes_only_not_relocation_normalized_or_complete_image_acceptance
8ea38269f14468871e9206636cf95ecec4f3e3518f60bf94e360fba465c7d3e6,7524,13,13,0,0,13,candidate_only_not_proven_function,exact_bytes_only_not_relocation_normalized_or_complete_image_acceptance
8ea7f147df4f8264d0b362ee0495b1d11dfbc740abe1d6c9d59cb6f78bafec7f,2772,1,1,0,0,1,candidate_only_not_proven_function,exact_bytes_only_not_relocation_normalized_or_complete_image_acceptance
8ead86935571dc5a3cc13d273da5ff14084eca4dd9b56d2cebfb77d71da55266,944,2,2,2,0,0,has_matching_c_byte_identity,exact_bytes_only_not_relocation_normalized_or_complete_image_acceptance
8eb633af55f959de6a4b2ee5265b94e1c7568b52f00183c73332dbf78f3e24a1,5700,6,6,0,0,6,candidate_only_not_proven_function,exact_bytes_only_not_relocation_normalized_or_complete_image_acceptance
8ed86625be10d3ad95b0668f9c31bd45527de044357240a44fe2f2cd1fc0c1dd,13596,4,4,0,0,4,candidate_only_not_proven_function,exact_bytes_only_not_relocation_normalized_or_complete_image_acceptance
8f121fcb5a577b695a0ae6efc2f7c84f0a2f42d132a52fb4257c4b8cd9dccc3a,972,1,1,1,0,0,has_matching_c_byte_identity,exact_bytes_only_not_relocation_normalized_or_complete_image_acceptance
8f275a0a9bf4903d987bf76ba8dd2df88e4d6ea4a6e607b7cfbf966b2d9c611c,1412,2,2,0,0,2,candidate_only_not_proven_function,exact_bytes_only_not_relocation_normalized_or_complete_image_acceptance
8f548efeca343cf2de4354945dea1247a960afb15742b9abdea802c8da240f1d,4468,2,2,0,2,0,registered_without_matching_c,exact_bytes_only_not_relocation_normalized_or_complete_image_acceptance
8f754fec964fcb828119dfc9fbab67caa062e631edd0306075a3107383f0fad4,3316,14,14,0,0,14,candidate_only_not_proven_function,exact_bytes_only_not_relocation_normalized_or_complete_image_acceptance
8f8b1eb3831f0c07cd1642850f11b15f89deaf7833d6aa8c910dd01ac8bbe2c2,6824,2,2,0,0,2,candidate_only_not_proven_function,exact_bytes_only_not_relocation_normalized_or_complete_image_acceptance
9015ddd4282f023e162bd3eda99d91e2f002c1667be1a80009b8c072227ffc73,780,1,1,1,0,0,has_matching_c_byte_identity,exact_bytes_only_not_relocation_normalized_or_complete_image_acceptance
9043c73a3835d318f7c0e71e40f5f5c04224987ab5e4509f40bd000c2dd3138f,7384,3,3,0,0,3,candidate_only_not_proven_function,exact_bytes_only_not_relocation_normalized_or_complete_image_acceptance
90567e390c9af63fae3db52845291cc978e759dd6140b3e7e207c231b210cd1a,3608,1,1,0,0,1,candidate_only_not_proven_function,exact_bytes_only_not_relocation_normalized_or_complete_image_acceptance
9058f7ee6bb92c72c952602afd78c785d084d07db20a7b80212492c552653224,6364,4,4,0,0,4,candidate_only_not_proven_function,exact_bytes_only_not_relocation_normalized_or_complete_image_acceptance
908eac95562f7d4fe0f4a8850361d01a5b7069c351bf09ba080dabffe146fbfe,788,1,1,1,0,0,has_matching_c_byte_identity,exact_bytes_only_not_relocation_normalized_or_complete_image_acceptance
90944e65a2a2a0fb5bcc07b3fdc9fdff159e62b79addaef7f5ff7ebae5982dbd,2900,1,1,0,0,1,candidate_only_not_proven_function,exact_bytes_only_not_relocation_normalized_or_complete_image_acceptance
90f3ce0732f6d7551ecf4be72e0950fe84c4388387b65325a4cd2d3ca861f6a0,2652,2,2,0,0,2,candidate_only_not_proven_function,exact_bytes_only_not_relocation_normalized_or_complete_image_acceptance
9141bc019ad74f85d173ecad62fa883f2cecb34c9d56ea95815f9d2c6835f763,1224,1,1,0,0,1,candidate_only_not_proven_function,exact_bytes_only_not_relocation_normalized_or_complete_image_acceptance
915f185925a9afe4b9d634775750688c9b4e6ff06cad1287a244ec741e7b9583,5264,1,1,0,0,1,candidate_only_not_proven_function,exact_bytes_only_not_relocation_normalized_or_complete_image_acceptance
91fcccbbc2b7be61227ab27093a1c746bec7f2c2826120b41c2d9270797aecfd,5292,6,6,0,0,6,candidate_only_not_proven_function,exact_bytes_only_not_relocation_normalized_or_complete_image_acceptance
92461e6f69987ca5658df04b5efa1e68fa5c7dbdfa00b9e349c8414265342fb7,2276,2,2,0,0,2,candidate_only_not_proven_function,exact_bytes_only_not_relocation_normalized_or_complete_image_acceptance
9291bb69b161a043757a9956ff1b8a19c941f13545d6d5535b03da172d7f423f,2412,2,2,0,0,2,candidate_only_not_proven_function,exact_bytes_only_not_relocation_normalized_or_complete_image_acceptance
92d22c45d158c233fa76df9fbd8c41243d9602c64ac336d37388b2b4c815f2a3,14620,2,2,0,0,2,candidate_only_not_proven_function,exact_bytes_only_not_relocation_normalized_or_complete_image_acceptance
9309408a7d9f9c822f60850d4670e00bba29a163e180ddd7c97544d665345695,3756,1,1,0,0,1,candidate_only_not_proven_function,exact_bytes_only_not_relocation_normalized_or_complete_image_acceptance
938e8e31b9bdf32ae9135e280a5acfc0834f2bc247f798f362be22ef864fb3b6,6908,1,1,0,0,1,candidate_only_not_proven_function,exact_bytes_only_not_relocation_normalized_or_complete_image_acceptance
9395c762b831fdd9f12f5fa7f6b3bb591c7ec8c37524a2a76b935643cea91dbf,1468,3,3,0,0,3,candidate_only_not_proven_function,exact_bytes_only_not_relocation_normalized_or_complete_image_acceptance
93ba0084298b202b7551ef3d11cd101ecd8c1305903f5d9283baec6e91d8bac2,15900,5,5,0,0,5,candidate_only_not_proven_function,exact_bytes_only_not_relocation_normalized_or_complete_image_acceptance
93d82b47d777fac46b3f6e3e9902f339ff844b880b17b98cf13a97ec5ae16dbb,11416,2,2,0,0,2,candidate_only_not_proven_function,exact_bytes_only_not_relocation_normalized_or_complete_image_acceptance
9436d88c99c9bdce23a6393fad96f438e79d2a9477cd84ff4667b83620a4d411,11768,2,2,0,0,2,candidate_only_not_proven_function,exact_bytes_only_not_relocation_normalized_or_complete_image_acceptance
94c57463a3332582d613cdd207cb4a1d0709b38018c81f14cbf7610efc15dd09,6900,1,1,0,0,1,candidate_only_not_proven_function,exact_bytes_only_not_relocation_normalized_or_complete_image_acceptance
94d8c6f07466f3e8979493f0a9f334a51bccf9c707cfddb8637951548038e4d7,1104,1,1,0,0,1,candidate_only_not_proven_function,exact_bytes_only_not_relocation_normalized_or_complete_image_acceptance
94f1aaa56100f1c0b7029a2405aff99163040438489602c0c32127ca60e8c510,1156,1,1,1,0,0,has_matching_c_byte_identity,exact_bytes_only_not_relocation_normalized_or_complete_image_acceptance
95085d90f17846977d30ffcfa31196a2a4c82fe1794214f97bf5512e3c5259bc,896,6,6,6,0,0,has_matching_c_byte_identity,exact_bytes_only_not_relocation_normalized_or_complete_image_acceptance
9555946910d48bf66ca96f7faf2fde4645a71324b6db72706cbc6c31cacf6b56,8476,1,1,0,0,1,candidate_only_not_proven_function,exact_bytes_only_not_relocation_normalized_or_complete_image_acceptance
958382fc6cdd2bce02b521e6f8b367f13a64462f8d8c4610b0f4e793659a2bd4,4788,2,2,0,0,2,candidate_only_not_proven_function,exact_bytes_only_not_relocation_normalized_or_complete_image_acceptance
95c7e2ab13ba17627ac6f2094551c7965fcde07302fba01fe94fce8963b03269,1400,6,6,0,0,6,candidate_only_not_proven_function,exact_bytes_only_not_relocation_normalized_or_complete_image_acceptance
95d0ba423693cbbf795c8acb1a8887d239db3e909b43e44f01dd804ed40d6bce,15528,1,1,0,0,1,candidate_only_not_proven_function,exact_bytes_only_not_relocation_normalized_or_complete_image_acceptance
95ea0ed91e406f55e852b133759184f3a07cb327ebab9ef780dcc13a7343c00e,1608,4,5,0,0,4,candidate_only_not_proven_function,exact_bytes_only_not_relocation_normalized_or_complete_image_acceptance
960548e38912a8490eee7da6b959575c8828101b9c377fc82f7163f2d734f4a5,1456,1,1,0,0,1,candidate_only_not_proven_function,exact_bytes_only_not_relocation_normalized_or_complete_image_acceptance
9624ef540baffef75f4c8b3ca08ac497d829869f664ef96bb2281bd9eb4387a7,3816,1,1,0,0,1,candidate_only_not_proven_function,exact_bytes_only_not_relocation_normalized_or_complete_image_acceptance
9675734c11a478db6c5aa44b3c2d7c34cf64d972b41e7fa5ccde1c390a90b3d9,896,1,1,1,0,0,has_matching_c_byte_identity,exact_bytes_only_not_relocation_normalized_or_complete_image_acceptance
9687bcc088ea98674f3a396c4bb9fb8ecd27dc9fa7597951d59f65af75adba55,2020,1,1,1,0,0,has_matching_c_byte_identity,exact_bytes_only_not_relocation_normalized_or_complete_image_acceptance
96f5ddf7673b052a6326e6e68bea2127af60a7cfa11c5fb139043d8d615f2204,1616,2,2,0,0,2,candidate_only_not_proven_function,exact_bytes_only_not_relocation_normalized_or_complete_image_acceptance
97448c73439641047c7551cb14da269ae4e9f0557c3daa705513abf400d17371,3144,1,1,0,0,1,candidate_only_not_proven_function,exact_bytes_only_not_relocation_normalized_or_complete_image_acceptance
977bb7687d672ee63cc434fc26a53ac9f4fb3689cbb19132edf0c0e1f85b17d2,1984,2,2,2,0,0,has_matching_c_byte_identity,exact_bytes_only_not_relocation_normalized_or_complete_image_acceptance
97a786eee4538c1b134977870905c584c14f9e519b3ec1c37c43bce6e78a0890,2584,2,2,0,0,2,candidate_only_not_proven_function,exact_bytes_only_not_relocation_normalized_or_complete_image_acceptance
97cd185a5da28b1735c13da3d6d96a5f7982a67033e25b1f2e2b788ec486f923,1124,1,1,0,0,1,candidate_only_not_proven_function,exact_bytes_only_not_relocation_normalized_or_complete_image_acceptance
97ce506dc6d8303fd11c8888336d6cbf020dc69dfaf1cdb71877c1301f907105,992,3,3,0,0,3,candidate_only_not_proven_function,exact_bytes_only_not_relocation_normalized_or_complete_image_acceptance
98088afa4fa699873e208afb3064d09e875b6bc2fbce99a9eadb1d23bad55408,8036,1,1,0,0,1,candidate_only_not_proven_function,exact_bytes_only_not_relocation_normalized_or_complete_image_acceptance
980ebfded8c302b53776526563e0e125519c8668648672f062265d55361bae98,5328,1,1,0,0,1,candidate_only_not_proven_function,exact_bytes_only_not_relocation_normalized_or_complete_image_acceptance
988c0212f9d6de3d550b0cd8fa9ef1799c2677be239ee1e9320e082f908bb0dd,9400,1,1,0,0,1,candidate_only_not_proven_function,exact_bytes_only_not_relocation_normalized_or_complete_image_acceptance
98958e4d0b60f17c6db2a00016abcbefc15c0e6dfbd073fb8f7446f9fbe3dcc7,1860,1,1,0,0,1,candidate_only_not_proven_function,exact_bytes_only_not_relocation_normalized_or_complete_image_acceptance
98a21bab6b46e2472a3efb172b286afff39a052c77e79b5cfcbdae1ace8d82ff,872,6,6,6,0,0,has_matching_c_byte_identity,exact_bytes_only_not_relocation_normalized_or_complete_image_acceptance
98bb402a4d6e6166cc19c75c474eb4b9632b5f6e804ad0d78e28c519c73bc86e,972,1,1,1,0,0,has_matching_c_byte_identity,exact_bytes_only_not_relocation_normalized_or_complete_image_acceptance
98de3f9375c0cd4d2ad7a054bf0dad20a4e3caa9f909c0743e55f528b411fe80,1104,1,1,0,0,1,candidate_only_not_proven_function,exact_bytes_only_not_relocation_normalized_or_complete_image_acceptance
98e6b60eeec49584452f178c52de1e9bff2a7b7b57d7c036a435e3d1e77b9b3e,4064,1,1,0,1,0,registered_without_matching_c,exact_bytes_only_not_relocation_normalized_or_complete_image_acceptance
98f6ce5728e6cb37f778aa2dd85c78420b45a1b334dd4427735719b23d1bf349,13912,1,1,0,0,1,candidate_only_not_proven_function,exact_bytes_only_not_relocation_normalized_or_complete_image_acceptance
993155cac8041482f4a0ff4cc72b53ccf676975ec097510c43344e507be37249,1088,3,3,0,0,3,candidate_only_not_proven_function,exact_bytes_only_not_relocation_normalized_or_complete_image_acceptance
99769882da098ceb4191c92b1cfe759e1774a283ceefd4c2393b0c247a8baeaa,2020,8,8,8,0,0,has_matching_c_byte_identity,exact_bytes_only_not_relocation_normalized_or_complete_image_acceptance
997d210563dc6183cafbab73de04bafd32bab64c60be8acd89bd15d11c4262f9,1472,5,6,0,0,5,candidate_only_not_proven_function,exact_bytes_only_not_relocation_normalized_or_complete_image_acceptance
9988e0698351030e1c59def5ff5320a11301557e00f43fd4e6b860d461d1190c,1256,5,5,5,0,0,has_matching_c_byte_identity,exact_bytes_only_not_relocation_normalized_or_complete_image_acceptance
99a824ed9aeb9e546b8c27ddc304844cccd51c5ec351aa5fffd006321ccbe128,3280,2,2,0,0,2,candidate_only_not_proven_function,exact_bytes_only_not_relocation_normalized_or_complete_image_acceptance
99e86f4d575c1966172392cd09a4cccc61848e6217bd0daf1508b47677920db3,6420,12,12,0,0,12,candidate_only_not_proven_function,exact_bytes_only_not_relocation_normalized_or_complete_image_acceptance
99eb1be172903df9819a093818084ef8a4108f5d33cb38e364742b11628fcfc5,6364,4,4,0,0,4,candidate_only_not_proven_function,exact_bytes_only_not_relocation_normalized_or_complete_image_acceptance
9a4187e0f5dda8d356bd2ec384c8da581398be5a2e88d0aafff7a444b96846b1,2608,1,1,0,0,1,candidate_only_not_proven_function,exact_bytes_only_not_relocation_normalized_or_complete_image_acceptance
9a42154f0462083d4cb993f73c006b80ac7c4756ffc7539079933c4f90b02a86,6708,17,18,0,0,17,candidate_only_not_proven_function,exact_bytes_only_not_relocation_normalized_or_complete_image_acceptance
9aa7bbb6c3b9a67fde80090bc965574ad77a15c95c75a1a5687644c3bd5099c5,1592,2,2,0,0,2,candidate_only_not_proven_function,exact_bytes_only_not_relocation_normalized_or_complete_image_acceptance
9b07681cbc801adb069d8f3f3fbcb7f8209ef19307761245738da25aff421aac,10920,1,1,0,0,1,candidate_only_not_proven_function,exact_bytes_only_not_relocation_normalized_or_complete_image_acceptance
9b3346b21b73da9a40ecdc5ee01cd37165b2dd7914c334bd83f89f7755d9296e,3052,1,1,0,0,1,candidate_only_not_proven_function,exact_bytes_only_not_relocation_normalized_or_complete_image_acceptance
9c3ff6ee0e0afe7404ef3988f0223cd6af4593d05deaef7afca5a4aa0a3c0372,1636,1,1,0,0,1,candidate_only_not_proven_function,exact_bytes_only_not_relocation_normalized_or_complete_image_acceptance
9cb5e742c99b32a0066ffb4e5dd84fd63376b058a8726d063ec19e02c71b48a6,11156,2,2,0,0,2,candidate_only_not_proven_function,exact_bytes_only_not_relocation_normalized_or_complete_image_acceptance
9ccfeb52af6938a00affff1b382afebb459ddc6b0dd95362db2ef0239881736e,4612,4,4,0,0,4,candidate_only_not_proven_function,exact_bytes_only_not_relocation_normalized_or_complete_image_acceptance
9cfd1d009323b7579fbd7a11cec83080bc928c6130f2d788d3651638f3645908,1652,1,1,0,0,1,candidate_only_not_proven_function,exact_bytes_only_not_relocation_normalized_or_complete_image_acceptance
9daec6865f060c551ab568c89acf4bd70e55be5e9407f1f36d5f0adc9af0292a,1064,4,4,0,0,4,candidate_only_not_proven_function,exact_bytes_only_not_relocation_normalized_or_complete_image_acceptance
9dc7cf8196873f3228544093dfd7a257451279dc9fa99aac761a31dea8eccb01,3860,1,1,0,0,1,candidate_only_not_proven_function,exact_bytes_only_not_relocation_normalized_or_complete_image_acceptance
9dd094b36be33e5b4c54c52058a656dc6b3612fa6d5a673963cf1e65a7bfe869,1804,3,3,0,0,3,candidate_only_not_proven_function,exact_bytes_only_not_relocation_normalized_or_complete_image_acceptance
9df860eb9c61f620d3b493c079c13437135fc405255c1325d1a4dd19c39d97f8,1632,1,1,0,0,1,candidate_only_not_proven_function,exact_bytes_only_not_relocation_normalized_or_complete_image_acceptance
9e1ac7a2492391a3ed2f91c100de3ecc6759a2f75884451f4fa7c7775f309b3e,3868,1,1,1,0,0,has_matching_c_byte_identity,exact_bytes_only_not_relocation_normalized_or_complete_image_acceptance
9e21723a8e713432da3b49877bcabd01ba2b4e2c041b83028ff09842fb61e4d4,812,1,1,0,0,1,candidate_only_not_proven_function,exact_bytes_only_not_relocation_normalized_or_complete_image_acceptance
9e25b811cc288159ff3dc3eb482380a32218d7b28c884928001456178f9845f7,5892,3,3,0,0,3,candidate_only_not_proven_function,exact_bytes_only_not_relocation_normalized_or_complete_image_acceptance
9e2986866211b5a890ff5590742a649444fb4d64d04dba9c8ceafc1d9ecb6319,15608,1,1,0,0,1,candidate_only_not_proven_function,exact_bytes_only_not_relocation_normalized_or_complete_image_acceptance
9e362269ca39851ac8d66064c09f99285ad18158ec07076d8c2db1204efe2ac1,2256,1,1,0,0,1,candidate_only_not_proven_function,exact_bytes_only_not_relocation_normalized_or_complete_image_acceptance
9e97cac21fb1f9b415bdc5544ef5d3022ae29e2d43f5fc9c943ebf969927270a,1908,1,1,0,0,1,candidate_only_not_proven_function,exact_bytes_only_not_relocation_normalized_or_complete_image_acceptance
9ec342d19c95312f155db290d225a6cd6e58c77c7e6a4a833a535c58b53b2984,3180,1,1,0,1,0,registered_without_matching_c,exact_bytes_only_not_relocation_normalized_or_complete_image_acceptance
9ed33d2022ca9a5673f4d8a1a3a48573db4ec459d249f7271807dd14b12d89da,1596,1,1,0,0,1,candidate_only_not_proven_function,exact_bytes_only_not_relocation_normalized_or_complete_image_acceptance
9f04ba2a44a2e2803a49be9b5883f811ea5576c35c5d74b4034f4cb3810a1a11,1776,4,4,0,0,4,candidate_only_not_proven_function,exact_bytes_only_not_relocation_normalized_or_complete_image_acceptance
9f0c17cf079fde17e2f39928741e044cbb42190e6ff9f66fa8074071e35bc0b3,4940,2,2,0,0,2,candidate_only_not_proven_function,exact_bytes_only_not_relocation_normalized_or_complete_image_acceptance
9f28312a14b6bef8158d003c892b84bdf042094aa0f5e0be3dd4a03cf0963bc5,5400,2,2,0,0,2,candidate_only_not_proven_function,exact_bytes_only_not_relocation_normalized_or_complete_image_acceptance
9f7221fc8f2d2f7e448d38dfdff717e39e2243e7926147518a4852e261132b73,1280,2,2,2,0,0,has_matching_c_byte_identity,exact_bytes_only_not_relocation_normalized_or_complete_image_acceptance
9f883cfe55bba3051ddbc09b9daf7989f77d7f6f8a4cd536ed6ec90f88a813ac,1984,2,2,2,0,0,has_matching_c_byte_identity,exact_bytes_only_not_relocation_normalized_or_complete_image_acceptance
9f8d41027f30dd163a9f5eee194c26ac78e2f6929d121a323cb3e51ca3b2ee69,8792,1,1,0,0,1,candidate_only_not_proven_function,exact_bytes_only_not_relocation_normalized_or_complete_image_acceptance
9f8d93da28bad43b7332bda50c66eb1855c252c76dfce6a963e5f9d4a7dc7f31,2212,2,2,0,0,2,candidate_only_not_proven_function,exact_bytes_only_not_relocation_normalized_or_complete_image_acceptance
9f99c826215433277369b04505aa21c360844b4a7ea344035a52ea9fe2aa107e,2356,2,2,2,0,0,has_matching_c_byte_identity,exact_bytes_only_not_relocation_normalized_or_complete_image_acceptance
9f9a0d23c6d762b81c4bf7776a3ad8b3c5c49c871e9e5df16a72c8733bcc6db3,1144,1,1,1,0,0,has_matching_c_byte_identity,exact_bytes_only_not_relocation_normalized_or_complete_image_acceptance
9f9e19cbea1d8f730c7cb5e7eb1d9bbf238cb8eabf127dc903202c9631db23fb,1572,1,1,1,0,0,has_matching_c_byte_identity,exact_bytes_only_not_relocation_normalized_or_complete_image_acceptance
a0432ecc534d4f4ec2c888cf411288b6894f8a83a62cf377b5b3f748b851bfa0,6848,1,1,0,0,1,candidate_only_not_proven_function,exact_bytes_only_not_relocation_normalized_or_complete_image_acceptance
a065bcbeff42cfb09dfe328580e42b71150d2cd88c0f5c8151b682d13cd92de7,1180,4,4,0,0,4,candidate_only_not_proven_function,exact_bytes_only_not_relocation_normalized_or_complete_image_acceptance
a0a1ea535fa00a7a9e3478115fb30711c635f844e7dc0d0ad299d07f38567e66,4172,1,1,0,0,1,candidate_only_not_proven_function,exact_bytes_only_not_relocation_normalized_or_complete_image_acceptance
a0fc3989a9118bc70377a8982e2ba1957f0ddf1d4641f1e486ac6d4e2b72c346,1184,1,1,0,0,1,candidate_only_not_proven_function,exact_bytes_only_not_relocation_normalized_or_complete_image_acceptance
a15fd55bd06561ac6c08c2fa7da702c44770dbfa2f0a1fe6f999cb70fa25e6d7,1160,1,1,0,0,1,candidate_only_not_proven_function,exact_bytes_only_not_relocation_normalized_or_complete_image_acceptance
a1e795268b900c8a13e94d647a20fa1bbe59fad4904f457126251f57e9d54d9f,3088,1,1,0,0,1,candidate_only_not_proven_function,exact_bytes_only_not_relocation_normalized_or_complete_image_acceptance
a22cd1cd2e52520d36e71c537bc91f0f5f7bcc3c9b74ce376d695408a46e1063,1804,1,1,0,1,0,registered_without_matching_c,exact_bytes_only_not_relocation_normalized_or_complete_image_acceptance
a2c1b255c51306db880a8b4f4de62c29fd1646e2b550273a31a9b6f47cdf17bf,2144,1,1,0,0,1,candidate_only_not_proven_function,exact_bytes_only_not_relocation_normalized_or_complete_image_acceptance
a2c626378dc6ba8370d1a0af4c947dce9aa617b893868529e61059932e01fe62,1664,1,1,0,0,1,candidate_only_not_proven_function,exact_bytes_only_not_relocation_normalized_or_complete_image_acceptance
a2e5d4a2164ece9c45745d4bf1bd5f70759f3600e2930c83673f8f48e7748016,3092,1,1,0,0,1,candidate_only_not_proven_function,exact_bytes_only_not_relocation_normalized_or_complete_image_acceptance
a2f492508543925baeca62ff95e6e3d73efd643e6b032701d50e815647f3d4ec,11112,2,2,0,0,2,candidate_only_not_proven_function,exact_bytes_only_not_relocation_normalized_or_complete_image_acceptance
a3084eaa43122e602d41eae8b516883a23f6a048d52162be99d1b7cf5a57f9ae,6908,4,4,0,0,4,candidate_only_not_proven_function,exact_bytes_only_not_relocation_normalized_or_complete_image_acceptance
a30f40c3ef385bd73e80a66bf530fbd2607222a132505ba943c55f90824d041e,3904,1,1,0,0,1,candidate_only_not_proven_function,exact_bytes_only_not_relocation_normalized_or_complete_image_acceptance
a3e3063aa17b30f480bb7d840f94473a3bd6f83aac9a66fe782864e5cecfce9e,1268,1,1,0,0,1,candidate_only_not_proven_function,exact_bytes_only_not_relocation_normalized_or_complete_image_acceptance
a40ba342273fe2f3992fb4a9c53cfab6a677b2da7ae998cfd5c87b674cdd89e9,1240,1,1,0,0,1,candidate_only_not_proven_function,exact_bytes_only_not_relocation_normalized_or_complete_image_acceptance
a47dece041c4093c96b490a85dcc336256565e427c4d41b394dc76ea67c218c4,1384,6,6,6,0,0,has_matching_c_byte_identity,exact_bytes_only_not_relocation_normalized_or_complete_image_acceptance
a4805fe2131407e1e24206a401397a7175077432edb79b15ef2b140052a303b6,1492,2,2,0,0,2,candidate_only_not_proven_function,exact_bytes_only_not_relocation_normalized_or_complete_image_acceptance
a4b55104c9a4fb09c4724ce61771cc7d9479537b13ff41038901d8c61b6b4be8,896,2,2,2,0,0,has_matching_c_byte_identity,exact_bytes_only_not_relocation_normalized_or_complete_image_acceptance
a4db9049f1251870b605be0611922450fda5354059968c1940f59b99d9c405b5,2976,8,8,8,0,0,has_matching_c_byte_identity,exact_bytes_only_not_relocation_normalized_or_complete_image_acceptance
a50604b94531761f5a26e4bcd6d5bacd9ecec8435a72379bcd414c4958c5dff3,5252,3,3,0,0,3,candidate_only_not_proven_function,exact_bytes_only_not_relocation_normalized_or_complete_image_acceptance
a5121f12751b5eecb47db633521a927c19d6a5ed31991047031a00c179611abd,1576,1,1,0,0,1,candidate_only_not_proven_function,exact_bytes_only_not_relocation_normalized_or_complete_image_acceptance
a5172a1994005914fe0501ff69ac259702c494986487109410553bf98722d792,1488,1,1,0,0,1,candidate_only_not_proven_function,exact_bytes_only_not_relocation_normalized_or_complete_image_acceptance
a55ebba537454b62125ab873b96969b19703989d0e57153afddc47a99ef3cecd,2412,2,2,0,0,2,candidate_only_not_proven_function,exact_bytes_only_not_relocation_normalized_or_complete_image_acceptance
a580f398b844def2ef1e9df9fb979249f04d6d7cd5a73a81d80572d7b0166bb8,2452,1,1,0,1,0,registered_without_matching_c,exact_bytes_only_not_relocation_normalized_or_complete_image_acceptance
a5edc455d9c2b5f5156df67314455b3a91aa7aa11664fb13fec968ff6efeac56,2552,1,1,0,0,1,candidate_only_not_proven_function,exact_bytes_only_not_relocation_normalized_or_complete_image_acceptance
a639a02cb1dc03475a6bd7123cc2e32e4546c2480dbcd9e3300b4f01bb0e1bc4,15324,1,1,0,0,1,candidate_only_not_proven_function,exact_bytes_only_not_relocation_normalized_or_complete_image_acceptance
a66b77ba203d59f1e683347d61b6293858231b8ce0f102e9a7b3a209ccc371b3,788,6,6,6,0,0,has_matching_c_byte_identity,exact_bytes_only_not_relocation_normalized_or_complete_image_acceptance
a69279e8afa7fe00c8fcd2cbb96017f359e19978ac437b2cc58b396cccdb1290,2224,1,1,0,0,1,candidate_only_not_proven_function,exact_bytes_only_not_relocation_normalized_or_complete_image_acceptance
a7882067d151227cdba73cf37c6b49a12b5a805458fc4d1d77c8d7f159a1f06a,4968,3,3,0,0,3,candidate_only_not_proven_function,exact_bytes_only_not_relocation_normalized_or_complete_image_acceptance
a7d8b996dcec87e88b863f3a61458ac41b4b180f32480b151a8711f3ea6d4f8f,1276,1,1,0,0,1,candidate_only_not_proven_function,exact_bytes_only_not_relocation_normalized_or_complete_image_acceptance
a7fb57ca8c69f64c95b8bf0170b3dff8fe53427a785488570e670cb4e7ca5c4e,2564,1,1,1,0,0,has_matching_c_byte_identity,exact_bytes_only_not_relocation_normalized_or_complete_image_acceptance
a80edca60ef38f9a8c65ae51fb662c2052c70298cf739ae62ea04010c1bfee2d,4364,1,1,0,0,1,candidate_only_not_proven_function,exact_bytes_only_not_relocation_normalized_or_complete_image_acceptance
a81d3aeed51f230b7dc6f6b6655b1a507f7f6982d8cfb239a5109307e3c54d0e,9596,2,2,0,0,2,candidate_only_not_proven_function,exact_bytes_only_not_relocation_normalized_or_complete_image_acceptance
a84afbbfd77c17fbc5696667373261d43f427bbd3fbab340ad36cf19bc3c4d59,14340,1,1,0,0,1,candidate_only_not_proven_function,exact_bytes_only_not_relocation_normalized_or_complete_image_acceptance
a87e83961b3d6b31f49540ff3b16ec1f64ce63630b5db5fa731427724828543d,3680,2,2,0,0,2,candidate_only_not_proven_function,exact_bytes_only_not_relocation_normalized_or_complete_image_acceptance
a89dcbf16845c0973c0a6c7a036c7ae0a243a1c294ff2cb3b34a8ec62a3e03ae,1328,5,5,5,0,0,has_matching_c_byte_identity,exact_bytes_only_not_relocation_normalized_or_complete_image_acceptance
a8cc2990bf81752f351291e726238bffa8a3495e47a98601f2a907425e45a000,1908,1,1,0,0,1,candidate_only_not_proven_function,exact_bytes_only_not_relocation_normalized_or_complete_image_acceptance
a8fd2a1ea7b1fdb6f99ac60e5aa0c8c760a0383382c2f149864cb1d54659f70d,5392,1,1,0,0,1,candidate_only_not_proven_function,exact_bytes_only_not_relocation_normalized_or_complete_image_acceptance
a92081d0bc0ba54fd4cd440e842186261a55ee1ee5816c6d51671b65e35d2fe3,3088,1,1,0,0,1,candidate_only_not_proven_function,exact_bytes_only_not_relocation_normalized_or_complete_image_acceptance
a92bbb5c9377a919ac854768f162c76df0f60848b85b1ee87f5500b626f726a5,2384,7,7,7,0,0,has_matching_c_byte_identity,exact_bytes_only_not_relocation_normalized_or_complete_image_acceptance
a9723c9b96bf24ea7e789582bc1ccf6f627994e189919f49d160f069482f936f,7808,1,1,0,0,1,candidate_only_not_proven_function,exact_bytes_only_not_relocation_normalized_or_complete_image_acceptance
a98db5786033111429f7ebd7b30e198c062905d200034bd643a9d7c6372677e2,6600,1,1,0,0,1,candidate_only_not_proven_function,exact_bytes_only_not_relocation_normalized_or_complete_image_acceptance
aa14441605767156e5a2a913b9f455a2963a36d65c73e83b9845d922b38a46cf,10056,2,2,0,0,2,candidate_only_not_proven_function,exact_bytes_only_not_relocation_normalized_or_complete_image_acceptance
aa2ce95f777c1a02d2e23b7e3933a3a2335f5322fb1b66d1692cd28b0a76d352,1064,2,2,2,0,0,has_matching_c_byte_identity,exact_bytes_only_not_relocation_normalized_or_complete_image_acceptance
aa3e40b3098ecf4b2765fea86455c482c748e1d9207478b7ff6e716fee3c7bb8,12828,1,1,0,0,1,candidate_only_not_proven_function,exact_bytes_only_not_relocation_normalized_or_complete_image_acceptance
aa409ece53bf0b3574b5c51d5454412bc329922b52648a4d5115700d0527b198,7608,4,4,0,0,4,candidate_only_not_proven_function,exact_bytes_only_not_relocation_normalized_or_complete_image_acceptance
aacc386aa11928bddb609c4bef99431bfd6ebc11a771e31c5ecf6852d4741b7d,2264,1,1,0,1,0,registered_without_matching_c,exact_bytes_only_not_relocation_normalized_or_complete_image_acceptance
aad34b449d31b9651083b1ec182acc4c7dd685d313608fe6acfcd6e174b64ac6,5836,2,2,0,0,2,candidate_only_not_proven_function,exact_bytes_only_not_relocation_normalized_or_complete_image_acceptance
ab1efd10bad46858582798a36e49b5befc2b5ff6c3a8adefd5d19247e908a35c,3876,1,1,0,0,1,candidate_only_not_proven_function,exact_bytes_only_not_relocation_normalized_or_complete_image_acceptance
ab75c34fcf533b088b5dc2d6a3f1045c231a73d15eff98180f9ad4ba34ec828f,6824,2,2,0,0,2,candidate_only_not_proven_function,exact_bytes_only_not_relocation_normalized_or_complete_image_acceptance
ab910f41e2c38d6531ed6b9e5a011966aa6d66b43465a8979dea955e69d3c650,4232,2,3,0,0,2,candidate_only_not_proven_function,exact_bytes_only_not_relocation_normalized_or_complete_image_acceptance
abbeb8fd7b2263813833a29219b491b1b2deedf165603bd58c530da18da2267f,3516,1,1,0,0,1,candidate_only_not_proven_function,exact_bytes_only_not_relocation_normalized_or_complete_image_acceptance
ac3024e0ae1c897376fb054b045624d7dd8d42836521102a53206d15fb7cd0a5,4656,7,7,7,0,0,has_matching_c_byte_identity,exact_bytes_only_not_relocation_normalized_or_complete_image_acceptance
ac331da399488ee82c313f92f12a3854b3dbb6d3169c336cc381741d787eb53e,9456,2,2,0,0,2,candidate_only_not_proven_function,exact_bytes_only_not_relocation_normalized_or_complete_image_acceptance
ac60e46878a6323131952e88c850e2af05335df9666989ee204665f368a8e661,4148,6,6,6,0,0,has_matching_c_byte_identity,exact_bytes_only_not_relocation_normalized_or_complete_image_acceptance
ac63b6245b0b2851e912c8a70fd71a80c9cea8f8b66db1de4e61c8445b8d20d6,896,2,2,2,0,0,has_matching_c_byte_identity,exact_bytes_only_not_relocation_normalized_or_complete_image_acceptance
ac738f91964e490b57c524b428516547e88cee59804d82df507776a25aed68f1,1812,1,1,0,0,1,candidate_only_not_proven_function,exact_bytes_only_not_relocation_normalized_or_complete_image_acceptance
ac9845335050bc5a58df23f1599ac29ce7ed715a75789d28b1b6fdf1644896d7,6060,2,2,0,0,2,candidate_only_not_proven_function,exact_bytes_only_not_relocation_normalized_or_complete_image_acceptance
ad1d8819280372c95e26b2e76bc4d7e9bae74c965baa34c25359afd6db16c57f,8412,37,37,0,0,37,candidate_only_not_proven_function,exact_bytes_only_not_relocation_normalized_or_complete_image_acceptance
ad1ddd585120101f38568b781ecfc6a6e59f0af1678e48df2b71e1d51d56c278,1668,4,4,0,0,4,candidate_only_not_proven_function,exact_bytes_only_not_relocation_normalized_or_complete_image_acceptance
ad749e3a58877cdd76b97cc2a6d6f68ebb2c14c32d7bbf449b69de9ebc53a4eb,1260,2,2,2,0,0,has_matching_c_byte_identity,exact_bytes_only_not_relocation_normalized_or_complete_image_acceptance
ada45a1bd5da59c593a6d37fdaa009475b769c6692d86a33ec94bda358d023be,944,2,2,2,0,0,has_matching_c_byte_identity,exact_bytes_only_not_relocation_normalized_or_complete_image_acceptance
ada630171ea27fb838256c32ca81105308276b539eec09bc518119c82064ac5c,2368,1,1,0,0,1,candidate_only_not_proven_function,exact_bytes_only_not_relocation_normalized_or_complete_image_acceptance
ae1d87f247c81d9227d80e8f89c0eff8d164c805d390d0765bc32b5524100729,5296,1,1,0,0,1,candidate_only_not_proven_function,exact_bytes_only_not_relocation_normalized_or_complete_image_acceptance
ae26dd803779056cee94e1a21dd0a21a4b92ff2ed22ae8da16fa9d0bfbc68076,1380,2,2,2,0,0,has_matching_c_byte_identity,exact_bytes_only_not_relocation_normalized_or_complete_image_acceptance
ae2eae616c2dda5c3a95bb723d56c329d407657988e8bc4ae661085f504c4e3b,11384,1,1,0,0,1,candidate_only_not_proven_function,exact_bytes_only_not_relocation_normalized_or_complete_image_acceptance
ae6b99413247d5129d20a95881e966c2e57aa17f4ffdc468d4459db605133cb5,4032,2,2,0,2,0,registered_without_matching_c,exact_bytes_only_not_relocation_normalized_or_complete_image_acceptance
ae933f3b63d44ce058df5f513c6fa88e95b2a4df4b8a0d1e35821f28d984b8eb,1240,1,1,0,0,1,candidate_only_not_proven_function,exact_bytes_only_not_relocation_normalized_or_complete_image_acceptance
af0a381d65a69ad999e15e43425f9d60b2ca264828dc17b0b5076256847afe81,1164,11,11,11,0,0,has_matching_c_byte_identity,exact_bytes_only_not_relocation_normalized_or_complete_image_acceptance
af14ee75a5fe35dd9645cd50acf66ec284180449dd51f892216ac8d233f433d5,2968,1,1,0,0,1,candidate_only_not_proven_function,exact_bytes_only_not_relocation_normalized_or_complete_image_acceptance
af33777ea9711d261a4fa83bca01a713d35cb7783fc48280765e727973960008,1596,2,2,0,0,2,candidate_only_not_proven_function,exact_bytes_only_not_relocation_normalized_or_complete_image_acceptance
af3d77429ff03616377772025cb9ced6f88698effdb605c8970a0d31447b4ddd,10920,1,1,0,0,1,candidate_only_not_proven_function,exact_bytes_only_not_relocation_normalized_or_complete_image_acceptance
af7731008e1396016ae360b0787cb44426d4f6e76597e245fe06310cfe4c206f,4488,1,1,0,0,1,candidate_only_not_proven_function,exact_bytes_only_not_relocation_normalized_or_complete_image_acceptance
afadb75f9d1da1f3afdb504445234dbc391838e22c525369bb911ff529fe6c04,1512,1,1,0,0,1,candidate_only_not_proven_function,exact_bytes_only_not_relocation_normalized_or_complete_image_acceptance
afe476792795905703be27b63869f16d7240aff7fbdd7b26a58c71da813511b2,1704,5,5,0,0,5,candidate_only_not_proven_function,exact_bytes_only_not_relocation_normalized_or_complete_image_acceptance
afec2bdc606a4f9bbaef3e21f5fb3dd7f0f6da009cce4e8fc5b95f3247af35c2,1248,1,1,0,0,1,candidate_only_not_proven_function,exact_bytes_only_not_relocation_normalized_or_complete_image_acceptance
b04cd76bfa94e1b0cb29bd336929132d2a32ccc96ba5143b0260f2a49ff7a9a9,1060,2,2,2,0,0,has_matching_c_byte_identity,exact_bytes_only_not_relocation_normalized_or_complete_image_acceptance
b055124e92af6db5b66f68a78642941d272c2bd3b5f79a8692f42cdba033c039,2900,1,1,0,0,1,candidate_only_not_proven_function,exact_bytes_only_not_relocation_normalized_or_complete_image_acceptance
b0b068f82c05e7b01ce68bf1af56d091b25eb4f63d4fd879ab876358f6fe59af,6708,18,18,0,0,18,candidate_only_not_proven_function,exact_bytes_only_not_relocation_normalized_or_complete_image_acceptance
b0c2acb04b8c8e55f6356414200801cb178b8ccd8804fb5338de0b9186441111,2820,8,8,8,0,0,has_matching_c_byte_identity,exact_bytes_only_not_relocation_normalized_or_complete_image_acceptance
b0fec8edad785045fb30f486c53c05f1a01e6e7bbce82edcb28d6e417f6e848b,1080,1,1,0,0,1,candidate_only_not_proven_function,exact_bytes_only_not_relocation_normalized_or_complete_image_acceptance
b11c8ed5c3fe68d4478aa7935bb7f752233461cce073bb9fc3e87a2a708ebd23,872,1,1,1,0,0,has_matching_c_byte_identity,exact_bytes_only_not_relocation_normalized_or_complete_image_acceptance
b13a7d41e24b386b49440183bbc0a630837933fda5bfcf89bb09597efb518dfc,3136,1,1,0,0,1,candidate_only_not_proven_function,exact_bytes_only_not_relocation_normalized_or_complete_image_acceptance
b17ab810a76f87ed047ee7886b3e00a4a076164b5f05ba8bf36dd14ef7094e6e,10972,3,3,0,0,3,candidate_only_not_proven_function,exact_bytes_only_not_relocation_normalized_or_complete_image_acceptance
b23a09f9d5141fe1e759ad121b368ce0b9eae2ff989260cbbea487eaf7394927,3508,1,1,0,0,1,candidate_only_not_proven_function,exact_bytes_only_not_relocation_normalized_or_complete_image_acceptance
b244727bb27ad010eeb93b67fa6ed4efcf74d07cd05203903357636787ec33a9,8188,26,27,0,0,26,candidate_only_not_proven_function,exact_bytes_only_not_relocation_normalized_or_complete_image_acceptance
b24ac40136a552ef69f96fefb9151641ec980260beb602815f00b86c95d7b57a,8960,1,1,0,0,1,candidate_only_not_proven_function,exact_bytes_only_not_relocation_normalized_or_complete_image_acceptance
b267969a041b5b69748c0c442f8a9db350bd00fc525e39baa20a44b124d56258,1576,6,6,0,0,6,candidate_only_not_proven_function,exact_bytes_only_not_relocation_normalized_or_complete_image_acceptance
b2ca23a0ccb25e2d31f24d0c86e73c46cb18e932e1ecf771521a6b1ebd41d1a1,2572,3,3,0,0,3,candidate_only_not_proven_function,exact_bytes_only_not_relocation_normalized_or_complete_image_acceptance
b31e3caceb9b99e76e2cec02b3b2a11bfae8dfa2fd8bb8f38de5952aca56d679,2976,8,8,8,0,0,has_matching_c_byte_identity,exact_bytes_only_not_relocation_normalized_or_complete_image_acceptance
b366edea1dbf44739fecbdf7cf39102705915244c4eda270b5a446cee6b0ed2d,7632,1,1,0,0,1,candidate_only_not_proven_function,exact_bytes_only_not_relocation_normalized_or_complete_image_acceptance
b3f45c7f2e5ca55620a2ab3fe5ac65a8e36032d06d64b2c2a65d0718e2a7b87d,6204,2,2,0,0,2,candidate_only_not_proven_function,exact_bytes_only_not_relocation_normalized_or_complete_image_acceptance
b3fb9e7153dbb6bf47323164c766d0a7c14b87ec994eb122217e404bc4508874,7352,1,1,0,0,1,candidate_only_not_proven_function,exact_bytes_only_not_relocation_normalized_or_complete_image_acceptance
b40624aa99aca11dea030b52601a7b08bbcad13f77cf232eda6a99b4ce9523ce,1636,1,1,0,0,1,candidate_only_not_proven_function,exact_bytes_only_not_relocation_normalized_or_complete_image_acceptance
b41af95e5a27f53b87b70680d441ee8d3ee4e85e56eecca6969cacd58d152b1d,900,3,3,0,0,3,candidate_only_not_proven_function,exact_bytes_only_not_relocation_normalized_or_complete_image_acceptance
b4265ad175745579467ee618062a9d9145b1f45cde54cdfa19506832ebbb05a0,5004,3,3,0,0,3,candidate_only_not_proven_function,exact_bytes_only_not_relocation_normalized_or_complete_image_acceptance
b43804fd523a332fa965616ab81507a027d2efb8a81681b20abceaef2c9ab0a1,1588,4,4,0,0,4,candidate_only_not_proven_function,exact_bytes_only_not_relocation_normalized_or_complete_image_acceptance
b43ba2a8f1b27a68ecee0f092428613eb2315f7f258c10950b52abcba535ae3f,6848,1,1,0,0,1,candidate_only_not_proven_function,exact_bytes_only_not_relocation_normalized_or_complete_image_acceptance
b44c6310266ec150a4d8c11999afd3908cc65a87bdbd6ddc8b059df2dc8d90a6,8092,1,1,0,0,1,candidate_only_not_proven_function,exact_bytes_only_not_relocation_normalized_or_complete_image_acceptance
b44d92ac939d65c7e2f8057cd0bff1d1cb31b61b9989de191c7b8849b1db1e03,1212,8,8,8,0,0,has_matching_c_byte_identity,exact_bytes_only_not_relocation_normalized_or_complete_image_acceptance
b45d4535e572765faeb222445184288e159b080b6d01d9cc41c94de2561a0bcc,788,1,1,1,0,0,has_matching_c_byte_identity,exact_bytes_only_not_relocation_normalized_or_complete_image_acceptance
b46d36e4170847cff01f9ad3b71082eb6016987e835a3aefe153af4b74828299,3776,6,6,0,0,6,candidate_only_not_proven_function,exact_bytes_only_not_relocation_normalized_or_complete_image_acceptance
b47ac2a48e9205a3a939ca7439aeb298200072a479a21d747a0ff0f2ff8ee5f4,1380,2,2,2,0,0,has_matching_c_byte_identity,exact_bytes_only_not_relocation_normalized_or_complete_image_acceptance
b510350b8bfdfb6ac26093c0c8669bf356b9405bec6c3c42992ce5b5c15b673f,6224,1,1,0,0,1,candidate_only_not_proven_function,exact_bytes_only_not_relocation_normalized_or_complete_image_acceptance
b5281a95868592e82a166d66d427fd15988a6391dffaf3e67378949901e5fdcc,4532,5,5,0,0,5,candidate_only_not_proven_function,exact_bytes_only_not_relocation_normalized_or_complete_image_acceptance
b52a108cb5c3c1b5f8bdbd89be163e87a3e4777c319b2fce7945aedc520da561,3544,1,1,0,1,0,registered_without_matching_c,exact_bytes_only_not_relocation_normalized_or_complete_image_acceptance
b53ed22629c7162c6e5792c2c07d743d04ee8a145fd643c4fcf8d73995893add,8912,1,1,0,0,1,candidate_only_not_proven_function,exact_bytes_only_not_relocation_normalized_or_complete_image_acceptance
b54c68b455fcd23b7af8d8a0fc03bfdf7d263aefca17d6ea23f68b58df34de1b,10056,2,2,0,0,2,candidate_only_not_proven_function,exact_bytes_only_not_relocation_normalized_or_complete_image_acceptance
b54e6a558ce0e25a4c72f7d23053cbb87d69d590d4a3e4131ce4fd0f60efcf3f,8616,1,1,0,0,1,candidate_only_not_proven_function,exact_bytes_only_not_relocation_normalized_or_complete_image_acceptance
b563817179d6df955ee721fd0e9d5f0fecb9ef0d9baac0bf8e342f7b9d94d565,7764,3,3,0,0,3,candidate_only_not_proven_function,exact_bytes_only_not_relocation_normalized_or_complete_image_acceptance
b56ed6dd324cf989651d7351b925047623a1a0954fea4c05a0028621cac1c6ad,1240,3,3,0,0,3,candidate_only_not_proven_function,exact_bytes_only_not_relocation_normalized_or_complete_image_acceptance
b5afc71715f5d13a48743019c48a9fa2102ec0a2712701c4eb4f8c2044c327e4,2968,2,2,0,0,2,candidate_only_not_proven_function,exact_bytes_only_not_relocation_normalized_or_complete_image_acceptance
b5d9553efc4d684b0ba595ca420aa900a820a42bf34f56186af0989300a104f5,5836,2,2,0,0,2,candidate_only_not_proven_function,exact_bytes_only_not_relocation_normalized_or_complete_image_acceptance
b6538ca956059ac730ef5cd29d82f2bd7c4ec8f50e5c3a827cf2d42c09500f17,5700,5,6,0,0,5,candidate_only_not_proven_function,exact_bytes_only_not_relocation_normalized_or_complete_image_acceptance
b6633b470b7d6b233b8cecd71aa8529e3918d625a53642128980c7e2d52c9847,5820,1,1,0,0,1,candidate_only_not_proven_function,exact_bytes_only_not_relocation_normalized_or_complete_image_acceptance
b694ab0bc6d5d7a99dad8bc7eabfc04dfa4f0f2615818970f79cd3a0f58d3763,3844,3,3,0,0,3,candidate_only_not_proven_function,exact_bytes_only_not_relocation_normalized_or_complete_image_acceptance
b6a2bf0b69614b8010e087cd8dab1ac9739c6b06fe23be8d2d9799d5910d8c1a,1128,1,1,0,0,1,candidate_only_not_proven_function,exact_bytes_only_not_relocation_normalized_or_complete_image_acceptance
b755ca4c524038a95bc7c220f454facf07fcabf784c4a6408921ef2941057149,1716,1,1,0,0,1,candidate_only_not_proven_function,exact_bytes_only_not_relocation_normalized_or_complete_image_acceptance
b77df0a6e7fa3610a0446aefa2a814411b2f783d3a6007c7857dfffa21d2e8d2,1276,2,2,0,0,2,candidate_only_not_proven_function,exact_bytes_only_not_relocation_normalized_or_complete_image_acceptance
b820f07ffddc9618a0e7b57ee2b9ace87eb4d903d6f34af909dd97283b64ab85,1908,1,1,0,0,1,candidate_only_not_proven_function,exact_bytes_only_not_relocation_normalized_or_complete_image_acceptance
b85da5403b39e04af1fd9eb381b7a4ef03911bc04084a67a0d2af1154705fb10,3260,1,1,0,0,1,candidate_only_not_proven_function,exact_bytes_only_not_relocation_normalized_or_complete_image_acceptance
b8914960f2b13fb3649d088a2d5b9e589cadf90199afd05f2f2c78e5dd4be3aa,1896,11,12,11,0,0,has_matching_c_byte_identity,exact_bytes_only_not_relocation_normalized_or_complete_image_acceptance
b8a2e896633cd7c182edb2da6f06c1d6c615686bd89fea96aa8386720c1c3f2a,10896,1,1,0,0,1,candidate_only_not_proven_function,exact_bytes_only_not_relocation_normalized_or_complete_image_acceptance
b8b4de341356419fd29c5dcb3579404af1603b45de14631b3d6e3ef60ecb38c2,4260,12,12,0,0,12,candidate_only_not_proven_function,exact_bytes_only_not_relocation_normalized_or_complete_image_acceptance
b8be94ebbd42dd599ea65afef74e79be2f3a8b73df5812575bbf012c6928fcd8,2256,1,1,0,0,1,candidate_only_not_proven_function,exact_bytes_only_not_relocation_normalized_or_complete_image_acceptance
b8cecc42c748952ce445352fc50e4b51a57b15e6d9113ebd393a8d7895f5881c,896,1,1,1,0,0,has_matching_c_byte_identity,exact_bytes_only_not_relocation_normalized_or_complete_image_acceptance
b8d784c0e6ff43b9a7f4cfa759320e5171a614990a3f19f2c49aea943bd9a50b,1516,15,15,15,0,0,has_matching_c_byte_identity,exact_bytes_only_not_relocation_normalized_or_complete_image_acceptance
b92c012ec8a298729ca3afc36ff992cf080598b61d26aac92e9d3d6efc7c8da3,13168,4,4,0,0,4,candidate_only_not_proven_function,exact_bytes_only_not_relocation_normalized_or_complete_image_acceptance
b9c8342c12defd18cd8d193f5bd0b2568f34e6af7fcba7771d7adbd4e10fcb0c,5392,1,1,0,0,1,candidate_only_not_proven_function,exact_bytes_only_not_relocation_normalized_or_complete_image_acceptance
b9cc068744d68a8410fc8d3efb078cd383121a2eda0c9941a7126058b63d23a1,1408,1,1,0,0,1,candidate_only_not_proven_function,exact_bytes_only_not_relocation_normalized_or_complete_image_acceptance
b9e2cb2469de2a2337e263cf9264bfbbb5fd4911c2bc228b76f5c77cf90ef2ae,13544,2,2,0,0,2,candidate_only_not_proven_function,exact_bytes_only_not_relocation_normalized_or_complete_image_acceptance
ba35b0e9ca4d115625aa7a4a0e89abdf396c00dedfe179889628bf20ae8a2fa6,1368,2,2,2,0,0,has_matching_c_byte_identity,exact_bytes_only_not_relocation_normalized_or_complete_image_acceptance
ba6d666bd0b60d0a8d8b1d5fd9e7007a3240ec10e2a2cc5386c14b375911ffdd,2176,1,1,0,0,1,candidate_only_not_proven_function,exact_bytes_only_not_relocation_normalized_or_complete_image_acceptance
ba8256e62a4c409d0bc9f293129f5f7316b728f0ef767e93d8caa1c2544d39a3,4568,1,1,0,0,1,candidate_only_not_proven_function,exact_bytes_only_not_relocation_normalized_or_complete_image_acceptance
ba95c23ad7eb2c49766d1ccbd94c8a6ef288fd3b5e4181197141678a57899017,5088,1,1,0,0,1,candidate_only_not_proven_function,exact_bytes_only_not_relocation_normalized_or_complete_image_acceptance
bacc6f6a2171f28d196cc7acf19d8009cbfac99fecf30f75339b94ef7217297a,5472,2,2,0,0,2,candidate_only_not_proven_function,exact_bytes_only_not_relocation_normalized_or_complete_image_acceptance
baff9d5b5e2a48661034c29c90b13090c14c19313d30a9ae06818659c2775e10,4840,2,2,0,0,2,candidate_only_not_proven_function,exact_bytes_only_not_relocation_normalized_or_complete_image_acceptance
bba0a26414d93f7cbe590ef34e3d9b9febafbef2adea649a35cdfad5604295c5,6488,24,27,0,0,24,candidate_only_not_proven_function,exact_bytes_only_not_relocation_normalized_or_complete_image_acceptance
bbb6f10a74d6247fc3a47672197ab60703294d00c4fe967d38753b906e73bcfa,3548,11,11,11,0,0,has_matching_c_byte_identity,exact_bytes_only_not_relocation_normalized_or_complete_image_acceptance
bbbbb05bd7f7365817879e77529794867eb8556a91a0cc40107185126026d0b9,2600,1,1,0,0,1,candidate_only_not_proven_function,exact_bytes_only_not_relocation_normalized_or_complete_image_acceptance
bbe1a7cbb904f244c4c2cd298a9fd799ab37df0fe125218a5c69732cf3f29eb5,4412,2,2,0,0,2,candidate_only_not_proven_function,exact_bytes_only_not_relocation_normalized_or_complete_image_acceptance
bc2d37341d28d67beb67c17fe464d73bbc431d509ca8f251c8ff91b5b9842b89,3436,2,2,0,0,2,candidate_only_not_proven_function,exact_bytes_only_not_relocation_normalized_or_complete_image_acceptance
bc625439dbd7592df97dbcd089557433123579588ab81774c2a31b566d815746,1112,2,2,0,0,2,candidate_only_not_proven_function,exact_bytes_only_not_relocation_normalized_or_complete_image_acceptance
bcb05ea1a8fbd47d17e6326f3744160daae433f705997715108560b372b10ac5,1908,6,6,6,0,0,has_matching_c_byte_identity,exact_bytes_only_not_relocation_normalized_or_complete_image_acceptance
bcb34abed82c2bcfb1e0209466b4cabd63e856f656d63104a5ddd8a3bbf1698c,1472,6,6,0,0,6,candidate_only_not_proven_function,exact_bytes_only_not_relocation_normalized_or_complete_image_acceptance
bd104583a38325fa819d55c44685f6b4b671b6600bd2b601395dd672e1458654,3396,1,1,0,0,1,candidate_only_not_proven_function,exact_bytes_only_not_relocation_normalized_or_complete_image_acceptance
bd2722d2a06efc1a702898f039f329fcbee49d78b48e135283f60eb3dbaab72f,2376,1,1,0,0,1,candidate_only_not_proven_function,exact_bytes_only_not_relocation_normalized_or_complete_image_acceptance
bd345aa9b125fa07b1cbbcdd663a90ce6f72ddf110ff6117ab783bc08bd05101,2468,3,3,3,0,0,has_matching_c_byte_identity,exact_bytes_only_not_relocation_normalized_or_complete_image_acceptance
bd34fae85cec552b3e3077f8f897bf385dca4730e643ee4915e3b0327a07c27c,2724,1,1,0,0,1,candidate_only_not_proven_function,exact_bytes_only_not_relocation_normalized_or_complete_image_acceptance
bd422492770ad52b8ac3b5bb7a0eac15783df949cec86fa74f0e0b023f613a28,976,1,1,1,0,0,has_matching_c_byte_identity,exact_bytes_only_not_relocation_normalized_or_complete_image_acceptance
bd75b9eeb8e3839654c900c6685738ebcbf8620a19912491e29cc8f0d8e36da6,2592,1,1,0,0,1,candidate_only_not_proven_function,exact_bytes_only_not_relocation_normalized_or_complete_image_acceptance
be0f1b3cc01f131a2c7c89ac85dedc693f8e4f1c62b9b0353c4dc772e4c94ed4,7524,13,13,0,0,13,candidate_only_not_proven_function,exact_bytes_only_not_relocation_normalized_or_complete_image_acceptance
be608a7595a41a0c95450270be094cd89c99b5ac74e3fac874626555548f8ede,2332,2,2,0,0,2,candidate_only_not_proven_function,exact_bytes_only_not_relocation_normalized_or_complete_image_acceptance
be810aed3b235af3c714b65f611a9c29247dd7bb76437fd69032a5b6c3519721,4292,1,1,0,0,1,candidate_only_not_proven_function,exact_bytes_only_not_relocation_normalized_or_complete_image_acceptance
bebeba8423e1f9ab81e20481ed138902339a241b0ec36761b51929730d6b8cb2,16,1,1,1,0,0,has_matching_c_byte_identity,exact_bytes_only_not_relocation_normalized_or_complete_image_acceptance
bec4669ccd39381d8c66a28deb981358bfc2731dae9589645062bc8a837fc2ff,872,2,2,2,0,0,has_matching_c_byte_identity,exact_bytes_only_not_relocation_normalized_or_complete_image_acceptance
bf5c3c57511c45ec9ace40fea2c26f1a70fc94f7db02a7d1176d1c2c788d182f,3860,2,2,0,2,0,registered_without_matching_c,exact_bytes_only_not_relocation_normalized_or_complete_image_acceptance
bf6e1b383d592acd25234c88e37015c9e903340f7f339099b781e530d1569327,2588,11,13,11,0,0,has_matching_c_byte_identity,exact_bytes_only_not_relocation_normalized_or_complete_image_acceptance
bf739b5a9209cc8715eca7234ada66e798af371ea3d1da538783c12e7a3af531,896,2,2,2,0,0,has_matching_c_byte_identity,exact_bytes_only_not_relocation_normalized_or_complete_image_acceptance
bfdd0910219a60d7e1f7f277acf0d4524f28a23e0112f5254c0423def27f52ec,1008,2,2,2,0,0,has_matching_c_byte_identity,exact_bytes_only_not_relocation_normalized_or_complete_image_acceptance
c024ecd834f244d1eb3749e8b60b2d907219fb4c77a5208899c9247c6146e354,1856,1,1,0,0,1,candidate_only_not_proven_function,exact_bytes_only_not_relocation_normalized_or_complete_image_acceptance
c0583295a2bbe7f908f624e4e099f33e02cc7a296cb40bb288818f5b7ddb20fb,9476,1,1,0,0,1,candidate_only_not_proven_function,exact_bytes_only_not_relocation_normalized_or_complete_image_acceptance
c05d932add971ee063e3d8e23da5ce9426c9c641a05a7e0dab74931f986b65aa,4376,1,1,0,0,1,candidate_only_not_proven_function,exact_bytes_only_not_relocation_normalized_or_complete_image_acceptance
c0f5ae3d0ac55de5b5115131d81799db176fb266f545c15042b884329665eca2,4788,5,5,5,0,0,has_matching_c_byte_identity,exact_bytes_only_not_relocation_normalized_or_complete_image_acceptance
c133e65dbf313bdb3ddc615b6d4345e7ef8df6aa17b68b0b4799017266f1a595,6844,1,1,0,0,1,candidate_only_not_proven_function,exact_bytes_only_not_relocation_normalized_or_complete_image_acceptance
c164ed7e99297775772dd0ee7f869bb7c37ce42fdb0552b55f0f8936e51143af,3844,3,3,0,0,3,candidate_only_not_proven_function,exact_bytes_only_not_relocation_normalized_or_complete_image_acceptance
c167f9f723e7ef0502a5f9df65a6a0a0efc434fa3246b7dd11fee3de39f7d7e1,5964,1,1,0,0,1,candidate_only_not_proven_function,exact_bytes_only_not_relocation_normalized_or_complete_image_acceptance
c1fcbef4148dc9093f5a8ad1fb6651bd7744fdf48e88a9a521f74700fe484996,2680,2,2,0,0,2,candidate_only_not_proven_function,exact_bytes_only_not_relocation_normalized_or_complete_image_acceptance
c226107dd9d9257915379a86bd59a5baa3cbc08b4ffb0083ef858579fb99d5f4,1184,1,1,0,0,1,candidate_only_not_proven_function,exact_bytes_only_not_relocation_normalized_or_complete_image_acceptance
c23435a2a0b3ad6ba0512bc9028c5028fb09d71fc2bd25674d9a8558c8427b19,7764,3,3,0,0,3,candidate_only_not_proven_function,exact_bytes_only_not_relocation_normalized_or_complete_image_acceptance
c25f5d480bbcea60da30ecdc9392943a1e027024e5cfd961ae4058d1ffcc3774,2252,2,2,0,0,2,candidate_only_not_proven_function,exact_bytes_only_not_relocation_normalized_or_complete_image_acceptance
c2814467ce6d2fab1125fcc66a3c704294456b41186c17ae568b5a7547eab6f5,1432,6,6,0,0,6,candidate_only_not_proven_function,exact_bytes_only_not_relocation_normalized_or_complete_image_acceptance
c29c0f599b8ae05e408a724904835f3bdd58e60b0b313deefa5026bf95544e8c,4032,2,2,0,2,0,registered_without_matching_c,exact_bytes_only_not_relocation_normalized_or_complete_image_acceptance
c2c932842dd4102b15745a752e5a969e4522113c5f7ed38fdfc6834f2ac76f49,1688,2,2,0,0,2,candidate_only_not_proven_function,exact_bytes_only_not_relocation_normalized_or_complete_image_acceptance
c2f6742c7ef3c308211dbfa4a013c68a1716579d236bbb9d40c8d280b8d7a323,4788,2,2,0,0,2,candidate_only_not_proven_function,exact_bytes_only_not_relocation_normalized_or_complete_image_acceptance
c2fe10bd301acbdf1bd471d6bd561323aed237780bf4d2d133718723e36da106,1344,1,1,0,0,1,candidate_only_not_proven_function,exact_bytes_only_not_relocation_normalized_or_complete_image_acceptance
c34fd6dc9ab06d576223cea30fd711eacc7ae7810591409c45a7f52ad2f5248a,6956,5,5,0,0,5,candidate_only_not_proven_function,exact_bytes_only_not_relocation_normalized_or_complete_image_acceptance
c3daa4e2192fa078c5e0061958522bb36f2a0cdcff9a06237ebc64f4452b3519,1068,4,4,0,0,4,candidate_only_not_proven_function,exact_bytes_only_not_relocation_normalized_or_complete_image_acceptance
c3f7342fc65719ce3efb4e6e2d88d85aadda12f3740eccbf5d4f91c6fdcfc8b1,788,2,2,2,0,0,has_matching_c_byte_identity,exact_bytes_only_not_relocation_normalized_or_complete_image_acceptance
c40076d993dbfeac182c568c045c5fd359a5612adc8b998ccb560da5bbfe8263,1368,1,1,0,0,1,candidate_only_not_proven_function,exact_bytes_only_not_relocation_normalized_or_complete_image_acceptance
c493d8fa9e4b6f3661ad2c8e92e99895cbdda7d5d5efba92e2d5d1f4b75be34b,7616,2,2,0,0,2,candidate_only_not_proven_function,exact_bytes_only_not_relocation_normalized_or_complete_image_acceptance
c4a61daf859a33069c168838a748713df2eafacf5d057246ebd63b41a3d0ab18,4172,1,1,0,0,1,candidate_only_not_proven_function,exact_bytes_only_not_relocation_normalized_or_complete_image_acceptance
c4bb1682de73b26390b76e42b753aa1e3159d8fa449b7918bf7c10948b932783,8740,1,1,0,0,1,candidate_only_not_proven_function,exact_bytes_only_not_relocation_normalized_or_complete_image_acceptance
c4c15685a55675aa4ea332a4792123a42babcb8425c00ee5ed0b3d1050f48e27,3284,4,5,0,0,4,candidate_only_not_proven_function,exact_bytes_only_not_relocation_normalized_or_complete_image_acceptance
c4c15ed60a1ca67b6206fc87c677b22b20e531484d1c889932d1d942753cdd4b,1804,1,1,0,1,0,registered_without_matching_c,exact_bytes_only_not_relocation_normalized_or_complete_image_acceptance
c4cb8b7556f468b4bf57bd969abde5885d2bf434d84b6b6033ff06aeddbc53a2,2568,1,1,0,0,1,candidate_only_not_proven_function,exact_bytes_only_not_relocation_normalized_or_complete_image_acceptance
c4f9d7b92067043a01d4ae0559780220cf7d14f0f68a1b86d67c7ce3faffcd05,1268,2,2,2,0,0,has_matching_c_byte_identity,exact_bytes_only_not_relocation_normalized_or_complete_image_acceptance
c50703f148f5923bf9e5e4fb66700688fbcaea2cb6485d8d5751cbae4a459025,1416,1,1,0,0,1,candidate_only_not_proven_function,exact_bytes_only_not_relocation_normalized_or_complete_image_acceptance
c543b426ba81d0ad45e0c74c4cfda2c54a05c41ad4879609cac7a01074986919,3684,4,4,0,0,4,candidate_only_not_proven_function,exact_bytes_only_not_relocation_normalized_or_complete_image_acceptance
c57e30b86789bbe3634591c07aee204dc0e338efdd1ce5fa8275ff9f44641ec1,896,11,12,11,0,0,has_matching_c_byte_identity,exact_bytes_only_not_relocation_normalized_or_complete_image_acceptance
c5fe76970fdbc205ce8df8f60d7f4c507a0ad2fb112fde76576f24ec7f9b2018,18572,1,1,0,0,1,candidate_only_not_proven_function,exact_bytes_only_not_relocation_normalized_or_complete_image_acceptance
c60332c8a578fb06f4f52c331bf4bf0f65fe1063b0532bfd71a492db99361872,13544,2,2,0,0,2,candidate_only_not_proven_function,exact_bytes_only_not_relocation_normalized_or_complete_image_acceptance
c68c34722c0f4f0cf9f7564b4c78d89715387727ef4f2909c2a7fd047440b8ff,2552,1,1,0,0,1,candidate_only_not_proven_function,exact_bytes_only_not_relocation_normalized_or_complete_image_acceptance
c6dca3857658421c5b5acb901dcbb67bd32776f717a24ae7f9efc29fbc19d36b,4064,1,1,0,1,0,registered_without_matching_c,exact_bytes_only_not_relocation_normalized_or_complete_image_acceptance
c70dcb1b60e3c4dfb63873d9d5d5721dac755cef25a03a350796acbe7262335d,3200,6,6,0,0,6,candidate_only_not_proven_function,exact_bytes_only_not_relocation_normalized_or_complete_image_acceptance
c7212e1ff685dc9e06fb8d52c77665302c4098bc01f482e5dde37c096f78bd5d,1860,1,1,0,0,1,candidate_only_not_proven_function,exact_bytes_only_not_relocation_normalized_or_complete_image_acceptance
c7abb51833ace8fe843e5aa948ac346682acbd9ff6502dc51d4ee70a23f94d0e,2772,1,1,0,0,1,candidate_only_not_proven_function,exact_bytes_only_not_relocation_normalized_or_complete_image_acceptance
c7c36d564506f66d614d5e0b90bc82bc8a739b0e064ee52174d3caa80d678f9e,1708,4,4,0,0,4,candidate_only_not_proven_function,exact_bytes_only_not_relocation_normalized_or_complete_image_acceptance
c86e1c166e755c56d488d0adeca7e0b4b4bc8af122cc153864efc4297b22aed9,1564,5,5,0,0,5,candidate_only_not_proven_function,exact_bytes_only_not_relocation_normalized_or_complete_image_acceptance
c89b4f009ac908a25464866a02897c8541041992839afda4aa8e6ac03ea2fd92,2856,5,5,0,0,5,candidate_only_not_proven_function,exact_bytes_only_not_relocation_normalized_or_complete_image_acceptance
c8f423f73a7c5de30044159d4c57dca282cbae3715d90e0dc0588dd3dc071b10,2276,2,2,0,0,2,candidate_only_not_proven_function,exact_bytes_only_not_relocation_normalized_or_complete_image_acceptance
c927753863b5f620309623e5d193a323a6890c27e285b08f5bab96e2abb0b15f,1256,11,12,11,0,0,has_matching_c_byte_identity,exact_bytes_only_not_relocation_normalized_or_complete_image_acceptance
c94abd8e4e27f83348adbf7966f3985ce64c5afeae1a9f6078694d23149a5c74,1588,12,13,12,0,0,has_matching_c_byte_identity,exact_bytes_only_not_relocation_normalized_or_complete_image_acceptance
c9c75818d59e3cdbea9c5c909c2180af1820faec3584c3b45b9a2a6953d20d9f,10312,8,8,0,0,8,candidate_only_not_proven_function,exact_bytes_only_not_relocation_normalized_or_complete_image_acceptance
c9df9fbe50201ca1a823c1e7336c4e7b026450a563be3627fce3da4505cf9d08,5252,3,3,0,0,3,candidate_only_not_proven_function,exact_bytes_only_not_relocation_normalized_or_complete_image_acceptance
c9e13701a356464bfe82946e2bf0407741042fda1a81ca6e28cba467643ec6ba,1404,4,5,0,0,4,candidate_only_not_proven_function,exact_bytes_only_not_relocation_normalized_or_complete_image_acceptance
ca09f5042064656b32b6e6033f8027f2f71771adf5f2f1adfb4ca6ffb29de686,6140,2,2,0,0,2,candidate_only_not_proven_function,exact_bytes_only_not_relocation_normalized_or_complete_image_acceptance
ca10ff56e55c356ea59d7778f9c292ffb4f341fe6a9329fdb78555f6034258fd,2584,2,2,0,0,2,candidate_only_not_proven_function,exact_bytes_only_not_relocation_normalized_or_complete_image_acceptance
ca43f3b1a37d79b90c9c538f343c17a831aae59efcfcefce2430a8775ab3a075,2624,1,1,0,0,1,candidate_only_not_proven_function,exact_bytes_only_not_relocation_normalized_or_complete_image_acceptance
ca480872203831cb02911ac2aa2c1702c1cce63de9ea49070816dae0f9fef544,2200,2,2,0,0,2,candidate_only_not_proven_function,exact_bytes_only_not_relocation_normalized_or_complete_image_acceptance
cad9fdb9413dff92c97e8c649577b005efb0fe0521e8083890645ff5a74abfe4,1208,2,2,2,0,0,has_matching_c_byte_identity,exact_bytes_only_not_relocation_normalized_or_complete_image_acceptance
cae1ac7f1c8fe90ebf7869b52ee016d19da42ad063bcdbab56e174f561d1226f,5380,1,1,0,0,1,candidate_only_not_proven_function,exact_bytes_only_not_relocation_normalized_or_complete_image_acceptance
caf5eb52b9c5b0e34b65db707ba04dc2763d62fa5dec8bbaad2ebe3d9a9b554b,6704,3,3,0,0,3,candidate_only_not_proven_function,exact_bytes_only_not_relocation_normalized_or_complete_image_acceptance
caf69c52ef40a9d6655fd8bfbb666f754811a74f75dc4526328bc7701de87a94,1524,5,5,0,5,0,registered_without_matching_c,exact_bytes_only_not_relocation_normalized_or_complete_image_acceptance
cb0cbfff6bdb228efe6914ae97e8e38e5055937b02e0ed7fa8c2c842273daccf,1700,2,2,0,0,2,candidate_only_not_proven_function,exact_bytes_only_not_relocation_normalized_or_complete_image_acceptance
cb32f3a451083ca09a95c53cb4d3b82265d393859756f06a598e7c5f77582806,8852,4,4,0,0,4,candidate_only_not_proven_function,exact_bytes_only_not_relocation_normalized_or_complete_image_acceptance
cb58f442d79c0166739155d0609554dd4310f0207c9f163b1bd20ea65836690f,4176,2,2,2,0,0,has_matching_c_byte_identity,exact_bytes_only_not_relocation_normalized_or_complete_image_acceptance
cb781042803c1f557e6624635bf6c81feefcb17370c1bbc1998422bb21e6859e,9164,8,8,0,0,8,candidate_only_not_proven_function,exact_bytes_only_not_relocation_normalized_or_complete_image_acceptance
cc49780ca0580bbbc9fe84e68c7868b53a2090a524a10919c03452b2c7c7b1f6,1704,5,5,0,0,5,candidate_only_not_proven_function,exact_bytes_only_not_relocation_normalized_or_complete_image_acceptance
cc589234369f7999ad55aecb508d6a4c48e49ad8e35a39f734f445b28f0c4335,2772,2,2,2,0,0,has_matching_c_byte_identity,exact_bytes_only_not_relocation_normalized_or_complete_image_acceptance
cc7815d08bba24de15bf7454deb3183f64045d274742252d3cfc9485d2f6506d,8476,1,1,0,0,1,candidate_only_not_proven_function,exact_bytes_only_not_relocation_normalized_or_complete_image_acceptance
cc8085d36c2303a5e2cdd2affa8778a14967d15826791977636cc5bff8d86f36,1132,3,3,0,0,3,candidate_only_not_proven_function,exact_bytes_only_not_relocation_normalized_or_complete_image_acceptance
ccf41810f202423ab79cd8bc9f1c6663a6969e274bb4a42816a76f2da3e7e8cc,11384,1,1,0,0,1,candidate_only_not_proven_function,exact_bytes_only_not_relocation_normalized_or_complete_image_acceptance
ccf8ef6ecada4d5b7df979ee5ed2ddc4ead207de605b338814eac26837e7c75e,2952,1,1,0,0,1,candidate_only_not_proven_function,exact_bytes_only_not_relocation_normalized_or_complete_image_acceptance
cd90b1f62bd60d5b04bbd2864df9facc348692ab30a8ed528ce776f08eff406a,1172,2,2,0,0,2,candidate_only_not_proven_function,exact_bytes_only_not_relocation_normalized_or_complete_image_acceptance
cdcae8b99f3ae2b123a897a553db0b92df4fe43aecc3172aabb556093007b325,6204,4,4,0,0,4,candidate_only_not_proven_function,exact_bytes_only_not_relocation_normalized_or_complete_image_acceptance
cdeef16f50c6a2cf9ebee285712a3d17ba82a35429adc4e48c0e521aa032eded,1276,4,5,0,0,4,candidate_only_not_proven_function,exact_bytes_only_not_relocation_normalized_or_complete_image_acceptance
ce927dac8a4e5ee210c6e4bd0c9f52eecc3f7930b8308e1a62c4d8f1b8420773,3436,2,2,0,0,2,candidate_only_not_proven_function,exact_bytes_only_not_relocation_normalized_or_complete_image_acceptance
ceac9dedcce9b4987050864da3e711a26f7f52e9258fe37dc0f4713c9c421f3a,5892,3,3,0,0,3,candidate_only_not_proven_function,exact_bytes_only_not_relocation_normalized_or_complete_image_acceptance
cf15f158bdea4871fc156f7c2d6dc410421b552092b14e55f5fea4127004ab86,7632,1,1,0,0,1,candidate_only_not_proven_function,exact_bytes_only_not_relocation_normalized_or_complete_image_acceptance
cf368ba1bbc6b37902558d0410565090364408f1c0c2c879eed763ccdcc3c30f,9260,13,13,0,0,13,candidate_only_not_proven_function,exact_bytes_only_not_relocation_normalized_or_complete_image_acceptance
cf6a0fe5af33d1fa5c89b77ac5e567ea836ed6ae5e1635948c6bc921a57057bb,788,2,2,2,0,0,has_matching_c_byte_identity,exact_bytes_only_not_relocation_normalized_or_complete_image_acceptance
cf9568b702680cda3ba9ffae7fbefc3e046b3ccc7e38a121b16cfbf8fbadee3f,7060,3,3,0,0,3,candidate_only_not_proven_function,exact_bytes_only_not_relocation_normalized_or_complete_image_acceptance
cf9d25d1143c487fc7f08355d0a06decbb80fd8a9e623d03f737ed2cd8548f41,3932,3,3,0,0,3,candidate_only_not_proven_function,exact_bytes_only_not_relocation_normalized_or_complete_image_acceptance
cfcc0e0b43c0446920da2f497a02a6c110a372a525799e45ddd88dc0944d7d7a,3812,1,1,0,0,1,candidate_only_not_proven_function,exact_bytes_only_not_relocation_normalized_or_complete_image_acceptance
d026aa2948f57ce3dcf5513c8b4d1422b5f0b1d5f3da83406c389bbc2f03c773,1416,3,3,0,0,3,candidate_only_not_proven_function,exact_bytes_only_not_relocation_normalized_or_complete_image_acceptance
d0485a0fddc492c5c0ad15cc936930ae783c67366a1fc3faed830c86cc8389a1,1580,4,4,0,0,4,candidate_only_not_proven_function,exact_bytes_only_not_relocation_normalized_or_complete_image_acceptance
d08459720814312fc4249676f1f0028114ce179b88cab4ef5d2b156e77c33ec2,1344,1,1,1,0,0,has_matching_c_byte_identity,exact_bytes_only_not_relocation_normalized_or_complete_image_acceptance
d0b8fedb8d69cd2931092e4b7531f89a50ae7789ef279c072b41904d44040aeb,1068,2,2,0,0,2,candidate_only_not_proven_function,exact_bytes_only_not_relocation_normalized_or_complete_image_acceptance
d0d39a1a696622e04afd41d75d3e9f94201b6d3a34149dc9df225dd9b33bce72,1096,1,1,0,0,1,candidate_only_not_proven_function,exact_bytes_only_not_relocation_normalized_or_complete_image_acceptance
d1318622210869068a570a49dd65f79e3309b59226eeb0994a71dd4a91dffa4a,4824,15,15,15,0,0,has_matching_c_byte_identity,exact_bytes_only_not_relocation_normalized_or_complete_image_acceptance
d14942e97135b43cd0ea168f51c5939267a8ee19eb0f8cd92d3f2f58dfdfe3ed,1652,1,1,0,0,1,candidate_only_not_proven_function,exact_bytes_only_not_relocation_normalized_or_complete_image_acceptance
d176560bb1f56b897f22e4a7430d38ff29583ede20a7fd5fc1e8a20400fc88b8,1580,4,4,0,0,4,candidate_only_not_proven_function,exact_bytes_only_not_relocation_normalized_or_complete_image_acceptance
d1926a7f6e19f63322d9299b14a71addde0d1b0356e90a8ed504d3e71d82665b,7572,1,1,0,0,1,candidate_only_not_proven_function,exact_bytes_only_not_relocation_normalized_or_complete_image_acceptance
d196e7aceb91ae1f0060037809893113841acc05dce5b4d889456b1c94a8aea0,8892,1,1,0,0,1,candidate_only_not_proven_function,exact_bytes_only_not_relocation_normalized_or_complete_image_acceptance
d1b4c5568297df10bd5b9ad9be7a232b1c2f468dcd7c3528a5912d8dee664af8,6900,1,1,0,0,1,candidate_only_not_proven_function,exact_bytes_only_not_relocation_normalized_or_complete_image_acceptance
d1e709e5f3224b72da006962294a1d00509fa0f4722877e7b0e24619d66c0e15,1284,1,1,0,0,1,candidate_only_not_proven_function,exact_bytes_only_not_relocation_normalized_or_complete_image_acceptance
d1ebd260b43dbb433972c3e0ef5f81dd6e1ef299368d758233541a39aa1d5443,836,4,4,4,0,0,has_matching_c_byte_identity,exact_bytes_only_not_relocation_normalized_or_complete_image_acceptance
d1ee4044482ca8f33a0135704186bc6af9ccad9f16ea7cf06cc85d0225cdda48,7184,1,1,0,0,1,candidate_only_not_proven_function,exact_bytes_only_not_relocation_normalized_or_complete_image_acceptance
d22ab31a576e2205a4590ca3312388a7fa6b00a943393918b33d92e9263d8e52,4484,3,3,0,0,3,candidate_only_not_proven_function,exact_bytes_only_not_relocation_normalized_or_complete_image_acceptance
d23702933d11828c86a9f46006024404139bcf45fc791a0fb1fe75d3e2fd22de,2096,3,3,3,0,0,has_matching_c_byte_identity,exact_bytes_only_not_relocation_normalized_or_complete_image_acceptance
d2565a18f047355a549843ce4b897bf01197a7998618d56d41be1a18dd67c682,1676,3,3,0,0,3,candidate_only_not_proven_function,exact_bytes_only_not_relocation_normalized_or_complete_image_acceptance
d269a78f0e5255798ac3c27ba62f47a9f4fe39920082bf4ed38b4b5cd06ffb5d,4872,1,1,0,0,1,candidate_only_not_proven_function,exact_bytes_only_not_relocation_normalized_or_complete_image_acceptance
d26f392f8f369ad7ab707974c99cc976c1905089a442efd08f6773b425d9eef9,1444,1,1,0,0,1,candidate_only_not_proven_function,exact_bytes_only_not_relocation_normalized_or_complete_image_acceptance
d2a378e6b0d418e8b956e24a21176da11de3487d602ed16746d1c8a6f92e40bc,1160,1,1,0,0,1,candidate_only_not_proven_function,exact_bytes_only_not_relocation_normalized_or_complete_image_acceptance
d2ac22b97e01496a6f12a7d12720549b306f752ab4a794b8119286d7dcdc97e0,1132,3,3,0,0,3,candidate_only_not_proven_function,exact_bytes_only_not_relocation_normalized_or_complete_image_acceptance
d2af1711297cdd6982827e144b8fadb8960ebe410e5f7bd9c83c4a7c40d4ab02,5520,2,2,0,0,2,candidate_only_not_proven_function,exact_bytes_only_not_relocation_normalized_or_complete_image_acceptance
d2fa3260b90db07b73bb4af88f5ffafbb6eed51e9538617b50f251fe157c7de8,1232,1,1,0,0,1,candidate_only_not_proven_function,exact_bytes_only_not_relocation_normalized_or_complete_image_acceptance
d32cfd07e7fbdbc3cc09575b253c112c7a402b30a931eb6fabebe12191a35658,6728,1,1,0,0,1,candidate_only_not_proven_function,exact_bytes_only_not_relocation_normalized_or_complete_image_acceptance
d3326aa6daceb7efe5128f4dba39482a37b9fbabc1fed852036e284f7624c45d,2852,2,2,2,0,0,has_matching_c_byte_identity,exact_bytes_only_not_relocation_normalized_or_complete_image_acceptance
d338e3b22ec388275966be4f23f69363bb0d7e7053f1f409500f9b6e4a1307e9,1588,4,4,0,0,4,candidate_only_not_proven_function,exact_bytes_only_not_relocation_normalized_or_complete_image_acceptance
d3533564a0c9f73c5a76df7197ad339474c781752c6947d9b66e9222f89845a0,4524,5,5,0,0,5,candidate_only_not_proven_function,exact_bytes_only_not_relocation_normalized_or_complete_image_acceptance
d35fdc6e838655d5e9a008fb79e29a3f821d9c7383b31b4009e1aa05cd060300,3092,4,4,0,0,4,candidate_only_not_proven_function,exact_bytes_only_not_relocation_normalized_or_complete_image_acceptance
d376a5e5efc609e7183e72cf0cd7941b34ac7e75dbcbd05f82f68ea18b4bac31,1448,1,1,1,0,0,has_matching_c_byte_identity,exact_bytes_only_not_relocation_normalized_or_complete_image_acceptance
d38c56d26228a51c669a877af45f73d21969c125195fb3abb808ac7e2b164f9f,6224,1,1,0,0,1,candidate_only_not_proven_function,exact_bytes_only_not_relocation_normalized_or_complete_image_acceptance
d3f7920425d87fc02fd628bdd5f2044840ae1efcb12eee5f9e00b6cc96a160d1,5024,15,15,0,0,15,candidate_only_not_proven_function,exact_bytes_only_not_relocation_normalized_or_complete_image_acceptance
d43f0c434b1730a404d6b24c282f52d96670df22ea4b5c7689147be85571d31e,1200,1,1,0,0,1,candidate_only_not_proven_function,exact_bytes_only_not_relocation_normalized_or_complete_image_acceptance
d44b8ca864ca0436de3c203d0648d34c39d2f50a7b7a818f37c016012dbabc5e,18572,1,1,0,0,1,candidate_only_not_proven_function,exact_bytes_only_not_relocation_normalized_or_complete_image_acceptance
d49182b141ce91c2d20327bd90c79cbf0fdf5baa745edecd911c1e0bcabbf588,1540,1,1,0,0,1,candidate_only_not_proven_function,exact_bytes_only_not_relocation_normalized_or_complete_image_acceptance
d495614e21b61e904ed88a27d33b57411268b55f4da7cc98198ac24d311c13ab,8340,1,1,0,0,1,candidate_only_not_proven_function,exact_bytes_only_not_relocation_normalized_or_complete_image_acceptance
d4a134d9a449588c6e54707ecc99f37ad6e5b6fe6bf4e031851434c5c180dc1a,4260,1,1,0,0,1,candidate_only_not_proven_function,exact_bytes_only_not_relocation_normalized_or_complete_image_acceptance
d4c11e70ca917163b333ed2838d9c553af0699de8e1aa72f2a910ad651a239ed,1384,6,6,6,0,0,has_matching_c_byte_identity,exact_bytes_only_not_relocation_normalized_or_complete_image_acceptance
d4e66c9a546e872811a7f32bdddd350d6a2c494b3d9a5c14984fc26c36b5c536,1304,2,2,0,0,2,candidate_only_not_proven_function,exact_bytes_only_not_relocation_normalized_or_complete_image_acceptance
d4e7c5d25c696709b7cb7db865a635bb5d9f409b160fd1f99820f2cea49b60af,1264,1,1,0,0,1,candidate_only_not_proven_function,exact_bytes_only_not_relocation_normalized_or_complete_image_acceptance
d5567dae6df2ec1287779f1f25b011c5645a3bc9867a8f890cc0b4ef8e43f535,5424,1,1,0,0,1,candidate_only_not_proven_function,exact_bytes_only_not_relocation_normalized_or_complete_image_acceptance
d575ff717ba7e7c4a2e7030f4fca4c8da317eb46781c9274f1f9d4f2e9b194ec,2356,2,2,0,0,2,candidate_only_not_proven_function,exact_bytes_only_not_relocation_normalized_or_complete_image_acceptance
d59ee9b331c0cc302646f0e7b92d9d5201cf64d25045a060e095ba62cd395f1e,2860,3,3,0,0,3,candidate_only_not_proven_function,exact_bytes_only_not_relocation_normalized_or_complete_image_acceptance
d5aa9c6aa20afae8d112c514f51dfb3a947293b9d34b1346fd366957db65de5e,860,1,1,0,0,1,candidate_only_not_proven_function,exact_bytes_only_not_relocation_normalized_or_complete_image_acceptance
d5bcd9bd08637aa0e370d70f42a01d0f5dce71f09d0627c1d75636af67c5066e,3896,2,2,2,0,0,has_matching_c_byte_identity,exact_bytes_only_not_relocation_normalized_or_complete_image_acceptance
d5ec3735799c66dd30dd4452ba97df15cfd90912d2ac6fd5f5ddd569ddd5fbf8,6872,2,2,0,0,2,candidate_only_not_proven_function,exact_bytes_only_not_relocation_normalized_or_complete_image_acceptance
d5f1191c497f9b25cf0944ed1f0f6a04ea29af92b6186379eeca5740f329c729,1232,6,6,0,0,6,candidate_only_not_proven_function,exact_bytes_only_not_relocation_normalized_or_complete_image_acceptance
d5f13e27384decbaef727a6109e39c37dd942861d819cf5d3624f342bcd4f546,4200,2,2,0,0,2,candidate_only_not_proven_function,exact_bytes_only_not_relocation_normalized_or_complete_image_acceptance
d6786469101b3f315c99f072a9390f79823b144b2d87a71fa984f32d83b26f35,1780,1,1,1,0,0,has_matching_c_byte_identity,exact_bytes_only_not_relocation_normalized_or_complete_image_acceptance
d6848a161797c40fdfdca8284cfad4fedcaaefd83798476d5690b39eabd867a8,3556,2,2,0,0,2,candidate_only_not_proven_function,exact_bytes_only_not_relocation_normalized_or_complete_image_acceptance
d6b514b75043a3e4a94da556f13ed973f3ad4933e39381c4bac39a35c6d65313,2224,1,1,0,0,1,candidate_only_not_proven_function,exact_bytes_only_not_relocation_normalized_or_complete_image_acceptance
d6bd3d6ae5e077a74a107c7dc2618bc2fa6431dec93f5e5a2ef221acb6475aab,5312,1,1,0,0,1,candidate_only_not_proven_function,exact_bytes_only_not_relocation_normalized_or_complete_image_acceptance
d6d673207bc1eae99fcf9f51d1222b7eda88d97bb2334a7903e77741093008a1,896,2,2,2,0,0,has_matching_c_byte_identity,exact_bytes_only_not_relocation_normalized_or_complete_image_acceptance
d6ea104643e23bafb6346a9236577954145e08405f1c92911b3e4ea75539c8cd,2080,1,1,0,0,1,candidate_only_not_proven_function,exact_bytes_only_not_relocation_normalized_or_complete_image_acceptance
d703b7249d03f740c092f88561183ceca24a4489f380cb4e153d0ea603bc7222,840,16,16,16,0,0,has_matching_c_byte_identity,exact_bytes_only_not_relocation_normalized_or_complete_image_acceptance
d74f23042146fdc3c22f3d1ad7a1d6b4fff4523076be31080ca2950c94c01121,1436,1,1,0,1,0,registered_without_matching_c,exact_bytes_only_not_relocation_normalized_or_complete_image_acceptance
d7532c3b0136f762c87ac44081ee5c677dfc2bbeeae736e093836370a1991051,1548,5,5,0,0,5,candidate_only_not_proven_function,exact_bytes_only_not_relocation_normalized_or_complete_image_acceptance
d7b8c43500b42bce65992709b1e575d50098e0a589967f7bc5808ae623d4ec69,3552,1,1,0,0,1,candidate_only_not_proven_function,exact_bytes_only_not_relocation_normalized_or_complete_image_acceptance
d7d45b4b856c28af264d0e922d9bd8e20eb8e433df76332e1a49a97f09d780a3,1200,1,1,0,0,1,candidate_only_not_proven_function,exact_bytes_only_not_relocation_normalized_or_complete_image_acceptance
d80aceda53b805e88f1954bf2a8778a8c8cdbce96e67ed74797a0df06d700258,1332,1,1,1,0,0,has_matching_c_byte_identity,exact_bytes_only_not_relocation_normalized_or_complete_image_acceptance
d83f1479f9943f1a95cf852eaa97be20e93a4c71c1ec0b7f9875549ea87714b1,8188,25,27,0,0,25,candidate_only_not_proven_function,exact_bytes_only_not_relocation_normalized_or_complete_image_acceptance
d84bfd32dfeccf3d0b5b38790c49031ff91f89e37d9b67ea9f33a2cd7027d480,1420,3,3,0,0,3,candidate_only_not_proven_function,exact_bytes_only_not_relocation_normalized_or_complete_image_acceptance
d85064fab78c9ad5e3844a7c25417c44a788c60b3d88bf9a1c2c375d009fbc9f,1256,6,6,6,0,0,has_matching_c_byte_identity,exact_bytes_only_not_relocation_normalized_or_complete_image_acceptance
d88d94e899cc50d0e18ad6a864e56956da59ef1b0ea8146b3f731576f75c5d95,872,11,12,11,0,0,has_matching_c_byte_identity,exact_bytes_only_not_relocation_normalized_or_complete_image_acceptance
d8937007cc2e5aa3549033da0c981003d6997c8f76c28a9f1cad536b4137804f,2892,1,1,0,0,1,candidate_only_not_proven_function,exact_bytes_only_not_relocation_normalized_or_complete_image_acceptance
d8b52f0fb129fa3d37293d212bbbf754b55c938f11d10a2988ac07651655d912,2216,3,3,3,0,0,has_matching_c_byte_identity,exact_bytes_only_not_relocation_normalized_or_complete_image_acceptance
d8b61b36efd9ed0fac6a45ab850da29a2ae5fc818e3240cbcdcbe60e6f396cba,3888,3,3,0,0,3,candidate_only_not_proven_function,exact_bytes_only_not_relocation_normalized_or_complete_image_acceptance
d8e944e7678e6e8cc1ff590792e91bdd5bb4166a0f4f7119898fbf9da4f516b7,1144,1,1,1,0,0,has_matching_c_byte_identity,exact_bytes_only_not_relocation_normalized_or_complete_image_acceptance
d9094c823bee15145c5c92334a0dcef0643b3c2ca78a88033815048eec671e23,1412,5,5,0,0,5,candidate_only_not_proven_function,exact_bytes_only_not_relocation_normalized_or_complete_image_acceptance
d91495394db009c83d41e0fd9c7979bb764dd83e0bdbf15aa2ff231ec6a54bf8,872,2,2,2,0,0,has_matching_c_byte_identity,exact_bytes_only_not_relocation_normalized_or_complete_image_acceptance
d91bc9fb13b09345134138f14b6c0d88fbe83231aa21e15a10ab380dd9378f20,3284,4,5,0,0,4,candidate_only_not_proven_function,exact_bytes_only_not_relocation_normalized_or_complete_image_acceptance
d980e2656e9be597095f64d46756c6cff5bd57be66846fdcd534781d29a347f4,14360,6,6,0,0,6,candidate_only_not_proven_function,exact_bytes_only_not_relocation_normalized_or_complete_image_acceptance
d9942eda174123869ed033b00ce19b2867a4921ea3cfa4ca5945c03a13b2809b,1276,2,2,0,0,2,candidate_only_not_proven_function,exact_bytes_only_not_relocation_normalized_or_complete_image_acceptance
d9cda3a015ec2eff5bce6aca5a01ca50d298a1498bc9f0540bddda5883f296e3,1080,1,1,1,0,0,has_matching_c_byte_identity,exact_bytes_only_not_relocation_normalized_or_complete_image_acceptance
da01065c7a50faa3379b42613542f5f377ff6ca3b2a340e687aa1434d6855330,3092,4,4,0,0,4,candidate_only_not_proven_function,exact_bytes_only_not_relocation_normalized_or_complete_image_acceptance
da28ee1788009936b565e4782a50743a81c533bd7203ac8c403ffa58e9f49b47,1588,2,2,2,0,0,has_matching_c_byte_identity,exact_bytes_only_not_relocation_normalized_or_complete_image_acceptance
da4175eef9e3e9c74bb085e26e889a1d7d5e774ff6ee68d07745110853021120,6196,30,30,0,0,30,candidate_only_not_proven_function,exact_bytes_only_not_relocation_normalized_or_complete_image_acceptance
daabf27acf7a99e0cd8751c2279fbeb9162435be4f6a9100a4e51d529b501266,8892,1,1,0,0,1,candidate_only_not_proven_function,exact_bytes_only_not_relocation_normalized_or_complete_image_acceptance
daed4ede704192cb0de6dc5a55652774420c6f670f5ca6340475eeaf5d23f68e,16508,1,1,0,0,1,candidate_only_not_proven_function,exact_bytes_only_not_relocation_normalized_or_complete_image_acceptance
db6c4cf78f0c279a9555b782bcca42de69f5cf128efe170700bb498866db8db3,3948,2,2,0,0,2,candidate_only_not_proven_function,exact_bytes_only_not_relocation_normalized_or_complete_image_acceptance
db78044ba2e2fca9fcf42b4d7bcb405bf93666743243742a73ef8d832c643be0,13056,1,1,0,0,1,candidate_only_not_proven_function,exact_bytes_only_not_relocation_normalized_or_complete_image_acceptance
dbd242b09ba4300ad518608d904f3ba1597eed5dbe8da6f4773df06f6f185c2c,8584,1,1,0,0,1,candidate_only_not_proven_function,exact_bytes_only_not_relocation_normalized_or_complete_image_acceptance
dbf16b0b72ba10170cd0613b1be316a9c577a8340044e1ce85f4bee229582313,6204,2,2,0,0,2,candidate_only_not_proven_function,exact_bytes_only_not_relocation_normalized_or_complete_image_acceptance
dbfd5480287e05c2ddc6b22018ad420e0fac3fa4bd2b15514515616275514ac0,948,1,1,1,0,0,has_matching_c_byte_identity,exact_bytes_only_not_relocation_normalized_or_complete_image_acceptance
dc11b3fed10bc32346a9e55d95eee91aa6ed749e5a519972192728e37303e3bb,6908,1,1,0,0,1,candidate_only_not_proven_function,exact_bytes_only_not_relocation_normalized_or_complete_image_acceptance
dca64e2031c55b2556766af86bc8cd1d828e9a8b9199d89e5e7d9bb887cd9ff0,5176,1,1,0,0,1,candidate_only_not_proven_function,exact_bytes_only_not_relocation_normalized_or_complete_image_acceptance
dca9a6eaf3e803a8ec575abf0cd758d1d585d05825b43bbe7ae353874602ea60,7524,3,3,0,0,3,candidate_only_not_proven_function,exact_bytes_only_not_relocation_normalized_or_complete_image_acceptance
dcec6b3d0f3ee81eb4e865e306ef0919acf200b1dc801a74cbd0875a7b8a64ac,7832,1,1,0,0,1,candidate_only_not_proven_function,exact_bytes_only_not_relocation_normalized_or_complete_image_acceptance
dd06a19a8e2c944cf233546f1ffd4008ce6de1de6df2a391744376597cd05bbe,2728,3,3,0,0,3,candidate_only_not_proven_function,exact_bytes_only_not_relocation_normalized_or_complete_image_acceptance
dd36b1cb75e2439d1afc1334ceb74c0db5d1b41395f0086e889e310438cef383,3316,5,5,0,0,5,candidate_only_not_proven_function,exact_bytes_only_not_relocation_normalized_or_complete_image_acceptance
dd4aa7815eef1e301db5edf9b53e65b745a1c31f163af442e4a830a9f249f35d,6048,1,1,0,0,1,candidate_only_not_proven_function,exact_bytes_only_not_relocation_normalized_or_complete_image_acceptance
dd6a09882b381e66c80585644b5436dbedb5beeb9d24c113e16efd136ab0d51a,1548,5,5,0,0,5,candidate_only_not_proven_function,exact_bytes_only_not_relocation_normalized_or_complete_image_acceptance
dd6f4277fd5e33fef96fb03d44d6deaea6c031a5d67492b3f78b24fccfd9be76,5584,1,1,0,0,1,candidate_only_not_proven_function,exact_bytes_only_not_relocation_normalized_or_complete_image_acceptance
dd83e932465d180c83664b12dee83494eb7c0e45918c5e0e1a9c47998f97c971,1232,1,1,0,0,1,candidate_only_not_proven_function,exact_bytes_only_not_relocation_normalized_or_complete_image_acceptance
ddc82a09758a69ff944285b972b8f2da1c8ddc13b0fa8ba5c311e9ea5a978005,5860,9,9,0,0,9,candidate_only_not_proven_function,exact_bytes_only_not_relocation_normalized_or_complete_image_acceptance
ddd046f3c04ce443f5566935e0355926ea1d87aa4d0cb9ea48e65e9ed8519ffd,4020,1,1,0,0,1,candidate_only_not_proven_function,exact_bytes_only_not_relocation_normalized_or_complete_image_acceptance
ddfb31e0633d9eae2f54dfc91c61624cc2644411bbb4e11a3656fce1937d7b19,3900,1,1,0,1,0,registered_without_matching_c,exact_bytes_only_not_relocation_normalized_or_complete_image_acceptance
ddfc41332044c7a35755d50d06205114dcb4d9802e33db99596da6293e535c82,1388,6,6,0,0,6,candidate_only_not_proven_function,exact_bytes_only_not_relocation_normalized_or_complete_image_acceptance
de4e9c4c39487a3d1ce786918fc9fffb1d19dbd908bbb0017da5a5248cec6c52,2824,14,14,13,0,1,has_matching_c_byte_identity,exact_bytes_only_not_relocation_normalized_or_complete_image_acceptance
de695ebd956c82969383a081a442463c734abc6ccd0bbcfba2af250d1fb9df26,1376,2,2,2,0,0,has_matching_c_byte_identity,exact_bytes_only_not_relocation_normalized_or_complete_image_acceptance
de7552fb57aaadd0f257172849d4251ba52a1357394f47cbbf2891e7d86c1bb8,1416,1,1,0,0,1,candidate_only_not_proven_function,exact_bytes_only_not_relocation_normalized_or_complete_image_acceptance
dea2e5b65adf10063303cc2b23a68261195d7c104bd28e7d9353039e1c1a3fdb,4404,1,1,0,0,1,candidate_only_not_proven_function,exact_bytes_only_not_relocation_normalized_or_complete_image_acceptance
dfc464ac686a66b570a063f1774c4ed18554fe76f7cb61e31b8523c33c005513,3996,1,1,0,0,1,candidate_only_not_proven_function,exact_bytes_only_not_relocation_normalized_or_complete_image_acceptance
e01b62d31907ee7eb7ec5a1464522968c69f3b616ee972d8aeb2fc8348016088,2588,12,13,12,0,0,has_matching_c_byte_identity,exact_bytes_only_not_relocation_normalized_or_complete_image_acceptance
e031b8719b5be95e9512914d34f1a1a490ac354c27f328bbaebebffbad3233f7,4524,5,5,0,0,5,candidate_only_not_proven_function,exact_bytes_only_not_relocation_normalized_or_complete_image_acceptance
e037c8ceb11beafe3a839b613d6b043295efb265ad6e22a7d2694e2092b52546,3316,5,5,0,0,5,candidate_only_not_proven_function,exact_bytes_only_not_relocation_normalized_or_complete_image_acceptance
e0541d09d56082e62b51495f5a9adca34902ffd98a5441437e3ad0bc5daee7c6,2620,1,1,0,0,1,candidate_only_not_proven_function,exact_bytes_only_not_relocation_normalized_or_complete_image_acceptance
e0ccb65d3b8d561541327c75ad6973ff5ccfa85d055b7d13ae761ef6883fb221,1488,4,4,0,0,4,candidate_only_not_proven_function,exact_bytes_only_not_relocation_normalized_or_complete_image_acceptance
e0dbc759d9d469777f22593cd33004741c7067d32c43362a244447d71f3ca7e2,4656,2,2,0,0,2,candidate_only_not_proven_function,exact_bytes_only_not_relocation_normalized_or_complete_image_acceptance
e0df5c77a4316e5fa057046319bb24215f288eaf3a46e3fc5c6c1556f13cbe3b,1516,2,2,0,0,2,candidate_only_not_proven_function,exact_bytes_only_not_relocation_normalized_or_complete_image_acceptance
e0eae77fad65aea39925ae83910cb1314d4f4a3cd10012e89f78a9e966365ea9,1180,4,4,0,0,4,candidate_only_not_proven_function,exact_bytes_only_not_relocation_normalized_or_complete_image_acceptance
e18325cf5007718df36da3ed10d3925d878acdc87b80f4525610c5c9b0c80676,3144,2,2,0,0,2,candidate_only_not_proven_function,exact_bytes_only_not_relocation_normalized_or_complete_image_acceptance
e18c4bbe254835dc0a8ef52f8214b475069125a1320d5d4201b59281e67de1b2,5136,1,1,0,0,1,candidate_only_not_proven_function,exact_bytes_only_not_relocation_normalized_or_complete_image_acceptance
e1a6c055415809eccd9257fe471f98155dfadcd9ea00267d7cfc11802ce6759f,3684,4,4,0,0,4,candidate_only_not_proven_function,exact_bytes_only_not_relocation_normalized_or_complete_image_acceptance
e1afd1cc294420c1b8ae5d50614208f24f4cbcde8542585514bbc73930ab8cd0,6528,2,2,0,0,2,candidate_only_not_proven_function,exact_bytes_only_not_relocation_normalized_or_complete_image_acceptance
e20d094cfab7a98188fd6eb0cedf15e000bea28aab6075173ee6767a95890bfd,9208,1,1,0,0,1,candidate_only_not_proven_function,exact_bytes_only_not_relocation_normalized_or_complete_image_acceptance
e218024db878bb137deab467d3bdbd61b1420f0b444e37b9d3f7b9c39a181d38,1460,1,1,0,0,1,candidate_only_not_proven_function,exact_bytes_only_not_relocation_normalized_or_complete_image_acceptance
e28c9d20d62f5595affdb4b81f72629e94ce1437ead3606c620bb450507ee62b,2024,1,1,0,0,1,candidate_only_not_proven_function,exact_bytes_only_not_relocation_normalized_or_complete_image_acceptance
e2920452ffa5f1629da13abca680f80b76c148a46a92247e81e809c8ca706b22,5584,1,1,0,0,1,candidate_only_not_proven_function,exact_bytes_only_not_relocation_normalized_or_complete_image_acceptance
e2c726e0afb178d41d1752e9bb76f2eb05665c789f23ac826edfb679f25934a1,9156,3,3,0,0,3,candidate_only_not_proven_function,exact_bytes_only_not_relocation_normalized_or_complete_image_acceptance
e338861a0d55d708fb59ff2f0463409b35b22bb9d87ae01ea975fe273838ad71,4788,5,5,5,0,0,has_matching_c_byte_identity,exact_bytes_only_not_relocation_normalized_or_complete_image_acceptance
e345680c4d4010ceda08cc4475e3dfba3ff793712dc6bd690646c81ac843e2b0,1164,11,11,11,0,0,has_matching_c_byte_identity,exact_bytes_only_not_relocation_normalized_or_complete_image_acceptance
e3b49b0c6d79a3bbd17ac229cc6e1ae6e681555f9ea219694d1bb1819f2e0a81,4176,2,2,2,0,0,has_matching_c_byte_identity,exact_bytes_only_not_relocation_normalized_or_complete_image_acceptance
e3b9028282195df2094a8c73e8daf02858e19cc8799f91a8a7e3324555bebae6,220,1,1,1,0,0,has_matching_c_byte_identity,exact_bytes_only_not_relocation_normalized_or_complete_image_acceptance
e3f90f79134fa9bcd73843525e33d4398de8215a49e1bfe601512462bb5a2f9e,14416,1,1,0,0,1,candidate_only_not_proven_function,exact_bytes_only_not_relocation_normalized_or_complete_image_acceptance
e436ca8cdb2bdb666fa1d6b058ceb85638871c71d53f9e793947e73bd8796569,5176,1,1,0,0,1,candidate_only_not_proven_function,exact_bytes_only_not_relocation_normalized_or_complete_image_acceptance
e43ea36a2624ea6b324d39ecc89a152e185e49e47f252af77262922cc97ae31c,896,6,6,6,0,0,has_matching_c_byte_identity,exact_bytes_only_not_relocation_normalized_or_complete_image_acceptance
e4793854ae546d55eb5b55380ea9121500f7c10598884dea01854aa72b738eda,7808,1,1,0,0,1,candidate_only_not_proven_function,exact_bytes_only_not_relocation_normalized_or_complete_image_acceptance
e4d252c67a014d4143fe341ef14d001155577fd1f908e31af1e353fb7fc47436,852,1,1,1,0,0,has_matching_c_byte_identity,exact_bytes_only_not_relocation_normalized_or_complete_image_acceptance
e506de798fdbc0e795e48f94f77557ed632f4740b0fd73070d8ebfcf8223fbd3,5416,1,1,0,0,1,candidate_only_not_proven_function,exact_bytes_only_not_relocation_normalized_or_complete_image_acceptance
e53fca0e7c81a01ebb6a1691430acf487ce6c08100f6c7d156576efd367da9c8,2364,1,1,1,0,0,has_matching_c_byte_identity,exact_bytes_only_not_relocation_normalized_or_complete_image_acceptance
e54b7eb72789ce61f54d227690827b4c4e6b22a090bcf395ce67f6cf4a56f5b4,1296,1,1,1,0,0,has_matching_c_byte_identity,exact_bytes_only_not_relocation_normalized_or_complete_image_acceptance
e5839d2be2fd0c5e7834d3d5e43491805617478cf7cf0691c13e23a8c73f8233,8092,1,1,0,0,1,candidate_only_not_proven_function,exact_bytes_only_not_relocation_normalized_or_complete_image_acceptance
e5d9758ea743845cc336e85d1a5ae3d406bafebb1bd80c178662852b2ebdb3a9,3636,2,2,0,0,2,candidate_only_not_proven_function,exact_bytes_only_not_relocation_normalized_or_complete_image_acceptance
e613d5c42e158ebf5c8a9d059e1dd4ffa81e490eba8dc2257f0e127b71123c6f,2048,6,6,0,0,6,candidate_only_not_proven_function,exact_bytes_only_not_relocation_normalized_or_complete_image_acceptance
e62758cc41e2d4c334682efd5ddbb562032b25a88702babfedccd4706991a387,2044,1,1,0,0,1,candidate_only_not_proven_function,exact_bytes_only_not_relocation_normalized_or_complete_image_acceptance
e62d788159bf473a720ff3878d960f500a23125a72731844459a123de3cd4c9b,1056,7,7,7,0,0,has_matching_c_byte_identity,exact_bytes_only_not_relocation_normalized_or_complete_image_acceptance
e68a3ff8c697abf089c8e21265eb6e0def7a8eff1c0aaec7e3a64dd1785a2c8e,1996,2,2,2,0,0,has_matching_c_byte_identity,exact_bytes_only_not_relocation_normalized_or_complete_image_acceptance
e6979c378ac61779d07fe4ad94b6e95da2f7f875d326c22e3442fea228dce711,1304,1,1,1,0,0,has_matching_c_byte_identity,exact_bytes_only_not_relocation_normalized_or_complete_image_acceptance
e6b945bb6875f9fb8b59dad73f12d1bf1936ee0af2592c4cda4f2e7e4154113b,1264,2,2,0,0,2,candidate_only_not_proven_function,exact_bytes_only_not_relocation_normalized_or_complete_image_acceptance
e71c4f8ac46ec3a9bc6e593f6389b784817c6d942262a097cfe51ac442ee08cc,4704,2,2,0,0,2,candidate_only_not_proven_function,exact_bytes_only_not_relocation_normalized_or_complete_image_acceptance
e7a02e7d705fb16649e35f010aab459093124821a321e2c9a88910527e82cb65,872,2,2,2,0,0,has_matching_c_byte_identity,exact_bytes_only_not_relocation_normalized_or_complete_image_acceptance
e7a1e999cd4fc799808bfe1a3fd9bc7dc71ed161d8ea3289fc34cfdb904bd317,1356,2,2,0,0,2,candidate_only_not_proven_function,exact_bytes_only_not_relocation_normalized_or_complete_image_acceptance
e7c585b5289f35f619fadb4023cfa6d07c63606e4573301fb1e836414d5af647,1304,1,1,1,0,0,has_matching_c_byte_identity,exact_bytes_only_not_relocation_normalized_or_complete_image_acceptance
e880523bdd73c91cad37881ca5f6b8a9d0348130fbc0d8d120b7461094bb2847,1232,3,3,0,0,3,candidate_only_not_proven_function,exact_bytes_only_not_relocation_normalized_or_complete_image_acceptance
e89394cb26d0624975953c4103df4a2b7d040418a4eeafd3d1f945646271c17c,788,2,2,2,0,0,has_matching_c_byte_identity,exact_bytes_only_not_relocation_normalized_or_complete_image_acceptance
e8efb90a26ccbcb5295fb8f87d3480e306e8c0a24343a085d99c552c3e54deed,2236,1,1,0,0,1,candidate_only_not_proven_function,exact_bytes_only_not_relocation_normalized_or_complete_image_acceptance
e9775928535e8f84b6f32a35b7f894fe766be069731856d11ec8e56b16a280e3,2608,1,1,0,0,1,candidate_only_not_proven_function,exact_bytes_only_not_relocation_normalized_or_complete_image_acceptance
e9a2a85c8aba94434a4e82add8863fb968e798b4e72577472a0c6d0888aeb5a2,2360,1,1,0,0,1,candidate_only_not_proven_function,exact_bytes_only_not_relocation_normalized_or_complete_image_acceptance
ea2b65b52c79836226595f6e8c50b55f50c99e1e65eecde3f66ab3cbfa0cf1a3,8412,35,37,0,0,35,candidate_only_not_proven_function,exact_bytes_only_not_relocation_normalized_or_complete_image_acceptance
ea51e5325030ed737edac2ed747c4686f2a51068091beecba306a523c5bef9e2,1232,1,1,0,0,1,candidate_only_not_proven_function,exact_bytes_only_not_relocation_normalized_or_complete_image_acceptance
ea6d9035cf4c611acf2951a8ce2b3b19ad2894d1487abc49aac08d8a0d3cc437,5348,2,2,0,0,2,candidate_only_not_proven_function,exact_bytes_only_not_relocation_normalized_or_complete_image_acceptance
eaa170e02589bd6a50acd77b46f58e165a901e094c7b1669659eb5dd91c64136,8340,1,1,0,0,1,candidate_only_not_proven_function,exact_bytes_only_not_relocation_normalized_or_complete_image_acceptance
ead1cf1f33068d7bcc0ced5337d5d70107be46d89e7d020e48f8fd4ca30f815d,1328,2,2,0,0,2,candidate_only_not_proven_function,exact_bytes_only_not_relocation_normalized_or_complete_image_acceptance
ead8ff2f4b686b83bed3f83c66522fd58f49fdcf297a50978e68354e17ce0f31,5744,1,1,0,0,1,candidate_only_not_proven_function,exact_bytes_only_not_relocation_normalized_or_complete_image_acceptance
eb061b0f37bafff50ff24495c04f5f5fd66c50f2d5f4780abab508f3a8def9b7,1284,1,1,0,0,1,candidate_only_not_proven_function,exact_bytes_only_not_relocation_normalized_or_complete_image_acceptance
eb238fae1554396a0657a902c2ac7bb62ad73323f863a2319d071c9008302dab,1108,2,2,2,0,0,has_matching_c_byte_identity,exact_bytes_only_not_relocation_normalized_or_complete_image_acceptance
eb31a976d3dbceffd43395a38ac00522d4815d1778edba92c8ac259d5d33a95e,1804,2,2,2,0,0,has_matching_c_byte_identity,exact_bytes_only_not_relocation_normalized_or_complete_image_acceptance
eb428bf497487c3b485a515a113a82af0125ca99b26dee179bb4c6b6fd5aa73b,15308,6,6,0,0,6,candidate_only_not_proven_function,exact_bytes_only_not_relocation_normalized_or_complete_image_acceptance
eba2d279bebd45fc8e41cb049a698d1f31f7530dc45a3efb6abe59b0f452a6b5,4940,2,2,0,0,2,candidate_only_not_proven_function,exact_bytes_only_not_relocation_normalized_or_complete_image_acceptance
eba4f94b2c46c0f6448e5e5966371b72d4d89ff9cb41a765545ad0bf2f1450b4,1424,1,1,1,0,0,has_matching_c_byte_identity,exact_bytes_only_not_relocation_normalized_or_complete_image_acceptance
ebe92f686591016cff468ce1ba1b282d4185ab9408268004a09b77608ef4404e,1684,2,2,0,0,2,candidate_only_not_proven_function,exact_bytes_only_not_relocation_normalized_or_complete_image_acceptance
ec181de28da0b48a1f43d366db3b7a6f6c8f883aef1df1db9436bdcbbae716a7,2584,10,10,0,0,10,candidate_only_not_proven_function,exact_bytes_only_not_relocation_normalized_or_complete_image_acceptance
ec7da5e502222b0383e4b2837ebf9477f173bc9435467db4cfe173fb2763550a,1068,2,2,0,0,2,candidate_only_not_proven_function,exact_bytes_only_not_relocation_normalized_or_complete_image_acceptance
ec82b3bf2c12132fb89b21d0bb6d847c8baf69e45671656995c239bbe040e5d6,1388,1,1,1,0,0,has_matching_c_byte_identity,exact_bytes_only_not_relocation_normalized_or_complete_image_acceptance
ec93be11228b130a3ead38a1a92447f840561542743da4148eda3a5ee1018a3f,1208,2,2,2,0,0,has_matching_c_byte_identity,exact_bytes_only_not_relocation_normalized_or_complete_image_acceptance
ed19a19cbeee1e112f0db519df6bbc7544a89c7051576a1f9480e256ee6e9acb,2020,8,8,8,0,0,has_matching_c_byte_identity,exact_bytes_only_not_relocation_normalized_or_complete_image_acceptance
ed282a35b7d6021bd17cd9108c23c46b8d67c94eb013e57add2b7c8e9184c818,4068,5,5,0,0,5,candidate_only_not_proven_function,exact_bytes_only_not_relocation_normalized_or_complete_image_acceptance
ed6ab31a1a6c22b85602cb7be35bcc11e07a9593ed2be5d50c3f2d4b93fc27d8,1124,1,1,0,0,1,candidate_only_not_proven_function,exact_bytes_only_not_relocation_normalized_or_complete_image_acceptance
edc31d502063b6cb18bcbe3faf99863c0a17b12689c590eaf17d82233586333a,780,11,12,11,0,0,has_matching_c_byte_identity,exact_bytes_only_not_relocation_normalized_or_complete_image_acceptance
ee378168f50796848f3fbfde66f2c6d4762d7c204adfcfc28add14bbc989e87b,14316,2,2,0,0,2,candidate_only_not_proven_function,exact_bytes_only_not_relocation_normalized_or_complete_image_acceptance
eef3f8899da0ca797562ff268ccd6f2f463710b99ca59886713fa75a738eb9ca,6572,5,5,0,0,5,candidate_only_not_proven_function,exact_bytes_only_not_relocation_normalized_or_complete_image_acceptance
ef1bbdf9d4b907c0af4b500e8aca905611695e98b26dee2bf4b4b95b72f66859,1512,4,4,0,0,4,candidate_only_not_proven_function,exact_bytes_only_not_relocation_normalized_or_complete_image_acceptance
ef320fa583e6891b123850e469e67be66f4c2e7dc8b7606606e48355324eace6,1280,2,2,2,0,0,has_matching_c_byte_identity,exact_bytes_only_not_relocation_normalized_or_complete_image_acceptance
ef3cafcd567f1521a652bb20af124890b92b07a1f470c5262036714517656851,4812,1,1,0,0,1,candidate_only_not_proven_function,exact_bytes_only_not_relocation_normalized_or_complete_image_acceptance
efb4729703448daafa1af10c271767463094c00b105020bc1c6ac1dbfec66ab9,4440,11,11,0,0,11,candidate_only_not_proven_function,exact_bytes_only_not_relocation_normalized_or_complete_image_acceptance
efb4d0923bf3b314eb13ee5909ca74db228f5cc4e69e059ef37c1adf6b2d7217,1064,1,1,1,0,0,has_matching_c_byte_identity,exact_bytes_only_not_relocation_normalized_or_complete_image_acceptance
efbc5d7a252dff0b0ae868369dde11276817595a25b932248341d551259d857e,3972,1,1,0,0,1,candidate_only_not_proven_function,exact_bytes_only_not_relocation_normalized_or_complete_image_acceptance
efc0cafb860a5f9800d96c58d3c0cdc8df4d23af297413bf40e0ca054140a7f3,1452,2,2,0,0,2,candidate_only_not_proven_function,exact_bytes_only_not_relocation_normalized_or_complete_image_acceptance
efe0879ae9ed80ce4dfeab43f5dd16f7c08e737e4165be1c9f7240aaa851c44c,1620,2,2,0,0,2,candidate_only_not_proven_function,exact_bytes_only_not_relocation_normalized_or_complete_image_acceptance
f0080e7d7de2757d1c07c0b321e4dd74bf278069b686a1c2eab76027472fcec7,6700,17,17,0,0,17,candidate_only_not_proven_function,exact_bytes_only_not_relocation_normalized_or_complete_image_acceptance
f00da16163e48f097711637704726c0b529dc1055f434659dcad9611b1825d85,2216,6,6,0,0,6,candidate_only_not_proven_function,exact_bytes_only_not_relocation_normalized_or_complete_image_acceptance
f04d89c4b1f526b0e2065354151d31ec26a6bf2a1cd1a9eb3dbd6b4fabfc51fa,1296,1,1,0,0,1,candidate_only_not_proven_function,exact_bytes_only_not_relocation_normalized_or_complete_image_acceptance
f07e91b7d40319f8846947569f682f729918e3297bb43126a9e5b22f3bc716f9,2164,1,1,0,0,1,candidate_only_not_proven_function,exact_bytes_only_not_relocation_normalized_or_complete_image_acceptance
f07eb261b12de89e1f4548d62d5cd4e16642a85e305504d393d7c5ad25b57344,792,2,2,2,0,0,has_matching_c_byte_identity,exact_bytes_only_not_relocation_normalized_or_complete_image_acceptance
f0aebfa4a2ef8c19e753e77200d9f31f764d28b3ff267aba2d8b3c52de0416f1,2004,11,11,11,0,0,has_matching_c_byte_identity,exact_bytes_only_not_relocation_normalized_or_complete_image_acceptance
f0cd62ec5127b3474e969ac9194b218aef7883fdcdc4895e3061046131f8e935,1380,1,1,0,0,1,candidate_only_not_proven_function,exact_bytes_only_not_relocation_normalized_or_complete_image_acceptance
f146ad37905fb15ff13b51ffee796e81cac975d88ca35a551e3c7f2182bbc5a7,1404,14,14,13,0,1,has_matching_c_byte_identity,exact_bytes_only_not_relocation_normalized_or_complete_image_acceptance
f149d4f8253fd210c9360f18ff6658e7c0f5e0e5d9981931f2e7cedfe8a069c8,1404,4,5,0,0,4,candidate_only_not_proven_function,exact_bytes_only_not_relocation_normalized_or_complete_image_acceptance
f14ed4fc9e8e08d0b0dc0860a1bbb5a9179dc3484e0f7699d650236208ce0658,4572,6,6,0,0,6,candidate_only_not_proven_function,exact_bytes_only_not_relocation_normalized_or_complete_image_acceptance
f1b00910b477688fc44c07f92f62f8e121b023f9da3ade5dfda10ddd6fd03006,2272,2,2,0,0,2,candidate_only_not_proven_function,exact_bytes_only_not_relocation_normalized_or_complete_image_acceptance
f25472e4c2a07195e1cbbbe02f83f3104672551eb96ede5c70a69032cae71caf,3360,2,2,0,0,2,candidate_only_not_proven_function,exact_bytes_only_not_relocation_normalized_or_complete_image_acceptance
f26e3b24279dc1236c7bad8ebcf86c98d90e2efecea11dcbaa9636578049ae3c,6704,3,3,0,0,3,candidate_only_not_proven_function,exact_bytes_only_not_relocation_normalized_or_complete_image_acceptance
f275ec8f35bd746af087796e4ab27910d1bf8677e2ffbef60ebcb8124e14dcba,7520,1,1,0,0,1,candidate_only_not_proven_function,exact_bytes_only_not_relocation_normalized_or_complete_image_acceptance
f27b461b56e01ca611d444d665a4c3137fbda2835543b0102760a94308bccebe,2620,4,5,0,0,4,candidate_only_not_proven_function,exact_bytes_only_not_relocation_normalized_or_complete_image_acceptance
f2823251c6303446eae7dddf316fa2f655d7ef9d9a7ed99dfb52f6047032c6af,788,6,6,6,0,0,has_matching_c_byte_identity,exact_bytes_only_not_relocation_normalized_or_complete_image_acceptance
f301eed4225a68cbbc5ce5938e377f80ef9ad86ca3f88ab862861ade1cf507dc,2264,1,1,0,1,0,registered_without_matching_c,exact_bytes_only_not_relocation_normalized_or_complete_image_acceptance
f30963a6e7e47c2997d08a5cdc9e84941bcb7b1af04bfda63854e63abed89a42,1172,1,1,1,0,0,has_matching_c_byte_identity,exact_bytes_only_not_relocation_normalized_or_complete_image_acceptance
f3421f3990456b5056961ba74cedd36f48769e9a4eeb61acc97ada6099579a65,2724,1,1,0,0,1,candidate_only_not_proven_function,exact_bytes_only_not_relocation_normalized_or_complete_image_acceptance
f35c8dd1196af63f832019b44141d83d4cbd9be346bf373b1b98d09640a2bb5f,15032,2,2,0,0,2,candidate_only_not_proven_function,exact_bytes_only_not_relocation_normalized_or_complete_image_acceptance
f3698428b69cea411bb1f51d069a291d2c20b2b3016f8c73447db73336310088,1600,2,2,0,0,2,candidate_only_not_proven_function,exact_bytes_only_not_relocation_normalized_or_complete_image_acceptance
f3917eb146ca4d5be3b5f4e9bfb75c857846b9b66e19bfce89240eecd127ad51,1248,1,1,0,0,1,candidate_only_not_proven_function,exact_bytes_only_not_relocation_normalized_or_complete_image_acceptance
f39e227df042fb2874a76dbf737b92ced814ac29f5121bf33e405373be1cbe63,1348,1,1,0,0,1,candidate_only_not_proven_function,exact_bytes_only_not_relocation_normalized_or_complete_image_acceptance
f43e5de4acc808ede2841745b4e4263c734351eff3f415dbadfa336d11c85db0,7148,8,8,0,0,8,candidate_only_not_proven_function,exact_bytes_only_not_relocation_normalized_or_complete_image_acceptance
f4600221222b61723d587c425d7b5bf51dde7b45ab2d62f051f1d0455d92beef,2696,2,2,0,0,2,candidate_only_not_proven_function,exact_bytes_only_not_relocation_normalized_or_complete_image_acceptance
f48c68d7cb0bc59537844f805062b89898553e5dfc5f930288aa570934716d05,4160,13,13,0,0,13,candidate_only_not_proven_function,exact_bytes_only_not_relocation_normalized_or_complete_image_acceptance
f4a0ba1aae16c6de26ca8ae8fa0f1953fa2488618b835e540dda850247823153,1588,2,2,2,0,0,has_matching_c_byte_identity,exact_bytes_only_not_relocation_normalized_or_complete_image_acceptance
f4a9ae6d6b528231dcfb06c87b6534c166b67c5142f0d9c249459259ca495cbd,1444,1,1,0,0,1,candidate_only_not_proven_function,exact_bytes_only_not_relocation_normalized_or_complete_image_acceptance
f54d038dccb88b6dea5214a753d1dc0689153c03ea592e1ea85d84bc273c0ec5,13912,1,1,0,0,1,candidate_only_not_proven_function,exact_bytes_only_not_relocation_normalized_or_complete_image_acceptance
f54e37761acd082d200695d01bd469349132eae27a16309d89166e93541d1e33,5524,4,4,0,0,4,candidate_only_not_proven_function,exact_bytes_only_not_relocation_normalized_or_complete_image_acceptance
f55df5d308b04427f6cbee810dc80597bee45e22914c29e5c2e3e4819917690f,4232,3,3,0,0,3,candidate_only_not_proven_function,exact_bytes_only_not_relocation_normalized_or_complete_image_acceptance
f58b6bb5837745efe9293d244b5492c212c4084565aa2c671309eb505ad4a4b4,4468,2,2,0,2,0,registered_without_matching_c,exact_bytes_only_not_relocation_normalized_or_complete_image_acceptance
f5fd2ec8223c2f0b7da5c38612ee3b4a5a1c19401901f61ed82df7c7992f414a,896,11,13,11,0,0,has_matching_c_byte_identity,exact_bytes_only_not_relocation_normalized_or_complete_image_acceptance
f5fe37d7844590e53c830c3e426f06757cc59aedaeb6a056d6071f716b190786,2968,1,1,0,0,1,candidate_only_not_proven_function,exact_bytes_only_not_relocation_normalized_or_complete_image_acceptance
f60547d74972c470c14cf2031d7002b63fc0dd9dd4b4380dc4d6cc7e9d954282,1908,1,1,0,0,1,candidate_only_not_proven_function,exact_bytes_only_not_relocation_normalized_or_complete_image_acceptance
f61a77c4c7e37bce11da6660626e2a82feb6451493ac0b1f349b7ad1e4470e0e,3972,1,1,0,0,1,candidate_only_not_proven_function,exact_bytes_only_not_relocation_normalized_or_complete_image_acceptance
f62d92882ff57ad3675d95bd24c84afb61b95a99260f94016a5ace9d38302141,5660,5,5,0,0,5,candidate_only_not_proven_function,exact_bytes_only_not_relocation_normalized_or_complete_image_acceptance
f63ba8ccae15ec58d704ef9e643a64867e9e2817ca0adfaa2322fd0c62a3d518,968,2,2,2,0,0,has_matching_c_byte_identity,exact_bytes_only_not_relocation_normalized_or_complete_image_acceptance
f649b7ccfb2be7751163438409b6bd8530b518cb40799d77715d69cdfc968f51,1168,3,3,0,0,3,candidate_only_not_proven_function,exact_bytes_only_not_relocation_normalized_or_complete_image_acceptance
f6646d328192e9e7344f6b1e994673298467235d64d5f52ac91e07f651646d38,13612,9,9,0,0,9,candidate_only_not_proven_function,exact_bytes_only_not_relocation_normalized_or_complete_image_acceptance
f667553bf42f0cc38c693f414822db064cb534af3070682b6e99a021a88db818,4980,1,1,0,0,1,candidate_only_not_proven_function,exact_bytes_only_not_relocation_normalized_or_complete_image_acceptance
f67f98360e1cc37ee4397f2d43777d59b83d39802e17fab54d104d25cea0c73b,1532,5,6,0,0,5,candidate_only_not_proven_function,exact_bytes_only_not_relocation_normalized_or_complete_image_acceptance
f6f407b85df8b824fcc2d0ca061c669b97db0fbf09605869d346640228966447,6368,1,1,0,0,1,candidate_only_not_proven_function,exact_bytes_only_not_relocation_normalized_or_complete_image_acceptance
f71caffae025a6d144e796c36b94d47d1ffc732d706e7074d090f936f87da0d3,1064,4,4,0,0,4,candidate_only_not_proven_function,exact_bytes_only_not_relocation_normalized_or_complete_image_acceptance
f734879d29c1ba8d89b502d5e584f74bbe403f5eacc31fc9abc7f60e659e274d,1204,4,4,0,0,4,candidate_only_not_proven_function,exact_bytes_only_not_relocation_normalized_or_complete_image_acceptance
f76a045bbd54ba45694306620e7936e414550b9c5cdb108eb19712df9aecca0f,3200,6,6,0,0,6,candidate_only_not_proven_function,exact_bytes_only_not_relocation_normalized_or_complete_image_acceptance
f7c84a35181e9ece28ad6bf9730f7ceb1dba5adc09d8848c6afee35726014c80,6600,1,1,0,0,1,candidate_only_not_proven_function,exact_bytes_only_not_relocation_normalized_or_complete_image_acceptance
f7e79a3ae9db0d1322c48067ef29fea95cf60c414ed91f47896529d442ec1c2d,8036,1,1,0,0,1,candidate_only_not_proven_function,exact_bytes_only_not_relocation_normalized_or_complete_image_acceptance
f84a4e74281fd03aaa7bfee026cfd0806b726e526f26e612435f7e4e1357fc81,13920,2,2,0,0,2,candidate_only_not_proven_function,exact_bytes_only_not_relocation_normalized_or_complete_image_acceptance
f86de359672c735e2e06453f1bbfb9a1ee64d28391b184e6f42df1ff283783b9,1588,6,6,0,0,6,candidate_only_not_proven_function,exact_bytes_only_not_relocation_normalized_or_complete_image_acceptance
f89b936d8d6c19ea74fba19aedb8d0f5be718921d732dcbafff88cc103dd8101,7608,4,4,0,0,4,candidate_only_not_proven_function,exact_bytes_only_not_relocation_normalized_or_complete_image_acceptance
f8aef73ef0a36caca49bc31eb8a8972455e96b827bf63d8ddca3c3dcde98bea0,9488,1,1,0,0,1,candidate_only_not_proven_function,exact_bytes_only_not_relocation_normalized_or_complete_image_acceptance
f8da47d8d69162ebc68d07ed96e4e178a1ec6f3d4d21b2db0c555a72528eca4a,4824,14,15,14,0,0,has_matching_c_byte_identity,exact_bytes_only_not_relocation_normalized_or_complete_image_acceptance
f8ff539663d8b299096f703791ac28eb941cb4e99d00f41135dd4a1ff8473430,7184,1,1,0,0,1,candidate_only_not_proven_function,exact_bytes_only_not_relocation_normalized_or_complete_image_acceptance
f91086f28e0549be6168ffdd924e91a08eb5e751b646db2700aa1f4ef2666d52,1388,2,2,2,0,0,has_matching_c_byte_identity,exact_bytes_only_not_relocation_normalized_or_complete_image_acceptance
f951d7a1afc8cbc050764b40cbb47955dd574bdd8a474de6780d7f3dce60ed5d,8852,4,4,0,0,4,candidate_only_not_proven_function,exact_bytes_only_not_relocation_normalized_or_complete_image_acceptance
f9849132708553d4ead131d36283ed7d0fd5df3f061d1a3ce3cac0c43d28f245,1912,7,7,7,0,0,has_matching_c_byte_identity,exact_bytes_only_not_relocation_normalized_or_complete_image_acceptance
f9e9d00dd7a177f80c1574b7774abe6f5d1769bca0002ac745c7549095e0e4dd,1804,12,13,12,0,0,has_matching_c_byte_identity,exact_bytes_only_not_relocation_normalized_or_complete_image_acceptance
fa116de0f84a46d963e7f688e5ec05571dd436f2812cef0b19e8b1679979e925,5024,14,15,0,0,14,candidate_only_not_proven_function,exact_bytes_only_not_relocation_normalized_or_complete_image_acceptance
faf7a97e1965e08b7787345d0b275b964ebab163173c4bf9fa67050494cdcfb5,4688,2,2,0,2,0,registered_without_matching_c,exact_bytes_only_not_relocation_normalized_or_complete_image_acceptance
fb08be38f5bc16b929d6988b6d316792d4faf2340d876b3903f3f9a9075b93c1,1172,2,2,0,0,2,candidate_only_not_proven_function,exact_bytes_only_not_relocation_normalized_or_complete_image_acceptance
fbbcde209fc3d3f45dc1f8ce6977af94640617cf7aeaba90893c6d266fdd2664,2320,1,1,0,0,1,candidate_only_not_proven_function,exact_bytes_only_not_relocation_normalized_or_complete_image_acceptance
fbe3daa3235f3e62a0854cf31437e261ea26b3ad027dd19ba6cc880f89548bd9,4392,2,2,2,0,0,has_matching_c_byte_identity,exact_bytes_only_not_relocation_normalized_or_complete_image_acceptance
fbedd702f87ccecaa78a43fafbee7165afc0cf841c863c6fdce439ba158ed437,2496,4,4,0,0,4,candidate_only_not_proven_function,exact_bytes_only_not_relocation_normalized_or_complete_image_acceptance
fbfeb4c2a50b9b3d8f3610eb30fd66f6aa981c926acc937388140e131d959951,19768,1,1,0,0,1,candidate_only_not_proven_function,exact_bytes_only_not_relocation_normalized_or_complete_image_acceptance
fc571fa5ac3a877ec396ce80cf1e6c24b5a3ff72248904487773f53b877739cb,5820,1,1,0,0,1,candidate_only_not_proven_function,exact_bytes_only_not_relocation_normalized_or_complete_image_acceptance
fcd93ceda5258dda04ce102647537eca00225d93606606938b1734091a458f94,1328,2,2,0,0,2,candidate_only_not_proven_function,exact_bytes_only_not_relocation_normalized_or_complete_image_acceptance
fd007fbd9f8a89fa46a357e08a27b1b31f44392b8b3248941617399cadc94f2c,15056,1,1,0,0,1,candidate_only_not_proven_function,exact_bytes_only_not_relocation_normalized_or_complete_image_acceptance
fd39527aae61fb80ad09aeeb0506d23a186aa1abeabea990142f456db77fbe73,3052,1,1,0,0,1,candidate_only_not_proven_function,exact_bytes_only_not_relocation_normalized_or_complete_image_acceptance
fd5fee20559bdacc1aa85da4d8dc0dfe50db310f023220ff445c83ea2ba32793,1272,1,1,0,0,1,candidate_only_not_proven_function,exact_bytes_only_not_relocation_normalized_or_complete_image_acceptance
fd7a34d5cab410f6845af396ef6ab8287ebe9871edc852dd69b542cc2e100eb7,1984,13,13,12,0,1,has_matching_c_byte_identity,exact_bytes_only_not_relocation_normalized_or_complete_image_acceptance
fdc7b9c14a1586e153920ee04fc76db7cbd373002f3978d3a7f04d4662015fbe,7060,3,3,0,0,3,candidate_only_not_proven_function,exact_bytes_only_not_relocation_normalized_or_complete_image_acceptance
fdf26cbba9d22ed71b87a9d27690557227f1c348ef1d6768d6def195f34f4b28,4020,1,1,0,0,1,candidate_only_not_proven_function,exact_bytes_only_not_relocation_normalized_or_complete_image_acceptance
fdfd619a50145400c60b5912297dfd3f3335d8e6da97feb77d6de9bcf03a2bc2,5292,6,6,0,0,6,candidate_only_not_proven_function,exact_bytes_only_not_relocation_normalized_or_complete_image_acceptance
fe03586b39ef757045e854a1cd4a8de3e998c7a7dc44e6fed411cadf26bf8ce5,1124,1,1,1,0,0,has_matching_c_byte_identity,exact_bytes_only_not_relocation_normalized_or_complete_image_acceptance
ff02fc4c521d4b3c808b48b870df0bbd68a9265fbae84ceeae7c0defdb6081f6,1348,1,1,0,0,1,candidate_only_not_proven_function,exact_bytes_only_not_relocation_normalized_or_complete_image_acceptance
ff1c69014a45520f3909bb399306d982087f037699e2d7cc8231dcbb8f00a0e6,2216,3,3,3,0,0,has_matching_c_byte_identity,exact_bytes_only_not_relocation_normalized_or_complete_image_acceptance
ff1fd8ca113aa99d4d4811fd410e76605cb7d645b59c48c4278675398bcb0d6c,3728,2,2,2,0,0,has_matching_c_byte_identity,exact_bytes_only_not_relocation_normalized_or_complete_image_acceptance
ff3febed49a4acb54112ef10ec6f27a2440bb9bd1de22d93bc9ee37668bb5fb1,3812,1,1,0,0,1,candidate_only_not_proven_function,exact_bytes_only_not_relocation_normalized_or_complete_image_acceptance
ff64de8775f8f438b9bed075e9d5a492fd5696e68c043d981ae2754f9fb10a5b,1300,1,1,0,0,1,candidate_only_not_proven_function,exact_bytes_only_not_relocation_normalized_or_complete_image_acceptance
ffb19890a8654d6495866db7df4727ecf5c42cdfae99946fafe00e6d1f6a86cf,2296,11,11,11,0,0,has_matching_c_byte_identity,exact_bytes_only_not_relocation_normalized_or_complete_image_acceptance
ffc3f6123d8cc1db62ce6fe3f4cfdfd1cbaf29a2de6a11cafef720ea75c17d5d,1984,2,2,2,0,0,has_matching_c_byte_identity,exact_bytes_only_not_relocation_normalized_or_complete_image_acceptance
ffc54d13160545c3674775ca4320ba1e3db1c62c18eddc69d5325ed0baf9fa73,904,1,1,1,0,0,has_matching_c_byte_identity,exact_bytes_only_not_relocation_normalized_or_complete_image_acceptance
