duelist_id,duelist,pool,card_id,card,weight,chance_percent
0,(unused; copy of Simon Muran),S/A POW,2,Mystical Elf,27,1.3184
0,(unused; copy of Simon Muran),S/A POW,9,Shadow Specter,90,4.3945
0,(unused; copy of Simon Muran),S/A POW,10,Blackland Fire Dragon,30,1.4648
0,(unused; copy of Simon Muran),S/A POW,16,Time Wizard,60,2.9297
0,(unused; copy of Simon Muran),S/A POW,19,Right Arm of the Forbidden One,6,0.293
0,(unused; copy of Simon Muran),S/A POW,24,Skull Servant,27,1.3184
0,(unused; copy of Simon Muran),S/A POW,25,Horn Imp,27,1.3184
0,(unused; copy of Simon Muran),S/A POW,30,Zombie Warrior,27,1.3184
0,(unused; copy of Simon Muran),S/A POW,41,Celtic Guardian,27,1.3184
0,(unused; copy of Simon Muran),S/A POW,46,Griffore,27,1.3184
0,(unused; copy of Simon Muran),S/A POW,47,Torike,27,1.3184
0,(unused; copy of Simon Muran),S/A POW,48,Sangan,27,1.3184
0,(unused; copy of Simon Muran),S/A POW,58,Kuriboh,30,1.4648
0,(unused; copy of Simon Muran),S/A POW,59,Mammoth Graveyard,27,1.3184
0,(unused; copy of Simon Muran),S/A POW,65,Silver Fang,27,1.3184
0,(unused; copy of Simon Muran),S/A POW,105,Tomozaurus,52,2.5391
0,(unused; copy of Simon Muran),S/A POW,123,Dark Plant,52,2.5391
0,(unused; copy of Simon Muran),S/A POW,130,Weather Control,52,2.5391
0,(unused; copy of Simon Muran),S/A POW,137,Mystery Hand,52,2.5391
0,(unused; copy of Simon Muran),S/A POW,167,Ancient Jar,52,2.5391
0,(unused; copy of Simon Muran),S/A POW,192,Key Mace,52,2.5391
0,(unused; copy of Simon Muran),S/A POW,197,Mech Mole Zombie,52,2.5391
0,(unused; copy of Simon Muran),S/A POW,202,Air Marmot of Nefariousness,52,2.5391
0,(unused; copy of Simon Muran),S/A POW,237,Haniwa,52,2.5391
0,(unused; copy of Simon Muran),S/A POW,238,Yashinoki,12,0.5859
0,(unused; copy of Simon Muran),S/A POW,289,Change Slime,52,2.5391
0,(unused; copy of Simon Muran),S/A POW,333,Sogen,40,1.9531
0,(unused; copy of Simon Muran),S/A POW,381,Toon Alligator,2,0.0977
0,(unused; copy of Simon Muran),S/A POW,387,Mystic Lamp,52,2.5391
0,(unused; copy of Simon Muran),S/A POW,397,Leghul,52,2.5391
0,(unused; copy of Simon Muran),S/A POW,402,Monster Eye,52,2.5391
0,(unused; copy of Simon Muran),S/A POW,410,Mechanical Spider,52,2.5391
0,(unused; copy of Simon Muran),S/A POW,411,Bat,52,2.5391
0,(unused; copy of Simon Muran),S/A POW,422,Jinzo #7,52,2.5391
0,(unused; copy of Simon Muran),S/A POW,436,White Dolphin,52,2.5391
0,(unused; copy of Simon Muran),S/A POW,444,Turu-Purun,52,2.5391
0,(unused; copy of Simon Muran),S/A POW,469,Armed Ninja,52,2.5391
0,(unused; copy of Simon Muran),S/A POW,484,Ameba,52,2.5391
0,(unused; copy of Simon Muran),S/A POW,485,Korogashi,52,2.5391
0,(unused; copy of Simon Muran),S/A POW,488,Rainbow Flower,52,2.5391
0,(unused; copy of Simon Muran),S/A POW,504,Fungi of the Musk,52,2.5391
0,(unused; copy of Simon Muran),S/A POW,516,Muka Muka,52,2.5391
0,(unused; copy of Simon Muran),S/A POW,547,Griggle,52,2.5391
0,(unused; copy of Simon Muran),S/A POW,548,Bone Mouse,52,2.5391
0,(unused; copy of Simon Muran),S/A POW,558,Pot the Trick,52,2.5391
0,(unused; copy of Simon Muran),S/A POW,563,Wretched Ghost of the Attic,52,2.5391
0,(unused; copy of Simon Muran),S/A POW,635,Queen's Double,52,2.5391
0,(unused; copy of Simon Muran),B/C/D,9,Shadow Specter,98,4.7852
0,(unused; copy of Simon Muran),B/C/D,16,Time Wizard,57,2.7832
0,(unused; copy of Simon Muran),B/C/D,19,Right Arm of the Forbidden One,6,0.293
0,(unused; copy of Simon Muran),B/C/D,24,Skull Servant,29,1.416
0,(unused; copy of Simon Muran),B/C/D,47,Torike,29,1.416
0,(unused; copy of Simon Muran),B/C/D,48,Sangan,29,1.416
0,(unused; copy of Simon Muran),B/C/D,58,Kuriboh,30,1.4648
0,(unused; copy of Simon Muran),B/C/D,102,Mask of Darkness,14,0.6836
0,(unused; copy of Simon Muran),B/C/D,105,Tomozaurus,57,2.7832
0,(unused; copy of Simon Muran),B/C/D,123,Dark Plant,57,2.7832
0,(unused; copy of Simon Muran),B/C/D,130,Weather Control,57,2.7832
0,(unused; copy of Simon Muran),B/C/D,137,Mystery Hand,57,2.7832
0,(unused; copy of Simon Muran),B/C/D,167,Ancient Jar,56,2.7344
0,(unused; copy of Simon Muran),B/C/D,192,Key Mace,56,2.7344
0,(unused; copy of Simon Muran),B/C/D,197,Mech Mole Zombie,56,2.7344
0,(unused; copy of Simon Muran),B/C/D,202,Air Marmot of Nefariousness,56,2.7344
0,(unused; copy of Simon Muran),B/C/D,237,Haniwa,56,2.7344
0,(unused; copy of Simon Muran),B/C/D,238,Yashinoki,14,0.6836
0,(unused; copy of Simon Muran),B/C/D,289,Change Slime,56,2.7344
0,(unused; copy of Simon Muran),B/C/D,301,Legendary Sword,20,0.9766
0,(unused; copy of Simon Muran),B/C/D,333,Sogen,40,1.9531
0,(unused; copy of Simon Muran),B/C/D,387,Mystic Lamp,56,2.7344
0,(unused; copy of Simon Muran),B/C/D,397,Leghul,56,2.7344
0,(unused; copy of Simon Muran),B/C/D,402,Monster Eye,56,2.7344
0,(unused; copy of Simon Muran),B/C/D,410,Mechanical Spider,56,2.7344
0,(unused; copy of Simon Muran),B/C/D,411,Bat,56,2.7344
0,(unused; copy of Simon Muran),B/C/D,422,Jinzo #7,56,2.7344
0,(unused; copy of Simon Muran),B/C/D,436,White Dolphin,56,2.7344
0,(unused; copy of Simon Muran),B/C/D,444,Turu-Purun,56,2.7344
0,(unused; copy of Simon Muran),B/C/D,469,Armed Ninja,56,2.7344
0,(unused; copy of Simon Muran),B/C/D,484,Ameba,56,2.7344
0,(unused; copy of Simon Muran),B/C/D,485,Korogashi,56,2.7344
0,(unused; copy of Simon Muran),B/C/D,488,Rainbow Flower,56,2.7344
0,(unused; copy of Simon Muran),B/C/D,504,Fungi of the Musk,56,2.7344
0,(unused; copy of Simon Muran),B/C/D,516,Muka Muka,56,2.7344
0,(unused; copy of Simon Muran),B/C/D,547,Griggle,56,2.7344
0,(unused; copy of Simon Muran),B/C/D,548,Bone Mouse,56,2.7344
0,(unused; copy of Simon Muran),B/C/D,558,Pot the Trick,56,2.7344
0,(unused; copy of Simon Muran),B/C/D,563,Wretched Ghost of the Attic,56,2.7344
0,(unused; copy of Simon Muran),B/C/D,635,Queen's Double,56,2.7344
0,(unused; copy of Simon Muran),B/C/D,677,Hamburger Recipe,18,0.8789
0,(unused; copy of Simon Muran),B/C/D,681,House of Adhesive Tape,18,0.8789
0,(unused; copy of Simon Muran),B/C/D,690,Fake Trap,18,0.8789
0,(unused; copy of Simon Muran),S/A TEC,9,Shadow Specter,92,4.4922
0,(unused; copy of Simon Muran),S/A TEC,16,Time Wizard,54,2.6367
0,(unused; copy of Simon Muran),S/A TEC,19,Right Arm of the Forbidden One,6,0.293
0,(unused; copy of Simon Muran),S/A TEC,24,Skull Servant,27,1.3184
0,(unused; copy of Simon Muran),S/A TEC,47,Torike,27,1.3184
0,(unused; copy of Simon Muran),S/A TEC,48,Sangan,27,1.3184
0,(unused; copy of Simon Muran),S/A TEC,58,Kuriboh,27,1.3184
0,(unused; copy of Simon Muran),S/A TEC,102,Mask of Darkness,12,0.5859
0,(unused; copy of Simon Muran),S/A TEC,105,Tomozaurus,53,2.5879
0,(unused; copy of Simon Muran),S/A TEC,123,Dark Plant,53,2.5879
0,(unused; copy of Simon Muran),S/A TEC,130,Weather Control,53,2.5879
0,(unused; copy of Simon Muran),S/A TEC,137,Mystery Hand,53,2.5879
0,(unused; copy of Simon Muran),S/A TEC,167,Ancient Jar,52,2.5391
0,(unused; copy of Simon Muran),S/A TEC,192,Key Mace,52,2.5391
0,(unused; copy of Simon Muran),S/A TEC,197,Mech Mole Zombie,52,2.5391
0,(unused; copy of Simon Muran),S/A TEC,202,Air Marmot of Nefariousness,52,2.5391
0,(unused; copy of Simon Muran),S/A TEC,237,Haniwa,52,2.5391
0,(unused; copy of Simon Muran),S/A TEC,238,Yashinoki,12,0.5859
0,(unused; copy of Simon Muran),S/A TEC,289,Change Slime,52,2.5391
0,(unused; copy of Simon Muran),S/A TEC,301,Legendary Sword,20,0.9766
0,(unused; copy of Simon Muran),S/A TEC,313,Horn of Light,20,0.9766
0,(unused; copy of Simon Muran),S/A TEC,314,Horn of the Unicorn,20,0.9766
0,(unused; copy of Simon Muran),S/A TEC,333,Sogen,36,1.7578
0,(unused; copy of Simon Muran),S/A TEC,336,Dark Hole,20,0.9766
0,(unused; copy of Simon Muran),S/A TEC,349,Spellbinding Circle,36,1.7578
0,(unused; copy of Simon Muran),S/A TEC,387,Mystic Lamp,52,2.5391
0,(unused; copy of Simon Muran),S/A TEC,397,Leghul,52,2.5391
0,(unused; copy of Simon Muran),S/A TEC,402,Monster Eye,52,2.5391
0,(unused; copy of Simon Muran),S/A TEC,410,Mechanical Spider,52,2.5391
0,(unused; copy of Simon Muran),S/A TEC,411,Bat,52,2.5391
0,(unused; copy of Simon Muran),S/A TEC,422,Jinzo #7,52,2.5391
0,(unused; copy of Simon Muran),S/A TEC,436,White Dolphin,52,2.5391
0,(unused; copy of Simon Muran),S/A TEC,444,Turu-Purun,52,2.5391
0,(unused; copy of Simon Muran),S/A TEC,469,Armed Ninja,52,2.5391
0,(unused; copy of Simon Muran),S/A TEC,484,Ameba,52,2.5391
0,(unused; copy of Simon Muran),S/A TEC,485,Korogashi,52,2.5391
0,(unused; copy of Simon Muran),S/A TEC,488,Rainbow Flower,52,2.5391
0,(unused; copy of Simon Muran),S/A TEC,504,Fungi of the Musk,52,2.5391
0,(unused; copy of Simon Muran),S/A TEC,516,Muka Muka,52,2.5391
0,(unused; copy of Simon Muran),S/A TEC,547,Griggle,52,2.5391
0,(unused; copy of Simon Muran),S/A TEC,548,Bone Mouse,52,2.5391
0,(unused; copy of Simon Muran),S/A TEC,558,Pot the Trick,52,2.5391
0,(unused; copy of Simon Muran),S/A TEC,563,Wretched Ghost of the Attic,52,2.5391
0,(unused; copy of Simon Muran),S/A TEC,635,Queen's Double,52,2.5391
0,(unused; copy of Simon Muran),S/A TEC,676,Commencement Dance,20,0.9766
0,(unused; copy of Simon Muran),S/A TEC,677,Hamburger Recipe,20,0.9766
0,(unused; copy of Simon Muran),S/A TEC,681,House of Adhesive Tape,20,0.9766
0,(unused; copy of Simon Muran),S/A TEC,682,Eatgaboon,20,0.9766
0,(unused; copy of Simon Muran),S/A TEC,690,Fake Trap,20,0.9766
0,(unused; copy of Simon Muran),deck,9,Shadow Specter,72,3.5156
0,(unused; copy of Simon Muran),deck,17,Right Leg of the Forbidden One,1,0.0488
0,(unused; copy of Simon Muran),deck,18,Left Leg of the Forbidden One,1,0.0488
0,(unused; copy of Simon Muran),deck,19,Right Arm of the Forbidden One,1,0.0488
0,(unused; copy of Simon Muran),deck,20,Left Arm of the Forbidden One,1,0.0488
0,(unused; copy of Simon Muran),deck,21,Exodia the Forbidden,1,0.0488
0,(unused; copy of Simon Muran),deck,24,Skull Servant,72,3.5156
0,(unused; copy of Simon Muran),deck,58,Kuriboh,72,3.5156
0,(unused; copy of Simon Muran),deck,123,Dark Plant,72,3.5156
0,(unused; copy of Simon Muran),deck,167,Ancient Jar,80,3.9062
0,(unused; copy of Simon Muran),deck,192,Key Mace,72,3.5156
0,(unused; copy of Simon Muran),deck,289,Change Slime,72,3.5156
0,(unused; copy of Simon Muran),deck,338,Mooyan Curry,48,2.3438
0,(unused; copy of Simon Muran),deck,343,Sparks,100,4.8828
0,(unused; copy of Simon Muran),deck,387,Mystic Lamp,72,3.5156
0,(unused; copy of Simon Muran),deck,394,Steel Scorpion,80,3.9062
0,(unused; copy of Simon Muran),deck,395,Dancing Elf,72,3.5156
0,(unused; copy of Simon Muran),deck,397,Leghul,70,3.418
0,(unused; copy of Simon Muran),deck,398,Ooguchi,80,3.9062
0,(unused; copy of Simon Muran),deck,399,Swordsman from a Foreign Land,70,3.418
0,(unused; copy of Simon Muran),deck,402,Monster Eye,80,3.9062
0,(unused; copy of Simon Muran),deck,411,Bat,80,3.9062
0,(unused; copy of Simon Muran),deck,428,Magician of Faith,75,3.6621
0,(unused; copy of Simon Muran),deck,469,Armed Ninja,80,3.9062
0,(unused; copy of Simon Muran),deck,475,Sinister Serpent,80,3.9062
0,(unused; copy of Simon Muran),deck,484,Ameba,80,3.9062
0,(unused; copy of Simon Muran),deck,499,Kattapillar,80,3.9062
0,(unused; copy of Simon Muran),deck,504,Fungi of the Musk,72,3.5156
0,(unused; copy of Simon Muran),deck,527,Milus Radiant,80,3.9062
0,(unused; copy of Simon Muran),deck,547,Griggle,80,3.9062
0,(unused; copy of Simon Muran),deck,548,Bone Mouse,72,3.5156
0,(unused; copy of Simon Muran),deck,635,Queen's Double,80,3.9062
1,Simon Muran,S/A POW,2,Mystical Elf,27,1.3184
1,Simon Muran,S/A POW,9,Shadow Specter,90,4.3945
1,Simon Muran,S/A POW,10,Blackland Fire Dragon,30,1.4648
1,Simon Muran,S/A POW,16,Time Wizard,60,2.9297
1,Simon Muran,S/A POW,19,Right Arm of the Forbidden One,6,0.293
1,Simon Muran,S/A POW,24,Skull Servant,27,1.3184
1,Simon Muran,S/A POW,25,Horn Imp,27,1.3184
1,Simon Muran,S/A POW,30,Zombie Warrior,27,1.3184
1,Simon Muran,S/A POW,41,Celtic Guardian,27,1.3184
1,Simon Muran,S/A POW,46,Griffore,27,1.3184
1,Simon Muran,S/A POW,47,Torike,27,1.3184
1,Simon Muran,S/A POW,48,Sangan,27,1.3184
1,Simon Muran,S/A POW,58,Kuriboh,30,1.4648
1,Simon Muran,S/A POW,59,Mammoth Graveyard,27,1.3184
1,Simon Muran,S/A POW,65,Silver Fang,27,1.3184
1,Simon Muran,S/A POW,105,Tomozaurus,52,2.5391
1,Simon Muran,S/A POW,123,Dark Plant,52,2.5391
1,Simon Muran,S/A POW,130,Weather Control,52,2.5391
1,Simon Muran,S/A POW,137,Mystery Hand,52,2.5391
1,Simon Muran,S/A POW,167,Ancient Jar,52,2.5391
1,Simon Muran,S/A POW,192,Key Mace,52,2.5391
1,Simon Muran,S/A POW,197,Mech Mole Zombie,52,2.5391
1,Simon Muran,S/A POW,202,Air Marmot of Nefariousness,52,2.5391
1,Simon Muran,S/A POW,237,Haniwa,52,2.5391
1,Simon Muran,S/A POW,238,Yashinoki,12,0.5859
1,Simon Muran,S/A POW,289,Change Slime,52,2.5391
1,Simon Muran,S/A POW,333,Sogen,40,1.9531
1,Simon Muran,S/A POW,381,Toon Alligator,2,0.0977
1,Simon Muran,S/A POW,387,Mystic Lamp,52,2.5391
1,Simon Muran,S/A POW,397,Leghul,52,2.5391
1,Simon Muran,S/A POW,402,Monster Eye,52,2.5391
1,Simon Muran,S/A POW,410,Mechanical Spider,52,2.5391
1,Simon Muran,S/A POW,411,Bat,52,2.5391
1,Simon Muran,S/A POW,422,Jinzo #7,52,2.5391
1,Simon Muran,S/A POW,436,White Dolphin,52,2.5391
1,Simon Muran,S/A POW,444,Turu-Purun,52,2.5391
1,Simon Muran,S/A POW,469,Armed Ninja,52,2.5391
1,Simon Muran,S/A POW,484,Ameba,52,2.5391
1,Simon Muran,S/A POW,485,Korogashi,52,2.5391
1,Simon Muran,S/A POW,488,Rainbow Flower,52,2.5391
1,Simon Muran,S/A POW,504,Fungi of the Musk,52,2.5391
1,Simon Muran,S/A POW,516,Muka Muka,52,2.5391
1,Simon Muran,S/A POW,547,Griggle,52,2.5391
1,Simon Muran,S/A POW,548,Bone Mouse,52,2.5391
1,Simon Muran,S/A POW,558,Pot the Trick,52,2.5391
1,Simon Muran,S/A POW,563,Wretched Ghost of the Attic,52,2.5391
1,Simon Muran,S/A POW,635,Queen's Double,52,2.5391
1,Simon Muran,B/C/D,9,Shadow Specter,98,4.7852
1,Simon Muran,B/C/D,16,Time Wizard,57,2.7832
1,Simon Muran,B/C/D,19,Right Arm of the Forbidden One,6,0.293
1,Simon Muran,B/C/D,24,Skull Servant,29,1.416
1,Simon Muran,B/C/D,47,Torike,29,1.416
1,Simon Muran,B/C/D,48,Sangan,29,1.416
1,Simon Muran,B/C/D,58,Kuriboh,30,1.4648
1,Simon Muran,B/C/D,102,Mask of Darkness,14,0.6836
1,Simon Muran,B/C/D,105,Tomozaurus,57,2.7832
1,Simon Muran,B/C/D,123,Dark Plant,57,2.7832
1,Simon Muran,B/C/D,130,Weather Control,57,2.7832
1,Simon Muran,B/C/D,137,Mystery Hand,57,2.7832
1,Simon Muran,B/C/D,167,Ancient Jar,56,2.7344
1,Simon Muran,B/C/D,192,Key Mace,56,2.7344
1,Simon Muran,B/C/D,197,Mech Mole Zombie,56,2.7344
1,Simon Muran,B/C/D,202,Air Marmot of Nefariousness,56,2.7344
1,Simon Muran,B/C/D,237,Haniwa,56,2.7344
1,Simon Muran,B/C/D,238,Yashinoki,14,0.6836
1,Simon Muran,B/C/D,289,Change Slime,56,2.7344
1,Simon Muran,B/C/D,301,Legendary Sword,20,0.9766
1,Simon Muran,B/C/D,333,Sogen,40,1.9531
1,Simon Muran,B/C/D,387,Mystic Lamp,56,2.7344
1,Simon Muran,B/C/D,397,Leghul,56,2.7344
1,Simon Muran,B/C/D,402,Monster Eye,56,2.7344
1,Simon Muran,B/C/D,410,Mechanical Spider,56,2.7344
1,Simon Muran,B/C/D,411,Bat,56,2.7344
1,Simon Muran,B/C/D,422,Jinzo #7,56,2.7344
1,Simon Muran,B/C/D,436,White Dolphin,56,2.7344
1,Simon Muran,B/C/D,444,Turu-Purun,56,2.7344
1,Simon Muran,B/C/D,469,Armed Ninja,56,2.7344
1,Simon Muran,B/C/D,484,Ameba,56,2.7344
1,Simon Muran,B/C/D,485,Korogashi,56,2.7344
1,Simon Muran,B/C/D,488,Rainbow Flower,56,2.7344
1,Simon Muran,B/C/D,504,Fungi of the Musk,56,2.7344
1,Simon Muran,B/C/D,516,Muka Muka,56,2.7344
1,Simon Muran,B/C/D,547,Griggle,56,2.7344
1,Simon Muran,B/C/D,548,Bone Mouse,56,2.7344
1,Simon Muran,B/C/D,558,Pot the Trick,56,2.7344
1,Simon Muran,B/C/D,563,Wretched Ghost of the Attic,56,2.7344
1,Simon Muran,B/C/D,635,Queen's Double,56,2.7344
1,Simon Muran,B/C/D,677,Hamburger Recipe,18,0.8789
1,Simon Muran,B/C/D,681,House of Adhesive Tape,18,0.8789
1,Simon Muran,B/C/D,690,Fake Trap,18,0.8789
1,Simon Muran,S/A TEC,9,Shadow Specter,92,4.4922
1,Simon Muran,S/A TEC,16,Time Wizard,54,2.6367
1,Simon Muran,S/A TEC,19,Right Arm of the Forbidden One,6,0.293
1,Simon Muran,S/A TEC,24,Skull Servant,27,1.3184
1,Simon Muran,S/A TEC,47,Torike,27,1.3184
1,Simon Muran,S/A TEC,48,Sangan,27,1.3184
1,Simon Muran,S/A TEC,58,Kuriboh,27,1.3184
1,Simon Muran,S/A TEC,102,Mask of Darkness,12,0.5859
1,Simon Muran,S/A TEC,105,Tomozaurus,53,2.5879
1,Simon Muran,S/A TEC,123,Dark Plant,53,2.5879
1,Simon Muran,S/A TEC,130,Weather Control,53,2.5879
1,Simon Muran,S/A TEC,137,Mystery Hand,53,2.5879
1,Simon Muran,S/A TEC,167,Ancient Jar,52,2.5391
1,Simon Muran,S/A TEC,192,Key Mace,52,2.5391
1,Simon Muran,S/A TEC,197,Mech Mole Zombie,52,2.5391
1,Simon Muran,S/A TEC,202,Air Marmot of Nefariousness,52,2.5391
1,Simon Muran,S/A TEC,237,Haniwa,52,2.5391
1,Simon Muran,S/A TEC,238,Yashinoki,12,0.5859
1,Simon Muran,S/A TEC,289,Change Slime,52,2.5391
1,Simon Muran,S/A TEC,301,Legendary Sword,20,0.9766
1,Simon Muran,S/A TEC,313,Horn of Light,20,0.9766
1,Simon Muran,S/A TEC,314,Horn of the Unicorn,20,0.9766
1,Simon Muran,S/A TEC,333,Sogen,36,1.7578
1,Simon Muran,S/A TEC,336,Dark Hole,20,0.9766
1,Simon Muran,S/A TEC,349,Spellbinding Circle,36,1.7578
1,Simon Muran,S/A TEC,387,Mystic Lamp,52,2.5391
1,Simon Muran,S/A TEC,397,Leghul,52,2.5391
1,Simon Muran,S/A TEC,402,Monster Eye,52,2.5391
1,Simon Muran,S/A TEC,410,Mechanical Spider,52,2.5391
1,Simon Muran,S/A TEC,411,Bat,52,2.5391
1,Simon Muran,S/A TEC,422,Jinzo #7,52,2.5391
1,Simon Muran,S/A TEC,436,White Dolphin,52,2.5391
1,Simon Muran,S/A TEC,444,Turu-Purun,52,2.5391
1,Simon Muran,S/A TEC,469,Armed Ninja,52,2.5391
1,Simon Muran,S/A TEC,484,Ameba,52,2.5391
1,Simon Muran,S/A TEC,485,Korogashi,52,2.5391
1,Simon Muran,S/A TEC,488,Rainbow Flower,52,2.5391
1,Simon Muran,S/A TEC,504,Fungi of the Musk,52,2.5391
1,Simon Muran,S/A TEC,516,Muka Muka,52,2.5391
1,Simon Muran,S/A TEC,547,Griggle,52,2.5391
1,Simon Muran,S/A TEC,548,Bone Mouse,52,2.5391
1,Simon Muran,S/A TEC,558,Pot the Trick,52,2.5391
1,Simon Muran,S/A TEC,563,Wretched Ghost of the Attic,52,2.5391
1,Simon Muran,S/A TEC,635,Queen's Double,52,2.5391
1,Simon Muran,S/A TEC,676,Commencement Dance,20,0.9766
1,Simon Muran,S/A TEC,677,Hamburger Recipe,20,0.9766
1,Simon Muran,S/A TEC,681,House of Adhesive Tape,20,0.9766
1,Simon Muran,S/A TEC,682,Eatgaboon,20,0.9766
1,Simon Muran,S/A TEC,690,Fake Trap,20,0.9766
1,Simon Muran,deck,9,Shadow Specter,72,3.5156
1,Simon Muran,deck,17,Right Leg of the Forbidden One,1,0.0488
1,Simon Muran,deck,18,Left Leg of the Forbidden One,1,0.0488
1,Simon Muran,deck,19,Right Arm of the Forbidden One,1,0.0488
1,Simon Muran,deck,20,Left Arm of the Forbidden One,1,0.0488
1,Simon Muran,deck,21,Exodia the Forbidden,1,0.0488
1,Simon Muran,deck,24,Skull Servant,72,3.5156
1,Simon Muran,deck,58,Kuriboh,72,3.5156
1,Simon Muran,deck,123,Dark Plant,72,3.5156
1,Simon Muran,deck,167,Ancient Jar,80,3.9062
1,Simon Muran,deck,192,Key Mace,72,3.5156
1,Simon Muran,deck,289,Change Slime,72,3.5156
1,Simon Muran,deck,338,Mooyan Curry,48,2.3438
1,Simon Muran,deck,343,Sparks,100,4.8828
1,Simon Muran,deck,387,Mystic Lamp,72,3.5156
1,Simon Muran,deck,394,Steel Scorpion,80,3.9062
1,Simon Muran,deck,395,Dancing Elf,72,3.5156
1,Simon Muran,deck,397,Leghul,70,3.418
1,Simon Muran,deck,398,Ooguchi,80,3.9062
1,Simon Muran,deck,399,Swordsman from a Foreign Land,70,3.418
1,Simon Muran,deck,402,Monster Eye,80,3.9062
1,Simon Muran,deck,411,Bat,80,3.9062
1,Simon Muran,deck,428,Magician of Faith,75,3.6621
1,Simon Muran,deck,469,Armed Ninja,80,3.9062
1,Simon Muran,deck,475,Sinister Serpent,80,3.9062
1,Simon Muran,deck,484,Ameba,80,3.9062
1,Simon Muran,deck,499,Kattapillar,80,3.9062
1,Simon Muran,deck,504,Fungi of the Musk,72,3.5156
1,Simon Muran,deck,527,Milus Radiant,80,3.9062
1,Simon Muran,deck,547,Griggle,80,3.9062
1,Simon Muran,deck,548,Bone Mouse,72,3.5156
1,Simon Muran,deck,635,Queen's Double,80,3.9062
2,Teana,S/A POW,19,Right Arm of the Forbidden One,6,0.293
2,Teana,S/A POW,24,Skull Servant,180,8.7891
2,Teana,S/A POW,58,Kuriboh,180,8.7891
2,Teana,S/A POW,102,Mask of Darkness,12,0.5859
2,Teana,S/A POW,167,Ancient Jar,180,8.7891
2,Teana,S/A POW,302,Sword of Dark Destruction,16,0.7812
2,Teana,S/A POW,330,Forest,30,1.4648
2,Teana,S/A POW,393,Zone Eater,176,8.5938
2,Teana,S/A POW,395,Dancing Elf,176,8.5938
2,Teana,S/A POW,398,Ooguchi,176,8.5938
2,Teana,S/A POW,399,Swordsman from a Foreign Land,176,8.5938
2,Teana,S/A POW,402,Monster Eye,176,8.5938
2,Teana,S/A POW,469,Armed Ninja,176,8.5938
2,Teana,S/A POW,475,Sinister Serpent,176,8.5938
2,Teana,S/A POW,527,Milus Radiant,176,8.5938
2,Teana,S/A POW,543,Tongyo,12,0.5859
2,Teana,S/A POW,566,Yormungarde,12,0.5859
2,Teana,S/A POW,570,Trakadon,6,0.293
2,Teana,S/A POW,580,Patrol Robo,6,0.293
2,Teana,B/C/D,19,Right Arm of the Forbidden One,6,0.293
2,Teana,B/C/D,24,Skull Servant,180,8.7891
2,Teana,B/C/D,58,Kuriboh,180,8.7891
2,Teana,B/C/D,167,Ancient Jar,180,8.7891
2,Teana,B/C/D,302,Sword of Dark Destruction,16,0.7812
2,Teana,B/C/D,330,Forest,30,1.4648
2,Teana,B/C/D,393,Zone Eater,180,8.7891
2,Teana,B/C/D,395,Dancing Elf,178,8.6914
2,Teana,B/C/D,398,Ooguchi,178,8.6914
2,Teana,B/C/D,399,Swordsman from a Foreign Land,178,8.6914
2,Teana,B/C/D,402,Monster Eye,178,8.6914
2,Teana,B/C/D,469,Armed Ninja,178,8.6914
2,Teana,B/C/D,475,Sinister Serpent,178,8.6914
2,Teana,B/C/D,527,Milus Radiant,178,8.6914
2,Teana,B/C/D,681,House of Adhesive Tape,14,0.6836
2,Teana,B/C/D,690,Fake Trap,15,0.7324
2,Teana,B/C/D,699,Revival of Skeleton Rider,1,0.0488
2,Teana,S/A TEC,19,Right Arm of the Forbidden One,6,0.293
2,Teana,S/A TEC,24,Skull Servant,170,8.3008
2,Teana,S/A TEC,58,Kuriboh,170,8.3008
2,Teana,S/A TEC,167,Ancient Jar,168,8.2031
2,Teana,S/A TEC,302,Sword of Dark Destruction,16,0.7812
2,Teana,S/A TEC,312,Silver Bow and Arrow,15,0.7324
2,Teana,S/A TEC,313,Horn of Light,15,0.7324
2,Teana,S/A TEC,330,Forest,30,1.4648
2,Teana,S/A TEC,336,Dark Hole,15,0.7324
2,Teana,S/A TEC,345,Final Flame,15,0.7324
2,Teana,S/A TEC,350,Dark-piercing Light,30,1.4648
2,Teana,S/A TEC,393,Zone Eater,170,8.3008
2,Teana,S/A TEC,395,Dancing Elf,170,8.3008
2,Teana,S/A TEC,398,Ooguchi,170,8.3008
2,Teana,S/A TEC,399,Swordsman from a Foreign Land,170,8.3008
2,Teana,S/A TEC,402,Monster Eye,168,8.2031
2,Teana,S/A TEC,469,Armed Ninja,168,8.2031
2,Teana,S/A TEC,475,Sinister Serpent,168,8.2031
2,Teana,S/A TEC,527,Milus Radiant,168,8.2031
2,Teana,S/A TEC,681,House of Adhesive Tape,15,0.7324
2,Teana,S/A TEC,682,Eatgaboon,15,0.7324
2,Teana,S/A TEC,690,Fake Trap,15,0.7324
2,Teana,S/A TEC,699,Revival of Skeleton Rider,1,0.0488
2,Teana,deck,9,Shadow Specter,2,0.0977
2,Teana,deck,24,Skull Servant,300,14.6484
2,Teana,deck,56,Larvae Moth,2,0.0977
2,Teana,deck,58,Kuriboh,300,14.6484
2,Teana,deck,105,Tomozaurus,2,0.0977
2,Teana,deck,123,Dark Plant,2,0.0977
2,Teana,deck,167,Ancient Jar,2,0.0977
2,Teana,deck,192,Key Mace,2,0.0977
2,Teana,deck,197,Mech Mole Zombie,2,0.0977
2,Teana,deck,278,Petit Moth,2,0.0977
2,Teana,deck,289,Change Slime,2,0.0977
2,Teana,deck,338,Mooyan Curry,300,14.6484
2,Teana,deck,344,Hinotama,120,5.8594
2,Teana,deck,387,Mystic Lamp,2,0.0977
2,Teana,deck,393,Zone Eater,400,19.5312
2,Teana,deck,394,Steel Scorpion,2,0.0977
2,Teana,deck,395,Dancing Elf,300,14.6484
2,Teana,deck,397,Leghul,2,0.0977
2,Teana,deck,398,Ooguchi,2,0.0977
2,Teana,deck,399,Swordsman from a Foreign Land,300,14.6484
2,Teana,deck,402,Monster Eye,2,0.0977
3,Jono,S/A POW,4,Baby Dragon,20,0.9766
3,Jono,S/A POW,16,Time Wizard,64,3.125
3,Jono,S/A POW,20,Left Arm of the Forbidden One,6,0.293
3,Jono,S/A POW,29,Mountain Warrior,20,0.9766
3,Jono,S/A POW,50,Basic Insect,44,2.1484
3,Jono,S/A POW,61,Wolf,20,0.9766
3,Jono,S/A POW,100,Battle Warrior,20,0.9766
3,Jono,S/A POW,104,Curtain of the Dark Ones,44,2.1484
3,Jono,S/A POW,105,Tomozaurus,44,2.1484
3,Jono,S/A POW,122,Yamatano Dragon Scroll,44,2.1484
3,Jono,S/A POW,130,Weather Control,44,2.1484
3,Jono,S/A POW,135,Fiend's Hand,44,2.1484
3,Jono,S/A POW,137,Mystery Hand,44,2.1484
3,Jono,S/A POW,152,The Melting Red Shadow,44,2.1484
3,Jono,S/A POW,154,Fire Reaper,44,2.1484
3,Jono,S/A POW,174,Hurricail,44,2.1484
3,Jono,S/A POW,182,Masked Clown,44,2.1484
3,Jono,S/A POW,185,Eyearmor,44,2.1484
3,Jono,S/A POW,191,LaLa Li-oon,44,2.1484
3,Jono,S/A POW,197,Mech Mole Zombie,44,2.1484
3,Jono,S/A POW,202,Air Marmot of Nefariousness,44,2.1484
3,Jono,S/A POW,207,Droll Bird,44,2.1484
3,Jono,S/A POW,210,Hinotama Soul,44,2.1484
3,Jono,S/A POW,214,Kagemusha of the Blue Flame,44,2.1484
3,Jono,S/A POW,237,Haniwa,44,2.1484
3,Jono,S/A POW,242,Candle of Fate,44,2.1484
3,Jono,S/A POW,245,Meda Bat,44,2.1484
3,Jono,S/A POW,268,Sectarian of Secrets,44,2.1484
3,Jono,S/A POW,333,Sogen,25,1.2207
3,Jono,S/A POW,410,Mechanical Spider,44,2.1484
3,Jono,S/A POW,420,Cyber-Stein,44,2.1484
3,Jono,S/A POW,422,Jinzo #7,44,2.1484
3,Jono,S/A POW,436,White Dolphin,44,2.1484
3,Jono,S/A POW,444,Turu-Purun,44,2.1484
3,Jono,S/A POW,485,Korogashi,44,2.1484
3,Jono,S/A POW,486,Boo Koo,44,2.1484
3,Jono,S/A POW,488,Rainbow Flower,44,2.1484
3,Jono,S/A POW,492,Hoshiningen,44,2.1484
3,Jono,S/A POW,501,Man-eater Bug,44,2.1484
3,Jono,S/A POW,516,Muka Muka,44,2.1484
3,Jono,S/A POW,524,Star Boy,44,2.1484
3,Jono,S/A POW,549,Frog The Jam,44,2.1484
3,Jono,S/A POW,558,Pot the Trick,44,2.1484
3,Jono,S/A POW,563,Wretched Ghost of the Attic,44,2.1484
3,Jono,S/A POW,570,Trakadon,6,0.293
3,Jono,S/A POW,579,Abyss Flower,44,2.1484
3,Jono,S/A POW,580,Patrol Robo,6,0.293
3,Jono,S/A POW,581,Takuhee,2,0.0977
3,Jono,S/A POW,588,Living Vase,2,0.0977
3,Jono,S/A POW,589,Tentacle Plant,44,2.1484
3,Jono,S/A POW,598,Little Chimera,44,2.1484
3,Jono,S/A POW,607,Great Bill,2,0.0977
3,Jono,S/A POW,611,Hiro's Shadow Scout,44,2.1484
3,Jono,S/A POW,616,Hourglass of Courage,2,0.0977
3,Jono,S/A POW,651,Kunai with Chain,33,1.6113
3,Jono,S/A POW,681,House of Adhesive Tape,16,0.7812
3,Jono,B/C/D,16,Time Wizard,64,3.125
3,Jono,B/C/D,20,Left Arm of the Forbidden One,6,0.293
3,Jono,B/C/D,50,Basic Insect,44,2.1484
3,Jono,B/C/D,104,Curtain of the Dark Ones,44,2.1484
3,Jono,B/C/D,105,Tomozaurus,44,2.1484
3,Jono,B/C/D,122,Yamatano Dragon Scroll,44,2.1484
3,Jono,B/C/D,130,Weather Control,44,2.1484
3,Jono,B/C/D,135,Fiend's Hand,44,2.1484
3,Jono,B/C/D,137,Mystery Hand,44,2.1484
3,Jono,B/C/D,152,The Melting Red Shadow,44,2.1484
3,Jono,B/C/D,154,Fire Reaper,44,2.1484
3,Jono,B/C/D,174,Hurricail,44,2.1484
3,Jono,B/C/D,182,Masked Clown,44,2.1484
3,Jono,B/C/D,185,Eyearmor,44,2.1484
3,Jono,B/C/D,191,LaLa Li-oon,44,2.1484
3,Jono,B/C/D,197,Mech Mole Zombie,44,2.1484
3,Jono,B/C/D,202,Air Marmot of Nefariousness,44,2.1484
3,Jono,B/C/D,207,Droll Bird,44,2.1484
3,Jono,B/C/D,210,Hinotama Soul,44,2.1484
3,Jono,B/C/D,214,Kagemusha of the Blue Flame,44,2.1484
3,Jono,B/C/D,237,Haniwa,44,2.1484
3,Jono,B/C/D,242,Candle of Fate,44,2.1484
3,Jono,B/C/D,245,Meda Bat,44,2.1484
3,Jono,B/C/D,268,Sectarian of Secrets,44,2.1484
3,Jono,B/C/D,301,Legendary Sword,16,0.7812
3,Jono,B/C/D,302,Sword of Dark Destruction,16,0.7812
3,Jono,B/C/D,333,Sogen,36,1.7578
3,Jono,B/C/D,343,Sparks,16,0.7812
3,Jono,B/C/D,410,Mechanical Spider,44,2.1484
3,Jono,B/C/D,420,Cyber-Stein,44,2.1484
3,Jono,B/C/D,422,Jinzo #7,44,2.1484
3,Jono,B/C/D,436,White Dolphin,44,2.1484
3,Jono,B/C/D,444,Turu-Purun,44,2.1484
3,Jono,B/C/D,485,Korogashi,44,2.1484
3,Jono,B/C/D,486,Boo Koo,44,2.1484
3,Jono,B/C/D,488,Rainbow Flower,44,2.1484
3,Jono,B/C/D,492,Hoshiningen,44,2.1484
3,Jono,B/C/D,501,Man-eater Bug,44,2.1484
3,Jono,B/C/D,516,Muka Muka,44,2.1484
3,Jono,B/C/D,524,Star Boy,44,2.1484
3,Jono,B/C/D,549,Frog The Jam,44,2.1484
3,Jono,B/C/D,558,Pot the Trick,44,2.1484
3,Jono,B/C/D,563,Wretched Ghost of the Attic,44,2.1484
3,Jono,B/C/D,579,Abyss Flower,44,2.1484
3,Jono,B/C/D,588,Living Vase,2,0.0977
3,Jono,B/C/D,589,Tentacle Plant,44,2.1484
3,Jono,B/C/D,598,Little Chimera,44,2.1484
3,Jono,B/C/D,611,Hiro's Shadow Scout,44,2.1484
3,Jono,B/C/D,651,Kunai with Chain,34,1.6602
3,Jono,B/C/D,677,Hamburger Recipe,18,0.8789
3,Jono,B/C/D,681,House of Adhesive Tape,18,0.8789
3,Jono,B/C/D,690,Fake Trap,18,0.8789
3,Jono,S/A TEC,16,Time Wizard,60,2.9297
3,Jono,S/A TEC,20,Left Arm of the Forbidden One,4,0.1953
3,Jono,S/A TEC,50,Basic Insect,40,1.9531
3,Jono,S/A TEC,104,Curtain of the Dark Ones,40,1.9531
3,Jono,S/A TEC,105,Tomozaurus,40,1.9531
3,Jono,S/A TEC,122,Yamatano Dragon Scroll,40,1.9531
3,Jono,S/A TEC,130,Weather Control,40,1.9531
3,Jono,S/A TEC,135,Fiend's Hand,40,1.9531
3,Jono,S/A TEC,137,Mystery Hand,40,1.9531
3,Jono,S/A TEC,152,The Melting Red Shadow,40,1.9531
3,Jono,S/A TEC,154,Fire Reaper,40,1.9531
3,Jono,S/A TEC,174,Hurricail,40,1.9531
3,Jono,S/A TEC,182,Masked Clown,40,1.9531
3,Jono,S/A TEC,185,Eyearmor,40,1.9531
3,Jono,S/A TEC,191,LaLa Li-oon,40,1.9531
3,Jono,S/A TEC,197,Mech Mole Zombie,40,1.9531
3,Jono,S/A TEC,202,Air Marmot of Nefariousness,40,1.9531
3,Jono,S/A TEC,207,Droll Bird,40,1.9531
3,Jono,S/A TEC,210,Hinotama Soul,40,1.9531
3,Jono,S/A TEC,214,Kagemusha of the Blue Flame,40,1.9531
3,Jono,S/A TEC,237,Haniwa,40,1.9531
3,Jono,S/A TEC,242,Candle of Fate,42,2.0508
3,Jono,S/A TEC,245,Meda Bat,42,2.0508
3,Jono,S/A TEC,268,Sectarian of Secrets,42,2.0508
3,Jono,S/A TEC,301,Legendary Sword,16,0.7812
3,Jono,S/A TEC,302,Sword of Dark Destruction,16,0.7812
3,Jono,S/A TEC,310,Vile Germs,16,0.7812
3,Jono,S/A TEC,311,Black Pendant,16,0.7812
3,Jono,S/A TEC,333,Sogen,36,1.7578
3,Jono,S/A TEC,336,Dark Hole,16,0.7812
3,Jono,S/A TEC,343,Sparks,16,0.7812
3,Jono,S/A TEC,344,Hinotama,18,0.8789
3,Jono,S/A TEC,410,Mechanical Spider,42,2.0508
3,Jono,S/A TEC,420,Cyber-Stein,42,2.0508
3,Jono,S/A TEC,422,Jinzo #7,42,2.0508
3,Jono,S/A TEC,436,White Dolphin,42,2.0508
3,Jono,S/A TEC,444,Turu-Purun,42,2.0508
3,Jono,S/A TEC,485,Korogashi,42,2.0508
3,Jono,S/A TEC,486,Boo Koo,42,2.0508
3,Jono,S/A TEC,488,Rainbow Flower,42,2.0508
3,Jono,S/A TEC,492,Hoshiningen,42,2.0508
3,Jono,S/A TEC,501,Man-eater Bug,42,2.0508
3,Jono,S/A TEC,516,Muka Muka,42,2.0508
3,Jono,S/A TEC,524,Star Boy,42,2.0508
3,Jono,S/A TEC,549,Frog The Jam,42,2.0508
3,Jono,S/A TEC,558,Pot the Trick,42,2.0508
3,Jono,S/A TEC,563,Wretched Ghost of the Attic,42,2.0508
3,Jono,S/A TEC,579,Abyss Flower,42,2.0508
3,Jono,S/A TEC,589,Tentacle Plant,42,2.0508
3,Jono,S/A TEC,598,Little Chimera,42,2.0508
3,Jono,S/A TEC,611,Hiro's Shadow Scout,42,2.0508
3,Jono,S/A TEC,651,Kunai with Chain,35,1.709
3,Jono,S/A TEC,654,Salamandra,35,1.709
3,Jono,S/A TEC,677,Hamburger Recipe,16,0.7812
3,Jono,S/A TEC,679,Novox's Prayer,16,0.7812
3,Jono,S/A TEC,681,House of Adhesive Tape,16,0.7812
3,Jono,S/A TEC,683,Bear Trap,16,0.7812
3,Jono,S/A TEC,690,Fake Trap,16,0.7812
3,Jono,deck,4,Baby Dragon,2,0.0977
3,Jono,deck,9,Shadow Specter,120,5.8594
3,Jono,deck,16,Time Wizard,2,0.0977
3,Jono,deck,29,Mountain Warrior,2,0.0977
3,Jono,deck,100,Battle Warrior,2,0.0977
3,Jono,deck,123,Dark Plant,120,5.8594
3,Jono,deck,167,Ancient Jar,72,3.5156
3,Jono,deck,192,Key Mace,120,5.8594
3,Jono,deck,289,Change Slime,120,5.8594
3,Jono,deck,339,Red Medicine,72,3.5156
3,Jono,deck,344,Hinotama,120,5.8594
3,Jono,deck,387,Mystic Lamp,120,5.8594
3,Jono,deck,397,Leghul,120,5.8594
3,Jono,deck,402,Monster Eye,72,3.5156
3,Jono,deck,411,Bat,120,5.8594
3,Jono,deck,428,Magician of Faith,120,5.8594
3,Jono,deck,469,Armed Ninja,72,3.5156
3,Jono,deck,484,Ameba,120,5.8594
3,Jono,deck,504,Fungi of the Musk,120,5.8594
3,Jono,deck,547,Griggle,120,5.8594
3,Jono,deck,548,Bone Mouse,120,5.8594
3,Jono,deck,558,Pot the Trick,72,3.5156
3,Jono,deck,635,Queen's Double,120,5.8594
4,Villager 1,S/A POW,9,Shadow Specter,74,3.6133
4,Villager 1,S/A POW,20,Left Arm of the Forbidden One,6,0.293
4,Villager 1,S/A POW,24,Skull Servant,74,3.6133
4,Villager 1,S/A POW,58,Kuriboh,74,3.6133
4,Villager 1,S/A POW,112,That Which Feeds on Life,12,0.5859
4,Villager 1,S/A POW,123,Dark Plant,74,3.6133
4,Villager 1,S/A POW,146,Temple of Skulls,12,0.5859
4,Villager 1,S/A POW,153,Dokuroizo the Grim Reaper,12,0.5859
4,Villager 1,S/A POW,165,The Judgement Hand,12,0.5859
4,Villager 1,S/A POW,167,Ancient Jar,74,3.6133
4,Villager 1,S/A POW,192,Key Mace,74,3.6133
4,Villager 1,S/A POW,234,Beautiful Headhuntress,12,0.5859
4,Villager 1,S/A POW,241,Dark Assailant,12,0.5859
4,Villager 1,S/A POW,289,Change Slime,74,3.6133
4,Villager 1,S/A POW,307,Elf's Light,16,0.7812
4,Villager 1,S/A POW,332,Mountain,32,1.5625
4,Villager 1,S/A POW,338,Mooyan Curry,32,1.5625
4,Villager 1,S/A POW,387,Mystic Lamp,74,3.6133
4,Villager 1,S/A POW,393,Zone Eater,74,3.6133
4,Villager 1,S/A POW,395,Dancing Elf,74,3.6133
4,Villager 1,S/A POW,397,Leghul,74,3.6133
4,Villager 1,S/A POW,398,Ooguchi,74,3.6133
4,Villager 1,S/A POW,399,Swordsman from a Foreign Land,74,3.6133
4,Villager 1,S/A POW,402,Monster Eye,74,3.6133
4,Villager 1,S/A POW,411,Bat,74,3.6133
4,Villager 1,S/A POW,435,Water Girl,12,0.5859
4,Villager 1,S/A POW,450,Kappa Avenger,12,0.5859
4,Villager 1,S/A POW,469,Armed Ninja,74,3.6133
4,Villager 1,S/A POW,475,Sinister Serpent,74,3.6133
4,Villager 1,S/A POW,480,Kuwagata α,12,0.5859
4,Villager 1,S/A POW,484,Ameba,74,3.6133
4,Villager 1,S/A POW,502,D. Human,12,0.5859
4,Villager 1,S/A POW,504,Fungi of the Musk,74,3.6133
4,Villager 1,S/A POW,527,Milus Radiant,74,3.6133
4,Villager 1,S/A POW,547,Griggle,74,3.6133
4,Villager 1,S/A POW,548,Bone Mouse,74,3.6133
4,Villager 1,S/A POW,558,Pot the Trick,74,3.6133
4,Villager 1,S/A POW,570,Trakadon,10,0.4883
4,Villager 1,S/A POW,580,Patrol Robo,8,0.3906
4,Villager 1,S/A POW,635,Queen's Double,74,3.6133
4,Villager 1,S/A POW,655,Cursebreaker,16,0.7812
4,Villager 1,S/A POW,681,House of Adhesive Tape,16,0.7812
4,Villager 1,S/A POW,690,Fake Trap,16,0.7812
4,Villager 1,B/C/D,9,Shadow Specter,76,3.7109
4,Villager 1,B/C/D,20,Left Arm of the Forbidden One,6,0.293
4,Villager 1,B/C/D,24,Skull Servant,76,3.7109
4,Villager 1,B/C/D,58,Kuriboh,76,3.7109
4,Villager 1,B/C/D,123,Dark Plant,76,3.7109
4,Villager 1,B/C/D,167,Ancient Jar,76,3.7109
4,Villager 1,B/C/D,192,Key Mace,76,3.7109
4,Villager 1,B/C/D,289,Change Slime,76,3.7109
4,Villager 1,B/C/D,307,Elf's Light,18,0.8789
4,Villager 1,B/C/D,323,Book of Secret Arts,18,0.8789
4,Villager 1,B/C/D,332,Mountain,35,1.709
4,Villager 1,B/C/D,338,Mooyan Curry,35,1.709
4,Villager 1,B/C/D,339,Red Medicine,35,1.709
4,Villager 1,B/C/D,345,Final Flame,18,0.8789
4,Villager 1,B/C/D,350,Dark-piercing Light,35,1.709
4,Villager 1,B/C/D,387,Mystic Lamp,76,3.7109
4,Villager 1,B/C/D,393,Zone Eater,76,3.7109
4,Villager 1,B/C/D,395,Dancing Elf,75,3.6621
4,Villager 1,B/C/D,397,Leghul,75,3.6621
4,Villager 1,B/C/D,398,Ooguchi,75,3.6621
4,Villager 1,B/C/D,399,Swordsman from a Foreign Land,75,3.6621
4,Villager 1,B/C/D,402,Monster Eye,75,3.6621
4,Villager 1,B/C/D,411,Bat,75,3.6621
4,Villager 1,B/C/D,469,Armed Ninja,75,3.6621
4,Villager 1,B/C/D,475,Sinister Serpent,75,3.6621
4,Villager 1,B/C/D,484,Ameba,75,3.6621
4,Villager 1,B/C/D,504,Fungi of the Musk,72,3.5156
4,Villager 1,B/C/D,527,Milus Radiant,72,3.5156
4,Villager 1,B/C/D,547,Griggle,72,3.5156
4,Villager 1,B/C/D,548,Bone Mouse,72,3.5156
4,Villager 1,B/C/D,558,Pot the Trick,72,3.5156
4,Villager 1,B/C/D,635,Queen's Double,75,3.6621
4,Villager 1,B/C/D,655,Cursebreaker,18,0.8789
4,Villager 1,B/C/D,681,House of Adhesive Tape,18,0.8789
4,Villager 1,B/C/D,690,Fake Trap,18,0.8789
4,Villager 1,S/A TEC,9,Shadow Specter,60,2.9297
4,Villager 1,S/A TEC,20,Left Arm of the Forbidden One,6,0.293
4,Villager 1,S/A TEC,24,Skull Servant,60,2.9297
4,Villager 1,S/A TEC,58,Kuriboh,60,2.9297
4,Villager 1,S/A TEC,123,Dark Plant,60,2.9297
4,Villager 1,S/A TEC,167,Ancient Jar,60,2.9297
4,Villager 1,S/A TEC,192,Key Mace,60,2.9297
4,Villager 1,S/A TEC,289,Change Slime,60,2.9297
4,Villager 1,S/A TEC,307,Elf's Light,16,0.7812
4,Villager 1,S/A TEC,308,Beast Fangs,16,0.7812
4,Villager 1,S/A TEC,309,Steel Shell,16,0.7812
4,Villager 1,S/A TEC,311,Black Pendant,16,0.7812
4,Villager 1,S/A TEC,312,Silver Bow and Arrow,16,0.7812
4,Villager 1,S/A TEC,323,Book of Secret Arts,16,0.7812
4,Villager 1,S/A TEC,327,Follow Wind,16,0.7812
4,Villager 1,S/A TEC,332,Mountain,32,1.5625
4,Villager 1,S/A TEC,336,Dark Hole,18,0.8789
4,Villager 1,S/A TEC,338,Mooyan Curry,32,1.5625
4,Villager 1,S/A TEC,339,Red Medicine,32,1.5625
4,Villager 1,S/A TEC,340,Goblin's Secret Remedy,32,1.5625
4,Villager 1,S/A TEC,345,Final Flame,18,0.8789
4,Villager 1,S/A TEC,350,Dark-piercing Light,32,1.5625
4,Villager 1,S/A TEC,387,Mystic Lamp,60,2.9297
4,Villager 1,S/A TEC,393,Zone Eater,60,2.9297
4,Villager 1,S/A TEC,395,Dancing Elf,60,2.9297
4,Villager 1,S/A TEC,397,Leghul,60,2.9297
4,Villager 1,S/A TEC,398,Ooguchi,60,2.9297
4,Villager 1,S/A TEC,399,Swordsman from a Foreign Land,60,2.9297
4,Villager 1,S/A TEC,402,Monster Eye,60,2.9297
4,Villager 1,S/A TEC,411,Bat,60,2.9297
4,Villager 1,S/A TEC,469,Armed Ninja,60,2.9297
4,Villager 1,S/A TEC,475,Sinister Serpent,60,2.9297
4,Villager 1,S/A TEC,484,Ameba,60,2.9297
4,Villager 1,S/A TEC,504,Fungi of the Musk,60,2.9297
4,Villager 1,S/A TEC,527,Milus Radiant,60,2.9297
4,Villager 1,S/A TEC,547,Griggle,60,2.9297
4,Villager 1,S/A TEC,548,Bone Mouse,60,2.9297
4,Villager 1,S/A TEC,558,Pot the Trick,60,2.9297
4,Villager 1,S/A TEC,635,Queen's Double,60,2.9297
4,Villager 1,S/A TEC,655,Cursebreaker,20,0.9766
4,Villager 1,S/A TEC,665,Curse of Millennium Shield,12,0.5859
4,Villager 1,S/A TEC,666,Yamadron Ritual,12,0.5859
4,Villager 1,S/A TEC,671,Zera Ritual,12,0.5859
4,Villager 1,S/A TEC,673,War-lion Ritual,12,0.5859
4,Villager 1,S/A TEC,674,Beastry Mirror Ritual,12,0.5859
4,Villager 1,S/A TEC,676,Commencement Dance,12,0.5859
4,Villager 1,S/A TEC,677,Hamburger Recipe,12,0.5859
4,Villager 1,S/A TEC,678,Revival of Sennen Genjin,12,0.5859
4,Villager 1,S/A TEC,679,Novox's Prayer,12,0.5859
4,Villager 1,S/A TEC,680,Curse of Tri-Horned Dragon,12,0.5859
4,Villager 1,S/A TEC,681,House of Adhesive Tape,24,1.1719
4,Villager 1,S/A TEC,690,Fake Trap,22,1.0742
4,Villager 1,S/A TEC,691,Revived of Serpent Night Dragon,12,0.5859
4,Villager 1,S/A TEC,692,Turtle Oath,12,0.5859
4,Villager 1,S/A TEC,693,Contruct of Mask,12,0.5859
4,Villager 1,S/A TEC,694,Resurrection of Chakra,12,0.5859
4,Villager 1,S/A TEC,695,Puppet Ritual,12,0.5859
4,Villager 1,S/A TEC,697,Garma Sword Oath,12,0.5859
4,Villager 1,S/A TEC,698,Cosmo Queen's Prayer,12,0.5859
4,Villager 1,S/A TEC,699,Revival of Skeleton Rider,12,0.5859
4,Villager 1,S/A TEC,700,Fortress Whale's Oath,12,0.5859
4,Villager 1,deck,24,Skull Servant,160,7.8125
4,Villager 1,deck,58,Kuriboh,160,7.8125
4,Villager 1,deck,167,Ancient Jar,120,5.8594
4,Villager 1,deck,339,Red Medicine,64,3.125
4,Villager 1,deck,350,Dark-piercing Light,120,5.8594
4,Villager 1,deck,393,Zone Eater,160,7.8125
4,Villager 1,deck,394,Steel Scorpion,160,7.8125
4,Villager 1,deck,395,Dancing Elf,160,7.8125
4,Villager 1,deck,398,Ooguchi,160,7.8125
4,Villager 1,deck,399,Swordsman from a Foreign Land,160,7.8125
4,Villager 1,deck,402,Monster Eye,120,5.8594
4,Villager 1,deck,469,Armed Ninja,120,5.8594
4,Villager 1,deck,475,Sinister Serpent,120,5.8594
4,Villager 1,deck,484,Ameba,2,0.0977
4,Villager 1,deck,485,Korogashi,2,0.0977
4,Villager 1,deck,488,Rainbow Flower,2,0.0977
4,Villager 1,deck,499,Kattapillar,120,5.8594
4,Villager 1,deck,504,Fungi of the Musk,2,0.0977
4,Villager 1,deck,516,Muka Muka,2,0.0977
4,Villager 1,deck,527,Milus Radiant,120,5.8594
4,Villager 1,deck,541,Hane-Hane,2,0.0977
4,Villager 1,deck,547,Griggle,2,0.0977
4,Villager 1,deck,548,Bone Mouse,2,0.0977
4,Villager 1,deck,558,Pot the Trick,2,0.0977
4,Villager 1,deck,563,Wretched Ghost of the Attic,2,0.0977
4,Villager 1,deck,635,Queen's Double,2,0.0977
4,Villager 1,deck,644,Flame Viper,2,0.0977
5,Villager 2,S/A POW,9,Shadow Specter,15,0.7324
5,Villager 2,S/A POW,10,Blackland Fire Dragon,15,0.7324
5,Villager 2,S/A POW,19,Right Arm of the Forbidden One,6,0.293
5,Villager 2,S/A POW,23,The Wicked Worm Beast,15,0.7324
5,Villager 2,S/A POW,24,Skull Servant,15,0.7324
5,Villager 2,S/A POW,25,Horn Imp,15,0.7324
5,Villager 2,S/A POW,30,Zombie Warrior,30,1.4648
5,Villager 2,S/A POW,34,Saggi the Dark Clown,15,0.7324
5,Villager 2,S/A POW,36,The Snake Hair,15,0.7324
5,Villager 2,S/A POW,40,Dragon Piper,15,0.7324
5,Villager 2,S/A POW,45,Oscillo Hero #2,15,0.7324
5,Villager 2,S/A POW,53,Killer Needle,15,0.7324
5,Villager 2,S/A POW,59,Mammoth Graveyard,15,0.7324
5,Villager 2,S/A POW,61,Wolf,15,0.7324
5,Villager 2,S/A POW,65,Silver Fang,15,0.7324
5,Villager 2,S/A POW,80,Uraby,15,0.7324
5,Villager 2,S/A POW,96,Armored Zombie,15,0.7324
5,Villager 2,S/A POW,97,Dragon Zombie,15,0.7324
5,Villager 2,S/A POW,98,Clown Zombie,15,0.7324
5,Villager 2,S/A POW,102,Mask of Darkness,10,0.4883
5,Villager 2,S/A POW,103,Job-change Mirror,15,0.7324
5,Villager 2,S/A POW,108,Graveyard and the Hand of Invitation,15,0.7324
5,Villager 2,S/A POW,109,Goddess with the Third Eye,15,0.7324
5,Villager 2,S/A POW,110,Hero of the East,15,0.7324
5,Villager 2,S/A POW,115,Kamion Wizard,15,0.7324
5,Villager 2,S/A POW,118,Supporter in the Shadows,15,0.7324
5,Villager 2,S/A POW,119,Trial of Nightmares,15,0.7324
5,Villager 2,S/A POW,120,Dream Clown,15,0.7324
5,Villager 2,S/A POW,121,Sleeping Lion,15,0.7324
5,Villager 2,S/A POW,132,The 13th Grave,30,1.4648
5,Villager 2,S/A POW,135,Fiend's Hand,15,0.7324
5,Villager 2,S/A POW,138,Dragon Statue,15,0.7324
5,Villager 2,S/A POW,139,Blue-eyed Silver Zombie,15,0.7324
5,Villager 2,S/A POW,140,Toad Master,30,1.4648
5,Villager 2,S/A POW,141,Spiked Snail,15,0.7324
5,Villager 2,S/A POW,152,The Melting Red Shadow,15,0.7324
5,Villager 2,S/A POW,154,Fire Reaper,15,0.7324
5,Villager 2,S/A POW,162,Tainted Wisdom,15,0.7324
5,Villager 2,S/A POW,164,Lord of Zemia,15,0.7324
5,Villager 2,S/A POW,167,Ancient Jar,15,0.7324
5,Villager 2,S/A POW,169,Dark King of the Abyss,15,0.7324
5,Villager 2,S/A POW,171,Big Eye,15,0.7324
5,Villager 2,S/A POW,172,Armaill,15,0.7324
5,Villager 2,S/A POW,177,Monsturtle,15,0.7324
5,Villager 2,S/A POW,181,Dark Shade,15,0.7324
5,Villager 2,S/A POW,191,LaLa Li-oon,15,0.7324
5,Villager 2,S/A POW,196,Arma Knight,30,1.4648
5,Villager 2,S/A POW,197,Mech Mole Zombie,15,0.7324
5,Villager 2,S/A POW,199,Penguin Knight,15,0.7324
5,Villager 2,S/A POW,201,Frenzied Panda,15,0.7324
5,Villager 2,S/A POW,203,Phantom Ghost,15,0.7324
5,Villager 2,S/A POW,205,Dorover,15,0.7324
5,Villager 2,S/A POW,206,Twin Long Rods #1,15,0.7324
5,Villager 2,S/A POW,211,Kaminarikozou,15,0.7324
5,Villager 2,S/A POW,215,Flame Ghost,15,0.7324
5,Villager 2,S/A POW,219,Solitude,15,0.7324
5,Villager 2,S/A POW,220,Masked Sorcerer,15,0.7324
5,Villager 2,S/A POW,221,Kumootoko,15,0.7324
5,Villager 2,S/A POW,225,Fiend Sword,15,0.7324
5,Villager 2,S/A POW,227,Hitodenchak,15,0.7324
5,Villager 2,S/A POW,228,Wood Remains,15,0.7324
5,Villager 2,S/A POW,231,Wood Clown,15,0.7324
5,Villager 2,S/A POW,233,Dark Titan of Terror,15,0.7324
5,Villager 2,S/A POW,236,Guardian of the Labyrinth,15,0.7324
5,Villager 2,S/A POW,237,Haniwa,15,0.7324
5,Villager 2,S/A POW,238,Yashinoki,10,0.4883
5,Villager 2,S/A POW,243,Water Element,15,0.7324
5,Villager 2,S/A POW,244,Dissolverock,15,0.7324
5,Villager 2,S/A POW,246,One Who Hunts Souls,15,0.7324
5,Villager 2,S/A POW,248,Master & Expert,15,0.7324
5,Villager 2,S/A POW,250,Hyo,15,0.7324
5,Villager 2,S/A POW,251,Enchanting Mermaid,15,0.7324
5,Villager 2,S/A POW,256,Dimensional Warrior,15,0.7324
5,Villager 2,S/A POW,257,Stone Armadiller,30,1.4648
5,Villager 2,S/A POW,258,Beastking of the Swamps,30,1.4648
5,Villager 2,S/A POW,259,Ancient Sorcerer,15,0.7324
5,Villager 2,S/A POW,262,The Little Swordsman of Aile,15,0.7324
5,Villager 2,S/A POW,263,Rock Ogre Grotto #2,30,1.4648
5,Villager 2,S/A POW,265,The Furious Sea King,15,0.7324
5,Villager 2,S/A POW,269,Versago the Destroyer,15,0.7324
5,Villager 2,S/A POW,270,Wetha,15,0.7324
5,Villager 2,S/A POW,272,Mavelus,15,0.7324
5,Villager 2,S/A POW,273,Ancient Tree of Enlightenment,15,0.7324
5,Villager 2,S/A POW,274,Green Phantom King,15,0.7324
5,Villager 2,S/A POW,276,Ray & Temperature,15,0.7324
5,Villager 2,S/A POW,280,Protector of the Throne,15,0.7324
5,Villager 2,S/A POW,289,Change Slime,15,0.7324
5,Villager 2,S/A POW,290,Moon Envoy,15,0.7324
5,Villager 2,S/A POW,291,Fireyarou,15,0.7324
5,Villager 2,S/A POW,292,Psychic Kappa,15,0.7324
5,Villager 2,S/A POW,293,Masaki the Legendary Swordsman,15,0.7324
5,Villager 2,S/A POW,294,Dragoness the Wicked Knight,15,0.7324
5,Villager 2,S/A POW,296,One-eyed Shield Dragon,15,0.7324
5,Villager 2,S/A POW,335,Yami,24,1.1719
5,Villager 2,S/A POW,393,Zone Eater,14,0.6836
5,Villager 2,S/A POW,394,Steel Scorpion,10,0.4883
5,Villager 2,S/A POW,398,Ooguchi,15,0.7324
5,Villager 2,S/A POW,406,Yaiba Robo,15,0.7324
5,Villager 2,S/A POW,414,Shovel Crusher,15,0.7324
5,Villager 2,S/A POW,432,Waterdragon Fairy,15,0.7324
5,Villager 2,S/A POW,444,Turu-Purun,15,0.7324
5,Villager 2,S/A POW,446,Aqua Snake,15,0.7324
5,Villager 2,S/A POW,451,Kanikabuto,15,0.7324
5,Villager 2,S/A POW,452,Zarigun,15,0.7324
5,Villager 2,S/A POW,461,Bolt Penguin,15,0.7324
5,Villager 2,S/A POW,463,Electric Snake,15,0.7324
5,Villager 2,S/A POW,484,Ameba,15,0.7324
5,Villager 2,S/A POW,496,Wilmee,15,0.7324
5,Villager 2,S/A POW,503,Turtle Raccoon,15,0.7324
5,Villager 2,S/A POW,514,Brave Scizzar,15,0.7324
5,Villager 2,S/A POW,516,Muka Muka,15,0.7324
5,Villager 2,S/A POW,524,Star Boy,15,0.7324
5,Villager 2,S/A POW,548,Bone Mouse,15,0.7324
5,Villager 2,S/A POW,549,Frog The Jam,15,0.7324
5,Villager 2,S/A POW,552,Winged Dragon #2,15,0.7324
5,Villager 2,S/A POW,556,The Wandering Doomed,15,0.7324
5,Villager 2,S/A POW,558,Pot the Trick,15,0.7324
5,Villager 2,S/A POW,567,Darkworld Thorns,14,0.6836
5,Villager 2,S/A POW,576,Giant Scorpion of the Tundra,14,0.6836
5,Villager 2,S/A POW,584,Binding Chain,14,0.6836
5,Villager 2,S/A POW,586,Greenkappa,10,0.4883
5,Villager 2,S/A POW,591,Morphing Jar,14,0.6836
5,Villager 2,S/A POW,592,Muse-A,10,0.4883
5,Villager 2,S/A POW,601,Tenderness,14,0.6836
5,Villager 2,S/A POW,602,Penguin Soldier,14,0.6836
5,Villager 2,S/A POW,605,Liquid Beast,14,0.6836
5,Villager 2,S/A POW,606,Twin Long Rods #2,14,0.6836
5,Villager 2,S/A POW,608,Shining Friendship,14,0.6836
5,Villager 2,S/A POW,610,Electric Lizard,2,0.0977
5,Villager 2,S/A POW,620,Snakeyashi,14,0.6836
5,Villager 2,S/A POW,629,Armored Rat,14,0.6836
5,Villager 2,S/A POW,642,Mystical Sheep #1,14,0.6836
5,Villager 2,S/A POW,643,Disk Magician,14,0.6836
5,Villager 2,B/C/D,9,Shadow Specter,26,1.2695
5,Villager 2,B/C/D,19,Right Arm of the Forbidden One,12,0.5859
5,Villager 2,B/C/D,24,Skull Servant,26,1.2695
5,Villager 2,B/C/D,40,Dragon Piper,26,1.2695
5,Villager 2,B/C/D,45,Oscillo Hero #2,26,1.2695
5,Villager 2,B/C/D,61,Wolf,26,1.2695
5,Villager 2,B/C/D,65,Silver Fang,26,1.2695
5,Villager 2,B/C/D,96,Armored Zombie,26,1.2695
5,Villager 2,B/C/D,97,Dragon Zombie,26,1.2695
5,Villager 2,B/C/D,98,Clown Zombie,26,1.2695
5,Villager 2,B/C/D,102,Mask of Darkness,12,0.5859
5,Villager 2,B/C/D,108,Graveyard and the Hand of Invitation,26,1.2695
5,Villager 2,B/C/D,118,Supporter in the Shadows,26,1.2695
5,Villager 2,B/C/D,135,Fiend's Hand,26,1.2695
5,Villager 2,B/C/D,138,Dragon Statue,26,1.2695
5,Villager 2,B/C/D,139,Blue-eyed Silver Zombie,26,1.2695
5,Villager 2,B/C/D,140,Toad Master,26,1.2695
5,Villager 2,B/C/D,141,Spiked Snail,26,1.2695
5,Villager 2,B/C/D,152,The Melting Red Shadow,26,1.2695
5,Villager 2,B/C/D,154,Fire Reaper,26,1.2695
5,Villager 2,B/C/D,162,Tainted Wisdom,26,1.2695
5,Villager 2,B/C/D,167,Ancient Jar,26,1.2695
5,Villager 2,B/C/D,169,Dark King of the Abyss,26,1.2695
5,Villager 2,B/C/D,172,Armaill,26,1.2695
5,Villager 2,B/C/D,177,Monsturtle,26,1.2695
5,Villager 2,B/C/D,181,Dark Shade,26,1.2695
5,Villager 2,B/C/D,191,LaLa Li-oon,26,1.2695
5,Villager 2,B/C/D,197,Mech Mole Zombie,26,1.2695
5,Villager 2,B/C/D,199,Penguin Knight,26,1.2695
5,Villager 2,B/C/D,203,Phantom Ghost,26,1.2695
5,Villager 2,B/C/D,205,Dorover,26,1.2695
5,Villager 2,B/C/D,206,Twin Long Rods #1,26,1.2695
5,Villager 2,B/C/D,211,Kaminarikozou,26,1.2695
5,Villager 2,B/C/D,215,Flame Ghost,26,1.2695
5,Villager 2,B/C/D,219,Solitude,26,1.2695
5,Villager 2,B/C/D,227,Hitodenchak,26,1.2695
5,Villager 2,B/C/D,228,Wood Remains,26,1.2695
5,Villager 2,B/C/D,231,Wood Clown,26,1.2695
5,Villager 2,B/C/D,237,Haniwa,26,1.2695
5,Villager 2,B/C/D,238,Yashinoki,12,0.5859
5,Villager 2,B/C/D,243,Water Element,26,1.2695
5,Villager 2,B/C/D,244,Dissolverock,26,1.2695
5,Villager 2,B/C/D,250,Hyo,26,1.2695
5,Villager 2,B/C/D,257,Stone Armadiller,26,1.2695
5,Villager 2,B/C/D,259,Ancient Sorcerer,26,1.2695
5,Villager 2,B/C/D,262,The Little Swordsman of Aile,26,1.2695
5,Villager 2,B/C/D,265,The Furious Sea King,26,1.2695
5,Villager 2,B/C/D,269,Versago the Destroyer,26,1.2695
5,Villager 2,B/C/D,270,Wetha,26,1.2695
5,Villager 2,B/C/D,276,Ray & Temperature,26,1.2695
5,Villager 2,B/C/D,289,Change Slime,26,1.2695
5,Villager 2,B/C/D,292,Psychic Kappa,26,1.2695
5,Villager 2,B/C/D,296,One-eyed Shield Dragon,26,1.2695
5,Villager 2,B/C/D,304,Axe of Despair,30,1.4648
5,Villager 2,B/C/D,335,Yami,60,2.9297
5,Villager 2,B/C/D,393,Zone Eater,26,1.2695
5,Villager 2,B/C/D,394,Steel Scorpion,12,0.5859
5,Villager 2,B/C/D,398,Ooguchi,26,1.2695
5,Villager 2,B/C/D,432,Waterdragon Fairy,26,1.2695
5,Villager 2,B/C/D,444,Turu-Purun,26,1.2695
5,Villager 2,B/C/D,446,Aqua Snake,26,1.2695
5,Villager 2,B/C/D,451,Kanikabuto,26,1.2695
5,Villager 2,B/C/D,452,Zarigun,26,1.2695
5,Villager 2,B/C/D,461,Bolt Penguin,26,1.2695
5,Villager 2,B/C/D,463,Electric Snake,26,1.2695
5,Villager 2,B/C/D,484,Ameba,25,1.2207
5,Villager 2,B/C/D,503,Turtle Raccoon,25,1.2207
5,Villager 2,B/C/D,516,Muka Muka,25,1.2207
5,Villager 2,B/C/D,524,Star Boy,25,1.2207
5,Villager 2,B/C/D,548,Bone Mouse,25,1.2207
5,Villager 2,B/C/D,549,Frog The Jam,25,1.2207
5,Villager 2,B/C/D,556,The Wandering Doomed,25,1.2207
5,Villager 2,B/C/D,558,Pot the Trick,25,1.2207
5,Villager 2,B/C/D,586,Greenkappa,12,0.5859
5,Villager 2,B/C/D,591,Morphing Jar,25,1.2207
5,Villager 2,B/C/D,592,Muse-A,12,0.5859
5,Villager 2,B/C/D,602,Penguin Soldier,25,1.2207
5,Villager 2,B/C/D,605,Liquid Beast,25,1.2207
5,Villager 2,B/C/D,606,Twin Long Rods #2,25,1.2207
5,Villager 2,B/C/D,610,Electric Lizard,2,0.0977
5,Villager 2,B/C/D,629,Armored Rat,25,1.2207
5,Villager 2,B/C/D,642,Mystical Sheep #1,25,1.2207
5,Villager 2,S/A TEC,9,Shadow Specter,25,1.2207
5,Villager 2,S/A TEC,19,Right Arm of the Forbidden One,12,0.5859
5,Villager 2,S/A TEC,24,Skull Servant,25,1.2207
5,Villager 2,S/A TEC,45,Oscillo Hero #2,25,1.2207
5,Villager 2,S/A TEC,96,Armored Zombie,25,1.2207
5,Villager 2,S/A TEC,97,Dragon Zombie,25,1.2207
5,Villager 2,S/A TEC,98,Clown Zombie,25,1.2207
5,Villager 2,S/A TEC,102,Mask of Darkness,12,0.5859
5,Villager 2,S/A TEC,108,Graveyard and the Hand of Invitation,25,1.2207
5,Villager 2,S/A TEC,135,Fiend's Hand,25,1.2207
5,Villager 2,S/A TEC,139,Blue-eyed Silver Zombie,25,1.2207
5,Villager 2,S/A TEC,152,The Melting Red Shadow,23,1.123
5,Villager 2,S/A TEC,154,Fire Reaper,23,1.123
5,Villager 2,S/A TEC,167,Ancient Jar,23,1.123
5,Villager 2,S/A TEC,177,Monsturtle,23,1.123
5,Villager 2,S/A TEC,191,LaLa Li-oon,23,1.123
5,Villager 2,S/A TEC,197,Mech Mole Zombie,23,1.123
5,Villager 2,S/A TEC,199,Penguin Knight,23,1.123
5,Villager 2,S/A TEC,203,Phantom Ghost,23,1.123
5,Villager 2,S/A TEC,205,Dorover,23,1.123
5,Villager 2,S/A TEC,206,Twin Long Rods #1,23,1.123
5,Villager 2,S/A TEC,211,Kaminarikozou,23,1.123
5,Villager 2,S/A TEC,215,Flame Ghost,23,1.123
5,Villager 2,S/A TEC,227,Hitodenchak,23,1.123
5,Villager 2,S/A TEC,228,Wood Remains,23,1.123
5,Villager 2,S/A TEC,237,Haniwa,23,1.123
5,Villager 2,S/A TEC,238,Yashinoki,12,0.5859
5,Villager 2,S/A TEC,243,Water Element,23,1.123
5,Villager 2,S/A TEC,244,Dissolverock,23,1.123
5,Villager 2,S/A TEC,259,Ancient Sorcerer,23,1.123
5,Villager 2,S/A TEC,262,The Little Swordsman of Aile,23,1.123
5,Villager 2,S/A TEC,265,The Furious Sea King,23,1.123
5,Villager 2,S/A TEC,270,Wetha,23,1.123
5,Villager 2,S/A TEC,289,Change Slime,23,1.123
5,Villager 2,S/A TEC,292,Psychic Kappa,23,1.123
5,Villager 2,S/A TEC,304,Axe of Despair,32,1.5625
5,Villager 2,S/A TEC,305,Laser Cannon Armor,32,1.5625
5,Villager 2,S/A TEC,316,Electro-whip,32,1.5625
5,Villager 2,S/A TEC,319,Mystical Moon,32,1.5625
5,Villager 2,S/A TEC,321,Malevolent Nuzzler,32,1.5625
5,Villager 2,S/A TEC,326,Raise Body Heat,32,1.5625
5,Villager 2,S/A TEC,330,Forest,33,1.6113
5,Villager 2,S/A TEC,333,Sogen,33,1.6113
5,Villager 2,S/A TEC,335,Yami,33,1.6113
5,Villager 2,S/A TEC,336,Dark Hole,32,1.5625
5,Villager 2,S/A TEC,338,Mooyan Curry,34,1.6602
5,Villager 2,S/A TEC,339,Red Medicine,32,1.5625
5,Villager 2,S/A TEC,340,Goblin's Secret Remedy,32,1.5625
5,Villager 2,S/A TEC,345,Final Flame,32,1.5625
5,Villager 2,S/A TEC,350,Dark-piercing Light,32,1.5625
5,Villager 2,S/A TEC,393,Zone Eater,23,1.123
5,Villager 2,S/A TEC,394,Steel Scorpion,12,0.5859
5,Villager 2,S/A TEC,398,Ooguchi,23,1.123
5,Villager 2,S/A TEC,432,Waterdragon Fairy,23,1.123
5,Villager 2,S/A TEC,444,Turu-Purun,23,1.123
5,Villager 2,S/A TEC,446,Aqua Snake,23,1.123
5,Villager 2,S/A TEC,451,Kanikabuto,23,1.123
5,Villager 2,S/A TEC,452,Zarigun,23,1.123
5,Villager 2,S/A TEC,461,Bolt Penguin,23,1.123
5,Villager 2,S/A TEC,463,Electric Snake,23,1.123
5,Villager 2,S/A TEC,484,Ameba,23,1.123
5,Villager 2,S/A TEC,503,Turtle Raccoon,23,1.123
5,Villager 2,S/A TEC,516,Muka Muka,23,1.123
5,Villager 2,S/A TEC,524,Star Boy,23,1.123
5,Villager 2,S/A TEC,548,Bone Mouse,23,1.123
5,Villager 2,S/A TEC,549,Frog The Jam,23,1.123
5,Villager 2,S/A TEC,556,The Wandering Doomed,23,1.123
5,Villager 2,S/A TEC,558,Pot the Trick,23,1.123
5,Villager 2,S/A TEC,586,Greenkappa,10,0.4883
5,Villager 2,S/A TEC,591,Morphing Jar,23,1.123
5,Villager 2,S/A TEC,592,Muse-A,10,0.4883
5,Villager 2,S/A TEC,602,Penguin Soldier,23,1.123
5,Villager 2,S/A TEC,605,Liquid Beast,23,1.123
5,Villager 2,S/A TEC,606,Twin Long Rods #2,23,1.123
5,Villager 2,S/A TEC,610,Electric Lizard,2,0.0977
5,Villager 2,S/A TEC,652,Magical Labyrinth,32,1.5625
5,Villager 2,S/A TEC,655,Cursebreaker,32,1.5625
5,Villager 2,S/A TEC,683,Bear Trap,32,1.5625
5,Villager 2,S/A TEC,684,Invisible Wire,32,1.5625
5,Villager 2,S/A TEC,687,Goblin Fan,32,1.5625
5,Villager 2,S/A TEC,688,Bad Reaction to Simochi,32,1.5625
5,Villager 2,S/A TEC,690,Fake Trap,32,1.5625
5,Villager 2,S/A TEC,693,Contruct of Mask,32,1.5625
5,Villager 2,deck,5,Ryu-kishin,16,0.7812
5,Villager 2,deck,8,Mushroom Man,10,0.4883
5,Villager 2,deck,9,Shadow Specter,1,0.0488
5,Villager 2,deck,24,Skull Servant,1,0.0488
5,Villager 2,deck,28,Rock Ogre Grotto #1,1,0.0488
5,Villager 2,deck,29,Mountain Warrior,20,0.9766
5,Villager 2,deck,30,Zombie Warrior,1,0.0488
5,Villager 2,deck,45,Oscillo Hero #2,36,1.7578
5,Villager 2,deck,47,Torike,10,0.4883
5,Villager 2,deck,48,Sangan,20,0.9766
5,Villager 2,deck,75,Man-eating Plant,10,0.4883
5,Villager 2,deck,96,Armored Zombie,36,1.7578
5,Villager 2,deck,97,Dragon Zombie,44,2.1484
5,Villager 2,deck,98,Clown Zombie,4,0.1953
5,Villager 2,deck,100,Battle Warrior,16,0.7812
5,Villager 2,deck,107,Kageningen,10,0.4883
5,Villager 2,deck,108,Graveyard and the Hand of Invitation,44,2.1484
5,Villager 2,deck,113,Dark Gray,16,0.7812
5,Villager 2,deck,114,White Magical Hat,16,0.7812
5,Villager 2,deck,116,Nightmare Scorpion,16,0.7812
5,Villager 2,deck,129,Nemuriko,16,0.7812
5,Villager 2,deck,132,The 13th Grave,1,0.0488
5,Villager 2,deck,134,Mystical Capture Chain,10,0.4883
5,Villager 2,deck,135,Fiend's Hand,1,0.0488
5,Villager 2,deck,139,Blue-eyed Silver Zombie,44,2.1484
5,Villager 2,deck,140,Toad Master,1,0.0488
5,Villager 2,deck,143,Necrolancer the Timelord,16,0.7812
5,Villager 2,deck,144,Djinn the Watcher of the Wind,20,0.9766
5,Villager 2,deck,145,The Bewitching Phantom Thief,10,0.4883
5,Villager 2,deck,146,Temple of Skulls,1,0.0488
5,Villager 2,deck,147,Monster Egg,16,0.7812
5,Villager 2,deck,148,The Shadow Who Controls the Dark,16,0.7812
5,Villager 2,deck,152,The Melting Red Shadow,1,0.0488
5,Villager 2,deck,153,Dokuroizo the Grim Reaper,1,0.0488
5,Villager 2,deck,154,Fire Reaper,1,0.0488
5,Villager 2,deck,155,Larvas,10,0.4883
5,Villager 2,deck,156,Hard Armor,16,0.7812
5,Villager 2,deck,158,Man Eater,10,0.4883
5,Villager 2,deck,160,M-warrior #1,16,0.7812
5,Villager 2,deck,161,M-warrior #2,16,0.7812
5,Villager 2,deck,167,Ancient Jar,1,0.0488
5,Villager 2,deck,173,Dark Prisoner,20,0.9766
5,Villager 2,deck,175,Ancient Brain,16,0.7812
5,Villager 2,deck,176,Fire Eye,10,0.4883
5,Villager 2,deck,177,Monsturtle,20,0.9766
5,Villager 2,deck,178,Claw Reacher,10,0.4883
5,Villager 2,deck,180,Arlownay,10,0.4883
5,Villager 2,deck,183,Lucky Trinket,10,0.4883
5,Villager 2,deck,184,Genin,16,0.7812
5,Villager 2,deck,187,Gate Deeg,16,0.7812
5,Villager 2,deck,188,Synchar,16,0.7812
5,Villager 2,deck,189,Fusionist,20,0.9766
5,Villager 2,deck,190,Akakieisu,10,0.4883
5,Villager 2,deck,191,LaLa Li-oon,1,0.0488
5,Villager 2,deck,195,Doron,10,0.4883
5,Villager 2,deck,196,Arma Knight,1,0.0488
5,Villager 2,deck,197,Mech Mole Zombie,1,0.0488
5,Villager 2,deck,199,Penguin Knight,36,1.7578
5,Villager 2,deck,203,Phantom Ghost,20,0.9766
5,Villager 2,deck,205,Dorover,32,1.5625
5,Villager 2,deck,206,Twin Long Rods #1,40,1.9531
5,Villager 2,deck,208,Petit Angel,16,0.7812
5,Villager 2,deck,209,Winged Cleaver,8,0.3906
5,Villager 2,deck,211,Kaminarikozou,2,0.0977
5,Villager 2,deck,215,Flame Ghost,16,0.7812
5,Villager 2,deck,218,Two-mouth Darkruler,16,0.7812
5,Villager 2,deck,222,Midnight Fiend,8,0.3906
5,Villager 2,deck,224,Trap Master,16,0.7812
5,Villager 2,deck,226,Skull Stalker,16,0.7812
5,Villager 2,deck,227,Hitodenchak,2,0.0977
5,Villager 2,deck,228,Wood Remains,2,0.0977
5,Villager 2,deck,232,Madjinn Gunn,8,0.3906
5,Villager 2,deck,237,Haniwa,1,0.0488
5,Villager 2,deck,238,Yashinoki,8,0.3906
5,Villager 2,deck,239,Vishwar Randi,16,0.7812
5,Villager 2,deck,240,The Drdek,16,0.7812
5,Villager 2,deck,241,Dark Assailant,1,0.0488
5,Villager 2,deck,243,Water Element,40,1.9531
5,Villager 2,deck,244,Dissolverock,20,0.9766
5,Villager 2,deck,247,Root Water,16,0.7812
5,Villager 2,deck,253,Angelwitch,8,0.3906
5,Villager 2,deck,257,Stone Armadiller,1,0.0488
5,Villager 2,deck,258,Beastking of the Swamps,1,0.0488
5,Villager 2,deck,263,Rock Ogre Grotto #2,1,0.0488
5,Villager 2,deck,264,Wing Egg Elf,8,0.3906
5,Villager 2,deck,265,The Furious Sea King,32,1.5625
5,Villager 2,deck,266,Princess of Tsurugi,16,0.7812
5,Villager 2,deck,267,Unknown Warrior of Fiend,16,0.7812
5,Villager 2,deck,270,Wetha,2,0.0977
5,Villager 2,deck,271,Megirus Light,16,0.7812
5,Villager 2,deck,277,Gorgon Egg,16,0.7812
5,Villager 2,deck,282,Mystical Sheep #2,8,0.3906
5,Villager 2,deck,283,Holograh,8,0.3906
5,Villager 2,deck,289,Change Slime,1,0.0488
5,Villager 2,deck,292,Psychic Kappa,19,0.9277
5,Villager 2,deck,298,Wicked Dragon with the Ersatz Head,8,0.3906
5,Villager 2,deck,300,Kurama,19,0.9277
5,Villager 2,deck,339,Red Medicine,32,1.5625
5,Villager 2,deck,345,Final Flame,64,3.125
5,Villager 2,deck,359,Three-legged Zombies,3,0.1465
5,Villager 2,deck,361,Flying Penguin,1,0.0488
5,Villager 2,deck,367,Jirai Gumo,1,0.0488
5,Villager 2,deck,393,Zone Eater,1,0.0488
5,Villager 2,deck,398,Ooguchi,1,0.0488
5,Villager 2,deck,417,Blast Juggler,16,0.7812
5,Villager 2,deck,421,Cyber Commander,13,0.6348
5,Villager 2,deck,429,Goddess of Whim,18,0.8789
5,Villager 2,deck,430,Water Magician,1,0.0488
5,Villager 2,deck,431,Ice Water,1,0.0488
5,Villager 2,deck,432,Waterdragon Fairy,19,0.9277
5,Villager 2,deck,435,Water Girl,1,0.0488
5,Villager 2,deck,444,Turu-Purun,1,0.0488
5,Villager 2,deck,445,Guardian of the Sea,1,0.0488
5,Villager 2,deck,446,Aqua Snake,1,0.0488
5,Villager 2,deck,450,Kappa Avenger,1,0.0488
5,Villager 2,deck,451,Kanikabuto,41,2.002
5,Villager 2,deck,452,Zarigun,3,0.1465
5,Villager 2,deck,455,Barrel Rock,1,0.0488
5,Villager 2,deck,457,Stone Ghost,1,0.0488
5,Villager 2,deck,461,Bolt Penguin,3,0.1465
5,Villager 2,deck,463,Electric Snake,35,1.709
5,Villager 2,deck,474,Sea Kamen,1,0.0488
5,Villager 2,deck,476,Ganigumo,9,0.4395
5,Villager 2,deck,477,Alinsection,18,0.8789
5,Villager 2,deck,478,Insect Soldiers of the Sky,9,0.4395
5,Villager 2,deck,479,Cockroach Knight,16,0.7812
5,Villager 2,deck,481,Burglar,18,0.8789
5,Villager 2,deck,484,Ameba,1,0.0488
5,Villager 2,deck,489,Barrel Lily,16,0.7812
5,Villager 2,deck,490,Needle Ball,13,0.6348
5,Villager 2,deck,503,Turtle Raccoon,43,2.0996
5,Villager 2,deck,505,Prisman,19,0.9277
5,Villager 2,deck,510,Laughing Flower,9,0.4395
5,Villager 2,deck,516,Muka Muka,1,0.0488
5,Villager 2,deck,524,Star Boy,1,0.0488
5,Villager 2,deck,534,Minar,19,0.9277
5,Villager 2,deck,536,Mechaleon,9,0.4395
5,Villager 2,deck,537,Mega Thunderball,6,0.293
5,Villager 2,deck,538,Niwatori,16,0.7812
5,Villager 2,deck,539,Corroding Shark,19,0.9277
5,Villager 2,deck,544,Dharma Cannon,9,0.4395
5,Villager 2,deck,548,Bone Mouse,1,0.0488
5,Villager 2,deck,549,Frog The Jam,1,0.0488
5,Villager 2,deck,550,Behegon,1,0.0488
5,Villager 2,deck,556,The Wandering Doomed,19,0.9277
5,Villager 2,deck,558,Pot the Trick,1,0.0488
5,Villager 2,deck,569,Drooling Lizard,16,0.7812
5,Villager 2,deck,573,Little D,9,0.4395
5,Villager 2,deck,583,Weather Report,1,0.0488
5,Villager 2,deck,585,Mechanical Snail,9,0.4395
5,Villager 2,deck,586,Greenkappa,18,0.8789
5,Villager 2,deck,590,Beaked Snake,16,0.7812
5,Villager 2,deck,591,Morphing Jar,3,0.1465
5,Villager 2,deck,592,Muse-A,13,0.6348
5,Villager 2,deck,599,Violent Rain,1,0.0488
5,Villager 2,deck,602,Penguin Soldier,1,0.0488
5,Villager 2,deck,604,Obese Marmot of Nefariousness,18,0.8789
5,Villager 2,deck,605,Liquid Beast,28,1.3672
5,Villager 2,deck,606,Twin Long Rods #2,41,2.002
5,Villager 2,deck,610,Electric Lizard,41,2.002
5,Villager 2,deck,615,Armored Starfish,1,0.0488
5,Villager 2,deck,634,Night Lizard,1,0.0488
5,Villager 2,deck,640,Acid Crawler,19,0.9277
5,Villager 2,deck,646,Gruesome Goo,1,0.0488
5,Villager 2,deck,647,Hyosube,1,0.0488
6,Villager 3,S/A POW,4,Baby Dragon,14,0.6836
6,Villager 3,S/A POW,9,Shadow Specter,14,0.6836
6,Villager 3,S/A POW,20,Left Arm of the Forbidden One,6,0.293
6,Villager 3,S/A POW,23,The Wicked Worm Beast,14,0.6836
6,Villager 3,S/A POW,24,Skull Servant,14,0.6836
6,Villager 3,S/A POW,30,Zombie Warrior,28,1.3672
6,Villager 3,S/A POW,34,Saggi the Dark Clown,14,0.6836
6,Villager 3,S/A POW,40,Dragon Piper,14,0.6836
6,Villager 3,S/A POW,45,Oscillo Hero #2,14,0.6836
6,Villager 3,S/A POW,47,Torike,14,0.6836
6,Villager 3,S/A POW,53,Killer Needle,14,0.6836
6,Villager 3,S/A POW,59,Mammoth Graveyard,14,0.6836
6,Villager 3,S/A POW,61,Wolf,14,0.6836
6,Villager 3,S/A POW,65,Silver Fang,14,0.6836
6,Villager 3,S/A POW,96,Armored Zombie,14,0.6836
6,Villager 3,S/A POW,97,Dragon Zombie,14,0.6836
6,Villager 3,S/A POW,98,Clown Zombie,14,0.6836
6,Villager 3,S/A POW,103,Job-change Mirror,14,0.6836
6,Villager 3,S/A POW,108,Graveyard and the Hand of Invitation,14,0.6836
6,Villager 3,S/A POW,109,Goddess with the Third Eye,14,0.6836
6,Villager 3,S/A POW,110,Hero of the East,14,0.6836
6,Villager 3,S/A POW,118,Supporter in the Shadows,14,0.6836
6,Villager 3,S/A POW,119,Trial of Nightmares,14,0.6836
6,Villager 3,S/A POW,120,Dream Clown,14,0.6836
6,Villager 3,S/A POW,132,The 13th Grave,28,1.3672
6,Villager 3,S/A POW,133,Charubin the Fire Knight,14,0.6836
6,Villager 3,S/A POW,135,Fiend's Hand,14,0.6836
6,Villager 3,S/A POW,138,Dragon Statue,14,0.6836
6,Villager 3,S/A POW,139,Blue-eyed Silver Zombie,14,0.6836
6,Villager 3,S/A POW,140,Toad Master,26,1.2695
6,Villager 3,S/A POW,141,Spiked Snail,14,0.6836
6,Villager 3,S/A POW,142,Flame Manipulator,14,0.6836
6,Villager 3,S/A POW,152,The Melting Red Shadow,14,0.6836
6,Villager 3,S/A POW,154,Fire Reaper,14,0.6836
6,Villager 3,S/A POW,155,Larvas,14,0.6836
6,Villager 3,S/A POW,162,Tainted Wisdom,14,0.6836
6,Villager 3,S/A POW,167,Ancient Jar,14,0.6836
6,Villager 3,S/A POW,169,Dark King of the Abyss,14,0.6836
6,Villager 3,S/A POW,171,Big Eye,14,0.6836
6,Villager 3,S/A POW,172,Armaill,13,0.6348
6,Villager 3,S/A POW,177,Monsturtle,28,1.3672
6,Villager 3,S/A POW,178,Claw Reacher,13,0.6348
6,Villager 3,S/A POW,180,Arlownay,13,0.6348
6,Villager 3,S/A POW,181,Dark Shade,13,0.6348
6,Villager 3,S/A POW,190,Akakieisu,13,0.6348
6,Villager 3,S/A POW,191,LaLa Li-oon,13,0.6348
6,Villager 3,S/A POW,196,Arma Knight,28,1.3672
6,Villager 3,S/A POW,197,Mech Mole Zombie,13,0.6348
6,Villager 3,S/A POW,199,Penguin Knight,13,0.6348
6,Villager 3,S/A POW,201,Frenzied Panda,13,0.6348
6,Villager 3,S/A POW,203,Phantom Ghost,13,0.6348
6,Villager 3,S/A POW,205,Dorover,13,0.6348
6,Villager 3,S/A POW,206,Twin Long Rods #1,13,0.6348
6,Villager 3,S/A POW,211,Kaminarikozou,13,0.6348
6,Villager 3,S/A POW,215,Flame Ghost,28,1.3672
6,Villager 3,S/A POW,219,Solitude,13,0.6348
6,Villager 3,S/A POW,221,Kumootoko,13,0.6348
6,Villager 3,S/A POW,225,Fiend Sword,13,0.6348
6,Villager 3,S/A POW,227,Hitodenchak,13,0.6348
6,Villager 3,S/A POW,228,Wood Remains,28,1.3672
6,Villager 3,S/A POW,231,Wood Clown,13,0.6348
6,Villager 3,S/A POW,236,Guardian of the Labyrinth,13,0.6348
6,Villager 3,S/A POW,237,Haniwa,13,0.6348
6,Villager 3,S/A POW,243,Water Element,13,0.6348
6,Villager 3,S/A POW,244,Dissolverock,28,1.3672
6,Villager 3,S/A POW,246,One Who Hunts Souls,13,0.6348
6,Villager 3,S/A POW,248,Master & Expert,13,0.6348
6,Villager 3,S/A POW,250,Hyo,13,0.6348
6,Villager 3,S/A POW,251,Enchanting Mermaid,13,0.6348
6,Villager 3,S/A POW,253,Angelwitch,13,0.6348
6,Villager 3,S/A POW,256,Dimensional Warrior,13,0.6348
6,Villager 3,S/A POW,257,Stone Armadiller,28,1.3672
6,Villager 3,S/A POW,258,Beastking of the Swamps,28,1.3672
6,Villager 3,S/A POW,260,Lunar Queen Elzaim,13,0.6348
6,Villager 3,S/A POW,262,The Little Swordsman of Aile,13,0.6348
6,Villager 3,S/A POW,263,Rock Ogre Grotto #2,28,1.3672
6,Villager 3,S/A POW,264,Wing Egg Elf,13,0.6348
6,Villager 3,S/A POW,265,The Furious Sea King,13,0.6348
6,Villager 3,S/A POW,269,Versago the Destroyer,13,0.6348
6,Villager 3,S/A POW,270,Wetha,28,1.3672
6,Villager 3,S/A POW,272,Mavelus,13,0.6348
6,Villager 3,S/A POW,273,Ancient Tree of Enlightenment,13,0.6348
6,Villager 3,S/A POW,274,Green Phantom King,13,0.6348
6,Villager 3,S/A POW,276,Ray & Temperature,13,0.6348
6,Villager 3,S/A POW,279,King Fog,13,0.6348
6,Villager 3,S/A POW,282,Mystical Sheep #2,13,0.6348
6,Villager 3,S/A POW,283,Holograh,13,0.6348
6,Villager 3,S/A POW,289,Change Slime,13,0.6348
6,Villager 3,S/A POW,290,Moon Envoy,13,0.6348
6,Villager 3,S/A POW,292,Psychic Kappa,13,0.6348
6,Villager 3,S/A POW,293,Masaki the Legendary Swordsman,13,0.6348
6,Villager 3,S/A POW,294,Dragoness the Wicked Knight,13,0.6348
6,Villager 3,S/A POW,295,Bio Plant,13,0.6348
6,Villager 3,S/A POW,296,One-eyed Shield Dragon,13,0.6348
6,Villager 3,S/A POW,298,Wicked Dragon with the Ersatz Head,13,0.6348
6,Villager 3,S/A POW,335,Yami,36,1.7578
6,Villager 3,S/A POW,393,Zone Eater,13,0.6348
6,Villager 3,S/A POW,394,Steel Scorpion,12,0.5859
6,Villager 3,S/A POW,398,Ooguchi,13,0.6348
6,Villager 3,S/A POW,414,Shovel Crusher,13,0.6348
6,Villager 3,S/A POW,432,Waterdragon Fairy,28,1.3672
6,Villager 3,S/A POW,444,Turu-Purun,13,0.6348
6,Villager 3,S/A POW,446,Aqua Snake,28,1.3672
6,Villager 3,S/A POW,451,Kanikabuto,13,0.6348
6,Villager 3,S/A POW,452,Zarigun,13,0.6348
6,Villager 3,S/A POW,461,Bolt Penguin,26,1.2695
6,Villager 3,S/A POW,463,Electric Snake,13,0.6348
6,Villager 3,S/A POW,478,Insect Soldiers of the Sky,13,0.6348
6,Villager 3,S/A POW,484,Ameba,13,0.6348
6,Villager 3,S/A POW,496,Wilmee,13,0.6348
6,Villager 3,S/A POW,503,Turtle Raccoon,13,0.6348
6,Villager 3,S/A POW,516,Muka Muka,13,0.6348
6,Villager 3,S/A POW,524,Star Boy,13,0.6348
6,Villager 3,S/A POW,548,Bone Mouse,13,0.6348
6,Villager 3,S/A POW,549,Frog The Jam,13,0.6348
6,Villager 3,S/A POW,552,Winged Dragon #2,13,0.6348
6,Villager 3,S/A POW,556,The Wandering Doomed,13,0.6348
6,Villager 3,S/A POW,558,Pot the Trick,13,0.6348
6,Villager 3,S/A POW,567,Darkworld Thorns,14,0.6836
6,Villager 3,S/A POW,568,Anthrosaurus,13,0.6348
6,Villager 3,S/A POW,573,Little D,13,0.6348
6,Villager 3,S/A POW,576,Giant Scorpion of the Tundra,14,0.6836
6,Villager 3,S/A POW,584,Binding Chain,14,0.6836
6,Villager 3,S/A POW,585,Mechanical Snail,13,0.6348
6,Villager 3,S/A POW,588,Living Vase,12,0.5859
6,Villager 3,S/A POW,591,Morphing Jar,13,0.6348
6,Villager 3,S/A POW,592,Muse-A,12,0.5859
6,Villager 3,S/A POW,601,Tenderness,13,0.6348
6,Villager 3,S/A POW,602,Penguin Soldier,13,0.6348
6,Villager 3,S/A POW,605,Liquid Beast,13,0.6348
6,Villager 3,S/A POW,606,Twin Long Rods #2,13,0.6348
6,Villager 3,S/A POW,612,Lady of Faith,13,0.6348
6,Villager 3,S/A POW,620,Snakeyashi,14,0.6836
6,Villager 3,S/A POW,629,Armored Rat,14,0.6836
6,Villager 3,S/A POW,642,Mystical Sheep #1,14,0.6836
6,Villager 3,S/A POW,652,Magical Labyrinth,18,0.8789
6,Villager 3,B/C/D,4,Baby Dragon,18,0.8789
6,Villager 3,B/C/D,9,Shadow Specter,18,0.8789
6,Villager 3,B/C/D,20,Left Arm of the Forbidden One,8,0.3906
6,Villager 3,B/C/D,24,Skull Servant,18,0.8789
6,Villager 3,B/C/D,40,Dragon Piper,18,0.8789
6,Villager 3,B/C/D,45,Oscillo Hero #2,18,0.8789
6,Villager 3,B/C/D,47,Torike,18,0.8789
6,Villager 3,B/C/D,59,Mammoth Graveyard,18,0.8789
6,Villager 3,B/C/D,61,Wolf,18,0.8789
6,Villager 3,B/C/D,65,Silver Fang,18,0.8789
6,Villager 3,B/C/D,96,Armored Zombie,18,0.8789
6,Villager 3,B/C/D,97,Dragon Zombie,18,0.8789
6,Villager 3,B/C/D,98,Clown Zombie,18,0.8789
6,Villager 3,B/C/D,108,Graveyard and the Hand of Invitation,18,0.8789
6,Villager 3,B/C/D,118,Supporter in the Shadows,18,0.8789
6,Villager 3,B/C/D,133,Charubin the Fire Knight,18,0.8789
6,Villager 3,B/C/D,135,Fiend's Hand,18,0.8789
6,Villager 3,B/C/D,138,Dragon Statue,18,0.8789
6,Villager 3,B/C/D,139,Blue-eyed Silver Zombie,18,0.8789
6,Villager 3,B/C/D,140,Toad Master,36,1.7578
6,Villager 3,B/C/D,141,Spiked Snail,18,0.8789
6,Villager 3,B/C/D,142,Flame Manipulator,18,0.8789
6,Villager 3,B/C/D,152,The Melting Red Shadow,18,0.8789
6,Villager 3,B/C/D,154,Fire Reaper,18,0.8789
6,Villager 3,B/C/D,155,Larvas,18,0.8789
6,Villager 3,B/C/D,162,Tainted Wisdom,18,0.8789
6,Villager 3,B/C/D,167,Ancient Jar,18,0.8789
6,Villager 3,B/C/D,169,Dark King of the Abyss,18,0.8789
6,Villager 3,B/C/D,172,Armaill,18,0.8789
6,Villager 3,B/C/D,177,Monsturtle,24,1.1719
6,Villager 3,B/C/D,178,Claw Reacher,18,0.8789
6,Villager 3,B/C/D,180,Arlownay,18,0.8789
6,Villager 3,B/C/D,181,Dark Shade,18,0.8789
6,Villager 3,B/C/D,190,Akakieisu,18,0.8789
6,Villager 3,B/C/D,191,LaLa Li-oon,18,0.8789
6,Villager 3,B/C/D,197,Mech Mole Zombie,18,0.8789
6,Villager 3,B/C/D,199,Penguin Knight,18,0.8789
6,Villager 3,B/C/D,203,Phantom Ghost,18,0.8789
6,Villager 3,B/C/D,205,Dorover,18,0.8789
6,Villager 3,B/C/D,206,Twin Long Rods #1,18,0.8789
6,Villager 3,B/C/D,211,Kaminarikozou,18,0.8789
6,Villager 3,B/C/D,215,Flame Ghost,36,1.7578
6,Villager 3,B/C/D,219,Solitude,18,0.8789
6,Villager 3,B/C/D,227,Hitodenchak,18,0.8789
6,Villager 3,B/C/D,228,Wood Remains,36,1.7578
6,Villager 3,B/C/D,231,Wood Clown,18,0.8789
6,Villager 3,B/C/D,237,Haniwa,18,0.8789
6,Villager 3,B/C/D,243,Water Element,18,0.8789
6,Villager 3,B/C/D,244,Dissolverock,36,1.7578
6,Villager 3,B/C/D,250,Hyo,18,0.8789
6,Villager 3,B/C/D,253,Angelwitch,18,0.8789
6,Villager 3,B/C/D,257,Stone Armadiller,36,1.7578
6,Villager 3,B/C/D,260,Lunar Queen Elzaim,18,0.8789
6,Villager 3,B/C/D,262,The Little Swordsman of Aile,18,0.8789
6,Villager 3,B/C/D,263,Rock Ogre Grotto #2,36,1.7578
6,Villager 3,B/C/D,264,Wing Egg Elf,18,0.8789
6,Villager 3,B/C/D,265,The Furious Sea King,18,0.8789
6,Villager 3,B/C/D,269,Versago the Destroyer,18,0.8789
6,Villager 3,B/C/D,270,Wetha,36,1.7578
6,Villager 3,B/C/D,276,Ray & Temperature,18,0.8789
6,Villager 3,B/C/D,279,King Fog,18,0.8789
6,Villager 3,B/C/D,282,Mystical Sheep #2,18,0.8789
6,Villager 3,B/C/D,283,Holograh,18,0.8789
6,Villager 3,B/C/D,289,Change Slime,18,0.8789
6,Villager 3,B/C/D,292,Psychic Kappa,18,0.8789
6,Villager 3,B/C/D,295,Bio Plant,18,0.8789
6,Villager 3,B/C/D,296,One-eyed Shield Dragon,18,0.8789
6,Villager 3,B/C/D,298,Wicked Dragon with the Ersatz Head,18,0.8789
6,Villager 3,B/C/D,304,Axe of Despair,24,1.1719
6,Villager 3,B/C/D,335,Yami,48,2.3438
6,Villager 3,B/C/D,393,Zone Eater,16,0.7812
6,Villager 3,B/C/D,394,Steel Scorpion,16,0.7812
6,Villager 3,B/C/D,398,Ooguchi,18,0.8789
6,Villager 3,B/C/D,432,Waterdragon Fairy,36,1.7578
6,Villager 3,B/C/D,444,Turu-Purun,18,0.8789
6,Villager 3,B/C/D,446,Aqua Snake,36,1.7578
6,Villager 3,B/C/D,451,Kanikabuto,18,0.8789
6,Villager 3,B/C/D,452,Zarigun,18,0.8789
6,Villager 3,B/C/D,461,Bolt Penguin,36,1.7578
6,Villager 3,B/C/D,463,Electric Snake,18,0.8789
6,Villager 3,B/C/D,478,Insect Soldiers of the Sky,18,0.8789
6,Villager 3,B/C/D,484,Ameba,18,0.8789
6,Villager 3,B/C/D,503,Turtle Raccoon,18,0.8789
6,Villager 3,B/C/D,516,Muka Muka,18,0.8789
6,Villager 3,B/C/D,524,Star Boy,18,0.8789
6,Villager 3,B/C/D,548,Bone Mouse,18,0.8789
6,Villager 3,B/C/D,549,Frog The Jam,18,0.8789
6,Villager 3,B/C/D,556,The Wandering Doomed,18,0.8789
6,Villager 3,B/C/D,558,Pot the Trick,18,0.8789
6,Villager 3,B/C/D,568,Anthrosaurus,18,0.8789
6,Villager 3,B/C/D,573,Little D,18,0.8789
6,Villager 3,B/C/D,585,Mechanical Snail,18,0.8789
6,Villager 3,B/C/D,588,Living Vase,16,0.7812
6,Villager 3,B/C/D,591,Morphing Jar,18,0.8789
6,Villager 3,B/C/D,592,Muse-A,16,0.7812
6,Villager 3,B/C/D,602,Penguin Soldier,18,0.8789
6,Villager 3,B/C/D,605,Liquid Beast,18,0.8789
6,Villager 3,B/C/D,606,Twin Long Rods #2,18,0.8789
6,Villager 3,B/C/D,612,Lady of Faith,18,0.8789
6,Villager 3,B/C/D,629,Armored Rat,18,0.8789
6,Villager 3,B/C/D,642,Mystical Sheep #1,18,0.8789
6,Villager 3,B/C/D,652,Magical Labyrinth,26,1.2695
6,Villager 3,S/A TEC,4,Baby Dragon,15,0.7324
6,Villager 3,S/A TEC,9,Shadow Specter,15,0.7324
6,Villager 3,S/A TEC,20,Left Arm of the Forbidden One,4,0.1953
6,Villager 3,S/A TEC,24,Skull Servant,15,0.7324
6,Villager 3,S/A TEC,45,Oscillo Hero #2,15,0.7324
6,Villager 3,S/A TEC,47,Torike,15,0.7324
6,Villager 3,S/A TEC,96,Armored Zombie,15,0.7324
6,Villager 3,S/A TEC,97,Dragon Zombie,15,0.7324
6,Villager 3,S/A TEC,98,Clown Zombie,17,0.8301
6,Villager 3,S/A TEC,108,Graveyard and the Hand of Invitation,17,0.8301
6,Villager 3,S/A TEC,133,Charubin the Fire Knight,17,0.8301
6,Villager 3,S/A TEC,135,Fiend's Hand,17,0.8301
6,Villager 3,S/A TEC,139,Blue-eyed Silver Zombie,17,0.8301
6,Villager 3,S/A TEC,140,Toad Master,20,0.9766
6,Villager 3,S/A TEC,142,Flame Manipulator,17,0.8301
6,Villager 3,S/A TEC,152,The Melting Red Shadow,17,0.8301
6,Villager 3,S/A TEC,154,Fire Reaper,17,0.8301
6,Villager 3,S/A TEC,155,Larvas,17,0.8301
6,Villager 3,S/A TEC,167,Ancient Jar,17,0.8301
6,Villager 3,S/A TEC,177,Monsturtle,26,1.2695
6,Villager 3,S/A TEC,178,Claw Reacher,16,0.7812
6,Villager 3,S/A TEC,180,Arlownay,16,0.7812
6,Villager 3,S/A TEC,190,Akakieisu,16,0.7812
6,Villager 3,S/A TEC,191,LaLa Li-oon,16,0.7812
6,Villager 3,S/A TEC,197,Mech Mole Zombie,16,0.7812
6,Villager 3,S/A TEC,199,Penguin Knight,16,0.7812
6,Villager 3,S/A TEC,203,Phantom Ghost,16,0.7812
6,Villager 3,S/A TEC,205,Dorover,16,0.7812
6,Villager 3,S/A TEC,206,Twin Long Rods #1,16,0.7812
6,Villager 3,S/A TEC,211,Kaminarikozou,16,0.7812
6,Villager 3,S/A TEC,215,Flame Ghost,26,1.2695
6,Villager 3,S/A TEC,227,Hitodenchak,16,0.7812
6,Villager 3,S/A TEC,228,Wood Remains,26,1.2695
6,Villager 3,S/A TEC,237,Haniwa,16,0.7812
6,Villager 3,S/A TEC,243,Water Element,16,0.7812
6,Villager 3,S/A TEC,244,Dissolverock,26,1.2695
6,Villager 3,S/A TEC,253,Angelwitch,16,0.7812
6,Villager 3,S/A TEC,260,Lunar Queen Elzaim,16,0.7812
6,Villager 3,S/A TEC,264,Wing Egg Elf,16,0.7812
6,Villager 3,S/A TEC,265,The Furious Sea King,16,0.7812
6,Villager 3,S/A TEC,270,Wetha,26,1.2695
6,Villager 3,S/A TEC,279,King Fog,16,0.7812
6,Villager 3,S/A TEC,282,Mystical Sheep #2,16,0.7812
6,Villager 3,S/A TEC,283,Holograh,16,0.7812
6,Villager 3,S/A TEC,289,Change Slime,16,0.7812
6,Villager 3,S/A TEC,290,Moon Envoy,16,0.7812
6,Villager 3,S/A TEC,292,Psychic Kappa,16,0.7812
6,Villager 3,S/A TEC,295,Bio Plant,16,0.7812
6,Villager 3,S/A TEC,298,Wicked Dragon with the Ersatz Head,16,0.7812
6,Villager 3,S/A TEC,304,Axe of Despair,32,1.5625
6,Villager 3,S/A TEC,306,Insect Armor with Laser Cannon,32,1.5625
6,Villager 3,S/A TEC,317,Cyber Shield,32,1.5625
6,Villager 3,S/A TEC,319,Mystical Moon,32,1.5625
6,Villager 3,S/A TEC,321,Malevolent Nuzzler,32,1.5625
6,Villager 3,S/A TEC,326,Raise Body Heat,32,1.5625
6,Villager 3,S/A TEC,331,Wasteland,32,1.5625
6,Villager 3,S/A TEC,334,Umi,32,1.5625
6,Villager 3,S/A TEC,335,Yami,48,2.3438
6,Villager 3,S/A TEC,336,Dark Hole,32,1.5625
6,Villager 3,S/A TEC,338,Mooyan Curry,32,1.5625
6,Villager 3,S/A TEC,339,Red Medicine,32,1.5625
6,Villager 3,S/A TEC,340,Goblin's Secret Remedy,32,1.5625
6,Villager 3,S/A TEC,345,Final Flame,32,1.5625
6,Villager 3,S/A TEC,350,Dark-piercing Light,32,1.5625
6,Villager 3,S/A TEC,393,Zone Eater,16,0.7812
6,Villager 3,S/A TEC,394,Steel Scorpion,12,0.5859
6,Villager 3,S/A TEC,398,Ooguchi,16,0.7812
6,Villager 3,S/A TEC,432,Waterdragon Fairy,26,1.2695
6,Villager 3,S/A TEC,444,Turu-Purun,16,0.7812
6,Villager 3,S/A TEC,446,Aqua Snake,26,1.2695
6,Villager 3,S/A TEC,451,Kanikabuto,16,0.7812
6,Villager 3,S/A TEC,452,Zarigun,16,0.7812
6,Villager 3,S/A TEC,461,Bolt Penguin,26,1.2695
6,Villager 3,S/A TEC,463,Electric Snake,16,0.7812
6,Villager 3,S/A TEC,478,Insect Soldiers of the Sky,16,0.7812
6,Villager 3,S/A TEC,484,Ameba,16,0.7812
6,Villager 3,S/A TEC,503,Turtle Raccoon,16,0.7812
6,Villager 3,S/A TEC,516,Muka Muka,16,0.7812
6,Villager 3,S/A TEC,524,Star Boy,16,0.7812
6,Villager 3,S/A TEC,548,Bone Mouse,16,0.7812
6,Villager 3,S/A TEC,549,Frog The Jam,16,0.7812
6,Villager 3,S/A TEC,556,The Wandering Doomed,16,0.7812
6,Villager 3,S/A TEC,558,Pot the Trick,16,0.7812
6,Villager 3,S/A TEC,568,Anthrosaurus,16,0.7812
6,Villager 3,S/A TEC,573,Little D,16,0.7812
6,Villager 3,S/A TEC,585,Mechanical Snail,16,0.7812
6,Villager 3,S/A TEC,588,Living Vase,12,0.5859
6,Villager 3,S/A TEC,591,Morphing Jar,16,0.7812
6,Villager 3,S/A TEC,592,Muse-A,12,0.5859
6,Villager 3,S/A TEC,602,Penguin Soldier,16,0.7812
6,Villager 3,S/A TEC,605,Liquid Beast,16,0.7812
6,Villager 3,S/A TEC,606,Twin Long Rods #2,16,0.7812
6,Villager 3,S/A TEC,612,Lady of Faith,16,0.7812
6,Villager 3,S/A TEC,652,Magical Labyrinth,26,1.2695
6,Villager 3,S/A TEC,655,Cursebreaker,23,1.123
6,Villager 3,S/A TEC,683,Bear Trap,32,1.5625
6,Villager 3,S/A TEC,684,Invisible Wire,32,1.5625
6,Villager 3,S/A TEC,687,Goblin Fan,32,1.5625
6,Villager 3,S/A TEC,688,Bad Reaction to Simochi,32,1.5625
6,Villager 3,S/A TEC,690,Fake Trap,32,1.5625
6,Villager 3,S/A TEC,693,Contruct of Mask,32,1.5625
6,Villager 3,deck,4,Baby Dragon,18,0.8789
6,Villager 3,deck,9,Shadow Specter,1,0.0488
6,Villager 3,deck,24,Skull Servant,1,0.0488
6,Villager 3,deck,28,Rock Ogre Grotto #1,20,0.9766
6,Villager 3,deck,29,Mountain Warrior,10,0.4883
6,Villager 3,deck,30,Zombie Warrior,4,0.1953
6,Villager 3,deck,40,Dragon Piper,10,0.4883
6,Villager 3,deck,45,Oscillo Hero #2,4,0.1953
6,Villager 3,deck,47,Torike,20,0.9766
6,Villager 3,deck,48,Sangan,10,0.4883
6,Villager 3,deck,59,Mammoth Graveyard,10,0.4883
6,Villager 3,deck,61,Wolf,10,0.4883
6,Villager 3,deck,65,Silver Fang,10,0.4883
6,Villager 3,deck,96,Armored Zombie,4,0.1953
6,Villager 3,deck,97,Dragon Zombie,20,0.9766
6,Villager 3,deck,98,Clown Zombie,1,0.0488
6,Villager 3,deck,100,Battle Warrior,18,0.8789
6,Villager 3,deck,108,Graveyard and the Hand of Invitation,20,0.9766
6,Villager 3,deck,113,Dark Gray,18,0.8789
6,Villager 3,deck,114,White Magical Hat,18,0.8789
6,Villager 3,deck,116,Nightmare Scorpion,18,0.8789
6,Villager 3,deck,118,Supporter in the Shadows,10,0.4883
6,Villager 3,deck,132,The 13th Grave,4,0.1953
6,Villager 3,deck,133,Charubin the Fire Knight,18,0.8789
6,Villager 3,deck,135,Fiend's Hand,1,0.0488
6,Villager 3,deck,138,Dragon Statue,10,0.4883
6,Villager 3,deck,139,Blue-eyed Silver Zombie,20,0.9766
6,Villager 3,deck,140,Toad Master,20,0.9766
6,Villager 3,deck,141,Spiked Snail,10,0.4883
6,Villager 3,deck,142,Flame Manipulator,18,0.8789
6,Villager 3,deck,143,Necrolancer the Timelord,18,0.8789
6,Villager 3,deck,144,Djinn the Watcher of the Wind,10,0.4883
6,Villager 3,deck,146,Temple of Skulls,1,0.0488
6,Villager 3,deck,152,The Melting Red Shadow,1,0.0488
6,Villager 3,deck,153,Dokuroizo the Grim Reaper,4,0.1953
6,Villager 3,deck,154,Fire Reaper,1,0.0488
6,Villager 3,deck,155,Larvas,20,0.9766
6,Villager 3,deck,167,Ancient Jar,1,0.0488
6,Villager 3,deck,169,Dark King of the Abyss,10,0.4883
6,Villager 3,deck,172,Armaill,10,0.4883
6,Villager 3,deck,173,Dark Prisoner,10,0.4883
6,Villager 3,deck,175,Ancient Brain,18,0.8789
6,Villager 3,deck,177,Monsturtle,40,1.9531
6,Villager 3,deck,178,Claw Reacher,20,0.9766
6,Villager 3,deck,180,Arlownay,20,0.9766
6,Villager 3,deck,181,Dark Shade,10,0.4883
6,Villager 3,deck,188,Synchar,18,0.8789
6,Villager 3,deck,189,Fusionist,10,0.4883
6,Villager 3,deck,190,Akakieisu,20,0.9766
6,Villager 3,deck,191,LaLa Li-oon,1,0.0488
6,Villager 3,deck,196,Arma Knight,1,0.0488
6,Villager 3,deck,197,Mech Mole Zombie,1,0.0488
6,Villager 3,deck,199,Penguin Knight,38,1.8555
6,Villager 3,deck,203,Phantom Ghost,1,0.0488
6,Villager 3,deck,205,Dorover,38,1.8555
6,Villager 3,deck,206,Twin Long Rods #1,20,0.9766
6,Villager 3,deck,211,Kaminarikozou,1,0.0488
6,Villager 3,deck,215,Flame Ghost,46,2.2461
6,Villager 3,deck,218,Two-mouth Darkruler,8,0.3906
6,Villager 3,deck,224,Trap Master,8,0.3906
6,Villager 3,deck,226,Skull Stalker,16,0.7812
6,Villager 3,deck,227,Hitodenchak,1,0.0488
6,Villager 3,deck,228,Wood Remains,38,1.8555
6,Villager 3,deck,231,Wood Clown,8,0.3906
6,Villager 3,deck,237,Haniwa,1,0.0488
6,Villager 3,deck,239,Vishwar Randi,8,0.3906
6,Villager 3,deck,241,Dark Assailant,1,0.0488
6,Villager 3,deck,243,Water Element,20,0.9766
6,Villager 3,deck,244,Dissolverock,38,1.8555
6,Villager 3,deck,247,Root Water,16,0.7812
6,Villager 3,deck,250,Hyo,8,0.3906
6,Villager 3,deck,252,Nekogal #1,8,0.3906
6,Villager 3,deck,253,Angelwitch,20,0.9766
6,Villager 3,deck,257,Stone Armadiller,20,0.9766
6,Villager 3,deck,258,Beastking of the Swamps,2,0.0977
6,Villager 3,deck,260,Lunar Queen Elzaim,16,0.7812
6,Villager 3,deck,263,Rock Ogre Grotto #2,2,0.0977
6,Villager 3,deck,264,Wing Egg Elf,20,0.9766
6,Villager 3,deck,265,The Furious Sea King,2,0.0977
6,Villager 3,deck,266,Princess of Tsurugi,8,0.3906
6,Villager 3,deck,269,Versago the Destroyer,8,0.3906
6,Villager 3,deck,270,Wetha,38,1.8555
6,Villager 3,deck,276,Ray & Temperature,8,0.3906
6,Villager 3,deck,277,Gorgon Egg,8,0.3906
6,Villager 3,deck,279,King Fog,16,0.7812
6,Villager 3,deck,282,Mystical Sheep #2,20,0.9766
6,Villager 3,deck,283,Holograh,20,0.9766
6,Villager 3,deck,288,Dark Artist,8,0.3906
6,Villager 3,deck,289,Change Slime,1,0.0488
6,Villager 3,deck,292,Psychic Kappa,1,0.0488
6,Villager 3,deck,295,Bio Plant,16,0.7812
6,Villager 3,deck,296,One-eyed Shield Dragon,8,0.3906
6,Villager 3,deck,298,Wicked Dragon with the Ersatz Head,20,0.9766
6,Villager 3,deck,300,Kurama,8,0.3906
6,Villager 3,deck,339,Red Medicine,64,3.125
6,Villager 3,deck,345,Final Flame,32,1.5625
6,Villager 3,deck,359,Three-legged Zombies,38,1.8555
6,Villager 3,deck,361,Flying Penguin,1,0.0488
6,Villager 3,deck,367,Jirai Gumo,1,0.0488
6,Villager 3,deck,387,Mystic Lamp,2,0.0977
6,Villager 3,deck,393,Zone Eater,1,0.0488
6,Villager 3,deck,394,Steel Scorpion,2,0.0977
6,Villager 3,deck,395,Dancing Elf,2,0.0977
6,Villager 3,deck,397,Leghul,2,0.0977
6,Villager 3,deck,398,Ooguchi,1,0.0488
6,Villager 3,deck,399,Swordsman from a Foreign Land,2,0.0977
6,Villager 3,deck,402,Monster Eye,2,0.0977
6,Villager 3,deck,410,Mechanical Spider,2,0.0977
6,Villager 3,deck,411,Bat,2,0.0977
6,Villager 3,deck,417,Blast Juggler,16,0.7812
6,Villager 3,deck,422,Jinzo #7,2,0.0977
6,Villager 3,deck,429,Goddess of Whim,12,0.5859
6,Villager 3,deck,430,Water Magician,1,0.0488
6,Villager 3,deck,431,Ice Water,6,0.293
6,Villager 3,deck,432,Waterdragon Fairy,46,2.2461
6,Villager 3,deck,435,Water Girl,1,0.0488
6,Villager 3,deck,444,Turu-Purun,1,0.0488
6,Villager 3,deck,445,Guardian of the Sea,1,0.0488
6,Villager 3,deck,446,Aqua Snake,30,1.4648
6,Villager 3,deck,450,Kappa Avenger,2,0.0977
6,Villager 3,deck,451,Kanikabuto,6,0.293
6,Villager 3,deck,452,Zarigun,1,0.0488
6,Villager 3,deck,455,Barrel Rock,1,0.0488
6,Villager 3,deck,457,Stone Ghost,1,0.0488
6,Villager 3,deck,461,Bolt Penguin,38,1.8555
6,Villager 3,deck,463,Electric Snake,38,1.8555
6,Villager 3,deck,474,Sea Kamen,1,0.0488
6,Villager 3,deck,477,Alinsection,12,0.5859
6,Villager 3,deck,478,Insect Soldiers of the Sky,20,0.9766
6,Villager 3,deck,479,Cockroach Knight,16,0.7812
6,Villager 3,deck,481,Burglar,12,0.5859
6,Villager 3,deck,484,Ameba,1,0.0488
6,Villager 3,deck,489,Barrel Lily,16,0.7812
6,Villager 3,deck,503,Turtle Raccoon,20,0.9766
6,Villager 3,deck,505,Prisman,46,2.2461
6,Villager 3,deck,516,Muka Muka,1,0.0488
6,Villager 3,deck,524,Star Boy,1,0.0488
6,Villager 3,deck,530,Eldeen,12,0.5859
6,Villager 3,deck,534,Minar,8,0.3906
6,Villager 3,deck,537,Mega Thunderball,1,0.0488
6,Villager 3,deck,538,Niwatori,16,0.7812
6,Villager 3,deck,539,Corroding Shark,46,2.2461
6,Villager 3,deck,548,Bone Mouse,1,0.0488
6,Villager 3,deck,549,Frog The Jam,1,0.0488
6,Villager 3,deck,550,Behegon,1,0.0488
6,Villager 3,deck,556,The Wandering Doomed,1,0.0488
6,Villager 3,deck,558,Pot the Trick,1,0.0488
6,Villager 3,deck,559,Oscillo Hero,12,0.5859
6,Villager 3,deck,568,Anthrosaurus,16,0.7812
6,Villager 3,deck,569,Drooling Lizard,16,0.7812
6,Villager 3,deck,573,Little D,20,0.9766
6,Villager 3,deck,580,Patrol Robo,8,0.3906
6,Villager 3,deck,583,Weather Report,1,0.0488
6,Villager 3,deck,585,Mechanical Snail,20,0.9766
6,Villager 3,deck,588,Living Vase,8,0.3906
6,Villager 3,deck,590,Beaked Snake,16,0.7812
6,Villager 3,deck,591,Morphing Jar,1,0.0488
6,Villager 3,deck,592,Muse-A,16,0.7812
6,Villager 3,deck,599,Violent Rain,1,0.0488
6,Villager 3,deck,602,Penguin Soldier,1,0.0488
6,Villager 3,deck,605,Liquid Beast,44,2.1484
6,Villager 3,deck,606,Twin Long Rods #2,6,0.293
6,Villager 3,deck,610,Electric Lizard,30,1.4648
6,Villager 3,deck,612,Lady of Faith,16,0.7812
6,Villager 3,deck,615,Armored Starfish,1,0.0488
6,Villager 3,deck,634,Night Lizard,1,0.0488
6,Villager 3,deck,640,Acid Crawler,8,0.3906
6,Villager 3,deck,646,Gruesome Goo,20,0.9766
6,Villager 3,deck,647,Hyosube,1,0.0488
7,Seto,S/A POW,8,Mushroom Man,44,2.1484
7,Seto,S/A POW,19,Right Arm of the Forbidden One,5,0.2441
7,Seto,S/A POW,40,Dragon Piper,21,1.0254
7,Seto,S/A POW,50,Basic Insect,20,0.9766
7,Seto,S/A POW,75,Man-eating Plant,116,5.6641
7,Seto,S/A POW,76,Krokodilus,44,2.1484
7,Seto,S/A POW,98,Clown Zombie,20,0.9766
7,Seto,S/A POW,101,Wings of Wicked Flame,44,2.1484
7,Seto,S/A POW,104,Curtain of the Dark Ones,20,0.9766
7,Seto,S/A POW,107,Kageningen,20,0.9766
7,Seto,S/A POW,122,Yamatano Dragon Scroll,20,0.9766
7,Seto,S/A POW,123,Dark Plant,20,0.9766
7,Seto,S/A POW,130,Weather Control,20,0.9766
7,Seto,S/A POW,133,Charubin the Fire Knight,20,0.9766
7,Seto,S/A POW,134,Mystical Capture Chain,20,0.9766
7,Seto,S/A POW,135,Fiend's Hand,20,0.9766
7,Seto,S/A POW,137,Mystery Hand,20,0.9766
7,Seto,S/A POW,145,The Bewitching Phantom Thief,20,0.9766
7,Seto,S/A POW,152,The Melting Red Shadow,20,0.9766
7,Seto,S/A POW,154,Fire Reaper,20,0.9766
7,Seto,S/A POW,157,Firegrass,44,2.1484
7,Seto,S/A POW,158,Man Eater,44,2.1484
7,Seto,S/A POW,159,Dig Beak,20,0.9766
7,Seto,S/A POW,174,Hurricail,20,0.9766
7,Seto,S/A POW,176,Fire Eye,44,2.1484
7,Seto,S/A POW,179,Phantom Dewan,20,0.9766
7,Seto,S/A POW,180,Arlownay,20,0.9766
7,Seto,S/A POW,182,Masked Clown,20,0.9766
7,Seto,S/A POW,183,Lucky Trinket,20,0.9766
7,Seto,S/A POW,185,Eyearmor,20,0.9766
7,Seto,S/A POW,191,LaLa Li-oon,20,0.9766
7,Seto,S/A POW,195,Doron,20,0.9766
7,Seto,S/A POW,198,Happy Lover,20,0.9766
7,Seto,S/A POW,200,Petit Dragon,20,0.9766
7,Seto,S/A POW,202,Air Marmot of Nefariousness,20,0.9766
7,Seto,S/A POW,203,Phantom Ghost,20,0.9766
7,Seto,S/A POW,207,Droll Bird,21,1.0254
7,Seto,S/A POW,209,Winged Cleaver,21,1.0254
7,Seto,S/A POW,210,Hinotama Soul,38,1.8555
7,Seto,S/A POW,211,Kaminarikozou,21,1.0254
7,Seto,S/A POW,212,Meotoko,21,1.0254
7,Seto,S/A POW,214,Kagemusha of the Blue Flame,21,1.0254
7,Seto,S/A POW,222,Midnight Fiend,21,1.0254
7,Seto,S/A POW,227,Hitodenchak,21,1.0254
7,Seto,S/A POW,229,Hourglass of Life,21,1.0254
7,Seto,S/A POW,232,Madjinn Gunn,21,1.0254
7,Seto,S/A POW,237,Haniwa,21,1.0254
7,Seto,S/A POW,242,Candle of Fate,21,1.0254
7,Seto,S/A POW,245,Meda Bat,21,1.0254
7,Seto,S/A POW,254,Embryonic Beast,21,1.0254
7,Seto,S/A POW,261,Wicked Mirror,21,1.0254
7,Seto,S/A POW,268,Sectarian of Secrets,21,1.0254
7,Seto,S/A POW,273,Ancient Tree of Enlightenment,21,1.0254
7,Seto,S/A POW,274,Green Phantom King,21,1.0254
7,Seto,S/A POW,285,Serpent Marauder,21,1.0254
7,Seto,S/A POW,291,Fireyarou,21,1.0254
7,Seto,S/A POW,292,Psychic Kappa,21,1.0254
7,Seto,S/A POW,330,Forest,34,1.6602
7,Seto,S/A POW,343,Sparks,16,0.7812
7,Seto,S/A POW,420,Cyber-Stein,21,1.0254
7,Seto,S/A POW,452,Zarigun,21,1.0254
7,Seto,S/A POW,476,Ganigumo,21,1.0254
7,Seto,S/A POW,486,Boo Koo,21,1.0254
7,Seto,S/A POW,488,Rainbow Flower,21,1.0254
7,Seto,S/A POW,492,Hoshiningen,21,1.0254
7,Seto,S/A POW,501,Man-eater Bug,21,1.0254
7,Seto,S/A POW,506,Gale Dogra,21,1.0254
7,Seto,S/A POW,510,Laughing Flower,44,2.1484
7,Seto,S/A POW,524,Star Boy,21,1.0254
7,Seto,S/A POW,536,Mechaleon,21,1.0254
7,Seto,S/A POW,540,Skelengel,21,1.0254
7,Seto,S/A POW,544,Dharma Cannon,21,1.0254
7,Seto,S/A POW,547,Griggle,21,1.0254
7,Seto,S/A POW,549,Frog The Jam,21,1.0254
7,Seto,S/A POW,556,The Wandering Doomed,21,1.0254
7,Seto,S/A POW,567,Darkworld Thorns,21,1.0254
7,Seto,S/A POW,579,Abyss Flower,44,2.1484
7,Seto,S/A POW,589,Tentacle Plant,44,2.1484
7,Seto,S/A POW,591,Morphing Jar,21,1.0254
7,Seto,S/A POW,598,Little Chimera,21,1.0254
7,Seto,S/A POW,602,Penguin Soldier,21,1.0254
7,Seto,S/A POW,609,Bladefly,21,1.0254
7,Seto,S/A POW,611,Hiro's Shadow Scout,21,1.0254
7,Seto,S/A POW,620,Snakeyashi,21,1.0254
7,Seto,B/C/D,8,Mushroom Man,42,2.0508
7,Seto,B/C/D,19,Right Arm of the Forbidden One,5,0.2441
7,Seto,B/C/D,50,Basic Insect,21,1.0254
7,Seto,B/C/D,75,Man-eating Plant,115,5.6152
7,Seto,B/C/D,98,Clown Zombie,21,1.0254
7,Seto,B/C/D,101,Wings of Wicked Flame,42,2.0508
7,Seto,B/C/D,104,Curtain of the Dark Ones,21,1.0254
7,Seto,B/C/D,107,Kageningen,21,1.0254
7,Seto,B/C/D,122,Yamatano Dragon Scroll,21,1.0254
7,Seto,B/C/D,123,Dark Plant,21,1.0254
7,Seto,B/C/D,130,Weather Control,21,1.0254
7,Seto,B/C/D,133,Charubin the Fire Knight,21,1.0254
7,Seto,B/C/D,134,Mystical Capture Chain,21,1.0254
7,Seto,B/C/D,135,Fiend's Hand,21,1.0254
7,Seto,B/C/D,137,Mystery Hand,21,1.0254
7,Seto,B/C/D,145,The Bewitching Phantom Thief,21,1.0254
7,Seto,B/C/D,152,The Melting Red Shadow,21,1.0254
7,Seto,B/C/D,154,Fire Reaper,21,1.0254
7,Seto,B/C/D,157,Firegrass,42,2.0508
7,Seto,B/C/D,158,Man Eater,42,2.0508
7,Seto,B/C/D,159,Dig Beak,21,1.0254
7,Seto,B/C/D,174,Hurricail,21,1.0254
7,Seto,B/C/D,176,Fire Eye,38,1.8555
7,Seto,B/C/D,179,Phantom Dewan,21,1.0254
7,Seto,B/C/D,180,Arlownay,21,1.0254
7,Seto,B/C/D,182,Masked Clown,21,1.0254
7,Seto,B/C/D,183,Lucky Trinket,21,1.0254
7,Seto,B/C/D,185,Eyearmor,21,1.0254
7,Seto,B/C/D,191,LaLa Li-oon,21,1.0254
7,Seto,B/C/D,195,Doron,21,1.0254
7,Seto,B/C/D,198,Happy Lover,21,1.0254
7,Seto,B/C/D,200,Petit Dragon,21,1.0254
7,Seto,B/C/D,202,Air Marmot of Nefariousness,21,1.0254
7,Seto,B/C/D,203,Phantom Ghost,21,1.0254
7,Seto,B/C/D,207,Droll Bird,21,1.0254
7,Seto,B/C/D,209,Winged Cleaver,21,1.0254
7,Seto,B/C/D,210,Hinotama Soul,41,2.002
7,Seto,B/C/D,211,Kaminarikozou,21,1.0254
7,Seto,B/C/D,212,Meotoko,21,1.0254
7,Seto,B/C/D,214,Kagemusha of the Blue Flame,21,1.0254
7,Seto,B/C/D,222,Midnight Fiend,21,1.0254
7,Seto,B/C/D,227,Hitodenchak,21,1.0254
7,Seto,B/C/D,229,Hourglass of Life,21,1.0254
7,Seto,B/C/D,232,Madjinn Gunn,21,1.0254
7,Seto,B/C/D,237,Haniwa,21,1.0254
7,Seto,B/C/D,242,Candle of Fate,21,1.0254
7,Seto,B/C/D,245,Meda Bat,22,1.0742
7,Seto,B/C/D,254,Embryonic Beast,22,1.0742
7,Seto,B/C/D,261,Wicked Mirror,22,1.0742
7,Seto,B/C/D,268,Sectarian of Secrets,22,1.0742
7,Seto,B/C/D,285,Serpent Marauder,22,1.0742
7,Seto,B/C/D,292,Psychic Kappa,22,1.0742
7,Seto,B/C/D,302,Sword of Dark Destruction,18,0.8789
7,Seto,B/C/D,308,Beast Fangs,18,0.8789
7,Seto,B/C/D,330,Forest,35,1.709
7,Seto,B/C/D,343,Sparks,18,0.8789
7,Seto,B/C/D,344,Hinotama,18,0.8789
7,Seto,B/C/D,420,Cyber-Stein,22,1.0742
7,Seto,B/C/D,452,Zarigun,22,1.0742
7,Seto,B/C/D,476,Ganigumo,22,1.0742
7,Seto,B/C/D,486,Boo Koo,22,1.0742
7,Seto,B/C/D,488,Rainbow Flower,22,1.0742
7,Seto,B/C/D,492,Hoshiningen,22,1.0742
7,Seto,B/C/D,501,Man-eater Bug,22,1.0742
7,Seto,B/C/D,506,Gale Dogra,22,1.0742
7,Seto,B/C/D,510,Laughing Flower,44,2.1484
7,Seto,B/C/D,524,Star Boy,22,1.0742
7,Seto,B/C/D,536,Mechaleon,22,1.0742
7,Seto,B/C/D,540,Skelengel,22,1.0742
7,Seto,B/C/D,544,Dharma Cannon,22,1.0742
7,Seto,B/C/D,547,Griggle,22,1.0742
7,Seto,B/C/D,549,Frog The Jam,22,1.0742
7,Seto,B/C/D,556,The Wandering Doomed,22,1.0742
7,Seto,B/C/D,579,Abyss Flower,44,2.1484
7,Seto,B/C/D,589,Tentacle Plant,44,2.1484
7,Seto,B/C/D,591,Morphing Jar,22,1.0742
7,Seto,B/C/D,598,Little Chimera,22,1.0742
7,Seto,B/C/D,602,Penguin Soldier,22,1.0742
7,Seto,B/C/D,609,Bladefly,22,1.0742
7,Seto,B/C/D,611,Hiro's Shadow Scout,22,1.0742
7,Seto,B/C/D,677,Hamburger Recipe,18,0.8789
7,Seto,B/C/D,682,Eatgaboon,18,0.8789
7,Seto,B/C/D,683,Bear Trap,18,0.8789
7,Seto,B/C/D,687,Goblin Fan,18,0.8789
7,Seto,S/A TEC,8,Mushroom Man,40,1.9531
7,Seto,S/A TEC,19,Right Arm of the Forbidden One,5,0.2441
7,Seto,S/A TEC,50,Basic Insect,17,0.8301
7,Seto,S/A TEC,75,Man-eating Plant,100,4.8828
7,Seto,S/A TEC,98,Clown Zombie,19,0.9277
7,Seto,S/A TEC,101,Wings of Wicked Flame,40,1.9531
7,Seto,S/A TEC,104,Curtain of the Dark Ones,19,0.9277
7,Seto,S/A TEC,107,Kageningen,19,0.9277
7,Seto,S/A TEC,122,Yamatano Dragon Scroll,19,0.9277
7,Seto,S/A TEC,123,Dark Plant,19,0.9277
7,Seto,S/A TEC,130,Weather Control,19,0.9277
7,Seto,S/A TEC,133,Charubin the Fire Knight,19,0.9277
7,Seto,S/A TEC,134,Mystical Capture Chain,19,0.9277
7,Seto,S/A TEC,135,Fiend's Hand,19,0.9277
7,Seto,S/A TEC,137,Mystery Hand,19,0.9277
7,Seto,S/A TEC,145,The Bewitching Phantom Thief,20,0.9766
7,Seto,S/A TEC,152,The Melting Red Shadow,19,0.9277
7,Seto,S/A TEC,154,Fire Reaper,19,0.9277
7,Seto,S/A TEC,157,Firegrass,38,1.8555
7,Seto,S/A TEC,158,Man Eater,38,1.8555
7,Seto,S/A TEC,159,Dig Beak,18,0.8789
7,Seto,S/A TEC,174,Hurricail,18,0.8789
7,Seto,S/A TEC,176,Fire Eye,38,1.8555
7,Seto,S/A TEC,179,Phantom Dewan,18,0.8789
7,Seto,S/A TEC,180,Arlownay,18,0.8789
7,Seto,S/A TEC,182,Masked Clown,18,0.8789
7,Seto,S/A TEC,183,Lucky Trinket,18,0.8789
7,Seto,S/A TEC,185,Eyearmor,18,0.8789
7,Seto,S/A TEC,191,LaLa Li-oon,18,0.8789
7,Seto,S/A TEC,195,Doron,18,0.8789
7,Seto,S/A TEC,198,Happy Lover,18,0.8789
7,Seto,S/A TEC,200,Petit Dragon,18,0.8789
7,Seto,S/A TEC,202,Air Marmot of Nefariousness,18,0.8789
7,Seto,S/A TEC,203,Phantom Ghost,18,0.8789
7,Seto,S/A TEC,207,Droll Bird,18,0.8789
7,Seto,S/A TEC,209,Winged Cleaver,18,0.8789
7,Seto,S/A TEC,210,Hinotama Soul,38,1.8555
7,Seto,S/A TEC,211,Kaminarikozou,18,0.8789
7,Seto,S/A TEC,212,Meotoko,18,0.8789
7,Seto,S/A TEC,214,Kagemusha of the Blue Flame,18,0.8789
7,Seto,S/A TEC,222,Midnight Fiend,18,0.8789
7,Seto,S/A TEC,227,Hitodenchak,18,0.8789
7,Seto,S/A TEC,229,Hourglass of Life,18,0.8789
7,Seto,S/A TEC,232,Madjinn Gunn,18,0.8789
7,Seto,S/A TEC,237,Haniwa,18,0.8789
7,Seto,S/A TEC,242,Candle of Fate,18,0.8789
7,Seto,S/A TEC,245,Meda Bat,18,0.8789
7,Seto,S/A TEC,254,Embryonic Beast,18,0.8789
7,Seto,S/A TEC,261,Wicked Mirror,18,0.8789
7,Seto,S/A TEC,268,Sectarian of Secrets,18,0.8789
7,Seto,S/A TEC,285,Serpent Marauder,18,0.8789
7,Seto,S/A TEC,292,Psychic Kappa,18,0.8789
7,Seto,S/A TEC,302,Sword of Dark Destruction,20,0.9766
7,Seto,S/A TEC,308,Beast Fangs,20,0.9766
7,Seto,S/A TEC,310,Vile Germs,18,0.8789
7,Seto,S/A TEC,324,Invigoration,18,0.8789
7,Seto,S/A TEC,328,Power of Kaishin,18,0.8789
7,Seto,S/A TEC,330,Forest,42,2.0508
7,Seto,S/A TEC,336,Dark Hole,32,1.5625
7,Seto,S/A TEC,337,Raigeki,18,0.8789
7,Seto,S/A TEC,343,Sparks,20,0.9766
7,Seto,S/A TEC,344,Hinotama,20,0.9766
7,Seto,S/A TEC,345,Final Flame,20,0.9766
7,Seto,S/A TEC,420,Cyber-Stein,18,0.8789
7,Seto,S/A TEC,452,Zarigun,18,0.8789
7,Seto,S/A TEC,476,Ganigumo,18,0.8789
7,Seto,S/A TEC,486,Boo Koo,18,0.8789
7,Seto,S/A TEC,488,Rainbow Flower,18,0.8789
7,Seto,S/A TEC,492,Hoshiningen,18,0.8789
7,Seto,S/A TEC,501,Man-eater Bug,18,0.8789
7,Seto,S/A TEC,506,Gale Dogra,18,0.8789
7,Seto,S/A TEC,510,Laughing Flower,38,1.8555
7,Seto,S/A TEC,524,Star Boy,18,0.8789
7,Seto,S/A TEC,536,Mechaleon,18,0.8789
7,Seto,S/A TEC,540,Skelengel,18,0.8789
7,Seto,S/A TEC,544,Dharma Cannon,18,0.8789
7,Seto,S/A TEC,547,Griggle,18,0.8789
7,Seto,S/A TEC,549,Frog The Jam,18,0.8789
7,Seto,S/A TEC,556,The Wandering Doomed,18,0.8789
7,Seto,S/A TEC,579,Abyss Flower,38,1.8555
7,Seto,S/A TEC,589,Tentacle Plant,38,1.8555
7,Seto,S/A TEC,591,Morphing Jar,18,0.8789
7,Seto,S/A TEC,598,Little Chimera,18,0.8789
7,Seto,S/A TEC,602,Penguin Soldier,18,0.8789
7,Seto,S/A TEC,609,Bladefly,18,0.8789
7,Seto,S/A TEC,611,Hiro's Shadow Scout,18,0.8789
7,Seto,S/A TEC,656,Eternal Rest,32,1.5625
7,Seto,S/A TEC,666,Yamadron Ritual,18,0.8789
7,Seto,S/A TEC,677,Hamburger Recipe,18,0.8789
7,Seto,S/A TEC,682,Eatgaboon,20,0.9766
7,Seto,S/A TEC,683,Bear Trap,20,0.9766
7,Seto,S/A TEC,684,Invisible Wire,20,0.9766
7,Seto,S/A TEC,687,Goblin Fan,20,0.9766
7,Seto,S/A TEC,688,Bad Reaction to Simochi,20,0.9766
7,Seto,S/A TEC,690,Fake Trap,18,0.8789
7,Seto,deck,3,Hitotsu-me Giant,12,0.5859
7,Seto,deck,5,Ryu-kishin,12,0.5859
7,Seto,deck,8,Mushroom Man,1,0.0488
7,Seto,deck,9,Shadow Specter,48,2.3438
7,Seto,deck,16,Time Wizard,48,2.3438
7,Seto,deck,23,The Wicked Worm Beast,12,0.5859
7,Seto,deck,26,Battle Ox,12,0.5859
7,Seto,deck,27,Beaver Warrior,64,3.125
7,Seto,deck,34,Saggi the Dark Clown,12,0.5859
7,Seto,deck,38,Gaia the Fierce Knight,8,0.3906
7,Seto,deck,40,Dragon Piper,1,0.0488
7,Seto,deck,58,Kuriboh,64,3.125
7,Seto,deck,75,Man-eating Plant,1,0.0488
7,Seto,deck,76,Krokodilus,1,0.0488
7,Seto,deck,77,Grappler,12,0.5859
7,Seto,deck,91,Mystic Horseman,12,0.5859
7,Seto,deck,101,Wings of Wicked Flame,1,0.0488
7,Seto,deck,105,Tomozaurus,48,2.3438
7,Seto,deck,123,Dark Plant,64,3.125
7,Seto,deck,130,Weather Control,32,1.5625
7,Seto,deck,133,Charubin the Fire Knight,1,0.0488
7,Seto,deck,137,Mystery Hand,32,1.5625
7,Seto,deck,157,Firegrass,1,0.0488
7,Seto,deck,158,Man Eater,1,0.0488
7,Seto,deck,167,Ancient Jar,32,1.5625
7,Seto,deck,176,Fire Eye,1,0.0488
7,Seto,deck,180,Arlownay,1,0.0488
7,Seto,deck,192,Key Mace,48,2.3438
7,Seto,deck,197,Mech Mole Zombie,48,2.3438
7,Seto,deck,202,Air Marmot of Nefariousness,32,1.5625
7,Seto,deck,210,Hinotama Soul,12,0.5859
7,Seto,deck,237,Haniwa,32,1.5625
7,Seto,deck,238,Yashinoki,1,0.0488
7,Seto,deck,273,Ancient Tree of Enlightenment,1,0.0488
7,Seto,deck,274,Green Phantom King,1,0.0488
7,Seto,deck,289,Change Slime,48,2.3438
7,Seto,deck,291,Fireyarou,1,0.0488
7,Seto,deck,330,Forest,12,0.5859
7,Seto,deck,331,Wasteland,12,0.5859
7,Seto,deck,332,Mountain,12,0.5859
7,Seto,deck,333,Sogen,12,0.5859
7,Seto,deck,334,Umi,12,0.5859
7,Seto,deck,335,Yami,12,0.5859
7,Seto,deck,336,Dark Hole,64,3.125
7,Seto,deck,341,Soul of the Pure,10,0.4883
7,Seto,deck,346,Ookazi,10,0.4883
7,Seto,deck,348,Swords of Revealing Light,32,1.5625
7,Seto,deck,349,Spellbinding Circle,32,1.5625
7,Seto,deck,377,Ryu-kishin Powered,12,0.5859
7,Seto,deck,379,La Jinn the Mystical Genie,12,0.5859
7,Seto,deck,387,Mystic Lamp,48,2.3438
7,Seto,deck,397,Leghul,32,1.5625
7,Seto,deck,402,Monster Eye,32,1.5625
7,Seto,deck,410,Mechanical Spider,48,2.3438
7,Seto,deck,411,Bat,32,1.5625
7,Seto,deck,422,Jinzo #7,48,2.3438
7,Seto,deck,428,Magician of Faith,48,2.3438
7,Seto,deck,436,White Dolphin,48,2.3438
7,Seto,deck,444,Turu-Purun,32,1.5625
7,Seto,deck,469,Armed Ninja,32,1.5625
7,Seto,deck,484,Ameba,32,1.5625
7,Seto,deck,485,Korogashi,32,1.5625
7,Seto,deck,488,Rainbow Flower,64,3.125
7,Seto,deck,489,Barrel Lily,1,0.0488
7,Seto,deck,504,Fungi of the Musk,48,2.3438
7,Seto,deck,510,Laughing Flower,1,0.0488
7,Seto,deck,511,Bean Soldier,1,0.0488
7,Seto,deck,516,Muka Muka,48,2.3438
7,Seto,deck,541,Hane-Hane,32,1.5625
7,Seto,deck,547,Griggle,64,3.125
7,Seto,deck,548,Bone Mouse,48,2.3438
7,Seto,deck,558,Pot the Trick,64,3.125
7,Seto,deck,563,Wretched Ghost of the Attic,32,1.5625
7,Seto,deck,567,Darkworld Thorns,1,0.0488
7,Seto,deck,579,Abyss Flower,4,0.1953
7,Seto,deck,588,Living Vase,1,0.0488
7,Seto,deck,589,Tentacle Plant,12,0.5859
7,Seto,deck,620,Snakeyashi,1,0.0488
7,Seto,deck,635,Queen's Double,32,1.5625
7,Seto,deck,644,Flame Viper,64,3.125
7,Seto,deck,670,Black Luster Ritual,64,3.125
8,Heishin,S/A POW,2,Mystical Elf,22,1.0742
8,Heishin,S/A POW,19,Right Arm of the Forbidden One,6,0.293
8,Heishin,S/A POW,20,Left Arm of the Forbidden One,4,0.1953
8,Heishin,S/A POW,21,Exodia the Forbidden,4,0.1953
8,Heishin,S/A POW,30,Zombie Warrior,22,1.0742
8,Heishin,S/A POW,34,Saggi the Dark Clown,22,1.0742
8,Heishin,S/A POW,35,Dark Magician,4,0.1953
8,Heishin,S/A POW,36,The Snake Hair,22,1.0742
8,Heishin,S/A POW,38,Gaia the Fierce Knight,28,1.3672
8,Heishin,S/A POW,42,Illusionist Faceless Mage,22,1.0742
8,Heishin,S/A POW,44,Rogue Doll,22,1.0742
8,Heishin,S/A POW,74,Giant Soldier of Stone,22,1.0742
8,Heishin,S/A POW,79,Megazowler,24,1.1719
8,Heishin,S/A POW,90,Gyakutenno Megami,24,1.1719
8,Heishin,S/A POW,96,Armored Zombie,22,1.0742
8,Heishin,S/A POW,97,Dragon Zombie,22,1.0742
8,Heishin,S/A POW,98,Clown Zombie,22,1.0742
8,Heishin,S/A POW,99,Pumpking the King of Ghosts,48,2.3438
8,Heishin,S/A POW,104,Curtain of the Dark Ones,22,1.0742
8,Heishin,S/A POW,106,Spirit of the Winds,22,1.0742
8,Heishin,S/A POW,108,Graveyard and the Hand of Invitation,22,1.0742
8,Heishin,S/A POW,114,White Magical Hat,22,1.0742
8,Heishin,S/A POW,115,Kamion Wizard,22,1.0742
8,Heishin,S/A POW,129,Nemuriko,22,1.0742
8,Heishin,S/A POW,132,The 13th Grave,22,1.0742
8,Heishin,S/A POW,135,Fiend's Hand,22,1.0742
8,Heishin,S/A POW,139,Blue-eyed Silver Zombie,22,1.0742
8,Heishin,S/A POW,142,Flame Manipulator,22,1.0742
8,Heishin,S/A POW,143,Necrolancer the Timelord,22,1.0742
8,Heishin,S/A POW,144,Djinn the Watcher of the Wind,22,1.0742
8,Heishin,S/A POW,145,The Bewitching Phantom Thief,22,1.0742
8,Heishin,S/A POW,154,Fire Reaper,22,1.0742
8,Heishin,S/A POW,174,Hurricail,20,0.9766
8,Heishin,S/A POW,179,Phantom Dewan,20,0.9766
8,Heishin,S/A POW,183,Lucky Trinket,20,0.9766
8,Heishin,S/A POW,184,Genin,20,0.9766
8,Heishin,S/A POW,190,Akakieisu,20,0.9766
8,Heishin,S/A POW,203,Phantom Ghost,20,0.9766
8,Heishin,S/A POW,213,Aqua Madoor,20,0.9766
8,Heishin,S/A POW,215,Flame Ghost,20,0.9766
8,Heishin,S/A POW,220,Masked Sorcerer,20,0.9766
8,Heishin,S/A POW,223,Roaring Ocean Snake,24,1.1719
8,Heishin,S/A POW,228,Wood Remains,22,1.0742
8,Heishin,S/A POW,237,Haniwa,22,1.0742
8,Heishin,S/A POW,244,Dissolverock,22,1.0742
8,Heishin,S/A POW,253,Angelwitch,22,1.0742
8,Heishin,S/A POW,257,Stone Armadiller,22,1.0742
8,Heishin,S/A POW,259,Ancient Sorcerer,22,1.0742
8,Heishin,S/A POW,263,Rock Ogre Grotto #2,22,1.0742
8,Heishin,S/A POW,268,Sectarian of Secrets,22,1.0742
8,Heishin,S/A POW,366,Labyrinth Wall,22,1.0742
8,Heishin,S/A POW,368,Shadow Ghoul,22,1.0742
8,Heishin,S/A POW,370,Labyrinth Tank,4,0.1953
8,Heishin,S/A POW,371,Sanga of the Thunder,4,0.1953
8,Heishin,S/A POW,372,Kazejin,4,0.1953
8,Heishin,S/A POW,373,Suijin,4,0.1953
8,Heishin,S/A POW,385,Bickuribox,4,0.1953
8,Heishin,S/A POW,386,Harpie's Pet Dragon,4,0.1953
8,Heishin,S/A POW,390,Launcher Spider,4,0.1953
8,Heishin,S/A POW,391,Zoa,20,0.9766
8,Heishin,S/A POW,401,Ushi Oni,20,0.9766
8,Heishin,S/A POW,407,Machine King,20,0.9766
8,Heishin,S/A POW,426,Stone D.,48,2.3438
8,Heishin,S/A POW,427,Kaiser Dragon,4,0.1953
8,Heishin,S/A POW,442,Aqua Dragon,4,0.1953
8,Heishin,S/A POW,453,Millennium Golem,46,2.2461
8,Heishin,S/A POW,455,Barrel Rock,48,2.3438
8,Heishin,S/A POW,457,Stone Ghost,48,2.3438
8,Heishin,S/A POW,465,Punished Eagle,26,1.2695
8,Heishin,S/A POW,467,Crimson Sunbird,20,0.9766
8,Heishin,S/A POW,470,Magical Ghost,24,1.1719
8,Heishin,S/A POW,471,Soul Hunter,20,0.9766
8,Heishin,S/A POW,500,Dragon Seeker,20,0.9766
8,Heishin,S/A POW,505,Prisman,46,2.2461
8,Heishin,S/A POW,509,Bracchio-raidus,4,0.1953
8,Heishin,S/A POW,518,Boulder Tortoise,12,0.5859
8,Heishin,S/A POW,522,Monstrous Bird,26,1.2695
8,Heishin,S/A POW,525,Spirit of the Mountain,12,0.5859
8,Heishin,S/A POW,529,Flame Cerebrus,12,0.5859
8,Heishin,S/A POW,531,Mystical Sand,46,2.2461
8,Heishin,S/A POW,532,Gemini Elf,24,1.1719
8,Heishin,S/A POW,564,Great Mammoth of Goldfine,48,2.3438
8,Heishin,S/A POW,571,B. Dragon Jungle King,26,1.2695
8,Heishin,S/A POW,572,Empress Judge,26,1.2695
8,Heishin,S/A POW,593,Giant Turtle Who Feeds on Flames,12,0.5859
8,Heishin,S/A POW,594,Rose Spectre of Dunn,26,1.2695
8,Heishin,S/A POW,599,Violent Rain,46,2.2461
8,Heishin,S/A POW,613,Twin-headed Thunder Dragon,20,0.9766
8,Heishin,S/A POW,623,The Thing That Hides in the Mud,24,1.1719
8,Heishin,S/A POW,627,Nekogal #2,26,1.2695
8,Heishin,S/A POW,631,Maiden of the Moonlight,24,1.1719
8,Heishin,S/A POW,632,Stone Ogre Grotto,12,0.5859
8,Heishin,S/A POW,634,Night Lizard,24,1.1719
8,Heishin,S/A POW,645,Royal Guard,4,0.1953
8,Heishin,S/A POW,646,Gruesome Goo,46,2.2461
8,Heishin,S/A POW,707,Skull Knight,4,0.1953
8,Heishin,S/A POW,713,Meteor B. Dragon,4,0.1953
8,Heishin,S/A POW,714,Firewing Pegasus,4,0.1953
8,Heishin,B/C/D,2,Mystical Elf,26,1.2695
8,Heishin,B/C/D,19,Right Arm of the Forbidden One,6,0.293
8,Heishin,B/C/D,30,Zombie Warrior,26,1.2695
8,Heishin,B/C/D,34,Saggi the Dark Clown,26,1.2695
8,Heishin,B/C/D,36,The Snake Hair,26,1.2695
8,Heishin,B/C/D,42,Illusionist Faceless Mage,26,1.2695
8,Heishin,B/C/D,44,Rogue Doll,28,1.3672
8,Heishin,B/C/D,74,Giant Soldier of Stone,28,1.3672
8,Heishin,B/C/D,79,Megazowler,24,1.1719
8,Heishin,B/C/D,90,Gyakutenno Megami,24,1.1719
8,Heishin,B/C/D,96,Armored Zombie,28,1.3672
8,Heishin,B/C/D,97,Dragon Zombie,28,1.3672
8,Heishin,B/C/D,98,Clown Zombie,28,1.3672
8,Heishin,B/C/D,99,Pumpking the King of Ghosts,48,2.3438
8,Heishin,B/C/D,104,Curtain of the Dark Ones,28,1.3672
8,Heishin,B/C/D,106,Spirit of the Winds,28,1.3672
8,Heishin,B/C/D,108,Graveyard and the Hand of Invitation,28,1.3672
8,Heishin,B/C/D,114,White Magical Hat,28,1.3672
8,Heishin,B/C/D,115,Kamion Wizard,28,1.3672
8,Heishin,B/C/D,129,Nemuriko,28,1.3672
8,Heishin,B/C/D,132,The 13th Grave,28,1.3672
8,Heishin,B/C/D,135,Fiend's Hand,28,1.3672
8,Heishin,B/C/D,139,Blue-eyed Silver Zombie,28,1.3672
8,Heishin,B/C/D,142,Flame Manipulator,28,1.3672
8,Heishin,B/C/D,143,Necrolancer the Timelord,28,1.3672
8,Heishin,B/C/D,144,Djinn the Watcher of the Wind,28,1.3672
8,Heishin,B/C/D,145,The Bewitching Phantom Thief,28,1.3672
8,Heishin,B/C/D,154,Fire Reaper,28,1.3672
8,Heishin,B/C/D,174,Hurricail,28,1.3672
8,Heishin,B/C/D,179,Phantom Dewan,28,1.3672
8,Heishin,B/C/D,183,Lucky Trinket,28,1.3672
8,Heishin,B/C/D,184,Genin,28,1.3672
8,Heishin,B/C/D,190,Akakieisu,28,1.3672
8,Heishin,B/C/D,203,Phantom Ghost,28,1.3672
8,Heishin,B/C/D,213,Aqua Madoor,28,1.3672
8,Heishin,B/C/D,215,Flame Ghost,28,1.3672
8,Heishin,B/C/D,220,Masked Sorcerer,28,1.3672
8,Heishin,B/C/D,223,Roaring Ocean Snake,20,0.9766
8,Heishin,B/C/D,228,Wood Remains,28,1.3672
8,Heishin,B/C/D,237,Haniwa,28,1.3672
8,Heishin,B/C/D,244,Dissolverock,28,1.3672
8,Heishin,B/C/D,253,Angelwitch,28,1.3672
8,Heishin,B/C/D,257,Stone Armadiller,28,1.3672
8,Heishin,B/C/D,259,Ancient Sorcerer,28,1.3672
8,Heishin,B/C/D,263,Rock Ogre Grotto #2,28,1.3672
8,Heishin,B/C/D,268,Sectarian of Secrets,28,1.3672
8,Heishin,B/C/D,366,Labyrinth Wall,28,1.3672
8,Heishin,B/C/D,368,Shadow Ghoul,28,1.3672
8,Heishin,B/C/D,455,Barrel Rock,64,3.125
8,Heishin,B/C/D,457,Stone Ghost,64,3.125
8,Heishin,B/C/D,465,Punished Eagle,24,1.1719
8,Heishin,B/C/D,470,Magical Ghost,32,1.5625
8,Heishin,B/C/D,505,Prisman,64,3.125
8,Heishin,B/C/D,518,Boulder Tortoise,10,0.4883
8,Heishin,B/C/D,522,Monstrous Bird,24,1.1719
8,Heishin,B/C/D,525,Spirit of the Mountain,16,0.7812
8,Heishin,B/C/D,529,Flame Cerebrus,10,0.4883
8,Heishin,B/C/D,531,Mystical Sand,44,2.1484
8,Heishin,B/C/D,532,Gemini Elf,32,1.5625
8,Heishin,B/C/D,571,B. Dragon Jungle King,24,1.1719
8,Heishin,B/C/D,572,Empress Judge,24,1.1719
8,Heishin,B/C/D,593,Giant Turtle Who Feeds on Flames,16,0.7812
8,Heishin,B/C/D,594,Rose Spectre of Dunn,24,1.1719
8,Heishin,B/C/D,599,Violent Rain,64,3.125
8,Heishin,B/C/D,623,The Thing That Hides in the Mud,28,1.3672
8,Heishin,B/C/D,627,Nekogal #2,24,1.1719
8,Heishin,B/C/D,631,Maiden of the Moonlight,32,1.5625
8,Heishin,B/C/D,632,Stone Ogre Grotto,16,0.7812
8,Heishin,B/C/D,634,Night Lizard,32,1.5625
8,Heishin,B/C/D,646,Gruesome Goo,64,3.125
8,Heishin,S/A TEC,2,Mystical Elf,26,1.2695
8,Heishin,S/A TEC,19,Right Arm of the Forbidden One,4,0.1953
8,Heishin,S/A TEC,30,Zombie Warrior,26,1.2695
8,Heishin,S/A TEC,34,Saggi the Dark Clown,26,1.2695
8,Heishin,S/A TEC,36,The Snake Hair,26,1.2695
8,Heishin,S/A TEC,42,Illusionist Faceless Mage,26,1.2695
8,Heishin,S/A TEC,44,Rogue Doll,26,1.2695
8,Heishin,S/A TEC,74,Giant Soldier of Stone,26,1.2695
8,Heishin,S/A TEC,96,Armored Zombie,26,1.2695
8,Heishin,S/A TEC,97,Dragon Zombie,26,1.2695
8,Heishin,S/A TEC,98,Clown Zombie,26,1.2695
8,Heishin,S/A TEC,104,Curtain of the Dark Ones,26,1.2695
8,Heishin,S/A TEC,106,Spirit of the Winds,26,1.2695
8,Heishin,S/A TEC,108,Graveyard and the Hand of Invitation,26,1.2695
8,Heishin,S/A TEC,114,White Magical Hat,26,1.2695
8,Heishin,S/A TEC,115,Kamion Wizard,26,1.2695
8,Heishin,S/A TEC,129,Nemuriko,26,1.2695
8,Heishin,S/A TEC,132,The 13th Grave,26,1.2695
8,Heishin,S/A TEC,135,Fiend's Hand,26,1.2695
8,Heishin,S/A TEC,139,Blue-eyed Silver Zombie,26,1.2695
8,Heishin,S/A TEC,142,Flame Manipulator,26,1.2695
8,Heishin,S/A TEC,143,Necrolancer the Timelord,26,1.2695
8,Heishin,S/A TEC,144,Djinn the Watcher of the Wind,26,1.2695
8,Heishin,S/A TEC,145,The Bewitching Phantom Thief,26,1.2695
8,Heishin,S/A TEC,154,Fire Reaper,26,1.2695
8,Heishin,S/A TEC,174,Hurricail,24,1.1719
8,Heishin,S/A TEC,179,Phantom Dewan,24,1.1719
8,Heishin,S/A TEC,183,Lucky Trinket,24,1.1719
8,Heishin,S/A TEC,184,Genin,24,1.1719
8,Heishin,S/A TEC,190,Akakieisu,24,1.1719
8,Heishin,S/A TEC,203,Phantom Ghost,24,1.1719
8,Heishin,S/A TEC,213,Aqua Madoor,24,1.1719
8,Heishin,S/A TEC,215,Flame Ghost,24,1.1719
8,Heishin,S/A TEC,220,Masked Sorcerer,24,1.1719
8,Heishin,S/A TEC,228,Wood Remains,24,1.1719
8,Heishin,S/A TEC,237,Haniwa,24,1.1719
8,Heishin,S/A TEC,244,Dissolverock,22,1.0742
8,Heishin,S/A TEC,253,Angelwitch,22,1.0742
8,Heishin,S/A TEC,257,Stone Armadiller,22,1.0742
8,Heishin,S/A TEC,259,Ancient Sorcerer,22,1.0742
8,Heishin,S/A TEC,263,Rock Ogre Grotto #2,22,1.0742
8,Heishin,S/A TEC,268,Sectarian of Secrets,22,1.0742
8,Heishin,S/A TEC,303,Dark Energy,24,1.1719
8,Heishin,S/A TEC,313,Horn of Light,24,1.1719
8,Heishin,S/A TEC,315,Dragon Treasure,24,1.1719
8,Heishin,S/A TEC,320,Stop Defense,1,0.0488
8,Heishin,S/A TEC,321,Malevolent Nuzzler,24,1.1719
8,Heishin,S/A TEC,322,Violet Crystal,24,1.1719
8,Heishin,S/A TEC,323,Book of Secret Arts,24,1.1719
8,Heishin,S/A TEC,331,Wasteland,48,2.3438
8,Heishin,S/A TEC,336,Dark Hole,48,2.3438
8,Heishin,S/A TEC,337,Raigeki,20,0.9766
8,Heishin,S/A TEC,342,Dian Keto the Cure Master,1,0.0488
8,Heishin,S/A TEC,343,Sparks,24,1.1719
8,Heishin,S/A TEC,344,Hinotama,24,1.1719
8,Heishin,S/A TEC,345,Final Flame,24,1.1719
8,Heishin,S/A TEC,347,Tremendous Fire,1,0.0488
8,Heishin,S/A TEC,366,Labyrinth Wall,22,1.0742
8,Heishin,S/A TEC,368,Shadow Ghoul,22,1.0742
8,Heishin,S/A TEC,455,Barrel Rock,46,2.2461
8,Heishin,S/A TEC,457,Stone Ghost,46,2.2461
8,Heishin,S/A TEC,470,Magical Ghost,24,1.1719
8,Heishin,S/A TEC,505,Prisman,46,2.2461
8,Heishin,S/A TEC,525,Spirit of the Mountain,10,0.4883
8,Heishin,S/A TEC,532,Gemini Elf,24,1.1719
8,Heishin,S/A TEC,593,Giant Turtle Who Feeds on Flames,10,0.4883
8,Heishin,S/A TEC,599,Violent Rain,46,2.2461
8,Heishin,S/A TEC,623,The Thing That Hides in the Mud,24,1.1719
8,Heishin,S/A TEC,631,Maiden of the Moonlight,24,1.1719
8,Heishin,S/A TEC,632,Stone Ogre Grotto,10,0.4883
8,Heishin,S/A TEC,634,Night Lizard,24,1.1719
8,Heishin,S/A TEC,646,Gruesome Goo,46,2.2461
8,Heishin,S/A TEC,657,Megamorph,2,0.0977
8,Heishin,S/A TEC,661,Crush Card,2,0.0977
8,Heishin,S/A TEC,665,Curse of Millennium Shield,24,1.1719
8,Heishin,S/A TEC,672,Harpie's Feather Duster,1,0.0488
8,Heishin,S/A TEC,676,Commencement Dance,24,1.1719
8,Heishin,S/A TEC,682,Eatgaboon,24,1.1719
8,Heishin,S/A TEC,683,Bear Trap,24,1.1719
8,Heishin,S/A TEC,684,Invisible Wire,24,1.1719
8,Heishin,S/A TEC,686,Widespread Ruin,20,0.9766
8,Heishin,S/A TEC,687,Goblin Fan,24,1.1719
8,Heishin,S/A TEC,688,Bad Reaction to Simochi,24,1.1719
8,Heishin,S/A TEC,690,Fake Trap,24,1.1719
8,Heishin,S/A TEC,693,Contruct of Mask,24,1.1719
8,Heishin,S/A TEC,695,Puppet Ritual,24,1.1719
8,Heishin,deck,17,Right Leg of the Forbidden One,32,1.5625
8,Heishin,deck,18,Left Leg of the Forbidden One,32,1.5625
8,Heishin,deck,19,Right Arm of the Forbidden One,32,1.5625
8,Heishin,deck,20,Left Arm of the Forbidden One,32,1.5625
8,Heishin,deck,21,Exodia the Forbidden,32,1.5625
8,Heishin,deck,35,Dark Magician,32,1.5625
8,Heishin,deck,37,Gaia the Dragon Champion,32,1.5625
8,Heishin,deck,38,Gaia the Fierce Knight,32,1.5625
8,Heishin,deck,57,Great Moth,32,1.5625
8,Heishin,deck,67,Perfectly Ultimate Great Moth,32,1.5625
8,Heishin,deck,69,Thousand Dragon,32,1.5625
8,Heishin,deck,217,B. Skull Dragon,32,1.5625
8,Heishin,deck,320,Stop Defense,32,1.5625
8,Heishin,deck,337,Raigeki,32,1.5625
8,Heishin,deck,342,Dian Keto the Cure Master,32,1.5625
8,Heishin,deck,347,Tremendous Fire,32,1.5625
8,Heishin,deck,356,Super War-lion,32,1.5625
8,Heishin,deck,358,Seiyaryu,32,1.5625
8,Heishin,deck,360,Zera The Mant,32,1.5625
8,Heishin,deck,369,Wall Shadow,32,1.5625
8,Heishin,deck,370,Labyrinth Tank,32,1.5625
8,Heishin,deck,371,Sanga of the Thunder,32,1.5625
8,Heishin,deck,372,Kazejin,32,1.5625
8,Heishin,deck,373,Suijin,32,1.5625
8,Heishin,deck,385,Bickuribox,32,1.5625
8,Heishin,deck,386,Harpie's Pet Dragon,32,1.5625
8,Heishin,deck,390,Launcher Spider,32,1.5625
8,Heishin,deck,391,Zoa,32,1.5625
8,Heishin,deck,401,Ushi Oni,32,1.5625
8,Heishin,deck,407,Machine King,32,1.5625
8,Heishin,deck,426,Stone D.,32,1.5625
8,Heishin,deck,427,Kaiser Dragon,32,1.5625
8,Heishin,deck,442,Aqua Dragon,32,1.5625
8,Heishin,deck,453,Millennium Golem,32,1.5625
8,Heishin,deck,467,Crimson Sunbird,32,1.5625
8,Heishin,deck,471,Soul Hunter,32,1.5625
8,Heishin,deck,500,Dragon Seeker,32,1.5625
8,Heishin,deck,509,Bracchio-raidus,32,1.5625
8,Heishin,deck,564,Great Mammoth of Goldfine,32,1.5625
8,Heishin,deck,613,Twin-headed Thunder Dragon,32,1.5625
8,Heishin,deck,645,Royal Guard,32,1.5625
8,Heishin,deck,657,Megamorph,32,1.5625
8,Heishin,deck,661,Crush Card,32,1.5625
8,Heishin,deck,669,Shadow Spell,32,1.5625
8,Heishin,deck,672,Harpie's Feather Duster,32,1.5625
8,Heishin,deck,686,Widespread Ruin,32,1.5625
8,Heishin,deck,687,Goblin Fan,32,1.5625
8,Heishin,deck,688,Bad Reaction to Simochi,32,1.5625
8,Heishin,deck,689,Reverse Trap,32,1.5625
8,Heishin,deck,703,Sengenjin,32,1.5625
8,Heishin,deck,704,Skull Guardian,32,1.5625
8,Heishin,deck,705,Tri-horned Dragon,32,1.5625
8,Heishin,deck,706,Serpent Night Dragon,32,1.5625
8,Heishin,deck,707,Skull Knight,32,1.5625
8,Heishin,deck,708,Cosmo Queen,32,1.5625
8,Heishin,deck,709,Chakra,32,1.5625
8,Heishin,deck,710,Crab Turtle,32,1.5625
8,Heishin,deck,711,Mikazukinoyaiba,32,1.5625
8,Heishin,deck,713,Meteor B. Dragon,32,1.5625
8,Heishin,deck,714,Firewing Pegasus,32,1.5625
8,Heishin,deck,715,Psycho-Puppet,32,1.5625
8,Heishin,deck,716,Garma Sword,32,1.5625
8,Heishin,deck,717,Javelin Beetle,32,1.5625
8,Heishin,deck,718,Fortress Whale,32,1.5625
9,Rex Raptor,S/A POW,5,Ryu-kishin,18,0.8789
9,Rex Raptor,S/A POW,8,Mushroom Man,18,0.8789
9,Rex Raptor,S/A POW,19,Right Arm of the Forbidden One,6,0.293
9,Rex Raptor,S/A POW,29,Mountain Warrior,18,0.8789
9,Rex Raptor,S/A POW,32,Two-headed King Rex,70,3.418
9,Rex Raptor,S/A POW,45,Oscillo Hero #2,18,0.8789
9,Rex Raptor,S/A POW,47,Torike,18,0.8789
9,Rex Raptor,S/A POW,48,Sangan,18,0.8789
9,Rex Raptor,S/A POW,59,Mammoth Graveyard,36,1.7578
9,Rex Raptor,S/A POW,80,Uraby,72,3.5156
9,Rex Raptor,S/A POW,81,Crawling Dragon #2,72,3.5156
9,Rex Raptor,S/A POW,96,Armored Zombie,16,0.7812
9,Rex Raptor,S/A POW,97,Dragon Zombie,16,0.7812
9,Rex Raptor,S/A POW,100,Battle Warrior,17,0.8301
9,Rex Raptor,S/A POW,105,Tomozaurus,36,1.7578
9,Rex Raptor,S/A POW,107,Kageningen,16,0.7812
9,Rex Raptor,S/A POW,108,Graveyard and the Hand of Invitation,16,0.7812
9,Rex Raptor,S/A POW,113,Dark Gray,17,0.8301
9,Rex Raptor,S/A POW,114,White Magical Hat,17,0.8301
9,Rex Raptor,S/A POW,116,Nightmare Scorpion,17,0.8301
9,Rex Raptor,S/A POW,129,Nemuriko,17,0.8301
9,Rex Raptor,S/A POW,134,Mystical Capture Chain,17,0.8301
9,Rex Raptor,S/A POW,139,Blue-eyed Silver Zombie,17,0.8301
9,Rex Raptor,S/A POW,143,Necrolancer the Timelord,17,0.8301
9,Rex Raptor,S/A POW,144,Djinn the Watcher of the Wind,17,0.8301
9,Rex Raptor,S/A POW,145,The Bewitching Phantom Thief,17,0.8301
9,Rex Raptor,S/A POW,147,Monster Egg,17,0.8301
9,Rex Raptor,S/A POW,148,The Shadow Who Controls the Dark,17,0.8301
9,Rex Raptor,S/A POW,155,Larvas,17,0.8301
9,Rex Raptor,S/A POW,156,Hard Armor,17,0.8301
9,Rex Raptor,S/A POW,158,Man Eater,17,0.8301
9,Rex Raptor,S/A POW,160,M-warrior #1,17,0.8301
9,Rex Raptor,S/A POW,161,M-warrior #2,17,0.8301
9,Rex Raptor,S/A POW,173,Dark Prisoner,17,0.8301
9,Rex Raptor,S/A POW,175,Ancient Brain,17,0.8301
9,Rex Raptor,S/A POW,176,Fire Eye,17,0.8301
9,Rex Raptor,S/A POW,177,Monsturtle,17,0.8301
9,Rex Raptor,S/A POW,178,Claw Reacher,17,0.8301
9,Rex Raptor,S/A POW,180,Arlownay,17,0.8301
9,Rex Raptor,S/A POW,183,Lucky Trinket,17,0.8301
9,Rex Raptor,S/A POW,184,Genin,17,0.8301
9,Rex Raptor,S/A POW,187,Gate Deeg,17,0.8301
9,Rex Raptor,S/A POW,188,Synchar,17,0.8301
9,Rex Raptor,S/A POW,189,Fusionist,17,0.8301
9,Rex Raptor,S/A POW,190,Akakieisu,17,0.8301
9,Rex Raptor,S/A POW,195,Doron,17,0.8301
9,Rex Raptor,S/A POW,199,Penguin Knight,17,0.8301
9,Rex Raptor,S/A POW,203,Phantom Ghost,17,0.8301
9,Rex Raptor,S/A POW,205,Dorover,17,0.8301
9,Rex Raptor,S/A POW,206,Twin Long Rods #1,17,0.8301
9,Rex Raptor,S/A POW,208,Petit Angel,17,0.8301
9,Rex Raptor,S/A POW,209,Winged Cleaver,17,0.8301
9,Rex Raptor,S/A POW,215,Flame Ghost,17,0.8301
9,Rex Raptor,S/A POW,218,Two-mouth Darkruler,52,2.5391
9,Rex Raptor,S/A POW,222,Midnight Fiend,17,0.8301
9,Rex Raptor,S/A POW,224,Trap Master,17,0.8301
9,Rex Raptor,S/A POW,226,Skull Stalker,17,0.8301
9,Rex Raptor,S/A POW,232,Madjinn Gunn,17,0.8301
9,Rex Raptor,S/A POW,239,Vishwar Randi,17,0.8301
9,Rex Raptor,S/A POW,240,The Drdek,17,0.8301
9,Rex Raptor,S/A POW,243,Water Element,17,0.8301
9,Rex Raptor,S/A POW,247,Root Water,17,0.8301
9,Rex Raptor,S/A POW,253,Angelwitch,17,0.8301
9,Rex Raptor,S/A POW,264,Wing Egg Elf,17,0.8301
9,Rex Raptor,S/A POW,265,The Furious Sea King,17,0.8301
9,Rex Raptor,S/A POW,266,Princess of Tsurugi,17,0.8301
9,Rex Raptor,S/A POW,267,Unknown Warrior of Fiend,17,0.8301
9,Rex Raptor,S/A POW,271,Megirus Light,17,0.8301
9,Rex Raptor,S/A POW,277,Gorgon Egg,17,0.8301
9,Rex Raptor,S/A POW,282,Mystical Sheep #2,17,0.8301
9,Rex Raptor,S/A POW,283,Holograh,17,0.8301
9,Rex Raptor,S/A POW,292,Psychic Kappa,17,0.8301
9,Rex Raptor,S/A POW,298,Wicked Dragon with the Ersatz Head,17,0.8301
9,Rex Raptor,S/A POW,300,Kurama,17,0.8301
9,Rex Raptor,S/A POW,331,Wasteland,34,1.6602
9,Rex Raptor,S/A POW,332,Mountain,34,1.6602
9,Rex Raptor,S/A POW,417,Blast Juggler,17,0.8301
9,Rex Raptor,S/A POW,421,Cyber Commander,17,0.8301
9,Rex Raptor,S/A POW,432,Waterdragon Fairy,17,0.8301
9,Rex Raptor,S/A POW,451,Kanikabuto,17,0.8301
9,Rex Raptor,S/A POW,463,Electric Snake,17,0.8301
9,Rex Raptor,S/A POW,476,Ganigumo,17,0.8301
9,Rex Raptor,S/A POW,477,Alinsection,17,0.8301
9,Rex Raptor,S/A POW,478,Insect Soldiers of the Sky,17,0.8301
9,Rex Raptor,S/A POW,479,Cockroach Knight,17,0.8301
9,Rex Raptor,S/A POW,481,Burglar,17,0.8301
9,Rex Raptor,S/A POW,490,Needle Ball,17,0.8301
9,Rex Raptor,S/A POW,503,Turtle Raccoon,17,0.8301
9,Rex Raptor,S/A POW,510,Laughing Flower,17,0.8301
9,Rex Raptor,S/A POW,534,Minar,17,0.8301
9,Rex Raptor,S/A POW,536,Mechaleon,17,0.8301
9,Rex Raptor,S/A POW,538,Niwatori,17,0.8301
9,Rex Raptor,S/A POW,544,Dharma Cannon,17,0.8301
9,Rex Raptor,S/A POW,556,The Wandering Doomed,17,0.8301
9,Rex Raptor,S/A POW,568,Anthrosaurus,35,1.709
9,Rex Raptor,S/A POW,569,Drooling Lizard,17,0.8301
9,Rex Raptor,S/A POW,573,Little D,52,2.5391
9,Rex Raptor,S/A POW,585,Mechanical Snail,17,0.8301
9,Rex Raptor,S/A POW,590,Beaked Snake,17,0.8301
9,Rex Raptor,S/A POW,604,Obese Marmot of Nefariousness,17,0.8301
9,Rex Raptor,S/A POW,605,Liquid Beast,17,0.8301
9,Rex Raptor,S/A POW,606,Twin Long Rods #2,17,0.8301
9,Rex Raptor,B/C/D,5,Ryu-kishin,19,0.9277
9,Rex Raptor,B/C/D,8,Mushroom Man,19,0.9277
9,Rex Raptor,B/C/D,19,Right Arm of the Forbidden One,6,0.293
9,Rex Raptor,B/C/D,29,Mountain Warrior,19,0.9277
9,Rex Raptor,B/C/D,45,Oscillo Hero #2,19,0.9277
9,Rex Raptor,B/C/D,47,Torike,19,0.9277
9,Rex Raptor,B/C/D,48,Sangan,19,0.9277
9,Rex Raptor,B/C/D,96,Armored Zombie,19,0.9277
9,Rex Raptor,B/C/D,97,Dragon Zombie,19,0.9277
9,Rex Raptor,B/C/D,100,Battle Warrior,19,0.9277
9,Rex Raptor,B/C/D,105,Tomozaurus,38,1.8555
9,Rex Raptor,B/C/D,107,Kageningen,19,0.9277
9,Rex Raptor,B/C/D,108,Graveyard and the Hand of Invitation,19,0.9277
9,Rex Raptor,B/C/D,113,Dark Gray,19,0.9277
9,Rex Raptor,B/C/D,114,White Magical Hat,19,0.9277
9,Rex Raptor,B/C/D,116,Nightmare Scorpion,19,0.9277
9,Rex Raptor,B/C/D,129,Nemuriko,19,0.9277
9,Rex Raptor,B/C/D,134,Mystical Capture Chain,19,0.9277
9,Rex Raptor,B/C/D,139,Blue-eyed Silver Zombie,19,0.9277
9,Rex Raptor,B/C/D,143,Necrolancer the Timelord,19,0.9277
9,Rex Raptor,B/C/D,144,Djinn the Watcher of the Wind,19,0.9277
9,Rex Raptor,B/C/D,145,The Bewitching Phantom Thief,19,0.9277
9,Rex Raptor,B/C/D,147,Monster Egg,19,0.9277
9,Rex Raptor,B/C/D,148,The Shadow Who Controls the Dark,19,0.9277
9,Rex Raptor,B/C/D,155,Larvas,19,0.9277
9,Rex Raptor,B/C/D,156,Hard Armor,19,0.9277
9,Rex Raptor,B/C/D,158,Man Eater,19,0.9277
9,Rex Raptor,B/C/D,160,M-warrior #1,19,0.9277
9,Rex Raptor,B/C/D,161,M-warrior #2,19,0.9277
9,Rex Raptor,B/C/D,173,Dark Prisoner,19,0.9277
9,Rex Raptor,B/C/D,175,Ancient Brain,19,0.9277
9,Rex Raptor,B/C/D,176,Fire Eye,19,0.9277
9,Rex Raptor,B/C/D,177,Monsturtle,19,0.9277
9,Rex Raptor,B/C/D,178,Claw Reacher,19,0.9277
9,Rex Raptor,B/C/D,180,Arlownay,19,0.9277
9,Rex Raptor,B/C/D,183,Lucky Trinket,19,0.9277
9,Rex Raptor,B/C/D,184,Genin,19,0.9277
9,Rex Raptor,B/C/D,187,Gate Deeg,19,0.9277
9,Rex Raptor,B/C/D,188,Synchar,19,0.9277
9,Rex Raptor,B/C/D,189,Fusionist,19,0.9277
9,Rex Raptor,B/C/D,190,Akakieisu,19,0.9277
9,Rex Raptor,B/C/D,195,Doron,19,0.9277
9,Rex Raptor,B/C/D,199,Penguin Knight,19,0.9277
9,Rex Raptor,B/C/D,203,Phantom Ghost,19,0.9277
9,Rex Raptor,B/C/D,205,Dorover,19,0.9277
9,Rex Raptor,B/C/D,206,Twin Long Rods #1,19,0.9277
9,Rex Raptor,B/C/D,208,Petit Angel,19,0.9277
9,Rex Raptor,B/C/D,209,Winged Cleaver,19,0.9277
9,Rex Raptor,B/C/D,215,Flame Ghost,19,0.9277
9,Rex Raptor,B/C/D,218,Two-mouth Darkruler,52,2.5391
9,Rex Raptor,B/C/D,222,Midnight Fiend,19,0.9277
9,Rex Raptor,B/C/D,224,Trap Master,19,0.9277
9,Rex Raptor,B/C/D,226,Skull Stalker,19,0.9277
9,Rex Raptor,B/C/D,232,Madjinn Gunn,19,0.9277
9,Rex Raptor,B/C/D,239,Vishwar Randi,19,0.9277
9,Rex Raptor,B/C/D,240,The Drdek,19,0.9277
9,Rex Raptor,B/C/D,243,Water Element,19,0.9277
9,Rex Raptor,B/C/D,247,Root Water,19,0.9277
9,Rex Raptor,B/C/D,253,Angelwitch,19,0.9277
9,Rex Raptor,B/C/D,264,Wing Egg Elf,19,0.9277
9,Rex Raptor,B/C/D,265,The Furious Sea King,19,0.9277
9,Rex Raptor,B/C/D,266,Princess of Tsurugi,19,0.9277
9,Rex Raptor,B/C/D,267,Unknown Warrior of Fiend,19,0.9277
9,Rex Raptor,B/C/D,271,Megirus Light,19,0.9277
9,Rex Raptor,B/C/D,277,Gorgon Egg,19,0.9277
9,Rex Raptor,B/C/D,282,Mystical Sheep #2,19,0.9277
9,Rex Raptor,B/C/D,283,Holograh,19,0.9277
9,Rex Raptor,B/C/D,292,Psychic Kappa,19,0.9277
9,Rex Raptor,B/C/D,298,Wicked Dragon with the Ersatz Head,19,0.9277
9,Rex Raptor,B/C/D,300,Kurama,19,0.9277
9,Rex Raptor,B/C/D,308,Beast Fangs,19,0.9277
9,Rex Raptor,B/C/D,331,Wasteland,48,2.3438
9,Rex Raptor,B/C/D,332,Mountain,48,2.3438
9,Rex Raptor,B/C/D,417,Blast Juggler,19,0.9277
9,Rex Raptor,B/C/D,421,Cyber Commander,19,0.9277
9,Rex Raptor,B/C/D,432,Waterdragon Fairy,19,0.9277
9,Rex Raptor,B/C/D,451,Kanikabuto,19,0.9277
9,Rex Raptor,B/C/D,463,Electric Snake,19,0.9277
9,Rex Raptor,B/C/D,476,Ganigumo,19,0.9277
9,Rex Raptor,B/C/D,477,Alinsection,19,0.9277
9,Rex Raptor,B/C/D,478,Insect Soldiers of the Sky,19,0.9277
9,Rex Raptor,B/C/D,479,Cockroach Knight,19,0.9277
9,Rex Raptor,B/C/D,481,Burglar,19,0.9277
9,Rex Raptor,B/C/D,490,Needle Ball,19,0.9277
9,Rex Raptor,B/C/D,503,Turtle Raccoon,19,0.9277
9,Rex Raptor,B/C/D,510,Laughing Flower,19,0.9277
9,Rex Raptor,B/C/D,534,Minar,19,0.9277
9,Rex Raptor,B/C/D,536,Mechaleon,19,0.9277
9,Rex Raptor,B/C/D,538,Niwatori,19,0.9277
9,Rex Raptor,B/C/D,544,Dharma Cannon,19,0.9277
9,Rex Raptor,B/C/D,556,The Wandering Doomed,19,0.9277
9,Rex Raptor,B/C/D,568,Anthrosaurus,36,1.7578
9,Rex Raptor,B/C/D,569,Drooling Lizard,19,0.9277
9,Rex Raptor,B/C/D,573,Little D,52,2.5391
9,Rex Raptor,B/C/D,585,Mechanical Snail,19,0.9277
9,Rex Raptor,B/C/D,590,Beaked Snake,19,0.9277
9,Rex Raptor,B/C/D,604,Obese Marmot of Nefariousness,19,0.9277
9,Rex Raptor,B/C/D,605,Liquid Beast,19,0.9277
9,Rex Raptor,B/C/D,606,Twin Long Rods #2,19,0.9277
9,Rex Raptor,B/C/D,682,Eatgaboon,20,0.9766
9,Rex Raptor,S/A TEC,5,Ryu-kishin,18,0.8789
9,Rex Raptor,S/A TEC,8,Mushroom Man,18,0.8789
9,Rex Raptor,S/A TEC,19,Right Arm of the Forbidden One,6,0.293
9,Rex Raptor,S/A TEC,29,Mountain Warrior,18,0.8789
9,Rex Raptor,S/A TEC,45,Oscillo Hero #2,18,0.8789
9,Rex Raptor,S/A TEC,47,Torike,18,0.8789
9,Rex Raptor,S/A TEC,48,Sangan,18,0.8789
9,Rex Raptor,S/A TEC,96,Armored Zombie,16,0.7812
9,Rex Raptor,S/A TEC,97,Dragon Zombie,16,0.7812
9,Rex Raptor,S/A TEC,100,Battle Warrior,16,0.7812
9,Rex Raptor,S/A TEC,105,Tomozaurus,32,1.5625
9,Rex Raptor,S/A TEC,107,Kageningen,16,0.7812
9,Rex Raptor,S/A TEC,108,Graveyard and the Hand of Invitation,16,0.7812
9,Rex Raptor,S/A TEC,113,Dark Gray,16,0.7812
9,Rex Raptor,S/A TEC,114,White Magical Hat,16,0.7812
9,Rex Raptor,S/A TEC,116,Nightmare Scorpion,16,0.7812
9,Rex Raptor,S/A TEC,129,Nemuriko,16,0.7812
9,Rex Raptor,S/A TEC,134,Mystical Capture Chain,16,0.7812
9,Rex Raptor,S/A TEC,139,Blue-eyed Silver Zombie,16,0.7812
9,Rex Raptor,S/A TEC,143,Necrolancer the Timelord,16,0.7812
9,Rex Raptor,S/A TEC,144,Djinn the Watcher of the Wind,16,0.7812
9,Rex Raptor,S/A TEC,145,The Bewitching Phantom Thief,16,0.7812
9,Rex Raptor,S/A TEC,147,Monster Egg,16,0.7812
9,Rex Raptor,S/A TEC,148,The Shadow Who Controls the Dark,16,0.7812
9,Rex Raptor,S/A TEC,155,Larvas,16,0.7812
9,Rex Raptor,S/A TEC,156,Hard Armor,16,0.7812
9,Rex Raptor,S/A TEC,158,Man Eater,16,0.7812
9,Rex Raptor,S/A TEC,160,M-warrior #1,16,0.7812
9,Rex Raptor,S/A TEC,161,M-warrior #2,16,0.7812
9,Rex Raptor,S/A TEC,173,Dark Prisoner,16,0.7812
9,Rex Raptor,S/A TEC,175,Ancient Brain,16,0.7812
9,Rex Raptor,S/A TEC,176,Fire Eye,16,0.7812
9,Rex Raptor,S/A TEC,177,Monsturtle,16,0.7812
9,Rex Raptor,S/A TEC,178,Claw Reacher,16,0.7812
9,Rex Raptor,S/A TEC,180,Arlownay,16,0.7812
9,Rex Raptor,S/A TEC,183,Lucky Trinket,16,0.7812
9,Rex Raptor,S/A TEC,184,Genin,16,0.7812
9,Rex Raptor,S/A TEC,187,Gate Deeg,16,0.7812
9,Rex Raptor,S/A TEC,188,Synchar,16,0.7812
9,Rex Raptor,S/A TEC,189,Fusionist,16,0.7812
9,Rex Raptor,S/A TEC,190,Akakieisu,16,0.7812
9,Rex Raptor,S/A TEC,195,Doron,16,0.7812
9,Rex Raptor,S/A TEC,199,Penguin Knight,16,0.7812
9,Rex Raptor,S/A TEC,203,Phantom Ghost,16,0.7812
9,Rex Raptor,S/A TEC,205,Dorover,16,0.7812
9,Rex Raptor,S/A TEC,206,Twin Long Rods #1,16,0.7812
9,Rex Raptor,S/A TEC,208,Petit Angel,16,0.7812
9,Rex Raptor,S/A TEC,209,Winged Cleaver,16,0.7812
9,Rex Raptor,S/A TEC,215,Flame Ghost,16,0.7812
9,Rex Raptor,S/A TEC,218,Two-mouth Darkruler,48,2.3438
9,Rex Raptor,S/A TEC,222,Midnight Fiend,16,0.7812
9,Rex Raptor,S/A TEC,224,Trap Master,16,0.7812
9,Rex Raptor,S/A TEC,226,Skull Stalker,16,0.7812
9,Rex Raptor,S/A TEC,232,Madjinn Gunn,16,0.7812
9,Rex Raptor,S/A TEC,239,Vishwar Randi,16,0.7812
9,Rex Raptor,S/A TEC,240,The Drdek,16,0.7812
9,Rex Raptor,S/A TEC,243,Water Element,16,0.7812
9,Rex Raptor,S/A TEC,247,Root Water,16,0.7812
9,Rex Raptor,S/A TEC,253,Angelwitch,16,0.7812
9,Rex Raptor,S/A TEC,264,Wing Egg Elf,16,0.7812
9,Rex Raptor,S/A TEC,265,The Furious Sea King,16,0.7812
9,Rex Raptor,S/A TEC,266,Princess of Tsurugi,16,0.7812
9,Rex Raptor,S/A TEC,267,Unknown Warrior of Fiend,16,0.7812
9,Rex Raptor,S/A TEC,271,Megirus Light,16,0.7812
9,Rex Raptor,S/A TEC,277,Gorgon Egg,16,0.7812
9,Rex Raptor,S/A TEC,282,Mystical Sheep #2,16,0.7812
9,Rex Raptor,S/A TEC,283,Holograh,16,0.7812
9,Rex Raptor,S/A TEC,292,Psychic Kappa,16,0.7812
9,Rex Raptor,S/A TEC,298,Wicked Dragon with the Ersatz Head,16,0.7812
9,Rex Raptor,S/A TEC,300,Kurama,16,0.7812
9,Rex Raptor,S/A TEC,308,Beast Fangs,36,1.7578
9,Rex Raptor,S/A TEC,324,Invigoration,36,1.7578
9,Rex Raptor,S/A TEC,326,Raise Body Heat,36,1.7578
9,Rex Raptor,S/A TEC,331,Wasteland,64,3.125
9,Rex Raptor,S/A TEC,332,Mountain,64,3.125
9,Rex Raptor,S/A TEC,417,Blast Juggler,16,0.7812
9,Rex Raptor,S/A TEC,421,Cyber Commander,16,0.7812
9,Rex Raptor,S/A TEC,432,Waterdragon Fairy,16,0.7812
9,Rex Raptor,S/A TEC,451,Kanikabuto,16,0.7812
9,Rex Raptor,S/A TEC,463,Electric Snake,16,0.7812
9,Rex Raptor,S/A TEC,476,Ganigumo,16,0.7812
9,Rex Raptor,S/A TEC,477,Alinsection,16,0.7812
9,Rex Raptor,S/A TEC,478,Insect Soldiers of the Sky,16,0.7812
9,Rex Raptor,S/A TEC,479,Cockroach Knight,16,0.7812
9,Rex Raptor,S/A TEC,481,Burglar,16,0.7812
9,Rex Raptor,S/A TEC,490,Needle Ball,16,0.7812
9,Rex Raptor,S/A TEC,503,Turtle Raccoon,16,0.7812
9,Rex Raptor,S/A TEC,510,Laughing Flower,16,0.7812
9,Rex Raptor,S/A TEC,534,Minar,16,0.7812
9,Rex Raptor,S/A TEC,536,Mechaleon,16,0.7812
9,Rex Raptor,S/A TEC,538,Niwatori,16,0.7812
9,Rex Raptor,S/A TEC,544,Dharma Cannon,16,0.7812
9,Rex Raptor,S/A TEC,556,The Wandering Doomed,16,0.7812
9,Rex Raptor,S/A TEC,568,Anthrosaurus,26,1.2695
9,Rex Raptor,S/A TEC,569,Drooling Lizard,16,0.7812
9,Rex Raptor,S/A TEC,573,Little D,52,2.5391
9,Rex Raptor,S/A TEC,585,Mechanical Snail,16,0.7812
9,Rex Raptor,S/A TEC,590,Beaked Snake,16,0.7812
9,Rex Raptor,S/A TEC,604,Obese Marmot of Nefariousness,16,0.7812
9,Rex Raptor,S/A TEC,605,Liquid Beast,16,0.7812
9,Rex Raptor,S/A TEC,606,Twin Long Rods #2,16,0.7812
9,Rex Raptor,S/A TEC,679,Novox's Prayer,32,1.5625
9,Rex Raptor,S/A TEC,682,Eatgaboon,36,1.7578
9,Rex Raptor,S/A TEC,683,Bear Trap,48,2.3438
9,Rex Raptor,S/A TEC,690,Fake Trap,32,1.5625
9,Rex Raptor,S/A TEC,699,Revival of Skeleton Rider,32,1.5625
9,Rex Raptor,deck,8,Mushroom Man,16,0.7812
9,Rex Raptor,deck,50,Basic Insect,32,1.5625
9,Rex Raptor,deck,59,Mammoth Graveyard,1,0.0488
9,Rex Raptor,deck,75,Man-eating Plant,16,0.7812
9,Rex Raptor,deck,80,Uraby,1,0.0488
9,Rex Raptor,deck,98,Clown Zombie,24,1.1719
9,Rex Raptor,deck,101,Wings of Wicked Flame,32,1.5625
9,Rex Raptor,deck,102,Mask of Darkness,32,1.5625
9,Rex Raptor,deck,104,Curtain of the Dark Ones,32,1.5625
9,Rex Raptor,deck,105,Tomozaurus,16,0.7812
9,Rex Raptor,deck,107,Kageningen,16,0.7812
9,Rex Raptor,deck,122,Yamatano Dragon Scroll,32,1.5625
9,Rex Raptor,deck,130,Weather Control,16,0.7812
9,Rex Raptor,deck,134,Mystical Capture Chain,16,0.7812
9,Rex Raptor,deck,135,Fiend's Hand,32,1.5625
9,Rex Raptor,deck,137,Mystery Hand,16,0.7812
9,Rex Raptor,deck,145,The Bewitching Phantom Thief,16,0.7812
9,Rex Raptor,deck,152,The Melting Red Shadow,32,1.5625
9,Rex Raptor,deck,154,Fire Reaper,32,1.5625
9,Rex Raptor,deck,157,Firegrass,32,1.5625
9,Rex Raptor,deck,158,Man Eater,16,0.7812
9,Rex Raptor,deck,159,Dig Beak,32,1.5625
9,Rex Raptor,deck,174,Hurricail,32,1.5625
9,Rex Raptor,deck,176,Fire Eye,16,0.7812
9,Rex Raptor,deck,179,Phantom Dewan,32,1.5625
9,Rex Raptor,deck,182,Masked Clown,32,1.5625
9,Rex Raptor,deck,183,Lucky Trinket,16,0.7812
9,Rex Raptor,deck,185,Eyearmor,32,1.5625
9,Rex Raptor,deck,191,LaLa Li-oon,32,1.5625
9,Rex Raptor,deck,195,Doron,16,0.7812
9,Rex Raptor,deck,198,Happy Lover,30,1.4648
9,Rex Raptor,deck,200,Petit Dragon,30,1.4648
9,Rex Raptor,deck,202,Air Marmot of Nefariousness,16,0.7812
9,Rex Raptor,deck,203,Phantom Ghost,16,0.7812
9,Rex Raptor,deck,207,Droll Bird,30,1.4648
9,Rex Raptor,deck,209,Winged Cleaver,16,0.7812
9,Rex Raptor,deck,210,Hinotama Soul,30,1.4648
9,Rex Raptor,deck,211,Kaminarikozou,30,1.4648
9,Rex Raptor,deck,212,Meotoko,30,1.4648
9,Rex Raptor,deck,214,Kagemusha of the Blue Flame,32,1.5625
9,Rex Raptor,deck,218,Two-mouth Darkruler,4,0.1953
9,Rex Raptor,deck,222,Midnight Fiend,16,0.7812
9,Rex Raptor,deck,227,Hitodenchak,30,1.4648
9,Rex Raptor,deck,229,Hourglass of Life,30,1.4648
9,Rex Raptor,deck,232,Madjinn Gunn,16,0.7812
9,Rex Raptor,deck,237,Haniwa,16,0.7812
9,Rex Raptor,deck,238,Yashinoki,16,0.7812
9,Rex Raptor,deck,242,Candle of Fate,32,1.5625
9,Rex Raptor,deck,245,Meda Bat,32,1.5625
9,Rex Raptor,deck,254,Embryonic Beast,32,1.5625
9,Rex Raptor,deck,261,Wicked Mirror,30,1.4648
9,Rex Raptor,deck,268,Sectarian of Secrets,32,1.5625
9,Rex Raptor,deck,285,Serpent Marauder,30,1.4648
9,Rex Raptor,deck,292,Psychic Kappa,16,0.7812
9,Rex Raptor,deck,326,Raise Body Heat,64,3.125
9,Rex Raptor,deck,331,Wasteland,40,1.9531
9,Rex Raptor,deck,420,Cyber-Stein,32,1.5625
9,Rex Raptor,deck,452,Zarigun,30,1.4648
9,Rex Raptor,deck,476,Ganigumo,16,0.7812
9,Rex Raptor,deck,486,Boo Koo,32,1.5625
9,Rex Raptor,deck,492,Hoshiningen,32,1.5625
9,Rex Raptor,deck,501,Man-eater Bug,24,1.1719
9,Rex Raptor,deck,506,Gale Dogra,32,1.5625
9,Rex Raptor,deck,510,Laughing Flower,16,0.7812
9,Rex Raptor,deck,524,Star Boy,24,1.1719
9,Rex Raptor,deck,536,Mechaleon,16,0.7812
9,Rex Raptor,deck,537,Mega Thunderball,24,1.1719
9,Rex Raptor,deck,540,Skelengel,30,1.4648
9,Rex Raptor,deck,544,Dharma Cannon,16,0.7812
9,Rex Raptor,deck,549,Frog The Jam,36,1.7578
9,Rex Raptor,deck,556,The Wandering Doomed,16,0.7812
9,Rex Raptor,deck,562,Needle Worm,24,1.1719
9,Rex Raptor,deck,568,Anthrosaurus,2,0.0977
9,Rex Raptor,deck,570,Trakadon,1,0.0488
9,Rex Raptor,deck,573,Little D,1,0.0488
9,Rex Raptor,deck,579,Abyss Flower,34,1.6602
9,Rex Raptor,deck,589,Tentacle Plant,30,1.4648
9,Rex Raptor,deck,591,Morphing Jar,30,1.4648
9,Rex Raptor,deck,598,Little Chimera,34,1.6602
9,Rex Raptor,deck,602,Penguin Soldier,34,1.6602
9,Rex Raptor,deck,609,Bladefly,30,1.4648
9,Rex Raptor,deck,611,Hiro's Shadow Scout,34,1.6602
9,Rex Raptor,deck,628,Witch's Apprentice,24,1.1719
10,Weevil Underwood,S/A POW,3,Hitotsu-me Giant,20,0.9766
10,Weevil Underwood,S/A POW,8,Mushroom Man,21,1.0254
10,Weevil Underwood,S/A POW,10,Blackland Fire Dragon,20,0.9766
10,Weevil Underwood,S/A POW,13,Tyhone,26,1.2695
10,Weevil Underwood,S/A POW,19,Right Arm of the Forbidden One,6,0.293
10,Weevil Underwood,S/A POW,25,Horn Imp,20,0.9766
10,Weevil Underwood,S/A POW,41,Celtic Guardian,26,1.2695
10,Weevil Underwood,S/A POW,44,Rogue Doll,26,1.2695
10,Weevil Underwood,S/A POW,49,Big Insect,72,3.5156
10,Weevil Underwood,S/A POW,50,Basic Insect,68,3.3203
10,Weevil Underwood,S/A POW,53,Killer Needle,95,4.6387
10,Weevil Underwood,S/A POW,54,Gokibore,98,4.7852
10,Weevil Underwood,S/A POW,55,Giant Flea,72,3.5156
10,Weevil Underwood,S/A POW,70,Fiend Kraken,26,1.2695
10,Weevil Underwood,S/A POW,77,Grappler,22,1.0742
10,Weevil Underwood,S/A POW,80,Uraby,22,1.0742
10,Weevil Underwood,S/A POW,109,Goddess with the Third Eye,22,1.0742
10,Weevil Underwood,S/A POW,115,Kamion Wizard,22,1.0742
10,Weevil Underwood,S/A POW,116,Nightmare Scorpion,21,1.0254
10,Weevil Underwood,S/A POW,119,Trial of Nightmares,22,1.0742
10,Weevil Underwood,S/A POW,121,Sleeping Lion,22,1.0742
10,Weevil Underwood,S/A POW,123,Dark Plant,22,1.0742
10,Weevil Underwood,S/A POW,125,Faith Bird,26,1.2695
10,Weevil Underwood,S/A POW,141,Spiked Snail,20,0.9766
10,Weevil Underwood,S/A POW,149,Lord of the Lamp,26,1.2695
10,Weevil Underwood,S/A POW,157,Firegrass,20,0.9766
10,Weevil Underwood,S/A POW,158,Man Eater,20,0.9766
10,Weevil Underwood,S/A POW,164,Lord of Zemia,22,1.0742
10,Weevil Underwood,S/A POW,166,Mysterious Puppeteer,22,1.0742
10,Weevil Underwood,S/A POW,171,Big Eye,22,1.0742
10,Weevil Underwood,S/A POW,180,Arlownay,20,0.9766
10,Weevil Underwood,S/A POW,186,Fiend Refrection #2,22,1.0742
10,Weevil Underwood,S/A POW,193,Turtle Tiger,22,1.0742
10,Weevil Underwood,S/A POW,194,Terra the Terrible,22,1.0742
10,Weevil Underwood,S/A POW,196,Arma Knight,22,1.0742
10,Weevil Underwood,S/A POW,201,Frenzied Panda,22,1.0742
10,Weevil Underwood,S/A POW,209,Winged Cleaver,20,0.9766
10,Weevil Underwood,S/A POW,220,Masked Sorcerer,22,1.0742
10,Weevil Underwood,S/A POW,221,Kumootoko,22,1.0742
10,Weevil Underwood,S/A POW,225,Fiend Sword,22,1.0742
10,Weevil Underwood,S/A POW,233,Dark Titan of Terror,22,1.0742
10,Weevil Underwood,S/A POW,236,Guardian of the Labyrinth,22,1.0742
10,Weevil Underwood,S/A POW,248,Master & Expert,22,1.0742
10,Weevil Underwood,S/A POW,255,Prevent Rat,22,1.0742
10,Weevil Underwood,S/A POW,256,Dimensional Warrior,22,1.0742
10,Weevil Underwood,S/A POW,259,Ancient Sorcerer,22,1.0742
10,Weevil Underwood,S/A POW,272,Mavelus,22,1.0742
10,Weevil Underwood,S/A POW,273,Ancient Tree of Enlightenment,22,1.0742
10,Weevil Underwood,S/A POW,274,Green Phantom King,22,1.0742
10,Weevil Underwood,S/A POW,280,Protector of the Throne,22,1.0742
10,Weevil Underwood,S/A POW,291,Fireyarou,22,1.0742
10,Weevil Underwood,S/A POW,293,Masaki the Legendary Swordsman,22,1.0742
10,Weevil Underwood,S/A POW,330,Forest,24,1.1719
10,Weevil Underwood,S/A POW,367,Jirai Gumo,5,0.2441
10,Weevil Underwood,S/A POW,397,Leghul,20,0.9766
10,Weevil Underwood,S/A POW,406,Yaiba Robo,22,1.0742
10,Weevil Underwood,S/A POW,412,Giga-tech Wolf,24,1.1719
10,Weevil Underwood,S/A POW,459,Tripwire Beast,22,1.0742
10,Weevil Underwood,S/A POW,476,Ganigumo,20,0.9766
10,Weevil Underwood,S/A POW,477,Alinsection,20,0.9766
10,Weevil Underwood,S/A POW,478,Insect Soldiers of the Sky,20,0.9766
10,Weevil Underwood,S/A POW,479,Cockroach Knight,20,0.9766
10,Weevil Underwood,S/A POW,485,Korogashi,20,0.9766
10,Weevil Underwood,S/A POW,488,Rainbow Flower,20,0.9766
10,Weevil Underwood,S/A POW,496,Wilmee,22,1.0742
10,Weevil Underwood,S/A POW,501,Man-eater Bug,20,0.9766
10,Weevil Underwood,S/A POW,506,Gale Dogra,20,0.9766
10,Weevil Underwood,S/A POW,510,Laughing Flower,20,0.9766
10,Weevil Underwood,S/A POW,511,Bean Soldier,24,1.1719
10,Weevil Underwood,S/A POW,514,Brave Scizzar,22,1.0742
10,Weevil Underwood,S/A POW,534,Minar,20,0.9766
10,Weevil Underwood,S/A POW,547,Griggle,20,0.9766
10,Weevil Underwood,S/A POW,552,Winged Dragon #2,22,1.0742
10,Weevil Underwood,S/A POW,567,Darkworld Thorns,22,1.0742
10,Weevil Underwood,S/A POW,576,Giant Scorpion of the Tundra,22,1.0742
10,Weevil Underwood,S/A POW,579,Abyss Flower,20,0.9766
10,Weevil Underwood,S/A POW,589,Tentacle Plant,20,0.9766
10,Weevil Underwood,S/A POW,608,Shining Friendship,22,1.0742
10,Weevil Underwood,S/A POW,609,Bladefly,20,0.9766
10,Weevil Underwood,S/A POW,620,Snakeyashi,44,2.1484
10,Weevil Underwood,S/A POW,643,Disk Magician,22,1.0742
10,Weevil Underwood,B/C/D,3,Hitotsu-me Giant,33,1.6113
10,Weevil Underwood,B/C/D,8,Mushroom Man,33,1.6113
10,Weevil Underwood,B/C/D,10,Blackland Fire Dragon,33,1.6113
10,Weevil Underwood,B/C/D,19,Right Arm of the Forbidden One,6,0.293
10,Weevil Underwood,B/C/D,25,Horn Imp,33,1.6113
10,Weevil Underwood,B/C/D,50,Basic Insect,84,4.1016
10,Weevil Underwood,B/C/D,53,Killer Needle,120,5.8594
10,Weevil Underwood,B/C/D,77,Grappler,33,1.6113
10,Weevil Underwood,B/C/D,80,Uraby,33,1.6113
10,Weevil Underwood,B/C/D,109,Goddess with the Third Eye,33,1.6113
10,Weevil Underwood,B/C/D,115,Kamion Wizard,33,1.6113
10,Weevil Underwood,B/C/D,116,Nightmare Scorpion,33,1.6113
10,Weevil Underwood,B/C/D,119,Trial of Nightmares,33,1.6113
10,Weevil Underwood,B/C/D,121,Sleeping Lion,33,1.6113
10,Weevil Underwood,B/C/D,123,Dark Plant,33,1.6113
10,Weevil Underwood,B/C/D,141,Spiked Snail,26,1.2695
10,Weevil Underwood,B/C/D,157,Firegrass,26,1.2695
10,Weevil Underwood,B/C/D,158,Man Eater,26,1.2695
10,Weevil Underwood,B/C/D,164,Lord of Zemia,26,1.2695
10,Weevil Underwood,B/C/D,166,Mysterious Puppeteer,26,1.2695
10,Weevil Underwood,B/C/D,171,Big Eye,26,1.2695
10,Weevil Underwood,B/C/D,180,Arlownay,26,1.2695
10,Weevil Underwood,B/C/D,186,Fiend Refrection #2,26,1.2695
10,Weevil Underwood,B/C/D,193,Turtle Tiger,26,1.2695
10,Weevil Underwood,B/C/D,194,Terra the Terrible,26,1.2695
10,Weevil Underwood,B/C/D,196,Arma Knight,26,1.2695
10,Weevil Underwood,B/C/D,201,Frenzied Panda,26,1.2695
10,Weevil Underwood,B/C/D,209,Winged Cleaver,26,1.2695
10,Weevil Underwood,B/C/D,220,Masked Sorcerer,26,1.2695
10,Weevil Underwood,B/C/D,221,Kumootoko,26,1.2695
10,Weevil Underwood,B/C/D,225,Fiend Sword,26,1.2695
10,Weevil Underwood,B/C/D,233,Dark Titan of Terror,26,1.2695
10,Weevil Underwood,B/C/D,236,Guardian of the Labyrinth,26,1.2695
10,Weevil Underwood,B/C/D,248,Master & Expert,26,1.2695
10,Weevil Underwood,B/C/D,255,Prevent Rat,26,1.2695
10,Weevil Underwood,B/C/D,256,Dimensional Warrior,26,1.2695
10,Weevil Underwood,B/C/D,259,Ancient Sorcerer,26,1.2695
10,Weevil Underwood,B/C/D,272,Mavelus,26,1.2695
10,Weevil Underwood,B/C/D,273,Ancient Tree of Enlightenment,26,1.2695
10,Weevil Underwood,B/C/D,274,Green Phantom King,26,1.2695
10,Weevil Underwood,B/C/D,280,Protector of the Throne,26,1.2695
10,Weevil Underwood,B/C/D,291,Fireyarou,26,1.2695
10,Weevil Underwood,B/C/D,293,Masaki the Legendary Swordsman,26,1.2695
10,Weevil Underwood,B/C/D,330,Forest,30,1.4648
10,Weevil Underwood,B/C/D,367,Jirai Gumo,2,0.0977
10,Weevil Underwood,B/C/D,397,Leghul,26,1.2695
10,Weevil Underwood,B/C/D,406,Yaiba Robo,26,1.2695
10,Weevil Underwood,B/C/D,459,Tripwire Beast,26,1.2695
10,Weevil Underwood,B/C/D,476,Ganigumo,26,1.2695
10,Weevil Underwood,B/C/D,477,Alinsection,26,1.2695
10,Weevil Underwood,B/C/D,478,Insect Soldiers of the Sky,26,1.2695
10,Weevil Underwood,B/C/D,479,Cockroach Knight,26,1.2695
10,Weevil Underwood,B/C/D,485,Korogashi,26,1.2695
10,Weevil Underwood,B/C/D,488,Rainbow Flower,26,1.2695
10,Weevil Underwood,B/C/D,496,Wilmee,26,1.2695
10,Weevil Underwood,B/C/D,501,Man-eater Bug,26,1.2695
10,Weevil Underwood,B/C/D,506,Gale Dogra,26,1.2695
10,Weevil Underwood,B/C/D,510,Laughing Flower,26,1.2695
10,Weevil Underwood,B/C/D,514,Brave Scizzar,26,1.2695
10,Weevil Underwood,B/C/D,534,Minar,26,1.2695
10,Weevil Underwood,B/C/D,547,Griggle,26,1.2695
10,Weevil Underwood,B/C/D,552,Winged Dragon #2,26,1.2695
10,Weevil Underwood,B/C/D,567,Darkworld Thorns,26,1.2695
10,Weevil Underwood,B/C/D,576,Giant Scorpion of the Tundra,26,1.2695
10,Weevil Underwood,B/C/D,579,Abyss Flower,26,1.2695
10,Weevil Underwood,B/C/D,589,Tentacle Plant,26,1.2695
10,Weevil Underwood,B/C/D,608,Shining Friendship,26,1.2695
10,Weevil Underwood,B/C/D,609,Bladefly,26,1.2695
10,Weevil Underwood,B/C/D,620,Snakeyashi,42,2.0508
10,Weevil Underwood,B/C/D,643,Disk Magician,26,1.2695
10,Weevil Underwood,B/C/D,683,Bear Trap,16,0.7812
10,Weevil Underwood,S/A TEC,8,Mushroom Man,48,2.3438
10,Weevil Underwood,S/A TEC,19,Right Arm of the Forbidden One,4,0.1953
10,Weevil Underwood,S/A TEC,50,Basic Insect,250,12.207
10,Weevil Underwood,S/A TEC,116,Nightmare Scorpion,40,1.9531
10,Weevil Underwood,S/A TEC,123,Dark Plant,40,1.9531
10,Weevil Underwood,S/A TEC,141,Spiked Snail,42,2.0508
10,Weevil Underwood,S/A TEC,157,Firegrass,40,1.9531
10,Weevil Underwood,S/A TEC,158,Man Eater,40,1.9531
10,Weevil Underwood,S/A TEC,180,Arlownay,40,1.9531
10,Weevil Underwood,S/A TEC,209,Winged Cleaver,40,1.9531
10,Weevil Underwood,S/A TEC,305,Laser Cannon Armor,60,2.9297
10,Weevil Underwood,S/A TEC,306,Insect Armor with Laser Cannon,60,2.9297
10,Weevil Underwood,S/A TEC,310,Vile Germs,32,1.5625
10,Weevil Underwood,S/A TEC,325,Machine Conversion Factory,32,1.5625
10,Weevil Underwood,S/A TEC,330,Forest,60,2.9297
10,Weevil Underwood,S/A TEC,336,Dark Hole,32,1.5625
10,Weevil Underwood,S/A TEC,338,Mooyan Curry,32,1.5625
10,Weevil Underwood,S/A TEC,339,Red Medicine,32,1.5625
10,Weevil Underwood,S/A TEC,340,Goblin's Secret Remedy,32,1.5625
10,Weevil Underwood,S/A TEC,343,Sparks,32,1.5625
10,Weevil Underwood,S/A TEC,344,Hinotama,32,1.5625
10,Weevil Underwood,S/A TEC,345,Final Flame,32,1.5625
10,Weevil Underwood,S/A TEC,350,Dark-piercing Light,32,1.5625
10,Weevil Underwood,S/A TEC,397,Leghul,24,1.1719
10,Weevil Underwood,S/A TEC,476,Ganigumo,42,2.0508
10,Weevil Underwood,S/A TEC,477,Alinsection,42,2.0508
10,Weevil Underwood,S/A TEC,478,Insect Soldiers of the Sky,42,2.0508
10,Weevil Underwood,S/A TEC,479,Cockroach Knight,42,2.0508
10,Weevil Underwood,S/A TEC,485,Korogashi,42,2.0508
10,Weevil Underwood,S/A TEC,488,Rainbow Flower,42,2.0508
10,Weevil Underwood,S/A TEC,501,Man-eater Bug,42,2.0508
10,Weevil Underwood,S/A TEC,506,Gale Dogra,42,2.0508
10,Weevil Underwood,S/A TEC,510,Laughing Flower,42,2.0508
10,Weevil Underwood,S/A TEC,534,Minar,42,2.0508
10,Weevil Underwood,S/A TEC,547,Griggle,42,2.0508
10,Weevil Underwood,S/A TEC,579,Abyss Flower,42,2.0508
10,Weevil Underwood,S/A TEC,589,Tentacle Plant,42,2.0508
10,Weevil Underwood,S/A TEC,609,Bladefly,42,2.0508
10,Weevil Underwood,S/A TEC,662,Eradicating Aerosol,64,3.125
10,Weevil Underwood,S/A TEC,666,Yamadron Ritual,32,1.5625
10,Weevil Underwood,S/A TEC,677,Hamburger Recipe,32,1.5625
10,Weevil Underwood,S/A TEC,683,Bear Trap,32,1.5625
10,Weevil Underwood,S/A TEC,684,Invisible Wire,32,1.5625
10,Weevil Underwood,S/A TEC,688,Bad Reaction to Simochi,32,1.5625
10,Weevil Underwood,S/A TEC,690,Fake Trap,32,1.5625
10,Weevil Underwood,S/A TEC,693,Contruct of Mask,32,1.5625
10,Weevil Underwood,S/A TEC,695,Puppet Ritual,32,1.5625
10,Weevil Underwood,S/A TEC,699,Revival of Skeleton Rider,32,1.5625
10,Weevil Underwood,deck,3,Hitotsu-me Giant,16,0.7812
10,Weevil Underwood,deck,8,Mushroom Man,1,0.0488
10,Weevil Underwood,deck,10,Blackland Fire Dragon,16,0.7812
10,Weevil Underwood,deck,23,The Wicked Worm Beast,16,0.7812
10,Weevil Underwood,deck,25,Horn Imp,16,0.7812
10,Weevil Underwood,deck,28,Rock Ogre Grotto #1,8,0.3906
10,Weevil Underwood,deck,30,Zombie Warrior,12,0.5859
10,Weevil Underwood,deck,34,Saggi the Dark Clown,12,0.5859
10,Weevil Underwood,deck,40,Dragon Piper,8,0.3906
10,Weevil Underwood,deck,50,Basic Insect,1,0.0488
10,Weevil Underwood,deck,53,Killer Needle,72,3.5156
10,Weevil Underwood,deck,56,Larvae Moth,32,1.5625
10,Weevil Underwood,deck,59,Mammoth Graveyard,8,0.3906
10,Weevil Underwood,deck,60,Great White,8,0.3906
10,Weevil Underwood,deck,61,Wolf,8,0.3906
10,Weevil Underwood,deck,64,Tiger Axe,8,0.3906
10,Weevil Underwood,deck,65,Silver Fang,8,0.3906
10,Weevil Underwood,deck,72,Cocoon of Evolution,32,1.5625
10,Weevil Underwood,deck,75,Man-eating Plant,1,0.0488
10,Weevil Underwood,deck,76,Krokodilus,12,0.5859
10,Weevil Underwood,deck,80,Uraby,12,0.5859
10,Weevil Underwood,deck,103,Job-change Mirror,12,0.5859
10,Weevil Underwood,deck,109,Goddess with the Third Eye,16,0.7812
10,Weevil Underwood,deck,110,Hero of the East,12,0.5859
10,Weevil Underwood,deck,112,That Which Feeds on Life,16,0.7812
10,Weevil Underwood,deck,115,Kamion Wizard,8,0.3906
10,Weevil Underwood,deck,116,Nightmare Scorpion,1,0.0488
10,Weevil Underwood,deck,118,Supporter in the Shadows,8,0.3906
10,Weevil Underwood,deck,119,Trial of Nightmares,16,0.7812
10,Weevil Underwood,deck,120,Dream Clown,12,0.5859
10,Weevil Underwood,deck,121,Sleeping Lion,8,0.3906
10,Weevil Underwood,deck,123,Dark Plant,1,0.0488
10,Weevil Underwood,deck,132,The 13th Grave,12,0.5859
10,Weevil Underwood,deck,138,Dragon Statue,8,0.3906
10,Weevil Underwood,deck,140,Toad Master,8,0.3906
10,Weevil Underwood,deck,141,Spiked Snail,24,1.1719
10,Weevil Underwood,deck,146,Temple of Skulls,16,0.7812
10,Weevil Underwood,deck,153,Dokuroizo the Grim Reaper,12,0.5859
10,Weevil Underwood,deck,157,Firegrass,1,0.0488
10,Weevil Underwood,deck,158,Man Eater,1,0.0488
10,Weevil Underwood,deck,162,Tainted Wisdom,12,0.5859
10,Weevil Underwood,deck,164,Lord of Zemia,12,0.5859
10,Weevil Underwood,deck,165,The Judgement Hand,12,0.5859
10,Weevil Underwood,deck,169,Dark King of the Abyss,8,0.3906
10,Weevil Underwood,deck,171,Big Eye,16,0.7812
10,Weevil Underwood,deck,172,Armaill,8,0.3906
10,Weevil Underwood,deck,180,Arlownay,2,0.0977
10,Weevil Underwood,deck,181,Dark Shade,8,0.3906
10,Weevil Underwood,deck,196,Arma Knight,16,0.7812
10,Weevil Underwood,deck,201,Frenzied Panda,16,0.7812
10,Weevil Underwood,deck,209,Winged Cleaver,1,0.0488
10,Weevil Underwood,deck,219,Solitude,12,0.5859
10,Weevil Underwood,deck,220,Masked Sorcerer,12,0.5859
10,Weevil Underwood,deck,221,Kumootoko,48,2.3438
10,Weevil Underwood,deck,225,Fiend Sword,16,0.7812
10,Weevil Underwood,deck,231,Wood Clown,8,0.3906
10,Weevil Underwood,deck,233,Dark Titan of Terror,8,0.3906
10,Weevil Underwood,deck,234,Beautiful Headhuntress,8,0.3906
10,Weevil Underwood,deck,235,Wodan the Resident of the Forest,12,0.5859
10,Weevil Underwood,deck,236,Guardian of the Labyrinth,16,0.7812
10,Weevil Underwood,deck,238,Yashinoki,1,0.0488
10,Weevil Underwood,deck,241,Dark Assailant,8,0.3906
10,Weevil Underwood,deck,246,One Who Hunts Souls,12,0.5859
10,Weevil Underwood,deck,248,Master & Expert,16,0.7812
10,Weevil Underwood,deck,250,Hyo,8,0.3906
10,Weevil Underwood,deck,251,Enchanting Mermaid,12,0.5859
10,Weevil Underwood,deck,252,Nekogal #1,8,0.3906
10,Weevil Underwood,deck,256,Dimensional Warrior,16,0.7812
10,Weevil Underwood,deck,257,Stone Armadiller,8,0.3906
10,Weevil Underwood,deck,258,Beastking of the Swamps,12,0.5859
10,Weevil Underwood,deck,259,Ancient Sorcerer,12,0.5859
10,Weevil Underwood,deck,262,The Little Swordsman of Aile,12,0.5859
10,Weevil Underwood,deck,263,Rock Ogre Grotto #2,12,0.5859
10,Weevil Underwood,deck,269,Versago the Destroyer,8,0.3906
10,Weevil Underwood,deck,272,Mavelus,16,0.7812
10,Weevil Underwood,deck,273,Ancient Tree of Enlightenment,48,2.3438
10,Weevil Underwood,deck,274,Green Phantom King,48,2.3438
10,Weevil Underwood,deck,276,Ray & Temperature,8,0.3906
10,Weevil Underwood,deck,278,Petit Moth,1,0.0488
10,Weevil Underwood,deck,280,Protector of the Throne,12,0.5859
10,Weevil Underwood,deck,284,Tao the Chanter,12,0.5859
10,Weevil Underwood,deck,288,Dark Artist,8,0.3906
10,Weevil Underwood,deck,290,Moon Envoy,12,0.5859
10,Weevil Underwood,deck,291,Fireyarou,12,0.5859
10,Weevil Underwood,deck,293,Masaki the Legendary Swordsman,16,0.7812
10,Weevil Underwood,deck,294,Dragoness the Wicked Knight,12,0.5859
10,Weevil Underwood,deck,296,One-eyed Shield Dragon,8,0.3906
10,Weevil Underwood,deck,299,Sonic Maid,12,0.5859
10,Weevil Underwood,deck,305,Laser Cannon Armor,50,2.4414
10,Weevil Underwood,deck,306,Insect Armor with Laser Cannon,50,2.4414
10,Weevil Underwood,deck,330,Forest,48,2.3438
10,Weevil Underwood,deck,354,Stuffed Animal,12,0.5859
10,Weevil Underwood,deck,361,Flying Penguin,16,0.7812
10,Weevil Underwood,deck,363,Fairy's Gift,8,0.3906
10,Weevil Underwood,deck,367,Jirai Gumo,48,2.3438
10,Weevil Underwood,deck,381,Toon Alligator,8,0.3906
10,Weevil Underwood,deck,397,Leghul,1,0.0488
10,Weevil Underwood,deck,406,Yaiba Robo,12,0.5859
10,Weevil Underwood,deck,414,Shovel Crusher,12,0.5859
10,Weevil Underwood,deck,430,Water Magician,8,0.3906
10,Weevil Underwood,deck,431,Ice Water,12,0.5859
10,Weevil Underwood,deck,435,Water Girl,16,0.7812
10,Weevil Underwood,deck,445,Guardian of the Sea,12,0.5859
10,Weevil Underwood,deck,450,Kappa Avenger,12,0.5859
10,Weevil Underwood,deck,455,Barrel Rock,12,0.5859
10,Weevil Underwood,deck,457,Stone Ghost,16,0.7812
10,Weevil Underwood,deck,474,Sea Kamen,8,0.3906
10,Weevil Underwood,deck,476,Ganigumo,1,0.0488
10,Weevil Underwood,deck,477,Alinsection,1,0.0488
10,Weevil Underwood,deck,478,Insect Soldiers of the Sky,2,0.0977
10,Weevil Underwood,deck,479,Cockroach Knight,1,0.0488
10,Weevil Underwood,deck,480,Kuwagata α,48,2.3438
10,Weevil Underwood,deck,485,Korogashi,1,0.0488
10,Weevil Underwood,deck,488,Rainbow Flower,1,0.0488
10,Weevil Underwood,deck,489,Barrel Lily,1,0.0488
10,Weevil Underwood,deck,496,Wilmee,16,0.7812
10,Weevil Underwood,deck,499,Kattapillar,1,0.0488
10,Weevil Underwood,deck,501,Man-eater Bug,1,0.0488
10,Weevil Underwood,deck,502,D. Human,8,0.3906
10,Weevil Underwood,deck,506,Gale Dogra,1,0.0488
10,Weevil Underwood,deck,510,Laughing Flower,1,0.0488
10,Weevil Underwood,deck,514,Brave Scizzar,12,0.5859
10,Weevil Underwood,deck,534,Minar,1,0.0488
10,Weevil Underwood,deck,543,Tongyo,16,0.7812
10,Weevil Underwood,deck,546,Wow Warrior,16,0.7812
10,Weevil Underwood,deck,547,Griggle,1,0.0488
10,Weevil Underwood,deck,550,Behegon,12,0.5859
10,Weevil Underwood,deck,552,Winged Dragon #2,16,0.7812
10,Weevil Underwood,deck,553,Mushroom Man #2,12,0.5859
10,Weevil Underwood,deck,560,Invader from Another Dimension,12,0.5859
10,Weevil Underwood,deck,561,Lesser Dragon,16,0.7812
10,Weevil Underwood,deck,562,Needle Worm,1,0.0488
10,Weevil Underwood,deck,566,Yormungarde,12,0.5859
10,Weevil Underwood,deck,567,Darkworld Thorns,48,2.3438
10,Weevil Underwood,deck,570,Trakadon,12,0.5859
10,Weevil Underwood,deck,574,Witch of the Black Forest,12,0.5859
10,Weevil Underwood,deck,576,Giant Scorpion of the Tundra,48,2.3438
10,Weevil Underwood,deck,579,Abyss Flower,1,0.0488
10,Weevil Underwood,deck,580,Patrol Robo,8,0.3906
10,Weevil Underwood,deck,584,Binding Chain,12,0.5859
10,Weevil Underwood,deck,588,Living Vase,24,1.1719
10,Weevil Underwood,deck,589,Tentacle Plant,1,0.0488
10,Weevil Underwood,deck,599,Violent Rain,12,0.5859
10,Weevil Underwood,deck,600,Key Mace #2,16,0.7812
10,Weevil Underwood,deck,601,Tenderness,12,0.5859
10,Weevil Underwood,deck,603,Fairy Dragon,12,0.5859
10,Weevil Underwood,deck,608,Shining Friendship,8,0.3906
10,Weevil Underwood,deck,609,Bladefly,1,0.0488
10,Weevil Underwood,deck,615,Armored Starfish,16,0.7812
10,Weevil Underwood,deck,616,Hourglass of Courage,12,0.5859
10,Weevil Underwood,deck,620,Snakeyashi,48,2.3438
10,Weevil Underwood,deck,629,Armored Rat,12,0.5859
10,Weevil Underwood,deck,640,Acid Crawler,1,0.0488
10,Weevil Underwood,deck,642,Mystical Sheep #1,12,0.5859
10,Weevil Underwood,deck,643,Disk Magician,12,0.5859
10,Weevil Underwood,deck,646,Gruesome Goo,8,0.3906
10,Weevil Underwood,deck,647,Hyosube,8,0.3906
11,Mai Valentine,S/A POW,2,Mystical Elf,32,1.5625
11,Mai Valentine,S/A POW,6,Feral Imp,32,1.5625
11,Mai Valentine,S/A POW,13,Tyhone,94,4.5898
11,Mai Valentine,S/A POW,20,Left Arm of the Forbidden One,8,0.3906
11,Mai Valentine,S/A POW,26,Battle Ox,32,1.5625
11,Mai Valentine,S/A POW,27,Beaver Warrior,32,1.5625
11,Mai Valentine,S/A POW,31,Koumori Dragon,32,1.5625
11,Mai Valentine,S/A POW,32,Two-headed King Rex,32,1.5625
11,Mai Valentine,S/A POW,36,The Snake Hair,32,1.5625
11,Mai Valentine,S/A POW,41,Celtic Guardian,32,1.5625
11,Mai Valentine,S/A POW,43,Karbonala Warrior,32,1.5625
11,Mai Valentine,S/A POW,44,Rogue Doll,32,1.5625
11,Mai Valentine,S/A POW,46,Griffore,32,1.5625
11,Mai Valentine,S/A POW,49,Big Insect,32,1.5625
11,Mai Valentine,S/A POW,54,Gokibore,32,1.5625
11,Mai Valentine,S/A POW,55,Giant Flea,32,1.5625
11,Mai Valentine,S/A POW,70,Fiend Kraken,32,1.5625
11,Mai Valentine,S/A POW,71,Jellyfish,32,1.5625
11,Mai Valentine,S/A POW,78,Axe Raider,32,1.5625
11,Mai Valentine,S/A POW,81,Crawling Dragon #2,30,1.4648
11,Mai Valentine,S/A POW,83,Castle of Dark Illusions,30,1.4648
11,Mai Valentine,S/A POW,86,Barox,30,1.4648
11,Mai Valentine,S/A POW,91,Mystic Horseman,30,1.4648
11,Mai Valentine,S/A POW,95,Crass Clown,30,1.4648
11,Mai Valentine,S/A POW,125,Faith Bird,94,4.5898
11,Mai Valentine,S/A POW,127,Ansatsu,30,1.4648
11,Mai Valentine,S/A POW,136,Witty Phantom,30,1.4648
11,Mai Valentine,S/A POW,149,Lord of the Lamp,30,1.4648
11,Mai Valentine,S/A POW,168,Darkfire Dragon,30,1.4648
11,Mai Valentine,S/A POW,170,Spirit of the Harp,30,1.4648
11,Mai Valentine,S/A POW,186,Fiend Refrection #2,62,3.0273
11,Mai Valentine,S/A POW,207,Droll Bird,62,3.0273
11,Mai Valentine,S/A POW,230,Rare Fish,30,1.4648
11,Mai Valentine,S/A POW,272,Mavelus,62,3.0273
11,Mai Valentine,S/A POW,300,Kurama,62,3.0273
11,Mai Valentine,S/A POW,307,Elf's Light,18,0.8789
11,Mai Valentine,S/A POW,332,Mountain,40,1.9531
11,Mai Valentine,S/A POW,368,Shadow Ghoul,30,1.4648
11,Mai Valentine,S/A POW,379,La Jinn the Mystical Genie,30,1.4648
11,Mai Valentine,S/A POW,405,Saber Slasher,30,1.4648
11,Mai Valentine,S/A POW,412,Giga-tech Wolf,30,1.4648
11,Mai Valentine,S/A POW,415,Mechanicalchacer,30,1.4648
11,Mai Valentine,S/A POW,416,Blocker,30,1.4648
11,Mai Valentine,S/A POW,460,Bolt Escargot,30,1.4648
11,Mai Valentine,S/A POW,462,The Immortal of Thunder,30,1.4648
11,Mai Valentine,S/A POW,466,Skull Red Bird,94,4.5898
11,Mai Valentine,S/A POW,511,Bean Soldier,30,1.4648
11,Mai Valentine,S/A POW,512,Cannon Soldier,30,1.4648
11,Mai Valentine,S/A POW,538,Niwatori,62,3.0273
11,Mai Valentine,S/A POW,552,Winged Dragon #2,62,3.0273
11,Mai Valentine,S/A POW,597,Pale Beast,30,1.4648
11,Mai Valentine,S/A POW,636,Blue-winged Crown,94,4.5898
11,Mai Valentine,S/A POW,648,Machine Attacker,30,1.4648
11,Mai Valentine,B/C/D,6,Feral Imp,40,1.9531
11,Mai Valentine,B/C/D,13,Tyhone,120,5.8594
11,Mai Valentine,B/C/D,20,Left Arm of the Forbidden One,10,0.4883
11,Mai Valentine,B/C/D,26,Battle Ox,40,1.9531
11,Mai Valentine,B/C/D,27,Beaver Warrior,40,1.9531
11,Mai Valentine,B/C/D,31,Koumori Dragon,40,1.9531
11,Mai Valentine,B/C/D,36,The Snake Hair,40,1.9531
11,Mai Valentine,B/C/D,41,Celtic Guardian,40,1.9531
11,Mai Valentine,B/C/D,43,Karbonala Warrior,40,1.9531
11,Mai Valentine,B/C/D,44,Rogue Doll,40,1.9531
11,Mai Valentine,B/C/D,46,Griffore,40,1.9531
11,Mai Valentine,B/C/D,49,Big Insect,40,1.9531
11,Mai Valentine,B/C/D,54,Gokibore,40,1.9531
11,Mai Valentine,B/C/D,55,Giant Flea,40,1.9531
11,Mai Valentine,B/C/D,70,Fiend Kraken,40,1.9531
11,Mai Valentine,B/C/D,71,Jellyfish,40,1.9531
11,Mai Valentine,B/C/D,95,Crass Clown,40,1.9531
11,Mai Valentine,B/C/D,125,Faith Bird,120,5.8594
11,Mai Valentine,B/C/D,136,Witty Phantom,40,1.9531
11,Mai Valentine,B/C/D,149,Lord of the Lamp,40,1.9531
11,Mai Valentine,B/C/D,168,Darkfire Dragon,40,1.9531
11,Mai Valentine,B/C/D,186,Fiend Refrection #2,80,3.9062
11,Mai Valentine,B/C/D,207,Droll Bird,80,3.9062
11,Mai Valentine,B/C/D,230,Rare Fish,40,1.9531
11,Mai Valentine,B/C/D,272,Mavelus,80,3.9062
11,Mai Valentine,B/C/D,300,Kurama,80,3.9062
11,Mai Valentine,B/C/D,307,Elf's Light,26,1.2695
11,Mai Valentine,B/C/D,312,Silver Bow and Arrow,26,1.2695
11,Mai Valentine,B/C/D,316,Electro-whip,60,2.9297
11,Mai Valentine,B/C/D,332,Mountain,60,2.9297
11,Mai Valentine,B/C/D,412,Giga-tech Wolf,40,1.9531
11,Mai Valentine,B/C/D,415,Mechanicalchacer,40,1.9531
11,Mai Valentine,B/C/D,416,Blocker,40,1.9531
11,Mai Valentine,B/C/D,466,Skull Red Bird,120,5.8594
11,Mai Valentine,B/C/D,511,Bean Soldier,40,1.9531
11,Mai Valentine,B/C/D,512,Cannon Soldier,40,1.9531
11,Mai Valentine,B/C/D,538,Niwatori,80,3.9062
11,Mai Valentine,B/C/D,552,Winged Dragon #2,80,3.9062
11,Mai Valentine,B/C/D,597,Pale Beast,40,1.9531
11,Mai Valentine,B/C/D,684,Invisible Wire,26,1.2695
11,Mai Valentine,S/A TEC,13,Tyhone,136,6.6406
11,Mai Valentine,S/A TEC,20,Left Arm of the Forbidden One,10,0.4883
11,Mai Valentine,S/A TEC,41,Celtic Guardian,46,2.2461
11,Mai Valentine,S/A TEC,44,Rogue Doll,46,2.2461
11,Mai Valentine,S/A TEC,54,Gokibore,46,2.2461
11,Mai Valentine,S/A TEC,70,Fiend Kraken,46,2.2461
11,Mai Valentine,S/A TEC,78,Axe Raider,46,2.2461
11,Mai Valentine,S/A TEC,125,Faith Bird,132,6.4453
11,Mai Valentine,S/A TEC,149,Lord of the Lamp,45,2.1973
11,Mai Valentine,S/A TEC,186,Fiend Refrection #2,90,4.3945
11,Mai Valentine,S/A TEC,207,Droll Bird,90,4.3945
11,Mai Valentine,S/A TEC,272,Mavelus,90,4.3945
11,Mai Valentine,S/A TEC,300,Kurama,90,4.3945
11,Mai Valentine,S/A TEC,307,Elf's Light,32,1.5625
11,Mai Valentine,S/A TEC,312,Silver Bow and Arrow,32,1.5625
11,Mai Valentine,S/A TEC,313,Horn of Light,32,1.5625
11,Mai Valentine,S/A TEC,316,Electro-whip,64,3.125
11,Mai Valentine,S/A TEC,317,Cyber Shield,72,3.5156
11,Mai Valentine,S/A TEC,321,Malevolent Nuzzler,32,1.5625
11,Mai Valentine,S/A TEC,325,Machine Conversion Factory,32,1.5625
11,Mai Valentine,S/A TEC,327,Follow Wind,32,1.5625
11,Mai Valentine,S/A TEC,332,Mountain,64,3.125
11,Mai Valentine,S/A TEC,339,Red Medicine,32,1.5625
11,Mai Valentine,S/A TEC,340,Goblin's Secret Remedy,32,1.5625
11,Mai Valentine,S/A TEC,341,Soul of the Pure,32,1.5625
11,Mai Valentine,S/A TEC,344,Hinotama,32,1.5625
11,Mai Valentine,S/A TEC,345,Final Flame,32,1.5625
11,Mai Valentine,S/A TEC,349,Spellbinding Circle,32,1.5625
11,Mai Valentine,S/A TEC,412,Giga-tech Wolf,45,2.1973
11,Mai Valentine,S/A TEC,415,Mechanicalchacer,45,2.1973
11,Mai Valentine,S/A TEC,416,Blocker,45,2.1973
11,Mai Valentine,S/A TEC,538,Niwatori,90,4.3945
11,Mai Valentine,S/A TEC,552,Winged Dragon #2,90,4.3945
11,Mai Valentine,S/A TEC,672,Harpie's Feather Duster,64,3.125
11,Mai Valentine,S/A TEC,676,Commencement Dance,32,1.5625
11,Mai Valentine,S/A TEC,684,Invisible Wire,36,1.7578
11,Mai Valentine,S/A TEC,685,Acid Trap Hole,36,1.7578
11,Mai Valentine,S/A TEC,687,Goblin Fan,36,1.7578
11,Mai Valentine,S/A TEC,690,Fake Trap,32,1.5625
11,Mai Valentine,deck,2,Mystical Elf,8,0.3906
11,Mai Valentine,deck,6,Feral Imp,16,0.7812
11,Mai Valentine,deck,7,Winged Dragon #1,20,0.9766
11,Mai Valentine,deck,13,Tyhone,64,3.125
11,Mai Valentine,deck,26,Battle Ox,16,0.7812
11,Mai Valentine,deck,27,Beaver Warrior,16,0.7812
11,Mai Valentine,deck,31,Koumori Dragon,16,0.7812
11,Mai Valentine,deck,32,Two-headed King Rex,8,0.3906
11,Mai Valentine,deck,36,The Snake Hair,16,0.7812
11,Mai Valentine,deck,41,Celtic Guardian,20,0.9766
11,Mai Valentine,deck,43,Karbonala Warrior,16,0.7812
11,Mai Valentine,deck,44,Rogue Doll,20,0.9766
11,Mai Valentine,deck,46,Griffore,16,0.7812
11,Mai Valentine,deck,49,Big Insect,16,0.7812
11,Mai Valentine,deck,51,Armored Lizard,16,0.7812
11,Mai Valentine,deck,54,Gokibore,20,0.9766
11,Mai Valentine,deck,55,Giant Flea,16,0.7812
11,Mai Valentine,deck,60,Great White,8,0.3906
11,Mai Valentine,deck,62,Harpie Lady,80,3.9062
11,Mai Valentine,deck,63,Harpie Lady Sisters,2,0.0977
11,Mai Valentine,deck,64,Tiger Axe,8,0.3906
11,Mai Valentine,deck,66,Kojikocy,16,0.7812
11,Mai Valentine,deck,70,Fiend Kraken,20,0.9766
11,Mai Valentine,deck,71,Jellyfish,16,0.7812
11,Mai Valentine,deck,77,Grappler,16,0.7812
11,Mai Valentine,deck,81,Crawling Dragon #2,8,0.3906
11,Mai Valentine,deck,95,Crass Clown,12,0.5859
11,Mai Valentine,deck,115,Kamion Wizard,8,0.3906
11,Mai Valentine,deck,117,Spirit of the Books,64,3.125
11,Mai Valentine,deck,121,Sleeping Lion,8,0.3906
11,Mai Valentine,deck,125,Faith Bird,64,3.125
11,Mai Valentine,deck,136,Witty Phantom,16,0.7812
11,Mai Valentine,deck,149,Lord of the Lamp,16,0.7812
11,Mai Valentine,deck,151,Rhaimundos of the Red Sword,16,0.7812
11,Mai Valentine,deck,163,Lisark,16,0.7812
11,Mai Valentine,deck,166,Mysterious Puppeteer,16,0.7812
11,Mai Valentine,deck,168,Darkfire Dragon,12,0.5859
11,Mai Valentine,deck,170,Spirit of the Harp,8,0.3906
11,Mai Valentine,deck,186,Fiend Refrection #2,48,2.3438
11,Mai Valentine,deck,193,Turtle Tiger,16,0.7812
11,Mai Valentine,deck,194,Terra the Terrible,16,0.7812
11,Mai Valentine,deck,207,Droll Bird,1,0.0488
11,Mai Valentine,deck,216,Dryad,16,0.7812
11,Mai Valentine,deck,230,Rare Fish,16,0.7812
11,Mai Valentine,deck,233,Dark Titan of Terror,8,0.3906
11,Mai Valentine,deck,234,Beautiful Headhuntress,8,0.3906
11,Mai Valentine,deck,241,Dark Assailant,8,0.3906
11,Mai Valentine,deck,249,Water Omotics,16,0.7812
11,Mai Valentine,deck,255,Prevent Rat,16,0.7812
11,Mai Valentine,deck,272,Mavelus,1,0.0488
11,Mai Valentine,deck,275,Ground Attacker Bugroth,16,0.7812
11,Mai Valentine,deck,281,Mystic Clown,16,0.7812
11,Mai Valentine,deck,287,Ogre of the Black Shadow,16,0.7812
11,Mai Valentine,deck,297,Cyber Soldier of Darkworld,16,0.7812
11,Mai Valentine,deck,300,Kurama,1,0.0488
11,Mai Valentine,deck,316,Electro-whip,20,0.9766
11,Mai Valentine,deck,317,Cyber Shield,20,0.9766
11,Mai Valentine,deck,318,Elegant Egotist,80,3.9062
11,Mai Valentine,deck,321,Malevolent Nuzzler,20,0.9766
11,Mai Valentine,deck,332,Mountain,20,0.9766
11,Mai Valentine,deck,336,Dark Hole,20,0.9766
11,Mai Valentine,deck,340,Goblin's Secret Remedy,20,0.9766
11,Mai Valentine,deck,349,Spellbinding Circle,20,0.9766
11,Mai Valentine,deck,351,Yaranzo,8,0.3906
11,Mai Valentine,deck,352,Kanan the Swordmistress,8,0.3906
11,Mai Valentine,deck,353,Takriminos,16,0.7812
11,Mai Valentine,deck,363,Fairy's Gift,8,0.3906
11,Mai Valentine,deck,377,Ryu-kishin Powered,8,0.3906
11,Mai Valentine,deck,379,La Jinn the Mystical Genie,8,0.3906
11,Mai Valentine,deck,381,Toon Alligator,8,0.3906
11,Mai Valentine,deck,384,Dark Rabbit,16,0.7812
11,Mai Valentine,deck,386,Harpie's Pet Dragon,1,0.0488
11,Mai Valentine,deck,412,Giga-tech Wolf,16,0.7812
11,Mai Valentine,deck,415,Mechanicalchacer,20,0.9766
11,Mai Valentine,deck,416,Blocker,20,0.9766
11,Mai Valentine,deck,418,Golgoil,16,0.7812
11,Mai Valentine,deck,430,Water Magician,8,0.3906
11,Mai Valentine,deck,433,Ancient Elf,20,0.9766
11,Mai Valentine,deck,440,7 Colored Fish,16,0.7812
11,Mai Valentine,deck,447,Giant Red Seasnake,16,0.7812
11,Mai Valentine,deck,454,Destroyer Golem,16,0.7812
11,Mai Valentine,deck,456,Minomushi Warrior,16,0.7812
11,Mai Valentine,deck,459,Tripwire Beast,16,0.7812
11,Mai Valentine,deck,462,The Immortal of Thunder,8,0.3906
11,Mai Valentine,deck,466,Skull Red Bird,40,1.9531
11,Mai Valentine,deck,470,Magical Ghost,16,0.7812
11,Mai Valentine,deck,474,Sea Kamen,8,0.3906
11,Mai Valentine,deck,497,Yado Karu,16,0.7812
11,Mai Valentine,deck,502,D. Human,8,0.3906
11,Mai Valentine,deck,507,Crazy Fish,8,0.3906
11,Mai Valentine,deck,511,Bean Soldier,16,0.7812
11,Mai Valentine,deck,512,Cannon Soldier,16,0.7812
11,Mai Valentine,deck,515,The Statue of Easter Island,16,0.7812
11,Mai Valentine,deck,523,The Bistro Butcher,8,0.3906
11,Mai Valentine,deck,532,Gemini Elf,8,0.3906
11,Mai Valentine,deck,535,Kamakiriman,20,0.9766
11,Mai Valentine,deck,538,Niwatori,1,0.0488
11,Mai Valentine,deck,551,Dark Elf,8,0.3906
11,Mai Valentine,deck,552,Winged Dragon #2,1,0.0488
11,Mai Valentine,deck,578,Leo Wizard,20,0.9766
11,Mai Valentine,deck,581,Takuhee,40,1.9531
11,Mai Valentine,deck,583,Weather Report,12,0.5859
11,Mai Valentine,deck,587,Mon Larvas,16,0.7812
11,Mai Valentine,deck,595,Fiend Refrection #1,48,2.3438
11,Mai Valentine,deck,596,Ghoul with an Appetite,8,0.3906
11,Mai Valentine,deck,597,Pale Beast,16,0.7812
11,Mai Valentine,deck,607,Great Bill,20,0.9766
11,Mai Valentine,deck,608,Shining Friendship,8,0.3906
11,Mai Valentine,deck,623,The Thing That Hides in the Mud,16,0.7812
11,Mai Valentine,deck,625,Fairy of the Fountain,16,0.7812
11,Mai Valentine,deck,626,Amazon of the Seas,16,0.7812
11,Mai Valentine,deck,630,Ancient Lizard Warrior,16,0.7812
11,Mai Valentine,deck,631,Maiden of the Moonlight,8,0.3906
11,Mai Valentine,deck,634,Night Lizard,12,0.5859
11,Mai Valentine,deck,636,Blue-winged Crown,32,1.5625
11,Mai Valentine,deck,647,Hyosube,8,0.3906
11,Mai Valentine,deck,649,Hibikime,12,0.5859
11,Mai Valentine,deck,672,Harpie's Feather Duster,20,0.9766
11,Mai Valentine,deck,683,Bear Trap,20,0.9766
11,Mai Valentine,deck,690,Fake Trap,20,0.9766
12,Bandit Keith,S/A POW,2,Mystical Elf,30,1.4648
12,Bandit Keith,S/A POW,9,Shadow Specter,28,1.3672
12,Bandit Keith,S/A POW,19,Right Arm of the Forbidden One,8,0.3906
12,Bandit Keith,S/A POW,24,Skull Servant,28,1.3672
12,Bandit Keith,S/A POW,30,Zombie Warrior,28,1.3672
12,Bandit Keith,S/A POW,32,Two-headed King Rex,30,1.4648
12,Bandit Keith,S/A POW,36,The Snake Hair,92,4.4922
12,Bandit Keith,S/A POW,78,Axe Raider,30,1.4648
12,Bandit Keith,S/A POW,81,Crawling Dragon #2,30,1.4648
12,Bandit Keith,S/A POW,83,Castle of Dark Illusions,30,1.4648
12,Bandit Keith,S/A POW,86,Barox,30,1.4648
12,Bandit Keith,S/A POW,91,Mystic Horseman,30,1.4648
12,Bandit Keith,S/A POW,95,Crass Clown,54,2.6367
12,Bandit Keith,S/A POW,96,Armored Zombie,92,4.4922
12,Bandit Keith,S/A POW,97,Dragon Zombie,92,4.4922
12,Bandit Keith,S/A POW,98,Clown Zombie,92,4.4922
12,Bandit Keith,S/A POW,108,Graveyard and the Hand of Invitation,28,1.3672
12,Bandit Keith,S/A POW,127,Ansatsu,30,1.4648
12,Bandit Keith,S/A POW,132,The 13th Grave,28,1.3672
12,Bandit Keith,S/A POW,135,Fiend's Hand,28,1.3672
12,Bandit Keith,S/A POW,139,Blue-eyed Silver Zombie,28,1.3672
12,Bandit Keith,S/A POW,154,Fire Reaper,28,1.3672
12,Bandit Keith,S/A POW,170,Spirit of the Harp,30,1.4648
12,Bandit Keith,S/A POW,197,Mech Mole Zombie,28,1.3672
12,Bandit Keith,S/A POW,203,Phantom Ghost,28,1.3672
12,Bandit Keith,S/A POW,215,Flame Ghost,28,1.3672
12,Bandit Keith,S/A POW,228,Wood Remains,28,1.3672
12,Bandit Keith,S/A POW,275,Ground Attacker Bugroth,8,0.3906
12,Bandit Keith,S/A POW,283,Holograh,28,1.3672
12,Bandit Keith,S/A POW,297,Cyber Soldier of Darkworld,8,0.3906
12,Bandit Keith,S/A POW,331,Wasteland,48,2.3438
12,Bandit Keith,S/A POW,335,Yami,48,2.3438
12,Bandit Keith,S/A POW,368,Shadow Ghoul,54,2.6367
12,Bandit Keith,S/A POW,379,La Jinn the Mystical Genie,30,1.4648
12,Bandit Keith,S/A POW,405,Saber Slasher,54,2.6367
12,Bandit Keith,S/A POW,406,Yaiba Robo,28,1.3672
12,Bandit Keith,S/A POW,410,Mechanical Spider,28,1.3672
12,Bandit Keith,S/A POW,411,Bat,28,1.3672
12,Bandit Keith,S/A POW,412,Giga-tech Wolf,28,1.3672
12,Bandit Keith,S/A POW,414,Shovel Crusher,28,1.3672
12,Bandit Keith,S/A POW,415,Mechanicalchacer,28,1.3672
12,Bandit Keith,S/A POW,416,Blocker,28,1.3672
12,Bandit Keith,S/A POW,417,Blast Juggler,28,1.3672
12,Bandit Keith,S/A POW,418,Golgoil,8,0.3906
12,Bandit Keith,S/A POW,420,Cyber-Stein,28,1.3672
12,Bandit Keith,S/A POW,421,Cyber Commander,28,1.3672
12,Bandit Keith,S/A POW,422,Jinzo #7,28,1.3672
12,Bandit Keith,S/A POW,460,Bolt Escargot,30,1.4648
12,Bandit Keith,S/A POW,462,The Immortal of Thunder,30,1.4648
12,Bandit Keith,S/A POW,498,Morinphen,8,0.3906
12,Bandit Keith,S/A POW,512,Cannon Soldier,30,1.4648
12,Bandit Keith,S/A POW,514,Brave Scizzar,30,1.4648
12,Bandit Keith,S/A POW,544,Dharma Cannon,30,1.4648
12,Bandit Keith,S/A POW,548,Bone Mouse,30,1.4648
12,Bandit Keith,S/A POW,556,The Wandering Doomed,30,1.4648
12,Bandit Keith,S/A POW,585,Mechanical Snail,30,1.4648
12,Bandit Keith,S/A POW,614,Hunter Spider,8,0.3906
12,Bandit Keith,S/A POW,636,Blue-winged Crown,30,1.4648
12,Bandit Keith,S/A POW,643,Disk Magician,30,1.4648
12,Bandit Keith,S/A POW,648,Machine Attacker,54,2.6367
12,Bandit Keith,S/A POW,658,Metalmorph,48,2.3438
12,Bandit Keith,B/C/D,9,Shadow Specter,40,1.9531
12,Bandit Keith,B/C/D,19,Right Arm of the Forbidden One,12,0.5859
12,Bandit Keith,B/C/D,24,Skull Servant,40,1.9531
12,Bandit Keith,B/C/D,30,Zombie Warrior,40,1.9531
12,Bandit Keith,B/C/D,36,The Snake Hair,108,5.2734
12,Bandit Keith,B/C/D,95,Crass Clown,40,1.9531
12,Bandit Keith,B/C/D,96,Armored Zombie,108,5.2734
12,Bandit Keith,B/C/D,97,Dragon Zombie,108,5.2734
12,Bandit Keith,B/C/D,98,Clown Zombie,108,5.2734
12,Bandit Keith,B/C/D,108,Graveyard and the Hand of Invitation,40,1.9531
12,Bandit Keith,B/C/D,132,The 13th Grave,40,1.9531
12,Bandit Keith,B/C/D,135,Fiend's Hand,40,1.9531
12,Bandit Keith,B/C/D,139,Blue-eyed Silver Zombie,40,1.9531
12,Bandit Keith,B/C/D,154,Fire Reaper,40,1.9531
12,Bandit Keith,B/C/D,197,Mech Mole Zombie,40,1.9531
12,Bandit Keith,B/C/D,203,Phantom Ghost,40,1.9531
12,Bandit Keith,B/C/D,215,Flame Ghost,40,1.9531
12,Bandit Keith,B/C/D,228,Wood Remains,40,1.9531
12,Bandit Keith,B/C/D,275,Ground Attacker Bugroth,8,0.3906
12,Bandit Keith,B/C/D,283,Holograh,40,1.9531
12,Bandit Keith,B/C/D,297,Cyber Soldier of Darkworld,8,0.3906
12,Bandit Keith,B/C/D,319,Mystical Moon,64,3.125
12,Bandit Keith,B/C/D,325,Machine Conversion Factory,30,1.4648
12,Bandit Keith,B/C/D,331,Wasteland,64,3.125
12,Bandit Keith,B/C/D,335,Yami,64,3.125
12,Bandit Keith,B/C/D,406,Yaiba Robo,40,1.9531
12,Bandit Keith,B/C/D,410,Mechanical Spider,40,1.9531
12,Bandit Keith,B/C/D,411,Bat,40,1.9531
12,Bandit Keith,B/C/D,412,Giga-tech Wolf,40,1.9531
12,Bandit Keith,B/C/D,414,Shovel Crusher,40,1.9531
12,Bandit Keith,B/C/D,415,Mechanicalchacer,40,1.9531
12,Bandit Keith,B/C/D,416,Blocker,40,1.9531
12,Bandit Keith,B/C/D,417,Blast Juggler,40,1.9531
12,Bandit Keith,B/C/D,418,Golgoil,8,0.3906
12,Bandit Keith,B/C/D,420,Cyber-Stein,40,1.9531
12,Bandit Keith,B/C/D,421,Cyber Commander,40,1.9531
12,Bandit Keith,B/C/D,422,Jinzo #7,40,1.9531
12,Bandit Keith,B/C/D,498,Morinphen,8,0.3906
12,Bandit Keith,B/C/D,512,Cannon Soldier,36,1.7578
12,Bandit Keith,B/C/D,514,Brave Scizzar,36,1.7578
12,Bandit Keith,B/C/D,544,Dharma Cannon,36,1.7578
12,Bandit Keith,B/C/D,548,Bone Mouse,36,1.7578
12,Bandit Keith,B/C/D,556,The Wandering Doomed,36,1.7578
12,Bandit Keith,B/C/D,585,Mechanical Snail,36,1.7578
12,Bandit Keith,B/C/D,614,Hunter Spider,8,0.3906
12,Bandit Keith,B/C/D,643,Disk Magician,36,1.7578
12,Bandit Keith,B/C/D,658,Metalmorph,60,2.9297
12,Bandit Keith,B/C/D,684,Invisible Wire,30,1.4648
12,Bandit Keith,S/A TEC,9,Shadow Specter,36,1.7578
12,Bandit Keith,S/A TEC,19,Right Arm of the Forbidden One,10,0.4883
12,Bandit Keith,S/A TEC,24,Skull Servant,36,1.7578
12,Bandit Keith,S/A TEC,30,Zombie Warrior,36,1.7578
12,Bandit Keith,S/A TEC,96,Armored Zombie,108,5.2734
12,Bandit Keith,S/A TEC,97,Dragon Zombie,108,5.2734
12,Bandit Keith,S/A TEC,98,Clown Zombie,108,5.2734
12,Bandit Keith,S/A TEC,108,Graveyard and the Hand of Invitation,36,1.7578
12,Bandit Keith,S/A TEC,132,The 13th Grave,36,1.7578
12,Bandit Keith,S/A TEC,135,Fiend's Hand,36,1.7578
12,Bandit Keith,S/A TEC,139,Blue-eyed Silver Zombie,36,1.7578
12,Bandit Keith,S/A TEC,154,Fire Reaper,36,1.7578
12,Bandit Keith,S/A TEC,197,Mech Mole Zombie,36,1.7578
12,Bandit Keith,S/A TEC,203,Phantom Ghost,36,1.7578
12,Bandit Keith,S/A TEC,215,Flame Ghost,36,1.7578
12,Bandit Keith,S/A TEC,228,Wood Remains,36,1.7578
12,Bandit Keith,S/A TEC,275,Ground Attacker Bugroth,8,0.3906
12,Bandit Keith,S/A TEC,283,Holograh,36,1.7578
12,Bandit Keith,S/A TEC,297,Cyber Soldier of Darkworld,8,0.3906
12,Bandit Keith,S/A TEC,319,Mystical Moon,64,3.125
12,Bandit Keith,S/A TEC,320,Stop Defense,64,3.125
12,Bandit Keith,S/A TEC,322,Violet Crystal,36,1.7578
12,Bandit Keith,S/A TEC,325,Machine Conversion Factory,36,1.7578
12,Bandit Keith,S/A TEC,331,Wasteland,32,1.5625
12,Bandit Keith,S/A TEC,335,Yami,32,1.5625
12,Bandit Keith,S/A TEC,406,Yaiba Robo,36,1.7578
12,Bandit Keith,S/A TEC,410,Mechanical Spider,36,1.7578
12,Bandit Keith,S/A TEC,411,Bat,36,1.7578
12,Bandit Keith,S/A TEC,412,Giga-tech Wolf,36,1.7578
12,Bandit Keith,S/A TEC,414,Shovel Crusher,36,1.7578
12,Bandit Keith,S/A TEC,415,Mechanicalchacer,36,1.7578
12,Bandit Keith,S/A TEC,416,Blocker,36,1.7578
12,Bandit Keith,S/A TEC,417,Blast Juggler,36,1.7578
12,Bandit Keith,S/A TEC,418,Golgoil,8,0.3906
12,Bandit Keith,S/A TEC,420,Cyber-Stein,36,1.7578
12,Bandit Keith,S/A TEC,421,Cyber Commander,36,1.7578
12,Bandit Keith,S/A TEC,422,Jinzo #7,36,1.7578
12,Bandit Keith,S/A TEC,498,Morinphen,8,0.3906
12,Bandit Keith,S/A TEC,514,Brave Scizzar,36,1.7578
12,Bandit Keith,S/A TEC,544,Dharma Cannon,36,1.7578
12,Bandit Keith,S/A TEC,548,Bone Mouse,36,1.7578
12,Bandit Keith,S/A TEC,556,The Wandering Doomed,36,1.7578
12,Bandit Keith,S/A TEC,585,Mechanical Snail,36,1.7578
12,Bandit Keith,S/A TEC,614,Hunter Spider,8,0.3906
12,Bandit Keith,S/A TEC,643,Disk Magician,36,1.7578
12,Bandit Keith,S/A TEC,658,Metalmorph,64,3.125
12,Bandit Keith,S/A TEC,660,Stain Storm,64,3.125
12,Bandit Keith,S/A TEC,679,Novox's Prayer,30,1.4648
12,Bandit Keith,S/A TEC,684,Invisible Wire,32,1.5625
12,Bandit Keith,S/A TEC,685,Acid Trap Hole,36,1.7578
12,Bandit Keith,S/A TEC,688,Bad Reaction to Simochi,36,1.7578
12,Bandit Keith,S/A TEC,690,Fake Trap,36,1.7578
12,Bandit Keith,S/A TEC,695,Puppet Ritual,32,1.5625
12,Bandit Keith,deck,2,Mystical Elf,25,1.2207
12,Bandit Keith,deck,6,Feral Imp,20,0.9766
12,Bandit Keith,deck,7,Winged Dragon #1,12,0.5859
12,Bandit Keith,deck,9,Shadow Specter,1,0.0488
12,Bandit Keith,deck,13,Tyhone,12,0.5859
12,Bandit Keith,deck,24,Skull Servant,1,0.0488
12,Bandit Keith,deck,26,Battle Ox,20,0.9766
12,Bandit Keith,deck,27,Beaver Warrior,20,0.9766
12,Bandit Keith,deck,30,Zombie Warrior,1,0.0488
12,Bandit Keith,deck,31,Koumori Dragon,20,0.9766
12,Bandit Keith,deck,32,Two-headed King Rex,25,1.2207
12,Bandit Keith,deck,36,The Snake Hair,83,4.0527
12,Bandit Keith,deck,41,Celtic Guardian,12,0.5859
12,Bandit Keith,deck,43,Karbonala Warrior,20,0.9766
12,Bandit Keith,deck,44,Rogue Doll,12,0.5859
12,Bandit Keith,deck,46,Griffore,20,0.9766
12,Bandit Keith,deck,49,Big Insect,20,0.9766
12,Bandit Keith,deck,51,Armored Lizard,20,0.9766
12,Bandit Keith,deck,54,Gokibore,12,0.5859
12,Bandit Keith,deck,55,Giant Flea,20,0.9766
12,Bandit Keith,deck,62,Harpie Lady,20,0.9766
12,Bandit Keith,deck,66,Kojikocy,20,0.9766
12,Bandit Keith,deck,70,Fiend Kraken,12,0.5859
12,Bandit Keith,deck,71,Jellyfish,20,0.9766
12,Bandit Keith,deck,78,Axe Raider,24,1.1719
12,Bandit Keith,deck,81,Crawling Dragon #2,25,1.2207
12,Bandit Keith,deck,83,Castle of Dark Illusions,24,1.1719
12,Bandit Keith,deck,86,Barox,18,0.8789
12,Bandit Keith,deck,91,Mystic Horseman,20,0.9766
12,Bandit Keith,deck,95,Crass Clown,52,2.5391
12,Bandit Keith,deck,96,Armored Zombie,1,0.0488
12,Bandit Keith,deck,97,Dragon Zombie,1,0.0488
12,Bandit Keith,deck,98,Clown Zombie,1,0.0488
12,Bandit Keith,deck,108,Graveyard and the Hand of Invitation,1,0.0488
12,Bandit Keith,deck,117,Spirit of the Books,10,0.4883
12,Bandit Keith,deck,125,Faith Bird,10,0.4883
12,Bandit Keith,deck,127,Ansatsu,20,0.9766
12,Bandit Keith,deck,128,LaMoon,20,0.9766
12,Bandit Keith,deck,132,The 13th Grave,1,0.0488
12,Bandit Keith,deck,135,Fiend's Hand,1,0.0488
12,Bandit Keith,deck,136,Witty Phantom,20,0.9766
12,Bandit Keith,deck,139,Blue-eyed Silver Zombie,1,0.0488
12,Bandit Keith,deck,146,Temple of Skulls,1,0.0488
12,Bandit Keith,deck,149,Lord of the Lamp,10,0.4883
12,Bandit Keith,deck,153,Dokuroizo the Grim Reaper,1,0.0488
12,Bandit Keith,deck,154,Fire Reaper,1,0.0488
12,Bandit Keith,deck,163,Lisark,10,0.4883
12,Bandit Keith,deck,168,Darkfire Dragon,22,1.0742
12,Bandit Keith,deck,170,Spirit of the Harp,24,1.1719
12,Bandit Keith,deck,197,Mech Mole Zombie,1,0.0488
12,Bandit Keith,deck,203,Phantom Ghost,1,0.0488
12,Bandit Keith,deck,215,Flame Ghost,1,0.0488
12,Bandit Keith,deck,216,Dryad,10,0.4883
12,Bandit Keith,deck,228,Wood Remains,1,0.0488
12,Bandit Keith,deck,230,Rare Fish,20,0.9766
12,Bandit Keith,deck,241,Dark Assailant,1,0.0488
12,Bandit Keith,deck,249,Water Omotics,10,0.4883
12,Bandit Keith,deck,275,Ground Attacker Bugroth,4,0.1953
12,Bandit Keith,deck,283,Holograh,1,0.0488
12,Bandit Keith,deck,287,Ogre of the Black Shadow,10,0.4883
12,Bandit Keith,deck,297,Cyber Soldier of Darkworld,24,1.1719
12,Bandit Keith,deck,325,Machine Conversion Factory,80,3.9062
12,Bandit Keith,deck,351,Yaranzo,54,2.6367
12,Bandit Keith,deck,352,Kanan the Swordmistress,24,1.1719
12,Bandit Keith,deck,353,Takriminos,20,0.9766
12,Bandit Keith,deck,359,Three-legged Zombies,1,0.0488
12,Bandit Keith,deck,368,Shadow Ghoul,44,2.1484
12,Bandit Keith,deck,377,Ryu-kishin Powered,24,1.1719
12,Bandit Keith,deck,379,La Jinn the Mystical Genie,24,1.1719
12,Bandit Keith,deck,384,Dark Rabbit,10,0.4883
12,Bandit Keith,deck,391,Zoa,12,0.5859
12,Bandit Keith,deck,394,Steel Scorpion,1,0.0488
12,Bandit Keith,deck,404,Tatsunootoshigo,16,0.7812
12,Bandit Keith,deck,405,Saber Slasher,35,1.709
12,Bandit Keith,deck,406,Yaiba Robo,1,0.0488
12,Bandit Keith,deck,410,Mechanical Spider,1,0.0488
12,Bandit Keith,deck,411,Bat,1,0.0488
12,Bandit Keith,deck,412,Giga-tech Wolf,24,1.1719
12,Bandit Keith,deck,414,Shovel Crusher,1,0.0488
12,Bandit Keith,deck,415,Mechanicalchacer,35,1.709
12,Bandit Keith,deck,416,Blocker,35,1.709
12,Bandit Keith,deck,417,Blast Juggler,1,0.0488
12,Bandit Keith,deck,418,Golgoil,4,0.1953
12,Bandit Keith,deck,420,Cyber-Stein,1,0.0488
12,Bandit Keith,deck,421,Cyber Commander,1,0.0488
12,Bandit Keith,deck,422,Jinzo #7,1,0.0488
12,Bandit Keith,deck,433,Ancient Elf,16,0.7812
12,Bandit Keith,deck,440,7 Colored Fish,10,0.4883
12,Bandit Keith,deck,447,Giant Red Seasnake,10,0.4883
12,Bandit Keith,deck,448,Spike Seadra,20,0.9766
12,Bandit Keith,deck,460,Bolt Escargot,20,0.9766
12,Bandit Keith,deck,462,The Immortal of Thunder,24,1.1719
12,Bandit Keith,deck,466,Skull Red Bird,23,1.123
12,Bandit Keith,deck,470,Magical Ghost,44,2.1484
12,Bandit Keith,deck,493,Maha Vailo,16,0.7812
12,Bandit Keith,deck,497,Yado Karu,10,0.4883
12,Bandit Keith,deck,498,Morinphen,23,1.123
12,Bandit Keith,deck,507,Crazy Fish,24,1.1719
12,Bandit Keith,deck,511,Bean Soldier,20,0.9766
12,Bandit Keith,deck,512,Cannon Soldier,44,2.1484
12,Bandit Keith,deck,514,Brave Scizzar,1,0.0488
12,Bandit Keith,deck,517,Sand Stone,20,0.9766
12,Bandit Keith,deck,523,The Bistro Butcher,24,1.1719
12,Bandit Keith,deck,532,Gemini Elf,24,1.1719
12,Bandit Keith,deck,539,Corroding Shark,1,0.0488
12,Bandit Keith,deck,544,Dharma Cannon,1,0.0488
12,Bandit Keith,deck,548,Bone Mouse,1,0.0488
12,Bandit Keith,deck,551,Dark Elf,24,1.1719
12,Bandit Keith,deck,556,The Wandering Doomed,1,0.0488
12,Bandit Keith,deck,580,Patrol Robo,1,0.0488
12,Bandit Keith,deck,585,Mechanical Snail,1,0.0488
12,Bandit Keith,deck,587,Mon Larvas,20,0.9766
12,Bandit Keith,deck,595,Fiend Refrection #1,20,0.9766
12,Bandit Keith,deck,596,Ghoul with an Appetite,54,2.6367
12,Bandit Keith,deck,597,Pale Beast,20,0.9766
12,Bandit Keith,deck,621,Succubus Knight,16,0.7812
12,Bandit Keith,deck,624,High Tide Gyojin,16,0.7812
12,Bandit Keith,deck,625,Fairy of the Fountain,20,0.9766
12,Bandit Keith,deck,626,Amazon of the Seas,20,0.9766
12,Bandit Keith,deck,631,Maiden of the Moonlight,24,1.1719
12,Bandit Keith,deck,636,Blue-winged Crown,24,1.1719
12,Bandit Keith,deck,643,Disk Magician,1,0.0488
12,Bandit Keith,deck,648,Machine Attacker,44,2.1484
12,Bandit Keith,deck,658,Metalmorph,64,3.125
13,Shadi,S/A POW,5,Ryu-kishin,10,0.4883
13,Shadi,S/A POW,8,Mushroom Man,12,0.5859
13,Shadi,S/A POW,20,Left Arm of the Forbidden One,8,0.3906
13,Shadi,S/A POW,29,Mountain Warrior,10,0.4883
13,Shadi,S/A POW,45,Oscillo Hero #2,10,0.4883
13,Shadi,S/A POW,48,Sangan,10,0.4883
13,Shadi,S/A POW,50,Basic Insect,10,0.4883
13,Shadi,S/A POW,70,Fiend Kraken,54,2.6367
13,Shadi,S/A POW,71,Jellyfish,54,2.6367
13,Shadi,S/A POW,77,Grappler,24,1.1719
13,Shadi,S/A POW,96,Armored Zombie,10,0.4883
13,Shadi,S/A POW,97,Dragon Zombie,10,0.4883
13,Shadi,S/A POW,98,Clown Zombie,10,0.4883
13,Shadi,S/A POW,101,Wings of Wicked Flame,10,0.4883
13,Shadi,S/A POW,107,Kageningen,12,0.5859
13,Shadi,S/A POW,108,Graveyard and the Hand of Invitation,12,0.5859
13,Shadi,S/A POW,122,Yamatano Dragon Scroll,12,0.5859
13,Shadi,S/A POW,129,Nemuriko,12,0.5859
13,Shadi,S/A POW,134,Mystical Capture Chain,12,0.5859
13,Shadi,S/A POW,135,Fiend's Hand,12,0.5859
13,Shadi,S/A POW,139,Blue-eyed Silver Zombie,12,0.5859
13,Shadi,S/A POW,140,Toad Master,32,1.5625
13,Shadi,S/A POW,144,Djinn the Watcher of the Wind,12,0.5859
13,Shadi,S/A POW,145,The Bewitching Phantom Thief,12,0.5859
13,Shadi,S/A POW,147,Monster Egg,12,0.5859
13,Shadi,S/A POW,148,The Shadow Who Controls the Dark,12,0.5859
13,Shadi,S/A POW,152,The Melting Red Shadow,42,2.0508
13,Shadi,S/A POW,154,Fire Reaper,12,0.5859
13,Shadi,S/A POW,156,Hard Armor,12,0.5859
13,Shadi,S/A POW,157,Firegrass,12,0.5859
13,Shadi,S/A POW,158,Man Eater,12,0.5859
13,Shadi,S/A POW,159,Dig Beak,12,0.5859
13,Shadi,S/A POW,160,M-warrior #1,12,0.5859
13,Shadi,S/A POW,161,M-warrior #2,12,0.5859
13,Shadi,S/A POW,173,Dark Prisoner,12,0.5859
13,Shadi,S/A POW,176,Fire Eye,12,0.5859
13,Shadi,S/A POW,177,Monsturtle,24,1.1719
13,Shadi,S/A POW,179,Phantom Dewan,12,0.5859
13,Shadi,S/A POW,182,Masked Clown,12,0.5859
13,Shadi,S/A POW,183,Lucky Trinket,12,0.5859
13,Shadi,S/A POW,184,Genin,12,0.5859
13,Shadi,S/A POW,187,Gate Deeg,12,0.5859
13,Shadi,S/A POW,189,Fusionist,12,0.5859
13,Shadi,S/A POW,191,LaLa Li-oon,12,0.5859
13,Shadi,S/A POW,193,Turtle Tiger,24,1.1719
13,Shadi,S/A POW,195,Doron,12,0.5859
13,Shadi,S/A POW,196,Arma Knight,24,1.1719
13,Shadi,S/A POW,198,Happy Lover,12,0.5859
13,Shadi,S/A POW,199,Penguin Knight,20,0.9766
13,Shadi,S/A POW,200,Petit Dragon,12,0.5859
13,Shadi,S/A POW,203,Phantom Ghost,12,0.5859
13,Shadi,S/A POW,205,Dorover,20,0.9766
13,Shadi,S/A POW,206,Twin Long Rods #1,32,1.5625
13,Shadi,S/A POW,208,Petit Angel,12,0.5859
13,Shadi,S/A POW,209,Winged Cleaver,12,0.5859
13,Shadi,S/A POW,211,Kaminarikozou,12,0.5859
13,Shadi,S/A POW,212,Meotoko,12,0.5859
13,Shadi,S/A POW,214,Kagemusha of the Blue Flame,12,0.5859
13,Shadi,S/A POW,218,Two-mouth Darkruler,12,0.5859
13,Shadi,S/A POW,222,Midnight Fiend,12,0.5859
13,Shadi,S/A POW,224,Trap Master,12,0.5859
13,Shadi,S/A POW,227,Hitodenchak,32,1.5625
13,Shadi,S/A POW,229,Hourglass of Life,12,0.5859
13,Shadi,S/A POW,230,Rare Fish,24,1.1719
13,Shadi,S/A POW,232,Madjinn Gunn,12,0.5859
13,Shadi,S/A POW,239,Vishwar Randi,12,0.5859
13,Shadi,S/A POW,240,The Drdek,12,0.5859
13,Shadi,S/A POW,242,Candle of Fate,12,0.5859
13,Shadi,S/A POW,243,Water Element,32,1.5625
13,Shadi,S/A POW,245,Meda Bat,12,0.5859
13,Shadi,S/A POW,247,Root Water,20,0.9766
13,Shadi,S/A POW,251,Enchanting Mermaid,24,1.1719
13,Shadi,S/A POW,254,Embryonic Beast,12,0.5859
13,Shadi,S/A POW,258,Beastking of the Swamps,24,1.1719
13,Shadi,S/A POW,261,Wicked Mirror,12,0.5859
13,Shadi,S/A POW,265,The Furious Sea King,32,1.5625
13,Shadi,S/A POW,266,Princess of Tsurugi,12,0.5859
13,Shadi,S/A POW,267,Unknown Warrior of Fiend,12,0.5859
13,Shadi,S/A POW,268,Sectarian of Secrets,12,0.5859
13,Shadi,S/A POW,270,Wetha,20,0.9766
13,Shadi,S/A POW,271,Megirus Light,12,0.5859
13,Shadi,S/A POW,277,Gorgon Egg,12,0.5859
13,Shadi,S/A POW,285,Serpent Marauder,32,1.5625
13,Shadi,S/A POW,289,Change Slime,20,0.9766
13,Shadi,S/A POW,292,Psychic Kappa,32,1.5625
13,Shadi,S/A POW,300,Kurama,12,0.5859
13,Shadi,S/A POW,334,Umi,28,1.3672
13,Shadi,S/A POW,393,Zone Eater,20,0.9766
13,Shadi,S/A POW,398,Ooguchi,20,0.9766
13,Shadi,S/A POW,420,Cyber-Stein,12,0.5859
13,Shadi,S/A POW,421,Cyber Commander,12,0.5859
13,Shadi,S/A POW,432,Waterdragon Fairy,20,0.9766
13,Shadi,S/A POW,436,White Dolphin,20,0.9766
13,Shadi,S/A POW,444,Turu-Purun,20,0.9766
13,Shadi,S/A POW,446,Aqua Snake,20,0.9766
13,Shadi,S/A POW,451,Kanikabuto,32,1.5625
13,Shadi,S/A POW,452,Zarigun,32,1.5625
13,Shadi,S/A POW,475,Sinister Serpent,20,0.9766
13,Shadi,S/A POW,476,Ganigumo,12,0.5859
13,Shadi,S/A POW,484,Ameba,20,0.9766
13,Shadi,S/A POW,490,Needle Ball,12,0.5859
13,Shadi,S/A POW,492,Hoshiningen,12,0.5859
13,Shadi,S/A POW,503,Turtle Raccoon,32,1.5625
13,Shadi,S/A POW,506,Gale Dogra,12,0.5859
13,Shadi,S/A POW,510,Laughing Flower,12,0.5859
13,Shadi,S/A POW,524,Star Boy,20,0.9766
13,Shadi,S/A POW,534,Minar,12,0.5859
13,Shadi,S/A POW,536,Mechaleon,32,1.5625
13,Shadi,S/A POW,540,Skelengel,12,0.5859
13,Shadi,S/A POW,544,Dharma Cannon,12,0.5859
13,Shadi,S/A POW,549,Frog The Jam,32,1.5625
13,Shadi,S/A POW,556,The Wandering Doomed,12,0.5859
13,Shadi,S/A POW,569,Drooling Lizard,20,0.9766
13,Shadi,S/A POW,590,Beaked Snake,20,0.9766
13,Shadi,S/A POW,591,Morphing Jar,12,0.5859
13,Shadi,S/A POW,602,Penguin Soldier,32,1.5625
13,Shadi,S/A POW,604,Obese Marmot of Nefariousness,12,0.5859
13,Shadi,S/A POW,605,Liquid Beast,20,0.9766
13,Shadi,S/A POW,606,Twin Long Rods #2,32,1.5625
13,Shadi,S/A POW,609,Bladefly,12,0.5859
13,Shadi,B/C/D,5,Ryu-kishin,12,0.5859
13,Shadi,B/C/D,8,Mushroom Man,12,0.5859
13,Shadi,B/C/D,20,Left Arm of the Forbidden One,8,0.3906
13,Shadi,B/C/D,29,Mountain Warrior,12,0.5859
13,Shadi,B/C/D,45,Oscillo Hero #2,12,0.5859
13,Shadi,B/C/D,48,Sangan,12,0.5859
13,Shadi,B/C/D,50,Basic Insect,12,0.5859
13,Shadi,B/C/D,96,Armored Zombie,12,0.5859
13,Shadi,B/C/D,97,Dragon Zombie,12,0.5859
13,Shadi,B/C/D,98,Clown Zombie,12,0.5859
13,Shadi,B/C/D,101,Wings of Wicked Flame,12,0.5859
13,Shadi,B/C/D,107,Kageningen,12,0.5859
13,Shadi,B/C/D,108,Graveyard and the Hand of Invitation,12,0.5859
13,Shadi,B/C/D,122,Yamatano Dragon Scroll,12,0.5859
13,Shadi,B/C/D,129,Nemuriko,12,0.5859
13,Shadi,B/C/D,134,Mystical Capture Chain,12,0.5859
13,Shadi,B/C/D,135,Fiend's Hand,12,0.5859
13,Shadi,B/C/D,139,Blue-eyed Silver Zombie,12,0.5859
13,Shadi,B/C/D,144,Djinn the Watcher of the Wind,12,0.5859
13,Shadi,B/C/D,145,The Bewitching Phantom Thief,12,0.5859
13,Shadi,B/C/D,147,Monster Egg,12,0.5859
13,Shadi,B/C/D,148,The Shadow Who Controls the Dark,12,0.5859
13,Shadi,B/C/D,152,The Melting Red Shadow,44,2.1484
13,Shadi,B/C/D,154,Fire Reaper,12,0.5859
13,Shadi,B/C/D,156,Hard Armor,12,0.5859
13,Shadi,B/C/D,157,Firegrass,12,0.5859
13,Shadi,B/C/D,158,Man Eater,12,0.5859
13,Shadi,B/C/D,159,Dig Beak,12,0.5859
13,Shadi,B/C/D,160,M-warrior #1,12,0.5859
13,Shadi,B/C/D,161,M-warrior #2,12,0.5859
13,Shadi,B/C/D,173,Dark Prisoner,12,0.5859
13,Shadi,B/C/D,176,Fire Eye,12,0.5859
13,Shadi,B/C/D,177,Monsturtle,24,1.1719
13,Shadi,B/C/D,179,Phantom Dewan,12,0.5859
13,Shadi,B/C/D,182,Masked Clown,12,0.5859
13,Shadi,B/C/D,183,Lucky Trinket,12,0.5859
13,Shadi,B/C/D,184,Genin,12,0.5859
13,Shadi,B/C/D,187,Gate Deeg,12,0.5859
13,Shadi,B/C/D,189,Fusionist,12,0.5859
13,Shadi,B/C/D,191,LaLa Li-oon,12,0.5859
13,Shadi,B/C/D,195,Doron,12,0.5859
13,Shadi,B/C/D,198,Happy Lover,12,0.5859
13,Shadi,B/C/D,199,Penguin Knight,20,0.9766
13,Shadi,B/C/D,200,Petit Dragon,12,0.5859
13,Shadi,B/C/D,203,Phantom Ghost,12,0.5859
13,Shadi,B/C/D,205,Dorover,20,0.9766
13,Shadi,B/C/D,206,Twin Long Rods #1,44,2.1484
13,Shadi,B/C/D,208,Petit Angel,12,0.5859
13,Shadi,B/C/D,209,Winged Cleaver,12,0.5859
13,Shadi,B/C/D,211,Kaminarikozou,12,0.5859
13,Shadi,B/C/D,212,Meotoko,12,0.5859
13,Shadi,B/C/D,214,Kagemusha of the Blue Flame,12,0.5859
13,Shadi,B/C/D,218,Two-mouth Darkruler,12,0.5859
13,Shadi,B/C/D,222,Midnight Fiend,12,0.5859
13,Shadi,B/C/D,224,Trap Master,12,0.5859
13,Shadi,B/C/D,227,Hitodenchak,44,2.1484
13,Shadi,B/C/D,229,Hourglass of Life,12,0.5859
13,Shadi,B/C/D,232,Madjinn Gunn,12,0.5859
13,Shadi,B/C/D,239,Vishwar Randi,12,0.5859
13,Shadi,B/C/D,240,The Drdek,12,0.5859
13,Shadi,B/C/D,242,Candle of Fate,12,0.5859
13,Shadi,B/C/D,243,Water Element,44,2.1484
13,Shadi,B/C/D,245,Meda Bat,12,0.5859
13,Shadi,B/C/D,247,Root Water,22,1.0742
13,Shadi,B/C/D,254,Embryonic Beast,12,0.5859
13,Shadi,B/C/D,261,Wicked Mirror,12,0.5859
13,Shadi,B/C/D,265,The Furious Sea King,44,2.1484
13,Shadi,B/C/D,266,Princess of Tsurugi,12,0.5859
13,Shadi,B/C/D,267,Unknown Warrior of Fiend,12,0.5859
13,Shadi,B/C/D,268,Sectarian of Secrets,12,0.5859
13,Shadi,B/C/D,270,Wetha,28,1.3672
13,Shadi,B/C/D,271,Megirus Light,12,0.5859
13,Shadi,B/C/D,277,Gorgon Egg,12,0.5859
13,Shadi,B/C/D,285,Serpent Marauder,44,2.1484
13,Shadi,B/C/D,289,Change Slime,20,0.9766
13,Shadi,B/C/D,292,Psychic Kappa,44,2.1484
13,Shadi,B/C/D,300,Kurama,12,0.5859
13,Shadi,B/C/D,308,Beast Fangs,20,0.9766
13,Shadi,B/C/D,328,Power of Kaishin,20,0.9766
13,Shadi,B/C/D,334,Umi,44,2.1484
13,Shadi,B/C/D,393,Zone Eater,20,0.9766
13,Shadi,B/C/D,398,Ooguchi,22,1.0742
13,Shadi,B/C/D,420,Cyber-Stein,12,0.5859
13,Shadi,B/C/D,421,Cyber Commander,12,0.5859
13,Shadi,B/C/D,432,Waterdragon Fairy,22,1.0742
13,Shadi,B/C/D,436,White Dolphin,22,1.0742
13,Shadi,B/C/D,444,Turu-Purun,22,1.0742
13,Shadi,B/C/D,446,Aqua Snake,22,1.0742
13,Shadi,B/C/D,451,Kanikabuto,44,2.1484
13,Shadi,B/C/D,452,Zarigun,44,2.1484
13,Shadi,B/C/D,475,Sinister Serpent,22,1.0742
13,Shadi,B/C/D,476,Ganigumo,12,0.5859
13,Shadi,B/C/D,484,Ameba,22,1.0742
13,Shadi,B/C/D,490,Needle Ball,12,0.5859
13,Shadi,B/C/D,492,Hoshiningen,12,0.5859
13,Shadi,B/C/D,503,Turtle Raccoon,44,2.1484
13,Shadi,B/C/D,506,Gale Dogra,12,0.5859
13,Shadi,B/C/D,510,Laughing Flower,12,0.5859
13,Shadi,B/C/D,524,Star Boy,22,1.0742
13,Shadi,B/C/D,534,Minar,12,0.5859
13,Shadi,B/C/D,536,Mechaleon,44,2.1484
13,Shadi,B/C/D,540,Skelengel,12,0.5859
13,Shadi,B/C/D,544,Dharma Cannon,12,0.5859
13,Shadi,B/C/D,549,Frog The Jam,44,2.1484
13,Shadi,B/C/D,556,The Wandering Doomed,12,0.5859
13,Shadi,B/C/D,569,Drooling Lizard,22,1.0742
13,Shadi,B/C/D,590,Beaked Snake,22,1.0742
13,Shadi,B/C/D,591,Morphing Jar,12,0.5859
13,Shadi,B/C/D,602,Penguin Soldier,44,2.1484
13,Shadi,B/C/D,604,Obese Marmot of Nefariousness,12,0.5859
13,Shadi,B/C/D,605,Liquid Beast,22,1.0742
13,Shadi,B/C/D,606,Twin Long Rods #2,44,2.1484
13,Shadi,B/C/D,609,Bladefly,12,0.5859
13,Shadi,B/C/D,682,Eatgaboon,20,0.9766
13,Shadi,S/A TEC,5,Ryu-kishin,10,0.4883
13,Shadi,S/A TEC,8,Mushroom Man,12,0.5859
13,Shadi,S/A TEC,20,Left Arm of the Forbidden One,6,0.293
13,Shadi,S/A TEC,29,Mountain Warrior,12,0.5859
13,Shadi,S/A TEC,45,Oscillo Hero #2,12,0.5859
13,Shadi,S/A TEC,48,Sangan,12,0.5859
13,Shadi,S/A TEC,50,Basic Insect,12,0.5859
13,Shadi,S/A TEC,96,Armored Zombie,12,0.5859
13,Shadi,S/A TEC,97,Dragon Zombie,12,0.5859
13,Shadi,S/A TEC,98,Clown Zombie,12,0.5859
13,Shadi,S/A TEC,101,Wings of Wicked Flame,12,0.5859
13,Shadi,S/A TEC,107,Kageningen,12,0.5859
13,Shadi,S/A TEC,108,Graveyard and the Hand of Invitation,12,0.5859
13,Shadi,S/A TEC,122,Yamatano Dragon Scroll,12,0.5859
13,Shadi,S/A TEC,129,Nemuriko,12,0.5859
13,Shadi,S/A TEC,134,Mystical Capture Chain,12,0.5859
13,Shadi,S/A TEC,135,Fiend's Hand,12,0.5859
13,Shadi,S/A TEC,139,Blue-eyed Silver Zombie,12,0.5859
13,Shadi,S/A TEC,144,Djinn the Watcher of the Wind,12,0.5859
13,Shadi,S/A TEC,145,The Bewitching Phantom Thief,12,0.5859
13,Shadi,S/A TEC,147,Monster Egg,12,0.5859
13,Shadi,S/A TEC,148,The Shadow Who Controls the Dark,12,0.5859
13,Shadi,S/A TEC,152,The Melting Red Shadow,32,1.5625
13,Shadi,S/A TEC,154,Fire Reaper,12,0.5859
13,Shadi,S/A TEC,156,Hard Armor,12,0.5859
13,Shadi,S/A TEC,157,Firegrass,12,0.5859
13,Shadi,S/A TEC,158,Man Eater,12,0.5859
13,Shadi,S/A TEC,159,Dig Beak,12,0.5859
13,Shadi,S/A TEC,160,M-warrior #1,12,0.5859
13,Shadi,S/A TEC,161,M-warrior #2,12,0.5859
13,Shadi,S/A TEC,173,Dark Prisoner,12,0.5859
13,Shadi,S/A TEC,176,Fire Eye,12,0.5859
13,Shadi,S/A TEC,177,Monsturtle,24,1.1719
13,Shadi,S/A TEC,179,Phantom Dewan,12,0.5859
13,Shadi,S/A TEC,182,Masked Clown,12,0.5859
13,Shadi,S/A TEC,183,Lucky Trinket,12,0.5859
13,Shadi,S/A TEC,184,Genin,12,0.5859
13,Shadi,S/A TEC,187,Gate Deeg,12,0.5859
13,Shadi,S/A TEC,189,Fusionist,12,0.5859
13,Shadi,S/A TEC,191,LaLa Li-oon,12,0.5859
13,Shadi,S/A TEC,195,Doron,12,0.5859
13,Shadi,S/A TEC,198,Happy Lover,12,0.5859
13,Shadi,S/A TEC,199,Penguin Knight,20,0.9766
13,Shadi,S/A TEC,200,Petit Dragon,12,0.5859
13,Shadi,S/A TEC,203,Phantom Ghost,12,0.5859
13,Shadi,S/A TEC,205,Dorover,20,0.9766
13,Shadi,S/A TEC,206,Twin Long Rods #1,30,1.4648
13,Shadi,S/A TEC,208,Petit Angel,12,0.5859
13,Shadi,S/A TEC,209,Winged Cleaver,12,0.5859
13,Shadi,S/A TEC,211,Kaminarikozou,12,0.5859
13,Shadi,S/A TEC,212,Meotoko,12,0.5859
13,Shadi,S/A TEC,214,Kagemusha of the Blue Flame,12,0.5859
13,Shadi,S/A TEC,218,Two-mouth Darkruler,12,0.5859
13,Shadi,S/A TEC,222,Midnight Fiend,12,0.5859
13,Shadi,S/A TEC,224,Trap Master,12,0.5859
13,Shadi,S/A TEC,227,Hitodenchak,30,1.4648
13,Shadi,S/A TEC,229,Hourglass of Life,12,0.5859
13,Shadi,S/A TEC,232,Madjinn Gunn,12,0.5859
13,Shadi,S/A TEC,239,Vishwar Randi,12,0.5859
13,Shadi,S/A TEC,240,The Drdek,12,0.5859
13,Shadi,S/A TEC,242,Candle of Fate,12,0.5859
13,Shadi,S/A TEC,243,Water Element,30,1.4648
13,Shadi,S/A TEC,245,Meda Bat,12,0.5859
13,Shadi,S/A TEC,247,Root Water,20,0.9766
13,Shadi,S/A TEC,254,Embryonic Beast,12,0.5859
13,Shadi,S/A TEC,261,Wicked Mirror,12,0.5859
13,Shadi,S/A TEC,265,The Furious Sea King,32,1.5625
13,Shadi,S/A TEC,266,Princess of Tsurugi,12,0.5859
13,Shadi,S/A TEC,267,Unknown Warrior of Fiend,12,0.5859
13,Shadi,S/A TEC,268,Sectarian of Secrets,12,0.5859
13,Shadi,S/A TEC,270,Wetha,20,0.9766
13,Shadi,S/A TEC,271,Megirus Light,12,0.5859
13,Shadi,S/A TEC,277,Gorgon Egg,12,0.5859
13,Shadi,S/A TEC,285,Serpent Marauder,32,1.5625
13,Shadi,S/A TEC,289,Change Slime,20,0.9766
13,Shadi,S/A TEC,292,Psychic Kappa,32,1.5625
13,Shadi,S/A TEC,300,Kurama,12,0.5859
13,Shadi,S/A TEC,308,Beast Fangs,24,1.1719
13,Shadi,S/A TEC,309,Steel Shell,24,1.1719
13,Shadi,S/A TEC,324,Invigoration,24,1.1719
13,Shadi,S/A TEC,328,Power of Kaishin,24,1.1719
13,Shadi,S/A TEC,334,Umi,36,1.7578
13,Shadi,S/A TEC,337,Raigeki,36,1.7578
13,Shadi,S/A TEC,393,Zone Eater,20,0.9766
13,Shadi,S/A TEC,398,Ooguchi,20,0.9766
13,Shadi,S/A TEC,420,Cyber-Stein,12,0.5859
13,Shadi,S/A TEC,421,Cyber Commander,12,0.5859
13,Shadi,S/A TEC,432,Waterdragon Fairy,20,0.9766
13,Shadi,S/A TEC,436,White Dolphin,20,0.9766
13,Shadi,S/A TEC,444,Turu-Purun,20,0.9766
13,Shadi,S/A TEC,446,Aqua Snake,20,0.9766
13,Shadi,S/A TEC,451,Kanikabuto,30,1.4648
13,Shadi,S/A TEC,452,Zarigun,30,1.4648
13,Shadi,S/A TEC,475,Sinister Serpent,20,0.9766
13,Shadi,S/A TEC,476,Ganigumo,12,0.5859
13,Shadi,S/A TEC,484,Ameba,20,0.9766
13,Shadi,S/A TEC,490,Needle Ball,12,0.5859
13,Shadi,S/A TEC,492,Hoshiningen,12,0.5859
13,Shadi,S/A TEC,503,Turtle Raccoon,30,1.4648
13,Shadi,S/A TEC,506,Gale Dogra,12,0.5859
13,Shadi,S/A TEC,510,Laughing Flower,12,0.5859
13,Shadi,S/A TEC,524,Star Boy,20,0.9766
13,Shadi,S/A TEC,534,Minar,12,0.5859
13,Shadi,S/A TEC,536,Mechaleon,30,1.4648
13,Shadi,S/A TEC,540,Skelengel,12,0.5859
13,Shadi,S/A TEC,544,Dharma Cannon,12,0.5859
13,Shadi,S/A TEC,549,Frog The Jam,30,1.4648
13,Shadi,S/A TEC,556,The Wandering Doomed,12,0.5859
13,Shadi,S/A TEC,569,Drooling Lizard,20,0.9766
13,Shadi,S/A TEC,590,Beaked Snake,20,0.9766
13,Shadi,S/A TEC,591,Morphing Jar,12,0.5859
13,Shadi,S/A TEC,602,Penguin Soldier,30,1.4648
13,Shadi,S/A TEC,604,Obese Marmot of Nefariousness,12,0.5859
13,Shadi,S/A TEC,605,Liquid Beast,20,0.9766
13,Shadi,S/A TEC,606,Twin Long Rods #2,30,1.4648
13,Shadi,S/A TEC,609,Bladefly,12,0.5859
13,Shadi,S/A TEC,664,Eternal Draught,40,1.9531
13,Shadi,S/A TEC,682,Eatgaboon,24,1.1719
13,Shadi,S/A TEC,683,Bear Trap,24,1.1719
13,Shadi,S/A TEC,687,Goblin Fan,24,1.1719
13,Shadi,S/A TEC,690,Fake Trap,24,1.1719
13,Shadi,S/A TEC,693,Contruct of Mask,24,1.1719
13,Shadi,deck,16,Time Wizard,32,1.5625
13,Shadi,deck,50,Basic Insect,20,0.9766
13,Shadi,deck,51,Armored Lizard,1,0.0488
13,Shadi,deck,60,Great White,1,0.0488
13,Shadi,deck,70,Fiend Kraken,1,0.0488
13,Shadi,deck,71,Jellyfish,1,0.0488
13,Shadi,deck,76,Krokodilus,1,0.0488
13,Shadi,deck,77,Grappler,1,0.0488
13,Shadi,deck,104,Curtain of the Dark Ones,32,1.5625
13,Shadi,deck,105,Tomozaurus,32,1.5625
13,Shadi,deck,122,Yamatano Dragon Scroll,20,0.9766
13,Shadi,deck,130,Weather Control,45,2.1973
13,Shadi,deck,135,Fiend's Hand,20,0.9766
13,Shadi,deck,137,Mystery Hand,45,2.1973
13,Shadi,deck,140,Toad Master,1,0.0488
13,Shadi,deck,152,The Melting Red Shadow,64,3.125
13,Shadi,deck,154,Fire Reaper,20,0.9766
13,Shadi,deck,174,Hurricail,32,1.5625
13,Shadi,deck,177,Monsturtle,1,0.0488
13,Shadi,deck,182,Masked Clown,20,0.9766
13,Shadi,deck,185,Eyearmor,32,1.5625
13,Shadi,deck,191,LaLa Li-oon,20,0.9766
13,Shadi,deck,193,Turtle Tiger,1,0.0488
13,Shadi,deck,196,Arma Knight,1,0.0488
13,Shadi,deck,197,Mech Mole Zombie,32,1.5625
13,Shadi,deck,199,Penguin Knight,1,0.0488
13,Shadi,deck,202,Air Marmot of Nefariousness,40,1.9531
13,Shadi,deck,205,Dorover,1,0.0488
13,Shadi,deck,206,Twin Long Rods #1,1,0.0488
13,Shadi,deck,207,Droll Bird,32,1.5625
13,Shadi,deck,210,Hinotama Soul,32,1.5625
13,Shadi,deck,214,Kagemusha of the Blue Flame,20,0.9766
13,Shadi,deck,227,Hitodenchak,16,0.7812
13,Shadi,deck,230,Rare Fish,1,0.0488
13,Shadi,deck,237,Haniwa,40,1.9531
13,Shadi,deck,242,Candle of Fate,20,0.9766
13,Shadi,deck,243,Water Element,1,0.0488
13,Shadi,deck,245,Meda Bat,20,0.9766
13,Shadi,deck,247,Root Water,1,0.0488
13,Shadi,deck,249,Water Omotics,1,0.0488
13,Shadi,deck,251,Enchanting Mermaid,1,0.0488
13,Shadi,deck,258,Beastking of the Swamps,1,0.0488
13,Shadi,deck,265,The Furious Sea King,1,0.0488
13,Shadi,deck,268,Sectarian of Secrets,20,0.9766
13,Shadi,deck,270,Wetha,1,0.0488
13,Shadi,deck,285,Serpent Marauder,16,0.7812
13,Shadi,deck,289,Change Slime,16,0.7812
13,Shadi,deck,292,Psychic Kappa,4,0.1953
13,Shadi,deck,309,Steel Shell,36,1.7578
13,Shadi,deck,320,Stop Defense,36,1.7578
13,Shadi,deck,334,Umi,48,2.3438
13,Shadi,deck,340,Goblin's Secret Remedy,36,1.7578
13,Shadi,deck,353,Takriminos,1,0.0488
13,Shadi,deck,361,Flying Penguin,1,0.0488
13,Shadi,deck,381,Toon Alligator,1,0.0488
13,Shadi,deck,393,Zone Eater,1,0.0488
13,Shadi,deck,398,Ooguchi,1,0.0488
13,Shadi,deck,410,Mechanical Spider,32,1.5625
13,Shadi,deck,420,Cyber-Stein,20,0.9766
13,Shadi,deck,422,Jinzo #7,32,1.5625
13,Shadi,deck,430,Water Magician,1,0.0488
13,Shadi,deck,431,Ice Water,1,0.0488
13,Shadi,deck,432,Waterdragon Fairy,1,0.0488
13,Shadi,deck,435,Water Girl,1,0.0488
13,Shadi,deck,436,White Dolphin,100,4.8828
13,Shadi,deck,440,7 Colored Fish,1,0.0488
13,Shadi,deck,444,Turu-Purun,132,6.4453
13,Shadi,deck,445,Guardian of the Sea,1,0.0488
13,Shadi,deck,446,Aqua Snake,1,0.0488
13,Shadi,deck,447,Giant Red Seasnake,1,0.0488
13,Shadi,deck,448,Spike Seadra,1,0.0488
13,Shadi,deck,450,Kappa Avenger,1,0.0488
13,Shadi,deck,451,Kanikabuto,1,0.0488
13,Shadi,deck,452,Zarigun,16,0.7812
13,Shadi,deck,474,Sea Kamen,1,0.0488
13,Shadi,deck,475,Sinister Serpent,1,0.0488
13,Shadi,deck,484,Ameba,10,0.4883
13,Shadi,deck,485,Korogashi,40,1.9531
13,Shadi,deck,486,Boo Koo,30,1.4648
13,Shadi,deck,488,Rainbow Flower,32,1.5625
13,Shadi,deck,492,Hoshiningen,20,0.9766
13,Shadi,deck,497,Yado Karu,1,0.0488
13,Shadi,deck,501,Man-eater Bug,40,1.9531
13,Shadi,deck,503,Turtle Raccoon,1,0.0488
13,Shadi,deck,507,Crazy Fish,1,0.0488
13,Shadi,deck,516,Muka Muka,32,1.5625
13,Shadi,deck,524,Star Boy,132,6.4453
13,Shadi,deck,536,Mechaleon,4,0.1953
13,Shadi,deck,541,Hane-Hane,40,1.9531
13,Shadi,deck,543,Tongyo,1,0.0488
13,Shadi,deck,546,Wow Warrior,1,0.0488
13,Shadi,deck,549,Frog The Jam,64,3.125
13,Shadi,deck,550,Behegon,1,0.0488
13,Shadi,deck,558,Pot the Trick,20,0.9766
13,Shadi,deck,563,Wretched Ghost of the Attic,40,1.9531
13,Shadi,deck,566,Yormungarde,1,0.0488
13,Shadi,deck,569,Drooling Lizard,1,0.0488
13,Shadi,deck,579,Abyss Flower,30,1.4648
13,Shadi,deck,583,Weather Report,1,0.0488
13,Shadi,deck,589,Tentacle Plant,32,1.5625
13,Shadi,deck,590,Beaked Snake,1,0.0488
13,Shadi,deck,598,Little Chimera,30,1.4648
13,Shadi,deck,599,Violent Rain,1,0.0488
13,Shadi,deck,602,Penguin Soldier,30,1.4648
13,Shadi,deck,605,Liquid Beast,1,0.0488
13,Shadi,deck,606,Twin Long Rods #2,1,0.0488
13,Shadi,deck,611,Hiro's Shadow Scout,30,1.4648
13,Shadi,deck,615,Armored Starfish,1,0.0488
13,Shadi,deck,624,High Tide Gyojin,1,0.0488
13,Shadi,deck,625,Fairy of the Fountain,1,0.0488
13,Shadi,deck,626,Amazon of the Seas,1,0.0488
13,Shadi,deck,628,Witch's Apprentice,40,1.9531
13,Shadi,deck,630,Ancient Lizard Warrior,1,0.0488
13,Shadi,deck,634,Night Lizard,1,0.0488
13,Shadi,deck,644,Flame Viper,30,1.4648
13,Shadi,deck,646,Gruesome Goo,1,0.0488
13,Shadi,deck,647,Hyosube,1,0.0488
13,Shadi,deck,655,Cursebreaker,32,1.5625
14,Yami Bakura,S/A POW,2,Mystical Elf,50,2.4414
14,Yami Bakura,S/A POW,16,Time Wizard,46,2.2461
14,Yami Bakura,S/A POW,20,Left Arm of the Forbidden One,10,0.4883
14,Yami Bakura,S/A POW,34,Saggi the Dark Clown,48,2.3438
14,Yami Bakura,S/A POW,44,Rogue Doll,50,2.4414
14,Yami Bakura,S/A POW,104,Curtain of the Dark Ones,46,2.2461
14,Yami Bakura,S/A POW,109,Goddess with the Third Eye,48,2.3438
14,Yami Bakura,S/A POW,114,White Magical Hat,46,2.2461
14,Yami Bakura,S/A POW,115,Kamion Wizard,46,2.2461
14,Yami Bakura,S/A POW,128,LaMoon,10,0.4883
14,Yami Bakura,S/A POW,129,Nemuriko,46,2.2461
14,Yami Bakura,S/A POW,130,Weather Control,46,2.2461
14,Yami Bakura,S/A POW,134,Mystical Capture Chain,46,2.2461
14,Yami Bakura,S/A POW,142,Flame Manipulator,46,2.2461
14,Yami Bakura,S/A POW,143,Necrolancer the Timelord,46,2.2461
14,Yami Bakura,S/A POW,144,Djinn the Watcher of the Wind,46,2.2461
14,Yami Bakura,S/A POW,145,The Bewitching Phantom Thief,46,2.2461
14,Yami Bakura,S/A POW,170,Spirit of the Harp,50,2.4414
14,Yami Bakura,S/A POW,174,Hurricail,46,2.2461
14,Yami Bakura,S/A POW,179,Phantom Dewan,46,2.2461
14,Yami Bakura,S/A POW,183,Lucky Trinket,46,2.2461
14,Yami Bakura,S/A POW,184,Genin,46,2.2461
14,Yami Bakura,S/A POW,190,Akakieisu,46,2.2461
14,Yami Bakura,S/A POW,192,Key Mace,46,2.2461
14,Yami Bakura,S/A POW,198,Happy Lover,46,2.2461
14,Yami Bakura,S/A POW,208,Petit Angel,46,2.2461
14,Yami Bakura,S/A POW,216,Dryad,10,0.4883
14,Yami Bakura,S/A POW,220,Masked Sorcerer,48,2.3438
14,Yami Bakura,S/A POW,229,Hourglass of Life,46,2.2461
14,Yami Bakura,S/A POW,253,Angelwitch,46,2.2461
14,Yami Bakura,S/A POW,259,Ancient Sorcerer,46,2.2461
14,Yami Bakura,S/A POW,260,Lunar Queen Elzaim,46,2.2461
14,Yami Bakura,S/A POW,264,Wing Egg Elf,46,2.2461
14,Yami Bakura,S/A POW,268,Sectarian of Secrets,46,2.2461
14,Yami Bakura,S/A POW,276,Ray & Temperature,46,2.2461
14,Yami Bakura,S/A POW,287,Ogre of the Black Shadow,10,0.4883
14,Yami Bakura,S/A POW,334,Umi,58,2.832
14,Yami Bakura,S/A POW,387,Mystic Lamp,46,2.2461
14,Yami Bakura,S/A POW,395,Dancing Elf,46,2.2461
14,Yami Bakura,S/A POW,433,Ancient Elf,10,0.4883
14,Yami Bakura,S/A POW,486,Boo Koo,46,2.2461
14,Yami Bakura,S/A POW,492,Hoshiningen,46,2.2461
14,Yami Bakura,S/A POW,540,Skelengel,46,2.2461
14,Yami Bakura,S/A POW,578,Leo Wizard,10,0.4883
14,Yami Bakura,S/A POW,584,Binding Chain,48,2.3438
14,Yami Bakura,S/A POW,587,Mon Larvas,10,0.4883
14,Yami Bakura,S/A POW,601,Tenderness,48,2.3438
14,Yami Bakura,S/A POW,608,Shining Friendship,48,2.3438
14,Yami Bakura,S/A POW,612,Lady of Faith,46,2.2461
14,Yami Bakura,S/A POW,630,Ancient Lizard Warrior,10,0.4883
14,Yami Bakura,B/C/D,16,Time Wizard,48,2.3438
14,Yami Bakura,B/C/D,20,Left Arm of the Forbidden One,6,0.293
14,Yami Bakura,B/C/D,34,Saggi the Dark Clown,40,1.9531
14,Yami Bakura,B/C/D,104,Curtain of the Dark Ones,48,2.3438
14,Yami Bakura,B/C/D,109,Goddess with the Third Eye,44,2.1484
14,Yami Bakura,B/C/D,114,White Magical Hat,48,2.3438
14,Yami Bakura,B/C/D,115,Kamion Wizard,40,1.9531
14,Yami Bakura,B/C/D,128,LaMoon,10,0.4883
14,Yami Bakura,B/C/D,129,Nemuriko,48,2.3438
14,Yami Bakura,B/C/D,130,Weather Control,48,2.3438
14,Yami Bakura,B/C/D,134,Mystical Capture Chain,48,2.3438
14,Yami Bakura,B/C/D,142,Flame Manipulator,48,2.3438
14,Yami Bakura,B/C/D,143,Necrolancer the Timelord,48,2.3438
14,Yami Bakura,B/C/D,144,Djinn the Watcher of the Wind,48,2.3438
14,Yami Bakura,B/C/D,145,The Bewitching Phantom Thief,48,2.3438
14,Yami Bakura,B/C/D,174,Hurricail,48,2.3438
14,Yami Bakura,B/C/D,179,Phantom Dewan,48,2.3438
14,Yami Bakura,B/C/D,183,Lucky Trinket,48,2.3438
14,Yami Bakura,B/C/D,184,Genin,48,2.3438
14,Yami Bakura,B/C/D,190,Akakieisu,48,2.3438
14,Yami Bakura,B/C/D,192,Key Mace,48,2.3438
14,Yami Bakura,B/C/D,198,Happy Lover,48,2.3438
14,Yami Bakura,B/C/D,208,Petit Angel,48,2.3438
14,Yami Bakura,B/C/D,216,Dryad,10,0.4883
14,Yami Bakura,B/C/D,220,Masked Sorcerer,40,1.9531
14,Yami Bakura,B/C/D,229,Hourglass of Life,48,2.3438
14,Yami Bakura,B/C/D,253,Angelwitch,48,2.3438
14,Yami Bakura,B/C/D,259,Ancient Sorcerer,44,2.1484
14,Yami Bakura,B/C/D,260,Lunar Queen Elzaim,48,2.3438
14,Yami Bakura,B/C/D,264,Wing Egg Elf,48,2.3438
14,Yami Bakura,B/C/D,268,Sectarian of Secrets,48,2.3438
14,Yami Bakura,B/C/D,276,Ray & Temperature,48,2.3438
14,Yami Bakura,B/C/D,287,Ogre of the Black Shadow,10,0.4883
14,Yami Bakura,B/C/D,311,Black Pendant,32,1.5625
14,Yami Bakura,B/C/D,323,Book of Secret Arts,32,1.5625
14,Yami Bakura,B/C/D,334,Umi,64,3.125
14,Yami Bakura,B/C/D,350,Dark-piercing Light,32,1.5625
14,Yami Bakura,B/C/D,387,Mystic Lamp,48,2.3438
14,Yami Bakura,B/C/D,395,Dancing Elf,48,2.3438
14,Yami Bakura,B/C/D,433,Ancient Elf,10,0.4883
14,Yami Bakura,B/C/D,486,Boo Koo,48,2.3438
14,Yami Bakura,B/C/D,492,Hoshiningen,48,2.3438
14,Yami Bakura,B/C/D,540,Skelengel,48,2.3438
14,Yami Bakura,B/C/D,578,Leo Wizard,10,0.4883
14,Yami Bakura,B/C/D,584,Binding Chain,44,2.1484
14,Yami Bakura,B/C/D,587,Mon Larvas,10,0.4883
14,Yami Bakura,B/C/D,601,Tenderness,44,2.1484
14,Yami Bakura,B/C/D,608,Shining Friendship,44,2.1484
14,Yami Bakura,B/C/D,612,Lady of Faith,48,2.3438
14,Yami Bakura,B/C/D,630,Ancient Lizard Warrior,10,0.4883
14,Yami Bakura,B/C/D,684,Invisible Wire,32,1.5625
14,Yami Bakura,S/A TEC,16,Time Wizard,40,1.9531
14,Yami Bakura,S/A TEC,20,Left Arm of the Forbidden One,6,0.293
14,Yami Bakura,S/A TEC,104,Curtain of the Dark Ones,40,1.9531
14,Yami Bakura,S/A TEC,114,White Magical Hat,40,1.9531
14,Yami Bakura,S/A TEC,128,LaMoon,6,0.293
14,Yami Bakura,S/A TEC,129,Nemuriko,40,1.9531
14,Yami Bakura,S/A TEC,130,Weather Control,40,1.9531
14,Yami Bakura,S/A TEC,134,Mystical Capture Chain,40,1.9531
14,Yami Bakura,S/A TEC,142,Flame Manipulator,40,1.9531
14,Yami Bakura,S/A TEC,143,Necrolancer the Timelord,40,1.9531
14,Yami Bakura,S/A TEC,144,Djinn the Watcher of the Wind,40,1.9531
14,Yami Bakura,S/A TEC,145,The Bewitching Phantom Thief,40,1.9531
14,Yami Bakura,S/A TEC,174,Hurricail,40,1.9531
14,Yami Bakura,S/A TEC,179,Phantom Dewan,40,1.9531
14,Yami Bakura,S/A TEC,183,Lucky Trinket,40,1.9531
14,Yami Bakura,S/A TEC,184,Genin,40,1.9531
14,Yami Bakura,S/A TEC,190,Akakieisu,40,1.9531
14,Yami Bakura,S/A TEC,192,Key Mace,40,1.9531
14,Yami Bakura,S/A TEC,198,Happy Lover,40,1.9531
14,Yami Bakura,S/A TEC,208,Petit Angel,40,1.9531
14,Yami Bakura,S/A TEC,216,Dryad,6,0.293
14,Yami Bakura,S/A TEC,229,Hourglass of Life,40,1.9531
14,Yami Bakura,S/A TEC,253,Angelwitch,40,1.9531
14,Yami Bakura,S/A TEC,260,Lunar Queen Elzaim,40,1.9531
14,Yami Bakura,S/A TEC,264,Wing Egg Elf,40,1.9531
14,Yami Bakura,S/A TEC,268,Sectarian of Secrets,40,1.9531
14,Yami Bakura,S/A TEC,276,Ray & Temperature,40,1.9531
14,Yami Bakura,S/A TEC,287,Ogre of the Black Shadow,6,0.293
14,Yami Bakura,S/A TEC,311,Black Pendant,36,1.7578
14,Yami Bakura,S/A TEC,312,Silver Bow and Arrow,36,1.7578
14,Yami Bakura,S/A TEC,323,Book of Secret Arts,40,1.9531
14,Yami Bakura,S/A TEC,334,Umi,64,3.125
14,Yami Bakura,S/A TEC,350,Dark-piercing Light,40,1.9531
14,Yami Bakura,S/A TEC,387,Mystic Lamp,40,1.9531
14,Yami Bakura,S/A TEC,395,Dancing Elf,40,1.9531
14,Yami Bakura,S/A TEC,433,Ancient Elf,6,0.293
14,Yami Bakura,S/A TEC,486,Boo Koo,40,1.9531
14,Yami Bakura,S/A TEC,492,Hoshiningen,40,1.9531
14,Yami Bakura,S/A TEC,540,Skelengel,40,1.9531
14,Yami Bakura,S/A TEC,578,Leo Wizard,6,0.293
14,Yami Bakura,S/A TEC,587,Mon Larvas,6,0.293
14,Yami Bakura,S/A TEC,612,Lady of Faith,40,1.9531
14,Yami Bakura,S/A TEC,630,Ancient Lizard Warrior,6,0.293
14,Yami Bakura,S/A TEC,653,Warrior Elimination,32,1.5625
14,Yami Bakura,S/A TEC,661,Crush Card,2,0.0977
14,Yami Bakura,S/A TEC,665,Curse of Millennium Shield,32,1.5625
14,Yami Bakura,S/A TEC,666,Yamadron Ritual,74,3.6133
14,Yami Bakura,S/A TEC,668,Bright Castle,32,1.5625
14,Yami Bakura,S/A TEC,671,Zera Ritual,8,0.3906
14,Yami Bakura,S/A TEC,672,Harpie's Feather Duster,32,1.5625
14,Yami Bakura,S/A TEC,673,War-lion Ritual,8,0.3906
14,Yami Bakura,S/A TEC,674,Beastry Mirror Ritual,8,0.3906
14,Yami Bakura,S/A TEC,676,Commencement Dance,8,0.3906
14,Yami Bakura,S/A TEC,677,Hamburger Recipe,8,0.3906
14,Yami Bakura,S/A TEC,678,Revival of Sennen Genjin,10,0.4883
14,Yami Bakura,S/A TEC,679,Novox's Prayer,32,1.5625
14,Yami Bakura,S/A TEC,680,Curse of Tri-Horned Dragon,10,0.4883
14,Yami Bakura,S/A TEC,684,Invisible Wire,32,1.5625
14,Yami Bakura,S/A TEC,685,Acid Trap Hole,34,1.6602
14,Yami Bakura,S/A TEC,688,Bad Reaction to Simochi,34,1.6602
14,Yami Bakura,S/A TEC,690,Fake Trap,32,1.5625
14,Yami Bakura,S/A TEC,691,Revived of Serpent Night Dragon,10,0.4883
14,Yami Bakura,S/A TEC,692,Turtle Oath,10,0.4883
14,Yami Bakura,S/A TEC,693,Contruct of Mask,32,1.5625
14,Yami Bakura,S/A TEC,694,Resurrection of Chakra,10,0.4883
14,Yami Bakura,S/A TEC,695,Puppet Ritual,32,1.5625
14,Yami Bakura,S/A TEC,697,Garma Sword Oath,10,0.4883
14,Yami Bakura,S/A TEC,698,Cosmo Queen's Prayer,10,0.4883
14,Yami Bakura,S/A TEC,699,Revival of Skeleton Rider,32,1.5625
14,Yami Bakura,S/A TEC,700,Fortress Whale's Oath,10,0.4883
14,Yami Bakura,deck,2,Mystical Elf,32,1.5625
14,Yami Bakura,deck,14,Battle Steer,24,1.1719
14,Yami Bakura,deck,16,Time Wizard,1,0.0488
14,Yami Bakura,deck,32,Two-headed King Rex,12,0.5859
14,Yami Bakura,deck,34,Saggi the Dark Clown,1,0.0488
14,Yami Bakura,deck,42,Illusionist Faceless Mage,1,0.0488
14,Yami Bakura,deck,44,Rogue Doll,1,0.0488
14,Yami Bakura,deck,78,Axe Raider,16,0.7812
14,Yami Bakura,deck,81,Crawling Dragon #2,12,0.5859
14,Yami Bakura,deck,83,Castle of Dark Illusions,24,1.1719
14,Yami Bakura,deck,86,Barox,24,1.1719
14,Yami Bakura,deck,87,Dark Chimera,32,1.5625
14,Yami Bakura,deck,89,Catapult Turtle,32,1.5625
14,Yami Bakura,deck,91,Mystic Horseman,16,0.7812
14,Yami Bakura,deck,93,Zanki,16,0.7812
14,Yami Bakura,deck,94,Crawling Dragon,32,1.5625
14,Yami Bakura,deck,104,Curtain of the Dark Ones,1,0.0488
14,Yami Bakura,deck,106,Spirit of the Winds,48,2.3438
14,Yami Bakura,deck,109,Goddess with the Third Eye,1,0.0488
14,Yami Bakura,deck,111,Doma The Angel of Silence,72,3.5156
14,Yami Bakura,deck,114,White Magical Hat,1,0.0488
14,Yami Bakura,deck,115,Kamion Wizard,1,0.0488
14,Yami Bakura,deck,124,Ancient Tool,24,1.1719
14,Yami Bakura,deck,126,Orion the Battle King,4,0.1953
14,Yami Bakura,deck,127,Ansatsu,16,0.7812
14,Yami Bakura,deck,128,LaMoon,48,2.3438
14,Yami Bakura,deck,129,Nemuriko,1,0.0488
14,Yami Bakura,deck,130,Weather Control,1,0.0488
14,Yami Bakura,deck,131,Octoberser,32,1.5625
14,Yami Bakura,deck,134,Mystical Capture Chain,1,0.0488
14,Yami Bakura,deck,142,Flame Manipulator,1,0.0488
14,Yami Bakura,deck,143,Necrolancer the Timelord,1,0.0488
14,Yami Bakura,deck,144,Djinn the Watcher of the Wind,1,0.0488
14,Yami Bakura,deck,145,The Bewitching Phantom Thief,1,0.0488
14,Yami Bakura,deck,150,Akihiron,24,1.1719
14,Yami Bakura,deck,170,Spirit of the Harp,32,1.5625
14,Yami Bakura,deck,174,Hurricail,1,0.0488
14,Yami Bakura,deck,179,Phantom Dewan,1,0.0488
14,Yami Bakura,deck,183,Lucky Trinket,1,0.0488
14,Yami Bakura,deck,184,Genin,1,0.0488
14,Yami Bakura,deck,190,Akakieisu,1,0.0488
14,Yami Bakura,deck,192,Key Mace,1,0.0488
14,Yami Bakura,deck,198,Happy Lover,1,0.0488
14,Yami Bakura,deck,204,Mabarrel,24,1.1719
14,Yami Bakura,deck,208,Petit Angel,1,0.0488
14,Yami Bakura,deck,213,Aqua Madoor,32,1.5625
14,Yami Bakura,deck,216,Dryad,1,0.0488
14,Yami Bakura,deck,220,Masked Sorcerer,1,0.0488
14,Yami Bakura,deck,229,Hourglass of Life,1,0.0488
14,Yami Bakura,deck,253,Angelwitch,1,0.0488
14,Yami Bakura,deck,259,Ancient Sorcerer,1,0.0488
14,Yami Bakura,deck,260,Lunar Queen Elzaim,1,0.0488
14,Yami Bakura,deck,264,Wing Egg Elf,1,0.0488
14,Yami Bakura,deck,268,Sectarian of Secrets,1,0.0488
14,Yami Bakura,deck,276,Ray & Temperature,1,0.0488
14,Yami Bakura,deck,284,Tao the Chanter,1,0.0488
14,Yami Bakura,deck,311,Black Pendant,32,1.5625
14,Yami Bakura,deck,323,Book of Secret Arts,32,1.5625
14,Yami Bakura,deck,335,Yami,16,0.7812
14,Yami Bakura,deck,336,Dark Hole,32,1.5625
14,Yami Bakura,deck,341,Soul of the Pure,32,1.5625
14,Yami Bakura,deck,349,Spellbinding Circle,80,3.9062
14,Yami Bakura,deck,351,Yaranzo,12,0.5859
14,Yami Bakura,deck,352,Kanan the Swordmistress,12,0.5859
14,Yami Bakura,deck,362,Millennium Shield,32,1.5625
14,Yami Bakura,deck,363,Fairy's Gift,1,0.0488
14,Yami Bakura,deck,366,Labyrinth Wall,32,1.5625
14,Yami Bakura,deck,368,Shadow Ghoul,16,0.7812
14,Yami Bakura,deck,377,Ryu-kishin Powered,16,0.7812
14,Yami Bakura,deck,379,La Jinn the Mystical Genie,16,0.7812
14,Yami Bakura,deck,387,Mystic Lamp,1,0.0488
14,Yami Bakura,deck,395,Dancing Elf,1,0.0488
14,Yami Bakura,deck,396,Ocubeam,32,1.5625
14,Yami Bakura,deck,404,Tatsunootoshigo,24,1.1719
14,Yami Bakura,deck,405,Saber Slasher,24,1.1719
14,Yami Bakura,deck,413,Cyber Soldier,16,0.7812
14,Yami Bakura,deck,425,Thunder Dragon,24,1.1719
14,Yami Bakura,deck,428,Magician of Faith,1,0.0488
14,Yami Bakura,deck,429,Goddess of Whim,1,0.0488
14,Yami Bakura,deck,433,Ancient Elf,1,0.0488
14,Yami Bakura,deck,448,Spike Seadra,16,0.7812
14,Yami Bakura,deck,460,Bolt Escargot,16,0.7812
14,Yami Bakura,deck,462,The Immortal of Thunder,12,0.5859
14,Yami Bakura,deck,468,Queen Bird,16,0.7812
14,Yami Bakura,deck,486,Boo Koo,1,0.0488
14,Yami Bakura,deck,487,Flower Wolf,16,0.7812
14,Yami Bakura,deck,491,Peacock,16,0.7812
14,Yami Bakura,deck,492,Hoshiningen,1,0.0488
14,Yami Bakura,deck,493,Maha Vailo,64,3.125
14,Yami Bakura,deck,495,Musician King,8,0.3906
14,Yami Bakura,deck,498,Morinphen,16,0.7812
14,Yami Bakura,deck,507,Crazy Fish,12,0.5859
14,Yami Bakura,deck,508,Cyber Saurus,16,0.7812
14,Yami Bakura,deck,517,Sand Stone,16,0.7812
14,Yami Bakura,deck,519,Fire Kraken,24,1.1719
14,Yami Bakura,deck,523,The Bistro Butcher,16,0.7812
14,Yami Bakura,deck,525,Spirit of the Mountain,48,2.3438
14,Yami Bakura,deck,530,Eldeen,1,0.0488
14,Yami Bakura,deck,532,Gemini Elf,32,1.5625
14,Yami Bakura,deck,540,Skelengel,1,0.0488
14,Yami Bakura,deck,542,Misairuzame,32,1.5625
14,Yami Bakura,deck,551,Dark Elf,32,1.5625
14,Yami Bakura,deck,557,Steel Ogre Grotto #1,16,0.7812
14,Yami Bakura,deck,574,Witch of the Black Forest,1,0.0488
14,Yami Bakura,deck,578,Leo Wizard,1,0.0488
14,Yami Bakura,deck,584,Binding Chain,1,0.0488
14,Yami Bakura,deck,592,Muse-A,1,0.0488
14,Yami Bakura,deck,593,Giant Turtle Who Feeds on Flames,16,0.7812
14,Yami Bakura,deck,596,Ghoul with an Appetite,16,0.7812
14,Yami Bakura,deck,601,Tenderness,1,0.0488
14,Yami Bakura,deck,608,Shining Friendship,1,0.0488
14,Yami Bakura,deck,612,Lady of Faith,1,0.0488
14,Yami Bakura,deck,614,Hunter Spider,32,1.5625
14,Yami Bakura,deck,616,Hourglass of Courage,1,0.0488
14,Yami Bakura,deck,621,Succubus Knight,32,1.5625
14,Yami Bakura,deck,622,Ill Witch,48,2.3438
14,Yami Bakura,deck,624,High Tide Gyojin,32,1.5625
14,Yami Bakura,deck,628,Witch's Apprentice,1,0.0488
14,Yami Bakura,deck,631,Maiden of the Moonlight,32,1.5625
14,Yami Bakura,deck,632,Stone Ogre Grotto,24,1.1719
14,Yami Bakura,deck,633,Winged Egg of New Life,48,2.3438
14,Yami Bakura,deck,636,Blue-winged Crown,16,0.7812
14,Yami Bakura,deck,639,Amphibious Bugroth,16,0.7812
14,Yami Bakura,deck,641,Invader of the Throne,32,1.5625
14,Yami Bakura,deck,648,Machine Attacker,24,1.1719
14,Yami Bakura,deck,683,Bear Trap,32,1.5625
14,Yami Bakura,deck,689,Reverse Trap,32,1.5625
14,Yami Bakura,deck,690,Fake Trap,32,1.5625
15,Pegasus,S/A POW,3,Hitotsu-me Giant,34,1.6602
15,Pegasus,S/A POW,4,Baby Dragon,34,1.6602
15,Pegasus,S/A POW,10,Blackland Fire Dragon,34,1.6602
15,Pegasus,S/A POW,13,Tyhone,34,1.6602
15,Pegasus,S/A POW,19,Right Arm of the Forbidden One,8,0.3906
15,Pegasus,S/A POW,23,The Wicked Worm Beast,34,1.6602
15,Pegasus,S/A POW,26,Battle Ox,34,1.6602
15,Pegasus,S/A POW,27,Beaver Warrior,34,1.6602
15,Pegasus,S/A POW,29,Mountain Warrior,34,1.6602
15,Pegasus,S/A POW,31,Koumori Dragon,34,1.6602
15,Pegasus,S/A POW,40,Dragon Piper,66,3.2227
15,Pegasus,S/A POW,44,Rogue Doll,36,1.7578
15,Pegasus,S/A POW,45,Oscillo Hero #2,36,1.7578
15,Pegasus,S/A POW,46,Griffore,36,1.7578
15,Pegasus,S/A POW,47,Torike,36,1.7578
15,Pegasus,S/A POW,61,Wolf,36,1.7578
15,Pegasus,S/A POW,65,Silver Fang,36,1.7578
15,Pegasus,S/A POW,91,Mystic Horseman,36,1.7578
15,Pegasus,S/A POW,113,Dark Gray,36,1.7578
15,Pegasus,S/A POW,117,Spirit of the Books,8,0.3906
15,Pegasus,S/A POW,121,Sleeping Lion,36,1.7578
15,Pegasus,S/A POW,122,Yamatano Dragon Scroll,36,1.7578
15,Pegasus,S/A POW,125,Faith Bird,36,1.7578
15,Pegasus,S/A POW,155,Larvas,36,1.7578
15,Pegasus,S/A POW,159,Dig Beak,36,1.7578
15,Pegasus,S/A POW,168,Darkfire Dragon,36,1.7578
15,Pegasus,S/A POW,186,Fiend Refrection #2,36,1.7578
15,Pegasus,S/A POW,187,Gate Deeg,36,1.7578
15,Pegasus,S/A POW,188,Synchar,36,1.7578
15,Pegasus,S/A POW,189,Fusionist,36,1.7578
15,Pegasus,S/A POW,200,Petit Dragon,36,1.7578
15,Pegasus,S/A POW,201,Frenzied Panda,36,1.7578
15,Pegasus,S/A POW,202,Air Marmot of Nefariousness,36,1.7578
15,Pegasus,S/A POW,207,Droll Bird,36,1.7578
15,Pegasus,S/A POW,212,Meotoko,36,1.7578
15,Pegasus,S/A POW,219,Solitude,36,1.7578
15,Pegasus,S/A POW,246,One Who Hunts Souls,36,1.7578
15,Pegasus,S/A POW,248,Master & Expert,36,1.7578
15,Pegasus,S/A POW,255,Prevent Rat,36,1.7578
15,Pegasus,S/A POW,272,Mavelus,36,1.7578
15,Pegasus,S/A POW,282,Mystical Sheep #2,36,1.7578
15,Pegasus,S/A POW,296,One-eyed Shield Dragon,36,1.7578
15,Pegasus,S/A POW,298,Wicked Dragon with the Ersatz Head,36,1.7578
15,Pegasus,S/A POW,300,Kurama,36,1.7578
15,Pegasus,S/A POW,330,Forest,30,1.4648
15,Pegasus,S/A POW,334,Umi,30,1.4648
15,Pegasus,S/A POW,404,Tatsunootoshigo,8,0.3906
15,Pegasus,S/A POW,466,Skull Red Bird,36,1.7578
15,Pegasus,S/A POW,481,Burglar,36,1.7578
15,Pegasus,S/A POW,496,Wilmee,36,1.7578
15,Pegasus,S/A POW,527,Milus Radiant,36,1.7578
15,Pegasus,S/A POW,538,Niwatori,36,1.7578
15,Pegasus,S/A POW,552,Winged Dragon #2,36,1.7578
15,Pegasus,S/A POW,595,Fiend Refrection #1,8,0.3906
15,Pegasus,S/A POW,597,Pale Beast,36,1.7578
15,Pegasus,S/A POW,598,Little Chimera,36,1.7578
15,Pegasus,S/A POW,604,Obese Marmot of Nefariousness,36,1.7578
15,Pegasus,S/A POW,629,Armored Rat,36,1.7578
15,Pegasus,S/A POW,636,Blue-winged Crown,36,1.7578
15,Pegasus,S/A POW,642,Mystical Sheep #1,36,1.7578
15,Pegasus,B/C/D,3,Hitotsu-me Giant,44,2.1484
15,Pegasus,B/C/D,4,Baby Dragon,40,1.9531
15,Pegasus,B/C/D,10,Blackland Fire Dragon,44,2.1484
15,Pegasus,B/C/D,19,Right Arm of the Forbidden One,12,0.5859
15,Pegasus,B/C/D,23,The Wicked Worm Beast,44,2.1484
15,Pegasus,B/C/D,29,Mountain Warrior,40,1.9531
15,Pegasus,B/C/D,40,Dragon Piper,80,3.9062
15,Pegasus,B/C/D,45,Oscillo Hero #2,80,3.9062
15,Pegasus,B/C/D,47,Torike,38,1.8555
15,Pegasus,B/C/D,61,Wolf,38,1.8555
15,Pegasus,B/C/D,65,Silver Fang,38,1.8555
15,Pegasus,B/C/D,113,Dark Gray,38,1.8555
15,Pegasus,B/C/D,117,Spirit of the Books,12,0.5859
15,Pegasus,B/C/D,121,Sleeping Lion,40,1.9531
15,Pegasus,B/C/D,122,Yamatano Dragon Scroll,38,1.8555
15,Pegasus,B/C/D,155,Larvas,38,1.8555
15,Pegasus,B/C/D,159,Dig Beak,38,1.8555
15,Pegasus,B/C/D,186,Fiend Refrection #2,40,1.9531
15,Pegasus,B/C/D,187,Gate Deeg,38,1.8555
15,Pegasus,B/C/D,188,Synchar,38,1.8555
15,Pegasus,B/C/D,189,Fusionist,38,1.8555
15,Pegasus,B/C/D,200,Petit Dragon,38,1.8555
15,Pegasus,B/C/D,201,Frenzied Panda,40,1.9531
15,Pegasus,B/C/D,202,Air Marmot of Nefariousness,38,1.8555
15,Pegasus,B/C/D,207,Droll Bird,38,1.8555
15,Pegasus,B/C/D,212,Meotoko,38,1.8555
15,Pegasus,B/C/D,219,Solitude,38,1.8555
15,Pegasus,B/C/D,246,One Who Hunts Souls,40,1.9531
15,Pegasus,B/C/D,248,Master & Expert,40,1.9531
15,Pegasus,B/C/D,255,Prevent Rat,38,1.8555
15,Pegasus,B/C/D,272,Mavelus,38,1.8555
15,Pegasus,B/C/D,282,Mystical Sheep #2,38,1.8555
15,Pegasus,B/C/D,296,One-eyed Shield Dragon,38,1.8555
15,Pegasus,B/C/D,298,Wicked Dragon with the Ersatz Head,38,1.8555
15,Pegasus,B/C/D,300,Kurama,38,1.8555
15,Pegasus,B/C/D,315,Dragon Treasure,32,1.5625
15,Pegasus,B/C/D,325,Machine Conversion Factory,32,1.5625
15,Pegasus,B/C/D,330,Forest,64,3.125
15,Pegasus,B/C/D,334,Umi,64,3.125
15,Pegasus,B/C/D,404,Tatsunootoshigo,12,0.5859
15,Pegasus,B/C/D,481,Burglar,38,1.8555
15,Pegasus,B/C/D,496,Wilmee,38,1.8555
15,Pegasus,B/C/D,527,Milus Radiant,38,1.8555
15,Pegasus,B/C/D,538,Niwatori,38,1.8555
15,Pegasus,B/C/D,552,Winged Dragon #2,38,1.8555
15,Pegasus,B/C/D,595,Fiend Refrection #1,12,0.5859
15,Pegasus,B/C/D,598,Little Chimera,38,1.8555
15,Pegasus,B/C/D,604,Obese Marmot of Nefariousness,38,1.8555
15,Pegasus,B/C/D,629,Armored Rat,38,1.8555
15,Pegasus,B/C/D,642,Mystical Sheep #1,38,1.8555
15,Pegasus,B/C/D,652,Magical Labyrinth,32,1.5625
15,Pegasus,B/C/D,685,Acid Trap Hole,64,3.125
15,Pegasus,S/A TEC,4,Baby Dragon,32,1.5625
15,Pegasus,S/A TEC,19,Right Arm of the Forbidden One,8,0.3906
15,Pegasus,S/A TEC,29,Mountain Warrior,32,1.5625
15,Pegasus,S/A TEC,40,Dragon Piper,64,3.125
15,Pegasus,S/A TEC,45,Oscillo Hero #2,34,1.6602
15,Pegasus,S/A TEC,47,Torike,34,1.6602
15,Pegasus,S/A TEC,61,Wolf,34,1.6602
15,Pegasus,S/A TEC,65,Silver Fang,34,1.6602
15,Pegasus,S/A TEC,113,Dark Gray,34,1.6602
15,Pegasus,S/A TEC,117,Spirit of the Books,6,0.293
15,Pegasus,S/A TEC,122,Yamatano Dragon Scroll,34,1.6602
15,Pegasus,S/A TEC,155,Larvas,34,1.6602
15,Pegasus,S/A TEC,159,Dig Beak,34,1.6602
15,Pegasus,S/A TEC,187,Gate Deeg,34,1.6602
15,Pegasus,S/A TEC,188,Synchar,34,1.6602
15,Pegasus,S/A TEC,189,Fusionist,34,1.6602
15,Pegasus,S/A TEC,200,Petit Dragon,34,1.6602
15,Pegasus,S/A TEC,202,Air Marmot of Nefariousness,34,1.6602
15,Pegasus,S/A TEC,207,Droll Bird,34,1.6602
15,Pegasus,S/A TEC,212,Meotoko,34,1.6602
15,Pegasus,S/A TEC,219,Solitude,34,1.6602
15,Pegasus,S/A TEC,282,Mystical Sheep #2,36,1.7578
15,Pegasus,S/A TEC,296,One-eyed Shield Dragon,36,1.7578
15,Pegasus,S/A TEC,298,Wicked Dragon with the Ersatz Head,36,1.7578
15,Pegasus,S/A TEC,300,Kurama,36,1.7578
15,Pegasus,S/A TEC,315,Dragon Treasure,36,1.7578
15,Pegasus,S/A TEC,316,Electro-whip,36,1.7578
15,Pegasus,S/A TEC,325,Machine Conversion Factory,36,1.7578
15,Pegasus,S/A TEC,329,Dragon Capture Jar,64,3.125
15,Pegasus,S/A TEC,330,Forest,64,3.125
15,Pegasus,S/A TEC,334,Umi,64,3.125
15,Pegasus,S/A TEC,404,Tatsunootoshigo,8,0.3906
15,Pegasus,S/A TEC,481,Burglar,36,1.7578
15,Pegasus,S/A TEC,496,Wilmee,36,1.7578
15,Pegasus,S/A TEC,527,Milus Radiant,36,1.7578
15,Pegasus,S/A TEC,538,Niwatori,36,1.7578
15,Pegasus,S/A TEC,595,Fiend Refrection #1,8,0.3906
15,Pegasus,S/A TEC,598,Little Chimera,36,1.7578
15,Pegasus,S/A TEC,604,Obese Marmot of Nefariousness,36,1.7578
15,Pegasus,S/A TEC,629,Armored Rat,36,1.7578
15,Pegasus,S/A TEC,642,Mystical Sheep #1,36,1.7578
15,Pegasus,S/A TEC,652,Magical Labyrinth,36,1.7578
15,Pegasus,S/A TEC,657,Megamorph,64,3.125
15,Pegasus,S/A TEC,661,Crush Card,2,0.0977
15,Pegasus,S/A TEC,665,Curse of Millennium Shield,32,1.5625
15,Pegasus,S/A TEC,666,Yamadron Ritual,32,1.5625
15,Pegasus,S/A TEC,668,Bright Castle,64,3.125
15,Pegasus,S/A TEC,672,Harpie's Feather Duster,32,1.5625
15,Pegasus,S/A TEC,676,Commencement Dance,32,1.5625
15,Pegasus,S/A TEC,677,Hamburger Recipe,32,1.5625
15,Pegasus,S/A TEC,685,Acid Trap Hole,64,3.125
15,Pegasus,S/A TEC,686,Widespread Ruin,64,3.125
15,Pegasus,S/A TEC,687,Goblin Fan,32,1.5625
15,Pegasus,S/A TEC,690,Fake Trap,32,1.5625
15,Pegasus,S/A TEC,693,Contruct of Mask,32,1.5625
15,Pegasus,S/A TEC,695,Puppet Ritual,32,1.5625
15,Pegasus,S/A TEC,699,Revival of Skeleton Rider,32,1.5625
15,Pegasus,deck,3,Hitotsu-me Giant,8,0.3906
15,Pegasus,deck,4,Baby Dragon,8,0.3906
15,Pegasus,deck,7,Winged Dragon #1,8,0.3906
15,Pegasus,deck,10,Blackland Fire Dragon,8,0.3906
15,Pegasus,deck,13,Tyhone,8,0.3906
15,Pegasus,deck,14,Battle Steer,8,0.3906
15,Pegasus,deck,15,Flame Swordsman,32,1.5625
15,Pegasus,deck,23,The Wicked Worm Beast,8,0.3906
15,Pegasus,deck,26,Battle Ox,8,0.3906
15,Pegasus,deck,27,Beaver Warrior,8,0.3906
15,Pegasus,deck,29,Mountain Warrior,8,0.3906
15,Pegasus,deck,31,Koumori Dragon,8,0.3906
15,Pegasus,deck,40,Dragon Piper,8,0.3906
15,Pegasus,deck,42,Illusionist Faceless Mage,48,2.3438
15,Pegasus,deck,44,Rogue Doll,8,0.3906
15,Pegasus,deck,45,Oscillo Hero #2,8,0.3906
15,Pegasus,deck,46,Griffore,8,0.3906
15,Pegasus,deck,47,Torike,8,0.3906
15,Pegasus,deck,61,Wolf,8,0.3906
15,Pegasus,deck,62,Harpie Lady,8,0.3906
15,Pegasus,deck,64,Tiger Axe,8,0.3906
15,Pegasus,deck,65,Silver Fang,8,0.3906
15,Pegasus,deck,68,Garoozis,8,0.3906
15,Pegasus,deck,91,Mystic Horseman,8,0.3906
15,Pegasus,deck,94,Crawling Dragon,8,0.3906
15,Pegasus,deck,113,Dark Gray,8,0.3906
15,Pegasus,deck,117,Spirit of the Books,8,0.3906
15,Pegasus,deck,121,Sleeping Lion,8,0.3906
15,Pegasus,deck,122,Yamatano Dragon Scroll,8,0.3906
15,Pegasus,deck,125,Faith Bird,8,0.3906
15,Pegasus,deck,155,Larvas,8,0.3906
15,Pegasus,deck,159,Dig Beak,8,0.3906
15,Pegasus,deck,163,Lisark,8,0.3906
15,Pegasus,deck,168,Darkfire Dragon,8,0.3906
15,Pegasus,deck,186,Fiend Refrection #2,8,0.3906
15,Pegasus,deck,187,Gate Deeg,8,0.3906
15,Pegasus,deck,188,Synchar,8,0.3906
15,Pegasus,deck,189,Fusionist,8,0.3906
15,Pegasus,deck,200,Petit Dragon,8,0.3906
15,Pegasus,deck,201,Frenzied Panda,8,0.3906
15,Pegasus,deck,202,Air Marmot of Nefariousness,8,0.3906
15,Pegasus,deck,207,Droll Bird,8,0.3906
15,Pegasus,deck,212,Meotoko,8,0.3906
15,Pegasus,deck,219,Solitude,8,0.3906
15,Pegasus,deck,246,One Who Hunts Souls,8,0.3906
15,Pegasus,deck,248,Master & Expert,8,0.3906
15,Pegasus,deck,252,Nekogal #1,8,0.3906
15,Pegasus,deck,255,Prevent Rat,8,0.3906
15,Pegasus,deck,272,Mavelus,8,0.3906
15,Pegasus,deck,282,Mystical Sheep #2,8,0.3906
15,Pegasus,deck,287,Ogre of the Black Shadow,8,0.3906
15,Pegasus,deck,296,One-eyed Shield Dragon,8,0.3906
15,Pegasus,deck,298,Wicked Dragon with the Ersatz Head,8,0.3906
15,Pegasus,deck,300,Kurama,8,0.3906
15,Pegasus,deck,329,Dragon Capture Jar,120,5.8594
15,Pegasus,deck,337,Raigeki,160,7.8125
15,Pegasus,deck,357,Yamadron,48,2.3438
15,Pegasus,deck,376,Monster Tamer,32,1.5625
15,Pegasus,deck,381,Toon Alligator,48,2.3438
15,Pegasus,deck,382,Rude Kaiser,48,2.3438
15,Pegasus,deck,383,Parrot Dragon,48,2.3438
15,Pegasus,deck,384,Dark Rabbit,48,2.3438
15,Pegasus,deck,385,Bickuribox,48,2.3438
15,Pegasus,deck,403,Leogun,8,0.3906
15,Pegasus,deck,404,Tatsunootoshigo,8,0.3906
15,Pegasus,deck,423,Dice Armadillo,32,1.5625
15,Pegasus,deck,464,Wing Eagle,8,0.3906
15,Pegasus,deck,466,Skull Red Bird,8,0.3906
15,Pegasus,deck,468,Queen Bird,8,0.3906
15,Pegasus,deck,473,Vermillion Sparrow,24,1.1719
15,Pegasus,deck,481,Burglar,8,0.3906
15,Pegasus,deck,482,Pragtical,24,1.1719
15,Pegasus,deck,487,Flower Wolf,8,0.3906
15,Pegasus,deck,491,Peacock,8,0.3906
15,Pegasus,deck,496,Wilmee,8,0.3906
15,Pegasus,deck,527,Milus Radiant,8,0.3906
15,Pegasus,deck,528,Togex,48,2.3438
15,Pegasus,deck,538,Niwatori,8,0.3906
15,Pegasus,deck,541,Hane-Hane,8,0.3906
15,Pegasus,deck,552,Winged Dragon #2,8,0.3906
15,Pegasus,deck,561,Lesser Dragon,8,0.3906
15,Pegasus,deck,565,Man-eating Black Shark,24,1.1719
15,Pegasus,deck,577,Crow Goblin,64,3.125
15,Pegasus,deck,581,Takuhee,8,0.3906
15,Pegasus,deck,587,Mon Larvas,8,0.3906
15,Pegasus,deck,595,Fiend Refrection #1,8,0.3906
15,Pegasus,deck,597,Pale Beast,8,0.3906
15,Pegasus,deck,598,Little Chimera,8,0.3906
15,Pegasus,deck,603,Fairy Dragon,8,0.3906
15,Pegasus,deck,604,Obese Marmot of Nefariousness,8,0.3906
15,Pegasus,deck,607,Great Bill,8,0.3906
15,Pegasus,deck,629,Armored Rat,8,0.3906
15,Pegasus,deck,636,Blue-winged Crown,8,0.3906
15,Pegasus,deck,642,Mystical Sheep #1,8,0.3906
15,Pegasus,deck,668,Bright Castle,120,5.8594
15,Pegasus,deck,672,Harpie's Feather Duster,120,5.8594
15,Pegasus,deck,684,Invisible Wire,120,5.8594
15,Pegasus,deck,690,Fake Trap,120,5.8594
15,Pegasus,deck,712,Meteor Dragon,48,2.3438
15,Pegasus,deck,713,Meteor B. Dragon,8,0.3906
16,Isis,S/A POW,4,Baby Dragon,44,2.1484
16,Isis,S/A POW,10,Blackland Fire Dragon,44,2.1484
16,Isis,S/A POW,20,Left Arm of the Forbidden One,10,0.4883
16,Isis,S/A POW,31,Koumori Dragon,50,2.4414
16,Isis,S/A POW,70,Fiend Kraken,50,2.4414
16,Isis,S/A POW,71,Jellyfish,50,2.4414
16,Isis,S/A POW,122,Yamatano Dragon Scroll,44,2.1484
16,Isis,S/A POW,140,Toad Master,44,2.1484
16,Isis,S/A POW,152,The Melting Red Shadow,44,2.1484
16,Isis,S/A POW,168,Darkfire Dragon,50,2.4414
16,Isis,S/A POW,177,Monsturtle,44,2.1484
16,Isis,S/A POW,193,Turtle Tiger,44,2.1484
16,Isis,S/A POW,196,Arma Knight,44,2.1484
16,Isis,S/A POW,199,Penguin Knight,44,2.1484
16,Isis,S/A POW,200,Petit Dragon,44,2.1484
16,Isis,S/A POW,205,Dorover,50,2.4414
16,Isis,S/A POW,206,Twin Long Rods #1,50,2.4414
16,Isis,S/A POW,227,Hitodenchak,50,2.4414
16,Isis,S/A POW,230,Rare Fish,50,2.4414
16,Isis,S/A POW,243,Water Element,50,2.4414
16,Isis,S/A POW,247,Root Water,50,2.4414
16,Isis,S/A POW,249,Water Omotics,10,0.4883
16,Isis,S/A POW,251,Enchanting Mermaid,50,2.4414
16,Isis,S/A POW,258,Beastking of the Swamps,50,2.4414
16,Isis,S/A POW,265,The Furious Sea King,50,2.4414
16,Isis,S/A POW,270,Wetha,50,2.4414
16,Isis,S/A POW,289,Change Slime,50,2.4414
16,Isis,S/A POW,292,Psychic Kappa,50,2.4414
16,Isis,S/A POW,296,One-eyed Shield Dragon,50,2.4414
16,Isis,S/A POW,298,Wicked Dragon with the Ersatz Head,50,2.4414
16,Isis,S/A POW,331,Wasteland,30,1.4648
16,Isis,S/A POW,334,Umi,30,1.4648
16,Isis,S/A POW,393,Zone Eater,50,2.4414
16,Isis,S/A POW,430,Water Magician,72,3.5156
16,Isis,S/A POW,431,Ice Water,72,3.5156
16,Isis,S/A POW,440,7 Colored Fish,50,2.4414
16,Isis,S/A POW,448,Spike Seadra,10,0.4883
16,Isis,S/A POW,454,Destroyer Golem,10,0.4883
16,Isis,S/A POW,456,Minomushi Warrior,10,0.4883
16,Isis,S/A POW,517,Sand Stone,10,0.4883
16,Isis,S/A POW,530,Eldeen,44,2.1484
16,Isis,S/A POW,550,Behegon,46,2.2461
16,Isis,S/A POW,596,Ghoul with an Appetite,50,2.4414
16,Isis,S/A POW,615,Armored Starfish,46,2.2461
16,Isis,S/A POW,621,Succubus Knight,10,0.4883
16,Isis,S/A POW,625,Fairy of the Fountain,50,2.4414
16,Isis,S/A POW,626,Amazon of the Seas,50,2.4414
16,Isis,S/A POW,649,Hibikime,48,2.3438
16,Isis,B/C/D,4,Baby Dragon,64,3.125
16,Isis,B/C/D,10,Blackland Fire Dragon,64,3.125
16,Isis,B/C/D,20,Left Arm of the Forbidden One,10,0.4883
16,Isis,B/C/D,122,Yamatano Dragon Scroll,64,3.125
16,Isis,B/C/D,140,Toad Master,64,3.125
16,Isis,B/C/D,152,The Melting Red Shadow,64,3.125
16,Isis,B/C/D,177,Monsturtle,64,3.125
16,Isis,B/C/D,193,Turtle Tiger,64,3.125
16,Isis,B/C/D,196,Arma Knight,64,3.125
16,Isis,B/C/D,199,Penguin Knight,64,3.125
16,Isis,B/C/D,200,Petit Dragon,64,3.125
16,Isis,B/C/D,205,Dorover,58,2.832
16,Isis,B/C/D,206,Twin Long Rods #1,58,2.832
16,Isis,B/C/D,227,Hitodenchak,58,2.832
16,Isis,B/C/D,243,Water Element,58,2.832
16,Isis,B/C/D,247,Root Water,58,2.832
16,Isis,B/C/D,249,Water Omotics,10,0.4883
16,Isis,B/C/D,251,Enchanting Mermaid,58,2.832
16,Isis,B/C/D,258,Beastking of the Swamps,58,2.832
16,Isis,B/C/D,265,The Furious Sea King,58,2.832
16,Isis,B/C/D,270,Wetha,58,2.832
16,Isis,B/C/D,289,Change Slime,58,2.832
16,Isis,B/C/D,292,Psychic Kappa,58,2.832
16,Isis,B/C/D,296,One-eyed Shield Dragon,58,2.832
16,Isis,B/C/D,298,Wicked Dragon with the Ersatz Head,58,2.832
16,Isis,B/C/D,307,Elf's Light,32,1.5625
16,Isis,B/C/D,315,Dragon Treasure,32,1.5625
16,Isis,B/C/D,331,Wasteland,32,1.5625
16,Isis,B/C/D,334,Umi,32,1.5625
16,Isis,B/C/D,393,Zone Eater,58,2.832
16,Isis,B/C/D,430,Water Magician,88,4.2969
16,Isis,B/C/D,431,Ice Water,88,4.2969
16,Isis,B/C/D,448,Spike Seadra,10,0.4883
16,Isis,B/C/D,454,Destroyer Golem,10,0.4883
16,Isis,B/C/D,456,Minomushi Warrior,10,0.4883
16,Isis,B/C/D,517,Sand Stone,10,0.4883
16,Isis,B/C/D,530,Eldeen,48,2.3438
16,Isis,B/C/D,550,Behegon,48,2.3438
16,Isis,B/C/D,615,Armored Starfish,46,2.2461
16,Isis,B/C/D,621,Succubus Knight,10,0.4883
16,Isis,B/C/D,649,Hibikime,48,2.3438
16,Isis,B/C/D,686,Widespread Ruin,32,1.5625
16,Isis,S/A TEC,4,Baby Dragon,56,2.7344
16,Isis,S/A TEC,20,Left Arm of the Forbidden One,8,0.3906
16,Isis,S/A TEC,122,Yamatano Dragon Scroll,56,2.7344
16,Isis,S/A TEC,140,Toad Master,56,2.7344
16,Isis,S/A TEC,152,The Melting Red Shadow,56,2.7344
16,Isis,S/A TEC,177,Monsturtle,56,2.7344
16,Isis,S/A TEC,199,Penguin Knight,56,2.7344
16,Isis,S/A TEC,200,Petit Dragon,56,2.7344
16,Isis,S/A TEC,205,Dorover,54,2.6367
16,Isis,S/A TEC,206,Twin Long Rods #1,54,2.6367
16,Isis,S/A TEC,227,Hitodenchak,54,2.6367
16,Isis,S/A TEC,243,Water Element,54,2.6367
16,Isis,S/A TEC,247,Root Water,54,2.6367
16,Isis,S/A TEC,249,Water Omotics,10,0.4883
16,Isis,S/A TEC,265,The Furious Sea King,54,2.6367
16,Isis,S/A TEC,270,Wetha,54,2.6367
16,Isis,S/A TEC,289,Change Slime,54,2.6367
16,Isis,S/A TEC,292,Psychic Kappa,54,2.6367
16,Isis,S/A TEC,296,One-eyed Shield Dragon,54,2.6367
16,Isis,S/A TEC,298,Wicked Dragon with the Ersatz Head,54,2.6367
16,Isis,S/A TEC,307,Elf's Light,36,1.7578
16,Isis,S/A TEC,311,Black Pendant,32,1.5625
16,Isis,S/A TEC,315,Dragon Treasure,36,1.7578
16,Isis,S/A TEC,316,Electro-whip,64,3.125
16,Isis,S/A TEC,317,Cyber Shield,64,3.125
16,Isis,S/A TEC,319,Mystical Moon,36,1.7578
16,Isis,S/A TEC,321,Malevolent Nuzzler,36,1.7578
16,Isis,S/A TEC,322,Violet Crystal,36,1.7578
16,Isis,S/A TEC,328,Power of Kaishin,36,1.7578
16,Isis,S/A TEC,331,Wasteland,32,1.5625
16,Isis,S/A TEC,334,Umi,32,1.5625
16,Isis,S/A TEC,340,Goblin's Secret Remedy,36,1.7578
16,Isis,S/A TEC,393,Zone Eater,54,2.6367
16,Isis,S/A TEC,431,Ice Water,84,4.1016
16,Isis,S/A TEC,448,Spike Seadra,10,0.4883
16,Isis,S/A TEC,454,Destroyer Golem,10,0.4883
16,Isis,S/A TEC,456,Minomushi Warrior,10,0.4883
16,Isis,S/A TEC,517,Sand Stone,10,0.4883
16,Isis,S/A TEC,530,Eldeen,42,2.0508
16,Isis,S/A TEC,621,Succubus Knight,10,0.4883
16,Isis,S/A TEC,656,Eternal Rest,32,1.5625
16,Isis,S/A TEC,661,Crush Card,2,0.0977
16,Isis,S/A TEC,663,Breath of Light,64,3.125
16,Isis,S/A TEC,664,Eternal Draught,32,1.5625
16,Isis,S/A TEC,665,Curse of Millennium Shield,32,1.5625
16,Isis,S/A TEC,672,Harpie's Feather Duster,36,1.7578
16,Isis,S/A TEC,676,Commencement Dance,32,1.5625
16,Isis,S/A TEC,686,Widespread Ruin,36,1.7578
16,Isis,S/A TEC,687,Goblin Fan,36,1.7578
16,Isis,S/A TEC,690,Fake Trap,36,1.7578
16,Isis,deck,4,Baby Dragon,10,0.4883
16,Isis,deck,7,Winged Dragon #1,10,0.4883
16,Isis,deck,10,Blackland Fire Dragon,10,0.4883
16,Isis,deck,31,Koumori Dragon,10,0.4883
16,Isis,deck,60,Great White,10,0.4883
16,Isis,deck,70,Fiend Kraken,10,0.4883
16,Isis,deck,71,Jellyfish,10,0.4883
16,Isis,deck,73,Kairyu-shin,10,0.4883
16,Isis,deck,89,Catapult Turtle,80,3.9062
16,Isis,deck,94,Crawling Dragon,10,0.4883
16,Isis,deck,122,Yamatano Dragon Scroll,10,0.4883
16,Isis,deck,131,Octoberser,10,0.4883
16,Isis,deck,140,Toad Master,10,0.4883
16,Isis,deck,150,Akihiron,10,0.4883
16,Isis,deck,152,The Melting Red Shadow,10,0.4883
16,Isis,deck,168,Darkfire Dragon,10,0.4883
16,Isis,deck,177,Monsturtle,10,0.4883
16,Isis,deck,193,Turtle Tiger,10,0.4883
16,Isis,deck,196,Arma Knight,10,0.4883
16,Isis,deck,199,Penguin Knight,10,0.4883
16,Isis,deck,200,Petit Dragon,10,0.4883
16,Isis,deck,205,Dorover,10,0.4883
16,Isis,deck,206,Twin Long Rods #1,10,0.4883
16,Isis,deck,217,B. Skull Dragon,10,0.4883
16,Isis,deck,223,Roaring Ocean Snake,80,3.9062
16,Isis,deck,227,Hitodenchak,10,0.4883
16,Isis,deck,230,Rare Fish,10,0.4883
16,Isis,deck,243,Water Element,10,0.4883
16,Isis,deck,247,Root Water,10,0.4883
16,Isis,deck,249,Water Omotics,10,0.4883
16,Isis,deck,251,Enchanting Mermaid,10,0.4883
16,Isis,deck,258,Beastking of the Swamps,10,0.4883
16,Isis,deck,265,The Furious Sea King,10,0.4883
16,Isis,deck,270,Wetha,10,0.4883
16,Isis,deck,289,Change Slime,10,0.4883
16,Isis,deck,292,Psychic Kappa,10,0.4883
16,Isis,deck,296,One-eyed Shield Dragon,10,0.4883
16,Isis,deck,298,Wicked Dragon with the Ersatz Head,10,0.4883
16,Isis,deck,334,Umi,80,3.9062
16,Isis,deck,341,Soul of the Pure,80,3.9062
16,Isis,deck,348,Swords of Revealing Light,160,7.8125
16,Isis,deck,349,Spellbinding Circle,80,3.9062
16,Isis,deck,353,Takriminos,10,0.4883
16,Isis,deck,357,Yamadron,10,0.4883
16,Isis,deck,361,Flying Penguin,10,0.4883
16,Isis,deck,383,Parrot Dragon,10,0.4883
16,Isis,deck,393,Zone Eater,10,0.4883
16,Isis,deck,398,Ooguchi,10,0.4883
16,Isis,deck,430,Water Magician,10,0.4883
16,Isis,deck,431,Ice Water,10,0.4883
16,Isis,deck,432,Waterdragon Fairy,10,0.4883
16,Isis,deck,435,Water Girl,10,0.4883
16,Isis,deck,436,White Dolphin,10,0.4883
16,Isis,deck,439,Bottom Dweller,10,0.4883
16,Isis,deck,440,7 Colored Fish,10,0.4883
16,Isis,deck,442,Aqua Dragon,80,3.9062
16,Isis,deck,443,Sea King Dragon,80,3.9062
16,Isis,deck,444,Turu-Purun,10,0.4883
16,Isis,deck,445,Guardian of the Sea,10,0.4883
16,Isis,deck,446,Aqua Snake,10,0.4883
16,Isis,deck,447,Giant Red Seasnake,10,0.4883
16,Isis,deck,448,Spike Seadra,10,0.4883
16,Isis,deck,449,"30,000-Year White Turtle",80,3.9062
16,Isis,deck,450,Kappa Avenger,10,0.4883
16,Isis,deck,451,Kanikabuto,80,3.9062
16,Isis,deck,452,Zarigun,10,0.4883
16,Isis,deck,474,Sea Kamen,10,0.4883
16,Isis,deck,484,Ameba,10,0.4883
16,Isis,deck,494,Rainbow Marine Mermaid,10,0.4883
16,Isis,deck,497,Yado Karu,12,0.5859
16,Isis,deck,503,Turtle Raccoon,10,0.4883
16,Isis,deck,507,Crazy Fish,12,0.5859
16,Isis,deck,519,Fire Kraken,12,0.5859
16,Isis,deck,524,Star Boy,8,0.3906
16,Isis,deck,542,Misairuzame,12,0.5859
16,Isis,deck,543,Tongyo,12,0.5859
16,Isis,deck,546,Wow Warrior,12,0.5859
16,Isis,deck,549,Frog The Jam,12,0.5859
16,Isis,deck,550,Behegon,12,0.5859
16,Isis,deck,561,Lesser Dragon,10,0.4883
16,Isis,deck,565,Man-eating Black Shark,12,0.5859
16,Isis,deck,583,Weather Report,12,0.5859
16,Isis,deck,593,Giant Turtle Who Feeds on Flames,12,0.5859
16,Isis,deck,599,Violent Rain,12,0.5859
16,Isis,deck,602,Penguin Soldier,12,0.5859
16,Isis,deck,603,Fairy Dragon,10,0.4883
16,Isis,deck,605,Liquid Beast,12,0.5859
16,Isis,deck,606,Twin Long Rods #2,12,0.5859
16,Isis,deck,613,Twin-headed Thunder Dragon,12,0.5859
16,Isis,deck,615,Armored Starfish,12,0.5859
16,Isis,deck,617,Marine Beast,12,0.5859
16,Isis,deck,624,High Tide Gyojin,12,0.5859
16,Isis,deck,625,Fairy of the Fountain,12,0.5859
16,Isis,deck,626,Amazon of the Seas,12,0.5859
16,Isis,deck,634,Night Lizard,12,0.5859
16,Isis,deck,639,Amphibious Bugroth,12,0.5859
16,Isis,deck,646,Gruesome Goo,12,0.5859
16,Isis,deck,647,Hyosube,12,0.5859
16,Isis,deck,664,Eternal Draught,80,3.9062
16,Isis,deck,672,Harpie's Feather Duster,80,3.9062
16,Isis,deck,692,Turtle Oath,80,3.9062
17,Kaiba,S/A POW,3,Hitotsu-me Giant,140,6.8359
17,Kaiba,S/A POW,4,Baby Dragon,70,3.418
17,Kaiba,S/A POW,5,Ryu-kishin,140,6.8359
17,Kaiba,S/A POW,10,Blackland Fire Dragon,70,3.418
17,Kaiba,S/A POW,19,Right Arm of the Forbidden One,12,0.5859
17,Kaiba,S/A POW,23,The Wicked Worm Beast,140,6.8359
17,Kaiba,S/A POW,26,Battle Ox,152,7.4219
17,Kaiba,S/A POW,31,Koumori Dragon,80,3.9062
17,Kaiba,S/A POW,34,Saggi the Dark Clown,142,6.9336
17,Kaiba,S/A POW,66,Kojikocy,12,0.5859
17,Kaiba,S/A POW,77,Grappler,130,6.3477
17,Kaiba,S/A POW,91,Mystic Horseman,148,7.2266
17,Kaiba,S/A POW,117,Spirit of the Books,12,0.5859
17,Kaiba,S/A POW,122,Yamatano Dragon Scroll,64,3.125
17,Kaiba,S/A POW,128,LaMoon,12,0.5859
17,Kaiba,S/A POW,151,Rhaimundos of the Red Sword,12,0.5859
17,Kaiba,S/A POW,163,Lisark,12,0.5859
17,Kaiba,S/A POW,168,Darkfire Dragon,80,3.9062
17,Kaiba,S/A POW,200,Petit Dragon,64,3.125
17,Kaiba,S/A POW,216,Dryad,12,0.5859
17,Kaiba,S/A POW,249,Water Omotics,12,0.5859
17,Kaiba,S/A POW,275,Ground Attacker Bugroth,12,0.5859
17,Kaiba,S/A POW,281,Mystic Clown,12,0.5859
17,Kaiba,S/A POW,287,Ogre of the Black Shadow,12,0.5859
17,Kaiba,S/A POW,296,One-eyed Shield Dragon,64,3.125
17,Kaiba,S/A POW,297,Cyber Soldier of Darkworld,12,0.5859
17,Kaiba,S/A POW,298,Wicked Dragon with the Ersatz Head,64,3.125
17,Kaiba,S/A POW,333,Sogen,60,2.9297
17,Kaiba,S/A POW,379,La Jinn the Mystical Genie,140,6.8359
17,Kaiba,S/A POW,404,Tatsunootoshigo,12,0.5859
17,Kaiba,S/A POW,418,Golgoil,12,0.5859
17,Kaiba,S/A POW,448,Spike Seadra,12,0.5859
17,Kaiba,S/A POW,454,Destroyer Golem,12,0.5859
17,Kaiba,S/A POW,456,Minomushi Warrior,12,0.5859
17,Kaiba,S/A POW,498,Morinphen,12,0.5859
17,Kaiba,S/A POW,517,Sand Stone,12,0.5859
17,Kaiba,S/A POW,578,Leo Wizard,12,0.5859
17,Kaiba,S/A POW,587,Mon Larvas,12,0.5859
17,Kaiba,S/A POW,595,Fiend Refrection #1,12,0.5859
17,Kaiba,S/A POW,614,Hunter Spider,12,0.5859
17,Kaiba,S/A POW,621,Succubus Knight,12,0.5859
17,Kaiba,S/A POW,630,Ancient Lizard Warrior,12,0.5859
17,Kaiba,B/C/D,3,Hitotsu-me Giant,174,8.4961
17,Kaiba,B/C/D,4,Baby Dragon,86,4.1992
17,Kaiba,B/C/D,5,Ryu-kishin,174,8.4961
17,Kaiba,B/C/D,10,Blackland Fire Dragon,86,4.1992
17,Kaiba,B/C/D,19,Right Arm of the Forbidden One,12,0.5859
17,Kaiba,B/C/D,23,The Wicked Worm Beast,174,8.4961
17,Kaiba,B/C/D,34,Saggi the Dark Clown,174,8.4961
17,Kaiba,B/C/D,66,Kojikocy,12,0.5859
17,Kaiba,B/C/D,77,Grappler,174,8.4961
17,Kaiba,B/C/D,117,Spirit of the Books,12,0.5859
17,Kaiba,B/C/D,122,Yamatano Dragon Scroll,84,4.1016
17,Kaiba,B/C/D,128,LaMoon,13,0.6348
17,Kaiba,B/C/D,151,Rhaimundos of the Red Sword,13,0.6348
17,Kaiba,B/C/D,163,Lisark,13,0.6348
17,Kaiba,B/C/D,200,Petit Dragon,84,4.1016
17,Kaiba,B/C/D,216,Dryad,13,0.6348
17,Kaiba,B/C/D,249,Water Omotics,13,0.6348
17,Kaiba,B/C/D,275,Ground Attacker Bugroth,13,0.6348
17,Kaiba,B/C/D,281,Mystic Clown,13,0.6348
17,Kaiba,B/C/D,287,Ogre of the Black Shadow,13,0.6348
17,Kaiba,B/C/D,296,One-eyed Shield Dragon,84,4.1016
17,Kaiba,B/C/D,297,Cyber Soldier of Darkworld,13,0.6348
17,Kaiba,B/C/D,298,Wicked Dragon with the Ersatz Head,84,4.1016
17,Kaiba,B/C/D,302,Sword of Dark Destruction,48,2.3438
17,Kaiba,B/C/D,329,Dragon Capture Jar,48,2.3438
17,Kaiba,B/C/D,333,Sogen,84,4.1016
17,Kaiba,B/C/D,404,Tatsunootoshigo,13,0.6348
17,Kaiba,B/C/D,418,Golgoil,13,0.6348
17,Kaiba,B/C/D,448,Spike Seadra,13,0.6348
17,Kaiba,B/C/D,454,Destroyer Golem,13,0.6348
17,Kaiba,B/C/D,456,Minomushi Warrior,13,0.6348
17,Kaiba,B/C/D,498,Morinphen,13,0.6348
17,Kaiba,B/C/D,517,Sand Stone,13,0.6348
17,Kaiba,B/C/D,578,Leo Wizard,13,0.6348
17,Kaiba,B/C/D,587,Mon Larvas,13,0.6348
17,Kaiba,B/C/D,595,Fiend Refrection #1,13,0.6348
17,Kaiba,B/C/D,614,Hunter Spider,13,0.6348
17,Kaiba,B/C/D,621,Succubus Knight,13,0.6348
17,Kaiba,B/C/D,630,Ancient Lizard Warrior,13,0.6348
17,Kaiba,B/C/D,685,Acid Trap Hole,84,4.1016
17,Kaiba,B/C/D,687,Goblin Fan,84,4.1016
17,Kaiba,S/A TEC,4,Baby Dragon,86,4.1992
17,Kaiba,S/A TEC,5,Ryu-kishin,174,8.4961
17,Kaiba,S/A TEC,19,Right Arm of the Forbidden One,12,0.5859
17,Kaiba,S/A TEC,66,Kojikocy,12,0.5859
17,Kaiba,S/A TEC,117,Spirit of the Books,12,0.5859
17,Kaiba,S/A TEC,122,Yamatano Dragon Scroll,84,4.1016
17,Kaiba,S/A TEC,128,LaMoon,12,0.5859
17,Kaiba,S/A TEC,151,Rhaimundos of the Red Sword,12,0.5859
17,Kaiba,S/A TEC,163,Lisark,12,0.5859
17,Kaiba,S/A TEC,200,Petit Dragon,84,4.1016
17,Kaiba,S/A TEC,216,Dryad,12,0.5859
17,Kaiba,S/A TEC,249,Water Omotics,12,0.5859
17,Kaiba,S/A TEC,275,Ground Attacker Bugroth,12,0.5859
17,Kaiba,S/A TEC,281,Mystic Clown,12,0.5859
17,Kaiba,S/A TEC,287,Ogre of the Black Shadow,12,0.5859
17,Kaiba,S/A TEC,296,One-eyed Shield Dragon,84,4.1016
17,Kaiba,S/A TEC,297,Cyber Soldier of Darkworld,12,0.5859
17,Kaiba,S/A TEC,298,Wicked Dragon with the Ersatz Head,84,4.1016
17,Kaiba,S/A TEC,302,Sword of Dark Destruction,56,2.7344
17,Kaiba,S/A TEC,303,Dark Energy,56,2.7344
17,Kaiba,S/A TEC,329,Dragon Capture Jar,56,2.7344
17,Kaiba,S/A TEC,333,Sogen,88,4.2969
17,Kaiba,S/A TEC,404,Tatsunootoshigo,12,0.5859
17,Kaiba,S/A TEC,418,Golgoil,12,0.5859
17,Kaiba,S/A TEC,448,Spike Seadra,12,0.5859
17,Kaiba,S/A TEC,454,Destroyer Golem,12,0.5859
17,Kaiba,S/A TEC,456,Minomushi Warrior,12,0.5859
17,Kaiba,S/A TEC,498,Morinphen,12,0.5859
17,Kaiba,S/A TEC,517,Sand Stone,12,0.5859
17,Kaiba,S/A TEC,578,Leo Wizard,12,0.5859
17,Kaiba,S/A TEC,587,Mon Larvas,12,0.5859
17,Kaiba,S/A TEC,595,Fiend Refrection #1,12,0.5859
17,Kaiba,S/A TEC,614,Hunter Spider,12,0.5859
17,Kaiba,S/A TEC,621,Succubus Knight,12,0.5859
17,Kaiba,S/A TEC,630,Ancient Lizard Warrior,12,0.5859
17,Kaiba,S/A TEC,653,Warrior Elimination,80,3.9062
17,Kaiba,S/A TEC,661,Crush Card,40,1.9531
17,Kaiba,S/A TEC,665,Curse of Millennium Shield,40,1.9531
17,Kaiba,S/A TEC,666,Yamadron Ritual,40,1.9531
17,Kaiba,S/A TEC,668,Bright Castle,40,1.9531
17,Kaiba,S/A TEC,672,Harpie's Feather Duster,40,1.9531
17,Kaiba,S/A TEC,676,Commencement Dance,40,1.9531
17,Kaiba,S/A TEC,677,Hamburger Recipe,40,1.9531
17,Kaiba,S/A TEC,679,Novox's Prayer,40,1.9531
17,Kaiba,S/A TEC,685,Acid Trap Hole,84,4.1016
17,Kaiba,S/A TEC,686,Widespread Ruin,84,4.1016
17,Kaiba,S/A TEC,687,Goblin Fan,84,4.1016
17,Kaiba,S/A TEC,688,Bad Reaction to Simochi,84,4.1016
17,Kaiba,S/A TEC,690,Fake Trap,40,1.9531
17,Kaiba,S/A TEC,693,Contruct of Mask,40,1.9531
17,Kaiba,S/A TEC,695,Puppet Ritual,40,1.9531
17,Kaiba,S/A TEC,699,Revival of Skeleton Rider,40,1.9531
17,Kaiba,deck,1,Blue-eyes White Dragon,45,2.1973
17,Kaiba,deck,3,Hitotsu-me Giant,1,0.0488
17,Kaiba,deck,4,Baby Dragon,1,0.0488
17,Kaiba,deck,5,Ryu-kishin,1,0.0488
17,Kaiba,deck,7,Winged Dragon #1,1,0.0488
17,Kaiba,deck,10,Blackland Fire Dragon,1,0.0488
17,Kaiba,deck,12,Swamp Battleguard,24,1.1719
17,Kaiba,deck,14,Battle Steer,24,1.1719
17,Kaiba,deck,15,Flame Swordsman,18,0.8789
17,Kaiba,deck,23,The Wicked Worm Beast,1,0.0488
17,Kaiba,deck,26,Battle Ox,1,0.0488
17,Kaiba,deck,31,Koumori Dragon,1,0.0488
17,Kaiba,deck,34,Saggi the Dark Clown,1,0.0488
17,Kaiba,deck,42,Illusionist Faceless Mage,18,0.8789
17,Kaiba,deck,68,Garoozis,24,1.1719
17,Kaiba,deck,69,Thousand Dragon,1,0.0488
17,Kaiba,deck,73,Kairyu-shin,24,1.1719
17,Kaiba,deck,74,Giant Soldier of Stone,24,1.1719
17,Kaiba,deck,77,Grappler,1,0.0488
17,Kaiba,deck,84,Reaper of the Cards,24,1.1719
17,Kaiba,deck,87,Dark Chimera,24,1.1719
17,Kaiba,deck,88,Metal Guardian,24,1.1719
17,Kaiba,deck,89,Catapult Turtle,16,0.7812
17,Kaiba,deck,91,Mystic Horseman,4,0.1953
17,Kaiba,deck,93,Zanki,32,1.5625
17,Kaiba,deck,94,Crawling Dragon,32,1.5625
17,Kaiba,deck,106,Spirit of the Winds,24,1.1719
17,Kaiba,deck,111,Doma The Angel of Silence,16,0.7812
17,Kaiba,deck,122,Yamatano Dragon Scroll,1,0.0488
17,Kaiba,deck,124,Ancient Tool,24,1.1719
17,Kaiba,deck,126,Orion the Battle King,24,1.1719
17,Kaiba,deck,131,Octoberser,16,0.7812
17,Kaiba,deck,150,Akihiron,24,1.1719
17,Kaiba,deck,168,Darkfire Dragon,2,0.0977
17,Kaiba,deck,200,Petit Dragon,1,0.0488
17,Kaiba,deck,204,Mabarrel,24,1.1719
17,Kaiba,deck,213,Aqua Madoor,32,1.5625
17,Kaiba,deck,286,Gatekeeper,24,1.1719
17,Kaiba,deck,296,One-eyed Shield Dragon,1,0.0488
17,Kaiba,deck,298,Wicked Dragon with the Ersatz Head,1,0.0488
17,Kaiba,deck,320,Stop Defense,32,1.5625
17,Kaiba,deck,336,Dark Hole,32,1.5625
17,Kaiba,deck,348,Swords of Revealing Light,32,1.5625
17,Kaiba,deck,355,Megasonic Eye,24,1.1719
17,Kaiba,deck,357,Yamadron,32,1.5625
17,Kaiba,deck,362,Millennium Shield,16,0.7812
17,Kaiba,deck,366,Labyrinth Wall,16,0.7812
17,Kaiba,deck,375,Dungeon Worm,24,1.1719
17,Kaiba,deck,376,Monster Tamer,16,0.7812
17,Kaiba,deck,377,Ryu-kishin Powered,2,0.0977
17,Kaiba,deck,379,La Jinn the Mystical Genie,2,0.0977
17,Kaiba,deck,382,Rude Kaiser,16,0.7812
17,Kaiba,deck,383,Parrot Dragon,64,3.125
17,Kaiba,deck,389,Giltia the D. Knight,24,1.1719
17,Kaiba,deck,396,Ocubeam,32,1.5625
17,Kaiba,deck,400,Emperor of the Land and Sea,24,1.1719
17,Kaiba,deck,403,Leogun,24,1.1719
17,Kaiba,deck,413,Cyber Soldier,32,1.5625
17,Kaiba,deck,423,Dice Armadillo,8,0.3906
17,Kaiba,deck,425,Thunder Dragon,24,1.1719
17,Kaiba,deck,434,Beautiful Beast Trainer,32,1.5625
17,Kaiba,deck,439,Bottom Dweller,24,1.1719
17,Kaiba,deck,441,Mech Bass,24,1.1719
17,Kaiba,deck,449,"30,000-Year White Turtle",24,1.1719
17,Kaiba,deck,458,Kaminari Attack,24,1.1719
17,Kaiba,deck,464,Wing Eagle,24,1.1719
17,Kaiba,deck,468,Queen Bird,32,1.5625
17,Kaiba,deck,473,Vermillion Sparrow,16,0.7812
17,Kaiba,deck,482,Pragtical,16,0.7812
17,Kaiba,deck,487,Flower Wolf,32,1.5625
17,Kaiba,deck,491,Peacock,32,1.5625
17,Kaiba,deck,494,Rainbow Marine Mermaid,32,1.5625
17,Kaiba,deck,495,Musician King,32,1.5625
17,Kaiba,deck,508,Cyber Saurus,32,1.5625
17,Kaiba,deck,513,Guardian of the Throne Room,32,1.5625
17,Kaiba,deck,519,Fire Kraken,24,1.1719
17,Kaiba,deck,525,Spirit of the Mountain,24,1.1719
17,Kaiba,deck,528,Togex,16,0.7812
17,Kaiba,deck,542,Misairuzame,16,0.7812
17,Kaiba,deck,554,Lava Battleguard,23,1.123
17,Kaiba,deck,557,Steel Ogre Grotto #1,32,1.5625
17,Kaiba,deck,561,Lesser Dragon,1,0.0488
17,Kaiba,deck,565,Man-eating Black Shark,16,0.7812
17,Kaiba,deck,577,Crow Goblin,8,0.3906
17,Kaiba,deck,593,Giant Turtle Who Feeds on Flames,32,1.5625
17,Kaiba,deck,603,Fairy Dragon,1,0.0488
17,Kaiba,deck,614,Hunter Spider,16,0.7812
17,Kaiba,deck,617,Marine Beast,24,1.1719
17,Kaiba,deck,622,Ill Witch,24,1.1719
17,Kaiba,deck,632,Stone Ogre Grotto,24,1.1719
17,Kaiba,deck,633,Winged Egg of New Life,24,1.1719
17,Kaiba,deck,637,Trent,24,1.1719
17,Kaiba,deck,638,Queen of Autumn Leaves,24,1.1719
17,Kaiba,deck,639,Amphibious Bugroth,32,1.5625
17,Kaiba,deck,641,Invader of the Throne,24,1.1719
17,Kaiba,deck,650,Whiptail Crow,32,1.5625
17,Kaiba,deck,661,Crush Card,64,3.125
17,Kaiba,deck,669,Shadow Spell,32,1.5625
17,Kaiba,deck,675,Ultimate Dragon,45,2.1973
18,Mage Soldier,S/A POW,5,Ryu-kishin,20,0.9766
18,Mage Soldier,S/A POW,6,Feral Imp,45,2.1973
18,Mage Soldier,S/A POW,13,Tyhone,22,1.0742
18,Mage Soldier,S/A POW,20,Left Arm of the Forbidden One,6,0.293
18,Mage Soldier,S/A POW,25,Horn Imp,20,0.9766
18,Mage Soldier,S/A POW,26,Battle Ox,22,1.0742
18,Mage Soldier,S/A POW,27,Beaver Warrior,22,1.0742
18,Mage Soldier,S/A POW,31,Koumori Dragon,22,1.0742
18,Mage Soldier,S/A POW,32,Two-headed King Rex,24,1.1719
18,Mage Soldier,S/A POW,36,The Snake Hair,22,1.0742
18,Mage Soldier,S/A POW,41,Celtic Guardian,22,1.0742
18,Mage Soldier,S/A POW,43,Karbonala Warrior,22,1.0742
18,Mage Soldier,S/A POW,44,Rogue Doll,22,1.0742
18,Mage Soldier,S/A POW,46,Griffore,22,1.0742
18,Mage Soldier,S/A POW,48,Sangan,20,0.9766
18,Mage Soldier,S/A POW,49,Big Insect,22,1.0742
18,Mage Soldier,S/A POW,54,Gokibore,22,1.0742
18,Mage Soldier,S/A POW,55,Giant Flea,22,1.0742
18,Mage Soldier,S/A POW,58,Kuriboh,20,0.9766
18,Mage Soldier,S/A POW,70,Fiend Kraken,22,1.0742
18,Mage Soldier,S/A POW,71,Jellyfish,22,1.0742
18,Mage Soldier,S/A POW,77,Grappler,22,1.0742
18,Mage Soldier,S/A POW,81,Crawling Dragon #2,24,1.1719
18,Mage Soldier,S/A POW,83,Castle of Dark Illusions,72,3.5156
18,Mage Soldier,S/A POW,86,Barox,72,3.5156
18,Mage Soldier,S/A POW,95,Crass Clown,45,2.1973
18,Mage Soldier,S/A POW,103,Job-change Mirror,20,0.9766
18,Mage Soldier,S/A POW,115,Kamion Wizard,20,0.9766
18,Mage Soldier,S/A POW,119,Trial of Nightmares,20,0.9766
18,Mage Soldier,S/A POW,121,Sleeping Lion,20,0.9766
18,Mage Soldier,S/A POW,125,Faith Bird,22,1.0742
18,Mage Soldier,S/A POW,136,Witty Phantom,44,2.1484
18,Mage Soldier,S/A POW,137,Mystery Hand,20,0.9766
18,Mage Soldier,S/A POW,148,The Shadow Who Controls the Dark,20,0.9766
18,Mage Soldier,S/A POW,149,Lord of the Lamp,44,2.1484
18,Mage Soldier,S/A POW,162,Tainted Wisdom,22,1.0742
18,Mage Soldier,S/A POW,164,Lord of Zemia,22,1.0742
18,Mage Soldier,S/A POW,166,Mysterious Puppeteer,22,1.0742
18,Mage Soldier,S/A POW,168,Darkfire Dragon,22,1.0742
18,Mage Soldier,S/A POW,169,Dark King of the Abyss,22,1.0742
18,Mage Soldier,S/A POW,170,Spirit of the Harp,24,1.1719
18,Mage Soldier,S/A POW,171,Big Eye,22,1.0742
18,Mage Soldier,S/A POW,173,Dark Prisoner,22,1.0742
18,Mage Soldier,S/A POW,175,Ancient Brain,22,1.0742
18,Mage Soldier,S/A POW,178,Claw Reacher,22,1.0742
18,Mage Soldier,S/A POW,181,Dark Shade,22,1.0742
18,Mage Soldier,S/A POW,186,Fiend Refrection #2,22,1.0742
18,Mage Soldier,S/A POW,193,Turtle Tiger,22,1.0742
18,Mage Soldier,S/A POW,194,Terra the Terrible,44,2.1484
18,Mage Soldier,S/A POW,222,Midnight Fiend,22,1.0742
18,Mage Soldier,S/A POW,230,Rare Fish,22,1.0742
18,Mage Soldier,S/A POW,232,Madjinn Gunn,22,1.0742
18,Mage Soldier,S/A POW,233,Dark Titan of Terror,44,2.1484
18,Mage Soldier,S/A POW,240,The Drdek,22,1.0742
18,Mage Soldier,S/A POW,242,Candle of Fate,22,1.0742
18,Mage Soldier,S/A POW,245,Meda Bat,22,1.0742
18,Mage Soldier,S/A POW,254,Embryonic Beast,22,1.0742
18,Mage Soldier,S/A POW,255,Prevent Rat,22,1.0742
18,Mage Soldier,S/A POW,261,Wicked Mirror,22,1.0742
18,Mage Soldier,S/A POW,269,Versago the Destroyer,22,1.0742
18,Mage Soldier,S/A POW,271,Megirus Light,22,1.0742
18,Mage Soldier,S/A POW,277,Gorgon Egg,22,1.0742
18,Mage Soldier,S/A POW,279,King Fog,22,1.0742
18,Mage Soldier,S/A POW,281,Mystic Clown,6,0.293
18,Mage Soldier,S/A POW,295,Bio Plant,22,1.0742
18,Mage Soldier,S/A POW,335,Yami,30,1.4648
18,Mage Soldier,S/A POW,379,La Jinn the Mystical Genie,44,2.1484
18,Mage Soldier,S/A POW,402,Monster Eye,22,1.0742
18,Mage Soldier,S/A POW,412,Giga-tech Wolf,22,1.0742
18,Mage Soldier,S/A POW,415,Mechanicalchacer,22,1.0742
18,Mage Soldier,S/A POW,416,Blocker,22,1.0742
18,Mage Soldier,S/A POW,459,Tripwire Beast,22,1.0742
18,Mage Soldier,S/A POW,462,The Immortal of Thunder,24,1.1719
18,Mage Soldier,S/A POW,466,Skull Red Bird,22,1.0742
18,Mage Soldier,S/A POW,490,Needle Ball,22,1.0742
18,Mage Soldier,S/A POW,504,Fungi of the Musk,22,1.0742
18,Mage Soldier,S/A POW,511,Bean Soldier,22,1.0742
18,Mage Soldier,S/A POW,512,Cannon Soldier,22,1.0742
18,Mage Soldier,S/A POW,563,Wretched Ghost of the Attic,22,1.0742
18,Mage Soldier,S/A POW,597,Pale Beast,22,1.0742
18,Mage Soldier,S/A POW,608,Shining Friendship,22,1.0742
18,Mage Soldier,S/A POW,611,Hiro's Shadow Scout,22,1.0742
18,Mage Soldier,S/A POW,636,Blue-winged Crown,24,1.1719
18,Mage Soldier,B/C/D,5,Ryu-kishin,26,1.2695
18,Mage Soldier,B/C/D,6,Feral Imp,52,2.5391
18,Mage Soldier,B/C/D,13,Tyhone,28,1.3672
18,Mage Soldier,B/C/D,20,Left Arm of the Forbidden One,8,0.3906
18,Mage Soldier,B/C/D,25,Horn Imp,26,1.2695
18,Mage Soldier,B/C/D,26,Battle Ox,26,1.2695
18,Mage Soldier,B/C/D,27,Beaver Warrior,26,1.2695
18,Mage Soldier,B/C/D,31,Koumori Dragon,26,1.2695
18,Mage Soldier,B/C/D,36,The Snake Hair,26,1.2695
18,Mage Soldier,B/C/D,41,Celtic Guardian,26,1.2695
18,Mage Soldier,B/C/D,43,Karbonala Warrior,26,1.2695
18,Mage Soldier,B/C/D,44,Rogue Doll,26,1.2695
18,Mage Soldier,B/C/D,46,Griffore,26,1.2695
18,Mage Soldier,B/C/D,48,Sangan,26,1.2695
18,Mage Soldier,B/C/D,49,Big Insect,26,1.2695
18,Mage Soldier,B/C/D,54,Gokibore,26,1.2695
18,Mage Soldier,B/C/D,55,Giant Flea,26,1.2695
18,Mage Soldier,B/C/D,58,Kuriboh,26,1.2695
18,Mage Soldier,B/C/D,70,Fiend Kraken,26,1.2695
18,Mage Soldier,B/C/D,71,Jellyfish,26,1.2695
18,Mage Soldier,B/C/D,77,Grappler,26,1.2695
18,Mage Soldier,B/C/D,95,Crass Clown,52,2.5391
18,Mage Soldier,B/C/D,103,Job-change Mirror,26,1.2695
18,Mage Soldier,B/C/D,115,Kamion Wizard,26,1.2695
18,Mage Soldier,B/C/D,119,Trial of Nightmares,26,1.2695
18,Mage Soldier,B/C/D,121,Sleeping Lion,26,1.2695
18,Mage Soldier,B/C/D,125,Faith Bird,26,1.2695
18,Mage Soldier,B/C/D,136,Witty Phantom,48,2.3438
18,Mage Soldier,B/C/D,137,Mystery Hand,24,1.1719
18,Mage Soldier,B/C/D,148,The Shadow Who Controls the Dark,24,1.1719
18,Mage Soldier,B/C/D,149,Lord of the Lamp,48,2.3438
18,Mage Soldier,B/C/D,162,Tainted Wisdom,24,1.1719
18,Mage Soldier,B/C/D,164,Lord of Zemia,24,1.1719
18,Mage Soldier,B/C/D,166,Mysterious Puppeteer,24,1.1719
18,Mage Soldier,B/C/D,168,Darkfire Dragon,24,1.1719
18,Mage Soldier,B/C/D,169,Dark King of the Abyss,24,1.1719
18,Mage Soldier,B/C/D,171,Big Eye,24,1.1719
18,Mage Soldier,B/C/D,173,Dark Prisoner,24,1.1719
18,Mage Soldier,B/C/D,175,Ancient Brain,24,1.1719
18,Mage Soldier,B/C/D,178,Claw Reacher,24,1.1719
18,Mage Soldier,B/C/D,181,Dark Shade,24,1.1719
18,Mage Soldier,B/C/D,186,Fiend Refrection #2,24,1.1719
18,Mage Soldier,B/C/D,193,Turtle Tiger,24,1.1719
18,Mage Soldier,B/C/D,194,Terra the Terrible,48,2.3438
18,Mage Soldier,B/C/D,222,Midnight Fiend,24,1.1719
18,Mage Soldier,B/C/D,230,Rare Fish,24,1.1719
18,Mage Soldier,B/C/D,232,Madjinn Gunn,24,1.1719
18,Mage Soldier,B/C/D,233,Dark Titan of Terror,48,2.3438
18,Mage Soldier,B/C/D,240,The Drdek,24,1.1719
18,Mage Soldier,B/C/D,242,Candle of Fate,24,1.1719
18,Mage Soldier,B/C/D,245,Meda Bat,24,1.1719
18,Mage Soldier,B/C/D,254,Embryonic Beast,24,1.1719
18,Mage Soldier,B/C/D,255,Prevent Rat,24,1.1719
18,Mage Soldier,B/C/D,261,Wicked Mirror,24,1.1719
18,Mage Soldier,B/C/D,269,Versago the Destroyer,24,1.1719
18,Mage Soldier,B/C/D,271,Megirus Light,24,1.1719
18,Mage Soldier,B/C/D,277,Gorgon Egg,24,1.1719
18,Mage Soldier,B/C/D,279,King Fog,24,1.1719
18,Mage Soldier,B/C/D,281,Mystic Clown,8,0.3906
18,Mage Soldier,B/C/D,295,Bio Plant,24,1.1719
18,Mage Soldier,B/C/D,303,Dark Energy,50,2.4414
18,Mage Soldier,B/C/D,335,Yami,50,2.4414
18,Mage Soldier,B/C/D,402,Monster Eye,24,1.1719
18,Mage Soldier,B/C/D,412,Giga-tech Wolf,24,1.1719
18,Mage Soldier,B/C/D,415,Mechanicalchacer,24,1.1719
18,Mage Soldier,B/C/D,416,Blocker,24,1.1719
18,Mage Soldier,B/C/D,459,Tripwire Beast,24,1.1719
18,Mage Soldier,B/C/D,466,Skull Red Bird,24,1.1719
18,Mage Soldier,B/C/D,490,Needle Ball,24,1.1719
18,Mage Soldier,B/C/D,504,Fungi of the Musk,24,1.1719
18,Mage Soldier,B/C/D,511,Bean Soldier,24,1.1719
18,Mage Soldier,B/C/D,512,Cannon Soldier,24,1.1719
18,Mage Soldier,B/C/D,563,Wretched Ghost of the Attic,24,1.1719
18,Mage Soldier,B/C/D,597,Pale Beast,24,1.1719
18,Mage Soldier,B/C/D,608,Shining Friendship,26,1.2695
18,Mage Soldier,B/C/D,611,Hiro's Shadow Scout,24,1.1719
18,Mage Soldier,S/A TEC,5,Ryu-kishin,40,1.9531
18,Mage Soldier,S/A TEC,20,Left Arm of the Forbidden One,12,0.5859
18,Mage Soldier,S/A TEC,25,Horn Imp,40,1.9531
18,Mage Soldier,S/A TEC,48,Sangan,40,1.9531
18,Mage Soldier,S/A TEC,58,Kuriboh,40,1.9531
18,Mage Soldier,S/A TEC,103,Job-change Mirror,40,1.9531
18,Mage Soldier,S/A TEC,115,Kamion Wizard,40,1.9531
18,Mage Soldier,S/A TEC,119,Trial of Nightmares,40,1.9531
18,Mage Soldier,S/A TEC,121,Sleeping Lion,40,1.9531
18,Mage Soldier,S/A TEC,137,Mystery Hand,38,1.8555
18,Mage Soldier,S/A TEC,148,The Shadow Who Controls the Dark,38,1.8555
18,Mage Soldier,S/A TEC,162,Tainted Wisdom,38,1.8555
18,Mage Soldier,S/A TEC,164,Lord of Zemia,38,1.8555
18,Mage Soldier,S/A TEC,169,Dark King of the Abyss,38,1.8555
18,Mage Soldier,S/A TEC,171,Big Eye,38,1.8555
18,Mage Soldier,S/A TEC,173,Dark Prisoner,38,1.8555
18,Mage Soldier,S/A TEC,175,Ancient Brain,38,1.8555
18,Mage Soldier,S/A TEC,178,Claw Reacher,38,1.8555
18,Mage Soldier,S/A TEC,181,Dark Shade,38,1.8555
18,Mage Soldier,S/A TEC,222,Midnight Fiend,38,1.8555
18,Mage Soldier,S/A TEC,232,Madjinn Gunn,38,1.8555
18,Mage Soldier,S/A TEC,233,Dark Titan of Terror,32,1.5625
18,Mage Soldier,S/A TEC,240,The Drdek,38,1.8555
18,Mage Soldier,S/A TEC,242,Candle of Fate,38,1.8555
18,Mage Soldier,S/A TEC,245,Meda Bat,38,1.8555
18,Mage Soldier,S/A TEC,254,Embryonic Beast,38,1.8555
18,Mage Soldier,S/A TEC,255,Prevent Rat,38,1.8555
18,Mage Soldier,S/A TEC,261,Wicked Mirror,38,1.8555
18,Mage Soldier,S/A TEC,269,Versago the Destroyer,38,1.8555
18,Mage Soldier,S/A TEC,271,Megirus Light,38,1.8555
18,Mage Soldier,S/A TEC,277,Gorgon Egg,38,1.8555
18,Mage Soldier,S/A TEC,279,King Fog,38,1.8555
18,Mage Soldier,S/A TEC,281,Mystic Clown,12,0.5859
18,Mage Soldier,S/A TEC,295,Bio Plant,38,1.8555
18,Mage Soldier,S/A TEC,303,Dark Energy,72,3.5156
18,Mage Soldier,S/A TEC,304,Axe of Despair,76,3.7109
18,Mage Soldier,S/A TEC,321,Malevolent Nuzzler,40,1.9531
18,Mage Soldier,S/A TEC,325,Machine Conversion Factory,40,1.9531
18,Mage Soldier,S/A TEC,335,Yami,72,3.5156
18,Mage Soldier,S/A TEC,402,Monster Eye,38,1.8555
18,Mage Soldier,S/A TEC,490,Needle Ball,38,1.8555
18,Mage Soldier,S/A TEC,504,Fungi of the Musk,38,1.8555
18,Mage Soldier,S/A TEC,563,Wretched Ghost of the Attic,38,1.8555
18,Mage Soldier,S/A TEC,611,Hiro's Shadow Scout,38,1.8555
18,Mage Soldier,S/A TEC,655,Cursebreaker,36,1.7578
18,Mage Soldier,S/A TEC,683,Bear Trap,40,1.9531
18,Mage Soldier,S/A TEC,684,Invisible Wire,40,1.9531
18,Mage Soldier,S/A TEC,685,Acid Trap Hole,40,1.9531
18,Mage Soldier,S/A TEC,686,Widespread Ruin,40,1.9531
18,Mage Soldier,S/A TEC,688,Bad Reaction to Simochi,72,3.5156
18,Mage Soldier,S/A TEC,690,Fake Trap,40,1.9531
18,Mage Soldier,deck,3,Hitotsu-me Giant,12,0.5859
18,Mage Soldier,deck,5,Ryu-kishin,1,0.0488
18,Mage Soldier,deck,6,Feral Imp,6,0.293
18,Mage Soldier,deck,7,Winged Dragon #1,12,0.5859
18,Mage Soldier,deck,10,Blackland Fire Dragon,20,0.9766
18,Mage Soldier,deck,13,Tyhone,12,0.5859
18,Mage Soldier,deck,25,Horn Imp,42,2.0508
18,Mage Soldier,deck,41,Celtic Guardian,12,0.5859
18,Mage Soldier,deck,44,Rogue Doll,12,0.5859
18,Mage Soldier,deck,48,Sangan,1,0.0488
18,Mage Soldier,deck,53,Killer Needle,12,0.5859
18,Mage Soldier,deck,54,Gokibore,12,0.5859
18,Mage Soldier,deck,58,Kuriboh,1,0.0488
18,Mage Soldier,deck,60,Great White,24,1.1719
18,Mage Soldier,deck,64,Tiger Axe,24,1.1719
18,Mage Soldier,deck,70,Fiend Kraken,12,0.5859
18,Mage Soldier,deck,76,Krokodilus,20,0.9766
18,Mage Soldier,deck,77,Grappler,20,0.9766
18,Mage Soldier,deck,80,Uraby,20,0.9766
18,Mage Soldier,deck,83,Castle of Dark Illusions,1,0.0488
18,Mage Soldier,deck,84,Reaper of the Cards,1,0.0488
18,Mage Soldier,deck,86,Barox,1,0.0488
18,Mage Soldier,deck,87,Dark Chimera,1,0.0488
18,Mage Soldier,deck,88,Metal Guardian,1,0.0488
18,Mage Soldier,deck,95,Crass Clown,2,0.0977
18,Mage Soldier,deck,102,Mask of Darkness,1,0.0488
18,Mage Soldier,deck,103,Job-change Mirror,4,0.1953
18,Mage Soldier,deck,109,Goddess with the Third Eye,12,0.5859
18,Mage Soldier,deck,112,That Which Feeds on Life,24,1.1719
18,Mage Soldier,deck,115,Kamion Wizard,24,1.1719
18,Mage Soldier,deck,117,Spirit of the Books,12,0.5859
18,Mage Soldier,deck,119,Trial of Nightmares,24,1.1719
18,Mage Soldier,deck,121,Sleeping Lion,24,1.1719
18,Mage Soldier,deck,125,Faith Bird,12,0.5859
18,Mage Soldier,deck,136,Witty Phantom,4,0.1953
18,Mage Soldier,deck,137,Mystery Hand,1,0.0488
18,Mage Soldier,deck,146,Temple of Skulls,12,0.5859
18,Mage Soldier,deck,148,The Shadow Who Controls the Dark,1,0.0488
18,Mage Soldier,deck,149,Lord of the Lamp,24,1.1719
18,Mage Soldier,deck,151,Rhaimundos of the Red Sword,20,0.9766
18,Mage Soldier,deck,162,Tainted Wisdom,2,0.0977
18,Mage Soldier,deck,163,Lisark,12,0.5859
18,Mage Soldier,deck,164,Lord of Zemia,40,1.9531
18,Mage Soldier,deck,166,Mysterious Puppeteer,20,0.9766
18,Mage Soldier,deck,169,Dark King of the Abyss,1,0.0488
18,Mage Soldier,deck,171,Big Eye,24,1.1719
18,Mage Soldier,deck,173,Dark Prisoner,1,0.0488
18,Mage Soldier,deck,175,Ancient Brain,1,0.0488
18,Mage Soldier,deck,178,Claw Reacher,1,0.0488
18,Mage Soldier,deck,181,Dark Shade,1,0.0488
18,Mage Soldier,deck,186,Fiend Refrection #2,20,0.9766
18,Mage Soldier,deck,193,Turtle Tiger,20,0.9766
18,Mage Soldier,deck,194,Terra the Terrible,40,1.9531
18,Mage Soldier,deck,196,Arma Knight,12,0.5859
18,Mage Soldier,deck,201,Frenzied Panda,12,0.5859
18,Mage Soldier,deck,204,Mabarrel,1,0.0488
18,Mage Soldier,deck,216,Dryad,12,0.5859
18,Mage Soldier,deck,220,Masked Sorcerer,20,0.9766
18,Mage Soldier,deck,222,Midnight Fiend,1,0.0488
18,Mage Soldier,deck,225,Fiend Sword,12,0.5859
18,Mage Soldier,deck,232,Madjinn Gunn,1,0.0488
18,Mage Soldier,deck,233,Dark Titan of Terror,48,2.3438
18,Mage Soldier,deck,234,Beautiful Headhuntress,24,1.1719
18,Mage Soldier,deck,236,Guardian of the Labyrinth,12,0.5859
18,Mage Soldier,deck,240,The Drdek,1,0.0488
18,Mage Soldier,deck,241,Dark Assailant,24,1.1719
18,Mage Soldier,deck,242,Candle of Fate,1,0.0488
18,Mage Soldier,deck,245,Meda Bat,1,0.0488
18,Mage Soldier,deck,248,Master & Expert,12,0.5859
18,Mage Soldier,deck,249,Water Omotics,12,0.5859
18,Mage Soldier,deck,254,Embryonic Beast,1,0.0488
18,Mage Soldier,deck,255,Prevent Rat,20,0.9766
18,Mage Soldier,deck,256,Dimensional Warrior,12,0.5859
18,Mage Soldier,deck,259,Ancient Sorcerer,20,0.9766
18,Mage Soldier,deck,261,Wicked Mirror,1,0.0488
18,Mage Soldier,deck,269,Versago the Destroyer,1,0.0488
18,Mage Soldier,deck,271,Megirus Light,1,0.0488
18,Mage Soldier,deck,272,Mavelus,12,0.5859
18,Mage Soldier,deck,275,Ground Attacker Bugroth,20,0.9766
18,Mage Soldier,deck,277,Gorgon Egg,1,0.0488
18,Mage Soldier,deck,279,King Fog,1,0.0488
18,Mage Soldier,deck,280,Protector of the Throne,20,0.9766
18,Mage Soldier,deck,281,Mystic Clown,40,1.9531
18,Mage Soldier,deck,287,Ogre of the Black Shadow,12,0.5859
18,Mage Soldier,deck,288,Dark Artist,1,0.0488
18,Mage Soldier,deck,291,Fireyarou,20,0.9766
18,Mage Soldier,deck,293,Masaki the Legendary Swordsman,12,0.5859
18,Mage Soldier,deck,295,Bio Plant,1,0.0488
18,Mage Soldier,deck,297,Cyber Soldier of Darkworld,12,0.5859
18,Mage Soldier,deck,335,Yami,12,0.5859
18,Mage Soldier,deck,341,Soul of the Pure,24,1.1719
18,Mage Soldier,deck,346,Ookazi,12,0.5859
18,Mage Soldier,deck,361,Flying Penguin,12,0.5859
18,Mage Soldier,deck,363,Fairy's Gift,24,1.1719
18,Mage Soldier,deck,367,Jirai Gumo,20,0.9766
18,Mage Soldier,deck,377,Ryu-kishin Powered,1,0.0488
18,Mage Soldier,deck,379,La Jinn the Mystical Genie,1,0.0488
18,Mage Soldier,deck,381,Toon Alligator,24,1.1719
18,Mage Soldier,deck,384,Dark Rabbit,12,0.5859
18,Mage Soldier,deck,402,Monster Eye,1,0.0488
18,Mage Soldier,deck,406,Yaiba Robo,20,0.9766
18,Mage Soldier,deck,412,Giga-tech Wolf,12,0.5859
18,Mage Soldier,deck,418,Golgoil,20,0.9766
18,Mage Soldier,deck,430,Water Magician,24,1.1719
18,Mage Soldier,deck,435,Water Girl,16,0.7812
18,Mage Soldier,deck,440,7 Colored Fish,12,0.5859
18,Mage Soldier,deck,445,Guardian of the Sea,20,0.9766
18,Mage Soldier,deck,447,Giant Red Seasnake,12,0.5859
18,Mage Soldier,deck,454,Destroyer Golem,20,0.9766
18,Mage Soldier,deck,455,Barrel Rock,20,0.9766
18,Mage Soldier,deck,456,Minomushi Warrior,20,0.9766
18,Mage Soldier,deck,457,Stone Ghost,12,0.5859
18,Mage Soldier,deck,459,Tripwire Beast,20,0.9766
18,Mage Soldier,deck,474,Sea Kamen,24,1.1719
18,Mage Soldier,deck,480,Kuwagata α,16,0.7812
18,Mage Soldier,deck,490,Needle Ball,1,0.0488
18,Mage Soldier,deck,496,Wilmee,12,0.5859
18,Mage Soldier,deck,497,Yado Karu,12,0.5859
18,Mage Soldier,deck,498,Morinphen,1,0.0488
18,Mage Soldier,deck,502,D. Human,24,1.1719
18,Mage Soldier,deck,504,Fungi of the Musk,1,0.0488
18,Mage Soldier,deck,514,Brave Scizzar,20,0.9766
18,Mage Soldier,deck,515,The Statue of Easter Island,20,0.9766
18,Mage Soldier,deck,523,The Bistro Butcher,1,0.0488
18,Mage Soldier,deck,535,Kamakiriman,16,0.7812
18,Mage Soldier,deck,550,Behegon,20,0.9766
18,Mage Soldier,deck,552,Winged Dragon #2,12,0.5859
18,Mage Soldier,deck,560,Invader from Another Dimension,44,2.1484
18,Mage Soldier,deck,561,Lesser Dragon,12,0.5859
18,Mage Soldier,deck,563,Wretched Ghost of the Attic,1,0.0488
18,Mage Soldier,deck,574,Witch of the Black Forest,20,0.9766
18,Mage Soldier,deck,578,Leo Wizard,16,0.7812
18,Mage Soldier,deck,581,Takuhee,20,0.9766
18,Mage Soldier,deck,583,Weather Report,20,0.9766
18,Mage Soldier,deck,599,Violent Rain,20,0.9766
18,Mage Soldier,deck,600,Key Mace #2,32,1.5625
18,Mage Soldier,deck,603,Fairy Dragon,20,0.9766
18,Mage Soldier,deck,607,Great Bill,16,0.7812
18,Mage Soldier,deck,608,Shining Friendship,24,1.1719
18,Mage Soldier,deck,611,Hiro's Shadow Scout,1,0.0488
18,Mage Soldier,deck,615,Armored Starfish,16,0.7812
18,Mage Soldier,deck,616,Hourglass of Courage,20,0.9766
18,Mage Soldier,deck,620,Snakeyashi,12,0.5859
18,Mage Soldier,deck,623,The Thing That Hides in the Mud,20,0.9766
18,Mage Soldier,deck,630,Ancient Lizard Warrior,20,0.9766
18,Mage Soldier,deck,634,Night Lizard,20,0.9766
18,Mage Soldier,deck,643,Disk Magician,20,0.9766
18,Mage Soldier,deck,647,Hyosube,24,1.1719
18,Mage Soldier,deck,649,Hibikime,20,0.9766
18,Mage Soldier,deck,650,Whiptail Crow,1,0.0488
19,Jono 2nd,S/A POW,4,Baby Dragon,22,1.0742
19,Jono 2nd,S/A POW,12,Swamp Battleguard,24,1.1719
19,Jono 2nd,S/A POW,14,Battle Steer,24,1.1719
19,Jono 2nd,S/A POW,15,Flame Swordsman,24,1.1719
19,Jono 2nd,S/A POW,20,Left Arm of the Forbidden One,8,0.3906
19,Jono 2nd,S/A POW,29,Mountain Warrior,22,1.0742
19,Jono 2nd,S/A POW,43,Karbonala Warrior,22,1.0742
19,Jono 2nd,S/A POW,50,Basic Insect,44,2.1484
19,Jono 2nd,S/A POW,61,Wolf,22,1.0742
19,Jono 2nd,S/A POW,68,Garoozis,24,1.1719
19,Jono 2nd,S/A POW,78,Axe Raider,22,1.0742
19,Jono 2nd,S/A POW,82,Red-eyes B. Dragon,24,1.1719
19,Jono 2nd,S/A POW,100,Battle Warrior,22,1.0742
19,Jono 2nd,S/A POW,104,Curtain of the Dark Ones,44,2.1484
19,Jono 2nd,S/A POW,105,Tomozaurus,44,2.1484
19,Jono 2nd,S/A POW,122,Yamatano Dragon Scroll,44,2.1484
19,Jono 2nd,S/A POW,130,Weather Control,44,2.1484
19,Jono 2nd,S/A POW,135,Fiend's Hand,44,2.1484
19,Jono 2nd,S/A POW,137,Mystery Hand,44,2.1484
19,Jono 2nd,S/A POW,152,The Melting Red Shadow,44,2.1484
19,Jono 2nd,S/A POW,154,Fire Reaper,44,2.1484
19,Jono 2nd,S/A POW,174,Hurricail,44,2.1484
19,Jono 2nd,S/A POW,182,Masked Clown,44,2.1484
19,Jono 2nd,S/A POW,185,Eyearmor,44,2.1484
19,Jono 2nd,S/A POW,191,LaLa Li-oon,44,2.1484
19,Jono 2nd,S/A POW,197,Mech Mole Zombie,44,2.1484
19,Jono 2nd,S/A POW,202,Air Marmot of Nefariousness,44,2.1484
19,Jono 2nd,S/A POW,207,Droll Bird,44,2.1484
19,Jono 2nd,S/A POW,210,Hinotama Soul,44,2.1484
19,Jono 2nd,S/A POW,214,Kagemusha of the Blue Flame,44,2.1484
19,Jono 2nd,S/A POW,237,Haniwa,44,2.1484
19,Jono 2nd,S/A POW,242,Candle of Fate,42,2.0508
19,Jono 2nd,S/A POW,245,Meda Bat,42,2.0508
19,Jono 2nd,S/A POW,268,Sectarian of Secrets,42,2.0508
19,Jono 2nd,S/A POW,333,Sogen,16,0.7812
19,Jono 2nd,S/A POW,389,Giltia the D. Knight,4,0.1953
19,Jono 2nd,S/A POW,410,Mechanical Spider,42,2.0508
19,Jono 2nd,S/A POW,420,Cyber-Stein,42,2.0508
19,Jono 2nd,S/A POW,422,Jinzo #7,42,2.0508
19,Jono 2nd,S/A POW,436,White Dolphin,42,2.0508
19,Jono 2nd,S/A POW,444,Turu-Purun,42,2.0508
19,Jono 2nd,S/A POW,485,Korogashi,42,2.0508
19,Jono 2nd,S/A POW,486,Boo Koo,42,2.0508
19,Jono 2nd,S/A POW,488,Rainbow Flower,42,2.0508
19,Jono 2nd,S/A POW,492,Hoshiningen,42,2.0508
19,Jono 2nd,S/A POW,501,Man-eater Bug,42,2.0508
19,Jono 2nd,S/A POW,516,Muka Muka,42,2.0508
19,Jono 2nd,S/A POW,524,Star Boy,42,2.0508
19,Jono 2nd,S/A POW,549,Frog The Jam,42,2.0508
19,Jono 2nd,S/A POW,558,Pot the Trick,42,2.0508
19,Jono 2nd,S/A POW,563,Wretched Ghost of the Attic,42,2.0508
19,Jono 2nd,S/A POW,579,Abyss Flower,42,2.0508
19,Jono 2nd,S/A POW,589,Tentacle Plant,42,2.0508
19,Jono 2nd,S/A POW,598,Little Chimera,42,2.0508
19,Jono 2nd,S/A POW,611,Hiro's Shadow Scout,42,2.0508
19,Jono 2nd,S/A POW,713,Meteor B. Dragon,8,0.3906
19,Jono 2nd,B/C/D,4,Baby Dragon,23,1.123
19,Jono 2nd,B/C/D,20,Left Arm of the Forbidden One,6,0.293
19,Jono 2nd,B/C/D,29,Mountain Warrior,23,1.123
19,Jono 2nd,B/C/D,43,Karbonala Warrior,23,1.123
19,Jono 2nd,B/C/D,50,Basic Insect,46,2.2461
19,Jono 2nd,B/C/D,61,Wolf,23,1.123
19,Jono 2nd,B/C/D,78,Axe Raider,23,1.123
19,Jono 2nd,B/C/D,100,Battle Warrior,23,1.123
19,Jono 2nd,B/C/D,104,Curtain of the Dark Ones,46,2.2461
19,Jono 2nd,B/C/D,105,Tomozaurus,46,2.2461
19,Jono 2nd,B/C/D,122,Yamatano Dragon Scroll,46,2.2461
19,Jono 2nd,B/C/D,130,Weather Control,46,2.2461
19,Jono 2nd,B/C/D,135,Fiend's Hand,46,2.2461
19,Jono 2nd,B/C/D,137,Mystery Hand,46,2.2461
19,Jono 2nd,B/C/D,152,The Melting Red Shadow,46,2.2461
19,Jono 2nd,B/C/D,154,Fire Reaper,46,2.2461
19,Jono 2nd,B/C/D,174,Hurricail,46,2.2461
19,Jono 2nd,B/C/D,182,Masked Clown,46,2.2461
19,Jono 2nd,B/C/D,185,Eyearmor,46,2.2461
19,Jono 2nd,B/C/D,191,LaLa Li-oon,46,2.2461
19,Jono 2nd,B/C/D,197,Mech Mole Zombie,46,2.2461
19,Jono 2nd,B/C/D,202,Air Marmot of Nefariousness,46,2.2461
19,Jono 2nd,B/C/D,207,Droll Bird,46,2.2461
19,Jono 2nd,B/C/D,210,Hinotama Soul,46,2.2461
19,Jono 2nd,B/C/D,214,Kagemusha of the Blue Flame,46,2.2461
19,Jono 2nd,B/C/D,237,Haniwa,46,2.2461
19,Jono 2nd,B/C/D,242,Candle of Fate,44,2.1484
19,Jono 2nd,B/C/D,245,Meda Bat,44,2.1484
19,Jono 2nd,B/C/D,268,Sectarian of Secrets,44,2.1484
19,Jono 2nd,B/C/D,333,Sogen,22,1.0742
19,Jono 2nd,B/C/D,344,Hinotama,20,0.9766
19,Jono 2nd,B/C/D,410,Mechanical Spider,44,2.1484
19,Jono 2nd,B/C/D,420,Cyber-Stein,44,2.1484
19,Jono 2nd,B/C/D,422,Jinzo #7,44,2.1484
19,Jono 2nd,B/C/D,436,White Dolphin,44,2.1484
19,Jono 2nd,B/C/D,444,Turu-Purun,44,2.1484
19,Jono 2nd,B/C/D,485,Korogashi,44,2.1484
19,Jono 2nd,B/C/D,486,Boo Koo,44,2.1484
19,Jono 2nd,B/C/D,488,Rainbow Flower,44,2.1484
19,Jono 2nd,B/C/D,492,Hoshiningen,44,2.1484
19,Jono 2nd,B/C/D,501,Man-eater Bug,44,2.1484
19,Jono 2nd,B/C/D,516,Muka Muka,44,2.1484
19,Jono 2nd,B/C/D,524,Star Boy,44,2.1484
19,Jono 2nd,B/C/D,549,Frog The Jam,44,2.1484
19,Jono 2nd,B/C/D,558,Pot the Trick,44,2.1484
19,Jono 2nd,B/C/D,563,Wretched Ghost of the Attic,44,2.1484
19,Jono 2nd,B/C/D,579,Abyss Flower,44,2.1484
19,Jono 2nd,B/C/D,589,Tentacle Plant,44,2.1484
19,Jono 2nd,B/C/D,598,Little Chimera,44,2.1484
19,Jono 2nd,B/C/D,611,Hiro's Shadow Scout,44,2.1484
19,Jono 2nd,B/C/D,651,Kunai with Chain,20,0.9766
19,Jono 2nd,S/A TEC,4,Baby Dragon,18,0.8789
19,Jono 2nd,S/A TEC,20,Left Arm of the Forbidden One,4,0.1953
19,Jono 2nd,S/A TEC,29,Mountain Warrior,18,0.8789
19,Jono 2nd,S/A TEC,43,Karbonala Warrior,18,0.8789
19,Jono 2nd,S/A TEC,50,Basic Insect,38,1.8555
19,Jono 2nd,S/A TEC,61,Wolf,18,0.8789
19,Jono 2nd,S/A TEC,78,Axe Raider,18,0.8789
19,Jono 2nd,S/A TEC,100,Battle Warrior,18,0.8789
19,Jono 2nd,S/A TEC,104,Curtain of the Dark Ones,38,1.8555
19,Jono 2nd,S/A TEC,105,Tomozaurus,38,1.8555
19,Jono 2nd,S/A TEC,122,Yamatano Dragon Scroll,38,1.8555
19,Jono 2nd,S/A TEC,130,Weather Control,38,1.8555
19,Jono 2nd,S/A TEC,135,Fiend's Hand,38,1.8555
19,Jono 2nd,S/A TEC,137,Mystery Hand,38,1.8555
19,Jono 2nd,S/A TEC,152,The Melting Red Shadow,38,1.8555
19,Jono 2nd,S/A TEC,154,Fire Reaper,38,1.8555
19,Jono 2nd,S/A TEC,174,Hurricail,38,1.8555
19,Jono 2nd,S/A TEC,182,Masked Clown,38,1.8555
19,Jono 2nd,S/A TEC,185,Eyearmor,38,1.8555
19,Jono 2nd,S/A TEC,191,LaLa Li-oon,38,1.8555
19,Jono 2nd,S/A TEC,197,Mech Mole Zombie,38,1.8555
19,Jono 2nd,S/A TEC,202,Air Marmot of Nefariousness,38,1.8555
19,Jono 2nd,S/A TEC,207,Droll Bird,38,1.8555
19,Jono 2nd,S/A TEC,210,Hinotama Soul,38,1.8555
19,Jono 2nd,S/A TEC,214,Kagemusha of the Blue Flame,38,1.8555
19,Jono 2nd,S/A TEC,237,Haniwa,38,1.8555
19,Jono 2nd,S/A TEC,242,Candle of Fate,44,2.1484
19,Jono 2nd,S/A TEC,245,Meda Bat,44,2.1484
19,Jono 2nd,S/A TEC,268,Sectarian of Secrets,44,2.1484
19,Jono 2nd,S/A TEC,301,Legendary Sword,20,0.9766
19,Jono 2nd,S/A TEC,302,Sword of Dark Destruction,20,0.9766
19,Jono 2nd,S/A TEC,310,Vile Germs,21,1.0254
19,Jono 2nd,S/A TEC,311,Black Pendant,21,1.0254
19,Jono 2nd,S/A TEC,333,Sogen,20,0.9766
19,Jono 2nd,S/A TEC,336,Dark Hole,20,0.9766
19,Jono 2nd,S/A TEC,344,Hinotama,22,1.0742
19,Jono 2nd,S/A TEC,345,Final Flame,22,1.0742
19,Jono 2nd,S/A TEC,410,Mechanical Spider,44,2.1484
19,Jono 2nd,S/A TEC,420,Cyber-Stein,44,2.1484
19,Jono 2nd,S/A TEC,422,Jinzo #7,44,2.1484
19,Jono 2nd,S/A TEC,436,White Dolphin,44,2.1484
19,Jono 2nd,S/A TEC,444,Turu-Purun,44,2.1484
19,Jono 2nd,S/A TEC,485,Korogashi,44,2.1484
19,Jono 2nd,S/A TEC,486,Boo Koo,44,2.1484
19,Jono 2nd,S/A TEC,488,Rainbow Flower,44,2.1484
19,Jono 2nd,S/A TEC,492,Hoshiningen,44,2.1484
19,Jono 2nd,S/A TEC,501,Man-eater Bug,44,2.1484
19,Jono 2nd,S/A TEC,516,Muka Muka,44,2.1484
19,Jono 2nd,S/A TEC,524,Star Boy,44,2.1484
19,Jono 2nd,S/A TEC,549,Frog The Jam,44,2.1484
19,Jono 2nd,S/A TEC,558,Pot the Trick,44,2.1484
19,Jono 2nd,S/A TEC,563,Wretched Ghost of the Attic,44,2.1484
19,Jono 2nd,S/A TEC,579,Abyss Flower,44,2.1484
19,Jono 2nd,S/A TEC,589,Tentacle Plant,44,2.1484
19,Jono 2nd,S/A TEC,598,Little Chimera,44,2.1484
19,Jono 2nd,S/A TEC,611,Hiro's Shadow Scout,44,2.1484
19,Jono 2nd,S/A TEC,651,Kunai with Chain,22,1.0742
19,Jono 2nd,S/A TEC,654,Salamandra,22,1.0742
19,Jono 2nd,S/A TEC,677,Hamburger Recipe,20,0.9766
19,Jono 2nd,S/A TEC,681,House of Adhesive Tape,16,0.7812
19,Jono 2nd,deck,4,Baby Dragon,8,0.3906
19,Jono 2nd,deck,9,Shadow Specter,8,0.3906
19,Jono 2nd,deck,12,Swamp Battleguard,72,3.5156
19,Jono 2nd,deck,14,Battle Steer,72,3.5156
19,Jono 2nd,deck,15,Flame Swordsman,72,3.5156
19,Jono 2nd,deck,16,Time Wizard,36,1.7578
19,Jono 2nd,deck,28,Rock Ogre Grotto #1,40,1.9531
19,Jono 2nd,deck,29,Mountain Warrior,36,1.7578
19,Jono 2nd,deck,40,Dragon Piper,36,1.7578
19,Jono 2nd,deck,43,Karbonala Warrior,72,3.5156
19,Jono 2nd,deck,51,Armored Lizard,72,3.5156
19,Jono 2nd,deck,61,Wolf,72,3.5156
19,Jono 2nd,deck,64,Tiger Axe,72,3.5156
19,Jono 2nd,deck,68,Garoozis,72,3.5156
19,Jono 2nd,deck,78,Axe Raider,72,3.5156
19,Jono 2nd,deck,82,Red-eyes B. Dragon,72,3.5156
19,Jono 2nd,deck,100,Battle Warrior,36,1.7578
19,Jono 2nd,deck,101,Wings of Wicked Flame,36,1.7578
19,Jono 2nd,deck,123,Dark Plant,8,0.3906
19,Jono 2nd,deck,133,Charubin the Fire Knight,36,1.7578
19,Jono 2nd,deck,167,Ancient Jar,8,0.3906
19,Jono 2nd,deck,176,Fire Eye,8,0.3906
19,Jono 2nd,deck,192,Key Mace,8,0.3906
19,Jono 2nd,deck,210,Hinotama Soul,8,0.3906
19,Jono 2nd,deck,289,Change Slime,8,0.3906
19,Jono 2nd,deck,291,Fireyarou,36,1.7578
19,Jono 2nd,deck,324,Invigoration,80,3.9062
19,Jono 2nd,deck,330,Forest,70,3.418
19,Jono 2nd,deck,331,Wasteland,70,3.418
19,Jono 2nd,deck,332,Mountain,70,3.418
19,Jono 2nd,deck,333,Sogen,70,3.418
19,Jono 2nd,deck,334,Umi,70,3.418
19,Jono 2nd,deck,335,Yami,70,3.418
19,Jono 2nd,deck,347,Tremendous Fire,100,4.8828
19,Jono 2nd,deck,387,Mystic Lamp,8,0.3906
19,Jono 2nd,deck,389,Giltia the D. Knight,72,3.5156
19,Jono 2nd,deck,397,Leghul,8,0.3906
19,Jono 2nd,deck,402,Monster Eye,8,0.3906
19,Jono 2nd,deck,411,Bat,8,0.3906
19,Jono 2nd,deck,428,Magician of Faith,8,0.3906
19,Jono 2nd,deck,469,Armed Ninja,8,0.3906
19,Jono 2nd,deck,473,Vermillion Sparrow,36,1.7578
19,Jono 2nd,deck,484,Ameba,8,0.3906
19,Jono 2nd,deck,504,Fungi of the Musk,8,0.3906
19,Jono 2nd,deck,547,Griggle,8,0.3906
19,Jono 2nd,deck,548,Bone Mouse,8,0.3906
19,Jono 2nd,deck,558,Pot the Trick,8,0.3906
19,Jono 2nd,deck,635,Queen's Double,8,0.3906
19,Jono 2nd,deck,644,Flame Viper,8,0.3906
19,Jono 2nd,deck,651,Kunai with Chain,80,3.9062
19,Jono 2nd,deck,654,Salamandra,80,3.9062
20,Teana 2nd,S/A POW,19,Right Arm of the Forbidden One,8,0.3906
20,Teana 2nd,S/A POW,24,Skull Servant,182,8.8867
20,Teana 2nd,S/A POW,58,Kuriboh,182,8.8867
20,Teana 2nd,S/A POW,167,Ancient Jar,182,8.8867
20,Teana 2nd,S/A POW,330,Forest,38,1.8555
20,Teana 2nd,S/A POW,393,Zone Eater,182,8.8867
20,Teana 2nd,S/A POW,395,Dancing Elf,182,8.8867
20,Teana 2nd,S/A POW,398,Ooguchi,182,8.8867
20,Teana 2nd,S/A POW,399,Swordsman from a Foreign Land,182,8.8867
20,Teana 2nd,S/A POW,402,Monster Eye,182,8.8867
20,Teana 2nd,S/A POW,469,Armed Ninja,182,8.8867
20,Teana 2nd,S/A POW,475,Sinister Serpent,182,8.8867
20,Teana 2nd,S/A POW,527,Milus Radiant,182,8.8867
20,Teana 2nd,B/C/D,19,Right Arm of the Forbidden One,8,0.3906
20,Teana 2nd,B/C/D,24,Skull Servant,182,8.8867
20,Teana 2nd,B/C/D,58,Kuriboh,182,8.8867
20,Teana 2nd,B/C/D,167,Ancient Jar,182,8.8867
20,Teana 2nd,B/C/D,330,Forest,38,1.8555
20,Teana 2nd,B/C/D,393,Zone Eater,182,8.8867
20,Teana 2nd,B/C/D,395,Dancing Elf,182,8.8867
20,Teana 2nd,B/C/D,398,Ooguchi,182,8.8867
20,Teana 2nd,B/C/D,399,Swordsman from a Foreign Land,182,8.8867
20,Teana 2nd,B/C/D,402,Monster Eye,182,8.8867
20,Teana 2nd,B/C/D,469,Armed Ninja,182,8.8867
20,Teana 2nd,B/C/D,475,Sinister Serpent,182,8.8867
20,Teana 2nd,B/C/D,527,Milus Radiant,182,8.8867
20,Teana 2nd,S/A TEC,19,Right Arm of the Forbidden One,6,0.293
20,Teana 2nd,S/A TEC,24,Skull Servant,172,8.3984
20,Teana 2nd,S/A TEC,58,Kuriboh,172,8.3984
20,Teana 2nd,S/A TEC,167,Ancient Jar,172,8.3984
20,Teana 2nd,S/A TEC,302,Sword of Dark Destruction,18,0.8789
20,Teana 2nd,S/A TEC,312,Silver Bow and Arrow,18,0.8789
20,Teana 2nd,S/A TEC,330,Forest,30,1.4648
20,Teana 2nd,S/A TEC,336,Dark Hole,16,0.7812
20,Teana 2nd,S/A TEC,345,Final Flame,18,0.8789
20,Teana 2nd,S/A TEC,350,Dark-piercing Light,32,1.5625
20,Teana 2nd,S/A TEC,393,Zone Eater,172,8.3984
20,Teana 2nd,S/A TEC,395,Dancing Elf,172,8.3984
20,Teana 2nd,S/A TEC,398,Ooguchi,172,8.3984
20,Teana 2nd,S/A TEC,399,Swordsman from a Foreign Land,172,8.3984
20,Teana 2nd,S/A TEC,402,Monster Eye,172,8.3984
20,Teana 2nd,S/A TEC,469,Armed Ninja,172,8.3984
20,Teana 2nd,S/A TEC,475,Sinister Serpent,172,8.3984
20,Teana 2nd,S/A TEC,527,Milus Radiant,172,8.3984
20,Teana 2nd,S/A TEC,681,House of Adhesive Tape,16,0.7812
20,Teana 2nd,S/A TEC,699,Revival of Skeleton Rider,2,0.0977
20,Teana 2nd,deck,24,Skull Servant,32,1.5625
20,Teana 2nd,deck,58,Kuriboh,32,1.5625
20,Teana 2nd,deck,90,Gyakutenno Megami,80,3.9062
20,Teana 2nd,deck,109,Goddess with the Third Eye,48,2.3438
20,Teana 2nd,deck,111,Doma The Angel of Silence,80,3.9062
20,Teana 2nd,deck,126,Orion the Battle King,48,2.3438
20,Teana 2nd,deck,130,Weather Control,48,2.3438
20,Teana 2nd,deck,134,Mystical Capture Chain,48,2.3438
20,Teana 2nd,deck,170,Spirit of the Harp,48,2.3438
20,Teana 2nd,deck,192,Key Mace,32,1.5625
20,Teana 2nd,deck,198,Happy Lover,48,2.3438
20,Teana 2nd,deck,208,Petit Angel,48,2.3438
20,Teana 2nd,deck,229,Hourglass of Life,48,2.3438
20,Teana 2nd,deck,260,Lunar Queen Elzaim,48,2.3438
20,Teana 2nd,deck,264,Wing Egg Elf,48,2.3438
20,Teana 2nd,deck,276,Ray & Temperature,48,2.3438
20,Teana 2nd,deck,312,Silver Bow and Arrow,80,3.9062
20,Teana 2nd,deck,320,Stop Defense,48,2.3438
20,Teana 2nd,deck,321,Malevolent Nuzzler,80,3.9062
20,Teana 2nd,deck,330,Forest,48,2.3438
20,Teana 2nd,deck,331,Wasteland,48,2.3438
20,Teana 2nd,deck,332,Mountain,48,2.3438
20,Teana 2nd,deck,333,Sogen,48,2.3438
20,Teana 2nd,deck,334,Umi,48,2.3438
20,Teana 2nd,deck,335,Yami,48,2.3438
20,Teana 2nd,deck,393,Zone Eater,32,1.5625
20,Teana 2nd,deck,395,Dancing Elf,32,1.5625
20,Teana 2nd,deck,396,Ocubeam,80,3.9062
20,Teana 2nd,deck,399,Swordsman from a Foreign Land,32,1.5625
20,Teana 2nd,deck,429,Goddess of Whim,48,2.3438
20,Teana 2nd,deck,492,Hoshiningen,48,2.3438
20,Teana 2nd,deck,540,Skelengel,48,2.3438
20,Teana 2nd,deck,582,Dark Witch,48,2.3438
20,Teana 2nd,deck,584,Binding Chain,48,2.3438
20,Teana 2nd,deck,592,Muse-A,48,2.3438
20,Teana 2nd,deck,601,Tenderness,48,2.3438
20,Teana 2nd,deck,608,Shining Friendship,48,2.3438
20,Teana 2nd,deck,616,Hourglass of Courage,48,2.3438
20,Teana 2nd,deck,633,Winged Egg of New Life,80,3.9062
20,Teana 2nd,deck,659,Winged Trumpeter,80,3.9062
21,Ocean Mage,S/A POW,5,Ryu-kishin,12,0.5859
21,Ocean Mage,S/A POW,8,Mushroom Man,12,0.5859
21,Ocean Mage,S/A POW,20,Left Arm of the Forbidden One,6,0.293
21,Ocean Mage,S/A POW,29,Mountain Warrior,12,0.5859
21,Ocean Mage,S/A POW,45,Oscillo Hero #2,12,0.5859
21,Ocean Mage,S/A POW,48,Sangan,12,0.5859
21,Ocean Mage,S/A POW,50,Basic Insect,12,0.5859
21,Ocean Mage,S/A POW,70,Fiend Kraken,52,2.5391
21,Ocean Mage,S/A POW,71,Jellyfish,52,2.5391
21,Ocean Mage,S/A POW,73,Kairyu-shin,52,2.5391
21,Ocean Mage,S/A POW,77,Grappler,24,1.1719
21,Ocean Mage,S/A POW,89,Catapult Turtle,24,1.1719
21,Ocean Mage,S/A POW,96,Armored Zombie,12,0.5859
21,Ocean Mage,S/A POW,97,Dragon Zombie,12,0.5859
21,Ocean Mage,S/A POW,98,Clown Zombie,12,0.5859
21,Ocean Mage,S/A POW,101,Wings of Wicked Flame,12,0.5859
21,Ocean Mage,S/A POW,107,Kageningen,12,0.5859
21,Ocean Mage,S/A POW,108,Graveyard and the Hand of Invitation,12,0.5859
21,Ocean Mage,S/A POW,122,Yamatano Dragon Scroll,12,0.5859
21,Ocean Mage,S/A POW,129,Nemuriko,12,0.5859
21,Ocean Mage,S/A POW,131,Octoberser,26,1.2695
21,Ocean Mage,S/A POW,134,Mystical Capture Chain,12,0.5859
21,Ocean Mage,S/A POW,135,Fiend's Hand,12,0.5859
21,Ocean Mage,S/A POW,139,Blue-eyed Silver Zombie,12,0.5859
21,Ocean Mage,S/A POW,140,Toad Master,24,1.1719
21,Ocean Mage,S/A POW,144,Djinn the Watcher of the Wind,12,0.5859
21,Ocean Mage,S/A POW,145,The Bewitching Phantom Thief,12,0.5859
21,Ocean Mage,S/A POW,147,Monster Egg,12,0.5859
21,Ocean Mage,S/A POW,148,The Shadow Who Controls the Dark,12,0.5859
21,Ocean Mage,S/A POW,150,Akihiron,26,1.2695
21,Ocean Mage,S/A POW,152,The Melting Red Shadow,34,1.6602
21,Ocean Mage,S/A POW,154,Fire Reaper,12,0.5859
21,Ocean Mage,S/A POW,156,Hard Armor,12,0.5859
21,Ocean Mage,S/A POW,157,Firegrass,12,0.5859
21,Ocean Mage,S/A POW,158,Man Eater,12,0.5859
21,Ocean Mage,S/A POW,159,Dig Beak,12,0.5859
21,Ocean Mage,S/A POW,160,M-warrior #1,12,0.5859
21,Ocean Mage,S/A POW,161,M-warrior #2,12,0.5859
21,Ocean Mage,S/A POW,173,Dark Prisoner,12,0.5859
21,Ocean Mage,S/A POW,176,Fire Eye,12,0.5859
21,Ocean Mage,S/A POW,177,Monsturtle,24,1.1719
21,Ocean Mage,S/A POW,179,Phantom Dewan,12,0.5859
21,Ocean Mage,S/A POW,182,Masked Clown,12,0.5859
21,Ocean Mage,S/A POW,183,Lucky Trinket,12,0.5859
21,Ocean Mage,S/A POW,184,Genin,12,0.5859
21,Ocean Mage,S/A POW,187,Gate Deeg,10,0.4883
21,Ocean Mage,S/A POW,189,Fusionist,10,0.4883
21,Ocean Mage,S/A POW,191,LaLa Li-oon,10,0.4883
21,Ocean Mage,S/A POW,193,Turtle Tiger,22,1.0742
21,Ocean Mage,S/A POW,195,Doron,10,0.4883
21,Ocean Mage,S/A POW,196,Arma Knight,22,1.0742
21,Ocean Mage,S/A POW,198,Happy Lover,10,0.4883
21,Ocean Mage,S/A POW,199,Penguin Knight,22,1.0742
21,Ocean Mage,S/A POW,200,Petit Dragon,10,0.4883
21,Ocean Mage,S/A POW,203,Phantom Ghost,10,0.4883
21,Ocean Mage,S/A POW,205,Dorover,22,1.0742
21,Ocean Mage,S/A POW,206,Twin Long Rods #1,34,1.6602
21,Ocean Mage,S/A POW,208,Petit Angel,10,0.4883
21,Ocean Mage,S/A POW,209,Winged Cleaver,10,0.4883
21,Ocean Mage,S/A POW,211,Kaminarikozou,10,0.4883
21,Ocean Mage,S/A POW,212,Meotoko,10,0.4883
21,Ocean Mage,S/A POW,214,Kagemusha of the Blue Flame,10,0.4883
21,Ocean Mage,S/A POW,218,Two-mouth Darkruler,10,0.4883
21,Ocean Mage,S/A POW,222,Midnight Fiend,10,0.4883
21,Ocean Mage,S/A POW,223,Roaring Ocean Snake,24,1.1719
21,Ocean Mage,S/A POW,224,Trap Master,10,0.4883
21,Ocean Mage,S/A POW,227,Hitodenchak,34,1.6602
21,Ocean Mage,S/A POW,229,Hourglass of Life,10,0.4883
21,Ocean Mage,S/A POW,230,Rare Fish,22,1.0742
21,Ocean Mage,S/A POW,232,Madjinn Gunn,10,0.4883
21,Ocean Mage,S/A POW,239,Vishwar Randi,10,0.4883
21,Ocean Mage,S/A POW,240,The Drdek,10,0.4883
21,Ocean Mage,S/A POW,242,Candle of Fate,10,0.4883
21,Ocean Mage,S/A POW,243,Water Element,34,1.6602
21,Ocean Mage,S/A POW,245,Meda Bat,10,0.4883
21,Ocean Mage,S/A POW,247,Root Water,22,1.0742
21,Ocean Mage,S/A POW,251,Enchanting Mermaid,22,1.0742
21,Ocean Mage,S/A POW,254,Embryonic Beast,10,0.4883
21,Ocean Mage,S/A POW,258,Beastking of the Swamps,22,1.0742
21,Ocean Mage,S/A POW,261,Wicked Mirror,10,0.4883
21,Ocean Mage,S/A POW,265,The Furious Sea King,34,1.6602
21,Ocean Mage,S/A POW,266,Princess of Tsurugi,10,0.4883
21,Ocean Mage,S/A POW,267,Unknown Warrior of Fiend,10,0.4883
21,Ocean Mage,S/A POW,268,Sectarian of Secrets,10,0.4883
21,Ocean Mage,S/A POW,270,Wetha,22,1.0742
21,Ocean Mage,S/A POW,271,Megirus Light,10,0.4883
21,Ocean Mage,S/A POW,277,Gorgon Egg,10,0.4883
21,Ocean Mage,S/A POW,285,Serpent Marauder,34,1.6602
21,Ocean Mage,S/A POW,292,Psychic Kappa,34,1.6602
21,Ocean Mage,S/A POW,334,Umi,30,1.4648
21,Ocean Mage,S/A POW,400,Emperor of the Land and Sea,24,1.1719
21,Ocean Mage,S/A POW,420,Cyber-Stein,10,0.4883
21,Ocean Mage,S/A POW,421,Cyber Commander,10,0.4883
21,Ocean Mage,S/A POW,432,Waterdragon Fairy,22,1.0742
21,Ocean Mage,S/A POW,442,Aqua Dragon,2,0.0977
21,Ocean Mage,S/A POW,443,Sea King Dragon,24,1.1719
21,Ocean Mage,S/A POW,446,Aqua Snake,22,1.0742
21,Ocean Mage,S/A POW,451,Kanikabuto,34,1.6602
21,Ocean Mage,S/A POW,452,Zarigun,34,1.6602
21,Ocean Mage,S/A POW,476,Ganigumo,10,0.4883
21,Ocean Mage,S/A POW,490,Needle Ball,10,0.4883
21,Ocean Mage,S/A POW,492,Hoshiningen,10,0.4883
21,Ocean Mage,S/A POW,503,Turtle Raccoon,34,1.6602
21,Ocean Mage,S/A POW,506,Gale Dogra,10,0.4883
21,Ocean Mage,S/A POW,510,Laughing Flower,10,0.4883
21,Ocean Mage,S/A POW,524,Star Boy,22,1.0742
21,Ocean Mage,S/A POW,534,Minar,10,0.4883
21,Ocean Mage,S/A POW,536,Mechaleon,34,1.6602
21,Ocean Mage,S/A POW,540,Skelengel,10,0.4883
21,Ocean Mage,S/A POW,544,Dharma Cannon,10,0.4883
21,Ocean Mage,S/A POW,549,Frog The Jam,34,1.6602
21,Ocean Mage,S/A POW,556,The Wandering Doomed,10,0.4883
21,Ocean Mage,S/A POW,569,Drooling Lizard,22,1.0742
21,Ocean Mage,S/A POW,590,Beaked Snake,22,1.0742
21,Ocean Mage,S/A POW,591,Morphing Jar,10,0.4883
21,Ocean Mage,S/A POW,602,Penguin Soldier,34,1.6602
21,Ocean Mage,S/A POW,604,Obese Marmot of Nefariousness,10,0.4883
21,Ocean Mage,S/A POW,605,Liquid Beast,22,1.0742
21,Ocean Mage,S/A POW,606,Twin Long Rods #2,34,1.6602
21,Ocean Mage,S/A POW,609,Bladefly,10,0.4883
21,Ocean Mage,B/C/D,5,Ryu-kishin,12,0.5859
21,Ocean Mage,B/C/D,8,Mushroom Man,12,0.5859
21,Ocean Mage,B/C/D,20,Left Arm of the Forbidden One,6,0.293
21,Ocean Mage,B/C/D,29,Mountain Warrior,12,0.5859
21,Ocean Mage,B/C/D,45,Oscillo Hero #2,12,0.5859
21,Ocean Mage,B/C/D,48,Sangan,12,0.5859
21,Ocean Mage,B/C/D,50,Basic Insect,12,0.5859
21,Ocean Mage,B/C/D,70,Fiend Kraken,56,2.7344
21,Ocean Mage,B/C/D,71,Jellyfish,56,2.7344
21,Ocean Mage,B/C/D,77,Grappler,24,1.1719
21,Ocean Mage,B/C/D,96,Armored Zombie,12,0.5859
21,Ocean Mage,B/C/D,97,Dragon Zombie,12,0.5859
21,Ocean Mage,B/C/D,98,Clown Zombie,12,0.5859
21,Ocean Mage,B/C/D,101,Wings of Wicked Flame,12,0.5859
21,Ocean Mage,B/C/D,107,Kageningen,12,0.5859
21,Ocean Mage,B/C/D,108,Graveyard and the Hand of Invitation,12,0.5859
21,Ocean Mage,B/C/D,122,Yamatano Dragon Scroll,12,0.5859
21,Ocean Mage,B/C/D,129,Nemuriko,12,0.5859
21,Ocean Mage,B/C/D,134,Mystical Capture Chain,12,0.5859
21,Ocean Mage,B/C/D,135,Fiend's Hand,12,0.5859
21,Ocean Mage,B/C/D,139,Blue-eyed Silver Zombie,12,0.5859
21,Ocean Mage,B/C/D,140,Toad Master,24,1.1719
21,Ocean Mage,B/C/D,144,Djinn the Watcher of the Wind,12,0.5859
21,Ocean Mage,B/C/D,145,The Bewitching Phantom Thief,12,0.5859
21,Ocean Mage,B/C/D,147,Monster Egg,12,0.5859
21,Ocean Mage,B/C/D,148,The Shadow Who Controls the Dark,12,0.5859
21,Ocean Mage,B/C/D,152,The Melting Red Shadow,38,1.8555
21,Ocean Mage,B/C/D,154,Fire Reaper,12,0.5859
21,Ocean Mage,B/C/D,156,Hard Armor,12,0.5859
21,Ocean Mage,B/C/D,157,Firegrass,12,0.5859
21,Ocean Mage,B/C/D,158,Man Eater,12,0.5859
21,Ocean Mage,B/C/D,159,Dig Beak,12,0.5859
21,Ocean Mage,B/C/D,160,M-warrior #1,12,0.5859
21,Ocean Mage,B/C/D,161,M-warrior #2,12,0.5859
21,Ocean Mage,B/C/D,173,Dark Prisoner,12,0.5859
21,Ocean Mage,B/C/D,176,Fire Eye,12,0.5859
21,Ocean Mage,B/C/D,177,Monsturtle,24,1.1719
21,Ocean Mage,B/C/D,179,Phantom Dewan,12,0.5859
21,Ocean Mage,B/C/D,182,Masked Clown,12,0.5859
21,Ocean Mage,B/C/D,183,Lucky Trinket,12,0.5859
21,Ocean Mage,B/C/D,184,Genin,12,0.5859
21,Ocean Mage,B/C/D,187,Gate Deeg,12,0.5859
21,Ocean Mage,B/C/D,189,Fusionist,12,0.5859
21,Ocean Mage,B/C/D,191,LaLa Li-oon,12,0.5859
21,Ocean Mage,B/C/D,193,Turtle Tiger,24,1.1719
21,Ocean Mage,B/C/D,195,Doron,12,0.5859
21,Ocean Mage,B/C/D,196,Arma Knight,24,1.1719
21,Ocean Mage,B/C/D,198,Happy Lover,12,0.5859
21,Ocean Mage,B/C/D,199,Penguin Knight,24,1.1719
21,Ocean Mage,B/C/D,200,Petit Dragon,12,0.5859
21,Ocean Mage,B/C/D,203,Phantom Ghost,12,0.5859
21,Ocean Mage,B/C/D,205,Dorover,24,1.1719
21,Ocean Mage,B/C/D,206,Twin Long Rods #1,38,1.8555
21,Ocean Mage,B/C/D,208,Petit Angel,12,0.5859
21,Ocean Mage,B/C/D,209,Winged Cleaver,12,0.5859
21,Ocean Mage,B/C/D,211,Kaminarikozou,12,0.5859
21,Ocean Mage,B/C/D,212,Meotoko,12,0.5859
21,Ocean Mage,B/C/D,214,Kagemusha of the Blue Flame,12,0.5859
21,Ocean Mage,B/C/D,218,Two-mouth Darkruler,12,0.5859
21,Ocean Mage,B/C/D,222,Midnight Fiend,12,0.5859
21,Ocean Mage,B/C/D,224,Trap Master,12,0.5859
21,Ocean Mage,B/C/D,227,Hitodenchak,38,1.8555
21,Ocean Mage,B/C/D,229,Hourglass of Life,12,0.5859
21,Ocean Mage,B/C/D,230,Rare Fish,24,1.1719
21,Ocean Mage,B/C/D,232,Madjinn Gunn,12,0.5859
21,Ocean Mage,B/C/D,239,Vishwar Randi,12,0.5859
21,Ocean Mage,B/C/D,240,The Drdek,12,0.5859
21,Ocean Mage,B/C/D,242,Candle of Fate,12,0.5859
21,Ocean Mage,B/C/D,243,Water Element,40,1.9531
21,Ocean Mage,B/C/D,245,Meda Bat,12,0.5859
21,Ocean Mage,B/C/D,247,Root Water,24,1.1719
21,Ocean Mage,B/C/D,251,Enchanting Mermaid,24,1.1719
21,Ocean Mage,B/C/D,254,Embryonic Beast,12,0.5859
21,Ocean Mage,B/C/D,258,Beastking of the Swamps,24,1.1719
21,Ocean Mage,B/C/D,261,Wicked Mirror,12,0.5859
21,Ocean Mage,B/C/D,265,The Furious Sea King,40,1.9531
21,Ocean Mage,B/C/D,266,Princess of Tsurugi,12,0.5859
21,Ocean Mage,B/C/D,267,Unknown Warrior of Fiend,12,0.5859
21,Ocean Mage,B/C/D,268,Sectarian of Secrets,12,0.5859
21,Ocean Mage,B/C/D,270,Wetha,24,1.1719
21,Ocean Mage,B/C/D,271,Megirus Light,12,0.5859
21,Ocean Mage,B/C/D,277,Gorgon Egg,12,0.5859
21,Ocean Mage,B/C/D,285,Serpent Marauder,40,1.9531
21,Ocean Mage,B/C/D,292,Psychic Kappa,40,1.9531
21,Ocean Mage,B/C/D,334,Umi,30,1.4648
21,Ocean Mage,B/C/D,420,Cyber-Stein,12,0.5859
21,Ocean Mage,B/C/D,421,Cyber Commander,12,0.5859
21,Ocean Mage,B/C/D,432,Waterdragon Fairy,24,1.1719
21,Ocean Mage,B/C/D,446,Aqua Snake,26,1.2695
21,Ocean Mage,B/C/D,451,Kanikabuto,40,1.9531
21,Ocean Mage,B/C/D,452,Zarigun,40,1.9531
21,Ocean Mage,B/C/D,476,Ganigumo,12,0.5859
21,Ocean Mage,B/C/D,490,Needle Ball,12,0.5859
21,Ocean Mage,B/C/D,492,Hoshiningen,12,0.5859
21,Ocean Mage,B/C/D,503,Turtle Raccoon,40,1.9531
21,Ocean Mage,B/C/D,506,Gale Dogra,12,0.5859
21,Ocean Mage,B/C/D,510,Laughing Flower,12,0.5859
21,Ocean Mage,B/C/D,524,Star Boy,24,1.1719
21,Ocean Mage,B/C/D,534,Minar,12,0.5859
21,Ocean Mage,B/C/D,536,Mechaleon,40,1.9531
21,Ocean Mage,B/C/D,540,Skelengel,12,0.5859
21,Ocean Mage,B/C/D,544,Dharma Cannon,12,0.5859
21,Ocean Mage,B/C/D,549,Frog The Jam,40,1.9531
21,Ocean Mage,B/C/D,556,The Wandering Doomed,12,0.5859
21,Ocean Mage,B/C/D,569,Drooling Lizard,24,1.1719
21,Ocean Mage,B/C/D,590,Beaked Snake,24,1.1719
21,Ocean Mage,B/C/D,591,Morphing Jar,12,0.5859
21,Ocean Mage,B/C/D,602,Penguin Soldier,40,1.9531
21,Ocean Mage,B/C/D,604,Obese Marmot of Nefariousness,12,0.5859
21,Ocean Mage,B/C/D,605,Liquid Beast,24,1.1719
21,Ocean Mage,B/C/D,606,Twin Long Rods #2,40,1.9531
21,Ocean Mage,B/C/D,609,Bladefly,12,0.5859
21,Ocean Mage,S/A TEC,5,Ryu-kishin,12,0.5859
21,Ocean Mage,S/A TEC,8,Mushroom Man,12,0.5859
21,Ocean Mage,S/A TEC,20,Left Arm of the Forbidden One,6,0.293
21,Ocean Mage,S/A TEC,29,Mountain Warrior,12,0.5859
21,Ocean Mage,S/A TEC,45,Oscillo Hero #2,12,0.5859
21,Ocean Mage,S/A TEC,48,Sangan,12,0.5859
21,Ocean Mage,S/A TEC,50,Basic Insect,12,0.5859
21,Ocean Mage,S/A TEC,70,Fiend Kraken,50,2.4414
21,Ocean Mage,S/A TEC,71,Jellyfish,50,2.4414
21,Ocean Mage,S/A TEC,77,Grappler,22,1.0742
21,Ocean Mage,S/A TEC,96,Armored Zombie,12,0.5859
21,Ocean Mage,S/A TEC,97,Dragon Zombie,12,0.5859
21,Ocean Mage,S/A TEC,98,Clown Zombie,12,0.5859
21,Ocean Mage,S/A TEC,101,Wings of Wicked Flame,12,0.5859
21,Ocean Mage,S/A TEC,107,Kageningen,12,0.5859
21,Ocean Mage,S/A TEC,108,Graveyard and the Hand of Invitation,12,0.5859
21,Ocean Mage,S/A TEC,122,Yamatano Dragon Scroll,12,0.5859
21,Ocean Mage,S/A TEC,129,Nemuriko,12,0.5859
21,Ocean Mage,S/A TEC,134,Mystical Capture Chain,12,0.5859
21,Ocean Mage,S/A TEC,135,Fiend's Hand,12,0.5859
21,Ocean Mage,S/A TEC,139,Blue-eyed Silver Zombie,12,0.5859
21,Ocean Mage,S/A TEC,140,Toad Master,22,1.0742
21,Ocean Mage,S/A TEC,144,Djinn the Watcher of the Wind,12,0.5859
21,Ocean Mage,S/A TEC,145,The Bewitching Phantom Thief,12,0.5859
21,Ocean Mage,S/A TEC,147,Monster Egg,12,0.5859
21,Ocean Mage,S/A TEC,148,The Shadow Who Controls the Dark,12,0.5859
21,Ocean Mage,S/A TEC,152,The Melting Red Shadow,36,1.7578
21,Ocean Mage,S/A TEC,154,Fire Reaper,12,0.5859
21,Ocean Mage,S/A TEC,156,Hard Armor,12,0.5859
21,Ocean Mage,S/A TEC,157,Firegrass,12,0.5859
21,Ocean Mage,S/A TEC,158,Man Eater,12,0.5859
21,Ocean Mage,S/A TEC,159,Dig Beak,12,0.5859
21,Ocean Mage,S/A TEC,160,M-warrior #1,12,0.5859
21,Ocean Mage,S/A TEC,161,M-warrior #2,12,0.5859
21,Ocean Mage,S/A TEC,173,Dark Prisoner,12,0.5859
21,Ocean Mage,S/A TEC,176,Fire Eye,12,0.5859
21,Ocean Mage,S/A TEC,177,Monsturtle,22,1.0742
21,Ocean Mage,S/A TEC,179,Phantom Dewan,12,0.5859
21,Ocean Mage,S/A TEC,182,Masked Clown,12,0.5859
21,Ocean Mage,S/A TEC,183,Lucky Trinket,12,0.5859
21,Ocean Mage,S/A TEC,184,Genin,12,0.5859
21,Ocean Mage,S/A TEC,187,Gate Deeg,10,0.4883
21,Ocean Mage,S/A TEC,189,Fusionist,10,0.4883
21,Ocean Mage,S/A TEC,191,LaLa Li-oon,10,0.4883
21,Ocean Mage,S/A TEC,193,Turtle Tiger,20,0.9766
21,Ocean Mage,S/A TEC,195,Doron,10,0.4883
21,Ocean Mage,S/A TEC,196,Arma Knight,20,0.9766
21,Ocean Mage,S/A TEC,198,Happy Lover,10,0.4883
21,Ocean Mage,S/A TEC,199,Penguin Knight,20,0.9766
21,Ocean Mage,S/A TEC,200,Petit Dragon,10,0.4883
21,Ocean Mage,S/A TEC,203,Phantom Ghost,10,0.4883
21,Ocean Mage,S/A TEC,205,Dorover,20,0.9766
21,Ocean Mage,S/A TEC,206,Twin Long Rods #1,34,1.6602
21,Ocean Mage,S/A TEC,208,Petit Angel,10,0.4883
21,Ocean Mage,S/A TEC,209,Winged Cleaver,10,0.4883
21,Ocean Mage,S/A TEC,211,Kaminarikozou,10,0.4883
21,Ocean Mage,S/A TEC,212,Meotoko,10,0.4883
21,Ocean Mage,S/A TEC,214,Kagemusha of the Blue Flame,10,0.4883
21,Ocean Mage,S/A TEC,218,Two-mouth Darkruler,10,0.4883
21,Ocean Mage,S/A TEC,222,Midnight Fiend,10,0.4883
21,Ocean Mage,S/A TEC,224,Trap Master,10,0.4883
21,Ocean Mage,S/A TEC,227,Hitodenchak,34,1.6602
21,Ocean Mage,S/A TEC,229,Hourglass of Life,10,0.4883
21,Ocean Mage,S/A TEC,230,Rare Fish,20,0.9766
21,Ocean Mage,S/A TEC,232,Madjinn Gunn,10,0.4883
21,Ocean Mage,S/A TEC,239,Vishwar Randi,10,0.4883
21,Ocean Mage,S/A TEC,240,The Drdek,10,0.4883
21,Ocean Mage,S/A TEC,242,Candle of Fate,10,0.4883
21,Ocean Mage,S/A TEC,243,Water Element,34,1.6602
21,Ocean Mage,S/A TEC,245,Meda Bat,10,0.4883
21,Ocean Mage,S/A TEC,247,Root Water,20,0.9766
21,Ocean Mage,S/A TEC,251,Enchanting Mermaid,20,0.9766
21,Ocean Mage,S/A TEC,254,Embryonic Beast,10,0.4883
21,Ocean Mage,S/A TEC,258,Beastking of the Swamps,20,0.9766
21,Ocean Mage,S/A TEC,261,Wicked Mirror,10,0.4883
21,Ocean Mage,S/A TEC,265,The Furious Sea King,34,1.6602
21,Ocean Mage,S/A TEC,266,Princess of Tsurugi,10,0.4883
21,Ocean Mage,S/A TEC,267,Unknown Warrior of Fiend,10,0.4883
21,Ocean Mage,S/A TEC,268,Sectarian of Secrets,10,0.4883
21,Ocean Mage,S/A TEC,270,Wetha,20,0.9766
21,Ocean Mage,S/A TEC,271,Megirus Light,10,0.4883
21,Ocean Mage,S/A TEC,277,Gorgon Egg,10,0.4883
21,Ocean Mage,S/A TEC,285,Serpent Marauder,34,1.6602
21,Ocean Mage,S/A TEC,292,Psychic Kappa,34,1.6602
21,Ocean Mage,S/A TEC,308,Beast Fangs,24,1.1719
21,Ocean Mage,S/A TEC,309,Steel Shell,24,1.1719
21,Ocean Mage,S/A TEC,324,Invigoration,24,1.1719
21,Ocean Mage,S/A TEC,328,Power of Kaishin,24,1.1719
21,Ocean Mage,S/A TEC,334,Umi,30,1.4648
21,Ocean Mage,S/A TEC,337,Raigeki,36,1.7578
21,Ocean Mage,S/A TEC,346,Ookazi,24,1.1719
21,Ocean Mage,S/A TEC,420,Cyber-Stein,10,0.4883
21,Ocean Mage,S/A TEC,421,Cyber Commander,10,0.4883
21,Ocean Mage,S/A TEC,432,Waterdragon Fairy,20,0.9766
21,Ocean Mage,S/A TEC,446,Aqua Snake,20,0.9766
21,Ocean Mage,S/A TEC,451,Kanikabuto,34,1.6602
21,Ocean Mage,S/A TEC,452,Zarigun,34,1.6602
21,Ocean Mage,S/A TEC,476,Ganigumo,10,0.4883
21,Ocean Mage,S/A TEC,490,Needle Ball,10,0.4883
21,Ocean Mage,S/A TEC,492,Hoshiningen,10,0.4883
21,Ocean Mage,S/A TEC,503,Turtle Raccoon,34,1.6602
21,Ocean Mage,S/A TEC,506,Gale Dogra,10,0.4883
21,Ocean Mage,S/A TEC,510,Laughing Flower,10,0.4883
21,Ocean Mage,S/A TEC,524,Star Boy,20,0.9766
21,Ocean Mage,S/A TEC,534,Minar,10,0.4883
21,Ocean Mage,S/A TEC,536,Mechaleon,34,1.6602
21,Ocean Mage,S/A TEC,540,Skelengel,10,0.4883
21,Ocean Mage,S/A TEC,544,Dharma Cannon,10,0.4883
21,Ocean Mage,S/A TEC,549,Frog The Jam,34,1.6602
21,Ocean Mage,S/A TEC,556,The Wandering Doomed,10,0.4883
21,Ocean Mage,S/A TEC,569,Drooling Lizard,20,0.9766
21,Ocean Mage,S/A TEC,590,Beaked Snake,20,0.9766
21,Ocean Mage,S/A TEC,591,Morphing Jar,10,0.4883
21,Ocean Mage,S/A TEC,602,Penguin Soldier,34,1.6602
21,Ocean Mage,S/A TEC,604,Obese Marmot of Nefariousness,10,0.4883
21,Ocean Mage,S/A TEC,605,Liquid Beast,20,0.9766
21,Ocean Mage,S/A TEC,606,Twin Long Rods #2,34,1.6602
21,Ocean Mage,S/A TEC,609,Bladefly,10,0.4883
21,Ocean Mage,S/A TEC,664,Eternal Draught,24,1.1719
21,Ocean Mage,S/A TEC,682,Eatgaboon,20,0.9766
21,Ocean Mage,S/A TEC,683,Bear Trap,20,0.9766
21,Ocean Mage,S/A TEC,687,Goblin Fan,20,0.9766
21,Ocean Mage,deck,51,Armored Lizard,16,0.7812
21,Ocean Mage,deck,60,Great White,8,0.3906
21,Ocean Mage,deck,70,Fiend Kraken,8,0.3906
21,Ocean Mage,deck,71,Jellyfish,8,0.3906
21,Ocean Mage,deck,73,Kairyu-shin,48,2.3438
21,Ocean Mage,deck,76,Krokodilus,8,0.3906
21,Ocean Mage,deck,77,Grappler,8,0.3906
21,Ocean Mage,deck,89,Catapult Turtle,40,1.9531
21,Ocean Mage,deck,131,Octoberser,48,2.3438
21,Ocean Mage,deck,140,Toad Master,8,0.3906
21,Ocean Mage,deck,150,Akihiron,48,2.3438
21,Ocean Mage,deck,177,Monsturtle,2,0.0977
21,Ocean Mage,deck,193,Turtle Tiger,8,0.3906
21,Ocean Mage,deck,196,Arma Knight,8,0.3906
21,Ocean Mage,deck,199,Penguin Knight,2,0.0977
21,Ocean Mage,deck,205,Dorover,2,0.0977
21,Ocean Mage,deck,206,Twin Long Rods #1,2,0.0977
21,Ocean Mage,deck,223,Roaring Ocean Snake,48,2.3438
21,Ocean Mage,deck,230,Rare Fish,16,0.7812
21,Ocean Mage,deck,243,Water Element,2,0.0977
21,Ocean Mage,deck,247,Root Water,2,0.0977
21,Ocean Mage,deck,249,Water Omotics,16,0.7812
21,Ocean Mage,deck,251,Enchanting Mermaid,8,0.3906
21,Ocean Mage,deck,258,Beastking of the Swamps,8,0.3906
21,Ocean Mage,deck,270,Wetha,2,0.0977
21,Ocean Mage,deck,334,Umi,160,7.8125
21,Ocean Mage,deck,348,Swords of Revealing Light,48,2.3438
21,Ocean Mage,deck,353,Takriminos,16,0.7812
21,Ocean Mage,deck,361,Flying Penguin,8,0.3906
21,Ocean Mage,deck,381,Toon Alligator,8,0.3906
21,Ocean Mage,deck,400,Emperor of the Land and Sea,48,2.3438
21,Ocean Mage,deck,425,Thunder Dragon,48,2.3438
21,Ocean Mage,deck,430,Water Magician,8,0.3906
21,Ocean Mage,deck,431,Ice Water,8,0.3906
21,Ocean Mage,deck,432,Waterdragon Fairy,2,0.0977
21,Ocean Mage,deck,435,Water Girl,8,0.3906
21,Ocean Mage,deck,436,White Dolphin,48,2.3438
21,Ocean Mage,deck,437,Deepsea Shark,48,2.3438
21,Ocean Mage,deck,439,Bottom Dweller,48,2.3438
21,Ocean Mage,deck,440,7 Colored Fish,16,0.7812
21,Ocean Mage,deck,441,Mech Bass,48,2.3438
21,Ocean Mage,deck,443,Sea King Dragon,48,2.3438
21,Ocean Mage,deck,445,Guardian of the Sea,8,0.3906
21,Ocean Mage,deck,446,Aqua Snake,2,0.0977
21,Ocean Mage,deck,447,Giant Red Seasnake,16,0.7812
21,Ocean Mage,deck,448,Spike Seadra,16,0.7812
21,Ocean Mage,deck,449,"30,000-Year White Turtle",48,2.3438
21,Ocean Mage,deck,450,Kappa Avenger,8,0.3906
21,Ocean Mage,deck,458,Kaminari Attack,48,2.3438
21,Ocean Mage,deck,459,Tripwire Beast,8,0.3906
21,Ocean Mage,deck,460,Bolt Escargot,16,0.7812
21,Ocean Mage,deck,461,Bolt Penguin,8,0.3906
21,Ocean Mage,deck,462,The Immortal of Thunder,16,0.7812
21,Ocean Mage,deck,463,Electric Snake,6,0.293
21,Ocean Mage,deck,474,Sea Kamen,8,0.3906
21,Ocean Mage,deck,494,Rainbow Marine Mermaid,48,2.3438
21,Ocean Mage,deck,497,Yado Karu,16,0.7812
21,Ocean Mage,deck,503,Turtle Raccoon,8,0.3906
21,Ocean Mage,deck,507,Crazy Fish,16,0.7812
21,Ocean Mage,deck,518,Boulder Tortoise,48,2.3438
21,Ocean Mage,deck,519,Fire Kraken,48,2.3438
21,Ocean Mage,deck,520,Turtle Bird,48,2.3438
21,Ocean Mage,deck,542,Misairuzame,48,2.3438
21,Ocean Mage,deck,543,Tongyo,8,0.3906
21,Ocean Mage,deck,546,Wow Warrior,8,0.3906
21,Ocean Mage,deck,550,Behegon,8,0.3906
21,Ocean Mage,deck,565,Man-eating Black Shark,48,2.3438
21,Ocean Mage,deck,566,Yormungarde,8,0.3906
21,Ocean Mage,deck,569,Drooling Lizard,8,0.3906
21,Ocean Mage,deck,583,Weather Report,8,0.3906
21,Ocean Mage,deck,590,Beaked Snake,8,0.3906
21,Ocean Mage,deck,593,Giant Turtle Who Feeds on Flames,48,2.3438
21,Ocean Mage,deck,599,Violent Rain,8,0.3906
21,Ocean Mage,deck,605,Liquid Beast,8,0.3906
21,Ocean Mage,deck,610,Electric Lizard,48,2.3438
21,Ocean Mage,deck,615,Armored Starfish,8,0.3906
21,Ocean Mage,deck,617,Marine Beast,48,2.3438
21,Ocean Mage,deck,624,High Tide Gyojin,16,0.7812
21,Ocean Mage,deck,625,Fairy of the Fountain,16,0.7812
21,Ocean Mage,deck,626,Amazon of the Seas,16,0.7812
21,Ocean Mage,deck,630,Ancient Lizard Warrior,8,0.3906
21,Ocean Mage,deck,634,Night Lizard,8,0.3906
21,Ocean Mage,deck,639,Amphibious Bugroth,48,2.3438
21,Ocean Mage,deck,646,Gruesome Goo,8,0.3906
21,Ocean Mage,deck,647,Hyosube,8,0.3906
21,Ocean Mage,deck,664,Eternal Draught,120,5.8594
21,Ocean Mage,deck,700,Fortress Whale's Oath,48,2.3438
22,High Mage Secmeton,S/A POW,2,Mystical Elf,25,1.2207
22,High Mage Secmeton,S/A POW,12,Swamp Battleguard,25,1.2207
22,High Mage Secmeton,S/A POW,14,Battle Steer,25,1.2207
22,High Mage Secmeton,S/A POW,15,Flame Swordsman,25,1.2207
22,High Mage Secmeton,S/A POW,20,Left Arm of the Forbidden One,6,0.293
22,High Mage Secmeton,S/A POW,34,Saggi the Dark Clown,25,1.2207
22,High Mage Secmeton,S/A POW,42,Illusionist Faceless Mage,52,2.5391
22,High Mage Secmeton,S/A POW,44,Rogue Doll,25,1.2207
22,High Mage Secmeton,S/A POW,68,Garoozis,25,1.2207
22,High Mage Secmeton,S/A POW,73,Kairyu-shin,25,1.2207
22,High Mage Secmeton,S/A POW,74,Giant Soldier of Stone,25,1.2207
22,High Mage Secmeton,S/A POW,84,Reaper of the Cards,25,1.2207
22,High Mage Secmeton,S/A POW,87,Dark Chimera,25,1.2207
22,High Mage Secmeton,S/A POW,88,Metal Guardian,25,1.2207
22,High Mage Secmeton,S/A POW,89,Catapult Turtle,25,1.2207
22,High Mage Secmeton,S/A POW,90,Gyakutenno Megami,25,1.2207
22,High Mage Secmeton,S/A POW,93,Zanki,25,1.2207
22,High Mage Secmeton,S/A POW,104,Curtain of the Dark Ones,25,1.2207
22,High Mage Secmeton,S/A POW,106,Spirit of the Winds,52,2.5391
22,High Mage Secmeton,S/A POW,109,Goddess with the Third Eye,25,1.2207
22,High Mage Secmeton,S/A POW,114,White Magical Hat,25,1.2207
22,High Mage Secmeton,S/A POW,115,Kamion Wizard,25,1.2207
22,High Mage Secmeton,S/A POW,124,Ancient Tool,25,1.2207
22,High Mage Secmeton,S/A POW,126,Orion the Battle King,52,2.5391
22,High Mage Secmeton,S/A POW,129,Nemuriko,25,1.2207
22,High Mage Secmeton,S/A POW,130,Weather Control,25,1.2207
22,High Mage Secmeton,S/A POW,131,Octoberser,25,1.2207
22,High Mage Secmeton,S/A POW,134,Mystical Capture Chain,25,1.2207
22,High Mage Secmeton,S/A POW,142,Flame Manipulator,25,1.2207
22,High Mage Secmeton,S/A POW,143,Necrolancer the Timelord,25,1.2207
22,High Mage Secmeton,S/A POW,144,Djinn the Watcher of the Wind,25,1.2207
22,High Mage Secmeton,S/A POW,145,The Bewitching Phantom Thief,25,1.2207
22,High Mage Secmeton,S/A POW,150,Akihiron,25,1.2207
22,High Mage Secmeton,S/A POW,170,Spirit of the Harp,25,1.2207
22,High Mage Secmeton,S/A POW,174,Hurricail,25,1.2207
22,High Mage Secmeton,S/A POW,179,Phantom Dewan,25,1.2207
22,High Mage Secmeton,S/A POW,183,Lucky Trinket,25,1.2207
22,High Mage Secmeton,S/A POW,184,Genin,25,1.2207
22,High Mage Secmeton,S/A POW,190,Akakieisu,25,1.2207
22,High Mage Secmeton,S/A POW,198,Happy Lover,25,1.2207
22,High Mage Secmeton,S/A POW,204,Mabarrel,25,1.2207
22,High Mage Secmeton,S/A POW,208,Petit Angel,25,1.2207
22,High Mage Secmeton,S/A POW,213,Aqua Madoor,52,2.5391
22,High Mage Secmeton,S/A POW,220,Masked Sorcerer,25,1.2207
22,High Mage Secmeton,S/A POW,229,Hourglass of Life,25,1.2207
22,High Mage Secmeton,S/A POW,253,Angelwitch,25,1.2207
22,High Mage Secmeton,S/A POW,259,Ancient Sorcerer,25,1.2207
22,High Mage Secmeton,S/A POW,260,Lunar Queen Elzaim,25,1.2207
22,High Mage Secmeton,S/A POW,264,Wing Egg Elf,25,1.2207
22,High Mage Secmeton,S/A POW,268,Sectarian of Secrets,25,1.2207
22,High Mage Secmeton,S/A POW,276,Ray & Temperature,25,1.2207
22,High Mage Secmeton,S/A POW,286,Gatekeeper,25,1.2207
22,High Mage Secmeton,S/A POW,334,Umi,30,1.4648
22,High Mage Secmeton,S/A POW,366,Labyrinth Wall,25,1.2207
22,High Mage Secmeton,S/A POW,376,Monster Tamer,25,1.2207
22,High Mage Secmeton,S/A POW,383,Parrot Dragon,2,0.0977
22,High Mage Secmeton,S/A POW,400,Emperor of the Land and Sea,25,1.2207
22,High Mage Secmeton,S/A POW,403,Leogun,25,1.2207
22,High Mage Secmeton,S/A POW,413,Cyber Soldier,25,1.2207
22,High Mage Secmeton,S/A POW,425,Thunder Dragon,25,1.2207
22,High Mage Secmeton,S/A POW,441,Mech Bass,25,1.2207
22,High Mage Secmeton,S/A POW,464,Wing Eagle,25,1.2207
22,High Mage Secmeton,S/A POW,468,Queen Bird,25,1.2207
22,High Mage Secmeton,S/A POW,486,Boo Koo,25,1.2207
22,High Mage Secmeton,S/A POW,491,Peacock,25,1.2207
22,High Mage Secmeton,S/A POW,492,Hoshiningen,25,1.2207
22,High Mage Secmeton,S/A POW,508,Cyber Saurus,25,1.2207
22,High Mage Secmeton,S/A POW,513,Guardian of the Throne Room,25,1.2207
22,High Mage Secmeton,S/A POW,528,Togex,25,1.2207
22,High Mage Secmeton,S/A POW,540,Skelengel,25,1.2207
22,High Mage Secmeton,S/A POW,582,Dark Witch,25,1.2207
22,High Mage Secmeton,S/A POW,584,Binding Chain,25,1.2207
22,High Mage Secmeton,S/A POW,601,Tenderness,25,1.2207
22,High Mage Secmeton,S/A POW,608,Shining Friendship,25,1.2207
22,High Mage Secmeton,S/A POW,612,Lady of Faith,25,1.2207
22,High Mage Secmeton,S/A POW,633,Winged Egg of New Life,52,2.5391
22,High Mage Secmeton,S/A POW,638,Queen of Autumn Leaves,25,1.2207
22,High Mage Secmeton,S/A POW,650,Whiptail Crow,25,1.2207
22,High Mage Secmeton,B/C/D,2,Mystical Elf,33,1.6113
22,High Mage Secmeton,B/C/D,14,Battle Steer,35,1.709
22,High Mage Secmeton,B/C/D,20,Left Arm of the Forbidden One,7,0.3418
22,High Mage Secmeton,B/C/D,34,Saggi the Dark Clown,33,1.6113
22,High Mage Secmeton,B/C/D,44,Rogue Doll,33,1.6113
22,High Mage Secmeton,B/C/D,87,Dark Chimera,35,1.709
22,High Mage Secmeton,B/C/D,89,Catapult Turtle,35,1.709
22,High Mage Secmeton,B/C/D,93,Zanki,35,1.709
22,High Mage Secmeton,B/C/D,104,Curtain of the Dark Ones,33,1.6113
22,High Mage Secmeton,B/C/D,106,Spirit of the Winds,76,3.7109
22,High Mage Secmeton,B/C/D,109,Goddess with the Third Eye,33,1.6113
22,High Mage Secmeton,B/C/D,114,White Magical Hat,33,1.6113
22,High Mage Secmeton,B/C/D,115,Kamion Wizard,33,1.6113
22,High Mage Secmeton,B/C/D,124,Ancient Tool,35,1.709
22,High Mage Secmeton,B/C/D,129,Nemuriko,33,1.6113
22,High Mage Secmeton,B/C/D,130,Weather Control,33,1.6113
22,High Mage Secmeton,B/C/D,131,Octoberser,35,1.709
22,High Mage Secmeton,B/C/D,134,Mystical Capture Chain,33,1.6113
22,High Mage Secmeton,B/C/D,142,Flame Manipulator,33,1.6113
22,High Mage Secmeton,B/C/D,143,Necrolancer the Timelord,33,1.6113
22,High Mage Secmeton,B/C/D,144,Djinn the Watcher of the Wind,33,1.6113
22,High Mage Secmeton,B/C/D,145,The Bewitching Phantom Thief,33,1.6113
22,High Mage Secmeton,B/C/D,150,Akihiron,35,1.709
22,High Mage Secmeton,B/C/D,170,Spirit of the Harp,33,1.6113
22,High Mage Secmeton,B/C/D,174,Hurricail,33,1.6113
22,High Mage Secmeton,B/C/D,179,Phantom Dewan,33,1.6113
22,High Mage Secmeton,B/C/D,183,Lucky Trinket,33,1.6113
22,High Mage Secmeton,B/C/D,184,Genin,33,1.6113
22,High Mage Secmeton,B/C/D,190,Akakieisu,33,1.6113
22,High Mage Secmeton,B/C/D,198,Happy Lover,33,1.6113
22,High Mage Secmeton,B/C/D,204,Mabarrel,35,1.709
22,High Mage Secmeton,B/C/D,208,Petit Angel,33,1.6113
22,High Mage Secmeton,B/C/D,213,Aqua Madoor,76,3.7109
22,High Mage Secmeton,B/C/D,220,Masked Sorcerer,33,1.6113
22,High Mage Secmeton,B/C/D,229,Hourglass of Life,33,1.6113
22,High Mage Secmeton,B/C/D,253,Angelwitch,33,1.6113
22,High Mage Secmeton,B/C/D,259,Ancient Sorcerer,33,1.6113
22,High Mage Secmeton,B/C/D,260,Lunar Queen Elzaim,33,1.6113
22,High Mage Secmeton,B/C/D,264,Wing Egg Elf,33,1.6113
22,High Mage Secmeton,B/C/D,268,Sectarian of Secrets,33,1.6113
22,High Mage Secmeton,B/C/D,276,Ray & Temperature,33,1.6113
22,High Mage Secmeton,B/C/D,334,Umi,48,2.3438
22,High Mage Secmeton,B/C/D,366,Labyrinth Wall,33,1.6113
22,High Mage Secmeton,B/C/D,413,Cyber Soldier,33,1.6113
22,High Mage Secmeton,B/C/D,425,Thunder Dragon,33,1.6113
22,High Mage Secmeton,B/C/D,468,Queen Bird,33,1.6113
22,High Mage Secmeton,B/C/D,486,Boo Koo,33,1.6113
22,High Mage Secmeton,B/C/D,491,Peacock,33,1.6113
22,High Mage Secmeton,B/C/D,492,Hoshiningen,33,1.6113
22,High Mage Secmeton,B/C/D,508,Cyber Saurus,33,1.6113
22,High Mage Secmeton,B/C/D,513,Guardian of the Throne Room,33,1.6113
22,High Mage Secmeton,B/C/D,540,Skelengel,33,1.6113
22,High Mage Secmeton,B/C/D,584,Binding Chain,33,1.6113
22,High Mage Secmeton,B/C/D,601,Tenderness,33,1.6113
22,High Mage Secmeton,B/C/D,608,Shining Friendship,33,1.6113
22,High Mage Secmeton,B/C/D,612,Lady of Faith,33,1.6113
22,High Mage Secmeton,B/C/D,633,Winged Egg of New Life,76,3.7109
22,High Mage Secmeton,B/C/D,650,Whiptail Crow,33,1.6113
22,High Mage Secmeton,S/A TEC,2,Mystical Elf,42,2.0508
22,High Mage Secmeton,S/A TEC,20,Left Arm of the Forbidden One,4,0.1953
22,High Mage Secmeton,S/A TEC,34,Saggi the Dark Clown,42,2.0508
22,High Mage Secmeton,S/A TEC,44,Rogue Doll,42,2.0508
22,High Mage Secmeton,S/A TEC,104,Curtain of the Dark Ones,42,2.0508
22,High Mage Secmeton,S/A TEC,109,Goddess with the Third Eye,42,2.0508
22,High Mage Secmeton,S/A TEC,114,White Magical Hat,42,2.0508
22,High Mage Secmeton,S/A TEC,115,Kamion Wizard,42,2.0508
22,High Mage Secmeton,S/A TEC,129,Nemuriko,42,2.0508
22,High Mage Secmeton,S/A TEC,130,Weather Control,42,2.0508
22,High Mage Secmeton,S/A TEC,134,Mystical Capture Chain,44,2.1484
22,High Mage Secmeton,S/A TEC,142,Flame Manipulator,44,2.1484
22,High Mage Secmeton,S/A TEC,143,Necrolancer the Timelord,44,2.1484
22,High Mage Secmeton,S/A TEC,144,Djinn the Watcher of the Wind,44,2.1484
22,High Mage Secmeton,S/A TEC,145,The Bewitching Phantom Thief,44,2.1484
22,High Mage Secmeton,S/A TEC,170,Spirit of the Harp,44,2.1484
22,High Mage Secmeton,S/A TEC,174,Hurricail,44,2.1484
22,High Mage Secmeton,S/A TEC,179,Phantom Dewan,44,2.1484
22,High Mage Secmeton,S/A TEC,183,Lucky Trinket,44,2.1484
22,High Mage Secmeton,S/A TEC,184,Genin,44,2.1484
22,High Mage Secmeton,S/A TEC,190,Akakieisu,44,2.1484
22,High Mage Secmeton,S/A TEC,198,Happy Lover,44,2.1484
22,High Mage Secmeton,S/A TEC,208,Petit Angel,44,2.1484
22,High Mage Secmeton,S/A TEC,220,Masked Sorcerer,44,2.1484
22,High Mage Secmeton,S/A TEC,229,Hourglass of Life,44,2.1484
22,High Mage Secmeton,S/A TEC,253,Angelwitch,44,2.1484
22,High Mage Secmeton,S/A TEC,259,Ancient Sorcerer,44,2.1484
22,High Mage Secmeton,S/A TEC,260,Lunar Queen Elzaim,44,2.1484
22,High Mage Secmeton,S/A TEC,264,Wing Egg Elf,44,2.1484
22,High Mage Secmeton,S/A TEC,268,Sectarian of Secrets,44,2.1484
22,High Mage Secmeton,S/A TEC,276,Ray & Temperature,44,2.1484
22,High Mage Secmeton,S/A TEC,311,Black Pendant,32,1.5625
22,High Mage Secmeton,S/A TEC,312,Silver Bow and Arrow,32,1.5625
22,High Mage Secmeton,S/A TEC,323,Book of Secret Arts,32,1.5625
22,High Mage Secmeton,S/A TEC,334,Umi,48,2.3438
22,High Mage Secmeton,S/A TEC,350,Dark-piercing Light,32,1.5625
22,High Mage Secmeton,S/A TEC,486,Boo Koo,44,2.1484
22,High Mage Secmeton,S/A TEC,492,Hoshiningen,44,2.1484
22,High Mage Secmeton,S/A TEC,540,Skelengel,44,2.1484
22,High Mage Secmeton,S/A TEC,584,Binding Chain,44,2.1484
22,High Mage Secmeton,S/A TEC,601,Tenderness,44,2.1484
22,High Mage Secmeton,S/A TEC,608,Shining Friendship,44,2.1484
22,High Mage Secmeton,S/A TEC,612,Lady of Faith,44,2.1484
22,High Mage Secmeton,S/A TEC,653,Warrior Elimination,32,1.5625
22,High Mage Secmeton,S/A TEC,661,Crush Card,2,0.0977
22,High Mage Secmeton,S/A TEC,665,Curse of Millennium Shield,32,1.5625
22,High Mage Secmeton,S/A TEC,666,Yamadron Ritual,64,3.125
22,High Mage Secmeton,S/A TEC,672,Harpie's Feather Duster,32,1.5625
22,High Mage Secmeton,S/A TEC,684,Invisible Wire,32,1.5625
22,High Mage Secmeton,S/A TEC,685,Acid Trap Hole,32,1.5625
22,High Mage Secmeton,S/A TEC,688,Bad Reaction to Simochi,32,1.5625
22,High Mage Secmeton,deck,2,Mystical Elf,8,0.3906
22,High Mage Secmeton,deck,14,Battle Steer,24,1.1719
22,High Mage Secmeton,deck,32,Two-headed King Rex,8,0.3906
22,High Mage Secmeton,deck,34,Saggi the Dark Clown,2,0.0977
22,High Mage Secmeton,deck,35,Dark Magician,40,1.9531
22,High Mage Secmeton,deck,42,Illusionist Faceless Mage,24,1.1719
22,High Mage Secmeton,deck,44,Rogue Doll,8,0.3906
22,High Mage Secmeton,deck,60,Great White,2,0.0977
22,High Mage Secmeton,deck,70,Fiend Kraken,8,0.3906
22,High Mage Secmeton,deck,71,Jellyfish,8,0.3906
22,High Mage Secmeton,deck,73,Kairyu-shin,24,1.1719
22,High Mage Secmeton,deck,78,Axe Raider,8,0.3906
22,High Mage Secmeton,deck,81,Crawling Dragon #2,4,0.1953
22,High Mage Secmeton,deck,83,Castle of Dark Illusions,2,0.0977
22,High Mage Secmeton,deck,86,Barox,2,0.0977
22,High Mage Secmeton,deck,87,Dark Chimera,24,1.1719
22,High Mage Secmeton,deck,89,Catapult Turtle,24,1.1719
22,High Mage Secmeton,deck,90,Gyakutenno Megami,32,1.5625
22,High Mage Secmeton,deck,91,Mystic Horseman,2,0.0977
22,High Mage Secmeton,deck,93,Zanki,24,1.1719
22,High Mage Secmeton,deck,94,Crawling Dragon,24,1.1719
22,High Mage Secmeton,deck,106,Spirit of the Winds,24,1.1719
22,High Mage Secmeton,deck,109,Goddess with the Third Eye,2,0.0977
22,High Mage Secmeton,deck,111,Doma The Angel of Silence,24,1.1719
22,High Mage Secmeton,deck,115,Kamion Wizard,2,0.0977
22,High Mage Secmeton,deck,124,Ancient Tool,24,1.1719
22,High Mage Secmeton,deck,126,Orion the Battle King,24,1.1719
22,High Mage Secmeton,deck,127,Ansatsu,2,0.0977
22,High Mage Secmeton,deck,128,LaMoon,2,0.0977
22,High Mage Secmeton,deck,131,Octoberser,24,1.1719
22,High Mage Secmeton,deck,140,Toad Master,2,0.0977
22,High Mage Secmeton,deck,150,Akihiron,24,1.1719
22,High Mage Secmeton,deck,170,Spirit of the Harp,2,0.0977
22,High Mage Secmeton,deck,193,Turtle Tiger,2,0.0977
22,High Mage Secmeton,deck,196,Arma Knight,2,0.0977
22,High Mage Secmeton,deck,204,Mabarrel,24,1.1719
22,High Mage Secmeton,deck,213,Aqua Madoor,24,1.1719
22,High Mage Secmeton,deck,216,Dryad,2,0.0977
22,High Mage Secmeton,deck,220,Masked Sorcerer,2,0.0977
22,High Mage Secmeton,deck,223,Roaring Ocean Snake,32,1.5625
22,High Mage Secmeton,deck,230,Rare Fish,2,0.0977
22,High Mage Secmeton,deck,249,Water Omotics,2,0.0977
22,High Mage Secmeton,deck,251,Enchanting Mermaid,2,0.0977
22,High Mage Secmeton,deck,258,Beastking of the Swamps,2,0.0977
22,High Mage Secmeton,deck,259,Ancient Sorcerer,2,0.0977
22,High Mage Secmeton,deck,276,Ray & Temperature,2,0.0977
22,High Mage Secmeton,deck,284,Tao the Chanter,2,0.0977
22,High Mage Secmeton,deck,311,Black Pendant,40,1.9531
22,High Mage Secmeton,deck,315,Dragon Treasure,40,1.9531
22,High Mage Secmeton,deck,323,Book of Secret Arts,40,1.9531
22,High Mage Secmeton,deck,328,Power of Kaishin,80,3.9062
22,High Mage Secmeton,deck,334,Umi,72,3.5156
22,High Mage Secmeton,deck,337,Raigeki,40,1.9531
22,High Mage Secmeton,deck,351,Yaranzo,2,0.0977
22,High Mage Secmeton,deck,352,Kanan the Swordmistress,2,0.0977
22,High Mage Secmeton,deck,353,Takriminos,2,0.0977
22,High Mage Secmeton,deck,361,Flying Penguin,2,0.0977
22,High Mage Secmeton,deck,362,Millennium Shield,24,1.1719
22,High Mage Secmeton,deck,363,Fairy's Gift,2,0.0977
22,High Mage Secmeton,deck,366,Labyrinth Wall,24,1.1719
22,High Mage Secmeton,deck,368,Shadow Ghoul,2,0.0977
22,High Mage Secmeton,deck,372,Kazejin,40,1.9531
22,High Mage Secmeton,deck,373,Suijin,40,1.9531
22,High Mage Secmeton,deck,377,Ryu-kishin Powered,2,0.0977
22,High Mage Secmeton,deck,379,La Jinn the Mystical Genie,2,0.0977
22,High Mage Secmeton,deck,396,Ocubeam,24,1.1719
22,High Mage Secmeton,deck,404,Tatsunootoshigo,2,0.0977
22,High Mage Secmeton,deck,405,Saber Slasher,2,0.0977
22,High Mage Secmeton,deck,413,Cyber Soldier,24,1.1719
22,High Mage Secmeton,deck,425,Thunder Dragon,24,1.1719
22,High Mage Secmeton,deck,430,Water Magician,2,0.0977
22,High Mage Secmeton,deck,431,Ice Water,2,0.0977
22,High Mage Secmeton,deck,433,Ancient Elf,2,0.0977
22,High Mage Secmeton,deck,435,Water Girl,2,0.0977
22,High Mage Secmeton,deck,437,Deepsea Shark,24,1.1719
22,High Mage Secmeton,deck,439,Bottom Dweller,24,1.1719
22,High Mage Secmeton,deck,440,7 Colored Fish,2,0.0977
22,High Mage Secmeton,deck,441,Mech Bass,24,1.1719
22,High Mage Secmeton,deck,442,Aqua Dragon,40,1.9531
22,High Mage Secmeton,deck,443,Sea King Dragon,32,1.5625
22,High Mage Secmeton,deck,445,Guardian of the Sea,2,0.0977
22,High Mage Secmeton,deck,447,Giant Red Seasnake,2,0.0977
22,High Mage Secmeton,deck,448,Spike Seadra,2,0.0977
22,High Mage Secmeton,deck,449,"30,000-Year White Turtle",24,1.1719
22,High Mage Secmeton,deck,450,Kappa Avenger,2,0.0977
22,High Mage Secmeton,deck,458,Kaminari Attack,24,1.1719
22,High Mage Secmeton,deck,459,Tripwire Beast,2,0.0977
22,High Mage Secmeton,deck,460,Bolt Escargot,2,0.0977
22,High Mage Secmeton,deck,462,The Immortal of Thunder,2,0.0977
22,High Mage Secmeton,deck,468,Queen Bird,24,1.1719
22,High Mage Secmeton,deck,474,Sea Kamen,2,0.0977
22,High Mage Secmeton,deck,487,Flower Wolf,24,1.1719
22,High Mage Secmeton,deck,491,Peacock,24,1.1719
22,High Mage Secmeton,deck,493,Maha Vailo,2,0.0977
22,High Mage Secmeton,deck,494,Rainbow Marine Mermaid,24,1.1719
22,High Mage Secmeton,deck,495,Musician King,24,1.1719
22,High Mage Secmeton,deck,497,Yado Karu,2,0.0977
22,High Mage Secmeton,deck,498,Morinphen,2,0.0977
22,High Mage Secmeton,deck,507,Crazy Fish,2,0.0977
22,High Mage Secmeton,deck,508,Cyber Saurus,24,1.1719
22,High Mage Secmeton,deck,517,Sand Stone,2,0.0977
22,High Mage Secmeton,deck,518,Boulder Tortoise,32,1.5625
22,High Mage Secmeton,deck,519,Fire Kraken,24,1.1719
22,High Mage Secmeton,deck,520,Turtle Bird,32,1.5625
22,High Mage Secmeton,deck,523,The Bistro Butcher,2,0.0977
22,High Mage Secmeton,deck,525,Spirit of the Mountain,24,1.1719
22,High Mage Secmeton,deck,532,Gemini Elf,2,0.0977
22,High Mage Secmeton,deck,542,Misairuzame,24,1.1719
22,High Mage Secmeton,deck,543,Tongyo,2,0.0977
22,High Mage Secmeton,deck,546,Wow Warrior,2,0.0977
22,High Mage Secmeton,deck,550,Behegon,2,0.0977
22,High Mage Secmeton,deck,551,Dark Elf,2,0.0977
22,High Mage Secmeton,deck,557,Steel Ogre Grotto #1,24,1.1719
22,High Mage Secmeton,deck,565,Man-eating Black Shark,24,1.1719
22,High Mage Secmeton,deck,574,Witch of the Black Forest,2,0.0977
22,High Mage Secmeton,deck,578,Leo Wizard,2,0.0977
22,High Mage Secmeton,deck,582,Dark Witch,24,1.1719
22,High Mage Secmeton,deck,583,Weather Report,2,0.0977
22,High Mage Secmeton,deck,584,Binding Chain,2,0.0977
22,High Mage Secmeton,deck,593,Giant Turtle Who Feeds on Flames,24,1.1719
22,High Mage Secmeton,deck,596,Ghoul with an Appetite,2,0.0977
22,High Mage Secmeton,deck,599,Violent Rain,2,0.0977
22,High Mage Secmeton,deck,601,Tenderness,2,0.0977
22,High Mage Secmeton,deck,608,Shining Friendship,2,0.0977
22,High Mage Secmeton,deck,614,Hunter Spider,24,1.1719
22,High Mage Secmeton,deck,615,Armored Starfish,2,0.0977
22,High Mage Secmeton,deck,616,Hourglass of Courage,2,0.0977
22,High Mage Secmeton,deck,617,Marine Beast,24,1.1719
22,High Mage Secmeton,deck,619,Rock Spirit,24,1.1719
22,High Mage Secmeton,deck,621,Succubus Knight,2,0.0977
22,High Mage Secmeton,deck,622,Ill Witch,24,1.1719
22,High Mage Secmeton,deck,624,High Tide Gyojin,24,1.1719
22,High Mage Secmeton,deck,625,Fairy of the Fountain,2,0.0977
22,High Mage Secmeton,deck,626,Amazon of the Seas,2,0.0977
22,High Mage Secmeton,deck,631,Maiden of the Moonlight,2,0.0977
22,High Mage Secmeton,deck,632,Stone Ogre Grotto,24,1.1719
22,High Mage Secmeton,deck,633,Winged Egg of New Life,24,1.1719
22,High Mage Secmeton,deck,636,Blue-winged Crown,2,0.0977
22,High Mage Secmeton,deck,639,Amphibious Bugroth,24,1.1719
22,High Mage Secmeton,deck,641,Invader of the Throne,24,1.1719
22,High Mage Secmeton,deck,646,Gruesome Goo,2,0.0977
22,High Mage Secmeton,deck,647,Hyosube,2,0.0977
22,High Mage Secmeton,deck,648,Machine Attacker,2,0.0977
22,High Mage Secmeton,deck,672,Harpie's Feather Duster,40,1.9531
22,High Mage Secmeton,deck,710,Crab Turtle,48,2.3438
23,Forest Mage,S/A POW,8,Mushroom Man,46,2.2461
23,Forest Mage,S/A POW,19,Right Arm of the Forbidden One,6,0.293
23,Forest Mage,S/A POW,40,Dragon Piper,24,1.1719
23,Forest Mage,S/A POW,50,Basic Insect,24,1.1719
23,Forest Mage,S/A POW,75,Man-eating Plant,120,5.8594
23,Forest Mage,S/A POW,76,Krokodilus,46,2.2461
23,Forest Mage,S/A POW,98,Clown Zombie,24,1.1719
23,Forest Mage,S/A POW,101,Wings of Wicked Flame,46,2.2461
23,Forest Mage,S/A POW,104,Curtain of the Dark Ones,24,1.1719
23,Forest Mage,S/A POW,107,Kageningen,24,1.1719
23,Forest Mage,S/A POW,122,Yamatano Dragon Scroll,24,1.1719
23,Forest Mage,S/A POW,130,Weather Control,24,1.1719
23,Forest Mage,S/A POW,133,Charubin the Fire Knight,24,1.1719
23,Forest Mage,S/A POW,134,Mystical Capture Chain,24,1.1719
23,Forest Mage,S/A POW,135,Fiend's Hand,24,1.1719
23,Forest Mage,S/A POW,145,The Bewitching Phantom Thief,24,1.1719
23,Forest Mage,S/A POW,152,The Melting Red Shadow,24,1.1719
23,Forest Mage,S/A POW,154,Fire Reaper,24,1.1719
23,Forest Mage,S/A POW,157,Firegrass,44,2.1484
23,Forest Mage,S/A POW,158,Man Eater,44,2.1484
23,Forest Mage,S/A POW,159,Dig Beak,20,0.9766
23,Forest Mage,S/A POW,174,Hurricail,20,0.9766
23,Forest Mage,S/A POW,176,Fire Eye,44,2.1484
23,Forest Mage,S/A POW,179,Phantom Dewan,20,0.9766
23,Forest Mage,S/A POW,180,Arlownay,20,0.9766
23,Forest Mage,S/A POW,182,Masked Clown,20,0.9766
23,Forest Mage,S/A POW,183,Lucky Trinket,20,0.9766
23,Forest Mage,S/A POW,185,Eyearmor,20,0.9766
23,Forest Mage,S/A POW,191,LaLa Li-oon,20,0.9766
23,Forest Mage,S/A POW,195,Doron,20,0.9766
23,Forest Mage,S/A POW,198,Happy Lover,20,0.9766
23,Forest Mage,S/A POW,200,Petit Dragon,20,0.9766
23,Forest Mage,S/A POW,202,Air Marmot of Nefariousness,20,0.9766
23,Forest Mage,S/A POW,203,Phantom Ghost,20,0.9766
23,Forest Mage,S/A POW,207,Droll Bird,20,0.9766
23,Forest Mage,S/A POW,209,Winged Cleaver,20,0.9766
23,Forest Mage,S/A POW,210,Hinotama Soul,44,2.1484
23,Forest Mage,S/A POW,211,Kaminarikozou,20,0.9766
23,Forest Mage,S/A POW,212,Meotoko,20,0.9766
23,Forest Mage,S/A POW,214,Kagemusha of the Blue Flame,20,0.9766
23,Forest Mage,S/A POW,222,Midnight Fiend,20,0.9766
23,Forest Mage,S/A POW,227,Hitodenchak,20,0.9766
23,Forest Mage,S/A POW,229,Hourglass of Life,20,0.9766
23,Forest Mage,S/A POW,232,Madjinn Gunn,20,0.9766
23,Forest Mage,S/A POW,237,Haniwa,20,0.9766
23,Forest Mage,S/A POW,242,Candle of Fate,20,0.9766
23,Forest Mage,S/A POW,245,Meda Bat,20,0.9766
23,Forest Mage,S/A POW,254,Embryonic Beast,20,0.9766
23,Forest Mage,S/A POW,261,Wicked Mirror,20,0.9766
23,Forest Mage,S/A POW,268,Sectarian of Secrets,20,0.9766
23,Forest Mage,S/A POW,273,Ancient Tree of Enlightenment,20,0.9766
23,Forest Mage,S/A POW,274,Green Phantom King,20,0.9766
23,Forest Mage,S/A POW,285,Serpent Marauder,20,0.9766
23,Forest Mage,S/A POW,291,Fireyarou,20,0.9766
23,Forest Mage,S/A POW,292,Psychic Kappa,20,0.9766
23,Forest Mage,S/A POW,330,Forest,30,1.4648
23,Forest Mage,S/A POW,377,Ryu-kishin Powered,2,0.0977
23,Forest Mage,S/A POW,420,Cyber-Stein,20,0.9766
23,Forest Mage,S/A POW,452,Zarigun,20,0.9766
23,Forest Mage,S/A POW,476,Ganigumo,20,0.9766
23,Forest Mage,S/A POW,486,Boo Koo,20,0.9766
23,Forest Mage,S/A POW,492,Hoshiningen,20,0.9766
23,Forest Mage,S/A POW,501,Man-eater Bug,20,0.9766
23,Forest Mage,S/A POW,506,Gale Dogra,20,0.9766
23,Forest Mage,S/A POW,510,Laughing Flower,48,2.3438
23,Forest Mage,S/A POW,511,Bean Soldier,20,0.9766
23,Forest Mage,S/A POW,524,Star Boy,20,0.9766
23,Forest Mage,S/A POW,536,Mechaleon,20,0.9766
23,Forest Mage,S/A POW,540,Skelengel,20,0.9766
23,Forest Mage,S/A POW,544,Dharma Cannon,20,0.9766
23,Forest Mage,S/A POW,549,Frog The Jam,20,0.9766
23,Forest Mage,S/A POW,556,The Wandering Doomed,20,0.9766
23,Forest Mage,S/A POW,567,Darkworld Thorns,20,0.9766
23,Forest Mage,S/A POW,579,Abyss Flower,44,2.1484
23,Forest Mage,S/A POW,589,Tentacle Plant,44,2.1484
23,Forest Mage,S/A POW,591,Morphing Jar,20,0.9766
23,Forest Mage,S/A POW,594,Rose Spectre of Dunn,24,1.1719
23,Forest Mage,S/A POW,598,Little Chimera,20,0.9766
23,Forest Mage,S/A POW,602,Penguin Soldier,20,0.9766
23,Forest Mage,S/A POW,609,Bladefly,20,0.9766
23,Forest Mage,S/A POW,611,Hiro's Shadow Scout,20,0.9766
23,Forest Mage,S/A POW,620,Snakeyashi,20,0.9766
23,Forest Mage,S/A POW,638,Queen of Autumn Leaves,24,1.1719
23,Forest Mage,B/C/D,8,Mushroom Man,42,2.0508
23,Forest Mage,B/C/D,19,Right Arm of the Forbidden One,6,0.293
23,Forest Mage,B/C/D,40,Dragon Piper,22,1.0742
23,Forest Mage,B/C/D,50,Basic Insect,22,1.0742
23,Forest Mage,B/C/D,75,Man-eating Plant,117,5.7129
23,Forest Mage,B/C/D,76,Krokodilus,42,2.0508
23,Forest Mage,B/C/D,98,Clown Zombie,22,1.0742
23,Forest Mage,B/C/D,101,Wings of Wicked Flame,42,2.0508
23,Forest Mage,B/C/D,104,Curtain of the Dark Ones,22,1.0742
23,Forest Mage,B/C/D,107,Kageningen,22,1.0742
23,Forest Mage,B/C/D,122,Yamatano Dragon Scroll,22,1.0742
23,Forest Mage,B/C/D,130,Weather Control,22,1.0742
23,Forest Mage,B/C/D,133,Charubin the Fire Knight,22,1.0742
23,Forest Mage,B/C/D,134,Mystical Capture Chain,22,1.0742
23,Forest Mage,B/C/D,135,Fiend's Hand,22,1.0742
23,Forest Mage,B/C/D,145,The Bewitching Phantom Thief,22,1.0742
23,Forest Mage,B/C/D,152,The Melting Red Shadow,22,1.0742
23,Forest Mage,B/C/D,154,Fire Reaper,22,1.0742
23,Forest Mage,B/C/D,157,Firegrass,42,2.0508
23,Forest Mage,B/C/D,158,Man Eater,42,2.0508
23,Forest Mage,B/C/D,159,Dig Beak,22,1.0742
23,Forest Mage,B/C/D,174,Hurricail,22,1.0742
23,Forest Mage,B/C/D,176,Fire Eye,42,2.0508
23,Forest Mage,B/C/D,179,Phantom Dewan,22,1.0742
23,Forest Mage,B/C/D,180,Arlownay,22,1.0742
23,Forest Mage,B/C/D,182,Masked Clown,22,1.0742
23,Forest Mage,B/C/D,183,Lucky Trinket,22,1.0742
23,Forest Mage,B/C/D,185,Eyearmor,22,1.0742
23,Forest Mage,B/C/D,191,LaLa Li-oon,22,1.0742
23,Forest Mage,B/C/D,195,Doron,22,1.0742
23,Forest Mage,B/C/D,198,Happy Lover,22,1.0742
23,Forest Mage,B/C/D,200,Petit Dragon,22,1.0742
23,Forest Mage,B/C/D,202,Air Marmot of Nefariousness,22,1.0742
23,Forest Mage,B/C/D,203,Phantom Ghost,22,1.0742
23,Forest Mage,B/C/D,207,Droll Bird,22,1.0742
23,Forest Mage,B/C/D,209,Winged Cleaver,22,1.0742
23,Forest Mage,B/C/D,210,Hinotama Soul,42,2.0508
23,Forest Mage,B/C/D,211,Kaminarikozou,22,1.0742
23,Forest Mage,B/C/D,212,Meotoko,22,1.0742
23,Forest Mage,B/C/D,214,Kagemusha of the Blue Flame,22,1.0742
23,Forest Mage,B/C/D,222,Midnight Fiend,22,1.0742
23,Forest Mage,B/C/D,227,Hitodenchak,22,1.0742
23,Forest Mage,B/C/D,229,Hourglass of Life,22,1.0742
23,Forest Mage,B/C/D,232,Madjinn Gunn,22,1.0742
23,Forest Mage,B/C/D,237,Haniwa,22,1.0742
23,Forest Mage,B/C/D,242,Candle of Fate,22,1.0742
23,Forest Mage,B/C/D,245,Meda Bat,22,1.0742
23,Forest Mage,B/C/D,254,Embryonic Beast,22,1.0742
23,Forest Mage,B/C/D,261,Wicked Mirror,22,1.0742
23,Forest Mage,B/C/D,268,Sectarian of Secrets,22,1.0742
23,Forest Mage,B/C/D,273,Ancient Tree of Enlightenment,22,1.0742
23,Forest Mage,B/C/D,274,Green Phantom King,22,1.0742
23,Forest Mage,B/C/D,285,Serpent Marauder,22,1.0742
23,Forest Mage,B/C/D,291,Fireyarou,22,1.0742
23,Forest Mage,B/C/D,292,Psychic Kappa,22,1.0742
23,Forest Mage,B/C/D,330,Forest,30,1.4648
23,Forest Mage,B/C/D,377,Ryu-kishin Powered,1,0.0488
23,Forest Mage,B/C/D,420,Cyber-Stein,22,1.0742
23,Forest Mage,B/C/D,452,Zarigun,22,1.0742
23,Forest Mage,B/C/D,476,Ganigumo,22,1.0742
23,Forest Mage,B/C/D,486,Boo Koo,22,1.0742
23,Forest Mage,B/C/D,492,Hoshiningen,22,1.0742
23,Forest Mage,B/C/D,501,Man-eater Bug,22,1.0742
23,Forest Mage,B/C/D,506,Gale Dogra,22,1.0742
23,Forest Mage,B/C/D,510,Laughing Flower,42,2.0508
23,Forest Mage,B/C/D,511,Bean Soldier,22,1.0742
23,Forest Mage,B/C/D,524,Star Boy,22,1.0742
23,Forest Mage,B/C/D,536,Mechaleon,22,1.0742
23,Forest Mage,B/C/D,540,Skelengel,22,1.0742
23,Forest Mage,B/C/D,544,Dharma Cannon,22,1.0742
23,Forest Mage,B/C/D,549,Frog The Jam,22,1.0742
23,Forest Mage,B/C/D,556,The Wandering Doomed,22,1.0742
23,Forest Mage,B/C/D,567,Darkworld Thorns,22,1.0742
23,Forest Mage,B/C/D,579,Abyss Flower,42,2.0508
23,Forest Mage,B/C/D,589,Tentacle Plant,42,2.0508
23,Forest Mage,B/C/D,591,Morphing Jar,22,1.0742
23,Forest Mage,B/C/D,598,Little Chimera,22,1.0742
23,Forest Mage,B/C/D,602,Penguin Soldier,22,1.0742
23,Forest Mage,B/C/D,609,Bladefly,22,1.0742
23,Forest Mage,B/C/D,611,Hiro's Shadow Scout,22,1.0742
23,Forest Mage,B/C/D,620,Snakeyashi,22,1.0742
23,Forest Mage,S/A TEC,8,Mushroom Man,39,1.9043
23,Forest Mage,S/A TEC,19,Right Arm of the Forbidden One,5,0.2441
23,Forest Mage,S/A TEC,40,Dragon Piper,19,0.9277
23,Forest Mage,S/A TEC,50,Basic Insect,19,0.9277
23,Forest Mage,S/A TEC,75,Man-eating Plant,105,5.127
23,Forest Mage,S/A TEC,76,Krokodilus,39,1.9043
23,Forest Mage,S/A TEC,98,Clown Zombie,19,0.9277
23,Forest Mage,S/A TEC,101,Wings of Wicked Flame,39,1.9043
23,Forest Mage,S/A TEC,104,Curtain of the Dark Ones,19,0.9277
23,Forest Mage,S/A TEC,107,Kageningen,19,0.9277
23,Forest Mage,S/A TEC,122,Yamatano Dragon Scroll,19,0.9277
23,Forest Mage,S/A TEC,130,Weather Control,19,0.9277
23,Forest Mage,S/A TEC,133,Charubin the Fire Knight,19,0.9277
23,Forest Mage,S/A TEC,134,Mystical Capture Chain,19,0.9277
23,Forest Mage,S/A TEC,135,Fiend's Hand,19,0.9277
23,Forest Mage,S/A TEC,145,The Bewitching Phantom Thief,19,0.9277
23,Forest Mage,S/A TEC,152,The Melting Red Shadow,19,0.9277
23,Forest Mage,S/A TEC,154,Fire Reaper,19,0.9277
23,Forest Mage,S/A TEC,157,Firegrass,38,1.8555
23,Forest Mage,S/A TEC,158,Man Eater,38,1.8555
23,Forest Mage,S/A TEC,159,Dig Beak,18,0.8789
23,Forest Mage,S/A TEC,174,Hurricail,18,0.8789
23,Forest Mage,S/A TEC,176,Fire Eye,38,1.8555
23,Forest Mage,S/A TEC,179,Phantom Dewan,18,0.8789
23,Forest Mage,S/A TEC,180,Arlownay,18,0.8789
23,Forest Mage,S/A TEC,182,Masked Clown,18,0.8789
23,Forest Mage,S/A TEC,183,Lucky Trinket,18,0.8789
23,Forest Mage,S/A TEC,185,Eyearmor,18,0.8789
23,Forest Mage,S/A TEC,191,LaLa Li-oon,18,0.8789
23,Forest Mage,S/A TEC,195,Doron,18,0.8789
23,Forest Mage,S/A TEC,198,Happy Lover,18,0.8789
23,Forest Mage,S/A TEC,200,Petit Dragon,18,0.8789
23,Forest Mage,S/A TEC,202,Air Marmot of Nefariousness,18,0.8789
23,Forest Mage,S/A TEC,203,Phantom Ghost,18,0.8789
23,Forest Mage,S/A TEC,207,Droll Bird,18,0.8789
23,Forest Mage,S/A TEC,209,Winged Cleaver,18,0.8789
23,Forest Mage,S/A TEC,210,Hinotama Soul,38,1.8555
23,Forest Mage,S/A TEC,211,Kaminarikozou,18,0.8789
23,Forest Mage,S/A TEC,212,Meotoko,18,0.8789
23,Forest Mage,S/A TEC,214,Kagemusha of the Blue Flame,18,0.8789
23,Forest Mage,S/A TEC,222,Midnight Fiend,18,0.8789
23,Forest Mage,S/A TEC,227,Hitodenchak,18,0.8789
23,Forest Mage,S/A TEC,229,Hourglass of Life,18,0.8789
23,Forest Mage,S/A TEC,232,Madjinn Gunn,18,0.8789
23,Forest Mage,S/A TEC,237,Haniwa,18,0.8789
23,Forest Mage,S/A TEC,242,Candle of Fate,18,0.8789
23,Forest Mage,S/A TEC,245,Meda Bat,18,0.8789
23,Forest Mage,S/A TEC,254,Embryonic Beast,18,0.8789
23,Forest Mage,S/A TEC,261,Wicked Mirror,18,0.8789
23,Forest Mage,S/A TEC,268,Sectarian of Secrets,18,0.8789
23,Forest Mage,S/A TEC,273,Ancient Tree of Enlightenment,18,0.8789
23,Forest Mage,S/A TEC,274,Green Phantom King,18,0.8789
23,Forest Mage,S/A TEC,285,Serpent Marauder,18,0.8789
23,Forest Mage,S/A TEC,291,Fireyarou,18,0.8789
23,Forest Mage,S/A TEC,292,Psychic Kappa,18,0.8789
23,Forest Mage,S/A TEC,302,Sword of Dark Destruction,20,0.9766
23,Forest Mage,S/A TEC,308,Beast Fangs,20,0.9766
23,Forest Mage,S/A TEC,310,Vile Germs,20,0.9766
23,Forest Mage,S/A TEC,324,Invigoration,20,0.9766
23,Forest Mage,S/A TEC,328,Power of Kaishin,20,0.9766
23,Forest Mage,S/A TEC,330,Forest,36,1.7578
23,Forest Mage,S/A TEC,343,Sparks,18,0.8789
23,Forest Mage,S/A TEC,344,Hinotama,18,0.8789
23,Forest Mage,S/A TEC,346,Ookazi,20,0.9766
23,Forest Mage,S/A TEC,420,Cyber-Stein,18,0.8789
23,Forest Mage,S/A TEC,452,Zarigun,18,0.8789
23,Forest Mage,S/A TEC,476,Ganigumo,18,0.8789
23,Forest Mage,S/A TEC,486,Boo Koo,18,0.8789
23,Forest Mage,S/A TEC,492,Hoshiningen,18,0.8789
23,Forest Mage,S/A TEC,501,Man-eater Bug,18,0.8789
23,Forest Mage,S/A TEC,506,Gale Dogra,18,0.8789
23,Forest Mage,S/A TEC,510,Laughing Flower,38,1.8555
23,Forest Mage,S/A TEC,511,Bean Soldier,18,0.8789
23,Forest Mage,S/A TEC,524,Star Boy,18,0.8789
23,Forest Mage,S/A TEC,536,Mechaleon,18,0.8789
23,Forest Mage,S/A TEC,540,Skelengel,18,0.8789
23,Forest Mage,S/A TEC,544,Dharma Cannon,18,0.8789
23,Forest Mage,S/A TEC,549,Frog The Jam,18,0.8789
23,Forest Mage,S/A TEC,556,The Wandering Doomed,18,0.8789
23,Forest Mage,S/A TEC,567,Darkworld Thorns,18,0.8789
23,Forest Mage,S/A TEC,579,Abyss Flower,38,1.8555
23,Forest Mage,S/A TEC,589,Tentacle Plant,38,1.8555
23,Forest Mage,S/A TEC,591,Morphing Jar,18,0.8789
23,Forest Mage,S/A TEC,598,Little Chimera,18,0.8789
23,Forest Mage,S/A TEC,602,Penguin Soldier,18,0.8789
23,Forest Mage,S/A TEC,609,Bladefly,18,0.8789
23,Forest Mage,S/A TEC,611,Hiro's Shadow Scout,18,0.8789
23,Forest Mage,S/A TEC,620,Snakeyashi,18,0.8789
23,Forest Mage,S/A TEC,656,Eternal Rest,36,1.7578
23,Forest Mage,S/A TEC,677,Hamburger Recipe,18,0.8789
23,Forest Mage,S/A TEC,682,Eatgaboon,18,0.8789
23,Forest Mage,S/A TEC,683,Bear Trap,18,0.8789
23,Forest Mage,S/A TEC,684,Invisible Wire,18,0.8789
23,Forest Mage,S/A TEC,687,Goblin Fan,18,0.8789
23,Forest Mage,S/A TEC,688,Bad Reaction to Simochi,18,0.8789
23,Forest Mage,deck,3,Hitotsu-me Giant,16,0.7812
23,Forest Mage,deck,14,Battle Steer,32,1.5625
23,Forest Mage,deck,23,The Wicked Worm Beast,16,0.7812
23,Forest Mage,deck,26,Battle Ox,24,1.1719
23,Forest Mage,deck,27,Beaver Warrior,16,0.7812
23,Forest Mage,deck,29,Mountain Warrior,16,0.7812
23,Forest Mage,deck,40,Dragon Piper,2,0.0977
23,Forest Mage,deck,46,Griffore,16,0.7812
23,Forest Mage,deck,47,Torike,24,1.1719
23,Forest Mage,deck,49,Big Insect,24,1.1719
23,Forest Mage,deck,52,Hercules Beetle,32,1.5625
23,Forest Mage,deck,53,Killer Needle,24,1.1719
23,Forest Mage,deck,54,Gokibore,24,1.1719
23,Forest Mage,deck,55,Giant Flea,24,1.1719
23,Forest Mage,deck,61,Wolf,24,1.1719
23,Forest Mage,deck,64,Tiger Axe,24,1.1719
23,Forest Mage,deck,65,Silver Fang,24,1.1719
23,Forest Mage,deck,68,Garoozis,32,1.5625
23,Forest Mage,deck,72,Cocoon of Evolution,24,1.1719
23,Forest Mage,deck,76,Krokodilus,2,0.0977
23,Forest Mage,deck,91,Mystic Horseman,24,1.1719
23,Forest Mage,deck,92,Rabid Horseman,32,1.5625
23,Forest Mage,deck,113,Dark Gray,24,1.1719
23,Forest Mage,deck,116,Nightmare Scorpion,24,1.1719
23,Forest Mage,deck,121,Sleeping Lion,24,1.1719
23,Forest Mage,deck,133,Charubin the Fire Knight,2,0.0977
23,Forest Mage,deck,141,Spiked Snail,24,1.1719
23,Forest Mage,deck,155,Larvas,24,1.1719
23,Forest Mage,deck,163,Lisark,24,1.1719
23,Forest Mage,deck,180,Arlownay,2,0.0977
23,Forest Mage,deck,188,Synchar,24,1.1719
23,Forest Mage,deck,189,Fusionist,24,1.1719
23,Forest Mage,deck,201,Frenzied Panda,24,1.1719
23,Forest Mage,deck,219,Solitude,24,1.1719
23,Forest Mage,deck,221,Kumootoko,24,1.1719
23,Forest Mage,deck,246,One Who Hunts Souls,24,1.1719
23,Forest Mage,deck,248,Master & Expert,24,1.1719
23,Forest Mage,deck,252,Nekogal #1,24,1.1719
23,Forest Mage,deck,255,Prevent Rat,24,1.1719
23,Forest Mage,deck,273,Ancient Tree of Enlightenment,2,0.0977
23,Forest Mage,deck,274,Green Phantom King,2,0.0977
23,Forest Mage,deck,282,Mystical Sheep #2,24,1.1719
23,Forest Mage,deck,287,Ogre of the Black Shadow,24,1.1719
23,Forest Mage,deck,291,Fireyarou,2,0.0977
23,Forest Mage,deck,330,Forest,160,7.8125
23,Forest Mage,deck,348,Swords of Revealing Light,48,2.3438
23,Forest Mage,deck,367,Jirai Gumo,24,1.1719
23,Forest Mage,deck,375,Dungeon Worm,32,1.5625
23,Forest Mage,deck,382,Rude Kaiser,32,1.5625
23,Forest Mage,deck,384,Dark Rabbit,24,1.1719
23,Forest Mage,deck,403,Leogun,32,1.5625
23,Forest Mage,deck,404,Tatsunootoshigo,24,1.1719
23,Forest Mage,deck,473,Vermillion Sparrow,2,0.0977
23,Forest Mage,deck,477,Alinsection,24,1.1719
23,Forest Mage,deck,478,Insect Soldiers of the Sky,24,1.1719
23,Forest Mage,deck,479,Cockroach Knight,24,1.1719
23,Forest Mage,deck,480,Kuwagata α,24,1.1719
23,Forest Mage,deck,481,Burglar,24,1.1719
23,Forest Mage,deck,483,Garvas,32,1.5625
23,Forest Mage,deck,487,Flower Wolf,32,1.5625
23,Forest Mage,deck,489,Barrel Lily,2,0.0977
23,Forest Mage,deck,496,Wilmee,24,1.1719
23,Forest Mage,deck,511,Bean Soldier,2,0.0977
23,Forest Mage,deck,528,Togex,24,1.1719
23,Forest Mage,deck,529,Flame Cerebrus,2,0.0977
23,Forest Mage,deck,533,Kwagar Hercules,24,1.1719
23,Forest Mage,deck,534,Minar,24,1.1719
23,Forest Mage,deck,535,Kamakiriman,24,1.1719
23,Forest Mage,deck,567,Darkworld Thorns,2,0.0977
23,Forest Mage,deck,575,Ancient One of the Deep Forest,24,1.1719
23,Forest Mage,deck,576,Giant Scorpion of the Tundra,24,1.1719
23,Forest Mage,deck,587,Mon Larvas,24,1.1719
23,Forest Mage,deck,588,Living Vase,2,0.0977
23,Forest Mage,deck,594,Rose Spectre of Dunn,2,0.0977
23,Forest Mage,deck,597,Pale Beast,24,1.1719
23,Forest Mage,deck,607,Great Bill,24,1.1719
23,Forest Mage,deck,614,Hunter Spider,24,1.1719
23,Forest Mage,deck,620,Snakeyashi,2,0.0977
23,Forest Mage,deck,627,Nekogal #2,24,1.1719
23,Forest Mage,deck,629,Armored Rat,24,1.1719
23,Forest Mage,deck,637,Trent,2,0.0977
23,Forest Mage,deck,638,Queen of Autumn Leaves,2,0.0977
23,Forest Mage,deck,640,Acid Crawler,24,1.1719
23,Forest Mage,deck,642,Mystical Sheep #1,24,1.1719
23,Forest Mage,deck,662,Eradicating Aerosol,120,5.8594
23,Forest Mage,deck,689,Reverse Trap,48,2.3438
23,Forest Mage,deck,690,Fake Trap,46,2.2461
24,High Mage Anubisius,S/A POW,3,Hitotsu-me Giant,24,1.1719
24,High Mage Anubisius,S/A POW,8,Mushroom Man,24,1.1719
24,High Mage Anubisius,S/A POW,10,Blackland Fire Dragon,24,1.1719
24,High Mage Anubisius,S/A POW,13,Tyhone,24,1.1719
24,High Mage Anubisius,S/A POW,19,Right Arm of the Forbidden One,6,0.293
24,High Mage Anubisius,S/A POW,25,Horn Imp,24,1.1719
24,High Mage Anubisius,S/A POW,41,Celtic Guardian,24,1.1719
24,High Mage Anubisius,S/A POW,44,Rogue Doll,24,1.1719
24,High Mage Anubisius,S/A POW,49,Big Insect,72,3.5156
24,High Mage Anubisius,S/A POW,50,Basic Insect,72,3.5156
24,High Mage Anubisius,S/A POW,53,Killer Needle,102,4.9805
24,High Mage Anubisius,S/A POW,54,Gokibore,102,4.9805
24,High Mage Anubisius,S/A POW,55,Giant Flea,72,3.5156
24,High Mage Anubisius,S/A POW,70,Fiend Kraken,24,1.1719
24,High Mage Anubisius,S/A POW,77,Grappler,24,1.1719
24,High Mage Anubisius,S/A POW,80,Uraby,24,1.1719
24,High Mage Anubisius,S/A POW,109,Goddess with the Third Eye,24,1.1719
24,High Mage Anubisius,S/A POW,115,Kamion Wizard,24,1.1719
24,High Mage Anubisius,S/A POW,116,Nightmare Scorpion,24,1.1719
24,High Mage Anubisius,S/A POW,119,Trial of Nightmares,24,1.1719
24,High Mage Anubisius,S/A POW,121,Sleeping Lion,24,1.1719
24,High Mage Anubisius,S/A POW,125,Faith Bird,22,1.0742
24,High Mage Anubisius,S/A POW,141,Spiked Snail,22,1.0742
24,High Mage Anubisius,S/A POW,149,Lord of the Lamp,22,1.0742
24,High Mage Anubisius,S/A POW,157,Firegrass,22,1.0742
24,High Mage Anubisius,S/A POW,158,Man Eater,22,1.0742
24,High Mage Anubisius,S/A POW,164,Lord of Zemia,22,1.0742
24,High Mage Anubisius,S/A POW,166,Mysterious Puppeteer,22,1.0742
24,High Mage Anubisius,S/A POW,171,Big Eye,22,1.0742
24,High Mage Anubisius,S/A POW,180,Arlownay,22,1.0742
24,High Mage Anubisius,S/A POW,186,Fiend Refrection #2,22,1.0742
24,High Mage Anubisius,S/A POW,193,Turtle Tiger,22,1.0742
24,High Mage Anubisius,S/A POW,194,Terra the Terrible,22,1.0742
24,High Mage Anubisius,S/A POW,196,Arma Knight,22,1.0742
24,High Mage Anubisius,S/A POW,201,Frenzied Panda,22,1.0742
24,High Mage Anubisius,S/A POW,209,Winged Cleaver,22,1.0742
24,High Mage Anubisius,S/A POW,220,Masked Sorcerer,22,1.0742
24,High Mage Anubisius,S/A POW,221,Kumootoko,22,1.0742
24,High Mage Anubisius,S/A POW,225,Fiend Sword,22,1.0742
24,High Mage Anubisius,S/A POW,233,Dark Titan of Terror,22,1.0742
24,High Mage Anubisius,S/A POW,236,Guardian of the Labyrinth,22,1.0742
24,High Mage Anubisius,S/A POW,248,Master & Expert,22,1.0742
24,High Mage Anubisius,S/A POW,255,Prevent Rat,22,1.0742
24,High Mage Anubisius,S/A POW,256,Dimensional Warrior,22,1.0742
24,High Mage Anubisius,S/A POW,259,Ancient Sorcerer,22,1.0742
24,High Mage Anubisius,S/A POW,272,Mavelus,22,1.0742
24,High Mage Anubisius,S/A POW,273,Ancient Tree of Enlightenment,22,1.0742
24,High Mage Anubisius,S/A POW,274,Green Phantom King,22,1.0742
24,High Mage Anubisius,S/A POW,280,Protector of the Throne,22,1.0742
24,High Mage Anubisius,S/A POW,291,Fireyarou,22,1.0742
24,High Mage Anubisius,S/A POW,293,Masaki the Legendary Swordsman,22,1.0742
24,High Mage Anubisius,S/A POW,330,Forest,30,1.4648
24,High Mage Anubisius,S/A POW,367,Jirai Gumo,2,0.0977
24,High Mage Anubisius,S/A POW,406,Yaiba Robo,22,1.0742
24,High Mage Anubisius,S/A POW,412,Giga-tech Wolf,22,1.0742
24,High Mage Anubisius,S/A POW,459,Tripwire Beast,22,1.0742
24,High Mage Anubisius,S/A POW,476,Ganigumo,22,1.0742
24,High Mage Anubisius,S/A POW,477,Alinsection,22,1.0742
24,High Mage Anubisius,S/A POW,478,Insect Soldiers of the Sky,22,1.0742
24,High Mage Anubisius,S/A POW,479,Cockroach Knight,22,1.0742
24,High Mage Anubisius,S/A POW,496,Wilmee,22,1.0742
24,High Mage Anubisius,S/A POW,501,Man-eater Bug,22,1.0742
24,High Mage Anubisius,S/A POW,506,Gale Dogra,22,1.0742
24,High Mage Anubisius,S/A POW,510,Laughing Flower,22,1.0742
24,High Mage Anubisius,S/A POW,511,Bean Soldier,22,1.0742
24,High Mage Anubisius,S/A POW,514,Brave Scizzar,22,1.0742
24,High Mage Anubisius,S/A POW,534,Minar,22,1.0742
24,High Mage Anubisius,S/A POW,552,Winged Dragon #2,22,1.0742
24,High Mage Anubisius,S/A POW,567,Darkworld Thorns,22,1.0742
24,High Mage Anubisius,S/A POW,576,Giant Scorpion of the Tundra,22,1.0742
24,High Mage Anubisius,S/A POW,579,Abyss Flower,22,1.0742
24,High Mage Anubisius,S/A POW,589,Tentacle Plant,22,1.0742
24,High Mage Anubisius,S/A POW,594,Rose Spectre of Dunn,22,1.0742
24,High Mage Anubisius,S/A POW,608,Shining Friendship,22,1.0742
24,High Mage Anubisius,S/A POW,609,Bladefly,22,1.0742
24,High Mage Anubisius,S/A POW,620,Snakeyashi,42,2.0508
24,High Mage Anubisius,S/A POW,638,Queen of Autumn Leaves,22,1.0742
24,High Mage Anubisius,S/A POW,643,Disk Magician,22,1.0742
24,High Mage Anubisius,B/C/D,3,Hitotsu-me Giant,24,1.1719
24,High Mage Anubisius,B/C/D,8,Mushroom Man,24,1.1719
24,High Mage Anubisius,B/C/D,10,Blackland Fire Dragon,24,1.1719
24,High Mage Anubisius,B/C/D,13,Tyhone,24,1.1719
24,High Mage Anubisius,B/C/D,19,Right Arm of the Forbidden One,6,0.293
24,High Mage Anubisius,B/C/D,25,Horn Imp,24,1.1719
24,High Mage Anubisius,B/C/D,41,Celtic Guardian,24,1.1719
24,High Mage Anubisius,B/C/D,44,Rogue Doll,24,1.1719
24,High Mage Anubisius,B/C/D,49,Big Insect,72,3.5156
24,High Mage Anubisius,B/C/D,50,Basic Insect,72,3.5156
24,High Mage Anubisius,B/C/D,53,Killer Needle,102,4.9805
24,High Mage Anubisius,B/C/D,54,Gokibore,102,4.9805
24,High Mage Anubisius,B/C/D,55,Giant Flea,72,3.5156
24,High Mage Anubisius,B/C/D,70,Fiend Kraken,26,1.2695
24,High Mage Anubisius,B/C/D,77,Grappler,26,1.2695
24,High Mage Anubisius,B/C/D,80,Uraby,26,1.2695
24,High Mage Anubisius,B/C/D,109,Goddess with the Third Eye,26,1.2695
24,High Mage Anubisius,B/C/D,115,Kamion Wizard,26,1.2695
24,High Mage Anubisius,B/C/D,116,Nightmare Scorpion,26,1.2695
24,High Mage Anubisius,B/C/D,119,Trial of Nightmares,26,1.2695
24,High Mage Anubisius,B/C/D,121,Sleeping Lion,26,1.2695
24,High Mage Anubisius,B/C/D,125,Faith Bird,22,1.0742
24,High Mage Anubisius,B/C/D,141,Spiked Snail,22,1.0742
24,High Mage Anubisius,B/C/D,149,Lord of the Lamp,22,1.0742
24,High Mage Anubisius,B/C/D,157,Firegrass,22,1.0742
24,High Mage Anubisius,B/C/D,158,Man Eater,22,1.0742
24,High Mage Anubisius,B/C/D,164,Lord of Zemia,22,1.0742
24,High Mage Anubisius,B/C/D,166,Mysterious Puppeteer,22,1.0742
24,High Mage Anubisius,B/C/D,171,Big Eye,22,1.0742
24,High Mage Anubisius,B/C/D,180,Arlownay,22,1.0742
24,High Mage Anubisius,B/C/D,186,Fiend Refrection #2,22,1.0742
24,High Mage Anubisius,B/C/D,193,Turtle Tiger,22,1.0742
24,High Mage Anubisius,B/C/D,194,Terra the Terrible,22,1.0742
24,High Mage Anubisius,B/C/D,196,Arma Knight,22,1.0742
24,High Mage Anubisius,B/C/D,201,Frenzied Panda,22,1.0742
24,High Mage Anubisius,B/C/D,209,Winged Cleaver,22,1.0742
24,High Mage Anubisius,B/C/D,220,Masked Sorcerer,22,1.0742
24,High Mage Anubisius,B/C/D,221,Kumootoko,22,1.0742
24,High Mage Anubisius,B/C/D,225,Fiend Sword,22,1.0742
24,High Mage Anubisius,B/C/D,233,Dark Titan of Terror,22,1.0742
24,High Mage Anubisius,B/C/D,236,Guardian of the Labyrinth,22,1.0742
24,High Mage Anubisius,B/C/D,248,Master & Expert,22,1.0742
24,High Mage Anubisius,B/C/D,255,Prevent Rat,22,1.0742
24,High Mage Anubisius,B/C/D,256,Dimensional Warrior,22,1.0742
24,High Mage Anubisius,B/C/D,259,Ancient Sorcerer,22,1.0742
24,High Mage Anubisius,B/C/D,272,Mavelus,22,1.0742
24,High Mage Anubisius,B/C/D,273,Ancient Tree of Enlightenment,22,1.0742
24,High Mage Anubisius,B/C/D,274,Green Phantom King,22,1.0742
24,High Mage Anubisius,B/C/D,280,Protector of the Throne,22,1.0742
24,High Mage Anubisius,B/C/D,291,Fireyarou,22,1.0742
24,High Mage Anubisius,B/C/D,293,Masaki the Legendary Swordsman,22,1.0742
24,High Mage Anubisius,B/C/D,330,Forest,36,1.7578
24,High Mage Anubisius,B/C/D,367,Jirai Gumo,2,0.0977
24,High Mage Anubisius,B/C/D,406,Yaiba Robo,22,1.0742
24,High Mage Anubisius,B/C/D,412,Giga-tech Wolf,22,1.0742
24,High Mage Anubisius,B/C/D,459,Tripwire Beast,22,1.0742
24,High Mage Anubisius,B/C/D,476,Ganigumo,22,1.0742
24,High Mage Anubisius,B/C/D,477,Alinsection,22,1.0742
24,High Mage Anubisius,B/C/D,478,Insect Soldiers of the Sky,22,1.0742
24,High Mage Anubisius,B/C/D,479,Cockroach Knight,22,1.0742
24,High Mage Anubisius,B/C/D,496,Wilmee,22,1.0742
24,High Mage Anubisius,B/C/D,501,Man-eater Bug,22,1.0742
24,High Mage Anubisius,B/C/D,506,Gale Dogra,22,1.0742
24,High Mage Anubisius,B/C/D,510,Laughing Flower,22,1.0742
24,High Mage Anubisius,B/C/D,511,Bean Soldier,22,1.0742
24,High Mage Anubisius,B/C/D,514,Brave Scizzar,22,1.0742
24,High Mage Anubisius,B/C/D,534,Minar,22,1.0742
24,High Mage Anubisius,B/C/D,552,Winged Dragon #2,22,1.0742
24,High Mage Anubisius,B/C/D,567,Darkworld Thorns,22,1.0742
24,High Mage Anubisius,B/C/D,576,Giant Scorpion of the Tundra,22,1.0742
24,High Mage Anubisius,B/C/D,579,Abyss Flower,22,1.0742
24,High Mage Anubisius,B/C/D,589,Tentacle Plant,22,1.0742
24,High Mage Anubisius,B/C/D,608,Shining Friendship,22,1.0742
24,High Mage Anubisius,B/C/D,609,Bladefly,22,1.0742
24,High Mage Anubisius,B/C/D,620,Snakeyashi,42,2.0508
24,High Mage Anubisius,B/C/D,638,Queen of Autumn Leaves,22,1.0742
24,High Mage Anubisius,B/C/D,643,Disk Magician,22,1.0742
24,High Mage Anubisius,S/A TEC,3,Hitotsu-me Giant,21,1.0254
24,High Mage Anubisius,S/A TEC,8,Mushroom Man,21,1.0254
24,High Mage Anubisius,S/A TEC,10,Blackland Fire Dragon,21,1.0254
24,High Mage Anubisius,S/A TEC,13,Tyhone,21,1.0254
24,High Mage Anubisius,S/A TEC,19,Right Arm of the Forbidden One,5,0.2441
24,High Mage Anubisius,S/A TEC,25,Horn Imp,21,1.0254
24,High Mage Anubisius,S/A TEC,41,Celtic Guardian,21,1.0254
24,High Mage Anubisius,S/A TEC,44,Rogue Doll,21,1.0254
24,High Mage Anubisius,S/A TEC,49,Big Insect,66,3.2227
24,High Mage Anubisius,S/A TEC,50,Basic Insect,66,3.2227
24,High Mage Anubisius,S/A TEC,53,Killer Needle,93,4.541
24,High Mage Anubisius,S/A TEC,54,Gokibore,93,4.541
24,High Mage Anubisius,S/A TEC,55,Giant Flea,66,3.2227
24,High Mage Anubisius,S/A TEC,70,Fiend Kraken,21,1.0254
24,High Mage Anubisius,S/A TEC,77,Grappler,21,1.0254
24,High Mage Anubisius,S/A TEC,80,Uraby,21,1.0254
24,High Mage Anubisius,S/A TEC,109,Goddess with the Third Eye,21,1.0254
24,High Mage Anubisius,S/A TEC,115,Kamion Wizard,21,1.0254
24,High Mage Anubisius,S/A TEC,116,Nightmare Scorpion,21,1.0254
24,High Mage Anubisius,S/A TEC,119,Trial of Nightmares,21,1.0254
24,High Mage Anubisius,S/A TEC,121,Sleeping Lion,21,1.0254
24,High Mage Anubisius,S/A TEC,125,Faith Bird,20,0.9766
24,High Mage Anubisius,S/A TEC,141,Spiked Snail,20,0.9766
24,High Mage Anubisius,S/A TEC,149,Lord of the Lamp,20,0.9766
24,High Mage Anubisius,S/A TEC,157,Firegrass,20,0.9766
24,High Mage Anubisius,S/A TEC,158,Man Eater,20,0.9766
24,High Mage Anubisius,S/A TEC,164,Lord of Zemia,20,0.9766
24,High Mage Anubisius,S/A TEC,166,Mysterious Puppeteer,20,0.9766
24,High Mage Anubisius,S/A TEC,171,Big Eye,20,0.9766
24,High Mage Anubisius,S/A TEC,180,Arlownay,20,0.9766
24,High Mage Anubisius,S/A TEC,186,Fiend Refrection #2,20,0.9766
24,High Mage Anubisius,S/A TEC,193,Turtle Tiger,20,0.9766
24,High Mage Anubisius,S/A TEC,194,Terra the Terrible,20,0.9766
24,High Mage Anubisius,S/A TEC,196,Arma Knight,20,0.9766
24,High Mage Anubisius,S/A TEC,201,Frenzied Panda,20,0.9766
24,High Mage Anubisius,S/A TEC,209,Winged Cleaver,20,0.9766
24,High Mage Anubisius,S/A TEC,220,Masked Sorcerer,20,0.9766
24,High Mage Anubisius,S/A TEC,221,Kumootoko,20,0.9766
24,High Mage Anubisius,S/A TEC,225,Fiend Sword,20,0.9766
24,High Mage Anubisius,S/A TEC,233,Dark Titan of Terror,20,0.9766
24,High Mage Anubisius,S/A TEC,236,Guardian of the Labyrinth,20,0.9766
24,High Mage Anubisius,S/A TEC,248,Master & Expert,20,0.9766
24,High Mage Anubisius,S/A TEC,255,Prevent Rat,20,0.9766
24,High Mage Anubisius,S/A TEC,256,Dimensional Warrior,20,0.9766
24,High Mage Anubisius,S/A TEC,259,Ancient Sorcerer,20,0.9766
24,High Mage Anubisius,S/A TEC,272,Mavelus,20,0.9766
24,High Mage Anubisius,S/A TEC,273,Ancient Tree of Enlightenment,20,0.9766
24,High Mage Anubisius,S/A TEC,274,Green Phantom King,20,0.9766
24,High Mage Anubisius,S/A TEC,280,Protector of the Throne,20,0.9766
24,High Mage Anubisius,S/A TEC,291,Fireyarou,20,0.9766
24,High Mage Anubisius,S/A TEC,293,Masaki the Legendary Swordsman,20,0.9766
24,High Mage Anubisius,S/A TEC,305,Laser Cannon Armor,36,1.7578
24,High Mage Anubisius,S/A TEC,306,Insect Armor with Laser Cannon,36,1.7578
24,High Mage Anubisius,S/A TEC,325,Machine Conversion Factory,36,1.7578
24,High Mage Anubisius,S/A TEC,330,Forest,36,1.7578
24,High Mage Anubisius,S/A TEC,406,Yaiba Robo,20,0.9766
24,High Mage Anubisius,S/A TEC,412,Giga-tech Wolf,20,0.9766
24,High Mage Anubisius,S/A TEC,459,Tripwire Beast,20,0.9766
24,High Mage Anubisius,S/A TEC,476,Ganigumo,20,0.9766
24,High Mage Anubisius,S/A TEC,477,Alinsection,20,0.9766
24,High Mage Anubisius,S/A TEC,478,Insect Soldiers of the Sky,20,0.9766
24,High Mage Anubisius,S/A TEC,479,Cockroach Knight,20,0.9766
24,High Mage Anubisius,S/A TEC,496,Wilmee,20,0.9766
24,High Mage Anubisius,S/A TEC,501,Man-eater Bug,20,0.9766
24,High Mage Anubisius,S/A TEC,506,Gale Dogra,20,0.9766
24,High Mage Anubisius,S/A TEC,510,Laughing Flower,20,0.9766
24,High Mage Anubisius,S/A TEC,511,Bean Soldier,20,0.9766
24,High Mage Anubisius,S/A TEC,514,Brave Scizzar,20,0.9766
24,High Mage Anubisius,S/A TEC,534,Minar,20,0.9766
24,High Mage Anubisius,S/A TEC,552,Winged Dragon #2,20,0.9766
24,High Mage Anubisius,S/A TEC,567,Darkworld Thorns,20,0.9766
24,High Mage Anubisius,S/A TEC,576,Giant Scorpion of the Tundra,20,0.9766
24,High Mage Anubisius,S/A TEC,579,Abyss Flower,20,0.9766
24,High Mage Anubisius,S/A TEC,589,Tentacle Plant,20,0.9766
24,High Mage Anubisius,S/A TEC,608,Shining Friendship,20,0.9766
24,High Mage Anubisius,S/A TEC,609,Bladefly,20,0.9766
24,High Mage Anubisius,S/A TEC,620,Snakeyashi,42,2.0508
24,High Mage Anubisius,S/A TEC,643,Disk Magician,20,0.9766
24,High Mage Anubisius,S/A TEC,662,Eradicating Aerosol,40,1.9531
24,High Mage Anubisius,S/A TEC,683,Bear Trap,26,1.2695
24,High Mage Anubisius,S/A TEC,684,Invisible Wire,26,1.2695
24,High Mage Anubisius,S/A TEC,688,Bad Reaction to Simochi,26,1.2695
24,High Mage Anubisius,deck,3,Hitotsu-me Giant,4,0.1953
24,High Mage Anubisius,deck,10,Blackland Fire Dragon,4,0.1953
24,High Mage Anubisius,deck,14,Battle Steer,32,1.5625
24,High Mage Anubisius,deck,23,The Wicked Worm Beast,4,0.1953
24,High Mage Anubisius,deck,25,Horn Imp,4,0.1953
24,High Mage Anubisius,deck,26,Battle Ox,16,0.7812
24,High Mage Anubisius,deck,27,Beaver Warrior,16,0.7812
24,High Mage Anubisius,deck,28,Rock Ogre Grotto #1,4,0.1953
24,High Mage Anubisius,deck,30,Zombie Warrior,4,0.1953
24,High Mage Anubisius,deck,34,Saggi the Dark Clown,4,0.1953
24,High Mage Anubisius,deck,40,Dragon Piper,4,0.1953
24,High Mage Anubisius,deck,46,Griffore,16,0.7812
24,High Mage Anubisius,deck,49,Big Insect,16,0.7812
24,High Mage Anubisius,deck,52,Hercules Beetle,32,1.5625
24,High Mage Anubisius,deck,53,Killer Needle,4,0.1953
24,High Mage Anubisius,deck,54,Gokibore,16,0.7812
24,High Mage Anubisius,deck,55,Giant Flea,16,0.7812
24,High Mage Anubisius,deck,57,Great Moth,48,2.3438
24,High Mage Anubisius,deck,59,Mammoth Graveyard,4,0.1953
24,High Mage Anubisius,deck,60,Great White,4,0.1953
24,High Mage Anubisius,deck,61,Wolf,4,0.1953
24,High Mage Anubisius,deck,64,Tiger Axe,4,0.1953
24,High Mage Anubisius,deck,65,Silver Fang,4,0.1953
24,High Mage Anubisius,deck,67,Perfectly Ultimate Great Moth,48,2.3438
24,High Mage Anubisius,deck,68,Garoozis,32,1.5625
24,High Mage Anubisius,deck,72,Cocoon of Evolution,4,0.1953
24,High Mage Anubisius,deck,76,Krokodilus,4,0.1953
24,High Mage Anubisius,deck,80,Uraby,4,0.1953
24,High Mage Anubisius,deck,91,Mystic Horseman,16,0.7812
24,High Mage Anubisius,deck,92,Rabid Horseman,48,2.3438
24,High Mage Anubisius,deck,103,Job-change Mirror,4,0.1953
24,High Mage Anubisius,deck,109,Goddess with the Third Eye,4,0.1953
24,High Mage Anubisius,deck,110,Hero of the East,4,0.1953
24,High Mage Anubisius,deck,112,That Which Feeds on Life,4,0.1953
24,High Mage Anubisius,deck,115,Kamion Wizard,4,0.1953
24,High Mage Anubisius,deck,118,Supporter in the Shadows,4,0.1953
24,High Mage Anubisius,deck,119,Trial of Nightmares,4,0.1953
24,High Mage Anubisius,deck,120,Dream Clown,4,0.1953
24,High Mage Anubisius,deck,121,Sleeping Lion,4,0.1953
24,High Mage Anubisius,deck,132,The 13th Grave,4,0.1953
24,High Mage Anubisius,deck,138,Dragon Statue,4,0.1953
24,High Mage Anubisius,deck,140,Toad Master,4,0.1953
24,High Mage Anubisius,deck,141,Spiked Snail,4,0.1953
24,High Mage Anubisius,deck,146,Temple of Skulls,4,0.1953
24,High Mage Anubisius,deck,153,Dokuroizo the Grim Reaper,4,0.1953
24,High Mage Anubisius,deck,162,Tainted Wisdom,4,0.1953
24,High Mage Anubisius,deck,163,Lisark,16,0.7812
24,High Mage Anubisius,deck,164,Lord of Zemia,4,0.1953
24,High Mage Anubisius,deck,165,The Judgement Hand,4,0.1953
24,High Mage Anubisius,deck,169,Dark King of the Abyss,4,0.1953
24,High Mage Anubisius,deck,171,Big Eye,4,0.1953
24,High Mage Anubisius,deck,172,Armaill,4,0.1953
24,High Mage Anubisius,deck,181,Dark Shade,4,0.1953
24,High Mage Anubisius,deck,196,Arma Knight,4,0.1953
24,High Mage Anubisius,deck,201,Frenzied Panda,4,0.1953
24,High Mage Anubisius,deck,219,Solitude,4,0.1953
24,High Mage Anubisius,deck,220,Masked Sorcerer,4,0.1953
24,High Mage Anubisius,deck,221,Kumootoko,4,0.1953
24,High Mage Anubisius,deck,225,Fiend Sword,4,0.1953
24,High Mage Anubisius,deck,231,Wood Clown,4,0.1953
24,High Mage Anubisius,deck,233,Dark Titan of Terror,4,0.1953
24,High Mage Anubisius,deck,234,Beautiful Headhuntress,4,0.1953
24,High Mage Anubisius,deck,235,Wodan the Resident of the Forest,4,0.1953
24,High Mage Anubisius,deck,236,Guardian of the Labyrinth,4,0.1953
24,High Mage Anubisius,deck,241,Dark Assailant,4,0.1953
24,High Mage Anubisius,deck,246,One Who Hunts Souls,4,0.1953
24,High Mage Anubisius,deck,248,Master & Expert,4,0.1953
24,High Mage Anubisius,deck,250,Hyo,4,0.1953
24,High Mage Anubisius,deck,251,Enchanting Mermaid,4,0.1953
24,High Mage Anubisius,deck,252,Nekogal #1,4,0.1953
24,High Mage Anubisius,deck,255,Prevent Rat,4,0.1953
24,High Mage Anubisius,deck,256,Dimensional Warrior,4,0.1953
24,High Mage Anubisius,deck,257,Stone Armadiller,4,0.1953
24,High Mage Anubisius,deck,258,Beastking of the Swamps,4,0.1953
24,High Mage Anubisius,deck,259,Ancient Sorcerer,4,0.1953
24,High Mage Anubisius,deck,262,The Little Swordsman of Aile,4,0.1953
24,High Mage Anubisius,deck,263,Rock Ogre Grotto #2,4,0.1953
24,High Mage Anubisius,deck,269,Versago the Destroyer,4,0.1953
24,High Mage Anubisius,deck,272,Mavelus,4,0.1953
24,High Mage Anubisius,deck,273,Ancient Tree of Enlightenment,4,0.1953
24,High Mage Anubisius,deck,274,Green Phantom King,4,0.1953
24,High Mage Anubisius,deck,276,Ray & Temperature,4,0.1953
24,High Mage Anubisius,deck,280,Protector of the Throne,4,0.1953
24,High Mage Anubisius,deck,284,Tao the Chanter,4,0.1953
24,High Mage Anubisius,deck,287,Ogre of the Black Shadow,16,0.7812
24,High Mage Anubisius,deck,288,Dark Artist,4,0.1953
24,High Mage Anubisius,deck,290,Moon Envoy,4,0.1953
24,High Mage Anubisius,deck,291,Fireyarou,4,0.1953
24,High Mage Anubisius,deck,293,Masaki the Legendary Swordsman,4,0.1953
24,High Mage Anubisius,deck,294,Dragoness the Wicked Knight,4,0.1953
24,High Mage Anubisius,deck,296,One-eyed Shield Dragon,4,0.1953
24,High Mage Anubisius,deck,299,Sonic Maid,4,0.1953
24,High Mage Anubisius,deck,304,Axe of Despair,24,1.1719
24,High Mage Anubisius,deck,305,Laser Cannon Armor,24,1.1719
24,High Mage Anubisius,deck,306,Insect Armor with Laser Cannon,24,1.1719
24,High Mage Anubisius,deck,308,Beast Fangs,72,3.5156
24,High Mage Anubisius,deck,310,Vile Germs,72,3.5156
24,High Mage Anubisius,deck,319,Mystical Moon,72,3.5156
24,High Mage Anubisius,deck,330,Forest,72,3.5156
24,High Mage Anubisius,deck,348,Swords of Revealing Light,24,1.1719
24,High Mage Anubisius,deck,354,Stuffed Animal,4,0.1953
24,High Mage Anubisius,deck,361,Flying Penguin,4,0.1953
24,High Mage Anubisius,deck,363,Fairy's Gift,4,0.1953
24,High Mage Anubisius,deck,367,Jirai Gumo,4,0.1953
24,High Mage Anubisius,deck,375,Dungeon Worm,32,1.5625
24,High Mage Anubisius,deck,381,Toon Alligator,4,0.1953
24,High Mage Anubisius,deck,382,Rude Kaiser,32,1.5625
24,High Mage Anubisius,deck,384,Dark Rabbit,16,0.7812
24,High Mage Anubisius,deck,403,Leogun,32,1.5625
24,High Mage Anubisius,deck,404,Tatsunootoshigo,16,0.7812
24,High Mage Anubisius,deck,406,Yaiba Robo,4,0.1953
24,High Mage Anubisius,deck,414,Shovel Crusher,4,0.1953
24,High Mage Anubisius,deck,430,Water Magician,4,0.1953
24,High Mage Anubisius,deck,435,Water Girl,4,0.1953
24,High Mage Anubisius,deck,445,Guardian of the Sea,4,0.1953
24,High Mage Anubisius,deck,450,Kappa Avenger,4,0.1953
24,High Mage Anubisius,deck,453,Millennium Golem,48,2.3438
24,High Mage Anubisius,deck,455,Barrel Rock,4,0.1953
24,High Mage Anubisius,deck,457,Stone Ghost,4,0.1953
24,High Mage Anubisius,deck,473,Vermillion Sparrow,32,1.5625
24,High Mage Anubisius,deck,474,Sea Kamen,4,0.1953
24,High Mage Anubisius,deck,480,Kuwagata α,4,0.1953
24,High Mage Anubisius,deck,483,Garvas,48,2.3438
24,High Mage Anubisius,deck,487,Flower Wolf,32,1.5625
24,High Mage Anubisius,deck,496,Wilmee,4,0.1953
24,High Mage Anubisius,deck,502,D. Human,4,0.1953
24,High Mage Anubisius,deck,511,Bean Soldier,16,0.7812
24,High Mage Anubisius,deck,514,Brave Scizzar,4,0.1953
24,High Mage Anubisius,deck,528,Togex,32,1.5625
24,High Mage Anubisius,deck,529,Flame Cerebrus,48,2.3438
24,High Mage Anubisius,deck,533,Kwagar Hercules,48,2.3438
24,High Mage Anubisius,deck,535,Kamakiriman,4,0.1953
24,High Mage Anubisius,deck,543,Tongyo,4,0.1953
24,High Mage Anubisius,deck,546,Wow Warrior,4,0.1953
24,High Mage Anubisius,deck,550,Behegon,4,0.1953
24,High Mage Anubisius,deck,552,Winged Dragon #2,4,0.1953
24,High Mage Anubisius,deck,560,Invader from Another Dimension,4,0.1953
24,High Mage Anubisius,deck,561,Lesser Dragon,4,0.1953
24,High Mage Anubisius,deck,566,Yormungarde,4,0.1953
24,High Mage Anubisius,deck,567,Darkworld Thorns,4,0.1953
24,High Mage Anubisius,deck,570,Trakadon,4,0.1953
24,High Mage Anubisius,deck,574,Witch of the Black Forest,4,0.1953
24,High Mage Anubisius,deck,575,Ancient One of the Deep Forest,48,2.3438
24,High Mage Anubisius,deck,576,Giant Scorpion of the Tundra,4,0.1953
24,High Mage Anubisius,deck,584,Binding Chain,4,0.1953
24,High Mage Anubisius,deck,587,Mon Larvas,16,0.7812
24,High Mage Anubisius,deck,588,Living Vase,4,0.1953
24,High Mage Anubisius,deck,594,Rose Spectre of Dunn,48,2.3438
24,High Mage Anubisius,deck,597,Pale Beast,16,0.7812
24,High Mage Anubisius,deck,599,Violent Rain,4,0.1953
24,High Mage Anubisius,deck,600,Key Mace #2,4,0.1953
24,High Mage Anubisius,deck,601,Tenderness,4,0.1953
24,High Mage Anubisius,deck,603,Fairy Dragon,4,0.1953
24,High Mage Anubisius,deck,607,Great Bill,4,0.1953
24,High Mage Anubisius,deck,608,Shining Friendship,4,0.1953
24,High Mage Anubisius,deck,614,Hunter Spider,32,1.5625
24,High Mage Anubisius,deck,615,Armored Starfish,4,0.1953
24,High Mage Anubisius,deck,616,Hourglass of Courage,4,0.1953
24,High Mage Anubisius,deck,620,Snakeyashi,4,0.1953
24,High Mage Anubisius,deck,627,Nekogal #2,48,2.3438
24,High Mage Anubisius,deck,637,Trent,32,1.5625
24,High Mage Anubisius,deck,638,Queen of Autumn Leaves,32,1.5625
24,High Mage Anubisius,deck,643,Disk Magician,4,0.1953
24,High Mage Anubisius,deck,647,Hyosube,4,0.1953
24,High Mage Anubisius,deck,672,Harpie's Feather Duster,24,1.1719
24,High Mage Anubisius,deck,678,Revival of Sennen Genjin,24,1.1719
24,High Mage Anubisius,deck,717,Javelin Beetle,48,2.3438
25,Mountain Mage,S/A POW,9,Shadow Specter,72,3.5156
25,Mountain Mage,S/A POW,20,Left Arm of the Forbidden One,8,0.3906
25,Mountain Mage,S/A POW,24,Skull Servant,72,3.5156
25,Mountain Mage,S/A POW,58,Kuriboh,72,3.5156
25,Mountain Mage,S/A POW,94,Crawling Dragon,12,0.5859
25,Mountain Mage,S/A POW,111,Doma The Angel of Silence,12,0.5859
25,Mountain Mage,S/A POW,112,That Which Feeds on Life,11,0.5371
25,Mountain Mage,S/A POW,123,Dark Plant,72,3.5156
25,Mountain Mage,S/A POW,146,Temple of Skulls,11,0.5371
25,Mountain Mage,S/A POW,153,Dokuroizo the Grim Reaper,11,0.5371
25,Mountain Mage,S/A POW,165,The Judgement Hand,11,0.5371
25,Mountain Mage,S/A POW,167,Ancient Jar,72,3.5156
25,Mountain Mage,S/A POW,192,Key Mace,72,3.5156
25,Mountain Mage,S/A POW,234,Beautiful Headhuntress,11,0.5371
25,Mountain Mage,S/A POW,241,Dark Assailant,11,0.5371
25,Mountain Mage,S/A POW,289,Change Slime,72,3.5156
25,Mountain Mage,S/A POW,332,Mountain,20,0.9766
25,Mountain Mage,S/A POW,384,Dark Rabbit,11,0.5371
25,Mountain Mage,S/A POW,387,Mystic Lamp,72,3.5156
25,Mountain Mage,S/A POW,393,Zone Eater,72,3.5156
25,Mountain Mage,S/A POW,396,Ocubeam,12,0.5859
25,Mountain Mage,S/A POW,397,Leghul,72,3.5156
25,Mountain Mage,S/A POW,398,Ooguchi,72,3.5156
25,Mountain Mage,S/A POW,399,Swordsman from a Foreign Land,72,3.5156
25,Mountain Mage,S/A POW,402,Monster Eye,72,3.5156
25,Mountain Mage,S/A POW,408,Giant Mech-soldier,12,0.5859
25,Mountain Mage,S/A POW,409,Metal Dragon,12,0.5859
25,Mountain Mage,S/A POW,411,Bat,72,3.5156
25,Mountain Mage,S/A POW,435,Water Girl,11,0.5371
25,Mountain Mage,S/A POW,437,Deepsea Shark,12,0.5859
25,Mountain Mage,S/A POW,439,Bottom Dweller,12,0.5859
25,Mountain Mage,S/A POW,450,Kappa Avenger,11,0.5371
25,Mountain Mage,S/A POW,458,Kaminari Attack,12,0.5859
25,Mountain Mage,S/A POW,469,Armed Ninja,72,3.5156
25,Mountain Mage,S/A POW,473,Vermillion Sparrow,12,0.5859
25,Mountain Mage,S/A POW,475,Sinister Serpent,72,3.5156
25,Mountain Mage,S/A POW,480,Kuwagata α,11,0.5371
25,Mountain Mage,S/A POW,482,Pragtical,12,0.5859
25,Mountain Mage,S/A POW,484,Ameba,70,3.418
25,Mountain Mage,S/A POW,487,Flower Wolf,12,0.5859
25,Mountain Mage,S/A POW,502,D. Human,11,0.5371
25,Mountain Mage,S/A POW,504,Fungi of the Musk,70,3.418
25,Mountain Mage,S/A POW,509,Bracchio-raidus,6,0.293
25,Mountain Mage,S/A POW,521,Skullbird,12,0.5859
25,Mountain Mage,S/A POW,527,Milus Radiant,70,3.418
25,Mountain Mage,S/A POW,533,Kwagar Hercules,12,0.5859
25,Mountain Mage,S/A POW,542,Misairuzame,12,0.5859
25,Mountain Mage,S/A POW,547,Griggle,70,3.418
25,Mountain Mage,S/A POW,548,Bone Mouse,70,3.418
25,Mountain Mage,S/A POW,557,Steel Ogre Grotto #1,12,0.5859
25,Mountain Mage,S/A POW,558,Pot the Trick,70,3.418
25,Mountain Mage,S/A POW,570,Trakadon,11,0.5371
25,Mountain Mage,S/A POW,580,Patrol Robo,11,0.5371
25,Mountain Mage,S/A POW,618,Warrior of Tradition,11,0.5371
25,Mountain Mage,S/A POW,635,Queen's Double,70,3.418
25,Mountain Mage,S/A POW,637,Trent,12,0.5859
25,Mountain Mage,S/A POW,707,Skull Knight,6,0.293
25,Mountain Mage,S/A POW,712,Meteor Dragon,12,0.5859
25,Mountain Mage,S/A POW,713,Meteor B. Dragon,2,0.0977
25,Mountain Mage,S/A POW,714,Firewing Pegasus,6,0.293
25,Mountain Mage,B/C/D,9,Shadow Specter,72,3.5156
25,Mountain Mage,B/C/D,20,Left Arm of the Forbidden One,6,0.293
25,Mountain Mage,B/C/D,24,Skull Servant,72,3.5156
25,Mountain Mage,B/C/D,58,Kuriboh,72,3.5156
25,Mountain Mage,B/C/D,94,Crawling Dragon,10,0.4883
25,Mountain Mage,B/C/D,111,Doma The Angel of Silence,10,0.4883
25,Mountain Mage,B/C/D,112,That Which Feeds on Life,10,0.4883
25,Mountain Mage,B/C/D,123,Dark Plant,72,3.5156
25,Mountain Mage,B/C/D,146,Temple of Skulls,10,0.4883
25,Mountain Mage,B/C/D,153,Dokuroizo the Grim Reaper,10,0.4883
25,Mountain Mage,B/C/D,165,The Judgement Hand,12,0.5859
25,Mountain Mage,B/C/D,167,Ancient Jar,74,3.6133
25,Mountain Mage,B/C/D,192,Key Mace,74,3.6133
25,Mountain Mage,B/C/D,234,Beautiful Headhuntress,12,0.5859
25,Mountain Mage,B/C/D,241,Dark Assailant,12,0.5859
25,Mountain Mage,B/C/D,289,Change Slime,74,3.6133
25,Mountain Mage,B/C/D,332,Mountain,32,1.5625
25,Mountain Mage,B/C/D,384,Dark Rabbit,12,0.5859
25,Mountain Mage,B/C/D,387,Mystic Lamp,74,3.6133
25,Mountain Mage,B/C/D,393,Zone Eater,74,3.6133
25,Mountain Mage,B/C/D,396,Ocubeam,10,0.4883
25,Mountain Mage,B/C/D,397,Leghul,74,3.6133
25,Mountain Mage,B/C/D,398,Ooguchi,74,3.6133
25,Mountain Mage,B/C/D,399,Swordsman from a Foreign Land,74,3.6133
25,Mountain Mage,B/C/D,402,Monster Eye,74,3.6133
25,Mountain Mage,B/C/D,408,Giant Mech-soldier,10,0.4883
25,Mountain Mage,B/C/D,409,Metal Dragon,10,0.4883
25,Mountain Mage,B/C/D,411,Bat,74,3.6133
25,Mountain Mage,B/C/D,435,Water Girl,12,0.5859
25,Mountain Mage,B/C/D,437,Deepsea Shark,10,0.4883
25,Mountain Mage,B/C/D,439,Bottom Dweller,10,0.4883
25,Mountain Mage,B/C/D,450,Kappa Avenger,12,0.5859
25,Mountain Mage,B/C/D,458,Kaminari Attack,10,0.4883
25,Mountain Mage,B/C/D,469,Armed Ninja,74,3.6133
25,Mountain Mage,B/C/D,473,Vermillion Sparrow,10,0.4883
25,Mountain Mage,B/C/D,475,Sinister Serpent,74,3.6133
25,Mountain Mage,B/C/D,480,Kuwagata α,12,0.5859
25,Mountain Mage,B/C/D,482,Pragtical,10,0.4883
25,Mountain Mage,B/C/D,484,Ameba,72,3.5156
25,Mountain Mage,B/C/D,487,Flower Wolf,10,0.4883
25,Mountain Mage,B/C/D,502,D. Human,12,0.5859
25,Mountain Mage,B/C/D,504,Fungi of the Musk,72,3.5156
25,Mountain Mage,B/C/D,521,Skullbird,10,0.4883
25,Mountain Mage,B/C/D,527,Milus Radiant,72,3.5156
25,Mountain Mage,B/C/D,533,Kwagar Hercules,10,0.4883
25,Mountain Mage,B/C/D,542,Misairuzame,10,0.4883
25,Mountain Mage,B/C/D,547,Griggle,72,3.5156
25,Mountain Mage,B/C/D,548,Bone Mouse,72,3.5156
25,Mountain Mage,B/C/D,557,Steel Ogre Grotto #1,10,0.4883
25,Mountain Mage,B/C/D,558,Pot the Trick,72,3.5156
25,Mountain Mage,B/C/D,570,Trakadon,12,0.5859
25,Mountain Mage,B/C/D,580,Patrol Robo,12,0.5859
25,Mountain Mage,B/C/D,618,Warrior of Tradition,10,0.4883
25,Mountain Mage,B/C/D,635,Queen's Double,72,3.5156
25,Mountain Mage,B/C/D,637,Trent,10,0.4883
25,Mountain Mage,B/C/D,659,Winged Trumpeter,2,0.0977
25,Mountain Mage,B/C/D,712,Meteor Dragon,6,0.293
25,Mountain Mage,B/C/D,714,Firewing Pegasus,2,0.0977
25,Mountain Mage,S/A TEC,9,Shadow Specter,56,2.7344
25,Mountain Mage,S/A TEC,20,Left Arm of the Forbidden One,4,0.1953
25,Mountain Mage,S/A TEC,24,Skull Servant,56,2.7344
25,Mountain Mage,S/A TEC,58,Kuriboh,56,2.7344
25,Mountain Mage,S/A TEC,112,That Which Feeds on Life,8,0.3906
25,Mountain Mage,S/A TEC,123,Dark Plant,56,2.7344
25,Mountain Mage,S/A TEC,146,Temple of Skulls,8,0.3906
25,Mountain Mage,S/A TEC,153,Dokuroizo the Grim Reaper,8,0.3906
25,Mountain Mage,S/A TEC,165,The Judgement Hand,8,0.3906
25,Mountain Mage,S/A TEC,167,Ancient Jar,56,2.7344
25,Mountain Mage,S/A TEC,192,Key Mace,56,2.7344
25,Mountain Mage,S/A TEC,234,Beautiful Headhuntress,8,0.3906
25,Mountain Mage,S/A TEC,241,Dark Assailant,8,0.3906
25,Mountain Mage,S/A TEC,289,Change Slime,56,2.7344
25,Mountain Mage,S/A TEC,307,Elf's Light,18,0.8789
25,Mountain Mage,S/A TEC,308,Beast Fangs,18,0.8789
25,Mountain Mage,S/A TEC,309,Steel Shell,18,0.8789
25,Mountain Mage,S/A TEC,311,Black Pendant,18,0.8789
25,Mountain Mage,S/A TEC,312,Silver Bow and Arrow,18,0.8789
25,Mountain Mage,S/A TEC,323,Book of Secret Arts,20,0.9766
25,Mountain Mage,S/A TEC,327,Follow Wind,20,0.9766
25,Mountain Mage,S/A TEC,332,Mountain,36,1.7578
25,Mountain Mage,S/A TEC,336,Dark Hole,20,0.9766
25,Mountain Mage,S/A TEC,338,Mooyan Curry,36,1.7578
25,Mountain Mage,S/A TEC,339,Red Medicine,36,1.7578
25,Mountain Mage,S/A TEC,340,Goblin's Secret Remedy,36,1.7578
25,Mountain Mage,S/A TEC,341,Soul of the Pure,24,1.1719
25,Mountain Mage,S/A TEC,342,Dian Keto the Cure Master,10,0.4883
25,Mountain Mage,S/A TEC,345,Final Flame,18,0.8789
25,Mountain Mage,S/A TEC,350,Dark-piercing Light,36,1.7578
25,Mountain Mage,S/A TEC,384,Dark Rabbit,8,0.3906
25,Mountain Mage,S/A TEC,387,Mystic Lamp,56,2.7344
25,Mountain Mage,S/A TEC,393,Zone Eater,56,2.7344
25,Mountain Mage,S/A TEC,397,Leghul,56,2.7344
25,Mountain Mage,S/A TEC,398,Ooguchi,56,2.7344
25,Mountain Mage,S/A TEC,399,Swordsman from a Foreign Land,60,2.9297
25,Mountain Mage,S/A TEC,402,Monster Eye,60,2.9297
25,Mountain Mage,S/A TEC,411,Bat,60,2.9297
25,Mountain Mage,S/A TEC,435,Water Girl,8,0.3906
25,Mountain Mage,S/A TEC,450,Kappa Avenger,8,0.3906
25,Mountain Mage,S/A TEC,469,Armed Ninja,60,2.9297
25,Mountain Mage,S/A TEC,475,Sinister Serpent,60,2.9297
25,Mountain Mage,S/A TEC,480,Kuwagata α,8,0.3906
25,Mountain Mage,S/A TEC,484,Ameba,60,2.9297
25,Mountain Mage,S/A TEC,502,D. Human,8,0.3906
25,Mountain Mage,S/A TEC,504,Fungi of the Musk,60,2.9297
25,Mountain Mage,S/A TEC,527,Milus Radiant,60,2.9297
25,Mountain Mage,S/A TEC,547,Griggle,60,2.9297
25,Mountain Mage,S/A TEC,548,Bone Mouse,60,2.9297
25,Mountain Mage,S/A TEC,558,Pot the Trick,60,2.9297
25,Mountain Mage,S/A TEC,570,Trakadon,8,0.3906
25,Mountain Mage,S/A TEC,580,Patrol Robo,8,0.3906
25,Mountain Mage,S/A TEC,635,Queen's Double,60,2.9297
25,Mountain Mage,S/A TEC,655,Cursebreaker,18,0.8789
25,Mountain Mage,S/A TEC,659,Winged Trumpeter,12,0.5859
25,Mountain Mage,S/A TEC,665,Curse of Millennium Shield,8,0.3906
25,Mountain Mage,S/A TEC,666,Yamadron Ritual,8,0.3906
25,Mountain Mage,S/A TEC,671,Zera Ritual,8,0.3906
25,Mountain Mage,S/A TEC,673,War-lion Ritual,8,0.3906
25,Mountain Mage,S/A TEC,674,Beastry Mirror Ritual,8,0.3906
25,Mountain Mage,S/A TEC,676,Commencement Dance,8,0.3906
25,Mountain Mage,S/A TEC,677,Hamburger Recipe,8,0.3906
25,Mountain Mage,S/A TEC,678,Revival of Sennen Genjin,8,0.3906
25,Mountain Mage,S/A TEC,679,Novox's Prayer,8,0.3906
25,Mountain Mage,S/A TEC,680,Curse of Tri-Horned Dragon,8,0.3906
25,Mountain Mage,S/A TEC,681,House of Adhesive Tape,12,0.5859
25,Mountain Mage,S/A TEC,683,Bear Trap,16,0.7812
25,Mountain Mage,S/A TEC,690,Fake Trap,12,0.5859
25,Mountain Mage,S/A TEC,691,Revived of Serpent Night Dragon,8,0.3906
25,Mountain Mage,S/A TEC,692,Turtle Oath,8,0.3906
25,Mountain Mage,S/A TEC,693,Contruct of Mask,8,0.3906
25,Mountain Mage,S/A TEC,694,Resurrection of Chakra,8,0.3906
25,Mountain Mage,S/A TEC,695,Puppet Ritual,8,0.3906
25,Mountain Mage,S/A TEC,697,Garma Sword Oath,8,0.3906
25,Mountain Mage,S/A TEC,698,Cosmo Queen's Prayer,8,0.3906
25,Mountain Mage,S/A TEC,699,Revival of Skeleton Rider,8,0.3906
25,Mountain Mage,S/A TEC,700,Fortress Whale's Oath,8,0.3906
25,Mountain Mage,deck,4,Baby Dragon,24,1.1719
25,Mountain Mage,deck,7,Winged Dragon #1,32,1.5625
25,Mountain Mage,deck,10,Blackland Fire Dragon,32,1.5625
25,Mountain Mage,deck,13,Tyhone,32,1.5625
25,Mountain Mage,deck,31,Koumori Dragon,32,1.5625
25,Mountain Mage,deck,39,Curse of Dragon,32,1.5625
25,Mountain Mage,deck,45,Oscillo Hero #2,24,1.1719
25,Mountain Mage,deck,62,Harpie Lady,32,1.5625
25,Mountain Mage,deck,94,Crawling Dragon,32,1.5625
25,Mountain Mage,deck,117,Spirit of the Books,32,1.5625
25,Mountain Mage,deck,122,Yamatano Dragon Scroll,32,1.5625
25,Mountain Mage,deck,125,Faith Bird,32,1.5625
25,Mountain Mage,deck,168,Darkfire Dragon,64,3.125
25,Mountain Mage,deck,186,Fiend Refrection #2,32,1.5625
25,Mountain Mage,deck,272,Mavelus,32,1.5625
25,Mountain Mage,deck,294,Dragoness the Wicked Knight,64,3.125
25,Mountain Mage,deck,296,One-eyed Shield Dragon,32,1.5625
25,Mountain Mage,deck,298,Wicked Dragon with the Ersatz Head,32,1.5625
25,Mountain Mage,deck,300,Kurama,32,1.5625
25,Mountain Mage,deck,320,Stop Defense,64,3.125
25,Mountain Mage,deck,329,Dragon Capture Jar,120,5.8594
25,Mountain Mage,deck,332,Mountain,160,7.8125
25,Mountain Mage,deck,348,Swords of Revealing Light,40,1.9531
25,Mountain Mage,deck,357,Yamadron,32,1.5625
25,Mountain Mage,deck,383,Parrot Dragon,32,1.5625
25,Mountain Mage,deck,424,Sky Dragon,32,1.5625
25,Mountain Mage,deck,425,Thunder Dragon,32,1.5625
25,Mountain Mage,deck,458,Kaminari Attack,32,1.5625
25,Mountain Mage,deck,459,Tripwire Beast,32,1.5625
25,Mountain Mage,deck,460,Bolt Escargot,32,1.5625
25,Mountain Mage,deck,461,Bolt Penguin,32,1.5625
25,Mountain Mage,deck,462,The Immortal of Thunder,32,1.5625
25,Mountain Mage,deck,463,Electric Snake,32,1.5625
25,Mountain Mage,deck,464,Wing Eagle,32,1.5625
25,Mountain Mage,deck,465,Punished Eagle,32,1.5625
25,Mountain Mage,deck,466,Skull Red Bird,32,1.5625
25,Mountain Mage,deck,468,Queen Bird,32,1.5625
25,Mountain Mage,deck,491,Peacock,32,1.5625
25,Mountain Mage,deck,521,Skullbird,32,1.5625
25,Mountain Mage,deck,522,Monstrous Bird,32,1.5625
25,Mountain Mage,deck,538,Niwatori,32,1.5625
25,Mountain Mage,deck,552,Winged Dragon #2,32,1.5625
25,Mountain Mage,deck,555,Tyhone #2,32,1.5625
25,Mountain Mage,deck,561,Lesser Dragon,32,1.5625
25,Mountain Mage,deck,571,B. Dragon Jungle King,32,1.5625
25,Mountain Mage,deck,577,Crow Goblin,32,1.5625
25,Mountain Mage,deck,581,Takuhee,32,1.5625
25,Mountain Mage,deck,595,Fiend Refrection #1,32,1.5625
25,Mountain Mage,deck,603,Fairy Dragon,32,1.5625
25,Mountain Mage,deck,604,Obese Marmot of Nefariousness,64,3.125
25,Mountain Mage,deck,610,Electric Lizard,32,1.5625
25,Mountain Mage,deck,636,Blue-winged Crown,32,1.5625
25,Mountain Mage,deck,691,Revived of Serpent Night Dragon,48,2.3438
26,High Mage Atenza,S/A POW,2,Mystical Elf,25,1.2207
26,High Mage Atenza,S/A POW,6,Feral Imp,25,1.2207
26,High Mage Atenza,S/A POW,13,Tyhone,75,3.6621
26,High Mage Atenza,S/A POW,20,Left Arm of the Forbidden One,6,0.293
26,High Mage Atenza,S/A POW,26,Battle Ox,25,1.2207
26,High Mage Atenza,S/A POW,27,Beaver Warrior,25,1.2207
26,High Mage Atenza,S/A POW,31,Koumori Dragon,25,1.2207
26,High Mage Atenza,S/A POW,32,Two-headed King Rex,25,1.2207
26,High Mage Atenza,S/A POW,36,The Snake Hair,25,1.2207
26,High Mage Atenza,S/A POW,41,Celtic Guardian,25,1.2207
26,High Mage Atenza,S/A POW,43,Karbonala Warrior,25,1.2207
26,High Mage Atenza,S/A POW,44,Rogue Doll,25,1.2207
26,High Mage Atenza,S/A POW,46,Griffore,25,1.2207
26,High Mage Atenza,S/A POW,49,Big Insect,25,1.2207
26,High Mage Atenza,S/A POW,54,Gokibore,25,1.2207
26,High Mage Atenza,S/A POW,55,Giant Flea,25,1.2207
26,High Mage Atenza,S/A POW,70,Fiend Kraken,25,1.2207
26,High Mage Atenza,S/A POW,71,Jellyfish,25,1.2207
26,High Mage Atenza,S/A POW,78,Axe Raider,25,1.2207
26,High Mage Atenza,S/A POW,81,Crawling Dragon #2,25,1.2207
26,High Mage Atenza,S/A POW,83,Castle of Dark Illusions,25,1.2207
26,High Mage Atenza,S/A POW,86,Barox,25,1.2207
26,High Mage Atenza,S/A POW,89,Catapult Turtle,25,1.2207
26,High Mage Atenza,S/A POW,91,Mystic Horseman,25,1.2207
26,High Mage Atenza,S/A POW,95,Crass Clown,25,1.2207
26,High Mage Atenza,S/A POW,125,Faith Bird,75,3.6621
26,High Mage Atenza,S/A POW,127,Ansatsu,25,1.2207
26,High Mage Atenza,S/A POW,131,Octoberser,25,1.2207
26,High Mage Atenza,S/A POW,136,Witty Phantom,25,1.2207
26,High Mage Atenza,S/A POW,149,Lord of the Lamp,25,1.2207
26,High Mage Atenza,S/A POW,168,Darkfire Dragon,25,1.2207
26,High Mage Atenza,S/A POW,170,Spirit of the Harp,25,1.2207
26,High Mage Atenza,S/A POW,186,Fiend Refrection #2,55,2.6855
26,High Mage Atenza,S/A POW,207,Droll Bird,55,2.6855
26,High Mage Atenza,S/A POW,230,Rare Fish,25,1.2207
26,High Mage Atenza,S/A POW,272,Mavelus,55,2.6855
26,High Mage Atenza,S/A POW,332,Mountain,30,1.4648
26,High Mage Atenza,S/A POW,366,Labyrinth Wall,25,1.2207
26,High Mage Atenza,S/A POW,368,Shadow Ghoul,25,1.2207
26,High Mage Atenza,S/A POW,379,La Jinn the Mystical Genie,25,1.2207
26,High Mage Atenza,S/A POW,386,Harpie's Pet Dragon,2,0.0977
26,High Mage Atenza,S/A POW,405,Saber Slasher,25,1.2207
26,High Mage Atenza,S/A POW,412,Giga-tech Wolf,25,1.2207
26,High Mage Atenza,S/A POW,415,Mechanicalchacer,25,1.2207
26,High Mage Atenza,S/A POW,416,Blocker,25,1.2207
26,High Mage Atenza,S/A POW,460,Bolt Escargot,25,1.2207
26,High Mage Atenza,S/A POW,462,The Immortal of Thunder,25,1.2207
26,High Mage Atenza,S/A POW,464,Wing Eagle,50,2.4414
26,High Mage Atenza,S/A POW,465,Punished Eagle,55,2.6855
26,High Mage Atenza,S/A POW,466,Skull Red Bird,75,3.6621
26,High Mage Atenza,S/A POW,467,Crimson Sunbird,55,2.6855
26,High Mage Atenza,S/A POW,468,Queen Bird,50,2.4414
26,High Mage Atenza,S/A POW,491,Peacock,55,2.6855
26,High Mage Atenza,S/A POW,511,Bean Soldier,25,1.2207
26,High Mage Atenza,S/A POW,512,Cannon Soldier,25,1.2207
26,High Mage Atenza,S/A POW,522,Monstrous Bird,50,2.4414
26,High Mage Atenza,S/A POW,538,Niwatori,50,2.4414
26,High Mage Atenza,S/A POW,552,Winged Dragon #2,50,2.4414
26,High Mage Atenza,S/A POW,577,Crow Goblin,55,2.6855
26,High Mage Atenza,S/A POW,597,Pale Beast,25,1.2207
26,High Mage Atenza,S/A POW,636,Blue-winged Crown,75,3.6621
26,High Mage Atenza,S/A POW,648,Machine Attacker,25,1.2207
26,High Mage Atenza,B/C/D,2,Mystical Elf,30,1.4648
26,High Mage Atenza,B/C/D,6,Feral Imp,30,1.4648
26,High Mage Atenza,B/C/D,13,Tyhone,85,4.1504
26,High Mage Atenza,B/C/D,20,Left Arm of the Forbidden One,5,0.2441
26,High Mage Atenza,B/C/D,26,Battle Ox,30,1.4648
26,High Mage Atenza,B/C/D,27,Beaver Warrior,30,1.4648
26,High Mage Atenza,B/C/D,31,Koumori Dragon,30,1.4648
26,High Mage Atenza,B/C/D,32,Two-headed King Rex,30,1.4648
26,High Mage Atenza,B/C/D,36,The Snake Hair,30,1.4648
26,High Mage Atenza,B/C/D,41,Celtic Guardian,30,1.4648
26,High Mage Atenza,B/C/D,43,Karbonala Warrior,30,1.4648
26,High Mage Atenza,B/C/D,44,Rogue Doll,30,1.4648
26,High Mage Atenza,B/C/D,46,Griffore,30,1.4648
26,High Mage Atenza,B/C/D,49,Big Insect,30,1.4648
26,High Mage Atenza,B/C/D,54,Gokibore,30,1.4648
26,High Mage Atenza,B/C/D,55,Giant Flea,30,1.4648
26,High Mage Atenza,B/C/D,70,Fiend Kraken,30,1.4648
26,High Mage Atenza,B/C/D,71,Jellyfish,30,1.4648
26,High Mage Atenza,B/C/D,78,Axe Raider,30,1.4648
26,High Mage Atenza,B/C/D,81,Crawling Dragon #2,27,1.3184
26,High Mage Atenza,B/C/D,83,Castle of Dark Illusions,27,1.3184
26,High Mage Atenza,B/C/D,86,Barox,27,1.3184
26,High Mage Atenza,B/C/D,89,Catapult Turtle,27,1.3184
26,High Mage Atenza,B/C/D,91,Mystic Horseman,27,1.3184
26,High Mage Atenza,B/C/D,95,Crass Clown,27,1.3184
26,High Mage Atenza,B/C/D,125,Faith Bird,84,4.1016
26,High Mage Atenza,B/C/D,127,Ansatsu,27,1.3184
26,High Mage Atenza,B/C/D,131,Octoberser,27,1.3184
26,High Mage Atenza,B/C/D,136,Witty Phantom,27,1.3184
26,High Mage Atenza,B/C/D,149,Lord of the Lamp,27,1.3184
26,High Mage Atenza,B/C/D,168,Darkfire Dragon,27,1.3184
26,High Mage Atenza,B/C/D,170,Spirit of the Harp,27,1.3184
26,High Mage Atenza,B/C/D,186,Fiend Refrection #2,56,2.7344
26,High Mage Atenza,B/C/D,207,Droll Bird,56,2.7344
26,High Mage Atenza,B/C/D,230,Rare Fish,27,1.3184
26,High Mage Atenza,B/C/D,272,Mavelus,56,2.7344
26,High Mage Atenza,B/C/D,332,Mountain,40,1.9531
26,High Mage Atenza,B/C/D,366,Labyrinth Wall,27,1.3184
26,High Mage Atenza,B/C/D,368,Shadow Ghoul,27,1.3184
26,High Mage Atenza,B/C/D,379,La Jinn the Mystical Genie,27,1.3184
26,High Mage Atenza,B/C/D,405,Saber Slasher,27,1.3184
26,High Mage Atenza,B/C/D,412,Giga-tech Wolf,27,1.3184
26,High Mage Atenza,B/C/D,415,Mechanicalchacer,27,1.3184
26,High Mage Atenza,B/C/D,416,Blocker,27,1.3184
26,High Mage Atenza,B/C/D,460,Bolt Escargot,27,1.3184
26,High Mage Atenza,B/C/D,462,The Immortal of Thunder,27,1.3184
26,High Mage Atenza,B/C/D,464,Wing Eagle,58,2.832
26,High Mage Atenza,B/C/D,466,Skull Red Bird,84,4.1016
26,High Mage Atenza,B/C/D,468,Queen Bird,56,2.7344
26,High Mage Atenza,B/C/D,491,Peacock,58,2.832
26,High Mage Atenza,B/C/D,511,Bean Soldier,27,1.3184
26,High Mage Atenza,B/C/D,512,Cannon Soldier,27,1.3184
26,High Mage Atenza,B/C/D,538,Niwatori,56,2.7344
26,High Mage Atenza,B/C/D,552,Winged Dragon #2,56,2.7344
26,High Mage Atenza,B/C/D,597,Pale Beast,27,1.3184
26,High Mage Atenza,B/C/D,636,Blue-winged Crown,86,4.1992
26,High Mage Atenza,B/C/D,648,Machine Attacker,27,1.3184
26,High Mage Atenza,S/A TEC,2,Mystical Elf,28,1.3672
26,High Mage Atenza,S/A TEC,6,Feral Imp,28,1.3672
26,High Mage Atenza,S/A TEC,13,Tyhone,64,3.125
26,High Mage Atenza,S/A TEC,20,Left Arm of the Forbidden One,2,0.0977
26,High Mage Atenza,S/A TEC,26,Battle Ox,28,1.3672
26,High Mage Atenza,S/A TEC,27,Beaver Warrior,28,1.3672
26,High Mage Atenza,S/A TEC,31,Koumori Dragon,28,1.3672
26,High Mage Atenza,S/A TEC,32,Two-headed King Rex,28,1.3672
26,High Mage Atenza,S/A TEC,36,The Snake Hair,28,1.3672
26,High Mage Atenza,S/A TEC,41,Celtic Guardian,28,1.3672
26,High Mage Atenza,S/A TEC,43,Karbonala Warrior,28,1.3672
26,High Mage Atenza,S/A TEC,44,Rogue Doll,28,1.3672
26,High Mage Atenza,S/A TEC,46,Griffore,28,1.3672
26,High Mage Atenza,S/A TEC,49,Big Insect,28,1.3672
26,High Mage Atenza,S/A TEC,54,Gokibore,28,1.3672
26,High Mage Atenza,S/A TEC,55,Giant Flea,28,1.3672
26,High Mage Atenza,S/A TEC,70,Fiend Kraken,28,1.3672
26,High Mage Atenza,S/A TEC,71,Jellyfish,28,1.3672
26,High Mage Atenza,S/A TEC,78,Axe Raider,28,1.3672
26,High Mage Atenza,S/A TEC,81,Crawling Dragon #2,30,1.4648
26,High Mage Atenza,S/A TEC,83,Castle of Dark Illusions,30,1.4648
26,High Mage Atenza,S/A TEC,86,Barox,30,1.4648
26,High Mage Atenza,S/A TEC,91,Mystic Horseman,30,1.4648
26,High Mage Atenza,S/A TEC,95,Crass Clown,30,1.4648
26,High Mage Atenza,S/A TEC,125,Faith Bird,64,3.125
26,High Mage Atenza,S/A TEC,127,Ansatsu,30,1.4648
26,High Mage Atenza,S/A TEC,136,Witty Phantom,30,1.4648
26,High Mage Atenza,S/A TEC,149,Lord of the Lamp,30,1.4648
26,High Mage Atenza,S/A TEC,168,Darkfire Dragon,30,1.4648
26,High Mage Atenza,S/A TEC,170,Spirit of the Harp,30,1.4648
26,High Mage Atenza,S/A TEC,186,Fiend Refrection #2,40,1.9531
26,High Mage Atenza,S/A TEC,207,Droll Bird,40,1.9531
26,High Mage Atenza,S/A TEC,230,Rare Fish,24,1.1719
26,High Mage Atenza,S/A TEC,272,Mavelus,40,1.9531
26,High Mage Atenza,S/A TEC,307,Elf's Light,28,1.3672
26,High Mage Atenza,S/A TEC,312,Silver Bow and Arrow,28,1.3672
26,High Mage Atenza,S/A TEC,313,Horn of Light,28,1.3672
26,High Mage Atenza,S/A TEC,316,Electro-whip,48,2.3438
26,High Mage Atenza,S/A TEC,317,Cyber Shield,48,2.3438
26,High Mage Atenza,S/A TEC,321,Malevolent Nuzzler,32,1.5625
26,High Mage Atenza,S/A TEC,325,Machine Conversion Factory,28,1.3672
26,High Mage Atenza,S/A TEC,327,Follow Wind,28,1.3672
26,High Mage Atenza,S/A TEC,332,Mountain,40,1.9531
26,High Mage Atenza,S/A TEC,368,Shadow Ghoul,24,1.1719
26,High Mage Atenza,S/A TEC,379,La Jinn the Mystical Genie,24,1.1719
26,High Mage Atenza,S/A TEC,405,Saber Slasher,24,1.1719
26,High Mage Atenza,S/A TEC,412,Giga-tech Wolf,24,1.1719
26,High Mage Atenza,S/A TEC,415,Mechanicalchacer,24,1.1719
26,High Mage Atenza,S/A TEC,416,Blocker,24,1.1719
26,High Mage Atenza,S/A TEC,460,Bolt Escargot,30,1.4648
26,High Mage Atenza,S/A TEC,462,The Immortal of Thunder,30,1.4648
26,High Mage Atenza,S/A TEC,466,Skull Red Bird,64,3.125
26,High Mage Atenza,S/A TEC,468,Queen Bird,40,1.9531
26,High Mage Atenza,S/A TEC,511,Bean Soldier,24,1.1719
26,High Mage Atenza,S/A TEC,512,Cannon Soldier,24,1.1719
26,High Mage Atenza,S/A TEC,538,Niwatori,40,1.9531
26,High Mage Atenza,S/A TEC,552,Winged Dragon #2,40,1.9531
26,High Mage Atenza,S/A TEC,597,Pale Beast,30,1.4648
26,High Mage Atenza,S/A TEC,636,Blue-winged Crown,64,3.125
26,High Mage Atenza,S/A TEC,648,Machine Attacker,24,1.1719
26,High Mage Atenza,S/A TEC,672,Harpie's Feather Duster,40,1.9531
26,High Mage Atenza,S/A TEC,676,Commencement Dance,24,1.1719
26,High Mage Atenza,S/A TEC,684,Invisible Wire,24,1.1719
26,High Mage Atenza,S/A TEC,685,Acid Trap Hole,24,1.1719
26,High Mage Atenza,S/A TEC,687,Goblin Fan,24,1.1719
26,High Mage Atenza,deck,2,Mystical Elf,1,0.0488
26,High Mage Atenza,deck,6,Feral Imp,6,0.293
26,High Mage Atenza,deck,7,Winged Dragon #1,6,0.293
26,High Mage Atenza,deck,10,Blackland Fire Dragon,12,0.5859
26,High Mage Atenza,deck,13,Tyhone,6,0.293
26,High Mage Atenza,deck,26,Battle Ox,12,0.5859
26,High Mage Atenza,deck,27,Beaver Warrior,6,0.293
26,High Mage Atenza,deck,31,Koumori Dragon,12,0.5859
26,High Mage Atenza,deck,32,Two-headed King Rex,6,0.293
26,High Mage Atenza,deck,36,The Snake Hair,12,0.5859
26,High Mage Atenza,deck,37,Gaia the Dragon Champion,32,1.5625
26,High Mage Atenza,deck,39,Curse of Dragon,32,1.5625
26,High Mage Atenza,deck,41,Celtic Guardian,6,0.293
26,High Mage Atenza,deck,43,Karbonala Warrior,12,0.5859
26,High Mage Atenza,deck,44,Rogue Doll,12,0.5859
26,High Mage Atenza,deck,46,Griffore,6,0.293
26,High Mage Atenza,deck,47,Torike,12,0.5859
26,High Mage Atenza,deck,49,Big Insect,6,0.293
26,High Mage Atenza,deck,51,Armored Lizard,12,0.5859
26,High Mage Atenza,deck,54,Gokibore,6,0.293
26,High Mage Atenza,deck,55,Giant Flea,12,0.5859
26,High Mage Atenza,deck,60,Great White,6,0.293
26,High Mage Atenza,deck,62,Harpie Lady,6,0.293
26,High Mage Atenza,deck,63,Harpie Lady Sisters,32,1.5625
26,High Mage Atenza,deck,64,Tiger Axe,6,0.293
26,High Mage Atenza,deck,66,Kojikocy,12,0.5859
26,High Mage Atenza,deck,69,Thousand Dragon,32,1.5625
26,High Mage Atenza,deck,70,Fiend Kraken,6,0.293
26,High Mage Atenza,deck,71,Jellyfish,6,0.293
26,High Mage Atenza,deck,77,Grappler,6,0.293
26,High Mage Atenza,deck,81,Crawling Dragon #2,6,0.293
26,High Mage Atenza,deck,94,Crawling Dragon,32,1.5625
26,High Mage Atenza,deck,95,Crass Clown,6,0.293
26,High Mage Atenza,deck,115,Kamion Wizard,6,0.293
26,High Mage Atenza,deck,117,Spirit of the Books,6,0.293
26,High Mage Atenza,deck,121,Sleeping Lion,1,0.0488
26,High Mage Atenza,deck,125,Faith Bird,12,0.5859
26,High Mage Atenza,deck,136,Witty Phantom,6,0.293
26,High Mage Atenza,deck,149,Lord of the Lamp,6,0.293
26,High Mage Atenza,deck,151,Rhaimundos of the Red Sword,6,0.293
26,High Mage Atenza,deck,163,Lisark,6,0.293
26,High Mage Atenza,deck,166,Mysterious Puppeteer,6,0.293
26,High Mage Atenza,deck,168,Darkfire Dragon,12,0.5859
26,High Mage Atenza,deck,170,Spirit of the Harp,1,0.0488
26,High Mage Atenza,deck,186,Fiend Refrection #2,6,0.293
26,High Mage Atenza,deck,193,Turtle Tiger,6,0.293
26,High Mage Atenza,deck,194,Terra the Terrible,6,0.293
26,High Mage Atenza,deck,216,Dryad,6,0.293
26,High Mage Atenza,deck,217,B. Skull Dragon,32,1.5625
26,High Mage Atenza,deck,230,Rare Fish,12,0.5859
26,High Mage Atenza,deck,233,Dark Titan of Terror,6,0.293
26,High Mage Atenza,deck,234,Beautiful Headhuntress,6,0.293
26,High Mage Atenza,deck,241,Dark Assailant,6,0.293
26,High Mage Atenza,deck,249,Water Omotics,6,0.293
26,High Mage Atenza,deck,255,Prevent Rat,1,0.0488
26,High Mage Atenza,deck,272,Mavelus,2,0.0977
26,High Mage Atenza,deck,275,Ground Attacker Bugroth,6,0.293
26,High Mage Atenza,deck,281,Mystic Clown,6,0.293
26,High Mage Atenza,deck,287,Ogre of the Black Shadow,6,0.293
26,High Mage Atenza,deck,296,One-eyed Shield Dragon,1,0.0488
26,High Mage Atenza,deck,297,Cyber Soldier of Darkworld,6,0.293
26,High Mage Atenza,deck,315,Dragon Treasure,48,2.3438
26,High Mage Atenza,deck,318,Elegant Egotist,40,1.9531
26,High Mage Atenza,deck,324,Invigoration,48,2.3438
26,High Mage Atenza,deck,327,Follow Wind,72,3.5156
26,High Mage Atenza,deck,332,Mountain,72,3.5156
26,High Mage Atenza,deck,337,Raigeki,48,2.3438
26,High Mage Atenza,deck,348,Swords of Revealing Light,40,1.9531
26,High Mage Atenza,deck,351,Yaranzo,6,0.293
26,High Mage Atenza,deck,352,Kanan the Swordmistress,6,0.293
26,High Mage Atenza,deck,353,Takriminos,12,0.5859
26,High Mage Atenza,deck,358,Seiyaryu,32,1.5625
26,High Mage Atenza,deck,363,Fairy's Gift,6,0.293
26,High Mage Atenza,deck,371,Sanga of the Thunder,32,1.5625
26,High Mage Atenza,deck,377,Ryu-kishin Powered,6,0.293
26,High Mage Atenza,deck,379,La Jinn the Mystical Genie,6,0.293
26,High Mage Atenza,deck,381,Toon Alligator,1,0.0488
26,High Mage Atenza,deck,383,Parrot Dragon,32,1.5625
26,High Mage Atenza,deck,384,Dark Rabbit,6,0.293
26,High Mage Atenza,deck,386,Harpie's Pet Dragon,32,1.5625
26,High Mage Atenza,deck,412,Giga-tech Wolf,6,0.293
26,High Mage Atenza,deck,415,Mechanicalchacer,12,0.5859
26,High Mage Atenza,deck,416,Blocker,1,0.0488
26,High Mage Atenza,deck,418,Golgoil,1,0.0488
26,High Mage Atenza,deck,424,Sky Dragon,32,1.5625
26,High Mage Atenza,deck,425,Thunder Dragon,32,1.5625
26,High Mage Atenza,deck,427,Kaiser Dragon,32,1.5625
26,High Mage Atenza,deck,430,Water Magician,6,0.293
26,High Mage Atenza,deck,433,Ancient Elf,6,0.293
26,High Mage Atenza,deck,440,7 Colored Fish,12,0.5859
26,High Mage Atenza,deck,447,Giant Red Seasnake,12,0.5859
26,High Mage Atenza,deck,454,Destroyer Golem,6,0.293
26,High Mage Atenza,deck,456,Minomushi Warrior,6,0.293
26,High Mage Atenza,deck,458,Kaminari Attack,32,1.5625
26,High Mage Atenza,deck,459,Tripwire Beast,6,0.293
26,High Mage Atenza,deck,460,Bolt Escargot,6,0.293
26,High Mage Atenza,deck,462,The Immortal of Thunder,6,0.293
26,High Mage Atenza,deck,464,Wing Eagle,32,1.5625
26,High Mage Atenza,deck,465,Punished Eagle,32,1.5625
26,High Mage Atenza,deck,466,Skull Red Bird,12,0.5859
26,High Mage Atenza,deck,467,Crimson Sunbird,32,1.5625
26,High Mage Atenza,deck,468,Queen Bird,32,1.5625
26,High Mage Atenza,deck,470,Magical Ghost,6,0.293
26,High Mage Atenza,deck,474,Sea Kamen,6,0.293
26,High Mage Atenza,deck,491,Peacock,32,1.5625
26,High Mage Atenza,deck,497,Yado Karu,1,0.0488
26,High Mage Atenza,deck,502,D. Human,6,0.293
26,High Mage Atenza,deck,507,Crazy Fish,6,0.293
26,High Mage Atenza,deck,511,Bean Soldier,6,0.293
26,High Mage Atenza,deck,512,Cannon Soldier,6,0.293
26,High Mage Atenza,deck,515,The Statue of Easter Island,6,0.293
26,High Mage Atenza,deck,521,Skullbird,32,1.5625
26,High Mage Atenza,deck,522,Monstrous Bird,32,1.5625
26,High Mage Atenza,deck,523,The Bistro Butcher,6,0.293
26,High Mage Atenza,deck,532,Gemini Elf,6,0.293
26,High Mage Atenza,deck,535,Kamakiriman,6,0.293
26,High Mage Atenza,deck,551,Dark Elf,6,0.293
26,High Mage Atenza,deck,552,Winged Dragon #2,4,0.1953
26,High Mage Atenza,deck,555,Tyhone #2,12,0.5859
26,High Mage Atenza,deck,561,Lesser Dragon,6,0.293
26,High Mage Atenza,deck,571,B. Dragon Jungle King,32,1.5625
26,High Mage Atenza,deck,577,Crow Goblin,32,1.5625
26,High Mage Atenza,deck,578,Leo Wizard,6,0.293
26,High Mage Atenza,deck,581,Takuhee,6,0.293
26,High Mage Atenza,deck,583,Weather Report,1,0.0488
26,High Mage Atenza,deck,587,Mon Larvas,6,0.293
26,High Mage Atenza,deck,595,Fiend Refrection #1,6,0.293
26,High Mage Atenza,deck,596,Ghoul with an Appetite,6,0.293
26,High Mage Atenza,deck,597,Pale Beast,12,0.5859
26,High Mage Atenza,deck,603,Fairy Dragon,6,0.293
26,High Mage Atenza,deck,607,Great Bill,6,0.293
26,High Mage Atenza,deck,608,Shining Friendship,6,0.293
26,High Mage Atenza,deck,613,Twin-headed Thunder Dragon,32,1.5625
26,High Mage Atenza,deck,623,The Thing That Hides in the Mud,6,0.293
26,High Mage Atenza,deck,625,Fairy of the Fountain,12,0.5859
26,High Mage Atenza,deck,626,Amazon of the Seas,6,0.293
26,High Mage Atenza,deck,630,Ancient Lizard Warrior,6,0.293
26,High Mage Atenza,deck,631,Maiden of the Moonlight,6,0.293
26,High Mage Atenza,deck,634,Night Lizard,6,0.293
26,High Mage Atenza,deck,636,Blue-winged Crown,12,0.5859
26,High Mage Atenza,deck,647,Hyosube,6,0.293
26,High Mage Atenza,deck,649,Hibikime,6,0.293
26,High Mage Atenza,deck,669,Shadow Spell,48,2.3438
26,High Mage Atenza,deck,672,Harpie's Feather Duster,48,2.3438
26,High Mage Atenza,deck,680,Curse of Tri-Horned Dragon,8,0.3906
26,High Mage Atenza,deck,706,Serpent Night Dragon,32,1.5625
26,High Mage Atenza,deck,711,Mikazukinoyaiba,32,1.5625
26,High Mage Atenza,deck,712,Meteor Dragon,1,0.0488
26,High Mage Atenza,deck,713,Meteor B. Dragon,1,0.0488
27,Desert Mage,S/A POW,5,Ryu-kishin,18,0.8789
27,Desert Mage,S/A POW,8,Mushroom Man,18,0.8789
27,Desert Mage,S/A POW,11,Sword Arm of Dragon,80,3.9062
27,Desert Mage,S/A POW,19,Right Arm of the Forbidden One,6,0.293
27,Desert Mage,S/A POW,29,Mountain Warrior,18,0.8789
27,Desert Mage,S/A POW,32,Two-headed King Rex,66,3.2227
27,Desert Mage,S/A POW,45,Oscillo Hero #2,18,0.8789
27,Desert Mage,S/A POW,47,Torike,18,0.8789
27,Desert Mage,S/A POW,48,Sangan,18,0.8789
27,Desert Mage,S/A POW,59,Mammoth Graveyard,34,1.6602
27,Desert Mage,S/A POW,79,Megazowler,80,3.9062
27,Desert Mage,S/A POW,80,Uraby,64,3.125
27,Desert Mage,S/A POW,81,Crawling Dragon #2,64,3.125
27,Desert Mage,S/A POW,96,Armored Zombie,16,0.7812
27,Desert Mage,S/A POW,97,Dragon Zombie,16,0.7812
27,Desert Mage,S/A POW,100,Battle Warrior,16,0.7812
27,Desert Mage,S/A POW,107,Kageningen,16,0.7812
27,Desert Mage,S/A POW,108,Graveyard and the Hand of Invitation,16,0.7812
27,Desert Mage,S/A POW,113,Dark Gray,16,0.7812
27,Desert Mage,S/A POW,114,White Magical Hat,16,0.7812
27,Desert Mage,S/A POW,116,Nightmare Scorpion,16,0.7812
27,Desert Mage,S/A POW,129,Nemuriko,16,0.7812
27,Desert Mage,S/A POW,134,Mystical Capture Chain,16,0.7812
27,Desert Mage,S/A POW,139,Blue-eyed Silver Zombie,16,0.7812
27,Desert Mage,S/A POW,143,Necrolancer the Timelord,16,0.7812
27,Desert Mage,S/A POW,144,Djinn the Watcher of the Wind,16,0.7812
27,Desert Mage,S/A POW,145,The Bewitching Phantom Thief,16,0.7812
27,Desert Mage,S/A POW,147,Monster Egg,16,0.7812
27,Desert Mage,S/A POW,148,The Shadow Who Controls the Dark,16,0.7812
27,Desert Mage,S/A POW,155,Larvas,16,0.7812
27,Desert Mage,S/A POW,156,Hard Armor,16,0.7812
27,Desert Mage,S/A POW,158,Man Eater,16,0.7812
27,Desert Mage,S/A POW,160,M-warrior #1,16,0.7812
27,Desert Mage,S/A POW,161,M-warrior #2,16,0.7812
27,Desert Mage,S/A POW,173,Dark Prisoner,16,0.7812
27,Desert Mage,S/A POW,175,Ancient Brain,16,0.7812
27,Desert Mage,S/A POW,176,Fire Eye,16,0.7812
27,Desert Mage,S/A POW,177,Monsturtle,16,0.7812
27,Desert Mage,S/A POW,178,Claw Reacher,16,0.7812
27,Desert Mage,S/A POW,180,Arlownay,16,0.7812
27,Desert Mage,S/A POW,183,Lucky Trinket,16,0.7812
27,Desert Mage,S/A POW,184,Genin,16,0.7812
27,Desert Mage,S/A POW,187,Gate Deeg,16,0.7812
27,Desert Mage,S/A POW,188,Synchar,16,0.7812
27,Desert Mage,S/A POW,189,Fusionist,16,0.7812
27,Desert Mage,S/A POW,190,Akakieisu,16,0.7812
27,Desert Mage,S/A POW,195,Doron,16,0.7812
27,Desert Mage,S/A POW,199,Penguin Knight,16,0.7812
27,Desert Mage,S/A POW,203,Phantom Ghost,16,0.7812
27,Desert Mage,S/A POW,205,Dorover,16,0.7812
27,Desert Mage,S/A POW,206,Twin Long Rods #1,16,0.7812
27,Desert Mage,S/A POW,208,Petit Angel,16,0.7812
27,Desert Mage,S/A POW,209,Winged Cleaver,16,0.7812
27,Desert Mage,S/A POW,215,Flame Ghost,16,0.7812
27,Desert Mage,S/A POW,218,Two-mouth Darkruler,52,2.5391
27,Desert Mage,S/A POW,222,Midnight Fiend,16,0.7812
27,Desert Mage,S/A POW,224,Trap Master,16,0.7812
27,Desert Mage,S/A POW,226,Skull Stalker,16,0.7812
27,Desert Mage,S/A POW,232,Madjinn Gunn,16,0.7812
27,Desert Mage,S/A POW,239,Vishwar Randi,16,0.7812
27,Desert Mage,S/A POW,240,The Drdek,16,0.7812
27,Desert Mage,S/A POW,243,Water Element,16,0.7812
27,Desert Mage,S/A POW,247,Root Water,16,0.7812
27,Desert Mage,S/A POW,253,Angelwitch,16,0.7812
27,Desert Mage,S/A POW,264,Wing Egg Elf,16,0.7812
27,Desert Mage,S/A POW,265,The Furious Sea King,16,0.7812
27,Desert Mage,S/A POW,266,Princess of Tsurugi,16,0.7812
27,Desert Mage,S/A POW,267,Unknown Warrior of Fiend,16,0.7812
27,Desert Mage,S/A POW,271,Megirus Light,16,0.7812
27,Desert Mage,S/A POW,277,Gorgon Egg,16,0.7812
27,Desert Mage,S/A POW,282,Mystical Sheep #2,16,0.7812
27,Desert Mage,S/A POW,283,Holograh,16,0.7812
27,Desert Mage,S/A POW,292,Psychic Kappa,16,0.7812
27,Desert Mage,S/A POW,298,Wicked Dragon with the Ersatz Head,16,0.7812
27,Desert Mage,S/A POW,331,Wasteland,32,1.5625
27,Desert Mage,S/A POW,332,Mountain,32,1.5625
27,Desert Mage,S/A POW,382,Rude Kaiser,2,0.0977
27,Desert Mage,S/A POW,417,Blast Juggler,16,0.7812
27,Desert Mage,S/A POW,421,Cyber Commander,16,0.7812
27,Desert Mage,S/A POW,432,Waterdragon Fairy,16,0.7812
27,Desert Mage,S/A POW,451,Kanikabuto,16,0.7812
27,Desert Mage,S/A POW,463,Electric Snake,16,0.7812
27,Desert Mage,S/A POW,476,Ganigumo,16,0.7812
27,Desert Mage,S/A POW,477,Alinsection,16,0.7812
27,Desert Mage,S/A POW,478,Insect Soldiers of the Sky,16,0.7812
27,Desert Mage,S/A POW,479,Cockroach Knight,16,0.7812
27,Desert Mage,S/A POW,481,Burglar,16,0.7812
27,Desert Mage,S/A POW,490,Needle Ball,16,0.7812
27,Desert Mage,S/A POW,503,Turtle Raccoon,16,0.7812
27,Desert Mage,S/A POW,510,Laughing Flower,16,0.7812
27,Desert Mage,S/A POW,534,Minar,16,0.7812
27,Desert Mage,S/A POW,536,Mechaleon,16,0.7812
27,Desert Mage,S/A POW,538,Niwatori,16,0.7812
27,Desert Mage,S/A POW,544,Dharma Cannon,16,0.7812
27,Desert Mage,S/A POW,556,The Wandering Doomed,16,0.7812
27,Desert Mage,S/A POW,568,Anthrosaurus,32,1.5625
27,Desert Mage,S/A POW,569,Drooling Lizard,16,0.7812
27,Desert Mage,S/A POW,573,Little D,52,2.5391
27,Desert Mage,S/A POW,585,Mechanical Snail,16,0.7812
27,Desert Mage,S/A POW,590,Beaked Snake,16,0.7812
27,Desert Mage,S/A POW,604,Obese Marmot of Nefariousness,16,0.7812
27,Desert Mage,S/A POW,605,Liquid Beast,16,0.7812
27,Desert Mage,S/A POW,606,Twin Long Rods #2,16,0.7812
27,Desert Mage,B/C/D,5,Ryu-kishin,18,0.8789
27,Desert Mage,B/C/D,8,Mushroom Man,18,0.8789
27,Desert Mage,B/C/D,19,Right Arm of the Forbidden One,6,0.293
27,Desert Mage,B/C/D,29,Mountain Warrior,18,0.8789
27,Desert Mage,B/C/D,32,Two-headed King Rex,70,3.418
27,Desert Mage,B/C/D,45,Oscillo Hero #2,18,0.8789
27,Desert Mage,B/C/D,47,Torike,18,0.8789
27,Desert Mage,B/C/D,48,Sangan,18,0.8789
27,Desert Mage,B/C/D,59,Mammoth Graveyard,36,1.7578
27,Desert Mage,B/C/D,80,Uraby,64,3.125
27,Desert Mage,B/C/D,81,Crawling Dragon #2,64,3.125
27,Desert Mage,B/C/D,96,Armored Zombie,18,0.8789
27,Desert Mage,B/C/D,97,Dragon Zombie,18,0.8789
27,Desert Mage,B/C/D,100,Battle Warrior,18,0.8789
27,Desert Mage,B/C/D,107,Kageningen,18,0.8789
27,Desert Mage,B/C/D,108,Graveyard and the Hand of Invitation,18,0.8789
27,Desert Mage,B/C/D,113,Dark Gray,18,0.8789
27,Desert Mage,B/C/D,114,White Magical Hat,18,0.8789
27,Desert Mage,B/C/D,116,Nightmare Scorpion,18,0.8789
27,Desert Mage,B/C/D,129,Nemuriko,18,0.8789
27,Desert Mage,B/C/D,134,Mystical Capture Chain,18,0.8789
27,Desert Mage,B/C/D,139,Blue-eyed Silver Zombie,18,0.8789
27,Desert Mage,B/C/D,143,Necrolancer the Timelord,18,0.8789
27,Desert Mage,B/C/D,144,Djinn the Watcher of the Wind,18,0.8789
27,Desert Mage,B/C/D,145,The Bewitching Phantom Thief,18,0.8789
27,Desert Mage,B/C/D,147,Monster Egg,18,0.8789
27,Desert Mage,B/C/D,148,The Shadow Who Controls the Dark,18,0.8789
27,Desert Mage,B/C/D,155,Larvas,18,0.8789
27,Desert Mage,B/C/D,156,Hard Armor,18,0.8789
27,Desert Mage,B/C/D,158,Man Eater,18,0.8789
27,Desert Mage,B/C/D,160,M-warrior #1,18,0.8789
27,Desert Mage,B/C/D,161,M-warrior #2,18,0.8789
27,Desert Mage,B/C/D,173,Dark Prisoner,18,0.8789
27,Desert Mage,B/C/D,175,Ancient Brain,18,0.8789
27,Desert Mage,B/C/D,176,Fire Eye,18,0.8789
27,Desert Mage,B/C/D,177,Monsturtle,18,0.8789
27,Desert Mage,B/C/D,178,Claw Reacher,18,0.8789
27,Desert Mage,B/C/D,180,Arlownay,18,0.8789
27,Desert Mage,B/C/D,183,Lucky Trinket,18,0.8789
27,Desert Mage,B/C/D,184,Genin,18,0.8789
27,Desert Mage,B/C/D,187,Gate Deeg,18,0.8789
27,Desert Mage,B/C/D,188,Synchar,18,0.8789
27,Desert Mage,B/C/D,189,Fusionist,18,0.8789
27,Desert Mage,B/C/D,190,Akakieisu,18,0.8789
27,Desert Mage,B/C/D,195,Doron,18,0.8789
27,Desert Mage,B/C/D,199,Penguin Knight,18,0.8789
27,Desert Mage,B/C/D,203,Phantom Ghost,18,0.8789
27,Desert Mage,B/C/D,205,Dorover,18,0.8789
27,Desert Mage,B/C/D,206,Twin Long Rods #1,18,0.8789
27,Desert Mage,B/C/D,208,Petit Angel,18,0.8789
27,Desert Mage,B/C/D,209,Winged Cleaver,18,0.8789
27,Desert Mage,B/C/D,215,Flame Ghost,18,0.8789
27,Desert Mage,B/C/D,218,Two-mouth Darkruler,48,2.3438
27,Desert Mage,B/C/D,222,Midnight Fiend,18,0.8789
27,Desert Mage,B/C/D,224,Trap Master,18,0.8789
27,Desert Mage,B/C/D,226,Skull Stalker,18,0.8789
27,Desert Mage,B/C/D,232,Madjinn Gunn,18,0.8789
27,Desert Mage,B/C/D,239,Vishwar Randi,18,0.8789
27,Desert Mage,B/C/D,240,The Drdek,18,0.8789
27,Desert Mage,B/C/D,243,Water Element,18,0.8789
27,Desert Mage,B/C/D,247,Root Water,18,0.8789
27,Desert Mage,B/C/D,253,Angelwitch,18,0.8789
27,Desert Mage,B/C/D,264,Wing Egg Elf,18,0.8789
27,Desert Mage,B/C/D,265,The Furious Sea King,18,0.8789
27,Desert Mage,B/C/D,266,Princess of Tsurugi,18,0.8789
27,Desert Mage,B/C/D,267,Unknown Warrior of Fiend,18,0.8789
27,Desert Mage,B/C/D,271,Megirus Light,18,0.8789
27,Desert Mage,B/C/D,277,Gorgon Egg,18,0.8789
27,Desert Mage,B/C/D,282,Mystical Sheep #2,18,0.8789
27,Desert Mage,B/C/D,283,Holograh,18,0.8789
27,Desert Mage,B/C/D,292,Psychic Kappa,18,0.8789
27,Desert Mage,B/C/D,298,Wicked Dragon with the Ersatz Head,18,0.8789
27,Desert Mage,B/C/D,331,Wasteland,30,1.4648
27,Desert Mage,B/C/D,332,Mountain,30,1.4648
27,Desert Mage,B/C/D,417,Blast Juggler,18,0.8789
27,Desert Mage,B/C/D,421,Cyber Commander,18,0.8789
27,Desert Mage,B/C/D,432,Waterdragon Fairy,18,0.8789
27,Desert Mage,B/C/D,451,Kanikabuto,18,0.8789
27,Desert Mage,B/C/D,463,Electric Snake,18,0.8789
27,Desert Mage,B/C/D,476,Ganigumo,18,0.8789
27,Desert Mage,B/C/D,477,Alinsection,18,0.8789
27,Desert Mage,B/C/D,478,Insect Soldiers of the Sky,18,0.8789
27,Desert Mage,B/C/D,479,Cockroach Knight,18,0.8789
27,Desert Mage,B/C/D,481,Burglar,18,0.8789
27,Desert Mage,B/C/D,490,Needle Ball,18,0.8789
27,Desert Mage,B/C/D,503,Turtle Raccoon,18,0.8789
27,Desert Mage,B/C/D,510,Laughing Flower,18,0.8789
27,Desert Mage,B/C/D,534,Minar,18,0.8789
27,Desert Mage,B/C/D,536,Mechaleon,18,0.8789
27,Desert Mage,B/C/D,538,Niwatori,18,0.8789
27,Desert Mage,B/C/D,544,Dharma Cannon,18,0.8789
27,Desert Mage,B/C/D,556,The Wandering Doomed,18,0.8789
27,Desert Mage,B/C/D,568,Anthrosaurus,32,1.5625
27,Desert Mage,B/C/D,569,Drooling Lizard,18,0.8789
27,Desert Mage,B/C/D,573,Little D,48,2.3438
27,Desert Mage,B/C/D,585,Mechanical Snail,18,0.8789
27,Desert Mage,B/C/D,590,Beaked Snake,18,0.8789
27,Desert Mage,B/C/D,604,Obese Marmot of Nefariousness,18,0.8789
27,Desert Mage,B/C/D,605,Liquid Beast,18,0.8789
27,Desert Mage,B/C/D,606,Twin Long Rods #2,18,0.8789
27,Desert Mage,S/A TEC,5,Ryu-kishin,16,0.7812
27,Desert Mage,S/A TEC,8,Mushroom Man,16,0.7812
27,Desert Mage,S/A TEC,19,Right Arm of the Forbidden One,4,0.1953
27,Desert Mage,S/A TEC,29,Mountain Warrior,16,0.7812
27,Desert Mage,S/A TEC,32,Two-headed King Rex,64,3.125
27,Desert Mage,S/A TEC,45,Oscillo Hero #2,16,0.7812
27,Desert Mage,S/A TEC,47,Torike,16,0.7812
27,Desert Mage,S/A TEC,48,Sangan,16,0.7812
27,Desert Mage,S/A TEC,59,Mammoth Graveyard,32,1.5625
27,Desert Mage,S/A TEC,80,Uraby,62,3.0273
27,Desert Mage,S/A TEC,81,Crawling Dragon #2,62,3.0273
27,Desert Mage,S/A TEC,96,Armored Zombie,16,0.7812
27,Desert Mage,S/A TEC,97,Dragon Zombie,16,0.7812
27,Desert Mage,S/A TEC,100,Battle Warrior,16,0.7812
27,Desert Mage,S/A TEC,107,Kageningen,16,0.7812
27,Desert Mage,S/A TEC,108,Graveyard and the Hand of Invitation,16,0.7812
27,Desert Mage,S/A TEC,113,Dark Gray,16,0.7812
27,Desert Mage,S/A TEC,114,White Magical Hat,16,0.7812
27,Desert Mage,S/A TEC,116,Nightmare Scorpion,16,0.7812
27,Desert Mage,S/A TEC,129,Nemuriko,16,0.7812
27,Desert Mage,S/A TEC,134,Mystical Capture Chain,16,0.7812
27,Desert Mage,S/A TEC,139,Blue-eyed Silver Zombie,16,0.7812
27,Desert Mage,S/A TEC,143,Necrolancer the Timelord,16,0.7812
27,Desert Mage,S/A TEC,144,Djinn the Watcher of the Wind,16,0.7812
27,Desert Mage,S/A TEC,145,The Bewitching Phantom Thief,16,0.7812
27,Desert Mage,S/A TEC,147,Monster Egg,16,0.7812
27,Desert Mage,S/A TEC,148,The Shadow Who Controls the Dark,16,0.7812
27,Desert Mage,S/A TEC,155,Larvas,16,0.7812
27,Desert Mage,S/A TEC,156,Hard Armor,16,0.7812
27,Desert Mage,S/A TEC,158,Man Eater,16,0.7812
27,Desert Mage,S/A TEC,160,M-warrior #1,16,0.7812
27,Desert Mage,S/A TEC,161,M-warrior #2,16,0.7812
27,Desert Mage,S/A TEC,173,Dark Prisoner,16,0.7812
27,Desert Mage,S/A TEC,175,Ancient Brain,16,0.7812
27,Desert Mage,S/A TEC,176,Fire Eye,16,0.7812
27,Desert Mage,S/A TEC,177,Monsturtle,16,0.7812
27,Desert Mage,S/A TEC,178,Claw Reacher,16,0.7812
27,Desert Mage,S/A TEC,180,Arlownay,16,0.7812
27,Desert Mage,S/A TEC,183,Lucky Trinket,16,0.7812
27,Desert Mage,S/A TEC,184,Genin,16,0.7812
27,Desert Mage,S/A TEC,187,Gate Deeg,16,0.7812
27,Desert Mage,S/A TEC,188,Synchar,16,0.7812
27,Desert Mage,S/A TEC,189,Fusionist,16,0.7812
27,Desert Mage,S/A TEC,190,Akakieisu,16,0.7812
27,Desert Mage,S/A TEC,195,Doron,16,0.7812
27,Desert Mage,S/A TEC,199,Penguin Knight,16,0.7812
27,Desert Mage,S/A TEC,203,Phantom Ghost,16,0.7812
27,Desert Mage,S/A TEC,205,Dorover,16,0.7812
27,Desert Mage,S/A TEC,206,Twin Long Rods #1,16,0.7812
27,Desert Mage,S/A TEC,208,Petit Angel,16,0.7812
27,Desert Mage,S/A TEC,209,Winged Cleaver,16,0.7812
27,Desert Mage,S/A TEC,215,Flame Ghost,16,0.7812
27,Desert Mage,S/A TEC,218,Two-mouth Darkruler,52,2.5391
27,Desert Mage,S/A TEC,222,Midnight Fiend,16,0.7812
27,Desert Mage,S/A TEC,224,Trap Master,16,0.7812
27,Desert Mage,S/A TEC,226,Skull Stalker,16,0.7812
27,Desert Mage,S/A TEC,232,Madjinn Gunn,16,0.7812
27,Desert Mage,S/A TEC,239,Vishwar Randi,16,0.7812
27,Desert Mage,S/A TEC,240,The Drdek,16,0.7812
27,Desert Mage,S/A TEC,243,Water Element,16,0.7812
27,Desert Mage,S/A TEC,247,Root Water,16,0.7812
27,Desert Mage,S/A TEC,253,Angelwitch,16,0.7812
27,Desert Mage,S/A TEC,264,Wing Egg Elf,16,0.7812
27,Desert Mage,S/A TEC,265,The Furious Sea King,16,0.7812
27,Desert Mage,S/A TEC,266,Princess of Tsurugi,16,0.7812
27,Desert Mage,S/A TEC,267,Unknown Warrior of Fiend,16,0.7812
27,Desert Mage,S/A TEC,271,Megirus Light,16,0.7812
27,Desert Mage,S/A TEC,277,Gorgon Egg,16,0.7812
27,Desert Mage,S/A TEC,282,Mystical Sheep #2,16,0.7812
27,Desert Mage,S/A TEC,283,Holograh,16,0.7812
27,Desert Mage,S/A TEC,292,Psychic Kappa,16,0.7812
27,Desert Mage,S/A TEC,298,Wicked Dragon with the Ersatz Head,16,0.7812
27,Desert Mage,S/A TEC,308,Beast Fangs,26,1.2695
27,Desert Mage,S/A TEC,324,Invigoration,26,1.2695
27,Desert Mage,S/A TEC,326,Raise Body Heat,26,1.2695
27,Desert Mage,S/A TEC,331,Wasteland,50,2.4414
27,Desert Mage,S/A TEC,332,Mountain,50,2.4414
27,Desert Mage,S/A TEC,346,Ookazi,24,1.1719
27,Desert Mage,S/A TEC,417,Blast Juggler,16,0.7812
27,Desert Mage,S/A TEC,421,Cyber Commander,16,0.7812
27,Desert Mage,S/A TEC,432,Waterdragon Fairy,16,0.7812
27,Desert Mage,S/A TEC,451,Kanikabuto,16,0.7812
27,Desert Mage,S/A TEC,463,Electric Snake,16,0.7812
27,Desert Mage,S/A TEC,476,Ganigumo,16,0.7812
27,Desert Mage,S/A TEC,477,Alinsection,16,0.7812
27,Desert Mage,S/A TEC,478,Insect Soldiers of the Sky,16,0.7812
27,Desert Mage,S/A TEC,479,Cockroach Knight,16,0.7812
27,Desert Mage,S/A TEC,481,Burglar,16,0.7812
27,Desert Mage,S/A TEC,490,Needle Ball,16,0.7812
27,Desert Mage,S/A TEC,503,Turtle Raccoon,16,0.7812
27,Desert Mage,S/A TEC,510,Laughing Flower,16,0.7812
27,Desert Mage,S/A TEC,534,Minar,16,0.7812
27,Desert Mage,S/A TEC,536,Mechaleon,16,0.7812
27,Desert Mage,S/A TEC,538,Niwatori,16,0.7812
27,Desert Mage,S/A TEC,544,Dharma Cannon,16,0.7812
27,Desert Mage,S/A TEC,556,The Wandering Doomed,16,0.7812
27,Desert Mage,S/A TEC,568,Anthrosaurus,30,1.4648
27,Desert Mage,S/A TEC,569,Drooling Lizard,16,0.7812
27,Desert Mage,S/A TEC,573,Little D,52,2.5391
27,Desert Mage,S/A TEC,585,Mechanical Snail,16,0.7812
27,Desert Mage,S/A TEC,590,Beaked Snake,16,0.7812
27,Desert Mage,S/A TEC,604,Obese Marmot of Nefariousness,16,0.7812
27,Desert Mage,S/A TEC,605,Liquid Beast,16,0.7812
27,Desert Mage,S/A TEC,606,Twin Long Rods #2,16,0.7812
27,Desert Mage,S/A TEC,682,Eatgaboon,24,1.1719
27,Desert Mage,S/A TEC,683,Bear Trap,24,1.1719
27,Desert Mage,deck,11,Sword Arm of Dragon,40,1.9531
27,Desert Mage,deck,28,Rock Ogre Grotto #1,20,0.9766
27,Desert Mage,deck,30,Zombie Warrior,20,0.9766
27,Desert Mage,deck,32,Two-headed King Rex,40,1.9531
27,Desert Mage,deck,36,The Snake Hair,40,1.9531
27,Desert Mage,deck,59,Mammoth Graveyard,20,0.9766
27,Desert Mage,deck,74,Giant Soldier of Stone,20,0.9766
27,Desert Mage,deck,79,Megazowler,40,1.9531
27,Desert Mage,deck,80,Uraby,40,1.9531
27,Desert Mage,deck,81,Crawling Dragon #2,40,1.9531
27,Desert Mage,deck,96,Armored Zombie,40,1.9531
27,Desert Mage,deck,97,Dragon Zombie,40,1.9531
27,Desert Mage,deck,99,Pumpking the King of Ghosts,40,1.9531
27,Desert Mage,deck,108,Graveyard and the Hand of Invitation,20,0.9766
27,Desert Mage,deck,132,The 13th Grave,20,0.9766
27,Desert Mage,deck,139,Blue-eyed Silver Zombie,20,0.9766
27,Desert Mage,deck,146,Temple of Skulls,20,0.9766
27,Desert Mage,deck,153,Dokuroizo the Grim Reaper,20,0.9766
27,Desert Mage,deck,215,Flame Ghost,20,0.9766
27,Desert Mage,deck,218,Two-mouth Darkruler,20,0.9766
27,Desert Mage,deck,228,Wood Remains,20,0.9766
27,Desert Mage,deck,241,Dark Assailant,20,0.9766
27,Desert Mage,deck,244,Dissolverock,20,0.9766
27,Desert Mage,deck,257,Stone Armadiller,20,0.9766
27,Desert Mage,deck,263,Rock Ogre Grotto #2,20,0.9766
27,Desert Mage,deck,331,Wasteland,160,7.8125
27,Desert Mage,deck,348,Swords of Revealing Light,48,2.3438
27,Desert Mage,deck,351,Yaranzo,20,0.9766
27,Desert Mage,deck,359,Three-legged Zombies,20,0.9766
27,Desert Mage,deck,366,Labyrinth Wall,40,1.9531
27,Desert Mage,deck,368,Shadow Ghoul,40,1.9531
27,Desert Mage,deck,454,Destroyer Golem,40,1.9531
27,Desert Mage,deck,455,Barrel Rock,20,0.9766
27,Desert Mage,deck,456,Minomushi Warrior,20,0.9766
27,Desert Mage,deck,457,Stone Ghost,20,0.9766
27,Desert Mage,deck,470,Magical Ghost,20,0.9766
27,Desert Mage,deck,479,Cockroach Knight,20,0.9766
27,Desert Mage,deck,482,Pragtical,40,1.9531
27,Desert Mage,deck,485,Korogashi,20,0.9766
27,Desert Mage,deck,505,Prisman,20,0.9766
27,Desert Mage,deck,509,Bracchio-raidus,40,1.9531
27,Desert Mage,deck,515,The Statue of Easter Island,20,0.9766
27,Desert Mage,deck,517,Sand Stone,20,0.9766
27,Desert Mage,deck,531,Mystical Sand,40,1.9531
27,Desert Mage,deck,539,Corroding Shark,20,0.9766
27,Desert Mage,deck,545,Skelgon,40,1.9531
27,Desert Mage,deck,564,Great Mammoth of Goldfine,40,1.9531
27,Desert Mage,deck,568,Anthrosaurus,20,0.9766
27,Desert Mage,deck,570,Trakadon,20,0.9766
27,Desert Mage,deck,573,Little D,20,0.9766
27,Desert Mage,deck,596,Ghoul with an Appetite,40,1.9531
27,Desert Mage,deck,623,The Thing That Hides in the Mud,20,0.9766
27,Desert Mage,deck,632,Stone Ogre Grotto,40,1.9531
27,Desert Mage,deck,656,Eternal Rest,128,6.25
27,Desert Mage,deck,663,Breath of Light,128,6.25
27,Desert Mage,deck,688,Bad Reaction to Simochi,60,2.9297
27,Desert Mage,deck,690,Fake Trap,60,2.9297
27,Desert Mage,deck,699,Revival of Skeleton Rider,64,3.125
28,High Mage Martis,S/A POW,3,Hitotsu-me Giant,12,0.5859
28,High Mage Martis,S/A POW,4,Baby Dragon,12,0.5859
28,High Mage Martis,S/A POW,5,Ryu-kishin,26,1.2695
28,High Mage Martis,S/A POW,6,Feral Imp,12,0.5859
28,High Mage Martis,S/A POW,20,Left Arm of the Forbidden One,6,0.293
28,High Mage Martis,S/A POW,23,The Wicked Worm Beast,12,0.5859
28,High Mage Martis,S/A POW,25,Horn Imp,12,0.5859
28,High Mage Martis,S/A POW,26,Battle Ox,12,0.5859
28,High Mage Martis,S/A POW,29,Mountain Warrior,12,0.5859
28,High Mage Martis,S/A POW,33,Judge Man,12,0.5859
28,High Mage Martis,S/A POW,34,Saggi the Dark Clown,25,1.2207
28,High Mage Martis,S/A POW,40,Dragon Piper,12,0.5859
28,High Mage Martis,S/A POW,42,Illusionist Faceless Mage,12,0.5859
28,High Mage Martis,S/A POW,44,Rogue Doll,12,0.5859
28,High Mage Martis,S/A POW,47,Torike,12,0.5859
28,High Mage Martis,S/A POW,48,Sangan,25,1.2207
28,High Mage Martis,S/A POW,59,Mammoth Graveyard,12,0.5859
28,High Mage Martis,S/A POW,61,Wolf,12,0.5859
28,High Mage Martis,S/A POW,65,Silver Fang,12,0.5859
28,High Mage Martis,S/A POW,77,Grappler,12,0.5859
28,High Mage Martis,S/A POW,83,Castle of Dark Illusions,12,0.5859
28,High Mage Martis,S/A POW,84,Reaper of the Cards,12,0.5859
28,High Mage Martis,S/A POW,85,King of Yamimakai,12,0.5859
28,High Mage Martis,S/A POW,86,Barox,12,0.5859
28,High Mage Martis,S/A POW,87,Dark Chimera,12,0.5859
28,High Mage Martis,S/A POW,88,Metal Guardian,12,0.5859
28,High Mage Martis,S/A POW,90,Gyakutenno Megami,12,0.5859
28,High Mage Martis,S/A POW,91,Mystic Horseman,12,0.5859
28,High Mage Martis,S/A POW,95,Crass Clown,12,0.5859
28,High Mage Martis,S/A POW,97,Dragon Zombie,12,0.5859
28,High Mage Martis,S/A POW,100,Battle Warrior,12,0.5859
28,High Mage Martis,S/A POW,103,Job-change Mirror,12,0.5859
28,High Mage Martis,S/A POW,104,Curtain of the Dark Ones,12,0.5859
28,High Mage Martis,S/A POW,106,Spirit of the Winds,12,0.5859
28,High Mage Martis,S/A POW,108,Graveyard and the Hand of Invitation,12,0.5859
28,High Mage Martis,S/A POW,113,Dark Gray,12,0.5859
28,High Mage Martis,S/A POW,114,White Magical Hat,25,1.2207
28,High Mage Martis,S/A POW,115,Kamion Wizard,12,0.5859
28,High Mage Martis,S/A POW,116,Nightmare Scorpion,12,0.5859
28,High Mage Martis,S/A POW,118,Supporter in the Shadows,12,0.5859
28,High Mage Martis,S/A POW,119,Trial of Nightmares,12,0.5859
28,High Mage Martis,S/A POW,129,Nemuriko,12,0.5859
28,High Mage Martis,S/A POW,133,Charubin the Fire Knight,12,0.5859
28,High Mage Martis,S/A POW,136,Witty Phantom,12,0.5859
28,High Mage Martis,S/A POW,138,Dragon Statue,12,0.5859
28,High Mage Martis,S/A POW,139,Blue-eyed Silver Zombie,12,0.5859
28,High Mage Martis,S/A POW,140,Toad Master,12,0.5859
28,High Mage Martis,S/A POW,141,Spiked Snail,12,0.5859
28,High Mage Martis,S/A POW,142,Flame Manipulator,25,1.2207
28,High Mage Martis,S/A POW,143,Necrolancer the Timelord,25,1.2207
28,High Mage Martis,S/A POW,144,Djinn the Watcher of the Wind,25,1.2207
28,High Mage Martis,S/A POW,145,The Bewitching Phantom Thief,12,0.5859
28,High Mage Martis,S/A POW,148,The Shadow Who Controls the Dark,12,0.5859
28,High Mage Martis,S/A POW,149,Lord of the Lamp,12,0.5859
28,High Mage Martis,S/A POW,155,Larvas,12,0.5859
28,High Mage Martis,S/A POW,162,Tainted Wisdom,12,0.5859
28,High Mage Martis,S/A POW,164,Lord of Zemia,12,0.5859
28,High Mage Martis,S/A POW,169,Dark King of the Abyss,25,1.2207
28,High Mage Martis,S/A POW,171,Big Eye,12,0.5859
28,High Mage Martis,S/A POW,172,Armaill,12,0.5859
28,High Mage Martis,S/A POW,173,Dark Prisoner,25,1.2207
28,High Mage Martis,S/A POW,174,Hurricail,12,0.5859
28,High Mage Martis,S/A POW,175,Ancient Brain,25,1.2207
28,High Mage Martis,S/A POW,177,Monsturtle,12,0.5859
28,High Mage Martis,S/A POW,178,Claw Reacher,25,1.2207
28,High Mage Martis,S/A POW,179,Phantom Dewan,12,0.5859
28,High Mage Martis,S/A POW,180,Arlownay,12,0.5859
28,High Mage Martis,S/A POW,181,Dark Shade,25,1.2207
28,High Mage Martis,S/A POW,183,Lucky Trinket,12,0.5859
28,High Mage Martis,S/A POW,184,Genin,12,0.5859
28,High Mage Martis,S/A POW,188,Synchar,12,0.5859
28,High Mage Martis,S/A POW,189,Fusionist,12,0.5859
28,High Mage Martis,S/A POW,190,Akakieisu,25,1.2207
28,High Mage Martis,S/A POW,194,Terra the Terrible,12,0.5859
28,High Mage Martis,S/A POW,199,Penguin Knight,12,0.5859
28,High Mage Martis,S/A POW,204,Mabarrel,12,0.5859
28,High Mage Martis,S/A POW,205,Dorover,12,0.5859
28,High Mage Martis,S/A POW,206,Twin Long Rods #1,12,0.5859
28,High Mage Martis,S/A POW,213,Aqua Madoor,12,0.5859
28,High Mage Martis,S/A POW,215,Flame Ghost,12,0.5859
28,High Mage Martis,S/A POW,218,Two-mouth Darkruler,12,0.5859
28,High Mage Martis,S/A POW,220,Masked Sorcerer,12,0.5859
28,High Mage Martis,S/A POW,222,Midnight Fiend,12,0.5859
28,High Mage Martis,S/A POW,224,Trap Master,12,0.5859
28,High Mage Martis,S/A POW,226,Skull Stalker,12,0.5859
28,High Mage Martis,S/A POW,228,Wood Remains,12,0.5859
28,High Mage Martis,S/A POW,231,Wood Clown,12,0.5859
28,High Mage Martis,S/A POW,232,Madjinn Gunn,12,0.5859
28,High Mage Martis,S/A POW,233,Dark Titan of Terror,12,0.5859
28,High Mage Martis,S/A POW,239,Vishwar Randi,12,0.5859
28,High Mage Martis,S/A POW,240,The Drdek,12,0.5859
28,High Mage Martis,S/A POW,242,Candle of Fate,12,0.5859
28,High Mage Martis,S/A POW,243,Water Element,12,0.5859
28,High Mage Martis,S/A POW,244,Dissolverock,12,0.5859
28,High Mage Martis,S/A POW,245,Meda Bat,12,0.5859
28,High Mage Martis,S/A POW,247,Root Water,12,0.5859
28,High Mage Martis,S/A POW,250,Hyo,12,0.5859
28,High Mage Martis,S/A POW,253,Angelwitch,24,1.1719
28,High Mage Martis,S/A POW,254,Embryonic Beast,12,0.5859
28,High Mage Martis,S/A POW,257,Stone Armadiller,12,0.5859
28,High Mage Martis,S/A POW,259,Ancient Sorcerer,12,0.5859
28,High Mage Martis,S/A POW,260,Lunar Queen Elzaim,12,0.5859
28,High Mage Martis,S/A POW,261,Wicked Mirror,12,0.5859
28,High Mage Martis,S/A POW,264,Wing Egg Elf,12,0.5859
28,High Mage Martis,S/A POW,266,Princess of Tsurugi,12,0.5859
28,High Mage Martis,S/A POW,268,Sectarian of Secrets,12,0.5859
28,High Mage Martis,S/A POW,269,Versago the Destroyer,24,1.1719
28,High Mage Martis,S/A POW,270,Wetha,12,0.5859
28,High Mage Martis,S/A POW,271,Megirus Light,12,0.5859
28,High Mage Martis,S/A POW,276,Ray & Temperature,12,0.5859
28,High Mage Martis,S/A POW,277,Gorgon Egg,24,1.1719
28,High Mage Martis,S/A POW,279,King Fog,24,1.1719
28,High Mage Martis,S/A POW,282,Mystical Sheep #2,12,0.5859
28,High Mage Martis,S/A POW,283,Holograh,12,0.5859
28,High Mage Martis,S/A POW,295,Bio Plant,24,1.1719
28,High Mage Martis,S/A POW,296,One-eyed Shield Dragon,12,0.5859
28,High Mage Martis,S/A POW,298,Wicked Dragon with the Ersatz Head,12,0.5859
28,High Mage Martis,S/A POW,331,Wasteland,30,1.4648
28,High Mage Martis,S/A POW,378,Swordstalker,6,0.293
28,High Mage Martis,S/A POW,379,La Jinn the Mystical Genie,24,1.1719
28,High Mage Martis,S/A POW,391,Zoa,12,0.5859
28,High Mage Martis,S/A POW,401,Ushi Oni,12,0.5859
28,High Mage Martis,S/A POW,417,Blast Juggler,12,0.5859
28,High Mage Martis,S/A POW,432,Waterdragon Fairy,12,0.5859
28,High Mage Martis,S/A POW,446,Aqua Snake,12,0.5859
28,High Mage Martis,S/A POW,461,Bolt Penguin,12,0.5859
28,High Mage Martis,S/A POW,463,Electric Snake,12,0.5859
28,High Mage Martis,S/A POW,471,Soul Hunter,12,0.5859
28,High Mage Martis,S/A POW,472,Air Eater,12,0.5859
28,High Mage Martis,S/A POW,477,Alinsection,12,0.5859
28,High Mage Martis,S/A POW,478,Insect Soldiers of the Sky,12,0.5859
28,High Mage Martis,S/A POW,479,Cockroach Knight,12,0.5859
28,High Mage Martis,S/A POW,481,Burglar,12,0.5859
28,High Mage Martis,S/A POW,486,Boo Koo,12,0.5859
28,High Mage Martis,S/A POW,490,Needle Ball,12,0.5859
28,High Mage Martis,S/A POW,500,Dragon Seeker,12,0.5859
28,High Mage Martis,S/A POW,503,Turtle Raccoon,12,0.5859
28,High Mage Martis,S/A POW,526,Neck Hunter,12,0.5859
28,High Mage Martis,S/A POW,534,Minar,12,0.5859
28,High Mage Martis,S/A POW,538,Niwatori,12,0.5859
28,High Mage Martis,S/A POW,568,Anthrosaurus,12,0.5859
28,High Mage Martis,S/A POW,569,Drooling Lizard,12,0.5859
28,High Mage Martis,S/A POW,573,Little D,12,0.5859
28,High Mage Martis,S/A POW,585,Mechanical Snail,12,0.5859
28,High Mage Martis,S/A POW,590,Beaked Snake,12,0.5859
28,High Mage Martis,S/A POW,605,Liquid Beast,12,0.5859
28,High Mage Martis,S/A POW,611,Hiro's Shadow Scout,12,0.5859
28,High Mage Martis,S/A POW,612,Lady of Faith,24,1.1719
28,High Mage Martis,S/A POW,650,Whiptail Crow,12,0.5859
28,High Mage Martis,B/C/D,3,Hitotsu-me Giant,12,0.5859
28,High Mage Martis,B/C/D,4,Baby Dragon,12,0.5859
28,High Mage Martis,B/C/D,5,Ryu-kishin,26,1.2695
28,High Mage Martis,B/C/D,6,Feral Imp,12,0.5859
28,High Mage Martis,B/C/D,20,Left Arm of the Forbidden One,6,0.293
28,High Mage Martis,B/C/D,23,The Wicked Worm Beast,12,0.5859
28,High Mage Martis,B/C/D,25,Horn Imp,12,0.5859
28,High Mage Martis,B/C/D,26,Battle Ox,12,0.5859
28,High Mage Martis,B/C/D,29,Mountain Warrior,12,0.5859
28,High Mage Martis,B/C/D,34,Saggi the Dark Clown,26,1.2695
28,High Mage Martis,B/C/D,40,Dragon Piper,12,0.5859
28,High Mage Martis,B/C/D,42,Illusionist Faceless Mage,12,0.5859
28,High Mage Martis,B/C/D,44,Rogue Doll,12,0.5859
28,High Mage Martis,B/C/D,47,Torike,12,0.5859
28,High Mage Martis,B/C/D,48,Sangan,26,1.2695
28,High Mage Martis,B/C/D,59,Mammoth Graveyard,12,0.5859
28,High Mage Martis,B/C/D,61,Wolf,12,0.5859
28,High Mage Martis,B/C/D,65,Silver Fang,12,0.5859
28,High Mage Martis,B/C/D,77,Grappler,12,0.5859
28,High Mage Martis,B/C/D,83,Castle of Dark Illusions,12,0.5859
28,High Mage Martis,B/C/D,86,Barox,12,0.5859
28,High Mage Martis,B/C/D,87,Dark Chimera,12,0.5859
28,High Mage Martis,B/C/D,91,Mystic Horseman,12,0.5859
28,High Mage Martis,B/C/D,95,Crass Clown,12,0.5859
28,High Mage Martis,B/C/D,97,Dragon Zombie,12,0.5859
28,High Mage Martis,B/C/D,100,Battle Warrior,12,0.5859
28,High Mage Martis,B/C/D,103,Job-change Mirror,12,0.5859
28,High Mage Martis,B/C/D,104,Curtain of the Dark Ones,12,0.5859
28,High Mage Martis,B/C/D,106,Spirit of the Winds,12,0.5859
28,High Mage Martis,B/C/D,108,Graveyard and the Hand of Invitation,12,0.5859
28,High Mage Martis,B/C/D,113,Dark Gray,12,0.5859
28,High Mage Martis,B/C/D,114,White Magical Hat,26,1.2695
28,High Mage Martis,B/C/D,115,Kamion Wizard,12,0.5859
28,High Mage Martis,B/C/D,116,Nightmare Scorpion,12,0.5859
28,High Mage Martis,B/C/D,118,Supporter in the Shadows,12,0.5859
28,High Mage Martis,B/C/D,119,Trial of Nightmares,12,0.5859
28,High Mage Martis,B/C/D,129,Nemuriko,12,0.5859
28,High Mage Martis,B/C/D,133,Charubin the Fire Knight,12,0.5859
28,High Mage Martis,B/C/D,136,Witty Phantom,12,0.5859
28,High Mage Martis,B/C/D,138,Dragon Statue,12,0.5859
28,High Mage Martis,B/C/D,139,Blue-eyed Silver Zombie,12,0.5859
28,High Mage Martis,B/C/D,140,Toad Master,12,0.5859
28,High Mage Martis,B/C/D,141,Spiked Snail,12,0.5859
28,High Mage Martis,B/C/D,142,Flame Manipulator,26,1.2695
28,High Mage Martis,B/C/D,143,Necrolancer the Timelord,26,1.2695
28,High Mage Martis,B/C/D,144,Djinn the Watcher of the Wind,26,1.2695
28,High Mage Martis,B/C/D,145,The Bewitching Phantom Thief,12,0.5859
28,High Mage Martis,B/C/D,148,The Shadow Who Controls the Dark,12,0.5859
28,High Mage Martis,B/C/D,149,Lord of the Lamp,12,0.5859
28,High Mage Martis,B/C/D,155,Larvas,12,0.5859
28,High Mage Martis,B/C/D,162,Tainted Wisdom,12,0.5859
28,High Mage Martis,B/C/D,164,Lord of Zemia,12,0.5859
28,High Mage Martis,B/C/D,169,Dark King of the Abyss,26,1.2695
28,High Mage Martis,B/C/D,171,Big Eye,12,0.5859
28,High Mage Martis,B/C/D,172,Armaill,12,0.5859
28,High Mage Martis,B/C/D,173,Dark Prisoner,26,1.2695
28,High Mage Martis,B/C/D,174,Hurricail,12,0.5859
28,High Mage Martis,B/C/D,175,Ancient Brain,26,1.2695
28,High Mage Martis,B/C/D,177,Monsturtle,12,0.5859
28,High Mage Martis,B/C/D,178,Claw Reacher,26,1.2695
28,High Mage Martis,B/C/D,179,Phantom Dewan,12,0.5859
28,High Mage Martis,B/C/D,180,Arlownay,12,0.5859
28,High Mage Martis,B/C/D,181,Dark Shade,26,1.2695
28,High Mage Martis,B/C/D,183,Lucky Trinket,12,0.5859
28,High Mage Martis,B/C/D,184,Genin,12,0.5859
28,High Mage Martis,B/C/D,188,Synchar,12,0.5859
28,High Mage Martis,B/C/D,189,Fusionist,12,0.5859
28,High Mage Martis,B/C/D,190,Akakieisu,26,1.2695
28,High Mage Martis,B/C/D,194,Terra the Terrible,12,0.5859
28,High Mage Martis,B/C/D,199,Penguin Knight,12,0.5859
28,High Mage Martis,B/C/D,204,Mabarrel,12,0.5859
28,High Mage Martis,B/C/D,205,Dorover,12,0.5859
28,High Mage Martis,B/C/D,206,Twin Long Rods #1,12,0.5859
28,High Mage Martis,B/C/D,213,Aqua Madoor,12,0.5859
28,High Mage Martis,B/C/D,215,Flame Ghost,12,0.5859
28,High Mage Martis,B/C/D,218,Two-mouth Darkruler,12,0.5859
28,High Mage Martis,B/C/D,220,Masked Sorcerer,12,0.5859
28,High Mage Martis,B/C/D,222,Midnight Fiend,12,0.5859
28,High Mage Martis,B/C/D,224,Trap Master,12,0.5859
28,High Mage Martis,B/C/D,226,Skull Stalker,12,0.5859
28,High Mage Martis,B/C/D,228,Wood Remains,12,0.5859
28,High Mage Martis,B/C/D,231,Wood Clown,12,0.5859
28,High Mage Martis,B/C/D,232,Madjinn Gunn,12,0.5859
28,High Mage Martis,B/C/D,233,Dark Titan of Terror,12,0.5859
28,High Mage Martis,B/C/D,239,Vishwar Randi,12,0.5859
28,High Mage Martis,B/C/D,240,The Drdek,12,0.5859
28,High Mage Martis,B/C/D,242,Candle of Fate,12,0.5859
28,High Mage Martis,B/C/D,243,Water Element,12,0.5859
28,High Mage Martis,B/C/D,244,Dissolverock,12,0.5859
28,High Mage Martis,B/C/D,245,Meda Bat,12,0.5859
28,High Mage Martis,B/C/D,247,Root Water,12,0.5859
28,High Mage Martis,B/C/D,250,Hyo,12,0.5859
28,High Mage Martis,B/C/D,253,Angelwitch,24,1.1719
28,High Mage Martis,B/C/D,254,Embryonic Beast,12,0.5859
28,High Mage Martis,B/C/D,257,Stone Armadiller,12,0.5859
28,High Mage Martis,B/C/D,259,Ancient Sorcerer,12,0.5859
28,High Mage Martis,B/C/D,260,Lunar Queen Elzaim,12,0.5859
28,High Mage Martis,B/C/D,261,Wicked Mirror,12,0.5859
28,High Mage Martis,B/C/D,264,Wing Egg Elf,12,0.5859
28,High Mage Martis,B/C/D,266,Princess of Tsurugi,12,0.5859
28,High Mage Martis,B/C/D,268,Sectarian of Secrets,12,0.5859
28,High Mage Martis,B/C/D,269,Versago the Destroyer,24,1.1719
28,High Mage Martis,B/C/D,270,Wetha,12,0.5859
28,High Mage Martis,B/C/D,271,Megirus Light,12,0.5859
28,High Mage Martis,B/C/D,276,Ray & Temperature,12,0.5859
28,High Mage Martis,B/C/D,277,Gorgon Egg,24,1.1719
28,High Mage Martis,B/C/D,279,King Fog,24,1.1719
28,High Mage Martis,B/C/D,282,Mystical Sheep #2,12,0.5859
28,High Mage Martis,B/C/D,283,Holograh,12,0.5859
28,High Mage Martis,B/C/D,295,Bio Plant,24,1.1719
28,High Mage Martis,B/C/D,296,One-eyed Shield Dragon,12,0.5859
28,High Mage Martis,B/C/D,298,Wicked Dragon with the Ersatz Head,12,0.5859
28,High Mage Martis,B/C/D,331,Wasteland,34,1.6602
28,High Mage Martis,B/C/D,379,La Jinn the Mystical Genie,24,1.1719
28,High Mage Martis,B/C/D,417,Blast Juggler,12,0.5859
28,High Mage Martis,B/C/D,432,Waterdragon Fairy,12,0.5859
28,High Mage Martis,B/C/D,446,Aqua Snake,12,0.5859
28,High Mage Martis,B/C/D,461,Bolt Penguin,12,0.5859
28,High Mage Martis,B/C/D,463,Electric Snake,12,0.5859
28,High Mage Martis,B/C/D,477,Alinsection,12,0.5859
28,High Mage Martis,B/C/D,478,Insect Soldiers of the Sky,12,0.5859
28,High Mage Martis,B/C/D,479,Cockroach Knight,12,0.5859
28,High Mage Martis,B/C/D,481,Burglar,12,0.5859
28,High Mage Martis,B/C/D,486,Boo Koo,12,0.5859
28,High Mage Martis,B/C/D,490,Needle Ball,12,0.5859
28,High Mage Martis,B/C/D,503,Turtle Raccoon,12,0.5859
28,High Mage Martis,B/C/D,534,Minar,12,0.5859
28,High Mage Martis,B/C/D,538,Niwatori,12,0.5859
28,High Mage Martis,B/C/D,568,Anthrosaurus,12,0.5859
28,High Mage Martis,B/C/D,569,Drooling Lizard,12,0.5859
28,High Mage Martis,B/C/D,573,Little D,12,0.5859
28,High Mage Martis,B/C/D,585,Mechanical Snail,12,0.5859
28,High Mage Martis,B/C/D,590,Beaked Snake,12,0.5859
28,High Mage Martis,B/C/D,605,Liquid Beast,12,0.5859
28,High Mage Martis,B/C/D,611,Hiro's Shadow Scout,12,0.5859
28,High Mage Martis,B/C/D,612,Lady of Faith,24,1.1719
28,High Mage Martis,B/C/D,650,Whiptail Crow,12,0.5859
28,High Mage Martis,B/C/D,682,Eatgaboon,18,0.8789
28,High Mage Martis,B/C/D,683,Bear Trap,18,0.8789
28,High Mage Martis,B/C/D,687,Goblin Fan,18,0.8789
28,High Mage Martis,B/C/D,693,Contruct of Mask,34,1.6602
28,High Mage Martis,B/C/D,695,Puppet Ritual,34,1.6602
28,High Mage Martis,S/A TEC,3,Hitotsu-me Giant,12,0.5859
28,High Mage Martis,S/A TEC,4,Baby Dragon,12,0.5859
28,High Mage Martis,S/A TEC,5,Ryu-kishin,25,1.2207
28,High Mage Martis,S/A TEC,6,Feral Imp,12,0.5859
28,High Mage Martis,S/A TEC,20,Left Arm of the Forbidden One,6,0.293
28,High Mage Martis,S/A TEC,23,The Wicked Worm Beast,12,0.5859
28,High Mage Martis,S/A TEC,25,Horn Imp,12,0.5859
28,High Mage Martis,S/A TEC,26,Battle Ox,12,0.5859
28,High Mage Martis,S/A TEC,29,Mountain Warrior,12,0.5859
28,High Mage Martis,S/A TEC,34,Saggi the Dark Clown,25,1.2207
28,High Mage Martis,S/A TEC,40,Dragon Piper,12,0.5859
28,High Mage Martis,S/A TEC,42,Illusionist Faceless Mage,12,0.5859
28,High Mage Martis,S/A TEC,44,Rogue Doll,12,0.5859
28,High Mage Martis,S/A TEC,47,Torike,12,0.5859
28,High Mage Martis,S/A TEC,48,Sangan,25,1.2207
28,High Mage Martis,S/A TEC,59,Mammoth Graveyard,12,0.5859
28,High Mage Martis,S/A TEC,61,Wolf,12,0.5859
28,High Mage Martis,S/A TEC,65,Silver Fang,12,0.5859
28,High Mage Martis,S/A TEC,77,Grappler,12,0.5859
28,High Mage Martis,S/A TEC,83,Castle of Dark Illusions,12,0.5859
28,High Mage Martis,S/A TEC,86,Barox,12,0.5859
28,High Mage Martis,S/A TEC,91,Mystic Horseman,12,0.5859
28,High Mage Martis,S/A TEC,95,Crass Clown,12,0.5859
28,High Mage Martis,S/A TEC,97,Dragon Zombie,12,0.5859
28,High Mage Martis,S/A TEC,100,Battle Warrior,12,0.5859
28,High Mage Martis,S/A TEC,103,Job-change Mirror,12,0.5859
28,High Mage Martis,S/A TEC,104,Curtain of the Dark Ones,12,0.5859
28,High Mage Martis,S/A TEC,108,Graveyard and the Hand of Invitation,12,0.5859
28,High Mage Martis,S/A TEC,113,Dark Gray,12,0.5859
28,High Mage Martis,S/A TEC,114,White Magical Hat,25,1.2207
28,High Mage Martis,S/A TEC,115,Kamion Wizard,12,0.5859
28,High Mage Martis,S/A TEC,116,Nightmare Scorpion,12,0.5859
28,High Mage Martis,S/A TEC,118,Supporter in the Shadows,12,0.5859
28,High Mage Martis,S/A TEC,119,Trial of Nightmares,12,0.5859
28,High Mage Martis,S/A TEC,129,Nemuriko,12,0.5859
28,High Mage Martis,S/A TEC,133,Charubin the Fire Knight,12,0.5859
28,High Mage Martis,S/A TEC,136,Witty Phantom,12,0.5859
28,High Mage Martis,S/A TEC,138,Dragon Statue,12,0.5859
28,High Mage Martis,S/A TEC,139,Blue-eyed Silver Zombie,12,0.5859
28,High Mage Martis,S/A TEC,140,Toad Master,12,0.5859
28,High Mage Martis,S/A TEC,141,Spiked Snail,12,0.5859
28,High Mage Martis,S/A TEC,142,Flame Manipulator,25,1.2207
28,High Mage Martis,S/A TEC,143,Necrolancer the Timelord,25,1.2207
28,High Mage Martis,S/A TEC,144,Djinn the Watcher of the Wind,25,1.2207
28,High Mage Martis,S/A TEC,145,The Bewitching Phantom Thief,12,0.5859
28,High Mage Martis,S/A TEC,148,The Shadow Who Controls the Dark,12,0.5859
28,High Mage Martis,S/A TEC,149,Lord of the Lamp,12,0.5859
28,High Mage Martis,S/A TEC,155,Larvas,12,0.5859
28,High Mage Martis,S/A TEC,162,Tainted Wisdom,12,0.5859
28,High Mage Martis,S/A TEC,164,Lord of Zemia,12,0.5859
28,High Mage Martis,S/A TEC,169,Dark King of the Abyss,25,1.2207
28,High Mage Martis,S/A TEC,171,Big Eye,12,0.5859
28,High Mage Martis,S/A TEC,172,Armaill,12,0.5859
28,High Mage Martis,S/A TEC,173,Dark Prisoner,25,1.2207
28,High Mage Martis,S/A TEC,174,Hurricail,12,0.5859
28,High Mage Martis,S/A TEC,175,Ancient Brain,25,1.2207
28,High Mage Martis,S/A TEC,177,Monsturtle,12,0.5859
28,High Mage Martis,S/A TEC,178,Claw Reacher,25,1.2207
28,High Mage Martis,S/A TEC,179,Phantom Dewan,12,0.5859
28,High Mage Martis,S/A TEC,180,Arlownay,12,0.5859
28,High Mage Martis,S/A TEC,181,Dark Shade,25,1.2207
28,High Mage Martis,S/A TEC,183,Lucky Trinket,12,0.5859
28,High Mage Martis,S/A TEC,184,Genin,12,0.5859
28,High Mage Martis,S/A TEC,188,Synchar,12,0.5859
28,High Mage Martis,S/A TEC,189,Fusionist,12,0.5859
28,High Mage Martis,S/A TEC,190,Akakieisu,25,1.2207
28,High Mage Martis,S/A TEC,194,Terra the Terrible,12,0.5859
28,High Mage Martis,S/A TEC,199,Penguin Knight,12,0.5859
28,High Mage Martis,S/A TEC,205,Dorover,12,0.5859
28,High Mage Martis,S/A TEC,206,Twin Long Rods #1,12,0.5859
28,High Mage Martis,S/A TEC,215,Flame Ghost,12,0.5859
28,High Mage Martis,S/A TEC,218,Two-mouth Darkruler,12,0.5859
28,High Mage Martis,S/A TEC,220,Masked Sorcerer,12,0.5859
28,High Mage Martis,S/A TEC,222,Midnight Fiend,12,0.5859
28,High Mage Martis,S/A TEC,224,Trap Master,12,0.5859
28,High Mage Martis,S/A TEC,226,Skull Stalker,12,0.5859
28,High Mage Martis,S/A TEC,228,Wood Remains,10,0.4883
28,High Mage Martis,S/A TEC,231,Wood Clown,10,0.4883
28,High Mage Martis,S/A TEC,232,Madjinn Gunn,10,0.4883
28,High Mage Martis,S/A TEC,233,Dark Titan of Terror,10,0.4883
28,High Mage Martis,S/A TEC,239,Vishwar Randi,10,0.4883
28,High Mage Martis,S/A TEC,240,The Drdek,10,0.4883
28,High Mage Martis,S/A TEC,242,Candle of Fate,10,0.4883
28,High Mage Martis,S/A TEC,243,Water Element,10,0.4883
28,High Mage Martis,S/A TEC,244,Dissolverock,10,0.4883
28,High Mage Martis,S/A TEC,245,Meda Bat,10,0.4883
28,High Mage Martis,S/A TEC,247,Root Water,10,0.4883
28,High Mage Martis,S/A TEC,250,Hyo,10,0.4883
28,High Mage Martis,S/A TEC,253,Angelwitch,20,0.9766
28,High Mage Martis,S/A TEC,254,Embryonic Beast,10,0.4883
28,High Mage Martis,S/A TEC,257,Stone Armadiller,10,0.4883
28,High Mage Martis,S/A TEC,259,Ancient Sorcerer,10,0.4883
28,High Mage Martis,S/A TEC,260,Lunar Queen Elzaim,10,0.4883
28,High Mage Martis,S/A TEC,261,Wicked Mirror,10,0.4883
28,High Mage Martis,S/A TEC,264,Wing Egg Elf,10,0.4883
28,High Mage Martis,S/A TEC,266,Princess of Tsurugi,10,0.4883
28,High Mage Martis,S/A TEC,268,Sectarian of Secrets,10,0.4883
28,High Mage Martis,S/A TEC,269,Versago the Destroyer,20,0.9766
28,High Mage Martis,S/A TEC,270,Wetha,10,0.4883
28,High Mage Martis,S/A TEC,271,Megirus Light,10,0.4883
28,High Mage Martis,S/A TEC,276,Ray & Temperature,10,0.4883
28,High Mage Martis,S/A TEC,277,Gorgon Egg,20,0.9766
28,High Mage Martis,S/A TEC,279,King Fog,20,0.9766
28,High Mage Martis,S/A TEC,282,Mystical Sheep #2,10,0.4883
28,High Mage Martis,S/A TEC,283,Holograh,10,0.4883
28,High Mage Martis,S/A TEC,295,Bio Plant,20,0.9766
28,High Mage Martis,S/A TEC,296,One-eyed Shield Dragon,10,0.4883
28,High Mage Martis,S/A TEC,298,Wicked Dragon with the Ersatz Head,10,0.4883
28,High Mage Martis,S/A TEC,303,Dark Energy,24,1.1719
28,High Mage Martis,S/A TEC,321,Malevolent Nuzzler,25,1.2207
28,High Mage Martis,S/A TEC,323,Book of Secret Arts,25,1.2207
28,High Mage Martis,S/A TEC,331,Wasteland,32,1.5625
28,High Mage Martis,S/A TEC,346,Ookazi,25,1.2207
28,High Mage Martis,S/A TEC,379,La Jinn the Mystical Genie,20,0.9766
28,High Mage Martis,S/A TEC,417,Blast Juggler,10,0.4883
28,High Mage Martis,S/A TEC,432,Waterdragon Fairy,10,0.4883
28,High Mage Martis,S/A TEC,446,Aqua Snake,10,0.4883
28,High Mage Martis,S/A TEC,461,Bolt Penguin,10,0.4883
28,High Mage Martis,S/A TEC,463,Electric Snake,10,0.4883
28,High Mage Martis,S/A TEC,477,Alinsection,10,0.4883
28,High Mage Martis,S/A TEC,478,Insect Soldiers of the Sky,10,0.4883
28,High Mage Martis,S/A TEC,479,Cockroach Knight,10,0.4883
28,High Mage Martis,S/A TEC,481,Burglar,10,0.4883
28,High Mage Martis,S/A TEC,486,Boo Koo,10,0.4883
28,High Mage Martis,S/A TEC,490,Needle Ball,10,0.4883
28,High Mage Martis,S/A TEC,503,Turtle Raccoon,10,0.4883
28,High Mage Martis,S/A TEC,534,Minar,10,0.4883
28,High Mage Martis,S/A TEC,538,Niwatori,10,0.4883
28,High Mage Martis,S/A TEC,568,Anthrosaurus,10,0.4883
28,High Mage Martis,S/A TEC,569,Drooling Lizard,10,0.4883
28,High Mage Martis,S/A TEC,573,Little D,10,0.4883
28,High Mage Martis,S/A TEC,585,Mechanical Snail,10,0.4883
28,High Mage Martis,S/A TEC,590,Beaked Snake,10,0.4883
28,High Mage Martis,S/A TEC,605,Liquid Beast,10,0.4883
28,High Mage Martis,S/A TEC,611,Hiro's Shadow Scout,10,0.4883
28,High Mage Martis,S/A TEC,612,Lady of Faith,20,0.9766
28,High Mage Martis,S/A TEC,676,Commencement Dance,25,1.2207
28,High Mage Martis,S/A TEC,682,Eatgaboon,25,1.2207
28,High Mage Martis,S/A TEC,683,Bear Trap,25,1.2207
28,High Mage Martis,S/A TEC,684,Invisible Wire,25,1.2207
28,High Mage Martis,S/A TEC,687,Goblin Fan,25,1.2207
28,High Mage Martis,S/A TEC,688,Bad Reaction to Simochi,25,1.2207
28,High Mage Martis,S/A TEC,693,Contruct of Mask,36,1.7578
28,High Mage Martis,S/A TEC,695,Puppet Ritual,36,1.7578
28,High Mage Martis,deck,2,Mystical Elf,2,0.0977
28,High Mage Martis,deck,3,Hitotsu-me Giant,8,0.3906
28,High Mage Martis,deck,6,Feral Imp,8,0.3906
28,High Mage Martis,deck,11,Sword Arm of Dragon,32,1.5625
28,High Mage Martis,deck,22,Summoned Skull,32,1.5625
28,High Mage Martis,deck,23,The Wicked Worm Beast,8,0.3906
28,High Mage Martis,deck,25,Horn Imp,8,0.3906
28,High Mage Martis,deck,26,Battle Ox,12,0.5859
28,High Mage Martis,deck,28,Rock Ogre Grotto #1,2,0.0977
28,High Mage Martis,deck,30,Zombie Warrior,8,0.3906
28,High Mage Martis,deck,32,Two-headed King Rex,24,1.1719
28,High Mage Martis,deck,33,Judge Man,32,1.5625
28,High Mage Martis,deck,34,Saggi the Dark Clown,2,0.0977
28,High Mage Martis,deck,35,Dark Magician,32,1.5625
28,High Mage Martis,deck,36,The Snake Hair,24,1.1719
28,High Mage Martis,deck,42,Illusionist Faceless Mage,8,0.3906
28,High Mage Martis,deck,44,Rogue Doll,12,0.5859
28,High Mage Martis,deck,59,Mammoth Graveyard,8,0.3906
28,High Mage Martis,deck,74,Giant Soldier of Stone,8,0.3906
28,High Mage Martis,deck,77,Grappler,8,0.3906
28,High Mage Martis,deck,79,Megazowler,32,1.5625
28,High Mage Martis,deck,80,Uraby,24,1.1719
28,High Mage Martis,deck,81,Crawling Dragon #2,24,1.1719
28,High Mage Martis,deck,83,Castle of Dark Illusions,2,0.0977
28,High Mage Martis,deck,84,Reaper of the Cards,8,0.3906
28,High Mage Martis,deck,85,King of Yamimakai,12,0.5859
28,High Mage Martis,deck,86,Barox,8,0.3906
28,High Mage Martis,deck,87,Dark Chimera,12,0.5859
28,High Mage Martis,deck,88,Metal Guardian,8,0.3906
28,High Mage Martis,deck,90,Gyakutenno Megami,32,1.5625
28,High Mage Martis,deck,91,Mystic Horseman,8,0.3906
28,High Mage Martis,deck,92,Rabid Horseman,12,0.5859
28,High Mage Martis,deck,95,Crass Clown,8,0.3906
28,High Mage Martis,deck,99,Pumpking the King of Ghosts,24,1.1719
28,High Mage Martis,deck,103,Job-change Mirror,2,0.0977
28,High Mage Martis,deck,106,Spirit of the Winds,12,0.5859
28,High Mage Martis,deck,112,That Which Feeds on Life,8,0.3906
28,High Mage Martis,deck,115,Kamion Wizard,8,0.3906
28,High Mage Martis,deck,119,Trial of Nightmares,8,0.3906
28,High Mage Martis,deck,128,LaMoon,8,0.3906
28,High Mage Martis,deck,132,The 13th Grave,8,0.3906
28,High Mage Martis,deck,136,Witty Phantom,8,0.3906
28,High Mage Martis,deck,146,Temple of Skulls,2,0.0977
28,High Mage Martis,deck,149,Lord of the Lamp,8,0.3906
28,High Mage Martis,deck,153,Dokuroizo the Grim Reaper,2,0.0977
28,High Mage Martis,deck,162,Tainted Wisdom,8,0.3906
28,High Mage Martis,deck,164,Lord of Zemia,8,0.3906
28,High Mage Martis,deck,169,Dark King of the Abyss,8,0.3906
28,High Mage Martis,deck,171,Big Eye,8,0.3906
28,High Mage Martis,deck,181,Dark Shade,8,0.3906
28,High Mage Martis,deck,194,Terra the Terrible,8,0.3906
28,High Mage Martis,deck,204,Mabarrel,12,0.5859
28,High Mage Martis,deck,213,Aqua Madoor,8,0.3906
28,High Mage Martis,deck,216,Dryad,8,0.3906
28,High Mage Martis,deck,220,Masked Sorcerer,2,0.0977
28,High Mage Martis,deck,233,Dark Titan of Terror,8,0.3906
28,High Mage Martis,deck,241,Dark Assailant,8,0.3906
28,High Mage Martis,deck,257,Stone Armadiller,2,0.0977
28,High Mage Martis,deck,259,Ancient Sorcerer,8,0.3906
28,High Mage Martis,deck,263,Rock Ogre Grotto #2,2,0.0977
28,High Mage Martis,deck,269,Versago the Destroyer,8,0.3906
28,High Mage Martis,deck,281,Mystic Clown,12,0.5859
28,High Mage Martis,deck,284,Tao the Chanter,8,0.3906
28,High Mage Martis,deck,288,Dark Artist,2,0.0977
28,High Mage Martis,deck,322,Violet Crystal,72,3.5156
28,High Mage Martis,deck,324,Invigoration,48,2.3438
28,High Mage Martis,deck,326,Raise Body Heat,48,2.3438
28,High Mage Martis,deck,331,Wasteland,64,3.125
28,High Mage Martis,deck,342,Dian Keto the Cure Master,40,1.9531
28,High Mage Martis,deck,351,Yaranzo,8,0.3906
28,High Mage Martis,deck,363,Fairy's Gift,8,0.3906
28,High Mage Martis,deck,366,Labyrinth Wall,32,1.5625
28,High Mage Martis,deck,368,Shadow Ghoul,24,1.1719
28,High Mage Martis,deck,372,Kazejin,32,1.5625
28,High Mage Martis,deck,377,Ryu-kishin Powered,12,0.5859
28,High Mage Martis,deck,378,Swordstalker,32,1.5625
28,High Mage Martis,deck,379,La Jinn the Mystical Genie,12,0.5859
28,High Mage Martis,deck,385,Bickuribox,32,1.5625
28,High Mage Martis,deck,391,Zoa,32,1.5625
28,High Mage Martis,deck,401,Ushi Oni,32,1.5625
28,High Mage Martis,deck,426,Stone D.,32,1.5625
28,High Mage Martis,deck,433,Ancient Elf,8,0.3906
28,High Mage Martis,deck,453,Millennium Golem,32,1.5625
28,High Mage Martis,deck,454,Destroyer Golem,24,1.1719
28,High Mage Martis,deck,455,Barrel Rock,8,0.3906
28,High Mage Martis,deck,456,Minomushi Warrior,8,0.3906
28,High Mage Martis,deck,457,Stone Ghost,8,0.3906
28,High Mage Martis,deck,470,Magical Ghost,8,0.3906
28,High Mage Martis,deck,471,Soul Hunter,32,1.5625
28,High Mage Martis,deck,472,Air Eater,32,1.5625
28,High Mage Martis,deck,482,Pragtical,32,1.5625
28,High Mage Martis,deck,493,Maha Vailo,12,0.5859
28,High Mage Martis,deck,495,Musician King,32,1.5625
28,High Mage Martis,deck,498,Morinphen,12,0.5859
28,High Mage Martis,deck,500,Dragon Seeker,32,1.5625
28,High Mage Martis,deck,509,Bracchio-raidus,32,1.5625
28,High Mage Martis,deck,515,The Statue of Easter Island,8,0.3906
28,High Mage Martis,deck,517,Sand Stone,8,0.3906
28,High Mage Martis,deck,523,The Bistro Butcher,12,0.5859
28,High Mage Martis,deck,525,Spirit of the Mountain,8,0.3906
28,High Mage Martis,deck,526,Neck Hunter,32,1.5625
28,High Mage Martis,deck,531,Mystical Sand,32,1.5625
28,High Mage Martis,deck,532,Gemini Elf,12,0.5859
28,High Mage Martis,deck,545,Skelgon,32,1.5625
28,High Mage Martis,deck,551,Dark Elf,12,0.5859
28,High Mage Martis,deck,560,Invader from Another Dimension,2,0.0977
28,High Mage Martis,deck,564,Great Mammoth of Goldfine,32,1.5625
28,High Mage Martis,deck,570,Trakadon,8,0.3906
28,High Mage Martis,deck,574,Witch of the Black Forest,8,0.3906
28,High Mage Martis,deck,578,Leo Wizard,8,0.3906
28,High Mage Martis,deck,596,Ghoul with an Appetite,24,1.1719
28,High Mage Martis,deck,600,Key Mace #2,8,0.3906
28,High Mage Martis,deck,619,Rock Spirit,32,1.5625
28,High Mage Martis,deck,622,Ill Witch,32,1.5625
28,High Mage Martis,deck,623,The Thing That Hides in the Mud,8,0.3906
28,High Mage Martis,deck,631,Maiden of the Moonlight,12,0.5859
28,High Mage Martis,deck,632,Stone Ogre Grotto,32,1.5625
28,High Mage Martis,deck,650,Whiptail Crow,32,1.5625
28,High Mage Martis,deck,672,Harpie's Feather Duster,40,1.9531
28,High Mage Martis,deck,719,Dokurorider,40,1.9531
29,Meadow Mage,S/A POW,2,Mystical Elf,44,2.1484
29,Meadow Mage,S/A POW,6,Feral Imp,44,2.1484
29,Meadow Mage,S/A POW,9,Shadow Specter,150,7.3242
29,Meadow Mage,S/A POW,10,Blackland Fire Dragon,44,2.1484
29,Meadow Mage,S/A POW,19,Right Arm of the Forbidden One,10,0.4883
29,Meadow Mage,S/A POW,25,Horn Imp,44,2.1484
29,Meadow Mage,S/A POW,27,Beaver Warrior,44,2.1484
29,Meadow Mage,S/A POW,30,Zombie Warrior,44,2.1484
29,Meadow Mage,S/A POW,31,Koumori Dragon,46,2.2461
29,Meadow Mage,S/A POW,35,Dark Magician,46,2.2461
29,Meadow Mage,S/A POW,38,Gaia the Fierce Knight,46,2.2461
29,Meadow Mage,S/A POW,39,Curse of Dragon,46,2.2461
29,Meadow Mage,S/A POW,41,Celtic Guardian,46,2.2461
29,Meadow Mage,S/A POW,46,Griffore,46,2.2461
29,Meadow Mage,S/A POW,47,Torike,46,2.2461
29,Meadow Mage,S/A POW,48,Sangan,46,2.2461
29,Meadow Mage,S/A POW,59,Mammoth Graveyard,46,2.2461
29,Meadow Mage,S/A POW,65,Silver Fang,46,2.2461
29,Meadow Mage,S/A POW,74,Giant Soldier of Stone,46,2.2461
29,Meadow Mage,S/A POW,89,Catapult Turtle,46,2.2461
29,Meadow Mage,S/A POW,94,Crawling Dragon,20,0.9766
29,Meadow Mage,S/A POW,111,Doma The Angel of Silence,20,0.9766
29,Meadow Mage,S/A POW,130,Weather Control,90,4.3945
29,Meadow Mage,S/A POW,238,Yashinoki,20,0.9766
29,Meadow Mage,S/A POW,333,Sogen,60,2.9297
29,Meadow Mage,S/A POW,381,Toon Alligator,2,0.0977
29,Meadow Mage,S/A POW,396,Ocubeam,20,0.9766
29,Meadow Mage,S/A POW,408,Giant Mech-soldier,20,0.9766
29,Meadow Mage,S/A POW,409,Metal Dragon,20,0.9766
29,Meadow Mage,S/A POW,422,Jinzo #7,88,4.2969
29,Meadow Mage,S/A POW,436,White Dolphin,88,4.2969
29,Meadow Mage,S/A POW,437,Deepsea Shark,20,0.9766
29,Meadow Mage,S/A POW,439,Bottom Dweller,20,0.9766
29,Meadow Mage,S/A POW,458,Kaminari Attack,20,0.9766
29,Meadow Mage,S/A POW,473,Vermillion Sparrow,20,0.9766
29,Meadow Mage,S/A POW,482,Pragtical,20,0.9766
29,Meadow Mage,S/A POW,485,Korogashi,88,4.2969
29,Meadow Mage,S/A POW,487,Flower Wolf,20,0.9766
29,Meadow Mage,S/A POW,509,Bracchio-raidus,20,0.9766
29,Meadow Mage,S/A POW,516,Muka Muka,88,4.2969
29,Meadow Mage,S/A POW,521,Skullbird,20,0.9766
29,Meadow Mage,S/A POW,533,Kwagar Hercules,20,0.9766
29,Meadow Mage,S/A POW,542,Misairuzame,20,0.9766
29,Meadow Mage,S/A POW,557,Steel Ogre Grotto #1,20,0.9766
29,Meadow Mage,S/A POW,563,Wretched Ghost of the Attic,88,4.2969
29,Meadow Mage,S/A POW,618,Warrior of Tradition,20,0.9766
29,Meadow Mage,S/A POW,637,Trent,20,0.9766
29,Meadow Mage,S/A POW,659,Winged Trumpeter,20,0.9766
29,Meadow Mage,S/A POW,707,Skull Knight,20,0.9766
29,Meadow Mage,S/A POW,712,Meteor Dragon,20,0.9766
29,Meadow Mage,S/A POW,713,Meteor B. Dragon,20,0.9766
29,Meadow Mage,S/A POW,714,Firewing Pegasus,20,0.9766
29,Meadow Mage,B/C/D,2,Mystical Elf,50,2.4414
29,Meadow Mage,B/C/D,6,Feral Imp,50,2.4414
29,Meadow Mage,B/C/D,9,Shadow Specter,178,8.6914
29,Meadow Mage,B/C/D,10,Blackland Fire Dragon,50,2.4414
29,Meadow Mage,B/C/D,19,Right Arm of the Forbidden One,12,0.5859
29,Meadow Mage,B/C/D,25,Horn Imp,50,2.4414
29,Meadow Mage,B/C/D,27,Beaver Warrior,50,2.4414
29,Meadow Mage,B/C/D,30,Zombie Warrior,50,2.4414
29,Meadow Mage,B/C/D,31,Koumori Dragon,50,2.4414
29,Meadow Mage,B/C/D,41,Celtic Guardian,50,2.4414
29,Meadow Mage,B/C/D,46,Griffore,50,2.4414
29,Meadow Mage,B/C/D,47,Torike,50,2.4414
29,Meadow Mage,B/C/D,48,Sangan,50,2.4414
29,Meadow Mage,B/C/D,59,Mammoth Graveyard,50,2.4414
29,Meadow Mage,B/C/D,65,Silver Fang,50,2.4414
29,Meadow Mage,B/C/D,89,Catapult Turtle,50,2.4414
29,Meadow Mage,B/C/D,94,Crawling Dragon,22,1.0742
29,Meadow Mage,B/C/D,102,Mask of Darkness,22,1.0742
29,Meadow Mage,B/C/D,111,Doma The Angel of Silence,22,1.0742
29,Meadow Mage,B/C/D,130,Weather Control,100,4.8828
29,Meadow Mage,B/C/D,238,Yashinoki,22,1.0742
29,Meadow Mage,B/C/D,333,Sogen,66,3.2227
29,Meadow Mage,B/C/D,381,Toon Alligator,2,0.0977
29,Meadow Mage,B/C/D,396,Ocubeam,22,1.0742
29,Meadow Mage,B/C/D,408,Giant Mech-soldier,22,1.0742
29,Meadow Mage,B/C/D,409,Metal Dragon,22,1.0742
29,Meadow Mage,B/C/D,422,Jinzo #7,96,4.6875
29,Meadow Mage,B/C/D,436,White Dolphin,96,4.6875
29,Meadow Mage,B/C/D,437,Deepsea Shark,22,1.0742
29,Meadow Mage,B/C/D,439,Bottom Dweller,22,1.0742
29,Meadow Mage,B/C/D,444,Turu-Purun,96,4.6875
29,Meadow Mage,B/C/D,458,Kaminari Attack,22,1.0742
29,Meadow Mage,B/C/D,473,Vermillion Sparrow,22,1.0742
29,Meadow Mage,B/C/D,482,Pragtical,22,1.0742
29,Meadow Mage,B/C/D,485,Korogashi,96,4.6875
29,Meadow Mage,B/C/D,487,Flower Wolf,22,1.0742
29,Meadow Mage,B/C/D,516,Muka Muka,96,4.6875
29,Meadow Mage,B/C/D,521,Skullbird,12,0.5859
29,Meadow Mage,B/C/D,533,Kwagar Hercules,12,0.5859
29,Meadow Mage,B/C/D,542,Misairuzame,22,1.0742
29,Meadow Mage,B/C/D,557,Steel Ogre Grotto #1,22,1.0742
29,Meadow Mage,B/C/D,563,Wretched Ghost of the Attic,96,4.6875
29,Meadow Mage,B/C/D,618,Warrior of Tradition,12,0.5859
29,Meadow Mage,B/C/D,637,Trent,22,1.0742
29,Meadow Mage,B/C/D,659,Winged Trumpeter,12,0.5859
29,Meadow Mage,B/C/D,712,Meteor Dragon,12,0.5859
29,Meadow Mage,B/C/D,714,Firewing Pegasus,2,0.0977
29,Meadow Mage,S/A TEC,2,Mystical Elf,46,2.2461
29,Meadow Mage,S/A TEC,6,Feral Imp,46,2.2461
29,Meadow Mage,S/A TEC,9,Shadow Specter,150,7.3242
29,Meadow Mage,S/A TEC,10,Blackland Fire Dragon,46,2.2461
29,Meadow Mage,S/A TEC,19,Right Arm of the Forbidden One,4,0.1953
29,Meadow Mage,S/A TEC,25,Horn Imp,46,2.2461
29,Meadow Mage,S/A TEC,27,Beaver Warrior,46,2.2461
29,Meadow Mage,S/A TEC,30,Zombie Warrior,46,2.2461
29,Meadow Mage,S/A TEC,31,Koumori Dragon,46,2.2461
29,Meadow Mage,S/A TEC,41,Celtic Guardian,46,2.2461
29,Meadow Mage,S/A TEC,46,Griffore,46,2.2461
29,Meadow Mage,S/A TEC,47,Torike,46,2.2461
29,Meadow Mage,S/A TEC,48,Sangan,46,2.2461
29,Meadow Mage,S/A TEC,59,Mammoth Graveyard,46,2.2461
29,Meadow Mage,S/A TEC,65,Silver Fang,46,2.2461
29,Meadow Mage,S/A TEC,102,Mask of Darkness,20,0.9766
29,Meadow Mage,S/A TEC,130,Weather Control,90,4.3945
29,Meadow Mage,S/A TEC,238,Yashinoki,20,0.9766
29,Meadow Mage,S/A TEC,301,Legendary Sword,64,3.125
29,Meadow Mage,S/A TEC,313,Horn of Light,64,3.125
29,Meadow Mage,S/A TEC,314,Horn of the Unicorn,64,3.125
29,Meadow Mage,S/A TEC,333,Sogen,64,3.125
29,Meadow Mage,S/A TEC,336,Dark Hole,64,3.125
29,Meadow Mage,S/A TEC,345,Final Flame,64,3.125
29,Meadow Mage,S/A TEC,349,Spellbinding Circle,64,3.125
29,Meadow Mage,S/A TEC,381,Toon Alligator,2,0.0977
29,Meadow Mage,S/A TEC,422,Jinzo #7,88,4.2969
29,Meadow Mage,S/A TEC,436,White Dolphin,80,3.9062
29,Meadow Mage,S/A TEC,444,Turu-Purun,84,4.1016
29,Meadow Mage,S/A TEC,485,Korogashi,80,3.9062
29,Meadow Mage,S/A TEC,516,Muka Muka,80,3.9062
29,Meadow Mage,S/A TEC,563,Wretched Ghost of the Attic,80,3.9062
29,Meadow Mage,S/A TEC,676,Commencement Dance,32,1.5625
29,Meadow Mage,S/A TEC,677,Hamburger Recipe,32,1.5625
29,Meadow Mage,S/A TEC,681,House of Adhesive Tape,64,3.125
29,Meadow Mage,S/A TEC,682,Eatgaboon,64,3.125
29,Meadow Mage,S/A TEC,690,Fake Trap,32,1.5625
29,Meadow Mage,deck,3,Hitotsu-me Giant,24,1.1719
29,Meadow Mage,deck,12,Swamp Battleguard,32,1.5625
29,Meadow Mage,deck,14,Battle Steer,32,1.5625
29,Meadow Mage,deck,15,Flame Swordsman,32,1.5625
29,Meadow Mage,deck,26,Battle Ox,24,1.1719
29,Meadow Mage,deck,27,Beaver Warrior,24,1.1719
29,Meadow Mage,deck,29,Mountain Warrior,16,0.7812
29,Meadow Mage,deck,33,Judge Man,32,1.5625
29,Meadow Mage,deck,41,Celtic Guardian,24,1.1719
29,Meadow Mage,deck,43,Karbonala Warrior,24,1.1719
29,Meadow Mage,deck,64,Tiger Axe,24,1.1719
29,Meadow Mage,deck,66,Kojikocy,24,1.1719
29,Meadow Mage,deck,68,Garoozis,32,1.5625
29,Meadow Mage,deck,78,Axe Raider,24,1.1719
29,Meadow Mage,deck,92,Rabid Horseman,32,1.5625
29,Meadow Mage,deck,93,Zanki,32,1.5625
29,Meadow Mage,deck,100,Battle Warrior,16,0.7812
29,Meadow Mage,deck,110,Hero of the East,24,1.1719
29,Meadow Mage,deck,118,Supporter in the Shadows,24,1.1719
29,Meadow Mage,deck,120,Dream Clown,24,1.1719
29,Meadow Mage,deck,127,Ansatsu,24,1.1719
29,Meadow Mage,deck,138,Dragon Statue,24,1.1719
29,Meadow Mage,deck,151,Rhaimundos of the Red Sword,24,1.1719
29,Meadow Mage,deck,165,The Judgement Hand,24,1.1719
29,Meadow Mage,deck,166,Mysterious Puppeteer,24,1.1719
29,Meadow Mage,deck,172,Armaill,24,1.1719
29,Meadow Mage,deck,219,Solitude,24,1.1719
29,Meadow Mage,deck,225,Fiend Sword,24,1.1719
29,Meadow Mage,deck,226,Skull Stalker,16,0.7812
29,Meadow Mage,deck,231,Wood Clown,24,1.1719
29,Meadow Mage,deck,234,Beautiful Headhuntress,24,1.1719
29,Meadow Mage,deck,235,Wodan the Resident of the Forest,24,1.1719
29,Meadow Mage,deck,236,Guardian of the Labyrinth,24,1.1719
29,Meadow Mage,deck,239,Vishwar Randi,16,0.7812
29,Meadow Mage,deck,246,One Who Hunts Souls,24,1.1719
29,Meadow Mage,deck,250,Hyo,24,1.1719
29,Meadow Mage,deck,256,Dimensional Warrior,24,1.1719
29,Meadow Mage,deck,262,The Little Swordsman of Aile,24,1.1719
29,Meadow Mage,deck,266,Princess of Tsurugi,16,0.7812
29,Meadow Mage,deck,280,Protector of the Throne,24,1.1719
29,Meadow Mage,deck,287,Ogre of the Black Shadow,24,1.1719
29,Meadow Mage,deck,290,Moon Envoy,24,1.1719
29,Meadow Mage,deck,293,Masaki the Legendary Swordsman,24,1.1719
29,Meadow Mage,deck,294,Dragoness the Wicked Knight,24,1.1719
29,Meadow Mage,deck,295,Bio Plant,16,0.7812
29,Meadow Mage,deck,299,Sonic Maid,24,1.1719
29,Meadow Mage,deck,320,Stop Defense,32,1.5625
29,Meadow Mage,deck,333,Sogen,160,7.8125
29,Meadow Mage,deck,348,Swords of Revealing Light,32,1.5625
29,Meadow Mage,deck,352,Kanan the Swordmistress,24,1.1719
29,Meadow Mage,deck,354,Stuffed Animal,24,1.1719
29,Meadow Mage,deck,362,Millennium Shield,32,1.5625
29,Meadow Mage,deck,376,Monster Tamer,32,1.5625
29,Meadow Mage,deck,378,Swordstalker,32,1.5625
29,Meadow Mage,deck,382,Rude Kaiser,32,1.5625
29,Meadow Mage,deck,389,Giltia the D. Knight,32,1.5625
29,Meadow Mage,deck,434,Beautiful Beast Trainer,32,1.5625
29,Meadow Mage,deck,502,D. Human,24,1.1719
29,Meadow Mage,deck,547,Griggle,32,1.5625
29,Meadow Mage,deck,553,Mushroom Man #2,24,1.1719
29,Meadow Mage,deck,554,Lava Battleguard,32,1.5625
29,Meadow Mage,deck,559,Oscillo Hero,16,0.7812
29,Meadow Mage,deck,572,Empress Judge,32,1.5625
29,Meadow Mage,deck,618,Warrior of Tradition,32,1.5625
29,Meadow Mage,deck,621,Succubus Knight,24,1.1719
29,Meadow Mage,deck,627,Nekogal #2,32,1.5625
29,Meadow Mage,deck,641,Invader of the Throne,32,1.5625
29,Meadow Mage,deck,649,Hibikime,24,1.1719
29,Meadow Mage,deck,653,Warrior Elimination,128,6.25
29,Meadow Mage,deck,677,Hamburger Recipe,40,1.9531
30,High Mage Kepura,S/A POW,3,Hitotsu-me Giant,60,2.9297
30,High Mage Kepura,S/A POW,4,Baby Dragon,30,1.4648
30,High Mage Kepura,S/A POW,5,Ryu-kishin,60,2.9297
30,High Mage Kepura,S/A POW,10,Blackland Fire Dragon,30,1.4648
30,High Mage Kepura,S/A POW,12,Swamp Battleguard,36,1.7578
30,High Mage Kepura,S/A POW,15,Flame Swordsman,36,1.7578
30,High Mage Kepura,S/A POW,19,Right Arm of the Forbidden One,5,0.2441
30,High Mage Kepura,S/A POW,23,The Wicked Worm Beast,64,3.125
30,High Mage Kepura,S/A POW,26,Battle Ox,64,3.125
30,High Mage Kepura,S/A POW,31,Koumori Dragon,32,1.5625
30,High Mage Kepura,S/A POW,33,Judge Man,72,3.5156
30,High Mage Kepura,S/A POW,34,Saggi the Dark Clown,64,3.125
30,High Mage Kepura,S/A POW,39,Curse of Dragon,72,3.5156
30,High Mage Kepura,S/A POW,42,Illusionist Faceless Mage,36,1.7578
30,High Mage Kepura,S/A POW,68,Garoozis,36,1.7578
30,High Mage Kepura,S/A POW,73,Kairyu-shin,32,1.5625
30,High Mage Kepura,S/A POW,74,Giant Soldier of Stone,32,1.5625
30,High Mage Kepura,S/A POW,77,Grappler,63,3.0762
30,High Mage Kepura,S/A POW,84,Reaper of the Cards,32,1.5625
30,High Mage Kepura,S/A POW,85,King of Yamimakai,40,1.9531
30,High Mage Kepura,S/A POW,88,Metal Guardian,32,1.5625
30,High Mage Kepura,S/A POW,90,Gyakutenno Megami,72,3.5156
30,High Mage Kepura,S/A POW,91,Mystic Horseman,60,2.9297
30,High Mage Kepura,S/A POW,93,Zanki,32,1.5625
30,High Mage Kepura,S/A POW,122,Yamatano Dragon Scroll,30,1.4648
30,High Mage Kepura,S/A POW,126,Orion the Battle King,32,1.5625
30,High Mage Kepura,S/A POW,168,Darkfire Dragon,30,1.4648
30,High Mage Kepura,S/A POW,200,Petit Dragon,30,1.4648
30,High Mage Kepura,S/A POW,213,Aqua Madoor,32,1.5625
30,High Mage Kepura,S/A POW,286,Gatekeeper,32,1.5625
30,High Mage Kepura,S/A POW,296,One-eyed Shield Dragon,30,1.4648
30,High Mage Kepura,S/A POW,298,Wicked Dragon with the Ersatz Head,30,1.4648
30,High Mage Kepura,S/A POW,333,Sogen,30,1.4648
30,High Mage Kepura,S/A POW,376,Monster Tamer,32,1.5625
30,High Mage Kepura,S/A POW,379,La Jinn the Mystical Genie,60,2.9297
30,High Mage Kepura,S/A POW,400,Emperor of the Land and Sea,32,1.5625
30,High Mage Kepura,S/A POW,403,Leogun,32,1.5625
30,High Mage Kepura,S/A POW,413,Cyber Soldier,32,1.5625
30,High Mage Kepura,S/A POW,419,Giganto,36,1.7578
30,High Mage Kepura,S/A POW,423,Dice Armadillo,32,1.5625
30,High Mage Kepura,S/A POW,438,Metal Fish,36,1.7578
30,High Mage Kepura,S/A POW,441,Mech Bass,32,1.5625
30,High Mage Kepura,S/A POW,464,Wing Eagle,32,1.5625
30,High Mage Kepura,S/A POW,468,Queen Bird,32,1.5625
30,High Mage Kepura,S/A POW,491,Peacock,32,1.5625
30,High Mage Kepura,S/A POW,508,Cyber Saurus,32,1.5625
30,High Mage Kepura,S/A POW,513,Guardian of the Throne Room,32,1.5625
30,High Mage Kepura,S/A POW,528,Togex,32,1.5625
30,High Mage Kepura,S/A POW,571,B. Dragon Jungle King,36,1.7578
30,High Mage Kepura,S/A POW,577,Crow Goblin,32,1.5625
30,High Mage Kepura,S/A POW,582,Dark Witch,32,1.5625
30,High Mage Kepura,S/A POW,638,Queen of Autumn Leaves,32,1.5625
30,High Mage Kepura,S/A POW,650,Whiptail Crow,32,1.5625
30,High Mage Kepura,B/C/D,3,Hitotsu-me Giant,80,3.9062
30,High Mage Kepura,B/C/D,4,Baby Dragon,40,1.9531
30,High Mage Kepura,B/C/D,5,Ryu-kishin,80,3.9062
30,High Mage Kepura,B/C/D,10,Blackland Fire Dragon,40,1.9531
30,High Mage Kepura,B/C/D,12,Swamp Battleguard,40,1.9531
30,High Mage Kepura,B/C/D,15,Flame Swordsman,40,1.9531
30,High Mage Kepura,B/C/D,19,Right Arm of the Forbidden One,6,0.293
30,High Mage Kepura,B/C/D,23,The Wicked Worm Beast,80,3.9062
30,High Mage Kepura,B/C/D,26,Battle Ox,80,3.9062
30,High Mage Kepura,B/C/D,31,Koumori Dragon,40,1.9531
30,High Mage Kepura,B/C/D,34,Saggi the Dark Clown,80,3.9062
30,High Mage Kepura,B/C/D,42,Illusionist Faceless Mage,40,1.9531
30,High Mage Kepura,B/C/D,68,Garoozis,40,1.9531
30,High Mage Kepura,B/C/D,73,Kairyu-shin,39,1.9043
30,High Mage Kepura,B/C/D,74,Giant Soldier of Stone,39,1.9043
30,High Mage Kepura,B/C/D,77,Grappler,78,3.8086
30,High Mage Kepura,B/C/D,84,Reaper of the Cards,39,1.9043
30,High Mage Kepura,B/C/D,88,Metal Guardian,39,1.9043
30,High Mage Kepura,B/C/D,91,Mystic Horseman,78,3.8086
30,High Mage Kepura,B/C/D,93,Zanki,40,1.9531
30,High Mage Kepura,B/C/D,122,Yamatano Dragon Scroll,40,1.9531
30,High Mage Kepura,B/C/D,126,Orion the Battle King,39,1.9043
30,High Mage Kepura,B/C/D,168,Darkfire Dragon,40,1.9531
30,High Mage Kepura,B/C/D,200,Petit Dragon,40,1.9531
30,High Mage Kepura,B/C/D,213,Aqua Madoor,39,1.9043
30,High Mage Kepura,B/C/D,286,Gatekeeper,39,1.9043
30,High Mage Kepura,B/C/D,296,One-eyed Shield Dragon,40,1.9531
30,High Mage Kepura,B/C/D,298,Wicked Dragon with the Ersatz Head,40,1.9531
30,High Mage Kepura,B/C/D,333,Sogen,30,1.4648
30,High Mage Kepura,B/C/D,376,Monster Tamer,39,1.9043
30,High Mage Kepura,B/C/D,379,La Jinn the Mystical Genie,78,3.8086
30,High Mage Kepura,B/C/D,400,Emperor of the Land and Sea,39,1.9043
30,High Mage Kepura,B/C/D,403,Leogun,39,1.9043
30,High Mage Kepura,B/C/D,413,Cyber Soldier,39,1.9043
30,High Mage Kepura,B/C/D,423,Dice Armadillo,39,1.9043
30,High Mage Kepura,B/C/D,441,Mech Bass,39,1.9043
30,High Mage Kepura,B/C/D,464,Wing Eagle,39,1.9043
30,High Mage Kepura,B/C/D,468,Queen Bird,39,1.9043
30,High Mage Kepura,B/C/D,491,Peacock,39,1.9043
30,High Mage Kepura,B/C/D,508,Cyber Saurus,39,1.9043
30,High Mage Kepura,B/C/D,513,Guardian of the Throne Room,39,1.9043
30,High Mage Kepura,B/C/D,528,Togex,39,1.9043
30,High Mage Kepura,B/C/D,577,Crow Goblin,39,1.9043
30,High Mage Kepura,B/C/D,638,Queen of Autumn Leaves,39,1.9043
30,High Mage Kepura,B/C/D,650,Whiptail Crow,39,1.9043
30,High Mage Kepura,S/A TEC,3,Hitotsu-me Giant,100,4.8828
30,High Mage Kepura,S/A TEC,4,Baby Dragon,56,2.7344
30,High Mage Kepura,S/A TEC,5,Ryu-kishin,100,4.8828
30,High Mage Kepura,S/A TEC,10,Blackland Fire Dragon,56,2.7344
30,High Mage Kepura,S/A TEC,19,Right Arm of the Forbidden One,4,0.1953
30,High Mage Kepura,S/A TEC,23,The Wicked Worm Beast,100,4.8828
30,High Mage Kepura,S/A TEC,26,Battle Ox,100,4.8828
30,High Mage Kepura,S/A TEC,31,Koumori Dragon,56,2.7344
30,High Mage Kepura,S/A TEC,34,Saggi the Dark Clown,100,4.8828
30,High Mage Kepura,S/A TEC,77,Grappler,100,4.8828
30,High Mage Kepura,S/A TEC,91,Mystic Horseman,100,4.8828
30,High Mage Kepura,S/A TEC,122,Yamatano Dragon Scroll,48,2.3438
30,High Mage Kepura,S/A TEC,168,Darkfire Dragon,48,2.3438
30,High Mage Kepura,S/A TEC,200,Petit Dragon,48,2.3438
30,High Mage Kepura,S/A TEC,296,One-eyed Shield Dragon,46,2.2461
30,High Mage Kepura,S/A TEC,298,Wicked Dragon with the Ersatz Head,46,2.2461
30,High Mage Kepura,S/A TEC,302,Sword of Dark Destruction,40,1.9531
30,High Mage Kepura,S/A TEC,303,Dark Energy,40,1.9531
30,High Mage Kepura,S/A TEC,329,Dragon Capture Jar,40,1.9531
30,High Mage Kepura,S/A TEC,333,Sogen,80,3.9062
30,High Mage Kepura,S/A TEC,379,La Jinn the Mystical Genie,100,4.8828
30,High Mage Kepura,S/A TEC,653,Warrior Elimination,80,3.9062
30,High Mage Kepura,S/A TEC,661,Crush Card,40,1.9531
30,High Mage Kepura,S/A TEC,665,Curse of Millennium Shield,40,1.9531
30,High Mage Kepura,S/A TEC,666,Yamadron Ritual,40,1.9531
30,High Mage Kepura,S/A TEC,668,Bright Castle,40,1.9531
30,High Mage Kepura,S/A TEC,672,Harpie's Feather Duster,40,1.9531
30,High Mage Kepura,S/A TEC,684,Invisible Wire,40,1.9531
30,High Mage Kepura,S/A TEC,685,Acid Trap Hole,80,3.9062
30,High Mage Kepura,S/A TEC,686,Widespread Ruin,80,3.9062
30,High Mage Kepura,S/A TEC,687,Goblin Fan,80,3.9062
30,High Mage Kepura,S/A TEC,688,Bad Reaction to Simochi,80,3.9062
30,High Mage Kepura,deck,3,Hitotsu-me Giant,1,0.0488
30,High Mage Kepura,deck,7,Winged Dragon #1,1,0.0488
30,High Mage Kepura,deck,10,Blackland Fire Dragon,1,0.0488
30,High Mage Kepura,deck,12,Swamp Battleguard,8,0.3906
30,High Mage Kepura,deck,14,Battle Steer,8,0.3906
30,High Mage Kepura,deck,15,Flame Swordsman,8,0.3906
30,High Mage Kepura,deck,23,The Wicked Worm Beast,1,0.0488
30,High Mage Kepura,deck,26,Battle Ox,1,0.0488
30,High Mage Kepura,deck,27,Beaver Warrior,1,0.0488
30,High Mage Kepura,deck,31,Koumori Dragon,1,0.0488
30,High Mage Kepura,deck,33,Judge Man,16,0.7812
30,High Mage Kepura,deck,34,Saggi the Dark Clown,1,0.0488
30,High Mage Kepura,deck,37,Gaia the Dragon Champion,64,3.125
30,High Mage Kepura,deck,38,Gaia the Fierce Knight,32,1.5625
30,High Mage Kepura,deck,39,Curse of Dragon,8,0.3906
30,High Mage Kepura,deck,41,Celtic Guardian,1,0.0488
30,High Mage Kepura,deck,42,Illusionist Faceless Mage,8,0.3906
30,High Mage Kepura,deck,43,Karbonala Warrior,1,0.0488
30,High Mage Kepura,deck,52,Hercules Beetle,8,0.3906
30,High Mage Kepura,deck,64,Tiger Axe,1,0.0488
30,High Mage Kepura,deck,66,Kojikocy,1,0.0488
30,High Mage Kepura,deck,68,Garoozis,8,0.3906
30,High Mage Kepura,deck,69,Thousand Dragon,32,1.5625
30,High Mage Kepura,deck,73,Kairyu-shin,8,0.3906
30,High Mage Kepura,deck,74,Giant Soldier of Stone,8,0.3906
30,High Mage Kepura,deck,77,Grappler,1,0.0488
30,High Mage Kepura,deck,78,Axe Raider,1,0.0488
30,High Mage Kepura,deck,82,Red-eyes B. Dragon,32,1.5625
30,High Mage Kepura,deck,84,Reaper of the Cards,8,0.3906
30,High Mage Kepura,deck,85,King of Yamimakai,8,0.3906
30,High Mage Kepura,deck,87,Dark Chimera,8,0.3906
30,High Mage Kepura,deck,88,Metal Guardian,8,0.3906
30,High Mage Kepura,deck,89,Catapult Turtle,8,0.3906
30,High Mage Kepura,deck,90,Gyakutenno Megami,16,0.7812
30,High Mage Kepura,deck,91,Mystic Horseman,1,0.0488
30,High Mage Kepura,deck,92,Rabid Horseman,16,0.7812
30,High Mage Kepura,deck,93,Zanki,8,0.3906
30,High Mage Kepura,deck,94,Crawling Dragon,8,0.3906
30,High Mage Kepura,deck,106,Spirit of the Winds,8,0.3906
30,High Mage Kepura,deck,110,Hero of the East,1,0.0488
30,High Mage Kepura,deck,111,Doma The Angel of Silence,8,0.3906
30,High Mage Kepura,deck,118,Supporter in the Shadows,1,0.0488
30,High Mage Kepura,deck,120,Dream Clown,1,0.0488
30,High Mage Kepura,deck,124,Ancient Tool,8,0.3906
30,High Mage Kepura,deck,126,Orion the Battle King,8,0.3906
30,High Mage Kepura,deck,127,Ansatsu,1,0.0488
30,High Mage Kepura,deck,131,Octoberser,8,0.3906
30,High Mage Kepura,deck,138,Dragon Statue,1,0.0488
30,High Mage Kepura,deck,150,Akihiron,8,0.3906
30,High Mage Kepura,deck,151,Rhaimundos of the Red Sword,1,0.0488
30,High Mage Kepura,deck,165,The Judgement Hand,1,0.0488
30,High Mage Kepura,deck,166,Mysterious Puppeteer,1,0.0488
30,High Mage Kepura,deck,168,Darkfire Dragon,1,0.0488
30,High Mage Kepura,deck,172,Armaill,1,0.0488
30,High Mage Kepura,deck,204,Mabarrel,8,0.3906
30,High Mage Kepura,deck,213,Aqua Madoor,8,0.3906
30,High Mage Kepura,deck,217,B. Skull Dragon,64,3.125
30,High Mage Kepura,deck,219,Solitude,1,0.0488
30,High Mage Kepura,deck,225,Fiend Sword,1,0.0488
30,High Mage Kepura,deck,231,Wood Clown,1,0.0488
30,High Mage Kepura,deck,234,Beautiful Headhuntress,1,0.0488
30,High Mage Kepura,deck,235,Wodan the Resident of the Forest,1,0.0488
30,High Mage Kepura,deck,236,Guardian of the Labyrinth,1,0.0488
30,High Mage Kepura,deck,239,Vishwar Randi,1,0.0488
30,High Mage Kepura,deck,246,One Who Hunts Souls,1,0.0488
30,High Mage Kepura,deck,256,Dimensional Warrior,1,0.0488
30,High Mage Kepura,deck,262,The Little Swordsman of Aile,1,0.0488
30,High Mage Kepura,deck,280,Protector of the Throne,1,0.0488
30,High Mage Kepura,deck,286,Gatekeeper,8,0.3906
30,High Mage Kepura,deck,287,Ogre of the Black Shadow,1,0.0488
30,High Mage Kepura,deck,290,Moon Envoy,1,0.0488
30,High Mage Kepura,deck,293,Masaki the Legendary Swordsman,1,0.0488
30,High Mage Kepura,deck,294,Dragoness the Wicked Knight,1,0.0488
30,High Mage Kepura,deck,296,One-eyed Shield Dragon,1,0.0488
30,High Mage Kepura,deck,299,Sonic Maid,1,0.0488
30,High Mage Kepura,deck,301,Legendary Sword,120,5.8594
30,High Mage Kepura,deck,302,Sword of Dark Destruction,120,5.8594
30,High Mage Kepura,deck,304,Axe of Despair,80,3.9062
30,High Mage Kepura,deck,333,Sogen,100,4.8828
30,High Mage Kepura,deck,348,Swords of Revealing Light,48,2.3438
30,High Mage Kepura,deck,352,Kanan the Swordmistress,1,0.0488
30,High Mage Kepura,deck,354,Stuffed Animal,1,0.0488
30,High Mage Kepura,deck,355,Megasonic Eye,8,0.3906
30,High Mage Kepura,deck,358,Seiyaryu,64,3.125
30,High Mage Kepura,deck,362,Millennium Shield,8,0.3906
30,High Mage Kepura,deck,366,Labyrinth Wall,8,0.3906
30,High Mage Kepura,deck,369,Wall Shadow,64,3.125
30,High Mage Kepura,deck,374,Gate Guardian,64,3.125
30,High Mage Kepura,deck,375,Dungeon Worm,8,0.3906
30,High Mage Kepura,deck,376,Monster Tamer,8,0.3906
30,High Mage Kepura,deck,377,Ryu-kishin Powered,1,0.0488
30,High Mage Kepura,deck,378,Swordstalker,16,0.7812
30,High Mage Kepura,deck,379,La Jinn the Mystical Genie,1,0.0488
30,High Mage Kepura,deck,382,Rude Kaiser,8,0.3906
30,High Mage Kepura,deck,383,Parrot Dragon,8,0.3906
30,High Mage Kepura,deck,386,Harpie's Pet Dragon,32,1.5625
30,High Mage Kepura,deck,389,Giltia the D. Knight,8,0.3906
30,High Mage Kepura,deck,396,Ocubeam,8,0.3906
30,High Mage Kepura,deck,400,Emperor of the Land and Sea,8,0.3906
30,High Mage Kepura,deck,403,Leogun,8,0.3906
30,High Mage Kepura,deck,409,Metal Dragon,8,0.3906
30,High Mage Kepura,deck,413,Cyber Soldier,8,0.3906
30,High Mage Kepura,deck,419,Giganto,8,0.3906
30,High Mage Kepura,deck,423,Dice Armadillo,8,0.3906
30,High Mage Kepura,deck,424,Sky Dragon,16,0.7812
30,High Mage Kepura,deck,425,Thunder Dragon,8,0.3906
30,High Mage Kepura,deck,427,Kaiser Dragon,32,1.5625
30,High Mage Kepura,deck,434,Beautiful Beast Trainer,8,0.3906
30,High Mage Kepura,deck,437,Deepsea Shark,8,0.3906
30,High Mage Kepura,deck,438,Metal Fish,8,0.3906
30,High Mage Kepura,deck,439,Bottom Dweller,8,0.3906
30,High Mage Kepura,deck,441,Mech Bass,8,0.3906
30,High Mage Kepura,deck,449,"30,000-Year White Turtle",8,0.3906
30,High Mage Kepura,deck,458,Kaminari Attack,8,0.3906
30,High Mage Kepura,deck,464,Wing Eagle,8,0.3906
30,High Mage Kepura,deck,468,Queen Bird,8,0.3906
30,High Mage Kepura,deck,473,Vermillion Sparrow,8,0.3906
30,High Mage Kepura,deck,482,Pragtical,8,0.3906
30,High Mage Kepura,deck,487,Flower Wolf,8,0.3906
30,High Mage Kepura,deck,491,Peacock,8,0.3906
30,High Mage Kepura,deck,494,Rainbow Marine Mermaid,8,0.3906
30,High Mage Kepura,deck,495,Musician King,8,0.3906
30,High Mage Kepura,deck,502,D. Human,1,0.0488
30,High Mage Kepura,deck,508,Cyber Saurus,8,0.3906
30,High Mage Kepura,deck,513,Guardian of the Throne Room,8,0.3906
30,High Mage Kepura,deck,519,Fire Kraken,8,0.3906
30,High Mage Kepura,deck,520,Turtle Bird,16,0.7812
30,High Mage Kepura,deck,521,Skullbird,16,0.7812
30,High Mage Kepura,deck,525,Spirit of the Mountain,8,0.3906
30,High Mage Kepura,deck,528,Togex,8,0.3906
30,High Mage Kepura,deck,533,Kwagar Hercules,16,0.7812
30,High Mage Kepura,deck,542,Misairuzame,8,0.3906
30,High Mage Kepura,deck,545,Skelgon,16,0.7812
30,High Mage Kepura,deck,553,Mushroom Man #2,1,0.0488
30,High Mage Kepura,deck,554,Lava Battleguard,8,0.3906
30,High Mage Kepura,deck,555,Tyhone #2,16,0.7812
30,High Mage Kepura,deck,557,Steel Ogre Grotto #1,8,0.3906
30,High Mage Kepura,deck,561,Lesser Dragon,1,0.0488
30,High Mage Kepura,deck,565,Man-eating Black Shark,8,0.3906
30,High Mage Kepura,deck,571,B. Dragon Jungle King,16,0.7812
30,High Mage Kepura,deck,572,Empress Judge,16,0.7812
30,High Mage Kepura,deck,577,Crow Goblin,8,0.3906
30,High Mage Kepura,deck,582,Dark Witch,8,0.3906
30,High Mage Kepura,deck,593,Giant Turtle Who Feeds on Flames,8,0.3906
30,High Mage Kepura,deck,603,Fairy Dragon,1,0.0488
30,High Mage Kepura,deck,614,Hunter Spider,8,0.3906
30,High Mage Kepura,deck,617,Marine Beast,8,0.3906
30,High Mage Kepura,deck,618,Warrior of Tradition,16,0.7812
30,High Mage Kepura,deck,619,Rock Spirit,8,0.3906
30,High Mage Kepura,deck,621,Succubus Knight,1,0.0488
30,High Mage Kepura,deck,622,Ill Witch,8,0.3906
30,High Mage Kepura,deck,627,Nekogal #2,16,0.7812
30,High Mage Kepura,deck,632,Stone Ogre Grotto,8,0.3906
30,High Mage Kepura,deck,633,Winged Egg of New Life,8,0.3906
30,High Mage Kepura,deck,637,Trent,8,0.3906
30,High Mage Kepura,deck,638,Queen of Autumn Leaves,8,0.3906
30,High Mage Kepura,deck,639,Amphibious Bugroth,8,0.3906
30,High Mage Kepura,deck,641,Invader of the Throne,8,0.3906
30,High Mage Kepura,deck,649,Hibikime,1,0.0488
30,High Mage Kepura,deck,650,Whiptail Crow,8,0.3906
30,High Mage Kepura,deck,672,Harpie's Feather Duster,48,2.3438
30,High Mage Kepura,deck,684,Invisible Wire,48,2.3438
30,High Mage Kepura,deck,690,Fake Trap,48,2.3438
30,High Mage Kepura,deck,697,Garma Sword Oath,32,1.5625
30,High Mage Kepura,deck,701,Performance of Sword,16,0.7812
31,Labyrinth Mage,S/A POW,10,Blackland Fire Dragon,15,0.7324
31,Labyrinth Mage,S/A POW,19,Right Arm of the Forbidden One,6,0.293
31,Labyrinth Mage,S/A POW,23,The Wicked Worm Beast,15,0.7324
31,Labyrinth Mage,S/A POW,25,Horn Imp,15,0.7324
31,Labyrinth Mage,S/A POW,30,Zombie Warrior,30,1.4648
31,Labyrinth Mage,S/A POW,34,Saggi the Dark Clown,15,0.7324
31,Labyrinth Mage,S/A POW,36,The Snake Hair,15,0.7324
31,Labyrinth Mage,S/A POW,40,Dragon Piper,15,0.7324
31,Labyrinth Mage,S/A POW,45,Oscillo Hero #2,14,0.6836
31,Labyrinth Mage,S/A POW,53,Killer Needle,15,0.7324
31,Labyrinth Mage,S/A POW,59,Mammoth Graveyard,15,0.7324
31,Labyrinth Mage,S/A POW,61,Wolf,15,0.7324
31,Labyrinth Mage,S/A POW,65,Silver Fang,15,0.7324
31,Labyrinth Mage,S/A POW,70,Fiend Kraken,15,0.7324
31,Labyrinth Mage,S/A POW,71,Jellyfish,15,0.7324
31,Labyrinth Mage,S/A POW,74,Giant Soldier of Stone,16,0.7812
31,Labyrinth Mage,S/A POW,80,Uraby,14,0.6836
31,Labyrinth Mage,S/A POW,89,Catapult Turtle,16,0.7812
31,Labyrinth Mage,S/A POW,96,Armored Zombie,14,0.6836
31,Labyrinth Mage,S/A POW,97,Dragon Zombie,14,0.6836
31,Labyrinth Mage,S/A POW,98,Clown Zombie,14,0.6836
31,Labyrinth Mage,S/A POW,99,Pumpking the King of Ghosts,18,0.8789
31,Labyrinth Mage,S/A POW,103,Job-change Mirror,15,0.7324
31,Labyrinth Mage,S/A POW,108,Graveyard and the Hand of Invitation,15,0.7324
31,Labyrinth Mage,S/A POW,109,Goddess with the Third Eye,15,0.7324
31,Labyrinth Mage,S/A POW,110,Hero of the East,15,0.7324
31,Labyrinth Mage,S/A POW,115,Kamion Wizard,15,0.7324
31,Labyrinth Mage,S/A POW,118,Supporter in the Shadows,15,0.7324
31,Labyrinth Mage,S/A POW,119,Trial of Nightmares,15,0.7324
31,Labyrinth Mage,S/A POW,120,Dream Clown,15,0.7324
31,Labyrinth Mage,S/A POW,121,Sleeping Lion,15,0.7324
31,Labyrinth Mage,S/A POW,131,Octoberser,16,0.7812
31,Labyrinth Mage,S/A POW,132,The 13th Grave,30,1.4648
31,Labyrinth Mage,S/A POW,135,Fiend's Hand,14,0.6836
31,Labyrinth Mage,S/A POW,138,Dragon Statue,15,0.7324
31,Labyrinth Mage,S/A POW,139,Blue-eyed Silver Zombie,15,0.7324
31,Labyrinth Mage,S/A POW,140,Toad Master,30,1.4648
31,Labyrinth Mage,S/A POW,141,Spiked Snail,14,0.6836
31,Labyrinth Mage,S/A POW,150,Akihiron,14,0.6836
31,Labyrinth Mage,S/A POW,152,The Melting Red Shadow,14,0.6836
31,Labyrinth Mage,S/A POW,154,Fire Reaper,14,0.6836
31,Labyrinth Mage,S/A POW,162,Tainted Wisdom,14,0.6836
31,Labyrinth Mage,S/A POW,164,Lord of Zemia,14,0.6836
31,Labyrinth Mage,S/A POW,169,Dark King of the Abyss,14,0.6836
31,Labyrinth Mage,S/A POW,171,Big Eye,14,0.6836
31,Labyrinth Mage,S/A POW,172,Armaill,14,0.6836
31,Labyrinth Mage,S/A POW,177,Monsturtle,14,0.6836
31,Labyrinth Mage,S/A POW,181,Dark Shade,14,0.6836
31,Labyrinth Mage,S/A POW,191,LaLa Li-oon,14,0.6836
31,Labyrinth Mage,S/A POW,193,Turtle Tiger,14,0.6836
31,Labyrinth Mage,S/A POW,196,Arma Knight,28,1.3672
31,Labyrinth Mage,S/A POW,199,Penguin Knight,14,0.6836
31,Labyrinth Mage,S/A POW,201,Frenzied Panda,14,0.6836
31,Labyrinth Mage,S/A POW,203,Phantom Ghost,14,0.6836
31,Labyrinth Mage,S/A POW,205,Dorover,14,0.6836
31,Labyrinth Mage,S/A POW,206,Twin Long Rods #1,14,0.6836
31,Labyrinth Mage,S/A POW,211,Kaminarikozou,14,0.6836
31,Labyrinth Mage,S/A POW,215,Flame Ghost,14,0.6836
31,Labyrinth Mage,S/A POW,219,Solitude,14,0.6836
31,Labyrinth Mage,S/A POW,220,Masked Sorcerer,14,0.6836
31,Labyrinth Mage,S/A POW,221,Kumootoko,14,0.6836
31,Labyrinth Mage,S/A POW,223,Roaring Ocean Snake,16,0.7812
31,Labyrinth Mage,S/A POW,225,Fiend Sword,14,0.6836
31,Labyrinth Mage,S/A POW,227,Hitodenchak,13,0.6348
31,Labyrinth Mage,S/A POW,228,Wood Remains,13,0.6348
31,Labyrinth Mage,S/A POW,231,Wood Clown,14,0.6836
31,Labyrinth Mage,S/A POW,233,Dark Titan of Terror,14,0.6836
31,Labyrinth Mage,S/A POW,236,Guardian of the Labyrinth,14,0.6836
31,Labyrinth Mage,S/A POW,237,Haniwa,14,0.6836
31,Labyrinth Mage,S/A POW,243,Water Element,14,0.6836
31,Labyrinth Mage,S/A POW,244,Dissolverock,14,0.6836
31,Labyrinth Mage,S/A POW,246,One Who Hunts Souls,14,0.6836
31,Labyrinth Mage,S/A POW,248,Master & Expert,14,0.6836
31,Labyrinth Mage,S/A POW,250,Hyo,14,0.6836
31,Labyrinth Mage,S/A POW,251,Enchanting Mermaid,14,0.6836
31,Labyrinth Mage,S/A POW,256,Dimensional Warrior,14,0.6836
31,Labyrinth Mage,S/A POW,257,Stone Armadiller,28,1.3672
31,Labyrinth Mage,S/A POW,258,Beastking of the Swamps,28,1.3672
31,Labyrinth Mage,S/A POW,259,Ancient Sorcerer,14,0.6836
31,Labyrinth Mage,S/A POW,262,The Little Swordsman of Aile,14,0.6836
31,Labyrinth Mage,S/A POW,263,Rock Ogre Grotto #2,28,1.3672
31,Labyrinth Mage,S/A POW,265,The Furious Sea King,14,0.6836
31,Labyrinth Mage,S/A POW,269,Versago the Destroyer,14,0.6836
31,Labyrinth Mage,S/A POW,270,Wetha,13,0.6348
31,Labyrinth Mage,S/A POW,272,Mavelus,13,0.6348
31,Labyrinth Mage,S/A POW,273,Ancient Tree of Enlightenment,13,0.6348
31,Labyrinth Mage,S/A POW,274,Green Phantom King,13,0.6348
31,Labyrinth Mage,S/A POW,276,Ray & Temperature,13,0.6348
31,Labyrinth Mage,S/A POW,280,Protector of the Throne,13,0.6348
31,Labyrinth Mage,S/A POW,290,Moon Envoy,13,0.6348
31,Labyrinth Mage,S/A POW,291,Fireyarou,13,0.6348
31,Labyrinth Mage,S/A POW,292,Psychic Kappa,13,0.6348
31,Labyrinth Mage,S/A POW,293,Masaki the Legendary Swordsman,13,0.6348
31,Labyrinth Mage,S/A POW,294,Dragoness the Wicked Knight,13,0.6348
31,Labyrinth Mage,S/A POW,296,One-eyed Shield Dragon,13,0.6348
31,Labyrinth Mage,S/A POW,335,Yami,30,1.4648
31,Labyrinth Mage,S/A POW,366,Labyrinth Wall,28,1.3672
31,Labyrinth Mage,S/A POW,368,Shadow Ghoul,28,1.3672
31,Labyrinth Mage,S/A POW,370,Labyrinth Tank,1,0.0488
31,Labyrinth Mage,S/A POW,375,Dungeon Worm,1,0.0488
31,Labyrinth Mage,S/A POW,376,Monster Tamer,14,0.6836
31,Labyrinth Mage,S/A POW,406,Yaiba Robo,13,0.6348
31,Labyrinth Mage,S/A POW,414,Shovel Crusher,13,0.6348
31,Labyrinth Mage,S/A POW,425,Thunder Dragon,14,0.6836
31,Labyrinth Mage,S/A POW,426,Stone D.,16,0.7812
31,Labyrinth Mage,S/A POW,432,Waterdragon Fairy,13,0.6348
31,Labyrinth Mage,S/A POW,446,Aqua Snake,13,0.6348
31,Labyrinth Mage,S/A POW,451,Kanikabuto,13,0.6348
31,Labyrinth Mage,S/A POW,452,Zarigun,13,0.6348
31,Labyrinth Mage,S/A POW,453,Millennium Golem,16,0.7812
31,Labyrinth Mage,S/A POW,459,Tripwire Beast,13,0.6348
31,Labyrinth Mage,S/A POW,460,Bolt Escargot,13,0.6348
31,Labyrinth Mage,S/A POW,461,Bolt Penguin,13,0.6348
31,Labyrinth Mage,S/A POW,462,The Immortal of Thunder,13,0.6348
31,Labyrinth Mage,S/A POW,463,Electric Snake,13,0.6348
31,Labyrinth Mage,S/A POW,496,Wilmee,13,0.6348
31,Labyrinth Mage,S/A POW,503,Turtle Raccoon,13,0.6348
31,Labyrinth Mage,S/A POW,514,Brave Scizzar,13,0.6348
31,Labyrinth Mage,S/A POW,524,Star Boy,13,0.6348
31,Labyrinth Mage,S/A POW,531,Mystical Sand,16,0.7812
31,Labyrinth Mage,S/A POW,549,Frog The Jam,13,0.6348
31,Labyrinth Mage,S/A POW,552,Winged Dragon #2,13,0.6348
31,Labyrinth Mage,S/A POW,556,The Wandering Doomed,13,0.6348
31,Labyrinth Mage,S/A POW,564,Great Mammoth of Goldfine,16,0.7812
31,Labyrinth Mage,S/A POW,567,Darkworld Thorns,13,0.6348
31,Labyrinth Mage,S/A POW,576,Giant Scorpion of the Tundra,13,0.6348
31,Labyrinth Mage,S/A POW,584,Binding Chain,13,0.6348
31,Labyrinth Mage,S/A POW,591,Morphing Jar,13,0.6348
31,Labyrinth Mage,S/A POW,601,Tenderness,13,0.6348
31,Labyrinth Mage,S/A POW,602,Penguin Soldier,13,0.6348
31,Labyrinth Mage,S/A POW,605,Liquid Beast,13,0.6348
31,Labyrinth Mage,S/A POW,606,Twin Long Rods #2,13,0.6348
31,Labyrinth Mage,S/A POW,608,Shining Friendship,13,0.6348
31,Labyrinth Mage,S/A POW,613,Twin-headed Thunder Dragon,16,0.7812
31,Labyrinth Mage,S/A POW,620,Snakeyashi,13,0.6348
31,Labyrinth Mage,S/A POW,629,Armored Rat,13,0.6348
31,Labyrinth Mage,S/A POW,642,Mystical Sheep #1,14,0.6836
31,Labyrinth Mage,S/A POW,643,Disk Magician,14,0.6836
31,Labyrinth Mage,B/C/D,10,Blackland Fire Dragon,16,0.7812
31,Labyrinth Mage,B/C/D,19,Right Arm of the Forbidden One,6,0.293
31,Labyrinth Mage,B/C/D,23,The Wicked Worm Beast,16,0.7812
31,Labyrinth Mage,B/C/D,25,Horn Imp,16,0.7812
31,Labyrinth Mage,B/C/D,30,Zombie Warrior,40,1.9531
31,Labyrinth Mage,B/C/D,34,Saggi the Dark Clown,16,0.7812
31,Labyrinth Mage,B/C/D,36,The Snake Hair,16,0.7812
31,Labyrinth Mage,B/C/D,40,Dragon Piper,16,0.7812
31,Labyrinth Mage,B/C/D,45,Oscillo Hero #2,16,0.7812
31,Labyrinth Mage,B/C/D,53,Killer Needle,16,0.7812
31,Labyrinth Mage,B/C/D,59,Mammoth Graveyard,16,0.7812
31,Labyrinth Mage,B/C/D,61,Wolf,16,0.7812
31,Labyrinth Mage,B/C/D,65,Silver Fang,16,0.7812
31,Labyrinth Mage,B/C/D,70,Fiend Kraken,16,0.7812
31,Labyrinth Mage,B/C/D,71,Jellyfish,16,0.7812
31,Labyrinth Mage,B/C/D,74,Giant Soldier of Stone,14,0.6836
31,Labyrinth Mage,B/C/D,80,Uraby,16,0.7812
31,Labyrinth Mage,B/C/D,89,Catapult Turtle,14,0.6836
31,Labyrinth Mage,B/C/D,96,Armored Zombie,16,0.7812
31,Labyrinth Mage,B/C/D,97,Dragon Zombie,16,0.7812
31,Labyrinth Mage,B/C/D,98,Clown Zombie,16,0.7812
31,Labyrinth Mage,B/C/D,103,Job-change Mirror,16,0.7812
31,Labyrinth Mage,B/C/D,108,Graveyard and the Hand of Invitation,16,0.7812
31,Labyrinth Mage,B/C/D,109,Goddess with the Third Eye,16,0.7812
31,Labyrinth Mage,B/C/D,110,Hero of the East,16,0.7812
31,Labyrinth Mage,B/C/D,115,Kamion Wizard,16,0.7812
31,Labyrinth Mage,B/C/D,118,Supporter in the Shadows,16,0.7812
31,Labyrinth Mage,B/C/D,119,Trial of Nightmares,16,0.7812
31,Labyrinth Mage,B/C/D,120,Dream Clown,16,0.7812
31,Labyrinth Mage,B/C/D,121,Sleeping Lion,16,0.7812
31,Labyrinth Mage,B/C/D,131,Octoberser,14,0.6836
31,Labyrinth Mage,B/C/D,132,The 13th Grave,38,1.8555
31,Labyrinth Mage,B/C/D,135,Fiend's Hand,16,0.7812
31,Labyrinth Mage,B/C/D,138,Dragon Statue,16,0.7812
31,Labyrinth Mage,B/C/D,139,Blue-eyed Silver Zombie,16,0.7812
31,Labyrinth Mage,B/C/D,140,Toad Master,38,1.8555
31,Labyrinth Mage,B/C/D,141,Spiked Snail,14,0.6836
31,Labyrinth Mage,B/C/D,150,Akihiron,12,0.5859
31,Labyrinth Mage,B/C/D,152,The Melting Red Shadow,14,0.6836
31,Labyrinth Mage,B/C/D,154,Fire Reaper,14,0.6836
31,Labyrinth Mage,B/C/D,162,Tainted Wisdom,14,0.6836
31,Labyrinth Mage,B/C/D,164,Lord of Zemia,14,0.6836
31,Labyrinth Mage,B/C/D,169,Dark King of the Abyss,14,0.6836
31,Labyrinth Mage,B/C/D,171,Big Eye,14,0.6836
31,Labyrinth Mage,B/C/D,172,Armaill,14,0.6836
31,Labyrinth Mage,B/C/D,177,Monsturtle,14,0.6836
31,Labyrinth Mage,B/C/D,181,Dark Shade,14,0.6836
31,Labyrinth Mage,B/C/D,191,LaLa Li-oon,14,0.6836
31,Labyrinth Mage,B/C/D,193,Turtle Tiger,14,0.6836
31,Labyrinth Mage,B/C/D,196,Arma Knight,30,1.4648
31,Labyrinth Mage,B/C/D,199,Penguin Knight,14,0.6836
31,Labyrinth Mage,B/C/D,201,Frenzied Panda,14,0.6836
31,Labyrinth Mage,B/C/D,203,Phantom Ghost,14,0.6836
31,Labyrinth Mage,B/C/D,205,Dorover,14,0.6836
31,Labyrinth Mage,B/C/D,206,Twin Long Rods #1,14,0.6836
31,Labyrinth Mage,B/C/D,211,Kaminarikozou,14,0.6836
31,Labyrinth Mage,B/C/D,215,Flame Ghost,14,0.6836
31,Labyrinth Mage,B/C/D,219,Solitude,14,0.6836
31,Labyrinth Mage,B/C/D,220,Masked Sorcerer,14,0.6836
31,Labyrinth Mage,B/C/D,221,Kumootoko,14,0.6836
31,Labyrinth Mage,B/C/D,225,Fiend Sword,14,0.6836
31,Labyrinth Mage,B/C/D,227,Hitodenchak,14,0.6836
31,Labyrinth Mage,B/C/D,228,Wood Remains,14,0.6836
31,Labyrinth Mage,B/C/D,231,Wood Clown,14,0.6836
31,Labyrinth Mage,B/C/D,233,Dark Titan of Terror,14,0.6836
31,Labyrinth Mage,B/C/D,236,Guardian of the Labyrinth,14,0.6836
31,Labyrinth Mage,B/C/D,237,Haniwa,14,0.6836
31,Labyrinth Mage,B/C/D,243,Water Element,14,0.6836
31,Labyrinth Mage,B/C/D,244,Dissolverock,14,0.6836
31,Labyrinth Mage,B/C/D,246,One Who Hunts Souls,14,0.6836
31,Labyrinth Mage,B/C/D,248,Master & Expert,14,0.6836
31,Labyrinth Mage,B/C/D,250,Hyo,14,0.6836
31,Labyrinth Mage,B/C/D,251,Enchanting Mermaid,14,0.6836
31,Labyrinth Mage,B/C/D,256,Dimensional Warrior,14,0.6836
31,Labyrinth Mage,B/C/D,257,Stone Armadiller,30,1.4648
31,Labyrinth Mage,B/C/D,258,Beastking of the Swamps,30,1.4648
31,Labyrinth Mage,B/C/D,259,Ancient Sorcerer,14,0.6836
31,Labyrinth Mage,B/C/D,262,The Little Swordsman of Aile,14,0.6836
31,Labyrinth Mage,B/C/D,263,Rock Ogre Grotto #2,30,1.4648
31,Labyrinth Mage,B/C/D,265,The Furious Sea King,14,0.6836
31,Labyrinth Mage,B/C/D,269,Versago the Destroyer,14,0.6836
31,Labyrinth Mage,B/C/D,270,Wetha,14,0.6836
31,Labyrinth Mage,B/C/D,272,Mavelus,14,0.6836
31,Labyrinth Mage,B/C/D,273,Ancient Tree of Enlightenment,14,0.6836
31,Labyrinth Mage,B/C/D,274,Green Phantom King,14,0.6836
31,Labyrinth Mage,B/C/D,276,Ray & Temperature,14,0.6836
31,Labyrinth Mage,B/C/D,280,Protector of the Throne,14,0.6836
31,Labyrinth Mage,B/C/D,290,Moon Envoy,14,0.6836
31,Labyrinth Mage,B/C/D,291,Fireyarou,14,0.6836
31,Labyrinth Mage,B/C/D,292,Psychic Kappa,14,0.6836
31,Labyrinth Mage,B/C/D,293,Masaki the Legendary Swordsman,14,0.6836
31,Labyrinth Mage,B/C/D,294,Dragoness the Wicked Knight,14,0.6836
31,Labyrinth Mage,B/C/D,296,One-eyed Shield Dragon,14,0.6836
31,Labyrinth Mage,B/C/D,335,Yami,36,1.7578
31,Labyrinth Mage,B/C/D,366,Labyrinth Wall,30,1.4648
31,Labyrinth Mage,B/C/D,368,Shadow Ghoul,30,1.4648
31,Labyrinth Mage,B/C/D,375,Dungeon Worm,2,0.0977
31,Labyrinth Mage,B/C/D,376,Monster Tamer,12,0.5859
31,Labyrinth Mage,B/C/D,406,Yaiba Robo,16,0.7812
31,Labyrinth Mage,B/C/D,414,Shovel Crusher,16,0.7812
31,Labyrinth Mage,B/C/D,425,Thunder Dragon,12,0.5859
31,Labyrinth Mage,B/C/D,432,Waterdragon Fairy,14,0.6836
31,Labyrinth Mage,B/C/D,446,Aqua Snake,14,0.6836
31,Labyrinth Mage,B/C/D,451,Kanikabuto,14,0.6836
31,Labyrinth Mage,B/C/D,452,Zarigun,14,0.6836
31,Labyrinth Mage,B/C/D,459,Tripwire Beast,14,0.6836
31,Labyrinth Mage,B/C/D,460,Bolt Escargot,14,0.6836
31,Labyrinth Mage,B/C/D,461,Bolt Penguin,14,0.6836
31,Labyrinth Mage,B/C/D,462,The Immortal of Thunder,14,0.6836
31,Labyrinth Mage,B/C/D,463,Electric Snake,14,0.6836
31,Labyrinth Mage,B/C/D,496,Wilmee,14,0.6836
31,Labyrinth Mage,B/C/D,503,Turtle Raccoon,14,0.6836
31,Labyrinth Mage,B/C/D,514,Brave Scizzar,14,0.6836
31,Labyrinth Mage,B/C/D,524,Star Boy,14,0.6836
31,Labyrinth Mage,B/C/D,549,Frog The Jam,14,0.6836
31,Labyrinth Mage,B/C/D,552,Winged Dragon #2,14,0.6836
31,Labyrinth Mage,B/C/D,556,The Wandering Doomed,14,0.6836
31,Labyrinth Mage,B/C/D,567,Darkworld Thorns,14,0.6836
31,Labyrinth Mage,B/C/D,576,Giant Scorpion of the Tundra,14,0.6836
31,Labyrinth Mage,B/C/D,584,Binding Chain,14,0.6836
31,Labyrinth Mage,B/C/D,591,Morphing Jar,14,0.6836
31,Labyrinth Mage,B/C/D,601,Tenderness,14,0.6836
31,Labyrinth Mage,B/C/D,602,Penguin Soldier,14,0.6836
31,Labyrinth Mage,B/C/D,605,Liquid Beast,14,0.6836
31,Labyrinth Mage,B/C/D,606,Twin Long Rods #2,14,0.6836
31,Labyrinth Mage,B/C/D,608,Shining Friendship,14,0.6836
31,Labyrinth Mage,B/C/D,620,Snakeyashi,14,0.6836
31,Labyrinth Mage,B/C/D,629,Armored Rat,14,0.6836
31,Labyrinth Mage,B/C/D,642,Mystical Sheep #1,14,0.6836
31,Labyrinth Mage,B/C/D,643,Disk Magician,14,0.6836
31,Labyrinth Mage,S/A TEC,10,Blackland Fire Dragon,14,0.6836
31,Labyrinth Mage,S/A TEC,19,Right Arm of the Forbidden One,5,0.2441
31,Labyrinth Mage,S/A TEC,23,The Wicked Worm Beast,14,0.6836
31,Labyrinth Mage,S/A TEC,25,Horn Imp,14,0.6836
31,Labyrinth Mage,S/A TEC,30,Zombie Warrior,30,1.4648
31,Labyrinth Mage,S/A TEC,34,Saggi the Dark Clown,14,0.6836
31,Labyrinth Mage,S/A TEC,36,The Snake Hair,14,0.6836
31,Labyrinth Mage,S/A TEC,40,Dragon Piper,14,0.6836
31,Labyrinth Mage,S/A TEC,45,Oscillo Hero #2,14,0.6836
31,Labyrinth Mage,S/A TEC,53,Killer Needle,14,0.6836
31,Labyrinth Mage,S/A TEC,59,Mammoth Graveyard,14,0.6836
31,Labyrinth Mage,S/A TEC,61,Wolf,14,0.6836
31,Labyrinth Mage,S/A TEC,65,Silver Fang,14,0.6836
31,Labyrinth Mage,S/A TEC,70,Fiend Kraken,14,0.6836
31,Labyrinth Mage,S/A TEC,71,Jellyfish,14,0.6836
31,Labyrinth Mage,S/A TEC,80,Uraby,14,0.6836
31,Labyrinth Mage,S/A TEC,96,Armored Zombie,14,0.6836
31,Labyrinth Mage,S/A TEC,97,Dragon Zombie,14,0.6836
31,Labyrinth Mage,S/A TEC,98,Clown Zombie,14,0.6836
31,Labyrinth Mage,S/A TEC,103,Job-change Mirror,14,0.6836
31,Labyrinth Mage,S/A TEC,108,Graveyard and the Hand of Invitation,14,0.6836
31,Labyrinth Mage,S/A TEC,109,Goddess with the Third Eye,14,0.6836
31,Labyrinth Mage,S/A TEC,110,Hero of the East,14,0.6836
31,Labyrinth Mage,S/A TEC,115,Kamion Wizard,14,0.6836
31,Labyrinth Mage,S/A TEC,118,Supporter in the Shadows,14,0.6836
31,Labyrinth Mage,S/A TEC,119,Trial of Nightmares,14,0.6836
31,Labyrinth Mage,S/A TEC,120,Dream Clown,14,0.6836
31,Labyrinth Mage,S/A TEC,121,Sleeping Lion,14,0.6836
31,Labyrinth Mage,S/A TEC,132,The 13th Grave,30,1.4648
31,Labyrinth Mage,S/A TEC,135,Fiend's Hand,14,0.6836
31,Labyrinth Mage,S/A TEC,138,Dragon Statue,14,0.6836
31,Labyrinth Mage,S/A TEC,139,Blue-eyed Silver Zombie,14,0.6836
31,Labyrinth Mage,S/A TEC,140,Toad Master,30,1.4648
31,Labyrinth Mage,S/A TEC,141,Spiked Snail,13,0.6348
31,Labyrinth Mage,S/A TEC,152,The Melting Red Shadow,13,0.6348
31,Labyrinth Mage,S/A TEC,154,Fire Reaper,13,0.6348
31,Labyrinth Mage,S/A TEC,162,Tainted Wisdom,13,0.6348
31,Labyrinth Mage,S/A TEC,164,Lord of Zemia,13,0.6348
31,Labyrinth Mage,S/A TEC,169,Dark King of the Abyss,13,0.6348
31,Labyrinth Mage,S/A TEC,171,Big Eye,13,0.6348
31,Labyrinth Mage,S/A TEC,172,Armaill,13,0.6348
31,Labyrinth Mage,S/A TEC,177,Monsturtle,13,0.6348
31,Labyrinth Mage,S/A TEC,181,Dark Shade,13,0.6348
31,Labyrinth Mage,S/A TEC,191,LaLa Li-oon,13,0.6348
31,Labyrinth Mage,S/A TEC,193,Turtle Tiger,13,0.6348
31,Labyrinth Mage,S/A TEC,196,Arma Knight,28,1.3672
31,Labyrinth Mage,S/A TEC,199,Penguin Knight,13,0.6348
31,Labyrinth Mage,S/A TEC,201,Frenzied Panda,13,0.6348
31,Labyrinth Mage,S/A TEC,203,Phantom Ghost,13,0.6348
31,Labyrinth Mage,S/A TEC,205,Dorover,13,0.6348
31,Labyrinth Mage,S/A TEC,206,Twin Long Rods #1,13,0.6348
31,Labyrinth Mage,S/A TEC,211,Kaminarikozou,13,0.6348
31,Labyrinth Mage,S/A TEC,215,Flame Ghost,13,0.6348
31,Labyrinth Mage,S/A TEC,219,Solitude,13,0.6348
31,Labyrinth Mage,S/A TEC,220,Masked Sorcerer,13,0.6348
31,Labyrinth Mage,S/A TEC,221,Kumootoko,13,0.6348
31,Labyrinth Mage,S/A TEC,225,Fiend Sword,13,0.6348
31,Labyrinth Mage,S/A TEC,227,Hitodenchak,13,0.6348
31,Labyrinth Mage,S/A TEC,228,Wood Remains,13,0.6348
31,Labyrinth Mage,S/A TEC,231,Wood Clown,13,0.6348
31,Labyrinth Mage,S/A TEC,233,Dark Titan of Terror,13,0.6348
31,Labyrinth Mage,S/A TEC,236,Guardian of the Labyrinth,13,0.6348
31,Labyrinth Mage,S/A TEC,237,Haniwa,13,0.6348
31,Labyrinth Mage,S/A TEC,243,Water Element,13,0.6348
31,Labyrinth Mage,S/A TEC,244,Dissolverock,13,0.6348
31,Labyrinth Mage,S/A TEC,246,One Who Hunts Souls,13,0.6348
31,Labyrinth Mage,S/A TEC,248,Master & Expert,13,0.6348
31,Labyrinth Mage,S/A TEC,250,Hyo,13,0.6348
31,Labyrinth Mage,S/A TEC,251,Enchanting Mermaid,13,0.6348
31,Labyrinth Mage,S/A TEC,256,Dimensional Warrior,13,0.6348
31,Labyrinth Mage,S/A TEC,257,Stone Armadiller,28,1.3672
31,Labyrinth Mage,S/A TEC,258,Beastking of the Swamps,28,1.3672
31,Labyrinth Mage,S/A TEC,259,Ancient Sorcerer,13,0.6348
31,Labyrinth Mage,S/A TEC,262,The Little Swordsman of Aile,13,0.6348
31,Labyrinth Mage,S/A TEC,263,Rock Ogre Grotto #2,28,1.3672
31,Labyrinth Mage,S/A TEC,265,The Furious Sea King,13,0.6348
31,Labyrinth Mage,S/A TEC,269,Versago the Destroyer,13,0.6348
31,Labyrinth Mage,S/A TEC,270,Wetha,13,0.6348
31,Labyrinth Mage,S/A TEC,272,Mavelus,13,0.6348
31,Labyrinth Mage,S/A TEC,273,Ancient Tree of Enlightenment,13,0.6348
31,Labyrinth Mage,S/A TEC,274,Green Phantom King,13,0.6348
31,Labyrinth Mage,S/A TEC,276,Ray & Temperature,13,0.6348
31,Labyrinth Mage,S/A TEC,280,Protector of the Throne,13,0.6348
31,Labyrinth Mage,S/A TEC,290,Moon Envoy,13,0.6348
31,Labyrinth Mage,S/A TEC,291,Fireyarou,13,0.6348
31,Labyrinth Mage,S/A TEC,292,Psychic Kappa,13,0.6348
31,Labyrinth Mage,S/A TEC,293,Masaki the Legendary Swordsman,13,0.6348
31,Labyrinth Mage,S/A TEC,294,Dragoness the Wicked Knight,13,0.6348
31,Labyrinth Mage,S/A TEC,296,One-eyed Shield Dragon,13,0.6348
31,Labyrinth Mage,S/A TEC,304,Axe of Despair,24,1.1719
31,Labyrinth Mage,S/A TEC,305,Laser Cannon Armor,24,1.1719
31,Labyrinth Mage,S/A TEC,316,Electro-whip,12,0.5859
31,Labyrinth Mage,S/A TEC,319,Mystical Moon,12,0.5859
31,Labyrinth Mage,S/A TEC,321,Malevolent Nuzzler,24,1.1719
31,Labyrinth Mage,S/A TEC,326,Raise Body Heat,24,1.1719
31,Labyrinth Mage,S/A TEC,335,Yami,36,1.7578
31,Labyrinth Mage,S/A TEC,338,Mooyan Curry,12,0.5859
31,Labyrinth Mage,S/A TEC,339,Red Medicine,12,0.5859
31,Labyrinth Mage,S/A TEC,340,Goblin's Secret Remedy,12,0.5859
31,Labyrinth Mage,S/A TEC,345,Final Flame,12,0.5859
31,Labyrinth Mage,S/A TEC,368,Shadow Ghoul,28,1.3672
31,Labyrinth Mage,S/A TEC,406,Yaiba Robo,13,0.6348
31,Labyrinth Mage,S/A TEC,414,Shovel Crusher,13,0.6348
31,Labyrinth Mage,S/A TEC,432,Waterdragon Fairy,13,0.6348
31,Labyrinth Mage,S/A TEC,446,Aqua Snake,13,0.6348
31,Labyrinth Mage,S/A TEC,451,Kanikabuto,13,0.6348
31,Labyrinth Mage,S/A TEC,452,Zarigun,13,0.6348
31,Labyrinth Mage,S/A TEC,459,Tripwire Beast,13,0.6348
31,Labyrinth Mage,S/A TEC,460,Bolt Escargot,13,0.6348
31,Labyrinth Mage,S/A TEC,461,Bolt Penguin,13,0.6348
31,Labyrinth Mage,S/A TEC,462,The Immortal of Thunder,12,0.5859
31,Labyrinth Mage,S/A TEC,463,Electric Snake,12,0.5859
31,Labyrinth Mage,S/A TEC,496,Wilmee,12,0.5859
31,Labyrinth Mage,S/A TEC,503,Turtle Raccoon,12,0.5859
31,Labyrinth Mage,S/A TEC,514,Brave Scizzar,12,0.5859
31,Labyrinth Mage,S/A TEC,524,Star Boy,12,0.5859
31,Labyrinth Mage,S/A TEC,549,Frog The Jam,12,0.5859
31,Labyrinth Mage,S/A TEC,552,Winged Dragon #2,12,0.5859
31,Labyrinth Mage,S/A TEC,556,The Wandering Doomed,12,0.5859
31,Labyrinth Mage,S/A TEC,567,Darkworld Thorns,12,0.5859
31,Labyrinth Mage,S/A TEC,576,Giant Scorpion of the Tundra,12,0.5859
31,Labyrinth Mage,S/A TEC,584,Binding Chain,12,0.5859
31,Labyrinth Mage,S/A TEC,591,Morphing Jar,12,0.5859
31,Labyrinth Mage,S/A TEC,601,Tenderness,12,0.5859
31,Labyrinth Mage,S/A TEC,602,Penguin Soldier,12,0.5859
31,Labyrinth Mage,S/A TEC,605,Liquid Beast,12,0.5859
31,Labyrinth Mage,S/A TEC,606,Twin Long Rods #2,12,0.5859
31,Labyrinth Mage,S/A TEC,608,Shining Friendship,12,0.5859
31,Labyrinth Mage,S/A TEC,620,Snakeyashi,12,0.5859
31,Labyrinth Mage,S/A TEC,629,Armored Rat,12,0.5859
31,Labyrinth Mage,S/A TEC,642,Mystical Sheep #1,13,0.6348
31,Labyrinth Mage,S/A TEC,643,Disk Magician,13,0.6348
31,Labyrinth Mage,S/A TEC,652,Magical Labyrinth,24,1.1719
31,Labyrinth Mage,S/A TEC,655,Cursebreaker,24,1.1719
31,Labyrinth Mage,S/A TEC,683,Bear Trap,24,1.1719
31,Labyrinth Mage,S/A TEC,684,Invisible Wire,24,1.1719
31,Labyrinth Mage,S/A TEC,687,Goblin Fan,24,1.1719
31,Labyrinth Mage,S/A TEC,688,Bad Reaction to Simochi,24,1.1719
31,Labyrinth Mage,deck,28,Rock Ogre Grotto #1,12,0.5859
31,Labyrinth Mage,deck,30,Zombie Warrior,12,0.5859
31,Labyrinth Mage,deck,36,The Snake Hair,12,0.5859
31,Labyrinth Mage,deck,51,Armored Lizard,12,0.5859
31,Labyrinth Mage,deck,70,Fiend Kraken,12,0.5859
31,Labyrinth Mage,deck,71,Jellyfish,12,0.5859
31,Labyrinth Mage,deck,74,Giant Soldier of Stone,24,1.1719
31,Labyrinth Mage,deck,76,Krokodilus,12,0.5859
31,Labyrinth Mage,deck,77,Grappler,12,0.5859
31,Labyrinth Mage,deck,89,Catapult Turtle,24,1.1719
31,Labyrinth Mage,deck,99,Pumpking the King of Ghosts,24,1.1719
31,Labyrinth Mage,deck,131,Octoberser,24,1.1719
31,Labyrinth Mage,deck,132,The 13th Grave,12,0.5859
31,Labyrinth Mage,deck,140,Toad Master,12,0.5859
31,Labyrinth Mage,deck,146,Temple of Skulls,12,0.5859
31,Labyrinth Mage,deck,150,Akihiron,24,1.1719
31,Labyrinth Mage,deck,153,Dokuroizo the Grim Reaper,12,0.5859
31,Labyrinth Mage,deck,193,Turtle Tiger,12,0.5859
31,Labyrinth Mage,deck,196,Arma Knight,12,0.5859
31,Labyrinth Mage,deck,223,Roaring Ocean Snake,24,1.1719
31,Labyrinth Mage,deck,241,Dark Assailant,12,0.5859
31,Labyrinth Mage,deck,249,Water Omotics,12,0.5859
31,Labyrinth Mage,deck,257,Stone Armadiller,12,0.5859
31,Labyrinth Mage,deck,258,Beastking of the Swamps,12,0.5859
31,Labyrinth Mage,deck,263,Rock Ogre Grotto #2,12,0.5859
31,Labyrinth Mage,deck,320,Stop Defense,48,2.3438
31,Labyrinth Mage,deck,351,Yaranzo,12,0.5859
31,Labyrinth Mage,deck,361,Flying Penguin,12,0.5859
31,Labyrinth Mage,deck,366,Labyrinth Wall,24,1.1719
31,Labyrinth Mage,deck,367,Jirai Gumo,12,0.5859
31,Labyrinth Mage,deck,368,Shadow Ghoul,12,0.5859
31,Labyrinth Mage,deck,369,Wall Shadow,48,2.3438
31,Labyrinth Mage,deck,370,Labyrinth Tank,48,2.3438
31,Labyrinth Mage,deck,371,Sanga of the Thunder,48,2.3438
31,Labyrinth Mage,deck,372,Kazejin,48,2.3438
31,Labyrinth Mage,deck,373,Suijin,48,2.3438
31,Labyrinth Mage,deck,374,Gate Guardian,48,2.3438
31,Labyrinth Mage,deck,375,Dungeon Worm,24,1.1719
31,Labyrinth Mage,deck,376,Monster Tamer,24,1.1719
31,Labyrinth Mage,deck,381,Toon Alligator,12,0.5859
31,Labyrinth Mage,deck,400,Emperor of the Land and Sea,24,1.1719
31,Labyrinth Mage,deck,425,Thunder Dragon,24,1.1719
31,Labyrinth Mage,deck,426,Stone D.,48,2.3438
31,Labyrinth Mage,deck,430,Water Magician,12,0.5859
31,Labyrinth Mage,deck,431,Ice Water,12,0.5859
31,Labyrinth Mage,deck,435,Water Girl,12,0.5859
31,Labyrinth Mage,deck,445,Guardian of the Sea,12,0.5859
31,Labyrinth Mage,deck,447,Giant Red Seasnake,12,0.5859
31,Labyrinth Mage,deck,449,"30,000-Year White Turtle",24,1.1719
31,Labyrinth Mage,deck,450,Kappa Avenger,12,0.5859
31,Labyrinth Mage,deck,453,Millennium Golem,48,2.3438
31,Labyrinth Mage,deck,454,Destroyer Golem,12,0.5859
31,Labyrinth Mage,deck,455,Barrel Rock,12,0.5859
31,Labyrinth Mage,deck,456,Minomushi Warrior,12,0.5859
31,Labyrinth Mage,deck,457,Stone Ghost,12,0.5859
31,Labyrinth Mage,deck,458,Kaminari Attack,24,1.1719
31,Labyrinth Mage,deck,459,Tripwire Beast,12,0.5859
31,Labyrinth Mage,deck,460,Bolt Escargot,12,0.5859
31,Labyrinth Mage,deck,462,The Immortal of Thunder,12,0.5859
31,Labyrinth Mage,deck,470,Magical Ghost,12,0.5859
31,Labyrinth Mage,deck,474,Sea Kamen,12,0.5859
31,Labyrinth Mage,deck,497,Yado Karu,12,0.5859
31,Labyrinth Mage,deck,515,The Statue of Easter Island,12,0.5859
31,Labyrinth Mage,deck,517,Sand Stone,12,0.5859
31,Labyrinth Mage,deck,518,Boulder Tortoise,24,1.1719
31,Labyrinth Mage,deck,519,Fire Kraken,24,1.1719
31,Labyrinth Mage,deck,520,Turtle Bird,24,1.1719
31,Labyrinth Mage,deck,531,Mystical Sand,24,1.1719
31,Labyrinth Mage,deck,545,Skelgon,24,1.1719
31,Labyrinth Mage,deck,550,Behegon,12,0.5859
31,Labyrinth Mage,deck,564,Great Mammoth of Goldfine,48,2.3438
31,Labyrinth Mage,deck,566,Yormungarde,12,0.5859
31,Labyrinth Mage,deck,583,Weather Report,12,0.5859
31,Labyrinth Mage,deck,593,Giant Turtle Who Feeds on Flames,24,1.1719
31,Labyrinth Mage,deck,596,Ghoul with an Appetite,12,0.5859
31,Labyrinth Mage,deck,599,Violent Rain,12,0.5859
31,Labyrinth Mage,deck,613,Twin-headed Thunder Dragon,48,2.3438
31,Labyrinth Mage,deck,615,Armored Starfish,12,0.5859
31,Labyrinth Mage,deck,623,The Thing That Hides in the Mud,12,0.5859
31,Labyrinth Mage,deck,624,High Tide Gyojin,12,0.5859
31,Labyrinth Mage,deck,625,Fairy of the Fountain,12,0.5859
31,Labyrinth Mage,deck,630,Ancient Lizard Warrior,12,0.5859
31,Labyrinth Mage,deck,632,Stone Ogre Grotto,24,1.1719
31,Labyrinth Mage,deck,634,Night Lizard,12,0.5859
31,Labyrinth Mage,deck,639,Amphibious Bugroth,24,1.1719
31,Labyrinth Mage,deck,646,Gruesome Goo,12,0.5859
31,Labyrinth Mage,deck,647,Hyosube,12,0.5859
31,Labyrinth Mage,deck,652,Magical Labyrinth,24,1.1719
31,Labyrinth Mage,deck,655,Cursebreaker,24,1.1719
31,Labyrinth Mage,deck,660,Stain Storm,120,5.8594
31,Labyrinth Mage,deck,685,Acid Trap Hole,64,3.125
31,Labyrinth Mage,deck,689,Reverse Trap,64,3.125
31,Labyrinth Mage,deck,690,Fake Trap,60,2.9297
32,Seto 2nd,S/A POW,2,Mystical Elf,32,1.5625
32,Seto 2nd,S/A POW,6,Feral Imp,32,1.5625
32,Seto 2nd,S/A POW,10,Blackland Fire Dragon,32,1.5625
32,Seto 2nd,S/A POW,12,Swamp Battleguard,16,0.7812
32,Seto 2nd,S/A POW,15,Flame Swordsman,16,0.7812
32,Seto 2nd,S/A POW,21,Exodia the Forbidden,8,0.3906
32,Seto 2nd,S/A POW,25,Horn Imp,32,1.5625
32,Seto 2nd,S/A POW,27,Beaver Warrior,32,1.5625
32,Seto 2nd,S/A POW,30,Zombie Warrior,32,1.5625
32,Seto 2nd,S/A POW,31,Koumori Dragon,32,1.5625
32,Seto 2nd,S/A POW,33,Judge Man,16,0.7812
32,Seto 2nd,S/A POW,35,Dark Magician,48,2.3438
32,Seto 2nd,S/A POW,38,Gaia the Fierce Knight,60,2.9297
32,Seto 2nd,S/A POW,39,Curse of Dragon,32,1.5625
32,Seto 2nd,S/A POW,41,Celtic Guardian,50,2.4414
32,Seto 2nd,S/A POW,43,Karbonala Warrior,16,0.7812
32,Seto 2nd,S/A POW,46,Griffore,32,1.5625
32,Seto 2nd,S/A POW,47,Torike,32,1.5625
32,Seto 2nd,S/A POW,48,Sangan,32,1.5625
32,Seto 2nd,S/A POW,59,Mammoth Graveyard,32,1.5625
32,Seto 2nd,S/A POW,65,Silver Fang,32,1.5625
32,Seto 2nd,S/A POW,74,Giant Soldier of Stone,32,1.5625
32,Seto 2nd,S/A POW,78,Axe Raider,16,0.7812
32,Seto 2nd,S/A POW,79,Megazowler,16,0.7812
32,Seto 2nd,S/A POW,89,Catapult Turtle,32,1.5625
32,Seto 2nd,S/A POW,90,Gyakutenno Megami,16,0.7812
32,Seto 2nd,S/A POW,93,Zanki,16,0.7812
32,Seto 2nd,S/A POW,99,Pumpking the King of Ghosts,16,0.7812
32,Seto 2nd,S/A POW,100,Battle Warrior,16,0.7812
32,Seto 2nd,S/A POW,107,Kageningen,16,0.7812
32,Seto 2nd,S/A POW,110,Hero of the East,16,0.7812
32,Seto 2nd,S/A POW,118,Supporter in the Shadows,16,0.7812
32,Seto 2nd,S/A POW,120,Dream Clown,16,0.7812
32,Seto 2nd,S/A POW,127,Ansatsu,16,0.7812
32,Seto 2nd,S/A POW,138,Dragon Statue,16,0.7812
32,Seto 2nd,S/A POW,147,Monster Egg,16,0.7812
32,Seto 2nd,S/A POW,156,Hard Armor,16,0.7812
32,Seto 2nd,S/A POW,160,M-warrior #1,16,0.7812
32,Seto 2nd,S/A POW,161,M-warrior #2,16,0.7812
32,Seto 2nd,S/A POW,166,Mysterious Puppeteer,16,0.7812
32,Seto 2nd,S/A POW,172,Armaill,16,0.7812
32,Seto 2nd,S/A POW,182,Masked Clown,16,0.7812
32,Seto 2nd,S/A POW,185,Eyearmor,16,0.7812
32,Seto 2nd,S/A POW,195,Doron,16,0.7812
32,Seto 2nd,S/A POW,214,Kagemusha of the Blue Flame,16,0.7812
32,Seto 2nd,S/A POW,223,Roaring Ocean Snake,16,0.7812
32,Seto 2nd,S/A POW,224,Trap Master,16,0.7812
32,Seto 2nd,S/A POW,225,Fiend Sword,16,0.7812
32,Seto 2nd,S/A POW,226,Skull Stalker,16,0.7812
32,Seto 2nd,S/A POW,231,Wood Clown,16,0.7812
32,Seto 2nd,S/A POW,236,Guardian of the Labyrinth,16,0.7812
32,Seto 2nd,S/A POW,239,Vishwar Randi,16,0.7812
32,Seto 2nd,S/A POW,250,Hyo,16,0.7812
32,Seto 2nd,S/A POW,256,Dimensional Warrior,16,0.7812
32,Seto 2nd,S/A POW,262,The Little Swordsman of Aile,16,0.7812
32,Seto 2nd,S/A POW,266,Princess of Tsurugi,16,0.7812
32,Seto 2nd,S/A POW,267,Unknown Warrior of Fiend,16,0.7812
32,Seto 2nd,S/A POW,280,Protector of the Throne,16,0.7812
32,Seto 2nd,S/A POW,290,Moon Envoy,16,0.7812
32,Seto 2nd,S/A POW,293,Masaki the Legendary Swordsman,16,0.7812
32,Seto 2nd,S/A POW,294,Dragoness the Wicked Knight,16,0.7812
32,Seto 2nd,S/A POW,376,Monster Tamer,16,0.7812
32,Seto 2nd,S/A POW,391,Zoa,18,0.8789
32,Seto 2nd,S/A POW,401,Ushi Oni,18,0.8789
32,Seto 2nd,S/A POW,407,Machine King,18,0.8789
32,Seto 2nd,S/A POW,426,Stone D.,18,0.8789
32,Seto 2nd,S/A POW,427,Kaiser Dragon,2,0.0977
32,Seto 2nd,S/A POW,445,Guardian of the Sea,44,2.1484
32,Seto 2nd,S/A POW,447,Giant Red Seasnake,26,1.2695
32,Seto 2nd,S/A POW,453,Millennium Golem,18,0.8789
32,Seto 2nd,S/A POW,465,Punished Eagle,16,0.7812
32,Seto 2nd,S/A POW,467,Crimson Sunbird,18,0.8789
32,Seto 2nd,S/A POW,471,Soul Hunter,18,0.8789
32,Seto 2nd,S/A POW,474,Sea Kamen,44,2.1484
32,Seto 2nd,S/A POW,493,Maha Vailo,26,1.2695
32,Seto 2nd,S/A POW,495,Musician King,12,0.5859
32,Seto 2nd,S/A POW,500,Dragon Seeker,18,0.8789
32,Seto 2nd,S/A POW,507,Crazy Fish,26,1.2695
32,Seto 2nd,S/A POW,515,The Statue of Easter Island,26,1.2695
32,Seto 2nd,S/A POW,522,Monstrous Bird,16,0.7812
32,Seto 2nd,S/A POW,531,Mystical Sand,16,0.7812
32,Seto 2nd,S/A POW,546,Wow Warrior,44,2.1484
32,Seto 2nd,S/A POW,559,Oscillo Hero,44,2.1484
32,Seto 2nd,S/A POW,561,Lesser Dragon,44,2.1484
32,Seto 2nd,S/A POW,564,Great Mammoth of Goldfine,18,0.8789
32,Seto 2nd,S/A POW,565,Man-eating Black Shark,12,0.5859
32,Seto 2nd,S/A POW,571,B. Dragon Jungle King,16,0.7812
32,Seto 2nd,S/A POW,572,Empress Judge,32,1.5625
32,Seto 2nd,S/A POW,583,Weather Report,26,1.2695
32,Seto 2nd,S/A POW,594,Rose Spectre of Dunn,16,0.7812
32,Seto 2nd,S/A POW,613,Twin-headed Thunder Dragon,12,0.5859
32,Seto 2nd,S/A POW,622,Ill Witch,12,0.5859
32,Seto 2nd,S/A POW,624,High Tide Gyojin,12,0.5859
32,Seto 2nd,S/A POW,627,Nekogal #2,16,0.7812
32,Seto 2nd,S/A POW,645,Royal Guard,12,0.5859
32,Seto 2nd,B/C/D,2,Mystical Elf,40,1.9531
32,Seto 2nd,B/C/D,6,Feral Imp,40,1.9531
32,Seto 2nd,B/C/D,10,Blackland Fire Dragon,40,1.9531
32,Seto 2nd,B/C/D,12,Swamp Battleguard,20,0.9766
32,Seto 2nd,B/C/D,15,Flame Swordsman,20,0.9766
32,Seto 2nd,B/C/D,21,Exodia the Forbidden,6,0.293
32,Seto 2nd,B/C/D,25,Horn Imp,40,1.9531
32,Seto 2nd,B/C/D,27,Beaver Warrior,40,1.9531
32,Seto 2nd,B/C/D,30,Zombie Warrior,40,1.9531
32,Seto 2nd,B/C/D,31,Koumori Dragon,40,1.9531
32,Seto 2nd,B/C/D,33,Judge Man,20,0.9766
32,Seto 2nd,B/C/D,39,Curse of Dragon,40,1.9531
32,Seto 2nd,B/C/D,41,Celtic Guardian,58,2.832
32,Seto 2nd,B/C/D,43,Karbonala Warrior,20,0.9766
32,Seto 2nd,B/C/D,46,Griffore,40,1.9531
32,Seto 2nd,B/C/D,47,Torike,40,1.9531
32,Seto 2nd,B/C/D,48,Sangan,40,1.9531
32,Seto 2nd,B/C/D,59,Mammoth Graveyard,40,1.9531
32,Seto 2nd,B/C/D,65,Silver Fang,40,1.9531
32,Seto 2nd,B/C/D,74,Giant Soldier of Stone,40,1.9531
32,Seto 2nd,B/C/D,78,Axe Raider,18,0.8789
32,Seto 2nd,B/C/D,79,Megazowler,18,0.8789
32,Seto 2nd,B/C/D,89,Catapult Turtle,38,1.8555
32,Seto 2nd,B/C/D,90,Gyakutenno Megami,18,0.8789
32,Seto 2nd,B/C/D,93,Zanki,18,0.8789
32,Seto 2nd,B/C/D,99,Pumpking the King of Ghosts,18,0.8789
32,Seto 2nd,B/C/D,100,Battle Warrior,18,0.8789
32,Seto 2nd,B/C/D,107,Kageningen,18,0.8789
32,Seto 2nd,B/C/D,110,Hero of the East,18,0.8789
32,Seto 2nd,B/C/D,118,Supporter in the Shadows,18,0.8789
32,Seto 2nd,B/C/D,120,Dream Clown,18,0.8789
32,Seto 2nd,B/C/D,127,Ansatsu,18,0.8789
32,Seto 2nd,B/C/D,138,Dragon Statue,18,0.8789
32,Seto 2nd,B/C/D,147,Monster Egg,18,0.8789
32,Seto 2nd,B/C/D,156,Hard Armor,18,0.8789
32,Seto 2nd,B/C/D,160,M-warrior #1,18,0.8789
32,Seto 2nd,B/C/D,161,M-warrior #2,18,0.8789
32,Seto 2nd,B/C/D,166,Mysterious Puppeteer,18,0.8789
32,Seto 2nd,B/C/D,172,Armaill,18,0.8789
32,Seto 2nd,B/C/D,182,Masked Clown,18,0.8789
32,Seto 2nd,B/C/D,185,Eyearmor,18,0.8789
32,Seto 2nd,B/C/D,195,Doron,18,0.8789
32,Seto 2nd,B/C/D,214,Kagemusha of the Blue Flame,18,0.8789
32,Seto 2nd,B/C/D,223,Roaring Ocean Snake,18,0.8789
32,Seto 2nd,B/C/D,224,Trap Master,18,0.8789
32,Seto 2nd,B/C/D,225,Fiend Sword,18,0.8789
32,Seto 2nd,B/C/D,226,Skull Stalker,18,0.8789
32,Seto 2nd,B/C/D,231,Wood Clown,18,0.8789
32,Seto 2nd,B/C/D,236,Guardian of the Labyrinth,18,0.8789
32,Seto 2nd,B/C/D,239,Vishwar Randi,18,0.8789
32,Seto 2nd,B/C/D,250,Hyo,18,0.8789
32,Seto 2nd,B/C/D,256,Dimensional Warrior,18,0.8789
32,Seto 2nd,B/C/D,262,The Little Swordsman of Aile,18,0.8789
32,Seto 2nd,B/C/D,266,Princess of Tsurugi,18,0.8789
32,Seto 2nd,B/C/D,267,Unknown Warrior of Fiend,18,0.8789
32,Seto 2nd,B/C/D,280,Protector of the Throne,18,0.8789
32,Seto 2nd,B/C/D,290,Moon Envoy,18,0.8789
32,Seto 2nd,B/C/D,293,Masaki the Legendary Swordsman,18,0.8789
32,Seto 2nd,B/C/D,294,Dragoness the Wicked Knight,18,0.8789
32,Seto 2nd,B/C/D,376,Monster Tamer,18,0.8789
32,Seto 2nd,B/C/D,445,Guardian of the Sea,54,2.6367
32,Seto 2nd,B/C/D,447,Giant Red Seasnake,32,1.5625
32,Seto 2nd,B/C/D,465,Punished Eagle,18,0.8789
32,Seto 2nd,B/C/D,474,Sea Kamen,54,2.6367
32,Seto 2nd,B/C/D,493,Maha Vailo,32,1.5625
32,Seto 2nd,B/C/D,495,Musician King,10,0.4883
32,Seto 2nd,B/C/D,507,Crazy Fish,32,1.5625
32,Seto 2nd,B/C/D,515,The Statue of Easter Island,32,1.5625
32,Seto 2nd,B/C/D,522,Monstrous Bird,16,0.7812
32,Seto 2nd,B/C/D,531,Mystical Sand,16,0.7812
32,Seto 2nd,B/C/D,546,Wow Warrior,54,2.6367
32,Seto 2nd,B/C/D,559,Oscillo Hero,54,2.6367
32,Seto 2nd,B/C/D,561,Lesser Dragon,54,2.6367
32,Seto 2nd,B/C/D,565,Man-eating Black Shark,12,0.5859
32,Seto 2nd,B/C/D,571,B. Dragon Jungle King,16,0.7812
32,Seto 2nd,B/C/D,572,Empress Judge,32,1.5625
32,Seto 2nd,B/C/D,583,Weather Report,32,1.5625
32,Seto 2nd,B/C/D,594,Rose Spectre of Dunn,16,0.7812
32,Seto 2nd,B/C/D,622,Ill Witch,12,0.5859
32,Seto 2nd,B/C/D,624,High Tide Gyojin,10,0.4883
32,Seto 2nd,B/C/D,627,Nekogal #2,16,0.7812
32,Seto 2nd,S/A TEC,2,Mystical Elf,32,1.5625
32,Seto 2nd,S/A TEC,6,Feral Imp,32,1.5625
32,Seto 2nd,S/A TEC,10,Blackland Fire Dragon,32,1.5625
32,Seto 2nd,S/A TEC,12,Swamp Battleguard,12,0.5859
32,Seto 2nd,S/A TEC,15,Flame Swordsman,12,0.5859
32,Seto 2nd,S/A TEC,21,Exodia the Forbidden,4,0.1953
32,Seto 2nd,S/A TEC,25,Horn Imp,32,1.5625
32,Seto 2nd,S/A TEC,27,Beaver Warrior,32,1.5625
32,Seto 2nd,S/A TEC,30,Zombie Warrior,32,1.5625
32,Seto 2nd,S/A TEC,31,Koumori Dragon,32,1.5625
32,Seto 2nd,S/A TEC,33,Judge Man,12,0.5859
32,Seto 2nd,S/A TEC,41,Celtic Guardian,48,2.3438
32,Seto 2nd,S/A TEC,43,Karbonala Warrior,12,0.5859
32,Seto 2nd,S/A TEC,46,Griffore,32,1.5625
32,Seto 2nd,S/A TEC,47,Torike,32,1.5625
32,Seto 2nd,S/A TEC,48,Sangan,32,1.5625
32,Seto 2nd,S/A TEC,59,Mammoth Graveyard,32,1.5625
32,Seto 2nd,S/A TEC,65,Silver Fang,32,1.5625
32,Seto 2nd,S/A TEC,74,Giant Soldier of Stone,32,1.5625
32,Seto 2nd,S/A TEC,78,Axe Raider,12,0.5859
32,Seto 2nd,S/A TEC,89,Catapult Turtle,32,1.5625
32,Seto 2nd,S/A TEC,93,Zanki,12,0.5859
32,Seto 2nd,S/A TEC,100,Battle Warrior,12,0.5859
32,Seto 2nd,S/A TEC,107,Kageningen,12,0.5859
32,Seto 2nd,S/A TEC,110,Hero of the East,12,0.5859
32,Seto 2nd,S/A TEC,118,Supporter in the Shadows,12,0.5859
32,Seto 2nd,S/A TEC,120,Dream Clown,12,0.5859
32,Seto 2nd,S/A TEC,127,Ansatsu,12,0.5859
32,Seto 2nd,S/A TEC,138,Dragon Statue,12,0.5859
32,Seto 2nd,S/A TEC,147,Monster Egg,12,0.5859
32,Seto 2nd,S/A TEC,156,Hard Armor,12,0.5859
32,Seto 2nd,S/A TEC,160,M-warrior #1,12,0.5859
32,Seto 2nd,S/A TEC,161,M-warrior #2,12,0.5859
32,Seto 2nd,S/A TEC,166,Mysterious Puppeteer,12,0.5859
32,Seto 2nd,S/A TEC,172,Armaill,12,0.5859
32,Seto 2nd,S/A TEC,182,Masked Clown,12,0.5859
32,Seto 2nd,S/A TEC,185,Eyearmor,12,0.5859
32,Seto 2nd,S/A TEC,195,Doron,12,0.5859
32,Seto 2nd,S/A TEC,214,Kagemusha of the Blue Flame,12,0.5859
32,Seto 2nd,S/A TEC,224,Trap Master,12,0.5859
32,Seto 2nd,S/A TEC,225,Fiend Sword,12,0.5859
32,Seto 2nd,S/A TEC,226,Skull Stalker,12,0.5859
32,Seto 2nd,S/A TEC,231,Wood Clown,12,0.5859
32,Seto 2nd,S/A TEC,236,Guardian of the Labyrinth,12,0.5859
32,Seto 2nd,S/A TEC,239,Vishwar Randi,12,0.5859
32,Seto 2nd,S/A TEC,250,Hyo,12,0.5859
32,Seto 2nd,S/A TEC,256,Dimensional Warrior,12,0.5859
32,Seto 2nd,S/A TEC,262,The Little Swordsman of Aile,12,0.5859
32,Seto 2nd,S/A TEC,266,Princess of Tsurugi,12,0.5859
32,Seto 2nd,S/A TEC,267,Unknown Warrior of Fiend,12,0.5859
32,Seto 2nd,S/A TEC,280,Protector of the Throne,12,0.5859
32,Seto 2nd,S/A TEC,290,Moon Envoy,12,0.5859
32,Seto 2nd,S/A TEC,293,Masaki the Legendary Swordsman,12,0.5859
32,Seto 2nd,S/A TEC,294,Dragoness the Wicked Knight,12,0.5859
32,Seto 2nd,S/A TEC,302,Sword of Dark Destruction,24,1.1719
32,Seto 2nd,S/A TEC,308,Beast Fangs,24,1.1719
32,Seto 2nd,S/A TEC,310,Vile Germs,24,1.1719
32,Seto 2nd,S/A TEC,314,Horn of the Unicorn,24,1.1719
32,Seto 2nd,S/A TEC,315,Dragon Treasure,24,1.1719
32,Seto 2nd,S/A TEC,324,Invigoration,24,1.1719
32,Seto 2nd,S/A TEC,328,Power of Kaishin,24,1.1719
32,Seto 2nd,S/A TEC,336,Dark Hole,24,1.1719
32,Seto 2nd,S/A TEC,337,Raigeki,24,1.1719
32,Seto 2nd,S/A TEC,343,Sparks,24,1.1719
32,Seto 2nd,S/A TEC,344,Hinotama,24,1.1719
32,Seto 2nd,S/A TEC,345,Final Flame,24,1.1719
32,Seto 2nd,S/A TEC,349,Spellbinding Circle,48,2.3438
32,Seto 2nd,S/A TEC,376,Monster Tamer,12,0.5859
32,Seto 2nd,S/A TEC,445,Guardian of the Sea,40,1.9531
32,Seto 2nd,S/A TEC,447,Giant Red Seasnake,24,1.1719
32,Seto 2nd,S/A TEC,474,Sea Kamen,40,1.9531
32,Seto 2nd,S/A TEC,493,Maha Vailo,24,1.1719
32,Seto 2nd,S/A TEC,495,Musician King,10,0.4883
32,Seto 2nd,S/A TEC,507,Crazy Fish,24,1.1719
32,Seto 2nd,S/A TEC,515,The Statue of Easter Island,24,1.1719
32,Seto 2nd,S/A TEC,546,Wow Warrior,40,1.9531
32,Seto 2nd,S/A TEC,559,Oscillo Hero,40,1.9531
32,Seto 2nd,S/A TEC,561,Lesser Dragon,40,1.9531
32,Seto 2nd,S/A TEC,565,Man-eating Black Shark,10,0.4883
32,Seto 2nd,S/A TEC,583,Weather Report,24,1.1719
32,Seto 2nd,S/A TEC,622,Ill Witch,10,0.4883
32,Seto 2nd,S/A TEC,624,High Tide Gyojin,10,0.4883
32,Seto 2nd,S/A TEC,653,Warrior Elimination,24,1.1719
32,Seto 2nd,S/A TEC,656,Eternal Rest,48,2.3438
32,Seto 2nd,S/A TEC,661,Crush Card,24,1.1719
32,Seto 2nd,S/A TEC,665,Curse of Millennium Shield,24,1.1719
32,Seto 2nd,S/A TEC,666,Yamadron Ritual,24,1.1719
32,Seto 2nd,S/A TEC,668,Bright Castle,24,1.1719
32,Seto 2nd,S/A TEC,672,Harpie's Feather Duster,24,1.1719
32,Seto 2nd,S/A TEC,679,Novox's Prayer,24,1.1719
32,Seto 2nd,S/A TEC,682,Eatgaboon,24,1.1719
32,Seto 2nd,S/A TEC,683,Bear Trap,24,1.1719
32,Seto 2nd,S/A TEC,684,Invisible Wire,24,1.1719
32,Seto 2nd,S/A TEC,685,Acid Trap Hole,24,1.1719
32,Seto 2nd,S/A TEC,686,Widespread Ruin,24,1.1719
32,Seto 2nd,S/A TEC,687,Goblin Fan,24,1.1719
32,Seto 2nd,S/A TEC,688,Bad Reaction to Simochi,24,1.1719
32,Seto 2nd,deck,1,Blue-eyes White Dragon,48,2.3438
32,Seto 2nd,deck,2,Mystical Elf,2,0.0977
32,Seto 2nd,deck,6,Feral Imp,2,0.0977
32,Seto 2nd,deck,7,Winged Dragon #1,2,0.0977
32,Seto 2nd,deck,12,Swamp Battleguard,8,0.3906
32,Seto 2nd,deck,15,Flame Swordsman,8,0.3906
32,Seto 2nd,deck,22,Summoned Skull,8,0.3906
32,Seto 2nd,deck,27,Beaver Warrior,2,0.0977
32,Seto 2nd,deck,31,Koumori Dragon,2,0.0977
32,Seto 2nd,deck,33,Judge Man,8,0.3906
32,Seto 2nd,deck,35,Dark Magician,24,1.1719
32,Seto 2nd,deck,37,Gaia the Dragon Champion,24,1.1719
32,Seto 2nd,deck,38,Gaia the Fierce Knight,24,1.1719
32,Seto 2nd,deck,39,Curse of Dragon,8,0.3906
32,Seto 2nd,deck,41,Celtic Guardian,2,0.0977
32,Seto 2nd,deck,43,Karbonala Warrior,2,0.0977
32,Seto 2nd,deck,46,Griffore,2,0.0977
32,Seto 2nd,deck,63,Harpie Lady Sisters,24,1.1719
32,Seto 2nd,deck,66,Kojikocy,1,0.0488
32,Seto 2nd,deck,69,Thousand Dragon,24,1.1719
32,Seto 2nd,deck,74,Giant Soldier of Stone,8,0.3906
32,Seto 2nd,deck,77,Grappler,1,0.0488
32,Seto 2nd,deck,78,Axe Raider,1,0.0488
32,Seto 2nd,deck,79,Megazowler,8,0.3906
32,Seto 2nd,deck,82,Red-eyes B. Dragon,24,1.1719
32,Seto 2nd,deck,89,Catapult Turtle,8,0.3906
32,Seto 2nd,deck,90,Gyakutenno Megami,8,0.3906
32,Seto 2nd,deck,91,Mystic Horseman,1,0.0488
32,Seto 2nd,deck,92,Rabid Horseman,8,0.3906
32,Seto 2nd,deck,93,Zanki,8,0.3906
32,Seto 2nd,deck,99,Pumpking the King of Ghosts,8,0.3906
32,Seto 2nd,deck,127,Ansatsu,1,0.0488
32,Seto 2nd,deck,151,Rhaimundos of the Red Sword,1,0.0488
32,Seto 2nd,deck,166,Mysterious Puppeteer,1,0.0488
32,Seto 2nd,deck,217,B. Skull Dragon,1,0.0488
32,Seto 2nd,deck,223,Roaring Ocean Snake,8,0.3906
32,Seto 2nd,deck,337,Raigeki,80,3.9062
32,Seto 2nd,deck,342,Dian Keto the Cure Master,160,7.8125
32,Seto 2nd,deck,348,Swords of Revealing Light,40,1.9531
32,Seto 2nd,deck,352,Kanan the Swordmistress,1,0.0488
32,Seto 2nd,deck,358,Seiyaryu,24,1.1719
32,Seto 2nd,deck,364,Black Luster Soldier,48,2.3438
32,Seto 2nd,deck,369,Wall Shadow,16,0.7812
32,Seto 2nd,deck,370,Labyrinth Tank,24,1.1719
32,Seto 2nd,deck,371,Sanga of the Thunder,24,1.1719
32,Seto 2nd,deck,372,Kazejin,24,1.1719
32,Seto 2nd,deck,373,Suijin,24,1.1719
32,Seto 2nd,deck,374,Gate Guardian,64,3.125
32,Seto 2nd,deck,376,Monster Tamer,8,0.3906
32,Seto 2nd,deck,377,Ryu-kishin Powered,1,0.0488
32,Seto 2nd,deck,378,Swordstalker,8,0.3906
32,Seto 2nd,deck,379,La Jinn the Mystical Genie,1,0.0488
32,Seto 2nd,deck,385,Bickuribox,24,1.1719
32,Seto 2nd,deck,386,Harpie's Pet Dragon,24,1.1719
32,Seto 2nd,deck,389,Giltia the D. Knight,8,0.3906
32,Seto 2nd,deck,390,Launcher Spider,16,0.7812
32,Seto 2nd,deck,391,Zoa,24,1.1719
32,Seto 2nd,deck,392,Metalzoa,48,2.3438
32,Seto 2nd,deck,401,Ushi Oni,24,1.1719
32,Seto 2nd,deck,407,Machine King,24,1.1719
32,Seto 2nd,deck,426,Stone D.,24,1.1719
32,Seto 2nd,deck,427,Kaiser Dragon,24,1.1719
32,Seto 2nd,deck,434,Beautiful Beast Trainer,8,0.3906
32,Seto 2nd,deck,442,Aqua Dragon,24,1.1719
32,Seto 2nd,deck,453,Millennium Golem,24,1.1719
32,Seto 2nd,deck,465,Punished Eagle,8,0.3906
32,Seto 2nd,deck,467,Crimson Sunbird,24,1.1719
32,Seto 2nd,deck,471,Soul Hunter,24,1.1719
32,Seto 2nd,deck,500,Dragon Seeker,24,1.1719
32,Seto 2nd,deck,509,Bracchio-raidus,24,1.1719
32,Seto 2nd,deck,522,Monstrous Bird,8,0.3906
32,Seto 2nd,deck,529,Flame Cerebrus,8,0.3906
32,Seto 2nd,deck,531,Mystical Sand,8,0.3906
32,Seto 2nd,deck,554,Lava Battleguard,8,0.3906
32,Seto 2nd,deck,564,Great Mammoth of Goldfine,24,1.1719
32,Seto 2nd,deck,571,B. Dragon Jungle King,8,0.3906
32,Seto 2nd,deck,572,Empress Judge,8,0.3906
32,Seto 2nd,deck,594,Rose Spectre of Dunn,10,0.4883
32,Seto 2nd,deck,613,Twin-headed Thunder Dragon,24,1.1719
32,Seto 2nd,deck,618,Warrior of Tradition,8,0.3906
32,Seto 2nd,deck,621,Succubus Knight,1,0.0488
32,Seto 2nd,deck,627,Nekogal #2,8,0.3906
32,Seto 2nd,deck,641,Invader of the Throne,8,0.3906
32,Seto 2nd,deck,645,Royal Guard,24,1.1719
32,Seto 2nd,deck,649,Hibikime,1,0.0488
32,Seto 2nd,deck,661,Crush Card,80,3.9062
32,Seto 2nd,deck,669,Shadow Spell,80,3.9062
32,Seto 2nd,deck,672,Harpie's Feather Duster,80,3.9062
32,Seto 2nd,deck,675,Ultimate Dragon,80,3.9062
32,Seto 2nd,deck,685,Acid Trap Hole,80,3.9062
32,Seto 2nd,deck,688,Bad Reaction to Simochi,80,3.9062
32,Seto 2nd,deck,690,Fake Trap,64,3.125
32,Seto 2nd,deck,712,Meteor Dragon,80,3.9062
32,Seto 2nd,deck,713,Meteor B. Dragon,1,0.0488
33,Guardian Sebek,S/A POW,2,Mystical Elf,26,1.2695
33,Guardian Sebek,S/A POW,14,Battle Steer,24,1.1719
33,Guardian Sebek,S/A POW,19,Right Arm of the Forbidden One,8,0.3906
33,Guardian Sebek,S/A POW,30,Zombie Warrior,24,1.1719
33,Guardian Sebek,S/A POW,32,Two-headed King Rex,24,1.1719
33,Guardian Sebek,S/A POW,36,The Snake Hair,74,3.6133
33,Guardian Sebek,S/A POW,78,Axe Raider,24,1.1719
33,Guardian Sebek,S/A POW,81,Crawling Dragon #2,24,1.1719
33,Guardian Sebek,S/A POW,83,Castle of Dark Illusions,24,1.1719
33,Guardian Sebek,S/A POW,86,Barox,24,1.1719
33,Guardian Sebek,S/A POW,87,Dark Chimera,24,1.1719
33,Guardian Sebek,S/A POW,89,Catapult Turtle,24,1.1719
33,Guardian Sebek,S/A POW,91,Mystic Horseman,24,1.1719
33,Guardian Sebek,S/A POW,93,Zanki,74,3.6133
33,Guardian Sebek,S/A POW,95,Crass Clown,50,2.4414
33,Guardian Sebek,S/A POW,97,Dragon Zombie,74,3.6133
33,Guardian Sebek,S/A POW,99,Pumpking the King of Ghosts,74,3.6133
33,Guardian Sebek,S/A POW,106,Spirit of the Winds,24,1.1719
33,Guardian Sebek,S/A POW,108,Graveyard and the Hand of Invitation,24,1.1719
33,Guardian Sebek,S/A POW,124,Ancient Tool,50,2.4414
33,Guardian Sebek,S/A POW,127,Ansatsu,24,1.1719
33,Guardian Sebek,S/A POW,131,Octoberser,24,1.1719
33,Guardian Sebek,S/A POW,132,The 13th Grave,24,1.1719
33,Guardian Sebek,S/A POW,139,Blue-eyed Silver Zombie,24,1.1719
33,Guardian Sebek,S/A POW,150,Akihiron,24,1.1719
33,Guardian Sebek,S/A POW,170,Spirit of the Harp,24,1.1719
33,Guardian Sebek,S/A POW,204,Mabarrel,24,1.1719
33,Guardian Sebek,S/A POW,213,Aqua Madoor,24,1.1719
33,Guardian Sebek,S/A POW,215,Flame Ghost,24,1.1719
33,Guardian Sebek,S/A POW,228,Wood Remains,24,1.1719
33,Guardian Sebek,S/A POW,283,Holograh,24,1.1719
33,Guardian Sebek,S/A POW,286,Gatekeeper,24,1.1719
33,Guardian Sebek,S/A POW,366,Labyrinth Wall,24,1.1719
33,Guardian Sebek,S/A POW,368,Shadow Ghoul,50,2.4414
33,Guardian Sebek,S/A POW,379,La Jinn the Mystical Genie,24,1.1719
33,Guardian Sebek,S/A POW,388,Pendulum Machine,74,3.6133
33,Guardian Sebek,S/A POW,391,Zoa,52,2.5391
33,Guardian Sebek,S/A POW,392,Metalzoa,4,0.1953
33,Guardian Sebek,S/A POW,405,Saber Slasher,50,2.4414
33,Guardian Sebek,S/A POW,406,Yaiba Robo,24,1.1719
33,Guardian Sebek,S/A POW,407,Machine King,26,1.2695
33,Guardian Sebek,S/A POW,408,Giant Mech-soldier,8,0.3906
33,Guardian Sebek,S/A POW,409,Metal Dragon,8,0.3906
33,Guardian Sebek,S/A POW,412,Giga-tech Wolf,24,1.1719
33,Guardian Sebek,S/A POW,413,Cyber Soldier,50,2.4414
33,Guardian Sebek,S/A POW,414,Shovel Crusher,24,1.1719
33,Guardian Sebek,S/A POW,415,Mechanicalchacer,24,1.1719
33,Guardian Sebek,S/A POW,416,Blocker,24,1.1719
33,Guardian Sebek,S/A POW,417,Blast Juggler,24,1.1719
33,Guardian Sebek,S/A POW,419,Giganto,24,1.1719
33,Guardian Sebek,S/A POW,423,Dice Armadillo,24,1.1719
33,Guardian Sebek,S/A POW,425,Thunder Dragon,24,1.1719
33,Guardian Sebek,S/A POW,438,Metal Fish,24,1.1719
33,Guardian Sebek,S/A POW,441,Mech Bass,24,1.1719
33,Guardian Sebek,S/A POW,460,Bolt Escargot,24,1.1719
33,Guardian Sebek,S/A POW,462,The Immortal of Thunder,24,1.1719
33,Guardian Sebek,S/A POW,468,Queen Bird,24,1.1719
33,Guardian Sebek,S/A POW,491,Peacock,24,1.1719
33,Guardian Sebek,S/A POW,508,Cyber Saurus,50,2.4414
33,Guardian Sebek,S/A POW,509,Bracchio-raidus,10,0.4883
33,Guardian Sebek,S/A POW,512,Cannon Soldier,24,1.1719
33,Guardian Sebek,S/A POW,513,Guardian of the Throne Room,24,1.1719
33,Guardian Sebek,S/A POW,514,Brave Scizzar,24,1.1719
33,Guardian Sebek,S/A POW,557,Steel Ogre Grotto #1,8,0.3906
33,Guardian Sebek,S/A POW,564,Great Mammoth of Goldfine,26,1.2695
33,Guardian Sebek,S/A POW,585,Mechanical Snail,24,1.1719
33,Guardian Sebek,S/A POW,633,Winged Egg of New Life,24,1.1719
33,Guardian Sebek,S/A POW,636,Blue-winged Crown,24,1.1719
33,Guardian Sebek,S/A POW,643,Disk Magician,24,1.1719
33,Guardian Sebek,S/A POW,648,Machine Attacker,50,2.4414
33,Guardian Sebek,B/C/D,2,Mystical Elf,26,1.2695
33,Guardian Sebek,B/C/D,14,Battle Steer,26,1.2695
33,Guardian Sebek,B/C/D,19,Right Arm of the Forbidden One,6,0.293
33,Guardian Sebek,B/C/D,30,Zombie Warrior,26,1.2695
33,Guardian Sebek,B/C/D,32,Two-headed King Rex,26,1.2695
33,Guardian Sebek,B/C/D,36,The Snake Hair,76,3.7109
33,Guardian Sebek,B/C/D,78,Axe Raider,26,1.2695
33,Guardian Sebek,B/C/D,81,Crawling Dragon #2,26,1.2695
33,Guardian Sebek,B/C/D,83,Castle of Dark Illusions,26,1.2695
33,Guardian Sebek,B/C/D,86,Barox,26,1.2695
33,Guardian Sebek,B/C/D,87,Dark Chimera,26,1.2695
33,Guardian Sebek,B/C/D,89,Catapult Turtle,26,1.2695
33,Guardian Sebek,B/C/D,91,Mystic Horseman,26,1.2695
33,Guardian Sebek,B/C/D,93,Zanki,76,3.7109
33,Guardian Sebek,B/C/D,95,Crass Clown,76,3.7109
33,Guardian Sebek,B/C/D,97,Dragon Zombie,76,3.7109
33,Guardian Sebek,B/C/D,99,Pumpking the King of Ghosts,76,3.7109
33,Guardian Sebek,B/C/D,106,Spirit of the Winds,26,1.2695
33,Guardian Sebek,B/C/D,108,Graveyard and the Hand of Invitation,26,1.2695
33,Guardian Sebek,B/C/D,124,Ancient Tool,50,2.4414
33,Guardian Sebek,B/C/D,127,Ansatsu,26,1.2695
33,Guardian Sebek,B/C/D,131,Octoberser,26,1.2695
33,Guardian Sebek,B/C/D,132,The 13th Grave,26,1.2695
33,Guardian Sebek,B/C/D,139,Blue-eyed Silver Zombie,26,1.2695
33,Guardian Sebek,B/C/D,150,Akihiron,26,1.2695
33,Guardian Sebek,B/C/D,170,Spirit of the Harp,26,1.2695
33,Guardian Sebek,B/C/D,204,Mabarrel,26,1.2695
33,Guardian Sebek,B/C/D,213,Aqua Madoor,26,1.2695
33,Guardian Sebek,B/C/D,215,Flame Ghost,26,1.2695
33,Guardian Sebek,B/C/D,228,Wood Remains,26,1.2695
33,Guardian Sebek,B/C/D,283,Holograh,26,1.2695
33,Guardian Sebek,B/C/D,286,Gatekeeper,26,1.2695
33,Guardian Sebek,B/C/D,366,Labyrinth Wall,26,1.2695
33,Guardian Sebek,B/C/D,368,Shadow Ghoul,50,2.4414
33,Guardian Sebek,B/C/D,379,La Jinn the Mystical Genie,26,1.2695
33,Guardian Sebek,B/C/D,388,Pendulum Machine,70,3.418
33,Guardian Sebek,B/C/D,405,Saber Slasher,50,2.4414
33,Guardian Sebek,B/C/D,406,Yaiba Robo,26,1.2695
33,Guardian Sebek,B/C/D,408,Giant Mech-soldier,6,0.293
33,Guardian Sebek,B/C/D,409,Metal Dragon,6,0.293
33,Guardian Sebek,B/C/D,412,Giga-tech Wolf,26,1.2695
33,Guardian Sebek,B/C/D,413,Cyber Soldier,50,2.4414
33,Guardian Sebek,B/C/D,414,Shovel Crusher,26,1.2695
33,Guardian Sebek,B/C/D,415,Mechanicalchacer,26,1.2695
33,Guardian Sebek,B/C/D,416,Blocker,26,1.2695
33,Guardian Sebek,B/C/D,417,Blast Juggler,26,1.2695
33,Guardian Sebek,B/C/D,419,Giganto,26,1.2695
33,Guardian Sebek,B/C/D,423,Dice Armadillo,26,1.2695
33,Guardian Sebek,B/C/D,425,Thunder Dragon,26,1.2695
33,Guardian Sebek,B/C/D,438,Metal Fish,26,1.2695
33,Guardian Sebek,B/C/D,441,Mech Bass,26,1.2695
33,Guardian Sebek,B/C/D,460,Bolt Escargot,26,1.2695
33,Guardian Sebek,B/C/D,462,The Immortal of Thunder,26,1.2695
33,Guardian Sebek,B/C/D,468,Queen Bird,26,1.2695
33,Guardian Sebek,B/C/D,491,Peacock,26,1.2695
33,Guardian Sebek,B/C/D,508,Cyber Saurus,50,2.4414
33,Guardian Sebek,B/C/D,512,Cannon Soldier,26,1.2695
33,Guardian Sebek,B/C/D,513,Guardian of the Throne Room,26,1.2695
33,Guardian Sebek,B/C/D,514,Brave Scizzar,26,1.2695
33,Guardian Sebek,B/C/D,557,Steel Ogre Grotto #1,6,0.293
33,Guardian Sebek,B/C/D,585,Mechanical Snail,26,1.2695
33,Guardian Sebek,B/C/D,633,Winged Egg of New Life,26,1.2695
33,Guardian Sebek,B/C/D,636,Blue-winged Crown,26,1.2695
33,Guardian Sebek,B/C/D,643,Disk Magician,26,1.2695
33,Guardian Sebek,B/C/D,648,Machine Attacker,50,2.4414
33,Guardian Sebek,S/A TEC,2,Mystical Elf,24,1.1719
33,Guardian Sebek,S/A TEC,14,Battle Steer,24,1.1719
33,Guardian Sebek,S/A TEC,19,Right Arm of the Forbidden One,4,0.1953
33,Guardian Sebek,S/A TEC,30,Zombie Warrior,24,1.1719
33,Guardian Sebek,S/A TEC,32,Two-headed King Rex,24,1.1719
33,Guardian Sebek,S/A TEC,36,The Snake Hair,70,3.418
33,Guardian Sebek,S/A TEC,78,Axe Raider,24,1.1719
33,Guardian Sebek,S/A TEC,81,Crawling Dragon #2,24,1.1719
33,Guardian Sebek,S/A TEC,83,Castle of Dark Illusions,24,1.1719
33,Guardian Sebek,S/A TEC,86,Barox,24,1.1719
33,Guardian Sebek,S/A TEC,87,Dark Chimera,24,1.1719
33,Guardian Sebek,S/A TEC,89,Catapult Turtle,24,1.1719
33,Guardian Sebek,S/A TEC,91,Mystic Horseman,24,1.1719
33,Guardian Sebek,S/A TEC,93,Zanki,70,3.418
33,Guardian Sebek,S/A TEC,95,Crass Clown,46,2.2461
33,Guardian Sebek,S/A TEC,97,Dragon Zombie,70,3.418
33,Guardian Sebek,S/A TEC,106,Spirit of the Winds,24,1.1719
33,Guardian Sebek,S/A TEC,108,Graveyard and the Hand of Invitation,24,1.1719
33,Guardian Sebek,S/A TEC,124,Ancient Tool,46,2.2461
33,Guardian Sebek,S/A TEC,127,Ansatsu,24,1.1719
33,Guardian Sebek,S/A TEC,131,Octoberser,24,1.1719
33,Guardian Sebek,S/A TEC,132,The 13th Grave,24,1.1719
33,Guardian Sebek,S/A TEC,139,Blue-eyed Silver Zombie,24,1.1719
33,Guardian Sebek,S/A TEC,150,Akihiron,24,1.1719
33,Guardian Sebek,S/A TEC,170,Spirit of the Harp,24,1.1719
33,Guardian Sebek,S/A TEC,204,Mabarrel,24,1.1719
33,Guardian Sebek,S/A TEC,213,Aqua Madoor,24,1.1719
33,Guardian Sebek,S/A TEC,215,Flame Ghost,24,1.1719
33,Guardian Sebek,S/A TEC,228,Wood Remains,24,1.1719
33,Guardian Sebek,S/A TEC,283,Holograh,24,1.1719
33,Guardian Sebek,S/A TEC,286,Gatekeeper,24,1.1719
33,Guardian Sebek,S/A TEC,319,Mystical Moon,40,1.9531
33,Guardian Sebek,S/A TEC,320,Stop Defense,40,1.9531
33,Guardian Sebek,S/A TEC,322,Violet Crystal,20,0.9766
33,Guardian Sebek,S/A TEC,325,Machine Conversion Factory,20,0.9766
33,Guardian Sebek,S/A TEC,331,Wasteland,40,1.9531
33,Guardian Sebek,S/A TEC,335,Yami,40,1.9531
33,Guardian Sebek,S/A TEC,347,Tremendous Fire,40,1.9531
33,Guardian Sebek,S/A TEC,366,Labyrinth Wall,24,1.1719
33,Guardian Sebek,S/A TEC,368,Shadow Ghoul,46,2.2461
33,Guardian Sebek,S/A TEC,379,La Jinn the Mystical Genie,24,1.1719
33,Guardian Sebek,S/A TEC,405,Saber Slasher,46,2.2461
33,Guardian Sebek,S/A TEC,406,Yaiba Robo,24,1.1719
33,Guardian Sebek,S/A TEC,412,Giga-tech Wolf,24,1.1719
33,Guardian Sebek,S/A TEC,413,Cyber Soldier,46,2.2461
33,Guardian Sebek,S/A TEC,414,Shovel Crusher,24,1.1719
33,Guardian Sebek,S/A TEC,415,Mechanicalchacer,24,1.1719
33,Guardian Sebek,S/A TEC,416,Blocker,24,1.1719
33,Guardian Sebek,S/A TEC,417,Blast Juggler,24,1.1719
33,Guardian Sebek,S/A TEC,423,Dice Armadillo,24,1.1719
33,Guardian Sebek,S/A TEC,425,Thunder Dragon,24,1.1719
33,Guardian Sebek,S/A TEC,441,Mech Bass,24,1.1719
33,Guardian Sebek,S/A TEC,460,Bolt Escargot,24,1.1719
33,Guardian Sebek,S/A TEC,462,The Immortal of Thunder,24,1.1719
33,Guardian Sebek,S/A TEC,468,Queen Bird,24,1.1719
33,Guardian Sebek,S/A TEC,491,Peacock,24,1.1719
33,Guardian Sebek,S/A TEC,508,Cyber Saurus,46,2.2461
33,Guardian Sebek,S/A TEC,512,Cannon Soldier,24,1.1719
33,Guardian Sebek,S/A TEC,513,Guardian of the Throne Room,24,1.1719
33,Guardian Sebek,S/A TEC,514,Brave Scizzar,24,1.1719
33,Guardian Sebek,S/A TEC,557,Steel Ogre Grotto #1,4,0.1953
33,Guardian Sebek,S/A TEC,585,Mechanical Snail,24,1.1719
33,Guardian Sebek,S/A TEC,633,Winged Egg of New Life,24,1.1719
33,Guardian Sebek,S/A TEC,636,Blue-winged Crown,24,1.1719
33,Guardian Sebek,S/A TEC,643,Disk Magician,24,1.1719
33,Guardian Sebek,S/A TEC,648,Machine Attacker,46,2.2461
33,Guardian Sebek,S/A TEC,658,Metalmorph,40,1.9531
33,Guardian Sebek,S/A TEC,660,Stain Storm,40,1.9531
33,Guardian Sebek,S/A TEC,684,Invisible Wire,20,0.9766
33,Guardian Sebek,S/A TEC,685,Acid Trap Hole,20,0.9766
33,Guardian Sebek,S/A TEC,688,Bad Reaction to Simochi,20,0.9766
33,Guardian Sebek,deck,2,Mystical Elf,4,0.1953
33,Guardian Sebek,deck,6,Feral Imp,4,0.1953
33,Guardian Sebek,deck,7,Winged Dragon #1,4,0.1953
33,Guardian Sebek,deck,13,Tyhone,4,0.1953
33,Guardian Sebek,deck,26,Battle Ox,4,0.1953
33,Guardian Sebek,deck,27,Beaver Warrior,4,0.1953
33,Guardian Sebek,deck,31,Koumori Dragon,4,0.1953
33,Guardian Sebek,deck,32,Two-headed King Rex,4,0.1953
33,Guardian Sebek,deck,36,The Snake Hair,4,0.1953
33,Guardian Sebek,deck,41,Celtic Guardian,4,0.1953
33,Guardian Sebek,deck,43,Karbonala Warrior,4,0.1953
33,Guardian Sebek,deck,44,Rogue Doll,4,0.1953
33,Guardian Sebek,deck,46,Griffore,4,0.1953
33,Guardian Sebek,deck,49,Big Insect,4,0.1953
33,Guardian Sebek,deck,51,Armored Lizard,4,0.1953
33,Guardian Sebek,deck,54,Gokibore,4,0.1953
33,Guardian Sebek,deck,55,Giant Flea,4,0.1953
33,Guardian Sebek,deck,62,Harpie Lady,4,0.1953
33,Guardian Sebek,deck,66,Kojikocy,4,0.1953
33,Guardian Sebek,deck,70,Fiend Kraken,4,0.1953
33,Guardian Sebek,deck,71,Jellyfish,4,0.1953
33,Guardian Sebek,deck,78,Axe Raider,4,0.1953
33,Guardian Sebek,deck,81,Crawling Dragon #2,4,0.1953
33,Guardian Sebek,deck,83,Castle of Dark Illusions,4,0.1953
33,Guardian Sebek,deck,86,Barox,4,0.1953
33,Guardian Sebek,deck,89,Catapult Turtle,28,1.3672
33,Guardian Sebek,deck,91,Mystic Horseman,4,0.1953
33,Guardian Sebek,deck,93,Zanki,28,1.3672
33,Guardian Sebek,deck,94,Crawling Dragon,28,1.3672
33,Guardian Sebek,deck,95,Crass Clown,4,0.1953
33,Guardian Sebek,deck,99,Pumpking the King of Ghosts,28,1.3672
33,Guardian Sebek,deck,111,Doma The Angel of Silence,28,1.3672
33,Guardian Sebek,deck,117,Spirit of the Books,4,0.1953
33,Guardian Sebek,deck,124,Ancient Tool,28,1.3672
33,Guardian Sebek,deck,125,Faith Bird,4,0.1953
33,Guardian Sebek,deck,127,Ansatsu,4,0.1953
33,Guardian Sebek,deck,128,LaMoon,4,0.1953
33,Guardian Sebek,deck,131,Octoberser,28,1.3672
33,Guardian Sebek,deck,136,Witty Phantom,4,0.1953
33,Guardian Sebek,deck,149,Lord of the Lamp,4,0.1953
33,Guardian Sebek,deck,163,Lisark,4,0.1953
33,Guardian Sebek,deck,168,Darkfire Dragon,4,0.1953
33,Guardian Sebek,deck,170,Spirit of the Harp,4,0.1953
33,Guardian Sebek,deck,216,Dryad,4,0.1953
33,Guardian Sebek,deck,230,Rare Fish,4,0.1953
33,Guardian Sebek,deck,249,Water Omotics,4,0.1953
33,Guardian Sebek,deck,275,Ground Attacker Bugroth,4,0.1953
33,Guardian Sebek,deck,286,Gatekeeper,28,1.3672
33,Guardian Sebek,deck,287,Ogre of the Black Shadow,4,0.1953
33,Guardian Sebek,deck,297,Cyber Soldier of Darkworld,4,0.1953
33,Guardian Sebek,deck,325,Machine Conversion Factory,80,3.9062
33,Guardian Sebek,deck,351,Yaranzo,4,0.1953
33,Guardian Sebek,deck,352,Kanan the Swordmistress,4,0.1953
33,Guardian Sebek,deck,353,Takriminos,4,0.1953
33,Guardian Sebek,deck,355,Megasonic Eye,28,1.3672
33,Guardian Sebek,deck,356,Super War-lion,80,3.9062
33,Guardian Sebek,deck,362,Millennium Shield,28,1.3672
33,Guardian Sebek,deck,366,Labyrinth Wall,28,1.3672
33,Guardian Sebek,deck,368,Shadow Ghoul,4,0.1953
33,Guardian Sebek,deck,370,Labyrinth Tank,64,3.125
33,Guardian Sebek,deck,377,Ryu-kishin Powered,4,0.1953
33,Guardian Sebek,deck,379,La Jinn the Mystical Genie,4,0.1953
33,Guardian Sebek,deck,384,Dark Rabbit,4,0.1953
33,Guardian Sebek,deck,388,Pendulum Machine,28,1.3672
33,Guardian Sebek,deck,390,Launcher Spider,64,3.125
33,Guardian Sebek,deck,391,Zoa,64,3.125
33,Guardian Sebek,deck,392,Metalzoa,80,3.9062
33,Guardian Sebek,deck,404,Tatsunootoshigo,4,0.1953
33,Guardian Sebek,deck,405,Saber Slasher,4,0.1953
33,Guardian Sebek,deck,407,Machine King,64,3.125
33,Guardian Sebek,deck,408,Giant Mech-soldier,28,1.3672
33,Guardian Sebek,deck,409,Metal Dragon,28,1.3672
33,Guardian Sebek,deck,412,Giga-tech Wolf,4,0.1953
33,Guardian Sebek,deck,413,Cyber Soldier,28,1.3672
33,Guardian Sebek,deck,415,Mechanicalchacer,4,0.1953
33,Guardian Sebek,deck,416,Blocker,4,0.1953
33,Guardian Sebek,deck,418,Golgoil,4,0.1953
33,Guardian Sebek,deck,419,Giganto,28,1.3672
33,Guardian Sebek,deck,423,Dice Armadillo,28,1.3672
33,Guardian Sebek,deck,433,Ancient Elf,4,0.1953
33,Guardian Sebek,deck,438,Metal Fish,28,1.3672
33,Guardian Sebek,deck,440,7 Colored Fish,4,0.1953
33,Guardian Sebek,deck,441,Mech Bass,28,1.3672
33,Guardian Sebek,deck,447,Giant Red Seasnake,4,0.1953
33,Guardian Sebek,deck,448,Spike Seadra,4,0.1953
33,Guardian Sebek,deck,460,Bolt Escargot,4,0.1953
33,Guardian Sebek,deck,462,The Immortal of Thunder,4,0.1953
33,Guardian Sebek,deck,466,Skull Red Bird,4,0.1953
33,Guardian Sebek,deck,470,Magical Ghost,4,0.1953
33,Guardian Sebek,deck,493,Maha Vailo,4,0.1953
33,Guardian Sebek,deck,497,Yado Karu,4,0.1953
33,Guardian Sebek,deck,498,Morinphen,4,0.1953
33,Guardian Sebek,deck,507,Crazy Fish,4,0.1953
33,Guardian Sebek,deck,508,Cyber Saurus,28,1.3672
33,Guardian Sebek,deck,511,Bean Soldier,4,0.1953
33,Guardian Sebek,deck,512,Cannon Soldier,4,0.1953
33,Guardian Sebek,deck,513,Guardian of the Throne Room,28,1.3672
33,Guardian Sebek,deck,517,Sand Stone,4,0.1953
33,Guardian Sebek,deck,523,The Bistro Butcher,4,0.1953
33,Guardian Sebek,deck,532,Gemini Elf,4,0.1953
33,Guardian Sebek,deck,542,Misairuzame,28,1.3672
33,Guardian Sebek,deck,545,Skelgon,28,1.3672
33,Guardian Sebek,deck,551,Dark Elf,4,0.1953
33,Guardian Sebek,deck,557,Steel Ogre Grotto #1,28,1.3672
33,Guardian Sebek,deck,564,Great Mammoth of Goldfine,64,3.125
33,Guardian Sebek,deck,587,Mon Larvas,4,0.1953
33,Guardian Sebek,deck,595,Fiend Refrection #1,4,0.1953
33,Guardian Sebek,deck,596,Ghoul with an Appetite,4,0.1953
33,Guardian Sebek,deck,597,Pale Beast,4,0.1953
33,Guardian Sebek,deck,614,Hunter Spider,28,1.3672
33,Guardian Sebek,deck,621,Succubus Knight,4,0.1953
33,Guardian Sebek,deck,624,High Tide Gyojin,4,0.1953
33,Guardian Sebek,deck,625,Fairy of the Fountain,4,0.1953
33,Guardian Sebek,deck,626,Amazon of the Seas,4,0.1953
33,Guardian Sebek,deck,631,Maiden of the Moonlight,4,0.1953
33,Guardian Sebek,deck,636,Blue-winged Crown,4,0.1953
33,Guardian Sebek,deck,645,Royal Guard,64,3.125
33,Guardian Sebek,deck,648,Machine Attacker,4,0.1953
33,Guardian Sebek,deck,658,Metalmorph,64,3.125
33,Guardian Sebek,deck,669,Shadow Spell,160,7.8125
33,Guardian Sebek,deck,685,Acid Trap Hole,64,3.125
33,Guardian Sebek,deck,687,Goblin Fan,64,3.125
33,Guardian Sebek,deck,690,Fake Trap,36,1.7578
34,Guardian Neku,S/A POW,6,Feral Imp,44,2.1484
34,Guardian Neku,S/A POW,13,Tyhone,22,1.0742
34,Guardian Neku,S/A POW,20,Left Arm of the Forbidden One,8,0.3906
34,Guardian Neku,S/A POW,25,Horn Imp,21,1.0254
34,Guardian Neku,S/A POW,26,Battle Ox,21,1.0254
34,Guardian Neku,S/A POW,27,Beaver Warrior,21,1.0254
34,Guardian Neku,S/A POW,31,Koumori Dragon,21,1.0254
34,Guardian Neku,S/A POW,32,Two-headed King Rex,21,1.0254
34,Guardian Neku,S/A POW,36,The Snake Hair,21,1.0254
34,Guardian Neku,S/A POW,41,Celtic Guardian,21,1.0254
34,Guardian Neku,S/A POW,43,Karbonala Warrior,21,1.0254
34,Guardian Neku,S/A POW,44,Rogue Doll,21,1.0254
34,Guardian Neku,S/A POW,46,Griffore,21,1.0254
34,Guardian Neku,S/A POW,48,Sangan,21,1.0254
34,Guardian Neku,S/A POW,49,Big Insect,21,1.0254
34,Guardian Neku,S/A POW,54,Gokibore,21,1.0254
34,Guardian Neku,S/A POW,55,Giant Flea,21,1.0254
34,Guardian Neku,S/A POW,70,Fiend Kraken,21,1.0254
34,Guardian Neku,S/A POW,71,Jellyfish,21,1.0254
34,Guardian Neku,S/A POW,77,Grappler,21,1.0254
34,Guardian Neku,S/A POW,81,Crawling Dragon #2,21,1.0254
34,Guardian Neku,S/A POW,83,Castle of Dark Illusions,67,3.2715
34,Guardian Neku,S/A POW,84,Reaper of the Cards,67,3.2715
34,Guardian Neku,S/A POW,85,King of Yamimakai,67,3.2715
34,Guardian Neku,S/A POW,86,Barox,67,3.2715
34,Guardian Neku,S/A POW,87,Dark Chimera,67,3.2715
34,Guardian Neku,S/A POW,88,Metal Guardian,67,3.2715
34,Guardian Neku,S/A POW,95,Crass Clown,43,2.0996
34,Guardian Neku,S/A POW,103,Job-change Mirror,21,1.0254
34,Guardian Neku,S/A POW,115,Kamion Wizard,21,1.0254
34,Guardian Neku,S/A POW,119,Trial of Nightmares,21,1.0254
34,Guardian Neku,S/A POW,121,Sleeping Lion,21,1.0254
34,Guardian Neku,S/A POW,125,Faith Bird,21,1.0254
34,Guardian Neku,S/A POW,136,Witty Phantom,42,2.0508
34,Guardian Neku,S/A POW,149,Lord of the Lamp,42,2.0508
34,Guardian Neku,S/A POW,162,Tainted Wisdom,20,0.9766
34,Guardian Neku,S/A POW,164,Lord of Zemia,20,0.9766
34,Guardian Neku,S/A POW,166,Mysterious Puppeteer,20,0.9766
34,Guardian Neku,S/A POW,168,Darkfire Dragon,20,0.9766
34,Guardian Neku,S/A POW,169,Dark King of the Abyss,20,0.9766
34,Guardian Neku,S/A POW,170,Spirit of the Harp,20,0.9766
34,Guardian Neku,S/A POW,171,Big Eye,20,0.9766
34,Guardian Neku,S/A POW,173,Dark Prisoner,20,0.9766
34,Guardian Neku,S/A POW,175,Ancient Brain,20,0.9766
34,Guardian Neku,S/A POW,178,Claw Reacher,20,0.9766
34,Guardian Neku,S/A POW,181,Dark Shade,20,0.9766
34,Guardian Neku,S/A POW,186,Fiend Refrection #2,20,0.9766
34,Guardian Neku,S/A POW,193,Turtle Tiger,20,0.9766
34,Guardian Neku,S/A POW,194,Terra the Terrible,42,2.0508
34,Guardian Neku,S/A POW,204,Mabarrel,20,0.9766
34,Guardian Neku,S/A POW,230,Rare Fish,20,0.9766
34,Guardian Neku,S/A POW,233,Dark Titan of Terror,42,2.0508
34,Guardian Neku,S/A POW,255,Prevent Rat,20,0.9766
34,Guardian Neku,S/A POW,269,Versago the Destroyer,20,0.9766
34,Guardian Neku,S/A POW,277,Gorgon Egg,20,0.9766
34,Guardian Neku,S/A POW,279,King Fog,20,0.9766
34,Guardian Neku,S/A POW,295,Bio Plant,20,0.9766
34,Guardian Neku,S/A POW,379,La Jinn the Mystical Genie,42,2.0508
34,Guardian Neku,S/A POW,390,Launcher Spider,4,0.1953
34,Guardian Neku,S/A POW,391,Zoa,36,1.7578
34,Guardian Neku,S/A POW,401,Ushi Oni,36,1.7578
34,Guardian Neku,S/A POW,412,Giga-tech Wolf,20,0.9766
34,Guardian Neku,S/A POW,415,Mechanicalchacer,20,0.9766
34,Guardian Neku,S/A POW,416,Blocker,20,0.9766
34,Guardian Neku,S/A POW,459,Tripwire Beast,20,0.9766
34,Guardian Neku,S/A POW,462,The Immortal of Thunder,20,0.9766
34,Guardian Neku,S/A POW,466,Skull Red Bird,20,0.9766
34,Guardian Neku,S/A POW,471,Soul Hunter,36,1.7578
34,Guardian Neku,S/A POW,472,Air Eater,24,1.1719
34,Guardian Neku,S/A POW,500,Dragon Seeker,36,1.7578
34,Guardian Neku,S/A POW,511,Bean Soldier,20,0.9766
34,Guardian Neku,S/A POW,512,Cannon Soldier,20,0.9766
34,Guardian Neku,S/A POW,526,Neck Hunter,24,1.1719
34,Guardian Neku,S/A POW,597,Pale Beast,20,0.9766
34,Guardian Neku,S/A POW,608,Shining Friendship,20,0.9766
34,Guardian Neku,S/A POW,636,Blue-winged Crown,20,0.9766
34,Guardian Neku,S/A POW,650,Whiptail Crow,20,0.9766
34,Guardian Neku,B/C/D,6,Feral Imp,46,2.2461
34,Guardian Neku,B/C/D,13,Tyhone,26,1.2695
34,Guardian Neku,B/C/D,20,Left Arm of the Forbidden One,6,0.293
34,Guardian Neku,B/C/D,25,Horn Imp,26,1.2695
34,Guardian Neku,B/C/D,26,Battle Ox,26,1.2695
34,Guardian Neku,B/C/D,27,Beaver Warrior,26,1.2695
34,Guardian Neku,B/C/D,31,Koumori Dragon,26,1.2695
34,Guardian Neku,B/C/D,32,Two-headed King Rex,26,1.2695
34,Guardian Neku,B/C/D,36,The Snake Hair,26,1.2695
34,Guardian Neku,B/C/D,41,Celtic Guardian,26,1.2695
34,Guardian Neku,B/C/D,43,Karbonala Warrior,26,1.2695
34,Guardian Neku,B/C/D,44,Rogue Doll,26,1.2695
34,Guardian Neku,B/C/D,46,Griffore,26,1.2695
34,Guardian Neku,B/C/D,48,Sangan,26,1.2695
34,Guardian Neku,B/C/D,49,Big Insect,26,1.2695
34,Guardian Neku,B/C/D,54,Gokibore,26,1.2695
34,Guardian Neku,B/C/D,55,Giant Flea,26,1.2695
34,Guardian Neku,B/C/D,70,Fiend Kraken,26,1.2695
34,Guardian Neku,B/C/D,71,Jellyfish,26,1.2695
34,Guardian Neku,B/C/D,77,Grappler,26,1.2695
34,Guardian Neku,B/C/D,81,Crawling Dragon #2,26,1.2695
34,Guardian Neku,B/C/D,83,Castle of Dark Illusions,67,3.2715
34,Guardian Neku,B/C/D,84,Reaper of the Cards,67,3.2715
34,Guardian Neku,B/C/D,85,King of Yamimakai,67,3.2715
34,Guardian Neku,B/C/D,86,Barox,67,3.2715
34,Guardian Neku,B/C/D,87,Dark Chimera,67,3.2715
34,Guardian Neku,B/C/D,88,Metal Guardian,67,3.2715
34,Guardian Neku,B/C/D,95,Crass Clown,46,2.2461
34,Guardian Neku,B/C/D,103,Job-change Mirror,26,1.2695
34,Guardian Neku,B/C/D,115,Kamion Wizard,26,1.2695
34,Guardian Neku,B/C/D,119,Trial of Nightmares,26,1.2695
34,Guardian Neku,B/C/D,121,Sleeping Lion,26,1.2695
34,Guardian Neku,B/C/D,125,Faith Bird,26,1.2695
34,Guardian Neku,B/C/D,136,Witty Phantom,42,2.0508
34,Guardian Neku,B/C/D,149,Lord of the Lamp,42,2.0508
34,Guardian Neku,B/C/D,162,Tainted Wisdom,21,1.0254
34,Guardian Neku,B/C/D,164,Lord of Zemia,21,1.0254
34,Guardian Neku,B/C/D,166,Mysterious Puppeteer,21,1.0254
34,Guardian Neku,B/C/D,168,Darkfire Dragon,21,1.0254
34,Guardian Neku,B/C/D,169,Dark King of the Abyss,21,1.0254
34,Guardian Neku,B/C/D,170,Spirit of the Harp,21,1.0254
34,Guardian Neku,B/C/D,171,Big Eye,21,1.0254
34,Guardian Neku,B/C/D,173,Dark Prisoner,21,1.0254
34,Guardian Neku,B/C/D,175,Ancient Brain,21,1.0254
34,Guardian Neku,B/C/D,178,Claw Reacher,21,1.0254
34,Guardian Neku,B/C/D,181,Dark Shade,21,1.0254
34,Guardian Neku,B/C/D,186,Fiend Refrection #2,21,1.0254
34,Guardian Neku,B/C/D,193,Turtle Tiger,21,1.0254
34,Guardian Neku,B/C/D,194,Terra the Terrible,42,2.0508
34,Guardian Neku,B/C/D,204,Mabarrel,21,1.0254
34,Guardian Neku,B/C/D,230,Rare Fish,21,1.0254
34,Guardian Neku,B/C/D,233,Dark Titan of Terror,42,2.0508
34,Guardian Neku,B/C/D,255,Prevent Rat,21,1.0254
34,Guardian Neku,B/C/D,269,Versago the Destroyer,21,1.0254
34,Guardian Neku,B/C/D,277,Gorgon Egg,21,1.0254
34,Guardian Neku,B/C/D,279,King Fog,21,1.0254
34,Guardian Neku,B/C/D,295,Bio Plant,21,1.0254
34,Guardian Neku,B/C/D,379,La Jinn the Mystical Genie,42,2.0508
34,Guardian Neku,B/C/D,412,Giga-tech Wolf,21,1.0254
34,Guardian Neku,B/C/D,415,Mechanicalchacer,21,1.0254
34,Guardian Neku,B/C/D,416,Blocker,21,1.0254
34,Guardian Neku,B/C/D,459,Tripwire Beast,21,1.0254
34,Guardian Neku,B/C/D,462,The Immortal of Thunder,21,1.0254
34,Guardian Neku,B/C/D,466,Skull Red Bird,21,1.0254
34,Guardian Neku,B/C/D,472,Air Eater,21,1.0254
34,Guardian Neku,B/C/D,511,Bean Soldier,21,1.0254
34,Guardian Neku,B/C/D,512,Cannon Soldier,21,1.0254
34,Guardian Neku,B/C/D,526,Neck Hunter,21,1.0254
34,Guardian Neku,B/C/D,597,Pale Beast,21,1.0254
34,Guardian Neku,B/C/D,608,Shining Friendship,21,1.0254
34,Guardian Neku,B/C/D,636,Blue-winged Crown,21,1.0254
34,Guardian Neku,B/C/D,650,Whiptail Crow,21,1.0254
34,Guardian Neku,S/A TEC,6,Feral Imp,42,2.0508
34,Guardian Neku,S/A TEC,13,Tyhone,21,1.0254
34,Guardian Neku,S/A TEC,20,Left Arm of the Forbidden One,4,0.1953
34,Guardian Neku,S/A TEC,25,Horn Imp,21,1.0254
34,Guardian Neku,S/A TEC,26,Battle Ox,21,1.0254
34,Guardian Neku,S/A TEC,27,Beaver Warrior,21,1.0254
34,Guardian Neku,S/A TEC,31,Koumori Dragon,21,1.0254
34,Guardian Neku,S/A TEC,32,Two-headed King Rex,21,1.0254
34,Guardian Neku,S/A TEC,36,The Snake Hair,21,1.0254
34,Guardian Neku,S/A TEC,41,Celtic Guardian,21,1.0254
34,Guardian Neku,S/A TEC,43,Karbonala Warrior,21,1.0254
34,Guardian Neku,S/A TEC,44,Rogue Doll,21,1.0254
34,Guardian Neku,S/A TEC,46,Griffore,21,1.0254
34,Guardian Neku,S/A TEC,48,Sangan,21,1.0254
34,Guardian Neku,S/A TEC,49,Big Insect,21,1.0254
34,Guardian Neku,S/A TEC,54,Gokibore,21,1.0254
34,Guardian Neku,S/A TEC,55,Giant Flea,21,1.0254
34,Guardian Neku,S/A TEC,70,Fiend Kraken,21,1.0254
34,Guardian Neku,S/A TEC,71,Jellyfish,21,1.0254
34,Guardian Neku,S/A TEC,77,Grappler,21,1.0254
34,Guardian Neku,S/A TEC,81,Crawling Dragon #2,21,1.0254
34,Guardian Neku,S/A TEC,83,Castle of Dark Illusions,67,3.2715
34,Guardian Neku,S/A TEC,84,Reaper of the Cards,67,3.2715
34,Guardian Neku,S/A TEC,86,Barox,67,3.2715
34,Guardian Neku,S/A TEC,87,Dark Chimera,67,3.2715
34,Guardian Neku,S/A TEC,88,Metal Guardian,67,3.2715
34,Guardian Neku,S/A TEC,95,Crass Clown,43,2.0996
34,Guardian Neku,S/A TEC,103,Job-change Mirror,21,1.0254
34,Guardian Neku,S/A TEC,115,Kamion Wizard,21,1.0254
34,Guardian Neku,S/A TEC,119,Trial of Nightmares,21,1.0254
34,Guardian Neku,S/A TEC,121,Sleeping Lion,21,1.0254
34,Guardian Neku,S/A TEC,125,Faith Bird,21,1.0254
34,Guardian Neku,S/A TEC,136,Witty Phantom,42,2.0508
34,Guardian Neku,S/A TEC,149,Lord of the Lamp,42,2.0508
34,Guardian Neku,S/A TEC,162,Tainted Wisdom,20,0.9766
34,Guardian Neku,S/A TEC,164,Lord of Zemia,20,0.9766
34,Guardian Neku,S/A TEC,166,Mysterious Puppeteer,20,0.9766
34,Guardian Neku,S/A TEC,168,Darkfire Dragon,20,0.9766
34,Guardian Neku,S/A TEC,169,Dark King of the Abyss,20,0.9766
34,Guardian Neku,S/A TEC,170,Spirit of the Harp,20,0.9766
34,Guardian Neku,S/A TEC,171,Big Eye,20,0.9766
34,Guardian Neku,S/A TEC,173,Dark Prisoner,20,0.9766
34,Guardian Neku,S/A TEC,175,Ancient Brain,20,0.9766
34,Guardian Neku,S/A TEC,178,Claw Reacher,20,0.9766
34,Guardian Neku,S/A TEC,181,Dark Shade,20,0.9766
34,Guardian Neku,S/A TEC,186,Fiend Refrection #2,20,0.9766
34,Guardian Neku,S/A TEC,193,Turtle Tiger,20,0.9766
34,Guardian Neku,S/A TEC,194,Terra the Terrible,42,2.0508
34,Guardian Neku,S/A TEC,204,Mabarrel,20,0.9766
34,Guardian Neku,S/A TEC,230,Rare Fish,20,0.9766
34,Guardian Neku,S/A TEC,233,Dark Titan of Terror,42,2.0508
34,Guardian Neku,S/A TEC,255,Prevent Rat,20,0.9766
34,Guardian Neku,S/A TEC,269,Versago the Destroyer,20,0.9766
34,Guardian Neku,S/A TEC,277,Gorgon Egg,20,0.9766
34,Guardian Neku,S/A TEC,279,King Fog,20,0.9766
34,Guardian Neku,S/A TEC,295,Bio Plant,20,0.9766
34,Guardian Neku,S/A TEC,303,Dark Energy,20,0.9766
34,Guardian Neku,S/A TEC,304,Axe of Despair,20,0.9766
34,Guardian Neku,S/A TEC,321,Malevolent Nuzzler,20,0.9766
34,Guardian Neku,S/A TEC,325,Machine Conversion Factory,20,0.9766
34,Guardian Neku,S/A TEC,335,Yami,36,1.7578
34,Guardian Neku,S/A TEC,379,La Jinn the Mystical Genie,42,2.0508
34,Guardian Neku,S/A TEC,412,Giga-tech Wolf,20,0.9766
34,Guardian Neku,S/A TEC,415,Mechanicalchacer,20,0.9766
34,Guardian Neku,S/A TEC,416,Blocker,20,0.9766
34,Guardian Neku,S/A TEC,459,Tripwire Beast,20,0.9766
34,Guardian Neku,S/A TEC,462,The Immortal of Thunder,20,0.9766
34,Guardian Neku,S/A TEC,466,Skull Red Bird,20,0.9766
34,Guardian Neku,S/A TEC,511,Bean Soldier,20,0.9766
34,Guardian Neku,S/A TEC,512,Cannon Soldier,20,0.9766
34,Guardian Neku,S/A TEC,597,Pale Beast,20,0.9766
34,Guardian Neku,S/A TEC,608,Shining Friendship,20,0.9766
34,Guardian Neku,S/A TEC,636,Blue-winged Crown,20,0.9766
34,Guardian Neku,S/A TEC,650,Whiptail Crow,20,0.9766
34,Guardian Neku,S/A TEC,655,Cursebreaker,18,0.8789
34,Guardian Neku,S/A TEC,683,Bear Trap,20,0.9766
34,Guardian Neku,S/A TEC,684,Invisible Wire,20,0.9766
34,Guardian Neku,S/A TEC,685,Acid Trap Hole,20,0.9766
34,Guardian Neku,S/A TEC,686,Widespread Ruin,20,0.9766
34,Guardian Neku,S/A TEC,688,Bad Reaction to Simochi,36,1.7578
34,Guardian Neku,S/A TEC,690,Fake Trap,20,0.9766
34,Guardian Neku,deck,2,Mystical Elf,8,0.3906
34,Guardian Neku,deck,6,Feral Imp,8,0.3906
34,Guardian Neku,deck,7,Winged Dragon #1,8,0.3906
34,Guardian Neku,deck,13,Tyhone,8,0.3906
34,Guardian Neku,deck,22,Summoned Skull,32,1.5625
34,Guardian Neku,deck,35,Dark Magician,48,2.3438
34,Guardian Neku,deck,41,Celtic Guardian,8,0.3906
34,Guardian Neku,deck,42,Illusionist Faceless Mage,32,1.5625
34,Guardian Neku,deck,44,Rogue Doll,16,0.7812
34,Guardian Neku,deck,54,Gokibore,8,0.3906
34,Guardian Neku,deck,70,Fiend Kraken,8,0.3906
34,Guardian Neku,deck,77,Grappler,8,0.3906
34,Guardian Neku,deck,83,Castle of Dark Illusions,8,0.3906
34,Guardian Neku,deck,84,Reaper of the Cards,32,1.5625
34,Guardian Neku,deck,85,King of Yamimakai,32,1.5625
34,Guardian Neku,deck,86,Barox,8,0.3906
34,Guardian Neku,deck,87,Dark Chimera,32,1.5625
34,Guardian Neku,deck,88,Metal Guardian,32,1.5625
34,Guardian Neku,deck,95,Crass Clown,8,0.3906
34,Guardian Neku,deck,106,Spirit of the Winds,32,1.5625
34,Guardian Neku,deck,117,Spirit of the Books,8,0.3906
34,Guardian Neku,deck,125,Faith Bird,8,0.3906
34,Guardian Neku,deck,128,LaMoon,8,0.3906
34,Guardian Neku,deck,136,Witty Phantom,8,0.3906
34,Guardian Neku,deck,149,Lord of the Lamp,8,0.3906
34,Guardian Neku,deck,151,Rhaimundos of the Red Sword,8,0.3906
34,Guardian Neku,deck,163,Lisark,8,0.3906
34,Guardian Neku,deck,166,Mysterious Puppeteer,8,0.3906
34,Guardian Neku,deck,178,Claw Reacher,32,1.5625
34,Guardian Neku,deck,186,Fiend Refrection #2,8,0.3906
34,Guardian Neku,deck,193,Turtle Tiger,8,0.3906
34,Guardian Neku,deck,194,Terra the Terrible,8,0.3906
34,Guardian Neku,deck,204,Mabarrel,32,1.5625
34,Guardian Neku,deck,213,Aqua Madoor,32,1.5625
34,Guardian Neku,deck,216,Dryad,8,0.3906
34,Guardian Neku,deck,249,Water Omotics,8,0.3906
34,Guardian Neku,deck,255,Prevent Rat,8,0.3906
34,Guardian Neku,deck,269,Versago the Destroyer,32,1.5625
34,Guardian Neku,deck,275,Ground Attacker Bugroth,8,0.3906
34,Guardian Neku,deck,281,Mystic Clown,8,0.3906
34,Guardian Neku,deck,287,Ogre of the Black Shadow,8,0.3906
34,Guardian Neku,deck,288,Dark Artist,32,1.5625
34,Guardian Neku,deck,297,Cyber Soldier of Darkworld,8,0.3906
34,Guardian Neku,deck,320,Stop Defense,120,5.8594
34,Guardian Neku,deck,335,Yami,160,7.8125
34,Guardian Neku,deck,348,Swords of Revealing Light,64,3.125
34,Guardian Neku,deck,365,Fiend's Mirror,64,3.125
34,Guardian Neku,deck,372,Kazejin,48,2.3438
34,Guardian Neku,deck,377,Ryu-kishin Powered,16,0.7812
34,Guardian Neku,deck,379,La Jinn the Mystical Genie,16,0.7812
34,Guardian Neku,deck,384,Dark Rabbit,8,0.3906
34,Guardian Neku,deck,385,Bickuribox,48,2.3438
34,Guardian Neku,deck,391,Zoa,48,2.3438
34,Guardian Neku,deck,401,Ushi Oni,48,2.3438
34,Guardian Neku,deck,412,Giga-tech Wolf,8,0.3906
34,Guardian Neku,deck,418,Golgoil,8,0.3906
34,Guardian Neku,deck,433,Ancient Elf,8,0.3906
34,Guardian Neku,deck,440,7 Colored Fish,16,0.7812
34,Guardian Neku,deck,447,Giant Red Seasnake,16,0.7812
34,Guardian Neku,deck,454,Destroyer Golem,16,0.7812
34,Guardian Neku,deck,456,Minomushi Warrior,8,0.3906
34,Guardian Neku,deck,459,Tripwire Beast,8,0.3906
34,Guardian Neku,deck,471,Soul Hunter,48,2.3438
34,Guardian Neku,deck,472,Air Eater,32,1.5625
34,Guardian Neku,deck,493,Maha Vailo,16,0.7812
34,Guardian Neku,deck,495,Musician King,32,1.5625
34,Guardian Neku,deck,497,Yado Karu,8,0.3906
34,Guardian Neku,deck,498,Morinphen,16,0.7812
34,Guardian Neku,deck,500,Dragon Seeker,48,2.3438
34,Guardian Neku,deck,515,The Statue of Easter Island,8,0.3906
34,Guardian Neku,deck,523,The Bistro Butcher,16,0.7812
34,Guardian Neku,deck,525,Spirit of the Mountain,32,1.5625
34,Guardian Neku,deck,526,Neck Hunter,32,1.5625
34,Guardian Neku,deck,532,Gemini Elf,16,0.7812
34,Guardian Neku,deck,535,Kamakiriman,8,0.3906
34,Guardian Neku,deck,551,Dark Elf,16,0.7812
34,Guardian Neku,deck,578,Leo Wizard,8,0.3906
34,Guardian Neku,deck,607,Great Bill,8,0.3906
34,Guardian Neku,deck,619,Rock Spirit,32,1.5625
34,Guardian Neku,deck,622,Ill Witch,32,1.5625
34,Guardian Neku,deck,623,The Thing That Hides in the Mud,8,0.3906
34,Guardian Neku,deck,630,Ancient Lizard Warrior,8,0.3906
34,Guardian Neku,deck,631,Maiden of the Moonlight,8,0.3906
34,Guardian Neku,deck,650,Whiptail Crow,32,1.5625
34,Guardian Neku,deck,672,Harpie's Feather Duster,80,3.9062
34,Guardian Neku,deck,694,Resurrection of Chakra,32,1.5625
34,Guardian Neku,deck,707,Skull Knight,64,3.125
35,Heishin 2nd,S/A POW,2,Mystical Elf,22,1.0742
35,Heishin 2nd,S/A POW,19,Right Arm of the Forbidden One,6,0.293
35,Heishin 2nd,S/A POW,20,Left Arm of the Forbidden One,4,0.1953
35,Heishin 2nd,S/A POW,21,Exodia the Forbidden,4,0.1953
35,Heishin 2nd,S/A POW,30,Zombie Warrior,22,1.0742
35,Heishin 2nd,S/A POW,34,Saggi the Dark Clown,22,1.0742
35,Heishin 2nd,S/A POW,35,Dark Magician,4,0.1953
35,Heishin 2nd,S/A POW,36,The Snake Hair,22,1.0742
35,Heishin 2nd,S/A POW,38,Gaia the Fierce Knight,28,1.3672
35,Heishin 2nd,S/A POW,42,Illusionist Faceless Mage,22,1.0742
35,Heishin 2nd,S/A POW,44,Rogue Doll,22,1.0742
35,Heishin 2nd,S/A POW,74,Giant Soldier of Stone,22,1.0742
35,Heishin 2nd,S/A POW,79,Megazowler,24,1.1719
35,Heishin 2nd,S/A POW,90,Gyakutenno Megami,24,1.1719
35,Heishin 2nd,S/A POW,96,Armored Zombie,22,1.0742
35,Heishin 2nd,S/A POW,97,Dragon Zombie,22,1.0742
35,Heishin 2nd,S/A POW,98,Clown Zombie,22,1.0742
35,Heishin 2nd,S/A POW,99,Pumpking the King of Ghosts,48,2.3438
35,Heishin 2nd,S/A POW,104,Curtain of the Dark Ones,22,1.0742
35,Heishin 2nd,S/A POW,106,Spirit of the Winds,22,1.0742
35,Heishin 2nd,S/A POW,108,Graveyard and the Hand of Invitation,22,1.0742
35,Heishin 2nd,S/A POW,114,White Magical Hat,22,1.0742
35,Heishin 2nd,S/A POW,115,Kamion Wizard,22,1.0742
35,Heishin 2nd,S/A POW,129,Nemuriko,22,1.0742
35,Heishin 2nd,S/A POW,132,The 13th Grave,22,1.0742
35,Heishin 2nd,S/A POW,135,Fiend's Hand,22,1.0742
35,Heishin 2nd,S/A POW,139,Blue-eyed Silver Zombie,22,1.0742
35,Heishin 2nd,S/A POW,142,Flame Manipulator,22,1.0742
35,Heishin 2nd,S/A POW,143,Necrolancer the Timelord,22,1.0742
35,Heishin 2nd,S/A POW,144,Djinn the Watcher of the Wind,22,1.0742
35,Heishin 2nd,S/A POW,145,The Bewitching Phantom Thief,22,1.0742
35,Heishin 2nd,S/A POW,154,Fire Reaper,22,1.0742
35,Heishin 2nd,S/A POW,174,Hurricail,20,0.9766
35,Heishin 2nd,S/A POW,179,Phantom Dewan,20,0.9766
35,Heishin 2nd,S/A POW,183,Lucky Trinket,20,0.9766
35,Heishin 2nd,S/A POW,184,Genin,20,0.9766
35,Heishin 2nd,S/A POW,190,Akakieisu,20,0.9766
35,Heishin 2nd,S/A POW,203,Phantom Ghost,20,0.9766
35,Heishin 2nd,S/A POW,213,Aqua Madoor,20,0.9766
35,Heishin 2nd,S/A POW,215,Flame Ghost,20,0.9766
35,Heishin 2nd,S/A POW,220,Masked Sorcerer,20,0.9766
35,Heishin 2nd,S/A POW,223,Roaring Ocean Snake,24,1.1719
35,Heishin 2nd,S/A POW,228,Wood Remains,22,1.0742
35,Heishin 2nd,S/A POW,237,Haniwa,22,1.0742
35,Heishin 2nd,S/A POW,244,Dissolverock,22,1.0742
35,Heishin 2nd,S/A POW,253,Angelwitch,22,1.0742
35,Heishin 2nd,S/A POW,257,Stone Armadiller,22,1.0742
35,Heishin 2nd,S/A POW,259,Ancient Sorcerer,22,1.0742
35,Heishin 2nd,S/A POW,263,Rock Ogre Grotto #2,22,1.0742
35,Heishin 2nd,S/A POW,268,Sectarian of Secrets,22,1.0742
35,Heishin 2nd,S/A POW,366,Labyrinth Wall,22,1.0742
35,Heishin 2nd,S/A POW,368,Shadow Ghoul,22,1.0742
35,Heishin 2nd,S/A POW,370,Labyrinth Tank,4,0.1953
35,Heishin 2nd,S/A POW,371,Sanga of the Thunder,4,0.1953
35,Heishin 2nd,S/A POW,372,Kazejin,4,0.1953
35,Heishin 2nd,S/A POW,373,Suijin,4,0.1953
35,Heishin 2nd,S/A POW,385,Bickuribox,4,0.1953
35,Heishin 2nd,S/A POW,386,Harpie's Pet Dragon,4,0.1953
35,Heishin 2nd,S/A POW,390,Launcher Spider,4,0.1953
35,Heishin 2nd,S/A POW,391,Zoa,20,0.9766
35,Heishin 2nd,S/A POW,401,Ushi Oni,20,0.9766
35,Heishin 2nd,S/A POW,407,Machine King,20,0.9766
35,Heishin 2nd,S/A POW,426,Stone D.,48,2.3438
35,Heishin 2nd,S/A POW,427,Kaiser Dragon,4,0.1953
35,Heishin 2nd,S/A POW,442,Aqua Dragon,4,0.1953
35,Heishin 2nd,S/A POW,453,Millennium Golem,46,2.2461
35,Heishin 2nd,S/A POW,455,Barrel Rock,48,2.3438
35,Heishin 2nd,S/A POW,457,Stone Ghost,48,2.3438
35,Heishin 2nd,S/A POW,465,Punished Eagle,26,1.2695
35,Heishin 2nd,S/A POW,467,Crimson Sunbird,20,0.9766
35,Heishin 2nd,S/A POW,470,Magical Ghost,24,1.1719
35,Heishin 2nd,S/A POW,471,Soul Hunter,20,0.9766
35,Heishin 2nd,S/A POW,500,Dragon Seeker,20,0.9766
35,Heishin 2nd,S/A POW,505,Prisman,46,2.2461
35,Heishin 2nd,S/A POW,509,Bracchio-raidus,4,0.1953
35,Heishin 2nd,S/A POW,518,Boulder Tortoise,12,0.5859
35,Heishin 2nd,S/A POW,522,Monstrous Bird,26,1.2695
35,Heishin 2nd,S/A POW,525,Spirit of the Mountain,12,0.5859
35,Heishin 2nd,S/A POW,529,Flame Cerebrus,12,0.5859
35,Heishin 2nd,S/A POW,531,Mystical Sand,46,2.2461
35,Heishin 2nd,S/A POW,532,Gemini Elf,24,1.1719
35,Heishin 2nd,S/A POW,564,Great Mammoth of Goldfine,48,2.3438
35,Heishin 2nd,S/A POW,571,B. Dragon Jungle King,26,1.2695
35,Heishin 2nd,S/A POW,572,Empress Judge,26,1.2695
35,Heishin 2nd,S/A POW,593,Giant Turtle Who Feeds on Flames,12,0.5859
35,Heishin 2nd,S/A POW,594,Rose Spectre of Dunn,26,1.2695
35,Heishin 2nd,S/A POW,599,Violent Rain,46,2.2461
35,Heishin 2nd,S/A POW,613,Twin-headed Thunder Dragon,20,0.9766
35,Heishin 2nd,S/A POW,623,The Thing That Hides in the Mud,24,1.1719
35,Heishin 2nd,S/A POW,627,Nekogal #2,26,1.2695
35,Heishin 2nd,S/A POW,631,Maiden of the Moonlight,24,1.1719
35,Heishin 2nd,S/A POW,632,Stone Ogre Grotto,12,0.5859
35,Heishin 2nd,S/A POW,634,Night Lizard,24,1.1719
35,Heishin 2nd,S/A POW,645,Royal Guard,4,0.1953
35,Heishin 2nd,S/A POW,646,Gruesome Goo,46,2.2461
35,Heishin 2nd,S/A POW,707,Skull Knight,4,0.1953
35,Heishin 2nd,S/A POW,713,Meteor B. Dragon,4,0.1953
35,Heishin 2nd,S/A POW,714,Firewing Pegasus,4,0.1953
35,Heishin 2nd,B/C/D,2,Mystical Elf,26,1.2695
35,Heishin 2nd,B/C/D,19,Right Arm of the Forbidden One,6,0.293
35,Heishin 2nd,B/C/D,30,Zombie Warrior,26,1.2695
35,Heishin 2nd,B/C/D,34,Saggi the Dark Clown,26,1.2695
35,Heishin 2nd,B/C/D,36,The Snake Hair,26,1.2695
35,Heishin 2nd,B/C/D,42,Illusionist Faceless Mage,26,1.2695
35,Heishin 2nd,B/C/D,44,Rogue Doll,28,1.3672
35,Heishin 2nd,B/C/D,74,Giant Soldier of Stone,28,1.3672
35,Heishin 2nd,B/C/D,79,Megazowler,24,1.1719
35,Heishin 2nd,B/C/D,90,Gyakutenno Megami,24,1.1719
35,Heishin 2nd,B/C/D,96,Armored Zombie,28,1.3672
35,Heishin 2nd,B/C/D,97,Dragon Zombie,28,1.3672
35,Heishin 2nd,B/C/D,98,Clown Zombie,28,1.3672
35,Heishin 2nd,B/C/D,99,Pumpking the King of Ghosts,48,2.3438
35,Heishin 2nd,B/C/D,104,Curtain of the Dark Ones,28,1.3672
35,Heishin 2nd,B/C/D,106,Spirit of the Winds,28,1.3672
35,Heishin 2nd,B/C/D,108,Graveyard and the Hand of Invitation,28,1.3672
35,Heishin 2nd,B/C/D,114,White Magical Hat,28,1.3672
35,Heishin 2nd,B/C/D,115,Kamion Wizard,28,1.3672
35,Heishin 2nd,B/C/D,129,Nemuriko,28,1.3672
35,Heishin 2nd,B/C/D,132,The 13th Grave,28,1.3672
35,Heishin 2nd,B/C/D,135,Fiend's Hand,28,1.3672
35,Heishin 2nd,B/C/D,139,Blue-eyed Silver Zombie,28,1.3672
35,Heishin 2nd,B/C/D,142,Flame Manipulator,28,1.3672
35,Heishin 2nd,B/C/D,143,Necrolancer the Timelord,28,1.3672
35,Heishin 2nd,B/C/D,144,Djinn the Watcher of the Wind,28,1.3672
35,Heishin 2nd,B/C/D,145,The Bewitching Phantom Thief,28,1.3672
35,Heishin 2nd,B/C/D,154,Fire Reaper,28,1.3672
35,Heishin 2nd,B/C/D,174,Hurricail,28,1.3672
35,Heishin 2nd,B/C/D,179,Phantom Dewan,28,1.3672
35,Heishin 2nd,B/C/D,183,Lucky Trinket,28,1.3672
35,Heishin 2nd,B/C/D,184,Genin,28,1.3672
35,Heishin 2nd,B/C/D,190,Akakieisu,28,1.3672
35,Heishin 2nd,B/C/D,203,Phantom Ghost,28,1.3672
35,Heishin 2nd,B/C/D,213,Aqua Madoor,28,1.3672
35,Heishin 2nd,B/C/D,215,Flame Ghost,28,1.3672
35,Heishin 2nd,B/C/D,220,Masked Sorcerer,28,1.3672
35,Heishin 2nd,B/C/D,223,Roaring Ocean Snake,20,0.9766
35,Heishin 2nd,B/C/D,228,Wood Remains,28,1.3672
35,Heishin 2nd,B/C/D,237,Haniwa,28,1.3672
35,Heishin 2nd,B/C/D,244,Dissolverock,28,1.3672
35,Heishin 2nd,B/C/D,253,Angelwitch,28,1.3672
35,Heishin 2nd,B/C/D,257,Stone Armadiller,28,1.3672
35,Heishin 2nd,B/C/D,259,Ancient Sorcerer,28,1.3672
35,Heishin 2nd,B/C/D,263,Rock Ogre Grotto #2,28,1.3672
35,Heishin 2nd,B/C/D,268,Sectarian of Secrets,28,1.3672
35,Heishin 2nd,B/C/D,366,Labyrinth Wall,28,1.3672
35,Heishin 2nd,B/C/D,368,Shadow Ghoul,28,1.3672
35,Heishin 2nd,B/C/D,455,Barrel Rock,64,3.125
35,Heishin 2nd,B/C/D,457,Stone Ghost,64,3.125
35,Heishin 2nd,B/C/D,465,Punished Eagle,24,1.1719
35,Heishin 2nd,B/C/D,470,Magical Ghost,32,1.5625
35,Heishin 2nd,B/C/D,505,Prisman,64,3.125
35,Heishin 2nd,B/C/D,518,Boulder Tortoise,10,0.4883
35,Heishin 2nd,B/C/D,522,Monstrous Bird,24,1.1719
35,Heishin 2nd,B/C/D,525,Spirit of the Mountain,16,0.7812
35,Heishin 2nd,B/C/D,529,Flame Cerebrus,10,0.4883
35,Heishin 2nd,B/C/D,531,Mystical Sand,44,2.1484
35,Heishin 2nd,B/C/D,532,Gemini Elf,32,1.5625
35,Heishin 2nd,B/C/D,571,B. Dragon Jungle King,24,1.1719
35,Heishin 2nd,B/C/D,572,Empress Judge,24,1.1719
35,Heishin 2nd,B/C/D,593,Giant Turtle Who Feeds on Flames,16,0.7812
35,Heishin 2nd,B/C/D,594,Rose Spectre of Dunn,24,1.1719
35,Heishin 2nd,B/C/D,599,Violent Rain,64,3.125
35,Heishin 2nd,B/C/D,623,The Thing That Hides in the Mud,28,1.3672
35,Heishin 2nd,B/C/D,627,Nekogal #2,24,1.1719
35,Heishin 2nd,B/C/D,631,Maiden of the Moonlight,32,1.5625
35,Heishin 2nd,B/C/D,632,Stone Ogre Grotto,16,0.7812
35,Heishin 2nd,B/C/D,634,Night Lizard,32,1.5625
35,Heishin 2nd,B/C/D,646,Gruesome Goo,64,3.125
35,Heishin 2nd,S/A TEC,2,Mystical Elf,26,1.2695
35,Heishin 2nd,S/A TEC,19,Right Arm of the Forbidden One,4,0.1953
35,Heishin 2nd,S/A TEC,30,Zombie Warrior,26,1.2695
35,Heishin 2nd,S/A TEC,34,Saggi the Dark Clown,26,1.2695
35,Heishin 2nd,S/A TEC,36,The Snake Hair,26,1.2695
35,Heishin 2nd,S/A TEC,42,Illusionist Faceless Mage,26,1.2695
35,Heishin 2nd,S/A TEC,44,Rogue Doll,26,1.2695
35,Heishin 2nd,S/A TEC,74,Giant Soldier of Stone,26,1.2695
35,Heishin 2nd,S/A TEC,96,Armored Zombie,26,1.2695
35,Heishin 2nd,S/A TEC,97,Dragon Zombie,26,1.2695
35,Heishin 2nd,S/A TEC,98,Clown Zombie,26,1.2695
35,Heishin 2nd,S/A TEC,104,Curtain of the Dark Ones,26,1.2695
35,Heishin 2nd,S/A TEC,106,Spirit of the Winds,26,1.2695
35,Heishin 2nd,S/A TEC,108,Graveyard and the Hand of Invitation,26,1.2695
35,Heishin 2nd,S/A TEC,114,White Magical Hat,26,1.2695
35,Heishin 2nd,S/A TEC,115,Kamion Wizard,26,1.2695
35,Heishin 2nd,S/A TEC,129,Nemuriko,26,1.2695
35,Heishin 2nd,S/A TEC,132,The 13th Grave,26,1.2695
35,Heishin 2nd,S/A TEC,135,Fiend's Hand,26,1.2695
35,Heishin 2nd,S/A TEC,139,Blue-eyed Silver Zombie,26,1.2695
35,Heishin 2nd,S/A TEC,142,Flame Manipulator,26,1.2695
35,Heishin 2nd,S/A TEC,143,Necrolancer the Timelord,26,1.2695
35,Heishin 2nd,S/A TEC,144,Djinn the Watcher of the Wind,26,1.2695
35,Heishin 2nd,S/A TEC,145,The Bewitching Phantom Thief,26,1.2695
35,Heishin 2nd,S/A TEC,154,Fire Reaper,26,1.2695
35,Heishin 2nd,S/A TEC,174,Hurricail,24,1.1719
35,Heishin 2nd,S/A TEC,179,Phantom Dewan,24,1.1719
35,Heishin 2nd,S/A TEC,183,Lucky Trinket,24,1.1719
35,Heishin 2nd,S/A TEC,184,Genin,24,1.1719
35,Heishin 2nd,S/A TEC,190,Akakieisu,24,1.1719
35,Heishin 2nd,S/A TEC,203,Phantom Ghost,24,1.1719
35,Heishin 2nd,S/A TEC,213,Aqua Madoor,24,1.1719
35,Heishin 2nd,S/A TEC,215,Flame Ghost,24,1.1719
35,Heishin 2nd,S/A TEC,220,Masked Sorcerer,24,1.1719
35,Heishin 2nd,S/A TEC,228,Wood Remains,24,1.1719
35,Heishin 2nd,S/A TEC,237,Haniwa,24,1.1719
35,Heishin 2nd,S/A TEC,244,Dissolverock,22,1.0742
35,Heishin 2nd,S/A TEC,253,Angelwitch,22,1.0742
35,Heishin 2nd,S/A TEC,257,Stone Armadiller,22,1.0742
35,Heishin 2nd,S/A TEC,259,Ancient Sorcerer,22,1.0742
35,Heishin 2nd,S/A TEC,263,Rock Ogre Grotto #2,22,1.0742
35,Heishin 2nd,S/A TEC,268,Sectarian of Secrets,22,1.0742
35,Heishin 2nd,S/A TEC,303,Dark Energy,24,1.1719
35,Heishin 2nd,S/A TEC,313,Horn of Light,24,1.1719
35,Heishin 2nd,S/A TEC,315,Dragon Treasure,24,1.1719
35,Heishin 2nd,S/A TEC,320,Stop Defense,1,0.0488
35,Heishin 2nd,S/A TEC,321,Malevolent Nuzzler,24,1.1719
35,Heishin 2nd,S/A TEC,322,Violet Crystal,24,1.1719
35,Heishin 2nd,S/A TEC,323,Book of Secret Arts,24,1.1719
35,Heishin 2nd,S/A TEC,331,Wasteland,48,2.3438
35,Heishin 2nd,S/A TEC,336,Dark Hole,48,2.3438
35,Heishin 2nd,S/A TEC,337,Raigeki,20,0.9766
35,Heishin 2nd,S/A TEC,342,Dian Keto the Cure Master,1,0.0488
35,Heishin 2nd,S/A TEC,343,Sparks,24,1.1719
35,Heishin 2nd,S/A TEC,344,Hinotama,24,1.1719
35,Heishin 2nd,S/A TEC,345,Final Flame,24,1.1719
35,Heishin 2nd,S/A TEC,347,Tremendous Fire,1,0.0488
35,Heishin 2nd,S/A TEC,366,Labyrinth Wall,22,1.0742
35,Heishin 2nd,S/A TEC,368,Shadow Ghoul,22,1.0742
35,Heishin 2nd,S/A TEC,455,Barrel Rock,46,2.2461
35,Heishin 2nd,S/A TEC,457,Stone Ghost,46,2.2461
35,Heishin 2nd,S/A TEC,470,Magical Ghost,24,1.1719
35,Heishin 2nd,S/A TEC,505,Prisman,46,2.2461
35,Heishin 2nd,S/A TEC,525,Spirit of the Mountain,10,0.4883
35,Heishin 2nd,S/A TEC,532,Gemini Elf,24,1.1719
35,Heishin 2nd,S/A TEC,593,Giant Turtle Who Feeds on Flames,10,0.4883
35,Heishin 2nd,S/A TEC,599,Violent Rain,46,2.2461
35,Heishin 2nd,S/A TEC,623,The Thing That Hides in the Mud,24,1.1719
35,Heishin 2nd,S/A TEC,631,Maiden of the Moonlight,24,1.1719
35,Heishin 2nd,S/A TEC,632,Stone Ogre Grotto,10,0.4883
35,Heishin 2nd,S/A TEC,634,Night Lizard,24,1.1719
35,Heishin 2nd,S/A TEC,646,Gruesome Goo,46,2.2461
35,Heishin 2nd,S/A TEC,657,Megamorph,2,0.0977
35,Heishin 2nd,S/A TEC,661,Crush Card,2,0.0977
35,Heishin 2nd,S/A TEC,665,Curse of Millennium Shield,24,1.1719
35,Heishin 2nd,S/A TEC,672,Harpie's Feather Duster,1,0.0488
35,Heishin 2nd,S/A TEC,676,Commencement Dance,24,1.1719
35,Heishin 2nd,S/A TEC,682,Eatgaboon,24,1.1719
35,Heishin 2nd,S/A TEC,683,Bear Trap,24,1.1719
35,Heishin 2nd,S/A TEC,684,Invisible Wire,24,1.1719
35,Heishin 2nd,S/A TEC,686,Widespread Ruin,20,0.9766
35,Heishin 2nd,S/A TEC,687,Goblin Fan,24,1.1719
35,Heishin 2nd,S/A TEC,688,Bad Reaction to Simochi,24,1.1719
35,Heishin 2nd,S/A TEC,690,Fake Trap,24,1.1719
35,Heishin 2nd,S/A TEC,693,Contruct of Mask,24,1.1719
35,Heishin 2nd,S/A TEC,695,Puppet Ritual,24,1.1719
35,Heishin 2nd,deck,1,Blue-eyes White Dragon,32,1.5625
35,Heishin 2nd,deck,17,Right Leg of the Forbidden One,64,3.125
35,Heishin 2nd,deck,18,Left Leg of the Forbidden One,64,3.125
35,Heishin 2nd,deck,19,Right Arm of the Forbidden One,64,3.125
35,Heishin 2nd,deck,20,Left Arm of the Forbidden One,64,3.125
35,Heishin 2nd,deck,21,Exodia the Forbidden,64,3.125
35,Heishin 2nd,deck,35,Dark Magician,16,0.7812
35,Heishin 2nd,deck,37,Gaia the Dragon Champion,16,0.7812
35,Heishin 2nd,deck,38,Gaia the Fierce Knight,16,0.7812
35,Heishin 2nd,deck,42,Illusionist Faceless Mage,8,0.3906
35,Heishin 2nd,deck,63,Harpie Lady Sisters,16,0.7812
35,Heishin 2nd,deck,69,Thousand Dragon,16,0.7812
35,Heishin 2nd,deck,74,Giant Soldier of Stone,8,0.3906
35,Heishin 2nd,deck,79,Megazowler,8,0.3906
35,Heishin 2nd,deck,82,Red-eyes B. Dragon,16,0.7812
35,Heishin 2nd,deck,90,Gyakutenno Megami,8,0.3906
35,Heishin 2nd,deck,99,Pumpking the King of Ghosts,8,0.3906
35,Heishin 2nd,deck,106,Spirit of the Winds,8,0.3906
35,Heishin 2nd,deck,213,Aqua Madoor,8,0.3906
35,Heishin 2nd,deck,217,B. Skull Dragon,32,1.5625
35,Heishin 2nd,deck,223,Roaring Ocean Snake,8,0.3906
35,Heishin 2nd,deck,266,Princess of Tsurugi,64,3.125
35,Heishin 2nd,deck,337,Raigeki,120,5.8594
35,Heishin 2nd,deck,348,Swords of Revealing Light,64,3.125
35,Heishin 2nd,deck,358,Seiyaryu,16,0.7812
35,Heishin 2nd,deck,360,Zera The Mant,32,1.5625
35,Heishin 2nd,deck,366,Labyrinth Wall,8,0.3906
35,Heishin 2nd,deck,369,Wall Shadow,16,0.7812
35,Heishin 2nd,deck,370,Labyrinth Tank,16,0.7812
35,Heishin 2nd,deck,371,Sanga of the Thunder,16,0.7812
35,Heishin 2nd,deck,372,Kazejin,16,0.7812
35,Heishin 2nd,deck,373,Suijin,16,0.7812
35,Heishin 2nd,deck,374,Gate Guardian,64,3.125
35,Heishin 2nd,deck,385,Bickuribox,16,0.7812
35,Heishin 2nd,deck,386,Harpie's Pet Dragon,16,0.7812
35,Heishin 2nd,deck,390,Launcher Spider,16,0.7812
35,Heishin 2nd,deck,391,Zoa,16,0.7812
35,Heishin 2nd,deck,392,Metalzoa,32,1.5625
35,Heishin 2nd,deck,401,Ushi Oni,16,0.7812
35,Heishin 2nd,deck,407,Machine King,16,0.7812
35,Heishin 2nd,deck,426,Stone D.,16,0.7812
35,Heishin 2nd,deck,427,Kaiser Dragon,16,0.7812
35,Heishin 2nd,deck,442,Aqua Dragon,16,0.7812
35,Heishin 2nd,deck,453,Millennium Golem,16,0.7812
35,Heishin 2nd,deck,465,Punished Eagle,8,0.3906
35,Heishin 2nd,deck,467,Crimson Sunbird,16,0.7812
35,Heishin 2nd,deck,471,Soul Hunter,16,0.7812
35,Heishin 2nd,deck,495,Musician King,8,0.3906
35,Heishin 2nd,deck,500,Dragon Seeker,16,0.7812
35,Heishin 2nd,deck,509,Bracchio-raidus,16,0.7812
35,Heishin 2nd,deck,522,Monstrous Bird,8,0.3906
35,Heishin 2nd,deck,525,Spirit of the Mountain,8,0.3906
35,Heishin 2nd,deck,529,Flame Cerebrus,8,0.3906
35,Heishin 2nd,deck,531,Mystical Sand,8,0.3906
35,Heishin 2nd,deck,545,Skelgon,8,0.3906
35,Heishin 2nd,deck,564,Great Mammoth of Goldfine,16,0.7812
35,Heishin 2nd,deck,571,B. Dragon Jungle King,8,0.3906
35,Heishin 2nd,deck,572,Empress Judge,8,0.3906
35,Heishin 2nd,deck,594,Rose Spectre of Dunn,8,0.3906
35,Heishin 2nd,deck,613,Twin-headed Thunder Dragon,16,0.7812
35,Heishin 2nd,deck,619,Rock Spirit,8,0.3906
35,Heishin 2nd,deck,622,Ill Witch,8,0.3906
35,Heishin 2nd,deck,627,Nekogal #2,8,0.3906
35,Heishin 2nd,deck,632,Stone Ogre Grotto,8,0.3906
35,Heishin 2nd,deck,635,Queen's Double,64,3.125
35,Heishin 2nd,deck,638,Queen of Autumn Leaves,64,3.125
35,Heishin 2nd,deck,645,Royal Guard,16,0.7812
35,Heishin 2nd,deck,657,Megamorph,160,7.8125
35,Heishin 2nd,deck,672,Harpie's Feather Duster,80,3.9062
35,Heishin 2nd,deck,686,Widespread Ruin,120,5.8594
35,Heishin 2nd,deck,690,Fake Trap,48,2.3438
35,Heishin 2nd,deck,698,Cosmo Queen's Prayer,64,3.125
35,Heishin 2nd,deck,712,Meteor Dragon,8,0.3906
35,Heishin 2nd,deck,713,Meteor B. Dragon,32,1.5625
36,Seto 3rd,S/A POW,1,Blue-eyes White Dragon,26,1.2695
36,Seto 3rd,S/A POW,6,Feral Imp,24,1.1719
36,Seto 3rd,S/A POW,20,Left Arm of the Forbidden One,6,0.293
36,Seto 3rd,S/A POW,25,Horn Imp,24,1.1719
36,Seto 3rd,S/A POW,38,Gaia the Fierce Knight,26,1.2695
36,Seto 3rd,S/A POW,48,Sangan,22,1.0742
36,Seto 3rd,S/A POW,79,Megazowler,24,1.1719
36,Seto 3rd,S/A POW,83,Castle of Dark Illusions,22,1.0742
36,Seto 3rd,S/A POW,84,Reaper of the Cards,22,1.0742
36,Seto 3rd,S/A POW,85,King of Yamimakai,22,1.0742
36,Seto 3rd,S/A POW,86,Barox,22,1.0742
36,Seto 3rd,S/A POW,87,Dark Chimera,22,1.0742
36,Seto 3rd,S/A POW,88,Metal Guardian,22,1.0742
36,Seto 3rd,S/A POW,90,Gyakutenno Megami,24,1.1719
36,Seto 3rd,S/A POW,95,Crass Clown,22,1.0742
36,Seto 3rd,S/A POW,99,Pumpking the King of Ghosts,24,1.1719
36,Seto 3rd,S/A POW,103,Job-change Mirror,22,1.0742
36,Seto 3rd,S/A POW,119,Trial of Nightmares,22,1.0742
36,Seto 3rd,S/A POW,136,Witty Phantom,22,1.0742
36,Seto 3rd,S/A POW,137,Mystery Hand,22,1.0742
36,Seto 3rd,S/A POW,148,The Shadow Who Controls the Dark,22,1.0742
36,Seto 3rd,S/A POW,149,Lord of the Lamp,22,1.0742
36,Seto 3rd,S/A POW,162,Tainted Wisdom,22,1.0742
36,Seto 3rd,S/A POW,164,Lord of Zemia,22,1.0742
36,Seto 3rd,S/A POW,169,Dark King of the Abyss,22,1.0742
36,Seto 3rd,S/A POW,171,Big Eye,22,1.0742
36,Seto 3rd,S/A POW,173,Dark Prisoner,22,1.0742
36,Seto 3rd,S/A POW,175,Ancient Brain,22,1.0742
36,Seto 3rd,S/A POW,178,Claw Reacher,22,1.0742
36,Seto 3rd,S/A POW,181,Dark Shade,22,1.0742
36,Seto 3rd,S/A POW,194,Terra the Terrible,22,1.0742
36,Seto 3rd,S/A POW,204,Mabarrel,22,1.0742
36,Seto 3rd,S/A POW,222,Midnight Fiend,22,1.0742
36,Seto 3rd,S/A POW,223,Roaring Ocean Snake,24,1.1719
36,Seto 3rd,S/A POW,232,Madjinn Gunn,22,1.0742
36,Seto 3rd,S/A POW,233,Dark Titan of Terror,22,1.0742
36,Seto 3rd,S/A POW,240,The Drdek,22,1.0742
36,Seto 3rd,S/A POW,242,Candle of Fate,22,1.0742
36,Seto 3rd,S/A POW,245,Meda Bat,22,1.0742
36,Seto 3rd,S/A POW,254,Embryonic Beast,22,1.0742
36,Seto 3rd,S/A POW,261,Wicked Mirror,22,1.0742
36,Seto 3rd,S/A POW,269,Versago the Destroyer,22,1.0742
36,Seto 3rd,S/A POW,271,Megirus Light,22,1.0742
36,Seto 3rd,S/A POW,277,Gorgon Egg,22,1.0742
36,Seto 3rd,S/A POW,279,King Fog,22,1.0742
36,Seto 3rd,S/A POW,295,Bio Plant,22,1.0742
36,Seto 3rd,S/A POW,371,Sanga of the Thunder,2,0.0977
36,Seto 3rd,S/A POW,379,La Jinn the Mystical Genie,22,1.0742
36,Seto 3rd,S/A POW,391,Zoa,48,2.3438
36,Seto 3rd,S/A POW,401,Ushi Oni,48,2.3438
36,Seto 3rd,S/A POW,407,Machine King,26,1.2695
36,Seto 3rd,S/A POW,424,Sky Dragon,16,0.7812
36,Seto 3rd,S/A POW,426,Stone D.,26,1.2695
36,Seto 3rd,S/A POW,449,"30,000-Year White Turtle",10,0.4883
36,Seto 3rd,S/A POW,453,Millennium Golem,26,1.2695
36,Seto 3rd,S/A POW,465,Punished Eagle,24,1.1719
36,Seto 3rd,S/A POW,467,Crimson Sunbird,26,1.2695
36,Seto 3rd,S/A POW,471,Soul Hunter,48,2.3438
36,Seto 3rd,S/A POW,472,Air Eater,24,1.1719
36,Seto 3rd,S/A POW,497,Yado Karu,26,1.2695
36,Seto 3rd,S/A POW,500,Dragon Seeker,48,2.3438
36,Seto 3rd,S/A POW,522,Monstrous Bird,24,1.1719
36,Seto 3rd,S/A POW,523,The Bistro Butcher,26,1.2695
36,Seto 3rd,S/A POW,526,Neck Hunter,24,1.1719
36,Seto 3rd,S/A POW,531,Mystical Sand,24,1.1719
36,Seto 3rd,S/A POW,535,Kamakiriman,26,1.2695
36,Seto 3rd,S/A POW,539,Corroding Shark,44,2.1484
36,Seto 3rd,S/A POW,551,Dark Elf,26,1.2695
36,Seto 3rd,S/A POW,553,Mushroom Man #2,44,2.1484
36,Seto 3rd,S/A POW,560,Invader from Another Dimension,44,2.1484
36,Seto 3rd,S/A POW,564,Great Mammoth of Goldfine,26,1.2695
36,Seto 3rd,S/A POW,571,B. Dragon Jungle King,24,1.1719
36,Seto 3rd,S/A POW,572,Empress Judge,24,1.1719
36,Seto 3rd,S/A POW,574,Witch of the Black Forest,44,2.1484
36,Seto 3rd,S/A POW,594,Rose Spectre of Dunn,24,1.1719
36,Seto 3rd,S/A POW,600,Key Mace #2,44,2.1484
36,Seto 3rd,S/A POW,613,Twin-headed Thunder Dragon,26,1.2695
36,Seto 3rd,S/A POW,619,Rock Spirit,16,0.7812
36,Seto 3rd,S/A POW,627,Nekogal #2,24,1.1719
36,Seto 3rd,S/A POW,639,Amphibious Bugroth,14,0.6836
36,Seto 3rd,S/A POW,641,Invader of the Throne,14,0.6836
36,Seto 3rd,S/A POW,647,Hyosube,26,1.2695
36,Seto 3rd,S/A POW,650,Whiptail Crow,24,1.1719
36,Seto 3rd,B/C/D,6,Feral Imp,32,1.5625
36,Seto 3rd,B/C/D,20,Left Arm of the Forbidden One,6,0.293
36,Seto 3rd,B/C/D,25,Horn Imp,32,1.5625
36,Seto 3rd,B/C/D,48,Sangan,32,1.5625
36,Seto 3rd,B/C/D,79,Megazowler,24,1.1719
36,Seto 3rd,B/C/D,83,Castle of Dark Illusions,32,1.5625
36,Seto 3rd,B/C/D,84,Reaper of the Cards,32,1.5625
36,Seto 3rd,B/C/D,85,King of Yamimakai,22,1.0742
36,Seto 3rd,B/C/D,86,Barox,32,1.5625
36,Seto 3rd,B/C/D,87,Dark Chimera,32,1.5625
36,Seto 3rd,B/C/D,88,Metal Guardian,32,1.5625
36,Seto 3rd,B/C/D,90,Gyakutenno Megami,22,1.0742
36,Seto 3rd,B/C/D,95,Crass Clown,32,1.5625
36,Seto 3rd,B/C/D,99,Pumpking the King of Ghosts,24,1.1719
36,Seto 3rd,B/C/D,103,Job-change Mirror,32,1.5625
36,Seto 3rd,B/C/D,119,Trial of Nightmares,32,1.5625
36,Seto 3rd,B/C/D,136,Witty Phantom,32,1.5625
36,Seto 3rd,B/C/D,137,Mystery Hand,32,1.5625
36,Seto 3rd,B/C/D,148,The Shadow Who Controls the Dark,32,1.5625
36,Seto 3rd,B/C/D,149,Lord of the Lamp,32,1.5625
36,Seto 3rd,B/C/D,162,Tainted Wisdom,32,1.5625
36,Seto 3rd,B/C/D,164,Lord of Zemia,32,1.5625
36,Seto 3rd,B/C/D,169,Dark King of the Abyss,32,1.5625
36,Seto 3rd,B/C/D,171,Big Eye,32,1.5625
36,Seto 3rd,B/C/D,173,Dark Prisoner,32,1.5625
36,Seto 3rd,B/C/D,175,Ancient Brain,32,1.5625
36,Seto 3rd,B/C/D,178,Claw Reacher,32,1.5625
36,Seto 3rd,B/C/D,181,Dark Shade,28,1.3672
36,Seto 3rd,B/C/D,194,Terra the Terrible,28,1.3672
36,Seto 3rd,B/C/D,204,Mabarrel,28,1.3672
36,Seto 3rd,B/C/D,222,Midnight Fiend,28,1.3672
36,Seto 3rd,B/C/D,223,Roaring Ocean Snake,24,1.1719
36,Seto 3rd,B/C/D,232,Madjinn Gunn,28,1.3672
36,Seto 3rd,B/C/D,233,Dark Titan of Terror,28,1.3672
36,Seto 3rd,B/C/D,240,The Drdek,28,1.3672
36,Seto 3rd,B/C/D,242,Candle of Fate,28,1.3672
36,Seto 3rd,B/C/D,245,Meda Bat,28,1.3672
36,Seto 3rd,B/C/D,254,Embryonic Beast,28,1.3672
36,Seto 3rd,B/C/D,261,Wicked Mirror,28,1.3672
36,Seto 3rd,B/C/D,269,Versago the Destroyer,28,1.3672
36,Seto 3rd,B/C/D,271,Megirus Light,28,1.3672
36,Seto 3rd,B/C/D,277,Gorgon Egg,28,1.3672
36,Seto 3rd,B/C/D,279,King Fog,28,1.3672
36,Seto 3rd,B/C/D,295,Bio Plant,28,1.3672
36,Seto 3rd,B/C/D,379,La Jinn the Mystical Genie,28,1.3672
36,Seto 3rd,B/C/D,424,Sky Dragon,12,0.5859
36,Seto 3rd,B/C/D,449,"30,000-Year White Turtle",12,0.5859
36,Seto 3rd,B/C/D,465,Punished Eagle,24,1.1719
36,Seto 3rd,B/C/D,472,Air Eater,24,1.1719
36,Seto 3rd,B/C/D,497,Yado Karu,32,1.5625
36,Seto 3rd,B/C/D,522,Monstrous Bird,24,1.1719
36,Seto 3rd,B/C/D,523,The Bistro Butcher,32,1.5625
36,Seto 3rd,B/C/D,526,Neck Hunter,24,1.1719
36,Seto 3rd,B/C/D,531,Mystical Sand,24,1.1719
36,Seto 3rd,B/C/D,535,Kamakiriman,32,1.5625
36,Seto 3rd,B/C/D,539,Corroding Shark,54,2.6367
36,Seto 3rd,B/C/D,551,Dark Elf,32,1.5625
36,Seto 3rd,B/C/D,553,Mushroom Man #2,54,2.6367
36,Seto 3rd,B/C/D,560,Invader from Another Dimension,54,2.6367
36,Seto 3rd,B/C/D,571,B. Dragon Jungle King,24,1.1719
36,Seto 3rd,B/C/D,572,Empress Judge,24,1.1719
36,Seto 3rd,B/C/D,574,Witch of the Black Forest,54,2.6367
36,Seto 3rd,B/C/D,594,Rose Spectre of Dunn,24,1.1719
36,Seto 3rd,B/C/D,600,Key Mace #2,54,2.6367
36,Seto 3rd,B/C/D,619,Rock Spirit,12,0.5859
36,Seto 3rd,B/C/D,627,Nekogal #2,24,1.1719
36,Seto 3rd,B/C/D,639,Amphibious Bugroth,16,0.7812
36,Seto 3rd,B/C/D,641,Invader of the Throne,16,0.7812
36,Seto 3rd,B/C/D,647,Hyosube,32,1.5625
36,Seto 3rd,B/C/D,650,Whiptail Crow,32,1.5625
36,Seto 3rd,S/A TEC,6,Feral Imp,16,0.7812
36,Seto 3rd,S/A TEC,20,Left Arm of the Forbidden One,2,0.0977
36,Seto 3rd,S/A TEC,25,Horn Imp,16,0.7812
36,Seto 3rd,S/A TEC,48,Sangan,12,0.5859
36,Seto 3rd,S/A TEC,83,Castle of Dark Illusions,20,0.9766
36,Seto 3rd,S/A TEC,84,Reaper of the Cards,20,0.9766
36,Seto 3rd,S/A TEC,86,Barox,20,0.9766
36,Seto 3rd,S/A TEC,87,Dark Chimera,20,0.9766
36,Seto 3rd,S/A TEC,88,Metal Guardian,20,0.9766
36,Seto 3rd,S/A TEC,95,Crass Clown,20,0.9766
36,Seto 3rd,S/A TEC,103,Job-change Mirror,16,0.7812
36,Seto 3rd,S/A TEC,119,Trial of Nightmares,16,0.7812
36,Seto 3rd,S/A TEC,136,Witty Phantom,20,0.9766
36,Seto 3rd,S/A TEC,137,Mystery Hand,16,0.7812
36,Seto 3rd,S/A TEC,148,The Shadow Who Controls the Dark,16,0.7812
36,Seto 3rd,S/A TEC,149,Lord of the Lamp,20,0.9766
36,Seto 3rd,S/A TEC,162,Tainted Wisdom,20,0.9766
36,Seto 3rd,S/A TEC,164,Lord of Zemia,20,0.9766
36,Seto 3rd,S/A TEC,169,Dark King of the Abyss,20,0.9766
36,Seto 3rd,S/A TEC,171,Big Eye,20,0.9766
36,Seto 3rd,S/A TEC,173,Dark Prisoner,16,0.7812
36,Seto 3rd,S/A TEC,175,Ancient Brain,18,0.8789
36,Seto 3rd,S/A TEC,178,Claw Reacher,20,0.9766
36,Seto 3rd,S/A TEC,181,Dark Shade,20,0.9766
36,Seto 3rd,S/A TEC,194,Terra the Terrible,20,0.9766
36,Seto 3rd,S/A TEC,204,Mabarrel,20,0.9766
36,Seto 3rd,S/A TEC,222,Midnight Fiend,20,0.9766
36,Seto 3rd,S/A TEC,232,Madjinn Gunn,20,0.9766
36,Seto 3rd,S/A TEC,233,Dark Titan of Terror,20,0.9766
36,Seto 3rd,S/A TEC,240,The Drdek,20,0.9766
36,Seto 3rd,S/A TEC,242,Candle of Fate,20,0.9766
36,Seto 3rd,S/A TEC,245,Meda Bat,20,0.9766
36,Seto 3rd,S/A TEC,254,Embryonic Beast,20,0.9766
36,Seto 3rd,S/A TEC,261,Wicked Mirror,20,0.9766
36,Seto 3rd,S/A TEC,269,Versago the Destroyer,20,0.9766
36,Seto 3rd,S/A TEC,271,Megirus Light,20,0.9766
36,Seto 3rd,S/A TEC,277,Gorgon Egg,20,0.9766
36,Seto 3rd,S/A TEC,279,King Fog,20,0.9766
36,Seto 3rd,S/A TEC,295,Bio Plant,20,0.9766
36,Seto 3rd,S/A TEC,302,Sword of Dark Destruction,25,1.2207
36,Seto 3rd,S/A TEC,303,Dark Energy,25,1.2207
36,Seto 3rd,S/A TEC,308,Beast Fangs,25,1.2207
36,Seto 3rd,S/A TEC,311,Black Pendant,25,1.2207
36,Seto 3rd,S/A TEC,314,Horn of the Unicorn,25,1.2207
36,Seto 3rd,S/A TEC,315,Dragon Treasure,25,1.2207
36,Seto 3rd,S/A TEC,324,Invigoration,25,1.2207
36,Seto 3rd,S/A TEC,328,Power of Kaishin,25,1.2207
36,Seto 3rd,S/A TEC,329,Dragon Capture Jar,25,1.2207
36,Seto 3rd,S/A TEC,336,Dark Hole,25,1.2207
36,Seto 3rd,S/A TEC,337,Raigeki,25,1.2207
36,Seto 3rd,S/A TEC,343,Sparks,25,1.2207
36,Seto 3rd,S/A TEC,344,Hinotama,25,1.2207
36,Seto 3rd,S/A TEC,345,Final Flame,25,1.2207
36,Seto 3rd,S/A TEC,349,Spellbinding Circle,25,1.2207
36,Seto 3rd,S/A TEC,379,La Jinn the Mystical Genie,20,0.9766
36,Seto 3rd,S/A TEC,449,"30,000-Year White Turtle",8,0.3906
36,Seto 3rd,S/A TEC,497,Yado Karu,24,1.1719
36,Seto 3rd,S/A TEC,523,The Bistro Butcher,24,1.1719
36,Seto 3rd,S/A TEC,535,Kamakiriman,24,1.1719
36,Seto 3rd,S/A TEC,539,Corroding Shark,40,1.9531
36,Seto 3rd,S/A TEC,551,Dark Elf,24,1.1719
36,Seto 3rd,S/A TEC,553,Mushroom Man #2,40,1.9531
36,Seto 3rd,S/A TEC,560,Invader from Another Dimension,40,1.9531
36,Seto 3rd,S/A TEC,574,Witch of the Black Forest,40,1.9531
36,Seto 3rd,S/A TEC,600,Key Mace #2,40,1.9531
36,Seto 3rd,S/A TEC,639,Amphibious Bugroth,10,0.4883
36,Seto 3rd,S/A TEC,641,Invader of the Throne,10,0.4883
36,Seto 3rd,S/A TEC,647,Hyosube,24,1.1719
36,Seto 3rd,S/A TEC,650,Whiptail Crow,20,0.9766
36,Seto 3rd,S/A TEC,653,Warrior Elimination,25,1.2207
36,Seto 3rd,S/A TEC,656,Eternal Rest,24,1.1719
36,Seto 3rd,S/A TEC,661,Crush Card,48,2.3438
36,Seto 3rd,S/A TEC,665,Curse of Millennium Shield,24,1.1719
36,Seto 3rd,S/A TEC,666,Yamadron Ritual,8,0.3906
36,Seto 3rd,S/A TEC,668,Bright Castle,24,1.1719
36,Seto 3rd,S/A TEC,671,Zera Ritual,8,0.3906
36,Seto 3rd,S/A TEC,672,Harpie's Feather Duster,24,1.1719
36,Seto 3rd,S/A TEC,673,War-lion Ritual,8,0.3906
36,Seto 3rd,S/A TEC,674,Beastry Mirror Ritual,8,0.3906
36,Seto 3rd,S/A TEC,675,Ultimate Dragon,16,0.7812
36,Seto 3rd,S/A TEC,676,Commencement Dance,8,0.3906
36,Seto 3rd,S/A TEC,677,Hamburger Recipe,8,0.3906
36,Seto 3rd,S/A TEC,678,Revival of Sennen Genjin,8,0.3906
36,Seto 3rd,S/A TEC,679,Novox's Prayer,24,1.1719
36,Seto 3rd,S/A TEC,680,Curse of Tri-Horned Dragon,8,0.3906
36,Seto 3rd,S/A TEC,684,Invisible Wire,24,1.1719
36,Seto 3rd,S/A TEC,685,Acid Trap Hole,48,2.3438
36,Seto 3rd,S/A TEC,686,Widespread Ruin,48,2.3438
36,Seto 3rd,S/A TEC,687,Goblin Fan,48,2.3438
36,Seto 3rd,S/A TEC,688,Bad Reaction to Simochi,48,2.3438
36,Seto 3rd,S/A TEC,691,Revived of Serpent Night Dragon,8,0.3906
36,Seto 3rd,S/A TEC,692,Turtle Oath,8,0.3906
36,Seto 3rd,S/A TEC,693,Contruct of Mask,8,0.3906
36,Seto 3rd,S/A TEC,694,Resurrection of Chakra,8,0.3906
36,Seto 3rd,S/A TEC,695,Puppet Ritual,8,0.3906
36,Seto 3rd,S/A TEC,697,Garma Sword Oath,8,0.3906
36,Seto 3rd,S/A TEC,698,Cosmo Queen's Prayer,8,0.3906
36,Seto 3rd,S/A TEC,699,Revival of Skeleton Rider,8,0.3906
36,Seto 3rd,S/A TEC,700,Fortress Whale's Oath,8,0.3906
36,Seto 3rd,deck,1,Blue-eyes White Dragon,120,5.8594
36,Seto 3rd,deck,22,Summoned Skull,16,0.7812
36,Seto 3rd,deck,35,Dark Magician,32,1.5625
36,Seto 3rd,deck,37,Gaia the Dragon Champion,32,1.5625
36,Seto 3rd,deck,38,Gaia the Fierce Knight,24,1.1719
36,Seto 3rd,deck,63,Harpie Lady Sisters,24,1.1719
36,Seto 3rd,deck,69,Thousand Dragon,24,1.1719
36,Seto 3rd,deck,79,Megazowler,16,0.7812
36,Seto 3rd,deck,82,Red-eyes B. Dragon,24,1.1719
36,Seto 3rd,deck,84,Reaper of the Cards,16,0.7812
36,Seto 3rd,deck,85,King of Yamimakai,16,0.7812
36,Seto 3rd,deck,87,Dark Chimera,16,0.7812
36,Seto 3rd,deck,88,Metal Guardian,16,0.7812
36,Seto 3rd,deck,90,Gyakutenno Megami,16,0.7812
36,Seto 3rd,deck,92,Rabid Horseman,16,0.7812
36,Seto 3rd,deck,99,Pumpking the King of Ghosts,16,0.7812
36,Seto 3rd,deck,204,Mabarrel,16,0.7812
36,Seto 3rd,deck,217,B. Skull Dragon,48,2.3438
36,Seto 3rd,deck,223,Roaring Ocean Snake,16,0.7812
36,Seto 3rd,deck,337,Raigeki,120,5.8594
36,Seto 3rd,deck,358,Seiyaryu,32,1.5625
36,Seto 3rd,deck,369,Wall Shadow,32,1.5625
36,Seto 3rd,deck,370,Labyrinth Tank,32,1.5625
36,Seto 3rd,deck,371,Sanga of the Thunder,24,1.1719
36,Seto 3rd,deck,372,Kazejin,24,1.1719
36,Seto 3rd,deck,373,Suijin,24,1.1719
36,Seto 3rd,deck,374,Gate Guardian,64,3.125
36,Seto 3rd,deck,378,Swordstalker,16,0.7812
36,Seto 3rd,deck,380,Blue-eyes Ultimate Dragon,80,3.9062
36,Seto 3rd,deck,385,Bickuribox,24,1.1719
36,Seto 3rd,deck,386,Harpie's Pet Dragon,24,1.1719
36,Seto 3rd,deck,390,Launcher Spider,32,1.5625
36,Seto 3rd,deck,391,Zoa,24,1.1719
36,Seto 3rd,deck,392,Metalzoa,48,2.3438
36,Seto 3rd,deck,401,Ushi Oni,24,1.1719
36,Seto 3rd,deck,407,Machine King,24,1.1719
36,Seto 3rd,deck,426,Stone D.,24,1.1719
36,Seto 3rd,deck,427,Kaiser Dragon,24,1.1719
36,Seto 3rd,deck,442,Aqua Dragon,24,1.1719
36,Seto 3rd,deck,453,Millennium Golem,24,1.1719
36,Seto 3rd,deck,465,Punished Eagle,16,0.7812
36,Seto 3rd,deck,467,Crimson Sunbird,16,0.7812
36,Seto 3rd,deck,471,Soul Hunter,24,1.1719
36,Seto 3rd,deck,472,Air Eater,16,0.7812
36,Seto 3rd,deck,500,Dragon Seeker,24,1.1719
36,Seto 3rd,deck,509,Bracchio-raidus,24,1.1719
36,Seto 3rd,deck,522,Monstrous Bird,16,0.7812
36,Seto 3rd,deck,526,Neck Hunter,16,0.7812
36,Seto 3rd,deck,529,Flame Cerebrus,16,0.7812
36,Seto 3rd,deck,531,Mystical Sand,16,0.7812
36,Seto 3rd,deck,564,Great Mammoth of Goldfine,24,1.1719
36,Seto 3rd,deck,571,B. Dragon Jungle King,16,0.7812
36,Seto 3rd,deck,572,Empress Judge,16,0.7812
36,Seto 3rd,deck,594,Rose Spectre of Dunn,16,0.7812
36,Seto 3rd,deck,613,Twin-headed Thunder Dragon,24,1.1719
36,Seto 3rd,deck,627,Nekogal #2,16,0.7812
36,Seto 3rd,deck,645,Royal Guard,24,1.1719
36,Seto 3rd,deck,650,Whiptail Crow,16,0.7812
36,Seto 3rd,deck,669,Shadow Spell,120,5.8594
36,Seto 3rd,deck,672,Harpie's Feather Duster,160,7.8125
36,Seto 3rd,deck,686,Widespread Ruin,120,5.8594
36,Seto 3rd,deck,712,Meteor Dragon,16,0.7812
36,Seto 3rd,deck,713,Meteor B. Dragon,48,2.3438
37,DarkNite,S/A POW,3,Hitotsu-me Giant,22,1.0742
37,DarkNite,S/A POW,4,Baby Dragon,22,1.0742
37,DarkNite,S/A POW,10,Blackland Fire Dragon,22,1.0742
37,DarkNite,S/A POW,11,Sword Arm of Dragon,26,1.2695
37,DarkNite,S/A POW,13,Tyhone,22,1.0742
37,DarkNite,S/A POW,14,Battle Steer,22,1.0742
37,DarkNite,S/A POW,15,Flame Swordsman,22,1.0742
37,DarkNite,S/A POW,19,Right Arm of the Forbidden One,8,0.3906
37,DarkNite,S/A POW,23,The Wicked Worm Beast,22,1.0742
37,DarkNite,S/A POW,26,Battle Ox,24,1.1719
37,DarkNite,S/A POW,27,Beaver Warrior,24,1.1719
37,DarkNite,S/A POW,29,Mountain Warrior,24,1.1719
37,DarkNite,S/A POW,31,Koumori Dragon,24,1.1719
37,DarkNite,S/A POW,33,Judge Man,26,1.2695
37,DarkNite,S/A POW,39,Curse of Dragon,58,2.832
37,DarkNite,S/A POW,40,Dragon Piper,56,2.7344
37,DarkNite,S/A POW,42,Illusionist Faceless Mage,70,3.418
37,DarkNite,S/A POW,44,Rogue Doll,46,2.2461
37,DarkNite,S/A POW,46,Griffore,22,1.0742
37,DarkNite,S/A POW,47,Torike,22,1.0742
37,DarkNite,S/A POW,61,Wolf,22,1.0742
37,DarkNite,S/A POW,65,Silver Fang,22,1.0742
37,DarkNite,S/A POW,68,Garoozis,22,1.0742
37,DarkNite,S/A POW,79,Megazowler,24,1.1719
37,DarkNite,S/A POW,85,King of Yamimakai,24,1.1719
37,DarkNite,S/A POW,90,Gyakutenno Megami,24,1.1719
37,DarkNite,S/A POW,91,Mystic Horseman,22,1.0742
37,DarkNite,S/A POW,99,Pumpking the King of Ghosts,24,1.1719
37,DarkNite,S/A POW,113,Dark Gray,22,1.0742
37,DarkNite,S/A POW,121,Sleeping Lion,22,1.0742
37,DarkNite,S/A POW,125,Faith Bird,22,1.0742
37,DarkNite,S/A POW,155,Larvas,22,1.0742
37,DarkNite,S/A POW,168,Darkfire Dragon,22,1.0742
37,DarkNite,S/A POW,186,Fiend Refrection #2,22,1.0742
37,DarkNite,S/A POW,188,Synchar,22,1.0742
37,DarkNite,S/A POW,189,Fusionist,22,1.0742
37,DarkNite,S/A POW,200,Petit Dragon,22,1.0742
37,DarkNite,S/A POW,201,Frenzied Panda,22,1.0742
37,DarkNite,S/A POW,219,Solitude,22,1.0742
37,DarkNite,S/A POW,246,One Who Hunts Souls,22,1.0742
37,DarkNite,S/A POW,248,Master & Expert,22,1.0742
37,DarkNite,S/A POW,255,Prevent Rat,22,1.0742
37,DarkNite,S/A POW,272,Mavelus,22,1.0742
37,DarkNite,S/A POW,282,Mystical Sheep #2,22,1.0742
37,DarkNite,S/A POW,296,One-eyed Shield Dragon,22,1.0742
37,DarkNite,S/A POW,298,Wicked Dragon with the Ersatz Head,22,1.0742
37,DarkNite,S/A POW,376,Monster Tamer,22,1.0742
37,DarkNite,S/A POW,385,Bickuribox,4,0.1953
37,DarkNite,S/A POW,388,Pendulum Machine,24,1.1719
37,DarkNite,S/A POW,403,Leogun,22,1.0742
37,DarkNite,S/A POW,419,Giganto,24,1.1719
37,DarkNite,S/A POW,423,Dice Armadillo,22,1.0742
37,DarkNite,S/A POW,438,Metal Fish,24,1.1719
37,DarkNite,S/A POW,443,Sea King Dragon,24,1.1719
37,DarkNite,S/A POW,464,Wing Eagle,22,1.0742
37,DarkNite,S/A POW,465,Punished Eagle,24,1.1719
37,DarkNite,S/A POW,466,Skull Red Bird,22,1.0742
37,DarkNite,S/A POW,467,Crimson Sunbird,26,1.2695
37,DarkNite,S/A POW,468,Queen Bird,22,1.0742
37,DarkNite,S/A POW,472,Air Eater,24,1.1719
37,DarkNite,S/A POW,481,Burglar,22,1.0742
37,DarkNite,S/A POW,483,Garvas,48,2.3438
37,DarkNite,S/A POW,491,Peacock,22,1.0742
37,DarkNite,S/A POW,496,Wilmee,22,1.0742
37,DarkNite,S/A POW,522,Monstrous Bird,24,1.1719
37,DarkNite,S/A POW,526,Neck Hunter,24,1.1719
37,DarkNite,S/A POW,528,Togex,46,2.2461
37,DarkNite,S/A POW,531,Mystical Sand,24,1.1719
37,DarkNite,S/A POW,538,Niwatori,22,1.0742
37,DarkNite,S/A POW,552,Winged Dragon #2,22,1.0742
37,DarkNite,S/A POW,571,B. Dragon Jungle King,24,1.1719
37,DarkNite,S/A POW,572,Empress Judge,24,1.1719
37,DarkNite,S/A POW,575,Ancient One of the Deep Forest,48,2.3438
37,DarkNite,S/A POW,577,Crow Goblin,46,2.2461
37,DarkNite,S/A POW,582,Dark Witch,24,1.1719
37,DarkNite,S/A POW,594,Rose Spectre of Dunn,24,1.1719
37,DarkNite,S/A POW,597,Pale Beast,22,1.0742
37,DarkNite,S/A POW,627,Nekogal #2,24,1.1719
37,DarkNite,S/A POW,629,Armored Rat,22,1.0742
37,DarkNite,S/A POW,636,Blue-winged Crown,22,1.0742
37,DarkNite,S/A POW,642,Mystical Sheep #1,22,1.0742
37,DarkNite,B/C/D,3,Hitotsu-me Giant,26,1.2695
37,DarkNite,B/C/D,4,Baby Dragon,26,1.2695
37,DarkNite,B/C/D,10,Blackland Fire Dragon,26,1.2695
37,DarkNite,B/C/D,11,Sword Arm of Dragon,24,1.1719
37,DarkNite,B/C/D,13,Tyhone,26,1.2695
37,DarkNite,B/C/D,14,Battle Steer,26,1.2695
37,DarkNite,B/C/D,15,Flame Swordsman,26,1.2695
37,DarkNite,B/C/D,19,Right Arm of the Forbidden One,6,0.293
37,DarkNite,B/C/D,23,The Wicked Worm Beast,26,1.2695
37,DarkNite,B/C/D,26,Battle Ox,26,1.2695
37,DarkNite,B/C/D,27,Beaver Warrior,26,1.2695
37,DarkNite,B/C/D,29,Mountain Warrior,26,1.2695
37,DarkNite,B/C/D,31,Koumori Dragon,26,1.2695
37,DarkNite,B/C/D,33,Judge Man,24,1.1719
37,DarkNite,B/C/D,39,Curse of Dragon,56,2.7344
37,DarkNite,B/C/D,40,Dragon Piper,58,2.832
37,DarkNite,B/C/D,42,Illusionist Faceless Mage,72,3.5156
37,DarkNite,B/C/D,44,Rogue Doll,48,2.3438
37,DarkNite,B/C/D,46,Griffore,24,1.1719
37,DarkNite,B/C/D,47,Torike,24,1.1719
37,DarkNite,B/C/D,61,Wolf,24,1.1719
37,DarkNite,B/C/D,65,Silver Fang,24,1.1719
37,DarkNite,B/C/D,68,Garoozis,24,1.1719
37,DarkNite,B/C/D,79,Megazowler,22,1.0742
37,DarkNite,B/C/D,85,King of Yamimakai,22,1.0742
37,DarkNite,B/C/D,90,Gyakutenno Megami,22,1.0742
37,DarkNite,B/C/D,91,Mystic Horseman,24,1.1719
37,DarkNite,B/C/D,99,Pumpking the King of Ghosts,22,1.0742
37,DarkNite,B/C/D,113,Dark Gray,24,1.1719
37,DarkNite,B/C/D,121,Sleeping Lion,24,1.1719
37,DarkNite,B/C/D,125,Faith Bird,24,1.1719
37,DarkNite,B/C/D,155,Larvas,24,1.1719
37,DarkNite,B/C/D,168,Darkfire Dragon,24,1.1719
37,DarkNite,B/C/D,186,Fiend Refrection #2,24,1.1719
37,DarkNite,B/C/D,188,Synchar,24,1.1719
37,DarkNite,B/C/D,189,Fusionist,24,1.1719
37,DarkNite,B/C/D,200,Petit Dragon,24,1.1719
37,DarkNite,B/C/D,201,Frenzied Panda,24,1.1719
37,DarkNite,B/C/D,219,Solitude,24,1.1719
37,DarkNite,B/C/D,246,One Who Hunts Souls,24,1.1719
37,DarkNite,B/C/D,248,Master & Expert,22,1.0742
37,DarkNite,B/C/D,255,Prevent Rat,22,1.0742
37,DarkNite,B/C/D,272,Mavelus,22,1.0742
37,DarkNite,B/C/D,282,Mystical Sheep #2,22,1.0742
37,DarkNite,B/C/D,296,One-eyed Shield Dragon,22,1.0742
37,DarkNite,B/C/D,298,Wicked Dragon with the Ersatz Head,22,1.0742
37,DarkNite,B/C/D,376,Monster Tamer,22,1.0742
37,DarkNite,B/C/D,388,Pendulum Machine,22,1.0742
37,DarkNite,B/C/D,403,Leogun,22,1.0742
37,DarkNite,B/C/D,419,Giganto,22,1.0742
37,DarkNite,B/C/D,423,Dice Armadillo,22,1.0742
37,DarkNite,B/C/D,438,Metal Fish,22,1.0742
37,DarkNite,B/C/D,443,Sea King Dragon,22,1.0742
37,DarkNite,B/C/D,464,Wing Eagle,22,1.0742
37,DarkNite,B/C/D,465,Punished Eagle,22,1.0742
37,DarkNite,B/C/D,466,Skull Red Bird,22,1.0742
37,DarkNite,B/C/D,468,Queen Bird,22,1.0742
37,DarkNite,B/C/D,472,Air Eater,22,1.0742
37,DarkNite,B/C/D,481,Burglar,22,1.0742
37,DarkNite,B/C/D,483,Garvas,46,2.2461
37,DarkNite,B/C/D,491,Peacock,22,1.0742
37,DarkNite,B/C/D,496,Wilmee,22,1.0742
37,DarkNite,B/C/D,522,Monstrous Bird,22,1.0742
37,DarkNite,B/C/D,526,Neck Hunter,22,1.0742
37,DarkNite,B/C/D,528,Togex,46,2.2461
37,DarkNite,B/C/D,531,Mystical Sand,22,1.0742
37,DarkNite,B/C/D,538,Niwatori,22,1.0742
37,DarkNite,B/C/D,552,Winged Dragon #2,22,1.0742
37,DarkNite,B/C/D,571,B. Dragon Jungle King,22,1.0742
37,DarkNite,B/C/D,572,Empress Judge,22,1.0742
37,DarkNite,B/C/D,575,Ancient One of the Deep Forest,46,2.2461
37,DarkNite,B/C/D,577,Crow Goblin,46,2.2461
37,DarkNite,B/C/D,582,Dark Witch,22,1.0742
37,DarkNite,B/C/D,594,Rose Spectre of Dunn,22,1.0742
37,DarkNite,B/C/D,597,Pale Beast,22,1.0742
37,DarkNite,B/C/D,627,Nekogal #2,22,1.0742
37,DarkNite,B/C/D,629,Armored Rat,22,1.0742
37,DarkNite,B/C/D,636,Blue-winged Crown,22,1.0742
37,DarkNite,B/C/D,642,Mystical Sheep #1,22,1.0742
37,DarkNite,S/A TEC,3,Hitotsu-me Giant,22,1.0742
37,DarkNite,S/A TEC,4,Baby Dragon,22,1.0742
37,DarkNite,S/A TEC,10,Blackland Fire Dragon,22,1.0742
37,DarkNite,S/A TEC,13,Tyhone,22,1.0742
37,DarkNite,S/A TEC,14,Battle Steer,22,1.0742
37,DarkNite,S/A TEC,15,Flame Swordsman,22,1.0742
37,DarkNite,S/A TEC,19,Right Arm of the Forbidden One,4,0.1953
37,DarkNite,S/A TEC,23,The Wicked Worm Beast,22,1.0742
37,DarkNite,S/A TEC,26,Battle Ox,22,1.0742
37,DarkNite,S/A TEC,27,Beaver Warrior,22,1.0742
37,DarkNite,S/A TEC,29,Mountain Warrior,22,1.0742
37,DarkNite,S/A TEC,31,Koumori Dragon,22,1.0742
37,DarkNite,S/A TEC,40,Dragon Piper,52,2.5391
37,DarkNite,S/A TEC,42,Illusionist Faceless Mage,70,3.418
37,DarkNite,S/A TEC,44,Rogue Doll,46,2.2461
37,DarkNite,S/A TEC,46,Griffore,20,0.9766
37,DarkNite,S/A TEC,47,Torike,20,0.9766
37,DarkNite,S/A TEC,61,Wolf,20,0.9766
37,DarkNite,S/A TEC,65,Silver Fang,20,0.9766
37,DarkNite,S/A TEC,68,Garoozis,20,0.9766
37,DarkNite,S/A TEC,91,Mystic Horseman,20,0.9766
37,DarkNite,S/A TEC,113,Dark Gray,20,0.9766
37,DarkNite,S/A TEC,121,Sleeping Lion,20,0.9766
37,DarkNite,S/A TEC,125,Faith Bird,20,0.9766
37,DarkNite,S/A TEC,155,Larvas,20,0.9766
37,DarkNite,S/A TEC,168,Darkfire Dragon,20,0.9766
37,DarkNite,S/A TEC,186,Fiend Refrection #2,20,0.9766
37,DarkNite,S/A TEC,188,Synchar,20,0.9766
37,DarkNite,S/A TEC,189,Fusionist,20,0.9766
37,DarkNite,S/A TEC,200,Petit Dragon,20,0.9766
37,DarkNite,S/A TEC,201,Frenzied Panda,20,0.9766
37,DarkNite,S/A TEC,219,Solitude,20,0.9766
37,DarkNite,S/A TEC,246,One Who Hunts Souls,20,0.9766
37,DarkNite,S/A TEC,248,Master & Expert,20,0.9766
37,DarkNite,S/A TEC,255,Prevent Rat,20,0.9766
37,DarkNite,S/A TEC,272,Mavelus,20,0.9766
37,DarkNite,S/A TEC,282,Mystical Sheep #2,20,0.9766
37,DarkNite,S/A TEC,296,One-eyed Shield Dragon,22,1.0742
37,DarkNite,S/A TEC,298,Wicked Dragon with the Ersatz Head,22,1.0742
37,DarkNite,S/A TEC,315,Dragon Treasure,24,1.1719
37,DarkNite,S/A TEC,316,Electro-whip,24,1.1719
37,DarkNite,S/A TEC,325,Machine Conversion Factory,24,1.1719
37,DarkNite,S/A TEC,329,Dragon Capture Jar,48,2.3438
37,DarkNite,S/A TEC,330,Forest,48,2.3438
37,DarkNite,S/A TEC,334,Umi,48,2.3438
37,DarkNite,S/A TEC,347,Tremendous Fire,24,1.1719
37,DarkNite,S/A TEC,376,Monster Tamer,22,1.0742
37,DarkNite,S/A TEC,403,Leogun,22,1.0742
37,DarkNite,S/A TEC,423,Dice Armadillo,22,1.0742
37,DarkNite,S/A TEC,464,Wing Eagle,22,1.0742
37,DarkNite,S/A TEC,466,Skull Red Bird,22,1.0742
37,DarkNite,S/A TEC,468,Queen Bird,22,1.0742
37,DarkNite,S/A TEC,481,Burglar,22,1.0742
37,DarkNite,S/A TEC,491,Peacock,22,1.0742
37,DarkNite,S/A TEC,496,Wilmee,22,1.0742
37,DarkNite,S/A TEC,528,Togex,46,2.2461
37,DarkNite,S/A TEC,538,Niwatori,22,1.0742
37,DarkNite,S/A TEC,552,Winged Dragon #2,22,1.0742
37,DarkNite,S/A TEC,577,Crow Goblin,46,2.2461
37,DarkNite,S/A TEC,597,Pale Beast,22,1.0742
37,DarkNite,S/A TEC,629,Armored Rat,22,1.0742
37,DarkNite,S/A TEC,636,Blue-winged Crown,22,1.0742
37,DarkNite,S/A TEC,642,Mystical Sheep #1,22,1.0742
37,DarkNite,S/A TEC,652,Magical Labyrinth,24,1.1719
37,DarkNite,S/A TEC,657,Megamorph,48,2.3438
37,DarkNite,S/A TEC,659,Winged Trumpeter,8,0.3906
37,DarkNite,S/A TEC,661,Crush Card,24,1.1719
37,DarkNite,S/A TEC,665,Curse of Millennium Shield,24,1.1719
37,DarkNite,S/A TEC,666,Yamadron Ritual,24,1.1719
37,DarkNite,S/A TEC,668,Bright Castle,48,2.3438
37,DarkNite,S/A TEC,672,Harpie's Feather Duster,24,1.1719
37,DarkNite,S/A TEC,676,Commencement Dance,24,1.1719
37,DarkNite,S/A TEC,677,Hamburger Recipe,24,1.1719
37,DarkNite,S/A TEC,685,Acid Trap Hole,48,2.3438
37,DarkNite,S/A TEC,686,Widespread Ruin,48,2.3438
37,DarkNite,S/A TEC,687,Goblin Fan,24,1.1719
37,DarkNite,S/A TEC,690,Fake Trap,24,1.1719
37,DarkNite,S/A TEC,693,Contruct of Mask,24,1.1719
37,DarkNite,S/A TEC,695,Puppet Ritual,24,1.1719
37,DarkNite,S/A TEC,699,Revival of Skeleton Rider,24,1.1719
37,DarkNite,deck,1,Blue-eyes White Dragon,32,1.5625
37,DarkNite,deck,11,Sword Arm of Dragon,4,0.1953
37,DarkNite,deck,14,Battle Steer,1,0.0488
37,DarkNite,deck,15,Flame Swordsman,4,0.1953
37,DarkNite,deck,22,Summoned Skull,8,0.3906
37,DarkNite,deck,33,Judge Man,8,0.3906
37,DarkNite,deck,37,Gaia the Dragon Champion,16,0.7812
37,DarkNite,deck,39,Curse of Dragon,8,0.3906
37,DarkNite,deck,42,Illusionist Faceless Mage,1,0.0488
37,DarkNite,deck,52,Hercules Beetle,4,0.1953
37,DarkNite,deck,63,Harpie Lady Sisters,16,0.7812
37,DarkNite,deck,68,Garoozis,1,0.0488
37,DarkNite,deck,69,Thousand Dragon,16,0.7812
37,DarkNite,deck,79,Megazowler,4,0.1953
37,DarkNite,deck,82,Red-eyes B. Dragon,16,0.7812
37,DarkNite,deck,85,King of Yamimakai,8,0.3906
37,DarkNite,deck,90,Gyakutenno Megami,4,0.1953
37,DarkNite,deck,92,Rabid Horseman,8,0.3906
37,DarkNite,deck,94,Crawling Dragon,1,0.0488
37,DarkNite,deck,99,Pumpking the King of Ghosts,4,0.1953
37,DarkNite,deck,217,B. Skull Dragon,32,1.5625
37,DarkNite,deck,320,Stop Defense,80,3.9062
37,DarkNite,deck,330,Forest,80,3.9062
37,DarkNite,deck,331,Wasteland,80,3.9062
37,DarkNite,deck,332,Mountain,80,3.9062
37,DarkNite,deck,333,Sogen,80,3.9062
37,DarkNite,deck,334,Umi,80,3.9062
37,DarkNite,deck,335,Yami,80,3.9062
37,DarkNite,deck,337,Raigeki,80,3.9062
37,DarkNite,deck,342,Dian Keto the Cure Master,80,3.9062
37,DarkNite,deck,347,Tremendous Fire,80,3.9062
37,DarkNite,deck,348,Swords of Revealing Light,80,3.9062
37,DarkNite,deck,358,Seiyaryu,16,0.7812
37,DarkNite,deck,376,Monster Tamer,1,0.0488
37,DarkNite,deck,378,Swordstalker,8,0.3906
37,DarkNite,deck,382,Rude Kaiser,1,0.0488
37,DarkNite,deck,383,Parrot Dragon,1,0.0488
37,DarkNite,deck,385,Bickuribox,16,0.7812
37,DarkNite,deck,386,Harpie's Pet Dragon,16,0.7812
37,DarkNite,deck,388,Pendulum Machine,4,0.1953
37,DarkNite,deck,403,Leogun,1,0.0488
37,DarkNite,deck,408,Giant Mech-soldier,4,0.1953
37,DarkNite,deck,409,Metal Dragon,4,0.1953
37,DarkNite,deck,419,Giganto,4,0.1953
37,DarkNite,deck,423,Dice Armadillo,1,0.0488
37,DarkNite,deck,424,Sky Dragon,4,0.1953
37,DarkNite,deck,427,Kaiser Dragon,16,0.7812
37,DarkNite,deck,437,Deepsea Shark,4,0.1953
37,DarkNite,deck,438,Metal Fish,4,0.1953
37,DarkNite,deck,443,Sea King Dragon,6,0.293
37,DarkNite,deck,464,Wing Eagle,1,0.0488
37,DarkNite,deck,465,Punished Eagle,4,0.1953
37,DarkNite,deck,467,Crimson Sunbird,16,0.7812
37,DarkNite,deck,468,Queen Bird,1,0.0488
37,DarkNite,deck,472,Air Eater,4,0.1953
37,DarkNite,deck,473,Vermillion Sparrow,1,0.0488
37,DarkNite,deck,482,Pragtical,1,0.0488
37,DarkNite,deck,483,Garvas,4,0.1953
37,DarkNite,deck,487,Flower Wolf,1,0.0488
37,DarkNite,deck,491,Peacock,1,0.0488
37,DarkNite,deck,518,Boulder Tortoise,4,0.1953
37,DarkNite,deck,520,Turtle Bird,4,0.1953
37,DarkNite,deck,521,Skullbird,4,0.1953
37,DarkNite,deck,522,Monstrous Bird,4,0.1953
37,DarkNite,deck,526,Neck Hunter,4,0.1953
37,DarkNite,deck,528,Togex,1,0.0488
37,DarkNite,deck,531,Mystical Sand,4,0.1953
37,DarkNite,deck,533,Kwagar Hercules,4,0.1953
37,DarkNite,deck,545,Skelgon,4,0.1953
37,DarkNite,deck,555,Tyhone #2,4,0.1953
37,DarkNite,deck,565,Man-eating Black Shark,1,0.0488
37,DarkNite,deck,571,B. Dragon Jungle King,4,0.1953
37,DarkNite,deck,572,Empress Judge,4,0.1953
37,DarkNite,deck,575,Ancient One of the Deep Forest,4,0.1953
37,DarkNite,deck,577,Crow Goblin,1,0.0488
37,DarkNite,deck,582,Dark Witch,4,0.1953
37,DarkNite,deck,594,Rose Spectre of Dunn,4,0.1953
37,DarkNite,deck,618,Warrior of Tradition,4,0.1953
37,DarkNite,deck,619,Rock Spirit,4,0.1953
37,DarkNite,deck,627,Nekogal #2,4,0.1953
37,DarkNite,deck,657,Megamorph,80,3.9062
37,DarkNite,deck,661,Crush Card,80,3.9062
37,DarkNite,deck,669,Shadow Spell,80,3.9062
37,DarkNite,deck,672,Harpie's Feather Duster,80,3.9062
37,DarkNite,deck,686,Widespread Ruin,80,3.9062
37,DarkNite,deck,687,Goblin Fan,80,3.9062
37,DarkNite,deck,688,Bad Reaction to Simochi,80,3.9062
37,DarkNite,deck,689,Reverse Trap,80,3.9062
37,DarkNite,deck,708,Cosmo Queen,80,3.9062
37,DarkNite,deck,712,Meteor Dragon,4,0.1953
37,DarkNite,deck,713,Meteor B. Dragon,32,1.5625
38,Nitemare,S/A POW,4,Baby Dragon,30,1.4648
38,Nitemare,S/A POW,10,Blackland Fire Dragon,30,1.4648
38,Nitemare,S/A POW,20,Left Arm of the Forbidden One,6,0.293
38,Nitemare,S/A POW,31,Koumori Dragon,30,1.4648
38,Nitemare,S/A POW,38,Gaia the Fierce Knight,34,1.6602
38,Nitemare,S/A POW,39,Curse of Dragon,34,1.6602
38,Nitemare,S/A POW,70,Fiend Kraken,30,1.4648
38,Nitemare,S/A POW,71,Jellyfish,32,1.5625
38,Nitemare,S/A POW,79,Megazowler,34,1.6602
38,Nitemare,S/A POW,89,Catapult Turtle,32,1.5625
38,Nitemare,S/A POW,90,Gyakutenno Megami,34,1.6602
38,Nitemare,S/A POW,99,Pumpking the King of Ghosts,34,1.6602
38,Nitemare,S/A POW,131,Octoberser,32,1.5625
38,Nitemare,S/A POW,140,Toad Master,32,1.5625
38,Nitemare,S/A POW,150,Akihiron,32,1.5625
38,Nitemare,S/A POW,168,Darkfire Dragon,32,1.5625
38,Nitemare,S/A POW,177,Monsturtle,32,1.5625
38,Nitemare,S/A POW,193,Turtle Tiger,32,1.5625
38,Nitemare,S/A POW,196,Arma Knight,32,1.5625
38,Nitemare,S/A POW,199,Penguin Knight,32,1.5625
38,Nitemare,S/A POW,200,Petit Dragon,32,1.5625
38,Nitemare,S/A POW,205,Dorover,30,1.4648
38,Nitemare,S/A POW,206,Twin Long Rods #1,30,1.4648
38,Nitemare,S/A POW,223,Roaring Ocean Snake,66,3.2227
38,Nitemare,S/A POW,230,Rare Fish,30,1.4648
38,Nitemare,S/A POW,243,Water Element,30,1.4648
38,Nitemare,S/A POW,247,Root Water,30,1.4648
38,Nitemare,S/A POW,251,Enchanting Mermaid,30,1.4648
38,Nitemare,S/A POW,258,Beastking of the Swamps,30,1.4648
38,Nitemare,S/A POW,270,Wetha,30,1.4648
38,Nitemare,S/A POW,296,One-eyed Shield Dragon,30,1.4648
38,Nitemare,S/A POW,298,Wicked Dragon with the Ersatz Head,30,1.4648
38,Nitemare,S/A POW,373,Suijin,4,0.1953
38,Nitemare,S/A POW,391,Zoa,32,1.5625
38,Nitemare,S/A POW,401,Ushi Oni,32,1.5625
38,Nitemare,S/A POW,407,Machine King,32,1.5625
38,Nitemare,S/A POW,426,Stone D.,32,1.5625
38,Nitemare,S/A POW,430,Water Magician,48,2.3438
38,Nitemare,S/A POW,431,Ice Water,48,2.3438
38,Nitemare,S/A POW,434,Beautiful Beast Trainer,12,0.5859
38,Nitemare,S/A POW,440,7 Colored Fish,30,1.4648
38,Nitemare,S/A POW,453,Millennium Golem,32,1.5625
38,Nitemare,S/A POW,465,Punished Eagle,32,1.5625
38,Nitemare,S/A POW,467,Crimson Sunbird,32,1.5625
38,Nitemare,S/A POW,471,Soul Hunter,32,1.5625
38,Nitemare,S/A POW,494,Rainbow Marine Mermaid,12,0.5859
38,Nitemare,S/A POW,500,Dragon Seeker,32,1.5625
38,Nitemare,S/A POW,519,Fire Kraken,12,0.5859
38,Nitemare,S/A POW,520,Turtle Bird,14,0.6836
38,Nitemare,S/A POW,522,Monstrous Bird,32,1.5625
38,Nitemare,S/A POW,530,Eldeen,48,2.3438
38,Nitemare,S/A POW,531,Mystical Sand,32,1.5625
38,Nitemare,S/A POW,550,Behegon,48,2.3438
38,Nitemare,S/A POW,564,Great Mammoth of Goldfine,32,1.5625
38,Nitemare,S/A POW,571,B. Dragon Jungle King,66,3.2227
38,Nitemare,S/A POW,572,Empress Judge,32,1.5625
38,Nitemare,S/A POW,594,Rose Spectre of Dunn,32,1.5625
38,Nitemare,S/A POW,596,Ghoul with an Appetite,30,1.4648
38,Nitemare,S/A POW,613,Twin-headed Thunder Dragon,32,1.5625
38,Nitemare,S/A POW,615,Armored Starfish,48,2.3438
38,Nitemare,S/A POW,617,Marine Beast,12,0.5859
38,Nitemare,S/A POW,625,Fairy of the Fountain,30,1.4648
38,Nitemare,S/A POW,626,Amazon of the Seas,30,1.4648
38,Nitemare,S/A POW,627,Nekogal #2,32,1.5625
38,Nitemare,S/A POW,649,Hibikime,30,1.4648
38,Nitemare,B/C/D,4,Baby Dragon,48,2.3438
38,Nitemare,B/C/D,10,Blackland Fire Dragon,48,2.3438
38,Nitemare,B/C/D,20,Left Arm of the Forbidden One,6,0.293
38,Nitemare,B/C/D,31,Koumori Dragon,48,2.3438
38,Nitemare,B/C/D,39,Curse of Dragon,34,1.6602
38,Nitemare,B/C/D,70,Fiend Kraken,48,2.3438
38,Nitemare,B/C/D,71,Jellyfish,48,2.3438
38,Nitemare,B/C/D,79,Megazowler,34,1.6602
38,Nitemare,B/C/D,89,Catapult Turtle,48,2.3438
38,Nitemare,B/C/D,90,Gyakutenno Megami,34,1.6602
38,Nitemare,B/C/D,99,Pumpking the King of Ghosts,34,1.6602
38,Nitemare,B/C/D,131,Octoberser,48,2.3438
38,Nitemare,B/C/D,140,Toad Master,48,2.3438
38,Nitemare,B/C/D,150,Akihiron,48,2.3438
38,Nitemare,B/C/D,168,Darkfire Dragon,48,2.3438
38,Nitemare,B/C/D,177,Monsturtle,40,1.9531
38,Nitemare,B/C/D,193,Turtle Tiger,40,1.9531
38,Nitemare,B/C/D,196,Arma Knight,40,1.9531
38,Nitemare,B/C/D,199,Penguin Knight,40,1.9531
38,Nitemare,B/C/D,200,Petit Dragon,40,1.9531
38,Nitemare,B/C/D,205,Dorover,38,1.8555
38,Nitemare,B/C/D,206,Twin Long Rods #1,38,1.8555
38,Nitemare,B/C/D,223,Roaring Ocean Snake,66,3.2227
38,Nitemare,B/C/D,230,Rare Fish,38,1.8555
38,Nitemare,B/C/D,243,Water Element,38,1.8555
38,Nitemare,B/C/D,247,Root Water,38,1.8555
38,Nitemare,B/C/D,251,Enchanting Mermaid,38,1.8555
38,Nitemare,B/C/D,258,Beastking of the Swamps,38,1.8555
38,Nitemare,B/C/D,270,Wetha,38,1.8555
38,Nitemare,B/C/D,296,One-eyed Shield Dragon,38,1.8555
38,Nitemare,B/C/D,298,Wicked Dragon with the Ersatz Head,38,1.8555
38,Nitemare,B/C/D,430,Water Magician,58,2.832
38,Nitemare,B/C/D,431,Ice Water,58,2.832
38,Nitemare,B/C/D,434,Beautiful Beast Trainer,14,0.6836
38,Nitemare,B/C/D,440,7 Colored Fish,32,1.5625
38,Nitemare,B/C/D,465,Punished Eagle,32,1.5625
38,Nitemare,B/C/D,494,Rainbow Marine Mermaid,14,0.6836
38,Nitemare,B/C/D,519,Fire Kraken,14,0.6836
38,Nitemare,B/C/D,520,Turtle Bird,14,0.6836
38,Nitemare,B/C/D,522,Monstrous Bird,32,1.5625
38,Nitemare,B/C/D,530,Eldeen,58,2.832
38,Nitemare,B/C/D,531,Mystical Sand,32,1.5625
38,Nitemare,B/C/D,550,Behegon,58,2.832
38,Nitemare,B/C/D,571,B. Dragon Jungle King,66,3.2227
38,Nitemare,B/C/D,572,Empress Judge,32,1.5625
38,Nitemare,B/C/D,594,Rose Spectre of Dunn,32,1.5625
38,Nitemare,B/C/D,596,Ghoul with an Appetite,35,1.709
38,Nitemare,B/C/D,615,Armored Starfish,48,2.3438
38,Nitemare,B/C/D,617,Marine Beast,14,0.6836
38,Nitemare,B/C/D,625,Fairy of the Fountain,35,1.709
38,Nitemare,B/C/D,626,Amazon of the Seas,35,1.709
38,Nitemare,B/C/D,627,Nekogal #2,32,1.5625
38,Nitemare,B/C/D,649,Hibikime,35,1.709
38,Nitemare,S/A TEC,4,Baby Dragon,30,1.4648
38,Nitemare,S/A TEC,10,Blackland Fire Dragon,30,1.4648
38,Nitemare,S/A TEC,20,Left Arm of the Forbidden One,4,0.1953
38,Nitemare,S/A TEC,31,Koumori Dragon,30,1.4648
38,Nitemare,S/A TEC,70,Fiend Kraken,30,1.4648
38,Nitemare,S/A TEC,71,Jellyfish,30,1.4648
38,Nitemare,S/A TEC,89,Catapult Turtle,32,1.5625
38,Nitemare,S/A TEC,131,Octoberser,32,1.5625
38,Nitemare,S/A TEC,140,Toad Master,32,1.5625
38,Nitemare,S/A TEC,150,Akihiron,32,1.5625
38,Nitemare,S/A TEC,168,Darkfire Dragon,32,1.5625
38,Nitemare,S/A TEC,177,Monsturtle,32,1.5625
38,Nitemare,S/A TEC,193,Turtle Tiger,32,1.5625
38,Nitemare,S/A TEC,196,Arma Knight,32,1.5625
38,Nitemare,S/A TEC,199,Penguin Knight,32,1.5625
38,Nitemare,S/A TEC,200,Petit Dragon,32,1.5625
38,Nitemare,S/A TEC,205,Dorover,30,1.4648
38,Nitemare,S/A TEC,206,Twin Long Rods #1,30,1.4648
38,Nitemare,S/A TEC,230,Rare Fish,30,1.4648
38,Nitemare,S/A TEC,243,Water Element,30,1.4648
38,Nitemare,S/A TEC,247,Root Water,30,1.4648
38,Nitemare,S/A TEC,251,Enchanting Mermaid,30,1.4648
38,Nitemare,S/A TEC,258,Beastking of the Swamps,30,1.4648
38,Nitemare,S/A TEC,270,Wetha,30,1.4648
38,Nitemare,S/A TEC,296,One-eyed Shield Dragon,30,1.4648
38,Nitemare,S/A TEC,298,Wicked Dragon with the Ersatz Head,30,1.4648
38,Nitemare,S/A TEC,307,Elf's Light,30,1.4648
38,Nitemare,S/A TEC,311,Black Pendant,30,1.4648
38,Nitemare,S/A TEC,315,Dragon Treasure,30,1.4648
38,Nitemare,S/A TEC,316,Electro-whip,60,2.9297
38,Nitemare,S/A TEC,317,Cyber Shield,60,2.9297
38,Nitemare,S/A TEC,319,Mystical Moon,30,1.4648
38,Nitemare,S/A TEC,321,Malevolent Nuzzler,30,1.4648
38,Nitemare,S/A TEC,322,Violet Crystal,30,1.4648
38,Nitemare,S/A TEC,328,Power of Kaishin,30,1.4648
38,Nitemare,S/A TEC,331,Wasteland,30,1.4648
38,Nitemare,S/A TEC,334,Umi,30,1.4648
38,Nitemare,S/A TEC,340,Goblin's Secret Remedy,30,1.4648
38,Nitemare,S/A TEC,341,Soul of the Pure,30,1.4648
38,Nitemare,S/A TEC,342,Dian Keto the Cure Master,30,1.4648
38,Nitemare,S/A TEC,347,Tremendous Fire,60,2.9297
38,Nitemare,S/A TEC,349,Spellbinding Circle,30,1.4648
38,Nitemare,S/A TEC,350,Dark-piercing Light,30,1.4648
38,Nitemare,S/A TEC,430,Water Magician,42,2.0508
38,Nitemare,S/A TEC,431,Ice Water,42,2.0508
38,Nitemare,S/A TEC,434,Beautiful Beast Trainer,10,0.4883
38,Nitemare,S/A TEC,440,7 Colored Fish,24,1.1719
38,Nitemare,S/A TEC,494,Rainbow Marine Mermaid,10,0.4883
38,Nitemare,S/A TEC,519,Fire Kraken,10,0.4883
38,Nitemare,S/A TEC,530,Eldeen,42,2.0508
38,Nitemare,S/A TEC,550,Behegon,42,2.0508
38,Nitemare,S/A TEC,596,Ghoul with an Appetite,24,1.1719
38,Nitemare,S/A TEC,615,Armored Starfish,42,2.0508
38,Nitemare,S/A TEC,617,Marine Beast,10,0.4883
38,Nitemare,S/A TEC,625,Fairy of the Fountain,24,1.1719
38,Nitemare,S/A TEC,626,Amazon of the Seas,24,1.1719
38,Nitemare,S/A TEC,649,Hibikime,24,1.1719
38,Nitemare,S/A TEC,656,Eternal Rest,25,1.2207
38,Nitemare,S/A TEC,659,Winged Trumpeter,8,0.3906
38,Nitemare,S/A TEC,661,Crush Card,25,1.2207
38,Nitemare,S/A TEC,663,Breath of Light,48,2.3438
38,Nitemare,S/A TEC,664,Eternal Draught,25,1.2207
38,Nitemare,S/A TEC,665,Curse of Millennium Shield,25,1.2207
38,Nitemare,S/A TEC,672,Harpie's Feather Duster,25,1.2207
38,Nitemare,S/A TEC,676,Commencement Dance,24,1.1719
38,Nitemare,S/A TEC,685,Acid Trap Hole,25,1.2207
38,Nitemare,S/A TEC,686,Widespread Ruin,25,1.2207
38,Nitemare,S/A TEC,687,Goblin Fan,25,1.2207
38,Nitemare,S/A TEC,688,Bad Reaction to Simochi,24,1.1719
38,Nitemare,deck,1,Blue-eyes White Dragon,32,1.5625
38,Nitemare,deck,35,Dark Magician,24,1.1719
38,Nitemare,deck,37,Gaia the Dragon Champion,24,1.1719
38,Nitemare,deck,38,Gaia the Fierce Knight,16,0.7812
38,Nitemare,deck,57,Great Moth,32,1.5625
38,Nitemare,deck,63,Harpie Lady Sisters,80,3.9062
38,Nitemare,deck,67,Perfectly Ultimate Great Moth,32,1.5625
38,Nitemare,deck,69,Thousand Dragon,16,0.7812
38,Nitemare,deck,79,Megazowler,8,0.3906
38,Nitemare,deck,82,Red-eyes B. Dragon,16,0.7812
38,Nitemare,deck,90,Gyakutenno Megami,8,0.3906
38,Nitemare,deck,99,Pumpking the King of Ghosts,8,0.3906
38,Nitemare,deck,217,B. Skull Dragon,32,1.5625
38,Nitemare,deck,223,Roaring Ocean Snake,8,0.3906
38,Nitemare,deck,358,Seiyaryu,24,1.1719
38,Nitemare,deck,364,Black Luster Soldier,32,1.5625
38,Nitemare,deck,369,Wall Shadow,16,0.7812
38,Nitemare,deck,370,Labyrinth Tank,24,1.1719
38,Nitemare,deck,371,Sanga of the Thunder,24,1.1719
38,Nitemare,deck,372,Kazejin,16,0.7812
38,Nitemare,deck,373,Suijin,24,1.1719
38,Nitemare,deck,374,Gate Guardian,32,1.5625
38,Nitemare,deck,380,Blue-eyes Ultimate Dragon,32,1.5625
38,Nitemare,deck,385,Bickuribox,16,0.7812
38,Nitemare,deck,386,Harpie's Pet Dragon,16,0.7812
38,Nitemare,deck,390,Launcher Spider,24,1.1719
38,Nitemare,deck,391,Zoa,16,0.7812
38,Nitemare,deck,392,Metalzoa,32,1.5625
38,Nitemare,deck,401,Ushi Oni,64,3.125
38,Nitemare,deck,407,Machine King,46,2.2461
38,Nitemare,deck,424,Sky Dragon,8,0.3906
38,Nitemare,deck,426,Stone D.,20,0.9766
38,Nitemare,deck,427,Kaiser Dragon,32,1.5625
38,Nitemare,deck,442,Aqua Dragon,120,5.8594
38,Nitemare,deck,443,Sea King Dragon,8,0.3906
38,Nitemare,deck,453,Millennium Golem,40,1.9531
38,Nitemare,deck,465,Punished Eagle,8,0.3906
38,Nitemare,deck,467,Crimson Sunbird,72,3.5156
38,Nitemare,deck,471,Soul Hunter,48,2.3438
38,Nitemare,deck,500,Dragon Seeker,72,3.5156
38,Nitemare,deck,509,Bracchio-raidus,40,1.9531
38,Nitemare,deck,518,Boulder Tortoise,8,0.3906
38,Nitemare,deck,520,Turtle Bird,8,0.3906
38,Nitemare,deck,522,Monstrous Bird,8,0.3906
38,Nitemare,deck,529,Flame Cerebrus,8,0.3906
38,Nitemare,deck,531,Mystical Sand,8,0.3906
38,Nitemare,deck,555,Tyhone #2,8,0.3906
38,Nitemare,deck,564,Great Mammoth of Goldfine,48,2.3438
38,Nitemare,deck,571,B. Dragon Jungle King,8,0.3906
38,Nitemare,deck,572,Empress Judge,8,0.3906
38,Nitemare,deck,594,Rose Spectre of Dunn,8,0.3906
38,Nitemare,deck,613,Twin-headed Thunder Dragon,148,7.2266
38,Nitemare,deck,627,Nekogal #2,8,0.3906
38,Nitemare,deck,645,Royal Guard,72,3.5156
38,Nitemare,deck,703,Sengenjin,32,1.5625
38,Nitemare,deck,704,Skull Guardian,16,0.7812
38,Nitemare,deck,705,Tri-horned Dragon,32,1.5625
38,Nitemare,deck,706,Serpent Night Dragon,32,1.5625
38,Nitemare,deck,707,Skull Knight,24,1.1719
38,Nitemare,deck,708,Cosmo Queen,32,1.5625
38,Nitemare,deck,709,Chakra,16,0.7812
38,Nitemare,deck,710,Crab Turtle,32,1.5625
38,Nitemare,deck,711,Mikazukinoyaiba,16,0.7812
38,Nitemare,deck,712,Meteor Dragon,90,4.3945
38,Nitemare,deck,713,Meteor B. Dragon,32,1.5625
38,Nitemare,deck,714,Firewing Pegasus,16,0.7812
38,Nitemare,deck,715,Psycho-Puppet,16,0.7812
38,Nitemare,deck,716,Garma Sword,32,1.5625
38,Nitemare,deck,717,Javelin Beetle,24,1.1719
38,Nitemare,deck,718,Fortress Whale,16,0.7812
39,Duel Master K,S/A POW,4,Baby Dragon,14,0.6836
39,Duel Master K,S/A POW,9,Shadow Specter,14,0.6836
39,Duel Master K,S/A POW,20,Left Arm of the Forbidden One,6,0.293
39,Duel Master K,S/A POW,23,The Wicked Worm Beast,14,0.6836
39,Duel Master K,S/A POW,24,Skull Servant,14,0.6836
39,Duel Master K,S/A POW,30,Zombie Warrior,28,1.3672
39,Duel Master K,S/A POW,34,Saggi the Dark Clown,14,0.6836
39,Duel Master K,S/A POW,40,Dragon Piper,14,0.6836
39,Duel Master K,S/A POW,45,Oscillo Hero #2,14,0.6836
39,Duel Master K,S/A POW,47,Torike,14,0.6836
39,Duel Master K,S/A POW,53,Killer Needle,14,0.6836
39,Duel Master K,S/A POW,59,Mammoth Graveyard,14,0.6836
39,Duel Master K,S/A POW,61,Wolf,14,0.6836
39,Duel Master K,S/A POW,65,Silver Fang,14,0.6836
39,Duel Master K,S/A POW,96,Armored Zombie,14,0.6836
39,Duel Master K,S/A POW,97,Dragon Zombie,14,0.6836
39,Duel Master K,S/A POW,98,Clown Zombie,14,0.6836
39,Duel Master K,S/A POW,103,Job-change Mirror,14,0.6836
39,Duel Master K,S/A POW,108,Graveyard and the Hand of Invitation,14,0.6836
39,Duel Master K,S/A POW,109,Goddess with the Third Eye,14,0.6836
39,Duel Master K,S/A POW,110,Hero of the East,14,0.6836
39,Duel Master K,S/A POW,118,Supporter in the Shadows,14,0.6836
39,Duel Master K,S/A POW,119,Trial of Nightmares,14,0.6836
39,Duel Master K,S/A POW,120,Dream Clown,14,0.6836
39,Duel Master K,S/A POW,132,The 13th Grave,28,1.3672
39,Duel Master K,S/A POW,133,Charubin the Fire Knight,14,0.6836
39,Duel Master K,S/A POW,135,Fiend's Hand,14,0.6836
39,Duel Master K,S/A POW,138,Dragon Statue,14,0.6836
39,Duel Master K,S/A POW,139,Blue-eyed Silver Zombie,14,0.6836
39,Duel Master K,S/A POW,140,Toad Master,26,1.2695
39,Duel Master K,S/A POW,141,Spiked Snail,14,0.6836
39,Duel Master K,S/A POW,142,Flame Manipulator,14,0.6836
39,Duel Master K,S/A POW,152,The Melting Red Shadow,14,0.6836
39,Duel Master K,S/A POW,154,Fire Reaper,14,0.6836
39,Duel Master K,S/A POW,155,Larvas,14,0.6836
39,Duel Master K,S/A POW,162,Tainted Wisdom,14,0.6836
39,Duel Master K,S/A POW,167,Ancient Jar,14,0.6836
39,Duel Master K,S/A POW,169,Dark King of the Abyss,14,0.6836
39,Duel Master K,S/A POW,171,Big Eye,14,0.6836
39,Duel Master K,S/A POW,172,Armaill,13,0.6348
39,Duel Master K,S/A POW,177,Monsturtle,28,1.3672
39,Duel Master K,S/A POW,178,Claw Reacher,13,0.6348
39,Duel Master K,S/A POW,180,Arlownay,13,0.6348
39,Duel Master K,S/A POW,181,Dark Shade,13,0.6348
39,Duel Master K,S/A POW,190,Akakieisu,13,0.6348
39,Duel Master K,S/A POW,191,LaLa Li-oon,13,0.6348
39,Duel Master K,S/A POW,196,Arma Knight,28,1.3672
39,Duel Master K,S/A POW,197,Mech Mole Zombie,13,0.6348
39,Duel Master K,S/A POW,199,Penguin Knight,13,0.6348
39,Duel Master K,S/A POW,201,Frenzied Panda,13,0.6348
39,Duel Master K,S/A POW,203,Phantom Ghost,13,0.6348
39,Duel Master K,S/A POW,205,Dorover,13,0.6348
39,Duel Master K,S/A POW,206,Twin Long Rods #1,13,0.6348
39,Duel Master K,S/A POW,211,Kaminarikozou,13,0.6348
39,Duel Master K,S/A POW,215,Flame Ghost,28,1.3672
39,Duel Master K,S/A POW,219,Solitude,13,0.6348
39,Duel Master K,S/A POW,221,Kumootoko,13,0.6348
39,Duel Master K,S/A POW,225,Fiend Sword,13,0.6348
39,Duel Master K,S/A POW,227,Hitodenchak,13,0.6348
39,Duel Master K,S/A POW,228,Wood Remains,28,1.3672
39,Duel Master K,S/A POW,231,Wood Clown,13,0.6348
39,Duel Master K,S/A POW,236,Guardian of the Labyrinth,13,0.6348
39,Duel Master K,S/A POW,237,Haniwa,13,0.6348
39,Duel Master K,S/A POW,243,Water Element,13,0.6348
39,Duel Master K,S/A POW,244,Dissolverock,28,1.3672
39,Duel Master K,S/A POW,246,One Who Hunts Souls,13,0.6348
39,Duel Master K,S/A POW,248,Master & Expert,13,0.6348
39,Duel Master K,S/A POW,250,Hyo,13,0.6348
39,Duel Master K,S/A POW,251,Enchanting Mermaid,13,0.6348
39,Duel Master K,S/A POW,253,Angelwitch,13,0.6348
39,Duel Master K,S/A POW,256,Dimensional Warrior,13,0.6348
39,Duel Master K,S/A POW,257,Stone Armadiller,28,1.3672
39,Duel Master K,S/A POW,258,Beastking of the Swamps,28,1.3672
39,Duel Master K,S/A POW,260,Lunar Queen Elzaim,13,0.6348
39,Duel Master K,S/A POW,262,The Little Swordsman of Aile,13,0.6348
39,Duel Master K,S/A POW,263,Rock Ogre Grotto #2,28,1.3672
39,Duel Master K,S/A POW,264,Wing Egg Elf,13,0.6348
39,Duel Master K,S/A POW,265,The Furious Sea King,13,0.6348
39,Duel Master K,S/A POW,269,Versago the Destroyer,13,0.6348
39,Duel Master K,S/A POW,270,Wetha,28,1.3672
39,Duel Master K,S/A POW,272,Mavelus,13,0.6348
39,Duel Master K,S/A POW,273,Ancient Tree of Enlightenment,13,0.6348
39,Duel Master K,S/A POW,274,Green Phantom King,13,0.6348
39,Duel Master K,S/A POW,276,Ray & Temperature,13,0.6348
39,Duel Master K,S/A POW,279,King Fog,13,0.6348
39,Duel Master K,S/A POW,282,Mystical Sheep #2,13,0.6348
39,Duel Master K,S/A POW,283,Holograh,13,0.6348
39,Duel Master K,S/A POW,289,Change Slime,13,0.6348
39,Duel Master K,S/A POW,290,Moon Envoy,13,0.6348
39,Duel Master K,S/A POW,292,Psychic Kappa,13,0.6348
39,Duel Master K,S/A POW,293,Masaki the Legendary Swordsman,13,0.6348
39,Duel Master K,S/A POW,294,Dragoness the Wicked Knight,13,0.6348
39,Duel Master K,S/A POW,295,Bio Plant,13,0.6348
39,Duel Master K,S/A POW,296,One-eyed Shield Dragon,13,0.6348
39,Duel Master K,S/A POW,298,Wicked Dragon with the Ersatz Head,13,0.6348
39,Duel Master K,S/A POW,335,Yami,36,1.7578
39,Duel Master K,S/A POW,393,Zone Eater,13,0.6348
39,Duel Master K,S/A POW,394,Steel Scorpion,12,0.5859
39,Duel Master K,S/A POW,398,Ooguchi,13,0.6348
39,Duel Master K,S/A POW,414,Shovel Crusher,13,0.6348
39,Duel Master K,S/A POW,432,Waterdragon Fairy,28,1.3672
39,Duel Master K,S/A POW,444,Turu-Purun,13,0.6348
39,Duel Master K,S/A POW,446,Aqua Snake,28,1.3672
39,Duel Master K,S/A POW,451,Kanikabuto,13,0.6348
39,Duel Master K,S/A POW,452,Zarigun,13,0.6348
39,Duel Master K,S/A POW,461,Bolt Penguin,26,1.2695
39,Duel Master K,S/A POW,463,Electric Snake,13,0.6348
39,Duel Master K,S/A POW,478,Insect Soldiers of the Sky,13,0.6348
39,Duel Master K,S/A POW,484,Ameba,13,0.6348
39,Duel Master K,S/A POW,496,Wilmee,13,0.6348
39,Duel Master K,S/A POW,503,Turtle Raccoon,13,0.6348
39,Duel Master K,S/A POW,516,Muka Muka,13,0.6348
39,Duel Master K,S/A POW,524,Star Boy,13,0.6348
39,Duel Master K,S/A POW,548,Bone Mouse,13,0.6348
39,Duel Master K,S/A POW,549,Frog The Jam,13,0.6348
39,Duel Master K,S/A POW,552,Winged Dragon #2,13,0.6348
39,Duel Master K,S/A POW,556,The Wandering Doomed,13,0.6348
39,Duel Master K,S/A POW,558,Pot the Trick,13,0.6348
39,Duel Master K,S/A POW,567,Darkworld Thorns,14,0.6836
39,Duel Master K,S/A POW,568,Anthrosaurus,13,0.6348
39,Duel Master K,S/A POW,573,Little D,13,0.6348
39,Duel Master K,S/A POW,576,Giant Scorpion of the Tundra,14,0.6836
39,Duel Master K,S/A POW,584,Binding Chain,14,0.6836
39,Duel Master K,S/A POW,585,Mechanical Snail,13,0.6348
39,Duel Master K,S/A POW,588,Living Vase,12,0.5859
39,Duel Master K,S/A POW,591,Morphing Jar,13,0.6348
39,Duel Master K,S/A POW,592,Muse-A,12,0.5859
39,Duel Master K,S/A POW,601,Tenderness,13,0.6348
39,Duel Master K,S/A POW,602,Penguin Soldier,13,0.6348
39,Duel Master K,S/A POW,605,Liquid Beast,13,0.6348
39,Duel Master K,S/A POW,606,Twin Long Rods #2,13,0.6348
39,Duel Master K,S/A POW,612,Lady of Faith,13,0.6348
39,Duel Master K,S/A POW,620,Snakeyashi,14,0.6836
39,Duel Master K,S/A POW,629,Armored Rat,14,0.6836
39,Duel Master K,S/A POW,642,Mystical Sheep #1,14,0.6836
39,Duel Master K,S/A POW,652,Magical Labyrinth,18,0.8789
39,Duel Master K,B/C/D,4,Baby Dragon,18,0.8789
39,Duel Master K,B/C/D,9,Shadow Specter,18,0.8789
39,Duel Master K,B/C/D,20,Left Arm of the Forbidden One,8,0.3906
39,Duel Master K,B/C/D,24,Skull Servant,18,0.8789
39,Duel Master K,B/C/D,40,Dragon Piper,18,0.8789
39,Duel Master K,B/C/D,45,Oscillo Hero #2,18,0.8789
39,Duel Master K,B/C/D,47,Torike,18,0.8789
39,Duel Master K,B/C/D,59,Mammoth Graveyard,18,0.8789
39,Duel Master K,B/C/D,61,Wolf,18,0.8789
39,Duel Master K,B/C/D,65,Silver Fang,18,0.8789
39,Duel Master K,B/C/D,96,Armored Zombie,18,0.8789
39,Duel Master K,B/C/D,97,Dragon Zombie,18,0.8789
39,Duel Master K,B/C/D,98,Clown Zombie,18,0.8789
39,Duel Master K,B/C/D,108,Graveyard and the Hand of Invitation,18,0.8789
39,Duel Master K,B/C/D,118,Supporter in the Shadows,18,0.8789
39,Duel Master K,B/C/D,133,Charubin the Fire Knight,18,0.8789
39,Duel Master K,B/C/D,135,Fiend's Hand,18,0.8789
39,Duel Master K,B/C/D,138,Dragon Statue,18,0.8789
39,Duel Master K,B/C/D,139,Blue-eyed Silver Zombie,18,0.8789
39,Duel Master K,B/C/D,140,Toad Master,36,1.7578
39,Duel Master K,B/C/D,141,Spiked Snail,18,0.8789
39,Duel Master K,B/C/D,142,Flame Manipulator,18,0.8789
39,Duel Master K,B/C/D,152,The Melting Red Shadow,18,0.8789
39,Duel Master K,B/C/D,154,Fire Reaper,18,0.8789
39,Duel Master K,B/C/D,155,Larvas,18,0.8789
39,Duel Master K,B/C/D,162,Tainted Wisdom,18,0.8789
39,Duel Master K,B/C/D,167,Ancient Jar,18,0.8789
39,Duel Master K,B/C/D,169,Dark King of the Abyss,18,0.8789
39,Duel Master K,B/C/D,172,Armaill,18,0.8789
39,Duel Master K,B/C/D,177,Monsturtle,24,1.1719
39,Duel Master K,B/C/D,178,Claw Reacher,18,0.8789
39,Duel Master K,B/C/D,180,Arlownay,18,0.8789
39,Duel Master K,B/C/D,181,Dark Shade,18,0.8789
39,Duel Master K,B/C/D,190,Akakieisu,18,0.8789
39,Duel Master K,B/C/D,191,LaLa Li-oon,18,0.8789
39,Duel Master K,B/C/D,197,Mech Mole Zombie,18,0.8789
39,Duel Master K,B/C/D,199,Penguin Knight,18,0.8789
39,Duel Master K,B/C/D,203,Phantom Ghost,18,0.8789
39,Duel Master K,B/C/D,205,Dorover,18,0.8789
39,Duel Master K,B/C/D,206,Twin Long Rods #1,18,0.8789
39,Duel Master K,B/C/D,211,Kaminarikozou,18,0.8789
39,Duel Master K,B/C/D,215,Flame Ghost,36,1.7578
39,Duel Master K,B/C/D,219,Solitude,18,0.8789
39,Duel Master K,B/C/D,227,Hitodenchak,18,0.8789
39,Duel Master K,B/C/D,228,Wood Remains,36,1.7578
39,Duel Master K,B/C/D,231,Wood Clown,18,0.8789
39,Duel Master K,B/C/D,237,Haniwa,18,0.8789
39,Duel Master K,B/C/D,243,Water Element,18,0.8789
39,Duel Master K,B/C/D,244,Dissolverock,36,1.7578
39,Duel Master K,B/C/D,250,Hyo,18,0.8789
39,Duel Master K,B/C/D,253,Angelwitch,18,0.8789
39,Duel Master K,B/C/D,257,Stone Armadiller,36,1.7578
39,Duel Master K,B/C/D,260,Lunar Queen Elzaim,18,0.8789
39,Duel Master K,B/C/D,262,The Little Swordsman of Aile,18,0.8789
39,Duel Master K,B/C/D,263,Rock Ogre Grotto #2,36,1.7578
39,Duel Master K,B/C/D,264,Wing Egg Elf,18,0.8789
39,Duel Master K,B/C/D,265,The Furious Sea King,18,0.8789
39,Duel Master K,B/C/D,269,Versago the Destroyer,18,0.8789
39,Duel Master K,B/C/D,270,Wetha,36,1.7578
39,Duel Master K,B/C/D,276,Ray & Temperature,18,0.8789
39,Duel Master K,B/C/D,279,King Fog,18,0.8789
39,Duel Master K,B/C/D,282,Mystical Sheep #2,18,0.8789
39,Duel Master K,B/C/D,283,Holograh,18,0.8789
39,Duel Master K,B/C/D,289,Change Slime,18,0.8789
39,Duel Master K,B/C/D,292,Psychic Kappa,18,0.8789
39,Duel Master K,B/C/D,295,Bio Plant,18,0.8789
39,Duel Master K,B/C/D,296,One-eyed Shield Dragon,18,0.8789
39,Duel Master K,B/C/D,298,Wicked Dragon with the Ersatz Head,18,0.8789
39,Duel Master K,B/C/D,304,Axe of Despair,24,1.1719
39,Duel Master K,B/C/D,335,Yami,48,2.3438
39,Duel Master K,B/C/D,393,Zone Eater,16,0.7812
39,Duel Master K,B/C/D,394,Steel Scorpion,16,0.7812
39,Duel Master K,B/C/D,398,Ooguchi,18,0.8789
39,Duel Master K,B/C/D,432,Waterdragon Fairy,36,1.7578
39,Duel Master K,B/C/D,444,Turu-Purun,18,0.8789
39,Duel Master K,B/C/D,446,Aqua Snake,36,1.7578
39,Duel Master K,B/C/D,451,Kanikabuto,18,0.8789
39,Duel Master K,B/C/D,452,Zarigun,18,0.8789
39,Duel Master K,B/C/D,461,Bolt Penguin,36,1.7578
39,Duel Master K,B/C/D,463,Electric Snake,18,0.8789
39,Duel Master K,B/C/D,478,Insect Soldiers of the Sky,18,0.8789
39,Duel Master K,B/C/D,484,Ameba,18,0.8789
39,Duel Master K,B/C/D,503,Turtle Raccoon,18,0.8789
39,Duel Master K,B/C/D,516,Muka Muka,18,0.8789
39,Duel Master K,B/C/D,524,Star Boy,18,0.8789
39,Duel Master K,B/C/D,548,Bone Mouse,18,0.8789
39,Duel Master K,B/C/D,549,Frog The Jam,18,0.8789
39,Duel Master K,B/C/D,556,The Wandering Doomed,18,0.8789
39,Duel Master K,B/C/D,558,Pot the Trick,18,0.8789
39,Duel Master K,B/C/D,568,Anthrosaurus,18,0.8789
39,Duel Master K,B/C/D,573,Little D,18,0.8789
39,Duel Master K,B/C/D,585,Mechanical Snail,18,0.8789
39,Duel Master K,B/C/D,588,Living Vase,16,0.7812
39,Duel Master K,B/C/D,591,Morphing Jar,18,0.8789
39,Duel Master K,B/C/D,592,Muse-A,16,0.7812
39,Duel Master K,B/C/D,602,Penguin Soldier,18,0.8789
39,Duel Master K,B/C/D,605,Liquid Beast,18,0.8789
39,Duel Master K,B/C/D,606,Twin Long Rods #2,18,0.8789
39,Duel Master K,B/C/D,612,Lady of Faith,18,0.8789
39,Duel Master K,B/C/D,629,Armored Rat,18,0.8789
39,Duel Master K,B/C/D,642,Mystical Sheep #1,18,0.8789
39,Duel Master K,B/C/D,652,Magical Labyrinth,26,1.2695
39,Duel Master K,S/A TEC,4,Baby Dragon,15,0.7324
39,Duel Master K,S/A TEC,9,Shadow Specter,15,0.7324
39,Duel Master K,S/A TEC,20,Left Arm of the Forbidden One,4,0.1953
39,Duel Master K,S/A TEC,24,Skull Servant,15,0.7324
39,Duel Master K,S/A TEC,45,Oscillo Hero #2,15,0.7324
39,Duel Master K,S/A TEC,47,Torike,15,0.7324
39,Duel Master K,S/A TEC,96,Armored Zombie,15,0.7324
39,Duel Master K,S/A TEC,97,Dragon Zombie,15,0.7324
39,Duel Master K,S/A TEC,98,Clown Zombie,17,0.8301
39,Duel Master K,S/A TEC,108,Graveyard and the Hand of Invitation,17,0.8301
39,Duel Master K,S/A TEC,133,Charubin the Fire Knight,17,0.8301
39,Duel Master K,S/A TEC,135,Fiend's Hand,17,0.8301
39,Duel Master K,S/A TEC,139,Blue-eyed Silver Zombie,17,0.8301
39,Duel Master K,S/A TEC,140,Toad Master,20,0.9766
39,Duel Master K,S/A TEC,142,Flame Manipulator,17,0.8301
39,Duel Master K,S/A TEC,152,The Melting Red Shadow,17,0.8301
39,Duel Master K,S/A TEC,154,Fire Reaper,17,0.8301
39,Duel Master K,S/A TEC,155,Larvas,17,0.8301
39,Duel Master K,S/A TEC,167,Ancient Jar,17,0.8301
39,Duel Master K,S/A TEC,177,Monsturtle,26,1.2695
39,Duel Master K,S/A TEC,178,Claw Reacher,16,0.7812
39,Duel Master K,S/A TEC,180,Arlownay,16,0.7812
39,Duel Master K,S/A TEC,190,Akakieisu,16,0.7812
39,Duel Master K,S/A TEC,191,LaLa Li-oon,16,0.7812
39,Duel Master K,S/A TEC,197,Mech Mole Zombie,16,0.7812
39,Duel Master K,S/A TEC,199,Penguin Knight,16,0.7812
39,Duel Master K,S/A TEC,203,Phantom Ghost,16,0.7812
39,Duel Master K,S/A TEC,205,Dorover,16,0.7812
39,Duel Master K,S/A TEC,206,Twin Long Rods #1,16,0.7812
39,Duel Master K,S/A TEC,211,Kaminarikozou,16,0.7812
39,Duel Master K,S/A TEC,215,Flame Ghost,26,1.2695
39,Duel Master K,S/A TEC,227,Hitodenchak,16,0.7812
39,Duel Master K,S/A TEC,228,Wood Remains,26,1.2695
39,Duel Master K,S/A TEC,237,Haniwa,16,0.7812
39,Duel Master K,S/A TEC,243,Water Element,16,0.7812
39,Duel Master K,S/A TEC,244,Dissolverock,26,1.2695
39,Duel Master K,S/A TEC,253,Angelwitch,16,0.7812
39,Duel Master K,S/A TEC,260,Lunar Queen Elzaim,16,0.7812
39,Duel Master K,S/A TEC,264,Wing Egg Elf,16,0.7812
39,Duel Master K,S/A TEC,265,The Furious Sea King,16,0.7812
39,Duel Master K,S/A TEC,270,Wetha,26,1.2695
39,Duel Master K,S/A TEC,279,King Fog,16,0.7812
39,Duel Master K,S/A TEC,282,Mystical Sheep #2,16,0.7812
39,Duel Master K,S/A TEC,283,Holograh,16,0.7812
39,Duel Master K,S/A TEC,289,Change Slime,16,0.7812
39,Duel Master K,S/A TEC,290,Moon Envoy,16,0.7812
39,Duel Master K,S/A TEC,292,Psychic Kappa,16,0.7812
39,Duel Master K,S/A TEC,295,Bio Plant,16,0.7812
39,Duel Master K,S/A TEC,298,Wicked Dragon with the Ersatz Head,16,0.7812
39,Duel Master K,S/A TEC,304,Axe of Despair,32,1.5625
39,Duel Master K,S/A TEC,306,Insect Armor with Laser Cannon,32,1.5625
39,Duel Master K,S/A TEC,317,Cyber Shield,32,1.5625
39,Duel Master K,S/A TEC,319,Mystical Moon,32,1.5625
39,Duel Master K,S/A TEC,321,Malevolent Nuzzler,32,1.5625
39,Duel Master K,S/A TEC,326,Raise Body Heat,32,1.5625
39,Duel Master K,S/A TEC,331,Wasteland,32,1.5625
39,Duel Master K,S/A TEC,334,Umi,32,1.5625
39,Duel Master K,S/A TEC,335,Yami,48,2.3438
39,Duel Master K,S/A TEC,336,Dark Hole,32,1.5625
39,Duel Master K,S/A TEC,338,Mooyan Curry,32,1.5625
39,Duel Master K,S/A TEC,339,Red Medicine,32,1.5625
39,Duel Master K,S/A TEC,340,Goblin's Secret Remedy,32,1.5625
39,Duel Master K,S/A TEC,345,Final Flame,32,1.5625
39,Duel Master K,S/A TEC,350,Dark-piercing Light,32,1.5625
39,Duel Master K,S/A TEC,393,Zone Eater,16,0.7812
39,Duel Master K,S/A TEC,394,Steel Scorpion,12,0.5859
39,Duel Master K,S/A TEC,398,Ooguchi,16,0.7812
39,Duel Master K,S/A TEC,432,Waterdragon Fairy,26,1.2695
39,Duel Master K,S/A TEC,444,Turu-Purun,16,0.7812
39,Duel Master K,S/A TEC,446,Aqua Snake,26,1.2695
39,Duel Master K,S/A TEC,451,Kanikabuto,16,0.7812
39,Duel Master K,S/A TEC,452,Zarigun,16,0.7812
39,Duel Master K,S/A TEC,461,Bolt Penguin,26,1.2695
39,Duel Master K,S/A TEC,463,Electric Snake,16,0.7812
39,Duel Master K,S/A TEC,478,Insect Soldiers of the Sky,16,0.7812
39,Duel Master K,S/A TEC,484,Ameba,16,0.7812
39,Duel Master K,S/A TEC,503,Turtle Raccoon,16,0.7812
39,Duel Master K,S/A TEC,516,Muka Muka,16,0.7812
39,Duel Master K,S/A TEC,524,Star Boy,16,0.7812
39,Duel Master K,S/A TEC,548,Bone Mouse,16,0.7812
39,Duel Master K,S/A TEC,549,Frog The Jam,16,0.7812
39,Duel Master K,S/A TEC,556,The Wandering Doomed,16,0.7812
39,Duel Master K,S/A TEC,558,Pot the Trick,16,0.7812
39,Duel Master K,S/A TEC,568,Anthrosaurus,16,0.7812
39,Duel Master K,S/A TEC,573,Little D,16,0.7812
39,Duel Master K,S/A TEC,585,Mechanical Snail,16,0.7812
39,Duel Master K,S/A TEC,588,Living Vase,12,0.5859
39,Duel Master K,S/A TEC,591,Morphing Jar,16,0.7812
39,Duel Master K,S/A TEC,592,Muse-A,12,0.5859
39,Duel Master K,S/A TEC,602,Penguin Soldier,16,0.7812
39,Duel Master K,S/A TEC,605,Liquid Beast,16,0.7812
39,Duel Master K,S/A TEC,606,Twin Long Rods #2,16,0.7812
39,Duel Master K,S/A TEC,612,Lady of Faith,16,0.7812
39,Duel Master K,S/A TEC,652,Magical Labyrinth,26,1.2695
39,Duel Master K,S/A TEC,655,Cursebreaker,23,1.123
39,Duel Master K,S/A TEC,683,Bear Trap,32,1.5625
39,Duel Master K,S/A TEC,684,Invisible Wire,32,1.5625
39,Duel Master K,S/A TEC,687,Goblin Fan,32,1.5625
39,Duel Master K,S/A TEC,688,Bad Reaction to Simochi,32,1.5625
39,Duel Master K,S/A TEC,690,Fake Trap,32,1.5625
39,Duel Master K,S/A TEC,693,Contruct of Mask,32,1.5625
39,Duel Master K,deck,9,Shadow Specter,72,3.5156
39,Duel Master K,deck,17,Right Leg of the Forbidden One,1,0.0488
39,Duel Master K,deck,18,Left Leg of the Forbidden One,1,0.0488
39,Duel Master K,deck,19,Right Arm of the Forbidden One,1,0.0488
39,Duel Master K,deck,20,Left Arm of the Forbidden One,1,0.0488
39,Duel Master K,deck,21,Exodia the Forbidden,1,0.0488
39,Duel Master K,deck,24,Skull Servant,72,3.5156
39,Duel Master K,deck,58,Kuriboh,72,3.5156
39,Duel Master K,deck,123,Dark Plant,72,3.5156
39,Duel Master K,deck,167,Ancient Jar,80,3.9062
39,Duel Master K,deck,192,Key Mace,72,3.5156
39,Duel Master K,deck,289,Change Slime,72,3.5156
39,Duel Master K,deck,338,Mooyan Curry,48,2.3438
39,Duel Master K,deck,343,Sparks,100,4.8828
39,Duel Master K,deck,387,Mystic Lamp,72,3.5156
39,Duel Master K,deck,394,Steel Scorpion,80,3.9062
39,Duel Master K,deck,395,Dancing Elf,72,3.5156
39,Duel Master K,deck,397,Leghul,70,3.418
39,Duel Master K,deck,398,Ooguchi,80,3.9062
39,Duel Master K,deck,399,Swordsman from a Foreign Land,70,3.418
39,Duel Master K,deck,402,Monster Eye,80,3.9062
39,Duel Master K,deck,411,Bat,80,3.9062
39,Duel Master K,deck,428,Magician of Faith,75,3.6621
39,Duel Master K,deck,469,Armed Ninja,80,3.9062
39,Duel Master K,deck,475,Sinister Serpent,80,3.9062
39,Duel Master K,deck,484,Ameba,80,3.9062
39,Duel Master K,deck,499,Kattapillar,80,3.9062
39,Duel Master K,deck,504,Fungi of the Musk,72,3.5156
39,Duel Master K,deck,527,Milus Radiant,80,3.9062
39,Duel Master K,deck,547,Griggle,80,3.9062
39,Duel Master K,deck,548,Bone Mouse,72,3.5156
39,Duel Master K,deck,635,Queen's Double,80,3.9062
