body_sha256,bytes,unique_image_sites,physical_site_occurrences,known_matching_c_sites,registered_assembly_sites,unregistered_candidate_sites,classification,caveat
00184d5bd1f43b3bbeb6205e6834d3b8b905781cbb0de337dcc9d66b9dc9fb73,2932,3,3,0,0,3,candidate_only_not_proven_function,exact_bytes_only_not_relocation_normalized_or_complete_image_acceptance
0029c9773ff5cf3e8b70dc26090cd630b9458915fdc8aaced66fa48f0883bda1,3928,2,2,0,0,2,candidate_only_not_proven_function,exact_bytes_only_not_relocation_normalized_or_complete_image_acceptance
00c78aea1b874fcebeb4785be30d8397168eda3a16203e89971f6cde61a6c6c1,3296,14,14,0,0,14,candidate_only_not_proven_function,exact_bytes_only_not_relocation_normalized_or_complete_image_acceptance
00d41b679179505ab50ed90c56d75a1f22783cd959ff2dd2f844693370d77489,8412,35,37,0,0,35,candidate_only_not_proven_function,exact_bytes_only_not_relocation_normalized_or_complete_image_acceptance
012b10381ff6897ac6419a9c1198d7089ff3b7ac7c23bd8a096b4d47cac7c874,156,1,1,0,0,1,candidate_only_not_proven_function,exact_bytes_only_not_relocation_normalized_or_complete_image_acceptance
01655b754961e47c0358e357c2da6274f38cdf9d5fff5c3033b6c283811e1067,9092,1,1,0,0,1,candidate_only_not_proven_function,exact_bytes_only_not_relocation_normalized_or_complete_image_acceptance
0169ef5428c037be519fd2d98edb6aa552106208f61ed9facc727d5228b91d63,4832,1,1,0,0,1,candidate_only_not_proven_function,exact_bytes_only_not_relocation_normalized_or_complete_image_acceptance
0180dfa195e6c55c270a45c9311b5e9cad15e3e89416332e9fca8bb7635532fa,1676,1,1,0,0,1,candidate_only_not_proven_function,exact_bytes_only_not_relocation_normalized_or_complete_image_acceptance
0182c88c7654b38d594b84070265f90fdaa5cd2f5e81f7b48073ffa83d50b7af,4784,5,5,0,0,5,candidate_only_not_proven_function,exact_bytes_only_not_relocation_normalized_or_complete_image_acceptance
019d2773280d37eeb4e0d76bd742855b755dc5f4b309e9e777908aeecf2af96a,1804,2,2,0,0,2,candidate_only_not_proven_function,exact_bytes_only_not_relocation_normalized_or_complete_image_acceptance
01c74d70608db6a999ae6d973bd2669157eeb7f423e6afe1091f77bbb8f43caa,1820,2,2,0,0,2,candidate_only_not_proven_function,exact_bytes_only_not_relocation_normalized_or_complete_image_acceptance
01cf378bfeb90188a93c1eae8eeadb241f17978ae7078b92082f41a5af3177f0,9476,1,1,0,0,1,candidate_only_not_proven_function,exact_bytes_only_not_relocation_normalized_or_complete_image_acceptance
01dc7ae887c0ae723d679650ab73e220fb8899e4502c58d6fb771d9ff604d33a,6688,3,3,0,0,3,candidate_only_not_proven_function,exact_bytes_only_not_relocation_normalized_or_complete_image_acceptance
0205dd15d719c4c890a4e7ab7016461df4219045179dea5e3d44cbed13f96edf,2972,8,8,0,0,8,candidate_only_not_proven_function,exact_bytes_only_not_relocation_normalized_or_complete_image_acceptance
024de4a58d40f5ddfd1d38a0648d34d296d87c463a88b2de4630f7f394c3112b,1820,2,2,0,0,2,candidate_only_not_proven_function,exact_bytes_only_not_relocation_normalized_or_complete_image_acceptance
0279f873ed5425aa255574ebf49bc490e82baa17af93358b19378467aee5ea0c,7508,3,3,0,0,3,candidate_only_not_proven_function,exact_bytes_only_not_relocation_normalized_or_complete_image_acceptance
029d925327c3bf4aeb003486ca0f5b49885588c19608e5172f999058f54bfb45,8008,1,1,0,0,1,candidate_only_not_proven_function,exact_bytes_only_not_relocation_normalized_or_complete_image_acceptance
02d042f60855887fe7c8d243179562443fb1cd5a9b4c82859c95c6ce789b962e,8412,37,37,0,0,37,candidate_only_not_proven_function,exact_bytes_only_not_relocation_normalized_or_complete_image_acceptance
02f5c4a86fbf34e40809555ed02bd793f572665a56c94b719da176ace35e77a6,1816,1,1,0,0,1,candidate_only_not_proven_function,exact_bytes_only_not_relocation_normalized_or_complete_image_acceptance
031d32f881f6b1f7dc9c829c7086624933b40625c306cda6ed8872bf3c60479e,4232,3,3,0,0,3,candidate_only_not_proven_function,exact_bytes_only_not_relocation_normalized_or_complete_image_acceptance
0423bace1c73e53f7690b5eaa2a791674ab89819668a6f30ec370ab0f326c7fb,1448,3,3,0,0,3,candidate_only_not_proven_function,exact_bytes_only_not_relocation_normalized_or_complete_image_acceptance
04761599bacf72f1876a90af37ff00171ba930014ae2490075a955b99b38ec93,1252,11,12,0,0,11,candidate_only_not_proven_function,exact_bytes_only_not_relocation_normalized_or_complete_image_acceptance
047fa9b99dd12ed3c77da29958d04e688b30f40e8290fbd620c72eae62d44acf,8836,4,4,0,0,4,candidate_only_not_proven_function,exact_bytes_only_not_relocation_normalized_or_complete_image_acceptance
04b86efdbb2d32fe586c100f173712cb4ef75c977cdf1dfdc526bfa23517e1d2,19768,1,1,0,0,1,candidate_only_not_proven_function,exact_bytes_only_not_relocation_normalized_or_complete_image_acceptance
04fb12f78d0d3f36b87b6ffdbfa36c767752dc84e1e3d7467f48cc0bc09c8420,1260,1,1,0,0,1,candidate_only_not_proven_function,exact_bytes_only_not_relocation_normalized_or_complete_image_acceptance
052d0efb78d721e98af1aa88773e1c19ac4fa1d035ffa52f7535e7d8ad6aaf4a,1252,6,6,0,0,6,candidate_only_not_proven_function,exact_bytes_only_not_relocation_normalized_or_complete_image_acceptance
053174e82fb5cff1c8fcba1aee12e27e9c2b4ea84115d5cf82f47b8198b4dde5,4652,1,1,0,0,1,candidate_only_not_proven_function,exact_bytes_only_not_relocation_normalized_or_complete_image_acceptance
0537a58923e68a4ea00569b93f517920b2c2b2dc69464600078322efe0e19f03,892,6,6,0,0,6,candidate_only_not_proven_function,exact_bytes_only_not_relocation_normalized_or_complete_image_acceptance
053c0f6fa44db54ae7af435db563ff011e27dbe9c8f8d78dc98649e5eb706a00,1252,11,12,0,0,11,candidate_only_not_proven_function,exact_bytes_only_not_relocation_normalized_or_complete_image_acceptance
05494164216e9b40050aafb60bc617e0694eeb9f5a76f5b2025250777d0ddd3f,1284,1,1,0,0,1,candidate_only_not_proven_function,exact_bytes_only_not_relocation_normalized_or_complete_image_acceptance
0553513bb77726038d94981a98d12bc329b123db179eec8239eed39771f1d078,1412,3,3,0,0,3,candidate_only_not_proven_function,exact_bytes_only_not_relocation_normalized_or_complete_image_acceptance
05a738c8c01646b38eb2ed84477a01b442b69be6844d6930a5e3422602fa788c,1768,4,4,0,0,4,candidate_only_not_proven_function,exact_bytes_only_not_relocation_normalized_or_complete_image_acceptance
05f59d648a8ded76d0d06a155a23712e393d3e0eb8a08bd3bcd541b2885d5e77,988,12,13,0,0,12,candidate_only_not_proven_function,exact_bytes_only_not_relocation_normalized_or_complete_image_acceptance
0600c063246be476957a23fa30a023b57060214a314ddce66c901ee1865e5201,2696,2,2,0,0,2,candidate_only_not_proven_function,exact_bytes_only_not_relocation_normalized_or_complete_image_acceptance
063d2ebdea5630ce12bb515578891074a7b5a0178565a8c0239b744b2b43723b,6844,1,1,0,0,1,candidate_only_not_proven_function,exact_bytes_only_not_relocation_normalized_or_complete_image_acceptance
06891778f128225675dd3a104fad66e0ef417d516c0e8d89cb5125c8fc31ec87,960,1,1,0,0,1,candidate_only_not_proven_function,exact_bytes_only_not_relocation_normalized_or_complete_image_acceptance
06aa4af45f434798413e9316fd288f34be0e283768bca13f4cf5bfce32b47249,1324,5,5,0,0,5,candidate_only_not_proven_function,exact_bytes_only_not_relocation_normalized_or_complete_image_acceptance
070e8f33787ea2d5e1be2d326c31d6d3dbfdd1e27b4d81d42b28f69f218e0328,2784,2,2,0,0,2,candidate_only_not_proven_function,exact_bytes_only_not_relocation_normalized_or_complete_image_acceptance
076a8a728622c6f1b75652bcd33b5f2a1ec22f5ee2d54300153b2720cee3f69f,1088,1,1,0,0,1,candidate_only_not_proven_function,exact_bytes_only_not_relocation_normalized_or_complete_image_acceptance
078c2e00595d089e2809324bef9a2d480c70c2597cb9ee036657b67c5de8d4d1,2480,1,1,0,0,1,candidate_only_not_proven_function,exact_bytes_only_not_relocation_normalized_or_complete_image_acceptance
079b48db1ade36f921b3b6951ed40a64980a1b015d6201b0e9c8d0f8c275ace8,784,2,2,0,0,2,candidate_only_not_proven_function,exact_bytes_only_not_relocation_normalized_or_complete_image_acceptance
07a954dcbb14ae2601c05974d37a5487bd4068771cd72d26f9c7e1c9a5d266e0,1804,2,2,0,0,2,candidate_only_not_proven_function,exact_bytes_only_not_relocation_normalized_or_complete_image_acceptance
07edba81ca2b28c0681010b18753205fe4c9c476d53cbd21d8ba64f67820e61e,6892,4,4,0,0,4,candidate_only_not_proven_function,exact_bytes_only_not_relocation_normalized_or_complete_image_acceptance
07f2cf26fdb01f6928c9127309d2d99c41305ee8db5071ce1ddb3f1746b81733,1084,2,2,0,0,2,candidate_only_not_proven_function,exact_bytes_only_not_relocation_normalized_or_complete_image_acceptance
0801bf3638eca7ab48de094bdb98a538843007e506000c33c03fb23a3486d077,1632,1,1,0,0,1,candidate_only_not_proven_function,exact_bytes_only_not_relocation_normalized_or_complete_image_acceptance
08b55b36737bac1ef90406f5ee160ffe4f14697783a54d58c8b319188f67cc9e,1292,1,1,0,0,1,candidate_only_not_proven_function,exact_bytes_only_not_relocation_normalized_or_complete_image_acceptance
08b8d93eae9e8095011b93d57ea69bae642a479394b34d753d5e680b2cf49cbd,5296,3,3,0,0,3,candidate_only_not_proven_function,exact_bytes_only_not_relocation_normalized_or_complete_image_acceptance
08f3c4dbbb146d7705bbc111d2da56508946c5c3c4eaea4cc54447cb0a854ea7,40,1,1,0,0,1,candidate_only_not_proven_function,exact_bytes_only_not_relocation_normalized_or_complete_image_acceptance
095afee2427046a36e0ebcacf2637b7a215e66410900b54cc3d5099142e9d878,4868,1,1,0,0,1,candidate_only_not_proven_function,exact_bytes_only_not_relocation_normalized_or_complete_image_acceptance
095c5a8e2e64f0151ef4efba40c66d8052f400364ea6a700b82d255d7d9a0860,2964,4,4,0,0,4,candidate_only_not_proven_function,exact_bytes_only_not_relocation_normalized_or_complete_image_acceptance
09700a7d77919cb8dee0fe8cc2f30419fdf2f261d06a08c294c5960c0c99e996,892,2,2,0,0,2,candidate_only_not_proven_function,exact_bytes_only_not_relocation_normalized_or_complete_image_acceptance
09db086e9da129565b8e1753e11507b2e63707916579a73e6eafa19e7d995343,5728,1,1,0,0,1,candidate_only_not_proven_function,exact_bytes_only_not_relocation_normalized_or_complete_image_acceptance
0a21d9ee497252bf6d66c02b20f44776f152ec70e2df8745d14b4c4ac097e4aa,6772,7,7,0,0,7,candidate_only_not_proven_function,exact_bytes_only_not_relocation_normalized_or_complete_image_acceptance
0a54ffc5c3d6599c8ec2ab7c65cf8feb764f452653de77d20a934998221fd441,4788,2,2,0,0,2,candidate_only_not_proven_function,exact_bytes_only_not_relocation_normalized_or_complete_image_acceptance
0a7b6d9d498da5c4a34f445827956dd8524ab8174679fa615a696bacc9386586,2256,1,1,0,0,1,candidate_only_not_proven_function,exact_bytes_only_not_relocation_normalized_or_complete_image_acceptance
0abd271f300c48bd7c2f01543745d988cc0033f746d94ccd92397679db2e6962,4784,5,5,0,0,5,candidate_only_not_proven_function,exact_bytes_only_not_relocation_normalized_or_complete_image_acceptance
0adaab310b244380baeb0844e39214788840dac9dd4a8f469207336e1c9d2220,1776,1,1,0,0,1,candidate_only_not_proven_function,exact_bytes_only_not_relocation_normalized_or_complete_image_acceptance
0adb97789ea5d8210d76aec6f303b3a95b0d15f861f0cf92572745775c9bc605,892,2,2,0,0,2,candidate_only_not_proven_function,exact_bytes_only_not_relocation_normalized_or_complete_image_acceptance
0adc835b1455c16a12e7fb8d1958f4973c08299f4f8b04a593c480c6edb2f3af,8912,1,1,0,0,1,candidate_only_not_proven_function,exact_bytes_only_not_relocation_normalized_or_complete_image_acceptance
0ae720ee895fe69c649619aa628b27ce5244a477316fa5cf4767b0dc2c17aff1,2272,2,2,0,0,2,candidate_only_not_proven_function,exact_bytes_only_not_relocation_normalized_or_complete_image_acceptance
0b03518a022662c8fb5fb45c8f7be6630932fe9e6eda44f6ced435a603596cee,1408,5,5,0,0,5,candidate_only_not_proven_function,exact_bytes_only_not_relocation_normalized_or_complete_image_acceptance
0b1db642422b54f4647b635686c503d22571274d3fff628e1c48254cb026c81c,3144,2,2,0,0,2,candidate_only_not_proven_function,exact_bytes_only_not_relocation_normalized_or_complete_image_acceptance
0b55ffe5f56b07fc905aa7eb62aeecb3dbc07c4f112b244139308aebd1ddc778,2364,2,2,0,0,2,candidate_only_not_proven_function,exact_bytes_only_not_relocation_normalized_or_complete_image_acceptance
0b76b43b2ec5709ee2f432e1533f4f492aaf22bab47f6a4bb0a2750d2fc9025b,8092,1,1,0,0,1,candidate_only_not_proven_function,exact_bytes_only_not_relocation_normalized_or_complete_image_acceptance
0b83e423e5c5f15d2c22af388e3485096f2d6053bda362329aface154c6eda47,868,2,2,0,0,2,candidate_only_not_proven_function,exact_bytes_only_not_relocation_normalized_or_complete_image_acceptance
0bad1e1b23b7072af10244a3fd266ac7855c2cd3cc4774589b9a166360086b7c,3036,1,1,0,0,1,candidate_only_not_proven_function,exact_bytes_only_not_relocation_normalized_or_complete_image_acceptance
0c0553aa9d00ec6b6c36f51c084948c1bc98e859dc58e78a69fbf65d84e5d3ab,1920,5,5,0,0,5,candidate_only_not_proven_function,exact_bytes_only_not_relocation_normalized_or_complete_image_acceptance
0c46a6fe151f164c4010f754b5ffbc19f8ab0cf08793e5ab138b8fe0ec393915,1896,11,12,0,0,11,candidate_only_not_proven_function,exact_bytes_only_not_relocation_normalized_or_complete_image_acceptance
0cb0b76c52e8de0f5629f91fa9798c36214cf023f20b4a33989ea4bf2008f330,1484,4,4,0,0,4,candidate_only_not_proven_function,exact_bytes_only_not_relocation_normalized_or_complete_image_acceptance
0ce5bc4856c3eaedd37bc47ee5d635d0e12a7368ea347b5d178ea22e45b96e49,4144,6,6,0,0,6,candidate_only_not_proven_function,exact_bytes_only_not_relocation_normalized_or_complete_image_acceptance
0d61fd97b3777562ce3633b6eaeef4e1c9ff3f89602def746967b3f09aeaa093,2844,5,5,0,0,5,candidate_only_not_proven_function,exact_bytes_only_not_relocation_normalized_or_complete_image_acceptance
0d892453b305fec354d9613c96f2d5f61cba016ac9a2a3d428d8d3c8e6ce512d,6488,24,27,0,0,24,candidate_only_not_proven_function,exact_bytes_only_not_relocation_normalized_or_complete_image_acceptance
0e0197197ada22fbf06ba0f800f6cf80ac0b9b75896a5f92e23bea422efa1a5a,2184,1,1,0,0,1,candidate_only_not_proven_function,exact_bytes_only_not_relocation_normalized_or_complete_image_acceptance
0e1d7e6d50492f7b397370dc94de370332eee7f2281248a02940c8997b9b4d90,3296,14,14,0,0,14,candidate_only_not_proven_function,exact_bytes_only_not_relocation_normalized_or_complete_image_acceptance
0e2b7afba6adea9f0b2dca76deee5dc115a9978669706c83df8f5f29eeb73272,8560,1,1,0,0,1,candidate_only_not_proven_function,exact_bytes_only_not_relocation_normalized_or_complete_image_acceptance
0e347c6ebb1c96a5be337a655fe6275f7a4676dfacebb94722622be3695faec8,2268,1,1,0,0,1,candidate_only_not_proven_function,exact_bytes_only_not_relocation_normalized_or_complete_image_acceptance
0e3b4eacf4acc1f26eb38b288fe40469b0391f4c6da60a9864ee301307a46da2,892,11,12,0,0,11,candidate_only_not_proven_function,exact_bytes_only_not_relocation_normalized_or_complete_image_acceptance
0e5c292b94c720bc1a8fb3d60d81a7de53ec5297037910aac0e9274a1699c858,5088,1,1,0,0,1,candidate_only_not_proven_function,exact_bytes_only_not_relocation_normalized_or_complete_image_acceptance
0e5fd070b0b913b6c99296605cd2524fdc4daeacd77561287fa7e021e479c28a,1548,6,6,0,0,6,candidate_only_not_proven_function,exact_bytes_only_not_relocation_normalized_or_complete_image_acceptance
0eaaa48ab34c6dfded8ec56cbd8253a270f5f5874fcf22b157b5c0bb9ce524e0,216,5,5,0,0,5,candidate_only_not_proven_function,exact_bytes_only_not_relocation_normalized_or_complete_image_acceptance
0ef7f3918e22adde9547c8b96d516a1f4c431829d15fcfb72199031df75ce1c9,6772,6,7,0,0,6,candidate_only_not_proven_function,exact_bytes_only_not_relocation_normalized_or_complete_image_acceptance
0f7ed212e07d6233af0d9e0f16a9d703b93589669ee44a13597b5a8888ea3cdc,2448,2,2,0,0,2,candidate_only_not_proven_function,exact_bytes_only_not_relocation_normalized_or_complete_image_acceptance
0fa22f823015a6c5b19dbc00114ee1cd35c38394ee6fc30b5778b13166695b3e,1164,1,1,0,0,1,candidate_only_not_proven_function,exact_bytes_only_not_relocation_normalized_or_complete_image_acceptance
1044549fb9a1aa0bc757967c8a250711049fdbbbfb4df2a7ffc96a6e25407784,2268,1,1,0,0,1,candidate_only_not_proven_function,exact_bytes_only_not_relocation_normalized_or_complete_image_acceptance
10740f6cd09cb88e46eb46aa3cdc9b9dce4117794db3d8bd51d9816837c8fa8f,7852,1,1,0,0,1,candidate_only_not_proven_function,exact_bytes_only_not_relocation_normalized_or_complete_image_acceptance
10e7c94904df7a74540a6e8ff92f5f4d44e8dea967ff4fd586ded72df76519c3,3316,5,5,0,0,5,candidate_only_not_proven_function,exact_bytes_only_not_relocation_normalized_or_complete_image_acceptance
10f38a5434f544486e084367ec2ca116190d84c5c99741a42ff2ba77e019c280,4016,1,1,0,0,1,candidate_only_not_proven_function,exact_bytes_only_not_relocation_normalized_or_complete_image_acceptance
11056de31be0c621bcd072c99eb24083f700be735a9d2dd8962d576a44ec11df,6816,2,2,0,0,2,candidate_only_not_proven_function,exact_bytes_only_not_relocation_normalized_or_complete_image_acceptance
111073f87a731b5e6876dfa0c695560ba1a565883663e7ff3557143667752108,4568,1,1,0,0,1,candidate_only_not_proven_function,exact_bytes_only_not_relocation_normalized_or_complete_image_acceptance
113d71c1e233aca502854ce0405a03a04111e4ce3d128d8fcdfdd83239da6b56,2392,2,2,0,0,2,candidate_only_not_proven_function,exact_bytes_only_not_relocation_normalized_or_complete_image_acceptance
11ed18e78c7ed081af4267b7ce5b8be7481ef06413043ffff1f13cddc5a26724,288,1,1,0,0,1,candidate_only_not_proven_function,exact_bytes_only_not_relocation_normalized_or_complete_image_acceptance
11ff3617f8403046744b90b7c34f6b6564ac1d5f075eed01083b2ea6dbe61c5b,892,12,13,0,0,12,candidate_only_not_proven_function,exact_bytes_only_not_relocation_normalized_or_complete_image_acceptance
121210b259597b9fb6f9802119ffa575f9b60a0bcf66091937e1dd9976c7c69a,1304,6,6,0,0,6,candidate_only_not_proven_function,exact_bytes_only_not_relocation_normalized_or_complete_image_acceptance
1246c75b7fd7e447d5b9af747907fc42f61d88ccc4e8ec9444842c46e4693383,1480,1,1,0,0,1,candidate_only_not_proven_function,exact_bytes_only_not_relocation_normalized_or_complete_image_acceptance
127f531bc4af49a381b1cba3da347e4e7bdbbcddd6bbcb8c3b2725201a6fd1b4,1252,6,6,0,0,6,candidate_only_not_proven_function,exact_bytes_only_not_relocation_normalized_or_complete_image_acceptance
12a161c5f97cf2bccf96e864caa651c6e4951c3f5d86ecb381ce157e12927a0e,5820,1,1,0,0,1,candidate_only_not_proven_function,exact_bytes_only_not_relocation_normalized_or_complete_image_acceptance
12dc5a67fde62ea79cddaded7676f6c2c2e8f713300e4b28b43a74ee7f93c8dd,2452,2,2,0,0,2,candidate_only_not_proven_function,exact_bytes_only_not_relocation_normalized_or_complete_image_acceptance
12ecef1e9e0be9f5dea9e759a68d75229bc1cc3e6cf1580ddf2599cb5c629d8a,13036,1,1,0,0,1,candidate_only_not_proven_function,exact_bytes_only_not_relocation_normalized_or_complete_image_acceptance
1341b81b27b59d707a75ffe3e536395b9d244173cf553cd0406979c123e657aa,1568,4,4,0,0,4,candidate_only_not_proven_function,exact_bytes_only_not_relocation_normalized_or_complete_image_acceptance
1376a71989278f6dd4c8f3f3c497e464378cbba86f02cdee3d9bc42cef702357,1996,2,2,0,0,2,candidate_only_not_proven_function,exact_bytes_only_not_relocation_normalized_or_complete_image_acceptance
139f98ebec03ec0a0c28e8654249e25d535b985da998b9224aa1af44403218b4,6204,2,2,0,0,2,candidate_only_not_proven_function,exact_bytes_only_not_relocation_normalized_or_complete_image_acceptance
13ff1d8b39539d51df6c378518a05d404f38c41e8659aed3b86abe328e5c7857,2224,1,1,0,0,1,candidate_only_not_proven_function,exact_bytes_only_not_relocation_normalized_or_complete_image_acceptance
1436d3d2616ef62e1d05ec8d736e254f68a1ce5b05a93d454e290a0bfeb5c8fa,4952,7,7,0,0,7,candidate_only_not_proven_function,exact_bytes_only_not_relocation_normalized_or_complete_image_acceptance
1444bd4952aa0c48a0664abbc399922283a5d54b2e588986df1bb798b509ca8b,2784,2,2,0,0,2,candidate_only_not_proven_function,exact_bytes_only_not_relocation_normalized_or_complete_image_acceptance
146f50248bf3eff924bf8bf45073dfdab59300b30296d9129a26ef4842aaa8e3,2944,1,1,0,0,1,candidate_only_not_proven_function,exact_bytes_only_not_relocation_normalized_or_complete_image_acceptance
147a6c22d856c614fa0e8b280fcaaf8d67eb678aae981ab565e2250844baab7f,6872,2,2,0,0,2,candidate_only_not_proven_function,exact_bytes_only_not_relocation_normalized_or_complete_image_acceptance
1483bb6ec5dbbe5a98a0cfa0825e118af6fd4508a0d12f4e1d080b0283d75d88,6140,2,2,0,0,2,candidate_only_not_proven_function,exact_bytes_only_not_relocation_normalized_or_complete_image_acceptance
14b9b0cc653a7ae8a2c2b8abbc74ec5356fd599a95a916a8941e485a4dfc53e0,1164,3,3,0,0,3,candidate_only_not_proven_function,exact_bytes_only_not_relocation_normalized_or_complete_image_acceptance
14c77f57393e4a1131d32456ad4481b87ad75d4428a3e06f32a5ead2f466e794,2104,8,8,0,0,8,candidate_only_not_proven_function,exact_bytes_only_not_relocation_normalized_or_complete_image_acceptance
14fedf908f1811f634ff73f5e61bdc26b7b458a7580a0d68b502e48c50eec6f6,1612,2,2,0,0,2,candidate_only_not_proven_function,exact_bytes_only_not_relocation_normalized_or_complete_image_acceptance
15000ad8311c5d6f73e5145e4af180a4378c5d109e4554dc7574043bf8ad0682,1052,1,1,0,0,1,candidate_only_not_proven_function,exact_bytes_only_not_relocation_normalized_or_complete_image_acceptance
152505518dd5a29bc470ee62b4bd6c480adc22c21c909ab3fd317550a066eeae,1272,2,2,0,0,2,candidate_only_not_proven_function,exact_bytes_only_not_relocation_normalized_or_complete_image_acceptance
15bfcceb0a31b99ba9fe49ca73177a3f2644df67f36c2eb872cef8f6f3bdd681,5388,1,1,0,0,1,candidate_only_not_proven_function,exact_bytes_only_not_relocation_normalized_or_complete_image_acceptance
15cfa1e79da1d586ba9d377b2c8e8ab6e1fface578a718b52c673545b73b5577,1548,5,6,0,0,5,candidate_only_not_proven_function,exact_bytes_only_not_relocation_normalized_or_complete_image_acceptance
161fe68c5c189cacad0cae96918b1201f2c486f7192da8d99dc5cee6507cf701,8460,1,1,0,0,1,candidate_only_not_proven_function,exact_bytes_only_not_relocation_normalized_or_complete_image_acceptance
162943df9c519357bb089c51e1a7f1c2f4f619730054e01e977cef69c4bdd511,4924,3,3,0,0,3,candidate_only_not_proven_function,exact_bytes_only_not_relocation_normalized_or_complete_image_acceptance
16483f4522ca742afad71974dd594d348c0c80e714879c1948b7a75e52fe9818,3552,1,1,0,0,1,candidate_only_not_proven_function,exact_bytes_only_not_relocation_normalized_or_complete_image_acceptance
167f75c507e19d4ad8fe4e41b0bfb881bd2c6542099762dcfad0d7750e4d5a47,1408,2,2,0,0,2,candidate_only_not_proven_function,exact_bytes_only_not_relocation_normalized_or_complete_image_acceptance
168e8272bf99da5ffd9ac0584bbad4d0daad31f919aa111b2f9a4c1baa75ce9c,1308,4,4,0,0,4,candidate_only_not_proven_function,exact_bytes_only_not_relocation_normalized_or_complete_image_acceptance
16aa273571c0b25e39d85717f034e5b07ee9bd8d6bde74da9f5059666da9c388,10040,2,2,0,0,2,candidate_only_not_proven_function,exact_bytes_only_not_relocation_normalized_or_complete_image_acceptance
177059537f50234123093ea8b577d2f04142f8df4c80ec4dab1590fe981f20de,1352,2,2,0,0,2,candidate_only_not_proven_function,exact_bytes_only_not_relocation_normalized_or_complete_image_acceptance
17c690771261fad28aad500f5e985a59a7d73dda0b69f0d5984dc86515a7ba1f,2304,2,2,0,0,2,candidate_only_not_proven_function,exact_bytes_only_not_relocation_normalized_or_complete_image_acceptance
181dd265c02d7447c2a72ac40b1f4c82ceddbb6d1fe0e63cce68361f6d71bbfa,2344,11,11,0,0,11,candidate_only_not_proven_function,exact_bytes_only_not_relocation_normalized_or_complete_image_acceptance
1820093693116e55f0ee9f052aaedbc0a454c9a71a50e9f96359f5676c757475,3868,3,3,0,0,3,candidate_only_not_proven_function,exact_bytes_only_not_relocation_normalized_or_complete_image_acceptance
1820b3722c06be767f9865f10102c6ca2ab63c31d824955868ac86957ea1f556,1304,6,6,0,0,6,candidate_only_not_proven_function,exact_bytes_only_not_relocation_normalized_or_complete_image_acceptance
182cc9681797e8de144e3273514e7c2094cc503f83390f523c49442c87b28e5f,7292,2,2,0,0,2,candidate_only_not_proven_function,exact_bytes_only_not_relocation_normalized_or_complete_image_acceptance
183c3671dfec959104990614db321f7950eb90266e8cb0d022fd97ef86840952,4440,11,11,0,0,11,candidate_only_not_proven_function,exact_bytes_only_not_relocation_normalized_or_complete_image_acceptance
1855be463b1e995524d5d5c871d67322e6b9b8379a881f4cc74e367fbf805dd4,980,3,3,0,0,3,candidate_only_not_proven_function,exact_bytes_only_not_relocation_normalized_or_complete_image_acceptance
185d5b552b11cb3aa7982d4b61d14157b0c8c758ff25af3cff91cbcc4f6b8cb8,4476,1,1,0,0,1,candidate_only_not_proven_function,exact_bytes_only_not_relocation_normalized_or_complete_image_acceptance
1868ba05b472b15bbbe0dc3660eab1d3813caed69bf6e9c4648475115a6152e8,1396,3,3,0,0,3,candidate_only_not_proven_function,exact_bytes_only_not_relocation_normalized_or_complete_image_acceptance
189d4383f35f5bffacb13dd7d07232a1ab2662855b1bf473ae58cedb09061941,1592,2,2,0,0,2,candidate_only_not_proven_function,exact_bytes_only_not_relocation_normalized_or_complete_image_acceptance
18f657020fcbb9ee595dd976d3d03f1e235bd28264d5145924f177a9c101d324,15056,1,1,0,0,1,candidate_only_not_proven_function,exact_bytes_only_not_relocation_normalized_or_complete_image_acceptance
19d24b2cf9066dfc0aa3057123bc913507123588a9e939da64e3b77aa83f6aed,2608,3,3,0,0,3,candidate_only_not_proven_function,exact_bytes_only_not_relocation_normalized_or_complete_image_acceptance
1a2a598890bc960e0cd5894b2b921f9a2b2770c5453f72d71119454e1b176b45,1288,1,1,0,0,1,candidate_only_not_proven_function,exact_bytes_only_not_relocation_normalized_or_complete_image_acceptance
1aa0bfc6dd01bc879b99e7cefbbdce269e2ac7398f93a9094671ce73e9365933,3904,1,1,0,0,1,candidate_only_not_proven_function,exact_bytes_only_not_relocation_normalized_or_complete_image_acceptance
1b4ad58234b966754d8db2ea4cdc271ade7ad99f49a5f5fda87b960b531d2753,15264,3,3,0,0,3,candidate_only_not_proven_function,exact_bytes_only_not_relocation_normalized_or_complete_image_acceptance
1b8cd02679f5099b6b9a09878fe106289a0c20f1bc4a8e6a2dabef4b4cb94c7a,1612,11,13,0,0,11,candidate_only_not_proven_function,exact_bytes_only_not_relocation_normalized_or_complete_image_acceptance
1ba632f2b83107614b4b5194433c993c08d0e516c0a1a45530310ce99df6b614,1212,2,2,0,0,2,candidate_only_not_proven_function,exact_bytes_only_not_relocation_normalized_or_complete_image_acceptance
1bcfbc81cce229113d1ff638b8ed028dfe99e52705e4fc3a98808d0ffce57499,8020,1,1,0,0,1,candidate_only_not_proven_function,exact_bytes_only_not_relocation_normalized_or_complete_image_acceptance
1bd75422873ab585a03955b5e9080fd0f903622b082e54dc0b02f3c10285e533,3840,2,2,0,0,2,candidate_only_not_proven_function,exact_bytes_only_not_relocation_normalized_or_complete_image_acceptance
1bef9db641c96dd4a01122ee8c5d9d631a2c98bef9097a2cd7edb9dd7ccf4a57,1612,5,5,0,0,5,candidate_only_not_proven_function,exact_bytes_only_not_relocation_normalized_or_complete_image_acceptance
1c121286a779fd29236d4181f96c8aec8ff478d604b2e6bd4afe56b20fad536b,7832,1,1,0,0,1,candidate_only_not_proven_function,exact_bytes_only_not_relocation_normalized_or_complete_image_acceptance
1c8e6f33494efb74e8312e4fe56b362aa33e4bbe9766ff2d0c1c042cfae18372,2612,1,1,0,0,1,candidate_only_not_proven_function,exact_bytes_only_not_relocation_normalized_or_complete_image_acceptance
1cb19264d87f63c6488960a2dfdcbf0a2289de04a5f06ac673bad413596cc753,1180,1,1,0,0,1,candidate_only_not_proven_function,exact_bytes_only_not_relocation_normalized_or_complete_image_acceptance
1d381bcb9240ef76f5c61daed326d9fbfb386b47e6c0e5a0f409c5b5f9ee2eca,856,1,1,0,0,1,candidate_only_not_proven_function,exact_bytes_only_not_relocation_normalized_or_complete_image_acceptance
1d4e8a90af4c3373697bc663f2c581c12ecbdfaa73029d89e9db633a3396d6b6,1324,5,5,0,0,5,candidate_only_not_proven_function,exact_bytes_only_not_relocation_normalized_or_complete_image_acceptance
1d516fa79fc02717ff7a66fde33b0a450a0f9fff498a81a00cb101a657a894e1,4976,2,2,0,0,2,candidate_only_not_proven_function,exact_bytes_only_not_relocation_normalized_or_complete_image_acceptance
1d85fc45d049bc8e47a0a2009e878af03f6389b1991b2ad2cfb599740e4452c8,2048,6,6,0,0,6,candidate_only_not_proven_function,exact_bytes_only_not_relocation_normalized_or_complete_image_acceptance
1d9645d7861abc989a2fbf90c38c924b680dde96bebc2a69f071fc55fbb51b6d,1160,11,11,0,0,11,candidate_only_not_proven_function,exact_bytes_only_not_relocation_normalized_or_complete_image_acceptance
1deb35cc1c96cfda18116f1d9bcb60d4da49e6625c95d94ea47d84a7ff01618f,7832,1,1,0,0,1,candidate_only_not_proven_function,exact_bytes_only_not_relocation_normalized_or_complete_image_acceptance
1df48d423aefaf60cc47317ac59ebccc41fcab2b5628803b33a4e207f6f505d2,3360,2,2,0,0,2,candidate_only_not_proven_function,exact_bytes_only_not_relocation_normalized_or_complete_image_acceptance
1df794aa7374eaff40d47d66bbcdc251e1747ff0b6ae2f58dde0e6d039937f8d,7060,3,3,0,0,3,candidate_only_not_proven_function,exact_bytes_only_not_relocation_normalized_or_complete_image_acceptance
1e887c05f5e8f0158198e8089948d26b3d39fb0153eb638eb1c6c557859d7750,1472,1,1,0,0,1,candidate_only_not_proven_function,exact_bytes_only_not_relocation_normalized_or_complete_image_acceptance
1ecb3ea4c7947f6523a6faf5ded930d81abf557df03174f567451d1a01da0416,868,2,2,0,0,2,candidate_only_not_proven_function,exact_bytes_only_not_relocation_normalized_or_complete_image_acceptance
1f1def6f0ae45aefbbd3113a28703c8ff87fcea5349663f42bf9d4252041ea4c,4356,1,1,0,0,1,candidate_only_not_proven_function,exact_bytes_only_not_relocation_normalized_or_complete_image_acceptance
1f4558ea7492745438b1f2575c5c3c60b31fc2630880863e2173975a1876888e,7788,3,3,0,0,3,candidate_only_not_proven_function,exact_bytes_only_not_relocation_normalized_or_complete_image_acceptance
1f5a3dae44b93c8e8bb722725211499ee30af7b0234f8e02d0fd8eea812d74db,1128,3,3,0,0,3,candidate_only_not_proven_function,exact_bytes_only_not_relocation_normalized_or_complete_image_acceptance
1f8f3507823c9866442def173a56770dc5640c5e3df5e7ac2c6ce7b027a3c7f7,3496,1,1,0,0,1,candidate_only_not_proven_function,exact_bytes_only_not_relocation_normalized_or_complete_image_acceptance
1fcd7e54b4d2955b8dcc78c5c9908be0692fe6d94e5145fbcf8a48e8e5732d36,2624,1,1,0,0,1,candidate_only_not_proven_function,exact_bytes_only_not_relocation_normalized_or_complete_image_acceptance
1fe4f0290e43cb5350ae12cd965b689758caf0887e9dcdc3c71810f595a99933,2672,1,1,0,0,1,candidate_only_not_proven_function,exact_bytes_only_not_relocation_normalized_or_complete_image_acceptance
1feca147887686a04cdc6d7740a6c0c1d8f689d82b37c010fcd2537a2f9e165a,868,6,6,0,0,6,candidate_only_not_proven_function,exact_bytes_only_not_relocation_normalized_or_complete_image_acceptance
2010e8b442e35227daa3d80b2a125c4d3629e4455ce6f0600323442ec8839a41,1408,5,5,0,0,5,candidate_only_not_proven_function,exact_bytes_only_not_relocation_normalized_or_complete_image_acceptance
20365ab0e84d410ac2a8dbf2efaf76e5c8369d8c1fd12aff105889443c03ebf1,1720,1,1,0,0,1,candidate_only_not_proven_function,exact_bytes_only_not_relocation_normalized_or_complete_image_acceptance
2074a90b75eb52814d7ca5058d9692c7982d77621dc9e3d3177f29566bd76f0e,1372,2,2,0,0,2,candidate_only_not_proven_function,exact_bytes_only_not_relocation_normalized_or_complete_image_acceptance
208ecf22dab70cd43ae52b551c10ce4d1f9f00477e01201f3232b176292d72e6,2608,3,3,0,0,3,candidate_only_not_proven_function,exact_bytes_only_not_relocation_normalized_or_complete_image_acceptance
209dbf1b4c53fad4498df31b4416bb34e7795fb2597f7a217e4c0d62adb46e64,2804,3,3,0,0,3,candidate_only_not_proven_function,exact_bytes_only_not_relocation_normalized_or_complete_image_acceptance
2123d9a4e45cb3fd1452ac3627988a5f0f099a2085679163eaa8d21eb91b3918,3540,1,1,0,0,1,candidate_only_not_proven_function,exact_bytes_only_not_relocation_normalized_or_complete_image_acceptance
2188d9d6c12b26eb0dd18b01aca9673687bcb77ae43ec252a3f2c9f08fa4dd77,384,1,1,0,0,1,candidate_only_not_proven_function,exact_bytes_only_not_relocation_normalized_or_complete_image_acceptance
21e04e3e05faae6927ca39f9a2a3dc60d95ff29071c6653e31858ecfb67edc89,15720,1,1,0,0,1,candidate_only_not_proven_function,exact_bytes_only_not_relocation_normalized_or_complete_image_acceptance
220795cc4dc24505e112487ce4ea60780415e21f3ae4e3351c4f117a1c5772fb,1152,2,2,0,0,2,candidate_only_not_proven_function,exact_bytes_only_not_relocation_normalized_or_complete_image_acceptance
2218123cfb050f1e75b32723a09dad7370367325fae4abe7ddd580470adc75f6,15044,1,1,0,0,1,candidate_only_not_proven_function,exact_bytes_only_not_relocation_normalized_or_complete_image_acceptance
223321c6eecca9c8f22bd69563f1eb337179a85b7f02156b6cffa1987e47db62,1468,6,6,0,0,6,candidate_only_not_proven_function,exact_bytes_only_not_relocation_normalized_or_complete_image_acceptance
22c2375f95c2d05d92c016e786eb7b6821392f3f2fa421e5bd1d27387f53c359,2360,1,1,0,0,1,candidate_only_not_proven_function,exact_bytes_only_not_relocation_normalized_or_complete_image_acceptance
2319599e088aa905f985ed2f880310a2f214a5e306010696e5b432ae2267984b,1364,2,2,0,0,2,candidate_only_not_proven_function,exact_bytes_only_not_relocation_normalized_or_complete_image_acceptance
234ba684845cf34ff07240b421e3c7f2cb4b1e4f8745d58f4462ab4ef8af795c,15720,1,1,0,0,1,candidate_only_not_proven_function,exact_bytes_only_not_relocation_normalized_or_complete_image_acceptance
237ca53d2d5bfaad72650c78dd920fa7ef1b0bd84c84aae3818d1e06446ca0df,3324,4,4,0,0,4,candidate_only_not_proven_function,exact_bytes_only_not_relocation_normalized_or_complete_image_acceptance
2383d280ff4f6133a8d1a21f37654160f0cc315ac892da140088a4d13c06abea,868,2,2,0,0,2,candidate_only_not_proven_function,exact_bytes_only_not_relocation_normalized_or_complete_image_acceptance
2394547ca2206e8fe4269789ee8b50c356e56422bfb26e3364a36711a2bdd052,4556,6,6,0,0,6,candidate_only_not_proven_function,exact_bytes_only_not_relocation_normalized_or_complete_image_acceptance
23ad0465b41288e1c84d23acd99f2deeed71a2d25f0c2e99a7cb368c55bd5e53,6420,12,12,0,0,12,candidate_only_not_proven_function,exact_bytes_only_not_relocation_normalized_or_complete_image_acceptance
24b5868b315f54769ac93c298220747b9112aa10e4b11ad1d1388f15761b7b00,944,1,1,0,0,1,candidate_only_not_proven_function,exact_bytes_only_not_relocation_normalized_or_complete_image_acceptance
24dca0c32faf33b1f01394bd1d1cb9df5bf064642af7296e1d1d8184cfea7e70,2268,1,1,0,0,1,candidate_only_not_proven_function,exact_bytes_only_not_relocation_normalized_or_complete_image_acceptance
25124f442d64d12db4508067c186dbfc72d7801d542efc30e1fa29b8a390a02c,9440,2,2,0,0,2,candidate_only_not_proven_function,exact_bytes_only_not_relocation_normalized_or_complete_image_acceptance
256557921c3e85d82cacf7a8ad366a4396b30ed0de1b6dfe8959b9d93d92a589,4412,2,2,0,0,2,candidate_only_not_proven_function,exact_bytes_only_not_relocation_normalized_or_complete_image_acceptance
2582c003c809e369721bc902d4b0fe911316ba707480b4c4f5cc4218cea37d23,3504,1,1,0,0,1,candidate_only_not_proven_function,exact_bytes_only_not_relocation_normalized_or_complete_image_acceptance
25bc95ca1e242350d8731e745cb115420cac13e85dcf7f6d1a5d4272cbe3d062,6140,2,2,0,0,2,candidate_only_not_proven_function,exact_bytes_only_not_relocation_normalized_or_complete_image_acceptance
25f73196c2bfbe17391e17a12f628550482cba6bd33b884e3fc47803ad9cb6db,1504,1,1,0,0,1,candidate_only_not_proven_function,exact_bytes_only_not_relocation_normalized_or_complete_image_acceptance
25fb2f3cb107b6789a7f383f5e718e568ba88f6d2d31145c8137ba1ee8803580,7752,7,7,0,0,7,candidate_only_not_proven_function,exact_bytes_only_not_relocation_normalized_or_complete_image_acceptance
2612a0f4146025013e7a18ff2c1f0b94cb485e1d9e5d2246c2a5abb2c164a758,1108,2,2,0,0,2,candidate_only_not_proven_function,exact_bytes_only_not_relocation_normalized_or_complete_image_acceptance
263ce050e02338190933ef65073bc30fe1f4463ba10a39519e003f4a6ed7cb03,2072,2,2,0,0,2,candidate_only_not_proven_function,exact_bytes_only_not_relocation_normalized_or_complete_image_acceptance
265799bc8a68fa0738e86e19d6e9047ffd83fb7a6d6680fa3cc52dc63f0d3b92,1912,1,1,0,0,1,candidate_only_not_proven_function,exact_bytes_only_not_relocation_normalized_or_complete_image_acceptance
267a0d146c55f77e5229b5d6b598c7bd683d94007a4736cf438bf9d85bc035d3,5260,1,1,0,0,1,candidate_only_not_proven_function,exact_bytes_only_not_relocation_normalized_or_complete_image_acceptance
2681d6a7d58bb5d3f524be2820adafc512f7ee9c13547bea737cdce357697324,5560,6,6,0,0,6,candidate_only_not_proven_function,exact_bytes_only_not_relocation_normalized_or_complete_image_acceptance
26d3a809c789301d21d559d8f961c7d257301e7d507dc7cb5440bac489d4c07e,1504,1,1,0,0,1,candidate_only_not_proven_function,exact_bytes_only_not_relocation_normalized_or_complete_image_acceptance
26e675eec86fb1a756d4bd669f89d2bc1f95194ff352477dd630ea94b81ff76b,11156,2,2,0,0,2,candidate_only_not_proven_function,exact_bytes_only_not_relocation_normalized_or_complete_image_acceptance
2706ecef47211f1409f4b95572daf162c262b606965e16de69eb39d4888f3408,9740,3,3,0,0,3,candidate_only_not_proven_function,exact_bytes_only_not_relocation_normalized_or_complete_image_acceptance
27121d823e4c40064b4fe3e089213970619738511c5d4e98865aab92f53f3890,9472,1,1,0,0,1,candidate_only_not_proven_function,exact_bytes_only_not_relocation_normalized_or_complete_image_acceptance
271c1cfa536a6fa3d190e6f4a193021bbeecd2b6e5187478ae24260c6b0546c6,5312,1,1,0,0,1,candidate_only_not_proven_function,exact_bytes_only_not_relocation_normalized_or_complete_image_acceptance
274ea83fe2d96ea4e434b2671e6d5b986966f664face82a74cc51ed119bb64ea,1384,2,2,0,0,2,candidate_only_not_proven_function,exact_bytes_only_not_relocation_normalized_or_complete_image_acceptance
2753b28bbdf01823e4b8f738e075d69ff18c8d49762b164ed8061a6fa73e2fd1,1004,2,2,0,0,2,candidate_only_not_proven_function,exact_bytes_only_not_relocation_normalized_or_complete_image_acceptance
275846445fc22bbcfe4e307560a8ac02e7885b5a7fb083828ea1a77d95f434e2,3100,6,6,0,0,6,candidate_only_not_proven_function,exact_bytes_only_not_relocation_normalized_or_complete_image_acceptance
276291ce8baeb8224466f0935925213402e524d540d0671c9956a61d6bf670bf,3796,1,1,0,0,1,candidate_only_not_proven_function,exact_bytes_only_not_relocation_normalized_or_complete_image_acceptance
277455af10057317e924e486142aa010443fd2ec803622f3b23ff43abb685c9e,9580,2,2,0,0,2,candidate_only_not_proven_function,exact_bytes_only_not_relocation_normalized_or_complete_image_acceptance
278f3a464df3bc404953fab1b46494e1abbb2b2d53f6249fba5df193af506f28,15528,1,1,0,0,1,candidate_only_not_proven_function,exact_bytes_only_not_relocation_normalized_or_complete_image_acceptance
27b0be1ee593f3fd9bbe58489b3347b39f50b10a1d1fcc93b59c550b157d9069,9740,3,3,0,0,3,candidate_only_not_proven_function,exact_bytes_only_not_relocation_normalized_or_complete_image_acceptance
27eb5e7e9170bd6dd4d12e2b4d6a635f1ec112fa00852d1e0de43860ad11213c,2584,2,2,0,0,2,candidate_only_not_proven_function,exact_bytes_only_not_relocation_normalized_or_complete_image_acceptance
27f58e1cedc65ca7f73271ad0d082be119e92b02e3c9dafd5f4e5362ea6ba4e1,11252,1,1,0,0,1,candidate_only_not_proven_function,exact_bytes_only_not_relocation_normalized_or_complete_image_acceptance
28069df4aca4ec4438fae6e971dcaf823bdc4cd926d8a8e94ae12b68bd4f6b3f,3684,4,4,0,0,4,candidate_only_not_proven_function,exact_bytes_only_not_relocation_normalized_or_complete_image_acceptance
281362a0dc6c4abe10aa9f061acadc8d58b88cd4f64b63869ea515da983255b6,3496,1,1,0,0,1,candidate_only_not_proven_function,exact_bytes_only_not_relocation_normalized_or_complete_image_acceptance
28353eece5564d1614f3a4db535ebe358588888fae38253aa9f0444ce14b012b,3496,1,1,0,0,1,candidate_only_not_proven_function,exact_bytes_only_not_relocation_normalized_or_complete_image_acceptance
287c13c2c3e42e6ee7596e67dda652442b78a00a2d37236e52290a102398864a,1680,6,6,0,0,6,candidate_only_not_proven_function,exact_bytes_only_not_relocation_normalized_or_complete_image_acceptance
28936cdc328b97a1df1025ab9f75c1f78c58a0d121c4ab4d186e9edc3fea65f0,3756,6,6,0,0,6,candidate_only_not_proven_function,exact_bytes_only_not_relocation_normalized_or_complete_image_acceptance
289dcd3e3afab3742a538d1316eafbbb4e519b8200790ce0e1e29d99b48301ed,2556,4,4,0,0,4,candidate_only_not_proven_function,exact_bytes_only_not_relocation_normalized_or_complete_image_acceptance
28ae5e42671cfdfad7f35fd2c51b04bccc32bed74960e9a35400a3fede022e1a,6528,2,2,0,0,2,candidate_only_not_proven_function,exact_bytes_only_not_relocation_normalized_or_complete_image_acceptance
28aefbeb490747c00609ec178c14b357f5823fc3c25917899e05e5b84e446c6d,8560,1,1,0,0,1,candidate_only_not_proven_function,exact_bytes_only_not_relocation_normalized_or_complete_image_acceptance
28ba351c35699a9e0752349c20fefcdb82f0733ef8522ec2e8ae44f5dc969dcb,1192,4,4,0,0,4,candidate_only_not_proven_function,exact_bytes_only_not_relocation_normalized_or_complete_image_acceptance
28c38bf20a7a156e253817c70ef86e3c1cd16fb2d5612aaaec9e3e4bf8c00569,7332,1,1,0,0,1,candidate_only_not_proven_function,exact_bytes_only_not_relocation_normalized_or_complete_image_acceptance
296b70d1009fbdfd23042dcadd7d20e46df6c1ae4cc3e8b47cf811ca771295d3,2932,3,3,0,0,3,candidate_only_not_proven_function,exact_bytes_only_not_relocation_normalized_or_complete_image_acceptance
29ab2f81c786df4ebd5d266ad6771d021b8f8aff35124a40be87ca3d680e2e26,10956,3,3,0,0,3,candidate_only_not_proven_function,exact_bytes_only_not_relocation_normalized_or_complete_image_acceptance
29fc8d1cb28172a062c4a0e6221d2abacf43a16eaaca139137c3cdd85ac5e2e3,8020,1,1,0,0,1,candidate_only_not_proven_function,exact_bytes_only_not_relocation_normalized_or_complete_image_acceptance
2a3d459544c833b4fb6641010b69fef0bce7e3fd6e9bd38f5ee451d00ea791fd,6364,4,4,0,0,4,candidate_only_not_proven_function,exact_bytes_only_not_relocation_normalized_or_complete_image_acceptance
2a721a4724cabae11d9c8ea380cb3c5c24adfa36216c686b6e9b869809392a30,10860,1,1,0,0,1,candidate_only_not_proven_function,exact_bytes_only_not_relocation_normalized_or_complete_image_acceptance
2a890ffecb98fe99c418a717b03dec3852d1732e166a401cd4a1d14f4cbccb92,1152,2,2,0,0,2,candidate_only_not_proven_function,exact_bytes_only_not_relocation_normalized_or_complete_image_acceptance
2ab4078ca8551815d41530239538c6c86f418d68f1ed04cfa279665197ca6923,1448,1,1,0,0,1,candidate_only_not_proven_function,exact_bytes_only_not_relocation_normalized_or_complete_image_acceptance
2ad34794912586df485eb13fb12671f0010435cb4658cf3ee198898a418e8632,776,6,6,0,0,6,candidate_only_not_proven_function,exact_bytes_only_not_relocation_normalized_or_complete_image_acceptance
2b057054df330ef303f98b896e760ef3119dc5386741fe71ec3d719ded22c521,9924,2,2,0,0,2,candidate_only_not_proven_function,exact_bytes_only_not_relocation_normalized_or_complete_image_acceptance
2b2a7b147e1845925f57122327d9198a5a64038ef46d9eb098646b1999b91605,3476,1,1,0,0,1,candidate_only_not_proven_function,exact_bytes_only_not_relocation_normalized_or_complete_image_acceptance
2b5030ea8f1d9284d875cd231c0708a1697cb84b0869dc3af0b3a4e4173ef3c7,5420,1,1,0,0,1,candidate_only_not_proven_function,exact_bytes_only_not_relocation_normalized_or_complete_image_acceptance
2bc2f5d74091c28acd8f657a1ec91ea7ba56cf2e6f242a6f91ed4208a8e7faf8,3128,1,1,0,0,1,candidate_only_not_proven_function,exact_bytes_only_not_relocation_normalized_or_complete_image_acceptance
2beeab9bb26bc03be418f631fdc2d4b15dcac0eeac5717dba13f76e2b52066d6,4652,7,7,0,0,7,candidate_only_not_proven_function,exact_bytes_only_not_relocation_normalized_or_complete_image_acceptance
2c60a59a7eefcf558cd5c806198803db6e4b67e0401a140da748a566a3d60d44,892,2,2,0,0,2,candidate_only_not_proven_function,exact_bytes_only_not_relocation_normalized_or_complete_image_acceptance
2cd712c077ac71bc8875392dfcb160c571101b0c98622718897b8fd623aed79f,4536,5,5,0,0,5,candidate_only_not_proven_function,exact_bytes_only_not_relocation_normalized_or_complete_image_acceptance
2ce23a1ffe88f63793c03ee1b3e8444236f405af797a8726441eb8630549ee49,3504,2,2,0,0,2,candidate_only_not_proven_function,exact_bytes_only_not_relocation_normalized_or_complete_image_acceptance
2d34671cf20fb1b903b43b9fb12fbaa121254363d65b8b8990702d822d850eaa,4704,2,2,0,0,2,candidate_only_not_proven_function,exact_bytes_only_not_relocation_normalized_or_complete_image_acceptance
2d44cd5840bfd4f6677a756e767e1068a4301bbf13f5a51c526155008d07f94c,940,1,1,0,0,1,candidate_only_not_proven_function,exact_bytes_only_not_relocation_normalized_or_complete_image_acceptance
2d46d00dd16feee0dcd71d4a735cc9640d3e66a829aa1310fa200ea41ce53fd6,1592,2,2,0,0,2,candidate_only_not_proven_function,exact_bytes_only_not_relocation_normalized_or_complete_image_acceptance
2d601a5432683205425405ac265f5fc95ca1b99c37028ce6fff84d240b7c12f8,3076,6,6,0,0,6,candidate_only_not_proven_function,exact_bytes_only_not_relocation_normalized_or_complete_image_acceptance
2d6828377b6ae7d8d61a915985ce2af67109f0d913c3a2cc1715af97f7827d7b,1208,8,8,0,0,8,candidate_only_not_proven_function,exact_bytes_only_not_relocation_normalized_or_complete_image_acceptance
2dbe50ae6abf9145eb66e87ca0e858dc82819806d065ab7b74d9023306b44f43,14340,1,1,0,0,1,candidate_only_not_proven_function,exact_bytes_only_not_relocation_normalized_or_complete_image_acceptance
2dc92fb7cdd14b834afe36775bec17b5e4b787e0afce3d4fdcfc9e5e48728182,1348,1,1,0,0,1,candidate_only_not_proven_function,exact_bytes_only_not_relocation_normalized_or_complete_image_acceptance
2e2d5cd56d71dbc73af424eb40d47ccf8cd94a6ca29bdb325a376c654a48704f,3092,4,4,0,0,4,candidate_only_not_proven_function,exact_bytes_only_not_relocation_normalized_or_complete_image_acceptance
2e347b0690053dadb13d70bcb88f0f049ff11bd5f6e472c60c4cedbc51aa9360,788,2,2,0,0,2,candidate_only_not_proven_function,exact_bytes_only_not_relocation_normalized_or_complete_image_acceptance
2e55431f68772f398eae9ab32fbfb70476496c316de097bbf0c24c9cae130776,1296,1,1,0,0,1,candidate_only_not_proven_function,exact_bytes_only_not_relocation_normalized_or_complete_image_acceptance
2e619421db2cb1df0291c512d70d3913788daeba9f52a60028c05fcc0aba79cb,1416,14,14,0,0,14,candidate_only_not_proven_function,exact_bytes_only_not_relocation_normalized_or_complete_image_acceptance
2e64be0325977f7d52eaee3369c4bf628f5c78d8ce745ba22e0cc5677385aee5,1076,1,1,0,0,1,candidate_only_not_proven_function,exact_bytes_only_not_relocation_normalized_or_complete_image_acceptance
2ea1f78012171f22e230038a6435e37cb03702072ea3800a74fabd2d37440916,9084,1,1,0,0,1,candidate_only_not_proven_function,exact_bytes_only_not_relocation_normalized_or_complete_image_acceptance
2ec59382a985117fe39d0fa23421abd373e816d8870e1556076f8201e263639d,8364,2,2,0,0,2,candidate_only_not_proven_function,exact_bytes_only_not_relocation_normalized_or_complete_image_acceptance
2f20d0dd38f49b99b593505cc47916f185903997ba4aa9b5bf9f6b8bdcf6b722,1920,1,1,0,0,1,candidate_only_not_proven_function,exact_bytes_only_not_relocation_normalized_or_complete_image_acceptance
2f5ecc7fcfa7b5ae9f5176202e573f52742d9645750647fe5e7f7db3fb098dc9,2632,1,1,0,0,1,candidate_only_not_proven_function,exact_bytes_only_not_relocation_normalized_or_complete_image_acceptance
30103ecdf5cbdc111eac5c82661c2ecf9af941e80c5d2ea89d4dc0d40c3eba32,2820,1,1,0,0,1,candidate_only_not_proven_function,exact_bytes_only_not_relocation_normalized_or_complete_image_acceptance
303a108a20e28ef61c6584a7209b1a399d317240c125df2596f81bae1540f1b9,4060,1,1,0,0,1,candidate_only_not_proven_function,exact_bytes_only_not_relocation_normalized_or_complete_image_acceptance
303b4c494abfbf13ee952e46295202a12920cb8199a818da619f128af6f0e729,1084,3,3,0,0,3,candidate_only_not_proven_function,exact_bytes_only_not_relocation_normalized_or_complete_image_acceptance
313d77bb874872d47540371b1e595ad5c3217e6a67b7b30efe2866da90e72468,776,6,6,0,0,6,candidate_only_not_proven_function,exact_bytes_only_not_relocation_normalized_or_complete_image_acceptance
314c1bd4f1fd17ca91eabdbd21da536445db1b52970cd565d14afdae60411dde,1984,2,2,0,0,2,candidate_only_not_proven_function,exact_bytes_only_not_relocation_normalized_or_complete_image_acceptance
3153c6f583d2c18d2eb7c90079e5ee21e041ade9c374b9acae6e7d3ca267c90d,1108,2,2,0,0,2,candidate_only_not_proven_function,exact_bytes_only_not_relocation_normalized_or_complete_image_acceptance
32bcf697feca95d53ec79cd980e247f243e334534baeae0c8bca179d67dda0a4,4120,3,3,0,0,3,candidate_only_not_proven_function,exact_bytes_only_not_relocation_normalized_or_complete_image_acceptance
32fe465c4214f2d587e4049e7e9866904164499273cd812e0fd4a6696976a229,1272,2,2,0,0,2,candidate_only_not_proven_function,exact_bytes_only_not_relocation_normalized_or_complete_image_acceptance
3345317d35ec282739b81a9a97ff3c17e649ff98b15db19651a8e8d7a3ae3dfe,1560,5,5,0,0,5,candidate_only_not_proven_function,exact_bytes_only_not_relocation_normalized_or_complete_image_acceptance
33a9388b2eae6cad29af6488e6a0777799719d64df9ca677874d80bf7fe714b2,6888,1,1,0,0,1,candidate_only_not_proven_function,exact_bytes_only_not_relocation_normalized_or_complete_image_acceptance
33b8d2afd83a2b8b1e4c47e04bbfe78d6b4fe281c8e6483cb9c1df0ee57927d1,4476,1,1,0,0,1,candidate_only_not_proven_function,exact_bytes_only_not_relocation_normalized_or_complete_image_acceptance
33d65d393cb713b6ae64ae394f2b3e72a83310234861c41f1a0e7d56ddfc6b87,1836,1,1,0,0,1,candidate_only_not_proven_function,exact_bytes_only_not_relocation_normalized_or_complete_image_acceptance
33d6653734f764a84a7860fc3ec78a1d43b6510d578519e7509c832719ca4a9e,1260,1,1,0,0,1,candidate_only_not_proven_function,exact_bytes_only_not_relocation_normalized_or_complete_image_acceptance
33d74ba22c9ee5936bf8c548c9b3b01d6497773d1c5b59b4637cf9775e1bc0f8,1560,5,5,0,0,5,candidate_only_not_proven_function,exact_bytes_only_not_relocation_normalized_or_complete_image_acceptance
341845586c952d350d80a74a8bae9f58745194e61fb71f9447bfce6f7d300a01,868,11,12,0,0,11,candidate_only_not_proven_function,exact_bytes_only_not_relocation_normalized_or_complete_image_acceptance
3431f15589d9f2fbc8a7b48a8e45fa16449a03382ebbf9fff8efbde55fe5df9f,776,11,12,0,0,11,candidate_only_not_proven_function,exact_bytes_only_not_relocation_normalized_or_complete_image_acceptance
3462cec0e60498615cf946e88cdf759c3e84dca4c9639d5beb57af764b120ebb,12152,1,1,0,0,1,candidate_only_not_proven_function,exact_bytes_only_not_relocation_normalized_or_complete_image_acceptance
34734d7cd5992effcda410e52aa1c6ddef1e75f87b013430f4b0e790425877b1,3540,1,1,0,0,1,candidate_only_not_proven_function,exact_bytes_only_not_relocation_normalized_or_complete_image_acceptance
34a8422d0826f2ec516274898342ddf8b05b618705e390bbe03172d8448a98cd,1628,2,2,0,0,2,candidate_only_not_proven_function,exact_bytes_only_not_relocation_normalized_or_complete_image_acceptance
34b55a9ad021b075adb9cce6da09e5dbfb313b0c14dee634a74304ccf44b43aa,4060,1,1,0,0,1,candidate_only_not_proven_function,exact_bytes_only_not_relocation_normalized_or_complete_image_acceptance
351d594162a914fa71f2b80a89dac65aa20fa904a3684202041f1d06f9628ec0,2072,2,2,0,0,2,candidate_only_not_proven_function,exact_bytes_only_not_relocation_normalized_or_complete_image_acceptance
352817bc2e6f28086ec5f345a2e5c975e58ed32678d34cc851fa9d4d4849c953,8584,1,1,0,0,1,candidate_only_not_proven_function,exact_bytes_only_not_relocation_normalized_or_complete_image_acceptance
3562ce23fb2b57abb5aadb4d36486e32b460e705ce92d0597c251bda718249f3,1816,1,1,0,0,1,candidate_only_not_proven_function,exact_bytes_only_not_relocation_normalized_or_complete_image_acceptance
356c1818469e8a4a43bbd7f6a9005c4ac9b2c43c7347316b1968e844079746ff,3748,1,1,0,0,1,candidate_only_not_proven_function,exact_bytes_only_not_relocation_normalized_or_complete_image_acceptance
35776b8dd3cec8b4e829751305eef50ad3652a73ad82601b440e5d86c4154687,15540,1,1,0,0,1,candidate_only_not_proven_function,exact_bytes_only_not_relocation_normalized_or_complete_image_acceptance
35a926bc86343307fd14b827b7e635b42634b2a68a78f1e5c13c3d8c69fd981c,1052,1,1,0,0,1,candidate_only_not_proven_function,exact_bytes_only_not_relocation_normalized_or_complete_image_acceptance
35c63594a1e00669690e30693b667f8720ae050f858d92f061fe6abbf0838c8d,868,1,1,0,0,1,candidate_only_not_proven_function,exact_bytes_only_not_relocation_normalized_or_complete_image_acceptance
369c401cf9ee474feb693df4b375f08f41a4eed214954435ae091c3842ac71ab,2048,5,6,0,0,5,candidate_only_not_proven_function,exact_bytes_only_not_relocation_normalized_or_complete_image_acceptance
36aeeef2b5502fc3f5db69e30cefe7f4cd9478bd6d139d0681a779b10967182d,1356,2,2,0,0,2,candidate_only_not_proven_function,exact_bytes_only_not_relocation_normalized_or_complete_image_acceptance
374925386ebde35a2ff62298df0b4815ec0a05c37ac31b548b6989df2bbfbeee,1252,5,5,0,0,5,candidate_only_not_proven_function,exact_bytes_only_not_relocation_normalized_or_complete_image_acceptance
3795ca628b75dc75a75b0d8bf7b13e2ed89b49530fd2a2c343737c5b091282fd,1988,1,1,0,0,1,candidate_only_not_proven_function,exact_bytes_only_not_relocation_normalized_or_complete_image_acceptance
37c434d2b0ddc7f8225b6f2df1dad62b7ad07c81034820d82d082db2368dea57,5860,9,9,0,0,9,candidate_only_not_proven_function,exact_bytes_only_not_relocation_normalized_or_complete_image_acceptance
37ff1e9fe919af9c73f7f03b72b1a2a80039c8d7a7f0de5e454b418a3de7ba75,4260,12,12,0,0,12,candidate_only_not_proven_function,exact_bytes_only_not_relocation_normalized_or_complete_image_acceptance
38130f523827a584b1f8952f75c316a665b4206f308a37bd05a106710b359b7d,5348,2,2,0,0,2,candidate_only_not_proven_function,exact_bytes_only_not_relocation_normalized_or_complete_image_acceptance
381e65d3e614ecf62a27879f22367c04a1e80d87898aa9d741de001eed539d6e,1252,7,7,0,0,7,candidate_only_not_proven_function,exact_bytes_only_not_relocation_normalized_or_complete_image_acceptance
3855d80649a1c0bb93aa0dac69ffbe244652c6ed34e53a648f3bbd2b4f2fbf6e,6688,3,3,0,0,3,candidate_only_not_proven_function,exact_bytes_only_not_relocation_normalized_or_complete_image_acceptance
386d73dce2db3fba9837893de9c1c26b4bd8f9fd8add77d4895919bbee8e3a73,15292,6,6,0,0,6,candidate_only_not_proven_function,exact_bytes_only_not_relocation_normalized_or_complete_image_acceptance
386e73080774a60ee0490e8c9713abe4b60e1fed55800392c9a8a3311b04c690,1340,1,1,0,0,1,candidate_only_not_proven_function,exact_bytes_only_not_relocation_normalized_or_complete_image_acceptance
389dbed229b1055c16906601e86582a8fa2936b21a2d6e3dd1f68fdd3c4d7fcc,5660,5,5,0,0,5,candidate_only_not_proven_function,exact_bytes_only_not_relocation_normalized_or_complete_image_acceptance
38bbe216077be1eb326e3b75497154d3c4b8301b841d16a480a6fd90a4f9d4ba,1272,1,1,0,0,1,candidate_only_not_proven_function,exact_bytes_only_not_relocation_normalized_or_complete_image_acceptance
3952eabf4f45d43618494f79ef603250e033b9f6725844caef8447b545557aa6,1076,1,1,0,0,1,candidate_only_not_proven_function,exact_bytes_only_not_relocation_normalized_or_complete_image_acceptance
3a9d9eec5716d6ff0952332f2d7f201dc0da1e63d4435181710bc8ba9bf689dc,2648,2,2,0,0,2,candidate_only_not_proven_function,exact_bytes_only_not_relocation_normalized_or_complete_image_acceptance
3aa07fcc38c718f0e653d691695952353de716e9cdbc17dde3f3f4628ee9ae86,1964,6,6,0,0,6,candidate_only_not_proven_function,exact_bytes_only_not_relocation_normalized_or_complete_image_acceptance
3aaa3cd80a4a32e5e010a1d36dc0e968d78c9090ab6726bcf88d91d30991a61d,8676,1,1,0,0,1,candidate_only_not_proven_function,exact_bytes_only_not_relocation_normalized_or_complete_image_acceptance
3ae63c4b80c08791d2273ca68188c0c2ed91d3ab8495ea2574992a6a203aafd2,784,2,2,0,0,2,candidate_only_not_proven_function,exact_bytes_only_not_relocation_normalized_or_complete_image_acceptance
3b423990dbe34332d45e7cb2be722969686427faad74919107084d00c5b6f05e,868,12,13,0,0,12,candidate_only_not_proven_function,exact_bytes_only_not_relocation_normalized_or_complete_image_acceptance
3b59061e7a4542003ceaf4dabc4e65ecd9663423a75d2961bbbe5351bc3726bf,4340,1,1,0,0,1,candidate_only_not_proven_function,exact_bytes_only_not_relocation_normalized_or_complete_image_acceptance
3b9150eb165adbc340520e10ce965dacaa48ef12ce1f9e63d7128c1f65d1ab82,5188,2,2,0,0,2,candidate_only_not_proven_function,exact_bytes_only_not_relocation_normalized_or_complete_image_acceptance
3c45017b41841d57bd098a8950a7b4793d7853360a453a56be9ffe7730225b53,12828,1,1,0,0,1,candidate_only_not_proven_function,exact_bytes_only_not_relocation_normalized_or_complete_image_acceptance
3c664936986f07d88c502ddd171db7d65fd94bace503851e90f345fb1a4fe815,4532,5,5,0,0,5,candidate_only_not_proven_function,exact_bytes_only_not_relocation_normalized_or_complete_image_acceptance
3d5400872567018c34a78f99670d0e496cda5637266c5c5a820979de8e851263,1276,2,2,0,0,2,candidate_only_not_proven_function,exact_bytes_only_not_relocation_normalized_or_complete_image_acceptance
3dc24bb36b3601b4a852bfff6489f7115b1d0cd87fa367c019d3886c7deaa014,5084,5,6,0,0,5,candidate_only_not_proven_function,exact_bytes_only_not_relocation_normalized_or_complete_image_acceptance
3dda1549f3354cb6e4b44bde70428708d22537e09b2e1646b43fd432e132bef0,5440,1,1,0,0,1,candidate_only_not_proven_function,exact_bytes_only_not_relocation_normalized_or_complete_image_acceptance
3de9d8017947be6d940c0172fbe7afded44520c8eebf4527299acba4ae1e6270,2416,1,1,0,0,1,candidate_only_not_proven_function,exact_bytes_only_not_relocation_normalized_or_complete_image_acceptance
3e99720f4a82b3da7b79f1592c8b41e1d8f19dee748ac023dd2f7f95d2f2b0c1,6524,15,18,0,0,15,candidate_only_not_proven_function,exact_bytes_only_not_relocation_normalized_or_complete_image_acceptance
3ebe7b4e64149289c002f8b134ea43c7c2a7b887ac4d96b2cc56d3ab7e8f4100,8092,1,1,0,0,1,candidate_only_not_proven_function,exact_bytes_only_not_relocation_normalized_or_complete_image_acceptance
3ec97775e41fdd29f73c7920d37ca20eaec86c50bc8dfa34ec766484896ac524,868,2,2,0,0,2,candidate_only_not_proven_function,exact_bytes_only_not_relocation_normalized_or_complete_image_acceptance
3f1074d10266eb72889690ede208226dd14cea7e90080caa7183820912b7fd3d,5728,1,1,0,0,1,candidate_only_not_proven_function,exact_bytes_only_not_relocation_normalized_or_complete_image_acceptance
3f15eb09727a4786b1e340e6179ced206b254a1f414cfae80041d764a4cf154a,1488,5,5,0,0,5,candidate_only_not_proven_function,exact_bytes_only_not_relocation_normalized_or_complete_image_acceptance
3f343755698e29cf23da22cefb7b49790a53bcb391628d42139629d59521122e,2068,2,2,0,0,2,candidate_only_not_proven_function,exact_bytes_only_not_relocation_normalized_or_complete_image_acceptance
3f8d09abe7cfc7fee5d7a0283fd394fd5bad4b3b034e1a4817a0f0eed0a6e7ba,3856,2,2,0,0,2,candidate_only_not_proven_function,exact_bytes_only_not_relocation_normalized_or_complete_image_acceptance
3fdb237ee7271641dff30574fbf5c5abc9610a251fa3d40bfdc2a175410f9fda,1672,2,2,0,0,2,candidate_only_not_proven_function,exact_bytes_only_not_relocation_normalized_or_complete_image_acceptance
3ff3c0b88b96366c9a3f703d75223c336dd0fee194d42a1fdb5e946bf8c53054,4364,1,1,0,0,1,candidate_only_not_proven_function,exact_bytes_only_not_relocation_normalized_or_complete_image_acceptance
4005d64a2c2276caaf9fa4eb3779fe650fa66c90cead0a1df9af47c4bee0d3ad,1064,1,1,0,0,1,candidate_only_not_proven_function,exact_bytes_only_not_relocation_normalized_or_complete_image_acceptance
400b4d18101da9bde55cec467ebadc829c182b49977b5e8c9e0d53e26743f06b,4316,3,3,0,0,3,candidate_only_not_proven_function,exact_bytes_only_not_relocation_normalized_or_complete_image_acceptance
407323e46d9ea0a4febfe7f5b61f17d8f0ffe9384a3d88a150661c65bbd1fd3e,2272,2,2,0,0,2,candidate_only_not_proven_function,exact_bytes_only_not_relocation_normalized_or_complete_image_acceptance
408678e22fd53db78da9dae331a51a6529fc87e4a30c5dc10335ea7b6ef4844c,1284,1,1,0,0,1,candidate_only_not_proven_function,exact_bytes_only_not_relocation_normalized_or_complete_image_acceptance
4111cb21e4b5a9f9ce7440f5e426a8b65ac457f3f04f70883c338022eb56c83a,4120,3,3,0,0,3,candidate_only_not_proven_function,exact_bytes_only_not_relocation_normalized_or_complete_image_acceptance
41213d45c02dac30f7113aa7691481a3fd1046e62d9d4896c36af579c7e2fa6d,3756,1,1,0,0,1,candidate_only_not_proven_function,exact_bytes_only_not_relocation_normalized_or_complete_image_acceptance
4124844f40a09f8540212ca7db608a20d986adeef636ee9acd94736036196c94,1296,2,2,0,0,2,candidate_only_not_proven_function,exact_bytes_only_not_relocation_normalized_or_complete_image_acceptance
4136c5ea4141216dc7553772f91d4959f916155b111a27180aaf6094cd789d0c,868,2,2,0,0,2,candidate_only_not_proven_function,exact_bytes_only_not_relocation_normalized_or_complete_image_acceptance
413fe2f98f6fc92b754af2274805e79a87bb70ebd6b3a4e73b35d7d3daceb3f9,9224,1,1,0,0,1,candidate_only_not_proven_function,exact_bytes_only_not_relocation_normalized_or_complete_image_acceptance
41c9753741c80a6dff7a4e396e9ca08737b9dfa6881ed453e907d94e82135e40,1048,7,7,0,0,7,candidate_only_not_proven_function,exact_bytes_only_not_relocation_normalized_or_complete_image_acceptance
41e29d54ab6ac877b8778f433e44f02f752430f142d1a221480fe2b7846f049e,1468,5,6,0,0,5,candidate_only_not_proven_function,exact_bytes_only_not_relocation_normalized_or_complete_image_acceptance
41e609ae0b26e131200ca1c0fe071c3d81cac46a26472028a93fa70c704909bb,6900,5,5,0,0,5,candidate_only_not_proven_function,exact_bytes_only_not_relocation_normalized_or_complete_image_acceptance
4243cddff4bb27fbc19e97686421514e3d8b5f755af8ad0a32586ff322616c8f,7752,7,7,0,0,7,candidate_only_not_proven_function,exact_bytes_only_not_relocation_normalized_or_complete_image_acceptance
426b5086bab872b49ce8aa422ddf58ebcd0cfc2b5e7ec2c588e795f8a1da49d3,7172,1,1,0,0,1,candidate_only_not_proven_function,exact_bytes_only_not_relocation_normalized_or_complete_image_acceptance
42b860cd50ea266cb8665b6f1dc0c34a80a34df9a77c37328d9fd33d9624a754,16028,2,2,0,0,2,candidate_only_not_proven_function,exact_bytes_only_not_relocation_normalized_or_complete_image_acceptance
42e089e576517dc8864c24434e948170050dcc8510a140d1bf942275a0aebe1c,2692,2,2,0,0,2,candidate_only_not_proven_function,exact_bytes_only_not_relocation_normalized_or_complete_image_acceptance
430302b86a05ce45e48e42004023577f47b76213cb1890db5ac0de6a8b58e715,2584,10,10,0,0,10,candidate_only_not_proven_function,exact_bytes_only_not_relocation_normalized_or_complete_image_acceptance
431eb40d315639da8768fb00ea9d043200fffe1a280d7ff4b146110c295d85f0,2572,1,1,0,0,1,candidate_only_not_proven_function,exact_bytes_only_not_relocation_normalized_or_complete_image_acceptance
433c55a1d4029e239f2aeb4dd804916422eb4e07b746be5883c0542c1d97306c,892,2,2,0,0,2,candidate_only_not_proven_function,exact_bytes_only_not_relocation_normalized_or_complete_image_acceptance
43d7a7a7eabdca783700bc1db1c5dcc60fdfef1e943b63485e0d24bc05d8eae0,1756,2,2,0,0,2,candidate_only_not_proven_function,exact_bytes_only_not_relocation_normalized_or_complete_image_acceptance
43e4133ecc6214d264d04355b981fbe3157b26a3e76daf595688acaec7ec757a,13168,4,4,0,0,4,candidate_only_not_proven_function,exact_bytes_only_not_relocation_normalized_or_complete_image_acceptance
43ea5c3cc0145979a2b7adb67b3c5e366d221d696a5f66dea84e5bcbaf9e41ff,4644,11,12,0,0,11,candidate_only_not_proven_function,exact_bytes_only_not_relocation_normalized_or_complete_image_acceptance
44caed66bee99925cf71894142d19d22b5ce995500d2486eb22a9245852c46c4,14644,4,4,0,0,4,candidate_only_not_proven_function,exact_bytes_only_not_relocation_normalized_or_complete_image_acceptance
44e816c6aab9a1cd301ad1d80fb66fd71d753bf512935a4ba6f61a57151d53d3,7788,3,3,0,0,3,candidate_only_not_proven_function,exact_bytes_only_not_relocation_normalized_or_complete_image_acceptance
451d781714b47f35b4641168e07a0551b8cd38aadae4a536c28af15829920971,1144,1,1,0,0,1,candidate_only_not_proven_function,exact_bytes_only_not_relocation_normalized_or_complete_image_acceptance
455dfc37973040d597ade21f5c3dda7d02ab6f40b0f42ee3a62f14d4ca4bac43,1112,4,4,0,0,4,candidate_only_not_proven_function,exact_bytes_only_not_relocation_normalized_or_complete_image_acceptance
45710d4a19682a28a3d527c09b922204313c0a8b59b299698a2946b718bfd019,2456,2,2,0,0,2,candidate_only_not_proven_function,exact_bytes_only_not_relocation_normalized_or_complete_image_acceptance
459e3794480397103c115c7868e981ec8589f44fc470b84274dfaeb238e13b98,4224,11,13,0,0,11,candidate_only_not_proven_function,exact_bytes_only_not_relocation_normalized_or_complete_image_acceptance
464641448e063538d78fa8327adb77aadb20d04bfff6705e3e3174c84aa82c0a,1052,1,1,0,0,1,candidate_only_not_proven_function,exact_bytes_only_not_relocation_normalized_or_complete_image_acceptance
46af6c9d0fe511c3ba6c806c761dfac4dca73a3aa75bd9d1186049cc2d106707,3320,14,14,0,0,14,candidate_only_not_proven_function,exact_bytes_only_not_relocation_normalized_or_complete_image_acceptance
46c39ba4d63028bb4900e8f3994bf17a36720fbbaadcda2e965e65e5cbc2c100,1720,1,1,0,0,1,candidate_only_not_proven_function,exact_bytes_only_not_relocation_normalized_or_complete_image_acceptance
46c63ee87d9f5c363ceaa0289e4093052abc3f99b679b885409ff158507b912b,4168,1,1,0,0,1,candidate_only_not_proven_function,exact_bytes_only_not_relocation_normalized_or_complete_image_acceptance
46e250c89c05f81102daf1bca452a1fc258055c27b8766f90cfc305c72ee32e2,4608,4,4,0,0,4,candidate_only_not_proven_function,exact_bytes_only_not_relocation_normalized_or_complete_image_acceptance
4702c1ddccd051f86fb440797c340d135f250c2ca83dc0cb776670a56c2c3878,2584,2,2,0,0,2,candidate_only_not_proven_function,exact_bytes_only_not_relocation_normalized_or_complete_image_acceptance
47165a6ad7f96c6c46dee50f2812c17e771e0fcbe629127389879acb03585665,2400,1,1,0,0,1,candidate_only_not_proven_function,exact_bytes_only_not_relocation_normalized_or_complete_image_acceptance
47206a2f4d00766502dee334d0907c189d43d7b4bef983789e21ec395bab4e49,9260,13,13,0,0,13,candidate_only_not_proven_function,exact_bytes_only_not_relocation_normalized_or_complete_image_acceptance
479fcbf255548b1c971910b59bdf3f302d22dee448c99aca51fc58f3c8c4a88e,13596,4,4,0,0,4,candidate_only_not_proven_function,exact_bytes_only_not_relocation_normalized_or_complete_image_acceptance
47b12a3c2c216b668a612a2a653fbe7883148cbbd2afca8645f21b5906f621e2,2396,2,2,0,0,2,candidate_only_not_proven_function,exact_bytes_only_not_relocation_normalized_or_complete_image_acceptance
482ad625593b5235286e7aa38b14c3b0a22a2d69268a14b6780e2ad5bc571b0c,1456,1,1,0,0,1,candidate_only_not_proven_function,exact_bytes_only_not_relocation_normalized_or_complete_image_acceptance
48325ec2fc171bce9bc5d31d91e0c7743c4b94a3cfd48acf26668448dab07845,892,1,1,0,0,1,candidate_only_not_proven_function,exact_bytes_only_not_relocation_normalized_or_complete_image_acceptance
485cdd8d9ae82737258c8f71c3218c953600e9330ec05c477a8e7175559b1db0,8364,2,2,0,0,2,candidate_only_not_proven_function,exact_bytes_only_not_relocation_normalized_or_complete_image_acceptance
4863eaf2043bb04de58014a58cdca92b7a8cd66bf95b69d603efbc96b7a906f5,3144,2,2,0,0,2,candidate_only_not_proven_function,exact_bytes_only_not_relocation_normalized_or_complete_image_acceptance
488aa91bb2dff5f8ba76a66c2b4bf5b037c292998b56929b821c7d31b7c74dc8,2396,1,1,0,0,1,candidate_only_not_proven_function,exact_bytes_only_not_relocation_normalized_or_complete_image_acceptance
48ecff240f957ee810f4ab0e98dcd9dadf08ab4afa1b898cea1c03ff063d0daa,1100,1,1,0,0,1,candidate_only_not_proven_function,exact_bytes_only_not_relocation_normalized_or_complete_image_acceptance
494a78094022ef11f97f9dd2425103395eae70361f54515971d77a668bcdb8a0,3136,1,1,0,0,1,candidate_only_not_proven_function,exact_bytes_only_not_relocation_normalized_or_complete_image_acceptance
4953691534443c6b7080aabb70c43631d04a4e300cad721361c5e2eea97496a4,1412,1,1,0,0,1,candidate_only_not_proven_function,exact_bytes_only_not_relocation_normalized_or_complete_image_acceptance
4981cda669d6e035792a856a58c08bbc6bec3b11538a26a2548bb2c9c7e7782d,8584,1,1,0,0,1,candidate_only_not_proven_function,exact_bytes_only_not_relocation_normalized_or_complete_image_acceptance
498e2ab94e1e09e01c7bbbf6253d9c07b05c5d7b5ba87f2462cebb865f826b45,9208,1,1,0,0,1,candidate_only_not_proven_function,exact_bytes_only_not_relocation_normalized_or_complete_image_acceptance
49be4a1f5abb56f274fb0313dc256c0fbd4a8938dfb315ff849ade20da485c80,2600,1,1,0,0,1,candidate_only_not_proven_function,exact_bytes_only_not_relocation_normalized_or_complete_image_acceptance
4a51bbc47551c88cf4ba6c81e4ea07136e829b6a9f5b731ebc0e994aa10412e7,2668,4,5,0,0,4,candidate_only_not_proven_function,exact_bytes_only_not_relocation_normalized_or_complete_image_acceptance
4a71d56af8e104323802ce2782e73b026f9634f18b8b881c3b8d0a30900ebfb0,11416,2,2,0,0,2,candidate_only_not_proven_function,exact_bytes_only_not_relocation_normalized_or_complete_image_acceptance
4a797e781cc2ee1c8d9d3beb5c1a9165fd9bda0444236d8ef35846cbb0b285e4,5520,2,2,0,0,2,candidate_only_not_proven_function,exact_bytes_only_not_relocation_normalized_or_complete_image_acceptance
4a7aca3c1e9879191d0d4a6a8f8816422c63d8b7068796bc8f6a30fe836164df,1168,1,1,0,0,1,candidate_only_not_proven_function,exact_bytes_only_not_relocation_normalized_or_complete_image_acceptance
4a85f2219026301e0e0c37297f3ec576682fd2a49def42917c273e2ef89c5a57,2292,1,1,0,0,1,candidate_only_not_proven_function,exact_bytes_only_not_relocation_normalized_or_complete_image_acceptance
4ab487af356975d3e24485185bd2723dfa69de325261cd34743f74973d2a05fd,1372,2,2,0,0,2,candidate_only_not_proven_function,exact_bytes_only_not_relocation_normalized_or_complete_image_acceptance
4b007aa146c18a31eef8bc840fba2519912c1f27e2ff3093adbed8bcff13e946,3928,4,4,0,0,4,candidate_only_not_proven_function,exact_bytes_only_not_relocation_normalized_or_complete_image_acceptance
4b4a881152bfbfcbbe183bc3e71b40bb1e184c1679ca12c79acbd23c461c1b69,1260,2,2,0,0,2,candidate_only_not_proven_function,exact_bytes_only_not_relocation_normalized_or_complete_image_acceptance
4b6ec3a53c86d17b49df0a39cd5ec7002836d87e624b5fc4690c08757c688686,2176,1,1,0,0,1,candidate_only_not_proven_function,exact_bytes_only_not_relocation_normalized_or_complete_image_acceptance
4ba3198954e5bdadb68d51db78efad6fa865bbdca3703bc3acd95ce1bce5282c,1544,5,5,0,0,5,candidate_only_not_proven_function,exact_bytes_only_not_relocation_normalized_or_complete_image_acceptance
4bbe5b8442f6e52a43f928fed3927232f8285e115cba2ae6e9f2d5823ae89297,15884,5,5,0,0,5,candidate_only_not_proven_function,exact_bytes_only_not_relocation_normalized_or_complete_image_acceptance
4be15f6b99515e04ccb04da2e149f4f6c68c628247143dc9b4e07af5705514af,1308,2,2,0,0,2,candidate_only_not_proven_function,exact_bytes_only_not_relocation_normalized_or_complete_image_acceptance
4c171fa43642b710b2178ad2dac2aab4c5b692e69477392e2200f7210091e0a6,4532,5,5,0,0,5,candidate_only_not_proven_function,exact_bytes_only_not_relocation_normalized_or_complete_image_acceptance
4c215a0044dc0ef60fe08eb7665d7d7cad47a57c1f2c79a40d70d42c56b58f86,1448,3,3,0,0,3,candidate_only_not_proven_function,exact_bytes_only_not_relocation_normalized_or_complete_image_acceptance
4c92cae8221f130cbbadba7092cb4a28e59ce30e088b933994bf3ef5321ae851,1848,1,1,0,0,1,candidate_only_not_proven_function,exact_bytes_only_not_relocation_normalized_or_complete_image_acceptance
4ca4f81e313a24d5adfebba21eb9e193fa13457b8e7822ee30c3905185285a76,6600,1,1,0,0,1,candidate_only_not_proven_function,exact_bytes_only_not_relocation_normalized_or_complete_image_acceptance
4cac4ab6dca97308f81322c0710eb3d31aa09e928961071f7f9c051738ed121e,6844,1,1,0,0,1,candidate_only_not_proven_function,exact_bytes_only_not_relocation_normalized_or_complete_image_acceptance
4cbabfcf76da2318a287f9c55a07dd7e7c458baf70d9053c0807e2b8d1b8a24c,3400,1,1,0,0,1,candidate_only_not_proven_function,exact_bytes_only_not_relocation_normalized_or_complete_image_acceptance
4cbe6abb462d52542d66f500b2b0ff234bfff69ce2b9f44713e7968863a6c5c0,8092,1,1,0,0,1,candidate_only_not_proven_function,exact_bytes_only_not_relocation_normalized_or_complete_image_acceptance
4ce5268b4e55d17aa3b325761132e6baf44007081a6d632cfd6dd6fe8940680d,6900,5,5,0,0,5,candidate_only_not_proven_function,exact_bytes_only_not_relocation_normalized_or_complete_image_acceptance
4d5d11abb9620589bbe3bf158ccd3ead6e9b9d8a27bd7a92b2cd56465d39c33b,832,4,4,0,0,4,candidate_only_not_proven_function,exact_bytes_only_not_relocation_normalized_or_complete_image_acceptance
4d776415c6f77b379601827c66669fd516a9a9281ae407f6032237739818260f,1484,4,4,0,0,4,candidate_only_not_proven_function,exact_bytes_only_not_relocation_normalized_or_complete_image_acceptance
4d7f83da7b80df5b00ad4e1b5a0f1093c378dedb70482cd420e9a4ece4dd0fac,8960,1,1,0,0,1,candidate_only_not_proven_function,exact_bytes_only_not_relocation_normalized_or_complete_image_acceptance
4d845ed2a261683b52100fdff39aeaf6386b7335ce62edfa127475c83546ea39,1632,4,5,0,0,4,candidate_only_not_proven_function,exact_bytes_only_not_relocation_normalized_or_complete_image_acceptance
4d98cea4cf2f3d9020bb53b2428dbbe82853dee0452afa1d51ab41e910bbdbf3,15032,2,2,0,0,2,candidate_only_not_proven_function,exact_bytes_only_not_relocation_normalized_or_complete_image_acceptance
4d99828f5dec8fec94045e2b12d1ce0485f25a4d2539f328296166744fd3ca61,1400,3,3,0,0,3,candidate_only_not_proven_function,exact_bytes_only_not_relocation_normalized_or_complete_image_acceptance
4dc0c26314c260ea78756707300b5d356953e5301f323fac5ceeab7c0f5dfd31,5380,1,1,0,0,1,candidate_only_not_proven_function,exact_bytes_only_not_relocation_normalized_or_complete_image_acceptance
4e070dd5b995c1c2efb101d13b6df608888262db40d294dec1eba969abc61a0b,6940,5,5,0,0,5,candidate_only_not_proven_function,exact_bytes_only_not_relocation_normalized_or_complete_image_acceptance
4efdcbb1f2f56417645c826fcda46901903e728d0de89c95ef953881047741a7,1680,2,2,0,0,2,candidate_only_not_proven_function,exact_bytes_only_not_relocation_normalized_or_complete_image_acceptance
4f130dc0272368501356cf28ca0ed72b856111ea38b8772560cdc4f1b83bc979,9668,1,1,0,0,1,candidate_only_not_proven_function,exact_bytes_only_not_relocation_normalized_or_complete_image_acceptance
4fea594458a5af7e62affa393e2b6a4e4fb9ac4f3fabce020f3a6b2b9edad379,5136,1,1,0,0,1,candidate_only_not_proven_function,exact_bytes_only_not_relocation_normalized_or_complete_image_acceptance
503d653a8365b4650a6295229e033652950145d4ee9cf28361760821cc020dcd,3892,2,2,0,0,2,candidate_only_not_proven_function,exact_bytes_only_not_relocation_normalized_or_complete_image_acceptance
505153b446873d86691d5a6fee89a53e690d6661cf357cfd463cec538b064794,3112,1,1,0,0,1,candidate_only_not_proven_function,exact_bytes_only_not_relocation_normalized_or_complete_image_acceptance
5099d555d557e8e5fdd4766bdb054d4fa3e9da9eb340be29b1cb70a5622c9c97,8892,1,1,0,0,1,candidate_only_not_proven_function,exact_bytes_only_not_relocation_normalized_or_complete_image_acceptance
50afefdf2c8621673dfde7194855cec8eb5b34726144f27efd54fa93b283acce,1092,1,1,0,0,1,candidate_only_not_proven_function,exact_bytes_only_not_relocation_normalized_or_complete_image_acceptance
5142c46491fb57afe46194725f6c7f5c82cb008c334eb7b74be92f20dfac14b3,2292,1,1,0,0,1,candidate_only_not_proven_function,exact_bytes_only_not_relocation_normalized_or_complete_image_acceptance
5146074a5e05d96e8785f24fe9bdfe807ff12a126f4a895b58c8c1b646914111,2384,7,7,0,0,7,candidate_only_not_proven_function,exact_bytes_only_not_relocation_normalized_or_complete_image_acceptance
517319a7bd497131eb9fe084727991ca25da186384efaf34bcd8bac1fa495b12,14644,4,4,0,0,4,candidate_only_not_proven_function,exact_bytes_only_not_relocation_normalized_or_complete_image_acceptance
517727a10db2cc7cf6bb665049e851f6a9f9b77d6ea29d742d4fd3adcae3c015,784,1,1,0,0,1,candidate_only_not_proven_function,exact_bytes_only_not_relocation_normalized_or_complete_image_acceptance
5184d25cb5107d805281f37054b8e3dd53de55d00a1415c1a48a99b97ea614a7,1612,12,13,0,0,12,candidate_only_not_proven_function,exact_bytes_only_not_relocation_normalized_or_complete_image_acceptance
51922bc26d946e4a5bbe8c2159f1900381d805c3554cb26c4d9171c620d406de,19376,1,1,0,0,1,candidate_only_not_proven_function,exact_bytes_only_not_relocation_normalized_or_complete_image_acceptance
5194478d13ff4b62bf652286fba62e11b82ca13760f6d261d3d4e02114824e59,1352,6,6,0,0,6,candidate_only_not_proven_function,exact_bytes_only_not_relocation_normalized_or_complete_image_acceptance
51a77254a2cdd25b353011ae6a97be4ed33f0684cb3cbac7798ca9873a5e28b0,7516,1,1,0,0,1,candidate_only_not_proven_function,exact_bytes_only_not_relocation_normalized_or_complete_image_acceptance
51b9d208e52b8404927f1e7011a51129fc690b3d9e9a07b9144744fb530fc40e,2084,3,3,0,0,3,candidate_only_not_proven_function,exact_bytes_only_not_relocation_normalized_or_complete_image_acceptance
51de2131c3949f70d8eeddf430b65dbee3ac83996aaa3d788bc51369a57b1095,2456,2,2,0,0,2,candidate_only_not_proven_function,exact_bytes_only_not_relocation_normalized_or_complete_image_acceptance
52251e9f2d92e9a94f23e7e476d6e44acb37b0ed118fe263db5eb7cdb9690163,9008,1,1,0,0,1,candidate_only_not_proven_function,exact_bytes_only_not_relocation_normalized_or_complete_image_acceptance
526d096bd0bc5537532b79c9b5c93ccd0195af6a492b26be967e19a2307db740,1236,7,7,0,0,7,candidate_only_not_proven_function,exact_bytes_only_not_relocation_normalized_or_complete_image_acceptance
5294e5f49e88b156511d4cd0e4eda8e0389c9c3d94b9fe937bb80344895d1259,8,1189,1222,0,0,1189,candidate_only_not_proven_function,exact_bytes_only_not_relocation_normalized_or_complete_image_acceptance
5316dc8089a2e68bfe85458346fe85c49ceeab05a5b008944869175351929145,5372,2,2,0,0,2,candidate_only_not_proven_function,exact_bytes_only_not_relocation_normalized_or_complete_image_acceptance
5318a5df4a6f4c98ceacc7298c38b82bbcfcda296ef2a6ca441728cc47296f9d,4180,2,2,0,0,2,candidate_only_not_proven_function,exact_bytes_only_not_relocation_normalized_or_complete_image_acceptance
5321c4ba8b0b482a318dbd4503ab4079344d4c6d6c00367cf6ad073b4e3cd6d5,5872,3,3,0,0,3,candidate_only_not_proven_function,exact_bytes_only_not_relocation_normalized_or_complete_image_acceptance
53a582a1f1a92765c2d1fd1be51cd6a1e76ec5c22ada87433bd66aedfdd1634d,1996,2,2,0,0,2,candidate_only_not_proven_function,exact_bytes_only_not_relocation_normalized_or_complete_image_acceptance
53c4ceadd32c81c1e58ddb21a32f8d077dffa0f8bffacf48e6bedbcc38255f53,892,2,2,0,0,2,candidate_only_not_proven_function,exact_bytes_only_not_relocation_normalized_or_complete_image_acceptance
53c74a38215e5d454e00b3b55c952ef4d197e684794a9a23e59bb7561168d88e,1264,1,1,0,0,1,candidate_only_not_proven_function,exact_bytes_only_not_relocation_normalized_or_complete_image_acceptance
54000d9564bb5261a8702050c0ef5d9e1db5230a6b2c6192b8fddff09ef9ef52,1168,1,1,0,0,1,candidate_only_not_proven_function,exact_bytes_only_not_relocation_normalized_or_complete_image_acceptance
54208394e0df160f07f552a763ca319316fa0d677bf3724881b691111ae7a62b,3872,1,1,0,0,1,candidate_only_not_proven_function,exact_bytes_only_not_relocation_normalized_or_complete_image_acceptance
5487215f3af436c9635f081e7f92337e7ea04b77d140a8fd575aa5b806a96005,6716,1,1,0,0,1,candidate_only_not_proven_function,exact_bytes_only_not_relocation_normalized_or_complete_image_acceptance
548ae8bc51bb2dbde5d6e85ab4c9c5f4fbcdd3b7a0c8b674d5368af19f1317d0,11752,2,2,0,0,2,candidate_only_not_proven_function,exact_bytes_only_not_relocation_normalized_or_complete_image_acceptance
54aed2f922a0787db9a2920984a0066df9239a754d2721edd00adc683e16e495,2696,2,2,0,0,2,candidate_only_not_proven_function,exact_bytes_only_not_relocation_normalized_or_complete_image_acceptance
54c64f435e2f942653e7268d1bdbeab3a291ed920d4651996642c3b0afbf703f,7172,1,1,0,0,1,candidate_only_not_proven_function,exact_bytes_only_not_relocation_normalized_or_complete_image_acceptance
54f00c1b2b0854d664c195a05469ce14e142cee7831e634530ef8f4bfc560683,2564,1,1,0,0,1,candidate_only_not_proven_function,exact_bytes_only_not_relocation_normalized_or_complete_image_acceptance
54f09824f8765502e906f3f13cf8aa2481243f084ce3540afb016b89effc849b,2448,1,1,0,0,1,candidate_only_not_proven_function,exact_bytes_only_not_relocation_normalized_or_complete_image_acceptance
550f092adefcd270ea0be454495c417f85657ab8cd08a3af6b80eea478e5e6ec,5700,6,6,0,0,6,candidate_only_not_proven_function,exact_bytes_only_not_relocation_normalized_or_complete_image_acceptance
554ea2ec709d7583ba03ad1736f322bfff092d1ae62af9da6487b2aac65c9485,1152,2,2,0,0,2,candidate_only_not_proven_function,exact_bytes_only_not_relocation_normalized_or_complete_image_acceptance
555e3389caef6ef992cdfcbb0ecce2ced88f1a06e1f039d2b14437b21c53ece3,4080,4,4,0,0,4,candidate_only_not_proven_function,exact_bytes_only_not_relocation_normalized_or_complete_image_acceptance
55af747f7e87c2289db9ac59c2372cbf2cb6ce31d9732693cd2f7c4ccaeb9ce4,4608,4,4,0,0,4,candidate_only_not_proven_function,exact_bytes_only_not_relocation_normalized_or_complete_image_acceptance
55c93cabfd66deeec01889e5169043cbc9ba44ea9d3da17c2bcbfd8f41186a9f,3128,1,1,0,0,1,candidate_only_not_proven_function,exact_bytes_only_not_relocation_normalized_or_complete_image_acceptance
55cc49fb84499cab14c36c0819aba02991bddbcbd2fb57877b95f1c2b847adf3,1632,1,1,0,0,1,candidate_only_not_proven_function,exact_bytes_only_not_relocation_normalized_or_complete_image_acceptance
55e7699937a1d6c71bddf22d905b5e2346cdd3c8d1ba885fe50758bf2bed8839,4644,11,12,0,0,11,candidate_only_not_proven_function,exact_bytes_only_not_relocation_normalized_or_complete_image_acceptance
55fd8c9a09dcb05c0bcf8b3c903f514ff33e9f70bca0864464f46a7d24d38f1b,1384,2,2,0,0,2,candidate_only_not_proven_function,exact_bytes_only_not_relocation_normalized_or_complete_image_acceptance
5648acbb5fbd31d20a282eb4ae8d952d3d85378e37b1bac57136cc71c3ee16c3,1520,5,5,0,0,5,candidate_only_not_proven_function,exact_bytes_only_not_relocation_normalized_or_complete_image_acceptance
56720dad7d85dd114ff71f133cdf04641686d96bba077290cc0f8cbbec0b3d68,4980,1,1,0,0,1,candidate_only_not_proven_function,exact_bytes_only_not_relocation_normalized_or_complete_image_acceptance
56f742ec282d0c2568c825ffac03abcf6d22a29379b3153aa5f11f2d5db61f46,7616,2,2,0,0,2,candidate_only_not_proven_function,exact_bytes_only_not_relocation_normalized_or_complete_image_acceptance
56fe385cf0ba4744ff2586f0594ca7bccbb76ed92917a60ec4752c169e26bc8d,1516,2,2,0,0,2,candidate_only_not_proven_function,exact_bytes_only_not_relocation_normalized_or_complete_image_acceptance
57078a037ceb0eba27ecbea1b1291172ef2fb8cdd638115030bfba329ec29b22,1392,11,12,0,0,11,candidate_only_not_proven_function,exact_bytes_only_not_relocation_normalized_or_complete_image_acceptance
571ed275854637d73fe8380aaba4486cc0e1da1888566a070687e7a303ecfbd7,4824,1,1,0,0,1,candidate_only_not_proven_function,exact_bytes_only_not_relocation_normalized_or_complete_image_acceptance
574189cfa4798e352885a63d305452fc93a0e834d9e9cc427248a7e5f9f08db0,1412,1,1,0,0,1,candidate_only_not_proven_function,exact_bytes_only_not_relocation_normalized_or_complete_image_acceptance
5752170d9da399e116485db50868867fc654a52f444269f5457e3f6265771f8f,276,2,2,0,0,2,candidate_only_not_proven_function,exact_bytes_only_not_relocation_normalized_or_complete_image_acceptance
57a9407c1550b54aef45bb3772ac78c599c5c975ebedc3bac05b6924aecd35ff,2612,1,1,0,0,1,candidate_only_not_proven_function,exact_bytes_only_not_relocation_normalized_or_complete_image_acceptance
57bf4b2f64adfb985642e52e57e1b8f42e681fddc8a24d2ab6df1f72dfc640fe,1680,3,3,0,0,3,candidate_only_not_proven_function,exact_bytes_only_not_relocation_normalized_or_complete_image_acceptance
58057f449e9f122629bd75121e4edc268da4b3e07ccd21bf7fc5a52119c35285,4464,2,2,0,0,2,candidate_only_not_proven_function,exact_bytes_only_not_relocation_normalized_or_complete_image_acceptance
586e5c158e2064b3b271c1b4dc655fa4022fa7e64eecafbb14adc88339cd55dd,8324,1,1,0,0,1,candidate_only_not_proven_function,exact_bytes_only_not_relocation_normalized_or_complete_image_acceptance
5873333527150fc541ad1391990d8dad69df6552aee8476939042d04bfe3c501,784,2,2,0,0,2,candidate_only_not_proven_function,exact_bytes_only_not_relocation_normalized_or_complete_image_acceptance
59247cd564e3ccc9df4d940c32cb94cbf6de6c6050722e54339249611e5c1a13,2556,4,4,0,0,4,candidate_only_not_proven_function,exact_bytes_only_not_relocation_normalized_or_complete_image_acceptance
59e760fedabe344141f6554dc67bc2a29f051636397ea7fb8fa3400a0f7d996c,1764,1,1,0,0,1,candidate_only_not_proven_function,exact_bytes_only_not_relocation_normalized_or_complete_image_acceptance
59f828e1e7542823a83430d9c0890341a0abe91742a97acce9940d666b0e9c68,776,11,13,0,0,11,candidate_only_not_proven_function,exact_bytes_only_not_relocation_normalized_or_complete_image_acceptance
59f837fae0631a230145adac9203b3525445bc825f131055c6019c048ef8c3cf,6572,5,5,0,0,5,candidate_only_not_proven_function,exact_bytes_only_not_relocation_normalized_or_complete_image_acceptance
5a26070ee58352dfca5d07d8e242c8e8c89a4a0b098c9f8d8c2765612f52e531,3676,2,2,0,0,2,candidate_only_not_proven_function,exact_bytes_only_not_relocation_normalized_or_complete_image_acceptance
5a3ae938c5ae9d58f1b60c3e35da744d9de57a936c896e855c39c07940427a62,784,2,2,0,0,2,candidate_only_not_proven_function,exact_bytes_only_not_relocation_normalized_or_complete_image_acceptance
5a51e88ccd431e092c99a9a610d5fce206ebfb6ec14dc5c59c729b8f62d34e6c,7608,4,4,0,0,4,candidate_only_not_proven_function,exact_bytes_only_not_relocation_normalized_or_complete_image_acceptance
5a74d00e4b816c690104d7fa9ca5a7e4687e5f4225359315080479c20a47f942,2384,7,7,0,0,7,candidate_only_not_proven_function,exact_bytes_only_not_relocation_normalized_or_complete_image_acceptance
5a7f8d02c75d59613c243a1d3026296c9d2571f9987b4beec5f200862ddb297f,2600,1,1,0,0,1,candidate_only_not_proven_function,exact_bytes_only_not_relocation_normalized_or_complete_image_acceptance
5a910dc1255a58ec80c84ca9593ed9fa4f251f32ae92077e8f230ed1f0f5c527,1244,1,1,0,0,1,candidate_only_not_proven_function,exact_bytes_only_not_relocation_normalized_or_complete_image_acceptance
5a9bb89a74bb1d42a7c79f63b702befdcf99f71eb896f0f24633a97d69613c52,5836,2,2,0,0,2,candidate_only_not_proven_function,exact_bytes_only_not_relocation_normalized_or_complete_image_acceptance
5abaf2629f174bbb133d19196093dee1af1a9774e17bbb3c1fba3ca816aa4fd5,4792,1,1,0,0,1,candidate_only_not_proven_function,exact_bytes_only_not_relocation_normalized_or_complete_image_acceptance
5b4d54e573ef20527b01e63ec14738618ded17076e457a506c1cbb32de77c695,2048,4,4,0,0,4,candidate_only_not_proven_function,exact_bytes_only_not_relocation_normalized_or_complete_image_acceptance
5b7226048023bf33154723b52b7fc6ec36842593d6e9a8202fad114cdac092ba,7632,1,1,0,0,1,candidate_only_not_proven_function,exact_bytes_only_not_relocation_normalized_or_complete_image_acceptance
5ba50d3df96b083c3575f6bc565e59a9c529d15ecb653920e37bcbf9d7b4a138,1212,2,2,0,0,2,candidate_only_not_proven_function,exact_bytes_only_not_relocation_normalized_or_complete_image_acceptance
5bf19bdbda8e35821f137c7b6f86eedb4e1522e2570960ef7ecf506018b376a4,1348,1,1,0,0,1,candidate_only_not_proven_function,exact_bytes_only_not_relocation_normalized_or_complete_image_acceptance
5bff942d1205cc0909497bfab1f0be08cd56f12874ba3e99aa69e00dcc639cbd,4316,3,3,0,0,3,candidate_only_not_proven_function,exact_bytes_only_not_relocation_normalized_or_complete_image_acceptance
5ca060818202c397dfacc762cdd66efe2057e68505b696721ae7c4f3e8498fa7,896,2,2,0,0,2,candidate_only_not_proven_function,exact_bytes_only_not_relocation_normalized_or_complete_image_acceptance
5cb776c482cdaf037540615a1baf203da500c1ed122ee2e165edf6dab9c7d0e2,1164,1,1,0,0,1,candidate_only_not_proven_function,exact_bytes_only_not_relocation_normalized_or_complete_image_acceptance
5cc366e5628ab6fd3f314f1075552aa404785625bd8d12a14e714e69771a09d9,6036,2,2,0,0,2,candidate_only_not_proven_function,exact_bytes_only_not_relocation_normalized_or_complete_image_acceptance
5d199225fadecd8124e73d0d4837febf29c37db8ae4c18cb38e347712fa3adfb,7572,1,1,0,0,1,candidate_only_not_proven_function,exact_bytes_only_not_relocation_normalized_or_complete_image_acceptance
5d6f3193f34fea99eea4ceb8b7036d43707531a69100d46155f53f5e6043b720,892,11,12,0,0,11,candidate_only_not_proven_function,exact_bytes_only_not_relocation_normalized_or_complete_image_acceptance
5d7a2f8200b3675548d82304431f8d314a8ea4bc86d1d8c0f1a127501566272c,1428,6,6,0,0,6,candidate_only_not_proven_function,exact_bytes_only_not_relocation_normalized_or_complete_image_acceptance
5d87027b8ebed0609f3d59e664b319789c3ef727e2196168b9039978af968c67,1724,1,1,0,0,1,candidate_only_not_proven_function,exact_bytes_only_not_relocation_normalized_or_complete_image_acceptance
5db6a196fa814e961c1a53a79a9655b7142faf18a0b1cab2c183543cfdd31452,776,2,2,0,0,2,candidate_only_not_proven_function,exact_bytes_only_not_relocation_normalized_or_complete_image_acceptance
5de097e9eefed2663ebd290031ce4ef7d8046739008dc645d7aef6d02e78cc1e,4168,1,1,0,0,1,candidate_only_not_proven_function,exact_bytes_only_not_relocation_normalized_or_complete_image_acceptance
5debe23e3272ff4d83be13030b3e111d1e01f66b2e9c8c1c67340a57d0865ed0,964,2,2,0,0,2,candidate_only_not_proven_function,exact_bytes_only_not_relocation_normalized_or_complete_image_acceptance
5e1073747afd3f3e8879b18c4695aeb7f469e3c49fc11f4bf48130ed4a4f93c5,1920,5,5,0,0,5,candidate_only_not_proven_function,exact_bytes_only_not_relocation_normalized_or_complete_image_acceptance
5e2a92486f62fc8dee793c6404d95a1e6b294a7a36a70a0ed95a098e4a36996a,5468,2,2,0,0,2,candidate_only_not_proven_function,exact_bytes_only_not_relocation_normalized_or_complete_image_acceptance
5e3042d36b12d0f7bf4a6050df9b52ad3dfb76aa81a153e70a7dfc0d48e9870d,972,2,2,0,0,2,candidate_only_not_proven_function,exact_bytes_only_not_relocation_normalized_or_complete_image_acceptance
5e4702ce98b1c290910aeccb8fe00b3c895ff9f768e87b80247125131c467a08,7644,1,1,0,0,1,candidate_only_not_proven_function,exact_bytes_only_not_relocation_normalized_or_complete_image_acceptance
5e869e5bec603a349a105cfe973c78008950f6f5c10cfa3f6bf415ff36849a03,2028,2,2,0,0,2,candidate_only_not_proven_function,exact_bytes_only_not_relocation_normalized_or_complete_image_acceptance
5ee9cb1b9332dd9e5114d10ac7384cb62fc6c5c2d6ded4916608070dabb16880,4412,2,2,0,0,2,candidate_only_not_proven_function,exact_bytes_only_not_relocation_normalized_or_complete_image_acceptance
5f1f489b76a934606e7b534da0f911cf0b20d543784603ead58e42a5b88c42d7,2492,1,1,0,0,1,candidate_only_not_proven_function,exact_bytes_only_not_relocation_normalized_or_complete_image_acceptance
5f22bc61aeb2e2b4a1538480d278b57c1d29123b069fde54a635cd84f3502dae,5004,14,15,0,0,14,candidate_only_not_proven_function,exact_bytes_only_not_relocation_normalized_or_complete_image_acceptance
5f572e7a4add61729e531347658ba5d520d95cccaf131dad4a09961c0d78e182,1376,2,2,0,0,2,candidate_only_not_proven_function,exact_bytes_only_not_relocation_normalized_or_complete_image_acceptance
5f8017318b3b19acd3793009fce3f0dab7cc7df3ebd1db0b2d57428ff5534d19,8676,1,1,0,0,1,candidate_only_not_proven_function,exact_bytes_only_not_relocation_normalized_or_complete_image_acceptance
5f834a5cf8e338b39974e05bd852dd32014b14d8f9b247fd6abb6f32602d3d74,2028,2,2,0,0,2,candidate_only_not_proven_function,exact_bytes_only_not_relocation_normalized_or_complete_image_acceptance
5fa5830d94e2599a4dbcf4bcd2da1a648f992f992509604fb69291aa9411c5ae,1396,4,4,0,0,4,candidate_only_not_proven_function,exact_bytes_only_not_relocation_normalized_or_complete_image_acceptance
607f63298f2d8b5fbd10d572514c3bd99d52673c66c7c000b87170a94f3831a0,12152,1,1,0,0,1,candidate_only_not_proven_function,exact_bytes_only_not_relocation_normalized_or_complete_image_acceptance
60dd3bbedb3d8012959808665bf84cb5fc173e15545f356fa022bdb5052a37d8,2640,12,13,0,0,12,candidate_only_not_proven_function,exact_bytes_only_not_relocation_normalized_or_complete_image_acceptance
60f36572cbb4c5913abcc21b0e28e5b6a47cb905c5b641052f9e4ab818a0e01f,1268,2,2,0,0,2,candidate_only_not_proven_function,exact_bytes_only_not_relocation_normalized_or_complete_image_acceptance
6121e799d233c2293d10bcedb848545f2101f948034e726e27c2a6ccae174bcc,11252,1,1,0,0,1,candidate_only_not_proven_function,exact_bytes_only_not_relocation_normalized_or_complete_image_acceptance
615146f4f6ce9ade7efb2dba0f6acfc744433c6358c37c0d4cc52af59f9a5555,1396,4,5,0,0,4,candidate_only_not_proven_function,exact_bytes_only_not_relocation_normalized_or_complete_image_acceptance
618c30b5b1c1c0f2c3a0caba212ecb3c1fc6e00b42929ac51dd31297c32d5797,1500,15,15,0,0,15,candidate_only_not_proven_function,exact_bytes_only_not_relocation_normalized_or_complete_image_acceptance
61afd9d900a83c4ccd6b4192c41dca740161db9c9965c3ca22a1eef84592b2cc,3840,2,2,0,0,2,candidate_only_not_proven_function,exact_bytes_only_not_relocation_normalized_or_complete_image_acceptance
61b5ac0070313147926260f6cc1cb378813b8eb0dd5ae776877806b8e8261794,4936,2,2,0,0,2,candidate_only_not_proven_function,exact_bytes_only_not_relocation_normalized_or_complete_image_acceptance
61d2f5526b5c9fc09f374eeb3149904462100c0050bee2577fbb5acf2ba1a12a,3764,1,1,0,0,1,candidate_only_not_proven_function,exact_bytes_only_not_relocation_normalized_or_complete_image_acceptance
621e5c8ee4ee9ca7ccfaf092160ea91762c46ff6d845b3647118ff0ac37eaf99,8108,2,2,0,0,2,candidate_only_not_proven_function,exact_bytes_only_not_relocation_normalized_or_complete_image_acceptance
6229d96e0fc724653971303c7af398a68d12c3e6c03a35fc40845a02ad4c0df1,4556,6,6,0,0,6,candidate_only_not_proven_function,exact_bytes_only_not_relocation_normalized_or_complete_image_acceptance
62373a8791772565f6fe0db2ba3fced5668fea1151cc0cfadcd031bfe6ad1f5c,8892,1,1,0,0,1,candidate_only_not_proven_function,exact_bytes_only_not_relocation_normalized_or_complete_image_acceptance
627e8e0944e77bd6ad7baefa3a62e3bfb9072fddceb3ee6a8d2c51166ea809c4,1384,6,6,0,0,6,candidate_only_not_proven_function,exact_bytes_only_not_relocation_normalized_or_complete_image_acceptance
6313604486ab02a6a565f5e6d462e6d27584445a56e5e2e1d8afcff6c3d4bf94,3152,4,4,0,0,4,candidate_only_not_proven_function,exact_bytes_only_not_relocation_normalized_or_complete_image_acceptance
63694acff56922966e0828823ff94d29b63ba8d33113718cdeca5e652c3ac35d,936,12,13,0,0,12,candidate_only_not_proven_function,exact_bytes_only_not_relocation_normalized_or_complete_image_acceptance
636de4555596981c0fdcb1c2921cf01834af0fc7fd3e882d564d827c9a1de2d3,6348,1,1,0,0,1,candidate_only_not_proven_function,exact_bytes_only_not_relocation_normalized_or_complete_image_acceptance
63c0249ebb7eed14a1f7c51ade5337223837c64a27902b5aa00984066bea9945,6712,1,1,0,0,1,candidate_only_not_proven_function,exact_bytes_only_not_relocation_normalized_or_complete_image_acceptance
63c172e1eed143e79553c7694ef3958a7e5d4eb7e9d9553dc412d2ba88837479,4840,1,1,0,0,1,candidate_only_not_proven_function,exact_bytes_only_not_relocation_normalized_or_complete_image_acceptance
63c5a1c0b274dfc45b112376b53cb0cb2efa456a055b52a0491befa33b975253,1912,7,7,0,0,7,candidate_only_not_proven_function,exact_bytes_only_not_relocation_normalized_or_complete_image_acceptance
63f8d209e3585f3f190b8088d90b9b6304b8f368ad0154bd5657b7fae9e96d09,1884,1,1,0,0,1,candidate_only_not_proven_function,exact_bytes_only_not_relocation_normalized_or_complete_image_acceptance
63f9bc4eeb4829438da0513b69adab5258aea24c6a0db85b3b9e13e4f742752a,2612,1,1,0,0,1,candidate_only_not_proven_function,exact_bytes_only_not_relocation_normalized_or_complete_image_acceptance
64032eb18902fb01edb1fa8826db9a77ee94fb4ba0ec9815593325fb58de8f65,13528,2,2,0,0,2,candidate_only_not_proven_function,exact_bytes_only_not_relocation_normalized_or_complete_image_acceptance
642e97b9814613f55912f2b95233b9ac38e36615ed9816b76eda77e1d2898514,3104,6,6,0,0,6,candidate_only_not_proven_function,exact_bytes_only_not_relocation_normalized_or_complete_image_acceptance
64415ab7697f190dfb45d62fefd5fcd9229d0d9bdd432835c6c71d9706dfe342,1304,7,7,0,0,7,candidate_only_not_proven_function,exact_bytes_only_not_relocation_normalized_or_complete_image_acceptance
644fda453150eef04ea9983a91462b2040baebcc1b022697946baad19b3cda13,2032,1,1,0,0,1,candidate_only_not_proven_function,exact_bytes_only_not_relocation_normalized_or_complete_image_acceptance
646b97e224463224c0378032ff01d4a610339ec302cd2150e92b2e53998c2b38,1216,3,3,0,0,3,candidate_only_not_proven_function,exact_bytes_only_not_relocation_normalized_or_complete_image_acceptance
64995b74752d8f186e18cd1aaeac5fcdfa159e592a872d2e28002fef2728463a,1768,4,4,0,0,4,candidate_only_not_proven_function,exact_bytes_only_not_relocation_normalized_or_complete_image_acceptance
64b79d4c890d6d35a47ba1b9a30c1264b3ad153f83e987c4a5180a5e1aeeb42c,9312,1,1,0,0,1,candidate_only_not_proven_function,exact_bytes_only_not_relocation_normalized_or_complete_image_acceptance
6502dc86a6508238eb8281f90c2dc6e8385dd375852c3690f6bd451779830542,4224,12,13,0,0,12,candidate_only_not_proven_function,exact_bytes_only_not_relocation_normalized_or_complete_image_acceptance
650e86b0b4dcdfb343e718814be0b218f382b1b7f8aa3c0098d912a986b5af64,9208,1,1,0,0,1,candidate_only_not_proven_function,exact_bytes_only_not_relocation_normalized_or_complete_image_acceptance
654004a09b9ae1098d5fdb569e9d0ab401596625ecbdaad3c9c5c92b0ec2b535,1392,6,6,0,0,6,candidate_only_not_proven_function,exact_bytes_only_not_relocation_normalized_or_complete_image_acceptance
6596d336086f1cdd813be07d58e255844990aa26501ff57938d32b5080a003e0,3756,6,6,0,0,6,candidate_only_not_proven_function,exact_bytes_only_not_relocation_normalized_or_complete_image_acceptance
65a54afc661ce1a2010c860693a097cf4ebaa4687f3cf5895a89821b1d7c5f7a,1244,1,1,0,0,1,candidate_only_not_proven_function,exact_bytes_only_not_relocation_normalized_or_complete_image_acceptance
65a69a37663c38ad3076d6d0005b647753f30f713157db8409ebf3fdf3f2330a,8724,1,1,0,0,1,candidate_only_not_proven_function,exact_bytes_only_not_relocation_normalized_or_complete_image_acceptance
6626d6fcca09168d95073a868a47a5095c0ee5779de26f403289ab9b85d909df,1368,1,1,0,0,1,candidate_only_not_proven_function,exact_bytes_only_not_relocation_normalized_or_complete_image_acceptance
6627f85e6f36ddde7ecc943bd575107419be19bb29a50a1d79bd984487b808a8,3808,1,1,0,0,1,candidate_only_not_proven_function,exact_bytes_only_not_relocation_normalized_or_complete_image_acceptance
666f046d407f73a8da31840341814e32c96fd542a712e3ecdc28281c3bfa8af1,1572,1,1,0,0,1,candidate_only_not_proven_function,exact_bytes_only_not_relocation_normalized_or_complete_image_acceptance
6686b032deb70b0f8d68231094074c6f9d9ce2a5d4e48c24a6b7c3b9b584d63e,3932,3,3,0,0,3,candidate_only_not_proven_function,exact_bytes_only_not_relocation_normalized_or_complete_image_acceptance
669016e0586337881bc116e274fefcb81787a6ab2e49cc79ec2760003746e791,1968,6,6,0,0,6,candidate_only_not_proven_function,exact_bytes_only_not_relocation_normalized_or_complete_image_acceptance
6696017c64ee10193d3de9d2c4e2a52f8194c7ffc000cb1016fc2ddbe95bf26b,4704,2,2,0,0,2,candidate_only_not_proven_function,exact_bytes_only_not_relocation_normalized_or_complete_image_acceptance
66cb77c22fa93cf61d33a089c5f777ff2099e284351e367f836ecec240c9bfb0,1620,2,2,0,0,2,candidate_only_not_proven_function,exact_bytes_only_not_relocation_normalized_or_complete_image_acceptance
66d6e5b7e9876ef66f7479af0571b1d1ea09aeef046b8533b4a7fd2a7e816926,2360,1,1,0,0,1,candidate_only_not_proven_function,exact_bytes_only_not_relocation_normalized_or_complete_image_acceptance
6706f2613d31b5560874ee30a905b359669c4f7b5225b517661f287d7d2d8037,2976,1,1,0,0,1,candidate_only_not_proven_function,exact_bytes_only_not_relocation_normalized_or_complete_image_acceptance
676246a3016680c7eb1625baa04119ed1251305b05cf7c2f4077752ffc3e5d9c,3544,11,11,0,0,11,candidate_only_not_proven_function,exact_bytes_only_not_relocation_normalized_or_complete_image_acceptance
67c810ce6df2137966a59a8a6c9c388a7acfef078751337d7b323031c1635347,1052,2,2,0,0,2,candidate_only_not_proven_function,exact_bytes_only_not_relocation_normalized_or_complete_image_acceptance
6838166b393e9a146207c88d67412219371998c98eca3e804830655f177150f2,2668,4,5,0,0,4,candidate_only_not_proven_function,exact_bytes_only_not_relocation_normalized_or_complete_image_acceptance
683b99bdfbea1eb031c32ed9112d44d9a322002d399bfe0e53cb4a18cd24a521,2492,6,6,0,0,6,candidate_only_not_proven_function,exact_bytes_only_not_relocation_normalized_or_complete_image_acceptance
68e9e75bec9ead8959960bfdd4a00633929eb2d2cce4c32de6f7728b945d07d3,7644,1,1,0,0,1,candidate_only_not_proven_function,exact_bytes_only_not_relocation_normalized_or_complete_image_acceptance
68f0f817434352c475477771ff1d208ae6961e5613aa3e61e65b6ae7e6c259d0,1920,1,1,0,0,1,candidate_only_not_proven_function,exact_bytes_only_not_relocation_normalized_or_complete_image_acceptance
6907bcd01b8cb348a4090e32bf5aaad541227e0952c44a59f9060f44c17d8be2,1344,1,1,0,0,1,candidate_only_not_proven_function,exact_bytes_only_not_relocation_normalized_or_complete_image_acceptance
6924b9539d59e9ebadbb3d6d96ab3bc11d473577080ae71496a94d7faadf212d,10904,1,1,0,0,1,candidate_only_not_proven_function,exact_bytes_only_not_relocation_normalized_or_complete_image_acceptance
692da0479152a100c046bc11f15512ccaba4266df8868c83310ac9f29dc84823,2972,8,8,0,0,8,candidate_only_not_proven_function,exact_bytes_only_not_relocation_normalized_or_complete_image_acceptance
692f584c1428c628610447a3468e4d301b591009187567b8e12b9a43e923e165,5348,2,2,0,0,2,candidate_only_not_proven_function,exact_bytes_only_not_relocation_normalized_or_complete_image_acceptance
694be8eabdfcfaf652ca209a08cf6fdc5ce3ea287905e6da471eec0ebe849780,6196,29,30,0,0,29,candidate_only_not_proven_function,exact_bytes_only_not_relocation_normalized_or_complete_image_acceptance
696045481581b5530f2932616c4088833f67d5c3834463fa561e52090388f56e,1252,1,1,0,0,1,candidate_only_not_proven_function,exact_bytes_only_not_relocation_normalized_or_complete_image_acceptance
697a1912022f84abd6ec63fe78c50e4e4d11cd5702919692a8dc81a97ad15423,11364,1,1,0,0,1,candidate_only_not_proven_function,exact_bytes_only_not_relocation_normalized_or_complete_image_acceptance
69aeea3b8df27c4194f95723cae01bfcf927afc84f96c94aaf0b07c589c5a10c,1848,1,1,0,0,1,candidate_only_not_proven_function,exact_bytes_only_not_relocation_normalized_or_complete_image_acceptance
69b3224fd153cb9541bf33724a5a994520f9fcd1e77e33d5cfc1eea086ef8131,13896,1,1,0,0,1,candidate_only_not_proven_function,exact_bytes_only_not_relocation_normalized_or_complete_image_acceptance
69cccd086696d727903d11ae086c94d47364a83a101c59b5f39e943e4d594c94,1420,1,1,0,0,1,candidate_only_not_proven_function,exact_bytes_only_not_relocation_normalized_or_complete_image_acceptance
6a704f38fd07cd51cd9cb102940db4ee3ae992688361bd16f61ea50c109b865a,1988,1,1,0,0,1,candidate_only_not_proven_function,exact_bytes_only_not_relocation_normalized_or_complete_image_acceptance
6ad0fea1f3883c1c8a5018c8e9732ae74749bd23ef874f367416413d8457bd7a,5524,4,4,0,0,4,candidate_only_not_proven_function,exact_bytes_only_not_relocation_normalized_or_complete_image_acceptance
6b1cde336a8e7c6ef566800349755180cfad55d4a72eecbc7f0040aa42ed3601,1452,1,1,0,0,1,candidate_only_not_proven_function,exact_bytes_only_not_relocation_normalized_or_complete_image_acceptance
6b2418d43e692ac01bc6b54dce6a2d7ae49421e691796db38604d296b24cdcda,3280,4,5,0,0,4,candidate_only_not_proven_function,exact_bytes_only_not_relocation_normalized_or_complete_image_acceptance
6b6c4df286df21bfed07e972f63300fc285430ac19c1239d958dc6498ee07721,18816,1,1,0,0,1,candidate_only_not_proven_function,exact_bytes_only_not_relocation_normalized_or_complete_image_acceptance
6ba555a8568980a647376ab41237f97412bc3ec9b9644ef62904ea2a68ba00a9,1572,1,1,0,0,1,candidate_only_not_proven_function,exact_bytes_only_not_relocation_normalized_or_complete_image_acceptance
6bb493977a872c3eed8f28ed5b3b810300dc3b44a115311aea8579f165066e51,2904,3,3,0,0,3,candidate_only_not_proven_function,exact_bytes_only_not_relocation_normalized_or_complete_image_acceptance
6bcaebd2785480ad82d0773aa43ab467f6c30a83ecc5a676d4b05a9639a67aca,3112,1,1,0,0,1,candidate_only_not_proven_function,exact_bytes_only_not_relocation_normalized_or_complete_image_acceptance
6bf42edf52a7beb462f092243044375a7f08fe6a9b1e69cefe6c3d33d233b8b2,13896,1,1,0,0,1,candidate_only_not_proven_function,exact_bytes_only_not_relocation_normalized_or_complete_image_acceptance
6c546b02187041a867381d430833f2544f4680a66964b1b0a4ecdb2378b96165,9452,5,5,0,0,5,candidate_only_not_proven_function,exact_bytes_only_not_relocation_normalized_or_complete_image_acceptance
6c55fbe2b8d9e9d8f7ff79ce9db95c5825c0e429f3996ed9d35afec4d284f6cc,1272,2,2,0,0,2,candidate_only_not_proven_function,exact_bytes_only_not_relocation_normalized_or_complete_image_acceptance
6c67f66fcb657f473bae771e7e59da2a98c50dd6b715d73cc4f83229a29c63a6,776,1,1,0,0,1,candidate_only_not_proven_function,exact_bytes_only_not_relocation_normalized_or_complete_image_acceptance
6c7ae27f85151df9c3a931463f454aeb459800a347e5dc7dc462b2c773406859,1216,1,1,0,0,1,candidate_only_not_proven_function,exact_bytes_only_not_relocation_normalized_or_complete_image_acceptance
6ca11afd4778cfc25b16102044ae79e7c880c4357f33c904fb08823a857b4f89,1440,1,1,0,0,1,candidate_only_not_proven_function,exact_bytes_only_not_relocation_normalized_or_complete_image_acceptance
6cba1b4cc7de283612400b4136190419c66a16743ffbd861e407ad104a7dba58,13412,3,3,0,0,3,candidate_only_not_proven_function,exact_bytes_only_not_relocation_normalized_or_complete_image_acceptance
6cdf944387f06ea8d19bdec5dda98ed4f5fc978b91c9e15b5b5cbe855c7bc6e7,776,11,12,0,0,11,candidate_only_not_proven_function,exact_bytes_only_not_relocation_normalized_or_complete_image_acceptance
6ce6191f843e0a443f79509e63a5e599067f8c1107c4f0c00a4a741f968e8eca,848,1,1,0,0,1,candidate_only_not_proven_function,exact_bytes_only_not_relocation_normalized_or_complete_image_acceptance
6d3ae661cbc12477f55a5d8f3342ad9e62ae736625f022bf7be448db45ae9492,10880,1,1,0,0,1,candidate_only_not_proven_function,exact_bytes_only_not_relocation_normalized_or_complete_image_acceptance
6d45223915a67c9b9e3d3863bdbd3c56219949f00889272517287c776712c97f,2400,1,1,0,0,1,candidate_only_not_proven_function,exact_bytes_only_not_relocation_normalized_or_complete_image_acceptance
6d7fccf3f2118557a3cb50e594797fa3d0892bc3927400c26990b3d75791933b,3384,1,1,0,0,1,candidate_only_not_proven_function,exact_bytes_only_not_relocation_normalized_or_complete_image_acceptance
6e243f1813f89814ba97bb36ba497ee3090e43f979df2679c31dbfdf05a77715,784,1,1,0,0,1,candidate_only_not_proven_function,exact_bytes_only_not_relocation_normalized_or_complete_image_acceptance
6e73193197375a9487c40be9f4a6b31fc45c0156ade2f563dc27f5b767a81468,4268,1,1,0,0,1,candidate_only_not_proven_function,exact_bytes_only_not_relocation_normalized_or_complete_image_acceptance
6e7cf27c51cacef91762a4ed9ef466b3b0f2e97cacd4293b13c902db6fbacc9b,1304,3,3,0,0,3,candidate_only_not_proven_function,exact_bytes_only_not_relocation_normalized_or_complete_image_acceptance
6ea02db613773d144b8d4d867680fcea5d45646fd2b71c8d2e1a3343708089c5,4232,2,3,0,0,2,candidate_only_not_proven_function,exact_bytes_only_not_relocation_normalized_or_complete_image_acceptance
6f0565326d3b52ac66017aef364941335e78b67c932de4c3fdfe0797ef50994b,1988,1,1,0,0,1,candidate_only_not_proven_function,exact_bytes_only_not_relocation_normalized_or_complete_image_acceptance
6f3e79f857b609141df0bbb6a6f261436d25a43304e57b4f9ee2325348277d73,848,1,1,0,0,1,candidate_only_not_proven_function,exact_bytes_only_not_relocation_normalized_or_complete_image_acceptance
6f658c761ca7898f1f194c94a67a7c399e70c1f9d830578431de8ca86f7be42f,2924,1,1,0,0,1,candidate_only_not_proven_function,exact_bytes_only_not_relocation_normalized_or_complete_image_acceptance
6f7ec07d4ff2495d0022de9d1f6c39b1af648472e028991e826562b461add7b9,3684,4,4,0,0,4,candidate_only_not_proven_function,exact_bytes_only_not_relocation_normalized_or_complete_image_acceptance
6f7ef06ca68f4b3e289737af62e13e7af05c755d5d8657ff54c21a6adc56939d,3552,1,1,0,0,1,candidate_only_not_proven_function,exact_bytes_only_not_relocation_normalized_or_complete_image_acceptance
6f8937750f9f971f7f3202a77fbb8e7e2bddb4367bce60c5875bedcda5583187,1544,5,5,0,0,5,candidate_only_not_proven_function,exact_bytes_only_not_relocation_normalized_or_complete_image_acceptance
6fee92ca0837b1aa485873bf98c6c7f8a3ed5166b9fa7f2410e23ed13e6028ea,10312,8,8,0,0,8,candidate_only_not_proven_function,exact_bytes_only_not_relocation_normalized_or_complete_image_acceptance
6ff7650efca866ff14fd7042c57031c4fbd75cf210454cd83a6ecfcb750f93ec,2712,1,1,0,0,1,candidate_only_not_proven_function,exact_bytes_only_not_relocation_normalized_or_complete_image_acceptance
70331a29007359ebecc2594309cf55d598b52f33bad4181bac27ac9e621150ff,1764,1,1,0,0,1,candidate_only_not_proven_function,exact_bytes_only_not_relocation_normalized_or_complete_image_acceptance
703cd646ef895618d2637148431d4daffba4c65e05510dc5350b033cac06978a,2508,2,2,0,0,2,candidate_only_not_proven_function,exact_bytes_only_not_relocation_normalized_or_complete_image_acceptance
7058318a62df3a7b8f79a400efa553e61c7fd8acb81e1e4e0f54aff24dcf1ed5,5440,1,1,0,0,1,candidate_only_not_proven_function,exact_bytes_only_not_relocation_normalized_or_complete_image_acceptance
70778b36293ca9b939626f3e7065201f6846fd7d41605cfe49b5f9dce296e93e,988,11,13,0,0,11,candidate_only_not_proven_function,exact_bytes_only_not_relocation_normalized_or_complete_image_acceptance
708c8d3bb3bad78fc45288b3c7ba1081c66caf98f4b31a32c7e2daf3c1a55b43,4044,1,1,0,0,1,candidate_only_not_proven_function,exact_bytes_only_not_relocation_normalized_or_complete_image_acceptance
70fe37c693ccfdab4726e1ef48baf467c79895171a8837b7ff92335ba171d296,6708,18,18,0,0,18,candidate_only_not_proven_function,exact_bytes_only_not_relocation_normalized_or_complete_image_acceptance
71423b55c4511076e6fbdb4709515157a7989415d9114abfc9f3f087c6b53dec,2292,1,1,0,0,1,candidate_only_not_proven_function,exact_bytes_only_not_relocation_normalized_or_complete_image_acceptance
718dd9c1c2fce950cac58aa3f32132da65251b6c269c20d9dd01cd3ea05e4bf5,15264,3,3,0,0,3,candidate_only_not_proven_function,exact_bytes_only_not_relocation_normalized_or_complete_image_acceptance
719568509b0c83ac246b8a0636fedb29d3f3300678d0300e0a44ca6cb063f1e7,4440,11,11,0,0,11,candidate_only_not_proven_function,exact_bytes_only_not_relocation_normalized_or_complete_image_acceptance
72302c1d24ed2511598a7009027a76b49d3eaf3cfa276890ddee938683c55a93,3808,1,1,0,0,1,candidate_only_not_proven_function,exact_bytes_only_not_relocation_normalized_or_complete_image_acceptance
72723ff8cc011ade2e85fe0f8b04cb50d839ea985fea4aa960f83f51945764da,2392,2,2,0,0,2,candidate_only_not_proven_function,exact_bytes_only_not_relocation_normalized_or_complete_image_acceptance
727475af8b3f811f9696829126944f87544c8d8a3d2230cf7a1279ecb8fd577b,7524,13,13,0,0,13,candidate_only_not_proven_function,exact_bytes_only_not_relocation_normalized_or_complete_image_acceptance
72a90365cc7d7b29e57c69bdc7e35e9fc38cdfe1955d696043f48e444ef5fde3,14340,1,1,0,0,1,candidate_only_not_proven_function,exact_bytes_only_not_relocation_normalized_or_complete_image_acceptance
72d61f495ed9dad629ac176d579b5adef4748f0c1ce3cfdbf6f0b7c605a41023,5468,2,2,0,0,2,candidate_only_not_proven_function,exact_bytes_only_not_relocation_normalized_or_complete_image_acceptance
7308a548ffeb087f59ab2cbfd70848659a5f35208d0b3ce1f063afe93c2bf382,1244,3,3,0,0,3,candidate_only_not_proven_function,exact_bytes_only_not_relocation_normalized_or_complete_image_acceptance
7344c948aa84f6f186d1c6d97f67d679d42b2de4573b7566f540677e42665f55,1560,4,4,0,0,4,candidate_only_not_proven_function,exact_bytes_only_not_relocation_normalized_or_complete_image_acceptance
7347e05c75a95a5573275728ac1aa922aae9dc8d48300324d7f1756cb1ba3ead,1320,2,2,0,0,2,candidate_only_not_proven_function,exact_bytes_only_not_relocation_normalized_or_complete_image_acceptance
7366a8dd058c456a12dba9026ffe1d403490de6739cca53d0893c86828fcd548,6044,2,2,0,0,2,candidate_only_not_proven_function,exact_bytes_only_not_relocation_normalized_or_complete_image_acceptance
7392195e7abf1deb313633e1728430f4e0ebf0f59242ca753db97ddb2496c679,1236,1,1,0,0,1,candidate_only_not_proven_function,exact_bytes_only_not_relocation_normalized_or_complete_image_acceptance
73bcfe9f088726b10b057cf517114c6468f92c56faa95c49e5a87aac156b1908,1380,6,6,0,0,6,candidate_only_not_proven_function,exact_bytes_only_not_relocation_normalized_or_complete_image_acceptance
7412519a172fbf843ce92a243adf51325aa6a4d177e1e858bbf164d9e4ba7493,3084,1,1,0,0,1,candidate_only_not_proven_function,exact_bytes_only_not_relocation_normalized_or_complete_image_acceptance
7454468248a952979b52416e7129b37337d9af6b45309590e6ebf3a88ca2d684,3320,14,14,0,0,14,candidate_only_not_proven_function,exact_bytes_only_not_relocation_normalized_or_complete_image_acceptance
7470d0017b51cf8adf0014004327116cbe2596eee9f0b98e9a6c2ec78f18628f,4292,1,1,0,0,1,candidate_only_not_proven_function,exact_bytes_only_not_relocation_normalized_or_complete_image_acceptance
74760d68f6c04b19a4c3b892d4047d3dd747ea56f858a02b57d3e5c5de26b596,9476,1,1,0,0,1,candidate_only_not_proven_function,exact_bytes_only_not_relocation_normalized_or_complete_image_acceptance
74aff0b277f01db448be20ab4feb0146f45a68422415c418f9cb0cf69e3f2307,1440,1,1,0,0,1,candidate_only_not_proven_function,exact_bytes_only_not_relocation_normalized_or_complete_image_acceptance
7520dcfe063a60585ed4487bdbfe1f865944aabb273dbab2f1fb778b11f321c8,9312,1,1,0,0,1,candidate_only_not_proven_function,exact_bytes_only_not_relocation_normalized_or_complete_image_acceptance
758ed904e0df4f4a1fa4dc7eb631dbfa958b12eb7a1e82dbd7d76722dd952b79,3104,5,6,0,0,5,candidate_only_not_proven_function,exact_bytes_only_not_relocation_normalized_or_complete_image_acceptance
75a859340ba11cbbda3eea4db8ff2c0d4273dd155e01a715358d507b9ad418aa,5700,5,6,0,0,5,candidate_only_not_proven_function,exact_bytes_only_not_relocation_normalized_or_complete_image_acceptance
75ab4624be905ad671ee043eb48950af6f38095ffc7538c4babf7e39a7124293,1620,2,2,0,0,2,candidate_only_not_proven_function,exact_bytes_only_not_relocation_normalized_or_complete_image_acceptance
75d8be468135fd80f1459710df1d1665bfac271e208e6731fd05320bff3cb17d,4436,2,2,0,0,2,candidate_only_not_proven_function,exact_bytes_only_not_relocation_normalized_or_complete_image_acceptance
75ef13e458634c3c889ac84500be142246d2031e79ea11f32f3c22a62c171cb3,1320,1,1,0,0,1,candidate_only_not_proven_function,exact_bytes_only_not_relocation_normalized_or_complete_image_acceptance
76001282a95be0485f0a0c828fab0dc012efe4c1a0a9e6cb78c5cb5de6cf811d,2360,1,1,0,0,1,candidate_only_not_proven_function,exact_bytes_only_not_relocation_normalized_or_complete_image_acceptance
76286b6201686b1714c8343f0a0491be203ec05a08a2134351269da25f819bbe,3076,6,6,0,0,6,candidate_only_not_proven_function,exact_bytes_only_not_relocation_normalized_or_complete_image_acceptance
7660b4416f1a29d9df410144033d1a0808daac430210d688a252f0580f32833f,2964,1,1,0,0,1,candidate_only_not_proven_function,exact_bytes_only_not_relocation_normalized_or_complete_image_acceptance
76d5e4494f68b40136599edb0c29b8aff1f78407cf014d758e5da46824a51a8f,4820,15,15,0,0,15,candidate_only_not_proven_function,exact_bytes_only_not_relocation_normalized_or_complete_image_acceptance
76e378956f326cbed12eb02ce03aacbbd0a4abd3546185cb76464b5ef6d32ee7,18572,1,1,0,0,1,candidate_only_not_proven_function,exact_bytes_only_not_relocation_normalized_or_complete_image_acceptance
7754bc5adb6dc00248bcca3390f630522215b9e582d024f999d526d4157def46,836,16,16,0,0,16,candidate_only_not_proven_function,exact_bytes_only_not_relocation_normalized_or_complete_image_acceptance
7759699df807428c495980eb0db4b5e910dde6b77575c548962f7a4841658fe2,4484,3,3,0,0,3,candidate_only_not_proven_function,exact_bytes_only_not_relocation_normalized_or_complete_image_acceptance
77abf56b486822b4879a42b329909051d07e7d88c1e3f5bbcb76245cf8ea13c3,5648,6,6,0,0,6,candidate_only_not_proven_function,exact_bytes_only_not_relocation_normalized_or_complete_image_acceptance
77c88728337510a91f2bb50f513832d1bb760a8a849c3d0c239b3320011e6866,896,2,2,0,0,2,candidate_only_not_proven_function,exact_bytes_only_not_relocation_normalized_or_complete_image_acceptance
77d4d70880709981dedab89c783e91769f13b920ee68677fff128e73a4ea8191,15268,1,1,0,0,1,candidate_only_not_proven_function,exact_bytes_only_not_relocation_normalized_or_complete_image_acceptance
77eedec3a976101c404248bfeffd86f6304c9bbe8a2dca622354e8bb379fbe94,1260,2,2,0,0,2,candidate_only_not_proven_function,exact_bytes_only_not_relocation_normalized_or_complete_image_acceptance
780112c516a9f2dd371b7deaf769ec7bf126b00c6e60ff518caccf7bbcf4ce24,5260,1,1,0,0,1,candidate_only_not_proven_function,exact_bytes_only_not_relocation_normalized_or_complete_image_acceptance
78473553d8825b6126d6461fb93d2a0db7884163adf1f078cc346222f3c1d397,2100,1,1,0,0,1,candidate_only_not_proven_function,exact_bytes_only_not_relocation_normalized_or_complete_image_acceptance
78e2df1eb581cd8def2ec766b8a8b46436b3ef4151c9717ccd29f69418a62714,2100,1,1,0,0,1,candidate_only_not_proven_function,exact_bytes_only_not_relocation_normalized_or_complete_image_acceptance
7989677ed0cdd0bab5bda46bf0fce7647a3a0af42a3e05e286d6a2f8e83f7d89,1804,11,13,0,0,11,candidate_only_not_proven_function,exact_bytes_only_not_relocation_normalized_or_complete_image_acceptance
798f5d9df0040ff1ffdb8380d0638b8310c134c604d76f6492f8fedc84f4b7dc,1084,3,3,0,0,3,candidate_only_not_proven_function,exact_bytes_only_not_relocation_normalized_or_complete_image_acceptance
7a967a92d186b770496ad20373c7648e71abbf7478843467648d16820454b340,3864,1,1,0,0,1,candidate_only_not_proven_function,exact_bytes_only_not_relocation_normalized_or_complete_image_acceptance
7aa04beacd25325ddd5674761b0803f8f053ff6929ad463ab1d4c6c7c86ddc0c,6204,4,4,0,0,4,candidate_only_not_proven_function,exact_bytes_only_not_relocation_normalized_or_complete_image_acceptance
7aa6778f7a71249cc3719e764ee051921634d16c1c1301e32037189e0ca1e32d,4656,2,2,0,0,2,candidate_only_not_proven_function,exact_bytes_only_not_relocation_normalized_or_complete_image_acceptance
7ad3d72f2642bfec5fbaaca9a85ef357b8b21f990cc6d4d5f1898af1ab50ae8f,2140,1,1,0,0,1,candidate_only_not_proven_function,exact_bytes_only_not_relocation_normalized_or_complete_image_acceptance
7adbdbb556abd155783272f29509b85a6ec52c36cb771b6222db0615d7eca92a,4840,1,1,0,0,1,candidate_only_not_proven_function,exact_bytes_only_not_relocation_normalized_or_complete_image_acceptance
7ba2909febb5c4de955d69e77d3e2911a0c87e7751870143030c73d85039f97d,1288,2,2,0,0,2,candidate_only_not_proven_function,exact_bytes_only_not_relocation_normalized_or_complete_image_acceptance
7ba9d217d32de68be952d2cc16abd1a93fcb3ff6af1ad9583a8404f410627567,1384,6,6,0,0,6,candidate_only_not_proven_function,exact_bytes_only_not_relocation_normalized_or_complete_image_acceptance
7bc5032166b40072ab50de79efebca900cd3c2263f3479a241c0940bfd0d68bc,1216,3,3,0,0,3,candidate_only_not_proven_function,exact_bytes_only_not_relocation_normalized_or_complete_image_acceptance
7bc67675b53899e8caab02dd54aa7860b251373f58939e6a59b4b286e53a2578,2872,2,2,0,0,2,candidate_only_not_proven_function,exact_bytes_only_not_relocation_normalized_or_complete_image_acceptance
7ca2898fd7a5e1276bec9f47cf1c1aeeb5df2a0551fd84d69d02bf1999aa78df,4068,5,5,0,0,5,candidate_only_not_proven_function,exact_bytes_only_not_relocation_normalized_or_complete_image_acceptance
7cc660a4565221f7edf4015f6f77104282321c297e22b29bfc933fd7a0ab85b2,9580,2,2,0,0,2,candidate_only_not_proven_function,exact_bytes_only_not_relocation_normalized_or_complete_image_acceptance
7d0f3d22e39a00481091af43db3e9e8fbb2b7dd7f4981ec7fa06c4fb79535be5,1568,4,4,0,0,4,candidate_only_not_proven_function,exact_bytes_only_not_relocation_normalized_or_complete_image_acceptance
7d37ad2c1f97b31a8b6d7a222afa084305cdd76638db0cdfd4939d965ac1167d,5276,1,1,0,0,1,candidate_only_not_proven_function,exact_bytes_only_not_relocation_normalized_or_complete_image_acceptance
7db0003b03ddced42f823c216b20414cc2d39c4cf6ace8b80642eba81af47130,2448,1,1,0,0,1,candidate_only_not_proven_function,exact_bytes_only_not_relocation_normalized_or_complete_image_acceptance
7df5a251a1c1b4c0c1d8d92b5e9209d80031599c581d3937315d602de008ef48,1448,1,1,0,0,1,candidate_only_not_proven_function,exact_bytes_only_not_relocation_normalized_or_complete_image_acceptance
7df77ac3fb2535cd254c9572586bcf4b454bebffe54f8fc17a86ce0d46cc1514,5292,6,6,0,0,6,candidate_only_not_proven_function,exact_bytes_only_not_relocation_normalized_or_complete_image_acceptance
7e11bc7637edffbea5e6a1dd83b82941960c2b299783bead8ee1e3f81e5f22bc,1756,2,2,0,0,2,candidate_only_not_proven_function,exact_bytes_only_not_relocation_normalized_or_complete_image_acceptance
7e187cf9e96b8eff405648400ae82384a831fd162b0f575aa7926f9d5a5df3da,1336,2,2,0,0,2,candidate_only_not_proven_function,exact_bytes_only_not_relocation_normalized_or_complete_image_acceptance
7e2e7a2628a3af72050a4429b3ed07f5827714a75bf5b64811e1724ff706c6f6,2964,4,4,0,0,4,candidate_only_not_proven_function,exact_bytes_only_not_relocation_normalized_or_complete_image_acceptance
7e33a9e8fa526117b754f34975c742bf32f04b4a67b0d4f2b4ded0b29b1f4cb6,2268,2,2,0,0,2,candidate_only_not_proven_function,exact_bytes_only_not_relocation_normalized_or_complete_image_acceptance
7e4820901e4405b60b9e3ff26f88b70f31ef43a551fca53277e826e52a3e9b23,1836,1,1,0,0,1,candidate_only_not_proven_function,exact_bytes_only_not_relocation_normalized_or_complete_image_acceptance
7e76862ccc9cb857ee5e5d045f32052a8e74b23d984db4445b1cfb983e0fffe6,1216,1,1,0,0,1,candidate_only_not_proven_function,exact_bytes_only_not_relocation_normalized_or_complete_image_acceptance
7e97799dd61a0bdd92c70ad31d4747b492d4450c472ca7076b81ef27ea6a22b7,14360,6,6,0,0,6,candidate_only_not_proven_function,exact_bytes_only_not_relocation_normalized_or_complete_image_acceptance
7ecc9931a407e81c286905f0a09cbf3781ae099c86306c433bd175ab1f059b8f,1396,4,5,0,0,4,candidate_only_not_proven_function,exact_bytes_only_not_relocation_normalized_or_complete_image_acceptance
7ee711940ac795ecc6f38c83eb52dd0a939daf607f148998e891656b87a711dd,1296,1,1,0,0,1,candidate_only_not_proven_function,exact_bytes_only_not_relocation_normalized_or_complete_image_acceptance
7efbe9810b72b895802b860709f2a875cb7e0f1439b7297059e77a68eb7510ee,1260,1,1,0,0,1,candidate_only_not_proven_function,exact_bytes_only_not_relocation_normalized_or_complete_image_acceptance
7eff522d77bbbb5ea99a93c5191ff255724d3694dd0eea7e9bafb1b434b6edb5,9140,3,3,0,0,3,candidate_only_not_proven_function,exact_bytes_only_not_relocation_normalized_or_complete_image_acceptance
7f5412bd36e556ec44e0efdee94dbe28f90030c22a6730d1a722abe1a65c901e,4340,1,1,0,0,1,candidate_only_not_proven_function,exact_bytes_only_not_relocation_normalized_or_complete_image_acceptance
7f7b8cb75e35b98108fba43ca2ff0d46701bc928ca5353c2c268fd80b51e5ec3,3152,4,4,0,0,4,candidate_only_not_proven_function,exact_bytes_only_not_relocation_normalized_or_complete_image_acceptance
7fb48c3309f3a54533376020f06e58b9a3f95da76c18321940202f374690d288,6196,30,30,0,0,30,candidate_only_not_proven_function,exact_bytes_only_not_relocation_normalized_or_complete_image_acceptance
8053e52def218c9e31db97afded187ad340b2773361009501c1c68a062c824a1,4680,2,2,0,0,2,candidate_only_not_proven_function,exact_bytes_only_not_relocation_normalized_or_complete_image_acceptance
806606cb2ebdc79261d88286aeb557c05bb8ffdef8e5f5e827cfda9a36a765eb,7148,8,8,0,0,8,candidate_only_not_proven_function,exact_bytes_only_not_relocation_normalized_or_complete_image_acceptance
80692acf6ebc1416a97e8b24eeabb1cc48aa88f144bd9435a0b20e8a6cdcafd4,2944,1,1,0,0,1,candidate_only_not_proven_function,exact_bytes_only_not_relocation_normalized_or_complete_image_acceptance
806cbc55699b96e18e2a7e8f842ca3b8807b9f09f8eaa6d596f68e21856555ef,1304,3,3,0,0,3,candidate_only_not_proven_function,exact_bytes_only_not_relocation_normalized_or_complete_image_acceptance
808a2293a9a983c6311ced0fd96a27ff085d7c84180e4096f27f3a2cba9fbb38,4808,1,1,0,0,1,candidate_only_not_proven_function,exact_bytes_only_not_relocation_normalized_or_complete_image_acceptance
80bbacb21eee8a8d8085e539d7deb0ddb4053462e5d20757e857bce973feac47,6892,4,4,0,0,4,candidate_only_not_proven_function,exact_bytes_only_not_relocation_normalized_or_complete_image_acceptance
80e572b4ef126e74b3d3f9f56a351b16cc285d38781e28665db0e38326d3ee7c,6908,1,1,0,0,1,candidate_only_not_proven_function,exact_bytes_only_not_relocation_normalized_or_complete_image_acceptance
817e472cb804358edf6ca10f7fcb038f7521616cb6dc31cd4bc94a7240b659e0,1488,5,5,0,0,5,candidate_only_not_proven_function,exact_bytes_only_not_relocation_normalized_or_complete_image_acceptance
81a48c5e6a7bfc08bf629ac469a0efc8ca7f6b6c9706fc034a84825497872010,7364,3,3,0,0,3,candidate_only_not_proven_function,exact_bytes_only_not_relocation_normalized_or_complete_image_acceptance
81b891fe757c53914f0731643332b8459b10eeedeaf40ed52074e28f2e399cf3,19376,1,1,0,0,1,candidate_only_not_proven_function,exact_bytes_only_not_relocation_normalized_or_complete_image_acceptance
81db7d0c4c25ed97537aa367154fd21ae1f34f675eeb28a959723870c63fb4ec,6224,1,1,0,0,1,candidate_only_not_proven_function,exact_bytes_only_not_relocation_normalized_or_complete_image_acceptance
821b2cc41f38084d974eac3c21581a558b6b4cc1877e1bf4c5c0f5f71f9c641f,5248,3,3,0,0,3,candidate_only_not_proven_function,exact_bytes_only_not_relocation_normalized_or_complete_image_acceptance
825c744161f61959411b893738a238f1ff26025838d81c03a2942dde4ea95bf8,2564,1,1,0,0,1,candidate_only_not_proven_function,exact_bytes_only_not_relocation_normalized_or_complete_image_acceptance
8300d27f8a2d06f93a46167af21e90d08e235416bef3ab041d47da616db20729,5380,1,1,0,0,1,candidate_only_not_proven_function,exact_bytes_only_not_relocation_normalized_or_complete_image_acceptance
8323994bece096666ddd2bc74f29bdd39373207be6a2ae3c3e0493c76873e39a,6712,1,1,0,0,1,candidate_only_not_proven_function,exact_bytes_only_not_relocation_normalized_or_complete_image_acceptance
8399c79beb4265713f9ac9c8520e8dc4e3e5e643c7741af56f1c198a0f3b147d,892,1,1,0,0,1,candidate_only_not_proven_function,exact_bytes_only_not_relocation_normalized_or_complete_image_acceptance
83a22bd683767c638e8f8f2343772581c65311c9c66ec75ed1327f0af70542bb,2260,3,3,0,0,3,candidate_only_not_proven_function,exact_bytes_only_not_relocation_normalized_or_complete_image_acceptance
83aaedd69d5ffffd90635976c1d4df44a4d648b577515dd9ce8a320729543f99,1108,4,4,0,0,4,candidate_only_not_proven_function,exact_bytes_only_not_relocation_normalized_or_complete_image_acceptance
83b987f5a9ce765147253e31ed31bc855e340b71a8996d144bcf5fe26003827d,1296,1,1,0,0,1,candidate_only_not_proven_function,exact_bytes_only_not_relocation_normalized_or_complete_image_acceptance
83bbebc33b3354a773a1d1de0e84e1f4187ac01e05f91e2a7b39998a63653fca,6816,2,2,0,0,2,candidate_only_not_proven_function,exact_bytes_only_not_relocation_normalized_or_complete_image_acceptance
84271a1d714e133a552a0ef704dd11f6729e0082362ac58c99c5844f8ff73e03,2552,2,2,0,0,2,candidate_only_not_proven_function,exact_bytes_only_not_relocation_normalized_or_complete_image_acceptance
842d95678c88e42a55cea492228bd1c6a83d0ad9c9b0b702a5b24438eb70c843,1956,1,1,0,0,1,candidate_only_not_proven_function,exact_bytes_only_not_relocation_normalized_or_complete_image_acceptance
844b78503f1bbe21865897105021c54fba90ea7886f91b8f58032db488bcab6b,7632,1,1,0,0,1,candidate_only_not_proven_function,exact_bytes_only_not_relocation_normalized_or_complete_image_acceptance
845fe56ebe0dbd57f58724caa8606af9cc49228e1e422bea989ee851f8cef44f,6908,1,1,0,0,1,candidate_only_not_proven_function,exact_bytes_only_not_relocation_normalized_or_complete_image_acceptance
846619f70cbadb20bfb96e5478a01c045109bdced594525411b688c498b9d941,2904,3,3,0,0,3,candidate_only_not_proven_function,exact_bytes_only_not_relocation_normalized_or_complete_image_acceptance
84bba3e596a2f1d54cbef77bc47a74e5b3e44be06267fb9ee879a5533fe457af,4952,1,1,0,0,1,candidate_only_not_proven_function,exact_bytes_only_not_relocation_normalized_or_complete_image_acceptance
859c52bf95f0d6aa34c2e6f0501bf5b8e7c178fd92d5c69389995c8c1bb3db97,3476,1,1,0,0,1,candidate_only_not_proven_function,exact_bytes_only_not_relocation_normalized_or_complete_image_acceptance
85a24630a215217a7362673f385096969519b43e8c60ab39795c52d3e0f1050c,1336,2,2,0,0,2,candidate_only_not_proven_function,exact_bytes_only_not_relocation_normalized_or_complete_image_acceptance
8627ee8abc72166ac177171c77200263b32f57a43f69a453b503f88536786a09,3440,1,1,0,0,1,candidate_only_not_proven_function,exact_bytes_only_not_relocation_normalized_or_complete_image_acceptance
86530cb786dcd938add355c30671a9efbda4d442f545accf485f0fcac388f72e,8616,1,1,0,0,1,candidate_only_not_proven_function,exact_bytes_only_not_relocation_normalized_or_complete_image_acceptance
865bc690d079ef8df30a0e57bbb16d985805e10c9c390b2406cad4eb9ab5eef6,1048,7,7,0,0,7,candidate_only_not_proven_function,exact_bytes_only_not_relocation_normalized_or_complete_image_acceptance
866000083aaa87f21d27b12de0faf67899c20053a83e82924bc03aa93804d2ef,1332,1,1,0,0,1,candidate_only_not_proven_function,exact_bytes_only_not_relocation_normalized_or_complete_image_acceptance
8673439eddb9eced81e797bde6577acdfe3a96d36211f8c754c028dca801b982,1484,5,6,0,0,5,candidate_only_not_proven_function,exact_bytes_only_not_relocation_normalized_or_complete_image_acceptance
868709ad5dcaa4ab6c21bdeb2851a4db9904c6e1da195dfa899f9f21d0b1fff1,3580,1,1,0,0,1,candidate_only_not_proven_function,exact_bytes_only_not_relocation_normalized_or_complete_image_acceptance
86ea3534a7903509117196abeb626d5268332fbe6c4aafe36225c06fcf3f6e80,5860,9,9,0,0,9,candidate_only_not_proven_function,exact_bytes_only_not_relocation_normalized_or_complete_image_acceptance
8710c10d4cbc2d9e36f6ed14d8e544bc528fd7992bfb5fd1060313bb4f0c8749,1420,1,1,0,0,1,candidate_only_not_proven_function,exact_bytes_only_not_relocation_normalized_or_complete_image_acceptance
871b31465246631ba0897072c468fb6eabe18e960bb555191128c7eb74b898aa,1304,7,7,0,0,7,candidate_only_not_proven_function,exact_bytes_only_not_relocation_normalized_or_complete_image_acceptance
87532d67c4ab588e31a6a1edee68c671c5c8a93437ab76d97482254663cf6ea5,3824,3,3,0,0,3,candidate_only_not_proven_function,exact_bytes_only_not_relocation_normalized_or_complete_image_acceptance
87b50c19129a97aaaf70f518e5d697ebb01128a2219dadf5c41fddd92898e997,892,2,2,0,0,2,candidate_only_not_proven_function,exact_bytes_only_not_relocation_normalized_or_complete_image_acceptance
87c36fb229d82db3b2b635d3fca38e228658e8343a35dbfd161292b61db8c934,1196,1,1,0,0,1,candidate_only_not_proven_function,exact_bytes_only_not_relocation_normalized_or_complete_image_acceptance
87ced97e1ebd305d6f9724768f8f36b4c4f27a71ba87ed154d16aef7f084128a,2224,1,1,0,0,1,candidate_only_not_proven_function,exact_bytes_only_not_relocation_normalized_or_complete_image_acceptance
883d15142476486f0624339f49c8b78aea63adfe236d2f3f735b5841e5a671cd,2072,14,14,0,0,14,candidate_only_not_proven_function,exact_bytes_only_not_relocation_normalized_or_complete_image_acceptance
88659f947d134bd21b1e77fed812e8f33542772f124a69aa6ee41bd458782fa0,6816,2,2,0,0,2,candidate_only_not_proven_function,exact_bytes_only_not_relocation_normalized_or_complete_image_acceptance
88767d754f05ad0e2fd00d649bf5c6293320b8c07a410d31fb471ba35846855b,9224,1,1,0,0,1,candidate_only_not_proven_function,exact_bytes_only_not_relocation_normalized_or_complete_image_acceptance
88b492f6ed1817434173254ed981e26d0fd14d3177c57483b5cea63c2e9ec6f9,4272,3,3,0,0,3,candidate_only_not_proven_function,exact_bytes_only_not_relocation_normalized_or_complete_image_acceptance
88ee20aa6c04836ee40bbacbf400e42fc21b64b5e20b7fa3f0cf82171977660a,1152,2,2,0,0,2,candidate_only_not_proven_function,exact_bytes_only_not_relocation_normalized_or_complete_image_acceptance
89077bb4c03a954f2177a66804dde1ddf52a1c88982dd555dc0a6e0304c9f8ff,2032,1,1,0,0,1,candidate_only_not_proven_function,exact_bytes_only_not_relocation_normalized_or_complete_image_acceptance
890f11f9ed1e157560a97b63b513f62619c19dec7ce67ecef5999470ebf35cda,6204,4,4,0,0,4,candidate_only_not_proven_function,exact_bytes_only_not_relocation_normalized_or_complete_image_acceptance
896cecb269a2e31845633e6e019b448342861dbe3e4c146d3f214b44e95af213,1804,2,2,0,0,2,candidate_only_not_proven_function,exact_bytes_only_not_relocation_normalized_or_complete_image_acceptance
89a01a9c77925513abfe78ce29a219e4253d3c14a53463b3d43e8c948753a05d,3196,1,1,0,0,1,candidate_only_not_proven_function,exact_bytes_only_not_relocation_normalized_or_complete_image_acceptance
89a1226818d449303f126a891be229f062808db90a0d574754f25fede84fdb1d,776,2,2,0,0,2,candidate_only_not_proven_function,exact_bytes_only_not_relocation_normalized_or_complete_image_acceptance
89d80649cc730a430012ae02d24f465eb4200c1ea058098c7eb5572cb10d0e6b,15608,1,1,0,0,1,candidate_only_not_proven_function,exact_bytes_only_not_relocation_normalized_or_complete_image_acceptance
89db9781a6fa3921d697fe22d286d4dd67e84e1e00e9c4390a3c0ddc6bc748d3,3892,1,1,0,0,1,candidate_only_not_proven_function,exact_bytes_only_not_relocation_normalized_or_complete_image_acceptance
89e5390d2d9cd621534c9c5bfa7e716fc7fc3f3c30c8faceae5aac6c9c2ceec8,4016,1,1,0,0,1,candidate_only_not_proven_function,exact_bytes_only_not_relocation_normalized_or_complete_image_acceptance
89ee4b50343a6c03cac141c0bf0b6b929e3786f69acf81aef81e5ec52c0aca0b,2764,1,1,0,0,1,candidate_only_not_proven_function,exact_bytes_only_not_relocation_normalized_or_complete_image_acceptance
8a007230a1caf8e4e9573133e536bbf2df0fc865cd878b8fd013d74ffec83f13,1804,2,2,0,0,2,candidate_only_not_proven_function,exact_bytes_only_not_relocation_normalized_or_complete_image_acceptance
8a3293c2c6ea6c058f5992dc58a9af07d2895149f9a2052afddaea7166a0985b,14416,1,1,0,0,1,candidate_only_not_proven_function,exact_bytes_only_not_relocation_normalized_or_complete_image_acceptance
8a3f06444d2e266be215c79bbc3185b324fa9aaa0e6adec51825c4b5414bb3cc,1956,1,1,0,0,1,candidate_only_not_proven_function,exact_bytes_only_not_relocation_normalized_or_complete_image_acceptance
8a46aad280f5907931012f8c2955bfc47d86469207277ed834e25ac40fa2d6ca,128,1,1,0,0,1,candidate_only_not_proven_function,exact_bytes_only_not_relocation_normalized_or_complete_image_acceptance
8a609064adf5e919b6da3b14c027c301eee0f7755037e0f91d4a95028031d09c,944,1,1,0,0,1,candidate_only_not_proven_function,exact_bytes_only_not_relocation_normalized_or_complete_image_acceptance
8a83611bbc1d82b7e9d9303770ac35e8fc648d2e4c29731f67373f9bb7cd072c,11416,2,2,0,0,2,candidate_only_not_proven_function,exact_bytes_only_not_relocation_normalized_or_complete_image_acceptance
8b20cf97a42b02120837aa49f51e558c5fbc340f3cc8a30d9fc95397881f5e9e,940,2,2,0,0,2,candidate_only_not_proven_function,exact_bytes_only_not_relocation_normalized_or_complete_image_acceptance
8b95b9c8175980d0a0676dc584108c567ab39cfe401404fe16530b71b2b7d0bb,1456,1,1,0,0,1,candidate_only_not_proven_function,exact_bytes_only_not_relocation_normalized_or_complete_image_acceptance
8bb7f1ccadd3c2399ae0b6b83557aa0904adb6d48013639c071db5625440c379,1964,6,6,0,0,6,candidate_only_not_proven_function,exact_bytes_only_not_relocation_normalized_or_complete_image_acceptance
8bf296d58c92132dcd91366129f59abf490a39d02b918442fa26e3015fae0ae0,14416,1,1,0,0,1,candidate_only_not_proven_function,exact_bytes_only_not_relocation_normalized_or_complete_image_acceptance
8c8165a3c81dbb02c388a93545fd17ab123e6a83e9a0333721a4f1f75d4a0747,5560,6,6,0,0,6,candidate_only_not_proven_function,exact_bytes_only_not_relocation_normalized_or_complete_image_acceptance
8c9c7cdda2412e54d1538c8a78fedcb5212f2371a7210fe60776d6dc6372b96a,1244,1,1,0,0,1,candidate_only_not_proven_function,exact_bytes_only_not_relocation_normalized_or_complete_image_acceptance
8d7e19e1fef4d75aaa97fa61ea56b7fbc97efe4ef42164593e136487a92bbbf5,4808,1,1,0,0,1,candidate_only_not_proven_function,exact_bytes_only_not_relocation_normalized_or_complete_image_acceptance
8d8b16914fe871e976a654e89a2cc385354e87cc40cfea294575eefe8d926528,972,1,1,0,0,1,candidate_only_not_proven_function,exact_bytes_only_not_relocation_normalized_or_complete_image_acceptance
8dbb070ddfed9c8807248620a90ef18e17d4119cbd6cc64ea7c635981ca9767a,3764,1,1,0,0,1,candidate_only_not_proven_function,exact_bytes_only_not_relocation_normalized_or_complete_image_acceptance
8dc01a8febb52698ee08d67e15a0c1b0a031418bc35b21cefe8c749c7961ca9e,1672,2,2,0,0,2,candidate_only_not_proven_function,exact_bytes_only_not_relocation_normalized_or_complete_image_acceptance
8dce376e89b8b3114ebd6a489dc40db06ea6106ceb411fb10d063c935fc7e149,2396,2,2,0,0,2,candidate_only_not_proven_function,exact_bytes_only_not_relocation_normalized_or_complete_image_acceptance
8e0533c8cad761478a815521545837b0e9e9311718203ace67f1d555e0dba340,1532,1,1,0,0,1,candidate_only_not_proven_function,exact_bytes_only_not_relocation_normalized_or_complete_image_acceptance
8e35e02de3f7e2a17999ce1fa691921a98488d0be0195272a1c65ccd290939b4,900,1,1,0,0,1,candidate_only_not_proven_function,exact_bytes_only_not_relocation_normalized_or_complete_image_acceptance
8e57a198026b5375b1666693b66f4b456bda4e719fae4d1ff8eaa72d71ab6f55,7508,3,3,0,0,3,candidate_only_not_proven_function,exact_bytes_only_not_relocation_normalized_or_complete_image_acceptance
8e66cd97eb12d9b17dacf4dda179b1c47bdab0b8ef68de5844f4fe7fc2e72d22,15032,2,2,0,0,2,candidate_only_not_proven_function,exact_bytes_only_not_relocation_normalized_or_complete_image_acceptance
8e6e443c933e4274b77119e813bd776ef70517263fc3fda5df5d2091d9fc2fd1,1320,1,1,0,0,1,candidate_only_not_proven_function,exact_bytes_only_not_relocation_normalized_or_complete_image_acceptance
8eb38182419621819ca1e04c82bf2e3ea174915b91cf75cb20421dbb3cb27f5a,1276,4,4,0,0,4,candidate_only_not_proven_function,exact_bytes_only_not_relocation_normalized_or_complete_image_acceptance
8eb7514483b31583de7a95fd62981f5ae74cdac0dbe2a8186240dddef80c200a,4924,3,3,0,0,3,candidate_only_not_proven_function,exact_bytes_only_not_relocation_normalized_or_complete_image_acceptance
8efbbf5bb3043e5bc150c6ccef38f3dc9cb4a7a5097599919100876d6d543fa2,1236,1,1,0,0,1,candidate_only_not_proven_function,exact_bytes_only_not_relocation_normalized_or_complete_image_acceptance
8efe5c25522f6a19fe6bed4c5a36968a6c4377b8fcbeae0dd67c7491ce07fac6,1064,1,1,0,0,1,candidate_only_not_proven_function,exact_bytes_only_not_relocation_normalized_or_complete_image_acceptance
8f0dd1657c7caba8ea0bdad1e00cf35d75e44a9f0b52755b6aea8e803f952a6f,1676,1,1,0,0,1,candidate_only_not_proven_function,exact_bytes_only_not_relocation_normalized_or_complete_image_acceptance
8f198abe60c5873a7c8a8aa0148a087188a58b3b4cd24584ccd7dacd2cf8780e,15540,1,1,0,0,1,candidate_only_not_proven_function,exact_bytes_only_not_relocation_normalized_or_complete_image_acceptance
8f476725c7c8d55a34454c5bb54bc567184a91202c1d973b054e5ecbd6b2f898,4792,1,1,0,0,1,candidate_only_not_proven_function,exact_bytes_only_not_relocation_normalized_or_complete_image_acceptance
8f4bafb930a37acff345312f5246c5b9407c65f07a25a0103027965183aa5430,1608,1,1,0,0,1,candidate_only_not_proven_function,exact_bytes_only_not_relocation_normalized_or_complete_image_acceptance
8fac48888dcab424a4f3ea75da659b1889804f623b3c3a4ac8e63078ec7ffa34,2480,1,1,0,0,1,candidate_only_not_proven_function,exact_bytes_only_not_relocation_normalized_or_complete_image_acceptance
8fd7ddf11d50e95bb2806d63a71a69357287a8cb61571f462e3e3f158317ca93,2460,2,2,0,0,2,candidate_only_not_proven_function,exact_bytes_only_not_relocation_normalized_or_complete_image_acceptance
8fe8c5429253706265bdebd9fbe21db90c8eff6b7ae7dd38fcd710a39f1c069d,1908,6,6,0,0,6,candidate_only_not_proven_function,exact_bytes_only_not_relocation_normalized_or_complete_image_acceptance
9065608c36bd2314df19855e1542ec7e3f39607322d897f58580527daae7ea0b,2800,14,14,0,0,14,candidate_only_not_proven_function,exact_bytes_only_not_relocation_normalized_or_complete_image_acceptance
9077c2d056122a955e376ece6655f97137e609a174348413afb3730e38a3caf2,15292,6,6,0,0,6,candidate_only_not_proven_function,exact_bytes_only_not_relocation_normalized_or_complete_image_acceptance
909d1d24b7d731891b7e7deb425c0de965fe1450198e6990f16fe5b7fc2f1372,892,1,1,0,0,1,candidate_only_not_proven_function,exact_bytes_only_not_relocation_normalized_or_complete_image_acceptance
90aa9caf6e4c84e8fe790b9fe17069e21bc946ac3d43c45c72763b70d6203f0e,7748,3,3,0,0,3,candidate_only_not_proven_function,exact_bytes_only_not_relocation_normalized_or_complete_image_acceptance
90f6cfc71ba1fa9031372b697a3a345b08fa785d2a35527c93bdf7e7ee525583,1272,1,1,0,0,1,candidate_only_not_proven_function,exact_bytes_only_not_relocation_normalized_or_complete_image_acceptance
9126e4f62d324b65ad2f5de90ff3f00d4396dd4acdda6f995be024b7a967a2c6,1128,3,3,0,0,3,candidate_only_not_proven_function,exact_bytes_only_not_relocation_normalized_or_complete_image_acceptance
9152d72f5e3ab8f3376161f5cdd882c4f89bf2d53321a7d7fa33604de70f0b39,1396,4,4,0,0,4,candidate_only_not_proven_function,exact_bytes_only_not_relocation_normalized_or_complete_image_acceptance
91558df44b885c673e06eece8772d9f74304c6a2c9b63d350a829830372ff7a9,1076,2,2,0,0,2,candidate_only_not_proven_function,exact_bytes_only_not_relocation_normalized_or_complete_image_acceptance
917c4f1bb6f20008af6b276a2b8528e6af1b14f13ed388abd8b2bba043cad3fb,3100,6,6,0,0,6,candidate_only_not_proven_function,exact_bytes_only_not_relocation_normalized_or_complete_image_acceptance
917d28a5b560b77cc04c106cafde31e1d694474096582a44c4a381c2806cdeb7,1320,2,2,0,0,2,candidate_only_not_proven_function,exact_bytes_only_not_relocation_normalized_or_complete_image_acceptance
91c97a9e6340fbcbd3d3fa3cec87dfcec86b04de4a5105121964f1edf9e569e0,1164,1,1,0,0,1,candidate_only_not_proven_function,exact_bytes_only_not_relocation_normalized_or_complete_image_acceptance
91e397cc217303d95cea6b61ca6ab8b1dedb516925907dbf7494e027c030e501,3824,3,3,0,0,3,candidate_only_not_proven_function,exact_bytes_only_not_relocation_normalized_or_complete_image_acceptance
91f9d225dc7e56e3f8feb71ec8194a16c02bb92bcd93b8d205c90e5b7a33bb78,1244,6,6,0,0,6,candidate_only_not_proven_function,exact_bytes_only_not_relocation_normalized_or_complete_image_acceptance
91fe0a83464944dea00ad7966a056b4343bca3f2262225ac79801ff3afcaa7e0,936,1,1,0,0,1,candidate_only_not_proven_function,exact_bytes_only_not_relocation_normalized_or_complete_image_acceptance
920d40f0a9585f906ec83fd34e09c7c3c9b891f852b0d2d987a9f8f5170cedb5,7808,1,1,0,0,1,candidate_only_not_proven_function,exact_bytes_only_not_relocation_normalized_or_complete_image_acceptance
9214f094d64e46d0eb31d126dc449fcc8d1632248f4b08c57a3a11c6f5058e26,8324,1,1,0,0,1,candidate_only_not_proven_function,exact_bytes_only_not_relocation_normalized_or_complete_image_acceptance
9224473a5ca9ced38c11ba39678e3fbd82f9cccce6413e1639318679c90a0158,2124,1,1,0,0,1,candidate_only_not_proven_function,exact_bytes_only_not_relocation_normalized_or_complete_image_acceptance
9226977f89d8b5e031e5fd7665623223da17b0b5c4e72c010edb385f1c41984f,900,1,1,0,0,1,candidate_only_not_proven_function,exact_bytes_only_not_relocation_normalized_or_complete_image_acceptance
922b26497d1a52a9fdfb399dbbd2cb79680f594abb15d840b2656db4aaf2b268,776,12,13,0,0,12,candidate_only_not_proven_function,exact_bytes_only_not_relocation_normalized_or_complete_image_acceptance
925a7e5dfd6230cfa07a4693f499ed88ab14ceb2449e788dd1e782d9cca769b2,3192,1,1,0,0,1,candidate_only_not_proven_function,exact_bytes_only_not_relocation_normalized_or_complete_image_acceptance
9298c06044e3efdfb6c74119a1b3623d75e26c1caa959e4de85ca478c86383bc,3256,2,2,0,0,2,candidate_only_not_proven_function,exact_bytes_only_not_relocation_normalized_or_complete_image_acceptance
92a650ca7d856b5f7f4a02f286de22d5781fe114a1e7ab3c48337f2538929337,2072,3,3,0,0,3,candidate_only_not_proven_function,exact_bytes_only_not_relocation_normalized_or_complete_image_acceptance
92c3d8e8fe8f8d469e4976e8ca0d2c9772afda57c452374dcc25fb72e26a1166,1804,12,13,0,0,12,candidate_only_not_proven_function,exact_bytes_only_not_relocation_normalized_or_complete_image_acceptance
92dcf6c0252ded0790adf90821d32411df7017ebea3e0d1589a111fc6d015f16,1608,1,1,0,0,1,candidate_only_not_proven_function,exact_bytes_only_not_relocation_normalized_or_complete_image_acceptance
9304fac9ea96fd7b0dcc85e4b9701e15f3f549895264e67c644b0702b3162fd8,4364,1,1,0,0,1,candidate_only_not_proven_function,exact_bytes_only_not_relocation_normalized_or_complete_image_acceptance
931be08f11c2e3bb0cfe55d47a12b14f5ebfdeaef0c5a76ce7ed7ac69650a554,13920,2,2,0,0,2,candidate_only_not_proven_function,exact_bytes_only_not_relocation_normalized_or_complete_image_acceptance
935db3de4ce9a5b7bcb9345e1e1bd9294ce529c67b4351720ddbe2a4cf5694f5,6224,1,1,0,0,1,candidate_only_not_proven_function,exact_bytes_only_not_relocation_normalized_or_complete_image_acceptance
93f925bbda859a45a6825b37617534ac8e728feb74800d9030146d866e109af2,1384,5,6,0,0,5,candidate_only_not_proven_function,exact_bytes_only_not_relocation_normalized_or_complete_image_acceptance
943703ca6d82fc24cc5fc17df5711e17f7f7f6bf0734b371f6a92c265c6eb6c8,7516,1,1,0,0,1,candidate_only_not_proven_function,exact_bytes_only_not_relocation_normalized_or_complete_image_acceptance
94797b75c52ee49419e83412aa463a23d15323ac63adc222966067c957a1d9d9,1612,4,4,0,0,4,candidate_only_not_proven_function,exact_bytes_only_not_relocation_normalized_or_complete_image_acceptance
94a921142558fed7510a60bc283de57d8826cf8bba49d07295e8b318854a71b3,1624,1,1,0,0,1,candidate_only_not_proven_function,exact_bytes_only_not_relocation_normalized_or_complete_image_acceptance
9526a30900e609b5d6682fbb4fe9cfe0c908dc8e1d75e6532d78f24f302c37cb,1488,2,2,0,0,2,candidate_only_not_proven_function,exact_bytes_only_not_relocation_normalized_or_complete_image_acceptance
95433a8a6919628f636f06f38cec0e06e6872e8366669ad72598cd50b8d257b3,1308,4,4,0,0,4,candidate_only_not_proven_function,exact_bytes_only_not_relocation_normalized_or_complete_image_acceptance
95bfb2e62fe4084452e74b5bd3e7d7f38196abd5d02ae0386b7e497511fe4d26,5276,1,1,0,0,1,candidate_only_not_proven_function,exact_bytes_only_not_relocation_normalized_or_complete_image_acceptance
95c992951ad7b26bc0f8ff77e990f5e3b1b9f74fe9d8dd7058c3f897372edb88,1612,4,4,0,0,4,candidate_only_not_proven_function,exact_bytes_only_not_relocation_normalized_or_complete_image_acceptance
9639a57fb72a0ce17b38605b1cdd4e03c4442cd25b18518705541a9a6632b19d,1208,8,8,0,0,8,candidate_only_not_proven_function,exact_bytes_only_not_relocation_normalized_or_complete_image_acceptance
963cf05e6ed967b289ae38f646e668d6e9e45fe82c95619f954a40637f94e21f,1644,4,4,0,0,4,candidate_only_not_proven_function,exact_bytes_only_not_relocation_normalized_or_complete_image_acceptance
9645c86e0ab8a9bca8f0320be9bf5f6af149059b1bce3296f61c8706b9b26be7,1852,1,1,0,0,1,candidate_only_not_proven_function,exact_bytes_only_not_relocation_normalized_or_complete_image_acceptance
96589fc9dd39b86a8ba6b630df724733ccd02e57ebcba0ae72305b83eea11974,1828,3,3,0,0,3,candidate_only_not_proven_function,exact_bytes_only_not_relocation_normalized_or_complete_image_acceptance
96676736c02ca564a4b2f212c33f3226554a38ed40252084c1f06d1fdaeb93e9,8460,1,1,0,0,1,candidate_only_not_proven_function,exact_bytes_only_not_relocation_normalized_or_complete_image_acceptance
96d1ab77334df8c081d2400286c3661c8710edec598aa5a85c86e4eab77a48b6,8188,26,27,0,0,26,candidate_only_not_proven_function,exact_bytes_only_not_relocation_normalized_or_complete_image_acceptance
9732e62be676276caae03dfc890879460bf7126b2521d8b85f7fa3ec544e5a44,1180,2,2,0,0,2,candidate_only_not_proven_function,exact_bytes_only_not_relocation_normalized_or_complete_image_acceptance
974255e0c9ceec4bbcaa0f142b0693f7fa488304321382d23656d5f7412cb395,1512,4,4,0,0,4,candidate_only_not_proven_function,exact_bytes_only_not_relocation_normalized_or_complete_image_acceptance
97f76f7768f115cc650b57e657ec6d5e54c8d88213d93ab0ce1e16c20f1cf5b0,6044,2,2,0,0,2,candidate_only_not_proven_function,exact_bytes_only_not_relocation_normalized_or_complete_image_acceptance
98c478877ca127e9ba93380536af8afd45d5ac8047cc4acf932496b99c615ee1,1568,5,5,0,0,5,candidate_only_not_proven_function,exact_bytes_only_not_relocation_normalized_or_complete_image_acceptance
98ee02dbae9c702aabd84fd2122c83b76f72e2b73897b2ab91d6a535963d9c4b,784,2,2,0,0,2,candidate_only_not_proven_function,exact_bytes_only_not_relocation_normalized_or_complete_image_acceptance
98f93502719cae1a96fbf3852f7409ec797d62a9639fa587816cf9f825235354,892,6,6,0,0,6,candidate_only_not_proven_function,exact_bytes_only_not_relocation_normalized_or_complete_image_acceptance
9907b43370745aca5966f2328b620ddf8c4f74ee55ab8c45f05fb6486872c01e,1252,6,6,0,0,6,candidate_only_not_proven_function,exact_bytes_only_not_relocation_normalized_or_complete_image_acceptance
9915d78efa51e72638d736e5e50345942c8ab2d09624fb0649ba446045d5dcff,2964,2,2,0,0,2,candidate_only_not_proven_function,exact_bytes_only_not_relocation_normalized_or_complete_image_acceptance
994cf330a472857ed0c3c43ff1341aca5fced7fb2585286c8936dab6e390b360,5648,6,6,0,0,6,candidate_only_not_proven_function,exact_bytes_only_not_relocation_normalized_or_complete_image_acceptance
9976c4d7ccb19e7d5cb5307228a51d8b5698c8e0b9eae74ff83f4501f15c87ba,1680,2,2,0,0,2,candidate_only_not_proven_function,exact_bytes_only_not_relocation_normalized_or_complete_image_acceptance
99819fdf1fa48f5da8004db5a098db9e6aa76448a3a107f3f7ca2683e28c1df9,3868,3,3,0,0,3,candidate_only_not_proven_function,exact_bytes_only_not_relocation_normalized_or_complete_image_acceptance
9a0d19834f5306c67c612181f64846ed0583bc8c2e5a92421ab933e5997e3605,2668,1,1,0,0,1,candidate_only_not_proven_function,exact_bytes_only_not_relocation_normalized_or_complete_image_acceptance
9a441bb9567be7732c71f92ed44a58cf89d6d7beada514fa37867b68fa0c9f0f,7524,13,13,0,0,13,candidate_only_not_proven_function,exact_bytes_only_not_relocation_normalized_or_complete_image_acceptance
9ac209b6d3e704009f11f99d0bdb98d569024c88ecc0ff3b6ed170c8df35553e,2872,2,2,0,0,2,candidate_only_not_proven_function,exact_bytes_only_not_relocation_normalized_or_complete_image_acceptance
9b0395532f8fdd756062a14b3eab3b911d8ef0d4f00868e5c8ce94f7fd72f2ea,1192,4,4,0,0,4,candidate_only_not_proven_function,exact_bytes_only_not_relocation_normalized_or_complete_image_acceptance
9b502c2f04e6e4fb7205a04f3cef66b6c44328b708b69cea367b88e026357686,4384,1,1,0,0,1,candidate_only_not_proven_function,exact_bytes_only_not_relocation_normalized_or_complete_image_acceptance
9b871aa4d9ce16b696dee3aecb0cc040ef30a0e8382af2269509f965c804ea61,6700,17,17,0,0,17,candidate_only_not_proven_function,exact_bytes_only_not_relocation_normalized_or_complete_image_acceptance
9b9d5e3e52eeeb69b3e733d96755d0ddbc802ac0fddb9162ec850c8f538877e6,2272,1,1,0,0,1,candidate_only_not_proven_function,exact_bytes_only_not_relocation_normalized_or_complete_image_acceptance
9bbfa018a63c204799b1b81bb3534f06e1fa55dfbc4a64422f46e6d4b4c8d7db,3864,1,1,0,0,1,candidate_only_not_proven_function,exact_bytes_only_not_relocation_normalized_or_complete_image_acceptance
9bbfcb5801fa5fdfc20a48b8bb4fb48eb40e04ababfcd5c7a47dabcc0f4a9992,2636,1,1,0,0,1,candidate_only_not_proven_function,exact_bytes_only_not_relocation_normalized_or_complete_image_acceptance
9bc8960ea961254c2b40f1d79f50245a7a6fea7d8105e8887621c0690d829336,3748,1,1,0,0,1,candidate_only_not_proven_function,exact_bytes_only_not_relocation_normalized_or_complete_image_acceptance
9bcb3e67b4b90db6c66728f0441f5472d3cb7f87477a910d79ca5ecf1111bf96,3996,1,1,0,0,1,candidate_only_not_proven_function,exact_bytes_only_not_relocation_normalized_or_complete_image_acceptance
9bf0b31855b9a9c4680b180c5404cec12c607e9ed3b7a717610104237812bfb7,1532,1,1,0,0,1,candidate_only_not_proven_function,exact_bytes_only_not_relocation_normalized_or_complete_image_acceptance
9bf0b929216a45b8dc464851d2bbf6b0bf19024b0b2f50ec2a2558a7fa6a7d9a,940,2,2,0,0,2,candidate_only_not_proven_function,exact_bytes_only_not_relocation_normalized_or_complete_image_acceptance
9c06d825d81146bd96602017589c1eeb6945be510325df4faf98f7a0865f3a28,5084,6,6,0,0,6,candidate_only_not_proven_function,exact_bytes_only_not_relocation_normalized_or_complete_image_acceptance
9c2cb3a4468dc5132c8782a376e8e6df2c8b713bff381a78a31daace44716c83,7292,2,2,0,0,2,candidate_only_not_proven_function,exact_bytes_only_not_relocation_normalized_or_complete_image_acceptance
9c375cfae4a72b7aadf3a14a4b435ae0a4522b9624be7d4711f96b240c97c590,972,2,2,0,0,2,candidate_only_not_proven_function,exact_bytes_only_not_relocation_normalized_or_complete_image_acceptance
9c4f60dce7f5182401248f1c583c817e24a7cacd392901019ee2f12b3d601287,1776,1,1,0,0,1,candidate_only_not_proven_function,exact_bytes_only_not_relocation_normalized_or_complete_image_acceptance
9c782c320da2a7a8ee63b03a8de321d55cb38a838ae303c1b9a6fac2e50395cb,4180,2,2,0,0,2,candidate_only_not_proven_function,exact_bytes_only_not_relocation_normalized_or_complete_image_acceptance
9c86045a603a7bea24213040c403f94016890a23d47437334be25f42400e8a12,10312,8,8,0,0,8,candidate_only_not_proven_function,exact_bytes_only_not_relocation_normalized_or_complete_image_acceptance
9c9508b739e06288131cdd130a57d76f145aaf752768dcfee78e74d284de15c5,868,11,13,0,0,11,candidate_only_not_proven_function,exact_bytes_only_not_relocation_normalized_or_complete_image_acceptance
9cb6211e6a33efb8905b392dab660743ebe743d42efb828939ac9d70f84ef920,2632,1,1,0,0,1,candidate_only_not_proven_function,exact_bytes_only_not_relocation_normalized_or_complete_image_acceptance
9cc630546058ab02577929dff415fdfd079504827c9c476c824df32a6c1cad3e,1620,1,1,0,0,1,candidate_only_not_proven_function,exact_bytes_only_not_relocation_normalized_or_complete_image_acceptance
9d2844feec7f5e702f7647f041ec45c78dcd88e95d29a7807ad0148cb73d0d88,10860,1,1,0,0,1,candidate_only_not_proven_function,exact_bytes_only_not_relocation_normalized_or_complete_image_acceptance
9d4a7a8e7189591721324e00d192a87ceb23e9ab4ff7e38ce9a31c8d4492697e,1276,2,2,0,0,2,candidate_only_not_proven_function,exact_bytes_only_not_relocation_normalized_or_complete_image_acceptance
9d53c59d59e256d2090d86c1ba4db9c9550b72bd4d22de7fe7f8b8b7fb397b71,1352,1,1,0,0,1,candidate_only_not_proven_function,exact_bytes_only_not_relocation_normalized_or_complete_image_acceptance
9d9abce2ba5267c57ca8a67568446129e10f3f0cdb4ad134ffd77469febc7457,1968,6,6,0,0,6,candidate_only_not_proven_function,exact_bytes_only_not_relocation_normalized_or_complete_image_acceptance
9e21723a8e713432da3b49877bcabd01ba2b4e2c041b83028ff09842fb61e4d4,812,1,1,0,0,1,candidate_only_not_proven_function,exact_bytes_only_not_relocation_normalized_or_complete_image_acceptance
9e34f56ace618d57c1a0ec3a761b4ac159007f8054e4f1db030db81f7e6b6c2d,2464,3,3,0,0,3,candidate_only_not_proven_function,exact_bytes_only_not_relocation_normalized_or_complete_image_acceptance
9e579e24713b3dd9eaf4d97867328f80bfeb14573288a37e5ad133daa144cf15,1352,1,1,0,0,1,candidate_only_not_proven_function,exact_bytes_only_not_relocation_normalized_or_complete_image_acceptance
9e90ea29e1fda503720a618aae3e517589201aabd619f3541363cbebdc1943cc,1612,6,6,0,0,6,candidate_only_not_proven_function,exact_bytes_only_not_relocation_normalized_or_complete_image_acceptance
9eacfce9e0970311716ab900e8a7a1b3538b64d2bf4ec3fb6cd2050a2398c409,10956,3,3,0,0,3,candidate_only_not_proven_function,exact_bytes_only_not_relocation_normalized_or_complete_image_acceptance
9eba00dc1296802b25a7e0e3db86ec5402dee8ef2113e2bcf154b34d0c806851,5292,6,6,0,0,6,candidate_only_not_proven_function,exact_bytes_only_not_relocation_normalized_or_complete_image_acceptance
9ed116fc4036b2019188953774c8c58db1aa784a3ac93c45a3df03d3b8b8d3d3,4652,7,7,0,0,7,candidate_only_not_proven_function,exact_bytes_only_not_relocation_normalized_or_complete_image_acceptance
9ef0d36cfa4313e389da579604ad7226068dbd2b0f02a3cc54a12bba6627b8a9,4144,6,6,0,0,6,candidate_only_not_proven_function,exact_bytes_only_not_relocation_normalized_or_complete_image_acceptance
9f14134054dec80f506ed01c280d46852d86cc625f0466649c63968702f7ee4c,2572,1,1,0,0,1,candidate_only_not_proven_function,exact_bytes_only_not_relocation_normalized_or_complete_image_acceptance
9f6d2cc559e1d53a74d3341bd5a4ba7aea22ac24a393c3aabd069bb59d99a0a6,1296,2,2,0,0,2,candidate_only_not_proven_function,exact_bytes_only_not_relocation_normalized_or_complete_image_acceptance
9f95d7bf532fff29a1a7d4bbbbe5682180aa35c07847c5217ec2350cd3bfda0d,868,2,2,0,0,2,candidate_only_not_proven_function,exact_bytes_only_not_relocation_normalized_or_complete_image_acceptance
9fe32427c1e194ecd008831a76f779d678f4a321a3bc91dccc4f4795bff24495,4484,3,3,0,0,3,candidate_only_not_proven_function,exact_bytes_only_not_relocation_normalized_or_complete_image_acceptance
9fe39f5d142f072d4e214c2f11835aec26e03e90aac7e22ec48efc4519ec34be,5420,1,1,0,0,1,candidate_only_not_proven_function,exact_bytes_only_not_relocation_normalized_or_complete_image_acceptance
9ff67a335e3629a04c7e2e4bb14ed18c4bc2309608aa3bbee9141421918270f2,9140,3,3,0,0,3,candidate_only_not_proven_function,exact_bytes_only_not_relocation_normalized_or_complete_image_acceptance
a07d9ccb8501bc7e73dacd32a5b38c04b3b463ba9e4329f5785aa8a30c74b9bd,1480,1,1,0,0,1,candidate_only_not_proven_function,exact_bytes_only_not_relocation_normalized_or_complete_image_acceptance
a0d8be5dc923fb7a8960274dbbe5d440f016756863d4037b02d1adff2aad203c,15528,1,1,0,0,1,candidate_only_not_proven_function,exact_bytes_only_not_relocation_normalized_or_complete_image_acceptance
a1aa7da864522e5d59fb8d03e66b65f163129ec55dd25e7ff253cf3fc10559c6,3400,1,1,0,0,1,candidate_only_not_proven_function,exact_bytes_only_not_relocation_normalized_or_complete_image_acceptance
a1c74683689a7df1fddcee6a9f1e09867ccd2d128861a2deb84f747f85b94669,1680,6,6,0,0,6,candidate_only_not_proven_function,exact_bytes_only_not_relocation_normalized_or_complete_image_acceptance
a1c7ddb703a58e6e580255bf6746a145f42e81cecb037d4813090ac0fecdf4a2,6888,1,1,0,0,1,candidate_only_not_proven_function,exact_bytes_only_not_relocation_normalized_or_complete_image_acceptance
a216b4a0d5c8411d3f643ae671aa98b5ad7647dd5a409dbc28d0538aa501e17c,4160,13,13,0,0,13,candidate_only_not_proven_function,exact_bytes_only_not_relocation_normalized_or_complete_image_acceptance
a253a05d7ab7712a09eb8bd861cdb823fbd68241e7b194e32cc83e63d618e1e7,1076,4,4,0,0,4,candidate_only_not_proven_function,exact_bytes_only_not_relocation_normalized_or_complete_image_acceptance
a2d3445823312ebbea1663c1a49aa84d8dee7391d4fed0343c92695db5d6a885,2072,3,3,0,0,3,candidate_only_not_proven_function,exact_bytes_only_not_relocation_normalized_or_complete_image_acceptance
a30a74c6a8861db0d454de4e0a7b3970463f82cf49a5a4d85df3fdb04a74e549,784,6,6,0,0,6,candidate_only_not_proven_function,exact_bytes_only_not_relocation_normalized_or_complete_image_acceptance
a339896519b20dae9beaa068a57fa89147a7cb114af95dc523e8be92c3ef9ac9,2508,2,2,0,0,2,candidate_only_not_proven_function,exact_bytes_only_not_relocation_normalized_or_complete_image_acceptance
a374253c1cb01cddbd7eb6e717b5118c30d26fea357aa8f03bd5c5c9aa675565,2452,2,2,0,0,2,candidate_only_not_proven_function,exact_bytes_only_not_relocation_normalized_or_complete_image_acceptance
a399cf918f59902023f8b6d22b0bdb555aee24ad51d45ab78c8e20a65a767e2a,1568,5,5,0,0,5,candidate_only_not_proven_function,exact_bytes_only_not_relocation_normalized_or_complete_image_acceptance
a3dfe4f2f8ea3f747b29eb5ee5b9eeb42c7952fefb40b96269d4148a41a27bd0,3928,4,4,0,0,4,candidate_only_not_proven_function,exact_bytes_only_not_relocation_normalized_or_complete_image_acceptance
a3f60b2a173a967055a57b5f4f35568a073e35c5849fb3927e43d35027609e8e,10904,1,1,0,0,1,candidate_only_not_proven_function,exact_bytes_only_not_relocation_normalized_or_complete_image_acceptance
a3f6c59734d2be29ee85f749e3f0b9fb890b91997c759e52c377448348df27c7,1400,3,3,0,0,3,candidate_only_not_proven_function,exact_bytes_only_not_relocation_normalized_or_complete_image_acceptance
a40f50609ea3de61279b0a0ca7eb4d122631d0d7d1eb9b0b71c85d8884969493,16508,1,1,0,0,1,candidate_only_not_proven_function,exact_bytes_only_not_relocation_normalized_or_complete_image_acceptance
a42c037092c8ddaee91ca5ecea66630d3f9e7ad15d13231d0071ebb5433cb5e4,2584,10,10,0,0,10,candidate_only_not_proven_function,exact_bytes_only_not_relocation_normalized_or_complete_image_acceptance
a4376839f8fb8574598f0d76da2066259c16bbcb55d6603157926d1df36d0513,6872,1,1,0,0,1,candidate_only_not_proven_function,exact_bytes_only_not_relocation_normalized_or_complete_image_acceptance
a44565e17f6da95dad813387eaba197a7477813e0f5d745d7247f99241ffe156,964,2,2,0,0,2,candidate_only_not_proven_function,exact_bytes_only_not_relocation_normalized_or_complete_image_acceptance
a46e10dee5202c592ed5d4795cf727ccfe1fe7457292602d1f4ce8238c155f0d,788,2,2,0,0,2,candidate_only_not_proven_function,exact_bytes_only_not_relocation_normalized_or_complete_image_acceptance
a486d4e30238e0b8881d19c5f199ab021a37c54a1e6d844e3581d8a88647d7d5,6524,15,18,0,0,15,candidate_only_not_proven_function,exact_bytes_only_not_relocation_normalized_or_complete_image_acceptance
a4a09d918327fb3c47ec59226ffb3d936937348dd2da13fb987cd0e9ce20d19f,1852,1,1,0,0,1,candidate_only_not_proven_function,exact_bytes_only_not_relocation_normalized_or_complete_image_acceptance
a4cfdeca8fe8608a3ce5f1425eccc9b6e8fdca63f47f70d8fea557204c18b7cd,5660,5,5,0,0,5,candidate_only_not_proven_function,exact_bytes_only_not_relocation_normalized_or_complete_image_acceptance
a4d152cbc2129bc3aeed6b2058992864413175fcc3f7c9729ca5afe7907e9632,1272,4,5,0,0,4,candidate_only_not_proven_function,exact_bytes_only_not_relocation_normalized_or_complete_image_acceptance
a4e95767776f5627846b0ec3dc62edd7ba42545d2fb6890ba4597968679d0476,5944,1,1,0,0,1,candidate_only_not_proven_function,exact_bytes_only_not_relocation_normalized_or_complete_image_acceptance
a55da7fecceca9d0709cc4b0849cd6badd8147e69ed6fe929be0294cbfaabbc0,892,11,13,0,0,11,candidate_only_not_proven_function,exact_bytes_only_not_relocation_normalized_or_complete_image_acceptance
a56a9ad3030d8db49915e30a61c9d8ecd5053551b504c0db5d0d6e54bf4d18ea,2124,1,1,0,0,1,candidate_only_not_proven_function,exact_bytes_only_not_relocation_normalized_or_complete_image_acceptance
a5aa6404bb27630c98022da46aba7269134aeafff578550da40246e29884d5c1,6816,2,2,0,0,2,candidate_only_not_proven_function,exact_bytes_only_not_relocation_normalized_or_complete_image_acceptance
a5e8302f79903e67582943bfdb7d883c831f13438cba2d6d67953fbe80ed45ce,1612,6,6,0,0,6,candidate_only_not_proven_function,exact_bytes_only_not_relocation_normalized_or_complete_image_acceptance
a5f60c784e6ec5adb04ab46e409490c619c49c932846e86c13a5fb8264d7dc3c,1480,2,2,0,0,2,candidate_only_not_proven_function,exact_bytes_only_not_relocation_normalized_or_complete_image_acceptance
a600ae38ef71c474477195189144fa471c6bcb8df5672ca77f5f4680067def59,1168,1,1,0,0,1,candidate_only_not_proven_function,exact_bytes_only_not_relocation_normalized_or_complete_image_acceptance
a6085b68ee0aacced7a979baa3974885f4463b252fe4af750f077e69fb8628e3,3136,1,1,0,0,1,candidate_only_not_proven_function,exact_bytes_only_not_relocation_normalized_or_complete_image_acceptance
a6122a14c43b8f3948679d9862c0e79e21a4a7712e119ffab960eac4e87fdd6b,5188,2,2,0,0,2,candidate_only_not_proven_function,exact_bytes_only_not_relocation_normalized_or_complete_image_acceptance
a6412761a7461f13ffde125a50cad60b278d6dd9e57f0092543390c6b40edf7c,1152,1,1,0,0,1,candidate_only_not_proven_function,exact_bytes_only_not_relocation_normalized_or_complete_image_acceptance
a644cca8fa9e0b1b2093273051b82582b2d97ec4b03942c3d685a22ee21444e3,7608,4,4,0,0,4,candidate_only_not_proven_function,exact_bytes_only_not_relocation_normalized_or_complete_image_acceptance
a650dc9f53955e97f5efda169161c8cce3dfd79804fb56c0524ec7b9185d17d3,1636,1,1,0,0,1,candidate_only_not_proven_function,exact_bytes_only_not_relocation_normalized_or_complete_image_acceptance
a66f6bbfed5bfea460036aa14331019f27ff9d3b0e6bcaf3348c37da5cfe2596,6364,4,4,0,0,4,candidate_only_not_proven_function,exact_bytes_only_not_relocation_normalized_or_complete_image_acceptance
a6be5ff529436ba24dbff939352ddb7aee06d3db7abfb64493ad26afd7905f27,1164,3,3,0,0,3,candidate_only_not_proven_function,exact_bytes_only_not_relocation_normalized_or_complete_image_acceptance
a6cd2d37fe2177e7f1f1d471b72853c68552168dcb26c8bd2697f470f503eaf0,4976,2,2,0,0,2,candidate_only_not_proven_function,exact_bytes_only_not_relocation_normalized_or_complete_image_acceptance
a6e0f4fe71ede59c4e3fc73ebd61d1ea47742d011d53ccf84e7adbb5e7c66818,2564,1,1,0,0,1,candidate_only_not_proven_function,exact_bytes_only_not_relocation_normalized_or_complete_image_acceptance
a6e1c138f83237a6a91c95af9c4a9571dd2f0ca0534419ecbbf7540987eab4f3,5004,15,15,0,0,15,candidate_only_not_proven_function,exact_bytes_only_not_relocation_normalized_or_complete_image_acceptance
a7052d029fab8d0840bf11127079366af66ad6acf46e00db74cd8b8383bad287,1292,1,1,0,0,1,candidate_only_not_proven_function,exact_bytes_only_not_relocation_normalized_or_complete_image_acceptance
a71de11949c0de3c18ad0f783b3e333e3f6d1a995a655843ea275c506c7b0f36,408,1,1,0,0,1,candidate_only_not_proven_function,exact_bytes_only_not_relocation_normalized_or_complete_image_acceptance
a75cb983bcfa1db6ea0f6e73ddb209fb37b5a192c433b758c0f58dd487d9aa4c,3636,2,2,0,0,2,candidate_only_not_proven_function,exact_bytes_only_not_relocation_normalized_or_complete_image_acceptance
a79f464a79c34184258c5defe194650cdd0e757f29e39f026d6bb65f1ad0ec53,1196,1,1,0,0,1,candidate_only_not_proven_function,exact_bytes_only_not_relocation_normalized_or_complete_image_acceptance
a7aa3322a3c116526bb84934b52e12c844f3ad225c6ad3591fafc9919d9a0072,7364,3,3,0,0,3,candidate_only_not_proven_function,exact_bytes_only_not_relocation_normalized_or_complete_image_acceptance
a7e5d022199fa4e89bac34160da3c1dc195d54df83a31c4ab2a08b2e2945d7ed,2448,2,2,0,0,2,candidate_only_not_proven_function,exact_bytes_only_not_relocation_normalized_or_complete_image_acceptance
a808c86da66b66b1813e39cf059035e43f81e417b9517df67bdc2bcc6e54172d,3280,4,5,0,0,4,candidate_only_not_proven_function,exact_bytes_only_not_relocation_normalized_or_complete_image_acceptance
a80efdec4e1967bbc1fa00eb1de6d9ad416df63aba482cc9f6f9a0786e3f9a0c,3384,1,1,0,0,1,candidate_only_not_proven_function,exact_bytes_only_not_relocation_normalized_or_complete_image_acceptance
a882e473ba8f3936c9e3278cc8e83164253571ccd136ffae56ed3a05cd914903,13412,3,3,0,0,3,candidate_only_not_proven_function,exact_bytes_only_not_relocation_normalized_or_complete_image_acceptance
a88a65fb6c20046c71071c117ffebe764a6f5c692ab22eb8463c40b288abfbb7,1384,6,6,0,0,6,candidate_only_not_proven_function,exact_bytes_only_not_relocation_normalized_or_complete_image_acceptance
a8a8c1fc80881f0e383fc09ef15ca0987924c3433d18d6ec80e2896a6e78b7ef,1008,4,4,0,0,4,candidate_only_not_proven_function,exact_bytes_only_not_relocation_normalized_or_complete_image_acceptance
a93b8fd8a7beaea02460c56164de81998fb355cb26496e7c517cf29603ccc525,3636,2,2,0,0,2,candidate_only_not_proven_function,exact_bytes_only_not_relocation_normalized_or_complete_image_acceptance
a9979ca9319ac5fa674a21a6781994b5177317ca569cec02e3cabf5c6721d311,3892,2,2,0,0,2,candidate_only_not_proven_function,exact_bytes_only_not_relocation_normalized_or_complete_image_acceptance
a9e7810d810751ec458cc68cb7f2e37e1426d7cca8d1cf90355114a32087a780,8912,1,1,0,0,1,candidate_only_not_proven_function,exact_bytes_only_not_relocation_normalized_or_complete_image_acceptance
aa0b11e3f61a0fcd855a5ba6c631ba26dbaf2285a1ffe2bb5d9b696b0a2b27c8,4984,3,3,0,0,3,candidate_only_not_proven_function,exact_bytes_only_not_relocation_normalized_or_complete_image_acceptance
aa253f4db1e1406ec39c4183497e423b5a9bfc0f958eb6ef34c45d2f120dea63,1500,14,15,0,0,14,candidate_only_not_proven_function,exact_bytes_only_not_relocation_normalized_or_complete_image_acceptance
aa27bff8405fdbfc6de3c696ac28c9999418dc7d39de8cdbb47d891fccce16da,5584,1,1,0,0,1,candidate_only_not_proven_function,exact_bytes_only_not_relocation_normalized_or_complete_image_acceptance
aa41dc8a438cc252d5150559d6e2d3504ca633e435b733171ebb2890c30ff503,3504,1,1,0,0,1,candidate_only_not_proven_function,exact_bytes_only_not_relocation_normalized_or_complete_image_acceptance
aa875cfba9b4542494591192aef40e230a1109a2eb447d7fe8d268d578c0e3c3,1392,6,6,0,0,6,candidate_only_not_proven_function,exact_bytes_only_not_relocation_normalized_or_complete_image_acceptance
aa8fd7a06c0c148093660ea8d9d39b6491890e4761b39fc61ff9cab6e8c94d5a,4824,1,1,0,0,1,candidate_only_not_proven_function,exact_bytes_only_not_relocation_normalized_or_complete_image_acceptance
aae6efc1792b124f873fceb9a3d5c48f36fb385728b7da41a6029a125a4bd231,12696,1,1,0,0,1,candidate_only_not_proven_function,exact_bytes_only_not_relocation_normalized_or_complete_image_acceptance
ab093eb33b81609344d28e9f284d4343486b7034965e3db3dec54a01fb9e7977,3676,2,2,0,0,2,candidate_only_not_proven_function,exact_bytes_only_not_relocation_normalized_or_complete_image_acceptance
ab0d102b5534608a38c8626a1f564a462ab73b0baec0166d05c2072f338d9aa0,1008,4,4,0,0,4,candidate_only_not_proven_function,exact_bytes_only_not_relocation_normalized_or_complete_image_acceptance
ab30a8b6bb050bec740784020c31c8b32dc92c4a35fe62b0f9cef0bca00fb51f,3552,2,2,0,0,2,candidate_only_not_proven_function,exact_bytes_only_not_relocation_normalized_or_complete_image_acceptance
ab8f7c1e039a8c46a79eaf486704d2cdda7ceb3753621abb824b1c7bd25821ff,14620,2,2,0,0,2,candidate_only_not_proven_function,exact_bytes_only_not_relocation_normalized_or_complete_image_acceptance
ab9cdf0bb530ce09363e824878c922c48ebdde6f69b98948b7865b0dd2805b01,784,2,2,0,0,2,candidate_only_not_proven_function,exact_bytes_only_not_relocation_normalized_or_complete_image_acceptance
abf3b3754810c20a17852fbd73663de74ac204f9cce984d5f2f5371a99a6c2fa,1516,2,2,0,0,2,candidate_only_not_proven_function,exact_bytes_only_not_relocation_normalized_or_complete_image_acceptance
ac465e0eb77617f2e9e31b0de4199efbe8f5b4216fb9c079d75bd96ec0b087ef,2492,6,6,0,0,6,candidate_only_not_proven_function,exact_bytes_only_not_relocation_normalized_or_complete_image_acceptance
ac5cac42913f5a1e716e4f3c039087ea4838e43387c6d1debcc4ea528ba61f80,1308,2,2,0,0,2,candidate_only_not_proven_function,exact_bytes_only_not_relocation_normalized_or_complete_image_acceptance
ac6a0b12e6ac6eda762e0f379b4f55c600ed5ee8cfaeeaf3aa28054927136b8b,3256,1,1,0,0,1,candidate_only_not_proven_function,exact_bytes_only_not_relocation_normalized_or_complete_image_acceptance
aca4f40537a52d0014950a6190e0979aca2ea8a4838a54e1ca429c006596e5c1,5416,1,1,0,0,1,candidate_only_not_proven_function,exact_bytes_only_not_relocation_normalized_or_complete_image_acceptance
acea9d26e419d2144ca8bd856b3344f4db8dcd7785a68c3e886f1e8a6be9254b,3856,2,2,0,0,2,candidate_only_not_proven_function,exact_bytes_only_not_relocation_normalized_or_complete_image_acceptance
acfd0724cf6ee2a39bf10e385a1f19843545a3fd3f0156dc31a232879c82ed52,1144,1,1,0,0,1,candidate_only_not_proven_function,exact_bytes_only_not_relocation_normalized_or_complete_image_acceptance
ad14178dc7ecc835f4ca6e4fe654b684d936560d19437eaf0d567a70ccaa36ca,1988,1,1,0,0,1,candidate_only_not_proven_function,exact_bytes_only_not_relocation_normalized_or_complete_image_acceptance
ad1c33ca82b492bfd07a72d4d346f66dc3a45317c226f0d7990832bcc62b1e6f,4820,14,15,0,0,14,candidate_only_not_proven_function,exact_bytes_only_not_relocation_normalized_or_complete_image_acceptance
ad57e4467cecf4db5cfff1085c9d9c0574844c2bfababa4ae27a3c625724c372,10092,3,3,0,0,3,candidate_only_not_proven_function,exact_bytes_only_not_relocation_normalized_or_complete_image_acceptance
ada3473e51fde3d86638659913884a204b3a80fed239dc12549383cb7ad06f72,2712,1,1,0,0,1,candidate_only_not_proven_function,exact_bytes_only_not_relocation_normalized_or_complete_image_acceptance
adeb35badec4a1826f34feee9b0daf8ebfc162c2b09bbfa8886930ea63611cac,4680,2,2,0,0,2,candidate_only_not_proven_function,exact_bytes_only_not_relocation_normalized_or_complete_image_acceptance
ae0bad8dd3a5e5f1bf27f9d077c12686227a68dd4f4580c1f0c49f3590744baa,6700,15,17,0,0,15,candidate_only_not_proven_function,exact_bytes_only_not_relocation_normalized_or_complete_image_acceptance
ae25d01301a236affb567947c67096e36ac77068cdabcc1fbd80b455a3416c24,2804,3,3,0,0,3,candidate_only_not_proven_function,exact_bytes_only_not_relocation_normalized_or_complete_image_acceptance
ae2ed2fa337305635de440b7fefd6c4a040eacccedaf23e32694671c8deed9dc,1376,2,2,0,0,2,candidate_only_not_proven_function,exact_bytes_only_not_relocation_normalized_or_complete_image_acceptance
ae384c6ce2e43205922b3b318032ad6c82d186b9aa4754904872bb9e83e95f97,13036,1,1,0,0,1,candidate_only_not_proven_function,exact_bytes_only_not_relocation_normalized_or_complete_image_acceptance
ae40b94497aca4b25797c43f5f372187e6d07a5aa7ab49e6abf11d0d3fd96438,6048,1,1,0,0,1,candidate_only_not_proven_function,exact_bytes_only_not_relocation_normalized_or_complete_image_acceptance
ae6242baacf6da1920221aa3f6d2cc13eb487fb50e1293205f4359ebd6b3fffd,2104,8,8,0,0,8,candidate_only_not_proven_function,exact_bytes_only_not_relocation_normalized_or_complete_image_acceptance
ae6d7fc3f59d864d0e4d81b2462b89f1dda29563def922ed678b43230644cca4,2612,1,1,0,0,1,candidate_only_not_proven_function,exact_bytes_only_not_relocation_normalized_or_complete_image_acceptance
aeaa5b1e159050b989f1508ffb3d57c6665250c4e007ab3cd71b50f12b6ef588,2068,2,2,0,0,2,candidate_only_not_proven_function,exact_bytes_only_not_relocation_normalized_or_complete_image_acceptance
aeeadcce8afeee4a75f345ec89c5f05065187e361834888bc3dcd6f5f329f03f,4160,12,13,0,0,12,candidate_only_not_proven_function,exact_bytes_only_not_relocation_normalized_or_complete_image_acceptance
afb9c9aeb54e4e87d2de86035174878e653d55a85dc8bbed724dc65557883bce,15056,1,1,0,0,1,candidate_only_not_proven_function,exact_bytes_only_not_relocation_normalized_or_complete_image_acceptance
afd733fb8bcf5e7bc2ba6e8dc8a26eb1c24fdb2300b01c737899806631e39486,4388,2,2,0,0,2,candidate_only_not_proven_function,exact_bytes_only_not_relocation_normalized_or_complete_image_acceptance
aff425ae57814268d7006666ce49e44e592e8dda1cb9ceedd3eeb01ceae52955,4656,2,2,0,0,2,candidate_only_not_proven_function,exact_bytes_only_not_relocation_normalized_or_complete_image_acceptance
affd3179a567aecea6f8ada7e518ef8649929239e76de62519ebcf778bc488b0,1288,2,2,0,0,2,candidate_only_not_proven_function,exact_bytes_only_not_relocation_normalized_or_complete_image_acceptance
b009ceb125bbb86acf834cc215391d3b11f8575a1fc09f96936360162acacb59,8616,1,1,0,0,1,candidate_only_not_proven_function,exact_bytes_only_not_relocation_normalized_or_complete_image_acceptance
b00f736c14a849a78a6534135fe22a3ef242a045c157b6f55370a8b0e8d29a16,2784,1,1,0,0,1,candidate_only_not_proven_function,exact_bytes_only_not_relocation_normalized_or_complete_image_acceptance
b02cfb875973cec0b9a31486c8a8ee6b50a0e76bb5538902428e42e5b48bea1f,8684,5,5,0,0,5,candidate_only_not_proven_function,exact_bytes_only_not_relocation_normalized_or_complete_image_acceptance
b05780826f353d99a7968cd3263568ad0d3ca97959ea8f64f1deaa720a229e6c,8684,5,5,0,0,5,candidate_only_not_proven_function,exact_bytes_only_not_relocation_normalized_or_complete_image_acceptance
b07c42bc896da206f85387d7243d4f138bfb6d10c36714a0726f41fac7c5b991,4952,1,1,0,0,1,candidate_only_not_proven_function,exact_bytes_only_not_relocation_normalized_or_complete_image_acceptance
b0a267df817f91c563c65eac0998fa77a2ba86864442165bbbb1a3a71cb47205,4388,2,2,0,0,2,candidate_only_not_proven_function,exact_bytes_only_not_relocation_normalized_or_complete_image_acceptance
b0ad801fb78422d9c163a02d3dff58a25ce336d15e52a0a2ec35fe0b98c235c6,1884,1,1,0,0,1,candidate_only_not_proven_function,exact_bytes_only_not_relocation_normalized_or_complete_image_acceptance
b0def483c6eee9ed2f3d8c6db7b9ee68f15ae90c12ee8d16a570d6d51529f543,6708,17,18,0,0,17,candidate_only_not_proven_function,exact_bytes_only_not_relocation_normalized_or_complete_image_acceptance
b0e2d0938fc3b3f2a3022674687e8f758267a1fafe3cc62ebdf5f6fd20220267,4292,1,1,0,0,1,candidate_only_not_proven_function,exact_bytes_only_not_relocation_normalized_or_complete_image_acceptance
b13e8cd3370e8e60d2327a62772079c05b5395f02dc226f3a9bdfe42c21ce400,3144,2,2,0,0,2,candidate_only_not_proven_function,exact_bytes_only_not_relocation_normalized_or_complete_image_acceptance
b1539a8ef623efbd239889da7affd8790e766f641ead197111aa909c8d88fd27,1696,5,5,0,0,5,candidate_only_not_proven_function,exact_bytes_only_not_relocation_normalized_or_complete_image_acceptance
b15d4757fdbea2eb880c2acadd6be81d20ec033a4d955a5d00bf0ac7c7164fe9,2844,5,5,0,0,5,candidate_only_not_proven_function,exact_bytes_only_not_relocation_normalized_or_complete_image_acceptance
b171f35d6f67c26eccd184f2739d9d8447aa3c20d7fd6bb7e5f225a682f965e5,1264,1,1,0,0,1,candidate_only_not_proven_function,exact_bytes_only_not_relocation_normalized_or_complete_image_acceptance
b245a9b195d6411042af0120c0397af23476326109493a3e3e6039a43efeeb74,18572,1,1,0,0,1,candidate_only_not_proven_function,exact_bytes_only_not_relocation_normalized_or_complete_image_acceptance
b24e76e0df5a86ba6773ec7dfd545af9976c204d4969e22227486364543eacd0,1472,1,1,0,0,1,candidate_only_not_proven_function,exact_bytes_only_not_relocation_normalized_or_complete_image_acceptance
b29fc9c61e4a2c2bb175fd46d6a7247ede05d688bc4330fbbbd11fcdf5f32314,1720,1,1,0,0,1,candidate_only_not_proven_function,exact_bytes_only_not_relocation_normalized_or_complete_image_acceptance
b2dbda94bdf17588ddb7a08ee29c052cda1b87af42a80e7dee25410f3152c80d,19768,1,1,0,0,1,candidate_only_not_proven_function,exact_bytes_only_not_relocation_normalized_or_complete_image_acceptance
b2eadc4a05faaf52c71a7d5aec2f690169103f1fdb11638837c5e47031494eca,8792,1,1,0,0,1,candidate_only_not_proven_function,exact_bytes_only_not_relocation_normalized_or_complete_image_acceptance
b2f2f96b11d757662c5087a859843f8834f0f4738db64487b1d0dfad56a4d5bd,1660,1,1,0,0,1,candidate_only_not_proven_function,exact_bytes_only_not_relocation_normalized_or_complete_image_acceptance
b3d262888c724052c127cc835710ae8ca0c50450cc46392824dc23431fe36c3d,12828,1,1,0,0,1,candidate_only_not_proven_function,exact_bytes_only_not_relocation_normalized_or_complete_image_acceptance
b3f9c892287204f7f77620addcb12fc8bdd90c59a0830ab0375dc0c1697264cc,980,3,3,0,0,3,candidate_only_not_proven_function,exact_bytes_only_not_relocation_normalized_or_complete_image_acceptance
b41293ffdd58be48bb70b958f6ddf8734731b8e6fbdd6c85495b8b1c6ecad356,9440,2,2,0,0,2,candidate_only_not_proven_function,exact_bytes_only_not_relocation_normalized_or_complete_image_acceptance
b429c84bc200e064d42e654069a8a331d546ca149d217ed6c42565fc2d0e962c,1720,4,4,0,0,4,candidate_only_not_proven_function,exact_bytes_only_not_relocation_normalized_or_complete_image_acceptance
b43f5ec3890d8a0284cc171560d0438234b99b1053ed56d10000e663bb2a58c2,1352,2,2,0,0,2,candidate_only_not_proven_function,exact_bytes_only_not_relocation_normalized_or_complete_image_acceptance
b522ca8ad8728a33f9018d1c1875d2374630ff0081a2699ca84dfa3322c580b5,4536,5,5,0,0,5,candidate_only_not_proven_function,exact_bytes_only_not_relocation_normalized_or_complete_image_acceptance
b5d1c15a23148f702152e0fc984c6d2e2eae9830b602af5c3ae58e93a15a9d4f,936,11,13,0,0,11,candidate_only_not_proven_function,exact_bytes_only_not_relocation_normalized_or_complete_image_acceptance
b71e865e21a79a6f90e3bfc19afa24eb7383a29144032455c75f7901845260d8,9452,5,5,0,0,5,candidate_only_not_proven_function,exact_bytes_only_not_relocation_normalized_or_complete_image_acceptance
b79ca51192763d8eb6e57dd34272375d62a7b7f0c3b250bdda257495e1522ec9,4080,4,4,0,0,4,candidate_only_not_proven_function,exact_bytes_only_not_relocation_normalized_or_complete_image_acceptance
b7fa92441450c46c46e9a07e86a749948ff83c86cf1de8e15e4c1ffa920c39f7,3580,1,1,0,0,1,candidate_only_not_proven_function,exact_bytes_only_not_relocation_normalized_or_complete_image_acceptance
b80c6fc5535601a83cf3a832f130d17ce94b1d7d7919e0e2b908975620a211bf,7616,2,2,0,0,2,candidate_only_not_proven_function,exact_bytes_only_not_relocation_normalized_or_complete_image_acceptance
b81c7ebb6858833b78172eec28f275fa2cf54deb78f2411256a691d38d9ed4b9,1912,1,1,0,0,1,candidate_only_not_proven_function,exact_bytes_only_not_relocation_normalized_or_complete_image_acceptance
b8baaf555e3baf15d567527543dd361a4c980c9997ca8295b866e4892ca4115d,1440,1,1,0,0,1,candidate_only_not_proven_function,exact_bytes_only_not_relocation_normalized_or_complete_image_acceptance
b8bd69a71c939e7c42042bc6fe10a300d7ec149062573c4df8680699111abbfe,1988,1,1,0,0,1,candidate_only_not_proven_function,exact_bytes_only_not_relocation_normalized_or_complete_image_acceptance
b8d85f9cafcefc3d00d3aff37b635a5dede6357ed2c3f19e64e17a71598e1f9a,5156,1,1,0,0,1,candidate_only_not_proven_function,exact_bytes_only_not_relocation_normalized_or_complete_image_acceptance
b908d37b780da2f40608f5de2784ce2285f5b5779bfbf435c2c1fe355517a007,2276,2,2,0,0,2,candidate_only_not_proven_function,exact_bytes_only_not_relocation_normalized_or_complete_image_acceptance
b924813fc0e1182945b1547591a84604381cc5e5871ee0d71476b6d64cf8a266,1660,1,1,0,0,1,candidate_only_not_proven_function,exact_bytes_only_not_relocation_normalized_or_complete_image_acceptance
b93e98652c1fd4617106f13385f28642c377cfbb75e0cd4aa0fcb5313132aa47,1376,1,1,0,0,1,candidate_only_not_proven_function,exact_bytes_only_not_relocation_normalized_or_complete_image_acceptance
b944964bc0c67aba68a5cdc811f46d200fc16e47051096bf1e584c178c5b17d3,3196,1,1,0,0,1,candidate_only_not_proven_function,exact_bytes_only_not_relocation_normalized_or_complete_image_acceptance
b94a11d2a30fda7abe227f9bd15cc4812da31f32bdbf95be607cc19aa27ef2e6,1456,1,1,0,0,1,candidate_only_not_proven_function,exact_bytes_only_not_relocation_normalized_or_complete_image_acceptance
b96f0ffe68cb65d18716907f3e0753c7843d62d307c1cb2245400810e4079594,4272,3,3,0,0,3,candidate_only_not_proven_function,exact_bytes_only_not_relocation_normalized_or_complete_image_acceptance
b98f66ac95973a31c795f0cc6c0e07a7e90f7f307da9e7051b5432f236d6d299,892,6,6,0,0,6,candidate_only_not_proven_function,exact_bytes_only_not_relocation_normalized_or_complete_image_acceptance
b9a4132c7e68bbac0516dd2c4cff3d2b8a309024722757de95db65242cab9aa4,1560,4,4,0,0,4,candidate_only_not_proven_function,exact_bytes_only_not_relocation_normalized_or_complete_image_acceptance
b9b18e4ea56839dfd2467b67261dff232a0f81468a1ec9a05504351ee6c4693d,4980,1,1,0,0,1,candidate_only_not_proven_function,exact_bytes_only_not_relocation_normalized_or_complete_image_acceptance
b9bd4636f9570dcf851ca74fd9ca6abf19bd3060a780eb52a824ae020792b8ee,2872,8,8,0,0,8,candidate_only_not_proven_function,exact_bytes_only_not_relocation_normalized_or_complete_image_acceptance
b9bddece71eee14a327b51a58e862317164dc97875e23149355f40727c2a1961,1772,1,1,0,0,1,candidate_only_not_proven_function,exact_bytes_only_not_relocation_normalized_or_complete_image_acceptance
bab08ddd547f3dba4b15f9df61ebd1324c5a857e598309f0cde8117410c7fd6c,2872,8,8,0,0,8,candidate_only_not_proven_function,exact_bytes_only_not_relocation_normalized_or_complete_image_acceptance
bafa56e97af33835224ab875a5e30ce4c3bdc5b0ec7b0978f2037536a252f3bd,1364,1,1,0,0,1,candidate_only_not_proven_function,exact_bytes_only_not_relocation_normalized_or_complete_image_acceptance
bb22994250917381ec1c32464acfaba864a1fd9599dc06220d3f35b894c94bdd,784,6,6,0,0,6,candidate_only_not_proven_function,exact_bytes_only_not_relocation_normalized_or_complete_image_acceptance
bb265f3673cca504beb39e1796363a9603e300e8d0a54b2947f0c082422ae811,3504,2,2,0,0,2,candidate_only_not_proven_function,exact_bytes_only_not_relocation_normalized_or_complete_image_acceptance
bb2c0fe33a66a22426adabde996e794085d8f60f8da71c84bcb85e5cfed74c5f,1412,1,1,0,0,1,candidate_only_not_proven_function,exact_bytes_only_not_relocation_normalized_or_complete_image_acceptance
bb73285dfc152d9b2d2bb01e9ca2e6306992a24050a1c87b78efd87b49e4de31,1132,2,2,0,0,2,candidate_only_not_proven_function,exact_bytes_only_not_relocation_normalized_or_complete_image_acceptance
bb8172bbc75bde0b82e5af8dc5b35ae110d020841eb7542ac829bb8676626d90,9092,1,1,0,0,1,candidate_only_not_proven_function,exact_bytes_only_not_relocation_normalized_or_complete_image_acceptance
bb8233dd566c309426fdf4348ab056a486a2b15572a0a20b530c5ad4118b00a7,1396,3,3,0,0,3,candidate_only_not_proven_function,exact_bytes_only_not_relocation_normalized_or_complete_image_acceptance
bba1f3d26447eb42432614299cd381c45a4e333207fba10049ff227481ae5b2b,5944,1,1,0,0,1,candidate_only_not_proven_function,exact_bytes_only_not_relocation_normalized_or_complete_image_acceptance
bbdb1cfe9cefbf33b5735bb6b7a2f32e41f6d29945ed7835beb1fd6616a64beb,13600,9,9,0,0,9,candidate_only_not_proven_function,exact_bytes_only_not_relocation_normalized_or_complete_image_acceptance
bbe5d6cc3aa61f1ba498eab84428bda2383947e84bd6e587ef76596027ac2ae3,9164,8,8,0,0,8,candidate_only_not_proven_function,exact_bytes_only_not_relocation_normalized_or_complete_image_acceptance
bc0e9ff9231bb89174b57b656329d8b6df89fd58b41600a931db780e908f1813,3360,2,2,0,0,2,candidate_only_not_proven_function,exact_bytes_only_not_relocation_normalized_or_complete_image_acceptance
bc3dc813acb5bce79ac6b6f1547a870edf2983b29c39f1af1bcac0d62e6df7f2,1612,5,5,0,0,5,candidate_only_not_proven_function,exact_bytes_only_not_relocation_normalized_or_complete_image_acceptance
bc4afb883f52a9477daccc38fd24a8527ec4e51f3f4897e50e61b14fc218be8e,4832,1,1,0,0,1,candidate_only_not_proven_function,exact_bytes_only_not_relocation_normalized_or_complete_image_acceptance
bc993367d1c256a49d0ab9558979fed1aac879493ae5d1315ccfe51701efaca6,4868,1,1,0,0,1,candidate_only_not_proven_function,exact_bytes_only_not_relocation_normalized_or_complete_image_acceptance
bcac2bb02ece645b3b86aac31276016fc13fbb186c9a89b0a56d22c36f56a631,2564,1,1,0,0,1,candidate_only_not_proven_function,exact_bytes_only_not_relocation_normalized_or_complete_image_acceptance
bcacd07735b7e1b43ae457fc85e70651f784f22b4e9b84c366a4b043c0462dd6,7148,8,8,0,0,8,candidate_only_not_proven_function,exact_bytes_only_not_relocation_normalized_or_complete_image_acceptance
bcb3e3e84ae7a3bc6019c21dca1dbccad2df8638565685307ac421db2246c1a7,15884,4,5,0,0,4,candidate_only_not_proven_function,exact_bytes_only_not_relocation_normalized_or_complete_image_acceptance
bcbe1f8d4f4952322cc2a68b0f47345a04efe8700572fccd13ef8c5175ad10bd,4984,3,3,0,0,3,candidate_only_not_proven_function,exact_bytes_only_not_relocation_normalized_or_complete_image_acceptance
bcc529c2a8b3ef2ac0e3cc77c8821b765f4665f052223311f95d1448a5dfa021,1352,1,1,0,0,1,candidate_only_not_proven_function,exact_bytes_only_not_relocation_normalized_or_complete_image_acceptance
bcdc4929114229306e5917547ed1a419f1deeabe1ebd3ac0a0409e166122e825,2268,1,1,0,0,1,candidate_only_not_proven_function,exact_bytes_only_not_relocation_normalized_or_complete_image_acceptance
bcecb991dfee1d28abd59aac4e1d8b0e2734ccc53a378f67d52315f749345980,1276,4,4,0,0,4,candidate_only_not_proven_function,exact_bytes_only_not_relocation_normalized_or_complete_image_acceptance
bcee2bc1aaf42cc30268b97a5839d424e7f062e59029224dbd0476d67c99534b,4652,1,1,0,0,1,candidate_only_not_proven_function,exact_bytes_only_not_relocation_normalized_or_complete_image_acceptance
bd750f629736fea2a60b933c235ccecd893f9cb2537d77258fa15b699fdb2f5b,1132,2,2,0,0,2,candidate_only_not_proven_function,exact_bytes_only_not_relocation_normalized_or_complete_image_acceptance
bda3cd2e671cd42920fc075416742a8d66bdf70f0ac089a2ca05a94c569a6463,1592,2,2,0,0,2,candidate_only_not_proven_function,exact_bytes_only_not_relocation_normalized_or_complete_image_acceptance
bdf2f105b5dab848a2db4d1a962690d57313c4147d1fa219d3b0334704d41bd3,1300,2,2,0,0,2,candidate_only_not_proven_function,exact_bytes_only_not_relocation_normalized_or_complete_image_acceptance
beb428b36f1ca9166f16c2cfcb8ea039b6f948c5d752fbc05330b8fc0c17a659,1384,1,1,0,0,1,candidate_only_not_proven_function,exact_bytes_only_not_relocation_normalized_or_complete_image_acceptance
bec399a1a8dc43f362f32dd5ea265c98b83ab0f0d4e58c49f3bc58825ec92987,4840,2,2,0,0,2,candidate_only_not_proven_function,exact_bytes_only_not_relocation_normalized_or_complete_image_acceptance
bf0717d9f96332058bc64506daa3780fd207d7a9773b747f3aa3c2d185458761,1988,1,1,0,0,1,candidate_only_not_proven_function,exact_bytes_only_not_relocation_normalized_or_complete_image_acceptance
bf2ca33bf98af832b23157a7d95e5f7f4b1fbb5781ea24cca7c682f9a1958f2c,2648,2,2,0,0,2,candidate_only_not_proven_function,exact_bytes_only_not_relocation_normalized_or_complete_image_acceptance
bf62d70812ec94eab6fc46369b679adff5416e90687958381c9c5b61ee841c34,13528,2,2,0,0,2,candidate_only_not_proven_function,exact_bytes_only_not_relocation_normalized_or_complete_image_acceptance
bf950b85e37fdb749299116e036d09f120d01f3765808f57f08be3103dd3aab0,8836,4,4,0,0,4,candidate_only_not_proven_function,exact_bytes_only_not_relocation_normalized_or_complete_image_acceptance
bfb678de3101073902bab39281b569dfd08562603f586a6a302ab94006643caf,1520,5,5,0,0,5,candidate_only_not_proven_function,exact_bytes_only_not_relocation_normalized_or_complete_image_acceptance
bfc34fe74a224e5b54ccbbda9b13908ef84518d532e60830295ecd697d50dc9c,1440,2,2,0,0,2,candidate_only_not_proven_function,exact_bytes_only_not_relocation_normalized_or_complete_image_acceptance
c05005b6adf8f9425461dee3677c9b87c5fa115ef4b78dc5624de0c7f74e935b,1164,1,1,0,0,1,candidate_only_not_proven_function,exact_bytes_only_not_relocation_normalized_or_complete_image_acceptance
c0bd768f8ae32e815e29da816094a2578e39e614a8107e20980877d3f31872db,1352,6,6,0,0,6,candidate_only_not_proven_function,exact_bytes_only_not_relocation_normalized_or_complete_image_acceptance
c0c947512c03dbec5ecd22f79c45b2a42dce6962aff0cb9ab82b5417842e673d,3256,1,1,0,0,1,candidate_only_not_proven_function,exact_bytes_only_not_relocation_normalized_or_complete_image_acceptance
c0f41eed9f0e7a4004e7e9e0bca41647399ab8a3545b119fdfd21c2bc2327b54,4384,1,1,0,0,1,candidate_only_not_proven_function,exact_bytes_only_not_relocation_normalized_or_complete_image_acceptance
c0fd3cda01c8e7aee7bef77ffda99eddf0b043cd93cc869d3c5f42fddd026594,1988,1,1,0,0,1,candidate_only_not_proven_function,exact_bytes_only_not_relocation_normalized_or_complete_image_acceptance
c17a38e3e822a93a50671563d5a24117f5df1ec18dcd165dad85573d5601ccc7,1320,1,1,0,0,1,candidate_only_not_proven_function,exact_bytes_only_not_relocation_normalized_or_complete_image_acceptance
c19426d79f74c432b45d22e8af0c68e6f44f75a684f4a48201e4450f6054a21c,2188,6,6,0,0,6,candidate_only_not_proven_function,exact_bytes_only_not_relocation_normalized_or_complete_image_acceptance
c1a398fdba7cbd7da58d91eceb52a947923cd8c0c68c2be7163bebad664f3db9,1236,3,3,0,0,3,candidate_only_not_proven_function,exact_bytes_only_not_relocation_normalized_or_complete_image_acceptance
c1c618bfe2e1f1ca3b6cfe2a953527d31815123c2a7efdb3b794fe5cfb610834,1288,1,1,0,0,1,candidate_only_not_proven_function,exact_bytes_only_not_relocation_normalized_or_complete_image_acceptance
c1cbc2bd935c042bcd51a97e8901c83067091114a9de3cd6caf2a501c3cac99e,2256,1,1,0,0,1,candidate_only_not_proven_function,exact_bytes_only_not_relocation_normalized_or_complete_image_acceptance
c2116cdc7736e8e5bae3541afd79413390589a3055d4ca77d64f7aa3a6f1805e,1244,6,6,0,0,6,candidate_only_not_proven_function,exact_bytes_only_not_relocation_normalized_or_complete_image_acceptance
c223793d9b6efdc3ff949ef9add763368d0970f7c48004f4dc989797cef412e6,1944,1,1,0,0,1,candidate_only_not_proven_function,exact_bytes_only_not_relocation_normalized_or_complete_image_acceptance
c234ab417bbe0c8f3c3992f4ab86b893ab3a4f9283a020341488802193ce01f1,5312,1,1,0,0,1,candidate_only_not_proven_function,exact_bytes_only_not_relocation_normalized_or_complete_image_acceptance
c23f0ad9af789c5e74d0d029ddcfb931ade52dba977d3a40a05cb7d2839bc200,9084,1,1,0,0,1,candidate_only_not_proven_function,exact_bytes_only_not_relocation_normalized_or_complete_image_acceptance
c2c8c4505d07626b4b6c894d036b2af7150d1d5beb104cf85d046328ab77c882,3084,1,1,0,0,1,candidate_only_not_proven_function,exact_bytes_only_not_relocation_normalized_or_complete_image_acceptance
c307e1990aaaad16c01bb502c4939bb90ad60143afa77a1927b678f128570d43,1364,1,1,0,0,1,candidate_only_not_proven_function,exact_bytes_only_not_relocation_normalized_or_complete_image_acceptance
c3129636ab804a4c0f43625e66b72284131c589c1eb929a1a790a978c41be4b3,13596,4,4,0,0,4,candidate_only_not_proven_function,exact_bytes_only_not_relocation_normalized_or_complete_image_acceptance
c31db66718f8e7805a5b08f9c44e64a3b51b245dacf4ac61afe07a44c562b23a,2800,14,14,0,0,14,candidate_only_not_proven_function,exact_bytes_only_not_relocation_normalized_or_complete_image_acceptance
c38751f46f79be84e78435f5b1af2f9bc0c7fd11af99a12bf99681481ec7c718,1620,1,1,0,0,1,candidate_only_not_proven_function,exact_bytes_only_not_relocation_normalized_or_complete_image_acceptance
c410bd75d02390a2670f68ba5f857b9d3fbcd209ef25cc780d10c3a3661e5e7a,7148,1,1,0,0,1,candidate_only_not_proven_function,exact_bytes_only_not_relocation_normalized_or_complete_image_acceptance
c4ceef136db19161e20828163b6cf6cc338d2ad06018495b645087c2015817be,1672,4,4,0,0,4,candidate_only_not_proven_function,exact_bytes_only_not_relocation_normalized_or_complete_image_acceptance
c54a9952bc33d33848f0b25f32acfe9af47cf9e0adcbc75379b27d080eea3b71,1168,1,1,0,0,1,candidate_only_not_proven_function,exact_bytes_only_not_relocation_normalized_or_complete_image_acceptance
c5622b53562309afba8762fb90b4f2a5189d8542e7b68353826697a5d84ca961,3592,5,5,0,0,5,candidate_only_not_proven_function,exact_bytes_only_not_relocation_normalized_or_complete_image_acceptance
c572fa869b6d91dcd7c537007d095b826086a23a7e7937660ed45fe705688dde,868,11,12,0,0,11,candidate_only_not_proven_function,exact_bytes_only_not_relocation_normalized_or_complete_image_acceptance
c58f910582dde3f8490ad63791475eba0da000a2b9f26f4da86a2b1b9e5a6e09,4464,2,2,0,0,2,candidate_only_not_proven_function,exact_bytes_only_not_relocation_normalized_or_complete_image_acceptance
c591581d620aafcab916f6fb7b3b8351ae9649558234933bec5f1d10c06d33a0,2612,1,1,0,0,1,candidate_only_not_proven_function,exact_bytes_only_not_relocation_normalized_or_complete_image_acceptance
c5a41be95640fea0c7b7fbf14959ab1a4ddb9ed0b492b030621fb6992d000af2,1364,2,2,0,0,2,candidate_only_not_proven_function,exact_bytes_only_not_relocation_normalized_or_complete_image_acceptance
c5cd59a72b870ffc5f6fe80ccbcc8f385d389b4c1e910b9cc3a54c7402a85e46,868,6,6,0,0,6,candidate_only_not_proven_function,exact_bytes_only_not_relocation_normalized_or_complete_image_acceptance
c5ea2661c7c2739ccf3f9d5c5a2a3fff9b501151326075542873f5e888323ee5,892,6,6,0,0,6,candidate_only_not_proven_function,exact_bytes_only_not_relocation_normalized_or_complete_image_acceptance
c6210fc66671cd1bb98e23115c1d21e25664d218ed75c172ae0aa541f353f9b5,1092,1,1,0,0,1,candidate_only_not_proven_function,exact_bytes_only_not_relocation_normalized_or_complete_image_acceptance
c6355bf03f08c3bd7d6278958724700dd5570c70ed824070c169f1cff0771509,5736,1,1,0,0,1,candidate_only_not_proven_function,exact_bytes_only_not_relocation_normalized_or_complete_image_acceptance
c6b53cbe74e863b4b65592d1b88a46e398fe30c1bbdcc03cf6c5f1e3a20bd94c,1300,2,2,0,0,2,candidate_only_not_proven_function,exact_bytes_only_not_relocation_normalized_or_complete_image_acceptance
c6bc2e8fef702453a9825ecc1ff09b85911eb37679f5eedd74bc279f01c474dc,1244,3,3,0,0,3,candidate_only_not_proven_function,exact_bytes_only_not_relocation_normalized_or_complete_image_acceptance
c6eb54b8417dd3b0233641ab4676166d2333f70c5ae6de2e69899e5403c077d3,1744,2,2,0,0,2,candidate_only_not_proven_function,exact_bytes_only_not_relocation_normalized_or_complete_image_acceptance
c706d63c2dd4c38a3b85a4b49500e74c80f56f5388c04e0e48db8282926a70f4,216,5,5,0,0,5,candidate_only_not_proven_function,exact_bytes_only_not_relocation_normalized_or_complete_image_acceptance
c75974de9933ba45c49f591f439d158f2153f818e276a180f919c3e768a72b8e,1056,2,2,0,0,2,candidate_only_not_proven_function,exact_bytes_only_not_relocation_normalized_or_complete_image_acceptance
c78cde5ca3a40a05ba1d46e4dac82d13141b1d5f075ea0168ca4ec67837009d7,6420,12,12,0,0,12,candidate_only_not_proven_function,exact_bytes_only_not_relocation_normalized_or_complete_image_acceptance
c79c417431ef460e2c659d3247c818748254cb6918b9827496cfbcf8a1b85fb0,4964,3,3,0,0,3,candidate_only_not_proven_function,exact_bytes_only_not_relocation_normalized_or_complete_image_acceptance
c7aef9d110a0548bdd35a9aba7af46a587f8612d9c4789d21d4dee3fca188cb1,4260,12,12,0,0,12,candidate_only_not_proven_function,exact_bytes_only_not_relocation_normalized_or_complete_image_acceptance
c81331d457ad7c57bd7c924ed52fdeaebc8175de4534ef6e3b559176d3aec63a,10880,1,1,0,0,1,candidate_only_not_proven_function,exact_bytes_only_not_relocation_normalized_or_complete_image_acceptance
c818984a3847385d9ca467bf4a99baa10d21b2b1d03ebf4d7da36eefcbb56c55,1180,1,1,0,0,1,candidate_only_not_proven_function,exact_bytes_only_not_relocation_normalized_or_complete_image_acceptance
c83dc76fa366d42353304ee6262e03947982674be61f36b854af13bc95272fd3,2728,1,1,0,0,1,candidate_only_not_proven_function,exact_bytes_only_not_relocation_normalized_or_complete_image_acceptance
c8576eb8da9577666a26fc915ce0d069aeb224e412fea3cd46e7aad2dcfb4ee1,3496,1,1,0,0,1,candidate_only_not_proven_function,exact_bytes_only_not_relocation_normalized_or_complete_image_acceptance
c865e786a8c7278b18067e75058926c344ddeb0ec46dc0148de7e0627ffac6e4,3144,2,2,0,0,2,candidate_only_not_proven_function,exact_bytes_only_not_relocation_normalized_or_complete_image_acceptance
c8763b18d7191a80a029fdbea731b837f7817f4dc7c7fd4ce3e2e20a41a57363,1896,11,12,0,0,11,candidate_only_not_proven_function,exact_bytes_only_not_relocation_normalized_or_complete_image_acceptance
c8a46e7c72f4c2dc892bc076d7568cac95b2ab60bd65160fa6b98dbadc8d1660,1384,1,1,0,0,1,candidate_only_not_proven_function,exact_bytes_only_not_relocation_normalized_or_complete_image_acceptance
c8b94dfe5f73004f19825e14a6d2036f175487f94ac79ecc702ee644cad1bc22,1052,2,2,0,0,2,candidate_only_not_proven_function,exact_bytes_only_not_relocation_normalized_or_complete_image_acceptance
c8d152b03387bc524cf0d5f8a4f783a9d081baa2d0f269d609592b46e1d79af3,1260,1,1,0,0,1,candidate_only_not_proven_function,exact_bytes_only_not_relocation_normalized_or_complete_image_acceptance
c8f20f1d44516f1c7001ed134cfeb6bcd4d3cde582e062203a98ad974e9275e9,8036,1,1,0,0,1,candidate_only_not_proven_function,exact_bytes_only_not_relocation_normalized_or_complete_image_acceptance
c939e4059d3914211fbe94ab2aa6cc4a296a606781c4d09cc054f3919ada1a58,4268,1,1,0,0,1,candidate_only_not_proven_function,exact_bytes_only_not_relocation_normalized_or_complete_image_acceptance
c98a80e781ee8bcfe99a2e28fb69ceaf26b4bb030574bd1cacf23e18bb25a6ec,3972,1,1,0,0,1,candidate_only_not_proven_function,exact_bytes_only_not_relocation_normalized_or_complete_image_acceptance
c9a68ac8bdd359abdf464994e50a1cb2812c62d4ea86fc8c53a9b4e2be833517,6940,5,5,0,0,5,candidate_only_not_proven_function,exact_bytes_only_not_relocation_normalized_or_complete_image_acceptance
c9c6871ce071c95635af578e44ddc66cd782c17586e9aee8f021cf5a66e03ef7,9164,8,8,0,0,8,candidate_only_not_proven_function,exact_bytes_only_not_relocation_normalized_or_complete_image_acceptance
ca50a1dc129660c31fcbc58cc268fa2f47b67c0fc8592537e0e3477bfb00fc7c,1984,2,2,0,0,2,candidate_only_not_proven_function,exact_bytes_only_not_relocation_normalized_or_complete_image_acceptance
ca779fcec3c71c36577aeec1de3475915be8ec6f2b93eb8ffb47a13043b0f3d6,3636,2,2,0,0,2,candidate_only_not_proven_function,exact_bytes_only_not_relocation_normalized_or_complete_image_acceptance
ca7c605b5bfd78f656b98bef290148296bc9ca5133247a3815f0de450991930a,16028,2,2,0,0,2,candidate_only_not_proven_function,exact_bytes_only_not_relocation_normalized_or_complete_image_acceptance
cae9af419b98f2610b8b48d53ec27aaddf02be67806cc5ee85b129308a88461a,2784,1,1,0,0,1,candidate_only_not_proven_function,exact_bytes_only_not_relocation_normalized_or_complete_image_acceptance
cb0c550bc3f9cfb3fa5870026ac4e986f1f29eb0985d1e0d5e9e0e324280150d,1644,4,4,0,0,4,candidate_only_not_proven_function,exact_bytes_only_not_relocation_normalized_or_complete_image_acceptance
cb293ba1a81e492744907931efd31159fb7b40f7ab1157c7e7671cf750dfb069,5820,1,1,0,0,1,candidate_only_not_proven_function,exact_bytes_only_not_relocation_normalized_or_complete_image_acceptance
cb29f25b5a55c7d9cc036bdda49afef9b24c4a6003b0829bcaee228c83f0cd3a,888,3,3,0,0,3,candidate_only_not_proven_function,exact_bytes_only_not_relocation_normalized_or_complete_image_acceptance
cbca5860d1f932c22cb37335ee6916b9546e5ea02de208bae29ce46216405381,6572,5,5,0,0,5,candidate_only_not_proven_function,exact_bytes_only_not_relocation_normalized_or_complete_image_acceptance
cbe800f6ddb55111e9881e440cf316ed2e018e05ee458c2137c2e6a233309c67,7504,1,1,0,0,1,candidate_only_not_proven_function,exact_bytes_only_not_relocation_normalized_or_complete_image_acceptance
cc966653f319aee79b1f4345c28a81bdc996cf1cd1fa209129291ed99382179a,8960,1,1,0,0,1,candidate_only_not_proven_function,exact_bytes_only_not_relocation_normalized_or_complete_image_acceptance
ccb12907bda77e85af43f3b97b66ee95c35d5ad274a0ca1f2c80802efe28d171,9924,2,2,0,0,2,candidate_only_not_proven_function,exact_bytes_only_not_relocation_normalized_or_complete_image_acceptance
ccc23ce8dc5e7bfc0cd5a103ec637c8226e0d0bd90dbcaf1181c6d52d27f36a5,11112,2,2,0,0,2,candidate_only_not_proven_function,exact_bytes_only_not_relocation_normalized_or_complete_image_acceptance
ccfea476147a75a4151ff909c579bdc9b8b4eb6e87a43738c4bb49269ba1fc42,10040,2,2,0,0,2,candidate_only_not_proven_function,exact_bytes_only_not_relocation_normalized_or_complete_image_acceptance
cd39e0455be74747ad104354c4a1aa553a33314a06836335bb175b3251afda73,1408,2,2,0,0,2,candidate_only_not_proven_function,exact_bytes_only_not_relocation_normalized_or_complete_image_acceptance
cd65b9884054223601c9b01aba8817dbdbc9ccfe683dff8d459f7e219fe47018,4952,7,7,0,0,7,candidate_only_not_proven_function,exact_bytes_only_not_relocation_normalized_or_complete_image_acceptance
cdb8b7764ec3adf1143a5520f92d29c39dac4ec8204eebd6fae06d9c9bcb3571,868,2,2,0,0,2,candidate_only_not_proven_function,exact_bytes_only_not_relocation_normalized_or_complete_image_acceptance
cdd4d1fe10b68c6c89785c5ef20a16977bd9eb8b7f395769f0d2fd40a4a3767e,2612,1,1,0,0,1,candidate_only_not_proven_function,exact_bytes_only_not_relocation_normalized_or_complete_image_acceptance
cdd8eb99485d1a74fe854b9fb1f9c83e02c61430991c02c834de1c75126a9500,2364,2,2,0,0,2,candidate_only_not_proven_function,exact_bytes_only_not_relocation_normalized_or_complete_image_acceptance
cdf969b6c358340e8ccfc2a0a7e8cd68b0271503e1fbcaf17a338750cd726d0a,2236,2,2,0,0,2,candidate_only_not_proven_function,exact_bytes_only_not_relocation_normalized_or_complete_image_acceptance
ce009f5cd8f007b0ff82209910958a90f9d939026cc143c4d3b155b7bd18efca,2624,1,1,0,0,1,candidate_only_not_proven_function,exact_bytes_only_not_relocation_normalized_or_complete_image_acceptance
ce01f7e2e32368b32d8b62c1499386c4c147e7cd8c25901998f2c6689040f21e,4356,1,1,0,0,1,candidate_only_not_proven_function,exact_bytes_only_not_relocation_normalized_or_complete_image_acceptance
ce1ee2f028a384af586418edd538f82e169e23c52cc19330bd5f8002ffb9263f,3592,5,5,0,0,5,candidate_only_not_proven_function,exact_bytes_only_not_relocation_normalized_or_complete_image_acceptance
ce9c5ef58dc7bc644cb56b6aa2c777081499d74045c69a7bbf94355bfefa58fe,1480,1,1,0,0,1,candidate_only_not_proven_function,exact_bytes_only_not_relocation_normalized_or_complete_image_acceptance
ceafdda82c94011ff6e6dc3846f2d8d94b23800bf4b49a00c567af59c5c2f789,1452,1,1,0,0,1,candidate_only_not_proven_function,exact_bytes_only_not_relocation_normalized_or_complete_image_acceptance
ceedf63b9a4f150d99b499d645c7a820a8ce72b64641363a43e4d39f5b727f3b,4936,2,2,0,0,2,candidate_only_not_proven_function,exact_bytes_only_not_relocation_normalized_or_complete_image_acceptance
cf829432a325c2bbf55d1f9de57c6cc0dfd5cac287ca7938e12e90238755237b,1720,1,1,0,0,1,candidate_only_not_proven_function,exact_bytes_only_not_relocation_normalized_or_complete_image_acceptance
cf974a9bdbc8ffefd65698c4142b4a33e4ea8423b3288755add3a96f23d03a5b,1772,1,1,0,0,1,candidate_only_not_proven_function,exact_bytes_only_not_relocation_normalized_or_complete_image_acceptance
d0096f273eaddd6baf5e0439a43a57b3abe13571bbce31ac285163c35e3a72a9,1332,1,1,0,0,1,candidate_only_not_proven_function,exact_bytes_only_not_relocation_normalized_or_complete_image_acceptance
d05bceafeb2ce3de19d073c9d50c35a163d4c98e1e34d792e5d77770c4caf670,8092,1,1,0,0,1,candidate_only_not_proven_function,exact_bytes_only_not_relocation_normalized_or_complete_image_acceptance
d0a452bad185f77270fe94c87984742a2b181b528fc0e602ddff9fc11a09b1e5,1456,1,1,0,0,1,candidate_only_not_proven_function,exact_bytes_only_not_relocation_normalized_or_complete_image_acceptance
d10a124563347e2280fffd68bbb4a3ad2402a4f077fb93069ff8629277e2f9ab,1412,5,5,0,0,5,candidate_only_not_proven_function,exact_bytes_only_not_relocation_normalized_or_complete_image_acceptance
d13358922e991e080183787de7e2c76421ee476b2bb8e68c4209913328ea52b7,1356,2,2,0,0,2,candidate_only_not_proven_function,exact_bytes_only_not_relocation_normalized_or_complete_image_acceptance
d135553828b789f900cabe6c434b3b5205da5b399e0293b9fa55f49ea0ee2e39,868,2,2,0,0,2,candidate_only_not_proven_function,exact_bytes_only_not_relocation_normalized_or_complete_image_acceptance
d1464df99a3a9a07af9afbdd1b8d73ce1517b3cec9d4c2297a6ceee4b5649b60,1344,1,1,0,0,1,candidate_only_not_proven_function,exact_bytes_only_not_relocation_normalized_or_complete_image_acceptance
d1bc01b6faa31f6c800b39e0a9b4e52c1f0f9c6f430223608f1e8df3f6d44b16,1484,1,1,0,0,1,candidate_only_not_proven_function,exact_bytes_only_not_relocation_normalized_or_complete_image_acceptance
d1bdfc0b5b705955ed79a2d172dfdce84a58810a60cee3537e8655cf7a2b926a,2184,1,1,0,0,1,candidate_only_not_proven_function,exact_bytes_only_not_relocation_normalized_or_complete_image_acceptance
d267585cf1d76a3fd9b64af068c397e3ec368c47270a301f3554d1bff24ebac3,7748,3,3,0,0,3,candidate_only_not_proven_function,exact_bytes_only_not_relocation_normalized_or_complete_image_acceptance
d2c8d31deadaeef12f79decdf3754759ad28dcaf1543f3f1644452dc82b4200a,1844,1,1,0,0,1,candidate_only_not_proven_function,exact_bytes_only_not_relocation_normalized_or_complete_image_acceptance
d2e32dbdfc02ff1fb6b364b744b41cb03ad25999935b284fa492fc69f0def174,2668,1,1,0,0,1,candidate_only_not_proven_function,exact_bytes_only_not_relocation_normalized_or_complete_image_acceptance
d318e13973d00302ba7cf6813ec9304d332c3a0c181ab072d8360e9e777f4593,18816,1,1,0,0,1,candidate_only_not_proven_function,exact_bytes_only_not_relocation_normalized_or_complete_image_acceptance
d328e8d46065de45c3d51ba7d18059f4492a3318c4aa65b4a1ccc520a2f3c818,2268,2,2,0,0,2,candidate_only_not_proven_function,exact_bytes_only_not_relocation_normalized_or_complete_image_acceptance
d330275c850cd656f90cd1d34be0e3566a2400fc918d1650910cc998c0e14486,1064,1,1,0,0,1,candidate_only_not_proven_function,exact_bytes_only_not_relocation_normalized_or_complete_image_acceptance
d347413472c67049152f860fa42451920884efee66c95097bc6f20b6e68521ae,6872,1,1,0,0,1,candidate_only_not_proven_function,exact_bytes_only_not_relocation_normalized_or_complete_image_acceptance
d36ffcfa26e959f59ce04ea8be7e1a64332232e5821e540c7af36422fbc160cd,1944,1,1,0,0,1,candidate_only_not_proven_function,exact_bytes_only_not_relocation_normalized_or_complete_image_acceptance
d37325b6cea85647ab054b554ff2af08341cc88286b29124fb394d521e13f0d4,6600,1,1,0,0,1,candidate_only_not_proven_function,exact_bytes_only_not_relocation_normalized_or_complete_image_acceptance
d3a182fa4fe3872f7b057887a1f59a622cd720f8a7c98bf752198585441b51a4,14316,2,2,0,0,2,candidate_only_not_proven_function,exact_bytes_only_not_relocation_normalized_or_complete_image_acceptance
d439c6bec4ce27d47a80de8124391576531bf507241c49705edcdf2fc8866e39,1180,2,2,0,0,2,candidate_only_not_proven_function,exact_bytes_only_not_relocation_normalized_or_complete_image_acceptance
d494cf41bfac8965d37a4de5d2df78924494a4f84906cb23c82e8b1cf189301f,636,1,1,0,0,1,candidate_only_not_proven_function,exact_bytes_only_not_relocation_normalized_or_complete_image_acceptance
d4cecad37fea42aeb41be7b3eb4120056cbe135c62b7d99a0a782003fd89a963,1272,2,2,0,0,2,candidate_only_not_proven_function,exact_bytes_only_not_relocation_normalized_or_complete_image_acceptance
d502460fbd4a34898fdbb2c21582d81448d872dff402b13a732fb95918fba8a8,2292,1,1,0,0,1,candidate_only_not_proven_function,exact_bytes_only_not_relocation_normalized_or_complete_image_acceptance
d50a16480e2357849b498a8abbcb33d0e58355a53b0d6868df8d9a910593ec7d,4504,5,5,0,0,5,candidate_only_not_proven_function,exact_bytes_only_not_relocation_normalized_or_complete_image_acceptance
d51a5e2c2d7da9dbfbf4c09a80a7fd58f4e898a503050df21138fb111326076e,1636,1,1,0,0,1,candidate_only_not_proven_function,exact_bytes_only_not_relocation_normalized_or_complete_image_acceptance
d529d94e1028487e2f63979cdc58d5ad980e96ad65c13dfbe495cc29b4bb0546,1612,2,2,0,0,2,candidate_only_not_proven_function,exact_bytes_only_not_relocation_normalized_or_complete_image_acceptance
d52b0c3fb5dee9a33b64059d8e4051a2c95e929eb7168589615d956a325d1d09,1004,2,2,0,0,2,candidate_only_not_proven_function,exact_bytes_only_not_relocation_normalized_or_complete_image_acceptance
d5310e2036688fc04e26cef424fdfd8a7648b7e431d3dfcec57efaa5e503189f,8188,25,27,0,0,25,candidate_only_not_proven_function,exact_bytes_only_not_relocation_normalized_or_complete_image_acceptance
d547e1a2535c2e2bab4a094e9cfc783a167558a4d42223f6bf54b3a9a5a9e976,1252,1,1,0,0,1,candidate_only_not_proven_function,exact_bytes_only_not_relocation_normalized_or_complete_image_acceptance
d564d77dcfee157a2152361d48b5453585be211c0d4af61e2cc22d07dc08d493,7060,3,3,0,0,3,candidate_only_not_proven_function,exact_bytes_only_not_relocation_normalized_or_complete_image_acceptance
d62b90e35437b95d9bd2df5bbf3c7847ef6cd6cb5ea7cd2264bf25609eaf4e74,3440,1,1,0,0,1,candidate_only_not_proven_function,exact_bytes_only_not_relocation_normalized_or_complete_image_acceptance
d66eac259fa71b03b9ab046a61ccca05b18d31077ccdfc5537865e07f1f9df77,3996,1,1,0,0,1,candidate_only_not_proven_function,exact_bytes_only_not_relocation_normalized_or_complete_image_acceptance
d68fb8b016b30cb372e2b94c6df2e73369dff3588e86e7c905a966a04bc04571,2204,1,1,0,0,1,candidate_only_not_proven_function,exact_bytes_only_not_relocation_normalized_or_complete_image_acceptance
d6a17f509f15db4a61c912b899c40f37590a1e88e54c724ce24d0b76f0312ca2,1632,4,5,0,0,4,candidate_only_not_proven_function,exact_bytes_only_not_relocation_normalized_or_complete_image_acceptance
d6ac650445822a5ab7165a9501c1499d443c1210ad50c022d64e873feeba9054,13920,2,2,0,0,2,candidate_only_not_proven_function,exact_bytes_only_not_relocation_normalized_or_complete_image_acceptance
d6cc3d30e10dea002a398bed418e3d8d6844f8dd856296b9af54e99c02728a40,1392,11,12,0,0,11,candidate_only_not_proven_function,exact_bytes_only_not_relocation_normalized_or_complete_image_acceptance
d6d32ef6ecefee1cdb51f1f6efd03cb08dc7a293861a0c6bb9de22091116106f,1484,6,6,0,0,6,candidate_only_not_proven_function,exact_bytes_only_not_relocation_normalized_or_complete_image_acceptance
d6f276a9880ba3486a019ad8077228b2ec4d6c8380d15aed961e5c205b443e33,1908,6,6,0,0,6,candidate_only_not_proven_function,exact_bytes_only_not_relocation_normalized_or_complete_image_acceptance
d7041f3a5121d575d6a09560a49fd18f68ecbca519d77abd7cd8e262b09539da,1500,1,1,0,0,1,candidate_only_not_proven_function,exact_bytes_only_not_relocation_normalized_or_complete_image_acceptance
d73864eab2cb1ab19aeceb638acf720ec960af81fcf1b75b60a0ddb008768a30,1216,1,1,0,0,1,candidate_only_not_proven_function,exact_bytes_only_not_relocation_normalized_or_complete_image_acceptance
d7dccb7349cc31c7c6488cd7279ba8fcd160d28c329e2d52509efd5c8f5fa4dd,2360,1,1,0,0,1,candidate_only_not_proven_function,exact_bytes_only_not_relocation_normalized_or_complete_image_acceptance
d81b78aa29c46cc7c9ac4ab610608e29cf0e18be22e5f6ee55a712eb9cc920a7,2464,3,3,0,0,3,candidate_only_not_proven_function,exact_bytes_only_not_relocation_normalized_or_complete_image_acceptance
d82ce1560e88ebc8ada26d1713d9307ad609bed86c2ae81bfa6f4d6332caf72a,11364,1,1,0,0,1,candidate_only_not_proven_function,exact_bytes_only_not_relocation_normalized_or_complete_image_acceptance
d85991f6a6aee22e9e9b6d9d5f4e1eacaaa4c038302385079533c45493b91350,14316,2,2,0,0,2,candidate_only_not_proven_function,exact_bytes_only_not_relocation_normalized_or_complete_image_acceptance
d86d45469e73b086285a74623d5a6c22e4fea9838e6f832765a21290a50585bf,4172,2,2,0,0,2,candidate_only_not_proven_function,exact_bytes_only_not_relocation_normalized_or_complete_image_acceptance
d881c921f9608c92466baa41abeea92e4dc21cf93bd0802aa32cfe7687e0d70c,3756,1,1,0,0,1,candidate_only_not_proven_function,exact_bytes_only_not_relocation_normalized_or_complete_image_acceptance
d8ade5db88eb478c883a8e7ee5b6967592614c6418d6c07876ad57433ef75416,868,1,1,0,0,1,candidate_only_not_proven_function,exact_bytes_only_not_relocation_normalized_or_complete_image_acceptance
d958f98c76e3b0e0b6c0ad913d0e6d65848dfb10913aa615dbeaea025496b0d4,8036,1,1,0,0,1,candidate_only_not_proven_function,exact_bytes_only_not_relocation_normalized_or_complete_image_acceptance
d95d92241e5881403ef8bca73b671fa7b9c1c5ca36cbf429e379f06d7633cc56,856,1,1,0,0,1,candidate_only_not_proven_function,exact_bytes_only_not_relocation_normalized_or_complete_image_acceptance
d98c81e2ca712ee10306caa0bc377f9b3f24ee9951f579c6b4a6be7ea329b520,892,2,2,0,0,2,candidate_only_not_proven_function,exact_bytes_only_not_relocation_normalized_or_complete_image_acceptance
d9cbba2f3e5ca8d05517937b8ef2ec0c802f0f159e01f4a7834cbef682443b2f,1256,2,2,0,0,2,candidate_only_not_proven_function,exact_bytes_only_not_relocation_normalized_or_complete_image_acceptance
d9cc8d0dcc01d430cc02170fc4718af867b2b0718cd0b87073ace05a90b117bb,972,1,1,0,0,1,candidate_only_not_proven_function,exact_bytes_only_not_relocation_normalized_or_complete_image_acceptance
d9e39053d465ffc0b4d020ebd35a1b78500719dac2917b2abc4b9024f8b86824,2092,3,3,0,0,3,candidate_only_not_proven_function,exact_bytes_only_not_relocation_normalized_or_complete_image_acceptance
d9e5697783fbd4423b340d5e7cfa938ea061f2fbe338f79b31caf9e64170992c,5036,2,2,0,0,2,candidate_only_not_proven_function,exact_bytes_only_not_relocation_normalized_or_complete_image_acceptance
d9f4e7b6abd2a841723138cf2cae7032de9b353de8a90bfe5229a480114ada69,15268,1,1,0,0,1,candidate_only_not_proven_function,exact_bytes_only_not_relocation_normalized_or_complete_image_acceptance
da15469b14e5c97fee84517375298ca59160da75d0d907614ab435e00dd96b36,784,2,2,0,0,2,candidate_only_not_proven_function,exact_bytes_only_not_relocation_normalized_or_complete_image_acceptance
da22c615baa170a0eda87c6d9024039a0fbc305f04e7fedc55594e6191ae6439,1052,1,1,0,0,1,candidate_only_not_proven_function,exact_bytes_only_not_relocation_normalized_or_complete_image_acceptance
da60def94476c34f5120c0a33f53a79c903ac1d107e23aedc5aab9ca72cd35f7,5400,2,2,0,0,2,candidate_only_not_proven_function,exact_bytes_only_not_relocation_normalized_or_complete_image_acceptance
da95c156bbeea710e46bf2d30e03443797fb69b83f3c2fb607f40ab0352b7b3f,5328,1,1,0,0,1,candidate_only_not_proven_function,exact_bytes_only_not_relocation_normalized_or_complete_image_acceptance
dadb7cb40e305881f18d915a17054f485ad3b100f11182c8c60c55799cde862f,2304,2,2,0,0,2,candidate_only_not_proven_function,exact_bytes_only_not_relocation_normalized_or_complete_image_acceptance
db61ce3305e56e4e906cfca03d71de3bf5d619049fe1d7c2f8024399a3b61fd5,1160,11,11,0,0,11,candidate_only_not_proven_function,exact_bytes_only_not_relocation_normalized_or_complete_image_acceptance
dbc6daf805996f1d693034b369e4504bcb707b9d9b005f6a1897106f75c6b29d,1352,2,2,0,0,2,candidate_only_not_proven_function,exact_bytes_only_not_relocation_normalized_or_complete_image_acceptance
dbea57c23d5e225bbb940c4e2c874efc9b46588057f5aef70700ec522b0029e0,9008,1,1,0,0,1,candidate_only_not_proven_function,exact_bytes_only_not_relocation_normalized_or_complete_image_acceptance
dc02666d16f61a3371671042dbacc59b9e88facf49d908a8f1b16156c52dd041,7572,1,1,0,0,1,candidate_only_not_proven_function,exact_bytes_only_not_relocation_normalized_or_complete_image_acceptance
dc2e63346de4ba2bc79bce5412cb798502d64ca9c520d26d9ad4f8ef7d104983,892,2,2,0,0,2,candidate_only_not_proven_function,exact_bytes_only_not_relocation_normalized_or_complete_image_acceptance
dc35a7d83d8e2612a6660462f67c53428df3520ce603cc250c77c121d1c710d4,1340,1,1,0,0,1,candidate_only_not_proven_function,exact_bytes_only_not_relocation_normalized_or_complete_image_acceptance
dc72af9548b93f659d9a0c82cd58d07f656f36c862e3828fc98fdf00d5d9ea73,1724,1,1,0,0,1,candidate_only_not_proven_function,exact_bytes_only_not_relocation_normalized_or_complete_image_acceptance
dca41db96cf6d6a98172a49c7fb7e2af6692ecf8dbcc9450c617141e0e475985,5836,2,2,0,0,2,candidate_only_not_proven_function,exact_bytes_only_not_relocation_normalized_or_complete_image_acceptance
dcb7e05339113e416f92e3e3adf52d98b8857dbe0966e542e952a84016fe5faf,6872,2,2,0,0,2,candidate_only_not_proven_function,exact_bytes_only_not_relocation_normalized_or_complete_image_acceptance
dccbe3e370618881ac571d9defb1ffd3425e8753892f95d83a5f3e7a6671f7b8,1416,14,14,0,0,14,candidate_only_not_proven_function,exact_bytes_only_not_relocation_normalized_or_complete_image_acceptance
dcd0fdfee8a2a0cbb988840fd3fe040ceebc5b14440f369130144833038b1b5f,2964,1,1,0,0,1,candidate_only_not_proven_function,exact_bytes_only_not_relocation_normalized_or_complete_image_acceptance
dd74fd0dae0fabaced236d7f70e696871d0a8c0ccc15bfb5c8439662846ed1eb,5520,2,2,0,0,2,candidate_only_not_proven_function,exact_bytes_only_not_relocation_normalized_or_complete_image_acceptance
ddbba016c4cdbb7126033e84dead08a96ed5abbdbc0d2a295cdbb2eaadb2ca8d,13600,9,9,0,0,9,candidate_only_not_proven_function,exact_bytes_only_not_relocation_normalized_or_complete_image_acceptance
ddfa57ab676131f2deca180e5619aec470d6a23d80a83a892900d2e1ef4c14b0,9260,13,13,0,0,13,candidate_only_not_proven_function,exact_bytes_only_not_relocation_normalized_or_complete_image_acceptance
de43b6571af17ba4ef160b29443576bdddedb8e3a9f7f39ece277abad168b866,1412,3,3,0,0,3,candidate_only_not_proven_function,exact_bytes_only_not_relocation_normalized_or_complete_image_acceptance
dedf46ceca71674358b93c7ad93450a46697147d2edeb87b05b3ce1f04086967,892,2,2,0,0,2,candidate_only_not_proven_function,exact_bytes_only_not_relocation_normalized_or_complete_image_acceptance
df4319fa7454f628db8e8d83018783a9dd565daeab53acf36a3db5f0f3c86237,2084,11,11,0,0,11,candidate_only_not_proven_function,exact_bytes_only_not_relocation_normalized_or_complete_image_acceptance
df772ee8f4be52625bf0877bd349f57cf95f8347186c487deb23b94ec3692d2e,1884,2,2,0,0,2,candidate_only_not_proven_function,exact_bytes_only_not_relocation_normalized_or_complete_image_acceptance
e0517684434964fdf370d8c8ff92af380740d560a23be40a32070635c2da5427,6716,1,1,0,0,1,candidate_only_not_proven_function,exact_bytes_only_not_relocation_normalized_or_complete_image_acceptance
e0defeac20a33c00ab5cf135bb8de9cdcc2b80f3d5e6bd9ce1d37b9153a359de,1428,6,6,0,0,6,candidate_only_not_proven_function,exact_bytes_only_not_relocation_normalized_or_complete_image_acceptance
e0f943d172589e06608a48686d655dd79d00db3bd1a07ffa277ed7d6d0216b9b,3036,1,1,0,0,1,candidate_only_not_proven_function,exact_bytes_only_not_relocation_normalized_or_complete_image_acceptance
e1061efca6dc797b56d5a0271be71bd8cf20c2672b8f79ec580f3c16b9af815a,4568,6,6,0,0,6,candidate_only_not_proven_function,exact_bytes_only_not_relocation_normalized_or_complete_image_acceptance
e1124d89ddc31583bde6218a52ee1d84b5425e46b5f86f7d1e953206ccc395a9,2360,1,1,0,0,1,candidate_only_not_proven_function,exact_bytes_only_not_relocation_normalized_or_complete_image_acceptance
e11697eb92351b291555e4b66ea8e0b002733eb7254b17b45c8d85e3e5c2a342,5036,2,2,0,0,2,candidate_only_not_proven_function,exact_bytes_only_not_relocation_normalized_or_complete_image_acceptance
e11e9412b1d0993cde68f66c1191f01d25ec73e1195cd303fee26975c815fbb1,2176,1,1,0,0,1,candidate_only_not_proven_function,exact_bytes_only_not_relocation_normalized_or_complete_image_acceptance
e125872502091d322cf967e4743768afd9282354df74e18bf05a112633aad4c3,2084,11,11,0,0,11,candidate_only_not_proven_function,exact_bytes_only_not_relocation_normalized_or_complete_image_acceptance
e14527fbf2a24962bfc5768746b9e48c760f90be3f862a640f2e191343a7942b,2236,2,2,0,0,2,candidate_only_not_proven_function,exact_bytes_only_not_relocation_normalized_or_complete_image_acceptance
e19f0c7e1398d0fbe3b4f3e2675058e009db7df3ffcb08a3a8b202a6ebd9fe8f,2492,1,1,0,0,1,candidate_only_not_proven_function,exact_bytes_only_not_relocation_normalized_or_complete_image_acceptance
e1c6dc615a13e400537f7e25fd8d936720ba1826a7ebf55326838436468bc8a3,5088,1,1,0,0,1,candidate_only_not_proven_function,exact_bytes_only_not_relocation_normalized_or_complete_image_acceptance
e27d0d5c95b97a1c95456cb9932a724cf28f40c33866e0fdff800e31d7657dfe,4568,6,6,0,0,6,candidate_only_not_proven_function,exact_bytes_only_not_relocation_normalized_or_complete_image_acceptance
e2c96887c2610ab9d0ba213b54ef9f300999855b16d7356acec8d1efeb5f77a6,3872,1,1,0,0,1,candidate_only_not_proven_function,exact_bytes_only_not_relocation_normalized_or_complete_image_acceptance
e2cb0a911236b015569644a93c27736ba2ca2c6faba8355f99ee7ee46fe81fc9,868,6,6,0,0,6,candidate_only_not_proven_function,exact_bytes_only_not_relocation_normalized_or_complete_image_acceptance
e2ce4d877214ab1e79591a1e6e32140e8c956ff32c0152d17495e18eb5b162c3,1612,5,6,0,0,5,candidate_only_not_proven_function,exact_bytes_only_not_relocation_normalized_or_complete_image_acceptance
e2ef2d48fdc6b4feb7609cd7bbc8d90aed731530d62efd43673aaef8daf4f54b,776,1,1,0,0,1,candidate_only_not_proven_function,exact_bytes_only_not_relocation_normalized_or_complete_image_acceptance
e30060a1ff9cbabf01f5eacb642da9a6c47f5c307084e676d53434661a948b5e,4568,1,1,0,0,1,candidate_only_not_proven_function,exact_bytes_only_not_relocation_normalized_or_complete_image_acceptance
e30af001ede11f54f6fa4ce2e3971e55664ccbb74ac47556a502a7877182d36d,1624,1,1,0,0,1,candidate_only_not_proven_function,exact_bytes_only_not_relocation_normalized_or_complete_image_acceptance
e31bb87636be0a89636a26b24a2412090011fc1a78ed7c3ea082211cb72082cf,1488,2,2,0,0,2,candidate_only_not_proven_function,exact_bytes_only_not_relocation_normalized_or_complete_image_acceptance
e34b0468aa077e816ad0898d696b836459bf3167fecc8fe7d0821f5272b394ad,2084,3,3,0,0,3,candidate_only_not_proven_function,exact_bytes_only_not_relocation_normalized_or_complete_image_acceptance
e35f43f9d9097b1cc3a2ea960405834b17875bfc38357027d5250223e8dd9aa8,8792,1,1,0,0,1,candidate_only_not_proven_function,exact_bytes_only_not_relocation_normalized_or_complete_image_acceptance
e382ae6f25db5c7270f3a03076472a82b4651ba4af18cdee6e0b728e7cd91b6b,1696,5,5,0,0,5,candidate_only_not_proven_function,exact_bytes_only_not_relocation_normalized_or_complete_image_acceptance
e42d36a82a8e4c3869d7aee9461b77af672cf48ddb5f43814cd565ebaaf892a0,7148,1,1,0,0,1,candidate_only_not_proven_function,exact_bytes_only_not_relocation_normalized_or_complete_image_acceptance
e472fe595c126373a9cdc87e1e7da60226721683e990f5fe1b36900ac9d8e6fd,8724,1,1,0,0,1,candidate_only_not_proven_function,exact_bytes_only_not_relocation_normalized_or_complete_image_acceptance
e47c1669a7db24ddcebd45b11dca9332936d6db5e09a0d728d40d36c2786e697,2692,2,2,0,0,2,candidate_only_not_proven_function,exact_bytes_only_not_relocation_normalized_or_complete_image_acceptance
e48488e163520d0c8e258e9fcb1e3e2491346855134e21c3950b179e80346586,2272,1,1,0,0,1,candidate_only_not_proven_function,exact_bytes_only_not_relocation_normalized_or_complete_image_acceptance
e48c2a6c53376b94306ab0d4a0a3f380b93f2ce7ca9451a33af870fa0d6e668e,13168,4,4,0,0,4,candidate_only_not_proven_function,exact_bytes_only_not_relocation_normalized_or_complete_image_acceptance
e4d5ac401492d5b51f03ba19446e06d688434ae34aa975cbf187ca49d416ea16,2924,1,1,0,0,1,candidate_only_not_proven_function,exact_bytes_only_not_relocation_normalized_or_complete_image_acceptance
e52945058b67c35928076cead3a948387438468392643dcf98f3a70662f560d6,2672,1,1,0,0,1,candidate_only_not_proven_function,exact_bytes_only_not_relocation_normalized_or_complete_image_acceptance
e53bfd6bd943d2dcdd6fc9b9b88221935e1785dc0515dbd045f94a319bfa904e,1672,4,4,0,0,4,candidate_only_not_proven_function,exact_bytes_only_not_relocation_normalized_or_complete_image_acceptance
e54ca350861502a5b4464ec7831791033fa8f3adefa505596db9093ea99823a2,4920,3,3,0,0,3,candidate_only_not_proven_function,exact_bytes_only_not_relocation_normalized_or_complete_image_acceptance
e557aec6f91dd0fca5a0ce08ca3455b58f5dd731cddfa4d6408404d9dc0abaa1,1480,2,2,0,0,2,candidate_only_not_proven_function,exact_bytes_only_not_relocation_normalized_or_complete_image_acceptance
e5a6e9b9ad99245dc9426d78565da33cadc961cf3d02e9b4397dc6002dc43ec4,2964,2,2,0,0,2,candidate_only_not_proven_function,exact_bytes_only_not_relocation_normalized_or_complete_image_acceptance
e5cb6cab776fd6660497d4900ca33d50a4ea7b38a05167fb90732d438a48a806,1236,7,7,0,0,7,candidate_only_not_proven_function,exact_bytes_only_not_relocation_normalized_or_complete_image_acceptance
e5d144d40416f661e7602ce1e9a297ad58463391efb57c059701761fc8818c7d,6488,25,27,0,0,25,candidate_only_not_proven_function,exact_bytes_only_not_relocation_normalized_or_complete_image_acceptance
e5db19728b8faf5b80fe85bcf3dbd69146db70818c2e3d80f66b5fba4d7ba930,2188,6,6,0,0,6,candidate_only_not_proven_function,exact_bytes_only_not_relocation_normalized_or_complete_image_acceptance
e63b7a97b8088ce108dbab15da789b1ce0fa4594c63a0d5905ecd9d0a8597a95,5388,1,1,0,0,1,candidate_only_not_proven_function,exact_bytes_only_not_relocation_normalized_or_complete_image_acceptance
e64ccaa7fe5c3bccb0c5e806b4bc4ea3f47b3e734b8a557c07efe0f2119e5ca8,3928,2,2,0,0,2,candidate_only_not_proven_function,exact_bytes_only_not_relocation_normalized_or_complete_image_acceptance
e692528eb379654790fe11055aefe676c9d2d6f7714eaf9365ca9a7ed437b15e,1100,1,1,0,0,1,candidate_only_not_proven_function,exact_bytes_only_not_relocation_normalized_or_complete_image_acceptance
e69797889f2ae11569ae66bcc7892d3ffcc896d271fca35a816dddd49d072ac9,3552,2,2,0,0,2,candidate_only_not_proven_function,exact_bytes_only_not_relocation_normalized_or_complete_image_acceptance
e6e633f7d6bae91dc2253a2607e09324e1b43bb662f99c29df50ed0ce086c86f,2204,1,1,0,0,1,candidate_only_not_proven_function,exact_bytes_only_not_relocation_normalized_or_complete_image_acceptance
e704aa8b911871c492dff415776dc0d8a34e39eec3b66a08bb6718612e80da93,1512,4,4,0,0,4,candidate_only_not_proven_function,exact_bytes_only_not_relocation_normalized_or_complete_image_acceptance
e717fc89fdcc73d47da1f3fb57007d330bb71d5dfc1f680e2249454f479db3bb,1612,6,6,0,0,6,candidate_only_not_proven_function,exact_bytes_only_not_relocation_normalized_or_complete_image_acceptance
e731462b7aebd01454731e8eb6908b047491f29809c65c7f2469e15442ee9c9b,1252,5,5,0,0,5,candidate_only_not_proven_function,exact_bytes_only_not_relocation_normalized_or_complete_image_acceptance
e790ee3228d2ecaf45ed2f34927c8e783d44469e8ab2dfe871fca62a4a99be80,3732,2,2,0,0,2,candidate_only_not_proven_function,exact_bytes_only_not_relocation_normalized_or_complete_image_acceptance
e7aec9daf808faa1042dfda7d174289ae770c3ce34d50de3b547e229f658a441,4172,2,2,0,0,2,candidate_only_not_proven_function,exact_bytes_only_not_relocation_normalized_or_complete_image_acceptance
e7d3ee046ff4a3480bbfe9660418f3d9037d0fe443ca97d0daa84baa625580f2,1412,5,5,0,0,5,candidate_only_not_proven_function,exact_bytes_only_not_relocation_normalized_or_complete_image_acceptance
e80482fb2c239dec2be93263a5978ac1dd1e4afa3a7f90a469bf9430fd095985,2092,3,3,0,0,3,candidate_only_not_proven_function,exact_bytes_only_not_relocation_normalized_or_complete_image_acceptance
e81119c209e717970ba205091f49f0884787fa9488953b1ebbc053407dc428c4,936,1,1,0,0,1,candidate_only_not_proven_function,exact_bytes_only_not_relocation_normalized_or_complete_image_acceptance
e86d5e268f0c2d0f249188674b94451affb99823cc204138ba82f2322a5aa70f,1844,1,1,0,0,1,candidate_only_not_proven_function,exact_bytes_only_not_relocation_normalized_or_complete_image_acceptance
e876fa008088486a619d5f751d933bfc5d7c7854813506900a84450805ec9149,1412,1,1,0,0,1,candidate_only_not_proven_function,exact_bytes_only_not_relocation_normalized_or_complete_image_acceptance
e8a2394c00ae056d0ef24317a5d661f91f82485d589047f715267a9205356d20,11156,2,2,0,0,2,candidate_only_not_proven_function,exact_bytes_only_not_relocation_normalized_or_complete_image_acceptance
e97470ab40a5c1dfab6b741728934aa521079944b43f5c89aa84613055f29094,5400,2,2,0,0,2,candidate_only_not_proven_function,exact_bytes_only_not_relocation_normalized_or_complete_image_acceptance
e988eec527840d7b5cc39d9acb754c50d0d44d512e7ad9e5f9645eb4f6403c44,2820,1,1,0,0,1,candidate_only_not_proven_function,exact_bytes_only_not_relocation_normalized_or_complete_image_acceptance
e99193b5acc5fe237548e17e2bc5f3e670b241be177b7231c2eac7cc03519ffd,1828,3,3,0,0,3,candidate_only_not_proven_function,exact_bytes_only_not_relocation_normalized_or_complete_image_acceptance
e9ddf90a9812a3b6572927e14941bc9335fa47faf441f12b22d7dd2998edf6c5,1612,2,2,0,0,2,candidate_only_not_proven_function,exact_bytes_only_not_relocation_normalized_or_complete_image_acceptance
ea8457047512f8ce4a59a9ea362c5b2d8b37492fe5d39a16f625668d992f5070,5136,1,1,0,0,1,candidate_only_not_proven_function,exact_bytes_only_not_relocation_normalized_or_complete_image_acceptance
eab013128c602e967330411a124f9de4968bf116aa111e34bd58dc85521dbc74,1216,1,1,0,0,1,candidate_only_not_proven_function,exact_bytes_only_not_relocation_normalized_or_complete_image_acceptance
ead0e079b66da0a2b9b8bb6eef80aa8dd6ba54911cf68405217e2a4681c0f9dd,9472,1,1,0,0,1,candidate_only_not_proven_function,exact_bytes_only_not_relocation_normalized_or_complete_image_acceptance
eb3e8a1d74a8e5d5de571537c1a563636375862e9b1a22e1706cad4782caaa19,8108,2,2,0,0,2,candidate_only_not_proven_function,exact_bytes_only_not_relocation_normalized_or_complete_image_acceptance
eb66ec0f9fb7940dfb401d851bbced3f593270b4443938f941122259ca960709,3544,11,11,0,0,11,candidate_only_not_proven_function,exact_bytes_only_not_relocation_normalized_or_complete_image_acceptance
eb79b3a0752318aca8e7b51afe5be62c3147f67eb7a4661901a3aee3c03b5dcf,2336,1,1,0,0,1,candidate_only_not_proven_function,exact_bytes_only_not_relocation_normalized_or_complete_image_acceptance
ec138f2483d3ae3f05d884d1f6d00c83f426f3627a773ec7776213505945881a,868,2,2,0,0,2,candidate_only_not_proven_function,exact_bytes_only_not_relocation_normalized_or_complete_image_acceptance
ec7c52ac170a2f6ecedda87a15ca3b051b9a43003250107274b6f45996dc07be,8008,1,1,0,0,1,candidate_only_not_proven_function,exact_bytes_only_not_relocation_normalized_or_complete_image_acceptance
ec7da5e502222b0383e4b2837ebf9477f173bc9435467db4cfe173fb2763550a,1068,2,2,0,0,2,candidate_only_not_proven_function,exact_bytes_only_not_relocation_normalized_or_complete_image_acceptance
eccdb9f9c904ac30fcb92469cfae9bfcd67c83a3067c4ecd62cd41b73ae3f79e,892,1,1,0,0,1,candidate_only_not_proven_function,exact_bytes_only_not_relocation_normalized_or_complete_image_acceptance
ed4f604ddb8e280e231c0cbd0d4195916644fcdbdec87055fcffdf59cd3e20c6,1112,4,4,0,0,4,candidate_only_not_proven_function,exact_bytes_only_not_relocation_normalized_or_complete_image_acceptance
ed5bd72def506feb53e6cb4d7c371ffda66c7bde5ebb409908d19fbde7789c86,2460,2,2,0,0,2,candidate_only_not_proven_function,exact_bytes_only_not_relocation_normalized_or_complete_image_acceptance
ed671b6aadb65f2dc0faf53d678db38eea9663ba9f5e64d295e6460057d8be2b,3636,2,2,0,0,2,candidate_only_not_proven_function,exact_bytes_only_not_relocation_normalized_or_complete_image_acceptance
edc4009b9af52762f3a5ce27dca551a5647888aef15d16399ae01292b618c942,3604,1,1,0,0,1,candidate_only_not_proven_function,exact_bytes_only_not_relocation_normalized_or_complete_image_acceptance
eddb7becb3c8157879be188bb00789164605fb905a9029fb34814cff6af094c3,6528,2,2,0,0,2,candidate_only_not_proven_function,exact_bytes_only_not_relocation_normalized_or_complete_image_acceptance
ee1c0e9f8e00e291d7b7b9b7b477fffbdb341907fbc5ab240226a88c55c6a01d,10092,3,3,0,0,3,candidate_only_not_proven_function,exact_bytes_only_not_relocation_normalized_or_complete_image_acceptance
ee4b0f2da928c812f558deaf0dd269d881022f1a45ec2210cc1cffce808254cb,5328,1,1,0,0,1,candidate_only_not_proven_function,exact_bytes_only_not_relocation_normalized_or_complete_image_acceptance
ee58a80d8caece926fd2640727fe4fe2bf959d8597a6e4285b186b7820a957a7,1352,2,2,0,0,2,candidate_only_not_proven_function,exact_bytes_only_not_relocation_normalized_or_complete_image_acceptance
ee8362480c55c195f8d81d4da81438364c0e6aa52f0d5f9abdef620d3c740ce0,3816,1,1,0,0,1,candidate_only_not_proven_function,exact_bytes_only_not_relocation_normalized_or_complete_image_acceptance
ee868c7399fa2432dd102a40670356003985c7714f0833d58d183ff910ee2c35,3316,5,5,0,0,5,candidate_only_not_proven_function,exact_bytes_only_not_relocation_normalized_or_complete_image_acceptance
ee8ba09aeebf7fa1f10a27425dc7f39e692c34882de942b7d2c804be2010b907,3904,1,1,0,0,1,candidate_only_not_proven_function,exact_bytes_only_not_relocation_normalized_or_complete_image_acceptance
eea8568eb79e5ccd093bcbd2523952ab1415d7d38c6ba39b0bd87b9d2bf4aeda,2764,1,1,0,0,1,candidate_only_not_proven_function,exact_bytes_only_not_relocation_normalized_or_complete_image_acceptance
eedf621b51f21795c598b635bd543bd2c33c7cec6c8eca70af432e4714397d99,1064,1,1,0,0,1,candidate_only_not_proven_function,exact_bytes_only_not_relocation_normalized_or_complete_image_acceptance
ef5c22052f9d6459bbb28c68100d7d5b6fd42ab855d258722ea2978169e2623a,3816,1,1,0,0,1,candidate_only_not_proven_function,exact_bytes_only_not_relocation_normalized_or_complete_image_acceptance
efc3c80d659a85eba1fb806a62d7dbf1895894d62ffec356f4786d3974aa90f4,1164,1,1,0,0,1,candidate_only_not_proven_function,exact_bytes_only_not_relocation_normalized_or_complete_image_acceptance
efedaea98df87e75b6d41a4036b3012e798722b3a12850ba52c6e19d3c17eab7,3192,1,1,0,0,1,candidate_only_not_proven_function,exact_bytes_only_not_relocation_normalized_or_complete_image_acceptance
f0039c46d8199f9ae0718be5771f0205761993b557dd8a522d315af2b53a568e,1680,3,3,0,0,3,candidate_only_not_proven_function,exact_bytes_only_not_relocation_normalized_or_complete_image_acceptance
f0289ccc849d5c6b18bbc73969ee8777f987d8f8d2536c2d9fdb59941c656d5c,2360,1,1,0,0,1,candidate_only_not_proven_function,exact_bytes_only_not_relocation_normalized_or_complete_image_acceptance
f0789b99bef0bd70bc49638d0cf6701f348dc9b67f7fea1b895927d2f613262b,7808,1,1,0,0,1,candidate_only_not_proven_function,exact_bytes_only_not_relocation_normalized_or_complete_image_acceptance
f0bb766bf53680302ca4b15f38aab60d610de41763227e63e36b1647701d6c60,6348,1,1,0,0,1,candidate_only_not_proven_function,exact_bytes_only_not_relocation_normalized_or_complete_image_acceptance
f0cd6ce1ef58225c25bd4c199e70d0a74aba9396bc3f0d9c8020d2120a12944d,3732,2,2,0,0,2,candidate_only_not_proven_function,exact_bytes_only_not_relocation_normalized_or_complete_image_acceptance
f0ff44099999de02e35c4c5d21db7f1b33130c42a8e562255035547d66fac32d,3324,4,4,0,0,4,candidate_only_not_proven_function,exact_bytes_only_not_relocation_normalized_or_complete_image_acceptance
f108464523d71cad2bc6158166ce9b2d403096efc7b8b3fe6c52460209be9c0b,960,1,1,0,0,1,candidate_only_not_proven_function,exact_bytes_only_not_relocation_normalized_or_complete_image_acceptance
f10d650b5045f3255b306481c28abd41a64c8511e65e313c88103040b30e3c4a,1252,7,7,0,0,7,candidate_only_not_proven_function,exact_bytes_only_not_relocation_normalized_or_complete_image_acceptance
f10e996fba33dfdf9f220e987ce1037d3f2f9c3ce59ef641913d80761e31ab09,2048,4,4,0,0,4,candidate_only_not_proven_function,exact_bytes_only_not_relocation_normalized_or_complete_image_acceptance
f183ae74b3bf1144eee37fa5679735a04a1dc912764eba3f5fc8ec3c8d87edd2,1152,1,1,0,0,1,candidate_only_not_proven_function,exact_bytes_only_not_relocation_normalized_or_complete_image_acceptance
f18e8e8699214fbb2bf15b58f09d0184e075ef4f6de815ae55e33c072e0c3d9b,1912,7,7,0,0,7,candidate_only_not_proven_function,exact_bytes_only_not_relocation_normalized_or_complete_image_acceptance
f1f0de0875113be3dd493796750491bea506a5905ee840302b131a6f6a297876,15044,1,1,0,0,1,candidate_only_not_proven_function,exact_bytes_only_not_relocation_normalized_or_complete_image_acceptance
f1f97ad4d1ddedd806dfd99a17b819b07a197b3249123b39b37581bab11c873d,1440,1,1,0,0,1,candidate_only_not_proven_function,exact_bytes_only_not_relocation_normalized_or_complete_image_acceptance
f20104d808f499bab00e9df54730cb2001571ab1e4b9c935faed59926fa94dd2,6048,1,1,0,0,1,candidate_only_not_proven_function,exact_bytes_only_not_relocation_normalized_or_complete_image_acceptance
f20763106f936ff6ebf923ab722917a916c39bea76151ad5eb4510aa13dfd12c,1484,1,1,0,0,1,candidate_only_not_proven_function,exact_bytes_only_not_relocation_normalized_or_complete_image_acceptance
f2b3c27e9216c60f64d918c5a5cedac09c95da75f09af56a17b6016542f73d07,9668,1,1,0,0,1,candidate_only_not_proven_function,exact_bytes_only_not_relocation_normalized_or_complete_image_acceptance
f2e1c0a517f28e7c42c278241803cb310620dc2a0443b4e9055ac594c8d1f9e6,2276,2,2,0,0,2,candidate_only_not_proven_function,exact_bytes_only_not_relocation_normalized_or_complete_image_acceptance
f37140637dfd52e0e6696231c3bbe8e26fbc6862e736a2e8c94983f6a40c75cb,4964,3,3,0,0,3,candidate_only_not_proven_function,exact_bytes_only_not_relocation_normalized_or_complete_image_acceptance
f38977944ba5907e45e716b04dbc2e9dee2bef55c7396412fe2aeb018e35dcc5,3092,4,4,0,0,4,candidate_only_not_proven_function,exact_bytes_only_not_relocation_normalized_or_complete_image_acceptance
f39175a5e926a3f1975489e07c29e55a0c6a33bb3184e67532ddc4e8153dbffe,784,2,2,0,0,2,candidate_only_not_proven_function,exact_bytes_only_not_relocation_normalized_or_complete_image_acceptance
f39dceb3df6eaeb412487eedb949ac0d48eae8c3187c513183ad40b9682e9b43,2728,1,1,0,0,1,candidate_only_not_proven_function,exact_bytes_only_not_relocation_normalized_or_complete_image_acceptance
f3c6799cab4fcb6b889ed01209e5a54da0db7741450d1f670d8d4c495fb72ff0,5416,1,1,0,0,1,candidate_only_not_proven_function,exact_bytes_only_not_relocation_normalized_or_complete_image_acceptance
f3d12661cedbd0c457b3d5a665fe487bfea860d6a9a764585f027b0c31de2d4e,5524,4,4,0,0,4,candidate_only_not_proven_function,exact_bytes_only_not_relocation_normalized_or_complete_image_acceptance
f3f3fcecbfa8128643b0320ee1dbfadb1725b869e181403d71a72f8d73d48c6d,12696,1,1,0,0,1,candidate_only_not_proven_function,exact_bytes_only_not_relocation_normalized_or_complete_image_acceptance
f404b330dfc8b0e4c285a06dc5f6d408d8b7046d9a47b2b8360fe238ec0430f4,1268,2,2,0,0,2,candidate_only_not_proven_function,exact_bytes_only_not_relocation_normalized_or_complete_image_acceptance
f427b73cb4c58ab3b1b0966d8d41d5ce819b7bad50f0e2a3332da38469bbb37f,5736,1,1,0,0,1,candidate_only_not_proven_function,exact_bytes_only_not_relocation_normalized_or_complete_image_acceptance
f430a1aab685325e1298f32036e50b0f97380464ea7c50f4c3e2422dd7177697,644,1,1,0,0,1,candidate_only_not_proven_function,exact_bytes_only_not_relocation_normalized_or_complete_image_acceptance
f438690e3b65f84ef5bbaf1ec44814e79990f6746661bed0b201dd5ee28bd0f1,1648,4,5,0,0,4,candidate_only_not_proven_function,exact_bytes_only_not_relocation_normalized_or_complete_image_acceptance
f478befb80878998c317d183603bdffd70a151a2ae1c8385efffc21ccf4db912,1272,4,5,0,0,4,candidate_only_not_proven_function,exact_bytes_only_not_relocation_normalized_or_complete_image_acceptance
f48a1af5199591ad5e9b95482754b6742937cc6f58890769600d0e4fda0c7fd5,1244,1,1,0,0,1,candidate_only_not_proven_function,exact_bytes_only_not_relocation_normalized_or_complete_image_acceptance
f49194e856482773c42530c0349ffed0d0016da12505af8285bc89c34ec766e8,3932,3,3,0,0,3,candidate_only_not_proven_function,exact_bytes_only_not_relocation_normalized_or_complete_image_acceptance
f4c574b0cfe0e2ee0cc2f9bedbd9ffe22e5ba6f11f1c6b2f107c793a5e5db4fb,1380,6,6,0,0,6,candidate_only_not_proven_function,exact_bytes_only_not_relocation_normalized_or_complete_image_acceptance
f500c1de4b0f2239913cbfeb1eb8be498823ba778829ea5aeccad3fea9e02aae,780,2,2,0,0,2,candidate_only_not_proven_function,exact_bytes_only_not_relocation_normalized_or_complete_image_acceptance
f52ea8218160d82b2a00977db877e8c649fb3a29f5aa6a76f2ec7aff83beefa9,5156,1,1,0,0,1,candidate_only_not_proven_function,exact_bytes_only_not_relocation_normalized_or_complete_image_acceptance
f555581140c276bd4524033b75fd24e9060ec1e798d3c0558c2c1619ea13c3a4,2336,1,1,0,0,1,candidate_only_not_proven_function,exact_bytes_only_not_relocation_normalized_or_complete_image_acceptance
f57b9c8a4fb263a6d3c17a8425c1f57d568e07eefd66ec25f29cbd6fdfc240e4,3892,1,1,0,0,1,candidate_only_not_proven_function,exact_bytes_only_not_relocation_normalized_or_complete_image_acceptance
f5816758656f00979ffd64c99e625432c04a72b2d2320072daa8e9d013f719be,1320,1,1,0,0,1,candidate_only_not_proven_function,exact_bytes_only_not_relocation_normalized_or_complete_image_acceptance
f58c4572da0baa73136c0c3be568166e189df1ab70481743846ca506cd301d8b,9400,1,1,0,0,1,candidate_only_not_proven_function,exact_bytes_only_not_relocation_normalized_or_complete_image_acceptance
f5baf8cea37f1940bb4139a1467ccf013e01a44b5523bab23a46f1d17c97fc28,2072,14,14,0,0,14,candidate_only_not_proven_function,exact_bytes_only_not_relocation_normalized_or_complete_image_acceptance
f5c02418bb41a637f818d8200a324aa33e12b2cfaacc81cb82966ee095ce50c1,4504,5,5,0,0,5,candidate_only_not_proven_function,exact_bytes_only_not_relocation_normalized_or_complete_image_acceptance
f5d0183b9ddc406e94f407bef1e19b9a9720651fde49031f1a607e4cd9f1149f,2476,1,1,0,0,1,candidate_only_not_proven_function,exact_bytes_only_not_relocation_normalized_or_complete_image_acceptance
f5de14e33e68535a975525e4694c07852fc2abdf85178d9e147e962c9ace9fab,6204,2,2,0,0,2,candidate_only_not_proven_function,exact_bytes_only_not_relocation_normalized_or_complete_image_acceptance
f5e95c15b3e379b91272a485fb5182c952ba2d0da7250da54a76fac6ce5fd3b8,868,2,2,0,0,2,candidate_only_not_proven_function,exact_bytes_only_not_relocation_normalized_or_complete_image_acceptance
f65dcc64156a116d8c63d8a534a36d645d718be1e9f4f1ddea82f9b9d221ec53,1592,2,2,0,0,2,candidate_only_not_proven_function,exact_bytes_only_not_relocation_normalized_or_complete_image_acceptance
f67b3d7957545537a98f4fe06a5ad66a348a3be59149266a749a64313c255d10,4068,5,5,0,0,5,candidate_only_not_proven_function,exact_bytes_only_not_relocation_normalized_or_complete_image_acceptance
f6e10bbefdc6d1be998e61ee3bd3fcbb33161d4c0e6cd8103eb9e8bb29e0b626,1056,2,2,0,0,2,candidate_only_not_proven_function,exact_bytes_only_not_relocation_normalized_or_complete_image_acceptance
f7063dd627598a7b148d8cc6e3da449109559e5cbc512cdcab9a5828d72a1fc4,9400,1,1,0,0,1,candidate_only_not_proven_function,exact_bytes_only_not_relocation_normalized_or_complete_image_acceptance
f72794141c3be3c7809ba0162bf152f24756844502a74117aca40cf4b5c18e96,4044,1,1,0,0,1,candidate_only_not_proven_function,exact_bytes_only_not_relocation_normalized_or_complete_image_acceptance
f735c30e29180bc4a827455a16686324a626664b8aa5e2b55b46008c352d52a5,1884,2,2,0,0,2,candidate_only_not_proven_function,exact_bytes_only_not_relocation_normalized_or_complete_image_acceptance
f7559d70fc524786a1c23b38f8a85da6e9c31cd9430c82bc2e3db13f900620c0,1988,1,1,0,0,1,candidate_only_not_proven_function,exact_bytes_only_not_relocation_normalized_or_complete_image_acceptance
f75723409d6c1e725fb3939e8dac595e94c6c74000cf509e75871067809727c9,1628,2,2,0,0,2,candidate_only_not_proven_function,exact_bytes_only_not_relocation_normalized_or_complete_image_acceptance
f7871a7befe48b8995f23ff29f42e1c4f2382596cb59d7eb75f1cb2818687a5b,1648,4,5,0,0,4,candidate_only_not_proven_function,exact_bytes_only_not_relocation_normalized_or_complete_image_acceptance
f7da681ed8bd1060ec460cac2013e0b5f3fe20c20795667c5baf80f643debd53,1164,1,1,0,0,1,candidate_only_not_proven_function,exact_bytes_only_not_relocation_normalized_or_complete_image_acceptance
f7ec83bb6acd4b74c995da5d3b331d74a086ac20f9b3fd141cdcb0f2ad8ae407,5584,1,1,0,0,1,candidate_only_not_proven_function,exact_bytes_only_not_relocation_normalized_or_complete_image_acceptance
f7fb45a9d4d17f2177e36151c70d8fae1ee831eb33a0dda69532d62f927cd647,5296,3,3,0,0,3,candidate_only_not_proven_function,exact_bytes_only_not_relocation_normalized_or_complete_image_acceptance
f80a663888716fc8010703a5bb0de4126a904f5ee8467da947292134813271e4,276,2,2,0,0,2,candidate_only_not_proven_function,exact_bytes_only_not_relocation_normalized_or_complete_image_acceptance
f80c2775147358052b45bb3c4429109210c82f28bdd7a548c3763ec6d05e088e,6036,2,2,0,0,2,candidate_only_not_proven_function,exact_bytes_only_not_relocation_normalized_or_complete_image_acceptance
f80ceb71861c3a641e2fead783f63281455c19035ac03e92c82485cf69b768ed,1480,1,1,0,0,1,candidate_only_not_proven_function,exact_bytes_only_not_relocation_normalized_or_complete_image_acceptance
f86f681efa105a18e3161b58971ce3d859892ccb9893e2d2b8d91d15f49f63c0,15608,1,1,0,0,1,candidate_only_not_proven_function,exact_bytes_only_not_relocation_normalized_or_complete_image_acceptance
f88f2a77e4d76f0e8048806f3d2bc5fd3e6adeaaed41207ac8b0f8399eb7f375,3972,1,1,0,0,1,candidate_only_not_proven_function,exact_bytes_only_not_relocation_normalized_or_complete_image_acceptance
f8f02ee02b93a08c5f283b98e8732e4119b69b02f4071d1b67179aa7707a10de,5872,3,3,0,0,3,candidate_only_not_proven_function,exact_bytes_only_not_relocation_normalized_or_complete_image_acceptance
f923f7e095a1c729718480a3ed91d174da07c0c94c4ccc11d9bcc8d34680ada8,1296,1,1,0,0,1,candidate_only_not_proven_function,exact_bytes_only_not_relocation_normalized_or_complete_image_acceptance
f94ba34387786ded28b697d97d7baabc9b13e6e054883dd236dc37f7223ecfce,1572,1,1,0,0,1,candidate_only_not_proven_function,exact_bytes_only_not_relocation_normalized_or_complete_image_acceptance
fa2803842b28b94db4740fcbe1583d9fbe9158e792eb6a2fab5e6dae8d269026,1256,2,2,0,0,2,candidate_only_not_proven_function,exact_bytes_only_not_relocation_normalized_or_complete_image_acceptance
fa5c49db1bd37490d853dd6f6c044968774830d98ee7c480f0d167316d540161,7332,1,1,0,0,1,candidate_only_not_proven_function,exact_bytes_only_not_relocation_normalized_or_complete_image_acceptance
fa7c5391497f50edd23bb9f676d1d0d96df791e08d0701435b27c97558c5e2fa,16508,1,1,0,0,1,candidate_only_not_proven_function,exact_bytes_only_not_relocation_normalized_or_complete_image_acceptance
fa82918ded442d0261f9079c30e865f1d945548d255f4662356e6d85ec0007be,1376,1,1,0,0,1,candidate_only_not_proven_function,exact_bytes_only_not_relocation_normalized_or_complete_image_acceptance
faa8403a055e6ad3cdbb5cafd3a6569a9555a53696a5a977dfce4fe660ee6114,7852,1,1,0,0,1,candidate_only_not_proven_function,exact_bytes_only_not_relocation_normalized_or_complete_image_acceptance
fac42a71b3968126d417143e44e12d98d871d22f71afc208cd402ef6b84637e2,832,28,28,0,0,28,candidate_only_not_proven_function,exact_bytes_only_not_relocation_normalized_or_complete_image_acceptance
fadb7ef9d57217331082f51aaa26a8f28ecdacb5b32b5c59ef1b9139580ad516,2640,11,13,0,0,11,candidate_only_not_proven_function,exact_bytes_only_not_relocation_normalized_or_complete_image_acceptance
fb2dfc5ee56a91ad194bdbd3de28ca182cd94fcea419d67eb38f81dec8946c67,1352,1,1,0,0,1,candidate_only_not_proven_function,exact_bytes_only_not_relocation_normalized_or_complete_image_acceptance
fbb4f57fad67c95adce705d3468b1e7b902e10a4a0a9f1de8cd020f220d37ac8,4840,2,2,0,0,2,candidate_only_not_proven_function,exact_bytes_only_not_relocation_normalized_or_complete_image_acceptance
fc3746646038ec330cc7202ece9aed03ad6aedf1f2515feda02dcd0dcf439761,1252,6,6,0,0,6,candidate_only_not_proven_function,exact_bytes_only_not_relocation_normalized_or_complete_image_acceptance
fc4b2cf8f4a18d23f3d7d0902044ec9c40e8438724d184d4be315bad0c598282,888,3,3,0,0,3,candidate_only_not_proven_function,exact_bytes_only_not_relocation_normalized_or_complete_image_acceptance
fc5b63b47b128ef88605bfde34076b3d2ec2609580ddb23a0dbb9ed2113370e6,14620,2,2,0,0,2,candidate_only_not_proven_function,exact_bytes_only_not_relocation_normalized_or_complete_image_acceptance
fc7bbad4e44218f2e65b1f1e9b13c5313b9cd76d234b0ff7598f6da793988f48,1572,1,1,0,0,1,candidate_only_not_proven_function,exact_bytes_only_not_relocation_normalized_or_complete_image_acceptance
fc8bbb86434fcd1343ac5c247290a15f41a24ac4a887d3c7c885156279a29d0d,4788,2,2,0,0,2,candidate_only_not_proven_function,exact_bytes_only_not_relocation_normalized_or_complete_image_acceptance
fcbd34a1cb6d591cf285d2b6d77f89273a36c25eba0e6e03e38efc36ed57b08e,1236,3,3,0,0,3,candidate_only_not_proven_function,exact_bytes_only_not_relocation_normalized_or_complete_image_acceptance
fcffe4bd416106d5a37e10e29c23b24bc503c4a68de0ca7041255514dfc081d9,2636,1,1,0,0,1,candidate_only_not_proven_function,exact_bytes_only_not_relocation_normalized_or_complete_image_acceptance
fd0b1962bdd12a8e847594274b2f48e4e6ca3941fe278d6a087d3bb4e2fc69e2,892,2,2,0,0,2,candidate_only_not_proven_function,exact_bytes_only_not_relocation_normalized_or_complete_image_acceptance
fd2346139039181c02bcfc057c120e681d3b55512d2c8f2f717baa07543cbe32,1720,4,4,0,0,4,candidate_only_not_proven_function,exact_bytes_only_not_relocation_normalized_or_complete_image_acceptance
fd9a65fca9836d73ec0eb6d7eeaba10c3e2b7ddbdd8fd9b6c1ba39fa2aea06ea,11112,2,2,0,0,2,candidate_only_not_proven_function,exact_bytes_only_not_relocation_normalized_or_complete_image_acceptance
fd9b1076e3f45c03076e418fdc89d97af01c7b6a036346dd0f2f6b1af3221f32,4920,3,3,0,0,3,candidate_only_not_proven_function,exact_bytes_only_not_relocation_normalized_or_complete_image_acceptance
fdb8c797012eb49d1ef31947482d6c944ce7d4c5aace512a949029bc54bedf86,2260,3,3,0,0,3,candidate_only_not_proven_function,exact_bytes_only_not_relocation_normalized_or_complete_image_acceptance
fdd8af1204c03ddf0292c4a720701c8e765d2154f740ba8726e97d3fb4217ea7,14360,6,6,0,0,6,candidate_only_not_proven_function,exact_bytes_only_not_relocation_normalized_or_complete_image_acceptance
fe2564700923c764455898bc9bbb114d39447e1cfaacec38b41cba1666cd19c2,2396,1,1,0,0,1,candidate_only_not_proven_function,exact_bytes_only_not_relocation_normalized_or_complete_image_acceptance
fe589cad7f2cee107eb2af9f9285df2641e17f01060d67739110f2ac0d95553a,1368,1,1,0,0,1,candidate_only_not_proven_function,exact_bytes_only_not_relocation_normalized_or_complete_image_acceptance
fe5d14091cd4a2118ccd89d284cf2016d2697935e4fa75680be94c6e9440be38,5248,3,3,0,0,3,candidate_only_not_proven_function,exact_bytes_only_not_relocation_normalized_or_complete_image_acceptance
fea88513fe520dadc290b7032bd14a58991c5264968a6964667b8e4c66daad4b,5372,2,2,0,0,2,candidate_only_not_proven_function,exact_bytes_only_not_relocation_normalized_or_complete_image_acceptance
feb9b29190399f3b498ff26ac23ecd3dc86e84393fbe0f795d5e66b039c2792b,11752,2,2,0,0,2,candidate_only_not_proven_function,exact_bytes_only_not_relocation_normalized_or_complete_image_acceptance
fed42d2af70179b0267ec69dfee95af27a1763f52e450e4a902c0b3a4e7cb53c,2344,11,11,0,0,11,candidate_only_not_proven_function,exact_bytes_only_not_relocation_normalized_or_complete_image_acceptance
fee6ea9a0e0fbd34d91bdb73af7d77859eb1776992b1afba99f13fe3e343efb6,3256,2,2,0,0,2,candidate_only_not_proven_function,exact_bytes_only_not_relocation_normalized_or_complete_image_acceptance
fee8b3c22431f2195e982babf2383d83a23bfba08e86244dfaf4bb9d548ba01c,3796,1,1,0,0,1,candidate_only_not_proven_function,exact_bytes_only_not_relocation_normalized_or_complete_image_acceptance
ff3203370bbc3e9a53b7820a1d14ab5d4917ea85636eb34fe817e75b24220514,1744,2,2,0,0,2,candidate_only_not_proven_function,exact_bytes_only_not_relocation_normalized_or_complete_image_acceptance
ff37b18f592eacbab6ce7ada383fb0c7d02b922d8d3e18f3e65f1f6c13ada0e1,4436,2,2,0,0,2,candidate_only_not_proven_function,exact_bytes_only_not_relocation_normalized_or_complete_image_acceptance
ff3af48787425b63bdbd37bda15dc5767bf424cd1942a05747a6c00227c970a9,2552,2,2,0,0,2,candidate_only_not_proven_function,exact_bytes_only_not_relocation_normalized_or_complete_image_acceptance
ff4a684b34e0be16c084d4498bd4c9390f34c306e67b556cac4f74201498a55c,868,6,6,0,0,6,candidate_only_not_proven_function,exact_bytes_only_not_relocation_normalized_or_complete_image_acceptance
ff4e4721fd7d67dfcef023de68022dcf5e0a65605229f0e2eedaded689cb33c2,7504,1,1,0,0,1,candidate_only_not_proven_function,exact_bytes_only_not_relocation_normalized_or_complete_image_acceptance
ffd4970ee17160369ec65724a4d89d87e84a16a237dc9ef9d99a2bba93d19dd3,3604,1,1,0,0,1,candidate_only_not_proven_function,exact_bytes_only_not_relocation_normalized_or_complete_image_acceptance
ffd541d3a46f12561f287fbe17fd75888073caee23cdc54292c31ef65039355f,1612,2,2,0,0,2,candidate_only_not_proven_function,exact_bytes_only_not_relocation_normalized_or_complete_image_acceptance
