address,attempt,compiler,flags,result,summary
0x8007058C,1,gcc-2.8.1-psx,-O2 -G0,nonmatch,Global struct access folded the field offset into the symbol address
0x8007058C,2,gcc-2.8.1-psx,-O2 -G0 volatile,nonmatch,Volatile access changed store and return scheduling
0x8007058C,3,gcc-2.8.1-psx,-O2 -G0 array,nonmatch,Array form still folded the field offset
0x8007058C,4,gcc-2.8.1-psx,-O1 -G0,nonmatch,Lower optimization retained the same folded address form
0x8007058C,5,gcc-2.8.1-psx,-O2 -G0 register-v1,matched,Explicit stream base in v1 reproduced all eight instructions
0x800705AC,1,gcc-2.8.1-psx,-O2 -G0,nonmatch,Default allocation swapped the stream base and increment registers
0x800705AC,2,gcc-2.8.1-psx,-O2 -G0 register-v0-a0,matched,Explicit stream and increment registers reproduced all eleven instructions
0x800735DC,1,gcc-2.8.1-psx,-O2 -G0 shared-base,nonmatch,Instruction shape matched but base and loaded-value registers were swapped
0x800735DC,2,gcc-2.8.1-psx,-O2 -G0 direct-index,nonmatch,Direct indexing duplicated absolute address formation and changed scheduling
0x80073624,1,gcc-2.8.1-psx,-O2 -G0 direct-index,nonmatch,Direct global indexing emitted three separate absolute address sequences
0x80073624,2,gcc-2.8.1-psx,-O2 -G0 shared-base,matched,Local table base reproduced the exact register allocation and instruction order
0x8007368C,1,gcc-2.8.1-psx,-O2 -G8 direct-index,nonmatch,GP-relative output and assembler-temporary indexing differed from the target
0x8007368C,2,gcc-2.8.1-psx,-O2 -G0 direct-index,nonmatch,Absolute expansions used the assembler temporary and wrong value register
0x8007368C,3,gcc-2.8.1-psx,-O1 -G0 optimization-matrix,nonmatch,Optimization variants did not reproduce restore and store scheduling
0x8007368C,4,gcc-2.8.1-psx,-O2 -G0 volatile-table,nonmatch,Materialized the table base but loaded into the wrong register
0x8007368C,5,gcc-2.8.1-psx,-O2 -G0 register-v1,nonmatch,Matched the table and value registers but kept assembler-temporary output addressing
0x8007368C,6,gcc-2.8.1-psx,-O2 -G0 register-v1-v0,deferred,Matched key registers but changed restore scheduling and function size
0x800736C4,1,gcc-2.8.1-psx,-O2 -G8,matched,Straightforward checkpoint diagnostic source reproduced all sixteen instructions
0x800705D8,1,gcc-2.8.1-psx,-O2 -G0 struct,nonmatch,Compiler kept one base register and produced a smaller frame than the target
0x800705D8,2,gcc-2.8.1-psx,-O2 -G0 fixed-region-registers,nonmatch,Hardcoded region duplicated address materialization and changed call ordering
0x800705D8,3,gcc-2.8.1-psx,-O2 -G0 region-symbol,nonmatch,Nearly matched but emitted an extra low-zero addiu for the region symbol
0x800705D8,4,gcc-2.8.1-psx,-O2 -G0 register-barrier,nonmatch,Forced registers introduced move and ori instructions plus duplicate stream addressing
0x800735DC,3,gcc-2.8.1-psx,-O2 -G0 register-base,nonmatch,Nonvolatile register hints were optimized into duplicated absolute address sequences
0x800735DC,4,gcc-2.8.1-psx,-O2 -G0 volatile-base,nonmatch,Shared base and value registers matched but source and destination shifts were reversed
0x800735DC,5,gcc-2.8.1-psx,-O2 -G0 ordered-pointers,matched,Destination pointer evaluation reproduced the exact 18-instruction sequence
0x800735A0,1,gcc-2.8.1-psx,-O2 -G0 volatile-base,matched,Immediate value store reproduced all fifteen instructions on the first attempt
0x8003B714,1,gcc_2_8_1_g8,-O2 -G8,matched,Zero-valued third-argument call wrapper matched exactly.
0x8003B734,1,gcc_2_8_1_g8,-O2 -G8,matched,Incomplete-array halfword declaration produced the required absolute masked getter.
0x8003D32C,1,gcc_2_8_1_g8,-O2 -G8,matched,Empty void function matched the return-and-nop sequence.
0x8003E46C,1,gcc_2_8_1_g8,-O2 -G8 merged-stores,nonmatch,Compiler merged the two flag stores and produced a function four bytes short
0x8003E46C,2,gcc_2_8_1_g8,-O2 -G8 volatile-flags,matched,Variant 1 merged two flag stores and was four bytes short; volatile flags plus a local value preserved the intermediate store.
0x8003EEC8,1,gcc_2_8_1_g8,-O2 -G8,matched,Empty void function matched the return-and-nop sequence.
0x8003F740,1,gcc_2_8_1_g8,-O2 -G8,matched,Ordered small-data flag and byte assignments matched exactly.
0x8003FE70,1,gcc_2_8_1_g8,-O2 -G8,matched,Ordered stores to the two small-data globals matched exactly.
0x8003FF34,1,gcc_2_8_1_g8,-O2 -G8,matched,Constant -8 and zero-argument call wrapper matched exactly.
0x8003FFB4,1,gcc_2_8_1_g8,-O2 -G8,matched,16-bit mask and 0x8000 call wrapper matched exactly.
0x8003FFD8,1,gcc_2_8_1_g8,-O2 -G8,matched,16-bit mask and 0xA000 call wrapper matched exactly.
0x8004036C,1,gcc_2_8_1_g8,-O2 -G8,matched,Nullable-object conditional call matched exact branch and frame scheduling.
0x800403F0,1,gcc_2_8_1_g8,-O2 -G8,matched,No-argument call wrapper matched exactly.
0x80040410,1,gcc_2_8_1_g8,-O2 -G8,matched,Byte assignment followed by flags clear matched exact scheduling.
0x8004044C,1,gcc_2_8_1_g8,-O2 -G8,matched,Three byte assignments followed by flags clear matched exactly.
0x8004141C,1,gcc_2_8_1_g8,-O2 -G8,matched,Halfword clear with -1 return matched exactly.
0x80041428,1,gcc_2_8_1_g8,-O2 -G8,matched,Halfword clear with 1 return matched exactly.
0x80041434,1,gcc_2_8_1_g8,-O2 -G8,matched,Constant 1 return matched exactly.
0x800429A8,1,gcc_2_8_1_g8,-O2 -G8,matched,Little-endian two-byte load expression matched exactly.
0x800429BC,1,gcc_2_8_1_g8,-O2 -G8,matched,Base pointer plus little-endian two-byte offset matched exactly.
0x80043178,1,gcc_2_8_1_g8,-O2 -G8,matched,Two halfword field copies matched exact load/store scheduling.
0x800705D8,5,gcc-2.7.2-mips,-O2 -G0 straightforward,nonmatch,Fallback compiler used s0 and s1 only and repeated absolute stream addresses
0x800705D8,6,gcc-2.7.2-mips,-O2 -G0 register-shaped,deferred,Closest variants still failed the original s0-s2 derivation and instruction scheduling; six-attempt budget exhausted
0x80028260,1,gcc_2_8_1_g8,-O2 -G8,matched,High-bit conditional adjustment matched first variant.
0x800283EC,1,gcc_2_8_1_g8,-O2 -G8,matched,Empty function matched exactly.
0x800289AC,1,gcc_2_8_1_g8,-O2 -G8,matched,Empty function matched exactly.
0x800289B4,1,gcc_2_8_1_g8,-O2 -G8,matched,Empty function matched exactly.
0x80029574,1,gcc_2_8_1_g8,-O2 -G8 direct-global,nonmatch,Direct global access duplicated address relocations
0x80029574,2,gcc_2_8_1_g8,-O2 -G8 local-entry-pointer,matched,Local entry pointer reproduced exact stores and relocations
0x80029EB0,1,gcc_2_8_1_g8,-O2 -G8 direct-index,nonmatch,Direct indexing used the wrong address register allocation
0x80029EB0,2,gcc_2_8_1_g8,-O2 -G8 explicit-base-increment,matched,Explicit base increment reproduced the exact byte load
0x8002BAA0,1,gcc_2_8_1_g8,-O2 -G8,matched,Byte store of one matched first variant.
0x8002BAAC,1,gcc_2_8_1_g8,-O2 -G8,matched,Empty pointer-parameter function matched first variant.
0x8002C560,1,gcc_2_8_1_g8,-O2 -G8,matched,Empty function matched exactly.
0x8002C568,1,gcc_2_8_1_g8,-O2 -G8,matched,Empty function matched exactly.
0x8002CDE8,1,gcc_2_8_1_g8,-O2 -G8,matched,Direct call matched the exact R_MIPS_26 relocation.
0x8002D7C4,1,gcc_2_8_1_g8,-O2 -G8,matched,Empty function matched exactly.
0x80030050,1,gcc_2_8_1_g8,-O2 -G8,matched,First -O2 -G8 candidate matched linked bytes and relocations.
0x8003006C,1,gcc_2_8_1_g8,-O2 -G8,matched,First -O2 -G8 candidate matched linked bytes and relocations.
0x80030090,1,gcc_2_8_1_g0_split,pre-policy-31 final -O2 -G0 -mgas -msplit-addresses,matched,"31 pre-policy variants: exact with -G0 -mgas -msplit-addresses; earlier variants used the wrong address temporary, GPREL access, repeated loads, or extra instructions/frame."
0x800300AC,1,gcc_2_8_1_g0_split,pre-policy-6 final -O2 -G0 -mgas -msplit-addresses,matched,6 pre-policy variants: exact with -G0 -mgas -msplit-addresses; non-matching variants used the wrong address temporary or GPREL access.
0x80030F80,1,gcc_2_8_1_g8,-O2 -G8,matched,First -O2 -G8 call-wrapper candidate matched linked bytes and relocations.
0x80031078,1,gcc_2_8_1_g8,-O2 -G8,matched,First -O2 -G8 global-byte assignment candidate matched.
0x8003134C,1,gcc_2_8_1_g8,-O2 -G8,matched,First empty-function candidate matched.
0x80033C90,1,gcc_2_8_1_g8,-O2 -G8,matched,First -O2 -G8 mixed GPREL/absolute-store candidate matched.
0x80033CA8,1,gcc_2_8_1_g8,-O2 -G8,matched,First -O2 -G8 mixed GPREL/absolute-store candidate matched.
0x80035668,1,gcc_2_8_1_g8,-O2 -G8,matched,First -O2 -G8 constant/global-store candidate matched.
0x80035680,1,gcc_2_8_1_g8,-O2 -G8,matched,First -O2 -G8 global-update candidate matched.
0x80035A58,1,gcc_2_8_1_g8,-O2 -G8,matched,First -O2 -G8 global-byte assignment candidate matched.
0x800377AC,1,gcc_2_8_1_g8,-O2 -G8,matched,First -O2 -G8 conditional-byte-store candidate matched.
0x80038070,1,gcc_2_8_1_g8,-O2 -G8,matched,First -O2 -G8 call-wrapper candidate matched.
0x80038888,1,gcc_2_8_1_g8,-O2 -G8,matched,First empty-function candidate matched.
0x80038890,1,gcc_2_8_1_g8,-O2 -G8,matched,First empty-function candidate matched.
0x800389C4,1,gcc_2_8_1_g8,-O2 -G8,matched,First halfword bit-clear candidate matched.
0x80038D14,1,gcc_2_8_1_g8,-O2 -G8,matched,First -O2 -G8 byte/global-store candidate matched.
0x800156B8,1,gcc-2.8.1-psx,pre-policy >113 variants,deferred,Closest pointer-loop form matched size relocations and final seven instructions but used a1 instead of v0 for the initial address load; search exceeded the later six-attempt rule
0x800136D4,1,gcc_2_8_1_g8,pre-policy-47 final -O2 -G8,matched,47 pre-policy variants: volatile nine-byte local reproduced the exact stack adjustment and empty return.
0x80015BD8,1,gcc_2_8_1_g8,pre-policy-19 final -O2 -G8,matched,19 pre-policy variants: shared state pointer reproduced one absolute base load and the ordered value and flagged-byte stores.
0x80015BF0,1,gcc_2_8_1_g8,pre-policy-17 final -O2 -G8,matched,17 pre-policy variants: shared state pointer and ordered assignments reproduced the exact three-byte store sequence.
0x80015CFC,1,gcc_2_8_1_g8,pre-policy-4 final -O2 -G8,matched,4 pre-policy variants: direct small-data byte assignment to one reproduced the exact four-instruction sequence.
0x80015D0C,1,gcc_2_8_1_g8,pre-policy-4 final -O2 -G8,matched,4 pre-policy variants: direct small-data byte assignment to zero reproduced the exact three-instruction sequence.
0x80016778,1,gcc_2_8_1_g8,pre-policy-4 final -O2 -G8,matched,4 pre-policy variants: unsigned top-bit extraction stored to byte offset 0x69 reproduced the exact three-instruction sequence.
0x80044CFC,1,gcc_2_8_1_g0,pre-policy-26 final -O2 -G0,matched,26 pre-policy variants: exact (-G0/-G8); selected -G0 high-base $v0 form; simpler forms used $at/GP or extra addiu
0x80044D0C,1,gcc_2_8_1_g0,pre-policy-26 final -O2 -G0,matched,26 pre-policy variants: exact (-G0/-G8); selected -G0 high-base $v1/$v0 form; simpler forms ordered/allocated address incorrectly
0x80044D20,1,gcc_2_8_1_g0,pre-policy-26 final -O2 -G0,matched,26 pre-policy variants: exact (-G0/-G8); selected -G0 high-base $v1/$v0 form; simpler forms ordered/allocated address incorrectly
0x80044D34,1,gcc_2_8_1_g0,pre-policy-26 final -O2 -G0,matched,26 pre-policy variants: exact (-G0/-G8); selected -G0 high-base $v1/$v0 form; simpler forms ordered/allocated address incorrectly
0x80044DA0,1,gcc_2_8_1_g0,pre-policy-6 final -O2 -G0,matched,6 pre-policy variants: exact -G0; -G8 used GP-relative global access and volatile-byte form added loads
0x80044FE4,1,gcc_2_8_1_g0,pre-policy-2 final -O2 -G0,matched,2 pre-policy variants: exact -G0; -G8 used GP-relative global access
0x8004503C,1,gcc_2_8_1_g0,pre-policy-4 final -O2 -G0,matched,4 pre-policy variants: exact -G0; -G8 used GP-relative global access
0x8004544C,1,gcc_2_8_1_g0,pre-policy-2 final -O2 -G0,matched,2 pre-policy variants: exact -G0; -G8 used GP-relative global access
0x80047008,1,gcc_2_8_1_g8,pre-policy-2 final -O2 -G8,matched,2 pre-policy variants: exact -G8; -G0 used absolute global access
0x8004701C,1,gcc_2_8_1_g8,pre-policy-4 final -O2 -G8,matched,4 pre-policy variants: exact -G8; -G0 used absolute global access
0x8004703C,1,gcc_2_8_1_g8,pre-policy-2 final -O2 -G8,matched,2 pre-policy variants: exact -G8; -G0 used absolute global access
0x80047C50,1,gcc_2_8_1_g0,pre-policy-18 final -O2 -G0,matched,18 pre-policy variants: exact (-G0/-G8); selected -G0 forced-$v0 result; ordinary forms changed register allocation/branch delay slots
0x800490F0,1,gcc_2_8_1_g0,pre-policy-4 final -O2 -G0,matched,4 pre-policy variants: exact -G0; -G8 used GP-relative global access
0x80049108,1,gcc_2_8_1_g0,pre-policy-4 final -O2 -G0,matched,4 pre-policy variants: exact -G0; -G8 used GP-relative global access
0x80049120,1,gcc_2_8_1_g0,pre-policy-2 final -O2 -G0,matched,2 pre-policy variants: exact -G0; -G8 used GP-relative global access
0x80049594,1,gcc_2_8_1_g0,pre-policy-2 final -O2 -G0,matched,2 pre-policy variants: exact -G0; -G8 used GP-relative global access
0x800495DC,1,gcc_2_8_1_g0,pre-policy-2 final -O2 -G0,matched,2 pre-policy variants: exact -G0; -G8 used GP-relative global access
0x800495EC,1,gcc_2_8_1_g0,pre-policy-2 final -O2 -G0,matched,2 pre-policy variants: exact -G0; -G8 used GP-relative global access
0x8004A6D8,1,gcc_2_8_1_g0,pre-policy-2 final -O2 -G0,matched,2 pre-policy variants: exact under -G0 and -G8; selected -G0 call wrapper
0x8004BE6C,1,gcc_2_8_1_g0,pre-policy-4 final -O2 -G0,matched,4 pre-policy variants: exact for void/return forms under -G0/-G8; selected void -G0
0x8004BE80,1,gcc_2_8_1_g0,pre-policy-2 final -O2 -G0,matched,2 pre-policy variants: exact under -G0 and -G8; selected -G0 empty function
0x80058DC0,1,gcc_2_8_1_g8,pre-policy-1 final -O2 -G8,matched,1 pre-policy variants: Straight unsigned-byte G8 getter matched linked bytes and GPREL16 relocation.
0x80058DCC,1,gcc_2_8_1_g8,pre-policy-1 final -O2 -G8,matched,1 pre-policy variants: Straight unsigned-byte G8 getter matched linked bytes and GPREL16 relocation.
0x80058E1C,1,gcc_2_8_1_g8,pre-policy-3 final -O2 -G8,matched,3 pre-policy variants: Volatile byte reload plus unsigned result fixed to $3 reproduced the clamp sequence; two simpler forms failed scheduling/allocation.
0x800591FC,1,gcc_2_8_1_g0_split,pre-policy-3 final -O2 -G0 -mgas -msplit-addresses,matched,3 pre-policy variants: Plain address return and split-only failed; -mgas -msplit-addresses placed LO16 in the return delay slot.
0x80059208,1,gcc_2_8_1_g8,pre-policy-1 final -O2 -G8,matched,1 pre-policy variants: Straight address-of-byte G8 return matched linked bytes and GPREL16 relocation.
0x80059214,1,gcc_2_8_1_g0_split,pre-policy-3 final -O2 -G0 -mgas -msplit-addresses,matched,3 pre-policy variants: Plain address return and split-only failed; -mgas -msplit-addresses placed LO16 in the return delay slot.
0x80059220,1,gcc_2_8_1_g0_split,pre-policy-3 final -O2 -G0 -mgas -msplit-addresses,matched,3 pre-policy variants: Plain address return and split-only failed; -mgas -msplit-addresses placed LO16 in the return delay slot.
0x80059AE0,1,gcc_2_8_1_g8,pre-policy-1 final -O2 -G8,matched,1 pre-policy variants: Straight unsigned-halfword G8 setter matched linked bytes and GPREL16 relocation.
0x80059AEC,1,gcc_2_8_1_g8,pre-policy-1 final -O2 -G8,matched,1 pre-policy variants: Straight unsigned-byte G8 setter matched linked bytes and GPREL16 relocation.
0x80059C18,1,gcc_2_8_1_g8,pre-policy-1 final -O2 -G8,matched,1 pre-policy variants: Straight unsigned-halfword G8 setter matched linked bytes and GPREL16 relocation.
0x80059C88,1,gcc_2_8_1_g8,pre-policy-1 final -O2 -G8,matched,1 pre-policy variants: Signed-byte comparison against -2 matched linked bytes and GPREL16 relocation.
0x80059CD0,1,gcc_2_8_1_g8,pre-policy-1 final -O2 -G8,matched,1 pre-policy variants: Signed-byte comparison against -2 matched linked bytes and GPREL16 relocation.
0x8005C374,1,gcc_2_8_1_g8,pre-policy-1 final -O2 -G8,matched,1 pre-policy variants: Three direct G8 byte assignments matched instruction order and all three GPREL16 relocations.
0x8005C5C4,1,gcc_2_8_1_g8,pre-policy-1 final -O2 -G8,matched,1 pre-policy variants: Straight G8 byte assignment of one matched linked bytes and GPREL16 relocation.
0x8005C690,1,gcc_2_8_1_g8,pre-policy-1 final -O2 -G8,matched,1 pre-policy variants: Straight G8 byte assignment of one matched linked bytes and GPREL16 relocation.
0x8005F174,1,gcc_2_8_1_g8,pre-policy-1 final -O2 -G8,matched,1 pre-policy variants: Straight unsigned-byte G8 getter matched linked bytes and GPREL16 relocation.
0x8005F180,1,gcc_2_8_1_g8,pre-policy-1 final -O2 -G8,matched,1 pre-policy variants: Straight unsigned-byte G8 setter matched linked bytes and GPREL16 relocation.
0x8005F18C,1,gcc_2_8_1_g8,pre-policy-1 final -O2 -G8,matched,1 pre-policy variants: Straight unsigned-byte G8 getter matched linked bytes and GPREL16 relocation.
0x8005F198,1,gcc_2_8_1_g8,pre-policy-1 final -O2 -G8,matched,1 pre-policy variants: Straight unsigned-byte G8 setter matched linked bytes and GPREL16 relocation.
0x8005F1A4,1,gcc_2_8_1_g0,pre-policy-1 final -O2 -G0,matched,1 pre-policy variants: Indexing an eight-byte struct array matched shifts address formation delay slot and HI16/LO16 relocations.
0x8005FB08,1,gcc_2_8_1_g8,pre-policy-1 final -O2 -G8,matched,1 pre-policy variants: Zero comparison of the G8 byte flag matched linked bytes and GPREL16 relocation.
0x8005FB14,1,gcc_2_8_1_g8,pre-policy-1 final -O2 -G8,matched,1 pre-policy variants: Conditional G8 word return matched branch scheduling and both GPREL16 relocations.
0x8006C2FC,1,gcc_2_8_1_g0,pre-policy-1 final -O2 -G0,matched,1 pre-policy variants: Three byte stores through the output pointer matched including the return delay slot.
0x80070FF8,1,gcc_2_8_1_g0,pre-policy-1 final -O2 -G0,matched,1 pre-policy variants: Empty function matched jr-ra and nop exactly.
0x80071000,1,gcc_2_8_1_g0,pre-policy-1 final -O2 -G0,matched,1 pre-policy variants: Empty function matched jr-ra and nop exactly.
0x80073300,1,gcc_2_8_1_g0,pre-policy-1 final -O2 -G0,matched,1 pre-policy variants: Empty function matched jr-ra and nop exactly.
0x80073308,1,gcc_2_8_1_g0,pre-policy-1 final -O2 -G0,matched,1 pre-policy variants: Empty function matched jr-ra and nop exactly.
0x80073448,1,gcc_2_8_1_g0_split,pre-policy-4 final -O2 -G0 -mgas -msplit-addresses,matched,4 pre-policy variants: Direct assignment and split-only failed; GAS split matched; a pre-rule no-gpopt probe was distinct but byte-equivalent.
0x80073458,1,gcc_2_8_1_g0_split,pre-policy-3 final -O2 -G0 -mgas -msplit-addresses,matched,3 pre-policy variants: Direct assignment and split-only failed; -mgas -msplit-addresses selected the target base register and delay-slot store.
0x80073464,1,gcc_2_8_1_g0_split,pre-policy-3 final -O2 -G0 -mgas -msplit-addresses,matched,3 pre-policy variants: Direct assignment and split-only failed; -mgas -msplit-addresses selected the target base register and delay-slot store.
0x80073474,1,gcc_2_8_1_g0_split,pre-policy-3 final -O2 -G0 -mgas -msplit-addresses,matched,3 pre-policy variants: Direct assignment and split-only failed; -mgas -msplit-addresses selected the target base register and delay-slot store.
0x800134E0,1,gcc-2.8.1-psx,-O2 -G8 direct-fields,nonmatch,Direct fields reordered loads and stores and produced a function eight bytes short
0x800134E0,2,gcc-2.8.1-psx,-O2 -G8 local-vector-pointer,matched,Local vector pointer reproduced the exact nineteen-instruction sequence
0x80013898,1,gcc-2.8.1-psx,-O2 -G8 ordered-globals,matched,Direct ordered GP-relative assignments and polling loop matched all twenty-three instructions
0x800138F4,1,gcc-2.8.1-psx,-O2 -G8 DiscFile[24],matched,Twenty-four-byte local disc descriptor reproduced the search loop and converted-location store exactly
0x80013940,1,gcc-2.8.1-psx,-O2 -G8 direct-fields,nonmatch,Compiler moved the vertical store into the branch delay and reordered LBA address formation
0x80013940,2,gcc-2.8.1-psx,-O2 -G8 volatile-field,nonmatch,Volatile vertical field fixed the first store but retained the wrong branch delay and positive-path order
0x80013940,3,gcc-2.8.1-psx,-O2 -G8 early-mask,nonmatch,Moving the file-index mask fixed both branch delays but left LBA base construction after the sector store
0x80013940,4,gcc-2.8.1-psx,-O2 -G8 volatile-v1-wrong-symbol,nonmatch,Instruction shape matched but the misidentified 0x800F9EA8 symbol produced a HI16 carry mismatch
0x80013940,5,gcc-2.8.1-psx,-O2 -G8 volatile-v1-correct-lba,matched,Correcting the runtime LBA table to 0x800E9EA8 reproduced all instructions and relocations exactly
0x80013B04,1,gcc-2.8.1-psx,-O2 -G8 early-return,nonmatch,Compiler placed the busy return at the end and reordered descriptor and LBA address formation
0x80013B04,2,gcc-2.8.1-psx,-O2 -G8 forced-register-body,nonmatch,Forced registers still inverted the branch layout and changed mask and return scheduling
0x80013B04,3,gcc-2.8.1-psx,-O2 -G8 forward-goto,nonmatch,Compiler still inverted the busy branch and moved the null return to the shared epilogue
0x8003FE80,1,gcc-2.8.1-psx,-O2 -G8 volatile-v0-lba-base,matched,Runtime LBA entries four through six and transfer polling matched all twenty-four instructions
0x80013A94,1,gcc-2.8.1-psx,-O2 -G8 transfer-descriptor,matched,Straight transfer descriptor initialization matched all twenty-eight instructions and relocations
0x80013B04,4,gcc-2.8.1-psx,-O2 -G8 -fno-reorder-blocks,nonmatch,GCC 2.8.1 does not support the requested block-reordering control flag
0x80013B04,5,gcc-2.7.2-mips,-O2 -G8 straightforward,nonmatch,Fallback compiler changed branch orientation and duplicated descriptor address relocations
0x80013B04,6,gcc-2.8.1-psx,-O1 -G8 straightforward,deferred,Lower optimization still inverted the busy branch and changed register scheduling; six-attempt budget exhausted
0x800137E4,1,gcc-2.8.1-psx,-O2 -G0 structured-loops,nonmatch,Compiler hoisted the loop mask and collapsed initial condition checks producing a function twenty bytes short
0x80012D4C,1,gcc_2_8_1_g8,gcc_2_8_1_g8,matched,Straight four-call wrapper matched all linked bytes and four R_MIPS_26 relocations.
0x80012D84,1,gcc_2_8_1_g8,gcc_2_8_1_g8,matched,Do-while with predecrement placed the decrement in the call delay slot and matched exactly.
0x800134B4,1,gcc_2_8_1_g8,gcc_2_8_1_g8,nonmatch,Direct descending array indexing emitted a scaled index each iteration and different HI16/LO16 placement.
0x800134B4,2,gcc_2_8_1_g8,gcc_2_8_1_g8,nonmatch,Explicit descending pointer matched the loop but folded +12 into the LO16 relocation and was one instruction short.
0x800134B4,3,gcc_2_8_1_g8_split,gcc_2_8_1_g8_split,nonmatch,Split-address profile still folded +12 into the LO16 relocation.
0x800134B4,4,gcc_2_8_1_g8,gcc_2_8_1_g8,matched,Fixed $v0 pointer plus an empty barrier separated base materialization from +12 and matched bytes/relocations.
0x80015010,1,gcc_2_8_1_g8,gcc_2_8_1_g8,matched,Volatile halfword clear/set operations preserved both loads and stores exactly.
0x80015038,1,gcc_2_8_1_g8,gcc_2_8_1_g8,matched,"Volatile short-circuit tests reproduced both global loads, branches, and the call relocation."
0x800151B0,1,gcc_2_8_1_g8,gcc_2_8_1_g8,nonmatch,"Eight-byte stand-in State was classified as small data, producing an invalid GPREL16 access."
0x800151B0,2,gcc_2_8_1_g8,gcc_2_8_1_g8,matched,Forty-byte State forced the target HI16/LO16 address and preserved the five ordered byte stores.
0x800157DC,1,gcc_2_8_1_g8,gcc_2_8_1_g8,nonmatch,Eight-byte stand-in State was classified as small data instead of the target absolute address.
0x800157DC,2,gcc_2_8_1_g8,gcc_2_8_1_g8,matched,"Large State plus ordered field updates matched both calls, address relocations, and delay-slot store."
0x80015904,1,gcc_2_8_1_g8,gcc_2_8_1_g8,nonmatch,Eight-byte stand-in State was classified as small data instead of the target absolute address.
0x80015904,2,gcc_2_8_1_g8,gcc_2_8_1_g8,matched,"Large State plus ordered field updates matched both calls, address relocations, and delay-slot store."
0x80015998,1,gcc_2_8_1_g8,gcc_2_8_1_g8,nonmatch,Small stand-in State selected an invalid GPREL16 global access.
0x80015998,2,gcc_2_8_1_g8,gcc_2_8_1_g8,nonmatch,Large State matched the loop shape but formed both address halves in $s0 and changed prologue scheduling.
0x80015998,3,gcc_2_8_1_g8_split,gcc_2_8_1_g8_split,matched,"GAS split-address profile formed HI16 in $v0 and LO16 in $s0, matching bytes and relocations."
0x800159D8,1,gcc_2_8_1_g8,gcc_2_8_1_g8,matched,Two-call wrapper matched exactly.
0x80015A00,1,gcc_2_8_1_g8,gcc_2_8_1_g8,matched,Two-call wrapper matched exactly.
0x80015A28,1,gcc_2_8_1_g8,gcc_2_8_1_g8,matched,Two-call wrapper matched exactly.
0x80015AD8,1,gcc_2_8_1_g8,gcc_2_8_1_g8,matched,Two-call wrapper matched exactly.
0x80015B00,1,gcc_2_8_1_g8,gcc_2_8_1_g8,matched,Two-call wrapper matched exactly.
0x80015B28,1,gcc_2_8_1_g8,gcc_2_8_1_g8,matched,Two-call wrapper matched exactly.
0x80015C0C,1,gcc_2_8_1_g8,gcc_2_8_1_g8,nonmatch,Seven-byte stand-in State selected an invalid GPREL16 global access.
0x80015C0C,2,gcc_2_8_1_g8,gcc_2_8_1_g8,matched,"Large State reproduced the absolute address, OR mask, call order, and delay-slot store."
0x80015C48,1,gcc_2_8_1_g8,gcc_2_8_1_g8,nonmatch,Seven-byte stand-in State selected an invalid GPREL16 global access.
0x80015C48,2,gcc_2_8_1_g8,gcc_2_8_1_g8,matched,"Large State reproduced the absolute address, OR mask, call order, and delay-slot store."
0x80015C84,1,gcc_2_8_1_g8,gcc_2_8_1_g8,nonmatch,Seven-byte stand-in State selected an invalid GPREL16 global access.
0x80015C84,2,gcc_2_8_1_g8,gcc_2_8_1_g8,matched,"Large State reproduced the absolute address, OR mask, call order, and delay-slot store."
0x80015CC0,1,gcc_2_8_1_g8,gcc_2_8_1_g8,nonmatch,Seven-byte stand-in State selected an invalid GPREL16 global access.
0x80015CC0,2,gcc_2_8_1_g8,gcc_2_8_1_g8,matched,"Large State reproduced the absolute address, OR mask, call order, and delay-slot store."
0x80016D04,1,gcc_2_8_1_g8,gcc_2_8_1_g8,matched,Signed halfword field forwarding reproduced the four-argument call exactly.
0x8001700C,1,gcc_2_8_1_g8,gcc_2_8_1_g8,nonmatch,Initial both-bits-set interpretation optimized to a six-instruction combined-mask test and had wrong semantics.
0x8001700C,2,gcc_2_8_1_g8,gcc_2_8_1_g8,nonmatch,Nested both-bits-set form still had wrong semantics and used an early-return/sltu layout.
0x8001700C,3,gcc_2_8_1_g8,gcc_2_8_1_g8,nonmatch,Correct set/clear semantics with a result variable allocated the result in $a0 and used sltiu.
0x8001700C,4,gcc_2_8_1_g8,gcc_2_8_1_g8,matched,Direct nested early return for bit 15 set and bit 14 clear matched branch targets and delay slots.
0x800176D0,1,gcc_2_8_1_g8,gcc_2_8_1_g8,nonmatch,Direct indexed struct array emitted three repeated absolute address sequences and was 12 bytes too large.
0x800176D0,2,gcc_2_8_1_g8,gcc_2_8_1_g8,nonmatch,"Explicit entry/member cursors matched size, body, and relocations but allocated the HI16 directly to $a0."
0x800176D0,3,gcc_2_8_1_g8_split,gcc_2_8_1_g8_split,matched,GAS split-address profile selected target $v0-to-$a0 address formation and matched exactly.
0x8001778C,1,gcc_2_8_1_g8,gcc_2_8_1_g8,nonmatch,Direct indexed struct array emitted three repeated absolute address sequences and was 12 bytes too large.
0x8001778C,2,gcc_2_8_1_g8,gcc_2_8_1_g8,nonmatch,"Explicit entry/member cursors matched size, body, and relocations but allocated the HI16 directly to $a0."
0x8001778C,3,gcc_2_8_1_g8_split,gcc_2_8_1_g8_split,matched,GAS split-address profile selected target $v0-to-$a0 address formation and matched exactly.
0x80021558,1,gcc_2_8_1_g8,gcc_2_8_1_g8,nonmatch,mips-sony-psx-gcc: Internal compiler error: program cc1 got fatal signal 11
0x80021558,2,gcc_2_8_1_g8,gcc_2_8_1_g8,nonmatch,mips-sony-psx-gcc: Internal compiler error: program cc1 got fatal signal 11
0x80021558,3,gcc_2_8_1_g8,gcc_2_8_1_g8,nonmatch,mips-sony-psx-gcc: Internal compiler error: program cc1 got fatal signal 11
0x80021558,4,gcc_2_8_1_g8,gcc_2_8_1_g8,nonmatch,mips-sony-psx-gcc: Internal compiler error: program cc1 got fatal signal 11
0x80021558,5,gcc_2_8_1_o1_g8,gcc_2_8_1_o1_g8,nonmatch,mips-sony-psx-gcc: Internal compiler error: program cc1 got fatal signal 11
0x80021558,6,gcc_2_7_2_g8,gcc_2_7_2_g8,deferred,mips-linux-gnu-gcc: Internal compiler error: program cc1 got fatal signal 11
0x8002CCA8,1,gcc_2_8_1_g8,gcc_2_8_1_g8,nonmatch,"{""actual"":130,""expected"":131,""offset"":2}"
0x8002CCA8,2,gcc_2_8_1_g8,gcc_2_8_1_g8,nonmatch,"{""actual"":130,""expected"":131,""offset"":2}"
0x8002CCA8,3,gcc_2_8_1_g8,gcc_2_8_1_g8,nonmatch,"{""actual"":128,""expected"":255,""offset"":0}"
0x8002CCA8,4,gcc_2_8_1_g8_split,gcc_2_8_1_g8_split,nonmatch,"{""actual"":29,""expected"":255,""offset"":0}"
0x8002CCA8,5,gcc_2_8_1_g8,gcc_2_8_1_g8,nonmatch,"{""actual"":130,""expected"":131,""offset"":2}"
0x8002CCA8,6,gcc_2_7_2_g8,gcc_2_7_2_g8,deferred,"{""actual"":130,""expected"":131,""offset"":2}"
0x8001B780,1,gcc_2_8_1_g8,gcc_2_8_1_g8,nonmatch,"{""actual"":4,""expected"":194,""offset"":32}"
0x8001B780,2,gcc_2_8_1_g8,gcc_2_8_1_g8,matched,Linked bytes and relocations matched exactly.
0x8001BD48,1,gcc_2_8_1_g8,gcc_2_8_1_g8,matched,Linked bytes and relocations matched exactly.
0x80024060,1,gcc_2_8_1_g8,gcc_2_8_1_g8,matched,Linked bytes and relocations matched exactly.
0x80024088,1,gcc_2_8_1_g8,gcc_2_8_1_g8,matched,Linked bytes and relocations matched exactly.
0x80024704,1,gcc_2_8_1_g8,gcc_2_8_1_g8,matched,Linked bytes and relocations matched exactly.
0x80024914,1,gcc_2_8_1_g8,gcc_2_8_1_g8,matched,Linked bytes and relocations matched exactly.
0x80024954,1,gcc_2_8_1_g8,gcc_2_8_1_g8,matched,Linked bytes and relocations matched exactly.
0x80024E24,1,gcc_2_8_1_g8,gcc_2_8_1_g8,nonmatch,"{""actual"":4,""expected"":3,""offset"":12}"
0x80024E24,2,gcc_2_8_1_g8,gcc_2_8_1_g8,matched,Linked bytes and relocations matched exactly.
0x80024E4C,1,gcc_2_8_1_g8,gcc_2_8_1_g8,matched,Linked bytes and relocations matched exactly.
0x80028220,1,gcc_2_8_1_g8,gcc_2_8_1_g8,matched,Linked bytes and relocations matched exactly.
0x800282E8,1,gcc_2_8_1_g8,gcc_2_8_1_g8,nonmatch,"{""actual"":4,""expected"":3,""offset"":12}"
0x800282E8,2,gcc_2_8_1_g8,gcc_2_8_1_g8,matched,Linked bytes and relocations matched exactly.
0x8002C4DC,1,gcc_2_8_1_g8,gcc_2_8_1_g8,nonmatch,"{""actual"":33,""expected"":29,""offset"":0}"
0x8002C4DC,2,gcc_2_8_1_g8,gcc_2_8_1_g8,nonmatch,"{""actual"":5,""expected"":2,""offset"":2}"
0x8002C4DC,3,gcc_2_8_1_g8,gcc_2_8_1_g8,nonmatch,"{""actual"":5,""expected"":2,""offset"":2}"
0x8002C4DC,4,gcc_2_8_1_g8_split,gcc_2_8_1_g8_split,matched,Linked bytes and relocations matched exactly.
0x8002C570,1,gcc_2_8_1_g8,gcc_2_8_1_g8,nonmatch,"{""actual"":1,""expected"":2,""offset"":2}"
0x8002C570,2,gcc_2_8_1_g8,gcc_2_8_1_g8,nonmatch,"{""actual"":1,""expected"":2,""offset"":2}"
0x8002C570,3,gcc_2_8_1_g8,gcc_2_8_1_g8,nonmatch,"{""actual"":1,""expected"":2,""offset"":2}"
0x8002C570,4,gcc_2_8_1_g8_split,gcc_2_8_1_g8_split,nonmatch,"{""actual"":16,""expected"":20,""offset"":23}"
0x8002C570,5,gcc_2_8_1_g8_split,gcc_2_8_1_g8_split,matched,Linked bytes and relocations matched exactly.
0x8002C598,1,gcc_2_8_1_g8,gcc_2_8_1_g8,nonmatch,"{""actual"":15,""expected"":88,""offset"":0}"
0x8002C598,2,gcc_2_8_1_g8,gcc_2_8_1_g8,nonmatch,"{""actual"":15,""expected"":255,""offset"":8}"
0x8002C598,3,gcc_2_8_1_g8,gcc_2_8_1_g8,nonmatch,"{""actual"":160,""expected"":136,""offset"":16}"
0x8002C598,4,gcc_2_8_1_g8_split,gcc_2_8_1_g8_split,matched,Linked bytes and relocations matched exactly.
0x8002C5CC,1,gcc_2_8_1_g8,gcc_2_8_1_g8,nonmatch,"{""actual"":3,""expected"":2,""offset"":2}"
0x8002C5CC,2,gcc_2_8_1_g8,gcc_2_8_1_g8,nonmatch,"{""actual"":3,""expected"":2,""offset"":2}"
0x8002C5CC,3,gcc_2_8_1_g8,gcc_2_8_1_g8,nonmatch,"{""actual"":3,""expected"":2,""offset"":2}"
0x8002C5CC,4,gcc_2_8_1_g8_split,gcc_2_8_1_g8_split,matched,Linked bytes and relocations matched exactly.
0x8002C68C,1,gcc_2_8_1_g8,gcc_2_8_1_g8,matched,Linked bytes and relocations matched exactly.
0x8002CB50,1,gcc_2_8_1_g8,gcc_2_8_1_g8,nonmatch,"{""actual"":15,""expected"":33,""offset"":0}"
0x8002CB50,2,gcc_2_8_1_g8,gcc_2_8_1_g8,nonmatch,"{""actual"":3,""expected"":2,""offset"":6}"
0x8002CB50,3,gcc_2_8_1_g8,gcc_2_8_1_g8,nonmatch,"{""actual"":3,""expected"":2,""offset"":6}"
0x8002CB50,4,gcc_2_8_1_g8_split,gcc_2_8_1_g8_split,matched,Linked bytes and relocations matched exactly.
0x8002E3B4,1,gcc_2_8_1_g8,gcc_2_8_1_g8,nonmatch,"{""actual"":4,""expected"":3,""offset"":12}"
0x8002E3B4,2,gcc_2_8_1_g8,gcc_2_8_1_g8,matched,Linked bytes and relocations matched exactly.
0x8002E3DC,1,gcc_2_8_1_g8,gcc_2_8_1_g8,matched,Linked bytes and relocations matched exactly.
0x8002EB48,1,gcc_2_8_1_g8,gcc_2_8_1_g8,matched,Linked bytes and relocations matched exactly.
0x8002EE20,1,gcc_2_8_1_g8,gcc_2_8_1_g8,matched,Linked bytes and relocations matched exactly.
0x8002EE5C,1,gcc_2_8_1_g8,gcc_2_8_1_g8,nonmatch,"{""actual"":33,""expected"":29,""offset"":0}"
0x8002EE5C,2,gcc_2_8_1_g8,gcc_2_8_1_g8,nonmatch,"{""actual"":4,""expected"":2,""offset"":2}"
0x8002EE5C,3,gcc_2_8_1_g8,gcc_2_8_1_g8,nonmatch,"{""actual"":4,""expected"":2,""offset"":2}"
0x8002EE5C,4,gcc_2_8_1_g8_split,gcc_2_8_1_g8_split,matched,Linked bytes and relocations matched exactly.
0x8002F430,1,gcc_2_8_1_g8,gcc_2_8_1_g8,matched,Linked bytes and relocations matched exactly.
0x8002F438,1,gcc_2_8_1_g8,gcc_2_8_1_g8,matched,Linked bytes and relocations matched exactly.
0x8002F930,1,gcc_2_8_1_g8,gcc_2_8_1_g8,matched,Linked bytes and relocations matched exactly.
0x8002F94C,1,gcc_2_8_1_g8,gcc_2_8_1_g8,matched,Linked bytes and relocations matched exactly.
0x8002FA28,1,gcc_2_8_1_g8,gcc_2_8_1_g8,matched,Linked bytes and relocations matched exactly.
0x8002FED0,1,gcc_2_8_1_g8,gcc_2_8_1_g8,matched,Linked bytes and relocations matched exactly.
0x80030FA0,1,gcc_2_8_1_g8,gcc_2_8_1_g8,nonmatch,Direct arrays: 0x2C bytes; compiler started with the GP-relative index load and folded the table index into HI16/LO16.
0x80030FA0,2,gcc_2_8_1_g8,gcc_2_8_1_g8,nonmatch,Hard table/index registers: 0x34 bytes; full table address preceded the index load and introduced a load-delay nop.
0x80030FA0,3,gcc_2_8_1_g8,gcc_2_8_1_g8,nonmatch,Hard-register arithmetic without a barrier: 0x2C bytes; optimizer returned to folded symbolic indexing.
0x80030FA0,4,gcc_2_8_1_g8_split,gcc_2_8_1_g8_split,nonmatch,Hard registers with GAS splitting: 0x2C bytes; stores and relocations remained shifted and the return-delay store differed.
0x80030FA0,5,gcc_2_7_2_g8,gcc_2_7_2_g8,nonmatch,GCC 2.7.2 fallback: same 0x2C folded-index result as the first GCC 2.8.1 form.
0x80030FA0,6,gcc_2_8_1_g8_split,gcc_2_8_1_g8_split,deferred,Direct arrays with GAS splitting: 0x2C bytes; absolute stores moved ahead of the required table setup.
0x80030F40,1,gcc_2_8_1_g8,gcc_2_8_1_g8,matched,Variant 1: linked bytes and relocations matched exactly; Direct global stores and four-argument call wrapper matched.
0x80032B38,1,gcc_2_8_1_g8,gcc_2_8_1_g8,nonmatch,Variant 1: +0xC byte 03!=04; word 03004010!=04004014; relocations matched.
0x80032B38,2,gcc_2_8_1_g8,gcc_2_8_1_g8,matched,Variant 2: linked bytes and relocations matched exactly; Inverting the source branch retained the target early return layout.
0x80033500,1,gcc_2_8_1_g8,gcc_2_8_1_g8,nonmatch,Variant 1: size 52/60; +0x20 byte 04!=02; word 04004010!=02004010; relocations matched.
0x80033500,2,gcc_2_8_1_g8,gcc_2_8_1_g8,matched,Variant 2: linked bytes and relocations matched exactly; Zero-first source order retained the separate zero-return epilogue.
0x80033998,1,gcc_2_8_1_g8,gcc_2_8_1_g8,matched,Variant 1: linked bytes and relocations matched exactly; Straight forty-entry pointer/count scan matched.
0x80033CC4,1,gcc_2_8_1_g8,gcc_2_8_1_g8,nonmatch,Variant 1: +0x0 byte 09!=47; word 0980023c!=472d8290; relocations differed.
0x80033CC4,2,gcc_2_8_1_g8,gcc_2_8_1_g8,nonmatch,Variant 2: size 56/52; +0x11 byte 29!=00; word 00290500!=00000000; relocations matched.
0x80033CC4,3,gcc_2_8_1_g8,gcc_2_8_1_g8,nonmatch,Variant 3: +0x8 byte 47!=46; word 472d8590!=462d8380; relocations matched.
0x80033CC4,4,gcc_2_8_1_g8,gcc_2_8_1_g8,matched,Variant 4: linked bytes and relocations matched exactly; Hard registers plus upper-index-first arithmetic matched table addressing and scheduling.
0x80035598,1,gcc_2_8_1_g8,gcc_2_8_1_g8,nonmatch,Variant 1: +0x17 byte 10!=14; word 04006010!=04006014; relocations matched.
0x80035598,2,gcc_2_8_1_g8,gcc_2_8_1_g8,matched,Variant 2: linked bytes and relocations matched exactly; The greater-or-equal second test produced the target branch polarity.
0x80035AB8,1,gcc_2_8_1_g8,gcc_2_8_1_g8,matched,Variant 1: linked bytes and relocations matched exactly; A 100-byte struct array reproduced index arithmetic and four halfword stores.
0x80035CA8,1,gcc_2_8_1_g8,gcc_2_8_1_g8,nonmatch,Variant 1: +0x0 byte 0F!=01; word 0f80023c!=01008424; relocations differed.
0x80035CA8,2,gcc_2_8_1_g8,gcc_2_8_1_g8,nonmatch,Variant 2: +0x2 byte 02!=03; word 0f80023c!=0f80033c; relocations matched.
0x80035CA8,3,gcc_2_8_1_g8,gcc_2_8_1_g8,nonmatch,Variant 3: +0x2 byte 02!=03; word 0f80023c!=0f80033c; relocations matched.
0x80035CA8,4,gcc_2_8_1_g8_split,gcc_2_8_1_g8_split,nonmatch,Variant 3: +0x2 byte 02!=03; word 0f80023c!=0f80033c; relocations matched.
0x80035CA8,5,gcc_2_7_2_g8,gcc_2_7_2_g8,nonmatch,Variant 2: +0x2 byte 02!=03; word 0f80023c!=0f80033c; relocations matched.
0x80035CA8,6,gcc_2_8_1_g8_split,gcc_2_8_1_g8_split,matched,Variant 2: linked bytes and relocations matched exactly; Explicit pointer/count loop matched after enabling GAS split addresses.
0x80035CE4,1,gcc_2_8_1_g8,gcc_2_8_1_g8,nonmatch,Variant 1: +0x2 byte 02!=03; word 0f80023c!=0f80033c; relocations matched.
0x80035CE4,2,gcc_2_8_1_g8,gcc_2_8_1_g8,nonmatch,Variant 2: +0x2 byte 02!=03; word 0f80023c!=0f80033c; relocations matched.
0x80035CE4,3,gcc_2_8_1_g8,gcc_2_8_1_g8,matched,Variant 3: linked bytes and relocations matched exactly; Hard-register pointer and counter assignments fixed the swapped allocation.
0x80035DB8,1,gcc_2_8_1_g8,gcc_2_8_1_g8,nonmatch,Variant 1: size 56/60; +0xA byte 02!=03; word 0f80023c!=0f80033c; relocations matched.
0x80035DB8,2,gcc_2_8_1_g8,gcc_2_8_1_g8,nonmatch,Variant 2: +0x4 byte 01!=0F; word 01008424!=0f80023c; relocations differed.
0x80035DB8,3,gcc_2_8_1_g8,gcc_2_8_1_g8,matched,Variant 3: linked bytes and relocations matched exactly; Separating the base and field pointer while incrementing the key first matched.
0x80035DF4,1,gcc_2_8_1_g8,gcc_2_8_1_g8,nonmatch,Variant 1: size 40/44; +0x8 byte 88!=A0; word 88b24224!=a0b24224; relocations matched.
0x80035DF4,2,gcc_2_8_1_g8,gcc_2_8_1_g8,matched,Variant 2: linked bytes and relocations matched exactly; A hard base register preserved the separate base and +0x18 address steps.
0x80036D3C,1,gcc_2_8_1_g8,gcc_2_8_1_g8,matched,Variant 1: linked bytes and relocations matched exactly; Direct dynamic-stream little-endian halfword read matched.
0x800378D8,1,gcc_2_8_1_g8,gcc_2_8_1_g8,matched,Variant 1: linked bytes and relocations matched exactly; Straight conditional flag set and global-state clear matched.
0x80037914,1,gcc_2_8_1_g8,gcc_2_8_1_g8,matched,Variant 1: linked bytes and relocations matched exactly; Direct conditional state update with mode six matched.
0x80037950,1,gcc_2_8_1_g8,gcc_2_8_1_g8,matched,Variant 1: linked bytes and relocations matched exactly; Direct conditional state update with mode four matched.
0x8003798C,1,gcc_2_8_1_g8,gcc_2_8_1_g8,matched,Variant 1: linked bytes and relocations matched exactly; Array declarations forced the required absolute global loads.
0x800379C4,1,gcc_2_8_1_g8,gcc_2_8_1_g8,matched,Variant 1: linked bytes and relocations matched exactly; Call-result check and conditional byte clear matched.
0x80037D2C,1,gcc_2_8_1_g8,gcc_2_8_1_g8,nonmatch,Variant 1: size 72/64; +0x4 byte 32!=00; word 32048397!=00000000; relocations differed.
0x80037D2C,2,gcc_2_8_1_g8,gcc_2_8_1_g8,nonmatch,Variant 2: size 68/64; +0x4 byte 32!=00; word 32048397!=00000000; relocations differed.
0x80037D2C,3,gcc_2_8_1_g8,gcc_2_8_1_g8,nonmatch,Variant 3: +0x0 byte 58!=32; word 58008280!=32048397; relocations differed.
0x80037D2C,4,gcc_2_8_1_g8,gcc_2_8_1_g8,nonmatch,Variant 4: +0x28 byte FF!=25; word ffff0224!=2528a300; relocations differed.
0x80037D2C,5,gcc_2_8_1_g8,gcc_2_8_1_g8,nonmatch,Variant 5: +0x2C byte 25!=48; word 2528a300!=480482af; relocations differed.
0x80037D2C,6,gcc_2_8_1_g8,gcc_2_8_1_g8,matched,Variant 6: linked bytes and relocations matched exactly; Hard registers and empty scheduling barriers reproduced the exact stream/global sequence.
0x80037D6C,1,gcc_2_8_1_g8,gcc_2_8_1_g8,nonmatch,Variant 1: size 60/56; +0x2 byte 83!=82; word 58008380!=58008280; relocations differed.
0x80037D6C,2,gcc_2_8_1_g8,gcc_2_8_1_g8,nonmatch,Variant 2: +0x20 byte 00!=51; word 000062ac!=510085a0; relocations matched.
0x80037D6C,3,gcc_2_8_1_g8,gcc_2_8_1_g8,matched,Variant 3: linked bytes and relocations matched exactly; Loading the byte before updating the stream pointer fixed store order.
0x80038094,1,gcc_2_8_1_g8,gcc_2_8_1_g8,nonmatch,Variant 1: size 68/64; +0xA byte 83!=82; word 58008380!=58008280; relocations differed.
0x80038094,2,gcc_2_8_1_g8,gcc_2_8_1_g8,matched,Variant 2: linked bytes and relocations matched exactly; Post-increment in the call argument placed the pointer store in the call delay slot.
0x800380D4,1,gcc_2_8_1_g8,gcc_2_8_1_g8,nonmatch,Variant 1: +0x2 byte 83!=82; word 58008380!=58008280; relocations matched.
0x800380D4,2,gcc_2_8_1_g8,gcc_2_8_1_g8,nonmatch,Variant 2: size 56/60; +0x2 byte 83!=86; word 58008380!=58008680; relocations matched.
0x800380D4,3,gcc_2_8_1_g8,gcc_2_8_1_g8,nonmatch,Variant 3: size 64/60; +0x4 byte 38!=00; word 380080a4!=00000000; relocations matched.
0x800380D4,4,gcc_2_8_1_g8,gcc_2_8_1_g8,matched,Variant 4: linked bytes and relocations matched exactly; Uninitialized hard registers let the clear fill the index-load delay slot.
0x80038110,1,gcc_2_8_1_g8,gcc_2_8_1_g8,nonmatch,Variant 1: +0x2 byte 83!=82; word 58008380!=58008280; relocations matched.
0x80038110,2,gcc_2_8_1_g8,gcc_2_8_1_g8,nonmatch,Variant 2: size 48/56; +0x2 byte 83!=85; word 58008380!=58008580; relocations matched.
0x80038110,3,gcc_2_8_1_g8,gcc_2_8_1_g8,matched,Variant 3: linked bytes and relocations matched exactly; Hard stream/current/value registers reproduced the unsigned accumulation.
0x80038388,1,gcc_2_8_1_g8,gcc_2_8_1_g8,matched,Variant 1: linked bytes and relocations matched exactly; Direct read-helper call and halfword store matched.
0x800383B0,1,gcc_2_8_1_g8,gcc_2_8_1_g8,matched,Variant 1: linked bytes and relocations matched exactly; Direct two-byte field assignment scheduled the clear in the call delay slot.
0x80038690,1,gcc_2_8_1_g8,gcc_2_8_1_g8,matched,Variant 1: linked bytes and relocations matched exactly; Nested helper calls with a 16-bit cast matched.
0x80038898,1,gcc_2_8_1_g8,gcc_2_8_1_g8,nonmatch,Variant 1: +0x12 byte 82!=83; word 0000828c!=0000838c; relocations differed.
0x80038898,2,gcc_2_8_1_g8,gcc_2_8_1_g8,matched,Variant 2: linked bytes and relocations matched exactly; Explicit post-increment byte value fixed load/store order and relocations.
0x80039AAC,1,gcc_2_8_1_g8,gcc_2_8_1_g8,nonmatch,Variant 1: +0xC byte 03!=04; word 03004010!=04004014; relocations matched.
0x80039AAC,2,gcc_2_8_1_g8,gcc_2_8_1_g8,matched,Variant 2: linked bytes and relocations matched exactly; Inverting the flag branch retained the target early return layout.
0x80039AD4,1,gcc_2_8_1_g8,gcc_2_8_1_g8,nonmatch,Variant 1: size 36/40; +0x0 byte 0F!=10; word 0f80023c!=10008290; relocations differed.
0x80039AD4,2,gcc_2_8_1_g8,gcc_2_8_1_g8,nonmatch,Variant 2: size 44/40; +0x4 byte 10!=08; word 10008390!=08af4224; relocations differed.
0x80039AD4,3,gcc_2_8_1_g8,gcc_2_8_1_g8,nonmatch,Variant 3: size 36/40; +0x0 byte 0F!=10; word 0f80023c!=10008390; relocations differed.
0x80039AD4,4,gcc_2_8_1_g8_split,gcc_2_8_1_g8_split,nonmatch,Variant 2: size 44/40; +0x4 byte 10!=08; word 10008390!=08af4224; relocations differed.
0x80039AD4,5,gcc_2_7_2_g8,gcc_2_7_2_g8,nonmatch,Variant 1: size 36/40; +0x0 byte 0F!=10; word 0f80023c!=10008290; relocations differed.
0x80039AD4,6,gcc_2_8_1_g8_split,gcc_2_8_1_g8_split,matched,Variant 1: linked bytes and relocations matched exactly; The direct indexed clear matched under GAS split addresses.
0x80039F1C,1,gcc_2_8_1_g8,gcc_2_8_1_g8,nonmatch,Variant 1: +0xC byte 03!=04; word 03004010!=04004014; relocations matched.
0x80039F1C,2,gcc_2_8_1_g8,gcc_2_8_1_g8,matched,Variant 2: linked bytes and relocations matched exactly; Inverting the flag branch retained the target early return layout.
0x80039FD4,1,gcc_2_8_1_g8,gcc_2_8_1_g8,matched,Variant 1: linked bytes and relocations matched exactly; Direct signed-byte assignment and cleanup call matched.
0x80039FF8,1,gcc_2_8_1_g8,gcc_2_8_1_g8,matched,Variant 1: linked bytes and relocations matched exactly; Straight conditional flag/mode update matched.
0x8003F7D4,1,gcc_2_8_1_g8,gcc_2_8_1_g8,nonmatch,first byte +0x8; word 0180063c != 00328424; relocation sequence differs (7 expected/7 actual)
0x8003F7D4,2,gcc_2_8_1_g8_split,gcc_2_8_1_g8_split,nonmatch,first byte +0x4; word 1d80043c != 0a80023c; relocation sequence differs (7 expected/7 actual)
0x8003F7D4,3,gcc_2_8_1_g8_split,gcc_2_8_1_g8_split,nonmatch,first byte +0x4; word 1d80043c != 1000bfaf; relocation sequence differs (7 expected/7 actual)
0x8003F7D4,4,gcc_2_8_1_g8_split,gcc_2_8_1_g8_split,nonmatch,first byte +0x8; word 0180063c != 00328424; relocation sequence differs (7 expected/7 actual)
0x8003F7D4,5,gcc_2_8_1_g8_split,gcc_2_8_1_g8_split,nonmatch,first byte +0x8; word 0180063c != 00328424; relocation sequence differs (7 expected/7 actual)
0x8003F7D4,6,gcc_2_8_1_g8_split,gcc_2_8_1_g8_split,deferred,first byte +0x4; word 1d80043c != 0a80023c; relocation sequence differs (7 expected/7 actual)
0x800428EC,1,gcc_2_8_1_g8,gcc_2_8_1_g8,nonmatch,first byte +0x4; word 6c008327 != 160085a0; relocation sequence differs (1 expected/2 actual)
0x800428EC,2,gcc_2_8_1_g8,gcc_2_8_1_g8,nonmatch,first byte +0x4; word 6c008327 != 160085a0; relocation sequence differs (1 expected/2 actual)
0x800428EC,3,gcc_2_8_1_g8,gcc_2_8_1_g8,nonmatch,first byte +0x4; word 6c008327 != 160085a0; relocation sequence differs (1 expected/2 actual)
0x800428EC,4,gcc_2_8_1_g8,gcc_2_8_1_g8,nonmatch,first byte +0x0; word 17008290 != 6c008327; relocation sequence differs (1 expected/1 actual)
0x800428EC,5,gcc_2_8_1_g8,gcc_2_8_1_g8,nonmatch,first byte +0x0; word 17008290 != 6c008327; relocation sequence differs (1 expected/1 actual)
0x800428EC,6,gcc_2_8_1_g8,gcc_2_8_1_g8,deferred,first byte +0x0; word 17008290 != 6c008327; relocation sequence differs (1 expected/1 actual)
0x8003A920,1,gcc_2_8_1_g8,gcc_2_8_1_g8,matched,exact linked text and relocation sequence
0x8003A95C,1,gcc_2_8_1_g8,gcc_2_8_1_g8,matched,exact linked text and relocation sequence
0x8003B7E0,1,gcc_2_8_1_g8,gcc_2_8_1_g8,matched,exact linked text and relocation sequence
0x8003CE48,1,gcc_2_8_1_g8,gcc_2_8_1_g8,nonmatch,first byte +0x4; word 00000000 != 98048397; relocation sequence differs (6 expected/6 actual)
0x8003CE48,2,gcc_2_8_1_g8,gcc_2_8_1_g8,nonmatch,first byte +0x4; word 00000000 != 9c0482a7; relocation sequence differs (6 expected/6 actual)
0x8003CE48,3,gcc_2_8_1_g8,gcc_2_8_1_g8,matched,exact linked text and relocation sequence
0x8003D288,1,gcc_2_8_1_g8,gcc_2_8_1_g8,nonmatch,first byte +0xC; word 06006214 != 03006210
0x8003D288,2,gcc_2_8_1_g8,gcc_2_8_1_g8,matched,exact linked text and relocation sequence
0x8003D300,1,gcc_2_8_1_g8,gcc_2_8_1_g8,nonmatch,first byte +0x0; word 0f80023c != 01000224; relocation sequence differs (7 expected/7 actual)
0x8003D300,2,gcc_2_8_1_g8,gcc_2_8_1_g8,nonmatch,first byte +0x0; word 0f80023c != 01000224; relocation sequence differs (7 expected/7 actual)
0x8003D300,3,gcc_2_8_1_g8,gcc_2_8_1_g8,nonmatch,first byte +0x0; word 0f80023c != 01000224; relocation sequence differs (7 expected/7 actual)
0x8003D300,4,gcc_2_8_1_g8_split,gcc_2_8_1_g8_split,matched,exact linked text and relocation sequence
0x8003E7D4,1,gcc_2_8_1_g8,gcc_2_8_1_g8,matched,exact linked text and relocation sequence
0x8003EE90,1,gcc_2_8_1_g8,gcc_2_8_1_g8,matched,exact linked text and relocation sequence
0x8003F70C,1,gcc_2_8_1_g8,gcc_2_8_1_g8,matched,exact linked text and relocation sequence
0x8003FCD8,1,gcc_2_8_1_g8,gcc_2_8_1_g8,matched,exact linked text and relocation sequence
0x8003FEE0,1,gcc_2_8_1_g8,gcc_2_8_1_g8,matched,exact linked text and relocation sequence
0x8003FF08,1,gcc_2_8_1_g8,gcc_2_8_1_g8,matched,exact linked text and relocation sequence
0x8003FF58,1,gcc_2_8_1_g8,gcc_2_8_1_g8,matched,exact linked text and relocation sequence
0x8003FF88,1,gcc_2_8_1_g8,gcc_2_8_1_g8,matched,exact linked text and relocation sequence
0x8003FFFC,1,gcc_2_8_1_g8,gcc_2_8_1_g8,matched,exact linked text and relocation sequence
0x8004002C,1,gcc_2_8_1_g8,gcc_2_8_1_g8,nonmatch,first byte +0x2; word 0f80023c != 0f80043c
0x8004002C,2,gcc_2_8_1_g8_split,gcc_2_8_1_g8_split,matched,exact linked text and relocation sequence
0x8004006C,1,gcc_2_8_1_g8,gcc_2_8_1_g8,nonmatch,first byte +0x2; word 0f80023c != 0f80043c
0x8004006C,2,gcc_2_8_1_g8_split,gcc_2_8_1_g8_split,matched,exact linked text and relocation sequence
0x80040424,1,gcc_2_8_1_g8,gcc_2_8_1_g8,nonmatch,first byte +0x2; word 69008290 != 69008390
0x80040424,2,gcc_2_8_1_g8,gcc_2_8_1_g8,matched,exact linked text and relocation sequence
0x8004143C,1,gcc_2_8_1_g8,gcc_2_8_1_g8,matched,exact linked text and relocation sequence
0x80041464,1,gcc_2_8_1_g8,gcc_2_8_1_g8,matched,exact linked text and relocation sequence
0x80042874,1,gcc_2_8_1_g8,gcc_2_8_1_g8,matched,exact linked text and relocation sequence
0x80042918,1,gcc_2_8_1_g8,gcc_2_8_1_g8,matched,exact linked text and relocation sequence
0x8004293C,1,gcc_2_8_1_g8,gcc_2_8_1_g8,matched,exact linked text and relocation sequence
0x800429D8,1,gcc_2_8_1_g8,gcc_2_8_1_g8,matched,exact linked text and relocation sequence
0x80042A00,1,gcc_2_8_1_g8,gcc_2_8_1_g8,matched,exact linked text and relocation sequence
0x80042A28,1,gcc_2_8_1_g8,gcc_2_8_1_g8,matched,exact linked text and relocation sequence
0x80042A50,1,gcc_2_8_1_g8,gcc_2_8_1_g8,matched,exact linked text and relocation sequence
0x80042A78,1,gcc_2_8_1_g8,gcc_2_8_1_g8,matched,exact linked text and relocation sequence
0x80042AA4,1,gcc_2_8_1_g8,gcc_2_8_1_g8,matched,exact linked text and relocation sequence
0x80042AD8,1,gcc_2_8_1_g8,gcc_2_8_1_g8,matched,exact linked text and relocation sequence
0x80042B08,1,gcc_2_8_1_g8,gcc_2_8_1_g8,matched,exact linked text and relocation sequence
0x80042B98,1,gcc_2_8_1_g8,gcc_2_8_1_g8,nonmatch,first byte +0xC; word 03004010 != 04004014
0x80042B98,2,gcc_2_8_1_g8,gcc_2_8_1_g8,matched,exact linked text and relocation sequence
0x80043E30,1,gcc_2_8_1_g8,gcc_2_8_1_g8,matched,exact linked text and relocation sequence
0x800498BC,1,gcc_2_8_1_g0,gcc_2_8_1_g0,nonmatch,byte +0x8: 03!=10; word +0x8: 03008010!=1000bfaf; relocations differ; size 0x28/0x3c
0x800498BC,2,gcc_2_8_1_g0,gcc_2_8_1_g0,nonmatch,byte +0x8: 03!=10; word +0x8: 03008010!=1000bfaf; relocations differ; size 0x28/0x3c
0x800498BC,3,gcc_2_8_1_g0,gcc_2_8_1_g0,nonmatch,byte +0x28: 03!=10; word +0x28: 03140200!=1000bf8f; size 0x38/0x3c
0x800498BC,4,gcc_2_8_1_g0,gcc_2_8_1_g0,nonmatch,byte +0x28: 03!=10; word +0x28: 03140200!=1000bf8f; size 0x38/0x3c
0x800498BC,5,gcc_2_8_1_g0,gcc_2_8_1_g0,nonmatch,byte +0x28: 03!=10; word +0x28: 03140200!=1000bf8f; size 0x38/0x3c
0x800498BC,6,gcc_2_7_2_g0,gcc_2_7_2_g0,deferred,tool error: /home/superconta/data/share/yugioh/tools/toolchains/gcc-2.7.2-mips/bin/mips-linux-gnu-gcc failed (1):
0x80070710,1,gcc_2_8_1_g0,gcc_2_8_1_g0,nonmatch,byte +0x0: 09!=0a; word +0x0: 0980023c!=0a80033c; relocations differ
0x80070710,2,gcc_2_8_1_g0,gcc_2_8_1_g0,nonmatch,byte +0x0: 09!=0a; word +0x0: 0980023c!=0a80033c; relocations differ
0x80070710,3,gcc_2_8_1_g0,gcc_2_8_1_g0,nonmatch,byte +0x4: 0a!=f0; word +0x4: 0a80043c!=f0174224; relocations differ; size 0x2c/0x28
0x80070710,4,gcc_2_8_1_g0_split,gcc_2_8_1_g0_split,nonmatch,byte +0x2: 02!=03; word +0x0: 0980023c!=0980033c
0x80070710,5,gcc_2_8_1_g0_split,gcc_2_8_1_g0_split,nonmatch,byte +0x4: 0a!=f0; word +0x4: 0a80043c!=f0174224; relocations differ; size 0x2c/0x28
0x80070710,6,gcc_2_7_2_g0,gcc_2_7_2_g0,deferred,byte +0x0: 09!=0a; word +0x0: 0980023c!=0a80033c; relocations differ
0x80073050,1,gcc_2_8_1_g0,gcc_2_8_1_g0,nonmatch,byte +0x6: b0!=bf; word +0x4: 1000b0af!=1000bfaf; relocations differ; size 0x34/0x3c
0x80073050,2,gcc_2_8_1_g0,gcc_2_8_1_g0,nonmatch,byte +0xc: 14!=98; word +0xc: 1400bfaf!=985b1026; relocations differ; size 0x40/0x3c
0x80073050,3,gcc_2_8_1_g0,gcc_2_8_1_g0,nonmatch,byte +0x4: 10!=14; word +0x4: 1000b0af!=1400bfaf; relocations differ; size 0x38/0x3c
0x80073050,4,gcc_2_8_1_g0,gcc_2_8_1_g0,nonmatch,byte +0xc: 14!=98; word +0xc: 1400bfaf!=985b1026; relocations differ; size 0x40/0x3c
0x80073050,5,gcc_2_8_1_g0,gcc_2_8_1_g0,nonmatch,byte +0x6: b0!=bf; word +0x4: 1000b0af!=1000bfaf; relocations differ; size 0x34/0x3c
0x80073050,6,gcc_2_8_1_g0_split,gcc_2_8_1_g0_split,deferred,byte +0x23: 8c!=90; word +0x20: 0000438c!=00004390
0x80044CD4,1,gcc_2_8_1_g8,gcc_2_8_1_g8,matched,exact linked bytes and relocations
0x80044FFC,1,gcc_2_8_1_g0,gcc_2_8_1_g0,nonmatch,byte +0x8: 00!=ff; word +0x8: 00240400!=ff00a530
0x80044FFC,2,gcc_2_8_1_g0,gcc_2_8_1_g0,nonmatch,byte +0x8: 00!=ff; word +0x8: 00240400!=ff00a530
0x80044FFC,3,gcc_2_8_1_g0,gcc_2_8_1_g0,nonmatch,byte +0x4: 29!=00; word +0x4: 29000224!=00240400
0x80044FFC,4,gcc_2_8_1_g0,gcc_2_8_1_g0,nonmatch,byte +0x4: 29!=00; word +0x4: 29000224!=00240400
0x80044FFC,5,gcc_2_8_1_g0,gcc_2_8_1_g0,matched,exact linked bytes and relocations
0x800451E0,1,gcc_2_8_1_g0,gcc_2_8_1_g0,matched,exact linked bytes and relocations
0x8004545C,1,gcc_2_8_1_g0,gcc_2_8_1_g0,nonmatch,byte +0x2: 03!=02; word +0x0: 0a80033c!=0a80023c
0x8004545C,2,gcc_2_8_1_g0,gcc_2_8_1_g0,matched,exact linked bytes and relocations
0x8004695C,1,gcc_2_8_1_g8,gcc_2_8_1_g8,nonmatch,byte +0xe: 83!=82; word +0xc: 5005838f!=5005828f; relocations differ; size 0x40/0x34
0x8004695C,2,gcc_2_8_1_g8,gcc_2_8_1_g8,matched,exact linked bytes and relocations
0x80047278,1,gcc_2_8_1_g8,gcc_2_8_1_g8,matched,exact linked bytes and relocations
0x80047314,1,gcc_2_8_1_g8,gcc_2_8_1_g8,matched,exact linked bytes and relocations
0x800473CC,1,gcc_2_8_1_g8,gcc_2_8_1_g8,matched,exact linked bytes and relocations
0x800473F0,1,gcc_2_8_1_g8,gcc_2_8_1_g8,matched,exact linked bytes and relocations
0x80047430,1,gcc_2_8_1_g8,gcc_2_8_1_g8,matched,exact linked bytes and relocations
0x80047458,1,gcc_2_8_1_g8,gcc_2_8_1_g8,matched,exact linked bytes and relocations
0x800498F8,1,gcc_2_8_1_g0,gcc_2_8_1_g0,nonmatch,byte +0x2: 03!=04; word +0x0: 0a80033c!=0a80043c; size 0x30/0x28
0x800498F8,2,gcc_2_8_1_g0,gcc_2_8_1_g0,matched,exact linked bytes and relocations
0x80049F10,1,gcc_2_8_1_g0,gcc_2_8_1_g0,matched,exact linked bytes and relocations
0x8004B6E8,1,gcc_2_8_1_g0,gcc_2_8_1_g0,nonmatch,byte +0x19: 18!=10; word +0x18: 21186200!=21104300
0x8004B6E8,2,gcc_2_8_1_g0,gcc_2_8_1_g0,nonmatch,byte +0x19: 18!=10; word +0x18: 21186200!=21104300
0x8004B6E8,3,gcc_2_8_1_g0,gcc_2_8_1_g0,matched,exact linked bytes and relocations
0x8004B70C,1,gcc_2_8_1_g0,gcc_2_8_1_g0,nonmatch,byte +0x1d: 18!=10; word +0x1c: 21186200!=21104300
0x8004B70C,2,gcc_2_8_1_g0,gcc_2_8_1_g0,nonmatch,byte +0x1d: 18!=10; word +0x1c: 21186200!=21104300
0x8004B70C,3,gcc_2_8_1_g0,gcc_2_8_1_g0,matched,exact linked bytes and relocations
0x8004BCA8,1,gcc_2_8_1_g0,gcc_2_8_1_g0,nonmatch,byte +0x22: 42!=10; word +0x20: ff004230!=ff001032
0x8004BCA8,2,gcc_2_8_1_g0,gcc_2_8_1_g0,nonmatch,byte +0x1c: 21!=ff; word +0x1c: 21804000!=ff005030; size 0x3c/0x40
0x8004BCA8,3,gcc_2_8_1_g0,gcc_2_8_1_g0,matched,exact linked bytes and relocations
0x80058E3C,1,gcc_2_8_1_g0,gcc_2_8_1_g0,nonmatch,byte +0x0: 0f!=c0; word +0x0: 0f80033c!=c0100400; relocations differ; size 0x28/0x2c
0x80058E3C,2,gcc_2_8_1_g0_split,gcc_2_8_1_g0_split,matched,exact linked bytes and relocations
0x80058E68,1,gcc_2_8_1_g0,gcc_2_8_1_g0,nonmatch,byte +0x0: 0f!=c0; word +0x0: 0f80033c!=c0100400; relocations differ; size 0x28/0x2c
0x80058E68,2,gcc_2_8_1_g0_split,gcc_2_8_1_g0_split,matched,exact linked bytes and relocations
0x80058E94,1,gcc_2_8_1_g0,gcc_2_8_1_g0,nonmatch,byte +0x0: 0f!=c0; word +0x0: 0f80033c!=c0100400; relocations differ; size 0x28/0x2c
0x80058E94,2,gcc_2_8_1_g0_split,gcc_2_8_1_g0_split,matched,exact linked bytes and relocations
0x80058F74,1,gcc_2_8_1_g0,gcc_2_8_1_g0,matched,exact linked bytes and relocations
0x800591C0,1,gcc_2_8_1_g0,gcc_2_8_1_g0,nonmatch,byte +0x24: 0f!=00; word +0x24: 0f80033c!=00190500; relocations differ
0x800591C0,2,gcc_2_8_1_g0,gcc_2_8_1_g0,matched,exact linked bytes and relocations
0x80059284,1,gcc_2_8_1_g0,gcc_2_8_1_g0,nonmatch,byte +0x0: 0f!=c0; word +0x0: 0f80033c!=c0100400; relocations differ
0x80059284,2,gcc_2_8_1_g0_split,gcc_2_8_1_g0_split,matched,exact linked bytes and relocations
0x8005949C,1,gcc_2_8_1_g0,gcc_2_8_1_g0,matched,exact linked bytes and relocations
0x80059590,1,gcc_2_8_1_g0,gcc_2_8_1_g0,matched,exact linked bytes and relocations
0x800598E4,1,gcc_2_8_1_g0,gcc_2_8_1_g0,matched,exact linked bytes and relocations
0x80059AA8,1,gcc_2_8_1_g0,gcc_2_8_1_g0,nonmatch,byte +0x0: 0f!=c0; word +0x0: 0f80033c!=c0100400; relocations differ; size 0x3c/0x38
0x80059AA8,2,gcc_2_8_1_g0,gcc_2_8_1_g0,nonmatch,byte +0x0: 0f!=c0; word +0x0: 0f80033c!=c0100400; relocations differ
0x80059AA8,3,gcc_2_8_1_g0,gcc_2_8_1_g0,nonmatch,byte +0x1d: 10!=18; word +0x1c: 21104300!=21186200
0x80059AA8,4,gcc_2_8_1_g0,gcc_2_8_1_g0,nonmatch,byte +0x1e: 43!=62; word +0x1c: 21104300!=21106200
0x80059AA8,5,gcc_2_8_1_g0,gcc_2_8_1_g0,matched,exact linked bytes and relocations
0x80059C9C,1,gcc_2_8_1_g8,gcc_2_8_1_g8,matched,exact linked bytes and relocations
0x8005B5FC,1,gcc_2_8_1_g0,gcc_2_8_1_g0,matched,exact linked bytes and relocations
0x8005B620,1,gcc_2_8_1_g0,gcc_2_8_1_g0,matched,exact linked bytes and relocations
0x8005C4F0,1,gcc_2_8_1_g0,gcc_2_8_1_g0,nonmatch,byte +0x18: 21!=01; word +0x18: 21184000!=01004324; size 0x3c/0x40
0x8005C4F0,2,gcc_2_8_1_g0,gcc_2_8_1_g0,nonmatch,byte +0x19: 18!=20; word +0x18: 21184000!=21204000; size 0x44/0x40
0x8005C4F0,3,gcc_2_8_1_g0,gcc_2_8_1_g0,nonmatch,byte +0x22: 02!=04; word +0x20: ffff0224!=ffff0424
0x8005C4F0,4,gcc_2_8_1_g0,gcc_2_8_1_g0,matched,exact linked bytes and relocations
0x8005C530,1,gcc_2_8_1_g0,gcc_2_8_1_g0,matched,exact linked bytes and relocations
0x8005F564,1,gcc_2_8_1_g8,gcc_2_8_1_g8,matched,exact linked bytes and relocations
0x8005F588,1,gcc_2_8_1_g8,gcc_2_8_1_g8,matched,exact linked bytes and relocations
0x8005FAE4,1,gcc_2_8_1_g8,gcc_2_8_1_g8,matched,exact linked bytes and relocations
0x8006C30C,1,gcc_2_8_1_g0,gcc_2_8_1_g0,matched,exact linked bytes and relocations
0x80070988,1,gcc_2_8_1_g0,gcc_2_8_1_g0,nonmatch,byte +0x14: e8!=f0; word +0x14: e85b6324!=f05b6324
0x80070988,2,gcc_2_8_1_g0,gcc_2_8_1_g0,matched,exact linked bytes and relocations
0x80071424,1,gcc_2_8_1_g0,gcc_2_8_1_g0,nonmatch,byte +0x10: 0f!=0a; word +0x10: 0f80033c!=0a80033c; relocations differ; size 0x34/0x3c
0x80071424,2,gcc_2_8_1_g0,gcc_2_8_1_g0,nonmatch,byte +0x10: 0f!=0a; word +0x10: 0f80033c!=0a80043c; relocations differ; size 0x38/0x3c
0x80071424,3,gcc_2_8_1_g0,gcc_2_8_1_g0,matched,exact linked bytes and relocations
0x80071460,1,gcc_2_8_1_g0,gcc_2_8_1_g0,nonmatch,byte +0x10: 0f!=0a; word +0x10: 0f80033c!=0a80033c; relocations differ; size 0x34/0x3c
0x80071460,2,gcc_2_8_1_g0,gcc_2_8_1_g0,nonmatch,byte +0x10: 0f!=0a; word +0x10: 0f80033c!=0a80043c; relocations differ; size 0x38/0x3c
0x80071460,3,gcc_2_8_1_g0,gcc_2_8_1_g0,matched,exact linked bytes and relocations
0x80071510,1,gcc_2_8_1_g0,gcc_2_8_1_g0,nonmatch,byte +0x12: 04!=03; word +0x10: 0f80043c!=0f80033c; relocations differ; size 0x34/0x3c
0x80071510,2,gcc_2_8_1_g0,gcc_2_8_1_g0,nonmatch,byte +0x12: 04!=03; word +0x10: 0f80043c!=0f80033c; relocations differ; size 0x38/0x3c
0x80071510,3,gcc_2_8_1_g0,gcc_2_8_1_g0,matched,exact linked bytes and relocations
0x8007164C,1,gcc_2_8_1_g0,gcc_2_8_1_g0,nonmatch,byte +0x12: 04!=03; word +0x10: 0f80043c!=0f80033c; relocations differ; size 0x34/0x3c
0x8007164C,2,gcc_2_8_1_g0,gcc_2_8_1_g0,nonmatch,byte +0x12: 04!=03; word +0x10: 0f80043c!=0f80033c; relocations differ; size 0x38/0x3c
0x8007164C,3,gcc_2_8_1_g0,gcc_2_8_1_g0,matched,exact linked bytes and relocations
0x80071688,1,gcc_2_8_1_g0,gcc_2_8_1_g0,nonmatch,byte +0x12: 04!=03; word +0x10: 0f80043c!=0f80033c; relocations differ; size 0x34/0x3c
0x80071688,2,gcc_2_8_1_g0,gcc_2_8_1_g0,nonmatch,byte +0x12: 04!=03; word +0x10: 0f80043c!=0f80033c; relocations differ; size 0x38/0x3c
0x80071688,3,gcc_2_8_1_g0,gcc_2_8_1_g0,matched,exact linked bytes and relocations
0x800716C4,1,gcc_2_8_1_g0,gcc_2_8_1_g0,nonmatch,byte +0x12: 04!=03; word +0x10: 0f80043c!=0f80033c; relocations differ; size 0x34/0x3c
0x800716C4,2,gcc_2_8_1_g0,gcc_2_8_1_g0,nonmatch,byte +0x12: 04!=03; word +0x10: 0f80043c!=0f80033c; relocations differ; size 0x38/0x3c
0x800716C4,3,gcc_2_8_1_g0,gcc_2_8_1_g0,matched,exact linked bytes and relocations
0x80072F1C,1,gcc_2_8_1_g0,gcc_2_8_1_g0,matched,exact linked bytes and relocations
0x80072F54,1,gcc_2_8_1_g0,gcc_2_8_1_g0,matched,exact linked bytes and relocations
0x80073380,1,gcc_2_8_1_g0,gcc_2_8_1_g0,nonmatch,byte +0x4: 0f!=7c; word +0x4: 0f80023c!=7c000224; relocations differ
0x80073380,2,gcc_2_8_1_g0_split,gcc_2_8_1_g0_split,nonmatch,byte +0x2: 03!=04; word +0x0: 1f000324!=1f000424; size 0x2c/0x28
0x80073380,3,gcc_2_8_1_g0,gcc_2_8_1_g0,nonmatch,byte +0x8: e8!=26; word +0x8: e85b4224!=265c4224; size 0x2c/0x28
0x80073380,4,gcc_2_8_1_g0,gcc_2_8_1_g0,matched,exact linked bytes and relocations
0x80073420,1,gcc_2_8_1_g0,gcc_2_8_1_g0,nonmatch,byte +0x2: 03!=02; word +0x0: 18000324!=18000224; relocations differ; size 0x24/0x28
0x80073420,2,gcc_2_8_1_g0_split,gcc_2_8_1_g0_split,nonmatch,byte +0xa: 42!=44; word +0x8: e85b4224!=e85b4424; size 0x24/0x28
0x80073420,3,gcc_2_8_1_g0,gcc_2_8_1_g0,nonmatch,byte +0xe: 43!=62; word +0xc: 21104300!=21106200; size 0x30/0x28
0x80073420,4,gcc_2_8_1_g0,gcc_2_8_1_g0,matched,exact linked bytes and relocations
0x80019A08,1,gcc_2_8_1_g8,gcc_2_8_1_g8,nonmatch,byte +0x2: 02!=03; word +0x0: 1880023c!=1880033c
0x80019A08,2,gcc_2_8_1_g8,gcc_2_8_1_g8,nonmatch,byte +0x2: 02!=03; word +0x0: 1880023c!=1880033c; relocations differ
0x80019A08,3,gcc_2_8_1_g8,gcc_2_8_1_g8,nonmatch,byte +0x2: 02!=03; word +0x0: 1880023c!=1880033c; relocations differ
0x80019A08,4,gcc_2_8_1_g8,gcc_2_8_1_g8,nonmatch,byte +0x2: 02!=03; word +0x0: 1880023c!=1880033c; relocations differ
0x80019A08,5,gcc_2_8_1_g8_split,gcc_2_8_1_g8_split,nonmatch,byte +0x6: 43!=47; word +0x4: d8a14324!=d8a14794; relocations differ
0x80019A08,6,gcc_2_8_1_g8_split,gcc_2_8_1_g8_split,deferred,byte +0x2: 02!=03; word +0x0: 1880023c!=1880033c; relocations differ
0x80019BA0,1,gcc_2_8_1_g8,gcc_2_8_1_g8,nonmatch,byte +0x8: 02!=08; word +0x8: 0280023c!=08008294; relocations differ
0x80019BA0,2,gcc_2_8_1_g8,gcc_2_8_1_g8,nonmatch,byte +0x8: 02!=08; word +0x8: 0280023c!=08008294; relocations differ
0x80019BA0,3,gcc_2_8_1_g8,gcc_2_8_1_g8,nonmatch,byte +0x0: 01!=08; word +0x0: 01000224!=08008394; relocations differ
0x80019BA0,4,gcc_2_8_1_g8,gcc_2_8_1_g8,nonmatch,byte +0x8: 02!=08; word +0x8: 0280023c!=08008294; relocations differ
0x80019BA0,5,gcc_2_8_1_g8,gcc_2_8_1_g8,nonmatch,byte +0x0: 01!=08; word +0x0: 01000224!=08008394; relocations differ
0x80019BA0,6,gcc_2_8_1_g8,gcc_2_8_1_g8,deferred,byte +0x0: 01!=08; word +0x0: 01000224!=08008394; relocations differ
0x8002497C,1,gcc_2_8_1_g0,gcc_2_8_1_g0,nonmatch,byte +0xc: 04!=03; word +0xc: 04004010!=03004010; relocations differ
0x8002497C,2,gcc_2_8_1_g0,gcc_2_8_1_g0,nonmatch,byte +0x16: 62!=82; word +0x14: 14006228!=14008228; relocations differ
0x8002497C,3,gcc_2_8_1_g0_split,gcc_2_8_1_g0_split,nonmatch,byte +0x2: 02!=06; word +0x0: 0a80023c!=0a80063c; relocations differ
0x8002497C,4,gcc_2_8_1_g0,gcc_2_8_1_g0,nonmatch,byte +0xc: 04!=10; word +0xc: 04004010!=10004010; relocations differ
0x8002497C,5,gcc_2_8_1_g0,gcc_2_8_1_g0,nonmatch,byte +0x1c: 09!=40; word +0x1c: 0980043c!=40100400; relocations differ
0x8002497C,6,gcc_2_8_1_g0,gcc_2_8_1_g0,deferred,byte +0x0: 0a!=21; word +0x0: 0a80023c!=21288000; relocations differ
0x80026C0C,1,gcc_2_8_1_g8,gcc_2_8_1_g8,nonmatch,byte +0x2: 82!=83; word +0x0: cd028293!=cd028393; relocations differ
0x80026C0C,2,gcc_2_8_1_g8,gcc_2_8_1_g8,nonmatch,byte +0x2: 82!=83; word +0x0: cd028293!=cd028393
0x80026C0C,3,gcc_2_8_1_g8,gcc_2_8_1_g8,nonmatch,byte +0x2: 82!=83; word +0x0: cd028293!=cd028393
0x80026C0C,4,gcc_2_8_1_g8,gcc_2_8_1_g8,nonmatch,byte +0x15: 20!=10; word +0x14: c0200300!=c0100300
0x80026C0C,5,gcc_2_8_1_g8,gcc_2_8_1_g8,nonmatch,byte +0x3c: 21!=00; word +0x3c: 21106500!=00000000
0x80026C0C,6,gcc_2_8_1_g8,gcc_2_8_1_g8,deferred,byte +0x3d: 10!=30; word +0x3c: 21106500!=21306500
0x80014390,1,gcc_2_8_1_g8,gcc_2_8_1_g8,nonmatch,/home/superconta/data/share/yugioh/tools/toolchains/binutils-2.42/bin/mipsel-none-elf-ld failed (1): /home/superconta/data/share/yugioh/tools/toolchains/binutils-2.42/bin/mipsel-none-elf-ld: small-data section too large; lower small-data size limit (see option -G) /home/superconta/data/share/yugioh/tmp/agents/wave2-early/build/80014390/v1/candidate.o: in function `func_80014390': (.text+0x24): relocation truncated to fit: R_MIPS_GPREL16 against `D_800E9E90' 
0x80014390,2,gcc_2_8_1_g8,gcc_2_8_1_g8,nonmatch,byte +0x1c: 21!=03; word +0x1c: 21184000!=03004018
0x80014390,3,gcc_2_8_1_g8,gcc_2_8_1_g8,nonmatch,byte +0x1c: 21!=03; word +0x1c: 21184000!=03004018
0x80014390,4,gcc_2_8_1_g8_split,gcc_2_8_1_g8_split,matched,exact linked bytes and relocations
0x800156DC,1,gcc_2_8_1_g8,gcc_2_8_1_g8,nonmatch,byte +0x1c: c8!=ce; word +0x1c: c89e4224!=ce9e4224
0x800156DC,2,gcc_2_8_1_g8,gcc_2_8_1_g8,matched,exact linked bytes and relocations
0x8001572C,1,gcc_2_8_1_g8,gcc_2_8_1_g8,nonmatch,/home/superconta/data/share/yugioh/tools/toolchains/binutils-2.42/bin/mipsel-none-elf-ld failed (1): /home/superconta/data/share/yugioh/tools/toolchains/binutils-2.42/bin/mipsel-none-elf-ld: small-data section too large; lower small-data size limit (see option -G) /home/superconta/data/share/yugioh/tmp/agents/wave2-early/build/8001572C/v1/candidate.o: in function `func_8001572C': (.text+0x14): relocation truncated to fit: R_MIPS_GPREL16 against `D_800E9EC8' (.text+0x1c): relocation truncated to fit: R_MIPS_GPREL16 against `D_800E9EC8' (.text+0x24): relocation truncated to fit: R_MIPS_GPREL16 against `D_800E9EC8' 
0x8001572C,2,gcc_2_8_1_g8,gcc_2_8_1_g8,nonmatch,byte +0xe: 03!=02; word +0xc: ff00033c!=ff00023c; relocations differ
0x8001572C,3,gcc_2_8_1_g8,gcc_2_8_1_g8,nonmatch,byte +0xe: 03!=02; word +0xc: ff00033c!=ff00023c; relocations differ
0x8001572C,4,gcc_2_8_1_g8_split,gcc_2_8_1_g8_split,matched,exact linked bytes and relocations
0x80015780,1,gcc_2_8_1_g8,gcc_2_8_1_g8,matched,exact linked bytes and relocations
0x8001581C,1,gcc_2_8_1_g8,gcc_2_8_1_g8,nonmatch,/home/superconta/data/share/yugioh/tools/toolchains/binutils-2.42/bin/mipsel-none-elf-ld failed (1): /home/superconta/data/share/yugioh/tools/toolchains/binutils-2.42/bin/mipsel-none-elf-ld: small-data section too large; lower small-data size limit (see option -G) /home/superconta/data/share/yugioh/tmp/agents/wave2-early/build/8001581C/v1/candidate.o: in function `func_8001581C': (.text+0x1c): relocation truncated to fit: R_MIPS_GPREL16 against `D_800E9EC8' (.text+0x28): relocation truncated to fit: R_MIPS_GPREL16 against `D_800E9EC8' 
0x8001581C,2,gcc_2_8_1_g8,gcc_2_8_1_g8,nonmatch,byte +0x26: 04!=10; word +0x24: c89e04ae!=c89e1026; relocations differ
0x8001581C,3,gcc_2_8_1_g8,gcc_2_8_1_g8,nonmatch,byte +0x26: 04!=10; word +0x24: c89e04ae!=c89e1026; relocations differ
0x8001581C,4,gcc_2_8_1_g8_split,gcc_2_8_1_g8_split,matched,exact linked bytes and relocations
0x80015870,1,gcc_2_8_1_g8,gcc_2_8_1_g8,nonmatch,/home/superconta/data/share/yugioh/tools/toolchains/binutils-2.42/bin/mipsel-none-elf-ld failed (1): /home/superconta/data/share/yugioh/tools/toolchains/binutils-2.42/bin/mipsel-none-elf-ld: small-data section too large; lower small-data size limit (see option -G) /home/superconta/data/share/yugioh/tmp/agents/wave2-early/build/80015870/v1/candidate.o: in function `func_80015870': (.text+0x14): relocation truncated to fit: R_MIPS_GPREL16 against `D_800E9EC8' (.text+0x1c): relocation truncated to fit: R_MIPS_GPREL16 against `D_800E9EC8' (.text+0x24): relocation truncated to fit: R_MIPS_GPREL16 against `D_800E9EC8' 
0x80015870,2,gcc_2_8_1_g8,gcc_2_8_1_g8,nonmatch,byte +0xe: 03!=02; word +0xc: ff00033c!=ff00023c; relocations differ
0x80015870,3,gcc_2_8_1_g8,gcc_2_8_1_g8,nonmatch,byte +0xe: 03!=02; word +0xc: ff00033c!=ff00023c; relocations differ
0x80015870,4,gcc_2_8_1_g8_split,gcc_2_8_1_g8_split,matched,exact linked bytes and relocations
0x800158B8,1,gcc_2_8_1_g8,gcc_2_8_1_g8,matched,exact linked bytes and relocations
0x80015944,1,gcc_2_8_1_g8,gcc_2_8_1_g8,nonmatch,/home/superconta/data/share/yugioh/tools/toolchains/binutils-2.42/bin/mipsel-none-elf-ld failed (1): /home/superconta/data/share/yugioh/tools/toolchains/binutils-2.42/bin/mipsel-none-elf-ld: small-data section too large; lower small-data size limit (see option -G) /home/superconta/data/share/yugioh/tmp/agents/wave2-early/build/80015944/v1/candidate.o: in function `func_80015944': (.text+0x1c): relocation truncated to fit: R_MIPS_GPREL16 against `D_800E9EC8' (.text+0x28): relocation truncated to fit: R_MIPS_GPREL16 against `D_800E9EC8' 
0x80015944,2,gcc_2_8_1_g8,gcc_2_8_1_g8,nonmatch,byte +0x26: 04!=10; word +0x24: c89e04ae!=c89e1026; relocations differ
0x80015944,3,gcc_2_8_1_g8,gcc_2_8_1_g8,nonmatch,byte +0x26: 04!=10; word +0x24: c89e04ae!=c89e1026; relocations differ
0x80015944,4,gcc_2_8_1_g8_split,gcc_2_8_1_g8_split,matched,exact linked bytes and relocations
0x80015A50,1,gcc_2_8_1_g8,gcc_2_8_1_g8,nonmatch,/home/superconta/data/share/yugioh/tools/toolchains/binutils-2.42/bin/mipsel-none-elf-ld failed (1): /home/superconta/data/share/yugioh/tools/toolchains/binutils-2.42/bin/mipsel-none-elf-ld: small-data section too large; lower small-data size limit (see option -G) /home/superconta/data/share/yugioh/tmp/agents/wave2-early/build/80015A50/v1/candidate.o: in function `func_80015A50': (.text+0x10): relocation truncated to fit: R_MIPS_GPREL16 against `D_800E9EC8' (.text+0x1c): relocation truncated to fit: R_MIPS_GPREL16 against `D_800E9EC8' 
0x80015A50,2,gcc_2_8_1_g8,gcc_2_8_1_g8,matched,exact linked bytes and relocations
0x80015A94,1,gcc_2_8_1_g8,gcc_2_8_1_g8,nonmatch,/home/superconta/data/share/yugioh/tools/toolchains/binutils-2.42/bin/mipsel-none-elf-ld failed (1): /home/superconta/data/share/yugioh/tools/toolchains/binutils-2.42/bin/mipsel-none-elf-ld: small-data section too large; lower small-data size limit (see option -G) /home/superconta/data/share/yugioh/tmp/agents/wave2-early/build/80015A94/v1/candidate.o: in function `func_80015A94': (.text+0x10): relocation truncated to fit: R_MIPS_GPREL16 against `D_800E9EC8' (.text+0x1c): relocation truncated to fit: R_MIPS_GPREL16 against `D_800E9EC8' 
0x80015A94,2,gcc_2_8_1_g8,gcc_2_8_1_g8,matched,exact linked bytes and relocations
0x80015B50,1,gcc_2_8_1_g8,gcc_2_8_1_g8,nonmatch,/home/superconta/data/share/yugioh/tools/toolchains/binutils-2.42/bin/mipsel-none-elf-ld failed (1): /home/superconta/data/share/yugioh/tools/toolchains/binutils-2.42/bin/mipsel-none-elf-ld: small-data section too large; lower small-data size limit (see option -G) /home/superconta/data/share/yugioh/tmp/agents/wave2-early/build/80015B50/v1/candidate.o: in function `func_80015B50': (.text+0x10): relocation truncated to fit: R_MIPS_GPREL16 against `D_800E9EC8' (.text+0x1c): relocation truncated to fit: R_MIPS_GPREL16 against `D_800E9EC8' 
0x80015B50,2,gcc_2_8_1_g8,gcc_2_8_1_g8,matched,exact linked bytes and relocations
0x80015B94,1,gcc_2_8_1_g8,gcc_2_8_1_g8,nonmatch,/home/superconta/data/share/yugioh/tools/toolchains/binutils-2.42/bin/mipsel-none-elf-ld failed (1): /home/superconta/data/share/yugioh/tools/toolchains/binutils-2.42/bin/mipsel-none-elf-ld: small-data section too large; lower small-data size limit (see option -G) /home/superconta/data/share/yugioh/tmp/agents/wave2-early/build/80015B94/v1/candidate.o: in function `func_80015B94': (.text+0x10): relocation truncated to fit: R_MIPS_GPREL16 against `D_800E9EC8' (.text+0x1c): relocation truncated to fit: R_MIPS_GPREL16 against `D_800E9EC8' 
0x80015B94,2,gcc_2_8_1_g8,gcc_2_8_1_g8,matched,exact linked bytes and relocations
0x80015DB8,1,gcc_2_8_1_g8,gcc_2_8_1_g8,nonmatch,byte +0x1e: 03!=01; word +0x1c: 0f80033c!=0f80013c; relocations differ
0x80015DB8,2,gcc_2_8_1_g8,gcc_2_8_1_g8,nonmatch,byte +0x1e: 03!=01; word +0x1c: 0f80033c!=0f80013c; relocations differ
0x80015DB8,3,gcc_2_8_1_g8_split,gcc_2_8_1_g8_split,matched,exact linked bytes and relocations
0x8001755C,1,gcc_2_8_1_g8,gcc_2_8_1_g8,nonmatch,/home/superconta/data/share/yugioh/tools/toolchains/binutils-2.42/bin/mipsel-none-elf-ld failed (1): /home/superconta/data/share/yugioh/tools/toolchains/binutils-2.42/bin/mipsel-none-elf-ld: small-data section too large; lower small-data size limit (see option -G) /home/superconta/data/share/yugioh/tmp/agents/wave2-early/build/8001755C/v1/candidate.o: in function `func_8001755C': (.text+0x24): relocation truncated to fit: R_MIPS_GPREL16 against `D_80010000' 
0x8001755C,2,gcc_2_8_1_g8,gcc_2_8_1_g8,matched,exact linked bytes and relocations
0x80019CC8,1,gcc_2_8_1_g8,gcc_2_8_1_g8,nonmatch,byte +0x8: 0d!=0b; word +0x8: 0d004014!=0b004014; relocations differ
0x80019CC8,2,gcc_2_8_1_g8,gcc_2_8_1_g8,matched,exact linked bytes and relocations
0x8001EF1C,1,gcc_2_8_1_g8,gcc_2_8_1_g8,nonmatch,byte +0x10: 18!=21; word +0x10: 1800bfaf!=2188a000; relocations differ
0x8001EF1C,2,gcc_2_8_1_g8,gcc_2_8_1_g8,nonmatch,byte +0x10: 18!=21; word +0x10: 1800bfaf!=2188a000; relocations differ
0x8001EF1C,3,gcc_2_8_1_g8,gcc_2_8_1_g8,matched,exact linked bytes and relocations
0x8001EF78,1,gcc_2_8_1_g8,gcc_2_8_1_g8,nonmatch,byte +0x10: 18!=21; word +0x10: 1800bfaf!=2188a000; relocations differ
0x8001EF78,2,gcc_2_8_1_g8,gcc_2_8_1_g8,nonmatch,byte +0x10: 18!=21; word +0x10: 1800bfaf!=2188a000; relocations differ
0x8001EF78,3,gcc_2_8_1_g8,gcc_2_8_1_g8,matched,exact linked bytes and relocations
0x80020EE8,1,gcc_2_8_1_g8,gcc_2_8_1_g8,matched,exact linked bytes and relocations
0x80021894,1,gcc_2_8_1_g8,gcc_2_8_1_g8,nonmatch,byte +0x2: 02!=05; word +0x0: 1d80023c!=1d80053c; relocations differ
0x80021894,2,gcc_2_8_1_g8,gcc_2_8_1_g8,nonmatch,byte +0x2: 02!=05; word +0x0: 1d80023c!=1d80053c
0x80021894,3,gcc_2_8_1_g8,gcc_2_8_1_g8,nonmatch,byte +0x2: 02!=06; word +0x0: 1d80023c!=1d80063c
0x80021894,4,gcc_2_8_1_g8,gcc_2_8_1_g8,nonmatch,byte +0x2: 02!=06; word +0x0: 1d80023c!=1d80063c
0x80021894,5,gcc_2_8_1_g8_split,gcc_2_8_1_g8_split,matched,exact linked bytes and relocations
0x80022618,1,gcc_2_8_1_g8,gcc_2_8_1_g8,nonmatch,byte +0x10: 01!=24; word +0x10: 0180043c!=24008593; relocations differ
0x80022618,2,gcc_2_8_1_g8,gcc_2_8_1_g8,nonmatch,byte +0x10: 01!=24; word +0x10: 0180043c!=24008593; relocations differ
0x80022618,3,gcc_2_8_1_g8_split,gcc_2_8_1_g8_split,nonmatch,byte +0x6: bf!=b0; word +0x4: 1000bfaf!=1000b0af; relocations differ
0x80022618,4,gcc_2_8_1_g8_split,gcc_2_8_1_g8_split,nonmatch,byte +0x32: 04!=02; word +0x30: 0180043c!=0180023c; relocations differ
0x80022618,5,gcc_2_8_1_g8_split,gcc_2_8_1_g8_split,nonmatch,byte +0x44: e1!=21; word +0x44: e1fb010c!=21280000; relocations differ
0x80022618,6,gcc_2_8_1_g8_split,gcc_2_8_1_g8_split,matched,exact linked bytes and relocations
0x80022F98,1,gcc_2_8_1_g8,gcc_2_8_1_g8,nonmatch,byte +0x22: a2!=84; word +0x20: 3200a294!=32008494; relocations differ
0x80022F98,2,gcc_2_8_1_g8,gcc_2_8_1_g8,nonmatch,byte +0x0: 13!=14; word +0x0: 1300a010!=1400a010
0x80022F98,3,gcc_2_8_1_g8,gcc_2_8_1_g8,nonmatch,byte +0x0: 13!=14; word +0x0: 1300a010!=1400a010; relocations differ
0x80022F98,4,gcc_2_8_1_g8,gcc_2_8_1_g8,nonmatch,byte +0x0: 13!=14; word +0x0: 1300a010!=1400a010
0x80022F98,5,gcc_2_8_1_g8,gcc_2_8_1_g8,matched,exact linked bytes and relocations
0x8002348C,1,gcc_2_8_1_g8,gcc_2_8_1_g8,nonmatch,byte +0x4: 09!=10; word +0x4: 0980063c!=1000bfaf; relocations differ
0x8002348C,2,gcc_2_8_1_g8,gcc_2_8_1_g8,nonmatch,byte +0x4: 09!=10; word +0x4: 0980063c!=1000bfaf; relocations differ
0x8002348C,3,gcc_2_8_1_g8_split,gcc_2_8_1_g8_split,matched,exact linked bytes and relocations
0x800245A0,1,gcc_2_8_1_g8,gcc_2_8_1_g8,nonmatch,byte +0x0: e0!=e8; word +0x0: e0ffbd27!=e8ffbd27; relocations differ
0x800245A0,2,gcc_2_8_1_g8,gcc_2_8_1_g8,matched,exact linked bytes and relocations
0x80024DC8,1,gcc_2_8_1_g0,gcc_2_8_1_g0,matched,exact linked bytes and relocations
0x80025EE0,1,gcc_2_8_1_g8,gcc_2_8_1_g8,matched,exact linked bytes and relocations
0x80029108,1,gcc_2_8_1_g0,gcc_2_8_1_g0,matched,exact linked bytes and relocations
0x8002A660,1,gcc_2_8_1_g0,gcc_2_8_1_g0,nonmatch,byte +0x2: 82!=83; word +0x0: 0a008284!=0a008384
0x8002A660,2,gcc_2_8_1_g0,gcc_2_8_1_g0,nonmatch,byte +0x2: 82!=83; word +0x0: 0a008284!=0a008384
0x8002A660,3,gcc_2_8_1_g0,gcc_2_8_1_g0,nonmatch,byte +0x1: 00!=80; word +0x0: 0a008284!=0a80033c
0x8002A660,4,gcc_2_8_1_g0,gcc_2_8_1_g0,nonmatch,byte +0x1: 00!=80; word +0x0: 0a008284!=0a80033c
0x8002A660,5,gcc_2_8_1_g0,gcc_2_8_1_g0,nonmatch,byte +0xc: 0a!=00; word +0xc: 0a80013c!=00000000
0x8002A660,6,gcc_2_8_1_g0,gcc_2_8_1_g0,deferred,byte +0x18: 40!=0a; word +0x18: 4000a228!=0a008394
0x800358A0,1,gcc_2_8_1_g0,gcc_2_8_1_g0,nonmatch,byte +0x4: 10!=14; word +0x4: 1000b0af!=1400b1af
0x800358A0,2,gcc_2_8_1_g0,gcc_2_8_1_g0,nonmatch,"/home/superconta/data/share/yugioh/tools/toolchains/gcc-2.8.1-psx/bin/mips-sony-psx-gcc failed (1):
mips-sony-psx-gcc: Internal compiler error: program cc1 got fatal signal 11
"
0x800358A0,3,gcc_2_8_1_g0,gcc_2_8_1_g0,nonmatch,"/home/superconta/data/share/yugioh/tools/toolchains/gcc-2.8.1-psx/bin/mips-sony-psx-gcc failed (1):
mips-sony-psx-gcc: Internal compiler error: program cc1 got fatal signal 11
"
0x800358A0,4,gcc_2_8_1_g0,gcc_2_8_1_g0,nonmatch,byte +0x4: 10!=14; word +0x4: 1000b0af!=1400b1af
0x800358A0,5,gcc_2_8_1_g0,gcc_2_8_1_g0,nonmatch,byte +0x10: 18!=21; word +0x10: 1800bfaf!=2188c000
0x800358A0,6,gcc_2_8_1_g0,gcc_2_8_1_g0,deferred,byte +0x34: fa!=f9; word +0x34: faff4014!=f9ff4014
0x8003594C,1,gcc_2_8_1_g8,gcc_2_8_1_g8,nonmatch,byte +0x34: 0a!=ec; word +0x34: 0a80023c!=ec01828f
0x8003594C,2,gcc_2_8_1_g8,gcc_2_8_1_g8,nonmatch,byte +0x24: 00!=0a; word +0x24: 0002033c!=0a80053c
0x8003594C,3,gcc_2_8_1_g8,gcc_2_8_1_g8,nonmatch,byte +0x24: 00!=0a; word +0x24: 0002033c!=0a80053c
0x8003594C,4,gcc_2_8_1_g8,gcc_2_8_1_g8,nonmatch,byte +0x24: 00!=0a; word +0x24: 0002033c!=0a80053c
0x8003594C,5,gcc_2_8_1_g8,gcc_2_8_1_g8,nonmatch,byte +0x1c: 21!=80; word +0x1c: 21200002!=80000224
0x8003594C,6,gcc_2_8_1_g8,gcc_2_8_1_g8,deferred,byte +0x0: e0!=e8; word +0x0: e0ffbd27!=e8ffbd27
0x80029528,1,gcc_2_8_1_g0,gcc_2_8_1_g0,matched,exact linked bytes and relocations
0x8002C484,1,gcc_2_8_1_g0,gcc_2_8_1_g0,matched,exact linked bytes and relocations
0x8002C518,1,gcc_2_8_1_g0,gcc_2_8_1_g0,nonmatch,byte +0x4: 1d!=10; word +0x4: 1d80023c!=1000bfaf
0x8002C518,2,gcc_2_8_1_g0_split,gcc_2_8_1_g0_split,nonmatch,byte +0xd: 10!=20; word +0xc: 21108200!=21208200
0x8002C518,3,gcc_2_8_1_g0_split,gcc_2_8_1_g0_split,matched,exact linked bytes and relocations
0x8002CD48,1,gcc_2_8_1_g0,gcc_2_8_1_g0,matched,exact linked bytes and relocations
0x8002CD8C,1,gcc_2_8_1_g0,gcc_2_8_1_g0,matched,exact linked bytes and relocations
0x8002CE08,1,gcc_2_8_1_g8,gcc_2_8_1_g8,matched,exact linked bytes and relocations
0x8002D3F8,1,gcc_2_8_1_g8,gcc_2_8_1_g8,matched,exact linked bytes and relocations
0x8002D62C,1,gcc_2_8_1_g8,gcc_2_8_1_g8,nonmatch,byte +0x34: 04!=03; word +0x34: 04004010!=03004010
0x8002D62C,2,gcc_2_8_1_g8,gcc_2_8_1_g8,nonmatch,byte +0x34: 04!=03; word +0x34: 04004010!=03004010
0x8002D62C,3,gcc_2_8_1_g8,gcc_2_8_1_g8,matched,exact linked bytes and relocations
0x8002D684,1,gcc_2_8_1_g8,gcc_2_8_1_g8,matched,exact linked bytes and relocations
0x8002E00C,1,gcc_2_8_1_g0,gcc_2_8_1_g0,matched,exact linked bytes and relocations
0x8002E370,1,gcc_2_8_1_g0,gcc_2_8_1_g0,nonmatch,byte +0x0: 02!=0f; word +0x0: 02000524!=0f80053c
0x8002E370,2,gcc_2_8_1_g0,gcc_2_8_1_g0,nonmatch,byte +0x4: 0f!=98; word +0x4: 0f80023c!=98000324
0x8002E370,3,gcc_2_8_1_g0,gcc_2_8_1_g0,nonmatch,byte +0x6: 02!=03; word +0x4: 0f80023c!=0f80033c
0x8002E370,4,gcc_2_8_1_g0,gcc_2_8_1_g0,matched,exact linked bytes and relocations
0x8002F9D4,1,gcc_2_8_1_g8,gcc_2_8_1_g8,nonmatch,byte +0x24: 97!=25; word +0x24: 97bb000c!=25806200
0x8002F9D4,2,gcc_2_8_1_g8,gcc_2_8_1_g8,nonmatch,byte +0x2c: 04!=05; word +0x2c: 04004014!=05004014
0x8002F9D4,3,gcc_2_8_1_g8,gcc_2_8_1_g8,nonmatch,byte +0x2c: 04!=05; word +0x2c: 04004014!=05004014
0x8002F9D4,4,gcc_2_8_1_g8_split,gcc_2_8_1_g8_split,matched,exact linked bytes and relocations
0x80030250,1,gcc_2_8_1_g8,gcc_2_8_1_g8,matched,exact linked bytes and relocations
0x80030E30,1,gcc_2_8_1_g8,gcc_2_8_1_g8,nonmatch,byte +0xc: 06!=05; word +0xc: 06004014!=05004014
0x80030E30,2,gcc_2_8_1_g8,gcc_2_8_1_g8,matched,exact linked bytes and relocations
0x80030E7C,1,gcc_2_8_1_g8,gcc_2_8_1_g8,nonmatch,byte +0xc: 06!=05; word +0xc: 06004014!=05004014
0x80030E7C,2,gcc_2_8_1_g8,gcc_2_8_1_g8,matched,exact linked bytes and relocations
0x80031E04,1,gcc_2_8_1_g0,gcc_2_8_1_g0,matched,exact linked bytes and relocations
0x80032328,1,gcc_2_8_1_g0,gcc_2_8_1_g0,matched,exact linked bytes and relocations
0x800358FC,1,gcc_2_8_1_g0,gcc_2_8_1_g0,matched,exact linked bytes and relocations
0x80035A64,1,gcc_2_8_1_g0,gcc_2_8_1_g0,nonmatch,byte +0x8: 04!=0f; word +0x8: 04000324!=0f80033c
0x80035A64,2,gcc_2_8_1_g0,gcc_2_8_1_g0,nonmatch,byte +0x8: 04!=21; word +0x8: 04000324!=21200000
0x80035A64,3,gcc_2_8_1_g0,gcc_2_8_1_g0,nonmatch,byte +0x10: f8!=20; word +0x10: f8b04224!=20b14224
0x80035A64,4,gcc_2_8_1_g0,gcc_2_8_1_g0,nonmatch,byte +0xa: 03!=04; word +0x8: 04000324!=04000424
0x80035A64,5,gcc_2_8_1_g0,gcc_2_8_1_g0,matched,exact linked bytes and relocations
0x80035BE4,1,gcc_2_8_1_g0,gcc_2_8_1_g0,matched,exact linked bytes and relocations
0x80036BCC,1,gcc_2_8_1_g0,gcc_2_8_1_g0,nonmatch,byte +0x2: 02!=06; word +0x0: 1e80023c!=1e80063c
0x80036BCC,2,gcc_2_8_1_g0_split,gcc_2_8_1_g0_split,nonmatch,byte +0x8: 1e!=21; word +0x8: 1e80023c!=2128c000
0x80036BCC,3,gcc_2_8_1_g0_split,gcc_2_8_1_g0_split,nonmatch,byte +0x2: 02!=05; word +0x0: 1e80023c!=1e80053c
0x80036BCC,4,gcc_2_8_1_g0_split,gcc_2_8_1_g0_split,nonmatch,byte +0x8: 1e!=74; word +0x8: 1e80023c!=74914524
0x80036BCC,5,gcc_2_8_1_g0_split,gcc_2_8_1_g0_split,matched,exact linked bytes and relocations
0x80036D70,1,gcc_2_8_1_g0,gcc_2_8_1_g0,matched,exact linked bytes and relocations
0x800373C8,1,gcc_2_8_1_g0,gcc_2_8_1_g0,nonmatch,byte +0x2: 82!=83; word +0x0: 5c008294!=5c008394
0x800373C8,2,gcc_2_8_1_g0,gcc_2_8_1_g0,nonmatch,byte +0x2: 82!=83; word +0x0: 5c008294!=5c008394
0x800373C8,3,gcc_2_8_1_g0,gcc_2_8_1_g0,nonmatch,byte +0x1c: 0b!=0c; word +0x1c: 0b008010!=0c008010
0x800373C8,4,gcc_2_8_1_g0,gcc_2_8_1_g0,nonmatch,byte +0x1c: 0b!=0c; word +0x1c: 0b008010!=0c008010
0x800373C8,5,gcc_2_8_1_g0,gcc_2_8_1_g0,matched,exact linked bytes and relocations
0x800374A8,1,gcc_2_8_1_g0,gcc_2_8_1_g0,matched,exact linked bytes and relocations
0x8003787C,1,gcc_2_8_1_g8,gcc_2_8_1_g8,nonmatch,byte +0x2a: 84!=82; word +0x28: 2004848f!=2004828f
0x8003787C,2,gcc_2_8_1_g8,gcc_2_8_1_g8,matched,exact linked bytes and relocations
0x800379F8,1,gcc_2_8_1_g8,gcc_2_8_1_g8,nonmatch,byte +0x40: 00!=ff; word +0x40: 00140200!=ffff4230
0x800379F8,2,gcc_2_8_1_g8,gcc_2_8_1_g8,matched,exact linked bytes and relocations
0x80037CE0,1,gcc_2_8_1_g8,gcc_2_8_1_g8,nonmatch,byte +0x10: 0c!=0e; word +0x10: 0c004014!=0e004014
0x80037CE0,2,gcc_2_8_1_g8,gcc_2_8_1_g8,nonmatch,byte +0x1e: 82!=83; word +0x1c: 34008294!=34008394
0x80037CE0,3,gcc_2_8_1_g8,gcc_2_8_1_g8,nonmatch,byte +0x2c: ff!=30; word +0x2c: ffef4230!=30006330
0x80037CE0,4,gcc_2_8_1_g8,gcc_2_8_1_g8,matched,exact linked bytes and relocations
0x80038498,1,gcc_2_8_1_g8,gcc_2_8_1_g8,nonmatch,byte +0x0: 21!=58; word +0x0: 21288000!=58008280
0x80038498,2,gcc_2_8_1_g8,gcc_2_8_1_g8,nonmatch,byte +0x6: a3!=a2; word +0x4: 5800a380!=5800a280
0x80038498,3,gcc_2_8_1_g8,gcc_2_8_1_g8,nonmatch,byte +0x6: a3!=a2; word +0x4: 5800a380!=5800a280
0x80038498,4,gcc_2_8_1_g8,gcc_2_8_1_g8,nonmatch,byte +0x30: 1d!=00; word +0x30: 1d80033c!=00000000
0x80038498,5,gcc_2_8_1_g8,gcc_2_8_1_g8,nonmatch,byte +0x30: 1d!=00; word +0x30: 1d80033c!=00000000
0x80038498,6,gcc_2_8_1_g8,gcc_2_8_1_g8,deferred,byte +0x2c: 05!=06; word +0x2c: 05004010!=06004010
0x80038B4C,1,gcc_2_8_1_g8,gcc_2_8_1_g8,nonmatch,byte +0xa: 83!=82; word +0x8: 58008380!=58008280
0x80038B4C,2,gcc_2_8_1_g8,gcc_2_8_1_g8,nonmatch,byte +0xa: 83!=82; word +0x8: 58008380!=58008280
0x80038B4C,3,gcc_2_8_1_g8,gcc_2_8_1_g8,nonmatch,byte +0xa: 83!=82; word +0x8: 58008380!=58008280
0x80038B4C,4,gcc_2_8_1_g8,gcc_2_8_1_g8,nonmatch,byte +0x15: 18!=20; word +0x14: 21188300!=21208300
0x80038B4C,5,gcc_2_8_1_g8,gcc_2_8_1_g8,nonmatch,byte +0xa: 83!=82; word +0x8: 58008380!=58008280
0x80038B4C,6,gcc_2_8_1_g8,gcc_2_8_1_g8,deferred,cannot infer link address for undefined symbol __builtin_unreachable
0x80038024,1,gcc_2_8_1_g8,gcc_2_8_1_g8,matched,exact linked bytes and relocations
0x80038334,1,gcc_2_8_1_g8,gcc_2_8_1_g8,nonmatch,byte +0x2: 83!=82; word +0x0: 58008380!=58008280
0x80038334,2,gcc_2_8_1_g8,gcc_2_8_1_g8,matched,exact linked bytes and relocations
0x800384E4,1,gcc_2_8_1_g8,gcc_2_8_1_g8,nonmatch,byte +0xa: a3!=a4; word +0x8: 5800a380!=5800a480
0x800384E4,2,gcc_2_8_1_g8,gcc_2_8_1_g8,nonmatch,byte +0x2c: 05!=ff; word +0x2c: 05008010!=ff008430
0x800384E4,3,gcc_2_8_1_g8,gcc_2_8_1_g8,matched,exact linked bytes and relocations
0x80038AB0,1,gcc_2_8_1_g8,gcc_2_8_1_g8,nonmatch,byte +0x26: 43!=50; word +0x24: 00004390!=00005090
0x80038AB0,2,gcc_2_8_1_g8,gcc_2_8_1_g8,nonmatch,byte +0x2c: 21!=ff; word +0x2c: 21806000!=ff007030
0x80038AB0,3,gcc_2_8_1_g8,gcc_2_8_1_g8,matched,exact linked bytes and relocations
0x80038B08,1,gcc_2_8_1_g8,gcc_2_8_1_g8,matched,exact linked bytes and relocations
0x80038BA8,1,gcc_2_8_1_g8,gcc_2_8_1_g8,matched,exact linked bytes and relocations
0x80038E1C,1,gcc_2_8_1_g8,gcc_2_8_1_g8,matched,exact linked bytes and relocations
0x80038E7C,1,gcc_2_8_1_g8,gcc_2_8_1_g8,nonmatch,byte +0x14: 05!=06; word +0x14: 05004104!=06004104
0x80038E7C,2,gcc_2_8_1_g8,gcc_2_8_1_g8,matched,exact linked bytes and relocations
0x80039A14,1,gcc_2_8_1_g8,gcc_2_8_1_g8,matched,exact linked bytes and relocations
0x80039A60,1,gcc_2_8_1_g8,gcc_2_8_1_g8,matched,exact linked bytes and relocations
0x80039F44,1,gcc_2_8_1_g8,gcc_2_8_1_g8,nonmatch,byte +0x1c: 32!=36; word +0x1c: 320000a2!=360002a6
0x80039F44,2,gcc_2_8_1_g8,gcc_2_8_1_g8,matched,exact linked bytes and relocations
0x80039F90,1,gcc_2_8_1_g8,gcc_2_8_1_g8,matched,exact linked bytes and relocations
0x8003A198,1,gcc_2_8_1_g8,gcc_2_8_1_g8,nonmatch,byte +0x6: 85!=a4; word +0x4: 21288500!=2128a400
0x8003A198,2,gcc_2_8_1_g8,gcc_2_8_1_g8,matched,exact linked bytes and relocations
0x8003B9BC,1,gcc_2_8_1_g8,gcc_2_8_1_g8,nonmatch,/home/superconta/data/share/yugioh/tools/toolchains/binutils-2.42/bin/mipsel-none-elf-ld failed (1): /home/superconta/data/share/yugioh/tools/toolchains/binutils-2.42/bin/mipsel-none-elf-ld: small-data section too large; lower small-data size limit (see option -G) /home/superconta/data/share/yugioh/tmp/agents/wave2-3xx/build/8003B9BC/v1/candidate.o: in function `func_8003B9BC': (.text+0x38): relocation truncated to fit: R_MIPS_GPREL16 against `D_80010000' 
0x8003B9BC,2,gcc_2_8_1_g0,gcc_2_8_1_g0,matched,exact linked bytes and relocations
0x8003BBF8,1,gcc_2_8_1_g8,gcc_2_8_1_g8,matched,exact linked bytes and relocations
0x8003BEB8,1,gcc_2_8_1_g8,gcc_2_8_1_g8,matched,exact linked bytes and relocations
0x8003C0C0,1,gcc_2_8_1_g8,gcc_2_8_1_g8,matched,exact linked bytes and relocations
0x8003C498,1,gcc_2_8_1_g8,gcc_2_8_1_g8,matched,exact linked bytes and relocations
0x8003CBE8,1,gcc_2_8_1_g8,gcc_2_8_1_g8,matched,exact linked bytes and relocations
0x8003CDF8,1,gcc_2_8_1_g8,gcc_2_8_1_g8,matched,exact linked bytes and relocations
0x8003CE74,1,gcc_2_8_1_g8,gcc_2_8_1_g8,nonmatch,byte +0x0: 5c!=60; word +0x0: 5c008627!=6000858f
0x8003CE74,2,gcc_2_8_1_g8,gcc_2_8_1_g8,nonmatch,byte +0xa: 83!=82; word +0x8: 5c00838f!=5c00828f
0x8003CE74,3,gcc_2_8_1_g8,gcc_2_8_1_g8,matched,exact linked bytes and relocations
0x8003CEB8,1,gcc_2_8_1_g8,gcc_2_8_1_g8,nonmatch,byte +0x1: 18!=38; word +0x0: 21180000!=21380000
0x8003CEB8,2,gcc_2_8_1_g8,gcc_2_8_1_g8,nonmatch,byte +0x4: 13!=14; word +0x4: 1300a018!=1400a018
0x8003CEB8,3,gcc_2_8_1_g8,gcc_2_8_1_g8,nonmatch,byte +0x0: 21!=15; word +0x0: 21180000!=1500a018
0x8003CEB8,4,gcc_2_8_1_g8,gcc_2_8_1_g8,matched,exact linked bytes and relocations
0x8003D2B8,1,gcc_2_8_1_g8,gcc_2_8_1_g8,nonmatch,byte +0x14: 07!=06; word +0x14: 07004010!=06004010
0x8003D2B8,2,gcc_2_8_1_g8,gcc_2_8_1_g8,matched,exact linked bytes and relocations
0x8003E80C,1,gcc_2_8_1_g8,gcc_2_8_1_g8,matched,exact linked bytes and relocations
0x8003F87C,1,gcc_2_8_1_g8,gcc_2_8_1_g8,matched,exact linked bytes and relocations
0x8003FE14,1,gcc_2_8_1_g8,gcc_2_8_1_g8,nonmatch,byte +0x30: 01!=00; word +0x30: 0180063c!=00040524
0x8003FE14,2,gcc_2_8_1_g8,gcc_2_8_1_g8,nonmatch,byte +0x30: 01!=00; word +0x30: 0180063c!=00040524
0x8003FE14,3,gcc_2_8_1_g8,gcc_2_8_1_g8,nonmatch,byte +0x2c: 21!=01; word +0x2c: 21200002!=0180063c
0x8003FE14,4,gcc_2_8_1_g8,gcc_2_8_1_g8,nonmatch,byte +0x30: 01!=00; word +0x30: 0180063c!=00040524
0x8003FE14,5,gcc_2_8_1_g8_split,gcc_2_8_1_g8_split,matched,exact linked bytes and relocations
0x80040390,1,gcc_2_8_1_g8,gcc_2_8_1_g8,nonmatch,byte +0x6: 06!=04; word +0x4: ffff0624!=ffff0424
0x80040390,2,gcc_2_8_1_g8,gcc_2_8_1_g8,nonmatch,byte +0x0: 21!=0f; word +0x0: 21180000!=0f80053c
0x80040390,3,gcc_2_8_1_g8,gcc_2_8_1_g8,nonmatch,byte +0xa: 02!=05; word +0x8: 0f80023c!=0f80053c
0x80040390,4,gcc_2_8_1_g8_split,gcc_2_8_1_g8_split,matched,exact linked bytes and relocations
0x800404CC,1,gcc_2_8_1_g8,gcc_2_8_1_g8,nonmatch,byte +0x0: e0!=d8; word +0x0: e0ffbd27!=d8ffbd27
0x800404CC,2,gcc_2_8_1_g8,gcc_2_8_1_g8,matched,exact linked bytes and relocations
0x80041534,1,gcc_2_8_1_g8,gcc_2_8_1_g8,nonmatch,byte +0x1c: 01!=50; word +0x1c: 0100a290!=5000828c
0x80041534,2,gcc_2_8_1_g8,gcc_2_8_1_g8,nonmatch,byte +0x32: a3!=a6; word +0x30: 0300a390!=0300a690
0x80041534,3,gcc_2_8_1_g8,gcc_2_8_1_g8,matched,exact linked bytes and relocations
0x800427DC,1,gcc_2_8_1_g8,gcc_2_8_1_g8,matched,exact linked bytes and relocations
0x80042824,1,gcc_2_8_1_g8,gcc_2_8_1_g8,matched,exact linked bytes and relocations
0x800428A8,1,gcc_2_8_1_g8,gcc_2_8_1_g8,matched,exact linked bytes and relocations
0x80042960,1,gcc_2_8_1_g8,gcc_2_8_1_g8,matched,exact linked bytes and relocations
0x80042B40,1,gcc_2_8_1_g8,gcc_2_8_1_g8,nonmatch,byte +0x2: 02!=05; word +0x0: 0f80023c!=0f80053c
0x80042B40,2,gcc_2_8_1_g8,gcc_2_8_1_g8,nonmatch,byte +0x2: 02!=05; word +0x0: 0f80023c!=0f80053c
0x80042B40,3,gcc_2_8_1_g8,gcc_2_8_1_g8,nonmatch,byte +0x2: 02!=05; word +0x0: 0f80023c!=0f80053c
0x80042B40,4,gcc_2_8_1_g8_split,gcc_2_8_1_g8_split,nonmatch,byte +0x8: 60!=6c; word +0x8: 60000624!=6c00a324
0x80042B40,5,gcc_2_8_1_g8_split,gcc_2_8_1_g8_split,nonmatch,byte +0x2: 02!=05; word +0x0: 0f80023c!=0f80053c
0x80042B40,6,gcc_2_8_1_g8_split,gcc_2_8_1_g8_split,matched,exact linked bytes and relocations
0x80042BC0,1,gcc_2_8_1_g8,gcc_2_8_1_g8,matched,exact linked bytes and relocations
0x80043D48,1,gcc_2_8_1_g8,gcc_2_8_1_g8,matched,exact linked bytes and relocations
0x80043E68,1,gcc_2_8_1_g0,gcc_2_8_1_g0,nonmatch,byte +0x0: e0!=e8; word +0x0: e0ffbd27!=e8ffbd27; relocations differ
0x80043E68,2,gcc_2_8_1_g0,gcc_2_8_1_g0,nonmatch,byte +0x4: 0f!=14; word +0x4: 0f80023c!=1400b1af; relocations differ
0x80043E68,3,gcc_2_8_1_g0,gcc_2_8_1_g0,nonmatch,byte +0x4: 0f!=14; word +0x4: 0f80023c!=1400b1af; relocations differ
0x80043E68,4,gcc_2_8_1_g0_split,gcc_2_8_1_g0_split,matched,exact linked bytes and relocations
0x800440B4,1,gcc_2_8_1_g8,gcc_2_8_1_g8,nonmatch,byte +0x0: 36!=08; word +0x0: 36058283!=0800e003; relocations differ
0x800440B4,2,gcc_2_8_1_g8,gcc_2_8_1_g8,nonmatch,byte +0x8: 0a!=03; word +0x8: 0a004104!=03004004; relocations differ
0x800440B4,3,gcc_2_8_1_g8,gcc_2_8_1_g8,matched,exact linked bytes and relocations
0x800440F0,1,gcc_2_8_1_g0,gcc_2_8_1_g0,nonmatch,byte +0x18: 07!=08; word +0x18: 07004010!=08004010; relocations differ
0x800440F0,2,gcc_2_8_1_g0,gcc_2_8_1_g0,nonmatch,byte +0x18: 07!=08; word +0x18: 07004010!=08004010; relocations differ
0x800440F0,3,gcc_2_8_1_g0,gcc_2_8_1_g0,nonmatch,byte +0x18: 07!=08; word +0x18: 07004010!=08004010; relocations differ
0x800440F0,4,gcc_2_8_1_g0_split,gcc_2_8_1_g0_split,matched,exact linked bytes and relocations
0x80044544,1,gcc_2_8_1_g8,gcc_2_8_1_g8,matched,exact linked bytes and relocations
0x80044D48,1,gcc_2_8_1_g0,gcc_2_8_1_g0,nonmatch,byte +0x40: 12!=48; word +0x40: 120540a4!=481543ac
0x80044D48,2,gcc_2_8_1_g0,gcc_2_8_1_g0,matched,exact linked bytes and relocations
0x8004666C,1,gcc_2_8_1_g8,gcc_2_8_1_g8,nonmatch,byte +0x2: 83!=84; word +0x0: 5405838f!=5405848f; relocations differ
0x8004666C,2,gcc_2_8_1_g8,gcc_2_8_1_g8,nonmatch,byte +0x10: 40!=00; word +0x10: 40000224!=00000000
0x8004666C,3,gcc_2_8_1_g8,gcc_2_8_1_g8,matched,exact linked bytes and relocations
0x800466C8,1,gcc_2_8_1_g8,gcc_2_8_1_g8,nonmatch,byte +0x2: 83!=84; word +0x0: 5405838f!=5405848f; relocations differ
0x800466C8,2,gcc_2_8_1_g8,gcc_2_8_1_g8,nonmatch,byte +0x14: 05!=04; word +0x14: 05004010!=04004010
0x800466C8,3,gcc_2_8_1_g8,gcc_2_8_1_g8,nonmatch,tool error: /home/superconta/data/share/yugioh/tools/toolchains/binutils-2.42/bin/mipsel-none-elf-as failed (1):
0x800466C8,4,gcc_2_8_1_g8,gcc_2_8_1_g8,matched,exact linked bytes and relocations
0x8004671C,1,gcc_2_8_1_g8,gcc_2_8_1_g8,nonmatch,byte +0x0: c0!=c8; word +0x0: c0ffbd27!=c8ffbd27
0x8004671C,2,gcc_2_8_1_g8,gcc_2_8_1_g8,nonmatch,byte +0x0: c0!=c8; word +0x0: c0ffbd27!=c8ffbd27
0x8004671C,3,gcc_2_8_1_g8,gcc_2_8_1_g8,matched,exact linked bytes and relocations
0x80046F58,1,gcc_2_8_1_g8,gcc_2_8_1_g8,matched,exact linked bytes and relocations
0x80047050,1,gcc_2_8_1_g8,gcc_2_8_1_g8,matched,exact linked bytes and relocations
0x80047B68,1,gcc_2_8_1_g0,gcc_2_8_1_g0,nonmatch,byte +0x0: 0a!=e8; word +0x0: 0a80033c!=e8ffbd27; relocations differ
0x80047B68,2,gcc_2_8_1_g0,gcc_2_8_1_g0,nonmatch,byte +0x18: 08!=07; word +0x18: 08004510!=07004510
0x80047B68,3,gcc_2_8_1_g0,gcc_2_8_1_g0,matched,exact linked bytes and relocations
0x80047C70,1,gcc_2_8_1_g0,gcc_2_8_1_g0,nonmatch,byte +0x1b: 00!=02; word +0x18: 21200000!=21200002
0x80047C70,2,gcc_2_8_1_g0,gcc_2_8_1_g0,nonmatch,byte +0x24: 24!=01; word +0x24: 24dc010c!=01001026; relocations differ
0x80047C70,3,gcc_2_8_1_g0,gcc_2_8_1_g0,matched,exact linked bytes and relocations
0x80049200,1,gcc_2_8_1_g0,gcc_2_8_1_g0,matched,exact linked bytes and relocations
0x800492D8,1,gcc_2_8_1_g0,gcc_2_8_1_g0,matched,exact linked bytes and relocations
0x800493F8,1,gcc_2_8_1_g0,gcc_2_8_1_g0,nonmatch,byte +0x27: 34!=24; word +0x24: ffff0234!=ffff0224
0x800493F8,2,gcc_2_8_1_g0,gcc_2_8_1_g0,matched,exact linked bytes and relocations
0x800494F4,1,gcc_2_8_1_g0,gcc_2_8_1_g0,nonmatch,byte +0x4: 21!=11; word +0x4: 21180000!=11020224; relocations differ
0x800494F4,2,gcc_2_8_1_g0,gcc_2_8_1_g0,matched,exact linked bytes and relocations
0x80049544,1,gcc_2_8_1_g0,gcc_2_8_1_g0,nonmatch,byte +0x18: 05!=ff; word +0x18: 05004018!=ffff4224
0x80049544,2,gcc_2_8_1_g0,gcc_2_8_1_g0,matched,exact linked bytes and relocations
0x800495A4,1,gcc_2_8_1_g0,gcc_2_8_1_g0,matched,exact linked bytes and relocations
0x80049600,1,gcc_2_8_1_g0,gcc_2_8_1_g0,nonmatch,byte +0x10: ff!=00; word +0x10: ff000224!=00000000
0x80049600,2,gcc_2_8_1_g0,gcc_2_8_1_g0,nonmatch,byte +0x0: 21!=ff; word +0x0: 21188000!=ff008330
0x80049600,3,gcc_2_8_1_g0,gcc_2_8_1_g0,nonmatch,byte +0xa: 82!=85; word +0x8: 1500822c!=15008528
0x80049600,4,gcc_2_8_1_g0,gcc_2_8_1_g0,matched,exact linked bytes and relocations
0x80049640,1,gcc_2_8_1_g0,gcc_2_8_1_g0,nonmatch,byte +0x24: 05!=ff; word +0x24: 05004018!=ffff4224
0x80049640,2,gcc_2_8_1_g0,gcc_2_8_1_g0,matched,exact linked bytes and relocations
0x80049694,1,gcc_2_8_1_g0,gcc_2_8_1_g0,matched,exact linked bytes and relocations
0x80049CB0,1,gcc_2_8_1_g0,gcc_2_8_1_g0,nonmatch,byte +0x22: 02!=03; word +0x20: 0a80023c!=0a80033c
0x80049CB0,2,gcc_2_8_1_g0,gcc_2_8_1_g0,matched,exact linked bytes and relocations
0x80049EC8,1,gcc_2_8_1_g0,gcc_2_8_1_g0,nonmatch,byte +0x6: 02!=03; word +0x4: 0a80023c!=0a80033c; relocations differ
0x80049EC8,2,gcc_2_8_1_g0,gcc_2_8_1_g0,nonmatch,byte +0x17: 84!=94; word +0x14: e2074384!=e2074394; relocations differ
0x80049EC8,3,gcc_2_8_1_g0,gcc_2_8_1_g0,nonmatch,byte +0x4: 0a!=7f; word +0x4: 0a80023c!=7f008430; relocations differ
0x80049EC8,4,gcc_2_8_1_g0,gcc_2_8_1_g0,nonmatch,byte +0x10: 10!=7f; word +0x10: 1000bfaf!=7f00a530
0x80049EC8,5,gcc_2_8_1_g0,gcc_2_8_1_g0,nonmatch,byte +0x4: 0a!=7f; word +0x4: 0a80023c!=7f008430; relocations differ
0x80049EC8,6,gcc_2_8_1_g0,gcc_2_8_1_g0,deferred,byte +0xc: 7f!=21; word +0xc: 7f008430!=21188000; relocations differ
0x8004A764,1,gcc_2_8_1_g0,gcc_2_8_1_g0,nonmatch,byte +0x6: 05!=03; word +0x4: 0600053c!=0600033c; relocations differ
0x8004A764,2,gcc_2_8_1_g0,gcc_2_8_1_g0,nonmatch,byte +0x8: 01!=00; word +0x8: 0180023c!=0001a534; relocations differ
0x8004A764,3,gcc_2_8_1_g0,gcc_2_8_1_g0,nonmatch,byte +0x0: e8!=e0; word +0x0: e8ffbd27!=e0ffbd27; relocations differ
0x8004A764,4,gcc_2_8_1_g0,gcc_2_8_1_g0,nonmatch,byte +0x8: 01!=0a; word +0x8: 0180023c!=0a80033c; relocations differ
0x8004A764,5,gcc_2_8_1_g0,gcc_2_8_1_g0,nonmatch,byte +0x18: 0a!=10; word +0x18: 0a80033c!=1000bfaf; relocations differ
0x8004A764,6,gcc_2_8_1_g0,gcc_2_8_1_g0,deferred,byte +0x20: 00!=10; word +0x20: 0000828c!=1000bfaf
0x8004A8E4,1,gcc_2_8_1_g0,gcc_2_8_1_g0,nonmatch,byte +0x8: c0!=0a; word +0x8: c0100200!=0a80053c; relocations differ
0x8004A8E4,2,gcc_2_8_1_g0,gcc_2_8_1_g0,nonmatch,byte +0x8: c0!=0a; word +0x8: c0100200!=0a80063c; relocations differ
0x8004A8E4,3,gcc_2_8_1_g0,gcc_2_8_1_g0,nonmatch,byte +0x14: 80!=00; word +0x14: 80014224!=00000000
0x8004A8E4,4,gcc_2_8_1_g0,gcc_2_8_1_g0,nonmatch,byte +0x24: 0b!=0a; word +0x24: 0b006210!=0a006210
0x8004A8E4,5,gcc_2_8_1_g0,gcc_2_8_1_g0,nonmatch,byte +0x0: 80!=21; word +0x0: 80100400!=21288000; relocations differ
0x8004A8E4,6,gcc_2_8_1_g0,gcc_2_8_1_g0,deferred,byte +0x24: 0b!=0c; word +0x24: 0b006210!=0c006210
0x8004CA60,1,gcc_2_8_1_g0,gcc_2_8_1_g0,nonmatch,byte +0x26: 64!=83; word +0x24: 21106400!=21108300
0x8004CA60,2,gcc_2_8_1_g0,gcc_2_8_1_g0,nonmatch,byte +0x8: 00!=21; word +0x8: 00000000!=21280000; relocations differ
0x8004CA60,3,gcc_2_8_1_g0,gcc_2_8_1_g0,nonmatch,byte +0x0: 0a!=21; word +0x0: 0a80033c!=21280000; relocations differ
0x8004CA60,4,gcc_2_8_1_g0,gcc_2_8_1_g0,nonmatch,byte +0x14: 0f!=10; word +0x14: 0f004010!=10004010; relocations differ
0x8004CA60,5,gcc_2_8_1_g0,gcc_2_8_1_g0,nonmatch,byte +0x14: 0f!=10; word +0x14: 0f004010!=10004010; relocations differ
0x8004CA60,6,gcc_2_8_1_g0,gcc_2_8_1_g0,deferred,byte +0x28: 3c!=0a; word +0x28: 3c0546a0!=0a80033c; relocations differ
0x8004CABC,1,gcc_2_8_1_g0,gcc_2_8_1_g0,nonmatch,byte +0xe: 82!=85; word +0xc: fa078294!=fa078594
0x8004CABC,2,gcc_2_8_1_g0,gcc_2_8_1_g0,nonmatch,byte +0x14: 0c!=0d; word +0x14: 0c004010!=0d004010
0x8004CABC,3,gcc_2_8_1_g0,gcc_2_8_1_g0,nonmatch,byte +0x8: 00!=21; word +0x8: 00000000!=21180000
0x8004CABC,4,gcc_2_8_1_g0,gcc_2_8_1_g0,nonmatch,byte +0x2: 04!=03; word +0x0: 0a80043c!=0a80033c
0x8004CABC,5,gcc_2_8_1_g0,gcc_2_8_1_g0,nonmatch,byte +0x14: 0c!=03; word +0x14: 0c004010!=03004014
0x8004CABC,6,gcc_2_8_1_g0,gcc_2_8_1_g0,deferred,byte +0x10: 00!=21; word +0x10: 00000000!=21180000
0x8005A130,1,gcc_2_8_1_g0,gcc_2_8_1_g0,nonmatch,byte +0x24: 0f!=00; word +0x24: 0f80023c!=00000000; relocations differ
0x8005A130,2,gcc_2_8_1_g0,gcc_2_8_1_g0,nonmatch,byte +0x1e: 02!=03; word +0x1c: 01000224!=01000324; relocations differ
0x8005A130,3,gcc_2_8_1_g0,gcc_2_8_1_g0,nonmatch,byte +0x24: 0f!=00; word +0x24: 0f80023c!=00000000; relocations differ
0x8005A130,4,gcc_2_8_1_g0,gcc_2_8_1_g0,nonmatch,byte +0xc: 18!=1c; word +0xc: 1800bfaf!=1c00bfaf; relocations differ
0x8005A130,5,gcc_2_8_1_g0_split,gcc_2_8_1_g0_split,nonmatch,byte +0x38: 20!=26; word +0x38: 202b4224!=262b51a4; relocations differ
0x8005A130,6,gcc_2_8_1_g0_split,gcc_2_8_1_g0_split,deferred,byte +0x24: 0f!=00; word +0x24: 0f80023c!=00000000; relocations differ
0x8005A468,1,gcc_2_8_1_g0,gcc_2_8_1_g0,nonmatch,byte +0x10: 40!=80; word +0x10: 40110200!=80100200; relocations differ
0x8005A468,2,gcc_2_8_1_g0,gcc_2_8_1_g0,nonmatch,byte +0x20: e0!=13; word +0x20: e001c424!=130ec290
0x8005A468,3,gcc_2_8_1_g0,gcc_2_8_1_g0,nonmatch,byte +0x0: c0!=21; word +0x0: c0100400!=21300000; relocations differ
0x8005A468,4,gcc_2_8_1_g0,gcc_2_8_1_g0,nonmatch,byte +0x20: e0!=1b; word +0x20: e001c424!=1b0ec290
0x8005A468,5,gcc_2_8_1_g0,gcc_2_8_1_g0,nonmatch,byte +0x1: 10!=30; word +0x0: c0100400!=c0300400
0x8005A468,6,gcc_2_8_1_g0,gcc_2_8_1_g0,deferred,byte +0x38: 00!=01; word +0x38: 00000000!=01006324
0x8005C5D4,1,gcc_2_8_1_g8,gcc_2_8_1_g8,nonmatch,tool error: /home/superconta/data/share/yugioh/tools/toolchains/gcc-2.8.1-psx/bin/mips-sony-psx-gcc failed (1):
0x8005C5D4,2,gcc_2_8_1_g8,gcc_2_8_1_g8,nonmatch,byte +0x0: e8!=5a; word +0x0: e8ffbd27!=5a018293; relocations differ
0x8005C5D4,3,gcc_2_8_1_g8,gcc_2_8_1_g8,nonmatch,tool error: /home/superconta/data/share/yugioh/tools/toolchains/binutils-2.42/bin/mipsel-none-elf-ld failed (1):
0x8005C5D4,4,gcc_2_8_1_g8,gcc_2_8_1_g8,nonmatch,byte +0x0: e8!=5a; word +0x0: e8ffbd27!=5a018293; relocations differ
0x8005C5D4,5,gcc_2_8_1_g8,gcc_2_8_1_g8,nonmatch,byte +0x4: 5a!=10; word +0x4: 5a018293!=1000bfaf; relocations differ
0x8005C5D4,6,gcc_2_8_1_g8,gcc_2_8_1_g8,deferred,byte +0x0: e8!=5a; word +0x0: e8ffbd27!=5a018293; relocations differ
0x8004B990,1,gcc_2_8_1_g0,gcc_2_8_1_g0,matched,exact linked bytes and relocations
0x8004BAA0,1,gcc_2_8_1_g0,gcc_2_8_1_g0,nonmatch,byte +0x0: 0a!=0c; word +0x0: 0a00c014!=0c00c014
0x8004BAA0,2,gcc_2_8_1_g0,gcc_2_8_1_g0,nonmatch,byte +0x0: 0a!=03; word +0x0: 0a00c014!=0300c014
0x8004BAA0,3,gcc_2_8_1_g0,gcc_2_8_1_g0,nonmatch,byte +0x0: 0a!=0d; word +0x0: 0a00c014!=0d00c010
0x8004BAA0,4,gcc_2_8_1_g0,gcc_2_8_1_g0,nonmatch,byte +0x0: 0a!=03; word +0x0: 0a00c014!=0300c014; relocations differ
0x8004BAA0,5,gcc_2_8_1_g0,gcc_2_8_1_g0,nonmatch,byte +0x12: 83!=82; word +0x10: 00008390!=00008290
0x8004BAA0,6,gcc_2_8_1_g0,gcc_2_8_1_g0,matched,exact linked bytes and relocations
0x8004BAE4,1,gcc_2_8_1_g0,gcc_2_8_1_g0,nonmatch,byte +0x1c: 00!=21; word +0x1c: 00004690!=21108200
0x8004BAE4,2,gcc_2_8_1_g0,gcc_2_8_1_g0,matched,exact linked bytes and relocations
0x80058DD8,1,gcc_2_8_1_g0,gcc_2_8_1_g0,nonmatch,byte +0x28: 04!=03; word +0x28: 04006214!=03006210
0x80058DD8,2,gcc_2_8_1_g0,gcc_2_8_1_g0,matched,exact linked bytes and relocations
0x80058EC0,1,gcc_2_8_1_g0,gcc_2_8_1_g0,nonmatch,byte +0x0: 0f!=c0; word +0x0: 0f80053c!=c0180400; relocations differ
0x80058EC0,2,gcc_2_8_1_g0,gcc_2_8_1_g0,nonmatch,byte +0x24: 00!=21; word +0x24: 00000000!=2118a300
0x80058EC0,3,gcc_2_8_1_g0,gcc_2_8_1_g0,nonmatch,byte +0x0: 0f!=c0; word +0x0: 0f80053c!=c0180400; relocations differ
0x80058EC0,4,gcc_2_8_1_g0,gcc_2_8_1_g0,nonmatch,byte +0x0: 0f!=c0; word +0x0: 0f80053c!=c0180400; relocations differ
0x80058EC0,5,gcc_2_8_1_g0,gcc_2_8_1_g0,matched,exact linked bytes and relocations
0x80058F20,1,gcc_2_8_1_g0,gcc_2_8_1_g0,matched,exact linked bytes and relocations
0x80058FB0,1,gcc_2_8_1_g0,gcc_2_8_1_g0,nonmatch,byte +0x1: 18!=10; word +0x0: c0180400!=c0100400
0x80058FB0,2,gcc_2_8_1_g0,gcc_2_8_1_g0,nonmatch,byte +0x1d: 18!=10; word +0x1c: 21186200!=21104300
0x80058FB0,3,gcc_2_8_1_g0,gcc_2_8_1_g0,matched,exact linked bytes and relocations
0x800590DC,1,gcc_2_8_1_g0,gcc_2_8_1_g0,matched,exact linked bytes and relocations
0x8005922C,1,gcc_2_8_1_g0,gcc_2_8_1_g0,matched,exact linked bytes and relocations
0x800594C0,1,gcc_2_8_1_g0,gcc_2_8_1_g0,nonmatch,byte +0x1c: 0b!=0d; word +0x1c: 0b00a010!=0d00a010
0x800594C0,2,gcc_2_8_1_g0,gcc_2_8_1_g0,matched,exact linked bytes and relocations
0x8005988C,1,gcc_2_8_1_g0,gcc_2_8_1_g0,matched,exact linked bytes and relocations
0x800599FC,1,gcc_2_8_1_g0,gcc_2_8_1_g0,matched,exact linked bytes and relocations
0x80059A50,1,gcc_2_8_1_g0,gcc_2_8_1_g0,nonmatch,byte +0xa: c3!=c2; word +0x8: 0000c38c!=0000c28c
0x80059A50,2,gcc_2_8_1_g0,gcc_2_8_1_g0,nonmatch,byte +0x34: 20!=10; word +0x34: 2000a3af!=1000a627
0x80059A50,3,gcc_2_8_1_g0,gcc_2_8_1_g0,matched,exact linked bytes and relocations
0x80059EBC,1,gcc_2_8_1_g0,gcc_2_8_1_g0,matched,exact linked bytes and relocations
0x8005A0DC,1,gcc_2_8_1_g0,gcc_2_8_1_g0,nonmatch,byte +0x24: 0f!=40; word +0x24: 0f80033c!=40101100; relocations differ
0x8005A0DC,2,gcc_2_8_1_g0,gcc_2_8_1_g0,nonmatch,byte +0x24: 0f!=40; word +0x24: 0f80033c!=40101100; relocations differ
0x8005A0DC,3,gcc_2_8_1_g0,gcc_2_8_1_g0,nonmatch,byte +0x24: 0f!=40; word +0x24: 0f80033c!=40101100; relocations differ
0x8005A0DC,4,gcc_2_8_1_g0,gcc_2_8_1_g0,nonmatch,byte +0x24: 0f!=00; word +0x24: 0f80033c!=00000000; relocations differ
0x8005A0DC,5,gcc_2_8_1_g0_split,gcc_2_8_1_g0_split,matched,exact linked bytes and relocations
0x8005A878,1,gcc_2_8_1_g0,gcc_2_8_1_g0,nonmatch,byte +0x2: 05!=03; word +0x0: 0f80053c!=0f80033c; relocations differ
0x8005A878,2,gcc_2_8_1_g0,gcc_2_8_1_g0,nonmatch,byte +0x2: 05!=06; word +0x0: 0f80053c!=0f80063c; relocations differ
0x8005A878,3,gcc_2_8_1_g0,gcc_2_8_1_g0,nonmatch,byte +0x2: 05!=02; word +0x0: 0f80053c!=0f80023c; relocations differ
0x8005A878,4,gcc_2_8_1_g0_split,gcc_2_8_1_g0_split,matched,exact linked bytes and relocations
0x8005B054,1,gcc_2_8_1_g0,gcc_2_8_1_g0,matched,exact linked bytes and relocations
0x8005B85C,1,gcc_2_8_1_g0,gcc_2_8_1_g0,nonmatch,byte +0xd: 80!=00; word +0xc: 0180053c!=01000424; relocations differ
0x8005B85C,2,gcc_2_8_1_g0_split,gcc_2_8_1_g0_split,matched,exact linked bytes and relocations
0x8005C568,1,gcc_2_8_1_g0,gcc_2_8_1_g0,matched,exact linked bytes and relocations
0x8005C768,1,gcc_2_8_1_g0,gcc_2_8_1_g0,nonmatch,byte +0xc: 0f!=0c; word +0xc: 0f004314!=0c004314; relocations differ
0x8005C768,2,gcc_2_8_1_g0,gcc_2_8_1_g0,nonmatch,byte +0xc: 0f!=05; word +0xc: 0f004314!=05004310; relocations differ
0x8005C768,3,gcc_2_8_1_g0,gcc_2_8_1_g0,nonmatch,byte +0xc: 0f!=0c; word +0xc: 0f004314!=0c004314; relocations differ
0x8005C768,4,gcc_2_8_1_g0_split,gcc_2_8_1_g0_split,nonmatch,byte +0xc: 0f!=0e; word +0xc: 0f004314!=0e004314; relocations differ
0x8005C768,5,gcc_2_8_1_g0,gcc_2_8_1_g0,nonmatch,byte +0xc: 0f!=10; word +0xc: 0f004314!=10004314; relocations differ
0x8005C768,6,gcc_2_8_1_g0_split,gcc_2_8_1_g0_split,matched,exact linked bytes and relocations
0x8005FBC4,1,gcc_2_8_1_g0,gcc_2_8_1_g0,matched,exact linked bytes and relocations
0x80060170,1,gcc_2_8_1_g0,gcc_2_8_1_g0,nonmatch,byte +0x0: 0f!=21; word +0x0: 0f80023c!=21380000; relocations differ
0x80060170,2,gcc_2_8_1_g0,gcc_2_8_1_g0,nonmatch,byte +0x2: 02!=07; word +0x0: 0f80023c!=0f80073c
0x80060170,3,gcc_2_8_1_g0,gcc_2_8_1_g0,nonmatch,byte +0x2: 02!=06; word +0x0: 0f80023c!=0f80063c
0x80060170,4,gcc_2_8_1_g0,gcc_2_8_1_g0,nonmatch,byte +0x2: 02!=06; word +0x0: 0f80023c!=0f80063c
0x80060170,5,gcc_2_8_1_g0,gcc_2_8_1_g0,nonmatch,byte +0x0: 0f!=21; word +0x0: 0f80023c!=21380000; relocations differ
0x80060170,6,gcc_2_8_1_g0,gcc_2_8_1_g0,matched,exact linked bytes and relocations
0x80012CD4,1,gcc_2_8_1_g8,gcc_2_8_1_g8,nonmatch,byte +0x4: 00!=c0; word +0x4: 00000000!=c001838f; relocations differ
0x80012CD4,2,gcc_2_8_1_g8,gcc_2_8_1_g8,nonmatch,byte +0x4: 00!=e8; word +0x4: 00000000!=e8ffbd27; relocations differ
0x80012CD4,3,gcc_2_8_1_g8,gcc_2_8_1_g8,nonmatch,byte +0x4: 00!=e8; word +0x4: 00000000!=e8ffbd27; relocations differ
0x80012CD4,4,gcc_2_8_1_g8,gcc_2_8_1_g8,nonmatch,byte +0x4: 00!=c0; word +0x4: 00000000!=c001838f; relocations differ
0x80012CD4,5,gcc_2_8_1_g8,gcc_2_8_1_g8,nonmatch,byte +0x4: 00!=e8; word +0x4: 00000000!=e8ffbd27; relocations differ
0x80012CD4,6,gcc_2_8_1_g8,gcc_2_8_1_g8,deferred,byte +0x4: 00!=c0; word +0x4: 00000000!=c001838f; relocations differ
0x80016DDC,1,gcc_2_8_1_g8,gcc_2_8_1_g8,nonmatch,byte +0x1d: 28!=30; word +0x1c: 21286000!=21306000
0x80016DDC,2,gcc_2_8_1_g8,gcc_2_8_1_g8,nonmatch,byte +0x10: 1e!=1f; word +0x10: 1e006010!=1f006010; relocations differ
0x80016DDC,3,gcc_2_8_1_g8,gcc_2_8_1_g8,nonmatch,byte +0x1d: 28!=30; word +0x1c: 21286000!=21306000
0x80016DDC,4,gcc_2_8_1_g8,gcc_2_8_1_g8,nonmatch,byte +0x10: 1e!=1f; word +0x10: 1e006010!=1f006010; relocations differ
0x80016DDC,5,gcc_2_8_1_g8,gcc_2_8_1_g8,nonmatch,byte +0x10: 1e!=1f; word +0x10: 1e006010!=1f006010; relocations differ
0x80016DDC,6,gcc_2_8_1_g8,gcc_2_8_1_g8,deferred,byte +0x10: 1e!=1f; word +0x10: 1e006010!=1f006010; relocations differ
0x80017708,1,gcc_2_8_1_g8,gcc_2_8_1_g8,nonmatch,byte +0x1: 38!=30; word +0x0: 21380000!=21300000; relocations differ
0x80017708,2,gcc_2_8_1_g8,gcc_2_8_1_g8,nonmatch,byte +0x0: 21!=01; word +0x0: 21380000!=01000824; relocations differ
0x80017708,3,gcc_2_8_1_g8_split,gcc_2_8_1_g8_split,nonmatch,byte +0x6: 02!=0a; word +0x4: 0f80023c!=0f800a3c
0x80017708,4,gcc_2_8_1_g8_split,gcc_2_8_1_g8_split,nonmatch,byte +0x1a: ca!=46; word +0x18: 2128ca00!=21284601
0x80017708,5,gcc_2_8_1_g8_split,gcc_2_8_1_g8_split,nonmatch,byte +0x1a: ca!=46; word +0x18: 2128ca00!=21284601
0x80017708,6,gcc_2_8_1_g8_split,gcc_2_8_1_g8_split,deferred,byte +0x1a: ca!=46; word +0x18: 2128ca00!=21284601
0x8001B8B8,1,gcc_2_8_1_g8,gcc_2_8_1_g8,nonmatch,byte +0xc: 0f!=21; word +0xc: 0f80023c!=2118a000; relocations differ
0x8001B8B8,2,gcc_2_8_1_g8,gcc_2_8_1_g8,nonmatch,byte +0x0: 21!=0f; word +0x0: 21280000!=0f80033c; relocations differ
0x8001B8B8,3,gcc_2_8_1_g8_split,gcc_2_8_1_g8_split,nonmatch,byte +0xe: 02!=03; word +0xc: 0f80023c!=0f80033c; relocations differ
0x8001B8B8,4,gcc_2_8_1_g8_split,gcc_2_8_1_g8_split,nonmatch,byte +0x0: 21!=0f; word +0x0: 21280000!=0f80023c; relocations differ
0x8001B8B8,5,gcc_2_8_1_g8_split,gcc_2_8_1_g8_split,nonmatch,byte +0xe: 02!=03; word +0xc: 0f80023c!=0f80033c; relocations differ
0x8001B8B8,6,gcc_2_8_1_g8_split,gcc_2_8_1_g8_split,deferred,byte +0x48: 0b!=0c; word +0x48: 0b004014!=0c004014; relocations differ
0x8001D344,1,gcc_2_8_1_g8,gcc_2_8_1_g8,nonmatch,byte +0x0: 60!=03; word +0x0: 60008a84!=03000724; relocations differ
0x8001D344,2,gcc_2_8_1_g8,gcc_2_8_1_g8,nonmatch,byte +0xc: 0c!=21; word +0xc: 0c008624!=21308000
0x8001D344,3,gcc_2_8_1_g8,gcc_2_8_1_g8,nonmatch,byte +0x36: 65!=a3; word +0x34: 2a106500!=2a10a300
0x8001D344,4,gcc_2_8_1_g8,gcc_2_8_1_g8,nonmatch,byte +0x24: 04!=07; word +0x24: 04004010!=07004010; relocations differ
0x8001D344,5,gcc_2_8_1_g8,gcc_2_8_1_g8,nonmatch,byte +0x6: 07!=09; word +0x4: 03000724!=03000924; relocations differ
0x8001D344,6,gcc_2_8_1_g8,gcc_2_8_1_g8,deferred,byte +0x24: 04!=03; word +0x24: 04004010!=03004010; relocations differ
0x80024D34,1,gcc_2_8_1_g8,gcc_2_8_1_g8,nonmatch,byte +0x2c: 04!=c0; word +0x2c: 0400043c!=c0101000; relocations differ
0x80024D34,2,gcc_2_8_1_g8,gcc_2_8_1_g8,nonmatch,byte +0x18: 21!=16; word +0x18: 21884000!=1680033c; relocations differ
0x80024D34,3,gcc_2_8_1_g8_split,gcc_2_8_1_g8_split,nonmatch,byte +0x2e: 04!=02; word +0x2c: 0400043c!=0400023c; relocations differ
0x80024D34,4,gcc_2_8_1_g8_split,gcc_2_8_1_g8_split,nonmatch,byte +0x49: 10!=18; word +0x48: 21104300!=21186400; relocations differ
0x80024D34,5,gcc_2_8_1_g8_split,gcc_2_8_1_g8_split,nonmatch,byte +0x50: 09!=b8; word +0x50: 0980033c!=b836428c; relocations differ
0x80024D34,6,gcc_2_8_1_g8_split,gcc_2_8_1_g8_split,deferred,byte +0x4c: 21!=09; word +0x4c: 21104400!=0980033c; relocations differ
0x800140A0,1,gcc_2_8_1_g8,gcc_2_8_1_g8,nonmatch,byte +0xc: 0e!=0f; word +0xc: 0e008214!=0f008214; relocations differ
0x800140A0,2,gcc_2_8_1_g8_split,gcc_2_8_1_g8_split,matched,exact linked bytes and relocations
0x80014134,1,gcc_2_8_1_g8,gcc_2_8_1_g8,nonmatch,byte +0xc: 0e!=0f; word +0xc: 0e008214!=0f008214; relocations differ
0x80014134,2,gcc_2_8_1_g8_split,gcc_2_8_1_g8_split,nonmatch,byte +0x50: 00!=ff; word +0x50: 00000000!=fffb0324
0x80014134,3,gcc_2_8_1_g8_split,gcc_2_8_1_g8_split,nonmatch,byte +0x50: 00!=ff; word +0x50: 00000000!=fffb0324
0x80014134,4,gcc_2_8_1_g8_split,gcc_2_8_1_g8_split,nonmatch,byte +0x40: 66!=67; word +0x40: 66500008!=67500008; relocations differ
0x80014134,5,gcc_2_8_1_g8_split,gcc_2_8_1_g8_split,nonmatch,"/home/superconta/data/share/yugioh/tools/toolchains/binutils-2.42/bin/mipsel-none-elf-as failed (1): /home/superconta/data/share/yugioh/tmp/agents/wave3-early/build/80014134/v5/maspsx.s: Assembler messages: /home/superconta/data/share/yugioh/tmp/agents/wave3-early/build/80014134/v5/maspsx.s:42: Error: bad expression /home/superconta/data/share/yugioh/tmp/agents/wave3-early/build/80014134/v5/maspsx.s:42: Error: found 'g', expected: ')' /home/superconta/data/share/yugioh/tmp/agents/wave3-early/build/80014134/v5/maspsx.s:42: Error: invalid operands `lui $at,%hi(%gp_rel)' /home/superconta/data/share/yugioh/tmp/agents/wave3-early/build/80014134/v5/maspsx.s:43: Error: operand 3 must be constant `addu $at,$at,D_8009B0F4' /home/superconta/data/share/yugioh/tmp/agents/wave3-early/build/80014134/v5/maspsx.s:44: Error: bad expression /home/superconta/data/share/yugioh/tmp/agents/wave3-early/build/80014134/v5/maspsx.s:44: Error: found 'g', expected: ')' /home/superconta/data/share/yugioh/tmp/agents/wave3-early/build/80014134/v5/maspsx.s:44: Error: invalid operands `lw $2,%lo(%gp_rel)($at)' "
0x80014134,6,gcc_2_8_1_g8_split,gcc_2_8_1_g8_split,matched,exact linked bytes and relocations
0x800141A8,1,gcc_2_8_1_g8,gcc_2_8_1_g8,nonmatch,byte +0x14: 01!=09; word +0x14: 0180063c!=09000424; relocations differ
0x800141A8,2,gcc_2_8_1_g8_split,gcc_2_8_1_g8_split,matched,exact linked bytes and relocations
0x80014220,1,gcc_2_8_1_g8,gcc_2_8_1_g8,nonmatch,byte +0x6: 84!=83; word +0x4: ff008430!=ff008330; relocations differ
0x80014220,2,gcc_2_8_1_g8_split,gcc_2_8_1_g8_split,nonmatch,byte +0x3c: a1!=a0; word +0x3c: a1500008!=a0500008; relocations differ
0x80014220,3,gcc_2_8_1_g8_split,gcc_2_8_1_g8_split,nonmatch,byte +0x3c: a1!=a0; word +0x3c: a1500008!=a0500008; relocations differ
0x80014220,4,gcc_2_8_1_g8_split,gcc_2_8_1_g8_split,nonmatch,byte +0x6: 84!=83; word +0x4: ff008430!=ff008330; relocations differ
0x80014220,5,gcc_2_8_1_g8_split,gcc_2_8_1_g8_split,matched,exact linked bytes and relocations
0x80014294,1,gcc_2_8_1_g8,gcc_2_8_1_g8,nonmatch,byte +0xc: 0d!=0e; word +0xc: 0d008214!=0e008214; relocations differ
0x80014294,2,gcc_2_8_1_g8_split,gcc_2_8_1_g8_split,matched,exact linked bytes and relocations
0x80014308,1,gcc_2_8_1_g8,gcc_2_8_1_g8,nonmatch,byte +0xc: 0e!=0f; word +0xc: 0e008314!=0f008314; relocations differ
0x80014308,2,gcc_2_8_1_g8_split,gcc_2_8_1_g8_split,nonmatch,byte +0x40: e0!=df; word +0x40: e0500008!=df500008; relocations differ
0x80014308,3,gcc_2_8_1_g8_split,gcc_2_8_1_g8_split,matched,exact linked bytes and relocations
0x80014FA4,1,gcc_2_8_1_g8,gcc_2_8_1_g8,nonmatch,byte +0xa: 83!=84; word +0x8: ec01838f!=ec01848f; relocations differ
0x80014FA4,2,gcc_2_8_1_g8,gcc_2_8_1_g8,matched,exact linked bytes and relocations
0x8001513C,1,gcc_2_8_1_g8,gcc_2_8_1_g8,matched,exact linked bytes and relocations
0x80015D18,1,gcc_2_8_1_g8,gcc_2_8_1_g8,nonmatch,/home/superconta/data/share/yugioh/tools/toolchains/binutils-2.42/bin/mipsel-none-elf-as failed (1): /home/superconta/data/share/yugioh/tmp/agents/wave3-early/build/80015D18/v1/maspsx.s: Assembler messages: /home/superconta/data/share/yugioh/tmp/agents/wave3-early/build/80015D18/v1/maspsx.s:44: Error: unrecognized opcode `rtps' 
0x80015D18,2,gcc_2_8_1_g8,gcc_2_8_1_g8,nonmatch,byte +0x28: 74!=48; word +0x28: 7415020c!=48e18424; relocations differ
0x80015D18,3,gcc_2_8_1_g8_split,gcc_2_8_1_g8_split,nonmatch,byte +0x34: 28!=e0; word +0x34: 28000296!=e0036334; relocations differ
0x80015D18,4,gcc_2_8_1_g8_split,gcc_2_8_1_g8_split,matched,exact linked bytes and relocations
0x80017034,1,gcc_2_8_1_g8,gcc_2_8_1_g8,nonmatch,byte +0x0: 21!=ac; word +0x0: 21308000!=ac02838f; relocations differ
0x80017034,2,gcc_2_8_1_g8,gcc_2_8_1_g8,nonmatch,byte +0x4: 09!=ac; word +0x4: 0980033c!=ac02848f; relocations differ
0x80017034,3,gcc_2_8_1_g8_split,gcc_2_8_1_g8_split,nonmatch,byte +0x8: ac!=d8; word +0x8: ac02848f!=d8076324; relocations differ
0x80017034,4,gcc_2_8_1_g8_split,gcc_2_8_1_g8_split,nonmatch,byte +0x33: 2c!=28; word +0x30: 1400422c!=14004228
0x80017034,5,gcc_2_8_1_g8_split,gcc_2_8_1_g8_split,matched,exact linked bytes and relocations
0x800170C8,1,gcc_2_8_1_g8,gcc_2_8_1_g8,matched,exact linked bytes and relocations
0x80017130,1,gcc_2_8_1_g8,gcc_2_8_1_g8,nonmatch,byte +0xc: 58!=48; word +0xc: 58020224!=48281026; relocations differ
0x80017130,2,gcc_2_8_1_g8,gcc_2_8_1_g8,nonmatch,byte +0xc: 58!=48; word +0xc: 58020224!=48281026; relocations differ
0x80017130,3,gcc_2_8_1_g8_split,gcc_2_8_1_g8_split,matched,exact linked bytes and relocations
0x8001798C,1,gcc_2_8_1_g8,gcc_2_8_1_g8,matched,exact linked bytes and relocations
0x80017DB4,1,gcc_2_8_1_g8,gcc_2_8_1_g8,nonmatch,byte +0x4: 00!=1a; word +0x4: 00000000!=1a80033c; relocations differ
0x80017DB4,2,gcc_2_8_1_g8,gcc_2_8_1_g8,nonmatch,byte +0x2: 82!=83; word +0x0: 6a008290!=6a008390
0x80017DB4,3,gcc_2_8_1_g8,gcc_2_8_1_g8,matched,exact linked bytes and relocations
0x80018004,1,gcc_2_8_1_g8,gcc_2_8_1_g8,matched,exact linked bytes and relocations
0x80018150,1,gcc_2_8_1_g8,gcc_2_8_1_g8,matched,exact linked bytes and relocations
0x800181EC,1,gcc_2_8_1_g8,gcc_2_8_1_g8,matched,exact linked bytes and relocations
0x80019B2C,1,gcc_2_8_1_g8,gcc_2_8_1_g8,nonmatch,byte +0x38: 0c!=0b; word +0x38: 0c004104!=0b004104
0x80019B2C,2,gcc_2_8_1_g8,gcc_2_8_1_g8,nonmatch,byte +0x14: 04!=21; word +0x14: 04008004!=2100a3a0; relocations differ
0x80019B2C,3,gcc_2_8_1_g8,gcc_2_8_1_g8,nonmatch,byte +0x4c: 21!=ff; word +0x4c: 2100a2a0!=ff004330
0x80019B2C,4,gcc_2_8_1_g8,gcc_2_8_1_g8,nonmatch,byte +0x38: 0c!=0b; word +0x38: 0c004104!=0b004104
0x80019B2C,5,gcc_2_8_1_g8,gcc_2_8_1_g8,nonmatch,byte +0x38: 0c!=0b; word +0x38: 0c004104!=0b004104
0x80019B2C,6,gcc_2_8_1_g8,gcc_2_8_1_g8,matched,exact linked bytes and relocations
0x8001D518,1,gcc_2_8_1_g8,gcc_2_8_1_g8,nonmatch,byte +0x6c: 01!=08; word +0x6c: 0180023c!=08000296; relocations differ
0x8001D518,2,gcc_2_8_1_g8_split,gcc_2_8_1_g8_split,matched,exact linked bytes and relocations
0x80021810,1,gcc_2_8_1_g8,gcc_2_8_1_g8,nonmatch,byte +0x4: 10!=40; word +0x4: 1000b0af!=40180400; relocations differ
0x80021810,2,gcc_2_8_1_g8,gcc_2_8_1_g8,nonmatch,byte +0x4: 10!=c0; word +0x4: 1000b0af!=c0100400; relocations differ
0x80021810,3,gcc_2_8_1_g8,gcc_2_8_1_g8,nonmatch,byte +0x0: e8!=e0; word +0x0: e8ffbd27!=e0ffbd27; relocations differ
0x80021810,4,gcc_2_8_1_g8,gcc_2_8_1_g8,matched,exact linked bytes and relocations
0x80022FF0,1,gcc_2_8_1_g8,gcc_2_8_1_g8,nonmatch,byte +0xc: 24!=20; word +0xc: 2400bfaf!=2000b4af; relocations differ
0x80022FF0,2,gcc_2_8_1_g8,gcc_2_8_1_g8,nonmatch,byte +0x30: 21!=04; word +0x30: 21900000!=0400658e; relocations differ
0x80022FF0,3,gcc_2_8_1_g8,gcc_2_8_1_g8,matched,exact linked bytes and relocations
0x80024388,1,gcc_2_8_1_g8,gcc_2_8_1_g8,matched,exact linked bytes and relocations
0x80026B34,1,gcc_2_8_1_g8,gcc_2_8_1_g8,nonmatch,byte +0xc: 13!=12; word +0xc: 13004010!=12004010; relocations differ
0x80026B34,2,gcc_2_8_1_g8_split,gcc_2_8_1_g8_split,matched,exact linked bytes and relocations
0x80026BA4,1,gcc_2_8_1_g8,gcc_2_8_1_g8,nonmatch,byte +0x24: 0e!=0d; word +0x24: 0e008214!=0d008214; relocations differ
0x80026BA4,2,gcc_2_8_1_g8,gcc_2_8_1_g8,matched,exact linked bytes and relocations
0x8002892C,1,gcc_2_8_1_g8,gcc_2_8_1_g8,nonmatch,byte +0xc: 18!=19; word +0xc: 18006010!=19006010
0x8002892C,2,gcc_2_8_1_g8,gcc_2_8_1_g8,nonmatch,byte +0xc: 18!=19; word +0xc: 18006010!=19006010
0x8002892C,3,gcc_2_8_1_g8,gcc_2_8_1_g8,nonmatch,byte +0xc: 18!=19; word +0xc: 18006010!=19006010
0x8002892C,4,gcc_2_8_1_g8_split,gcc_2_8_1_g8_split,nonmatch,byte +0xc: 18!=1a; word +0xc: 18006010!=1a006010
0x8002892C,5,gcc_2_8_1_g8_split,gcc_2_8_1_g8_split,nonmatch,byte +0xc: 18!=1a; word +0xc: 18006010!=1a006010
0x8002892C,6,gcc_2_8_1_g8,gcc_2_8_1_g8,deferred,byte +0x2: 83!=84; word +0x0: 4c038393!=4c038493
0x80029164,1,gcc_2_8_1_g0,gcc_2_8_1_g0,nonmatch,byte +0xc: 0f!=80; word +0xc: 0f80033c!=80111000
0x80029164,2,gcc_2_8_1_g0_split,gcc_2_8_1_g0_split,nonmatch,byte +0x58: 2c!=0a; word +0x58: 2c00438c!=0a80033c
0x80029164,3,gcc_2_8_1_g0_split,gcc_2_8_1_g0_split,nonmatch,byte +0x58: 2c!=0a; word +0x58: 2c00438c!=0a80033c
0x80029164,4,gcc_2_8_1_g0,gcc_2_8_1_g0,nonmatch,byte +0xc: 0f!=80; word +0xc: 0f80033c!=80111000
0x80029164,5,gcc_2_8_1_g0,gcc_2_8_1_g0,nonmatch,byte +0xc: 0f!=24; word +0xc: 0f80033c!=2400bfaf
0x80029164,6,gcc_2_8_1_g0_split,gcc_2_8_1_g0_split,deferred,byte +0x60: 24!=10; word +0x60: 2400bf8f!=10006334
0x8002C604,1,gcc_2_8_1_g0,gcc_2_8_1_g0,nonmatch,byte +0x15: 20!=28; word +0x14: 21204000!=21284000
0x8002C604,2,gcc_2_8_1_g0,gcc_2_8_1_g0,nonmatch,byte +0x15: 20!=38; word +0x14: 21204000!=21384000
0x8002C604,3,gcc_2_8_1_g0,gcc_2_8_1_g0,nonmatch,byte +0x20: 01!=1c; word +0x20: 0180033c!=1c0082a0
0x8002C604,4,gcc_2_8_1_g0,gcc_2_8_1_g0,nonmatch,byte +0x2c: 0f!=18; word +0x2c: 0f80023c!=180090a4
0x8002C604,5,gcc_2_8_1_g0,gcc_2_8_1_g0,nonmatch,byte +0x28: 1c!=0f; word +0x28: 1c0082a0!=0f80053c
0x8002C604,6,gcc_2_8_1_g0,gcc_2_8_1_g0,deferred,byte +0x4a: 43!=45; word +0x48: 0800438c!=0800458c
0x8002CCE4,1,gcc_2_8_1_g0,gcc_2_8_1_g0,nonmatch,byte +0x5: 30!=10; word +0x4: c3300200!=c3100200
0x8002CCE4,2,gcc_2_8_1_g0_split,gcc_2_8_1_g0_split,nonmatch,byte +0x2: 82!=86; word +0x0: ff078230!=ff078630
0x8002CCE4,3,gcc_2_8_1_g0_split,gcc_2_8_1_g0_split,nonmatch,byte +0x4: c3!=07; word +0x4: c3300200!=07008530
0x8002CCE4,4,gcc_2_8_1_g0_split,gcc_2_8_1_g0_split,nonmatch,byte +0xc: 0c!=0b; word +0xc: 0c004010!=0b004010
0x8002CCE4,5,gcc_2_8_1_g0_split,gcc_2_8_1_g0_split,nonmatch,byte +0xc: 0c!=0b; word +0xc: 0c004010!=0b004010
0x8002CCE4,6,gcc_2_8_1_g0_split,gcc_2_8_1_g0_split,deferred,byte +0x18: 80!=1d; word +0x18: 80000224!=1d80023c
0x8002CE64,1,gcc_2_8_1_g8,gcc_2_8_1_g8,nonmatch,byte +0x34: b6!=b7; word +0x34: b6b30008!=b7b30008
0x8002CE64,2,gcc_2_8_1_g8_split,gcc_2_8_1_g8_split,nonmatch,byte +0xc: 0b!=0a; word +0xc: 0b004014!=0a004014
0x8002CE64,3,gcc_2_8_1_g8,gcc_2_8_1_g8,nonmatch,byte +0x34: b6!=b7; word +0x34: b6b30008!=b7b30008
0x8002CE64,4,gcc_2_8_1_g8_split,gcc_2_8_1_g8_split,nonmatch,byte +0x16: 04!=02; word +0x14: 0a80043c!=0a80023c
0x8002CE64,5,gcc_2_8_1_g8,gcc_2_8_1_g8,nonmatch,byte +0x34: b6!=b7; word +0x34: b6b30008!=b7b30008
0x8002CE64,6,gcc_2_8_1_g8_split,gcc_2_8_1_g8_split,deferred,byte +0x2e: 01!=02; word +0x2c: 0a80013c!=0a80023c
0x8002E9A0,1,gcc_2_8_1_g8,gcc_2_8_1_g8,nonmatch,byte +0xa: 86!=82; word +0x8: 02008624!=02008224
0x8002E9A0,2,gcc_2_8_1_g8,gcc_2_8_1_g8,nonmatch,byte +0x30: 01!=03; word +0x30: 0100c290!=03008390
0x8002E9A0,3,gcc_2_8_1_g8,gcc_2_8_1_g8,nonmatch,byte +0x32: c2!=c3; word +0x30: 0100c290!=0100c390
0x8002E9A0,4,gcc_2_8_1_g8,gcc_2_8_1_g8,nonmatch,byte +0x3c: 00!=07; word +0x3c: 00120200!=07000324
0x8002E9A0,5,gcc_2_8_1_g8,gcc_2_8_1_g8,nonmatch,byte +0x41: 28!=10; word +0x40: 2528a200!=2510a200
0x8002E9A0,6,gcc_2_8_1_g8,gcc_2_8_1_g8,deferred,byte +0x2c: 02!=01; word +0x2c: 02008590!=0100c290
0x8002EDB0,1,gcc_2_8_1_g8,gcc_2_8_1_g8,nonmatch,byte +0x22: 43!=50; word +0x20: 00004390!=00005090
0x8002EDB0,2,gcc_2_8_1_g8,gcc_2_8_1_g8,nonmatch,byte +0x10: 12!=11; word +0x10: 12004014!=11004014
0x8002EDB0,3,gcc_2_8_1_g8,gcc_2_8_1_g8,nonmatch,byte +0x34: 21!=00; word +0x34: 21806000!=00000000
0x8002EDB0,4,gcc_2_8_1_g8,gcc_2_8_1_g8,nonmatch,byte +0x10: 12!=11; word +0x10: 12004014!=11004014
0x8002EDB0,5,gcc_2_8_1_g8,gcc_2_8_1_g8,nonmatch,byte +0x2c: 7f!=21; word +0x2c: 7f006430!=21806000
0x8002EDB0,6,gcc_2_8_1_g8,gcc_2_8_1_g8,deferred,byte +0x10: 12!=11; word +0x10: 12004014!=11004014
0x8002FFD4,1,gcc_2_8_1_g0,gcc_2_8_1_g0,nonmatch,byte +0x14: 09!=18; word +0x14: 0980023c!=1800bfaf
0x8002FFD4,2,gcc_2_8_1_g0,gcc_2_8_1_g0,nonmatch,byte +0xc: 14!=18; word +0xc: 1400b1af!=1800b2af
0x8002FFD4,3,gcc_2_8_1_g0,gcc_2_8_1_g0,nonmatch,byte +0x14: 09!=18; word +0x14: 0980023c!=1800b2af
0x8002FFD4,4,gcc_2_8_1_g0,gcc_2_8_1_g0,nonmatch,byte +0x14: 09!=18; word +0x14: 0980023c!=1800b2af
0x8002FFD4,5,gcc_2_8_1_g0_split,gcc_2_8_1_g0_split,nonmatch,byte +0x14: 09!=18; word +0x14: 0980023c!=1800b2af
0x8002FFD4,6,gcc_2_8_1_g0_split,gcc_2_8_1_g0_split,deferred,byte +0x14: 09!=1c; word +0x14: 0980023c!=1c00bfaf
0x80031E5C,1,gcc_2_8_1_g0,gcc_2_8_1_g0,nonmatch,byte +0x5: 28!=18; word +0x4: 21288000!=21188000
0x80031E5C,2,gcc_2_8_1_g0,gcc_2_8_1_g0,nonmatch,byte +0x10: 16!=08; word +0x10: 16000624!=08566324
0x80031E5C,3,gcc_2_8_1_g0_split,gcc_2_8_1_g0_split,nonmatch,byte +0x10: 16!=24; word +0x10: 16000624!=2400bfaf
0x80031E5C,4,gcc_2_8_1_g0_split,gcc_2_8_1_g0_split,nonmatch,byte +0x10: 16!=24; word +0x10: 16000624!=2400bfaf
0x80031E5C,5,gcc_2_8_1_g0_split,gcc_2_8_1_g0_split,nonmatch,byte +0x8: 03!=16; word +0x8: 03000424!=16000624
0x80031E5C,6,gcc_2_8_1_g0_split,gcc_2_8_1_g0_split,deferred,byte +0x10: 16!=24; word +0x10: 16000624!=2400bfaf
0x80032B60,1,gcc_2_8_1_g0,gcc_2_8_1_g0,nonmatch,byte +0x0: 21!=00; word +0x0: 21108000!=0000868c
0x80032B60,2,gcc_2_8_1_g0,gcc_2_8_1_g0,nonmatch,byte +0x18: 14!=12; word +0x18: 14006014!=12006014
0x80032B60,3,gcc_2_8_1_g0,gcc_2_8_1_g0,nonmatch,byte +0x32: 43!=42; word +0x30: 04004384!=04004284
0x80032B60,4,gcc_2_8_1_g0,gcc_2_8_1_g0,nonmatch,byte +0x40: 21!=ff; word +0x40: 21186400!=ffff4224
0x80032B60,5,gcc_2_8_1_g0,gcc_2_8_1_g0,nonmatch,byte +0x28: 1d!=04; word +0x28: 1d80043c!=04004384
0x80032B60,6,gcc_2_8_1_g0,gcc_2_8_1_g0,deferred,byte +0x18: 14!=15; word +0x18: 14006014!=15006014
0x80032BD4,1,gcc_2_8_1_g0,gcc_2_8_1_g0,nonmatch,byte +0x0: 21!=00; word +0x0: 21108000!=0000868c
0x80032BD4,2,gcc_2_8_1_g0,gcc_2_8_1_g0,nonmatch,byte +0x18: 14!=12; word +0x18: 14006014!=12006014
0x80032BD4,3,gcc_2_8_1_g0,gcc_2_8_1_g0,nonmatch,byte +0x32: 43!=42; word +0x30: 04004384!=04004284
0x80032BD4,4,gcc_2_8_1_g0,gcc_2_8_1_g0,nonmatch,byte +0x40: 21!=ff; word +0x40: 21186400!=ffff4224
0x80032BD4,5,gcc_2_8_1_g0,gcc_2_8_1_g0,nonmatch,byte +0x28: 1d!=04; word +0x28: 1d80043c!=04004384
0x80032BD4,6,gcc_2_8_1_g0,gcc_2_8_1_g0,deferred,byte +0x18: 14!=15; word +0x18: 14006014!=15006014
0x80036F80,1,gcc_2_8_1_g8,gcc_2_8_1_g8,nonmatch,byte +0x1f: 14!=10; word +0x1c: 02004014!=02004010
0x80036F80,2,gcc_2_8_1_g8,gcc_2_8_1_g8,nonmatch,byte +0xc: 10!=c0; word +0xc: 1000bfaf!=c0c00534
0x80036F80,3,gcc_2_8_1_g8,gcc_2_8_1_g8,nonmatch,byte +0xc: 10!=c0; word +0xc: 1000bfaf!=c0000524
0x80036F80,4,gcc_2_8_1_g8,gcc_2_8_1_g8,nonmatch,byte +0x0: e8!=2e; word +0x0: e8ffbd27!=2e048293
0x80036F80,5,gcc_2_8_1_g8,gcc_2_8_1_g8,nonmatch,byte +0x0: e8!=2e; word +0x0: e8ffbd27!=2e048293
0x80036F80,6,gcc_2_8_1_g8,gcc_2_8_1_g8,deferred,byte +0x4: 2e!=10; word +0x4: 2e048293!=1000bfaf
0x8002827C,1,gcc_2_8_1_g0,gcc_2_8_1_g0,nonmatch,byte +0x0: 16!=0c; word +0x0: 16008294!=0c008284
0x8002827C,2,gcc_2_8_1_g0,gcc_2_8_1_g0,nonmatch,byte +0x14: 1d!=0c; word +0x14: 1d80023c!=0c008284
0x8002827C,3,gcc_2_8_1_g0,gcc_2_8_1_g0,nonmatch,byte +0x14: 1d!=0c; word +0x14: 1d80023c!=0c008284
0x8002827C,4,gcc_2_8_1_g0_split,gcc_2_8_1_g0_split,matched,exact linked bytes and relocations
0x8002C400,1,gcc_2_8_1_g0,gcc_2_8_1_g0,nonmatch,byte +0x7: 10!=14; word +0x4: 10004010!=10004014
0x8002C400,2,gcc_2_8_1_g0,gcc_2_8_1_g0,matched,exact linked bytes and relocations
0x8002C938,1,gcc_2_8_1_g0,gcc_2_8_1_g0,nonmatch,byte +0x18: 03!=02; word +0x18: 0300a010!=0200a010
0x8002C938,2,gcc_2_8_1_g0,gcc_2_8_1_g0,nonmatch,byte +0x12: 06!=03; word +0x10: 14000624!=14000324
0x8002C938,3,gcc_2_8_1_g0,gcc_2_8_1_g0,nonmatch,byte +0x1d: 18!=10; word +0x1c: c0180600!=c0100600
0x8002C938,4,gcc_2_8_1_g0,gcc_2_8_1_g0,nonmatch,byte +0x1d: 18!=10; word +0x1c: c0180600!=c0100600
0x8002C938,5,gcc_2_8_1_g0,gcc_2_8_1_g0,nonmatch,byte +0x3d: 30!=28; word +0x3c: 21300000!=21280000
0x8002C938,6,gcc_2_8_1_g0,gcc_2_8_1_g0,matched,exact linked bytes and relocations
0x8002CB80,1,gcc_2_8_1_g0,gcc_2_8_1_g0,nonmatch,byte +0x4: 06!=07; word +0x4: 06008004!=07008104
0x8002CB80,2,gcc_2_8_1_g0,gcc_2_8_1_g0,nonmatch,byte +0x24: 2a!=06; word +0x24: 2a10a300!=0600a228
0x8002CB80,3,gcc_2_8_1_g0,gcc_2_8_1_g0,nonmatch,byte +0x44: 03!=fe; word +0x44: 03008514!=feff8424
0x8002CB80,4,gcc_2_8_1_g0,gcc_2_8_1_g0,matched,exact linked bytes and relocations
0x8002D370,1,gcc_2_8_1_g8,gcc_2_8_1_g8,nonmatch,"/home/superconta/data/share/yugioh/tools/toolchains/binutils-2.42/bin/mipsel-none-elf-ld failed (1):
/home/superconta/data/share/yugioh/tools/toolchains/binutils-2.42/bin/mipsel-none-elf-ld: small-data section too large; lower small-data size limit (see option -G)
/home/superconta/data/share/yugioh/tmp/agents/wave3-mid/build/8002D370/v1/candidate.o: in function `func_8002D370':
(.text+0x20): relocation truncated to fit: R_MIPS_GPREL16 against `D_80010000'
"
0x8002D370,2,gcc_2_8_1_g8,gcc_2_8_1_g8,nonmatch,byte +0x44: fa!=f9; word +0x44: fab40008!=f9b40008
0x8002D370,3,gcc_2_8_1_g8,gcc_2_8_1_g8,matched,exact linked bytes and relocations
0x8002D6C8,1,gcc_2_8_1_g8,gcc_2_8_1_g8,nonmatch,byte +0x3c: 06!=05; word +0x3c: 06004014!=05004014
0x8002D6C8,2,gcc_2_8_1_g8,gcc_2_8_1_g8,matched,exact linked bytes and relocations
0x8002E3FC,1,gcc_2_8_1_g0,gcc_2_8_1_g0,matched,exact linked bytes and relocations
0x8002E6B8,1,gcc_2_8_1_g8,gcc_2_8_1_g8,nonmatch,byte +0x2: 86!=85; word +0x0: 8803868f!=8803858f
0x8002E6B8,2,gcc_2_8_1_g8,gcc_2_8_1_g8,nonmatch,byte +0xe: c7!=c2; word +0xc: 0200c724!=0200c224
0x8002E6B8,3,gcc_2_8_1_g8,gcc_2_8_1_g8,matched,exact linked bytes and relocations
0x8002E918,1,gcc_2_8_1_g8,gcc_2_8_1_g8,nonmatch,byte +0x12: a6!=a2; word +0x10: 0200a624!=0200a224
0x8002E918,2,gcc_2_8_1_g8,gcc_2_8_1_g8,nonmatch,byte +0x25: 18!=20; word +0x24: 25186200!=25206200
0x8002E918,3,gcc_2_8_1_g8,gcc_2_8_1_g8,nonmatch,byte +0x1a: a2!=a3; word +0x18: 0100a290!=0100a390
0x8002E918,4,gcc_2_8_1_g8,gcc_2_8_1_g8,nonmatch,byte +0x3c: 63!=64; word +0x3c: 63ba0008!=64ba0008
0x8002E918,5,gcc_2_8_1_g8,gcc_2_8_1_g8,nonmatch,byte +0x3c: 63!=64; word +0x3c: 63ba0008!=64ba0008
0x8002E918,6,gcc_2_8_1_g8_split,gcc_2_8_1_g8_split,matched,exact linked bytes and relocations
0x8002F440,1,gcc_2_8_1_g8,gcc_2_8_1_g8,nonmatch,byte +0x10: 11!=0f; word +0x10: 11004014!=0f004014
0x8002F440,2,gcc_2_8_1_g8,gcc_2_8_1_g8,nonmatch,byte +0x10: 11!=0f; word +0x10: 11004014!=0f004014
0x8002F440,3,gcc_2_8_1_g8_split,gcc_2_8_1_g8_split,nonmatch,byte +0x10: 11!=0e; word +0x10: 11004014!=0e004014
0x8002F440,4,gcc_2_8_1_g8_split,gcc_2_8_1_g8_split,matched,exact linked bytes and relocations
0x8002F968,1,gcc_2_8_1_g8,gcc_2_8_1_g8,matched,exact linked bytes and relocations
0x80030EC8,1,gcc_2_8_1_g8,gcc_2_8_1_g8,matched,exact linked bytes and relocations
0x80032370,1,gcc_2_8_1_g0,gcc_2_8_1_g0,nonmatch,byte +0x0: 1d!=0f; word +0x0: 1d80023c!=0f000624
0x80032370,2,gcc_2_8_1_g0,gcc_2_8_1_g0,nonmatch,byte +0x2: 02!=06; word +0x0: 1d80023c!=1d80063c
0x80032370,3,gcc_2_8_1_g0,gcc_2_8_1_g0,nonmatch,byte +0x2: 02!=06; word +0x0: 1d80023c!=1d80063c
0x80032370,4,gcc_2_8_1_g0_split,gcc_2_8_1_g0_split,nonmatch,byte +0x2: 02!=06; word +0x0: 1d80023c!=1d80063c
0x80032370,5,gcc_2_8_1_g0,gcc_2_8_1_g0,nonmatch,byte +0x0: 1d!=0f; word +0x0: 1d80023c!=0f000524
0x80032370,6,gcc_2_8_1_g0,gcc_2_8_1_g0,matched,exact linked bytes and relocations
0x80035AF0,1,gcc_2_8_1_g0,gcc_2_8_1_g0,nonmatch,byte +0x1: 38!=10; word +0x0: 40380400!=40100400
0x80035AF0,2,gcc_2_8_1_g0,gcc_2_8_1_g0,nonmatch,byte +0x1: 38!=10; word +0x0: 40380400!=40100400
0x80035AF0,3,gcc_2_8_1_g0,gcc_2_8_1_g0,nonmatch,byte +0x20: 00!=08; word +0x20: 0080c634!=08000324
0x80035AF0,4,gcc_2_8_1_g0,gcc_2_8_1_g0,nonmatch,byte +0x14: 0f!=00; word +0x14: 0f80033c!=0080c634
0x80035AF0,5,gcc_2_8_1_g0,gcc_2_8_1_g0,matched,exact linked bytes and relocations
0x80035B7C,1,gcc_2_8_1_g0,gcc_2_8_1_g0,matched,exact linked bytes and relocations
0x80035C38,1,gcc_2_8_1_g0,gcc_2_8_1_g0,matched,exact linked bytes and relocations
0x8003735C,1,gcc_2_8_1_g0,gcc_2_8_1_g0,nonmatch,byte +0x2: 82!=83; word +0x0: 5c008294!=5c008394
0x8003735C,2,gcc_2_8_1_g0,gcc_2_8_1_g0,matched,exact linked bytes and relocations
0x80037C74,1,gcc_2_8_1_g0,gcc_2_8_1_g0,matched,exact linked bytes and relocations
0x80038798,1,gcc_2_8_1_g8,gcc_2_8_1_g8,nonmatch,byte +0x14: ff!=00; word +0x14: ffff4430!=00804230
0x80038798,2,gcc_2_8_1_g8_split,gcc_2_8_1_g8_split,nonmatch,byte +0x14: ff!=00; word +0x14: ffff4430!=00804230
0x80038798,3,gcc_2_8_1_g8,gcc_2_8_1_g8,nonmatch,byte +0x14: ff!=00; word +0x14: ffff4430!=00804230
0x80038798,4,gcc_2_8_1_g8,gcc_2_8_1_g8,nonmatch,byte +0x1a: 82!=84; word +0x18: 00808230!=00808430
0x80038798,5,gcc_2_8_1_g0,gcc_2_8_1_g0,nonmatch,byte +0x14: ff!=00; word +0x14: ffff4430!=00804230
0x80038798,6,gcc_2_8_1_g0_split,gcc_2_8_1_g0_split,deferred,byte +0x14: ff!=00; word +0x14: ffff4430!=00804230
0x80038800,1,gcc_2_8_1_g8,gcc_2_8_1_g8,nonmatch,byte +0x16: 22!=23; word +0x14: 58002282!=58002382
0x80038800,2,gcc_2_8_1_g8_split,gcc_2_8_1_g8_split,nonmatch,byte +0x16: 22!=23; word +0x14: 58002282!=58002382
0x80038800,3,gcc_2_8_1_g8,gcc_2_8_1_g8,nonmatch,byte +0x2e: 64!=70; word +0x2c: 00006490!=00007090
0x80038800,4,gcc_2_8_1_g8,gcc_2_8_1_g8,nonmatch,byte +0x2e: 64!=70; word +0x2c: 00006490!=00007090
0x80038800,5,gcc_2_8_1_g0,gcc_2_8_1_g0,nonmatch,byte +0x16: 22!=23; word +0x14: 58002282!=58002382
0x80038800,6,gcc_2_8_1_g0_split,gcc_2_8_1_g0_split,deferred,byte +0x16: 22!=23; word +0x14: 58002282!=58002382
0x800389D8,1,gcc_2_8_1_g8,gcc_2_8_1_g8,nonmatch,byte +0x4: 10!=14; word +0x4: 1000b0af!=1400bfaf
0x800389D8,2,gcc_2_8_1_g8_split,gcc_2_8_1_g8_split,nonmatch,byte +0x4: 10!=14; word +0x4: 1000b0af!=1400bfaf
0x800389D8,3,gcc_2_8_1_g8,gcc_2_8_1_g8,nonmatch,byte +0x12: 04!=02; word +0x10: 58000482!=58000282
0x800389D8,4,gcc_2_8_1_g8,gcc_2_8_1_g8,nonmatch,byte +0x12: 04!=02; word +0x10: 58000482!=58000282
0x800389D8,5,gcc_2_8_1_g0,gcc_2_8_1_g0,nonmatch,byte +0x4: 10!=14; word +0x4: 1000b0af!=1400bfaf
0x800389D8,6,gcc_2_8_1_g0_split,gcc_2_8_1_g0_split,deferred,byte +0x4: 10!=0a; word +0x4: 1000b0af!=0a80023c
0x80038A44,1,gcc_2_8_1_g8,gcc_2_8_1_g8,nonmatch,byte +0x4: 10!=14; word +0x4: 1000b0af!=1400bfaf
0x80038A44,2,gcc_2_8_1_g8_split,gcc_2_8_1_g8_split,nonmatch,byte +0x4: 10!=14; word +0x4: 1000b0af!=1400bfaf
0x80038A44,3,gcc_2_8_1_g8,gcc_2_8_1_g8,nonmatch,byte +0x12: 04!=02; word +0x10: 58000482!=58000282
0x80038A44,4,gcc_2_8_1_g8,gcc_2_8_1_g8,nonmatch,byte +0x12: 04!=02; word +0x10: 58000482!=58000282
0x80038A44,5,gcc_2_8_1_g0,gcc_2_8_1_g0,nonmatch,byte +0x4: 10!=14; word +0x4: 1000b0af!=1400bfaf
0x80038A44,6,gcc_2_8_1_g0_split,gcc_2_8_1_g0_split,deferred,byte +0x4: 10!=0a; word +0x4: 1000b0af!=0a80023c
0x80038D2C,1,gcc_2_8_1_g8,gcc_2_8_1_g8,nonmatch,byte +0x4: 14!=10; word +0x4: 1400b1af!=1000b0af
0x80038D2C,2,gcc_2_8_1_g8_split,gcc_2_8_1_g8_split,nonmatch,byte +0x18: ff!=21; word +0x18: ffff5030!=21204000
0x80038D2C,3,gcc_2_8_1_g8,gcc_2_8_1_g8,nonmatch,byte +0x18: ff!=21; word +0x18: ffff5030!=21204000
0x80038D2C,4,gcc_2_8_1_g8,gcc_2_8_1_g8,nonmatch,byte +0x61: 10!=88; word +0x60: 21102202!=21882202
0x80038D2C,5,gcc_2_8_1_g0,gcc_2_8_1_g0,nonmatch,byte +0x4: 14!=10; word +0x4: 1400b1af!=1000b0af
0x80038D2C,6,gcc_2_8_1_g0_split,gcc_2_8_1_g0_split,deferred,byte +0x4: 14!=10; word +0x4: 1400b1af!=1000b0af
0x80038DB8,1,gcc_2_8_1_g8,gcc_2_8_1_g8,nonmatch,byte +0x14: ff!=58; word +0x14: ffff043c!=58000582
0x80038DB8,2,gcc_2_8_1_g8_split,gcc_2_8_1_g8_split,nonmatch,byte +0x14: ff!=58; word +0x14: ffff043c!=58000382
0x80038DB8,3,gcc_2_8_1_g8,gcc_2_8_1_g8,nonmatch,byte +0x1e: 42!=04; word +0x1c: ffff4230!=ffff043c
0x80038DB8,4,gcc_2_8_1_g8,gcc_2_8_1_g8,nonmatch,byte +0x14: ff!=58; word +0x14: ffff043c!=58000582
0x80038DB8,5,gcc_2_8_1_g0,gcc_2_8_1_g0,nonmatch,byte +0x14: ff!=58; word +0x14: ffff043c!=58000582
0x80038DB8,6,gcc_2_8_1_g0_split,gcc_2_8_1_g0_split,deferred,byte +0x14: ff!=58; word +0x14: ffff043c!=58000582
0x80039E9C,1,gcc_2_8_1_g8,gcc_2_8_1_g8,nonmatch,byte +0x0: 02!=0f; word +0x0: 02000524!=0f80063c
0x80039E9C,2,gcc_2_8_1_g8_split,gcc_2_8_1_g8_split,nonmatch,byte +0x0: 02!=0f; word +0x0: 02000524!=0f80023c
0x80039E9C,3,gcc_2_8_1_g8,gcc_2_8_1_g8,nonmatch,byte +0x0: 02!=0f; word +0x0: 02000524!=0f80063c
0x80039E9C,4,gcc_2_8_1_g8,gcc_2_8_1_g8,nonmatch,byte +0x0: 02!=0f; word +0x0: 02000524!=0f80063c
0x80039E9C,5,gcc_2_8_1_g0,gcc_2_8_1_g0,nonmatch,byte +0x0: 02!=0f; word +0x0: 02000524!=0f80063c
0x80039E9C,6,gcc_2_8_1_g0_split,gcc_2_8_1_g0_split,deferred,byte +0x0: 02!=0f; word +0x0: 02000524!=0f80023c
0x8003B6AC,1,gcc_2_8_1_g8,gcc_2_8_1_g8,nonmatch,byte +0x0: 09!=40; word +0x0: 0980033c!=40100400
0x8003B6AC,2,gcc_2_8_1_g8_split,gcc_2_8_1_g8_split,nonmatch,byte +0x2c: 0c!=0d; word +0x2c: 0c004010!=0d004010
0x8003B6AC,3,gcc_2_8_1_g8,gcc_2_8_1_g8,nonmatch,byte +0x2: 03!=02; word +0x0: 0980033c!=0980023c
0x8003B6AC,4,gcc_2_8_1_g8,gcc_2_8_1_g8,nonmatch,byte +0x9: 10!=20; word +0x8: 40100400!=40200400
0x8003B6AC,5,gcc_2_8_1_g0,gcc_2_8_1_g0,nonmatch,byte +0x0: 09!=40; word +0x0: 0980033c!=40100400
0x8003B6AC,6,gcc_2_8_1_g0_split,gcc_2_8_1_g0_split,deferred,byte +0x2c: 0c!=0d; word +0x2c: 0c004010!=0d004010
0x8003B744,1,gcc_2_8_1_g8,gcc_2_8_1_g8,nonmatch,byte +0x0: 21!=ff; word +0x0: 2130a000!=ffcf0234
0x8003B744,2,gcc_2_8_1_g8_split,gcc_2_8_1_g8_split,nonmatch,byte +0x0: 21!=ff; word +0x0: 2130a000!=ffcf0234
0x8003B744,3,gcc_2_8_1_g8,gcc_2_8_1_g8,nonmatch,byte +0x0: 21!=ff; word +0x0: 2130a000!=ffcf0234
0x8003B744,4,gcc_2_8_1_g8,gcc_2_8_1_g8,nonmatch,byte +0x0: 21!=ff; word +0x0: 2130a000!=ffcf0234
0x8003B744,5,gcc_2_8_1_g0,gcc_2_8_1_g0,nonmatch,byte +0x0: 21!=ff; word +0x0: 2130a000!=ffcf0234
0x8003B744,6,gcc_2_8_1_g0_split,gcc_2_8_1_g0_split,deferred,byte +0x0: 21!=ff; word +0x0: 2130a000!=ffcf0234
0x8003C4E0,1,gcc_2_8_1_g8,gcc_2_8_1_g8,nonmatch,byte +0x4: 1d!=18; word +0x4: 1d80033c!=1800bfaf
0x8003C4E0,2,gcc_2_8_1_g8_split,gcc_2_8_1_g8_split,nonmatch,byte +0x4: 1d!=18; word +0x4: 1d80033c!=1800bfaf
0x8003C4E0,3,gcc_2_8_1_g8,gcc_2_8_1_g8,nonmatch,byte +0x4: 1d!=18; word +0x4: 1d80033c!=1800bfaf
0x8003C4E0,4,gcc_2_8_1_g8,gcc_2_8_1_g8,nonmatch,byte +0x4: 1d!=18; word +0x4: 1d80033c!=1800bfaf
0x8003C4E0,5,gcc_2_8_1_g0,gcc_2_8_1_g0,nonmatch,byte +0x4: 1d!=18; word +0x4: 1d80033c!=1800bfaf
0x8003C4E0,6,gcc_2_8_1_g0_split,gcc_2_8_1_g0_split,deferred,byte +0x4: 1d!=18; word +0x4: 1d80033c!=1800bfaf
0x8003C8CC,1,gcc_2_8_1_g8,gcc_2_8_1_g8,nonmatch,byte +0x10: 12!=10; word +0x10: 12006410!=10006410
0x8003C8CC,2,gcc_2_8_1_g8_split,gcc_2_8_1_g8_split,nonmatch,byte +0x10: 12!=10; word +0x10: 12006410!=10006410
0x8003C8CC,3,gcc_2_8_1_g8,gcc_2_8_1_g8,nonmatch,byte +0x10: 12!=10; word +0x10: 12006410!=10006410
0x8003C8CC,4,gcc_2_8_1_g8,gcc_2_8_1_g8,nonmatch,byte +0x10: 12!=10; word +0x10: 12006410!=10006410
0x8003C8CC,5,gcc_2_8_1_g0,gcc_2_8_1_g0,nonmatch,byte +0x4: 74!=0a; word +0x4: 74048293!=0a80023c
0x8003C8CC,6,gcc_2_8_1_g0_split,gcc_2_8_1_g0_split,deferred,byte +0x4: 74!=0a; word +0x4: 74048293!=0a80053c
0x8003CB7C,1,gcc_2_8_1_g8,gcc_2_8_1_g8,nonmatch,byte +0x4: 9e!=40; word +0x4: 9e048627!=40100300
0x8003CB7C,2,gcc_2_8_1_g8_split,gcc_2_8_1_g8_split,nonmatch,byte +0x4: 9e!=0a; word +0x4: 9e048627!=0a80023c
0x8003CB7C,3,gcc_2_8_1_g8,gcc_2_8_1_g8,nonmatch,byte +0x2: 03!=02; word +0x0: 01000324!=01000224
0x8003CB7C,4,gcc_2_8_1_g8,gcc_2_8_1_g8,nonmatch,byte +0x4: 9e!=8e; word +0x4: 9e048627!=8e048427
0x8003CB7C,5,gcc_2_8_1_g0,gcc_2_8_1_g0,nonmatch,byte +0x4: 9e!=0a; word +0x4: 9e048627!=0a80063c
0x8003CB7C,6,gcc_2_8_1_g0_split,gcc_2_8_1_g0_split,deferred,byte +0x4: 9e!=0a; word +0x4: 9e048627!=0a80023c
0x8003CC38,1,gcc_2_8_1_g8,gcc_2_8_1_g8,nonmatch,byte +0x2: 02!=03; word +0x0: 0f80023c!=0f80033c
0x8003CC38,2,gcc_2_8_1_g8_split,gcc_2_8_1_g8_split,nonmatch,byte +0x35: 10!=18; word +0x34: 25104300!=25184300
0x8003CC38,3,gcc_2_8_1_g8,gcc_2_8_1_g8,nonmatch,byte +0x2: 02!=03; word +0x0: 0f80023c!=0f80033c
0x8003CC38,4,gcc_2_8_1_g8,gcc_2_8_1_g8,nonmatch,byte +0x2: 02!=03; word +0x0: 0f80023c!=0f80033c
0x8003CC38,5,gcc_2_8_1_g0,gcc_2_8_1_g0,nonmatch,byte +0x2: 02!=03; word +0x0: 0f80023c!=0f80033c
0x8003CC38,6,gcc_2_8_1_g0_split,gcc_2_8_1_g0_split,deferred,byte +0xc: 0f!=10; word +0xc: 0f006014!=10006014
0x8003CF14,1,gcc_2_8_1_g8,gcc_2_8_1_g8,nonmatch,byte +0x4: 18!=14; word +0x4: 1800b2af!=1400b1af
0x8003CF14,2,gcc_2_8_1_g8_split,gcc_2_8_1_g8_split,nonmatch,byte +0x4: 18!=14; word +0x4: 1800b2af!=1400b1af
0x8003CF14,3,gcc_2_8_1_g8,gcc_2_8_1_g8,nonmatch,byte +0x4: 18!=40; word +0x4: 1800b2af!=40030524
0x8003CF14,4,gcc_2_8_1_g8,gcc_2_8_1_g8,nonmatch,byte +0x4: 18!=40; word +0x4: 1800b2af!=40030524
0x8003CF14,5,gcc_2_8_1_g0,gcc_2_8_1_g0,nonmatch,byte +0x4: 18!=14; word +0x4: 1800b2af!=1400b1af
0x8003CF14,6,gcc_2_8_1_g0_split,gcc_2_8_1_g0_split,deferred,byte +0x4: 18!=14; word +0x4: 1800b2af!=1400b1af
0x8003D03C,1,gcc_2_8_1_g8,gcc_2_8_1_g8,nonmatch,byte +0x4: 14!=10; word +0x4: 1400b1af!=1000b0af
0x8003D03C,2,gcc_2_8_1_g8_split,gcc_2_8_1_g8_split,nonmatch,byte +0x4: 14!=10; word +0x4: 1400b1af!=1000b0af
0x8003D03C,3,gcc_2_8_1_g8,gcc_2_8_1_g8,nonmatch,byte +0x4: 14!=1d; word +0x4: 1400b1af!=1d80053c
0x8003D03C,4,gcc_2_8_1_g8,gcc_2_8_1_g8,nonmatch,byte +0x4: 14!=1d; word +0x4: 1400b1af!=1d80053c
0x8003D03C,5,gcc_2_8_1_g0,gcc_2_8_1_g0,nonmatch,byte +0x4: 14!=10; word +0x4: 1400b1af!=1000b0af
0x8003D03C,6,gcc_2_8_1_g0_split,gcc_2_8_1_g0_split,deferred,byte +0x4: 14!=10; word +0x4: 1400b1af!=1000b0af
0x8003D0F4,1,gcc_2_8_1_g8,gcc_2_8_1_g8,nonmatch,byte +0x28: 04!=00; word +0x28: 0404038e!=00058383
0x8003D0F4,2,gcc_2_8_1_g0,gcc_2_8_1_g0,nonmatch,byte +0x28: 04!=0a; word +0x28: 0404038e!=0a80013c
0x8003D0F4,3,gcc_2_8_1_g0,gcc_2_8_1_g0,nonmatch,byte +0x28: 04!=0a; word +0x28: 0404038e!=0a80013c
0x8003D0F4,4,gcc_2_8_1_g0_split,gcc_2_8_1_g0_split,nonmatch,byte +0x24: 08!=0a; word +0x24: 0804028e!=0a80053c
0x8003D0F4,5,gcc_2_8_1_g8,gcc_2_8_1_g8,nonmatch,byte +0x28: 04!=00; word +0x28: 0404038e!=00058383
0x8003D0F4,6,gcc_2_8_1_g8_split,gcc_2_8_1_g8_split,deferred,byte +0x28: 04!=00; word +0x28: 0404038e!=00058383
0x8003D46C,1,gcc_2_8_1_g8,gcc_2_8_1_g8,nonmatch,/home/superconta/data/share/yugioh/tools/toolchains/binutils-2.42/bin/mipsel-none-elf-ld failed (1): /home/superconta/data/share/yugioh/tools/toolchains/binutils-2.42/bin/mipsel-none-elf-ld: small-data section too large; lower small-data size limit (see option -G) /home/superconta/data/share/yugioh/tmp/agents/wave3-3xx/build/8003D46C/v1/candidate.o: in function `func_8003D46C': (.text+0x30): relocation truncated to fit: R_MIPS_GPREL16 against `D_800EF6EA' 
0x8003D46C,2,gcc_2_8_1_g0,gcc_2_8_1_g0,nonmatch,byte +0x28: 0f!=40; word +0x28: 0f80023c!=40000224
0x8003D46C,3,gcc_2_8_1_g0,gcc_2_8_1_g0,nonmatch,byte +0x4: 20!=ff; word +0x4: 2000b2af!=ffff0224
0x8003D46C,4,gcc_2_8_1_g0_split,gcc_2_8_1_g0_split,nonmatch,byte +0x4: 20!=0a; word +0x4: 2000b2af!=0a80033c
0x8003D46C,5,gcc_2_8_1_g8,gcc_2_8_1_g8,nonmatch,/home/superconta/data/share/yugioh/tools/toolchains/binutils-2.42/bin/mipsel-none-elf-ld failed (1): /home/superconta/data/share/yugioh/tools/toolchains/binutils-2.42/bin/mipsel-none-elf-ld: small-data section too large; lower small-data size limit (see option -G) /home/superconta/data/share/yugioh/tmp/agents/wave3-3xx/build/8003D46C/v5/candidate.o: in function `func_8003D46C': (.text+0x30): relocation truncated to fit: R_MIPS_GPREL16 against `D_800EF6EA' 
0x8003D46C,6,gcc_2_8_1_g8_split,gcc_2_8_1_g8_split,deferred,/home/superconta/data/share/yugioh/tools/toolchains/binutils-2.42/bin/mipsel-none-elf-ld failed (1): /home/superconta/data/share/yugioh/tools/toolchains/binutils-2.42/bin/mipsel-none-elf-ld: small-data section too large; lower small-data size limit (see option -G) /home/superconta/data/share/yugioh/tmp/agents/wave3-3xx/build/8003D46C/v6/candidate.o: in function `func_8003D46C': (.text+0x30): relocation truncated to fit: R_MIPS_GPREL16 against `D_800EF6EA' 
0x8003F758,1,gcc_2_8_1_g8,gcc_2_8_1_g8,nonmatch,byte +0x4: 18!=14; word +0x4: 1800b2af!=1400b1af
0x8003F758,2,gcc_2_8_1_g8_split,gcc_2_8_1_g8_split,nonmatch,byte +0xc: 10!=0f; word +0xc: 1000b0af!=0f80043c
0x8003F758,3,gcc_2_8_1_g8,gcc_2_8_1_g8,nonmatch,byte +0xc: 10!=0f; word +0xc: 1000b0af!=0f80043c
0x8003F758,4,gcc_2_8_1_g8,gcc_2_8_1_g8,nonmatch,byte +0xc: 10!=0f; word +0xc: 1000b0af!=0f80043c
0x8003F758,5,gcc_2_8_1_g0,gcc_2_8_1_g0,nonmatch,byte +0x4: 18!=14; word +0x4: 1800b2af!=1400b1af
0x8003F758,6,gcc_2_8_1_g0_split,gcc_2_8_1_g0_split,deferred,byte +0x30: ff!=0a; word +0x30: ff1f0326!=0a80023c
0x8003F810,1,gcc_2_8_1_g8,gcc_2_8_1_g8,nonmatch,byte +0x1c: 01!=21; word +0x1c: 01000224!=21100000
0x8003F810,2,gcc_2_8_1_g8_split,gcc_2_8_1_g8_split,nonmatch,byte +0x14: 21!=0f; word +0x14: 21884000!=0f004010
0x8003F810,3,gcc_2_8_1_g8,gcc_2_8_1_g8,nonmatch,byte +0x14: 21!=0f; word +0x14: 21884000!=0f004010
0x8003F810,4,gcc_2_8_1_g8,gcc_2_8_1_g8,nonmatch,byte +0x4: 18!=1c; word +0x4: 1800bfaf!=1c00bfaf
0x8003F810,5,gcc_2_8_1_g0,gcc_2_8_1_g0,nonmatch,byte +0x1c: 01!=21; word +0x1c: 01000224!=21100000
0x8003F810,6,gcc_2_8_1_g0_split,gcc_2_8_1_g0_split,deferred,byte +0x1c: 01!=21; word +0x1c: 01000224!=21100000
0x8004020C,1,gcc_2_8_1_g8,gcc_2_8_1_g8,nonmatch,byte +0x6: 83!=85; word +0x4: 00008384!=00008584
0x8004020C,2,gcc_2_8_1_g8_split,gcc_2_8_1_g8_split,nonmatch,byte +0x6: 83!=86; word +0x4: 00008384!=00008684
0x8004020C,3,gcc_2_8_1_g8,gcc_2_8_1_g8,nonmatch,byte +0x6: 83!=85; word +0x4: 00008384!=00008584
0x8004020C,4,gcc_2_8_1_g8,gcc_2_8_1_g8,nonmatch,byte +0x6: 83!=85; word +0x4: 00008384!=00008584
0x8004020C,5,gcc_2_8_1_g0,gcc_2_8_1_g0,nonmatch,byte +0x0: 08!=0a; word +0x0: 08058297!=0a80023c
0x8004020C,6,gcc_2_8_1_g0_split,gcc_2_8_1_g0_split,deferred,byte +0x0: 08!=0a; word +0x0: 08058297!=0a80033c
0x80040510,1,gcc_2_8_1_g8,gcc_2_8_1_g8,nonmatch,byte +0x0: 21!=c2; word +0x0: 21108000!=c2170700
0x80040510,2,gcc_2_8_1_g8_split,gcc_2_8_1_g8_split,nonmatch,byte +0x0: 21!=c2; word +0x0: 21108000!=c2170700
0x80040510,3,gcc_2_8_1_g8,gcc_2_8_1_g8,nonmatch,byte +0x0: 21!=10; word +0x0: 21108000!=1000a88f
0x80040510,4,gcc_2_8_1_g8,gcc_2_8_1_g8,nonmatch,byte +0x4: c2!=10; word +0x4: c21f0700!=1000a48f
0x80040510,5,gcc_2_8_1_g0,gcc_2_8_1_g0,nonmatch,byte +0x4: c2!=10; word +0x4: c21f0700!=1000a88f
0x80040510,6,gcc_2_8_1_g0_split,gcc_2_8_1_g0_split,deferred,byte +0x0: 21!=c2; word +0x0: 21108000!=c2170700
0x80040BF8,1,gcc_2_8_1_g8,gcc_2_8_1_g8,nonmatch,/home/superconta/data/share/yugioh/tools/toolchains/binutils-2.42/bin/mipsel-none-elf-ld failed (1): /home/superconta/data/share/yugioh/tools/toolchains/binutils-2.42/bin/mipsel-none-elf-ld: small-data section too large; lower small-data size limit (see option -G) /home/superconta/data/share/yugioh/tmp/agents/wave3-3xx/build/80040BF8/v1/candidate.o: in function `func_80040BF8': (.text+0x8): relocation truncated to fit: R_MIPS_GPREL16 against `D_800EFE3E' 
0x80040BF8,2,gcc_2_8_1_g0,gcc_2_8_1_g0,nonmatch,byte +0x0: d8!=e0; word +0x0: d8ffbd27!=e0ffbd27
0x80040BF8,3,gcc_2_8_1_g0,gcc_2_8_1_g0,nonmatch,byte +0x4: 0f!=14; word +0x4: 0f80023c!=1400b1af
0x80040BF8,4,gcc_2_8_1_g0_split,gcc_2_8_1_g0_split,nonmatch,byte +0x1c: 1e!=1d; word +0x1c: 1e002006!=1d002006
0x80040BF8,5,gcc_2_8_1_g8,gcc_2_8_1_g8,nonmatch,/home/superconta/data/share/yugioh/tools/toolchains/binutils-2.42/bin/mipsel-none-elf-ld failed (1): /home/superconta/data/share/yugioh/tools/toolchains/binutils-2.42/bin/mipsel-none-elf-ld: small-data section too large; lower small-data size limit (see option -G) /home/superconta/data/share/yugioh/tmp/agents/wave3-3xx/build/80040BF8/v5/candidate.o: in function `func_80040BF8': (.text+0x8): relocation truncated to fit: R_MIPS_GPREL16 against `D_800EFE3E' 
0x80040BF8,6,gcc_2_8_1_g8_split,gcc_2_8_1_g8_split,deferred,/home/superconta/data/share/yugioh/tools/toolchains/binutils-2.42/bin/mipsel-none-elf-ld failed (1): /home/superconta/data/share/yugioh/tools/toolchains/binutils-2.42/bin/mipsel-none-elf-ld: small-data section too large; lower small-data size limit (see option -G) /home/superconta/data/share/yugioh/tmp/agents/wave3-3xx/build/80040BF8/v6/candidate.o: in function `func_80040BF8': (.text+0x8): relocation truncated to fit: R_MIPS_GPREL16 against `D_800EFE3E' 
0x80040CAC,1,gcc_2_8_1_g8,gcc_2_8_1_g8,nonmatch,byte +0x4: 0f!=10; word +0x4: 0f80023c!=1000b0af
0x80040CAC,2,gcc_2_8_1_g8_split,gcc_2_8_1_g8_split,nonmatch,byte +0x1e: 02!=11; word +0x1c: 0f80023c!=0f80113c
0x80040CAC,3,gcc_2_8_1_g8,gcc_2_8_1_g8,nonmatch,byte +0x4: 0f!=10; word +0x4: 0f80023c!=1000b0af
0x80040CAC,4,gcc_2_8_1_g8,gcc_2_8_1_g8,nonmatch,byte +0x4: 0f!=10; word +0x4: 0f80023c!=1000b0af
0x80040CAC,5,gcc_2_8_1_g0,gcc_2_8_1_g0,nonmatch,byte +0x4: 0f!=10; word +0x4: 0f80023c!=1000b0af
0x80040CAC,6,gcc_2_8_1_g0_split,gcc_2_8_1_g0_split,deferred,byte +0x31: 20!=10; word +0x30: 21205100!=21105100
0x800382A8,1,gcc_2_8_1_g8,gcc_2_8_1_g8,nonmatch,byte +0x0: 21!=34; word +0x0: 21288000!=34008294
0x800382A8,2,gcc_2_8_1_g8_split,gcc_2_8_1_g8_split,nonmatch,byte +0x0: 21!=34; word +0x0: 21288000!=34008294
0x800382A8,3,gcc_2_8_1_g8,gcc_2_8_1_g8,nonmatch,byte +0x34: 05!=04; word +0x34: 05008210!=04008214
0x800382A8,4,gcc_2_8_1_g8,gcc_2_8_1_g8,nonmatch,byte +0x34: 05!=04; word +0x34: 05008210!=04008214
0x800382A8,5,gcc_2_8_1_g0,gcc_2_8_1_g0,matched,exact linked bytes and relocations
0x80039140,1,gcc_2_8_1_g8,gcc_2_8_1_g8,matched,exact linked bytes and relocations
0x80039BE0,1,gcc_2_8_1_g8,gcc_2_8_1_g8,nonmatch,byte +0x3c: 0d!=0c; word +0x3c: 0d004014!=0c004014
0x80039BE0,2,gcc_2_8_1_g8_split,gcc_2_8_1_g8_split,nonmatch,byte +0x3c: 0d!=0c; word +0x3c: 0d004014!=0c004014
0x80039BE0,3,gcc_2_8_1_g8,gcc_2_8_1_g8,nonmatch,byte +0x3c: 0d!=0c; word +0x3c: 0d004014!=0c004014
0x80039BE0,4,gcc_2_8_1_g8,gcc_2_8_1_g8,nonmatch,byte +0x3c: 0d!=0c; word +0x3c: 0d004014!=0c004014
0x80039BE0,5,gcc_2_8_1_g0,gcc_2_8_1_g0,matched,exact linked bytes and relocations
0x8003C2B4,1,gcc_2_8_1_g8,gcc_2_8_1_g8,matched,exact linked bytes and relocations
0x8003CFC8,1,gcc_2_8_1_g8,gcc_2_8_1_g8,nonmatch,byte +0x24: 24!=08; word +0x24: 24061226!=08001224
0x8003CFC8,2,gcc_2_8_1_g8_split,gcc_2_8_1_g8_split,matched,exact linked bytes and relocations
0x80040468,1,gcc_2_8_1_g8,gcc_2_8_1_g8,matched,exact linked bytes and relocations
0x8004149C,1,gcc_2_8_1_g8,gcc_2_8_1_g8,nonmatch,byte +0x50: 00!=58; word +0x50: 00000000!=580020a6
0x8004149C,2,gcc_2_8_1_g8_split,gcc_2_8_1_g8_split,matched,exact linked bytes and relocations
0x800472A8,1,gcc_2_8_1_g8,gcc_2_8_1_g8,nonmatch,byte +0x18: 10!=0f; word +0x18: 10004010!=0f004010; relocations differ
0x800472A8,2,gcc_2_8_1_g8,gcc_2_8_1_g8,nonmatch,byte +0x18: 10!=11; word +0x18: 10004010!=11004010; relocations differ
0x800472A8,3,gcc_2_8_1_g8,gcc_2_8_1_g8,nonmatch,byte +0x0: 54!=e8; word +0x0: 5405828f!=e8ffbd27; relocations differ
0x800472A8,4,gcc_2_8_1_g8,gcc_2_8_1_g8,nonmatch,byte +0x1c: 21!=00; word +0x1c: 21188000!=00808230; relocations differ
0x800472A8,5,gcc_2_8_1_g8,gcc_2_8_1_g8,nonmatch,byte +0x18: 10!=11; word +0x18: 10004010!=11004010; relocations differ
0x800472A8,6,gcc_2_8_1_g8,gcc_2_8_1_g8,deferred,byte +0x18: 10!=12; word +0x18: 10004010!=12004010; relocations differ
0x80047A68,1,gcc_2_8_1_g0,gcc_2_8_1_g0,nonmatch,byte +0x4: 10!=21; word +0x4: 1000063c!=21280000; relocations differ
0x80047A68,2,gcc_2_8_1_g0,gcc_2_8_1_g0,nonmatch,byte +0x4: 10!=21; word +0x4: 1000063c!=21280000
0x80047A68,3,gcc_2_8_1_g0,gcc_2_8_1_g0,nonmatch,byte +0x4: 10!=21; word +0x4: 1000063c!=21280000
0x80047A68,4,gcc_2_8_1_g0,gcc_2_8_1_g0,nonmatch,byte +0x21: 00!=04; word +0x20: 04006794!=04046294
0x80047A68,5,gcc_2_8_1_g0,gcc_2_8_1_g0,nonmatch,byte +0x3c: 40!=01; word +0x3c: 40300600!=01008424
0x80047A68,6,gcc_2_8_1_g0,gcc_2_8_1_g0,deferred,byte +0x48: f6!=f5; word +0x48: f6ff4014!=f5ff4014
0x8004A27C,1,gcc_2_8_1_g0,gcc_2_8_1_g0,nonmatch,byte +0x1c: 16!=12; word +0x1c: 16056594!=12400000; relocations differ
0x8004A27C,2,gcc_2_8_1_g0_split,gcc_2_8_1_g0_split,nonmatch,byte +0x2: 03!=02; word +0x0: 0a80033c!=0a80023c; relocations differ
0x8004A27C,3,gcc_2_8_1_g0,gcc_2_8_1_g0,nonmatch,byte +0x12: 62!=67; word +0x10: 14056294!=14056794; relocations differ
0x8004A27C,4,gcc_2_8_1_g0,gcc_2_8_1_g0,nonmatch,byte +0x1c: 16!=12; word +0x1c: 16056594!=12380000; relocations differ
0x8004A27C,5,gcc_2_8_1_g0,gcc_2_8_1_g0,nonmatch,byte +0x1c: 16!=12; word +0x1c: 16056594!=12400000; relocations differ
0x8004A27C,6,gcc_2_8_1_g0,gcc_2_8_1_g0,deferred,tool error: /home/superconta/data/share/yugioh/tools/toolchains/gcc-2.8.1-psx/bin/mips-sony-psx-gcc failed (1):
0x8004A6F8,1,gcc_2_8_1_g0,gcc_2_8_1_g0,nonmatch,byte +0x6: 06!=02; word +0x4: 0600063c!=0600023c; relocations differ
0x8004A6F8,2,gcc_2_8_1_g0_split,gcc_2_8_1_g0_split,nonmatch,byte +0x8: 01!=0a; word +0x8: 0180023c!=0a80033c; relocations differ
0x8004A6F8,3,gcc_2_8_1_g0_split,gcc_2_8_1_g0_split,nonmatch,byte +0x1a: 03!=02; word +0x18: 0a80033c!=0a80023c; relocations differ
0x8004A6F8,4,gcc_2_8_1_g0_split,gcc_2_8_1_g0_split,nonmatch,byte +0x8: 01!=0a; word +0x8: 0180023c!=0a80023c; relocations differ
0x8004A6F8,5,gcc_2_8_1_g0_split,gcc_2_8_1_g0_split,nonmatch,byte +0x4: 06!=01; word +0x4: 0600063c!=0180023c; relocations differ
0x8004A6F8,6,gcc_2_8_1_g0_split,gcc_2_8_1_g0_split,deferred,byte +0x8: 01!=0a; word +0x8: 0180023c!=0a80023c; relocations differ
0x8004BBBC,1,gcc_2_8_1_g0_split,gcc_2_8_1_g0_split,nonmatch,byte +0xc: 14!=18; word +0xc: 1400b1af!=1800b2af; relocations differ
0x8004BBBC,2,gcc_2_8_1_g0,gcc_2_8_1_g0,nonmatch,byte +0x0: e0!=e8; word +0x0: e0ffbd27!=e8ffbd27; relocations differ
0x8004BBBC,3,gcc_2_8_1_g0_split,gcc_2_8_1_g0_split,nonmatch,byte +0xc: 14!=18; word +0xc: 1400b1af!=1800b2af; relocations differ
0x8004BBBC,4,gcc_2_8_1_g0_split,gcc_2_8_1_g0_split,nonmatch,byte +0x16: bf!=b2; word +0x14: 1800bfaf!=1800b2af; relocations differ
0x8004BBBC,5,gcc_2_8_1_g0_split,gcc_2_8_1_g0_split,nonmatch,byte +0x20: 80!=00; word +0x20: 80af2426!=00000000; relocations differ
0x8004BBBC,6,gcc_2_8_1_g0_split,gcc_2_8_1_g0_split,deferred,byte +0xc: 14!=18; word +0xc: 1400b1af!=1800bfaf; relocations differ
0x80044038,1,gcc_2_8_1_g8_split,gcc_2_8_1_g8_split,nonmatch,byte +0x40: fd!=04; word +0x40: fdff4004!=04004104; relocations differ
0x80044038,2,gcc_2_8_1_g8_split,gcc_2_8_1_g8_split,matched,exact linked bytes and relocations
0x80044278,1,gcc_2_8_1_g8_split,gcc_2_8_1_g8_split,matched,exact linked bytes and relocations
0x80044380,1,gcc_2_8_1_g8_split,gcc_2_8_1_g8_split,matched,exact linked bytes and relocations
0x800443EC,1,gcc_2_8_1_g8_split,gcc_2_8_1_g8_split,matched,exact linked bytes and relocations
0x80044598,1,gcc_2_8_1_g8,gcc_2_8_1_g8,matched,exact linked bytes and relocations
0x80044F58,1,gcc_2_8_1_g0,gcc_2_8_1_g0,nonmatch,byte +0x6e: 03!=02; word +0x6c: 0a80033c!=0a80023c
0x80044F58,2,gcc_2_8_1_g0,gcc_2_8_1_g0,matched,exact linked bytes and relocations
0x80046990,1,gcc_2_8_1_g8,gcc_2_8_1_g8,matched,exact linked bytes and relocations
0x80046FA0,1,gcc_2_8_1_g8,gcc_2_8_1_g8,nonmatch,byte +0x4: 21!=54; word +0x4: 21288000!=5405858f; relocations differ
0x80046FA0,2,gcc_2_8_1_g8,gcc_2_8_1_g8,matched,exact linked bytes and relocations
0x8004763C,1,gcc_2_8_1_g0,gcc_2_8_1_g0,nonmatch,byte +0x2: 05!=04; word +0x0: 0a80053c!=0a80043c; relocations differ
0x8004763C,2,gcc_2_8_1_g0,gcc_2_8_1_g0,nonmatch,byte +0x12: a2!=a3; word +0x10: 0000a294!=0000a394
0x8004763C,3,gcc_2_8_1_g0,gcc_2_8_1_g0,matched,exact linked bytes and relocations
0x80047864,1,gcc_2_8_1_g0,gcc_2_8_1_g0,nonmatch,byte +0x9: 28!=30; word +0x8: 21288000!=21308000
0x80047864,2,gcc_2_8_1_g0,gcc_2_8_1_g0,nonmatch,byte +0x9: 28!=30; word +0x8: 21288000!=21308000; relocations differ
0x80047864,3,gcc_2_8_1_g0,gcc_2_8_1_g0,nonmatch,byte +0x9: 28!=30; word +0x8: 21288000!=21308000; relocations differ
0x80047864,4,gcc_2_8_1_g0,gcc_2_8_1_g0,nonmatch,byte +0x8: 21!=10; word +0x8: 21288000!=1000033c
0x80047864,5,gcc_2_8_1_g0,gcc_2_8_1_g0,nonmatch,byte +0x8: 21!=10; word +0x8: 21288000!=1000033c; relocations differ
0x80047864,6,gcc_2_8_1_g0,gcc_2_8_1_g0,matched,exact linked bytes and relocations
0x80047EC4,1,gcc_2_8_1_g0,gcc_2_8_1_g0,matched,exact linked bytes and relocations
0x80047F38,1,gcc_2_8_1_g0,gcc_2_8_1_g0,nonmatch,byte +0x26: c3!=66; word +0x24: 2110c300!=21106600
0x80047F38,2,gcc_2_8_1_g0,gcc_2_8_1_g0,matched,exact linked bytes and relocations
0x80048C0C,1,gcc_2_8_1_g0,gcc_2_8_1_g0,nonmatch,byte +0x22: 62!=43; word +0x20: 21106200!=21104300
0x80048C0C,2,gcc_2_8_1_g0,gcc_2_8_1_g0,matched,exact linked bytes and relocations
0x80049308,1,gcc_2_8_1_g0,gcc_2_8_1_g0,nonmatch,byte +0x44: 00!=ff; word +0x44: 00140200!=ffff4230
0x80049308,2,gcc_2_8_1_g0,gcc_2_8_1_g0,matched,exact linked bytes and relocations
0x80049394,1,gcc_2_8_1_g0,gcc_2_8_1_g0,matched,exact linked bytes and relocations
0x8004975C,1,gcc_2_8_1_g0,gcc_2_8_1_g0,nonmatch,byte +0x8: 0a!=21; word +0x8: 0a80023c!=21908000; relocations differ
0x8004975C,2,gcc_2_8_1_g0,gcc_2_8_1_g0,nonmatch,byte +0x8: 0a!=21; word +0x8: 0a80023c!=21908000; relocations differ
0x8004975C,3,gcc_2_8_1_g0,gcc_2_8_1_g0,nonmatch,byte +0x4: 18!=0a; word +0x4: 1800b2af!=0a80023c; relocations differ
0x8004975C,4,gcc_2_8_1_g0,gcc_2_8_1_g0,nonmatch,byte +0x4: 18!=1c; word +0x4: 1800b2af!=1c00bfaf; relocations differ
0x8004975C,5,gcc_2_8_1_g0,gcc_2_8_1_g0,nonmatch,byte +0x0: e0!=0a; word +0x0: e0ffbd27!=0a80023c; relocations differ
0x8004975C,6,gcc_2_8_1_g0,gcc_2_8_1_g0,matched,exact linked bytes and relocations
0x80049C40,1,gcc_2_8_1_g0,gcc_2_8_1_g0,nonmatch,byte +0x32: 03!=02; word +0x30: 0a80033c!=0a80023c
0x80049C40,2,gcc_2_8_1_g0,gcc_2_8_1_g0,matched,exact linked bytes and relocations
0x80049F50,1,gcc_2_8_1_g0,gcc_2_8_1_g0,nonmatch,byte +0x18: 0c!=0d; word +0x18: 0c006214!=0d006214; relocations differ
0x80049F50,2,gcc_2_8_1_g0,gcc_2_8_1_g0,nonmatch,byte +0x18: 0c!=0d; word +0x18: 0c006214!=0d006214; relocations differ
0x80049F50,3,gcc_2_8_1_g0,gcc_2_8_1_g0,matched,exact linked bytes and relocations
0x8004A3BC,1,gcc_2_8_1_g0,gcc_2_8_1_g0,nonmatch,byte +0x2: a3!=a5; word +0x0: ff00a330!=ff00a530; relocations differ
0x8004A3BC,2,gcc_2_8_1_g0,gcc_2_8_1_g0,nonmatch,byte +0x2: a3!=a6; word +0x0: ff00a330!=ff00a630
0x8004A3BC,3,gcc_2_8_1_g0,gcc_2_8_1_g0,matched,exact linked bytes and relocations
0x8004B910,1,gcc_2_8_1_g0,gcc_2_8_1_g0,matched,exact linked bytes and relocations
0x8004BB34,1,gcc_2_8_1_g0,gcc_2_8_1_g0,nonmatch,byte +0x64: 21!=25; word +0x64: 21804300!=25804300
0x8004BB34,2,gcc_2_8_1_g0,gcc_2_8_1_g0,matched,exact linked bytes and relocations
0x8004BC2C,1,gcc_2_8_1_g0,gcc_2_8_1_g0,nonmatch,byte +0x4: 10!=18; word +0x4: 1000b0af!=1800b2af
0x8004BC2C,2,gcc_2_8_1_g0,gcc_2_8_1_g0,matched,exact linked bytes and relocations
0x8004C0AC,1,gcc_2_8_1_g0,gcc_2_8_1_g0,nonmatch,byte +0xc: 10!=20; word +0xc: 1000b0af!=2000bfaf; relocations differ
0x8004C0AC,2,gcc_2_8_1_g0,gcc_2_8_1_g0,matched,exact linked bytes and relocations
0x8004C560,1,gcc_2_8_1_g0,gcc_2_8_1_g0,nonmatch,byte +0x30: 08!=21; word +0x30: 080002ae!=21184000
0x8004C560,2,gcc_2_8_1_g0,gcc_2_8_1_g0,matched,exact linked bytes and relocations
0x8004C84C,1,gcc_2_8_1_g0,gcc_2_8_1_g0,nonmatch,byte +0x14: 17!=18; word +0x14: 17004018!=18004018; relocations differ
0x8004C84C,2,gcc_2_8_1_g0,gcc_2_8_1_g0,nonmatch,byte +0x8: 00!=80; word +0x8: 00000000!=80010624; relocations differ
0x8004C84C,3,gcc_2_8_1_g0,gcc_2_8_1_g0,nonmatch,byte +0x2: 03!=02; word +0x0: 0a80033c!=0a80023c; relocations differ
0x8004C84C,4,gcc_2_8_1_g0,gcc_2_8_1_g0,nonmatch,byte +0x19: 28!=30; word +0x18: 21280000!=21300000
0x8004C84C,5,gcc_2_8_1_g0,gcc_2_8_1_g0,nonmatch,byte +0x5c: 00!=01; word +0x5c: 00000000!=0100a524
0x8004C84C,6,gcc_2_8_1_g0,gcc_2_8_1_g0,matched,exact linked bytes and relocations
0x80059FAC,1,gcc_2_8_1_g0_split,gcc_2_8_1_g0_split,nonmatch,byte +0x40: 20!=32; word +0x40: 202b4224!=322b51a4; relocations differ
0x80059FAC,2,gcc_2_8_1_g0,gcc_2_8_1_g0,nonmatch,byte +0x2c: 0f!=00; word +0x2c: 0f80023c!=00000000; relocations differ
0x80059FAC,3,gcc_2_8_1_g0_split,gcc_2_8_1_g0_split,nonmatch,byte +0x26: 02!=03; word +0x24: 01000224!=01000324; relocations differ
0x80059FAC,4,gcc_2_8_1_g0_split,gcc_2_8_1_g0_split,nonmatch,byte +0x0: e0!=d8; word +0x0: e0ffbd27!=d8ffbd27; relocations differ
0x80059FAC,5,gcc_2_8_1_g0,gcc_2_8_1_g0,nonmatch,byte +0x2c: 0f!=00; word +0x2c: 0f80023c!=00000000; relocations differ
0x80059FAC,6,gcc_2_8_1_g0_split,gcc_2_8_1_g0_split,deferred,byte +0x40: 20!=32; word +0x40: 202b4224!=322b51a4; relocations differ
0x8005A010,1,gcc_2_8_1_g0_split,gcc_2_8_1_g0_split,nonmatch,byte +0x40: 20!=42; word +0x40: 202b4224!=422b51a4; relocations differ
0x8005A010,2,gcc_2_8_1_g0,gcc_2_8_1_g0,nonmatch,byte +0x2c: 0f!=00; word +0x2c: 0f80023c!=00000000; relocations differ
0x8005A010,3,gcc_2_8_1_g0_split,gcc_2_8_1_g0_split,nonmatch,byte +0x26: 02!=03; word +0x24: 01000224!=01000324; relocations differ
0x8005A010,4,gcc_2_8_1_g0_split,gcc_2_8_1_g0_split,nonmatch,byte +0x0: e0!=d8; word +0x0: e0ffbd27!=d8ffbd27; relocations differ
0x8005A010,5,gcc_2_8_1_g0,gcc_2_8_1_g0,nonmatch,byte +0x2c: 0f!=00; word +0x2c: 0f80023c!=00000000; relocations differ
0x8005A010,6,gcc_2_8_1_g0_split,gcc_2_8_1_g0_split,deferred,byte +0x40: 20!=42; word +0x40: 202b4224!=422b51a4; relocations differ
0x8005A074,1,gcc_2_8_1_g0_split,gcc_2_8_1_g0_split,nonmatch,byte +0x4: 14!=10; word +0x4: 1400b1af!=1000b0af; relocations differ
0x8005A074,2,gcc_2_8_1_g0_split,gcc_2_8_1_g0_split,nonmatch,byte +0x24: 0f!=00; word +0x24: 0f80033c!=00000000; relocations differ
0x8005A074,3,gcc_2_8_1_g0_split,gcc_2_8_1_g0_split,nonmatch,byte +0x3c: 02!=03; word +0x3c: 02002106!=03002106
0x8005A074,4,gcc_2_8_1_g0_split,gcc_2_8_1_g0_split,nonmatch,byte +0x24: 0f!=00; word +0x24: 0f80033c!=00000000; relocations differ
0x8005A074,5,gcc_2_8_1_g0_split,gcc_2_8_1_g0_split,nonmatch,byte +0x24: 0f!=21; word +0x24: 0f80033c!=21102002; relocations differ
0x8005A074,6,gcc_2_8_1_g0_split,gcc_2_8_1_g0_split,deferred,byte +0x24: 0f!=21; word +0x24: 0f80033c!=21102002; relocations differ
0x80070870,1,gcc_2_8_1_g0,gcc_2_8_1_g0,nonmatch,byte +0x0: 1b!=21; word +0x0: 1b80023c!=21280000; relocations differ
0x80070870,2,gcc_2_8_1_g0,gcc_2_8_1_g0,nonmatch,byte +0x0: 1b!=40; word +0x0: 1b80023c!=40100400; relocations differ
0x80070870,3,gcc_2_8_1_g0,gcc_2_8_1_g0,nonmatch,byte +0x15: 18!=20; word +0x14: 21186200!=21200000; relocations differ
0x80070870,4,gcc_2_8_1_g0,gcc_2_8_1_g0,nonmatch,byte +0x0: 1b!=40; word +0x0: 1b80023c!=40100400; relocations differ
0x80070870,5,gcc_2_8_1_g0,gcc_2_8_1_g0,nonmatch,byte +0x22: 02!=03; word +0x20: 0f80023c!=0f80033c
0x80070870,6,gcc_2_8_1_g0,gcc_2_8_1_g0,deferred,byte +0x28: 3e!=00; word +0x28: 3e006294!=00006294
0x800708C4,1,gcc_2_8_1_g0,gcc_2_8_1_g0,nonmatch,tool error: /home/superconta/data/share/yugioh/tools/toolchains/gcc-2.8.1-psx/bin/mips-sony-psx-gcc failed (1):
0x800708C4,2,gcc_2_8_1_g0,gcc_2_8_1_g0,nonmatch,byte +0x0: 1b!=40; word +0x0: 1b80023c!=40100400; relocations differ
0x800708C4,3,gcc_2_8_1_g0,gcc_2_8_1_g0,nonmatch,tool error: /home/superconta/data/share/yugioh/tools/toolchains/gcc-2.8.1-psx/bin/mips-sony-psx-gcc failed (1):
0x800708C4,4,gcc_2_8_1_g0,gcc_2_8_1_g0,nonmatch,byte +0x0: 1b!=40; word +0x0: 1b80023c!=40100400; relocations differ
0x800708C4,5,gcc_2_8_1_g0,gcc_2_8_1_g0,nonmatch,byte +0x1a: 64!=65; word +0x18: 08006480!=08006580
0x800708C4,6,gcc_2_8_1_g0,gcc_2_8_1_g0,deferred,byte +0x4a: 62!=66; word +0x48: 19006228!=19006628
0x80071248,1,gcc_2_8_1_g0,gcc_2_8_1_g0,nonmatch,byte +0x0: e0!=e8; word +0x0: e0ffbd27!=e8ffbd27; relocations differ
0x80071248,2,gcc_2_8_1_g0,gcc_2_8_1_g0,nonmatch,byte +0x4: 14!=18; word +0x4: 1400b1af!=1800bfaf; relocations differ
0x80071248,3,gcc_2_8_1_g0,gcc_2_8_1_g0,nonmatch,byte +0x34: 1d!=80; word +0x34: 1d80033c!=80801000; relocations differ
0x80071248,4,gcc_2_8_1_g0,gcc_2_8_1_g0,nonmatch,byte +0x30: 80!=1d; word +0x30: 80100200!=1d80033c; relocations differ
0x80071248,5,gcc_2_8_1_g0,gcc_2_8_1_g0,nonmatch,byte +0x31: 10!=20; word +0x30: 80100200!=80200200; relocations differ
0x80071248,6,gcc_2_8_1_g0,gcc_2_8_1_g0,deferred,byte +0x0: e0!=e8; word +0x0: e0ffbd27!=e8ffbd27; relocations differ
0x800712B4,1,gcc_2_8_1_g0,gcc_2_8_1_g0,nonmatch,byte +0x0: e0!=e8; word +0x0: e0ffbd27!=e8ffbd27; relocations differ
0x800712B4,2,gcc_2_8_1_g0,gcc_2_8_1_g0,nonmatch,byte +0x4: 10!=18; word +0x4: 1000b0af!=1800bfaf; relocations differ
0x800712B4,3,gcc_2_8_1_g0,gcc_2_8_1_g0,nonmatch,byte +0x34: 1b!=40; word +0x34: 1b80043c!=40181100; relocations differ
0x800712B4,4,gcc_2_8_1_g0,gcc_2_8_1_g0,nonmatch,byte +0x30: 80!=1b; word +0x30: 80100200!=1b80043c; relocations differ
0x800712B4,5,gcc_2_8_1_g0,gcc_2_8_1_g0,nonmatch,byte +0x31: 10!=18; word +0x30: 80100200!=80180200; relocations differ
0x800712B4,6,gcc_2_8_1_g0,gcc_2_8_1_g0,deferred,byte +0x0: e0!=e8; word +0x0: e0ffbd27!=e8ffbd27; relocations differ
0x800713B8,1,gcc_2_8_1_g0,gcc_2_8_1_g0,nonmatch,byte +0x0: e0!=e8; word +0x0: e0ffbd27!=e8ffbd27; relocations differ
0x800713B8,2,gcc_2_8_1_g0,gcc_2_8_1_g0,nonmatch,byte +0x4: 10!=18; word +0x4: 1000b0af!=1800bfaf; relocations differ
0x800713B8,3,gcc_2_8_1_g0,gcc_2_8_1_g0,nonmatch,byte +0x34: 0f!=01; word +0x34: 0f80043c!=01000324; relocations differ
0x800713B8,4,gcc_2_8_1_g0,gcc_2_8_1_g0,nonmatch,byte +0x30: 80!=0f; word +0x30: 80100200!=0f80043c; relocations differ
0x800713B8,5,gcc_2_8_1_g0,gcc_2_8_1_g0,nonmatch,byte +0x31: 10!=18; word +0x30: 80100200!=80180200; relocations differ
0x800713B8,6,gcc_2_8_1_g0,gcc_2_8_1_g0,deferred,byte +0x0: e0!=e8; word +0x0: e0ffbd27!=e8ffbd27; relocations differ
0x8007149C,1,gcc_2_8_1_g0,gcc_2_8_1_g0,nonmatch,byte +0x1c: 1b!=84; word +0x1c: 1b80023c!=84000424; relocations differ
0x8007149C,2,gcc_2_8_1_g0,gcc_2_8_1_g0,nonmatch,tool error: /home/superconta/data/share/yugioh/tools/toolchains/gcc-2.8.1-psx/bin/mips-sony-psx-gcc failed (1):
0x8007149C,3,gcc_2_8_1_g0,gcc_2_8_1_g0,nonmatch,byte +0x18: 0b!=1b; word +0x18: 0b000524!=1b80053c; relocations differ
0x8007149C,4,gcc_2_8_1_g0,gcc_2_8_1_g0,nonmatch,byte +0x1e: 02!=04; word +0x1c: 1b80023c!=1b80043c; relocations differ
0x8007149C,5,gcc_2_8_1_g0,gcc_2_8_1_g0,nonmatch,byte +0x11: 18!=30; word +0x10: 21184000!=21300000
0x8007149C,6,gcc_2_8_1_g0,gcc_2_8_1_g0,deferred,byte +0x54: 80!=fb; word +0x54: 80180300!=fbffc624
0x8007154C,1,gcc_2_8_1_g0,gcc_2_8_1_g0,nonmatch,byte +0x0: e0!=e8; word +0x0: e0ffbd27!=e8ffbd27; relocations differ
0x8007154C,2,gcc_2_8_1_g0,gcc_2_8_1_g0,nonmatch,byte +0x4: 10!=18; word +0x4: 1000b0af!=1800bfaf; relocations differ
0x8007154C,3,gcc_2_8_1_g0,gcc_2_8_1_g0,nonmatch,byte +0x30: 80!=0a; word +0x30: 80100200!=0a80033c; relocations differ
0x8007154C,4,gcc_2_8_1_g0,gcc_2_8_1_g0,nonmatch,byte +0x30: 80!=0f; word +0x30: 80100200!=0f80043c; relocations differ
0x8007154C,5,gcc_2_8_1_g0,gcc_2_8_1_g0,nonmatch,byte +0x31: 10!=28; word +0x30: 80100200!=80280200; relocations differ
0x8007154C,6,gcc_2_8_1_g0,gcc_2_8_1_g0,deferred,byte +0x0: e0!=e8; word +0x0: e0ffbd27!=e8ffbd27; relocations differ
0x800732A0,1,gcc_2_8_1_g0,gcc_2_8_1_g0,nonmatch,byte +0x6: 02!=03; word +0x4: 0f80023c!=0f80033c; relocations differ
0x800732A0,2,gcc_2_8_1_g0,gcc_2_8_1_g0,nonmatch,byte +0x0: 21!=0f; word +0x0: 21280000!=0f80033c; relocations differ
0x800732A0,3,gcc_2_8_1_g0,gcc_2_8_1_g0,nonmatch,byte +0x6: 02!=03; word +0x4: 0f80023c!=0f80033c; relocations differ
0x800732A0,4,gcc_2_8_1_g0,gcc_2_8_1_g0,nonmatch,byte +0x6: 02!=03; word +0x4: 0f80023c!=0f80033c; relocations differ
0x800732A0,5,gcc_2_8_1_g0,gcc_2_8_1_g0,nonmatch,byte +0xd: 10!=20; word +0xc: 2110a000!=2120a000; relocations differ
0x800732A0,6,gcc_2_8_1_g0,gcc_2_8_1_g0,deferred,byte +0x10: 11!=21; word +0x10: 11004014!=2120a000; relocations differ
0x80073310,1,gcc_2_8_1_g0,gcc_2_8_1_g0,nonmatch,byte +0x6: b0!=bf; word +0x4: 1000b0af!=1000bfaf; relocations differ
0x80073310,2,gcc_2_8_1_g0,gcc_2_8_1_g0,nonmatch,byte +0x4: 10!=14; word +0x4: 1000b0af!=1400bfaf; relocations differ
0x80073310,3,gcc_2_8_1_g0,gcc_2_8_1_g0,nonmatch,byte +0xc: 14!=98; word +0xc: 1400bfaf!=985b1026; relocations differ
0x80073310,4,gcc_2_8_1_g0,gcc_2_8_1_g0,nonmatch,byte +0x4: 10!=14; word +0x4: 1000b0af!=1400bfaf; relocations differ
0x80073310,5,gcc_2_8_1_g0_split,gcc_2_8_1_g0_split,nonmatch,byte +0xc: 14!=98; word +0xc: 1400bfaf!=985b1026; relocations differ
0x80073310,6,gcc_2_8_1_g0,gcc_2_8_1_g0,deferred,byte +0xc: 14!=98; word +0xc: 1400bfaf!=985b1026; relocations differ
0x800733A8,1,gcc_2_8_1_g0,gcc_2_8_1_g0,nonmatch,tool error: /home/superconta/data/share/yugioh/tools/toolchains/gcc-2.8.1-psx/bin/mips-sony-psx-gcc failed (1):
0x800733A8,2,gcc_2_8_1_g0,gcc_2_8_1_g0,nonmatch,byte +0x4: 10!=14; word +0x4: 1000b0af!=1400bfaf; relocations differ
0x800733A8,3,gcc_2_8_1_g0,gcc_2_8_1_g0,nonmatch,byte +0xc: 14!=98; word +0xc: 1400bfaf!=985b1026; relocations differ
0x800733A8,4,gcc_2_8_1_g0,gcc_2_8_1_g0,nonmatch,byte +0x4: 10!=14; word +0x4: 1000b0af!=1400bfaf; relocations differ
0x800733A8,5,gcc_2_8_1_g0_split,gcc_2_8_1_g0_split,nonmatch,byte +0xc: 14!=98; word +0xc: 1400bfaf!=985b1026; relocations differ
0x800733A8,6,gcc_2_8_1_g0,gcc_2_8_1_g0,deferred,byte +0xc: 14!=98; word +0xc: 1400bfaf!=985b1026; relocations differ
0x80059520,1,gcc_2_8_1_g0,gcc_2_8_1_g0,nonmatch,byte +0x10: 40!=c0; word +0x10: 40110200!=c0100200; relocations differ
0x80059520,2,gcc_2_8_1_g0,gcc_2_8_1_g0,matched,exact linked bytes and relocations
0x8005969C,1,gcc_2_8_1_g0,gcc_2_8_1_g0,matched,exact linked bytes and relocations
0x80059C24,1,gcc_2_8_1_g8,gcc_2_8_1_g8,matched,exact linked bytes and relocations
0x8005A188,1,gcc_2_8_1_g8,gcc_2_8_1_g8,nonmatch,byte +0x2c: 0a!=09; word +0x2c: 0a005010!=09005010; relocations differ
0x8005A188,2,gcc_2_8_1_g8,gcc_2_8_1_g8,nonmatch,byte +0x2c: 0a!=09; word +0x2c: 0a005010!=09005010; relocations differ
0x8005A188,3,gcc_2_8_1_g8,gcc_2_8_1_g8,matched,exact linked bytes and relocations
0x8005A4C4,1,gcc_2_8_1_g0,gcc_2_8_1_g0,nonmatch,byte +0xa: 82!=83; word +0x8: 180d828c!=180d838c; relocations differ
0x8005A4C4,2,gcc_2_8_1_g0,gcc_2_8_1_g0,matched,exact linked bytes and relocations
0x8005C62C,1,gcc_2_8_1_g0,gcc_2_8_1_g0,matched,exact linked bytes and relocations
0x8005F7B0,1,gcc_2_8_1_g8,gcc_2_8_1_g8,nonmatch,byte +0x40: 72!=00; word +0x40: 72018293!=00000000; relocations differ
0x8005F7B0,2,gcc_2_8_1_g8,gcc_2_8_1_g8,nonmatch,byte +0x34: 0c!=0e; word +0x34: 0c004310!=0e004310; relocations differ
0x8005F7B0,3,gcc_2_8_1_g8,gcc_2_8_1_g8,matched,exact linked bytes and relocations
0x800601D0,1,gcc_2_8_1_g0,gcc_2_8_1_g0,nonmatch,byte +0x0: 0f!=09; word +0x0: 0f80023c!=0980023c; relocations differ
0x800601D0,2,gcc_2_8_1_g0,gcc_2_8_1_g0,nonmatch,byte +0x0: 0f!=21; word +0x0: 0f80023c!=21280000; relocations differ
0x800601D0,3,gcc_2_8_1_g0,gcc_2_8_1_g0,nonmatch,byte +0x2: 02!=03; word +0x0: 0f80023c!=0f80033c
0x800601D0,4,gcc_2_8_1_g0,gcc_2_8_1_g0,nonmatch,byte +0x2: 02!=03; word +0x0: 0f80023c!=0f80033c
0x800601D0,5,gcc_2_8_1_g0,gcc_2_8_1_g0,nonmatch,byte +0x10: 06!=08; word +0x10: 06008214!=08008210
0x800601D0,6,gcc_2_8_1_g0,gcc_2_8_1_g0,matched,exact linked bytes and relocations
0x800603DC,1,gcc_2_8_1_g0_split,gcc_2_8_1_g0_split,nonmatch,byte +0x0: 00!=02; word +0x0: 0002023c!=0200023c; relocations differ
0x800603DC,2,gcc_2_8_1_g0_split,gcc_2_8_1_g0_split,nonmatch,byte +0x4: 06!=04; word +0x4: 06008210!=04008214; relocations differ
0x800603DC,3,gcc_2_8_1_g0_split,gcc_2_8_1_g0_split,matched,exact linked bytes and relocations
0x8006086C,1,gcc_2_8_1_g0,gcc_2_8_1_g0,matched,exact linked bytes and relocations
0x80060AEC,1,gcc_2_8_1_g0,gcc_2_8_1_g0,matched,exact linked bytes and relocations
0x8006C330,1,gcc_2_8_1_g0,gcc_2_8_1_g0,matched,exact linked bytes and relocations
0x80070920,1,gcc_2_8_1_g0,gcc_2_8_1_g0,matched,exact linked bytes and relocations
0x80070AC0,1,gcc_2_8_1_g0,gcc_2_8_1_g0,nonmatch,byte +0x24: 0f!=80; word +0x24: 0f80033c!=80881100; relocations differ
0x80070AC0,2,gcc_2_8_1_g0,gcc_2_8_1_g0,nonmatch,byte +0x52: 02!=03; word +0x50: 0f80023c!=0f80033c
0x80070AC0,3,gcc_2_8_1_g0,gcc_2_8_1_g0,nonmatch,byte +0x2c: 80!=21; word +0x2c: 80881100!=21284000; relocations differ
0x80070AC0,4,gcc_2_8_1_g0,gcc_2_8_1_g0,nonmatch,byte +0x61: 28!=18; word +0x60: 2128a300!=2118a300
0x80070AC0,5,gcc_2_8_1_g0,gcc_2_8_1_g0,matched,exact linked bytes and relocations
0x80070DA8,1,gcc_2_8_1_g0,gcc_2_8_1_g0,nonmatch,byte +0x6: 02!=03; word +0x4: 0f80023c!=0f80033c; relocations differ
0x80070DA8,2,gcc_2_8_1_g0,gcc_2_8_1_g0,nonmatch,byte +0x6: 02!=03; word +0x4: 0f80023c!=0f80033c; relocations differ
0x80070DA8,3,gcc_2_8_1_g0_split,gcc_2_8_1_g0_split,nonmatch,byte +0x6: 02!=03; word +0x4: 0f80023c!=0f80033c
0x80070DA8,4,gcc_2_8_1_g0_split,gcc_2_8_1_g0_split,nonmatch,byte +0x2e: 43!=62; word +0x2c: 21104300!=21106200
0x80070DA8,5,gcc_2_8_1_g0_split,gcc_2_8_1_g0_split,matched,exact linked bytes and relocations
0x80070EB4,1,gcc_2_8_1_g0,gcc_2_8_1_g0,nonmatch,byte +0x24: 0f!=80; word +0x24: 0f80043c!=80881100; relocations differ
0x80070EB4,2,gcc_2_8_1_g0,gcc_2_8_1_g0,matched,exact linked bytes and relocations
0x80073480,1,gcc_2_8_1_g0,gcc_2_8_1_g0,nonmatch,byte +0x6: b0!=bf; word +0x4: 1000b0af!=1000bfaf; relocations differ
0x80073480,2,gcc_2_8_1_g0,gcc_2_8_1_g0,nonmatch,byte +0x4: 10!=14; word +0x4: 1000b0af!=1400bfaf; relocations differ
0x80073480,3,gcc_2_8_1_g0,gcc_2_8_1_g0,nonmatch,byte +0xc: 14!=98; word +0xc: 1400bfaf!=985b1026; relocations differ
0x80073480,4,gcc_2_8_1_g0_split,gcc_2_8_1_g0_split,nonmatch,byte +0xc: 14!=98; word +0xc: 1400bfaf!=985b1026; relocations differ
0x80073480,5,gcc_2_8_1_g0,gcc_2_8_1_g0,nonmatch,byte +0xc: 14!=98; word +0xc: 1400bfaf!=985b1026; relocations differ
0x80073480,6,gcc_2_8_1_g0_split,gcc_2_8_1_g0_split,matched,exact linked bytes and relocations
0x80012DB4,1,gcc_2_8_1_g8,gcc_2_8_1_g8,nonmatch,byte +0x2c: fb!=03; word +0x2c: fbff4014!=03004010; relocations differ
0x80012DB4,2,gcc_2_8_1_g8_split,gcc_2_8_1_g8_split,nonmatch,byte +0x2c: fb!=03; word +0x2c: fbff4014!=03004010; relocations differ
0x80012DB4,3,gcc_2_8_1_g0,gcc_2_8_1_g0,nonmatch,byte +0x0: 90!=0a; word +0x0: 90018297!=0a80023c; relocations differ
0x80012DB4,4,gcc_2_8_1_g0_split,gcc_2_8_1_g0_split,nonmatch,byte +0x0: 90!=0a; word +0x0: 90018297!=0a80023c; relocations differ
0x80012DB4,5,gcc_2_8_1_g8,gcc_2_8_1_g8,nonmatch,byte +0x2c: fb!=03; word +0x2c: fbff4014!=03004010; relocations differ
0x80012DB4,6,gcc_2_8_1_g8_split,gcc_2_8_1_g8_split,deferred,byte +0x2c: fb!=03; word +0x2c: fbff4014!=03004010; relocations differ
0x8001352C,1,gcc_2_8_1_g8,gcc_2_8_1_g8,nonmatch,/home/superconta/data/share/yugioh/tools/toolchains/binutils-2.42/bin/mipsel-none-elf-ld failed (1): /home/superconta/data/share/yugioh/tools/toolchains/binutils-2.42/bin/mipsel-none-elf-ld: small-data section too large; lower small-data size limit (see option -G) /home/superconta/data/share/yugioh/tmp/agents/wave4-early/build/8001352C/v1/candidate.o: in function `func_8001352C': (.text+0x0): relocation truncated to fit: R_MIPS_GPREL16 against `D_800F2848' (.text+0xc): relocation truncated to fit: R_MIPS_GPREL16 against `D_800F2848' 
0x8001352C,2,gcc_2_8_1_g8_split,gcc_2_8_1_g8_split,nonmatch,byte +0x8: 18!=1c; word +0x8: 1800b2af!=1c00b3af
0x8001352C,3,gcc_2_8_1_g8_split,gcc_2_8_1_g8_split,nonmatch,byte +0x8: 18!=14; word +0x8: 1800b2af!=1400b1af; relocations differ
0x8001352C,4,gcc_2_8_1_g0,gcc_2_8_1_g0,nonmatch,byte +0x4: 0f!=18; word +0x4: 0f80023c!=1800b2af; relocations differ
0x8001352C,5,gcc_2_8_1_g8,gcc_2_8_1_g8,nonmatch,byte +0x4: 0f!=18; word +0x4: 0f80023c!=1800b2af; relocations differ
0x8001352C,6,gcc_2_8_1_g8_split,gcc_2_8_1_g8_split,deferred,byte +0x8: 18!=14; word +0x8: 1800b2af!=1400b1af; relocations differ
0x800137E4,2,gcc_2_8_1_g8,gcc_2_8_1_g8,nonmatch,byte +0x0: e8!=e0; word +0x0: e8ffbd27!=e0ffbd27; relocations differ
0x800137E4,3,gcc_2_8_1_g0,gcc_2_8_1_g0,nonmatch,byte +0x0: e8!=e0; word +0x0: e8ffbd27!=e0ffbd27; relocations differ
0x800137E4,4,gcc_2_8_1_g0_split,gcc_2_8_1_g0_split,nonmatch,byte +0x0: e8!=e0; word +0x0: e8ffbd27!=e0ffbd27; relocations differ
0x800137E4,5,gcc_2_8_1_g8_split,gcc_2_8_1_g8_split,nonmatch,byte +0x0: e8!=e0; word +0x0: e8ffbd27!=e0ffbd27; relocations differ
0x800137E4,6,gcc_2_8_1_g8,gcc_2_8_1_g8,deferred,byte +0x0: e8!=e0; word +0x0: e8ffbd27!=e0ffbd27; relocations differ. The batch also ran one prohibited extra gcc_2_8_1_g8_split scratch variant before audit; it produced the same first mismatch and is not part of the canonical six-attempt history.
0x80013B68,1,gcc_2_8_1_g8,gcc_2_8_1_g8,nonmatch,byte +0x4: 14!=1c; word +0x4: 1400b1af!=1c00b3af; relocations differ
0x80013B68,2,gcc_2_8_1_g8_split,gcc_2_8_1_g8_split,nonmatch,byte +0x4: 14!=1c; word +0x4: 1400b1af!=1c00b3af; relocations differ
0x80013B68,3,gcc_2_8_1_g8_split,gcc_2_8_1_g8_split,nonmatch,byte +0x4: 14!=1c; word +0x4: 1400b1af!=1c00b3af; relocations differ
0x80013B68,4,gcc_2_8_1_g0,gcc_2_8_1_g0,nonmatch,byte +0x4: 14!=1c; word +0x4: 1400b1af!=1c00b3af; relocations differ
0x80013B68,5,gcc_2_8_1_g8,gcc_2_8_1_g8,nonmatch,byte +0x4: 14!=1c; word +0x4: 1400b1af!=1c00b3af; relocations differ
0x80013B68,6,gcc_2_8_1_g8_split,gcc_2_8_1_g8_split,deferred,byte +0x4: 14!=1c; word +0x4: 1400b1af!=1c00b3af; relocations differ
0x80014A5C,1,gcc_2_8_1_g8,gcc_2_8_1_g8,nonmatch,byte +0x14: c8!=c2; word +0x14: c8520008!=c2520008; relocations differ
0x80014A5C,2,gcc_2_8_1_g8,gcc_2_8_1_g8,nonmatch,byte +0x14: c8!=cd; word +0x14: c8520008!=cd520008; relocations differ
0x80014A5C,3,gcc_2_8_1_g0,gcc_2_8_1_g0,nonmatch,byte +0x0: 1c!=0a; word +0x0: 1c028297!=0a80023c; relocations differ
0x80014A5C,4,gcc_2_8_1_g0_split,gcc_2_8_1_g0_split,nonmatch,byte +0x0: 1c!=0a; word +0x0: 1c028297!=0a80033c; relocations differ
0x80014A5C,5,gcc_2_8_1_g8,gcc_2_8_1_g8,nonmatch,byte +0x14: c8!=cd; word +0x14: c8520008!=cd520008; relocations differ
0x80014A5C,6,gcc_2_8_1_g8_split,gcc_2_8_1_g8_split,deferred,byte +0x14: c8!=cc; word +0x14: c8520008!=cc520008; relocations differ
0x80014E1C,1,gcc_2_8_1_g8,gcc_2_8_1_g8,nonmatch,byte +0x0: ec!=d8; word +0x0: ec01828f!=d8ffbd27; relocations differ
0x80014E1C,2,gcc_2_8_1_g8_split,gcc_2_8_1_g8_split,nonmatch,byte +0x0: ec!=d8; word +0x0: ec01828f!=d8ffbd27; relocations differ
0x80014E1C,3,gcc_2_8_1_g0,gcc_2_8_1_g0,nonmatch,byte +0x0: ec!=d8; word +0x0: ec01828f!=d8ffbd27; relocations differ
0x80014E1C,4,gcc_2_8_1_g0_split,gcc_2_8_1_g0_split,nonmatch,byte +0x0: ec!=d8; word +0x0: ec01828f!=d8ffbd27; relocations differ
0x80014E1C,5,gcc_2_8_1_g8,gcc_2_8_1_g8,nonmatch,byte +0x0: ec!=d8; word +0x0: ec01828f!=d8ffbd27; relocations differ
0x80014E1C,6,gcc_2_8_1_g8_split,gcc_2_8_1_g8_split,deferred,byte +0x0: ec!=d8; word +0x0: ec01828f!=d8ffbd27; relocations differ
0x80014EEC,1,gcc_2_8_1_g8,gcc_2_8_1_g8,nonmatch,byte +0x0: 04!=d8; word +0x0: 0402828f!=d8ffbd27; relocations differ
0x80014EEC,2,gcc_2_8_1_g8_split,gcc_2_8_1_g8_split,nonmatch,byte +0x0: 04!=d8; word +0x0: 0402828f!=d8ffbd27; relocations differ
0x80014EEC,3,gcc_2_8_1_g0,gcc_2_8_1_g0,nonmatch,byte +0x0: 04!=d8; word +0x0: 0402828f!=d8ffbd27; relocations differ
0x80014EEC,4,gcc_2_8_1_g0_split,gcc_2_8_1_g0_split,nonmatch,byte +0x0: 04!=d8; word +0x0: 0402828f!=d8ffbd27; relocations differ
0x80014EEC,5,gcc_2_8_1_g8,gcc_2_8_1_g8,nonmatch,byte +0x0: 04!=d8; word +0x0: 0402828f!=d8ffbd27; relocations differ
0x80014EEC,6,gcc_2_8_1_g8_split,gcc_2_8_1_g8_split,deferred,byte +0x0: 04!=d8; word +0x0: 0402828f!=d8ffbd27; relocations differ
0x80015078,1,gcc_2_8_1_g8,gcc_2_8_1_g8,nonmatch,byte +0x4: 24!=28; word +0x4: 2400b1af!=2800b2af; relocations differ
0x80015078,2,gcc_2_8_1_g8_split,gcc_2_8_1_g8_split,nonmatch,byte +0x4: 24!=28; word +0x4: 2400b1af!=2800b2af; relocations differ
0x80015078,3,gcc_2_8_1_g8_split,gcc_2_8_1_g8_split,nonmatch,byte +0x4: 24!=28; word +0x4: 2400b1af!=2800b2af; relocations differ
0x80015078,4,gcc_2_8_1_g0,gcc_2_8_1_g0,nonmatch,byte +0x4: 24!=28; word +0x4: 2400b1af!=2800b2af; relocations differ
0x80015078,5,gcc_2_8_1_g8,gcc_2_8_1_g8,nonmatch,byte +0x4: 24!=28; word +0x4: 2400b1af!=2800b2af; relocations differ
0x80015078,6,gcc_2_8_1_g8_split,gcc_2_8_1_g8_split,deferred,byte +0x4: 24!=28; word +0x4: 2400b1af!=2800b2af; relocations differ
0x800178BC,1,gcc_2_8_1_g8,gcc_2_8_1_g8,nonmatch,byte +0x0: d8!=e0; word +0x0: d8ffbd27!=e0ffbd27; relocations differ
0x800178BC,2,gcc_2_8_1_g8_split,gcc_2_8_1_g8_split,nonmatch,byte +0x94: 10!=21; word +0x94: 1000a297!=21288000; relocations differ
0x800178BC,3,gcc_2_8_1_g0,gcc_2_8_1_g0,nonmatch,byte +0x0: d8!=e0; word +0x0: d8ffbd27!=e0ffbd27; relocations differ
0x800178BC,4,gcc_2_8_1_g0_split,gcc_2_8_1_g0_split,nonmatch,byte +0x34: 18!=4e; word +0x34: 18008397!=4e010224; relocations differ
0x800178BC,5,gcc_2_8_1_g8,gcc_2_8_1_g8,nonmatch,byte +0x0: d8!=e0; word +0x0: d8ffbd27!=e0ffbd27; relocations differ
0x800178BC,6,gcc_2_8_1_g8_split,gcc_2_8_1_g8_split,deferred,byte +0x94: 10!=21; word +0x94: 1000a297!=21288000; relocations differ
0x80018CF8,1,gcc_2_8_1_g8,gcc_2_8_1_g8,nonmatch,byte +0x12: a4!=85; word +0x10: 2110a400!=21108500; relocations differ
0x80018CF8,2,gcc_2_8_1_g8_split,gcc_2_8_1_g8_split,nonmatch,byte +0x12: a4!=85; word +0x10: 2110a400!=21108500; relocations differ
0x80018CF8,3,gcc_2_8_1_g0,gcc_2_8_1_g0,nonmatch,byte +0x8: c0!=0a; word +0x8: c002858f!=0a80053c; relocations differ
0x80018CF8,4,gcc_2_8_1_g0_split,gcc_2_8_1_g0_split,nonmatch,byte +0x8: c0!=0a; word +0x8: c002858f!=0a80023c; relocations differ
0x80018CF8,5,gcc_2_8_1_g8,gcc_2_8_1_g8,nonmatch,byte +0x12: a4!=85; word +0x10: 2110a400!=21108500; relocations differ
0x80018CF8,6,gcc_2_8_1_g8_split,gcc_2_8_1_g8_split,deferred,byte +0x12: a4!=85; word +0x10: 2110a400!=21108500; relocations differ
0x80019A60,1,gcc_2_8_1_g8,gcc_2_8_1_g8,nonmatch,byte +0x0: 18!=2a; word +0x0: 1880023c!=2a10a400; relocations differ
0x80019A60,2,gcc_2_8_1_g0,gcc_2_8_1_g0,nonmatch,byte +0x0: 18!=2a; word +0x0: 1880023c!=2a10a400; relocations differ
0x80019A60,3,gcc_2_8_1_g0_split,gcc_2_8_1_g0_split,nonmatch,byte +0x0: 18!=2a; word +0x0: 1880023c!=2a10a400; relocations differ
0x80019A60,4,gcc_2_8_1_g8_split,gcc_2_8_1_g8_split,nonmatch,byte +0x0: 18!=2a; word +0x0: 1880023c!=2a10a400; relocations differ
0x80019A60,5,gcc_2_8_1_g8,gcc_2_8_1_g8,nonmatch,byte +0x0: 18!=2a; word +0x0: 1880023c!=2a10a400; relocations differ
0x80019A60,6,gcc_2_8_1_g8_split,gcc_2_8_1_g8_split,deferred,byte +0x0: 18!=2a; word +0x0: 1880023c!=2a10a400; relocations differ
0x8001B0CC,1,gcc_2_8_1_g8,gcc_2_8_1_g8,nonmatch,/home/superconta/data/share/yugioh/tools/toolchains/binutils-2.42/bin/mipsel-none-elf-ld failed (1): /home/superconta/data/share/yugioh/tools/toolchains/binutils-2.42/bin/mipsel-none-elf-ld: small-data section too large; lower small-data size limit (see option -G) /home/superconta/data/share/yugioh/tmp/agents/wave4-early/build/8001B0CC/v1/candidate.o: in function `func_8001B0CC': (.text+0x0): relocation truncated to fit: R_MIPS_GPREL16 against `D_800F2856' 
0x8001B0CC,2,gcc_2_8_1_g8_split,gcc_2_8_1_g8_split,nonmatch,/home/superconta/data/share/yugioh/tools/toolchains/binutils-2.42/bin/mipsel-none-elf-ld failed (1): /home/superconta/data/share/yugioh/tools/toolchains/binutils-2.42/bin/mipsel-none-elf-ld: small-data section too large; lower small-data size limit (see option -G) /home/superconta/data/share/yugioh/tmp/agents/wave4-early/build/8001B0CC/v2/candidate.o: in function `func_8001B0CC': (.text+0x0): relocation truncated to fit: R_MIPS_GPREL16 against `D_800F2856' 
0x8001B0CC,3,gcc_2_8_1_g8_split,gcc_2_8_1_g8_split,nonmatch,byte +0x0: e0!=0f; word +0x0: e0ffbd27!=0f80023c; relocations differ
0x8001B0CC,4,gcc_2_8_1_g8_split,gcc_2_8_1_g8_split,nonmatch,byte +0x8: 21!=80; word +0x8: 21808000!=80800400; relocations differ
0x8001B0CC,5,gcc_2_8_1_g8_split,gcc_2_8_1_g8_split,nonmatch,byte +0x38: 80!=09; word +0x38: 801f033c!=0980023c; relocations differ
0x8001B0CC,6,gcc_2_8_1_g8_split,gcc_2_8_1_g8_split,deferred,byte +0x93: 87!=8f; word +0x90: 1000a287!=1000a28f
0x8001D5B4,1,gcc_2_8_1_g8,gcc_2_8_1_g8,nonmatch,byte +0x10: 03!=05; word +0x10: 03004010!=05004010; relocations differ
0x8001D5B4,2,gcc_2_8_1_g8_split,gcc_2_8_1_g8_split,nonmatch,byte +0x10: 03!=05; word +0x10: 03004010!=05004010; relocations differ
0x8001D5B4,3,gcc_2_8_1_g0,gcc_2_8_1_g0,nonmatch,byte +0x0: 5a!=0a; word +0x0: 5a028297!=0a80023c; relocations differ
0x8001D5B4,4,gcc_2_8_1_g0_split,gcc_2_8_1_g0_split,nonmatch,byte +0x0: 5a!=0a; word +0x0: 5a028297!=0a80023c; relocations differ
0x8001D5B4,5,gcc_2_8_1_g8,gcc_2_8_1_g8,nonmatch,byte +0x10: 03!=05; word +0x10: 03004010!=05004010; relocations differ
0x8001D5B4,6,gcc_2_8_1_g8_split,gcc_2_8_1_g8_split,deferred,byte +0x10: 03!=05; word +0x10: 03004010!=05004010; relocations differ
0x80022EEC,1,gcc_2_8_1_g8,gcc_2_8_1_g8,nonmatch,byte +0x4: 21!=10; word +0x4: 21308000!=1000bfaf; relocations differ
0x80022EEC,2,gcc_2_8_1_g8,gcc_2_8_1_g8,nonmatch,byte +0x5: 30!=28; word +0x4: 21308000!=21288000; relocations differ
0x80022EEC,3,gcc_2_8_1_g8_split,gcc_2_8_1_g8_split,nonmatch,byte +0x4: 21!=0f; word +0x4: 21308000!=0f80053c; relocations differ
0x80022EEC,4,gcc_2_8_1_g8_split,gcc_2_8_1_g8_split,nonmatch,byte +0xc: 10!=cd; word +0xc: 109fa524!=cd028293; relocations differ
0x80022EEC,5,gcc_2_8_1_g8,gcc_2_8_1_g8,nonmatch,byte +0x8: 0f!=cd; word +0x8: 0f80053c!=cd028293; relocations differ
0x80022EEC,6,gcc_2_8_1_g8,gcc_2_8_1_g8,deferred,byte +0x4: 21!=0f; word +0x4: 21308000!=0f80053c; relocations differ
0x80023090,1,gcc_2_8_1_g8,gcc_2_8_1_g8,nonmatch,byte +0x0: e8!=cd; word +0x0: e8ffbd27!=cd028293; relocations differ
0x80023090,2,gcc_2_8_1_g0,gcc_2_8_1_g0,nonmatch,byte +0x0: e8!=0a; word +0x0: e8ffbd27!=0a80023c; relocations differ
0x80023090,3,gcc_2_8_1_g0_split,gcc_2_8_1_g0_split,nonmatch,byte +0x4: 09!=0a; word +0x4: 0980093c!=0a80023c; relocations differ
0x80023090,4,gcc_2_8_1_g8_split,gcc_2_8_1_g8_split,nonmatch,byte +0x6: 09!=07; word +0x4: 0980093c!=0980073c; relocations differ
0x80023090,5,gcc_2_8_1_g8,gcc_2_8_1_g8,nonmatch,byte +0x0: e8!=cd; word +0x0: e8ffbd27!=cd028293; relocations differ
0x80023090,6,gcc_2_8_1_g8_split,gcc_2_8_1_g8_split,deferred,byte +0x6: 09!=07; word +0x4: 0980093c!=0980073c; relocations differ
0x80023FBC,1,gcc_2_8_1_g8,gcc_2_8_1_g8,nonmatch,byte +0x6: 02!=03; word +0x4: 0a80023c!=0a80033c; relocations differ
0x80023FBC,2,gcc_2_8_1_g8,gcc_2_8_1_g8,nonmatch,byte +0x6: 02!=03; word +0x4: 0a80023c!=0a80033c; relocations differ
0x80023FBC,3,gcc_2_8_1_g8_split,gcc_2_8_1_g8_split,nonmatch,byte +0x6: 02!=03; word +0x4: 0a80023c!=0a80033c; relocations differ
0x80023FBC,4,gcc_2_8_1_g0,gcc_2_8_1_g0,nonmatch,byte +0x6: 02!=03; word +0x4: 0a80023c!=0a80033c; relocations differ
0x80023FBC,5,gcc_2_8_1_g8_split,gcc_2_8_1_g8_split,nonmatch,byte +0x6: 02!=03; word +0x4: 0a80023c!=0a80033c; relocations differ
0x80023FBC,6,gcc_2_8_1_g8_split,gcc_2_8_1_g8_split,deferred,byte +0x6: 02!=03; word +0x4: 0a80023c!=0a80033c; relocations differ
0x80025028,1,gcc_2_8_1_g8,gcc_2_8_1_g8,nonmatch,byte +0x4: 09!=cd; word +0x4: 0980023c!=cd028393; relocations differ
0x80025028,2,gcc_2_8_1_g8_split,gcc_2_8_1_g8_split,nonmatch,byte +0x2a: a6!=c5; word +0x28: 2110a600!=2110c500; relocations differ
0x80025028,3,gcc_2_8_1_g8_split,gcc_2_8_1_g8_split,nonmatch,byte +0x2a: a6!=c5; word +0x28: 2110a600!=2110c500; relocations differ
0x80025028,4,gcc_2_8_1_g8_split,gcc_2_8_1_g8_split,nonmatch,byte +0x1d: 10!=30; word +0x1c: 80100300!=80300300; relocations differ
0x80025028,5,gcc_2_8_1_g8_split,gcc_2_8_1_g8_split,nonmatch,byte +0x54: 0c!=0b; word +0x54: 0c004010!=0b004010; relocations differ
0x80025028,6,gcc_2_8_1_g8_split,gcc_2_8_1_g8_split,deferred,byte +0x54: 0c!=0b; word +0x54: 0c004010!=0b004010; relocations differ
0x80026C6C,1,gcc_2_8_1_g8,gcc_2_8_1_g8,nonmatch,byte +0x1: 40!=48; word +0x0: 21400000!=21480000; relocations differ
0x80026C6C,2,gcc_2_8_1_g8,gcc_2_8_1_g8,nonmatch,byte +0x4: 21!=cd; word +0x4: 21380001!=cd028393; relocations differ
0x80026C6C,3,gcc_2_8_1_g8,gcc_2_8_1_g8,nonmatch,byte +0xc: 1d!=00; word +0xc: 1d80023c!=00000000; relocations differ
0x80026C6C,4,gcc_2_8_1_g8_split,gcc_2_8_1_g8_split,nonmatch,byte +0x8: cd!=1d; word +0x8: cd028393!=1d80093c; relocations differ
0x80026C6C,5,gcc_2_8_1_g8_split,gcc_2_8_1_g8_split,nonmatch,byte +0x8: cd!=1d; word +0x8: cd028393!=1d80093c; relocations differ
0x80026C6C,6,gcc_2_8_1_g8,gcc_2_8_1_g8,deferred,byte +0xe: 02!=09; word +0xc: 1d80023c!=1d80093c
0x80026D18,1,gcc_2_8_1_g8,gcc_2_8_1_g8,nonmatch,byte +0x1: 38!=48; word +0x0: 21380000!=21480000; relocations differ
0x80026D18,2,gcc_2_8_1_g8,gcc_2_8_1_g8,nonmatch,byte +0x4: 21!=cd; word +0x4: 2140e000!=cd028393; relocations differ
0x80026D18,3,gcc_2_8_1_g8,gcc_2_8_1_g8,nonmatch,byte +0xc: 1d!=00; word +0xc: 1d80023c!=00000000; relocations differ
0x80026D18,4,gcc_2_8_1_g8_split,gcc_2_8_1_g8_split,nonmatch,byte +0x8: cd!=1d; word +0x8: cd028393!=1d80093c; relocations differ
0x80026D18,5,gcc_2_8_1_g8_split,gcc_2_8_1_g8_split,nonmatch,byte +0x8: cd!=1d; word +0x8: cd028393!=1d80093c; relocations differ
0x80026D18,6,gcc_2_8_1_g8,gcc_2_8_1_g8,deferred,byte +0xe: 02!=09; word +0xc: 1d80023c!=1d80093c
0x80027060,1,gcc_2_8_1_g8,gcc_2_8_1_g8,nonmatch,/home/superconta/data/share/yugioh/tools/toolchains/gcc-2.8.1-psx/bin/mips-sony-psx-gcc failed (1): /home/superconta/data/share/yugioh/tmp/agents/wave4-early/variants/80027060/v1.c: In function `func_80027060': /home/superconta/data/share/yugioh/tmp/agents/wave4-early/variants/80027060/v1.c:3: parse error before `int' /home/superconta/data/share/yugioh/tmp/agents/wave4-early/variants/80027060/v1.c:3: `n' undeclared (first use in this function) /home/superconta/data/share/yugioh/tmp/agents/wave4-early/variants/80027060/v1.c:3: (Each undeclared identifier is reported only once /home/superconta/data/share/yugioh/tmp/agents/wave4-early/variants/80027060/v1.c:3: for each function it appears in.) 
0x80027060,2,gcc_2_8_1_g8,gcc_2_8_1_g8,nonmatch,byte +0x18: 28!=29; word +0x18: 28004010!=29004010; relocations differ
0x80027060,3,gcc_2_8_1_g8_split,gcc_2_8_1_g8_split,nonmatch,byte +0x18: 28!=29; word +0x18: 28004010!=29004010; relocations differ
0x80027060,4,gcc_2_8_1_g0,gcc_2_8_1_g0,nonmatch,byte +0x18: 28!=29; word +0x18: 28004010!=29004010; relocations differ
0x80027060,5,gcc_2_8_1_g8_split,gcc_2_8_1_g8_split,nonmatch,byte +0x3c: 21!=01; word +0x3c: 21100000!=01000224; relocations differ
0x80027060,6,gcc_2_8_1_g8_split,gcc_2_8_1_g8_split,deferred,byte +0x18: 28!=29; word +0x18: 28004010!=29004010; relocations differ
0x800144B8,1,gcc_2_8_1_g8,gcc_2_8_1_g8,nonmatch,byte +0x0: ec!=e8; word +0x0: ec01828f!=e8ffbd27; relocations differ
0x800144B8,2,gcc_2_8_1_g8,gcc_2_8_1_g8,matched,exact linked bytes and relocations
0x80016D2C,1,gcc_2_8_1_g8,gcc_2_8_1_g8,nonmatch,byte +0x28: 2c!=28; word +0x28: 2c00bfaf!=2800bfaf; relocations differ
0x80016D2C,2,gcc_2_8_1_g0,gcc_2_8_1_g0,nonmatch,byte +0x28: 2c!=28; word +0x28: 2c00bfaf!=2800bfaf; relocations differ
0x80016D2C,3,gcc_2_8_1_g0_split,gcc_2_8_1_g0_split,matched,exact linked bytes and relocations
0x80017E3C,1,gcc_2_8_1_g8,gcc_2_8_1_g8,nonmatch,byte +0x2: 82!=83; word +0x0: 6a008290!=6a008390
0x80017E3C,2,gcc_2_8_1_g8,gcc_2_8_1_g8,matched,exact linked bytes and relocations
0x80018080,1,gcc_2_8_1_g8,gcc_2_8_1_g8,nonmatch,byte +0x1a: 04!=03; word +0x18: 6a000492!=6a000392
0x80018080,2,gcc_2_8_1_g8,gcc_2_8_1_g8,matched,exact linked bytes and relocations
0x80018C34,1,gcc_2_8_1_g8,gcc_2_8_1_g8,nonmatch,byte +0x73: 86!=96; word +0x70: 28000586!=28000596
0x80018C34,2,gcc_2_8_1_g8,gcc_2_8_1_g8,matched,exact linked bytes and relocations
0x80019564,1,gcc_2_8_1_g8,gcc_2_8_1_g8,nonmatch,byte +0x64: 18!=48; word +0x64: 180002a6!=480002a6
0x80019564,2,gcc_2_8_1_g8,gcc_2_8_1_g8,matched,exact linked bytes and relocations
0x8001EC70,1,gcc_2_8_1_g8,gcc_2_8_1_g8,matched,exact linked bytes and relocations
0x800208D4,1,gcc_2_8_1_g8,gcc_2_8_1_g8,nonmatch,byte +0x50: 14!=13; word +0x50: 14004014!=13004014; relocations differ
0x800208D4,2,gcc_2_8_1_g8_split,gcc_2_8_1_g8_split,matched,exact linked bytes and relocations
0x80025B28,1,gcc_2_8_1_g8,gcc_2_8_1_g8,nonmatch,byte +0xc: 22!=21; word +0xc: 2200a290!=2100a290; relocations differ
0x80025B28,2,gcc_2_8_1_g8,gcc_2_8_1_g8,nonmatch,byte +0x12: a4!=a6; word +0x10: 6c00a490!=6c00a690; relocations differ
0x80025B28,3,gcc_2_8_1_g0,gcc_2_8_1_g0,nonmatch,byte +0x12: a4!=a6; word +0x10: 6c00a490!=6c00a690; relocations differ
0x80025B28,4,gcc_2_8_1_g0_split,gcc_2_8_1_g0_split,nonmatch,byte +0x4c: 80!=00; word +0x4c: 80100200!=00110200
0x80025B28,5,gcc_2_8_1_g8_split,gcc_2_8_1_g8_split,matched,exact linked bytes and relocations
0x8002622C,1,gcc_2_8_1_g8,gcc_2_8_1_g8,matched,exact linked bytes and relocations
0x8002BF3C,1,gcc_2_8_1_g0,gcc_2_8_1_g0,nonmatch,byte +0x4: 1d!=14; word +0x4: 1d80023c!=1400b1af
0x8002BF3C,2,gcc_2_8_1_g0,gcc_2_8_1_g0,nonmatch,byte +0x4: 1d!=14; word +0x4: 1d80023c!=1400b1af
0x8002BF3C,3,gcc_2_8_1_g0_split,gcc_2_8_1_g0_split,nonmatch,byte +0x4: 1d!=14; word +0x4: 1d80023c!=1400b1af
0x8002BF3C,4,gcc_2_8_1_g0,gcc_2_8_1_g0,nonmatch,byte +0x4: 1d!=14; word +0x4: 1d80023c!=1400b1af
0x8002BF3C,5,gcc_2_8_1_g0_split,gcc_2_8_1_g0_split,nonmatch,byte +0x4: 1d!=14; word +0x4: 1d80023c!=1400b1af
0x8002BF3C,6,gcc_2_8_1_g0_split,gcc_2_8_1_g0_split,deferred,byte +0x4: 1d!=18; word +0x4: 1d80023c!=1800bfaf
0x8002CBF4,1,gcc_2_8_1_g0,gcc_2_8_1_g0,nonmatch,"/home/superconta/data/share/yugioh/tools/toolchains/gcc-2.8.1-psx/bin/mips-sony-psx-gcc failed (1):
/home/superconta/data/share/yugioh/tmp/agents/wave4-mid/variants/8002CBF4/v1.c: In function `func_8002CBF4':
/home/superconta/data/share/yugioh/tmp/agents/wave4-mid/variants/8002CBF4/v1.c:2: `return9999' undeclared (first use in this function)
/home/superconta/data/share/yugioh/tmp/agents/wave4-mid/variants/8002CBF4/v1.c:2: (Each undeclared identifier is reported only once
/home/superconta/data/share/yugioh/tmp/agents/wave4-mid/variants/8002CBF4/v1.c:2: for each function it appears in.)
"
0x8002CBF4,2,gcc_2_8_1_g0,gcc_2_8_1_g0,nonmatch,byte +0x0: e8!=ff; word +0x0: e8ffbd27!=ffff8424
0x8002CBF4,3,gcc_2_8_1_g0,gcc_2_8_1_g0,nonmatch,byte +0x8: 09!=10; word +0x8: 0900a010!=1000b0af
0x8002CBF4,4,gcc_2_8_1_g0_split,gcc_2_8_1_g0_split,nonmatch,byte +0x4: 14!=21; word +0x4: 1400bfaf!=21308000
0x8002CBF4,5,gcc_2_8_1_g0,gcc_2_8_1_g0,nonmatch,byte +0x8: 09!=10; word +0x8: 0900a010!=1000b0af
0x8002CBF4,6,gcc_2_8_1_g0_split,gcc_2_8_1_g0_split,deferred,byte +0x4: 14!=21; word +0x4: 1400bfaf!=21308000
0x80030FD0,1,gcc_2_8_1_g8,gcc_2_8_1_g8,nonmatch,byte +0x34: e8!=00; word +0x34: e8ffbd27!=00000000
0x80030FD0,2,gcc_2_8_1_g8_split,gcc_2_8_1_g8_split,nonmatch,byte +0x34: e8!=00; word +0x34: e8ffbd27!=00000000
0x80030FD0,3,gcc_2_8_1_g8,gcc_2_8_1_g8,nonmatch,byte +0x34: e8!=00; word +0x34: e8ffbd27!=00000000
0x80030FD0,4,gcc_2_8_1_g8_split,gcc_2_8_1_g8_split,nonmatch,byte +0x34: e8!=00; word +0x34: e8ffbd27!=00000000
0x80030FD0,5,gcc_2_8_1_g8,gcc_2_8_1_g8,nonmatch,byte +0x34: e8!=00; word +0x34: e8ffbd27!=00000000
0x80030FD0,6,gcc_2_8_1_g8_split,gcc_2_8_1_g8_split,deferred,byte +0x34: e8!=00; word +0x34: e8ffbd27!=00000000
0x80031354,1,gcc_2_8_1_g8,gcc_2_8_1_g8,nonmatch,byte +0x38: 0c!=11; word +0x38: 0c004014!=11004014
0x80031354,2,gcc_2_8_1_g8_split,gcc_2_8_1_g8_split,nonmatch,byte +0x38: 0c!=10; word +0x38: 0c004014!=10004014
0x80031354,3,gcc_2_8_1_g8,gcc_2_8_1_g8,nonmatch,byte +0x38: 0c!=11; word +0x38: 0c004014!=11004014
0x80031354,4,gcc_2_8_1_g8_split,gcc_2_8_1_g8_split,nonmatch,byte +0x38: 0c!=10; word +0x38: 0c004014!=10004014
0x80031354,5,gcc_2_8_1_g8,gcc_2_8_1_g8,nonmatch,byte +0x38: 0c!=11; word +0x38: 0c004014!=11004014
0x80031354,6,gcc_2_8_1_g8_split,gcc_2_8_1_g8_split,deferred,byte +0x38: 0c!=10; word +0x38: 0c004014!=10004014
0x800316F0,1,gcc_2_8_1_g0,gcc_2_8_1_g0,nonmatch,byte +0x4d: ff!=00; word +0x4c: 80ff4224!=80004224
0x800316F0,2,gcc_2_8_1_g0,gcc_2_8_1_g0,nonmatch,byte +0x0: d8!=d0; word +0x0: d8ffbd27!=d0ffbd27
0x800316F0,3,gcc_2_8_1_g0,gcc_2_8_1_g0,nonmatch,byte +0x1c: 70!=10; word +0x1c: 70000224!=1000b0af
0x800316F0,4,gcc_2_8_1_g0_split,gcc_2_8_1_g0_split,nonmatch,byte +0x1c: 70!=10; word +0x1c: 70000224!=1000b0af
0x800316F0,5,gcc_2_8_1_g0,gcc_2_8_1_g0,nonmatch,byte +0x1c: 70!=10; word +0x1c: 70000224!=1000b0af
0x800316F0,6,gcc_2_8_1_g0_split,gcc_2_8_1_g0_split,deferred,byte +0x1c: 70!=10; word +0x1c: 70000224!=1000b0af
0x80031F7C,1,gcc_2_8_1_g0,gcc_2_8_1_g0,nonmatch,byte +0x12: a0!=25; word +0x10: 2190a000!=21902502
0x80031F7C,2,gcc_2_8_1_g0,gcc_2_8_1_g0,nonmatch,byte +0x0: e0!=d8; word +0x0: e0ffbd27!=d8ffbd27
0x80031F7C,3,gcc_2_8_1_g0,gcc_2_8_1_g0,nonmatch,byte +0x30: 10!=0f; word +0x30: 10000016!=0f000016
0x80031F7C,4,gcc_2_8_1_g0_split,gcc_2_8_1_g0_split,nonmatch,byte +0x30: 10!=0f; word +0x30: 10000016!=0f000016
0x80031F7C,5,gcc_2_8_1_g0_split,gcc_2_8_1_g0_split,nonmatch,byte +0x28: 17!=18; word +0x28: 17000012!=18000012
0x80031F7C,6,gcc_2_8_1_g0,gcc_2_8_1_g0,deferred,byte +0x28: 17!=18; word +0x28: 17000012!=18000012
0x8003201C,1,gcc_2_8_1_g0,gcc_2_8_1_g0,nonmatch,byte +0x6: 06!=08; word +0x4: 01000624!=01000824
0x8003201C,2,gcc_2_8_1_g0,gcc_2_8_1_g0,nonmatch,byte +0x6: 06!=88; word +0x4: 01000624!=01008824
0x8003201C,3,gcc_2_8_1_g0,gcc_2_8_1_g0,nonmatch,byte +0x0: c4!=01; word +0x0: c45a80a0!=01000624
0x8003201C,4,gcc_2_8_1_g0_split,gcc_2_8_1_g0_split,nonmatch,byte +0x0: c4!=01; word +0x0: c45a80a0!=01000624
0x8003201C,5,gcc_2_8_1_g0,gcc_2_8_1_g0,nonmatch,byte +0x0: c4!=01; word +0x0: c45a80a0!=01000624
0x8003201C,6,gcc_2_8_1_g0_split,gcc_2_8_1_g0_split,deferred,byte +0x0: c4!=01; word +0x0: c45a80a0!=01000624
0x800338E4,1,gcc_2_8_1_g0,gcc_2_8_1_g0,nonmatch,byte +0x5a: 04!=03; word +0x58: a85a0496!=a85a0396
0x800338E4,2,gcc_2_8_1_g0,gcc_2_8_1_g0,nonmatch,byte +0x14: 0e!=0f; word +0x14: 0e004014!=0f004014
0x800338E4,3,gcc_2_8_1_g0_split,gcc_2_8_1_g0_split,nonmatch,byte +0x14: 0e!=10; word +0x14: 0e004014!=10004014
0x800338E4,4,gcc_2_8_1_g0,gcc_2_8_1_g0,nonmatch,byte +0x14: 0e!=0f; word +0x14: 0e004014!=0f004014
0x800338E4,5,gcc_2_8_1_g0_split,gcc_2_8_1_g0_split,nonmatch,byte +0x14: 0e!=10; word +0x14: 0e004014!=10004014
0x800338E4,6,gcc_2_8_1_g0,gcc_2_8_1_g0,deferred,byte +0x14: 0e!=0f; word +0x14: 0e004014!=0f004014
0x80033BE8,1,gcc_2_8_1_g8,gcc_2_8_1_g8,nonmatch,byte +0x35: 10!=20; word +0x34: 40100400!=40200400
0x80033BE8,2,gcc_2_8_1_g8,gcc_2_8_1_g8,nonmatch,byte +0x1e: 44!=43; word +0x1c: 3f004430!=3f004330
0x80033BE8,3,gcc_2_8_1_g8,gcc_2_8_1_g8,nonmatch,byte +0x12: 02!=04; word +0x10: 0a80023c!=0a80043c
0x80033BE8,4,gcc_2_8_1_g8,gcc_2_8_1_g8,nonmatch,byte +0x32: 83!=85; word +0x30: f403838f!=f403858f
0x80033BE8,5,gcc_2_8_1_g8,gcc_2_8_1_g8,nonmatch,byte +0x38: 38!=84; word +0x38: 382d648c!=845a648c
0x80033BE8,6,gcc_2_8_1_g8,gcc_2_8_1_g8,deferred,byte +0x60: 0c!=0d; word +0x60: 0c004014!=0d004014
0x80033CF8,1,gcc_2_8_1_g8,gcc_2_8_1_g8,nonmatch,byte +0x71: 21!=19; word +0x70: 03211200!=03191200
0x80033CF8,2,gcc_2_8_1_g8,gcc_2_8_1_g8,nonmatch,byte +0x71: 21!=19; word +0x70: 03211200!=03191200
0x80033CF8,3,gcc_2_8_1_g8,gcc_2_8_1_g8,nonmatch,byte +0x22: b2!=bf; word +0x20: 1800b2af!=1800bfaf
0x80033CF8,4,gcc_2_8_1_g8_split,gcc_2_8_1_g8_split,nonmatch,byte +0x22: b2!=bf; word +0x20: 1800b2af!=1800bfaf
0x80033CF8,5,gcc_2_8_1_g8,gcc_2_8_1_g8,nonmatch,byte +0x22: b2!=bf; word +0x20: 1800b2af!=1800bfaf
0x80033CF8,6,gcc_2_8_1_g8_split,gcc_2_8_1_g8_split,deferred,byte +0x22: b2!=bf; word +0x20: 1800b2af!=1800bfaf
0x800355C8,1,gcc_2_8_1_g8,gcc_2_8_1_g8,nonmatch,byte +0x0: e0!=e8; word +0x0: e0ffbd27!=e8ffbd27
0x800355C8,2,gcc_2_8_1_g8,gcc_2_8_1_g8,nonmatch,byte +0xc: 0c!=04; word +0xc: 0c04858f!=0404838f
0x800355C8,3,gcc_2_8_1_g8,gcc_2_8_1_g8,nonmatch,byte +0x24: 04!=21; word +0x24: 040482af!=21880002
0x800355C8,4,gcc_2_8_1_g8,gcc_2_8_1_g8,nonmatch,byte +0x28: 02!=00; word +0x28: 0200a22c!=000485af
0x800355C8,5,gcc_2_8_1_g8,gcc_2_8_1_g8,nonmatch,byte +0x38: 03!=21; word +0x38: 0380073c!=21200002
0x800355C8,6,gcc_2_8_1_g8,gcc_2_8_1_g8,deferred,byte +0x38: 03!=21; word +0x38: 0380073c!=21200002
0x800356A0,1,gcc_2_8_1_g0,gcc_2_8_1_g0,nonmatch,byte +0x0: 82!=08; word +0x0: 82100600!=0800c010
0x800356A0,2,gcc_2_8_1_g0,gcc_2_8_1_g0,nonmatch,byte +0x1: 10!=48; word +0x0: 82100600!=82480600
0x800356A0,3,gcc_2_8_1_g0,gcc_2_8_1_g0,nonmatch,byte +0x6: 43!=47; word +0x4: ffff4324!=ffff4724
0x800356A0,4,gcc_2_8_1_g0,gcc_2_8_1_g0,nonmatch,byte +0x0: 82!=21; word +0x0: 82100600!=21488000
0x800356A0,5,gcc_2_8_1_g0,gcc_2_8_1_g0,nonmatch,byte +0x6: 43!=47; word +0x4: ffff4324!=ffff4724
0x800356A0,6,gcc_2_8_1_g0,gcc_2_8_1_g0,deferred,byte +0xd: 10!=38; word +0xc: 80100300!=80380300
0x80035748,1,gcc_2_8_1_g0,gcc_2_8_1_g0,nonmatch,byte +0x0: 82!=21; word +0x0: 82100600!=21180000
0x80035748,2,gcc_2_8_1_g0,gcc_2_8_1_g0,nonmatch,byte +0x1: 10!=38; word +0x0: 82100600!=82380600
0x80035748,3,gcc_2_8_1_g0,gcc_2_8_1_g0,nonmatch,byte +0x6: 47!=48; word +0x4: ffff4724!=ffff4824
0x80035748,4,gcc_2_8_1_g0,gcc_2_8_1_g0,nonmatch,byte +0x0: 82!=ff; word +0x0: 82100600!=ff00a530
0x80035748,5,gcc_2_8_1_g0,gcc_2_8_1_g0,nonmatch,byte +0x0: 82!=21; word +0x0: 82100600!=21488000
0x80035748,6,gcc_2_8_1_g0,gcc_2_8_1_g0,deferred,byte +0x0: 82!=ff; word +0x0: 82100600!=ff00a530
0x800357E8,1,gcc_2_8_1_g0,gcc_2_8_1_g0,nonmatch,byte +0x0: 09!=80; word +0x0: 0980033c!=80100500
0x800357E8,2,gcc_2_8_1_g0,gcc_2_8_1_g0,nonmatch,byte +0x0: 09!=80; word +0x0: 0980033c!=80100500
0x800357E8,3,gcc_2_8_1_g0_split,gcc_2_8_1_g0_split,nonmatch,byte +0x18: 66!=1f; word +0x18: 6666093c!=1f00e004
0x800357E8,4,gcc_2_8_1_g0_split,gcc_2_8_1_g0_split,nonmatch,byte +0x18: 66!=1f; word +0x18: 6666093c!=1f00e004
0x800357E8,5,gcc_2_8_1_g0,gcc_2_8_1_g0,nonmatch,byte +0x18: 66!=1f; word +0x18: 6666093c!=1f00e004
0x800357E8,6,gcc_2_8_1_g0_split,gcc_2_8_1_g0_split,deferred,byte +0x18: 66!=1f; word +0x18: 6666093c!=1f00e004
0x800359B0,1,gcc_2_8_1_g8,gcc_2_8_1_g8,nonmatch,byte +0x10: 18!=0c; word +0x10: 18004014!=0c004010
0x800359B0,2,gcc_2_8_1_g8,gcc_2_8_1_g8,nonmatch,byte +0x16: 02!=05; word +0x14: fffd023c!=fffd053c
0x800359B0,3,gcc_2_8_1_g8,gcc_2_8_1_g8,nonmatch,byte +0x10: 18!=0b; word +0x10: 18004014!=0b004010
0x800359B0,4,gcc_2_8_1_g8_split,gcc_2_8_1_g8_split,nonmatch,byte +0x10: 18!=09; word +0x10: 18004014!=09004010
0x800359B0,5,gcc_2_8_1_g8_split,gcc_2_8_1_g8_split,nonmatch,byte +0x10: 18!=17; word +0x10: 18004014!=17004014
0x800359B0,6,gcc_2_8_1_g8,gcc_2_8_1_g8,deferred,byte +0x14: ff!=00; word +0x14: fffd023c!=00000000
0x80035D10,1,gcc_2_8_1_g8,gcc_2_8_1_g8,nonmatch,byte +0x0: 00!=21; word +0x0: 00010624!=21300000
0x80035D10,2,gcc_2_8_1_g8,gcc_2_8_1_g8,nonmatch,byte +0x6: 02!=07; word +0x4: 0f80023c!=0f80073c
0x80035D10,3,gcc_2_8_1_g8_split,gcc_2_8_1_g8_split,nonmatch,byte +0x4: 0f!=1c; word +0x4: 0f80023c!=1c048493
0x80035D10,4,gcc_2_8_1_g8_split,gcc_2_8_1_g8_split,nonmatch,byte +0x6: 02!=07; word +0x4: 0f80023c!=0f80073c
0x80035D10,5,gcc_2_8_1_g8_split,gcc_2_8_1_g8_split,nonmatch,byte +0x22: a7!=e5; word +0x20: 2110a700!=2110e500
0x80035D10,6,gcc_2_8_1_g8_split,gcc_2_8_1_g8_split,deferred,byte +0x40: 14!=15; word +0x40: 14004014!=15004014
0x80037110,1,gcc_2_8_1_g0,gcc_2_8_1_g0,nonmatch,byte +0x8: 21!=00; word +0x8: 21300000!=00000000
0x80037110,2,gcc_2_8_1_g0,gcc_2_8_1_g0,nonmatch,byte +0x8: 21!=00; word +0x8: 21300000!=00000000
0x80037110,3,gcc_2_8_1_g0,gcc_2_8_1_g0,nonmatch,byte +0x14: 03!=04; word +0x14: 03004014!=04004014
0x80037110,4,gcc_2_8_1_g0,gcc_2_8_1_g0,nonmatch,byte +0x0: 0a!=21; word +0x0: 0a80023c!=21388000
0x80037110,5,gcc_2_8_1_g0,gcc_2_8_1_g0,nonmatch,byte +0xe: 45!=43; word +0xc: 7f004530!=7f004330
0x80037110,6,gcc_2_8_1_g0,gcc_2_8_1_g0,deferred,byte +0x2: 02!=05; word +0x0: 0a80023c!=0a80053c
0x8003741C,1,gcc_2_8_1_g0,gcc_2_8_1_g0,nonmatch,byte +0x2c: 26!=25; word +0x2c: 26dd0008!=25dd0008
0x8003741C,2,gcc_2_8_1_g0_split,gcc_2_8_1_g0_split,nonmatch,byte +0x4: 10!=21; word +0x4: 1000bfaf!=21288000
0x8003741C,3,gcc_2_8_1_g0_split,gcc_2_8_1_g0_split,nonmatch,byte +0x4: 10!=21; word +0x4: 1000bfaf!=21288000
0x8003741C,4,gcc_2_8_1_g0,gcc_2_8_1_g0,nonmatch,byte +0x4: 10!=21; word +0x4: 1000bfaf!=21288000
0x8003741C,5,gcc_2_8_1_g0,gcc_2_8_1_g0,nonmatch,byte +0x4: 10!=21; word +0x4: 1000bfaf!=21288000
0x8003741C,6,gcc_2_8_1_g0,gcc_2_8_1_g0,deferred,byte +0x2c: 26!=25; word +0x2c: 26dd0008!=25dd0008
0x8003767C,1,gcc_2_8_1_g8,gcc_2_8_1_g8,nonmatch,byte +0x0: e8!=e0; word +0x0: e8ffbd27!=e0ffbd27
0x8003767C,2,gcc_2_8_1_g8,gcc_2_8_1_g8,nonmatch,byte +0x0: e8!=e0; word +0x0: e8ffbd27!=e0ffbd27
0x8003767C,3,gcc_2_8_1_g8_split,gcc_2_8_1_g8_split,nonmatch,byte +0x0: e8!=e0; word +0x0: e8ffbd27!=e0ffbd27
0x8003767C,4,gcc_2_8_1_g8_split,gcc_2_8_1_g8_split,nonmatch,byte +0x0: e8!=e0; word +0x0: e8ffbd27!=e0ffbd27
0x8003767C,5,gcc_2_8_1_g8,gcc_2_8_1_g8,nonmatch,byte +0x0: e8!=e0; word +0x0: e8ffbd27!=e0ffbd27
0x8003767C,6,gcc_2_8_1_g8_split,gcc_2_8_1_g8_split,deferred,byte +0x0: e8!=e0; word +0x0: e8ffbd27!=e0ffbd27
0x8003771C,1,gcc_2_8_1_g8,gcc_2_8_1_g8,nonmatch,byte +0x0: e8!=e0; word +0x0: e8ffbd27!=e0ffbd27
0x8003771C,2,gcc_2_8_1_g8,gcc_2_8_1_g8,nonmatch,byte +0x0: e8!=e0; word +0x0: e8ffbd27!=e0ffbd27
0x8003771C,3,gcc_2_8_1_g8_split,gcc_2_8_1_g8_split,nonmatch,byte +0x0: e8!=e0; word +0x0: e8ffbd27!=e0ffbd27
0x8003771C,4,gcc_2_8_1_g8_split,gcc_2_8_1_g8_split,nonmatch,byte +0x0: e8!=e0; word +0x0: e8ffbd27!=e0ffbd27
0x8003771C,5,gcc_2_8_1_g8,gcc_2_8_1_g8,nonmatch,byte +0x0: e8!=e0; word +0x0: e8ffbd27!=e0ffbd27
0x8003771C,6,gcc_2_8_1_g8_split,gcc_2_8_1_g8_split,deferred,byte +0x0: e8!=e0; word +0x0: e8ffbd27!=e0ffbd27
0x800377C8,1,gcc_2_8_1_g8,gcc_2_8_1_g8,nonmatch,byte +0x28: 20!=1f; word +0x28: 20004014!=1f004014
0x800377C8,2,gcc_2_8_1_g8,gcc_2_8_1_g8,nonmatch,byte +0x1a: 83!=85; word +0x18: 2004838f!=2004858f
0x800377C8,3,gcc_2_8_1_g8,gcc_2_8_1_g8,nonmatch,byte +0x2: 83!=85; word +0x0: 51008390!=51008590
0x800377C8,4,gcc_2_8_1_g8_split,gcc_2_8_1_g8_split,nonmatch,byte +0x2: 83!=85; word +0x0: 51008390!=51008590
0x800377C8,5,gcc_2_8_1_g8,gcc_2_8_1_g8,nonmatch,byte +0x2: 83!=85; word +0x0: 51008390!=51008590
0x800377C8,6,gcc_2_8_1_g8_split,gcc_2_8_1_g8_split,deferred,byte +0x2: 83!=85; word +0x0: 51008390!=51008590
0x8002D0E0,1,gcc_2_8_1_g8,gcc_2_8_1_g8,matched,exact linked bytes and relocations
0x8002D2D8,1,gcc_2_8_1_g8,gcc_2_8_1_g8,matched,exact linked bytes and relocations
0x8002D588,1,gcc_2_8_1_g8,gcc_2_8_1_g8,matched,exact linked bytes and relocations
0x8002D730,1,gcc_2_8_1_g8,gcc_2_8_1_g8,nonmatch,byte +0x34: 13!=12; word +0x34: 13004014!=12004014
0x8002D730,2,gcc_2_8_1_g8,gcc_2_8_1_g8,matched,exact linked bytes and relocations
0x80030198,1,gcc_2_8_1_g8,gcc_2_8_1_g8,nonmatch,byte +0x54: 5a!=5b; word +0x54: 5a0082a0!=5b0082a0
0x80030198,2,gcc_2_8_1_g8,gcc_2_8_1_g8,matched,exact linked bytes and relocations
0x80030C10,1,gcc_2_8_1_g8,gcc_2_8_1_g8,nonmatch,byte +0x4b: a7!=a3; word +0x48: c00383a7!=c00383a3
0x80030C10,2,gcc_2_8_1_g8,gcc_2_8_1_g8,nonmatch,byte +0x5c: 0c!=04; word +0x5c: 0c004010!=04004104
0x80030C10,3,gcc_2_8_1_g8,gcc_2_8_1_g8,matched,exact linked bytes and relocations
0x80030CB0,1,gcc_2_8_1_g8,gcc_2_8_1_g8,nonmatch,byte +0x4f: a7!=a3; word +0x4c: c00383a7!=c00383a3
0x80030CB0,2,gcc_2_8_1_g8,gcc_2_8_1_g8,nonmatch,byte +0x60: 0e!=04; word +0x60: 0e004010!=04004104
0x80030CB0,3,gcc_2_8_1_g8,gcc_2_8_1_g8,matched,exact linked bytes and relocations
0x80031EE4,1,gcc_2_8_1_g0,gcc_2_8_1_g0,nonmatch,byte +0xe: c7!=c3; word +0xc: 975dc790!=975dc390
0x80031EE4,2,gcc_2_8_1_g0,gcc_2_8_1_g0,nonmatch,byte +0x18: 14!=13; word +0x18: 14006014!=13006014
0x80031EE4,3,gcc_2_8_1_g0,gcc_2_8_1_g0,nonmatch,byte +0x72: e2!=e7; word +0x70: 0100e224!=0100e724
0x80031EE4,4,gcc_2_8_1_g0,gcc_2_8_1_g0,matched,exact linked bytes and relocations
0x800374F4,1,gcc_2_8_1_g0,gcc_2_8_1_g0,matched,exact linked bytes and relocations
0x800383DC,1,gcc_2_8_1_g8,gcc_2_8_1_g8,nonmatch,byte +0x0: 26!=08; word +0x0: 26048697!=0800e003
0x800383DC,2,gcc_2_8_1_g0,gcc_2_8_1_g0,nonmatch,byte +0x0: 26!=08; word +0x0: 26048697!=0800e003
0x800383DC,3,gcc_2_8_1_g8_split,gcc_2_8_1_g8_split,nonmatch,byte +0x0: 26!=08; word +0x0: 26048697!=0800e003
0x800383DC,4,gcc_2_8_1_g0_split,gcc_2_8_1_g0_split,nonmatch,byte +0x0: 26!=08; word +0x0: 26048697!=0800e003
0x800383DC,5,gcc_2_8_1_g8,gcc_2_8_1_g8,nonmatch,byte +0x0: 26!=08; word +0x0: 26048697!=0800e003
0x800383DC,6,gcc_2_8_1_g0,gcc_2_8_1_g0,deferred,byte +0x0: 26!=40; word +0x0: 26048697!=40100400
0x800386B8,1,gcc_2_8_1_g8,gcc_2_8_1_g8,nonmatch,byte +0x0: e0!=08; word +0x0: e0ffbd27!=0800e003
0x800386B8,2,gcc_2_8_1_g0,gcc_2_8_1_g0,nonmatch,byte +0x0: e0!=08; word +0x0: e0ffbd27!=0800e003
0x800386B8,3,gcc_2_8_1_g8_split,gcc_2_8_1_g8_split,nonmatch,byte +0x0: e0!=08; word +0x0: e0ffbd27!=0800e003
0x800386B8,4,gcc_2_8_1_g0_split,gcc_2_8_1_g0_split,nonmatch,byte +0x0: e0!=08; word +0x0: e0ffbd27!=0800e003
0x800386B8,5,gcc_2_8_1_g8,gcc_2_8_1_g8,nonmatch,byte +0x0: e0!=08; word +0x0: e0ffbd27!=0800e003
0x800386B8,6,gcc_2_8_1_g0,gcc_2_8_1_g0,deferred,byte +0x0: e0!=40; word +0x0: e0ffbd27!=40100400
0x800388D8,1,gcc_2_8_1_g8,gcc_2_8_1_g8,nonmatch,byte +0x0: e8!=08; word +0x0: e8ffbd27!=0800e003
0x800388D8,2,gcc_2_8_1_g0,gcc_2_8_1_g0,nonmatch,byte +0x0: e8!=08; word +0x0: e8ffbd27!=0800e003
0x800388D8,3,gcc_2_8_1_g8_split,gcc_2_8_1_g8_split,nonmatch,byte +0x0: e8!=08; word +0x0: e8ffbd27!=0800e003
0x800388D8,4,gcc_2_8_1_g0_split,gcc_2_8_1_g0_split,nonmatch,byte +0x0: e8!=08; word +0x0: e8ffbd27!=0800e003
0x800388D8,5,gcc_2_8_1_g8,gcc_2_8_1_g8,nonmatch,byte +0x0: e8!=08; word +0x0: e8ffbd27!=0800e003
0x800388D8,6,gcc_2_8_1_g0,gcc_2_8_1_g0,deferred,byte +0x0: e8!=40; word +0x0: e8ffbd27!=40100400
0x80038BF0,1,gcc_2_8_1_g8,gcc_2_8_1_g8,nonmatch,byte +0x0: e8!=08; word +0x0: e8ffbd27!=0800e003
0x80038BF0,2,gcc_2_8_1_g0,gcc_2_8_1_g0,nonmatch,byte +0x0: e8!=08; word +0x0: e8ffbd27!=0800e003
0x80038BF0,3,gcc_2_8_1_g8_split,gcc_2_8_1_g8_split,nonmatch,byte +0x0: e8!=08; word +0x0: e8ffbd27!=0800e003
0x80038BF0,4,gcc_2_8_1_g0_split,gcc_2_8_1_g0_split,nonmatch,byte +0x0: e8!=08; word +0x0: e8ffbd27!=0800e003
0x80038BF0,5,gcc_2_8_1_g8,gcc_2_8_1_g8,nonmatch,byte +0x0: e8!=08; word +0x0: e8ffbd27!=0800e003
0x80038BF0,6,gcc_2_8_1_g0,gcc_2_8_1_g0,deferred,byte +0x0: e8!=40; word +0x0: e8ffbd27!=40100400
0x80039934,1,gcc_2_8_1_g8,gcc_2_8_1_g8,nonmatch,byte +0x0: e0!=08; word +0x0: e0ffbd27!=0800e003
0x80039934,2,gcc_2_8_1_g0,gcc_2_8_1_g0,nonmatch,byte +0x0: e0!=08; word +0x0: e0ffbd27!=0800e003
0x80039934,3,gcc_2_8_1_g8_split,gcc_2_8_1_g8_split,nonmatch,byte +0x0: e0!=08; word +0x0: e0ffbd27!=0800e003
0x80039934,4,gcc_2_8_1_g0_split,gcc_2_8_1_g0_split,nonmatch,byte +0x0: e0!=08; word +0x0: e0ffbd27!=0800e003
0x80039934,5,gcc_2_8_1_g8,gcc_2_8_1_g8,nonmatch,byte +0x0: e0!=08; word +0x0: e0ffbd27!=0800e003
0x80039934,6,gcc_2_8_1_g0,gcc_2_8_1_g0,deferred,byte +0x0: e0!=40; word +0x0: e0ffbd27!=40100400
0x80039AFC,1,gcc_2_8_1_g8,gcc_2_8_1_g8,nonmatch,byte +0x0: e8!=08; word +0x0: e8ffbd27!=0800e003
0x80039AFC,2,gcc_2_8_1_g0,gcc_2_8_1_g0,nonmatch,byte +0x0: e8!=08; word +0x0: e8ffbd27!=0800e003
0x80039AFC,3,gcc_2_8_1_g8_split,gcc_2_8_1_g8_split,nonmatch,byte +0x0: e8!=08; word +0x0: e8ffbd27!=0800e003
0x80039AFC,4,gcc_2_8_1_g0_split,gcc_2_8_1_g0_split,nonmatch,byte +0x0: e8!=08; word +0x0: e8ffbd27!=0800e003
0x80039AFC,5,gcc_2_8_1_g8,gcc_2_8_1_g8,nonmatch,byte +0x0: e8!=08; word +0x0: e8ffbd27!=0800e003
0x80039AFC,6,gcc_2_8_1_g0,gcc_2_8_1_g0,deferred,byte +0x0: e8!=40; word +0x0: e8ffbd27!=40100400
0x80039C94,1,gcc_2_8_1_g8,gcc_2_8_1_g8,nonmatch,byte +0x0: e8!=08; word +0x0: e8ffbd27!=0800e003
0x80039C94,2,gcc_2_8_1_g0,gcc_2_8_1_g0,nonmatch,byte +0x0: e8!=08; word +0x0: e8ffbd27!=0800e003
0x80039C94,3,gcc_2_8_1_g8_split,gcc_2_8_1_g8_split,nonmatch,byte +0x0: e8!=08; word +0x0: e8ffbd27!=0800e003
0x80039C94,4,gcc_2_8_1_g0_split,gcc_2_8_1_g0_split,nonmatch,byte +0x0: e8!=08; word +0x0: e8ffbd27!=0800e003
0x80039C94,5,gcc_2_8_1_g8,gcc_2_8_1_g8,nonmatch,byte +0x0: e8!=08; word +0x0: e8ffbd27!=0800e003
0x80039C94,6,gcc_2_8_1_g0,gcc_2_8_1_g0,deferred,byte +0x0: e8!=40; word +0x0: e8ffbd27!=40100400
0x80039D64,1,gcc_2_8_1_g8,gcc_2_8_1_g8,nonmatch,byte +0x0: d8!=08; word +0x0: d8ffbd27!=0800e003
0x80039D64,2,gcc_2_8_1_g0,gcc_2_8_1_g0,nonmatch,byte +0x0: d8!=08; word +0x0: d8ffbd27!=0800e003
0x80039D64,3,gcc_2_8_1_g8_split,gcc_2_8_1_g8_split,nonmatch,byte +0x0: d8!=08; word +0x0: d8ffbd27!=0800e003
0x80039D64,4,gcc_2_8_1_g0_split,gcc_2_8_1_g0_split,nonmatch,byte +0x0: d8!=08; word +0x0: d8ffbd27!=0800e003
0x80039D64,5,gcc_2_8_1_g8,gcc_2_8_1_g8,nonmatch,byte +0x0: d8!=08; word +0x0: d8ffbd27!=0800e003
0x80039D64,6,gcc_2_8_1_g0,gcc_2_8_1_g0,deferred,byte +0x0: d8!=40; word +0x0: d8ffbd27!=40100400
0x8003A440,1,gcc_2_8_1_g8,gcc_2_8_1_g8,nonmatch,byte +0x0: d0!=08; word +0x0: d0ffbd27!=0800e003
0x8003A440,2,gcc_2_8_1_g0,gcc_2_8_1_g0,nonmatch,byte +0x0: d0!=08; word +0x0: d0ffbd27!=0800e003
0x8003A440,3,gcc_2_8_1_g8_split,gcc_2_8_1_g8_split,nonmatch,byte +0x0: d0!=08; word +0x0: d0ffbd27!=0800e003
0x8003A440,4,gcc_2_8_1_g0_split,gcc_2_8_1_g0_split,nonmatch,byte +0x0: d0!=08; word +0x0: d0ffbd27!=0800e003
0x8003A440,5,gcc_2_8_1_g8,gcc_2_8_1_g8,nonmatch,byte +0x0: d0!=08; word +0x0: d0ffbd27!=0800e003
0x8003A440,6,gcc_2_8_1_g0,gcc_2_8_1_g0,deferred,byte +0x0: d0!=40; word +0x0: d0ffbd27!=40100400
0x8003AC48,1,gcc_2_8_1_g8,gcc_2_8_1_g8,nonmatch,byte +0x0: d8!=08; word +0x0: d8ffbd27!=0800e003
0x8003AC48,2,gcc_2_8_1_g0,gcc_2_8_1_g0,nonmatch,byte +0x0: d8!=08; word +0x0: d8ffbd27!=0800e003
0x8003AC48,3,gcc_2_8_1_g8_split,gcc_2_8_1_g8_split,nonmatch,byte +0x0: d8!=08; word +0x0: d8ffbd27!=0800e003
0x8003AC48,4,gcc_2_8_1_g0_split,gcc_2_8_1_g0_split,nonmatch,byte +0x0: d8!=08; word +0x0: d8ffbd27!=0800e003
0x8003AC48,5,gcc_2_8_1_g8,gcc_2_8_1_g8,nonmatch,byte +0x0: d8!=08; word +0x0: d8ffbd27!=0800e003
0x8003AC48,6,gcc_2_8_1_g0,gcc_2_8_1_g0,deferred,byte +0x0: d8!=40; word +0x0: d8ffbd27!=40100400
0x8003B50C,1,gcc_2_8_1_g8,gcc_2_8_1_g8,nonmatch,byte +0x0: d8!=08; word +0x0: d8ffbd27!=0800e003
0x8003B50C,2,gcc_2_8_1_g0,gcc_2_8_1_g0,nonmatch,byte +0x0: d8!=08; word +0x0: d8ffbd27!=0800e003
0x8003B50C,3,gcc_2_8_1_g8_split,gcc_2_8_1_g8_split,nonmatch,byte +0x0: d8!=08; word +0x0: d8ffbd27!=0800e003
0x8003B50C,4,gcc_2_8_1_g0_split,gcc_2_8_1_g0_split,nonmatch,byte +0x0: d8!=08; word +0x0: d8ffbd27!=0800e003
0x8003B50C,5,gcc_2_8_1_g8,gcc_2_8_1_g8,nonmatch,byte +0x0: d8!=08; word +0x0: d8ffbd27!=0800e003
0x8003B50C,6,gcc_2_8_1_g0,gcc_2_8_1_g0,deferred,byte +0x0: d8!=40; word +0x0: d8ffbd27!=40100400
0x8003B5C8,1,gcc_2_8_1_g8,gcc_2_8_1_g8,nonmatch,byte +0x0: e8!=08; word +0x0: e8ffbd27!=0800e003
0x8003B5C8,2,gcc_2_8_1_g0,gcc_2_8_1_g0,nonmatch,byte +0x0: e8!=08; word +0x0: e8ffbd27!=0800e003
0x8003B5C8,3,gcc_2_8_1_g8_split,gcc_2_8_1_g8_split,nonmatch,byte +0x0: e8!=08; word +0x0: e8ffbd27!=0800e003
0x8003B5C8,4,gcc_2_8_1_g0_split,gcc_2_8_1_g0_split,nonmatch,byte +0x0: e8!=08; word +0x0: e8ffbd27!=0800e003
0x8003B5C8,5,gcc_2_8_1_g8,gcc_2_8_1_g8,nonmatch,byte +0x0: e8!=08; word +0x0: e8ffbd27!=0800e003
0x8003B5C8,6,gcc_2_8_1_g0,gcc_2_8_1_g0,deferred,byte +0x0: e8!=40; word +0x0: e8ffbd27!=40100400
0x8003BC40,1,gcc_2_8_1_g8,gcc_2_8_1_g8,nonmatch,byte +0x0: ff!=08; word +0x0: ffffc824!=0800e003
0x8003BC40,2,gcc_2_8_1_g0,gcc_2_8_1_g0,nonmatch,byte +0x0: ff!=08; word +0x0: ffffc824!=0800e003
0x8003BC40,3,gcc_2_8_1_g8_split,gcc_2_8_1_g8_split,nonmatch,byte +0x0: ff!=08; word +0x0: ffffc824!=0800e003
0x8003BC40,4,gcc_2_8_1_g0_split,gcc_2_8_1_g0_split,nonmatch,byte +0x0: ff!=08; word +0x0: ffffc824!=0800e003
0x8003BC40,5,gcc_2_8_1_g8,gcc_2_8_1_g8,nonmatch,byte +0x0: ff!=08; word +0x0: ffffc824!=0800e003
0x8003BC40,6,gcc_2_8_1_g0,gcc_2_8_1_g0,deferred,byte +0x0: ff!=40; word +0x0: ffffc824!=40100400
0x8003C568,1,gcc_2_8_1_g8,gcc_2_8_1_g8,nonmatch,byte +0x0: f0!=08; word +0x0: f0ffbd27!=0800e003
0x8003C568,2,gcc_2_8_1_g0,gcc_2_8_1_g0,nonmatch,byte +0x0: f0!=08; word +0x0: f0ffbd27!=0800e003
0x8003C568,3,gcc_2_8_1_g8_split,gcc_2_8_1_g8_split,nonmatch,byte +0x0: f0!=08; word +0x0: f0ffbd27!=0800e003
0x8003C568,4,gcc_2_8_1_g0_split,gcc_2_8_1_g0_split,nonmatch,byte +0x0: f0!=08; word +0x0: f0ffbd27!=0800e003
0x8003C568,5,gcc_2_8_1_g8,gcc_2_8_1_g8,nonmatch,byte +0x0: f0!=08; word +0x0: f0ffbd27!=0800e003
0x8003C568,6,gcc_2_8_1_g0,gcc_2_8_1_g0,deferred,byte +0x0: f0!=40; word +0x0: f0ffbd27!=40100400
0x8003C7A0,1,gcc_2_8_1_g8,gcc_2_8_1_g8,nonmatch,byte +0x0: 7c!=08; word +0x0: 7c048283!=0800e003
0x8003C7A0,2,gcc_2_8_1_g0,gcc_2_8_1_g0,nonmatch,byte +0x0: 7c!=08; word +0x0: 7c048283!=0800e003
0x8003C7A0,3,gcc_2_8_1_g8_split,gcc_2_8_1_g8_split,nonmatch,byte +0x0: 7c!=08; word +0x0: 7c048283!=0800e003
0x8003C7A0,4,gcc_2_8_1_g0_split,gcc_2_8_1_g0_split,nonmatch,byte +0x0: 7c!=08; word +0x0: 7c048283!=0800e003
0x8003C7A0,5,gcc_2_8_1_g8,gcc_2_8_1_g8,nonmatch,byte +0x0: 7c!=08; word +0x0: 7c048283!=0800e003
0x8003C7A0,6,gcc_2_8_1_g0,gcc_2_8_1_g0,deferred,byte +0x0: 7c!=40; word +0x0: 7c048283!=40100400
0x8003C950,1,gcc_2_8_1_g8,gcc_2_8_1_g8,nonmatch,byte +0x0: d0!=08; word +0x0: d0ffbd27!=0800e003
0x8003C950,2,gcc_2_8_1_g0,gcc_2_8_1_g0,nonmatch,byte +0x0: d0!=08; word +0x0: d0ffbd27!=0800e003
0x8003C950,3,gcc_2_8_1_g8_split,gcc_2_8_1_g8_split,nonmatch,byte +0x0: d0!=08; word +0x0: d0ffbd27!=0800e003
0x8003C950,4,gcc_2_8_1_g0_split,gcc_2_8_1_g0_split,nonmatch,byte +0x0: d0!=08; word +0x0: d0ffbd27!=0800e003
0x8003C950,5,gcc_2_8_1_g8,gcc_2_8_1_g8,nonmatch,byte +0x0: d0!=08; word +0x0: d0ffbd27!=0800e003
0x8003C950,6,gcc_2_8_1_g0,gcc_2_8_1_g0,deferred,byte +0x0: d0!=40; word +0x0: d0ffbd27!=40100400
0x8003CA5C,1,gcc_2_8_1_g8,gcc_2_8_1_g8,nonmatch,byte +0x0: e0!=08; word +0x0: e0ffbd27!=0800e003
0x8003CA5C,2,gcc_2_8_1_g0,gcc_2_8_1_g0,nonmatch,byte +0x0: e0!=08; word +0x0: e0ffbd27!=0800e003
0x8003CA5C,3,gcc_2_8_1_g8_split,gcc_2_8_1_g8_split,nonmatch,byte +0x0: e0!=08; word +0x0: e0ffbd27!=0800e003
0x8003CA5C,4,gcc_2_8_1_g0_split,gcc_2_8_1_g0_split,nonmatch,byte +0x0: e0!=08; word +0x0: e0ffbd27!=0800e003
0x8003CA5C,5,gcc_2_8_1_g8,gcc_2_8_1_g8,nonmatch,byte +0x0: e0!=08; word +0x0: e0ffbd27!=0800e003
0x8003CA5C,6,gcc_2_8_1_g0,gcc_2_8_1_g0,deferred,byte +0x0: e0!=40; word +0x0: e0ffbd27!=40100400
0x8003CCD8,1,gcc_2_8_1_g8,gcc_2_8_1_g8,nonmatch,byte +0x0: 21!=08; word +0x0: 21280000!=0800e003
0x8003CCD8,2,gcc_2_8_1_g0,gcc_2_8_1_g0,nonmatch,byte +0x0: 21!=08; word +0x0: 21280000!=0800e003
0x8003CCD8,3,gcc_2_8_1_g8_split,gcc_2_8_1_g8_split,nonmatch,byte +0x0: 21!=08; word +0x0: 21280000!=0800e003
0x8003CCD8,4,gcc_2_8_1_g0_split,gcc_2_8_1_g0_split,nonmatch,byte +0x0: 21!=08; word +0x0: 21280000!=0800e003
0x8003CCD8,5,gcc_2_8_1_g8,gcc_2_8_1_g8,nonmatch,byte +0x0: 21!=08; word +0x0: 21280000!=0800e003
0x8003CCD8,6,gcc_2_8_1_g0,gcc_2_8_1_g0,deferred,byte +0x0: 21!=40; word +0x0: 21280000!=40100400
0x8003D174,1,gcc_2_8_1_g8,gcc_2_8_1_g8,nonmatch,byte +0x0: e0!=08; word +0x0: e0ffbd27!=0800e003
0x8003D174,2,gcc_2_8_1_g0,gcc_2_8_1_g0,nonmatch,byte +0x0: e0!=08; word +0x0: e0ffbd27!=0800e003
0x8003D174,3,gcc_2_8_1_g8_split,gcc_2_8_1_g8_split,nonmatch,byte +0x0: e0!=08; word +0x0: e0ffbd27!=0800e003
0x8003D174,4,gcc_2_8_1_g0_split,gcc_2_8_1_g0_split,nonmatch,byte +0x0: e0!=08; word +0x0: e0ffbd27!=0800e003
0x8003D174,5,gcc_2_8_1_g8,gcc_2_8_1_g8,nonmatch,byte +0x0: e0!=08; word +0x0: e0ffbd27!=0800e003
0x8003D174,6,gcc_2_8_1_g0,gcc_2_8_1_g0,deferred,byte +0x0: e0!=40; word +0x0: e0ffbd27!=40100400
0x8003D518,1,gcc_2_8_1_g8,gcc_2_8_1_g8,nonmatch,byte +0x0: b9!=08; word +0x0: b9048393!=0800e003
0x8003D518,2,gcc_2_8_1_g0,gcc_2_8_1_g0,nonmatch,byte +0x0: b9!=08; word +0x0: b9048393!=0800e003
0x8003D518,3,gcc_2_8_1_g8_split,gcc_2_8_1_g8_split,nonmatch,byte +0x0: b9!=08; word +0x0: b9048393!=0800e003
0x8003D518,4,gcc_2_8_1_g0_split,gcc_2_8_1_g0_split,nonmatch,byte +0x0: b9!=08; word +0x0: b9048393!=0800e003
0x8003D518,5,gcc_2_8_1_g8,gcc_2_8_1_g8,nonmatch,byte +0x0: b9!=08; word +0x0: b9048393!=0800e003
0x8003D518,6,gcc_2_8_1_g0,gcc_2_8_1_g0,deferred,byte +0x0: b9!=40; word +0x0: b9048393!=40100400
0x8003F2B0,1,gcc_2_8_1_g8,gcc_2_8_1_g8,nonmatch,byte +0x0: d8!=08; word +0x0: d8ffbd27!=0800e003
0x8003F2B0,2,gcc_2_8_1_g0,gcc_2_8_1_g0,nonmatch,byte +0x0: d8!=08; word +0x0: d8ffbd27!=0800e003
0x8003F2B0,3,gcc_2_8_1_g8_split,gcc_2_8_1_g8_split,nonmatch,byte +0x0: d8!=08; word +0x0: d8ffbd27!=0800e003
0x8003F2B0,4,gcc_2_8_1_g0_split,gcc_2_8_1_g0_split,nonmatch,byte +0x0: d8!=08; word +0x0: d8ffbd27!=0800e003
0x8003F2B0,5,gcc_2_8_1_g8,gcc_2_8_1_g8,nonmatch,byte +0x0: d8!=08; word +0x0: d8ffbd27!=0800e003
0x8003F2B0,6,gcc_2_8_1_g0,gcc_2_8_1_g0,deferred,byte +0x0: d8!=40; word +0x0: d8ffbd27!=40100400
0x8003F388,1,gcc_2_8_1_g8,gcc_2_8_1_g8,nonmatch,byte +0x0: d8!=08; word +0x0: d8ffbd27!=0800e003
0x8003F388,2,gcc_2_8_1_g0,gcc_2_8_1_g0,nonmatch,byte +0x0: d8!=08; word +0x0: d8ffbd27!=0800e003
0x8003F388,3,gcc_2_8_1_g8_split,gcc_2_8_1_g8_split,nonmatch,byte +0x0: d8!=08; word +0x0: d8ffbd27!=0800e003
0x8003F388,4,gcc_2_8_1_g0_split,gcc_2_8_1_g0_split,nonmatch,byte +0x0: d8!=08; word +0x0: d8ffbd27!=0800e003
0x8003F388,5,gcc_2_8_1_g8,gcc_2_8_1_g8,nonmatch,byte +0x0: d8!=08; word +0x0: d8ffbd27!=0800e003
0x8003F388,6,gcc_2_8_1_g0,gcc_2_8_1_g0,deferred,byte +0x0: d8!=40; word +0x0: d8ffbd27!=40100400
0x8003FD14,1,gcc_2_8_1_g8,gcc_2_8_1_g8,nonmatch,byte +0x0: e5!=08; word +0x0: e5048393!=0800e003
0x8003FD14,2,gcc_2_8_1_g0,gcc_2_8_1_g0,nonmatch,byte +0x0: e5!=08; word +0x0: e5048393!=0800e003
0x8003FD14,3,gcc_2_8_1_g8_split,gcc_2_8_1_g8_split,nonmatch,byte +0x0: e5!=08; word +0x0: e5048393!=0800e003
0x8003FD14,4,gcc_2_8_1_g0_split,gcc_2_8_1_g0_split,nonmatch,byte +0x0: e5!=08; word +0x0: e5048393!=0800e003
0x8003FD14,5,gcc_2_8_1_g8,gcc_2_8_1_g8,nonmatch,byte +0x0: e5!=08; word +0x0: e5048393!=0800e003
0x8003FD14,6,gcc_2_8_1_g0,gcc_2_8_1_g0,deferred,byte +0x0: e5!=40; word +0x0: e5048393!=40100400
0x800402A0,1,gcc_2_8_1_g8,gcc_2_8_1_g8,nonmatch,byte +0x0: e0!=08; word +0x0: e0ffbd27!=0800e003
0x800402A0,2,gcc_2_8_1_g0,gcc_2_8_1_g0,nonmatch,byte +0x0: e0!=08; word +0x0: e0ffbd27!=0800e003
0x800402A0,3,gcc_2_8_1_g8_split,gcc_2_8_1_g8_split,nonmatch,byte +0x0: e0!=08; word +0x0: e0ffbd27!=0800e003
0x800402A0,4,gcc_2_8_1_g0_split,gcc_2_8_1_g0_split,nonmatch,byte +0x0: e0!=08; word +0x0: e0ffbd27!=0800e003
0x800402A0,5,gcc_2_8_1_g8,gcc_2_8_1_g8,nonmatch,byte +0x0: e0!=08; word +0x0: e0ffbd27!=0800e003
0x800402A0,6,gcc_2_8_1_g0,gcc_2_8_1_g0,deferred,byte +0x0: e0!=40; word +0x0: e0ffbd27!=40100400
0x80040814,1,gcc_2_8_1_g8,gcc_2_8_1_g8,nonmatch,byte +0x0: d8!=08; word +0x0: d8ffbd27!=0800e003
0x80040814,2,gcc_2_8_1_g0,gcc_2_8_1_g0,nonmatch,byte +0x0: d8!=08; word +0x0: d8ffbd27!=0800e003
0x80040814,3,gcc_2_8_1_g8_split,gcc_2_8_1_g8_split,nonmatch,byte +0x0: d8!=08; word +0x0: d8ffbd27!=0800e003
0x80040814,4,gcc_2_8_1_g0_split,gcc_2_8_1_g0_split,nonmatch,byte +0x0: d8!=08; word +0x0: d8ffbd27!=0800e003
0x80040814,5,gcc_2_8_1_g8,gcc_2_8_1_g8,nonmatch,byte +0x0: d8!=08; word +0x0: d8ffbd27!=0800e003
0x80040814,6,gcc_2_8_1_g0,gcc_2_8_1_g0,deferred,byte +0x0: d8!=40; word +0x0: d8ffbd27!=40100400
0x80040D14,1,gcc_2_8_1_g8,gcc_2_8_1_g8,nonmatch,byte +0x0: d8!=08; word +0x0: d8ffbd27!=0800e003
0x80040D14,2,gcc_2_8_1_g0,gcc_2_8_1_g0,nonmatch,byte +0x0: d8!=08; word +0x0: d8ffbd27!=0800e003
0x80040D14,3,gcc_2_8_1_g8_split,gcc_2_8_1_g8_split,nonmatch,byte +0x0: d8!=08; word +0x0: d8ffbd27!=0800e003
0x80040D14,4,gcc_2_8_1_g0_split,gcc_2_8_1_g0_split,nonmatch,byte +0x0: d8!=08; word +0x0: d8ffbd27!=0800e003
0x80040D14,5,gcc_2_8_1_g8,gcc_2_8_1_g8,nonmatch,byte +0x0: d8!=08; word +0x0: d8ffbd27!=0800e003
0x80040D14,6,gcc_2_8_1_g0,gcc_2_8_1_g0,deferred,byte +0x0: d8!=40; word +0x0: d8ffbd27!=40100400
0x80041340,1,gcc_2_8_1_g8,gcc_2_8_1_g8,nonmatch,byte +0x0: e0!=08; word +0x0: e0ffbd27!=0800e003
0x80041340,2,gcc_2_8_1_g0,gcc_2_8_1_g0,nonmatch,byte +0x0: e0!=08; word +0x0: e0ffbd27!=0800e003
0x80041340,3,gcc_2_8_1_g8_split,gcc_2_8_1_g8_split,nonmatch,byte +0x0: e0!=08; word +0x0: e0ffbd27!=0800e003
0x80041340,4,gcc_2_8_1_g0_split,gcc_2_8_1_g0_split,nonmatch,byte +0x0: e0!=08; word +0x0: e0ffbd27!=0800e003
0x80041340,5,gcc_2_8_1_g8,gcc_2_8_1_g8,nonmatch,byte +0x0: e0!=08; word +0x0: e0ffbd27!=0800e003
0x80041340,6,gcc_2_8_1_g0,gcc_2_8_1_g0,deferred,byte +0x0: e0!=40; word +0x0: e0ffbd27!=40100400
0x80041C8C,1,gcc_2_8_1_g8,gcc_2_8_1_g8,nonmatch,byte +0x0: e0!=08; word +0x0: e0ffbd27!=0800e003
0x80041C8C,2,gcc_2_8_1_g0,gcc_2_8_1_g0,nonmatch,byte +0x0: e0!=08; word +0x0: e0ffbd27!=0800e003
0x80041C8C,3,gcc_2_8_1_g8_split,gcc_2_8_1_g8_split,nonmatch,byte +0x0: e0!=08; word +0x0: e0ffbd27!=0800e003
0x80041C8C,4,gcc_2_8_1_g0_split,gcc_2_8_1_g0_split,nonmatch,byte +0x0: e0!=08; word +0x0: e0ffbd27!=0800e003
0x80041C8C,5,gcc_2_8_1_g8,gcc_2_8_1_g8,nonmatch,byte +0x0: e0!=08; word +0x0: e0ffbd27!=0800e003
0x80041C8C,6,gcc_2_8_1_g0,gcc_2_8_1_g0,deferred,byte +0x0: e0!=40; word +0x0: e0ffbd27!=40100400
0x80041D60,1,gcc_2_8_1_g8,gcc_2_8_1_g8,nonmatch,byte +0x0: e8!=08; word +0x0: e8ffbd27!=0800e003
0x80041D60,2,gcc_2_8_1_g0,gcc_2_8_1_g0,nonmatch,byte +0x0: e8!=08; word +0x0: e8ffbd27!=0800e003
0x80041D60,3,gcc_2_8_1_g8_split,gcc_2_8_1_g8_split,nonmatch,byte +0x0: e8!=08; word +0x0: e8ffbd27!=0800e003
0x80041D60,4,gcc_2_8_1_g0_split,gcc_2_8_1_g0_split,nonmatch,byte +0x0: e8!=08; word +0x0: e8ffbd27!=0800e003
0x80041D60,5,gcc_2_8_1_g8,gcc_2_8_1_g8,nonmatch,byte +0x0: e8!=08; word +0x0: e8ffbd27!=0800e003
0x80041D60,6,gcc_2_8_1_g0,gcc_2_8_1_g0,deferred,byte +0x0: e8!=40; word +0x0: e8ffbd27!=40100400
0x80041E7C,1,gcc_2_8_1_g8,gcc_2_8_1_g8,nonmatch,byte +0x0: d8!=08; word +0x0: d8ffbd27!=0800e003
0x80041E7C,2,gcc_2_8_1_g0,gcc_2_8_1_g0,nonmatch,byte +0x0: d8!=08; word +0x0: d8ffbd27!=0800e003
0x80041E7C,3,gcc_2_8_1_g8_split,gcc_2_8_1_g8_split,nonmatch,byte +0x0: d8!=08; word +0x0: d8ffbd27!=0800e003
0x80041E7C,4,gcc_2_8_1_g0_split,gcc_2_8_1_g0_split,nonmatch,byte +0x0: d8!=08; word +0x0: d8ffbd27!=0800e003
0x80041E7C,5,gcc_2_8_1_g8,gcc_2_8_1_g8,nonmatch,byte +0x0: d8!=08; word +0x0: d8ffbd27!=0800e003
0x80041E7C,6,gcc_2_8_1_g0,gcc_2_8_1_g0,deferred,byte +0x0: d8!=40; word +0x0: d8ffbd27!=40100400
0x8004318C,1,gcc_2_8_1_g8,gcc_2_8_1_g8,nonmatch,byte +0x1c: 36!=34; word +0x1c: 36000286!=34000286
0x8004318C,2,gcc_2_8_1_g8,gcc_2_8_1_g8,nonmatch,byte +0x3c: 00!=21; word +0x3c: 00000000!=21204000
0x8004318C,3,gcc_2_8_1_g8,gcc_2_8_1_g8,nonmatch,byte +0x3c: 00!=21; word +0x3c: 00000000!=21204000
0x8004318C,4,gcc_2_8_1_g8,gcc_2_8_1_g8,nonmatch,byte +0x1e: 02!=03; word +0x1c: 36000286!=36000386
0x8004318C,5,gcc_2_8_1_g8,gcc_2_8_1_g8,nonmatch,byte +0x1e: 02!=03; word +0x1c: 36000286!=36000386
0x8004318C,6,gcc_2_8_1_g8,gcc_2_8_1_g8,deferred,byte +0x1e: 02!=03; word +0x1c: 36000286!=36000386
0x800438B8,1,gcc_2_8_1_g0,gcc_2_8_1_g0,matched,exact linked bytes and relocations
0x80043DA0,1,gcc_2_8_1_g8,gcc_2_8_1_g8,matched,exact linked bytes and relocations
0x8004413C,1,gcc_2_8_1_g8_split,gcc_2_8_1_g8_split,matched,exact linked bytes and relocations
0x800441DC,1,gcc_2_8_1_g8_split,gcc_2_8_1_g8_split,matched,exact linked bytes and relocations
0x800442E4,1,gcc_2_8_1_g8_split,gcc_2_8_1_g8_split,matched,exact linked bytes and relocations
0x80044E90,1,gcc_2_8_1_g0,gcc_2_8_1_g0,nonmatch,byte +0x4: 10!=ff; word +0x4: 1000bfaf!=ffff8224; relocations differ
0x80044E90,2,gcc_2_8_1_g0,gcc_2_8_1_g0,nonmatch,byte +0x4: 10!=ff; word +0x4: 1000bfaf!=ffff8224; relocations differ
0x80044E90,3,gcc_2_8_1_g0,gcc_2_8_1_g0,nonmatch,byte +0x4: 10!=ff; word +0x4: 1000bfaf!=ffff8224; relocations differ
0x80044E90,4,gcc_2_8_1_g0,gcc_2_8_1_g0,matched,exact linked bytes and relocations
0x80045054,1,gcc_2_8_1_g0,gcc_2_8_1_g0,nonmatch,byte +0x0: e8!=0a; word +0x0: e8ffbd27!=0a80053c; relocations differ
0x80045054,2,gcc_2_8_1_g0,gcc_2_8_1_g0,nonmatch,byte +0x1e: 03!=04; word +0x1c: 0a80033c!=0a80043c; relocations differ
0x80045054,3,gcc_2_8_1_g0,gcc_2_8_1_g0,nonmatch,byte +0x24: 04!=21; word +0x24: 04004014!=21300000; relocations differ
0x80045054,4,gcc_2_8_1_g0,gcc_2_8_1_g0,nonmatch,byte +0x24: 04!=21; word +0x24: 04004014!=21204000; relocations differ
0x80045054,5,gcc_2_8_1_g0,gcc_2_8_1_g0,matched,exact linked bytes and relocations
0x80045484,1,gcc_2_8_1_g0,gcc_2_8_1_g0,nonmatch,byte +0x2: 03!=05; word +0x0: 0a80033c!=0a80053c; relocations differ
0x80045484,2,gcc_2_8_1_g0,gcc_2_8_1_g0,nonmatch,byte +0x1c: 20!=30; word +0x1c: 20000824!=30000524
0x80045484,3,gcc_2_8_1_g0,gcc_2_8_1_g0,nonmatch,byte +0x18: 1b!=17; word +0x18: 1b004010!=17004010; relocations differ
0x80045484,4,gcc_2_8_1_g0,gcc_2_8_1_g0,nonmatch,byte +0x18: 1b!=19; word +0x18: 1b004010!=19004010; relocations differ
0x80045484,5,gcc_2_8_1_g0,gcc_2_8_1_g0,nonmatch,byte +0x1c: 20!=30; word +0x1c: 20000824!=30000524
0x80045484,6,gcc_2_8_1_g0,gcc_2_8_1_g0,deferred,byte +0x18: 1b!=19; word +0x18: 1b004010!=19004010; relocations differ
0x80045BE8,1,gcc_2_8_1_g0,gcc_2_8_1_g0,nonmatch,byte +0x18: 23!=03; word +0x18: 23004010!=03004014; relocations differ
0x80045BE8,2,gcc_2_8_1_g0,gcc_2_8_1_g0,nonmatch,byte +0x2: 05!=07; word +0x0: 0a80053c!=0a80073c; relocations differ
0x80045BE8,3,gcc_2_8_1_g0,gcc_2_8_1_g0,nonmatch,byte +0xe: a3!=a6; word +0xc: 4c00a384!=4c00a684; relocations differ
0x80045BE8,4,gcc_2_8_1_g0,gcc_2_8_1_g0,nonmatch,byte +0x18: 23!=24; word +0x18: 23004010!=24004010; relocations differ
0x80045BE8,5,gcc_2_8_1_g0,gcc_2_8_1_g0,nonmatch,byte +0x2e: a2!=45; word +0x2c: 2110a200!=21104500
0x80045BE8,6,gcc_2_8_1_g0,gcc_2_8_1_g0,deferred,byte +0x2d: 10!=28; word +0x2c: 2110a200!=2128a200
0x800470B0,1,gcc_2_8_1_g8,gcc_2_8_1_g8,matched,exact linked bytes and relocations
0x80047140,1,gcc_2_8_1_g8,gcc_2_8_1_g8,matched,exact linked bytes and relocations
0x800471D0,1,gcc_2_8_1_g8,gcc_2_8_1_g8,matched,exact linked bytes and relocations
0x8004733C,1,gcc_2_8_1_g8,gcc_2_8_1_g8,nonmatch,byte +0xe: a0!=80; word +0xc: 2180a000!=21808000
0x8004733C,2,gcc_2_8_1_g8,gcc_2_8_1_g8,nonmatch,byte +0x24: 15!=16; word +0x24: 15004010!=16004010; relocations differ
0x8004733C,3,gcc_2_8_1_g8,gcc_2_8_1_g8,nonmatch,byte +0x24: 15!=16; word +0x24: 15004010!=16004010; relocations differ
0x8004733C,4,gcc_2_8_1_g8,gcc_2_8_1_g8,nonmatch,byte +0x24: 15!=17; word +0x24: 15004010!=17004010; relocations differ
0x8004733C,5,gcc_2_8_1_g8,gcc_2_8_1_g8,nonmatch,byte +0x36: 22!=31; word +0x34: ffff2232!=ffff3132
0x8004733C,6,gcc_2_8_1_g8,gcc_2_8_1_g8,deferred,byte +0x8: 10!=14; word +0x8: 1000b0af!=1400b1af; relocations differ
0x80047AD0,1,gcc_2_8_1_g0,gcc_2_8_1_g0,nonmatch,byte +0x5e: 03!=04; word +0x5c: 0a80033c!=0a80043c
0x80047AD0,2,gcc_2_8_1_g0,gcc_2_8_1_g0,matched,exact linked bytes and relocations
0x80047BB4,1,gcc_2_8_1_g0,gcc_2_8_1_g0,matched,exact linked bytes and relocations
0x80047FAC,1,gcc_2_8_1_g0,gcc_2_8_1_g0,nonmatch,byte +0x12: 00!=20; word +0x10: 21800000!=21802002
0x80047FAC,2,gcc_2_8_1_g0,gcc_2_8_1_g0,nonmatch,byte +0x4: 1c!=18; word +0x4: 1c00b1af!=1800b0af
0x80047FAC,3,gcc_2_8_1_g0,gcc_2_8_1_g0,nonmatch,byte +0x12: 00!=20; word +0x10: 21800000!=21802002
0x80047FAC,4,gcc_2_8_1_g0,gcc_2_8_1_g0,nonmatch,byte +0xc: 18!=24; word +0xc: 1800b0af!=2400bfaf; relocations differ
0x80047FAC,5,gcc_2_8_1_g0,gcc_2_8_1_g0,nonmatch,byte +0xc: 18!=24; word +0xc: 1800b0af!=2400bfaf; relocations differ
0x80047FAC,6,gcc_2_8_1_g0,gcc_2_8_1_g0,deferred,byte +0x4: 1c!=18; word +0x4: 1c00b1af!=1800b0af
0x80048C70,1,gcc_2_8_1_g0,gcc_2_8_1_g0,matched,exact linked bytes and relocations
0x80049138,1,gcc_2_8_1_g0,gcc_2_8_1_g0,nonmatch,byte +0x2: 02!=05; word +0x0: 0a80023c!=0a80053c
0x80049138,2,gcc_2_8_1_g0,gcc_2_8_1_g0,nonmatch,byte +0x2: 02!=05; word +0x0: 0a80023c!=0a80053c
0x80049138,3,gcc_2_8_1_g0,gcc_2_8_1_g0,nonmatch,byte +0x1a: 43!=42; word +0x18: 6415438c!=6415428c
0x80049138,4,gcc_2_8_1_g0,gcc_2_8_1_g0,nonmatch,byte +0x50: 00!=f0; word +0x50: 00000000!=f00f0232
0x80049138,5,gcc_2_8_1_g0,gcc_2_8_1_g0,nonmatch,byte +0x28: 22!=23; word +0x28: 22006210!=23006210; relocations differ
0x80049138,6,gcc_2_8_1_g0,gcc_2_8_1_g0,deferred,byte +0x28: 22!=21; word +0x28: 22006210!=21006210; relocations differ
0x80049230,1,gcc_2_8_1_g0,gcc_2_8_1_g0,nonmatch,byte +0x0: b0!=a0; word +0x0: b0ffbd27!=a0ffbd27
0x80049230,2,gcc_2_8_1_g0,gcc_2_8_1_g0,matched,exact linked bytes and relocations
0x80049434,1,gcc_2_8_1_g0,gcc_2_8_1_g0,nonmatch,byte +0x4e: 04!=03; word +0x4c: 7f000424!=7f000324
0x80049434,2,gcc_2_8_1_g0,gcc_2_8_1_g0,matched,exact linked bytes and relocations
0x800496C4,1,gcc_2_8_1_g0,gcc_2_8_1_g0,nonmatch,byte +0x0: f8!=21; word +0x0: f8ffbd27!=21388000; relocations differ
0x800496C4,2,gcc_2_8_1_g0,gcc_2_8_1_g0,nonmatch,byte +0x8: 21!=00; word +0x8: 21400000!=002c0500; relocations differ
0x800496C4,3,gcc_2_8_1_g0,gcc_2_8_1_g0,matched,exact linked bytes and relocations
0x80049A64,1,gcc_2_8_1_g0,gcc_2_8_1_g0,nonmatch,byte +0x44: 10!=11; word +0x44: 10006214!=11006214
0x80049A64,2,gcc_2_8_1_g0,gcc_2_8_1_g0,matched,exact linked bytes and relocations
0x80049AF4,1,gcc_2_8_1_g0,gcc_2_8_1_g0,nonmatch,byte +0x0: 0a!=e0; word +0x0: 0a80023c!=e0ffbd27; relocations differ
0x80049AF4,2,gcc_2_8_1_g0,gcc_2_8_1_g0,nonmatch,byte +0xc: 10!=14; word +0xc: 1000b0af!=1400b1af; relocations differ
0x80049AF4,3,gcc_2_8_1_g0,gcc_2_8_1_g0,nonmatch,byte +0xc: 10!=14; word +0xc: 1000b0af!=1400b1af; relocations differ
0x80049AF4,4,gcc_2_8_1_g0,gcc_2_8_1_g0,nonmatch,byte +0x0: 0a!=e0; word +0x0: 0a80023c!=e0ffbd27; relocations differ
0x80049AF4,5,gcc_2_8_1_g0,gcc_2_8_1_g0,nonmatch,byte +0xc: 10!=14; word +0xc: 1000b0af!=1400b1af
0x80049AF4,6,gcc_2_8_1_g0,gcc_2_8_1_g0,deferred,byte +0xc: 10!=14; word +0xc: 1000b0af!=1400b1af; relocations differ
0x80049BAC,1,gcc_2_8_1_g0,gcc_2_8_1_g0,nonmatch,byte +0x0: 0a!=e0; word +0x0: 0a80023c!=e0ffbd27; relocations differ
0x80049BAC,2,gcc_2_8_1_g0,gcc_2_8_1_g0,nonmatch,byte +0x38: 03!=10; word +0x38: 03006214!=10006210; relocations differ
0x80049BAC,3,gcc_2_8_1_g0,gcc_2_8_1_g0,matched,exact linked bytes and relocations
0x8004A2F8,1,gcc_2_8_1_g0,gcc_2_8_1_g0,nonmatch,byte +0x2: 06!=03; word +0x0: 0a80063c!=0a80033c
0x8004A2F8,2,gcc_2_8_1_g0,gcc_2_8_1_g0,nonmatch,byte +0xc: 1c!=14; word +0xc: 1c00bfaf!=1400b1af
0x8004A2F8,3,gcc_2_8_1_g0,gcc_2_8_1_g0,nonmatch,byte +0x94: 00!=01; word +0x94: 00000000!=01003126
0x8004A2F8,4,gcc_2_8_1_g0,gcc_2_8_1_g0,nonmatch,byte +0x24: 21!=20; word +0x24: 21004018!=20004018; relocations differ
0x8004A2F8,5,gcc_2_8_1_g0,gcc_2_8_1_g0,matched,exact linked bytes and relocations
0x8004A7C0,1,gcc_2_8_1_g0_split,gcc_2_8_1_g0_split,nonmatch,byte +0x4: 80!=0a; word +0x4: 80280400!=0a80023c; relocations differ
0x8004A7C0,2,gcc_2_8_1_g0_split,gcc_2_8_1_g0_split,nonmatch,byte +0x10: 0a!=1c; word +0x10: 0a80023c!=1c00bfaf; relocations differ
0x8004A7C0,3,gcc_2_8_1_g0_split,gcc_2_8_1_g0_split,matched,exact linked bytes and relocations
0x8004A854,1,gcc_2_8_1_g0,gcc_2_8_1_g0,nonmatch,byte +0x0: ff!=21; word +0x0: ffff0924!=21380000; relocations differ
0x8004A854,2,gcc_2_8_1_g0,gcc_2_8_1_g0,nonmatch,byte +0xc: ff!=21; word +0xc: ffff0834!=21402001
0x8004A854,3,gcc_2_8_1_g0,gcc_2_8_1_g0,nonmatch,byte +0xc: ff!=21; word +0xc: ffff0834!=21402001
0x8004A854,4,gcc_2_8_1_g0,gcc_2_8_1_g0,nonmatch,byte +0x4: 0a!=21; word +0x4: 0a80033c!=21280000; relocations differ
0x8004A854,5,gcc_2_8_1_g0,gcc_2_8_1_g0,matched,exact linked bytes and relocations
0x8004B854,1,gcc_2_8_1_g0,gcc_2_8_1_g0,nonmatch,byte +0x40: 00!=05; word +0x40: 00100624!=0580073c; relocations differ
0x8004B854,2,gcc_2_8_1_g0_split,gcc_2_8_1_g0_split,nonmatch,byte +0x0: 0a!=e8; word +0x0: 0a80033c!=e8ffbd27; relocations differ
0x8004B854,3,gcc_2_8_1_g0,gcc_2_8_1_g0,nonmatch,byte +0x35: f2!=10; word +0x34: 00f2043c!=00100624; relocations differ
0x8004B854,4,gcc_2_8_1_g0,gcc_2_8_1_g0,nonmatch,byte +0x18: 24!=25; word +0x18: 24004014!=25004014; relocations differ
0x8004B854,5,gcc_2_8_1_g0,gcc_2_8_1_g0,nonmatch,byte +0x18: 24!=25; word +0x18: 24004014!=25004014; relocations differ
0x8004B854,6,gcc_2_8_1_g0,gcc_2_8_1_g0,deferred,byte +0x18: 24!=25; word +0x18: 24004014!=25004014; relocations differ
0x8004B9E0,1,gcc_2_8_1_g0,gcc_2_8_1_g0,matched,exact linked bytes and relocations
0x80059134,1,gcc_2_8_1_g0,gcc_2_8_1_g0,nonmatch,byte +0x1: 18!=10; word +0x0: c0180400!=c0100400
0x80059134,2,gcc_2_8_1_g0,gcc_2_8_1_g0,nonmatch,byte +0x1d: 18!=10; word +0x1c: 21186200!=21106200
0x80059134,3,gcc_2_8_1_g0,gcc_2_8_1_g0,nonmatch,byte +0x20: b8!=21; word +0x20: b80b0224!=21106000
0x80059134,4,gcc_2_8_1_g0,gcc_2_8_1_g0,nonmatch,byte +0x20: b8!=21; word +0x20: b80b0224!=21106000
0x80059134,5,gcc_2_8_1_g0,gcc_2_8_1_g0,nonmatch,byte +0x58: 7c!=7e; word +0x58: 7c0d64a0!=7e0d64a0
0x80059134,6,gcc_2_8_1_g0,gcc_2_8_1_g0,matched,exact linked bytes and relocations
0x80059700,1,gcc_2_8_1_g0,gcc_2_8_1_g0,nonmatch,byte +0x8: 0f!=c0; word +0x8: 0f80033c!=c0100400; relocations differ
0x80059700,2,gcc_2_8_1_g0,gcc_2_8_1_g0,nonmatch,byte +0xa: 03!=07; word +0x8: 0f80033c!=0f80073c; relocations differ
0x80059700,3,gcc_2_8_1_g0,gcc_2_8_1_g0,nonmatch,byte +0x24: 05!=21; word +0x24: 0500a01c!=21184300; relocations differ
0x80059700,4,gcc_2_8_1_g0_split,gcc_2_8_1_g0_split,nonmatch,byte +0x8: 0f!=c0; word +0x8: 0f80033c!=c0100400; relocations differ
0x80059700,5,gcc_2_8_1_g0_split,gcc_2_8_1_g0_split,nonmatch,byte +0xa: 03!=07; word +0x8: 0f80033c!=0f80073c; relocations differ
0x80059700,6,gcc_2_8_1_g0_split,gcc_2_8_1_g0_split,deferred,byte +0x24: 05!=21; word +0x24: 0500a01c!=21184300; relocations differ
0x800597C8,1,gcc_2_8_1_g0,gcc_2_8_1_g0,nonmatch,byte +0x4: 1c!=20; word +0x4: 1c00b3af!=2000b4af; relocations differ
0x800597C8,2,gcc_2_8_1_g0,gcc_2_8_1_g0,nonmatch,byte +0x4: 1c!=14; word +0x4: 1c00b3af!=1400b1af; relocations differ
0x800597C8,3,gcc_2_8_1_g0,gcc_2_8_1_g0,nonmatch,byte +0x0: d8!=d0; word +0x0: d8ffbd27!=d0ffbd27; relocations differ
0x800597C8,4,gcc_2_8_1_g0_split,gcc_2_8_1_g0_split,nonmatch,byte +0x4: 1c!=20; word +0x4: 1c00b3af!=2000b4af; relocations differ
0x800597C8,5,gcc_2_8_1_g0_split,gcc_2_8_1_g0_split,nonmatch,byte +0x4: 1c!=14; word +0x4: 1c00b3af!=1400b1af; relocations differ
0x800597C8,6,gcc_2_8_1_g0_split,gcc_2_8_1_g0_split,deferred,byte +0x0: d8!=d0; word +0x0: d8ffbd27!=d0ffbd27; relocations differ
0x80059AF8,1,gcc_2_8_1_g0,gcc_2_8_1_g0,nonmatch,byte +0x8: 7f!=ff; word +0x8: 7f00a530!=ffff0835; relocations differ
0x80059AF8,2,gcc_2_8_1_g0,gcc_2_8_1_g0,nonmatch,tool error: /home/superconta/data/share/yugioh/tools/toolchains/gcc-2.8.1-psx/bin/mips-sony-psx-gcc failed (1):
0x80059AF8,3,gcc_2_8_1_g0,gcc_2_8_1_g0,nonmatch,byte +0x0: e0!=d8; word +0x0: e0ffbd27!=d8ffbd27; relocations differ
0x80059AF8,4,gcc_2_8_1_g0_split,gcc_2_8_1_g0_split,nonmatch,byte +0x0: e0!=d8; word +0x0: e0ffbd27!=d8ffbd27; relocations differ
0x80059AF8,5,gcc_2_8_1_g0_split,gcc_2_8_1_g0_split,nonmatch,byte +0x8: 7f!=ff; word +0x8: 7f00a530!=ffff0835; relocations differ
0x80059AF8,6,gcc_2_8_1_g0_split,gcc_2_8_1_g0_split,deferred,byte +0x0: e0!=d8; word +0x0: e0ffbd27!=d8ffbd27; relocations differ
0x80059B90,1,gcc_2_8_1_g0,gcc_2_8_1_g0,nonmatch,byte +0x60: 00!=84; word +0x60: 00000000!=8400a397
0x80059B90,2,gcc_2_8_1_g0,gcc_2_8_1_g0,nonmatch,byte +0x60: 00!=84; word +0x60: 00000000!=8400a397
0x80059B90,3,gcc_2_8_1_g0,gcc_2_8_1_g0,nonmatch,byte +0x60: 00!=84; word +0x60: 00000000!=8400a397
0x80059B90,4,gcc_2_8_1_g0_split,gcc_2_8_1_g0_split,nonmatch,byte +0x60: 00!=84; word +0x60: 00000000!=8400a397
0x80059B90,5,gcc_2_8_1_g0_split,gcc_2_8_1_g0_split,matched,exact linked bytes and relocations
0x80059F18,1,gcc_2_8_1_g0,gcc_2_8_1_g0,matched,exact linked bytes and relocations
0x8005A3D0,1,gcc_2_8_1_g0,gcc_2_8_1_g0,nonmatch,byte +0x2: 83!=86; word +0x0: 170e8390!=170e8690
0x8005A3D0,2,gcc_2_8_1_g0,gcc_2_8_1_g0,nonmatch,byte +0x2: 83!=82; word +0x0: 170e8390!=170e8290
0x8005A3D0,3,gcc_2_8_1_g0,gcc_2_8_1_g0,nonmatch,tool error: /home/superconta/data/share/yugioh/tools/toolchains/gcc-2.8.1-psx/bin/mips-sony-psx-gcc failed (1):
0x8005A3D0,4,gcc_2_8_1_g0_split,gcc_2_8_1_g0_split,nonmatch,byte +0x2: 83!=82; word +0x0: 170e8390!=170e8290
0x8005A3D0,5,gcc_2_8_1_g0_split,gcc_2_8_1_g0_split,nonmatch,byte +0x2: 83!=86; word +0x0: 170e8390!=170e8690
0x8005A3D0,6,gcc_2_8_1_g0_split,gcc_2_8_1_g0_split,deferred,tool error: /home/superconta/data/share/yugioh/tools/toolchains/gcc-2.8.1-psx/bin/mips-sony-psx-gcc failed (1):
0x8005A618,1,gcc_2_8_1_g0,gcc_2_8_1_g0,nonmatch,byte +0x29: 20!=10; word +0x28: 21206200!=21104300; relocations differ
0x8005A618,2,gcc_2_8_1_g0,gcc_2_8_1_g0,nonmatch,byte +0xc: c0!=0f; word +0xc: c0101000!=0f80033c; relocations differ
0x8005A618,3,gcc_2_8_1_g0,gcc_2_8_1_g0,nonmatch,tool error: /home/superconta/data/share/yugioh/tools/toolchains/gcc-2.8.1-psx/bin/mips-sony-psx-gcc failed (1):
0x8005A618,4,gcc_2_8_1_g0,gcc_2_8_1_g0,nonmatch,byte +0x29: 20!=10; word +0x28: 21206200!=21104300; relocations differ
0x8005A618,5,gcc_2_8_1_g0_split,gcc_2_8_1_g0_split,nonmatch,byte +0x29: 20!=10; word +0x28: 21206200!=21104300; relocations differ
0x8005A618,6,gcc_2_8_1_g0_split,gcc_2_8_1_g0_split,deferred,byte +0x29: 20!=10; word +0x28: 21206200!=21104300; relocations differ
0x8005C464,1,gcc_2_8_1_g0,gcc_2_8_1_g0,nonmatch,byte +0x1c: 0f!=18; word +0x1c: 0f80023c!=1800b0af; relocations differ
0x8005C464,2,gcc_2_8_1_g0,gcc_2_8_1_g0,nonmatch,byte +0xc: 24!=18; word +0xc: 2400b3af!=1800b0af; relocations differ
0x8005C464,3,gcc_2_8_1_g0,gcc_2_8_1_g0,nonmatch,byte +0xc: 24!=18; word +0xc: 2400b3af!=1800b0af; relocations differ
0x8005C464,4,gcc_2_8_1_g0,gcc_2_8_1_g0,nonmatch,byte +0xc: 24!=18; word +0xc: 2400b3af!=1800b0af; relocations differ
0x8005C464,5,gcc_2_8_1_g0,gcc_2_8_1_g0,nonmatch,byte +0x1c: 0f!=18; word +0x1c: 0f80023c!=1800b0af; relocations differ
0x8005C464,6,gcc_2_8_1_g0_split,gcc_2_8_1_g0_split,deferred,byte +0xc: 24!=18; word +0xc: 2400b3af!=1800b0af; relocations differ
0x8005F1B8,1,gcc_2_8_1_g0,gcc_2_8_1_g0,nonmatch,byte +0x10: 27!=11; word +0x10: 27004010!=11004010; relocations differ
0x8005F1B8,2,gcc_2_8_1_g0,gcc_2_8_1_g0,nonmatch,byte +0x10: 27!=11; word +0x10: 27004010!=11004010; relocations differ
0x8005F1B8,3,gcc_2_8_1_g0,gcc_2_8_1_g0,nonmatch,byte +0x10: 27!=11; word +0x10: 27004010!=11004010; relocations differ
0x8005F1B8,4,gcc_2_8_1_g0,gcc_2_8_1_g0,nonmatch,byte +0x50: 17!=18; word +0x50: 17006010!=18006010
0x8005F1B8,5,gcc_2_8_1_g0,gcc_2_8_1_g0,nonmatch,byte +0x54: 21!=00; word +0x54: 21100002!=00000000
0x8005F1B8,6,gcc_2_8_1_g0,gcc_2_8_1_g0,deferred,byte +0x50: 17!=18; word +0x50: 17006010!=18006010
0x8005F714,1,gcc_2_8_1_g8,gcc_2_8_1_g8,matched,exact linked bytes and relocations
0x8005FB30,1,gcc_2_8_1_g8,gcc_2_8_1_g8,nonmatch,byte +0x28: 13!=12; word +0x28: 13006012!=12006012; relocations differ
0x8005FB30,2,gcc_2_8_1_g8,gcc_2_8_1_g8,nonmatch,byte +0x4: 1c!=18; word +0x4: 1c00b3af!=1800b2af; relocations differ
0x8005FB30,3,gcc_2_8_1_g8,gcc_2_8_1_g8,nonmatch,byte +0x28: 13!=16; word +0x28: 13006012!=16006012; relocations differ
0x8005FB30,4,gcc_2_8_1_g8,gcc_2_8_1_g8,matched,exact linked bytes and relocations
0x80070650,1,gcc_2_8_1_g0,gcc_2_8_1_g0,nonmatch,byte +0x0: d8!=e0; word +0x0: d8ffbd27!=e0ffbd27; relocations differ
0x80070650,2,gcc_2_8_1_g0,gcc_2_8_1_g0,nonmatch,byte +0x4: 0f!=14; word +0x4: 0f80023c!=1400b1af; relocations differ
0x80070650,3,gcc_2_8_1_g0,gcc_2_8_1_g0,nonmatch,byte +0x0: d8!=d0; word +0x0: d8ffbd27!=d0ffbd27; relocations differ
0x80070650,4,gcc_2_8_1_g0_split,gcc_2_8_1_g0_split,nonmatch,byte +0x49: 80!=10; word +0x48: 80800200!=80100200; relocations differ
0x80070650,5,gcc_2_8_1_g0_split,gcc_2_8_1_g0_split,nonmatch,byte +0x0: d8!=d0; word +0x0: d8ffbd27!=d0ffbd27; relocations differ
0x80070650,6,gcc_2_8_1_g0_split,gcc_2_8_1_g0_split,deferred,byte +0x0: d8!=d0; word +0x0: d8ffbd27!=d0ffbd27; relocations differ
0x80070738,1,gcc_2_8_1_g0,gcc_2_8_1_g0,nonmatch,byte +0x19: 80!=00; word +0x18: 0180023c!=01000224; relocations differ
0x80070738,2,gcc_2_8_1_g0,gcc_2_8_1_g0,nonmatch,byte +0x10: 1a!=19; word +0x10: 1a004010!=19004010; relocations differ
0x80070738,3,gcc_2_8_1_g0_split,gcc_2_8_1_g0_split,nonmatch,byte +0x18: 01!=07; word +0x18: 0180023c!=0780023c; relocations differ
0x80070738,4,gcc_2_8_1_g0_split,gcc_2_8_1_g0_split,nonmatch,byte +0x10: 1a!=17; word +0x10: 1a004010!=17004010; relocations differ
0x80070738,5,gcc_2_8_1_g0_split,gcc_2_8_1_g0_split,nonmatch,byte +0x19: 80!=00; word +0x18: 0180023c!=01000224; relocations differ
0x80070738,6,gcc_2_8_1_g0,gcc_2_8_1_g0,deferred,byte +0x10: 1a!=17; word +0x10: 1a004010!=17004010; relocations differ
0x800707C4,1,gcc_2_8_1_g0,gcc_2_8_1_g0,nonmatch,byte +0x10: 22!=23; word +0x10: 22004010!=23004010; relocations differ
0x800707C4,2,gcc_2_8_1_g0,gcc_2_8_1_g0,nonmatch,byte +0x10: 22!=21; word +0x10: 22004010!=21004010; relocations differ
0x800707C4,3,gcc_2_8_1_g0_split,gcc_2_8_1_g0_split,nonmatch,byte +0x18: 01!=07; word +0x18: 0180023c!=0780023c; relocations differ
0x800707C4,4,gcc_2_8_1_g0_split,gcc_2_8_1_g0_split,nonmatch,byte +0x10: 22!=23; word +0x10: 22004010!=23004010; relocations differ
0x800707C4,5,gcc_2_8_1_g0_split,gcc_2_8_1_g0_split,nonmatch,byte +0x10: 22!=24; word +0x10: 22004010!=24004010; relocations differ
0x800707C4,6,gcc_2_8_1_g0,gcc_2_8_1_g0,deferred,byte +0x10: 22!=23; word +0x10: 22004010!=23004010; relocations differ
0x800709C0,1,gcc_2_8_1_g0,gcc_2_8_1_g0,nonmatch,byte +0x24: 0f!=80; word +0x24: 0f80033c!=80881100; relocations differ
0x800709C0,2,gcc_2_8_1_g0,gcc_2_8_1_g0,matched,exact linked bytes and relocations
0x80070A40,1,gcc_2_8_1_g0,gcc_2_8_1_g0,nonmatch,byte +0x24: 0f!=80; word +0x24: 0f80033c!=80881100; relocations differ
0x80070A40,2,gcc_2_8_1_g0,gcc_2_8_1_g0,matched,exact linked bytes and relocations
0x80070B3C,1,gcc_2_8_1_g0,gcc_2_8_1_g0,nonmatch,byte +0x24: 0f!=80; word +0x24: 0f80033c!=80881100; relocations differ
0x80070B3C,2,gcc_2_8_1_g0,gcc_2_8_1_g0,matched,exact linked bytes and relocations
0x80070BB8,1,gcc_2_8_1_g0,gcc_2_8_1_g0,nonmatch,byte +0x30: 0f!=80; word +0x30: 0f80033c!=80801000; relocations differ
0x80070BB8,2,gcc_2_8_1_g0,gcc_2_8_1_g0,nonmatch,byte +0x32: 03!=05; word +0x30: 0f80033c!=0f80053c; relocations differ
0x80070BB8,3,gcc_2_8_1_g0,gcc_2_8_1_g0,nonmatch,byte +0x58: 0d!=0e; word +0x58: 0d006014!=0e006014; relocations differ
0x80070BB8,4,gcc_2_8_1_g0,gcc_2_8_1_g0,nonmatch,byte +0x58: 0d!=0e; word +0x58: 0d006014!=0e006014; relocations differ
0x80070BB8,5,gcc_2_8_1_g0,gcc_2_8_1_g0,nonmatch,byte +0x58: 0d!=0e; word +0x58: 0d006014!=0e006014; relocations differ
0x80070BB8,6,gcc_2_8_1_g0,gcc_2_8_1_g0,deferred,byte +0x58: 0d!=0e; word +0x58: 0d006014!=0e006014; relocations differ
0x80070C60,1,gcc_2_8_1_g0,gcc_2_8_1_g0,nonmatch,byte +0x4: 10!=18; word +0x4: 1000b0af!=1800bfaf; relocations differ
0x80070C60,2,gcc_2_8_1_g0,gcc_2_8_1_g0,nonmatch,byte +0x4: 10!=18; word +0x4: 1000b0af!=1800bfaf; relocations differ
0x80070C60,3,gcc_2_8_1_g0,gcc_2_8_1_g0,nonmatch,tool error: /home/superconta/data/share/yugioh/tools/toolchains/gcc-2.8.1-psx/bin/mips-sony-psx-gcc failed (1):
0x80070C60,4,gcc_2_8_1_g0,gcc_2_8_1_g0,nonmatch,byte +0x70: 06!=07; word +0x70: 06004010!=07004010; relocations differ
0x80070C60,5,gcc_2_8_1_g0,gcc_2_8_1_g0,nonmatch,byte +0x70: 06!=07; word +0x70: 06004010!=07004010; relocations differ
0x80070C60,6,gcc_2_8_1_g0_split,gcc_2_8_1_g0_split,matched,exact linked bytes and relocations
0x80070D00,1,gcc_2_8_1_g0,gcc_2_8_1_g0,nonmatch,byte +0x12: 03!=04; word +0x10: 0f80033c!=0f80043c; relocations differ
0x80070D00,2,gcc_2_8_1_g0,gcc_2_8_1_g0,nonmatch,byte +0x12: 03!=04; word +0x10: 0f80033c!=0f80043c; relocations differ
0x80070D00,3,gcc_2_8_1_g0_split,gcc_2_8_1_g0_split,nonmatch,byte +0x3a: 44!=82; word +0x38: 21104400!=21108200
0x80070D00,4,gcc_2_8_1_g0_split,gcc_2_8_1_g0_split,matched,exact linked bytes and relocations
0x80070E20,1,gcc_2_8_1_g0,gcc_2_8_1_g0,nonmatch,byte +0x64: 0f!=1c; word +0x64: 0f80023c!=1c00bf8f; relocations differ
0x80070E20,2,gcc_2_8_1_g0,gcc_2_8_1_g0,nonmatch,byte +0x64: 0f!=1c; word +0x64: 0f80023c!=1c00bf8f; relocations differ
0x80070E20,3,gcc_2_8_1_g0,gcc_2_8_1_g0,matched,exact linked bytes and relocations
0x80071194,1,gcc_2_8_1_g0,gcc_2_8_1_g0,nonmatch,byte +0x4: 10!=18; word +0x4: 1000b0af!=1800bfaf; relocations differ
0x80071194,2,gcc_2_8_1_g0,gcc_2_8_1_g0,nonmatch,byte +0x4: 10!=18; word +0x4: 1000b0af!=1800bfaf; relocations differ
0x80071194,3,gcc_2_8_1_g0,gcc_2_8_1_g0,nonmatch,tool error: /home/superconta/data/share/yugioh/tools/toolchains/gcc-2.8.1-psx/bin/mips-sony-psx-gcc failed (1):
0x80071194,4,gcc_2_8_1_g0,gcc_2_8_1_g0,nonmatch,byte +0x30: 1d!=21; word +0x30: 1d80043c!=21200000; relocations differ
0x80071194,5,gcc_2_8_1_g0_split,gcc_2_8_1_g0_split,matched,exact linked bytes and relocations
0x80071320,1,gcc_2_8_1_g0,gcc_2_8_1_g0,nonmatch,byte +0x4: 10!=14; word +0x4: 1000b0af!=1400bfaf; relocations differ
0x80071320,2,gcc_2_8_1_g0,gcc_2_8_1_g0,nonmatch,byte +0x0: e8!=e0; word +0x0: e8ffbd27!=e0ffbd27; relocations differ
0x80071320,3,gcc_2_8_1_g0,gcc_2_8_1_g0,nonmatch,tool error: /home/superconta/data/share/yugioh/tools/toolchains/gcc-2.8.1-psx/bin/mips-sony-psx-gcc failed (1):
0x80071320,4,gcc_2_8_1_g0,gcc_2_8_1_g0,nonmatch,byte +0x6: b0!=bf; word +0x4: 1000b0af!=1000bfaf; relocations differ
0x80071320,5,gcc_2_8_1_g0_split,gcc_2_8_1_g0_split,nonmatch,byte +0x6: b0!=bf; word +0x4: 1000b0af!=1000bfaf; relocations differ
0x80071320,6,gcc_2_8_1_g0_split,gcc_2_8_1_g0_split,deferred,byte +0x6b: 10!=14; word +0x68: 02004010!=02004014
0x800715C4,1,gcc_2_8_1_g0,gcc_2_8_1_g0,nonmatch,byte +0x11: 28!=18; word +0x10: 21280000!=21180000; relocations differ
0x800715C4,2,gcc_2_8_1_g0,gcc_2_8_1_g0,nonmatch,byte +0x11: 28!=20; word +0x10: 21280000!=21200000; relocations differ
0x800715C4,3,gcc_2_8_1_g0,gcc_2_8_1_g0,nonmatch,byte +0x16: 03!=07; word +0x14: 0f80033c!=0f80073c; relocations differ
0x800715C4,4,gcc_2_8_1_g0_split,gcc_2_8_1_g0_split,matched,exact linked bytes and relocations
0x800725C4,1,gcc_2_8_1_g0,gcc_2_8_1_g0,nonmatch,byte +0x4: 0f!=18; word +0x4: 0f80023c!=1800bfaf; relocations differ
0x800725C4,2,gcc_2_8_1_g0,gcc_2_8_1_g0,nonmatch,byte +0x4: 0f!=1c; word +0x4: 0f80023c!=1c00bfaf; relocations differ
0x800725C4,3,gcc_2_8_1_g0,gcc_2_8_1_g0,nonmatch,tool error: /home/superconta/data/share/yugioh/tools/toolchains/gcc-2.8.1-psx/bin/mips-sony-psx-gcc failed (1):
0x800725C4,4,gcc_2_8_1_g0,gcc_2_8_1_g0,nonmatch,byte +0x4: 0f!=18; word +0x4: 0f80023c!=1800b2af; relocations differ
0x800725C4,5,gcc_2_8_1_g0_split,gcc_2_8_1_g0_split,nonmatch,byte +0x4: 0f!=18; word +0x4: 0f80023c!=1800b2af; relocations differ
0x800725C4,6,gcc_2_8_1_g0,gcc_2_8_1_g0,deferred,tool error: /home/superconta/data/share/yugioh/tools/toolchains/gcc-2.8.1-psx/bin/mips-sony-psx-gcc failed (1):
0x80072640,1,gcc_2_8_1_g0,gcc_2_8_1_g0,nonmatch,byte +0x11: 30!=28; word +0x10: 21300000!=21280000; relocations differ
0x80072640,2,gcc_2_8_1_g0,gcc_2_8_1_g0,nonmatch,byte +0x11: 30!=28; word +0x10: 21300000!=21280000; relocations differ
0x80072640,3,gcc_2_8_1_g0,gcc_2_8_1_g0,nonmatch,byte +0x16: 03!=09; word +0x14: 0f80033c!=0f80093c; relocations differ
0x80072640,4,gcc_2_8_1_g0_split,gcc_2_8_1_g0_split,matched,exact linked bytes and relocations
0x80072F8C,1,gcc_2_8_1_g0,gcc_2_8_1_g0,nonmatch,byte +0x4: 10!=20; word +0x4: 1000b0af!=2000bfaf; relocations differ
0x80072F8C,2,gcc_2_8_1_g0,gcc_2_8_1_g0,nonmatch,byte +0x4: 10!=24; word +0x4: 1000b0af!=2400bfaf; relocations differ
0x80072F8C,3,gcc_2_8_1_g0,gcc_2_8_1_g0,nonmatch,byte +0x80: 0f!=00; word +0x80: 0f80033c!=0000438c; relocations differ
0x80072F8C,4,gcc_2_8_1_g0,gcc_2_8_1_g0,nonmatch,byte +0x80: 0f!=00; word +0x80: 0f80033c!=0000438c; relocations differ
0x80072F8C,5,gcc_2_8_1_g0,gcc_2_8_1_g0,nonmatch,byte +0x78: 80!=21; word +0x78: 80100200!=21184000; relocations differ
0x80072F8C,6,gcc_2_8_1_g0,gcc_2_8_1_g0,deferred,byte +0x0: d8!=e8; word +0x0: d8ffbd27!=e8ffbd27; relocations differ
0x80073220,1,gcc_2_8_1_g0,gcc_2_8_1_g0,nonmatch,byte +0x6: 04!=03; word +0x4: 05000424!=05000324; relocations differ
0x80073220,2,gcc_2_8_1_g0,gcc_2_8_1_g0,nonmatch,byte +0xc: 88!=8d; word +0xc: 88ae4224!=8dae4224; relocations differ
0x80073220,3,gcc_2_8_1_g0,gcc_2_8_1_g0,nonmatch,byte +0x24: 21!=0f; word +0x24: 21200000!=0f80033c; relocations differ
0x80073220,4,gcc_2_8_1_g0_split,gcc_2_8_1_g0_split,nonmatch,byte +0x24: 21!=0f; word +0x24: 21200000!=0f80023c; relocations differ
0x80073220,5,gcc_2_8_1_g0_split,gcc_2_8_1_g0_split,nonmatch,byte +0x24: 21!=0f; word +0x24: 21200000!=0f80023c; relocations differ
0x80073220,6,gcc_2_8_1_g0_split,gcc_2_8_1_g0_split,deferred,byte +0x24: 21!=0f; word +0x24: 21200000!=0f80023c; relocations differ
0x800734DC,1,gcc_2_8_1_g0,gcc_2_8_1_g0,nonmatch,byte +0x4: 0f!=18; word +0x4: 0f80023c!=1800bfaf; relocations differ
0x800734DC,2,gcc_2_8_1_g0,gcc_2_8_1_g0,nonmatch,byte +0x4: 0f!=1c; word +0x4: 0f80023c!=1c00bfaf; relocations differ
0x800734DC,3,gcc_2_8_1_g0,gcc_2_8_1_g0,nonmatch,tool error: /home/superconta/data/share/yugioh/tools/toolchains/gcc-2.8.1-psx/bin/mips-sony-psx-gcc failed (1):
0x800734DC,4,gcc_2_8_1_g0,gcc_2_8_1_g0,nonmatch,byte +0x4: 0f!=18; word +0x4: 0f80023c!=1800b2af; relocations differ
0x800734DC,5,gcc_2_8_1_g0_split,gcc_2_8_1_g0_split,nonmatch,byte +0x4: 0f!=18; word +0x4: 0f80023c!=1800b2af; relocations differ
0x800734DC,6,gcc_2_8_1_g0,gcc_2_8_1_g0,deferred,tool error: /home/superconta/data/share/yugioh/tools/toolchains/gcc-2.8.1-psx/bin/mips-sony-psx-gcc failed (1):
0x800135FC,1,gcc_2_8_1_g8_split,gcc_2_8_1_g8_split,nonmatch,byte +0x8: 18!=1c; word +0x8: 1800b2af!=1c00b3af; relocations differ
0x800135FC,2,gcc_2_8_1_g8_split,gcc_2_8_1_g8_split,nonmatch,byte +0x8: 18!=14; word +0x8: 1800b2af!=1400b1af; relocations differ
0x800135FC,3,gcc_2_8_1_g8_split,gcc_2_8_1_g8_split,nonmatch,byte +0x35: 10!=80; word +0x34: 12100000!=12800000; relocations differ
0x800135FC,4,gcc_2_8_1_g8_split,gcc_2_8_1_g8_split,nonmatch,byte +0x2d: 88!=80; word +0x2c: 23880200!=23800200
0x800135FC,5,gcc_2_8_1_g8_split,gcc_2_8_1_g8_split,nonmatch,byte +0x8: 18!=14; word +0x8: 1800b2af!=1400b1af; relocations differ
0x800135FC,6,gcc_2_8_1_g8_split,gcc_2_8_1_g8_split,deferred,byte +0x2d: 88!=80; word +0x2c: 23880200!=23800200
0x800143DC,1,gcc_2_8_1_g8,gcc_2_8_1_g8,nonmatch,byte +0x2: 02!=03; word +0x0: 0f80023c!=0f80033c; relocations differ
0x800143DC,2,gcc_2_8_1_g8,gcc_2_8_1_g8,nonmatch,byte +0x2: 02!=03; word +0x0: 0f80023c!=0f80033c; relocations differ
0x800143DC,3,gcc_2_8_1_g8,gcc_2_8_1_g8,nonmatch,byte +0x2: 02!=03; word +0x0: 0f80023c!=0f80033c; relocations differ
0x800143DC,4,gcc_2_8_1_g8_split,gcc_2_8_1_g8_split,nonmatch,byte +0x52: 03!=02; word +0x50: 1d80033c!=1d80023c; relocations differ
0x800143DC,5,gcc_2_8_1_g8_split,gcc_2_8_1_g8_split,nonmatch,byte +0x22: 48!=49; word +0x20: 0c00488c!=0c00498c
0x800143DC,6,gcc_2_8_1_g8_split,gcc_2_8_1_g8_split,deferred,byte +0x22: 48!=49; word +0x20: 0c00488c!=0c00498c
0x80015DFC,1,gcc_2_8_1_g8_split,gcc_2_8_1_g8_split,nonmatch,byte +0x67: 97!=8f; word +0x64: 1000a297!=1000a28f; relocations differ
0x80015DFC,2,gcc_2_8_1_g8_split,gcc_2_8_1_g8_split,nonmatch,byte +0x76: a4!=a2; word +0x74: 1200a487!=1200a297; relocations differ
0x80015DFC,3,gcc_2_8_1_g8_split,gcc_2_8_1_g8_split,nonmatch,byte +0x76: a4!=a2; word +0x74: 1200a487!=1200a297; relocations differ
0x80015DFC,4,gcc_2_8_1_g8_split,gcc_2_8_1_g8_split,nonmatch,byte +0x64: 10!=12; word +0x64: 1000a297!=1200a487; relocations differ
0x80015DFC,5,gcc_2_8_1_g8_split,gcc_2_8_1_g8_split,nonmatch,byte +0x9a: 82!=84; word +0x98: e3ff8224!=e3ff8424
0x80015DFC,6,gcc_2_8_1_g8_split,gcc_2_8_1_g8_split,deferred,byte +0x9a: 82!=84; word +0x98: e3ff8224!=e3ff8424
0x800177C4,1,gcc_2_8_1_g8_split,gcc_2_8_1_g8_split,nonmatch,"/home/superconta/data/share/yugioh/tools/toolchains/binutils-2.42/bin/mipsel-none-elf-as failed (1): /home/superconta/data/share/yugioh/tmp/agents/wave5-early/build/800177C4/v1/maspsx.s: Assembler messages: /home/superconta/data/share/yugioh/tmp/agents/wave5-early/build/800177C4/v1/maspsx.s:53: Error: found '(', expected: ')' /home/superconta/data/share/yugioh/tmp/agents/wave5-early/build/800177C4/v1/maspsx.s:53: Error: invalid operands `swc2 $14,0(16($sp))' "
0x800177C4,2,gcc_2_8_1_g8_split,gcc_2_8_1_g8_split,nonmatch,byte +0x30: 80!=0f; word +0x30: 801f083c!=0f80023c; relocations differ
0x800177C4,3,gcc_2_8_1_g8_split,gcc_2_8_1_g8_split,nonmatch,byte +0x38: 21!=00; word +0x38: 21300000!=0000e294; relocations differ
0x800177C4,4,gcc_2_8_1_g8_split,gcc_2_8_1_g8_split,nonmatch,byte +0x3c: 10!=0f; word +0x3c: 1000a927!=0f80053c; relocations differ
0x800177C4,5,gcc_2_8_1_g8_split,gcc_2_8_1_g8_split,nonmatch,byte +0x42: 02!=05; word +0x40: 0f80023c!=0f80053c
0x800177C4,6,gcc_2_8_1_g8_split,gcc_2_8_1_g8_split,deferred,byte +0x93: 87!=97; word +0x90: 1200a487!=1200a497
0x800234E4,1,gcc_2_8_1_g8,gcc_2_8_1_g8,nonmatch,byte +0x21: 80!=88; word +0x20: 80800200!=80880200; relocations differ
0x800234E4,2,gcc_2_8_1_g8,gcc_2_8_1_g8,nonmatch,byte +0x70: 09!=cd; word +0x70: 0980033c!=cd028393; relocations differ
0x800234E4,3,gcc_2_8_1_g8_split,gcc_2_8_1_g8_split,nonmatch,byte +0x0: d8!=d0; word +0x0: d8ffbd27!=d0ffbd27; relocations differ
0x800234E4,4,gcc_2_8_1_g8,gcc_2_8_1_g8,nonmatch,byte +0x21: 80!=88; word +0x20: 80800200!=80880200; relocations differ
0x800234E4,5,gcc_2_8_1_g8,gcc_2_8_1_g8,nonmatch,byte +0x70: 09!=cd; word +0x70: 0980033c!=cd028393; relocations differ
0x800234E4,6,gcc_2_8_1_g8_split,gcc_2_8_1_g8_split,deferred,byte +0x7c: 80!=00; word +0x7c: 80801000!=00000000; relocations differ
0x80024734,1,gcc_2_8_1_g8_split,gcc_2_8_1_g8_split,nonmatch,byte +0x0: d8!=d0; word +0x0: d8ffbd27!=d0ffbd27; relocations differ
0x80024734,2,gcc_2_8_1_g8_split,gcc_2_8_1_g8_split,nonmatch,byte +0x14: 5c!=17; word +0x14: 5cff0526!=1780053c; relocations differ
0x80024734,3,gcc_2_8_1_g8_split,gcc_2_8_1_g8_split,nonmatch,byte +0x4: 18!=20; word +0x4: 1880023c!=2000b0af; relocations differ
0x80024734,4,gcc_2_8_1_g8_split,gcc_2_8_1_g8_split,nonmatch,byte +0x4: 18!=20; word +0x4: 1880023c!=2000b0af; relocations differ
0x80024734,5,gcc_2_8_1_g8_split,gcc_2_8_1_g8_split,nonmatch,byte +0x5c: 21!=02; word +0x5c: 21404000!=0200c624; relocations differ
0x80024734,6,gcc_2_8_1_g8_split,gcc_2_8_1_g8_split,deferred,byte +0x74: 01!=16; word +0x74: 0100033c!=1680023c; relocations differ
0x80024824,1,gcc_2_8_1_g8_split,gcc_2_8_1_g8_split,nonmatch,byte +0x0: d0!=c8; word +0x0: d0ffbd27!=c8ffbd27; relocations differ
0x80024824,2,gcc_2_8_1_g8_split,gcc_2_8_1_g8_split,nonmatch,byte +0x14: 18!=1c; word +0x14: 1800b2af!=1c00b3af; relocations differ
0x80024824,3,gcc_2_8_1_g8_split,gcc_2_8_1_g8_split,nonmatch,byte +0x0: d0!=c8; word +0x0: d0ffbd27!=c8ffbd27; relocations differ
0x80024824,4,gcc_2_8_1_g8_split,gcc_2_8_1_g8_split,nonmatch,byte +0x0: d0!=c8; word +0x0: d0ffbd27!=c8ffbd27; relocations differ
0x80024824,5,gcc_2_8_1_g8_split,gcc_2_8_1_g8_split,nonmatch,byte +0x4: 19!=20; word +0x4: 1980023c!=2000b4af; relocations differ
0x80024824,6,gcc_2_8_1_g8_split,gcc_2_8_1_g8_split,deferred,byte +0x0: d0!=c8; word +0x0: d0ffbd27!=c8ffbd27; relocations differ
0x8001306C,1,gcc_2_8_1_g8,gcc_2_8_1_g8,nonmatch,byte +0x0: e0!=e8; word +0x0: e0ffbd27!=e8ffbd27
0x8001306C,2,gcc_2_8_1_g8,gcc_2_8_1_g8,nonmatch,byte +0x19: 88!=80; word +0x18: 21880000!=21800000; relocations differ
0x8001306C,3,gcc_2_8_1_g8_split,gcc_2_8_1_g8_split,nonmatch,byte +0x1e: 02!=10; word +0x1c: 0f80023c!=0f80103c; relocations differ
0x8001306C,4,gcc_2_8_1_g8,gcc_2_8_1_g8,nonmatch,byte +0x1e: 02!=10; word +0x1c: 0f80023c!=0f80103c
0x8001306C,5,gcc_2_8_1_g8,gcc_2_8_1_g8,matched,exact linked bytes and relocations
0x8001EE44,1,gcc_2_8_1_g8_split,gcc_2_8_1_g8_split,nonmatch,byte +0xc: c3!=c1; word +0xc: c37b0008!=c17b0008; relocations differ
0x8001EE44,2,gcc_2_8_1_g8_split,gcc_2_8_1_g8_split,matched,exact linked bytes and relocations
0x80021480,1,gcc_2_8_1_g8,gcc_2_8_1_g8,nonmatch,byte +0x0: e0!=d8; word +0x0: e002828f!=d8ffbd27; relocations differ
0x80021480,2,gcc_2_8_1_g8,gcc_2_8_1_g8,nonmatch,byte +0x20: 10!=e0; word +0x20: 10000016!=e002828f; relocations differ
0x80021480,3,gcc_2_8_1_g8,gcc_2_8_1_g8,nonmatch,byte +0x20: 10!=e0; word +0x20: 10000016!=e002828f; relocations differ
0x80021480,4,gcc_2_8_1_g8,gcc_2_8_1_g8,nonmatch,byte +0xaf: 90!=80; word +0xac: 34004590!=34004580
0x80021480,5,gcc_2_8_1_g8,gcc_2_8_1_g8,matched,exact linked bytes and relocations
0x8002A2F4,1,gcc_2_8_1_g0,gcc_2_8_1_g0,nonmatch,byte +0xc: 1c!=24; word +0xc: 1c00b1af!=2400bfaf
0x8002A2F4,2,gcc_2_8_1_g0,gcc_2_8_1_g0,nonmatch,byte +0x20: 1d!=21; word +0x20: 1d80033c!=21804000
0x8002A2F4,3,gcc_2_8_1_g0,gcc_2_8_1_g0,nonmatch,byte +0x20: 1d!=0a; word +0x20: 1d80033c!=0a80013c
0x8002A2F4,4,gcc_2_8_1_g0,gcc_2_8_1_g0,nonmatch,byte +0x20: 1d!=0a; word +0x20: 1d80033c!=0a80013c
0x8002A2F4,5,gcc_2_8_1_g0,gcc_2_8_1_g0,nonmatch,byte +0x38: 09!=08; word +0x38: 09000012!=085662ac
0x8002A2F4,6,gcc_2_8_1_g0,gcc_2_8_1_g0,deferred,byte +0x20: 1d!=0a; word +0x20: 1d80033c!=0a80013c
0x8002A3CC,1,gcc_2_8_1_g0,gcc_2_8_1_g0,nonmatch,byte +0x4: 0f!=10; word +0x4: 0f80023c!=1000b0af
0x8002A3CC,2,gcc_2_8_1_g0_split,gcc_2_8_1_g0_split,nonmatch,byte +0x1c: 2b!=2a; word +0x1c: 2b004010!=2a004010
0x8002A3CC,3,gcc_2_8_1_g0_split,gcc_2_8_1_g0_split,nonmatch,byte +0x2c: 18!=0e; word +0x2c: 1800048e!=0e000496
0x8002A3CC,4,gcc_2_8_1_g0_split,gcc_2_8_1_g0_split,nonmatch,byte +0x1c: 2b!=29; word +0x1c: 2b004010!=29004010
0x8002A3CC,5,gcc_2_8_1_g0_split,gcc_2_8_1_g0_split,nonmatch,byte +0x1c: 2b!=2a; word +0x1c: 2b004010!=2a004010
0x8002A3CC,6,gcc_2_8_1_g0_split,gcc_2_8_1_g0_split,deferred,byte +0x1c: 2b!=2a; word +0x1c: 2b004010!=2a004010
0x8002A6B8,1,gcc_2_8_1_g8,gcc_2_8_1_g8,nonmatch,byte +0x2: 08!=06; word +0x0: 6666083c!=6666063c
0x8002A6B8,2,gcc_2_8_1_g8,gcc_2_8_1_g8,nonmatch,byte +0x21: 28!=18; word +0x20: 83280900!=83180900
0x8002A6B8,3,gcc_2_8_1_g8,gcc_2_8_1_g8,nonmatch,byte +0x18: c3!=50; word +0x18: c3170200!=50038393
0x8002A6B8,4,gcc_2_8_1_g8,gcc_2_8_1_g8,nonmatch,byte +0x29: 1e!=16; word +0x28: 001e0500!=00160500
0x8002A6B8,5,gcc_2_8_1_g8,gcc_2_8_1_g8,nonmatch,byte +0x2: 08!=06; word +0x0: 6666083c!=6666063c
0x8002A6B8,6,gcc_2_8_1_g8,gcc_2_8_1_g8,deferred,byte +0x31: 10!=38; word +0x30: 40100300!=40380300
0x800300C8,1,gcc_2_8_1_g8,gcc_2_8_1_g8,nonmatch,byte +0x2: 02!=08; word +0x0: 0f80023c!=0f80083c
0x800300C8,2,gcc_2_8_1_g8,gcc_2_8_1_g8,nonmatch,byte +0x2: 02!=07; word +0x0: 0f80023c!=0f80073c
0x800300C8,3,gcc_2_8_1_g8_split,gcc_2_8_1_g8_split,nonmatch,byte +0x2: 02!=07; word +0x0: 0f80023c!=0f80073c
0x800300C8,4,gcc_2_8_1_g8,gcc_2_8_1_g8,nonmatch,byte +0x0: 0f!=e9; word +0x0: 0f80023c!=e9038293
0x800300C8,5,gcc_2_8_1_g8,gcc_2_8_1_g8,nonmatch,byte +0x20: 0a!=0b; word +0x20: 0a004014!=0b004014
0x800300C8,6,gcc_2_8_1_g8,gcc_2_8_1_g8,deferred,byte +0x20: 0a!=0b; word +0x20: 0a004014!=0b004014
0x800320BC,1,gcc_2_8_1_g0,gcc_2_8_1_g0,nonmatch,byte +0xc: 21!=58; word +0xc: 21200000!=582d0826
0x800320BC,2,gcc_2_8_1_g0,gcc_2_8_1_g0,nonmatch,byte +0xd: 20!=18; word +0xc: 21200000!=2118a000
0x800320BC,3,gcc_2_8_1_g0,gcc_2_8_1_g0,nonmatch,byte +0x10: 1d!=80; word +0x10: 1d80033c!=80100500
0x800320BC,4,gcc_2_8_1_g0,gcc_2_8_1_g0,nonmatch,byte +0x18: ff!=14; word +0x18: ffffa224!=1400bfaf
0x800320BC,5,gcc_2_8_1_g0,gcc_2_8_1_g0,nonmatch,byte +0x18: ff!=14; word +0x18: ffffa224!=1400bfaf
0x800320BC,6,gcc_2_8_1_g0,gcc_2_8_1_g0,deferred,byte +0x1c: 80!=14; word +0x1c: 80100200!=1400bfaf
0x80028310,1,gcc_2_8_1_g8,gcc_2_8_1_g8,nonmatch,byte +0x48: 0f!=40; word +0x48: 0f80033c!=40038293
0x80028310,2,gcc_2_8_1_g8_split,gcc_2_8_1_g8_split,matched,exact linked bytes and relocations
0x8002DF2C,1,gcc_2_8_1_g0,gcc_2_8_1_g0,nonmatch,byte +0x4: 24!=03; word +0x4: 2400bfaf!=03110500
0x8002DF2C,2,gcc_2_8_1_g0,gcc_2_8_1_g0,nonmatch,byte +0x2c: 21!=03; word +0x2c: 21186200!=032a0500
0x8002DF2C,3,gcc_2_8_1_g0,gcc_2_8_1_g0,nonmatch,byte +0x34: 01!=04; word +0x34: 01000224!=0400a014
0x8002DF2C,4,gcc_2_8_1_g0,gcc_2_8_1_g0,nonmatch,byte +0x4: 24!=03; word +0x4: 2400bfaf!=03110500
0x8002DF2C,5,gcc_2_8_1_g0,gcc_2_8_1_g0,nonmatch,"{""actual"": [[80, ""R_MIPS_26"", "".text""], [100, ""R_MIPS_26"", "".text""], [108, ""R_MIPS_26"", "".text""], [120, ""R_MIPS_26"", "".text""], [136, ""R_MIPS_HI16"", ""func_8002DDFC""], [140, ""R_MIPS_LO16"", ""func_8002DDFC""], [176, ""R_MIPS_26"", ""func_80014EEC""], [200, ""R_MIPS_HI16"", ""D_8009B0F4""], [204, ""R_MIPS_LO16"", ""D_8009B0F4""]], ""expected"": [[80, ""R_MIPS_26"", "".text""], [100, ""R_MIPS_26"", "".text""], [108, ""R_MIPS_26"", "".text""], [120, ""R_MIPS_26"", "".text""], [136, ""R_MIPS_HI16"", ""D_8002DDFC""], [140, ""R_MIPS_LO16"", ""D_8002DDFC""], [176, ""R_MIPS_26"", ""func_80014EEC""], [200, ""R_MIPS_HI16"", ""D_8009B0F4""], [204, ""R_MIPS_LO16"", ""D_8009B0F4""]]}"
0x8002DF2C,6,gcc_2_8_1_g0,gcc_2_8_1_g0,matched,exact linked bytes and relocations
0x8002E060,1,gcc_2_8_1_g0,gcc_2_8_1_g0,matched,exact linked bytes and relocations
0x80030D5C,1,gcc_2_8_1_g8,gcc_2_8_1_g8,nonmatch,byte +0x2: 83!=85; word +0x0: e3038393!=e3038593
0x80030D5C,2,gcc_2_8_1_g8,gcc_2_8_1_g8,nonmatch,byte +0x61: 00!=02; word +0x60: 00000000!=0002033c
0x80030D5C,3,gcc_2_8_1_g8,gcc_2_8_1_g8,nonmatch,byte +0x5c: 09!=0a; word +0x5c: 09004010!=0a004010
0x80030D5C,4,gcc_2_8_1_g8,gcc_2_8_1_g8,nonmatch,byte +0x5c: 09!=0a; word +0x5c: 09004010!=0a004010
0x80030D5C,5,gcc_2_8_1_g8,gcc_2_8_1_g8,matched,exact linked bytes and relocations
0x800375A4,1,gcc_2_8_1_g8,gcc_2_8_1_g8,nonmatch,byte +0x38: 9b!=9c; word +0x38: 9bdd0008!=9cdd0008
0x800375A4,2,gcc_2_8_1_g8,gcc_2_8_1_g8,nonmatch,byte +0x38: 9b!=9c; word +0x38: 9bdd0008!=9cdd0008
0x800375A4,3,gcc_2_8_1_g8,gcc_2_8_1_g8,matched,exact linked bytes and relocations
0x80038148,1,gcc_2_8_1_g8,gcc_2_8_1_g8,nonmatch,/home/superconta/data/share/yugioh/tools/toolchains/gcc-2.8.1-psx/bin/mips-sony-psx-gcc failed (1): /home/superconta/data/share/yugioh/tmp/agents/wave5-3xx/candidates/func_80038148_v1.c: In function `func_80038148': /home/superconta/data/share/yugioh/tmp/agents/wave5-3xx/candidates/func_80038148_v1.c:1: parse error before `int' /home/superconta/data/share/yugioh/tmp/agents/wave5-3xx/candidates/func_80038148_v1.c:1: `carry' undeclared (first use in this function) /home/superconta/data/share/yugioh/tmp/agents/wave5-3xx/candidates/func_80038148_v1.c:1: (Each undeclared identifier is reported only once /home/superconta/data/share/yugioh/tmp/agents/wave5-3xx/candidates/func_80038148_v1.c:1: for each function it appears in.) /home/superconta/data/share/yugioh/tmp/agents/wave5-3xx/candidates/func_80038148_v1.c:1: `i' undeclared (first use in this function) 
0x80038148,2,gcc_2_8_1_g8,gcc_2_8_1_g8,nonmatch,byte +0x0: d8!=d0; word +0x0: d8ffbd27!=d0ffbd27
0x80038148,3,gcc_2_8_1_g8_split,gcc_2_8_1_g8_split,nonmatch,byte +0x0: d8!=d0; word +0x0: d8ffbd27!=d0ffbd27
0x80038148,4,gcc_2_8_1_g0,gcc_2_8_1_g0,nonmatch,byte +0x0: d8!=d0; word +0x0: d8ffbd27!=d0ffbd27
0x80038148,5,gcc_2_8_1_g0_split,gcc_2_8_1_g0_split,nonmatch,byte +0x0: d8!=d0; word +0x0: d8ffbd27!=d0ffbd27
0x80038148,6,gcc_2_8_1_g8,gcc_2_8_1_g8,deferred,/home/superconta/data/share/yugioh/tools/toolchains/gcc-2.8.1-psx/bin/mips-sony-psx-gcc failed (1): /home/superconta/data/share/yugioh/tmp/agents/wave5-3xx/candidates/func_80038148_v6.c: In function `func_80038148': /home/superconta/data/share/yugioh/tmp/agents/wave5-3xx/candidates/func_80038148_v6.c:1: parse error before `tmp' /home/superconta/data/share/yugioh/tmp/agents/wave5-3xx/candidates/func_80038148_v6.c:1: `sp' undeclared (first use in this function) /home/superconta/data/share/yugioh/tmp/agents/wave5-3xx/candidates/func_80038148_v6.c:1: (Each undeclared identifier is reported only once /home/superconta/data/share/yugioh/tmp/agents/wave5-3xx/candidates/func_80038148_v6.c:1: for each function it appears in.) /home/superconta/data/share/yugioh/tmp/agents/wave5-3xx/candidates/func_80038148_v6.c:1: `q' undeclared (first use in this function) /home/superconta/data/share/yugioh/tmp/agents/wave5-3xx/candidates/func_80038148_v6.c:1: `code' undeclared (first use in this function) /home/superconta/data/share/yugioh/tmp/agents/wave5-3xx/candidates/func_80038148_v6.c:1: `tmp' undeclared (first use in this function) /home/superconta/data/share/yugioh/tmp/agents/wave5-3xx/candidates/func_80038148_v6.c:1: `carry' undeclared (first use in this function) /home/superconta/data/share/yugioh/tmp/agents/wave5-3xx/candidates/func_80038148_v6.c:1: `i' undeclared (first use in this function) /home/superconta/data/share/yugioh/tmp/agents/wave5-3xx/candidates/func_80038148_v6.c:1: `out' undeclared (first use in this function) 
0x8003A01C,1,gcc_2_8_1_g0,gcc_2_8_1_g0,nonmatch,byte +0xc: 14!=18; word +0xc: 1400b1af!=1800bfaf
0x8003A01C,2,gcc_2_8_1_g0,gcc_2_8_1_g0,nonmatch,byte +0x14: 31!=2e; word +0x14: 3100b110!=2e00b110
0x8003A01C,3,gcc_2_8_1_g0_split,gcc_2_8_1_g0_split,nonmatch,byte +0x14: 31!=2d; word +0x14: 3100b110!=2d00b110
0x8003A01C,4,gcc_2_8_1_g0,gcc_2_8_1_g0,nonmatch,byte +0x14: 31!=2e; word +0x14: 3100b110!=2e00b110
0x8003A01C,5,gcc_2_8_1_g8,gcc_2_8_1_g8,nonmatch,byte +0x14: 31!=2b; word +0x14: 3100b110!=2b00b110
0x8003A01C,6,gcc_2_8_1_g0_split,gcc_2_8_1_g0_split,deferred,byte +0xc: 14!=18; word +0xc: 1400b1af!=1800bfaf
0x8003A990,1,gcc_2_8_1_g0,gcc_2_8_1_g0,nonmatch,/home/superconta/data/share/yugioh/tools/toolchains/gcc-2.8.1-psx/bin/mips-sony-psx-gcc failed (1): /home/superconta/data/share/yugioh/tmp/agents/wave5-3xx/candidates/func_8003A990_v1.c:1: unterminated comment /home/superconta/data/share/yugioh/tmp/agents/wave5-3xx/candidates/func_8003A990_v1.c: In function `func_8003A990': /home/superconta/data/share/yugioh/tmp/agents/wave5-3xx/candidates/func_8003A990_v1.c:1: parse error at end of input 
0x8003A990,2,gcc_2_8_1_g0,gcc_2_8_1_g0,nonmatch,byte +0x14: 1b!=1a; word +0x14: 1b004014!=1a004014
0x8003A990,3,gcc_2_8_1_g0,gcc_2_8_1_g0,nonmatch,byte +0x14: 1b!=1a; word +0x14: 1b004014!=1a004014
0x8003A990,4,gcc_2_8_1_g0,gcc_2_8_1_g0,nonmatch,byte +0x14: 1b!=1a; word +0x14: 1b004014!=1a004014
0x8003A990,5,gcc_2_8_1_g8,gcc_2_8_1_g8,nonmatch,byte +0x14: 1b!=1a; word +0x14: 1b004014!=1a004014
0x8003A990,6,gcc_2_8_1_g0_split,gcc_2_8_1_g0_split,deferred,/home/superconta/data/share/yugioh/tools/toolchains/gcc-2.8.1-psx/bin/mips-sony-psx-gcc failed (1): /home/superconta/data/share/yugioh/tmp/agents/wave5-3xx/candidates/func_8003A990_v6.c: In function `func_8003A990': /home/superconta/data/share/yugioh/tmp/agents/wave5-3xx/candidates/func_8003A990_v6.c:1: parse error before `int' /home/superconta/data/share/yugioh/tmp/agents/wave5-3xx/candidates/func_8003A990_v6.c:1: `initial' undeclared (first use in this function) /home/superconta/data/share/yugioh/tmp/agents/wave5-3xx/candidates/func_8003A990_v6.c:1: (Each undeclared identifier is reported only once /home/superconta/data/share/yugioh/tmp/agents/wave5-3xx/candidates/func_8003A990_v6.c:1: for each function it appears in.) /home/superconta/data/share/yugioh/tmp/agents/wave5-3xx/candidates/func_8003A990_v6.c:1: `t' undeclared (first use in this function) /home/superconta/data/share/yugioh/tmp/agents/wave5-3xx/candidates/func_8003A990_v6.c:1: `a' undeclared (first use in this function) /home/superconta/data/share/yugioh/tmp/agents/wave5-3xx/candidates/func_8003A990_v6.c:1: `c' undeclared (first use in this function) /home/superconta/data/share/yugioh/tmp/agents/wave5-3xx/candidates/func_8003A990_v6.c:1: `d' undeclared (first use in this function) 
0x8003AAE4,1,gcc_2_8_1_g0,gcc_2_8_1_g0,nonmatch,/home/superconta/data/share/yugioh/tools/toolchains/gcc-2.8.1-psx/bin/mips-sony-psx-gcc failed (1): /home/superconta/data/share/yugioh/tmp/agents/wave5-3xx/candidates/func_8003AAE4_v1.c: In function `func_8003AAE4': /home/superconta/data/share/yugioh/tmp/agents/wave5-3xx/candidates/func_8003AAE4_v1.c:1: parse error before `*' /home/superconta/data/share/yugioh/tmp/agents/wave5-3xx/candidates/func_8003AAE4_v1.c:1: `id' undeclared (first use in this function) /home/superconta/data/share/yugioh/tmp/agents/wave5-3xx/candidates/func_8003AAE4_v1.c:1: (Each undeclared identifier is reported only once /home/superconta/data/share/yugioh/tmp/agents/wave5-3xx/candidates/func_8003AAE4_v1.c:1: for each function it appears in.) /home/superconta/data/share/yugioh/tmp/agents/wave5-3xx/candidates/func_8003AAE4_v1.c:1: `n' undeclared (first use in this function) 
0x8003AAE4,2,gcc_2_8_1_g0,gcc_2_8_1_g0,nonmatch,byte +0xad: 18!=20; word +0xac: 21186200!=21206200
0x8003AAE4,3,gcc_2_8_1_g0,gcc_2_8_1_g0,nonmatch,byte +0x9e: 02!=03; word +0x9c: 0a80023c!=0a80033c
0x8003AAE4,4,gcc_2_8_1_g0,gcc_2_8_1_g0,nonmatch,byte +0xad: 18!=20; word +0xac: 21186200!=21206200
0x8003AAE4,5,gcc_2_8_1_g8,gcc_2_8_1_g8,nonmatch,byte +0x9c: 0a!=d0; word +0x9c: 0a80023c!=d001828f
0x8003AAE4,6,gcc_2_8_1_g0_split,gcc_2_8_1_g0_split,deferred,/home/superconta/data/share/yugioh/tools/toolchains/gcc-2.8.1-psx/bin/mips-sony-psx-gcc failed (1): /home/superconta/data/share/yugioh/tmp/agents/wave5-3xx/candidates/func_8003AAE4_v6.c: In function `func_8003AAE4': /home/superconta/data/share/yugioh/tmp/agents/wave5-3xx/candidates/func_8003AAE4_v6.c:1: parse error before `int' /home/superconta/data/share/yugioh/tmp/agents/wave5-3xx/candidates/func_8003AAE4_v6.c:1: `x' undeclared (first use in this function) /home/superconta/data/share/yugioh/tmp/agents/wave5-3xx/candidates/func_8003AAE4_v6.c:1: (Each undeclared identifier is reported only once /home/superconta/data/share/yugioh/tmp/agents/wave5-3xx/candidates/func_8003AAE4_v6.c:1: for each function it appears in.) /home/superconta/data/share/yugioh/tmp/agents/wave5-3xx/candidates/func_8003AAE4_v6.c:1: `id' undeclared (first use in this function) /home/superconta/data/share/yugioh/tmp/agents/wave5-3xx/candidates/func_8003AAE4_v6.c:1: `n' undeclared (first use in this function) /home/superconta/data/share/yugioh/tmp/agents/wave5-3xx/candidates/func_8003AAE4_v6.c:1: `v' undeclared (first use in this function) /home/superconta/data/share/yugioh/tmp/agents/wave5-3xx/candidates/func_8003AAE4_v6.c:1: `i' undeclared (first use in this function) /home/superconta/data/share/yugioh/tmp/agents/wave5-3xx/candidates/func_8003AAE4_v6.c:1: `p' undeclared (first use in this function) 
0x8003C328,1,gcc_2_8_1_g0,gcc_2_8_1_g0,nonmatch,byte +0xc: 14!=18; word +0xc: 1400b1af!=1800bfaf
0x8003C328,2,gcc_2_8_1_g0,gcc_2_8_1_g0,nonmatch,byte +0x14: 2b!=28; word +0x14: 2b00b110!=2800b110
0x8003C328,3,gcc_2_8_1_g0_split,gcc_2_8_1_g0_split,nonmatch,byte +0x14: 2b!=27; word +0x14: 2b00b110!=2700b110
0x8003C328,4,gcc_2_8_1_g0,gcc_2_8_1_g0,nonmatch,byte +0x14: 2b!=28; word +0x14: 2b00b110!=2800b110
0x8003C328,5,gcc_2_8_1_g8,gcc_2_8_1_g8,nonmatch,byte +0x14: 2b!=25; word +0x14: 2b00b110!=2500b110
0x8003C328,6,gcc_2_8_1_g0_split,gcc_2_8_1_g0_split,deferred,byte +0xc: 14!=18; word +0xc: 1400b1af!=1800bfaf
0x8003C628,1,gcc_2_8_1_g8,gcc_2_8_1_g8,nonmatch,/home/superconta/data/share/yugioh/tools/toolchains/gcc-2.8.1-psx/bin/mips-sony-psx-gcc failed (1): /home/superconta/data/share/yugioh/tmp/agents/wave5-3xx/candidates/func_8003C628_v1.c: In function `func_8003C628': /home/superconta/data/share/yugioh/tmp/agents/wave5-3xx/candidates/func_8003C628_v1.c:1: `s8' undeclared (first use in this function) /home/superconta/data/share/yugioh/tmp/agents/wave5-3xx/candidates/func_8003C628_v1.c:1: (Each undeclared identifier is reported only once /home/superconta/data/share/yugioh/tmp/agents/wave5-3xx/candidates/func_8003C628_v1.c:1: for each function it appears in.) /home/superconta/data/share/yugioh/tmp/agents/wave5-3xx/candidates/func_8003C628_v1.c:1: parse error before `D_8009B37D' /home/superconta/data/share/yugioh/tmp/agents/wave5-3xx/candidates/func_8003C628_v1.c:1: parse error before `D_8009B384' 
0x8003C628,2,gcc_2_8_1_g8,gcc_2_8_1_g8,nonmatch,byte +0x4: 34!=30; word +0x4: 3400bfaf!=3000bfaf
0x8003C628,3,gcc_2_8_1_g8_split,gcc_2_8_1_g8_split,nonmatch,byte +0x4: 34!=30; word +0x4: 3400bfaf!=3000bfaf
0x8003C628,4,gcc_2_8_1_g8,gcc_2_8_1_g8,nonmatch,byte +0x4: 34!=30; word +0x4: 3400bfaf!=3000bfaf
0x8003C628,5,gcc_2_8_1_g0,gcc_2_8_1_g0,nonmatch,byte +0x4: 34!=30; word +0x4: 3400bfaf!=3000bfaf
0x8003C628,6,gcc_2_8_1_g8_split,gcc_2_8_1_g8_split,deferred,/home/superconta/data/share/yugioh/tools/toolchains/gcc-2.8.1-psx/bin/mips-sony-psx-gcc failed (1): /home/superconta/data/share/yugioh/tmp/agents/wave5-3xx/candidates/func_8003C628_v6.c: In function `func_8003C628': /home/superconta/data/share/yugioh/tmp/agents/wave5-3xx/candidates/func_8003C628_v6.c:1: parse error before `*' /home/superconta/data/share/yugioh/tmp/agents/wave5-3xx/candidates/func_8003C628_v6.c:1: `o' undeclared (first use in this function) /home/superconta/data/share/yugioh/tmp/agents/wave5-3xx/candidates/func_8003C628_v6.c:1: (Each undeclared identifier is reported only once /home/superconta/data/share/yugioh/tmp/agents/wave5-3xx/candidates/func_8003C628_v6.c:1: for each function it appears in.) 
0x8003D334,1,gcc_2_8_1_g8,gcc_2_8_1_g8,nonmatch,/home/superconta/data/share/yugioh/tools/toolchains/gcc-2.8.1-psx/bin/mips-sony-psx-gcc failed (1): /home/superconta/data/share/yugioh/tmp/agents/wave5-3xx/candidates/func_8003D334_v1.c: In function `func_8003D334': /home/superconta/data/share/yugioh/tmp/agents/wave5-3xx/candidates/func_8003D334_v1.c:1: parse error before `h' /home/superconta/data/share/yugioh/tmp/agents/wave5-3xx/candidates/func_8003D334_v1.c:1: `h' undeclared (first use in this function) /home/superconta/data/share/yugioh/tmp/agents/wave5-3xx/candidates/func_8003D334_v1.c:1: (Each undeclared identifier is reported only once /home/superconta/data/share/yugioh/tmp/agents/wave5-3xx/candidates/func_8003D334_v1.c:1: for each function it appears in.) 
0x8003D334,2,gcc_2_8_1_g8,gcc_2_8_1_g8,nonmatch,byte +0xc: 20!=1c; word +0xc: 2000033c!=1c00b3af
0x8003D334,3,gcc_2_8_1_g8,gcc_2_8_1_g8,nonmatch,byte +0xc: 20!=1c; word +0xc: 2000033c!=1c00b3af
0x8003D334,4,gcc_2_8_1_g8_split,gcc_2_8_1_g8_split,nonmatch,byte +0xc: 20!=1c; word +0xc: 2000033c!=1c00b3af
0x8003D334,5,gcc_2_8_1_g0,gcc_2_8_1_g0,nonmatch,byte +0xc: 20!=1c; word +0xc: 2000033c!=1c00b3af
0x8003D334,6,gcc_2_8_1_g8,gcc_2_8_1_g8,deferred,/home/superconta/data/share/yugioh/tools/toolchains/gcc-2.8.1-psx/bin/mips-sony-psx-gcc failed (1): /home/superconta/data/share/yugioh/tmp/agents/wave5-3xx/candidates/func_8003D334_v6.c: In function `func_8003D334': /home/superconta/data/share/yugioh/tmp/agents/wave5-3xx/candidates/func_8003D334_v6.c:1: parse error before `volatile' /home/superconta/data/share/yugioh/tmp/agents/wave5-3xx/candidates/func_8003D334_v6.c:1: `p' undeclared (first use in this function) /home/superconta/data/share/yugioh/tmp/agents/wave5-3xx/candidates/func_8003D334_v6.c:1: (Each undeclared identifier is reported only once /home/superconta/data/share/yugioh/tmp/agents/wave5-3xx/candidates/func_8003D334_v6.c:1: for each function it appears in.) /home/superconta/data/share/yugioh/tmp/agents/wave5-3xx/candidates/func_8003D334_v6.c:1: `h' undeclared (first use in this function) /home/superconta/data/share/yugioh/tmp/agents/wave5-3xx/candidates/func_8003D334_v6.c:1: `x' undeclared (first use in this function) /home/superconta/data/share/yugioh/tmp/agents/wave5-3xx/candidates/func_8003D334_v6.c:1: `toggle' undeclared (first use in this function) /home/superconta/data/share/yugioh/tmp/agents/wave5-3xx/candidates/func_8003D334_v6.c:1: `y' undeclared (first use in this function) 
0x800400AC,1,gcc_2_8_1_g8_split,gcc_2_8_1_g8_split,nonmatch,byte +0x9: 48!=40; word +0x8: 2148a000!=2140a000
0x800400AC,2,gcc_2_8_1_g8_split,gcc_2_8_1_g8_split,nonmatch,byte +0x14: c0!=0f; word +0x14: c0100700!=0f80083c
0x800400AC,3,gcc_2_8_1_g8_split,gcc_2_8_1_g8_split,nonmatch,byte +0x16: 07!=04; word +0x14: c0100700!=c0100400
0x800400AC,4,gcc_2_8_1_g8_split,gcc_2_8_1_g8_split,nonmatch,byte +0x22: 03!=08; word +0x20: 0f80033c!=0f80083c
0x800400AC,5,gcc_2_8_1_g0_split,gcc_2_8_1_g0_split,nonmatch,byte +0x16: 07!=04; word +0x14: c0100700!=c0100400
0x800400AC,6,gcc_2_8_1_g8_split,gcc_2_8_1_g8_split,deferred,/home/superconta/data/share/yugioh/tools/toolchains/gcc-2.8.1-psx/bin/mips-sony-psx-gcc failed (1): /home/superconta/data/share/yugioh/tmp/agents/wave5-3xx/candidates/func_800400AC_v6.c: In function `func_800400AC': /home/superconta/data/share/yugioh/tmp/agents/wave5-3xx/candidates/func_800400AC_v6.c:1: parse error before `register' /home/superconta/data/share/yugioh/tmp/agents/wave5-3xx/candidates/func_800400AC_v6.c:1: `idx' undeclared (first use in this function) /home/superconta/data/share/yugioh/tmp/agents/wave5-3xx/candidates/func_800400AC_v6.c:1: (Each undeclared identifier is reported only once /home/superconta/data/share/yugioh/tmp/agents/wave5-3xx/candidates/func_800400AC_v6.c:1: for each function it appears in.) /home/superconta/data/share/yugioh/tmp/agents/wave5-3xx/candidates/func_800400AC_v6.c:1: `off' undeclared (first use in this function) /home/superconta/data/share/yugioh/tmp/agents/wave5-3xx/candidates/func_800400AC_v6.c:1: `base' undeclared (first use in this function) /home/superconta/data/share/yugioh/tmp/agents/wave5-3xx/candidates/func_800400AC_v6.c:1: `o' undeclared (first use in this function) /home/superconta/data/share/yugioh/tmp/agents/wave5-3xx/candidates/func_800400AC_v6.c:1: `koff' undeclared (first use in this function) /home/superconta/data/share/yugioh/tmp/agents/wave5-3xx/candidates/func_800400AC_v6.c:1: `k' undeclared (first use in this function) /home/superconta/data/share/yugioh/tmp/agents/wave5-3xx/candidates/func_800400AC_v6.c:1: `kp' undeclared (first use in this function) /home/superconta/data/share/yugioh/tmp/agents/wave5-3xx/candidates/func_800400AC_v6.c:1: `old' undeclared (first use in this function) /home/superconta/data/share/yugioh/tmp/agents/wave5-3xx/candidates/func_800400AC_v6.c:1: `prev' undeclared (first use in this function) 
0x80038530,1,gcc_2_8_1_g0,gcc_2_8_1_g0,nonmatch,byte +0x0: e8!=58; word +0x0: e8ffbd27!=58008280
0x80038530,2,gcc_2_8_1_g0,gcc_2_8_1_g0,nonmatch,byte +0x0: e8!=58; word +0x0: e8ffbd27!=58008280
0x80038530,3,gcc_2_8_1_g0,gcc_2_8_1_g0,matched,exact linked bytes and relocations
0x8003D614,1,gcc_2_8_1_g8,gcc_2_8_1_g8,matched,exact linked bytes and relocations
0x80044470,1,gcc_2_8_1_g0,gcc_2_8_1_g0,nonmatch,byte +0x50: 05!=04; word +0x50: 05005210!=04005210; relocations differ
0x80044470,2,gcc_2_8_1_g0,gcc_2_8_1_g0,nonmatch,byte +0x50: 05!=03; word +0x50: 05005210!=03005210; relocations differ
0x80044470,3,gcc_2_8_1_g0,gcc_2_8_1_g0,nonmatch,byte +0x1c: 10!=30; word +0x1c: 1000a427!=3000b0af; relocations differ
0x80044470,4,gcc_2_8_1_g0,gcc_2_8_1_g0,nonmatch,byte +0xc: 38!=34; word +0xc: 3800b2af!=3400b1af
0x80044470,5,gcc_2_8_1_g0,gcc_2_8_1_g0,nonmatch,byte +0x14: 3c!=10; word +0x14: 3c00b3af!=1000a427; relocations differ
0x80044470,6,gcc_2_8_1_g0,gcc_2_8_1_g0,deferred,byte +0x1c: 10!=40; word +0x1c: 1000a427!=4000bfaf; relocations differ
0x80045114,1,gcc_2_8_1_g0,gcc_2_8_1_g0,nonmatch,byte +0x2: 05!=03; word +0x0: 0a80053c!=0a80033c; relocations differ
0x80045114,2,gcc_2_8_1_g0,gcc_2_8_1_g0,nonmatch,byte +0xc: 40!=44; word +0xc: 4000bfaf!=4400bfaf; relocations differ
0x80045114,3,gcc_2_8_1_g0,gcc_2_8_1_g0,nonmatch,byte +0x1c: 27!=1e; word +0x1c: 27004010!=1e004010; relocations differ
0x80045114,4,gcc_2_8_1_g0,gcc_2_8_1_g0,nonmatch,byte +0x1c: 27!=25; word +0x1c: 27004010!=25004010; relocations differ
0x80045114,5,gcc_2_8_1_g0,gcc_2_8_1_g0,nonmatch,byte +0x1c: 27!=26; word +0x1c: 27004010!=26004010; relocations differ
0x80045114,6,gcc_2_8_1_g0,gcc_2_8_1_g0,deferred,byte +0x1c: 27!=29; word +0x1c: 27004010!=29004010; relocations differ
0x800476B4,1,gcc_2_8_1_g0,gcc_2_8_1_g0,nonmatch,tool error: /home/superconta/data/share/yugioh/tools/toolchains/gcc-2.8.1-psx/bin/mips-sony-psx-gcc failed (1):
0x800476B4,2,gcc_2_8_1_g0,gcc_2_8_1_g0,nonmatch,byte +0x0: 21!=00; word +0x0: 21488000!=00008a8c
0x800476B4,3,gcc_2_8_1_g0,gcc_2_8_1_g0,nonmatch,byte +0x1: 48!=38; word +0x0: 21488000!=21380000
0x800476B4,4,gcc_2_8_1_g0,gcc_2_8_1_g0,nonmatch,byte +0x0: 21!=00; word +0x0: 21488000!=0000828c
0x800476B4,5,gcc_2_8_1_g0,gcc_2_8_1_g0,nonmatch,byte +0xc: 2f!=30; word +0xc: 2f004018!=30004018
0x800476B4,6,gcc_2_8_1_g0,gcc_2_8_1_g0,deferred,byte +0x5a: a3!=ac; word +0x58: 4404a38c!=4404ac8c
0x80047788,1,gcc_2_8_1_g0,gcc_2_8_1_g0,nonmatch,byte +0x8: b0!=a8; word +0x8: b0ffbd27!=a8ffbd27; relocations differ
0x80047788,2,gcc_2_8_1_g0,gcc_2_8_1_g0,nonmatch,byte +0x1d: 40!=10; word +0x1c: c0400200!=c0100200; relocations differ
0x80047788,3,gcc_2_8_1_g0,gcc_2_8_1_g0,nonmatch,byte +0x1d: 40!=10; word +0x1c: c0400200!=c0100200; relocations differ
0x80047788,4,gcc_2_8_1_g0,gcc_2_8_1_g0,nonmatch,byte +0x1d: 40!=10; word +0x1c: c0400200!=c0100200; relocations differ
0x80047788,5,gcc_2_8_1_g0,gcc_2_8_1_g0,nonmatch,byte +0x1d: 40!=10; word +0x1c: c0400200!=c0100200
0x80047788,6,gcc_2_8_1_g0,gcc_2_8_1_g0,deferred,byte +0x16: e2!=e8; word +0x14: 0200e294!=0200e894
0x8004A43C,1,gcc_2_8_1_g0_split,gcc_2_8_1_g0_split,nonmatch,byte +0x0: e8!=e0; word +0x0: e8ffbd27!=e0ffbd27; relocations differ
0x8004A43C,2,gcc_2_8_1_g0_split,gcc_2_8_1_g0_split,nonmatch,byte +0x0: e8!=e0; word +0x0: e8ffbd27!=e0ffbd27; relocations differ
0x8004A43C,3,gcc_2_8_1_g0,gcc_2_8_1_g0,nonmatch,byte +0x44: 21!=20; word +0x44: 2100a010!=2000a010; relocations differ
0x8004A43C,4,gcc_2_8_1_g0,gcc_2_8_1_g0,nonmatch,byte +0x44: 21!=1f; word +0x44: 2100a010!=1f00a010; relocations differ
0x8004A43C,5,gcc_2_8_1_g0_split,gcc_2_8_1_g0_split,nonmatch,byte +0x0: e8!=e0; word +0x0: e8ffbd27!=e0ffbd27; relocations differ
0x8004A43C,6,gcc_2_8_1_g0_split,gcc_2_8_1_g0_split,deferred,byte +0x10: 03!=0a; word +0x10: 03000392!=0a80033c; relocations differ
0x80044DC0,1,gcc_2_8_1_g0,gcc_2_8_1_g0,nonmatch,byte +0x4: 00!=18; word +0x4: 00140400!=1800b0af; relocations differ
0x80044DC0,2,gcc_2_8_1_g0,gcc_2_8_1_g0,nonmatch,byte +0x4: 00!=18; word +0x4: 00140400!=1800b0af; relocations differ
0x80044DC0,3,gcc_2_8_1_g0,gcc_2_8_1_g0,nonmatch,byte +0x5: 14!=3c; word +0x4: 00140400!=003c0400
0x80044DC0,4,gcc_2_8_1_g0,gcc_2_8_1_g0,nonmatch,byte +0x3a: a3!=a2; word +0x38: 1405a390!=1405a290
0x80044DC0,5,gcc_2_8_1_g0,gcc_2_8_1_g0,nonmatch,byte +0x42: e2!=e6; word +0x40: ffffe230!=ffffe630
0x80044DC0,6,gcc_2_8_1_g0,gcc_2_8_1_g0,matched,exact linked bytes and relocations
0x80049010,1,gcc_2_8_1_g0,gcc_2_8_1_g0,nonmatch,byte +0x2: 02!=03; word +0x0: 0a80023c!=0a80033c
0x80049010,2,gcc_2_8_1_g0,gcc_2_8_1_g0,nonmatch,byte +0x2: 02!=03; word +0x0: 0a80023c!=0a80033c
0x80049010,3,gcc_2_8_1_g0,gcc_2_8_1_g0,nonmatch,byte +0x16: 44!=43; word +0x14: 7e154484!=7e154384
0x80049010,4,gcc_2_8_1_g0,gcc_2_8_1_g0,matched,exact linked bytes and relocations
0x800497E0,1,gcc_2_8_1_g0,gcc_2_8_1_g0,nonmatch,byte +0x12: 03!=04; word +0x10: 0a80033c!=0a80043c
0x800497E0,2,gcc_2_8_1_g0,gcc_2_8_1_g0,nonmatch,byte +0x30: 14!=03; word +0x30: 14004616!=03004612; relocations differ
0x800497E0,3,gcc_2_8_1_g0,gcc_2_8_1_g0,nonmatch,byte +0x8a: 02!=04; word +0x88: ffff0224!=ffff0424
0x800497E0,4,gcc_2_8_1_g0,gcc_2_8_1_g0,nonmatch,byte +0x30: 14!=03; word +0x30: 14004616!=03004612; relocations differ
0x800497E0,5,gcc_2_8_1_g0,gcc_2_8_1_g0,matched,exact linked bytes and relocations
0x80049CF8,1,gcc_2_8_1_g0_split,gcc_2_8_1_g0_split,nonmatch,byte +0x0: a0!=98; word +0x0: a0ffbd27!=98ffbd27; relocations differ
0x80049CF8,2,gcc_2_8_1_g0_split,gcc_2_8_1_g0_split,nonmatch,byte +0x6: 02!=04; word +0x4: 0a80023c!=0a80043c; relocations differ
0x80049CF8,3,gcc_2_8_1_g0_split,gcc_2_8_1_g0_split,nonmatch,byte +0x0: a0!=98; word +0x0: a0ffbd27!=98ffbd27; relocations differ
0x80049CF8,4,gcc_2_8_1_g0_split,gcc_2_8_1_g0_split,nonmatch,byte +0x6: 02!=04; word +0x4: 0a80023c!=0a80043c; relocations differ
0x80049CF8,5,gcc_2_8_1_g0,gcc_2_8_1_g0,nonmatch,byte +0x38: 20!=1f; word +0x38: 20004018!=1f004018; relocations differ
0x80049CF8,6,gcc_2_8_1_g0,gcc_2_8_1_g0,matched,exact linked bytes and relocations
0x8004C77C,1,gcc_2_8_1_g0,gcc_2_8_1_g0,nonmatch,byte +0x2: 02!=03; word +0x0: 0a80023c!=0a80033c; relocations differ
0x8004C77C,2,gcc_2_8_1_g0,gcc_2_8_1_g0,nonmatch,byte +0x2a: 04!=02; word +0x28: 0a80043c!=0a80023c; relocations differ
0x8004C77C,3,gcc_2_8_1_g0,gcc_2_8_1_g0,matched,exact linked bytes and relocations
0x800593D0,1,gcc_2_8_1_g0,gcc_2_8_1_g0,nonmatch,byte +0x30: 01!=c0; word +0x30: 01002226!=c0101100; relocations differ
0x800593D0,2,gcc_2_8_1_g0,gcc_2_8_1_g0,nonmatch,byte +0xc: 38!=01; word +0xc: 3800b0af!=01002226; relocations differ
0x800593D0,3,gcc_2_8_1_g0,gcc_2_8_1_g0,nonmatch,byte +0x3a: 02!=50; word +0x38: 21100202!=21105000
0x800593D0,4,gcc_2_8_1_g0,gcc_2_8_1_g0,nonmatch,byte +0x0: b0!=a8; word +0x0: b0ffbd27!=a8ffbd27; relocations differ
0x800593D0,5,gcc_2_8_1_g0_split,gcc_2_8_1_g0_split,nonmatch,byte +0x3a: 02!=50; word +0x38: 21100202!=21105000
0x800593D0,6,gcc_2_8_1_g0_split,gcc_2_8_1_g0_split,deferred,byte +0x0: b0!=a8; word +0x0: b0ffbd27!=a8ffbd27; relocations differ
0x800595C8,1,gcc_2_8_1_g0,gcc_2_8_1_g0,nonmatch,byte +0x0: c0!=00; word +0x0: c0100400!=00f08228; relocations differ
0x800595C8,2,gcc_2_8_1_g0,gcc_2_8_1_g0,nonmatch,byte +0x24: 05!=03; word +0x24: 05004014!=03004010; relocations differ
0x800595C8,3,gcc_2_8_1_g0,gcc_2_8_1_g0,nonmatch,byte +0x0: c0!=00; word +0x0: c0100400!=00f00824; relocations differ
0x800595C8,4,gcc_2_8_1_g0,gcc_2_8_1_g0,nonmatch,byte +0x16: 03!=04; word +0x14: 0f80033c!=0f80043c; relocations differ
0x800595C8,5,gcc_2_8_1_g0,gcc_2_8_1_g0,nonmatch,byte +0x22: a2!=03; word +0x20: 00f0a228!=00f00324; relocations differ
0x800595C8,6,gcc_2_8_1_g0,gcc_2_8_1_g0,deferred,byte +0x22: a2!=03; word +0x20: 00f0a228!=00f00324; relocations differ
0x8005A53C,1,gcc_2_8_1_g0,gcc_2_8_1_g0,nonmatch,byte +0x4: 24!=28; word +0x4: 2400b5af!=2800b6af; relocations differ
0x8005A53C,2,gcc_2_8_1_g0,gcc_2_8_1_g0,nonmatch,byte +0x4: 24!=10; word +0x4: 2400b5af!=1000b0af; relocations differ
0x8005A53C,3,gcc_2_8_1_g0,gcc_2_8_1_g0,nonmatch,byte +0x4: 24!=10; word +0x4: 2400b5af!=1000b0af; relocations differ
0x8005A53C,4,gcc_2_8_1_g0,gcc_2_8_1_g0,nonmatch,byte +0x0: d0!=d8; word +0x0: d0ffbd27!=d8ffbd27; relocations differ
0x8005A53C,5,gcc_2_8_1_g0,gcc_2_8_1_g0,nonmatch,byte +0x4: 24!=10; word +0x4: 2400b5af!=1000b0af
0x8005A53C,6,gcc_2_8_1_g0,gcc_2_8_1_g0,deferred,byte +0x28: 23!=21; word +0x28: 2300e010!=2100e010
0x8005A8C4,1,gcc_2_8_1_g8,gcc_2_8_1_g8,nonmatch,tool error: /home/superconta/data/share/yugioh/tools/toolchains/binutils-2.42/bin/mipsel-none-elf-ld failed (1):
0x8005A8C4,2,gcc_2_8_1_g8,gcc_2_8_1_g8,nonmatch,byte +0x14: 0a!=10; word +0x14: 0a80023c!=1080043c; relocations differ
0x8005A8C4,3,gcc_2_8_1_g8,gcc_2_8_1_g8,nonmatch,byte +0x14: 0a!=10; word +0x14: 0a80023c!=1080043c; relocations differ
0x8005A8C4,4,gcc_2_8_1_g8,gcc_2_8_1_g8,nonmatch,tool error: /home/superconta/data/share/yugioh/tools/toolchains/binutils-2.42/bin/mipsel-none-elf-as failed (1):
0x8005A8C4,5,gcc_2_8_1_g8_split,gcc_2_8_1_g8_split,nonmatch,byte +0x14: 0a!=10; word +0x14: 0a80023c!=1080033c; relocations differ
0x8005A8C4,6,gcc_2_8_1_g8_split,gcc_2_8_1_g8_split,deferred,byte +0xc: 02!=0a; word +0xc: 0200053c!=0a80023c; relocations differ
0x8005C388,1,gcc_2_8_1_g0,gcc_2_8_1_g0,nonmatch,byte +0x1c: 09!=2c; word +0x1c: 0980023c!=2c00b3af; relocations differ
0x8005C388,2,gcc_2_8_1_g0,gcc_2_8_1_g0,nonmatch,byte +0x1c: 09!=2c; word +0x1c: 0980023c!=2c00b3af; relocations differ
0x8005C388,3,gcc_2_8_1_g0,gcc_2_8_1_g0,nonmatch,byte +0x1c: 09!=2c; word +0x1c: 0980023c!=2c00b3af; relocations differ
0x8005C388,4,gcc_2_8_1_g0,gcc_2_8_1_g0,nonmatch,byte +0x4: 20!=28; word +0x4: 2000b0af!=2800b2af; relocations differ
0x8005C388,5,gcc_2_8_1_g0_split,gcc_2_8_1_g0_split,nonmatch,byte +0x1c: 09!=2c; word +0x1c: 0980023c!=2c00b3af; relocations differ
0x8005C388,6,gcc_2_8_1_g0_split,gcc_2_8_1_g0_split,deferred,byte +0x4: 20!=24; word +0x4: 2000b0af!=2400b1af; relocations differ
0x80061008,1,gcc_2_8_1_g0,gcc_2_8_1_g0,nonmatch,byte +0x4: 1b!=18; word +0x4: 1b80023c!=1800b2af; relocations differ
0x80061008,2,gcc_2_8_1_g0_split,gcc_2_8_1_g0_split,nonmatch,byte +0xc2: 01!=02; word +0xc0: 0a80013c!=0a80023c
0x80061008,3,gcc_2_8_1_g0_split,gcc_2_8_1_g0_split,nonmatch,byte +0xa8: 24!=0a; word +0xa8: 2400bf8f!=0a80013c; relocations differ
0x80061008,4,gcc_2_8_1_g0_split,gcc_2_8_1_g0_split,nonmatch,byte +0xc2: 01!=02; word +0xc0: 0a80013c!=0a80023c
0x80061008,5,gcc_2_8_1_g0_split,gcc_2_8_1_g0_split,nonmatch,byte +0xc2: 01!=02; word +0xc0: 0a80013c!=0a80023c
0x80061008,6,gcc_2_8_1_g0,gcc_2_8_1_g0,deferred,byte +0x4: 1b!=18; word +0x4: 1b80023c!=1800b2af; relocations differ
0x800726F4,1,gcc_2_8_1_g0,gcc_2_8_1_g0,nonmatch,byte +0x0: e0!=e8; word +0x0: e0ffbd27!=e8ffbd27; relocations differ
0x800726F4,2,gcc_2_8_1_g0,gcc_2_8_1_g0,nonmatch,byte +0x31: 30!=28; word +0x30: 21300000!=21280000; relocations differ
0x800726F4,3,gcc_2_8_1_g0,gcc_2_8_1_g0,nonmatch,byte +0x36: 03!=09; word +0x34: 0f80033c!=0f80093c; relocations differ
0x800726F4,4,gcc_2_8_1_g0,gcc_2_8_1_g0,nonmatch,byte +0x36: 03!=09; word +0x34: 0f80033c!=0f80093c; relocations differ
0x800726F4,5,gcc_2_8_1_g0_split,gcc_2_8_1_g0_split,nonmatch,byte +0x36: 03!=09; word +0x34: 0f80033c!=0f80093c; relocations differ
0x800726F4,6,gcc_2_8_1_g0_split,gcc_2_8_1_g0_split,deferred,byte +0x52: c9!=26; word +0x50: 2110c900!=21102601; relocations differ
0x80058A7C,1,gcc_2_8_1_g0,gcc_2_8_1_g0,nonmatch,byte +0x5: 3a!=1a; word +0x4: 003a0400!=001a0400; relocations differ
0x80058A7C,2,gcc_2_8_1_g0,gcc_2_8_1_g0,nonmatch,byte +0xaf: 94!=84; word +0xac: 1200c294!=1200c284
0x80058A7C,3,gcc_2_8_1_g0,gcc_2_8_1_g0,matched,exact linked bytes and relocations
0x80059000,1,gcc_2_8_1_g0,gcc_2_8_1_g0,nonmatch,byte +0x1d: 10!=18; word +0x1c: 21104300!=21184300
0x80059000,2,gcc_2_8_1_g0,gcc_2_8_1_g0,matched,exact linked bytes and relocations
0x8005C6A0,1,gcc_2_8_1_g0,gcc_2_8_1_g0,nonmatch,tool error: /home/superconta/data/share/yugioh/tools/toolchains/gcc-2.8.1-psx/bin/mips-sony-psx-gcc failed (1):
0x8005C6A0,2,gcc_2_8_1_g0,gcc_2_8_1_g0,nonmatch,byte +0x24: 09!=04; word +0x24: 0980023c!=0400038e; relocations differ
0x8005C6A0,3,gcc_2_8_1_g0,gcc_2_8_1_g0,nonmatch,byte +0x28: 04!=20; word +0x28: 0400038e!=209e4224; relocations differ
0x8005C6A0,4,gcc_2_8_1_g0_split,gcc_2_8_1_g0_split,nonmatch,byte +0x60: 21!=04; word +0x60: 21280000!=0400058e; relocations differ
0x8005C6A0,5,gcc_2_8_1_g0_split,gcc_2_8_1_g0_split,nonmatch,byte +0x60: 21!=04; word +0x60: 21280000!=0400048e; relocations differ
0x8005C6A0,6,gcc_2_8_1_g0_split,gcc_2_8_1_g0_split,matched,exact linked bytes and relocations
0x800136E4,1,gcc_2_8_1_g8_split,gcc_2_8_1_g8_split,nonmatch,byte +0x60: 0a!=04; word +0x60: 0a80013c!=040282af; relocations differ
0x800136E4,2,gcc_2_8_1_g8_split,gcc_2_8_1_g8_split,nonmatch,byte +0x50: 01!=0a; word +0x50: 0180023c!=0a80033c; relocations differ
0x800136E4,3,gcc_2_8_1_g8_split,gcc_2_8_1_g8_split,nonmatch,byte +0x58: 0f!=0a; word +0x58: 0f80043c!=0a80033c; relocations differ
0x800136E4,4,gcc_2_8_1_g8_split,gcc_2_8_1_g8_split,nonmatch,byte +0x26: 05!=04; word +0x24: 8000053c!=8000043c; relocations differ
0x800136E4,5,gcc_2_8_1_g8,gcc_2_8_1_g8,nonmatch,byte +0x26: 05!=04; word +0x24: 8000053c!=8000043c; relocations differ
0x800136E4,6,gcc_2_8_1_g8,gcc_2_8_1_g8,deferred,byte +0x26: 05!=04; word +0x24: 8000053c!=8000043c; relocations differ
0x80014B30,1,gcc_2_8_1_g8,gcc_2_8_1_g8,nonmatch,byte +0x4: 10!=01; word +0x4: 1000bfaf!=01000224; relocations differ
0x80014B30,2,gcc_2_8_1_g8_split,gcc_2_8_1_g8_split,nonmatch,byte +0x4: 10!=1d; word +0x4: 1000bfaf!=1d80023c; relocations differ
0x80014B30,3,gcc_2_8_1_g8_split,gcc_2_8_1_g8_split,nonmatch,byte +0x8: 1d!=21; word +0x8: 1d80023c!=21308000; relocations differ
0x80014B30,4,gcc_2_8_1_g8_split,gcc_2_8_1_g8_split,nonmatch,byte +0x4: 10!=1d; word +0x4: 1000bfaf!=1d80023c; relocations differ
0x80014B30,5,gcc_2_8_1_g8_split,gcc_2_8_1_g8_split,nonmatch,byte +0x14: 1f!=20; word +0x14: 1f00a210!=2000a210; relocations differ
0x80014B30,6,gcc_2_8_1_g8_split,gcc_2_8_1_g8_split,deferred,byte +0x5c: 46!=40; word +0x5c: 4600c2a0!=4000c2a0; relocations differ
0x80017F04,1,gcc_2_8_1_g8_split,gcc_2_8_1_g8_split,nonmatch,byte +0x34: 92!=21; word +0x34: 9224043c!=21804000; relocations differ
0x80017F04,2,gcc_2_8_1_g8_split,gcc_2_8_1_g8_split,nonmatch,byte +0x36: 04!=03; word +0x34: 9224043c!=9224033c; relocations differ
0x80017F04,3,gcc_2_8_1_g8_split,gcc_2_8_1_g8_split,nonmatch,byte +0x34: 92!=1a; word +0x34: 9224043c!=1a80033c; relocations differ
0x80017F04,4,gcc_2_8_1_g8_split,gcc_2_8_1_g8_split,nonmatch,byte +0x56: 02!=03; word +0x54: 1d80023c!=1d80033c; relocations differ
0x80017F04,5,gcc_2_8_1_g8_split,gcc_2_8_1_g8_split,nonmatch,byte +0x40: 1a!=1d; word +0x40: 1a80023c!=1d80023c; relocations differ
0x80017F04,6,gcc_2_8_1_g8_split,gcc_2_8_1_g8_split,deferred,byte +0x58: 0c!=67; word +0x58: 0c002386!=670000a2; relocations differ
0x8001EFD4,1,gcc_2_8_1_g8_split,gcc_2_8_1_g8_split,nonmatch,byte +0x28: 1a!=23; word +0x28: 1a80023c!=23186200; relocations differ
0x8001EFD4,2,gcc_2_8_1_g8_split,gcc_2_8_1_g8_split,nonmatch,byte +0x40: 2e!=2d; word +0x40: 2e7c0008!=2d7c0008; relocations differ
0x8001EFD4,3,gcc_2_8_1_g8_split,gcc_2_8_1_g8_split,nonmatch,byte +0x1d: 18!=90; word +0x1c: c0180200!=c0900200; relocations differ
0x8001EFD4,4,gcc_2_8_1_g8_split,gcc_2_8_1_g8_split,nonmatch,byte +0x51: 18!=80; word +0x50: c0180200!=c0800200
0x8001EFD4,5,gcc_2_8_1_g8_split,gcc_2_8_1_g8_split,nonmatch,byte +0x51: 18!=80; word +0x50: c0180200!=c0800200
0x8001EFD4,6,gcc_2_8_1_g8_split,gcc_2_8_1_g8_split,deferred,byte +0x80: 02!=03; word +0x80: 028c0300!=038c0300
0x80013998,1,gcc_2_8_1_g8,gcc_2_8_1_g8,nonmatch,byte +0x4: 18!=20; word +0x4: 1800b2af!=2000b4af; relocations differ
0x80013998,2,gcc_2_8_1_g8,gcc_2_8_1_g8,nonmatch,byte +0x5c: 1d!=1c; word +0x5c: 1d006012!=1c006012; relocations differ
0x80013998,3,gcc_2_8_1_g8,gcc_2_8_1_g8,nonmatch,byte +0x78: 34!=24; word +0x78: 340053ae!=240053ae
0x80013998,4,gcc_2_8_1_g8,gcc_2_8_1_g8,nonmatch,byte +0xa8: 02!=03; word +0xa8: 02141300!=03141300
0x80013998,5,gcc_2_8_1_g8,gcc_2_8_1_g8,matched,exact linked bytes and relocations
0x80019BD0,1,gcc_2_8_1_g8_split,gcc_2_8_1_g8_split,nonmatch,byte +0x46: 43!=42; word +0x44: 08004324!=08004224; relocations differ
0x80019BD0,2,gcc_2_8_1_g8_split,gcc_2_8_1_g8_split,nonmatch,byte +0x27: 92!=82; word +0x24: 21000392!=21000382
0x80019BD0,3,gcc_2_8_1_g8_split,gcc_2_8_1_g8_split,nonmatch,byte +0x46: 43!=42; word +0x44: 08004324!=08004224; relocations differ
0x80019BD0,4,gcc_2_8_1_g8_split,gcc_2_8_1_g8_split,nonmatch,byte +0xc0: 21!=00; word +0xc0: 21000292!=00160300
0x80019BD0,5,gcc_2_8_1_g8_split,gcc_2_8_1_g8_split,matched,exact linked bytes and relocations
0x8001B7AC,1,gcc_2_8_1_g8_split,gcc_2_8_1_g8_split,nonmatch,/home/superconta/data/share/yugioh/tools/toolchains/gcc-2.8.1-psx/bin/mips-sony-psx-gcc failed (1): /home/superconta/data/share/yugioh/tmp/agents/wave6-early/variants/8001B7AC/v1.c:4: parse error before `u16' /home/superconta/data/share/yugioh/tmp/agents/wave6-early/variants/8001B7AC/v1.c:4: warning: no semicolon at end of struct or union /home/superconta/data/share/yugioh/tmp/agents/wave6-early/variants/8001B7AC/v1.c:4: parse error before `}' /home/superconta/data/share/yugioh/tmp/agents/wave6-early/variants/8001B7AC/v1.c:4: warning: data definition has no type or storage class /home/superconta/data/share/yugioh/tmp/agents/wave6-early/variants/8001B7AC/v1.c:5: parse error before `*' /home/superconta/data/share/yugioh/tmp/agents/wave6-early/variants/8001B7AC/v1.c:5: warning: data definition has no type or storage class /home/superconta/data/share/yugioh/tmp/agents/wave6-early/variants/8001B7AC/v1.c:6: parse error before `*' /home/superconta/data/share/yugioh/tmp/agents/wave6-early/variants/8001B7AC/v1.c:6: parse error before `*' /home/superconta/data/share/yugioh/tmp/agents/wave6-early/variants/8001B7AC/v1.c: In function `func_8001B7AC': /home/superconta/data/share/yugioh/tmp/agents/wave6-early/variants/8001B7AC/v1.c:9: `base' undeclared (first use in this function) /home/superconta/data/share/yugioh/tmp/agents/wave6-early/variants/8001B7AC/v1.c:9: (Each undeclared identifier is reported only once /home/superconta/data/share/yugioh/tmp/agents/wave6-early/variants/8001B7AC/v1.c:9: for each function it appears in.) /home/superconta/data/share/yugioh/tmp/agents/wave6-early/variants/8001B7AC/v1.c:9: `child' undeclared (first use in this function) 
0x8001B7AC,2,gcc_2_8_1_g8_split,gcc_2_8_1_g8_split,nonmatch,byte +0x0: c8!=c0; word +0x0: c8ffbd27!=c0ffbd27; relocations differ
0x8001B7AC,3,gcc_2_8_1_g8_split,gcc_2_8_1_g8_split,matched,exact linked bytes and relocations
0x8001D240,1,gcc_2_8_1_g8_split,gcc_2_8_1_g8_split,matched,exact linked bytes and relocations
0x80026A3C,1,gcc_2_8_1_g8_split,gcc_2_8_1_g8_split,nonmatch,byte +0x18: 14!=15; word +0x18: 14004014!=15004014; relocations differ
0x80026A3C,2,gcc_2_8_1_g8_split,gcc_2_8_1_g8_split,nonmatch,byte +0x92: 02!=50; word +0x90: 21100202!=21105000
0x80026A3C,3,gcc_2_8_1_g8_split,gcc_2_8_1_g8_split,matched,exact linked bytes and relocations
0x8002712C,1,gcc_2_8_1_g8_split,gcc_2_8_1_g8_split,nonmatch,byte +0x0: c8!=c0; word +0x0: c8ffbd27!=c0ffbd27; relocations differ
0x8002712C,2,gcc_2_8_1_g8_split,gcc_2_8_1_g8_split,nonmatch,byte +0x24: 2e!=2d; word +0x24: 2e004010!=2d004010; relocations differ
0x8002712C,3,gcc_2_8_1_g8_split,gcc_2_8_1_g8_split,matched,exact linked bytes and relocations
0x80029590,1,gcc_2_8_1_g0_split,gcc_2_8_1_g0_split,nonmatch,"/home/superconta/data/share/yugioh/tools/toolchains/gcc-2.8.1-psx/bin/mips-sony-psx-gcc failed (1):
/home/superconta/data/share/yugioh/tmp/agents/wave6-mid/variants/80029590/v1.c: In function `func_80029590':
/home/superconta/data/share/yugioh/tmp/agents/wave6-mid/variants/80029590/v1.c:2: too few arguments to function `func_800404CC'
"
0x80029590,2,gcc_2_8_1_g0_split,gcc_2_8_1_g0_split,nonmatch,"/home/superconta/data/share/yugioh/tools/toolchains/gcc-2.8.1-psx/bin/mips-sony-psx-gcc failed (1):
/home/superconta/data/share/yugioh/tmp/agents/wave6-mid/variants/80029590/v2.c: In function `func_80029590':
/home/superconta/data/share/yugioh/tmp/agents/wave6-mid/variants/80029590/v2.c:2: too few arguments to function `func_800404CC'
"
0x80029590,3,gcc_2_8_1_g0_split,gcc_2_8_1_g0_split,nonmatch,byte +0x14: e8!=0c; word +0x14: e8a15224!=0ca25224
0x80029590,4,gcc_2_8_1_g0_split,gcc_2_8_1_g0_split,nonmatch,byte +0x4: 24!=28; word +0x4: 2400b1af!=2800b2af
0x80029590,5,gcc_2_8_1_g0_split,gcc_2_8_1_g0_split,nonmatch,byte +0x4: 24!=0f; word +0x4: 2400b1af!=0f80023c
0x80029590,6,gcc_2_8_1_g0_split,gcc_2_8_1_g0_split,deferred,byte +0xc: 0f!=28; word +0xc: 0f80023c!=2800b2af
0x8002C6C8,1,gcc_2_8_1_g8_split,gcc_2_8_1_g8_split,nonmatch,byte +0x10: 0f!=58; word +0x10: 0f80023c!=58038293
0x8002C6C8,2,gcc_2_8_1_g8_split,gcc_2_8_1_g8_split,nonmatch,byte +0x30: 08!=21; word +0x30: 08001224!=21900000
0x8002C6C8,3,gcc_2_8_1_g8_split,gcc_2_8_1_g8_split,nonmatch,byte +0x4: 0f!=14; word +0x4: 0f80023c!=1400b1af
0x8002C6C8,4,gcc_2_8_1_g8_split,gcc_2_8_1_g8_split,nonmatch,byte +0x54: 24!=26; word +0x54: 24004010!=26004010
0x8002C6C8,5,gcc_2_8_1_g8,gcc_2_8_1_g8,nonmatch,byte +0x0: d8!=58; word +0x0: d8ffbd27!=58038293
0x8002C6C8,6,gcc_2_8_1_g8_split,gcc_2_8_1_g8_split,deferred,byte +0x54: 24!=26; word +0x54: 24004010!=26004010
0x8002E5AC,1,gcc_2_8_1_g8,gcc_2_8_1_g8,nonmatch,byte +0x14: 29!=2a; word +0x14: 29004014!=2a004014
0x8002E5AC,2,gcc_2_8_1_g8,gcc_2_8_1_g8,nonmatch,byte +0x14: 29!=2a; word +0x14: 29004014!=2a004014
0x8002E5AC,3,gcc_2_8_1_g8_split,gcc_2_8_1_g8_split,nonmatch,byte +0x14: 29!=2a; word +0x14: 29004014!=2a004014
0x8002E5AC,4,gcc_2_8_1_g8_split,gcc_2_8_1_g8_split,nonmatch,byte +0x14: 29!=2a; word +0x14: 29004014!=2a004014
0x8002E5AC,5,gcc_2_8_1_g8,gcc_2_8_1_g8,nonmatch,byte +0x14: 29!=2b; word +0x14: 29004014!=2b004014
0x8002E5AC,6,gcc_2_8_1_g8_split,gcc_2_8_1_g8_split,deferred,byte +0x14: 29!=2b; word +0x14: 29004014!=2b004014
0x8002FA54,1,gcc_2_8_1_g8_split,gcc_2_8_1_g8_split,nonmatch,byte +0x12: 83!=84; word +0x10: 9c038397!=9c038497
0x8002FA54,2,gcc_2_8_1_g8_split,gcc_2_8_1_g8_split,nonmatch,byte +0x12: 83!=85; word +0x10: 9c038397!=9c038597
0x8002FA54,3,gcc_2_8_1_g8_split,gcc_2_8_1_g8_split,nonmatch,"/home/superconta/data/share/yugioh/tools/toolchains/binutils-2.42/bin/mipsel-none-elf-as failed (1):
/home/superconta/data/share/yugioh/tmp/agents/wave6-mid/build/8002FA54/v3/maspsx.s: Assembler messages:
/home/superconta/data/share/yugioh/tmp/agents/wave6-mid/build/8002FA54/v3/maspsx.s:22: Error: bad expression
/home/superconta/data/share/yugioh/tmp/agents/wave6-mid/build/8002FA54/v3/maspsx.s:22: Error: found 'g', expected: ')'
/home/superconta/data/share/yugioh/tmp/agents/wave6-mid/build/8002FA54/v3/maspsx.s:22: Error: invalid operands `lui $at,%hi(%gp_rel)'
/home/superconta/data/share/yugioh/tmp/agents/wave6-mid/build/8002FA54/v3/maspsx.s:23: Error: operand 3 must be constant `addu $at,$at,D_8009B2A4'
/home/superconta/data/share/yugioh/tmp/agents/wave6-mid/build/8002FA54/v3/maspsx.s:24: Error: bad expression
/home/superconta/data/share/yugioh/tmp/agents/wave6-mid/build/8002FA54/v3/maspsx.s:24: Error: found 'g', expected: ')'
/home/superconta/data/share/yugioh/tmp/agents/wave6-mid/build/8002FA54/v3/maspsx.s:24: Error: invalid operands `lhu $3,%lo(%gp_rel)($at)'
"
0x8002FA54,4,gcc_2_8_1_g8,gcc_2_8_1_g8,nonmatch,byte +0x4: 14!=10; word +0x4: 1400bfaf!=1000bfaf
0x8002FA54,5,gcc_2_8_1_g8_split,gcc_2_8_1_g8_split,nonmatch,byte +0x12: 83!=84; word +0x10: 9c038397!=9c038497
0x8002FA54,6,gcc_2_8_1_g8,gcc_2_8_1_g8,deferred,byte +0x4: 14!=10; word +0x4: 1400bfaf!=1000bfaf
0x8002FED8,1,gcc_2_8_1_g0,gcc_2_8_1_g0,nonmatch,byte +0x48: 40!=21; word +0x48: 40180200!=21204000
0x8002FED8,2,gcc_2_8_1_g0,gcc_2_8_1_g0,nonmatch,byte +0x51: 10!=18; word +0x50: c0100300!=c0180300
0x8002FED8,3,gcc_2_8_1_g0,gcc_2_8_1_g0,nonmatch,byte +0x59: 2b!=23; word +0x58: 032b0200!=03230200
0x8002FED8,4,gcc_2_8_1_g0,gcc_2_8_1_g0,nonmatch,byte +0x51: 10!=18; word +0x50: c0100300!=c0180300
0x8002FED8,5,gcc_2_8_1_g0,gcc_2_8_1_g0,nonmatch,byte +0x51: 10!=18; word +0x50: c0100300!=c0180300
0x8002FED8,6,gcc_2_8_1_g0_split,gcc_2_8_1_g0_split,deferred,byte +0x51: 10!=18; word +0x50: c0100300!=c0180300
0x80031784,1,gcc_2_8_1_g0,gcc_2_8_1_g0,nonmatch,byte +0xc: 20!=24; word +0xc: 2000b4af!=2400b5af
0x80031784,2,gcc_2_8_1_g0,gcc_2_8_1_g0,nonmatch,byte +0xc: 20!=24; word +0xc: 2000b4af!=2400b5af
0x80031784,3,gcc_2_8_1_g0,gcc_2_8_1_g0,nonmatch,byte +0x4: 10!=20; word +0x4: 1000b0af!=2000b4af
0x80031784,4,gcc_2_8_1_g0,gcc_2_8_1_g0,nonmatch,byte +0xc: 20!=28; word +0xc: 2000b4af!=2800bfaf
0x80031784,5,gcc_2_8_1_g0_split,gcc_2_8_1_g0_split,nonmatch,byte +0xc: 20!=28; word +0xc: 2000b4af!=2800bfaf
0x80031784,6,gcc_2_8_1_g0,gcc_2_8_1_g0,deferred,byte +0xc: 20!=28; word +0xc: 2000b4af!=2800bfaf
0x8003700C,1,gcc_2_8_1_g8,gcc_2_8_1_g8,nonmatch,byte +0x0: 0a!=8c; word +0x0: 0a80023c!=8c048297
0x8003700C,2,gcc_2_8_1_g8,gcc_2_8_1_g8,nonmatch,byte +0x0: 0a!=e8; word +0x0: 0a80023c!=e8ffbd27
0x8003700C,3,gcc_2_8_1_g8,gcc_2_8_1_g8,nonmatch,byte +0x0: 0a!=e8; word +0x0: 0a80023c!=e8ffbd27
0x8003700C,4,gcc_2_8_1_g8,gcc_2_8_1_g8,nonmatch,byte +0x2: 02!=03; word +0x0: 0a80023c!=0a80033c
0x8003700C,5,gcc_2_8_1_g8,gcc_2_8_1_g8,nonmatch,byte +0x2: 02!=03; word +0x0: 0a80023c!=0a80033c
0x8003700C,6,gcc_2_8_1_g8_split,gcc_2_8_1_g8_split,deferred,byte +0x6: 42!=43; word +0x4: 94b34294!=94b34394
0x8002ABB4,1,gcc_2_8_1_g0,gcc_2_8_1_g0,matched,exact linked bytes and relocations
0x8002EB78,1,gcc_2_8_1_g8_split,gcc_2_8_1_g8_split,matched,exact linked bytes and relocations
0x80037A58,1,gcc_2_8_1_g8,gcc_2_8_1_g8,nonmatch,byte +0xb0: 00!=ff; word +0xb0: 00140200!=ffff4230
0x80037A58,2,gcc_2_8_1_g8,gcc_2_8_1_g8,matched,exact linked bytes and relocations
0x800391E4,1,gcc_2_8_1_g8,gcc_2_8_1_g8,nonmatch,byte +0x4: 14!=10; word +0x4: 1400b1af!=1000b0af
0x800391E4,2,gcc_2_8_1_g8_split,gcc_2_8_1_g8_split,nonmatch,byte +0x4: 14!=10; word +0x4: 1400b1af!=1000b0af
0x800391E4,3,gcc_2_8_1_g0,gcc_2_8_1_g0,nonmatch,byte +0x4: 14!=10; word +0x4: 1400b1af!=1000b0af
0x800391E4,4,gcc_2_8_1_g0_split,gcc_2_8_1_g0_split,nonmatch,byte +0x4: 14!=10; word +0x4: 1400b1af!=1000b0af
0x800391E4,5,gcc_2_8_1_g8,gcc_2_8_1_g8,nonmatch,byte +0x4: 14!=10; word +0x4: 1400b1af!=1000b0af
0x800391E4,6,gcc_2_8_1_g8_split,gcc_2_8_1_g8_split,deferred,byte +0x4: 14!=10; word +0x4: 1400b1af!=1000b0af
0x80039794,1,gcc_2_8_1_g8,gcc_2_8_1_g8,nonmatch,byte +0x0: d0!=e0; word +0x0: d0ffbd27!=e0ffbd27
0x80039794,2,gcc_2_8_1_g8_split,gcc_2_8_1_g8_split,nonmatch,byte +0x0: d0!=e0; word +0x0: d0ffbd27!=e0ffbd27
0x80039794,3,gcc_2_8_1_g0,gcc_2_8_1_g0,nonmatch,byte +0x0: d0!=e0; word +0x0: d0ffbd27!=e0ffbd27
0x80039794,4,gcc_2_8_1_g0_split,gcc_2_8_1_g0_split,nonmatch,byte +0x0: d0!=e0; word +0x0: d0ffbd27!=e0ffbd27
0x80039794,5,gcc_2_8_1_g8,gcc_2_8_1_g8,nonmatch,byte +0x0: d0!=e0; word +0x0: d0ffbd27!=e0ffbd27
0x80039794,6,gcc_2_8_1_g8_split,gcc_2_8_1_g8_split,deferred,byte +0x0: d0!=e0; word +0x0: d0ffbd27!=e0ffbd27
0x8003B378,1,gcc_2_8_1_g8,gcc_2_8_1_g8,nonmatch,byte +0x4: 10!=14; word +0x4: 1000b0af!=1400b1af
0x8003B378,2,gcc_2_8_1_g8_split,gcc_2_8_1_g8_split,nonmatch,byte +0x2c: 3e!=40; word +0x2c: 3eed0008!=40ed0008
0x8003B378,3,gcc_2_8_1_g0,gcc_2_8_1_g0,nonmatch,byte +0x2c: 3e!=40; word +0x2c: 3eed0008!=40ed0008
0x8003B378,4,gcc_2_8_1_g0_split,gcc_2_8_1_g0_split,nonmatch,byte +0x2c: 3e!=40; word +0x2c: 3eed0008!=40ed0008
0x8003B378,5,gcc_2_8_1_g8,gcc_2_8_1_g8,nonmatch,byte +0x4: 10!=14; word +0x4: 1000b0af!=1400b1af
0x8003B378,6,gcc_2_8_1_g8_split,gcc_2_8_1_g8_split,deferred,byte +0x4: 10!=14; word +0x4: 1000b0af!=1400b1af
0x8003B808,1,gcc_2_8_1_g0,gcc_2_8_1_g0,nonmatch,byte +0x10: 64!=5e; word +0x10: 64004010!=5e004010
0x8003B808,2,gcc_2_8_1_g0_split,gcc_2_8_1_g0_split,nonmatch,byte +0x10: 64!=5c; word +0x10: 64004010!=5c004010
0x8003B808,3,gcc_2_8_1_g8,gcc_2_8_1_g8,nonmatch,/home/superconta/data/share/yugioh/tools/toolchains/binutils-2.42/bin/mipsel-none-elf-ld failed (1): /home/superconta/data/share/yugioh/tools/toolchains/binutils-2.42/bin/mipsel-none-elf-ld: small-data section too large; lower small-data size limit (see option -G) /home/superconta/data/share/yugioh/tmp/agents/wave6-3xx/build/8003B808/v3/candidate.o: in function `func_8003B808': (.text+0x11c): relocation truncated to fit: R_MIPS_GPREL16 against `D_80010000' (.text+0x13c): relocation truncated to fit: R_MIPS_GPREL16 against `D_800101D8' 
0x8003B808,4,gcc_2_8_1_g8_split,gcc_2_8_1_g8_split,nonmatch,/home/superconta/data/share/yugioh/tools/toolchains/binutils-2.42/bin/mipsel-none-elf-ld failed (1): /home/superconta/data/share/yugioh/tools/toolchains/binutils-2.42/bin/mipsel-none-elf-ld: small-data section too large; lower small-data size limit (see option -G) /home/superconta/data/share/yugioh/tmp/agents/wave6-3xx/build/8003B808/v4/candidate.o: in function `func_8003B808': (.text+0x120): relocation truncated to fit: R_MIPS_GPREL16 against `D_80010000' (.text+0x140): relocation truncated to fit: R_MIPS_GPREL16 against `D_800101D8' 
0x8003B808,5,gcc_2_8_1_g0,gcc_2_8_1_g0,nonmatch,byte +0x10: 64!=5e; word +0x10: 64004010!=5e004010
0x8003B808,6,gcc_2_8_1_g0_split,gcc_2_8_1_g0_split,deferred,byte +0x10: 64!=5c; word +0x10: 64004010!=5c004010
0x8003BA14,1,gcc_2_8_1_g0,gcc_2_8_1_g0,nonmatch,byte +0x14: 2d!=24; word +0x14: 2d00b110!=2400b110
0x8003BA14,2,gcc_2_8_1_g0_split,gcc_2_8_1_g0_split,nonmatch,byte +0xc: 14!=18; word +0xc: 1400b1af!=1800bfaf
0x8003BA14,3,gcc_2_8_1_g8,gcc_2_8_1_g8,nonmatch,/home/superconta/data/share/yugioh/tools/toolchains/binutils-2.42/bin/mipsel-none-elf-ld failed (1): /home/superconta/data/share/yugioh/tools/toolchains/binutils-2.42/bin/mipsel-none-elf-ld: small-data section too large; lower small-data size limit (see option -G) /home/superconta/data/share/yugioh/tmp/agents/wave6-3xx/build/8003BA14/v3/candidate.o: in function `func_8003BA14': (.text+0x13c): relocation truncated to fit: R_MIPS_GPREL16 against `D_800101D8' 
0x8003BA14,4,gcc_2_8_1_g8_split,gcc_2_8_1_g8_split,nonmatch,/home/superconta/data/share/yugioh/tools/toolchains/binutils-2.42/bin/mipsel-none-elf-ld failed (1): /home/superconta/data/share/yugioh/tools/toolchains/binutils-2.42/bin/mipsel-none-elf-ld: small-data section too large; lower small-data size limit (see option -G) /home/superconta/data/share/yugioh/tmp/agents/wave6-3xx/build/8003BA14/v4/candidate.o: in function `func_8003BA14': (.text+0x13c): relocation truncated to fit: R_MIPS_GPREL16 against `D_800101D8' 
0x8003BA14,5,gcc_2_8_1_g0,gcc_2_8_1_g0,nonmatch,byte +0x14: 2d!=24; word +0x14: 2d00b110!=2400b110
0x8003BA14,6,gcc_2_8_1_g0_split,gcc_2_8_1_g0_split,deferred,byte +0x14: 2d!=24; word +0x14: 2d00b110!=2400b110
0x8003BD14,1,gcc_2_8_1_g0,gcc_2_8_1_g0,nonmatch,byte +0x14: 2d!=2a; word +0x14: 2d00b110!=2a00b110
0x8003BD14,2,gcc_2_8_1_g0_split,gcc_2_8_1_g0_split,nonmatch,byte +0xc: 14!=18; word +0xc: 1400b1af!=1800bfaf
0x8003BD14,3,gcc_2_8_1_g8,gcc_2_8_1_g8,nonmatch,/home/superconta/data/share/yugioh/tools/toolchains/binutils-2.42/bin/mipsel-none-elf-ld failed (1): /home/superconta/data/share/yugioh/tools/toolchains/binutils-2.42/bin/mipsel-none-elf-ld: small-data section too large; lower small-data size limit (see option -G) /home/superconta/data/share/yugioh/tmp/agents/wave6-3xx/build/8003BD14/v3/candidate.o: in function `func_8003BD14': (.text+0x120): relocation truncated to fit: R_MIPS_GPREL16 against `D_800101D8' 
0x8003BD14,4,gcc_2_8_1_g8_split,gcc_2_8_1_g8_split,nonmatch,/home/superconta/data/share/yugioh/tools/toolchains/binutils-2.42/bin/mipsel-none-elf-ld failed (1): /home/superconta/data/share/yugioh/tools/toolchains/binutils-2.42/bin/mipsel-none-elf-ld: small-data section too large; lower small-data size limit (see option -G) /home/superconta/data/share/yugioh/tmp/agents/wave6-3xx/build/8003BD14/v4/candidate.o: in function `func_8003BD14': (.text+0x120): relocation truncated to fit: R_MIPS_GPREL16 against `D_800101D8' 
0x8003BD14,5,gcc_2_8_1_g0,gcc_2_8_1_g0,nonmatch,byte +0x14: 2d!=2a; word +0x14: 2d00b110!=2a00b110
0x8003BD14,6,gcc_2_8_1_g0_split,gcc_2_8_1_g0_split,deferred,byte +0x14: 2d!=29; word +0x14: 2d00b110!=2900b110
0x8003BF00,1,gcc_2_8_1_g0,gcc_2_8_1_g0,nonmatch,byte +0xc: 68!=62; word +0xc: 68004010!=62004010
0x8003BF00,2,gcc_2_8_1_g0_split,gcc_2_8_1_g0_split,nonmatch,byte +0xc: 68!=60; word +0xc: 68004010!=60004010
0x8003BF00,3,gcc_2_8_1_g8,gcc_2_8_1_g8,nonmatch,/home/superconta/data/share/yugioh/tools/toolchains/binutils-2.42/bin/mipsel-none-elf-ld failed (1): /home/superconta/data/share/yugioh/tools/toolchains/binutils-2.42/bin/mipsel-none-elf-ld: small-data section too large; lower small-data size limit (see option -G) /home/superconta/data/share/yugioh/tmp/agents/wave6-3xx/build/8003BF00/v3/candidate.o: in function `func_8003BF00': (.text+0x40): relocation truncated to fit: R_MIPS_GPREL16 against `D_800101D8' (.text+0x60): relocation truncated to fit: R_MIPS_GPREL16 against `D_80010000' 
0x8003BF00,4,gcc_2_8_1_g8_split,gcc_2_8_1_g8_split,nonmatch,/home/superconta/data/share/yugioh/tools/toolchains/binutils-2.42/bin/mipsel-none-elf-ld failed (1): /home/superconta/data/share/yugioh/tools/toolchains/binutils-2.42/bin/mipsel-none-elf-ld: small-data section too large; lower small-data size limit (see option -G) /home/superconta/data/share/yugioh/tmp/agents/wave6-3xx/build/8003BF00/v4/candidate.o: in function `func_8003BF00': (.text+0x44): relocation truncated to fit: R_MIPS_GPREL16 against `D_800101D8' (.text+0x64): relocation truncated to fit: R_MIPS_GPREL16 against `D_80010000' 
0x8003BF00,5,gcc_2_8_1_g0,gcc_2_8_1_g0,nonmatch,byte +0xc: 68!=62; word +0xc: 68004010!=62004010
0x8003BF00,6,gcc_2_8_1_g0_split,gcc_2_8_1_g0_split,deferred,byte +0xc: 68!=60; word +0xc: 68004010!=60004010
0x8003C120,1,gcc_2_8_1_g0,gcc_2_8_1_g0,nonmatch,byte +0x14: 2b!=29; word +0x14: 2b00b110!=2900b110
0x8003C120,2,gcc_2_8_1_g0_split,gcc_2_8_1_g0_split,nonmatch,byte +0xc: 14!=18; word +0xc: 1400b1af!=1800bfaf
0x8003C120,3,gcc_2_8_1_g8,gcc_2_8_1_g8,nonmatch,byte +0xc: 14!=18; word +0xc: 1400b1af!=1800bfaf
0x8003C120,4,gcc_2_8_1_g8_split,gcc_2_8_1_g8_split,nonmatch,byte +0xc: 14!=18; word +0xc: 1400b1af!=1800bfaf
0x8003C120,5,gcc_2_8_1_g0,gcc_2_8_1_g0,nonmatch,byte +0x14: 2b!=29; word +0x14: 2b00b110!=2900b110
0x8003C120,6,gcc_2_8_1_g0_split,gcc_2_8_1_g0_split,deferred,byte +0x14: 2b!=28; word +0x14: 2b00b110!=2800b110
0x8003DA40,1,gcc_2_8_1_g8,gcc_2_8_1_g8,nonmatch,byte +0x18: 80!=01; word +0x18: 80006230!=01006230
0x8003DA40,2,gcc_2_8_1_g8_split,gcc_2_8_1_g8_split,nonmatch,byte +0x18: 80!=01; word +0x18: 80006230!=01006230
0x8003DA40,3,gcc_2_8_1_g0,gcc_2_8_1_g0,nonmatch,byte +0x0: b9!=0a; word +0x0: b9048393!=0a80033c
0x8003DA40,4,gcc_2_8_1_g0_split,gcc_2_8_1_g0_split,nonmatch,byte +0x0: b9!=c8; word +0x0: b9048393!=c8ffbd27
0x8003DA40,5,gcc_2_8_1_g8,gcc_2_8_1_g8,nonmatch,byte +0x18: 80!=01; word +0x18: 80006230!=01006230
0x8003DA40,6,gcc_2_8_1_g8_split,gcc_2_8_1_g8_split,deferred,byte +0x18: 80!=01; word +0x18: 80006230!=01006230
0x80041F90,1,gcc_2_8_1_g8,gcc_2_8_1_g8,nonmatch,byte +0x0: d8!=e8; word +0x0: d8ffbd27!=e8ffbd27
0x80041F90,2,gcc_2_8_1_g8_split,gcc_2_8_1_g8_split,nonmatch,byte +0x0: d8!=e8; word +0x0: d8ffbd27!=e8ffbd27
0x80041F90,3,gcc_2_8_1_g0,gcc_2_8_1_g0,nonmatch,byte +0x0: d8!=e8; word +0x0: d8ffbd27!=e8ffbd27
0x80041F90,4,gcc_2_8_1_g0_split,gcc_2_8_1_g0_split,nonmatch,byte +0x0: d8!=e8; word +0x0: d8ffbd27!=e8ffbd27
0x80041F90,5,gcc_2_8_1_g8,gcc_2_8_1_g8,nonmatch,byte +0x0: d8!=e8; word +0x0: d8ffbd27!=e8ffbd27
0x80041F90,6,gcc_2_8_1_g8_split,gcc_2_8_1_g8_split,deferred,byte +0x0: d8!=e8; word +0x0: d8ffbd27!=e8ffbd27
0x80045334,1,gcc_2_8_1_g0,gcc_2_8_1_g0,nonmatch,byte +0x8: a8!=b8; word +0x8: a8ffbd27!=b8ffbd27; relocations differ
0x80045334,2,gcc_2_8_1_g0,gcc_2_8_1_g0,nonmatch,byte +0x2c: 33!=34; word +0x2c: 33004010!=34004010; relocations differ
0x80045334,3,gcc_2_8_1_g0,gcc_2_8_1_g0,nonmatch,byte +0x2c: 33!=34; word +0x2c: 33004010!=34004010; relocations differ
0x80045334,4,gcc_2_8_1_g0,gcc_2_8_1_g0,nonmatch,byte +0x2c: 33!=34; word +0x2c: 33004010!=34004010; relocations differ
0x80045334,5,gcc_2_8_1_g0,gcc_2_8_1_g0,nonmatch,byte +0x72: 73!=93; word +0x70: 00607326!=00609324
0x80045334,6,gcc_2_8_1_g0,gcc_2_8_1_g0,deferred,byte +0x2c: 33!=34; word +0x2c: 33004010!=34004010; relocations differ
0x80047DB0,1,gcc_2_8_1_g0,gcc_2_8_1_g0,nonmatch,byte +0x4: 21!=14; word +0x4: 21288000!=1400b1af; relocations differ
0x80047DB0,2,gcc_2_8_1_g0,gcc_2_8_1_g0,nonmatch,byte +0x8: 21!=00; word +0x8: 2120a000!=0080a230; relocations differ
0x80047DB0,3,gcc_2_8_1_g0,gcc_2_8_1_g0,nonmatch,byte +0x4: 21!=24; word +0x4: 21288000!=2400bfaf; relocations differ
0x80047DB0,4,gcc_2_8_1_g0,gcc_2_8_1_g0,nonmatch,byte +0x8: 21!=00; word +0x8: 2120a000!=0080a230; relocations differ
0x80047DB0,5,gcc_2_8_1_g0,gcc_2_8_1_g0,nonmatch,byte +0x44: 00!=01; word +0x44: 00f0a330!=01001224
0x80047DB0,6,gcc_2_8_1_g0,gcc_2_8_1_g0,deferred,byte +0x75: 18!=20; word +0x74: 21186400!=21208300
0x80048658,1,gcc_2_8_1_g0,gcc_2_8_1_g0,nonmatch,byte +0x9: 40!=50; word +0x8: 21408000!=2150a000; relocations differ
0x80048658,2,gcc_2_8_1_g0,gcc_2_8_1_g0,nonmatch,byte +0x9: 40!=38; word +0x8: 21408000!=2138c000; relocations differ
0x80048658,3,gcc_2_8_1_g0,gcc_2_8_1_g0,nonmatch,byte +0x20: 21!=ff; word +0x20: 21200001!=ffff2431; relocations differ
0x80048658,4,gcc_2_8_1_g0,gcc_2_8_1_g0,nonmatch,byte +0x1c: 06!=05; word +0x1c: 06004010!=05004010; relocations differ
0x80048658,5,gcc_2_8_1_g0,gcc_2_8_1_g0,nonmatch,byte +0x30: d6!=d7; word +0x30: d6210108!=d7210108; relocations differ
0x80048658,6,gcc_2_8_1_g0,gcc_2_8_1_g0,deferred,byte +0x30: d6!=d7; word +0x30: d6210108!=d7210108; relocations differ
0x80048920,1,gcc_2_8_1_g0,gcc_2_8_1_g0,nonmatch,byte +0x4: 21!=20; word +0x4: 21308000!=2000b2af; relocations differ
0x80048920,2,gcc_2_8_1_g0,gcc_2_8_1_g0,nonmatch,byte +0x40: 21!=ff; word +0x40: 21800000!=ffffd230; relocations differ
0x80048920,3,gcc_2_8_1_g0,gcc_2_8_1_g0,nonmatch,byte +0x5: 30!=38; word +0x4: 21308000!=21388000; relocations differ
0x80048920,4,gcc_2_8_1_g0,gcc_2_8_1_g0,nonmatch,byte +0x5: 30!=38; word +0x4: 21308000!=21388000; relocations differ
0x80048920,5,gcc_2_8_1_g0,gcc_2_8_1_g0,nonmatch,byte +0x44: 1f!=00; word +0x44: 1f008230!=00018330; relocations differ
0x80048920,6,gcc_2_8_1_g0,gcc_2_8_1_g0,deferred,byte +0x66: 82!=44; word +0x64: 21108200!=21104400
0x80048F14,1,gcc_2_8_1_g0,gcc_2_8_1_g0,nonmatch,byte +0x0: d0!=d8; word +0x0: d0ffbd27!=d8ffbd27; relocations differ
0x80048F14,2,gcc_2_8_1_g0,gcc_2_8_1_g0,nonmatch,byte +0x3e: 05!=06; word +0x3c: 1e80053c!=1e80063c; relocations differ
0x80048F14,3,gcc_2_8_1_g0_split,gcc_2_8_1_g0_split,nonmatch,byte +0x3e: 05!=06; word +0x3c: 1e80053c!=1e80063c; relocations differ
0x80048F14,4,gcc_2_8_1_g0,gcc_2_8_1_g0,nonmatch,byte +0x44: 0a!=1e; word +0x44: 0a80023c!=1e80043c; relocations differ
0x80048F14,5,gcc_2_8_1_g0,gcc_2_8_1_g0,nonmatch,byte +0x3e: 05!=04; word +0x3c: 1e80053c!=1e80043c; relocations differ
0x80048F14,6,gcc_2_8_1_g0,gcc_2_8_1_g0,deferred,byte +0x3e: 05!=04; word +0x3c: 1e80053c!=1e80043c; relocations differ
0x80043230,1,gcc_2_8_1_g0,gcc_2_8_1_g0,matched,exact linked bytes and relocations
0x80047CC4,1,gcc_2_8_1_g0,gcc_2_8_1_g0,nonmatch,byte +0x66: 62!=43; word +0x64: 21106200!=21104300
0x80047CC4,2,gcc_2_8_1_g0,gcc_2_8_1_g0,nonmatch,byte +0x19: 30!=38; word +0x18: 21304000!=21384000; relocations differ
0x80047CC4,3,gcc_2_8_1_g0,gcc_2_8_1_g0,nonmatch,byte +0x2e: 03!=04; word +0x2c: 01000324!=01000424; relocations differ
0x80047CC4,4,gcc_2_8_1_g0,gcc_2_8_1_g0,nonmatch,byte +0x32: 02!=04; word +0x30: ff000232!=ff000432; relocations differ
0x80047CC4,5,gcc_2_8_1_g0,gcc_2_8_1_g0,matched,exact linked bytes and relocations
0x80049DD8,1,gcc_2_8_1_g0,gcc_2_8_1_g0,matched,exact linked bytes and relocations
0x8004ACE4,1,gcc_2_8_1_g0,gcc_2_8_1_g0,nonmatch,byte +0x28: 06!=10; word +0x28: 06000224!=1000a427
0x8004ACE4,2,gcc_2_8_1_g0,gcc_2_8_1_g0,nonmatch,byte +0xe: bf!=b2; word +0xc: 3000bfaf!=3000b2af; relocations differ
0x8004ACE4,3,gcc_2_8_1_g0,gcc_2_8_1_g0,nonmatch,byte +0x1c: 05!=06; word +0x1c: 05006210!=06006210; relocations differ
0x8004ACE4,4,gcc_2_8_1_g0,gcc_2_8_1_g0,nonmatch,byte +0x1c: 05!=06; word +0x1c: 05006210!=06006210; relocations differ
0x8004ACE4,5,gcc_2_8_1_g0,gcc_2_8_1_g0,matched,exact linked bytes and relocations
0x8004B734,1,gcc_2_8_1_g0,gcc_2_8_1_g0,nonmatch,byte +0x1c: 3c!=3b; word +0x1c: 3c004010!=3b004010
0x8004B734,2,gcc_2_8_1_g0,gcc_2_8_1_g0,matched,exact linked bytes and relocations
0x80059908,1,gcc_2_8_1_g0,gcc_2_8_1_g0,nonmatch,byte +0x0: d0!=d8; word +0x0: d0ffbd27!=d8ffbd27; relocations differ
0x80059908,2,gcc_2_8_1_g0,gcc_2_8_1_g0,nonmatch,byte +0xc: 24!=10; word +0xc: 2400b5af!=1000b0af; relocations differ
0x80059908,3,gcc_2_8_1_g0,gcc_2_8_1_g0,nonmatch,byte +0x67: 00!=02; word +0x64: 21280000!=21280002; relocations differ
0x80059908,4,gcc_2_8_1_g0,gcc_2_8_1_g0,nonmatch,byte +0xc: 24!=10; word +0xc: 2400b5af!=1000b0af; relocations differ
0x80059908,5,gcc_2_8_1_g0,gcc_2_8_1_g0,nonmatch,byte +0x61: 20!=28; word +0x60: 21204002!=21280000; relocations differ
0x80059908,6,gcc_2_8_1_g0,gcc_2_8_1_g0,deferred,byte +0x79: 88!=20; word +0x78: 21888002!=21204002; relocations differ
0x80059DD8,1,gcc_2_8_1_g0,gcc_2_8_1_g0,nonmatch,byte +0x0: d0!=d8; word +0x0: d0ffbd27!=d8ffbd27; relocations differ
0x80059DD8,2,gcc_2_8_1_g0,gcc_2_8_1_g0,nonmatch,byte +0x4: c0!=1c; word +0x4: c0100400!=1c00b3af; relocations differ
0x80059DD8,3,gcc_2_8_1_g0_split,gcc_2_8_1_g0_split,nonmatch,byte +0x4: c0!=1c; word +0x4: c0100400!=1c00b3af; relocations differ
0x80059DD8,4,gcc_2_8_1_g0_split,gcc_2_8_1_g0_split,nonmatch,byte +0x34: 28!=24; word +0x34: 2800bfaf!=2400b5af; relocations differ
0x80059DD8,5,gcc_2_8_1_g0_split,gcc_2_8_1_g0_split,nonmatch,byte +0x28: 18!=28; word +0x28: 1800b2af!=2800bfaf; relocations differ
0x80059DD8,6,gcc_2_8_1_g0,gcc_2_8_1_g0,deferred,byte +0x30: 06!=24; word +0x30: 0680023c!=2400b5af; relocations differ
0x80070F1C,1,gcc_2_8_1_g0,gcc_2_8_1_g0,nonmatch,byte +0x0: d8!=e0; word +0x0: d8ffbd27!=e0ffbd27; relocations differ
0x80070F1C,2,gcc_2_8_1_g0,gcc_2_8_1_g0,nonmatch,byte +0x68: 0f!=00; word +0x68: 0f80033c!=0000438c; relocations differ
0x80070F1C,3,gcc_2_8_1_g0,gcc_2_8_1_g0,nonmatch,byte +0x0: d8!=e8; word +0x0: d8ffbd27!=e8ffbd27; relocations differ
0x80070F1C,4,gcc_2_8_1_g0_split,gcc_2_8_1_g0_split,nonmatch,byte +0x60: 80!=0f; word +0x60: 80100200!=0f80033c; relocations differ
0x80070F1C,5,gcc_2_8_1_g0_split,gcc_2_8_1_g0_split,nonmatch,byte +0x0: d8!=e8; word +0x0: d8ffbd27!=e8ffbd27; relocations differ
0x80070F1C,6,gcc_2_8_1_g0_split,gcc_2_8_1_g0_split,deferred,byte +0x78: 0b!=08; word +0x78: 0b008014!=08008010; relocations differ
0x800533D8,1,gcc_2_8_1_g8,gcc_2_8_1_g8,nonmatch,byte +0x4: 12!=01; word +0x4: 1200a327!=01000424; relocations differ
0x800533D8,2,gcc_2_8_1_g8,gcc_2_8_1_g8,nonmatch,byte +0x6: a3!=a2; word +0x4: 1200a327!=1200a227
0x800533D8,3,gcc_2_8_1_g8,gcc_2_8_1_g8,nonmatch,byte +0x91: 20!=10; word +0x90: 21200000!=21100000; relocations differ
0x800533D8,4,gcc_2_8_1_g8,gcc_2_8_1_g8,nonmatch,byte +0x96: 02!=03; word +0x94: 0f80023c!=0f80033c
0x800533D8,5,gcc_2_8_1_g8_split,gcc_2_8_1_g8_split,matched,exact linked bytes and relocations
0x80059CE4,1,gcc_2_8_1_g8,gcc_2_8_1_g8,nonmatch,byte +0x4: 0f!=10; word +0x4: 0f80023c!=1000b0af; relocations differ
0x80059CE4,2,gcc_2_8_1_g8,gcc_2_8_1_g8,nonmatch,byte +0x4: 0f!=10; word +0x4: 0f80023c!=1000b0af; relocations differ
0x80059CE4,3,gcc_2_8_1_g8_split,gcc_2_8_1_g8_split,nonmatch,byte +0x4: 0f!=10; word +0x4: 0f80023c!=1000b0af; relocations differ
0x80059CE4,4,gcc_2_8_1_g8_split,gcc_2_8_1_g8_split,matched,exact linked bytes and relocations
0x8005A1F4,1,gcc_2_8_1_g0,gcc_2_8_1_g0,nonmatch,byte +0x8: 18!=10; word +0x8: 1800a427!=1000a427; relocations differ
0x8005A1F4,2,gcc_2_8_1_g0,gcc_2_8_1_g0,nonmatch,byte +0x46: 82!=84; word +0x44: f0568294!=f0568424; relocations differ
0x8005A1F4,3,gcc_2_8_1_g0_split,gcc_2_8_1_g0_split,matched,exact linked bytes and relocations
0x8005A2E0,1,gcc_2_8_1_g0,gcc_2_8_1_g0,nonmatch,byte +0x8: 18!=10; word +0x8: 1800a427!=1000a427
0x8005A2E0,2,gcc_2_8_1_g0,gcc_2_8_1_g0,nonmatch,byte +0x44: f0!=fc; word +0x44: f0568424!=fc568424
0x8005A2E0,3,gcc_2_8_1_g0_split,gcc_2_8_1_g0_split,matched,exact linked bytes and relocations
0x8005F828,1,gcc_2_8_1_g8,gcc_2_8_1_g8,nonmatch,byte +0x1c: 1c!=20; word +0x1c: 1c00b3af!=2000b4af; relocations differ
0x8005F828,2,gcc_2_8_1_g8,gcc_2_8_1_g8,nonmatch,byte +0x2c: 05!=24; word +0x2c: 05006214!=2400bfaf; relocations differ
0x8005F828,3,gcc_2_8_1_g8,gcc_2_8_1_g8,nonmatch,byte +0x3c: 26!=25; word +0x3c: 26004310!=25004310; relocations differ
0x8005F828,4,gcc_2_8_1_g8,gcc_2_8_1_g8,matched,exact linked bytes and relocations
0x800610E0,1,gcc_2_8_1_g0,gcc_2_8_1_g0,nonmatch,tool error: /home/superconta/data/share/yugioh/tools/toolchains/gcc-2.8.1-psx/bin/mips-sony-psx-gcc failed (1):
0x800610E0,2,gcc_2_8_1_g0,gcc_2_8_1_g0,matched,exact linked bytes and relocations
0x800611D0,1,gcc_2_8_1_g0,gcc_2_8_1_g0,nonmatch,tool error: /home/superconta/data/share/yugioh/tools/toolchains/gcc-2.8.1-psx/bin/mips-sony-psx-gcc failed (1):
0x800611D0,2,gcc_2_8_1_g0,gcc_2_8_1_g0,nonmatch,byte +0x6: 08!=03; word +0x4: 1d80083c!=1d80033c; relocations differ
0x800611D0,3,gcc_2_8_1_g0_split,gcc_2_8_1_g0_split,matched,exact linked bytes and relocations
0x800151D8,1,gcc_2_8_1_g8_split,gcc_2_8_1_g8_split,nonmatch,byte +0x10: 07!=00; word +0x10: 0700c890!=00000000; relocations differ
0x800151D8,2,gcc_2_8_1_g8,gcc_2_8_1_g8,nonmatch,byte +0x2: 02!=06; word +0x0: 0f80023c!=0f80063c; relocations differ
0x800151D8,3,gcc_2_8_1_g0,gcc_2_8_1_g0,nonmatch,byte +0x2: 02!=06; word +0x0: 0f80023c!=0f80063c; relocations differ
0x800151D8,4,gcc_2_8_1_g0_split,gcc_2_8_1_g0_split,nonmatch,byte +0x10: 07!=00; word +0x10: 0700c890!=00000000; relocations differ
0x800151D8,5,gcc_2_8_1_g8_split,gcc_2_8_1_g8_split,nonmatch,/home/superconta/data/share/yugioh/tools/toolchains/gcc-2.8.1-psx/bin/mips-sony-psx-gcc failed (1): /home/superconta/data/share/yugioh/tmp/agents/wave7-early/variants/800151D8/v5.c: In function `func_800151D8': /home/superconta/data/share/yugioh/tmp/agents/wave7-early/variants/800151D8/v5.c:7: parse error before `*' /home/superconta/data/share/yugioh/tmp/agents/wave7-early/variants/800151D8/v5.c:8: `moving_down' undeclared (first use in this function) /home/superconta/data/share/yugioh/tmp/agents/wave7-early/variants/800151D8/v5.c:8: (Each undeclared identifier is reported only once /home/superconta/data/share/yugioh/tmp/agents/wave7-early/variants/800151D8/v5.c:8: for each function it appears in.) /home/superconta/data/share/yugioh/tmp/agents/wave7-early/variants/800151D8/v5.c:8: `s' undeclared (first use in this function) /home/superconta/data/share/yugioh/tmp/agents/wave7-early/variants/800151D8/v5.c:8: `i' undeclared (first use in this function) /home/superconta/data/share/yugioh/tmp/agents/wave7-early/variants/800151D8/v5.c:8: `value' undeclared (first use in this function) 
0x800151D8,6,gcc_2_8_1_g8_split,gcc_2_8_1_g8_split,deferred,/home/superconta/data/share/yugioh/tools/toolchains/gcc-2.8.1-psx/bin/mips-sony-psx-gcc failed (1): /home/superconta/data/share/yugioh/tmp/agents/wave7-early/variants/800151D8/v6.c: In function `func_800151D8': /home/superconta/data/share/yugioh/tmp/agents/wave7-early/variants/800151D8/v6.c:7: parse error before `*' /home/superconta/data/share/yugioh/tmp/agents/wave7-early/variants/800151D8/v6.c:8: `moving_down' undeclared (first use in this function) /home/superconta/data/share/yugioh/tmp/agents/wave7-early/variants/800151D8/v6.c:8: (Each undeclared identifier is reported only once /home/superconta/data/share/yugioh/tmp/agents/wave7-early/variants/800151D8/v6.c:8: for each function it appears in.) /home/superconta/data/share/yugioh/tmp/agents/wave7-early/variants/800151D8/v6.c:8: `s' undeclared (first use in this function) /home/superconta/data/share/yugioh/tmp/agents/wave7-early/variants/800151D8/v6.c:8: `i' undeclared (first use in this function) /home/superconta/data/share/yugioh/tmp/agents/wave7-early/variants/800151D8/v6.c:8: `value' undeclared (first use in this function) 
0x800175A0,1,gcc_2_8_1_g8_split,gcc_2_8_1_g8_split,nonmatch,byte +0x0: f8!=0a; word +0x0: f8ffbd27!=0a80023c; relocations differ
0x800175A0,2,gcc_2_8_1_g8,gcc_2_8_1_g8,nonmatch,byte +0x0: f8!=0a; word +0x0: f8ffbd27!=0a80023c; relocations differ
0x800175A0,3,gcc_2_8_1_g0,gcc_2_8_1_g0,nonmatch,byte +0x0: f8!=0a; word +0x0: f8ffbd27!=0a80023c; relocations differ
0x800175A0,4,gcc_2_8_1_g0_split,gcc_2_8_1_g0_split,nonmatch,byte +0x0: f8!=0a; word +0x0: f8ffbd27!=0a80023c; relocations differ
0x800175A0,5,gcc_2_8_1_g8_split,gcc_2_8_1_g8_split,nonmatch,/home/superconta/data/share/yugioh/tools/toolchains/gcc-2.8.1-psx/bin/mips-sony-psx-gcc failed (1): /home/superconta/data/share/yugioh/tmp/agents/wave7-early/variants/800175A0/v5.c: In function `func_800175A0': /home/superconta/data/share/yugioh/tmp/agents/wave7-early/variants/800175A0/v5.c:7: parse error before `int' /home/superconta/data/share/yugioh/tmp/agents/wave7-early/variants/800175A0/v5.c:7: `limits' undeclared (first use in this function) /home/superconta/data/share/yugioh/tmp/agents/wave7-early/variants/800175A0/v5.c:7: (Each undeclared identifier is reported only once /home/superconta/data/share/yugioh/tmp/agents/wave7-early/variants/800175A0/v5.c:7: for each function it appears in.) /home/superconta/data/share/yugioh/tmp/agents/wave7-early/variants/800175A0/v5.c:8: `i' undeclared (first use in this function) /home/superconta/data/share/yugioh/tmp/agents/wave7-early/variants/800175A0/v5.c:8: `j' undeclared (first use in this function) 
0x800175A0,6,gcc_2_8_1_g8_split,gcc_2_8_1_g8_split,deferred,/home/superconta/data/share/yugioh/tools/toolchains/gcc-2.8.1-psx/bin/mips-sony-psx-gcc failed (1): /home/superconta/data/share/yugioh/tmp/agents/wave7-early/variants/800175A0/v6.c: In function `func_800175A0': /home/superconta/data/share/yugioh/tmp/agents/wave7-early/variants/800175A0/v6.c:7: parse error before `int' /home/superconta/data/share/yugioh/tmp/agents/wave7-early/variants/800175A0/v6.c:7: `limits' undeclared (first use in this function) /home/superconta/data/share/yugioh/tmp/agents/wave7-early/variants/800175A0/v6.c:7: (Each undeclared identifier is reported only once /home/superconta/data/share/yugioh/tmp/agents/wave7-early/variants/800175A0/v6.c:7: for each function it appears in.) /home/superconta/data/share/yugioh/tmp/agents/wave7-early/variants/800175A0/v6.c:8: `i' undeclared (first use in this function) /home/superconta/data/share/yugioh/tmp/agents/wave7-early/variants/800175A0/v6.c:8: `j' undeclared (first use in this function) 
0x8001944C,1,gcc_2_8_1_g8_split,gcc_2_8_1_g8_split,nonmatch,/home/superconta/data/share/yugioh/tools/toolchains/binutils-2.42/bin/mipsel-none-elf-ld failed (1): /home/superconta/data/share/yugioh/tools/toolchains/binutils-2.42/bin/mipsel-none-elf-ld: small-data section too large; lower small-data size limit (see option -G) /home/superconta/data/share/yugioh/tmp/agents/wave7-early/build/8001944C/v1/candidate.o: in function `func_8001944C': (.text+0x34): relocation truncated to fit: R_MIPS_GPREL16 against `D_800E9D70' (.text+0x38): relocation truncated to fit: R_MIPS_GPREL16 against `D_800E9D70' (.text+0x44): relocation truncated to fit: R_MIPS_GPREL16 against `D_800E9D70' (.text+0x54): relocation truncated to fit: R_MIPS_GPREL16 against `D_800E9D70' (.text+0x58): relocation truncated to fit: R_MIPS_GPREL16 against `D_800E9D70' (.text+0x84): relocation truncated to fit: R_MIPS_GPREL16 against `D_800E9D70' (.text+0xd4): relocation truncated to fit: R_MIPS_GPREL16 against `D_800E9D70' (.text+0xdc): relocation truncated to fit: R_MIPS_GPREL16 against `D_800E9D70' (.text+0xe4): relocation truncated to fit: R_MIPS_GPREL16 against `D_800E9D70' (.text+0xec): relocation truncated to fit: R_MIPS_GPREL16 against `D_800E9D70' 
0x8001944C,2,gcc_2_8_1_g8_split,gcc_2_8_1_g8_split,nonmatch,byte +0x0: e0!=e8; word +0x0: e0ffbd27!=e8ffbd27; relocations differ
0x8001944C,3,gcc_2_8_1_g8,gcc_2_8_1_g8,nonmatch,byte +0x0: e0!=e8; word +0x0: e0ffbd27!=e8ffbd27; relocations differ
0x8001944C,4,gcc_2_8_1_g0,gcc_2_8_1_g0,nonmatch,byte +0x0: e0!=e8; word +0x0: e0ffbd27!=e8ffbd27; relocations differ
0x8001944C,5,gcc_2_8_1_g8_split,gcc_2_8_1_g8_split,nonmatch,/home/superconta/data/share/yugioh/tools/toolchains/gcc-2.8.1-psx/bin/mips-sony-psx-gcc failed (1): /home/superconta/data/share/yugioh/tmp/agents/wave7-early/variants/8001944C/v5.c: In function `func_8001944C': /home/superconta/data/share/yugioh/tmp/agents/wave7-early/variants/8001944C/v5.c:6: parse error before `*' /home/superconta/data/share/yugioh/tmp/agents/wave7-early/variants/8001944C/v5.c:7: `p' undeclared (first use in this function) /home/superconta/data/share/yugioh/tmp/agents/wave7-early/variants/8001944C/v5.c:7: (Each undeclared identifier is reported only once /home/superconta/data/share/yugioh/tmp/agents/wave7-early/variants/8001944C/v5.c:7: for each function it appears in.) /home/superconta/data/share/yugioh/tmp/agents/wave7-early/variants/8001944C/v5.c:7: `i' undeclared (first use in this function) 
0x8001944C,6,gcc_2_8_1_g8_split,gcc_2_8_1_g8_split,deferred,/home/superconta/data/share/yugioh/tools/toolchains/gcc-2.8.1-psx/bin/mips-sony-psx-gcc failed (1): /home/superconta/data/share/yugioh/tmp/agents/wave7-early/variants/8001944C/v6.c: In function `func_8001944C': /home/superconta/data/share/yugioh/tmp/agents/wave7-early/variants/8001944C/v6.c:6: parse error before `*' /home/superconta/data/share/yugioh/tmp/agents/wave7-early/variants/8001944C/v6.c:7: `p' undeclared (first use in this function) /home/superconta/data/share/yugioh/tmp/agents/wave7-early/variants/8001944C/v6.c:7: (Each undeclared identifier is reported only once /home/superconta/data/share/yugioh/tmp/agents/wave7-early/variants/8001944C/v6.c:7: for each function it appears in.) /home/superconta/data/share/yugioh/tmp/agents/wave7-early/variants/8001944C/v6.c:7: `i' undeclared (first use in this function) 
0x800245EC,1,gcc_2_8_1_g8,gcc_2_8_1_g8,nonmatch,byte +0x0: 21!=14; word +0x0: 21308000!=1400a014; relocations differ
0x800245EC,2,gcc_2_8_1_g8,gcc_2_8_1_g8,nonmatch,byte +0x6: c7!=c3; word +0x4: 3800c78c!=3800c38c; relocations differ
0x800245EC,3,gcc_2_8_1_g8_split,gcc_2_8_1_g8_split,nonmatch,byte +0x10: dc!=00; word +0x10: dcff043c!=00080224; relocations differ
0x800245EC,4,gcc_2_8_1_g8,gcc_2_8_1_g8,nonmatch,byte +0x10: dc!=00; word +0x10: dcff043c!=00080224; relocations differ
0x800245EC,5,gcc_2_8_1_g8,gcc_2_8_1_g8,nonmatch,/home/superconta/data/share/yugioh/tools/toolchains/gcc-2.8.1-psx/bin/mips-sony-psx-gcc failed (1): /home/superconta/data/share/yugioh/tmp/agents/wave7-early/variants/800245EC/v5.c: In function `func_800245EC': /home/superconta/data/share/yugioh/tmp/agents/wave7-early/variants/800245EC/v5.c:6: parse error before `register' /home/superconta/data/share/yugioh/tmp/agents/wave7-early/variants/800245EC/v5.c:7: `ids' undeclared (first use in this function) /home/superconta/data/share/yugioh/tmp/agents/wave7-early/variants/800245EC/v5.c:7: (Each undeclared identifier is reported only once /home/superconta/data/share/yugioh/tmp/agents/wave7-early/variants/800245EC/v5.c:7: for each function it appears in.) /home/superconta/data/share/yugioh/tmp/agents/wave7-early/variants/800245EC/v5.c:7: `one' undeclared (first use in this function) /home/superconta/data/share/yugioh/tmp/agents/wave7-early/variants/800245EC/v5.c:7: warning: assignment makes integer from pointer without a cast /home/superconta/data/share/yugioh/tmp/agents/wave7-early/variants/800245EC/v5.c:7: warning: assignment makes integer from pointer without a cast /home/superconta/data/share/yugioh/tmp/agents/wave7-early/variants/800245EC/v5.c:8: warning: assignment makes integer from pointer without a cast /home/superconta/data/share/yugioh/tmp/agents/wave7-early/variants/800245EC/v5.c:8: warning: assignment makes integer from pointer without a cast 
0x800245EC,6,gcc_2_8_1_g8,gcc_2_8_1_g8,deferred,/home/superconta/data/share/yugioh/tools/toolchains/gcc-2.8.1-psx/bin/mips-sony-psx-gcc failed (1): /home/superconta/data/share/yugioh/tmp/agents/wave7-early/variants/800245EC/v6.c: In function `func_800245EC': /home/superconta/data/share/yugioh/tmp/agents/wave7-early/variants/800245EC/v6.c:6: parse error before `register' /home/superconta/data/share/yugioh/tmp/agents/wave7-early/variants/800245EC/v6.c:7: `ids' undeclared (first use in this function) /home/superconta/data/share/yugioh/tmp/agents/wave7-early/variants/800245EC/v6.c:7: (Each undeclared identifier is reported only once /home/superconta/data/share/yugioh/tmp/agents/wave7-early/variants/800245EC/v6.c:7: for each function it appears in.) /home/superconta/data/share/yugioh/tmp/agents/wave7-early/variants/800245EC/v6.c:7: `one' undeclared (first use in this function) /home/superconta/data/share/yugioh/tmp/agents/wave7-early/variants/800245EC/v6.c:7: warning: assignment makes integer from pointer without a cast /home/superconta/data/share/yugioh/tmp/agents/wave7-early/variants/800245EC/v6.c:7: warning: assignment makes integer from pointer without a cast /home/superconta/data/share/yugioh/tmp/agents/wave7-early/variants/800245EC/v6.c:8: warning: assignment makes integer from pointer without a cast /home/superconta/data/share/yugioh/tmp/agents/wave7-early/variants/800245EC/v6.c:8: warning: assignment makes integer from pointer without a cast 
0x80024C1C,1,gcc_2_8_1_g8_split,gcc_2_8_1_g8_split,nonmatch,byte +0x54: 67!=63; word +0x54: 670080a0!=630080a0
0x80024C1C,2,gcc_2_8_1_g8_split,gcc_2_8_1_g8_split,nonmatch,byte +0xdc: 07!=06; word +0xdc: 07006214!=06006210
0x80024C1C,3,gcc_2_8_1_g8_split,gcc_2_8_1_g8_split,nonmatch,byte +0x9c: 17!=12; word +0x9c: 17004014!=12004014; relocations differ
0x80024C1C,4,gcc_2_8_1_g8,gcc_2_8_1_g8,nonmatch,byte +0x66: 02!=01; word +0x64: 1d80023c!=1d80013c; relocations differ
0x80024C1C,5,gcc_2_8_1_g8_split,gcc_2_8_1_g8_split,nonmatch,/home/superconta/data/share/yugioh/tools/toolchains/gcc-2.8.1-psx/bin/mips-sony-psx-gcc failed (1): /home/superconta/data/share/yugioh/tmp/agents/wave7-early/variants/80024C1C/v5.c: In function `func_80024C1C': /home/superconta/data/share/yugioh/tmp/agents/wave7-early/variants/80024C1C/v5.c:7: parse error before `*' /home/superconta/data/share/yugioh/tmp/agents/wave7-early/variants/80024C1C/v5.c:7: `o' undeclared (first use in this function) /home/superconta/data/share/yugioh/tmp/agents/wave7-early/variants/80024C1C/v5.c:7: (Each undeclared identifier is reported only once /home/superconta/data/share/yugioh/tmp/agents/wave7-early/variants/80024C1C/v5.c:7: for each function it appears in.) /home/superconta/data/share/yugioh/tmp/agents/wave7-early/variants/80024C1C/v5.c:7: `p' undeclared (first use in this function) 
0x80024C1C,6,gcc_2_8_1_g8_split,gcc_2_8_1_g8_split,deferred,/home/superconta/data/share/yugioh/tools/toolchains/gcc-2.8.1-psx/bin/mips-sony-psx-gcc failed (1): /home/superconta/data/share/yugioh/tmp/agents/wave7-early/variants/80024C1C/v6.c: In function `func_80024C1C': /home/superconta/data/share/yugioh/tmp/agents/wave7-early/variants/80024C1C/v6.c:7: parse error before `*' /home/superconta/data/share/yugioh/tmp/agents/wave7-early/variants/80024C1C/v6.c:7: `o' undeclared (first use in this function) /home/superconta/data/share/yugioh/tmp/agents/wave7-early/variants/80024C1C/v6.c:7: (Each undeclared identifier is reported only once /home/superconta/data/share/yugioh/tmp/agents/wave7-early/variants/80024C1C/v6.c:7: for each function it appears in.) /home/superconta/data/share/yugioh/tmp/agents/wave7-early/variants/80024C1C/v6.c:7: `p' undeclared (first use in this function) 
0x8002525C,1,gcc_2_8_1_g8_split,gcc_2_8_1_g8_split,nonmatch,byte +0x18: 07!=10; word +0x18: 07004014!=10004014; relocations differ
0x8002525C,2,gcc_2_8_1_g8,gcc_2_8_1_g8,nonmatch,byte +0x18: 07!=10; word +0x18: 07004014!=10004014; relocations differ
0x8002525C,3,gcc_2_8_1_g0,gcc_2_8_1_g0,nonmatch,byte +0x0: ca!=0a; word +0x0: ca028287!=0a80023c; relocations differ
0x8002525C,4,gcc_2_8_1_g0_split,gcc_2_8_1_g0_split,nonmatch,byte +0x0: ca!=0a; word +0x0: ca028287!=0a80023c; relocations differ
0x8002525C,5,gcc_2_8_1_g8_split,gcc_2_8_1_g8_split,nonmatch,/home/superconta/data/share/yugioh/tools/toolchains/gcc-2.8.1-psx/bin/mips-sony-psx-gcc failed (1): /home/superconta/data/share/yugioh/tmp/agents/wave7-early/variants/8002525C/v5.c: In function `func_8002525C': /home/superconta/data/share/yugioh/tmp/agents/wave7-early/variants/8002525C/v5.c:7: parse error before `int' /home/superconta/data/share/yugioh/tmp/agents/wave7-early/variants/8002525C/v5.c:7: `kind' undeclared (first use in this function) /home/superconta/data/share/yugioh/tmp/agents/wave7-early/variants/8002525C/v5.c:7: (Each undeclared identifier is reported only once /home/superconta/data/share/yugioh/tmp/agents/wave7-early/variants/8002525C/v5.c:7: for each function it appears in.) 
0x8002525C,6,gcc_2_8_1_g8_split,gcc_2_8_1_g8_split,deferred,/home/superconta/data/share/yugioh/tools/toolchains/gcc-2.8.1-psx/bin/mips-sony-psx-gcc failed (1): /home/superconta/data/share/yugioh/tmp/agents/wave7-early/variants/8002525C/v6.c: In function `func_8002525C': /home/superconta/data/share/yugioh/tmp/agents/wave7-early/variants/8002525C/v6.c:7: parse error before `int' /home/superconta/data/share/yugioh/tmp/agents/wave7-early/variants/8002525C/v6.c:7: `kind' undeclared (first use in this function) /home/superconta/data/share/yugioh/tmp/agents/wave7-early/variants/8002525C/v6.c:7: (Each undeclared identifier is reported only once /home/superconta/data/share/yugioh/tmp/agents/wave7-early/variants/8002525C/v6.c:7: for each function it appears in.) 
0x80025BEC,1,gcc_2_8_1_g8_split,gcc_2_8_1_g8_split,nonmatch,byte +0x20: 13!=a0; word +0x20: 13000424!=a0000324; relocations differ
0x80025BEC,2,gcc_2_8_1_g8_split,gcc_2_8_1_g8_split,nonmatch,byte +0x20: 13!=a0; word +0x20: 13000424!=a0000324; relocations differ
0x80025BEC,3,gcc_2_8_1_g8_split,gcc_2_8_1_g8_split,nonmatch,byte +0x20: 13!=a0; word +0x20: 13000424!=a0000324; relocations differ
0x80025BEC,4,gcc_2_8_1_g8_split,gcc_2_8_1_g8_split,nonmatch,byte +0x1c: 13!=00; word +0x1c: 13000424!=00000000; relocations differ
0x80025BEC,5,gcc_2_8_1_g8_split,gcc_2_8_1_g8_split,nonmatch,/home/superconta/data/share/yugioh/tools/toolchains/gcc-2.8.1-psx/bin/mips-sony-psx-gcc failed (1): /home/superconta/data/share/yugioh/tmp/agents/wave7-early/variants/80025BEC/v5.c: In function `func_80025BEC': /home/superconta/data/share/yugioh/tmp/agents/wave7-early/variants/80025BEC/v5.c:8: parse error before `register' /home/superconta/data/share/yugioh/tmp/agents/wave7-early/variants/80025BEC/v5.c:8: `type' undeclared (first use in this function) /home/superconta/data/share/yugioh/tmp/agents/wave7-early/variants/80025BEC/v5.c:8: (Each undeclared identifier is reported only once /home/superconta/data/share/yugioh/tmp/agents/wave7-early/variants/80025BEC/v5.c:8: for each function it appears in.) /home/superconta/data/share/yugioh/tmp/agents/wave7-early/variants/80025BEC/v5.c:9: `i' undeclared (first use in this function) 
0x80025BEC,6,gcc_2_8_1_g8_split,gcc_2_8_1_g8_split,deferred,/home/superconta/data/share/yugioh/tools/toolchains/gcc-2.8.1-psx/bin/mips-sony-psx-gcc failed (1): /home/superconta/data/share/yugioh/tmp/agents/wave7-early/variants/80025BEC/v6.c: In function `func_80025BEC': /home/superconta/data/share/yugioh/tmp/agents/wave7-early/variants/80025BEC/v6.c:8: parse error before `register' /home/superconta/data/share/yugioh/tmp/agents/wave7-early/variants/80025BEC/v6.c:8: `type' undeclared (first use in this function) /home/superconta/data/share/yugioh/tmp/agents/wave7-early/variants/80025BEC/v6.c:8: (Each undeclared identifier is reported only once /home/superconta/data/share/yugioh/tmp/agents/wave7-early/variants/80025BEC/v6.c:8: for each function it appears in.) /home/superconta/data/share/yugioh/tmp/agents/wave7-early/variants/80025BEC/v6.c:9: `i' undeclared (first use in this function) 
0x800278A0,1,gcc_2_8_1_g8_split,gcc_2_8_1_g8_split,nonmatch,byte +0xc: 18!=14; word +0xc: 1800b2af!=1400b1af; relocations differ
0x800278A0,2,gcc_2_8_1_g8_split,gcc_2_8_1_g8_split,nonmatch,byte +0x52: 22!=51; word +0x50: 21102202!=21105100; relocations differ
0x800278A0,3,gcc_2_8_1_g8_split,gcc_2_8_1_g8_split,nonmatch,byte +0x70: 16!=14; word +0x70: 16000396!=1400038e; relocations differ
0x800278A0,4,gcc_2_8_1_g8_split,gcc_2_8_1_g8_split,nonmatch,byte +0x72: 03!=02; word +0x70: 16000396!=16000296; relocations differ
0x800278A0,5,gcc_2_8_1_g8_split,gcc_2_8_1_g8_split,nonmatch,byte +0x75: 00!=80; word +0x74: 00000000!=00800234; relocations differ
0x800278A0,6,gcc_2_8_1_g8_split,gcc_2_8_1_g8_split,deferred,byte +0x88: 01!=00; word +0x88: 01005226!=00000000
0x8001ED20,1,gcc_2_8_1_g8,gcc_2_8_1_g8,nonmatch,byte +0x28: 2e!=2c; word +0x28: 2e0000a6!=2c0000a6
0x8001ED20,2,gcc_2_8_1_g8,gcc_2_8_1_g8,nonmatch,byte +0x7f: 86!=96; word +0x7c: 28000586!=28000596
0x8001ED20,3,gcc_2_8_1_g8_split,gcc_2_8_1_g8_split,nonmatch,byte +0x0: e8!=e0; word +0x0: e8ffbd27!=e0ffbd27; relocations differ
0x8001ED20,4,gcc_2_8_1_g8,gcc_2_8_1_g8,matched,exact linked bytes and relocations
0x8002778C,1,gcc_2_8_1_g8_split,gcc_2_8_1_g8_split,nonmatch,byte +0xc: 18!=14; word +0xc: 1800b2af!=1400b1af
0x8002778C,2,gcc_2_8_1_g8_split,gcc_2_8_1_g8_split,nonmatch,byte +0x52: 22!=51; word +0x50: 21102202!=21105100
0x8002778C,3,gcc_2_8_1_g8_split,gcc_2_8_1_g8_split,matched,exact linked bytes and relocations
0x800289BC,1,gcc_2_8_1_g0,gcc_2_8_1_g0,nonmatch,byte +0x0: e8!=d8; word +0x0: e8ffbd27!=d8ffbd27
0x800289BC,2,gcc_2_8_1_g0,gcc_2_8_1_g0,nonmatch,byte +0x0: e8!=d8; word +0x0: e8ffbd27!=d8ffbd27
0x800289BC,3,gcc_2_8_1_g0,gcc_2_8_1_g0,nonmatch,byte +0x0: e8!=d8; word +0x0: e8ffbd27!=d8ffbd27
0x800289BC,4,gcc_2_8_1_g0_split,gcc_2_8_1_g0_split,nonmatch,byte +0x0: e8!=d8; word +0x0: e8ffbd27!=d8ffbd27
0x800289BC,5,gcc_2_8_1_g0,gcc_2_8_1_g0,nonmatch,byte +0x0: e8!=d8; word +0x0: e8ffbd27!=d8ffbd27
0x800289BC,6,gcc_2_8_1_g0_split,gcc_2_8_1_g0_split,deferred,byte +0x0: e8!=d8; word +0x0: e8ffbd27!=d8ffbd27
0x8002C7E8,1,gcc_2_8_1_g0,gcc_2_8_1_g0,nonmatch,cannot infer link address for undefined symbol memset
0x8002C7E8,2,gcc_2_8_1_g0,gcc_2_8_1_g0,nonmatch,byte +0x6: 02!=0b; word +0x4: 1880023c!=18800b3c
0x8002C7E8,3,gcc_2_8_1_g0,gcc_2_8_1_g0,nonmatch,byte +0x6: 02!=0c; word +0x4: 1880023c!=18800c3c
0x8002C7E8,4,gcc_2_8_1_g0_split,gcc_2_8_1_g0_split,nonmatch,byte +0xc: 00!=d8; word +0xc: 00008295!=d8994294
0x8002C7E8,5,gcc_2_8_1_g0,gcc_2_8_1_g0,nonmatch,byte +0x6: 02!=0c; word +0x4: 1880023c!=18800c3c
0x8002C7E8,6,gcc_2_8_1_g0_split,gcc_2_8_1_g0_split,deferred,byte +0xc: 00!=d8; word +0xc: 00008295!=d8994294
0x8002D458,1,gcc_2_8_1_g8_split,gcc_2_8_1_g8_split,nonmatch,byte +0xc: 0b!=09; word +0xc: 0b00822c!=0900822c
0x8002D458,2,gcc_2_8_1_g8_split,gcc_2_8_1_g8_split,nonmatch,byte +0x18: 40!=3f; word +0x18: 40004010!=3f004010
0x8002D458,3,gcc_2_8_1_g8,gcc_2_8_1_g8,nonmatch,byte +0x18: 40!=3f; word +0x18: 40004010!=3f004010
0x8002D458,4,gcc_2_8_1_g8_split,gcc_2_8_1_g8_split,nonmatch,byte +0x18: 40!=3f; word +0x18: 40004010!=3f004010
0x8002D458,5,gcc_2_8_1_g8_split,gcc_2_8_1_g8_split,nonmatch,byte +0x18: 40!=3f; word +0x18: 40004010!=3f004010
0x8002D458,6,gcc_2_8_1_g8,gcc_2_8_1_g8,deferred,byte +0x18: 40!=3f; word +0x18: 40004010!=3f004010
0x8002DC38,1,gcc_2_8_1_g8_split,gcc_2_8_1_g8_split,nonmatch,"/home/superconta/data/share/yugioh/tools/toolchains/gcc-2.8.1-psx/bin/mips-sony-psx-gcc failed (1):
/home/superconta/data/share/yugioh/tmp/agents/wave7-mid/variants/8002DC38/v1.c: In function `func_8002DC38':
/home/superconta/data/share/yugioh/tmp/agents/wave7-mid/variants/8002DC38/v1.c:2: parse error before `int'
/home/superconta/data/share/yugioh/tmp/agents/wave7-mid/variants/8002DC38/v1.c:2: `r' undeclared (first use in this function)
/home/superconta/data/share/yugioh/tmp/agents/wave7-mid/variants/8002DC38/v1.c:2: (Each undeclared identifier is reported only once
/home/superconta/data/share/yugioh/tmp/agents/wave7-mid/variants/8002DC38/v1.c:2: for each function it appears in.)
"
0x8002DC38,2,gcc_2_8_1_g8_split,gcc_2_8_1_g8_split,nonmatch,byte +0x10: 2c!=26; word +0x10: 2c004014!=26004014
0x8002DC38,3,gcc_2_8_1_g8,gcc_2_8_1_g8,nonmatch,byte +0x10: 2c!=27; word +0x10: 2c004014!=27004014
0x8002DC38,4,gcc_2_8_1_g8_split,gcc_2_8_1_g8_split,nonmatch,byte +0x10: 2c!=26; word +0x10: 2c004014!=26004014
0x8002DC38,5,gcc_2_8_1_g8,gcc_2_8_1_g8,nonmatch,byte +0x10: 2c!=27; word +0x10: 2c004014!=27004014
0x8002DC38,6,gcc_2_8_1_g8_split,gcc_2_8_1_g8_split,deferred,byte +0x10: 2c!=26; word +0x10: 2c004014!=26004014
0x8002E470,1,gcc_2_8_1_g8_split,gcc_2_8_1_g8_split,nonmatch,byte +0x0: e8!=d8; word +0x0: e8ffbd27!=d8ffbd27
0x8002E470,2,gcc_2_8_1_g8_split,gcc_2_8_1_g8_split,nonmatch,byte +0x0: e8!=d8; word +0x0: e8ffbd27!=d8ffbd27
0x8002E470,3,gcc_2_8_1_g8_split,gcc_2_8_1_g8_split,nonmatch,byte +0x0: e8!=e0; word +0x0: e8ffbd27!=e0ffbd27
0x8002E470,4,gcc_2_8_1_g8,gcc_2_8_1_g8,nonmatch,byte +0x0: e8!=e0; word +0x0: e8ffbd27!=e0ffbd27
0x8002E470,5,gcc_2_8_1_g8_split,gcc_2_8_1_g8_split,nonmatch,byte +0x0: e8!=e0; word +0x0: e8ffbd27!=e0ffbd27
0x8002E470,6,gcc_2_8_1_g8,gcc_2_8_1_g8,deferred,byte +0x0: e8!=e0; word +0x0: e8ffbd27!=e0ffbd27
0x8002EA0C,1,gcc_2_8_1_g8,gcc_2_8_1_g8,nonmatch,byte +0xc0: 7c!=0a; word +0xc0: 7c03828f!=0a80063c
0x8002EA0C,2,gcc_2_8_1_g8,gcc_2_8_1_g8,nonmatch,byte +0xc0: 7c!=0a; word +0xc0: 7c03828f!=0a80063c
0x8002EA0C,3,gcc_2_8_1_g8_split,gcc_2_8_1_g8_split,nonmatch,byte +0x10: 2b!=2c; word +0x10: 2b004014!=2c004014
0x8002EA0C,4,gcc_2_8_1_g8,gcc_2_8_1_g8,nonmatch,byte +0xc0: 7c!=0a; word +0xc0: 7c03828f!=0a80063c
0x8002EA0C,5,gcc_2_8_1_g8,gcc_2_8_1_g8,nonmatch,byte +0xc6: 84!=83; word +0xc4: 8c03848f!=8c03838f
0x8002EA0C,6,gcc_2_8_1_g8,gcc_2_8_1_g8,deferred,byte +0xe4: 94!=21; word +0xe4: 94038297!=21186500
0x8002EC74,1,gcc_2_8_1_g8,gcc_2_8_1_g8,nonmatch,byte +0x10: 3c!=3d; word +0x10: 3c004014!=3d004014
0x8002EC74,2,gcc_2_8_1_g8,gcc_2_8_1_g8,nonmatch,byte +0x10: 3c!=3d; word +0x10: 3c004014!=3d004014
0x8002EC74,3,gcc_2_8_1_g8_split,gcc_2_8_1_g8_split,nonmatch,byte +0x10: 3c!=38; word +0x10: 3c004014!=38004014
0x8002EC74,4,gcc_2_8_1_g8,gcc_2_8_1_g8,nonmatch,byte +0x10: 3c!=3d; word +0x10: 3c004014!=3d004014
0x8002EC74,5,gcc_2_8_1_g8_split,gcc_2_8_1_g8_split,nonmatch,byte +0x10: 3c!=38; word +0x10: 3c004014!=38004014
0x8002EC74,6,gcc_2_8_1_g8,gcc_2_8_1_g8,deferred,byte +0x10: 3c!=3d; word +0x10: 3c004014!=3d004014
0x80031CD4,1,gcc_2_8_1_g0,gcc_2_8_1_g0,nonmatch,byte +0x4: 18!=20; word +0x4: 1800b0af!=2000b2af
0x80031CD4,2,gcc_2_8_1_g0,gcc_2_8_1_g0,nonmatch,byte +0x4: 18!=20; word +0x4: 1800b0af!=2000b2af
0x80031CD4,3,gcc_2_8_1_g0_split,gcc_2_8_1_g0_split,nonmatch,byte +0x4: 18!=20; word +0x4: 1800b0af!=2000b2af
0x80031CD4,4,gcc_2_8_1_g0,gcc_2_8_1_g0,nonmatch,byte +0x4: 18!=20; word +0x4: 1800b0af!=2000b2af
0x80031CD4,5,gcc_2_8_1_g0_split,gcc_2_8_1_g0_split,nonmatch,byte +0x4: 18!=20; word +0x4: 1800b0af!=2000b2af
0x80031CD4,6,gcc_2_8_1_g0,gcc_2_8_1_g0,deferred,byte +0x4: 18!=20; word +0x4: 1800b0af!=2000b2af
0x80036C14,1,gcc_2_8_1_g0,gcc_2_8_1_g0,nonmatch,"/home/superconta/data/share/yugioh/tools/toolchains/gcc-2.8.1-psx/bin/mips-sony-psx-gcc failed (1):
/home/superconta/data/share/yugioh/tmp/agents/wave7-mid/variants/80036C14/v1.c: In function `func_80036C14':
/home/superconta/data/share/yugioh/tmp/agents/wave7-mid/variants/80036C14/v1.c:2: parse error before `unsigned'
/home/superconta/data/share/yugioh/tmp/agents/wave7-mid/variants/80036C14/v1.c:2: `f' undeclared (first use in this function)
/home/superconta/data/share/yugioh/tmp/agents/wave7-mid/variants/80036C14/v1.c:2: (Each undeclared identifier is reported only once
/home/superconta/data/share/yugioh/tmp/agents/wave7-mid/variants/80036C14/v1.c:2: for each function it appears in.)
/home/superconta/data/share/yugioh/tmp/agents/wave7-mid/variants/80036C14/v1.c:2: `rec' undeclared (first use in this function)
"
0x80036C14,2,gcc_2_8_1_g0,gcc_2_8_1_g0,nonmatch,byte +0x18: 1e!=15; word +0x18: 1e80023c!=1500c0a0
0x80036C14,3,gcc_2_8_1_g0,gcc_2_8_1_g0,nonmatch,byte +0x18: 1e!=15; word +0x18: 1e80023c!=1500c0a0
0x80036C14,4,gcc_2_8_1_g0,gcc_2_8_1_g0,nonmatch,byte +0x0: 57!=1e; word +0x0: 57008290!=1e80073c
0x80036C14,5,gcc_2_8_1_g0_split,gcc_2_8_1_g0_split,nonmatch,byte +0x22: 83!=88; word +0x20: 34008394!=34008894
0x80036C14,6,gcc_2_8_1_g0_split,gcc_2_8_1_g0_split,deferred,byte +0x0: 57!=21; word +0x0: 57008290!=21408000
0x80037B40,1,gcc_2_8_1_g8,gcc_2_8_1_g8,nonmatch,byte +0x54: 32!=05; word +0x54: 32004010!=05004014
0x80037B40,2,gcc_2_8_1_g8,gcc_2_8_1_g8,nonmatch,byte +0x54: 32!=05; word +0x54: 32004010!=05004014
0x80037B40,3,gcc_2_8_1_g8_split,gcc_2_8_1_g8_split,nonmatch,byte +0x54: 32!=05; word +0x54: 32004010!=05004014
0x80037B40,4,gcc_2_8_1_g8_split,gcc_2_8_1_g8_split,nonmatch,byte +0x54: 32!=04; word +0x54: 32004010!=04004014
0x80037B40,5,gcc_2_8_1_g8,gcc_2_8_1_g8,nonmatch,byte +0x54: 32!=04; word +0x54: 32004010!=04004014
0x80037B40,6,gcc_2_8_1_g8_split,gcc_2_8_1_g8_split,deferred,byte +0x54: 32!=04; word +0x54: 32004010!=04004014
0x80038EB0,1,gcc_2_8_1_g8,gcc_2_8_1_g8,nonmatch,byte +0x0: d8!=e0; word +0x0: d8ffbd27!=e0ffbd27
0x80038EB0,2,gcc_2_8_1_g8_split,gcc_2_8_1_g8_split,nonmatch,byte +0x0: d8!=e0; word +0x0: d8ffbd27!=e0ffbd27
0x80038EB0,3,gcc_2_8_1_g0,gcc_2_8_1_g0,nonmatch,byte +0x0: d8!=e0; word +0x0: d8ffbd27!=e0ffbd27
0x80038EB0,4,gcc_2_8_1_g0_split,gcc_2_8_1_g0_split,nonmatch,byte +0x0: d8!=e0; word +0x0: d8ffbd27!=e0ffbd27
0x80038EB0,5,gcc_2_8_1_g8,gcc_2_8_1_g8,nonmatch,byte +0x0: d8!=e0; word +0x0: d8ffbd27!=e0ffbd27
0x80038EB0,6,gcc_2_8_1_g8_split,gcc_2_8_1_g8_split,deferred,byte +0x0: d8!=e0; word +0x0: d8ffbd27!=e0ffbd27
0x8003A1EC,1,gcc_2_8_1_g8_split,gcc_2_8_1_g8_split,nonmatch,byte +0x4: 30!=44; word +0x4: 3000b2af!=4400b7af
0x8003A1EC,2,gcc_2_8_1_g8,gcc_2_8_1_g8,nonmatch,byte +0x0: b0!=b8; word +0x0: b0ffbd27!=b8ffbd27
0x8003A1EC,3,gcc_2_8_1_g0,gcc_2_8_1_g0,nonmatch,byte +0x0: b0!=b8; word +0x0: b0ffbd27!=b8ffbd27
0x8003A1EC,4,gcc_2_8_1_g0_split,gcc_2_8_1_g0_split,nonmatch,byte +0x4: 30!=44; word +0x4: 3000b2af!=4400b7af
0x8003A1EC,5,gcc_2_8_1_g8_split,gcc_2_8_1_g8_split,nonmatch,byte +0x4: 30!=44; word +0x4: 3000b2af!=4400b7af
0x8003A1EC,6,gcc_2_8_1_g8,gcc_2_8_1_g8,deferred,byte +0x0: b0!=b8; word +0x0: b0ffbd27!=b8ffbd27
0x8003AD6C,1,gcc_2_8_1_g0,gcc_2_8_1_g0,nonmatch,byte +0x0: d0!=e0; word +0x0: d0ffbd27!=e0ffbd27
0x8003AD6C,2,gcc_2_8_1_g0_split,gcc_2_8_1_g0_split,nonmatch,byte +0x0: d0!=e0; word +0x0: d0ffbd27!=e0ffbd27
0x8003AD6C,3,gcc_2_8_1_g8,gcc_2_8_1_g8,nonmatch,byte +0x0: d0!=e0; word +0x0: d0ffbd27!=e0ffbd27
0x8003AD6C,4,gcc_2_8_1_g8_split,gcc_2_8_1_g8_split,nonmatch,byte +0x0: d0!=e0; word +0x0: d0ffbd27!=e0ffbd27
0x8003AD6C,5,gcc_2_8_1_g0,gcc_2_8_1_g0,nonmatch,byte +0x0: d0!=e0; word +0x0: d0ffbd27!=e0ffbd27
0x8003AD6C,6,gcc_2_8_1_g0_split,gcc_2_8_1_g0_split,deferred,byte +0x0: d0!=e0; word +0x0: d0ffbd27!=e0ffbd27
0x8003B054,1,gcc_2_8_1_g0,gcc_2_8_1_g0,nonmatch,byte +0x0: c0!=c8; word +0x0: c0ffbd27!=c8ffbd27
0x8003B054,2,gcc_2_8_1_g0_split,gcc_2_8_1_g0_split,nonmatch,byte +0x0: c0!=c8; word +0x0: c0ffbd27!=c8ffbd27
0x8003B054,3,gcc_2_8_1_g8,gcc_2_8_1_g8,nonmatch,byte +0x0: c0!=c8; word +0x0: c0ffbd27!=c8ffbd27
0x8003B054,4,gcc_2_8_1_g8_split,gcc_2_8_1_g8_split,nonmatch,byte +0x0: c0!=c8; word +0x0: c0ffbd27!=c8ffbd27
0x8003B054,5,gcc_2_8_1_g0,gcc_2_8_1_g0,nonmatch,byte +0x0: c0!=c8; word +0x0: c0ffbd27!=c8ffbd27
0x8003B054,6,gcc_2_8_1_g0_split,gcc_2_8_1_g0_split,deferred,byte +0x0: c0!=c8; word +0x0: c0ffbd27!=c8ffbd27
0x8003D74C,1,gcc_2_8_1_g8,gcc_2_8_1_g8,nonmatch,byte +0x18: 80!=02; word +0x18: 80006230!=02006230
0x8003D74C,2,gcc_2_8_1_g8_split,gcc_2_8_1_g8_split,nonmatch,byte +0x18: 80!=02; word +0x18: 80006230!=02006230
0x8003D74C,3,gcc_2_8_1_g0,gcc_2_8_1_g0,nonmatch,byte +0x0: b9!=0a; word +0x0: b9048393!=0a80033c
0x8003D74C,4,gcc_2_8_1_g0_split,gcc_2_8_1_g0_split,nonmatch,byte +0x0: b9!=d0; word +0x0: b9048393!=d0ffbd27
0x8003D74C,5,gcc_2_8_1_g8,gcc_2_8_1_g8,nonmatch,byte +0x18: 80!=02; word +0x18: 80006230!=02006230
0x8003D74C,6,gcc_2_8_1_g8_split,gcc_2_8_1_g8_split,deferred,byte +0x18: 80!=02; word +0x18: 80006230!=02006230
0x8003F454,1,gcc_2_8_1_g8,gcc_2_8_1_g8,nonmatch,byte +0x0: f2!=be; word +0x0: f2048497!=be04838f
0x8003F454,2,gcc_2_8_1_g8_split,gcc_2_8_1_g8_split,nonmatch,byte +0x0: f2!=be; word +0x0: f2048497!=be04838f
0x8003F454,3,gcc_2_8_1_g0,gcc_2_8_1_g0,nonmatch,byte +0x0: f2!=0a; word +0x0: f2048497!=0a80033c
0x8003F454,4,gcc_2_8_1_g0_split,gcc_2_8_1_g0_split,nonmatch,byte +0x0: f2!=0a; word +0x0: f2048497!=0a80023c
0x8003F454,5,gcc_2_8_1_g8,gcc_2_8_1_g8,nonmatch,byte +0x0: f2!=be; word +0x0: f2048497!=be04838f
0x8003F454,6,gcc_2_8_1_g8_split,gcc_2_8_1_g8_split,deferred,byte +0x0: f2!=be; word +0x0: f2048497!=be04838f
0x80040588,1,gcc_2_8_1_g8,gcc_2_8_1_g8,nonmatch,/home/superconta/data/share/yugioh/tools/toolchains/binutils-2.42/bin/mipsel-none-elf-ld failed (1): /home/superconta/data/share/yugioh/tools/toolchains/binutils-2.42/bin/mipsel-none-elf-ld: small-data section too large; lower small-data size limit (see option -G) /home/superconta/data/share/yugioh/tmp/agents/wave7-3xx/build/80040588/v1/candidate.o: in function `func_80040588': (.text+0x0): relocation truncated to fit: R_MIPS_GPREL16 against `D_800EFE3A' 
0x80040588,2,gcc_2_8_1_g8_split,gcc_2_8_1_g8_split,nonmatch,/home/superconta/data/share/yugioh/tools/toolchains/binutils-2.42/bin/mipsel-none-elf-ld failed (1): /home/superconta/data/share/yugioh/tools/toolchains/binutils-2.42/bin/mipsel-none-elf-ld: small-data section too large; lower small-data size limit (see option -G) /home/superconta/data/share/yugioh/tmp/agents/wave7-3xx/build/80040588/v2/candidate.o: in function `func_80040588': (.text+0x0): relocation truncated to fit: R_MIPS_GPREL16 against `D_800EFE3A' 
0x80040588,3,gcc_2_8_1_g0,gcc_2_8_1_g0,nonmatch,byte +0x0: c8!=0f; word +0x0: c8ffbd27!=0f80033c
0x80040588,4,gcc_2_8_1_g0_split,gcc_2_8_1_g0_split,nonmatch,byte +0x0: c8!=0f; word +0x0: c8ffbd27!=0f80023c
0x80040588,5,gcc_2_8_1_g8,gcc_2_8_1_g8,nonmatch,/home/superconta/data/share/yugioh/tools/toolchains/binutils-2.42/bin/mipsel-none-elf-ld failed (1): /home/superconta/data/share/yugioh/tools/toolchains/binutils-2.42/bin/mipsel-none-elf-ld: small-data section too large; lower small-data size limit (see option -G) /home/superconta/data/share/yugioh/tmp/agents/wave7-3xx/build/80040588/v5/candidate.o: in function `func_80040588': (.text+0x0): relocation truncated to fit: R_MIPS_GPREL16 against `D_800EFE3A' 
0x80040588,6,gcc_2_8_1_g8_split,gcc_2_8_1_g8_split,deferred,/home/superconta/data/share/yugioh/tools/toolchains/binutils-2.42/bin/mipsel-none-elf-ld failed (1): /home/superconta/data/share/yugioh/tools/toolchains/binutils-2.42/bin/mipsel-none-elf-ld: small-data section too large; lower small-data size limit (see option -G) /home/superconta/data/share/yugioh/tmp/agents/wave7-3xx/build/80040588/v6/candidate.o: in function `func_80040588': (.text+0x0): relocation truncated to fit: R_MIPS_GPREL16 against `D_800EFE3A' 
0x800408D0,1,gcc_2_8_1_g8,gcc_2_8_1_g8,nonmatch,byte +0x0: c0!=e8; word +0x0: c0ffbd27!=e8ffbd27
0x800408D0,2,gcc_2_8_1_g8_split,gcc_2_8_1_g8_split,nonmatch,byte +0x0: c0!=e8; word +0x0: c0ffbd27!=e8ffbd27
0x800408D0,3,gcc_2_8_1_g0,gcc_2_8_1_g0,nonmatch,byte +0x0: c0!=e8; word +0x0: c0ffbd27!=e8ffbd27
0x800408D0,4,gcc_2_8_1_g0_split,gcc_2_8_1_g0_split,nonmatch,byte +0x0: c0!=e8; word +0x0: c0ffbd27!=e8ffbd27
0x800408D0,5,gcc_2_8_1_g8,gcc_2_8_1_g8,nonmatch,byte +0x0: c0!=e8; word +0x0: c0ffbd27!=e8ffbd27
0x800408D0,6,gcc_2_8_1_g8_split,gcc_2_8_1_g8_split,deferred,byte +0x0: c0!=e8; word +0x0: c0ffbd27!=e8ffbd27
0x80040DD8,1,gcc_2_8_1_g0,gcc_2_8_1_g0,nonmatch,byte +0x0: c0!=e0; word +0x0: c0ffbd27!=e0ffbd27
0x80040DD8,2,gcc_2_8_1_g0_split,gcc_2_8_1_g0_split,nonmatch,byte +0x0: c0!=d8; word +0x0: c0ffbd27!=d8ffbd27
0x80040DD8,3,gcc_2_8_1_g8,gcc_2_8_1_g8,nonmatch,/home/superconta/data/share/yugioh/tools/toolchains/binutils-2.42/bin/mipsel-none-elf-ld failed (1): /home/superconta/data/share/yugioh/tools/toolchains/binutils-2.42/bin/mipsel-none-elf-ld: small-data section too large; lower small-data size limit (see option -G) /home/superconta/data/share/yugioh/tmp/agents/wave7-3xx/build/80040DD8/v3/candidate.o: in function `func_80040DD8': (.text+0x8): relocation truncated to fit: R_MIPS_GPREL16 against `D_800EFE40' 
0x80040DD8,4,gcc_2_8_1_g8_split,gcc_2_8_1_g8_split,nonmatch,/home/superconta/data/share/yugioh/tools/toolchains/binutils-2.42/bin/mipsel-none-elf-ld failed (1): /home/superconta/data/share/yugioh/tools/toolchains/binutils-2.42/bin/mipsel-none-elf-ld: small-data section too large; lower small-data size limit (see option -G) /home/superconta/data/share/yugioh/tmp/agents/wave7-3xx/build/80040DD8/v4/candidate.o: in function `func_80040DD8': (.text+0x8): relocation truncated to fit: R_MIPS_GPREL16 against `D_800EFE40' 
0x80040DD8,5,gcc_2_8_1_g0,gcc_2_8_1_g0,nonmatch,byte +0x0: c0!=e0; word +0x0: c0ffbd27!=e0ffbd27
0x80040DD8,6,gcc_2_8_1_g0_split,gcc_2_8_1_g0_split,deferred,byte +0x0: c0!=d8; word +0x0: c0ffbd27!=d8ffbd27
0x80041068,1,gcc_2_8_1_g0,gcc_2_8_1_g0,nonmatch,byte +0x0: c0!=e0; word +0x0: c0ffbd27!=e0ffbd27
0x80041068,2,gcc_2_8_1_g0_split,gcc_2_8_1_g0_split,nonmatch,byte +0x0: c0!=d8; word +0x0: c0ffbd27!=d8ffbd27
0x80041068,3,gcc_2_8_1_g8,gcc_2_8_1_g8,nonmatch,/home/superconta/data/share/yugioh/tools/toolchains/binutils-2.42/bin/mipsel-none-elf-ld failed (1): /home/superconta/data/share/yugioh/tools/toolchains/binutils-2.42/bin/mipsel-none-elf-ld: small-data section too large; lower small-data size limit (see option -G) /home/superconta/data/share/yugioh/tmp/agents/wave7-3xx/build/80041068/v3/candidate.o: in function `func_80041068': (.text+0x8): relocation truncated to fit: R_MIPS_GPREL16 against `D_800EFE42' 
0x80041068,4,gcc_2_8_1_g8_split,gcc_2_8_1_g8_split,nonmatch,/home/superconta/data/share/yugioh/tools/toolchains/binutils-2.42/bin/mipsel-none-elf-ld failed (1): /home/superconta/data/share/yugioh/tools/toolchains/binutils-2.42/bin/mipsel-none-elf-ld: small-data section too large; lower small-data size limit (see option -G) /home/superconta/data/share/yugioh/tmp/agents/wave7-3xx/build/80041068/v4/candidate.o: in function `func_80041068': (.text+0x8): relocation truncated to fit: R_MIPS_GPREL16 against `D_800EFE42' 
0x80041068,5,gcc_2_8_1_g0,gcc_2_8_1_g0,nonmatch,byte +0x0: c0!=e0; word +0x0: c0ffbd27!=e0ffbd27
0x80041068,6,gcc_2_8_1_g0_split,gcc_2_8_1_g0_split,deferred,byte +0x0: c0!=d8; word +0x0: c0ffbd27!=d8ffbd27
0x800434F4,1,gcc_2_8_1_g0,gcc_2_8_1_g0,nonmatch,byte +0x4: 10!=21; word +0x4: 1000b0af!=21188000; relocations differ
0x800434F4,2,gcc_2_8_1_g0,gcc_2_8_1_g0,nonmatch,byte +0x14: 29!=2b; word +0x14: 2900b110!=2b00b110; relocations differ
0x800434F4,3,gcc_2_8_1_g0,gcc_2_8_1_g0,nonmatch,byte +0x14: 29!=00; word +0x14: 2900b110!=00010324; relocations differ
0x800434F4,4,gcc_2_8_1_g0,gcc_2_8_1_g0,nonmatch,byte +0x14: 29!=2b; word +0x14: 2900b110!=2b00b110; relocations differ
0x800434F4,5,gcc_2_8_1_g0,gcc_2_8_1_g0,nonmatch,byte +0x4c: ff!=00; word +0x4c: ffff8434!=00010224; relocations differ
0x800434F4,6,gcc_2_8_1_g0,gcc_2_8_1_g0,deferred,byte +0x5a: 02!=03; word +0x58: 0a80023c!=0a80033c; relocations differ
0x80043BCC,1,gcc_2_8_1_g8,gcc_2_8_1_g8,nonmatch,tool error: /home/superconta/data/share/yugioh/tools/toolchains/gcc-2.8.1-psx/bin/mips-sony-psx-gcc failed (1):
0x80043BCC,2,gcc_2_8_1_g8,gcc_2_8_1_g8,nonmatch,byte +0x4: 1c!=14; word +0x4: 1c00bfaf!=1400b1af; relocations differ
0x80043BCC,3,gcc_2_8_1_g8,gcc_2_8_1_g8,nonmatch,byte +0x40: 2d!=2f; word +0x40: 2d004014!=2f004014; relocations differ
0x80043BCC,4,gcc_2_8_1_g8,gcc_2_8_1_g8,nonmatch,byte +0x40: 2d!=2e; word +0x40: 2d004014!=2e004014; relocations differ
0x80043BCC,5,gcc_2_8_1_g8,gcc_2_8_1_g8,nonmatch,byte +0x40: 2d!=2e; word +0x40: 2d004014!=2e004014; relocations differ
0x80043BCC,6,gcc_2_8_1_g8_split,gcc_2_8_1_g8_split,deferred,byte +0x40: 2d!=2c; word +0x40: 2d004014!=2c004014; relocations differ
0x80045208,1,gcc_2_8_1_g0,gcc_2_8_1_g0,nonmatch,byte +0x2c: 37!=09; word +0x2c: 37004010!=09004010; relocations differ
0x80045208,2,gcc_2_8_1_g0,gcc_2_8_1_g0,nonmatch,byte +0xc: 50!=4c; word +0xc: 5000bfaf!=4c00b3af; relocations differ
0x80045208,3,gcc_2_8_1_g0,gcc_2_8_1_g0,nonmatch,byte +0xd0: 14!=1c; word +0xd0: 1400b0af!=1c00b1af
0x80045208,4,gcc_2_8_1_g0,gcc_2_8_1_g0,nonmatch,byte +0x2c: 37!=38; word +0x2c: 37004010!=38004010; relocations differ
0x80045208,5,gcc_2_8_1_g0,gcc_2_8_1_g0,nonmatch,byte +0xc6: a4!=a2; word +0xc4: 1000a427!=1000a2a3
0x80045208,6,gcc_2_8_1_g0,gcc_2_8_1_g0,deferred,byte +0x2c: 37!=36; word +0x2c: 37004010!=36004010; relocations differ
0x80046DE8,1,gcc_2_8_1_g8,gcc_2_8_1_g8,nonmatch,tool error: /home/superconta/data/share/yugioh/tools/toolchains/gcc-2.8.1-psx/bin/mips-sony-psx-gcc failed (1):
0x80046DE8,2,gcc_2_8_1_g8,gcc_2_8_1_g8,nonmatch,byte +0x2: 82!=86; word +0x0: 5405828f!=5405868f; relocations differ
0x80046DE8,3,gcc_2_8_1_g8,gcc_2_8_1_g8,nonmatch,byte +0xa8: 7a!=7c; word +0xa8: 7a154484!=7c1543a4; relocations differ
0x80046DE8,4,gcc_2_8_1_g8,gcc_2_8_1_g8,nonmatch,byte +0x4: e8!=e0; word +0x4: e8ffbd27!=e0ffbd27; relocations differ
0x80046DE8,5,gcc_2_8_1_g8,gcc_2_8_1_g8,nonmatch,byte +0x4: e8!=e0; word +0x4: e8ffbd27!=e0ffbd27; relocations differ
0x80046DE8,6,gcc_2_8_1_g8,gcc_2_8_1_g8,deferred,byte +0xa8: 7a!=7c; word +0xa8: 7a154484!=7c1543a4; relocations differ
0x80049920,1,gcc_2_8_1_g0,gcc_2_8_1_g0,nonmatch,byte +0x14: 28!=1c; word +0x14: 2800bfaf!=1c00b3af; relocations differ
0x80049920,2,gcc_2_8_1_g0,gcc_2_8_1_g0,nonmatch,byte +0x46: 02!=11; word +0x44: 0180023c!=0180113c
0x80049920,3,gcc_2_8_1_g0,gcc_2_8_1_g0,nonmatch,byte +0x3c: 02!=21; word +0x3c: 02001524!=21908002
0x80049920,4,gcc_2_8_1_g0,gcc_2_8_1_g0,nonmatch,byte +0x93: 2c!=28; word +0x90: 0200622c!=02006228
0x80049920,5,gcc_2_8_1_g0,gcc_2_8_1_g0,nonmatch,byte +0xf8: 00!=01; word +0xf8: 00000000!=01009426
0x80049920,6,gcc_2_8_1_g0,gcc_2_8_1_g0,deferred,byte +0x34: 36!=37; word +0x34: 36004018!=37004018; relocations differ
0x80049FB4,1,gcc_2_8_1_g0_split,gcc_2_8_1_g0_split,nonmatch,byte +0x1: 28!=40; word +0x0: 2128a700!=21408000; relocations differ
0x80049FB4,2,gcc_2_8_1_g0_split,gcc_2_8_1_g0_split,nonmatch,byte +0x1: 28!=40; word +0x0: 2128a700!=21408000; relocations differ
0x80049FB4,3,gcc_2_8_1_g0_split,gcc_2_8_1_g0_split,nonmatch,byte +0xc: 02!=21; word +0xc: 0200a104!=2110a000; relocations differ
0x80049FB4,4,gcc_2_8_1_g0_split,gcc_2_8_1_g0_split,nonmatch,byte +0xc: 02!=21; word +0xc: 0200a104!=2110a000; relocations differ
0x80049FB4,5,gcc_2_8_1_g0_split,gcc_2_8_1_g0_split,nonmatch,byte +0x11: 10!=18; word +0x10: 2110a000!=2118a000; relocations differ
0x80049FB4,6,gcc_2_8_1_g0_split,gcc_2_8_1_g0_split,deferred,byte +0x16: a2!=42; word +0x14: 7f00a224!=7f004224; relocations differ
0x8004B374,1,gcc_2_8_1_g0,gcc_2_8_1_g0,nonmatch,byte +0xc: 28!=10; word +0xc: 2800b6af!=1000b0af; relocations differ
0x8004B374,2,gcc_2_8_1_g0,gcc_2_8_1_g0,nonmatch,byte +0xc: 28!=10; word +0xc: 2800b6af!=1000b0af; relocations differ
0x8004B374,3,gcc_2_8_1_g0,gcc_2_8_1_g0,nonmatch,byte +0x0: 0a!=d0; word +0x0: 0a80033c!=d0ffbd27; relocations differ
0x8004B374,4,gcc_2_8_1_g0,gcc_2_8_1_g0,nonmatch,byte +0xc: 28!=10; word +0xc: 2800b6af!=1000b0af
0x8004B374,5,gcc_2_8_1_g0,gcc_2_8_1_g0,nonmatch,byte +0xc: 28!=10; word +0xc: 2800b6af!=1000b0af; relocations differ
0x8004B374,6,gcc_2_8_1_g0,gcc_2_8_1_g0,deferred,byte +0xc: 28!=10; word +0xc: 2800b6af!=1000b0af
0x8004C420,1,gcc_2_8_1_g0,gcc_2_8_1_g0,nonmatch,byte +0x29: 28!=90; word +0x28: 21284000!=21904000; relocations differ
0x8004C420,2,gcc_2_8_1_g0,gcc_2_8_1_g0,nonmatch,byte +0x29: 28!=90; word +0x28: 21284000!=21904000; relocations differ
0x8004C420,3,gcc_2_8_1_g0,gcc_2_8_1_g0,nonmatch,byte +0x68: 82!=83; word +0x68: 82101100!=83101100; relocations differ
0x8004C420,4,gcc_2_8_1_g0,gcc_2_8_1_g0,nonmatch,byte +0x71: 10!=18; word +0x70: 21104300!=21186200; relocations differ
0x8004C420,5,gcc_2_8_1_g0,gcc_2_8_1_g0,nonmatch,byte +0x71: 10!=18; word +0x70: 21104300!=21186200; relocations differ
0x8004C420,6,gcc_2_8_1_g0,gcc_2_8_1_g0,deferred,byte +0xd8: 0a!=05; word +0xd8: 0a008210!=05008214; relocations differ
0x8004DB14,1,gcc_2_8_1_g0,gcc_2_8_1_g0,nonmatch,byte +0xa: 82!=44; word +0x8: 21108200!=21104400; relocations differ
0x8004DB14,2,gcc_2_8_1_g0,gcc_2_8_1_g0,nonmatch,byte +0x0: 21!=80; word +0x0: 21500000!=80100500; relocations differ
0x8004DB14,3,gcc_2_8_1_g0,gcc_2_8_1_g0,nonmatch,byte +0x14: 03!=43; word +0x14: 03006015!=43006011
0x8004DB14,4,gcc_2_8_1_g0,gcc_2_8_1_g0,nonmatch,byte +0x40: 21!=ff; word +0x40: 21486000!=ffff0c34
0x8004DB14,5,gcc_2_8_1_g0,gcc_2_8_1_g0,nonmatch,byte +0x44: ff!=40; word +0x44: ffff0c34!=40380500
0x8004DB14,6,gcc_2_8_1_g0,gcc_2_8_1_g0,deferred,byte +0x49: 10!=38; word +0x48: 40100500!=40380500
0x8004E9A0,1,gcc_2_8_1_g8,gcc_2_8_1_g8,nonmatch,tool error: /home/superconta/data/share/yugioh/tools/toolchains/gcc-2.8.1-psx/bin/mips-sony-psx-gcc failed (1):
0x8004E9A0,2,gcc_2_8_1_g8,gcc_2_8_1_g8,nonmatch,byte +0xc: 50!=47; word +0xc: 50004010!=47004010; relocations differ
0x8004E9A0,3,gcc_2_8_1_g8,gcc_2_8_1_g8,nonmatch,byte +0xc: 50!=51; word +0xc: 50004010!=51004010; relocations differ
0x8004E9A0,4,gcc_2_8_1_g8,gcc_2_8_1_g8,nonmatch,byte +0xc: 50!=4f; word +0xc: 50004010!=4f004010; relocations differ
0x8004E9A0,5,gcc_2_8_1_g8,gcc_2_8_1_g8,nonmatch,byte +0xc: 50!=4e; word +0xc: 50004010!=4e004010; relocations differ
0x8004E9A0,6,gcc_2_8_1_g8,gcc_2_8_1_g8,deferred,byte +0xc: 50!=4f; word +0xc: 50004010!=4f004010; relocations differ
0x8005611C,1,gcc_2_8_1_g0,gcc_2_8_1_g0,nonmatch,byte +0x44: 01!=03; word +0x44: 01000624!=03000424; relocations differ
0x8005611C,2,gcc_2_8_1_g0,gcc_2_8_1_g0,nonmatch,byte +0x44: 01!=03; word +0x44: 01000624!=03000424; relocations differ
0x8005611C,3,gcc_2_8_1_g0_split,gcc_2_8_1_g0_split,nonmatch,byte +0x44: 01!=03; word +0x44: 01000624!=03000424; relocations differ
0x8005611C,4,gcc_2_8_1_g0_split,gcc_2_8_1_g0_split,nonmatch,byte +0x44: 01!=03; word +0x44: 01000624!=03000526
0x8005611C,5,gcc_2_8_1_g0_split,gcc_2_8_1_g0_split,nonmatch,byte +0x54: 00!=a8; word +0x54: 00100324!=a80d02ae
0x8005611C,6,gcc_2_8_1_g0,gcc_2_8_1_g0,deferred,byte +0x54: 00!=a8; word +0x54: 00100324!=a80d02ae
0x80057E20,1,gcc_2_8_1_g0,gcc_2_8_1_g0,nonmatch,byte +0x46: 82!=83; word +0x44: 07008290!=07008390
0x80057E20,2,gcc_2_8_1_g0,gcc_2_8_1_g0,nonmatch,byte +0x46: 82!=83; word +0x44: 07008290!=07008390
0x80057E20,3,gcc_2_8_1_g0,gcc_2_8_1_g0,nonmatch,byte +0x20: f8!=cb; word +0x20: f80c4424!=cb0d4688
0x80057E20,4,gcc_2_8_1_g0,gcc_2_8_1_g0,nonmatch,byte +0x4c: 07!=ff; word +0x4c: 07004010!=ff004330
0x80057E20,5,gcc_2_8_1_g0,gcc_2_8_1_g0,nonmatch,byte +0x46: 82!=83; word +0x44: 07008290!=07008390
0x80057E20,6,gcc_2_8_1_g0,gcc_2_8_1_g0,deferred,byte +0x20: f8!=cb; word +0x20: f80c4424!=cb0d4688
0x80058838,1,gcc_2_8_1_g0,gcc_2_8_1_g0,nonmatch,tool error: cannot infer link address for undefined symbol memset
0x80058838,2,gcc_2_8_1_g0,gcc_2_8_1_g0,nonmatch,tool error: /home/superconta/data/share/yugioh/tools/toolchains/gcc-2.8.1-psx/bin/mips-sony-psx-gcc failed (1):
0x80058838,3,gcc_2_8_1_g0,gcc_2_8_1_g0,nonmatch,byte +0x5: 48!=50; word +0x4: 21488000!=21508000; relocations differ
0x80058838,4,gcc_2_8_1_g0,gcc_2_8_1_g0,nonmatch,byte +0x0: d8!=c0; word +0x0: d8ffbd27!=c0ffbd27; relocations differ
0x80058838,5,gcc_2_8_1_g0,gcc_2_8_1_g0,nonmatch,byte +0x5: 48!=50; word +0x4: 21488000!=21508000; relocations differ
0x80058838,6,gcc_2_8_1_g0_split,gcc_2_8_1_g0_split,deferred,byte +0x5: 48!=50; word +0x4: 21488000!=21508000; relocations differ
0x800592AC,1,gcc_2_8_1_g8,gcc_2_8_1_g8,nonmatch,byte +0x4: 40!=21; word +0x4: 4000b0af!=21188000; relocations differ
0x800592AC,2,gcc_2_8_1_g8,gcc_2_8_1_g8,nonmatch,byte +0x4: 40!=48; word +0x4: 4000b0af!=4800b2af; relocations differ
0x800592AC,3,gcc_2_8_1_g8,gcc_2_8_1_g8,nonmatch,byte +0x4: 40!=48; word +0x4: 4000b0af!=4800b2af; relocations differ
0x800592AC,4,gcc_2_8_1_g8_split,gcc_2_8_1_g8_split,nonmatch,byte +0x4: 40!=48; word +0x4: 4000b0af!=4800b2af; relocations differ
0x800592AC,5,gcc_2_8_1_g8_split,gcc_2_8_1_g8_split,nonmatch,byte +0x4: 40!=21; word +0x4: 4000b0af!=21188000; relocations differ
0x800592AC,6,gcc_2_8_1_g8_split,gcc_2_8_1_g8_split,deferred,byte +0x4: 40!=48; word +0x4: 4000b0af!=4800b2af; relocations differ
0x8005B260,1,gcc_2_8_1_g0,gcc_2_8_1_g0,nonmatch,byte +0x0: 21!=03; word +0x0: 2158a000!=03008890; relocations differ
0x8005B260,2,gcc_2_8_1_g0,gcc_2_8_1_g0,nonmatch,byte +0x0: 21!=03; word +0x0: 2158a000!=03008890; relocations differ
0x8005B260,3,gcc_2_8_1_g0_split,gcc_2_8_1_g0_split,nonmatch,byte +0x1: 58!=28; word +0x0: 2158a000!=21288000; relocations differ
0x8005B260,4,gcc_2_8_1_g0_split,gcc_2_8_1_g0_split,nonmatch,byte +0x1: 58!=28; word +0x0: 2158a000!=21288000; relocations differ
0x8005B260,5,gcc_2_8_1_g0_split,gcc_2_8_1_g0_split,nonmatch,byte +0x1: 58!=28; word +0x0: 2158a000!=21288000; relocations differ
0x8005B260,6,gcc_2_8_1_g0,gcc_2_8_1_g0,deferred,byte +0x0: 21!=03; word +0x0: 2158a000!=03008890; relocations differ
0x8005B4D8,1,gcc_2_8_1_g0,gcc_2_8_1_g0,nonmatch,byte +0x1: 60!=40; word +0x0: 2160a000!=21408000; relocations differ
0x8005B4D8,2,gcc_2_8_1_g0,gcc_2_8_1_g0,nonmatch,byte +0x1: 60!=40; word +0x0: 2160a000!=21408000; relocations differ
0x8005B4D8,3,gcc_2_8_1_g0_split,gcc_2_8_1_g0_split,nonmatch,byte +0x1: 60!=48; word +0x0: 2160a000!=21488000; relocations differ
0x8005B4D8,4,gcc_2_8_1_g0_split,gcc_2_8_1_g0_split,nonmatch,byte +0x1: 60!=48; word +0x0: 2160a000!=21488000; relocations differ
0x8005B4D8,5,gcc_2_8_1_g0_split,gcc_2_8_1_g0_split,nonmatch,byte +0x1: 60!=48; word +0x0: 2160a000!=21488000; relocations differ
0x8005B4D8,6,gcc_2_8_1_g0,gcc_2_8_1_g0,deferred,byte +0x1: 60!=40; word +0x0: 2160a000!=21408000; relocations differ
0x8005F070,1,gcc_2_8_1_g8,gcc_2_8_1_g8,nonmatch,byte +0x0: d8!=e0; word +0x0: d8ffbd27!=e0ffbd27; relocations differ
0x8005F070,2,gcc_2_8_1_g8,gcc_2_8_1_g8,nonmatch,byte +0x20: 82!=21; word +0x20: 8264010c!=21904000; relocations differ
0x8005F070,3,gcc_2_8_1_g8_split,gcc_2_8_1_g8_split,nonmatch,byte +0x0: d8!=e0; word +0x0: d8ffbd27!=e0ffbd27; relocations differ
0x8005F070,4,gcc_2_8_1_g8_split,gcc_2_8_1_g8_split,nonmatch,byte +0x20: 82!=21; word +0x20: 8264010c!=21904000; relocations differ
0x8005F070,5,gcc_2_8_1_g8_split,gcc_2_8_1_g8_split,nonmatch,byte +0xa0: 21!=10; word +0xa0: 21900000!=10001124
0x8005F070,6,gcc_2_8_1_g8_split,gcc_2_8_1_g8_split,deferred,byte +0x20: 82!=21; word +0x20: 8264010c!=21904000; relocations differ
0x8005F27C,1,gcc_2_8_1_g8,gcc_2_8_1_g8,nonmatch,byte +0x4: 2c!=28; word +0x4: 2c00b3af!=2800b2af; relocations differ
0x8005F27C,2,gcc_2_8_1_g8,gcc_2_8_1_g8,nonmatch,byte +0x20: 24!=21; word +0x20: 2400b1af!=2128a200; relocations differ
0x8005F27C,3,gcc_2_8_1_g8_split,gcc_2_8_1_g8_split,nonmatch,byte +0x20: 24!=21; word +0x20: 2400b1af!=2128a200; relocations differ
0x8005F27C,4,gcc_2_8_1_g8_split,gcc_2_8_1_g8_split,nonmatch,byte +0x20: 24!=21; word +0x20: 2400b1af!=2128a200; relocations differ
0x8005F27C,5,gcc_2_8_1_g8_split,gcc_2_8_1_g8_split,nonmatch,byte +0x4: 2c!=28; word +0x4: 2c00b3af!=2800b2af; relocations differ
0x8005F27C,6,gcc_2_8_1_g8,gcc_2_8_1_g8,deferred,byte +0x20: 24!=21; word +0x20: 2400b1af!=2128a200; relocations differ
0x80071EB8,1,gcc_2_8_1_g0,gcc_2_8_1_g0,nonmatch,byte +0x4: 18!=24; word +0x4: 1800b0af!=2400bfaf; relocations differ
0x80071EB8,2,gcc_2_8_1_g0,gcc_2_8_1_g0,nonmatch,byte +0x20: 80!=63; word +0x20: 80100200!=63c1010c; relocations differ
0x80071EB8,3,gcc_2_8_1_g0_split,gcc_2_8_1_g0_split,nonmatch,byte +0x20: 80!=63; word +0x20: 80100200!=63c1010c; relocations differ
0x80071EB8,4,gcc_2_8_1_g0_split,gcc_2_8_1_g0_split,nonmatch,byte +0x48: 10!=14; word +0x48: 1000a48f!=1400a58f; relocations differ
0x80071EB8,5,gcc_2_8_1_g0_split,gcc_2_8_1_g0_split,nonmatch,byte +0x48: 10!=14; word +0x48: 1000a48f!=1400a58f
0x80071EB8,6,gcc_2_8_1_g0,gcc_2_8_1_g0,deferred,byte +0x20: 80!=63; word +0x20: 80100200!=63c1010c; relocations differ
0x8007249C,1,gcc_2_8_1_g0,gcc_2_8_1_g0,nonmatch,byte +0x4: 10!=2c; word +0x4: 1000b0af!=2c00bfaf; relocations differ
0x8007249C,2,gcc_2_8_1_g0,gcc_2_8_1_g0,nonmatch,byte +0x10: 2c!=14; word +0x10: 2c00bfaf!=1400b1af; relocations differ
0x8007249C,3,gcc_2_8_1_g0_split,gcc_2_8_1_g0_split,nonmatch,byte +0x4: 10!=18; word +0x4: 1000b0af!=1800b2af; relocations differ
0x8007249C,4,gcc_2_8_1_g0,gcc_2_8_1_g0,nonmatch,byte +0x10: 2c!=14; word +0x10: 2c00bfaf!=1400b1af; relocations differ
0x8007249C,5,gcc_2_8_1_g0_split,gcc_2_8_1_g0_split,matched,exact linked bytes and relocations
0x80012B50,1,gcc_2_8_1_g8_split,gcc_2_8_1_g8_split,nonmatch,/home/superconta/data/share/yugioh/tools/toolchains/binutils-2.42/bin/mipsel-none-elf-ld failed (1): /home/superconta/data/share/yugioh/tools/toolchains/binutils-2.42/bin/mipsel-none-elf-ld: small-data section too large; lower small-data size limit (see option -G) /home/superconta/data/share/yugioh/tmp/agents/wave8-early/build/80012B50/v1/candidate.o: in function `func_80012B50': (.text+0xcc): relocation truncated to fit: R_MIPS_GPREL16 against `D_800E9EC0' 
0x80012B50,2,gcc_2_8_1_g8_split,gcc_2_8_1_g8_split,nonmatch,byte +0x4: 14!=10; word +0x4: 1400bfaf!=1000bfaf; relocations differ
0x80012B50,3,gcc_2_8_1_g8_split,gcc_2_8_1_g8_split,nonmatch,byte +0x50: 0a!=00; word +0x50: 0a80043c!=00500224; relocations differ
0x80012B50,4,gcc_2_8_1_g8,gcc_2_8_1_g8,nonmatch,byte +0x50: 0a!=00; word +0x50: 0a80043c!=00500224; relocations differ
0x80012B50,5,gcc_2_8_1_g8_split,gcc_2_8_1_g8_split,nonmatch,byte +0x0: e8!=e0; word +0x0: e8ffbd27!=e0ffbd27; relocations differ
0x80012B50,6,gcc_2_8_1_g8_split,gcc_2_8_1_g8_split,deferred,byte +0x50: 0a!=00; word +0x50: 0a80043c!=00500224; relocations differ
0x80013154,1,gcc_2_8_1_g8_split,gcc_2_8_1_g8_split,nonmatch,/home/superconta/data/share/yugioh/tools/toolchains/gcc-2.8.1-psx/bin/mips-sony-psx-gcc failed (1): /home/superconta/data/share/yugioh/tmp/agents/wave8-early/variants/80013154/v1.c:1: parse error before `__attribute__' /home/superconta/data/share/yugioh/tmp/agents/wave8-early/variants/80013154/v1.c:1: warning: data definition has no type or storage class /home/superconta/data/share/yugioh/tmp/agents/wave8-early/variants/80013154/v1.c:3: parse error before `D_800E9D28' /home/superconta/data/share/yugioh/tmp/agents/wave8-early/variants/80013154/v1.c:3: warning: data definition has no type or storage class /home/superconta/data/share/yugioh/tmp/agents/wave8-early/variants/80013154/v1.c: In function `func_80013154': /home/superconta/data/share/yugioh/tmp/agents/wave8-early/variants/80013154/v1.c:13: parse error before `)' 
0x80013154,2,gcc_2_8_1_g8_split,gcc_2_8_1_g8_split,nonmatch,byte +0x0: d0!=c8; word +0x0: d0ffbd27!=c8ffbd27; relocations differ
0x80013154,3,gcc_2_8_1_g8,gcc_2_8_1_g8,nonmatch,byte +0x0: d0!=c8; word +0x0: d0ffbd27!=c8ffbd27; relocations differ
0x80013154,4,gcc_2_8_1_g0,gcc_2_8_1_g0,nonmatch,byte +0x0: d0!=c8; word +0x0: d0ffbd27!=c8ffbd27; relocations differ
0x80013154,5,gcc_2_8_1_g8_split,gcc_2_8_1_g8_split,nonmatch,byte +0x4: 28!=1c; word +0x4: 2800b4af!=1c00b1af; relocations differ
0x80013154,6,gcc_2_8_1_g8_split,gcc_2_8_1_g8_split,deferred,byte +0x0: d0!=c8; word +0x0: d0ffbd27!=c8ffbd27; relocations differ
0x80016E70,1,gcc_2_8_1_g8_split,gcc_2_8_1_g8_split,nonmatch,/home/superconta/data/share/yugioh/tools/toolchains/gcc-2.8.1-psx/bin/mips-sony-psx-gcc failed (1): /home/superconta/data/share/yugioh/tmp/agents/wave8-early/variants/80016E70/v1.c:3: parse error before `D_8009B1D5' /home/superconta/data/share/yugioh/tmp/agents/wave8-early/variants/80016E70/v1.c:3: warning: data definition has no type or storage class 
0x80016E70,2,gcc_2_8_1_g8_split,gcc_2_8_1_g8_split,nonmatch,byte +0xc: 0f!=14; word +0xc: 0f80023c!=1400b1af; relocations differ
0x80016E70,3,gcc_2_8_1_g8_split,gcc_2_8_1_g8_split,nonmatch,byte +0x1c: 24!=20; word +0x1c: 2400bfaf!=2000bfaf; relocations differ
0x80016E70,4,gcc_2_8_1_g8_split,gcc_2_8_1_g8_split,nonmatch,byte +0xc: 0f!=1c; word +0xc: 0f80023c!=1c00b4af; relocations differ
0x80016E70,5,gcc_2_8_1_g8_split,gcc_2_8_1_g8_split,nonmatch,byte +0x4: 10!=18; word +0x4: 1000b0af!=1800b0af; relocations differ
0x80016E70,6,gcc_2_8_1_g8_split,gcc_2_8_1_g8_split,deferred,byte +0x1c: 24!=20; word +0x1c: 2400bfaf!=2000bfaf; relocations differ
0x800179F4,1,gcc_2_8_1_g8_split,gcc_2_8_1_g8_split,nonmatch,byte +0x0: d0!=d8; word +0x0: d0ffbd27!=d8ffbd27; relocations differ
0x800179F4,2,gcc_2_8_1_g8,gcc_2_8_1_g8,nonmatch,byte +0x0: d0!=d8; word +0x0: d0ffbd27!=d8ffbd27; relocations differ
0x800179F4,3,gcc_2_8_1_g0,gcc_2_8_1_g0,nonmatch,byte +0x0: d0!=d8; word +0x0: d0ffbd27!=d8ffbd27; relocations differ
0x800179F4,4,gcc_2_8_1_g0_split,gcc_2_8_1_g0_split,nonmatch,byte +0x0: d0!=d8; word +0x0: d0ffbd27!=d8ffbd27; relocations differ
0x800179F4,5,gcc_2_8_1_g8_split,gcc_2_8_1_g8_split,nonmatch,byte +0x4: 2c!=28; word +0x4: 2c00bfaf!=2800bfaf; relocations differ
0x800179F4,6,gcc_2_8_1_g8_split,gcc_2_8_1_g8_split,deferred,byte +0x4: 2c!=01; word +0x4: 2c00bfaf!=01000224; relocations differ
0x800243F4,1,gcc_2_8_1_g8_split,gcc_2_8_1_g8_split,nonmatch,byte +0x54: 18!=21; word +0x54: 1880023c!=21980000; relocations differ
0x800243F4,2,gcc_2_8_1_g8_split,gcc_2_8_1_g8_split,nonmatch,byte +0xb4: 00!=02; word +0xb4: 000053a2!=02001026
0x800243F4,3,gcc_2_8_1_g8_split,gcc_2_8_1_g8_split,nonmatch,byte +0x108: 00!=02; word +0x108: 000051a2!=02001026
0x800243F4,4,gcc_2_8_1_g8_split,gcc_2_8_1_g8_split,nonmatch,byte +0x139: 28!=20; word +0x138: 40281000!=40201000
0x800243F4,5,gcc_2_8_1_g8_split,gcc_2_8_1_g8_split,nonmatch,byte +0x139: 28!=20; word +0x138: 40281000!=40201000
0x800243F4,6,gcc_2_8_1_g8_split,gcc_2_8_1_g8_split,deferred,byte +0x13e: b6!=c5; word +0x13c: 2128b600!=2128c502
0x8002BFCC,1,gcc_2_8_1_g8_split,gcc_2_8_1_g8_split,nonmatch,"/home/superconta/data/share/yugioh/tools/toolchains/binutils-2.42/bin/mipsel-none-elf-ld failed (1):
/home/superconta/data/share/yugioh/tools/toolchains/binutils-2.42/bin/mipsel-none-elf-ld: small-data section too large; lower small-data size limit (see option -G)
/home/superconta/data/share/yugioh/tmp/agents/wave8-mid/build/8002BFCC/v1/candidate.o: in function `func_8002BFCC':
(.text+0xc0): relocation truncated to fit: R_MIPS_GPREL16 against `D_801D5608'
"
0x8002BFCC,2,gcc_2_8_1_g8,gcc_2_8_1_g8,nonmatch,byte +0x0: c0!=d8; word +0x0: c0ffbd27!=d8ffbd27
0x8002BFCC,3,gcc_2_8_1_g8_split,gcc_2_8_1_g8_split,nonmatch,byte +0x0: c0!=d8; word +0x0: c0ffbd27!=d8ffbd27
0x8002BFCC,4,gcc_2_8_1_g8,gcc_2_8_1_g8,nonmatch,byte +0x0: c0!=d8; word +0x0: c0ffbd27!=d8ffbd27
0x8002BFCC,5,gcc_2_8_1_g8_split,gcc_2_8_1_g8_split,nonmatch,byte +0x0: c0!=d8; word +0x0: c0ffbd27!=d8ffbd27
0x8002BFCC,6,gcc_2_8_1_g8,gcc_2_8_1_g8,deferred,byte +0x0: c0!=d8; word +0x0: c0ffbd27!=d8ffbd27
0x8002D180,1,gcc_2_8_1_g8,gcc_2_8_1_g8,nonmatch,"/home/superconta/data/share/yugioh/tools/toolchains/gcc-2.8.1-psx/bin/mips-sony-psx-gcc failed (1):
/home/superconta/data/share/yugioh/tmp/agents/wave8-mid/variants/8002D180/v1.c: In function `func_8002D180':
/home/superconta/data/share/yugioh/tmp/agents/wave8-mid/variants/8002D180/v1.c:2: void value not ignored as it ought to be
"
0x8002D180,2,gcc_2_8_1_g8_split,gcc_2_8_1_g8_split,nonmatch,byte +0x2c: 33!=36; word +0x2c: 33004014!=36004014
0x8002D180,3,gcc_2_8_1_g8,gcc_2_8_1_g8,nonmatch,byte +0x2c: 33!=34; word +0x2c: 33004014!=34004014
0x8002D180,4,gcc_2_8_1_g8,gcc_2_8_1_g8,nonmatch,byte +0x34: 40!=01; word +0x34: 40006234!=01000224
0x8002D180,5,gcc_2_8_1_g8,gcc_2_8_1_g8,nonmatch,byte +0x30: 20!=00; word +0x30: 20006230!=00000000
0x8002D180,6,gcc_2_8_1_g8,gcc_2_8_1_g8,deferred,byte +0x2a: 62!=64; word +0x28: 40006230!=40006430
0x8002D7CC,1,gcc_2_8_1_g8_split,gcc_2_8_1_g8_split,nonmatch,byte +0x8: 2c!=28; word +0x8: 2c00bfaf!=2800b2af
0x8002D7CC,2,gcc_2_8_1_g8,gcc_2_8_1_g8,nonmatch,byte +0x8: 2c!=24; word +0x8: 2c00bfaf!=2400b1af
0x8002D7CC,3,gcc_2_8_1_g8_split,gcc_2_8_1_g8_split,nonmatch,byte +0x8: 2c!=28; word +0x8: 2c00bfaf!=2800b2af
0x8002D7CC,4,gcc_2_8_1_g8,gcc_2_8_1_g8,nonmatch,byte +0x8: 2c!=24; word +0x8: 2c00bfaf!=2400b1af
0x8002D7CC,5,gcc_2_8_1_g8_split,gcc_2_8_1_g8_split,nonmatch,byte +0x8: 2c!=28; word +0x8: 2c00bfaf!=2800b2af
0x8002D7CC,6,gcc_2_8_1_g8,gcc_2_8_1_g8,deferred,byte +0x8: 2c!=24; word +0x8: 2c00bfaf!=2400b1af
0x8002E730,1,gcc_2_8_1_g8_split,gcc_2_8_1_g8_split,nonmatch,byte +0x0: c8!=e8; word +0x0: c8ffbd27!=e8ffbd27
0x8002E730,2,gcc_2_8_1_g8,gcc_2_8_1_g8,nonmatch,byte +0x0: c8!=e8; word +0x0: c8ffbd27!=e8ffbd27
0x8002E730,3,gcc_2_8_1_g8_split,gcc_2_8_1_g8_split,nonmatch,byte +0x0: c8!=e8; word +0x0: c8ffbd27!=e8ffbd27
0x8002E730,4,gcc_2_8_1_g8,gcc_2_8_1_g8,nonmatch,byte +0x0: c8!=e8; word +0x0: c8ffbd27!=e8ffbd27
0x8002E730,5,gcc_2_8_1_g8_split,gcc_2_8_1_g8_split,nonmatch,byte +0x0: c8!=e8; word +0x0: c8ffbd27!=e8ffbd27
0x8002E730,6,gcc_2_8_1_g8,gcc_2_8_1_g8,deferred,byte +0x0: c8!=e8; word +0x0: c8ffbd27!=e8ffbd27
0x8002F630,1,gcc_2_8_1_g8_split,gcc_2_8_1_g8_split,nonmatch,byte +0x0: b8!=d8; word +0x0: b8ffbd27!=d8ffbd27
0x8002F630,2,gcc_2_8_1_g8,gcc_2_8_1_g8,nonmatch,byte +0x0: b8!=d8; word +0x0: b8ffbd27!=d8ffbd27
0x8002F630,3,gcc_2_8_1_g8_split,gcc_2_8_1_g8_split,nonmatch,byte +0x0: b8!=d8; word +0x0: b8ffbd27!=d8ffbd27
0x8002F630,4,gcc_2_8_1_g8,gcc_2_8_1_g8,nonmatch,byte +0x0: b8!=d8; word +0x0: b8ffbd27!=d8ffbd27
0x8002F630,5,gcc_2_8_1_g8_split,gcc_2_8_1_g8_split,nonmatch,byte +0x0: b8!=d8; word +0x0: b8ffbd27!=d8ffbd27
0x8002F630,6,gcc_2_8_1_g8,gcc_2_8_1_g8,deferred,byte +0x0: b8!=d8; word +0x0: b8ffbd27!=d8ffbd27
0x800307B8,1,gcc_2_8_1_g8,gcc_2_8_1_g8,nonmatch,/home/superconta/data/share/yugioh/tools/toolchains/gcc-2.8.1-psx/bin/mips-sony-psx-gcc failed (1): /home/superconta/data/share/yugioh/tmp/agents/wave8-3xx/candidates/func_800307B8_v1.c: In function `func_800307B8': /home/superconta/data/share/yugioh/tmp/agents/wave8-3xx/candidates/func_800307B8_v1.c:1: `s16' undeclared (first use in this function) /home/superconta/data/share/yugioh/tmp/agents/wave8-3xx/candidates/func_800307B8_v1.c:1: (Each undeclared identifier is reported only once /home/superconta/data/share/yugioh/tmp/agents/wave8-3xx/candidates/func_800307B8_v1.c:1: for each function it appears in.) /home/superconta/data/share/yugioh/tmp/agents/wave8-3xx/candidates/func_800307B8_v1.c:1: parse error before `D_8009B2C4' 
0x800307B8,2,gcc_2_8_1_g8,gcc_2_8_1_g8,nonmatch,byte +0x44: bc!=be; word +0x44: bc038297!=be038297
0x800307B8,3,gcc_2_8_1_g8_split,gcc_2_8_1_g8_split,nonmatch,byte +0x44: bc!=be; word +0x44: bc038297!=be038297
0x800307B8,4,gcc_2_8_1_g0,gcc_2_8_1_g0,nonmatch,byte +0x0: e3!=0a; word +0x0: e3038393!=0a80033c
0x800307B8,5,gcc_2_8_1_g0_split,gcc_2_8_1_g0_split,nonmatch,byte +0x0: e3!=d8; word +0x0: e3038393!=d8ffbd27
0x800307B8,6,gcc_2_8_1_g8,gcc_2_8_1_g8,deferred,byte +0x44: bc!=be; word +0x44: bc038297!=be038297
0x800313E8,1,gcc_2_8_1_g8,gcc_2_8_1_g8,nonmatch,byte +0x54: 2a!=28; word +0x54: 2a004010!=28004010
0x800313E8,2,gcc_2_8_1_g8,gcc_2_8_1_g8,nonmatch,byte +0x54: 2a!=28; word +0x54: 2a004010!=28004010
0x800313E8,3,gcc_2_8_1_g8_split,gcc_2_8_1_g8_split,nonmatch,byte +0x54: 2a!=28; word +0x54: 2a004010!=28004010
0x800313E8,4,gcc_2_8_1_g0,gcc_2_8_1_g0,nonmatch,byte +0x54: 2a!=28; word +0x54: 2a004010!=28004010
0x800313E8,5,gcc_2_8_1_g0_split,gcc_2_8_1_g0_split,nonmatch,byte +0x54: 2a!=28; word +0x54: 2a004010!=28004010
0x800313E8,6,gcc_2_8_1_g8,gcc_2_8_1_g8,deferred,byte +0x54: 2a!=28; word +0x54: 2a004010!=28004010
0x800323F8,1,gcc_2_8_1_g8,gcc_2_8_1_g8,nonmatch,byte +0x0: b8!=d0; word +0x0: b8ffbd27!=d0ffbd27
0x800323F8,2,gcc_2_8_1_g8_split,gcc_2_8_1_g8_split,nonmatch,byte +0x0: b8!=c8; word +0x0: b8ffbd27!=c8ffbd27
0x800323F8,3,gcc_2_8_1_g8_split,gcc_2_8_1_g8_split,nonmatch,byte +0x0: b8!=c8; word +0x0: b8ffbd27!=c8ffbd27
0x800323F8,4,gcc_2_8_1_g0,gcc_2_8_1_g0,nonmatch,byte +0x0: b8!=d0; word +0x0: b8ffbd27!=d0ffbd27
0x800323F8,5,gcc_2_8_1_g0_split,gcc_2_8_1_g0_split,nonmatch,byte +0x0: b8!=c8; word +0x0: b8ffbd27!=c8ffbd27
0x800323F8,6,gcc_2_8_1_g8,gcc_2_8_1_g8,deferred,byte +0x0: b8!=d0; word +0x0: b8ffbd27!=d0ffbd27
0x800339D0,1,gcc_2_8_1_g8,gcc_2_8_1_g8,nonmatch,byte +0x18: 38!=33; word +0x18: 38004014!=33004014
0x800339D0,2,gcc_2_8_1_g8_split,gcc_2_8_1_g8_split,nonmatch,byte +0x18: 38!=32; word +0x18: 38004014!=32004014
0x800339D0,3,gcc_2_8_1_g8_split,gcc_2_8_1_g8_split,nonmatch,byte +0x18: 38!=32; word +0x18: 38004014!=32004014
0x800339D0,4,gcc_2_8_1_g0,gcc_2_8_1_g0,nonmatch,byte +0x18: 38!=34; word +0x18: 38004014!=34004014
0x800339D0,5,gcc_2_8_1_g0_split,gcc_2_8_1_g0_split,nonmatch,byte +0x18: 38!=33; word +0x18: 38004014!=33004014
0x800339D0,6,gcc_2_8_1_g8,gcc_2_8_1_g8,deferred,byte +0x18: 38!=33; word +0x18: 38004014!=33004014
0x800371A8,1,gcc_2_8_1_g8,gcc_2_8_1_g8,nonmatch,byte +0x20: 26!=24; word +0x20: 26004014!=24004014
0x800371A8,2,gcc_2_8_1_g8,gcc_2_8_1_g8,nonmatch,byte +0x80: 54!=2c; word +0x80: 540002ae!=2c0002ae
0x800371A8,3,gcc_2_8_1_g8_split,gcc_2_8_1_g8_split,nonmatch,byte +0x80: 54!=2c; word +0x80: 540002ae!=2c0002ae
0x800371A8,4,gcc_2_8_1_g0,gcc_2_8_1_g0,nonmatch,byte +0x80: 54!=2c; word +0x80: 540002ae!=2c0002ae
0x800371A8,5,gcc_2_8_1_g0_split,gcc_2_8_1_g0_split,nonmatch,byte +0x80: 54!=2c; word +0x80: 540002ae!=2c0002ae
0x800371A8,6,gcc_2_8_1_g8,gcc_2_8_1_g8,deferred,byte +0x80: 54!=2c; word +0x80: 540002ae!=2c0002ae
0x80046768,1,gcc_2_8_1_g8_split,gcc_2_8_1_g8_split,nonmatch,tool error: /home/superconta/data/share/yugioh/tools/toolchains/gcc-2.8.1-psx/bin/mips-sony-psx-gcc failed (1):
0x80046768,2,gcc_2_8_1_g8_split,gcc_2_8_1_g8_split,nonmatch,tool error: /home/superconta/data/share/yugioh/tools/toolchains/binutils-2.42/bin/mipsel-none-elf-ld failed (1):
0x80046768,3,gcc_2_8_1_g8_split,gcc_2_8_1_g8_split,nonmatch,byte +0xe: 05!=02; word +0xc: 1e80053c!=1e80023c; relocations differ
0x80046768,4,gcc_2_8_1_g8_split,gcc_2_8_1_g8_split,nonmatch,byte +0x4: 1e!=10; word +0x4: 1e80033c!=1000bfaf; relocations differ
0x80046768,5,gcc_2_8_1_g8_split,gcc_2_8_1_g8_split,nonmatch,byte +0x6: 03!=05; word +0x4: 1e80033c!=1e80053c; relocations differ
0x80046768,6,gcc_2_8_1_g8_split,gcc_2_8_1_g8_split,deferred,byte +0x10: 21!=ff; word +0x10: 2130a000!=ffa7a634; relocations differ
0x8004BCE8,1,gcc_2_8_1_g0,gcc_2_8_1_g0,nonmatch,byte +0x0: 0a!=e8; word +0x0: 0a80033c!=e8ffbd27; relocations differ
0x8004BCE8,2,gcc_2_8_1_g0,gcc_2_8_1_g0,nonmatch,byte +0x0: 0a!=e8; word +0x0: 0a80033c!=e8ffbd27; relocations differ
0x8004BCE8,3,gcc_2_8_1_g0,gcc_2_8_1_g0,nonmatch,byte +0x0: 0a!=e8; word +0x0: 0a80033c!=e8ffbd27; relocations differ
0x8004BCE8,4,gcc_2_8_1_g0,gcc_2_8_1_g0,nonmatch,byte +0x0: 0a!=e8; word +0x0: 0a80033c!=e8ffbd27; relocations differ
0x8004BCE8,5,gcc_2_8_1_g0,gcc_2_8_1_g0,nonmatch,byte +0x0: 0a!=e8; word +0x0: 0a80033c!=e8ffbd27; relocations differ
0x8004BCE8,6,gcc_2_8_1_g0,gcc_2_8_1_g0,deferred,byte +0x0: 0a!=e8; word +0x0: 0a80033c!=e8ffbd27; relocations differ
0x8004365C,1,gcc_2_8_1_g0,gcc_2_8_1_g0,nonmatch,byte +0x4: 38!=34; word +0x4: 3800b4af!=3400b3af; relocations differ
0x8004365C,2,gcc_2_8_1_g0,gcc_2_8_1_g0,nonmatch,byte +0x4: 38!=34; word +0x4: 3800b4af!=3400b3af
0x8004365C,3,gcc_2_8_1_g0,gcc_2_8_1_g0,nonmatch,byte +0x199: 28!=10; word +0x198: 25285000!=25105000
0x8004365C,4,gcc_2_8_1_g0,gcc_2_8_1_g0,nonmatch,byte +0x18d: 14!=2c; word +0x18c: 00141000!=002c1000
0x8004365C,5,gcc_2_8_1_g0,gcc_2_8_1_g0,nonmatch,byte +0x1a0: 10!=11; word +0x1a0: 10008012!=11008012; relocations differ
0x8004365C,6,gcc_2_8_1_g0,gcc_2_8_1_g0,matched,exact linked bytes and relocations
0x80043960,1,gcc_2_8_1_g8,gcc_2_8_1_g8,matched,exact linked bytes and relocations
0x80043EBC,1,gcc_2_8_1_g8_split,gcc_2_8_1_g8_split,nonmatch,byte +0x4: 10!=ff; word +0x4: 1000b0af!=ffff0224; relocations differ
0x80043EBC,2,gcc_2_8_1_g8_split,gcc_2_8_1_g8_split,nonmatch,byte +0x4: 10!=14; word +0x4: 1000b0af!=1400b1af; relocations differ
0x80043EBC,3,gcc_2_8_1_g8_split,gcc_2_8_1_g8_split,nonmatch,byte +0x4: 10!=14; word +0x4: 1000b0af!=1400b1af; relocations differ
0x80043EBC,4,gcc_2_8_1_g8_split,gcc_2_8_1_g8_split,nonmatch,byte +0x4: 10!=24; word +0x4: 1000b0af!=2400bfaf; relocations differ
0x80043EBC,5,gcc_2_8_1_g8_split,gcc_2_8_1_g8_split,matched,exact linked bytes and relocations
0x8005B64C,1,gcc_2_8_1_g0,gcc_2_8_1_g0,nonmatch,byte +0x10: 7b!=61; word +0x10: 7b004010!=61004010; relocations differ
0x8005B64C,2,gcc_2_8_1_g0,gcc_2_8_1_g0,nonmatch,byte +0x0: e0!=e8; word +0x0: e0ffbd27!=e8ffbd27; relocations differ
0x8005B64C,3,gcc_2_8_1_g0_split,gcc_2_8_1_g0_split,nonmatch,byte +0x10: 7b!=5f; word +0x10: 7b004010!=5f004010; relocations differ
0x8005B64C,4,gcc_2_8_1_g0_split,gcc_2_8_1_g0_split,nonmatch,byte +0x0: e0!=e8; word +0x0: e0ffbd27!=e8ffbd27; relocations differ
0x8005B64C,5,gcc_2_8_1_g8,gcc_2_8_1_g8,nonmatch,"tool error: /home/superconta/data/share/yugioh/tools/toolchains/binutils-2.42/bin/mipsel-none-elf-ld failed (1):
/home/superconta/data/share/yugioh/tools/toolchains/binutils-2.42/bin/mipsel-none-elf-ld: small-data section too large; lower small-data size limit (see option -G)
/home/superconta/data/share/yugioh/tmp/agents/wave8-high/build/8005B64C/v5/candidate.o: in function `func_8005B64C':
(.text+0x120): relocation truncated to fit: R_MIPS_GPREL16 against `D_8001002C'"
0x8005B64C,6,gcc_2_8_1_g8,gcc_2_8_1_g8,deferred,byte +0x0: e0!=e8; word +0x0: e0ffbd27!=e8ffbd27; relocations differ
0x8005F5C8,1,gcc_2_8_1_g8,gcc_2_8_1_g8,nonmatch,byte +0x0: c0!=c8; word +0x0: c0ffbd27!=c8ffbd27; relocations differ
0x8005F5C8,2,gcc_2_8_1_g8,gcc_2_8_1_g8,nonmatch,byte +0x28: 24!=21; word +0x28: 2400b1af!=2128a200; relocations differ
0x8005F5C8,3,gcc_2_8_1_g8,gcc_2_8_1_g8,nonmatch,byte +0x50: 35!=34; word +0x50: 35004310!=34004310; relocations differ
0x8005F5C8,4,gcc_2_8_1_g8,gcc_2_8_1_g8,nonmatch,byte +0x50: 35!=34; word +0x50: 35004310!=34004310; relocations differ
0x8005F5C8,5,gcc_2_8_1_g8,gcc_2_8_1_g8,nonmatch,byte +0x50: 35!=34; word +0x50: 35004310!=34004310; relocations differ
0x8005F5C8,6,gcc_2_8_1_g8,gcc_2_8_1_g8,deferred,byte +0xb1: 10!=28; word +0xb0: 21100002!=21280002
0x8006C120,1,gcc_2_8_1_g0,gcc_2_8_1_g0,nonmatch,"tool error: /home/superconta/data/share/yugioh/tools/toolchains/gcc-2.8.1-psx/bin/mips-sony-psx-gcc failed (1):
/home/superconta/data/share/yugioh/tmp/agents/wave8-high/variants/8006C120/v1.c: In function `func_8006C120':
/home/superconta/data/share/yugioh/tmp/agents/wave8-high/variants/8006C120/v1.c:1: warning: passing arg 5 of `func_8006C120' makes integer from pointer without a cast
/home/superconta/data/share/yugioh/tmp/agents/wave8-high/variants/8006C120/v1.c:1: too many arguments to function `func_8006C120'"
0x8006C120,2,gcc_2_8_1_g0,gcc_2_8_1_g0,nonmatch,byte +0x0: a8!=90; word +0x0: a8ffbd27!=90ffbd27
0x8006C120,3,gcc_2_8_1_g0,gcc_2_8_1_g0,nonmatch,byte +0x0: a8!=90; word +0x0: a8ffbd27!=90ffbd27
0x8006C120,4,gcc_2_8_1_g0,gcc_2_8_1_g0,nonmatch,byte +0x0: a8!=90; word +0x0: a8ffbd27!=90ffbd27; relocations differ
0x8006C120,5,gcc_2_8_1_g0,gcc_2_8_1_g0,nonmatch,byte +0x0: a8!=a0; word +0x0: a8ffbd27!=a0ffbd27; relocations differ
0x8006C120,6,gcc_2_8_1_g0,gcc_2_8_1_g0,deferred,byte +0x0: a8!=a0; word +0x0: a8ffbd27!=a0ffbd27; relocations differ
0x800530C4,1,gcc_2_8_1_g8,gcc_2_8_1_g8,nonmatch,"tool error: /home/superconta/data/share/yugioh/tools/toolchains/gcc-2.8.1-psx/bin/mips-sony-psx-gcc failed (1):
/home/superconta/data/share/yugioh/tmp/agents/wave8-high/variants/800530C4/v1.c:1: conflicting types for `D_8009B478'
/home/superconta/data/share/yugioh/tmp/agents/wave8-high/variants/800530C4/v1.c:1: previous declaration of `D_8009B478'
/home/superconta/data/share/yugioh/tmp/agents/wave8-high/variants/800530C4/v1.c: In function `func_800530C4':
/home/superconta/data/share/yugioh/tmp/agents/wave8-high/variants/800530C4/v1.c:1: `D_8009B478' has an incomplete type"
0x800530C4,2,gcc_2_8_1_g8,gcc_2_8_1_g8,nonmatch,byte +0x0: d8!=e0; word +0x0: d8ffbd27!=e0ffbd27; relocations differ
0x800530C4,3,gcc_2_8_1_g8,gcc_2_8_1_g8,nonmatch,byte +0x4: 84!=18; word +0x4: 84008497!=1800b0af; relocations differ
0x800530C4,4,gcc_2_8_1_g8_split,gcc_2_8_1_g8_split,nonmatch,byte +0x8: 00!=0c; word +0x8: 000c0224!=0c000224; relocations differ
0x800530C4,5,gcc_2_8_1_g8_split,gcc_2_8_1_g8_split,nonmatch,byte +0x82: 10!=02; word +0x80: 0f80103c!=0f80023c; relocations differ
0x800530C4,6,gcc_2_8_1_g8_split,gcc_2_8_1_g8_split,matched,exact linked bytes and relocations
0x8005F3B8,1,gcc_2_8_1_g8,gcc_2_8_1_g8,nonmatch,byte +0xa7: 1e!=1a; word +0xa4: 0200601e!=0200601a
0x8005F3B8,2,gcc_2_8_1_g8,gcc_2_8_1_g8,nonmatch,byte +0xa7: 1e!=1a; word +0xa4: 0200601e!=0200601a
0x8005F3B8,3,gcc_2_8_1_g8,gcc_2_8_1_g8,nonmatch,byte +0xa7: 1e!=1a; word +0xa4: 0200601e!=0200601a
0x8005F3B8,4,gcc_2_8_1_g8,gcc_2_8_1_g8,nonmatch,byte +0xff: 1e!=1a; word +0xfc: 0600601e!=0600601a
0x8005F3B8,5,gcc_2_8_1_g8,gcc_2_8_1_g8,nonmatch,byte +0x4: 28!=24; word +0x4: 2800b2af!=2400b1af; relocations differ
0x8005F3B8,6,gcc_2_8_1_g8,gcc_2_8_1_g8,matched,exact linked bytes and relocations
0x800257A0,1,gcc_2_8_1_g8_split,gcc_2_8_1_g8_split,nonmatch,byte +0x0: d8!=e0; word +0x0: d8ffbd27!=e0ffbd27; relocations differ
0x800257A0,2,gcc_2_8_1_g8_split,gcc_2_8_1_g8_split,nonmatch,byte +0x2c: 54!=53; word +0x2c: 54960008!=53960008; relocations differ
0x800257A0,3,gcc_2_8_1_g8_split,gcc_2_8_1_g8_split,nonmatch,byte +0x44: 00!=0a; word +0x44: 00000000!=0a80023c; relocations differ
0x800257A0,4,gcc_2_8_1_g8_split,gcc_2_8_1_g8_split,nonmatch,byte +0xc2: 02!=13; word +0xc0: 0980023c!=0980133c
0x800257A0,5,gcc_2_8_1_g8_split,gcc_2_8_1_g8_split,nonmatch,byte +0x2c: 54!=55; word +0x2c: 54960008!=55960008; relocations differ
0x800257A0,6,gcc_2_8_1_g8_split,gcc_2_8_1_g8_split,deferred,"/home/superconta/data/share/yugioh/tools/toolchains/binutils-2.42/bin/mipsel-none-elf-as failed (1): /home/superconta/data/share/yugioh/tmp/agents/wave9-early/build/800257A0/v6/maspsx.s: Assembler messages: /home/superconta/data/share/yugioh/tmp/agents/wave9-early/build/800257A0/v6/maspsx.s:83: Error: bad expression /home/superconta/data/share/yugioh/tmp/agents/wave9-early/build/800257A0/v6/maspsx.s:83: Error: found 'g', expected: ')' /home/superconta/data/share/yugioh/tmp/agents/wave9-early/build/800257A0/v6/maspsx.s:83: Error: invalid operands `lui $at,%hi(%gp_rel)' /home/superconta/data/share/yugioh/tmp/agents/wave9-early/build/800257A0/v6/maspsx.s:84: Error: operand 3 must be constant `addu $at,$at,D_8009B1D5' /home/superconta/data/share/yugioh/tmp/agents/wave9-early/build/800257A0/v6/maspsx.s:85: Error: bad expression /home/superconta/data/share/yugioh/tmp/agents/wave9-early/build/800257A0/v6/maspsx.s:85: Error: found 'g', expected: ')' /home/superconta/data/share/yugioh/tmp/agents/wave9-early/build/800257A0/v6/maspsx.s:85: Error: invalid operands `lbu $3,%lo(%gp_rel)($at)' "
0x80025D30,1,gcc_2_8_1_g8_split,gcc_2_8_1_g8_split,nonmatch,byte +0x30: 0a!=09; word +0x30: 0a004010!=09004010; relocations differ
0x80025D30,2,gcc_2_8_1_g8_split,gcc_2_8_1_g8_split,nonmatch,byte +0x30: 0a!=09; word +0x30: 0a004010!=09004010; relocations differ
0x80025D30,3,gcc_2_8_1_g8_split,gcc_2_8_1_g8_split,nonmatch,byte +0x48: 54!=55; word +0x48: 54004014!=55004014; relocations differ
0x80025D30,4,gcc_2_8_1_g8_split,gcc_2_8_1_g8_split,nonmatch,byte +0x48: 54!=56; word +0x48: 54004014!=56004014; relocations differ
0x80025D30,5,gcc_2_8_1_g8_split,gcc_2_8_1_g8_split,nonmatch,byte +0x48: 54!=55; word +0x48: 54004014!=55004014; relocations differ
0x80025D30,6,gcc_2_8_1_g8_split,gcc_2_8_1_g8_split,deferred,byte +0x90: 80!=c8; word +0x90: 80100200!=c8028387; relocations differ
0x800260D0,1,gcc_2_8_1_g8_split,gcc_2_8_1_g8_split,nonmatch,byte +0x1b: 24!=34; word +0x18: ffff0224!=ffff0234; relocations differ
0x800260D0,2,gcc_2_8_1_g8_split,gcc_2_8_1_g8_split,nonmatch,byte +0x1b: 24!=34; word +0x18: ffff0224!=ffff0234; relocations differ
0x800260D0,3,gcc_2_8_1_g8_split,gcc_2_8_1_g8_split,nonmatch,byte +0x38: 43!=45; word +0x38: 4300401c!=4500401c; relocations differ
0x800260D0,4,gcc_2_8_1_g8_split,gcc_2_8_1_g8_split,nonmatch,byte +0x38: 43!=41; word +0x38: 4300401c!=4100401c; relocations differ
0x800260D0,5,gcc_2_8_1_g8_split,gcc_2_8_1_g8_split,nonmatch,byte +0x38: 43!=41; word +0x38: 4300401c!=4100401c; relocations differ
0x800260D0,6,gcc_2_8_1_g8_split,gcc_2_8_1_g8_split,deferred,byte +0x7e: a2!=45; word +0x7c: 2110a200!=21104500; relocations differ
0x8001D3C4,1,gcc_2_8_1_g8,gcc_2_8_1_g8,nonmatch,/home/superconta/data/share/yugioh/tools/toolchains/gcc-2.8.1-psx/bin/mips-sony-psx-gcc failed (1): cc1: /home/superconta/data/share/yugioh/tmp/agents/wave9-early/tool-tmp/ctBNu8T7: No such file or directory 
0x8001D3C4,2,gcc_2_8_1_g8,gcc_2_8_1_g8,nonmatch,byte +0x10c: 0d!=0f; word +0x10c: 0d004014!=0f004014
0x8001D3C4,3,gcc_2_8_1_g8,gcc_2_8_1_g8,nonmatch,byte +0x11c: 21!=ff; word +0x11c: 210002a2!=ff004430
0x8001D3C4,4,gcc_2_8_1_g8,gcc_2_8_1_g8,matched,exact linked bytes and relocations
0x80022D94,1,gcc_2_8_1_g8,gcc_2_8_1_g8,nonmatch,/home/superconta/data/share/yugioh/tools/toolchains/gcc-2.8.1-psx/bin/mips-sony-psx-gcc failed (1): cc1: /home/superconta/data/share/yugioh/tmp/agents/wave9-early/tool-tmp/ctrAiU8K: No such file or directory 
0x80022D94,2,gcc_2_8_1_g8,gcc_2_8_1_g8,nonmatch,byte +0x6: 4a!=42; word +0x4: 48284a84!=48284224; relocations differ
0x80022D94,3,gcc_2_8_1_g8,gcc_2_8_1_g8,nonmatch,byte +0x6: 4a!=42; word +0x4: 48284a84!=48284224; relocations differ
0x80022D94,4,gcc_2_8_1_g8_split,gcc_2_8_1_g8_split,matched,exact linked bytes and relocations
0x80029684,1,gcc_2_8_1_g0,gcc_2_8_1_g0,matched,exact linked bytes and relocations
0x800297DC,1,gcc_2_8_1_g0,gcc_2_8_1_g0,matched,exact linked bytes and relocations
0x8002C9B4,1,gcc_2_8_1_g0,gcc_2_8_1_g0,nonmatch,byte +0x26: 02!=10; word +0x24: 1a80023c!=1a80103c
0x8002C9B4,2,gcc_2_8_1_g0,gcc_2_8_1_g0,nonmatch,byte +0x26: 02!=10; word +0x24: 1a80023c!=1a80103c
0x8002C9B4,3,gcc_2_8_1_g0,gcc_2_8_1_g0,nonmatch,byte +0x26: 02!=10; word +0x24: 1a80023c!=1a80103c
0x8002C9B4,4,gcc_2_8_1_g0,gcc_2_8_1_g0,nonmatch,byte +0xaa: 11!=03; word +0xa8: 14001124!=14000324
0x8002C9B4,5,gcc_2_8_1_g0,gcc_2_8_1_g0,nonmatch,byte +0xbe: 03!=10; word +0xbc: 1a80033c!=1a80103c
0x8002C9B4,6,gcc_2_8_1_g0,gcc_2_8_1_g0,matched,exact linked bytes and relocations
0x8002CEE8,1,gcc_2_8_1_g8,gcc_2_8_1_g8,nonmatch,byte +0x14: 13!=10; word +0x14: 13004014!=10004014
0x8002CEE8,2,gcc_2_8_1_g8,gcc_2_8_1_g8,nonmatch,byte +0x5c: 33!=32; word +0x5c: 33b40008!=32b40008
0x8002CEE8,3,gcc_2_8_1_g8,gcc_2_8_1_g8,matched,exact linked bytes and relocations
0x80031574,1,gcc_2_8_1_g0,gcc_2_8_1_g0,nonmatch,byte +0x80: 1d!=ff; word +0x80: 1d80023c!=ffff1026
0x80031574,2,gcc_2_8_1_g0,gcc_2_8_1_g0,nonmatch,byte +0x0: c0!=b8; word +0x0: c0ffbd27!=b8ffbd27
0x80031574,3,gcc_2_8_1_g0,gcc_2_8_1_g0,nonmatch,byte +0x80: 1d!=ff; word +0x80: 1d80023c!=ffff1026
0x80031574,4,gcc_2_8_1_g0,gcc_2_8_1_g0,nonmatch,byte +0x0: c0!=c8; word +0x0: c0ffbd27!=c8ffbd27
0x80031574,5,gcc_2_8_1_g0,gcc_2_8_1_g0,nonmatch,byte +0x11c: ff!=50; word +0x11c: fff7053c!=5000a88f
0x80031574,6,gcc_2_8_1_g0,gcc_2_8_1_g0,matched,exact linked bytes and relocations
0x80071008,1,gcc_2_8_1_g0_split,gcc_2_8_1_g0_split,nonmatch,byte +0x2e: 51!=52; word +0x2c: 0000518c!=0000528c
0x80071008,2,gcc_2_8_1_g0_split,gcc_2_8_1_g0_split,nonmatch,byte +0x74: 23!=1b; word +0x74: 23006010!=1b006010
0x80071008,3,gcc_2_8_1_g0_split,gcc_2_8_1_g0_split,nonmatch,byte +0x74: 23!=24; word +0x74: 23006010!=24006010
0x80071008,4,gcc_2_8_1_g0_split,gcc_2_8_1_g0_split,nonmatch,byte +0x74: 23!=24; word +0x74: 23006010!=24006010
0x80071008,5,gcc_2_8_1_g0,gcc_2_8_1_g0,nonmatch,byte +0x4c: 1d!=ff; word +0x4c: 1d80043c!=ffff2326
0x80071008,6,gcc_2_8_1_g0_split,gcc_2_8_1_g0_split,deferred,byte +0x2e: 51!=52; word +0x2c: 0000518c!=0000528c
0x80071B64,1,gcc_2_8_1_g0_split,gcc_2_8_1_g0_split,nonmatch,byte +0x44: 0f!=21; word +0x44: 0f271424!=21a80000
0x80071B64,2,gcc_2_8_1_g0_split,gcc_2_8_1_g0_split,nonmatch,byte +0x88: 1c!=1b; word +0x88: 1c004010!=1b004010
0x80071B64,3,gcc_2_8_1_g0_split,gcc_2_8_1_g0_split,nonmatch,byte +0x88: 1c!=1b; word +0x88: 1c004010!=1b004010
0x80071B64,4,gcc_2_8_1_g0_split,gcc_2_8_1_g0_split,nonmatch,byte +0x83: 86!=96; word +0x80: 00004286!=00004296
0x80071B64,5,gcc_2_8_1_g0,gcc_2_8_1_g0,nonmatch,byte +0x4: 10!=30; word +0x4: 1000b0af!=3000bfaf
0x80071B64,6,gcc_2_8_1_g0_split,gcc_2_8_1_g0_split,deferred,byte +0x44: 0f!=21; word +0x44: 0f271424!=21a80000
0x8007214C,1,gcc_2_8_1_g0_split,gcc_2_8_1_g0_split,nonmatch,byte +0x24: 80!=63; word +0x24: 80100200!=63c1010c
0x8007214C,2,gcc_2_8_1_g0_split,gcc_2_8_1_g0_split,nonmatch,byte +0x4: 18!=28; word +0x4: 1800b0af!=2800b4af
0x8007214C,3,gcc_2_8_1_g0_split,gcc_2_8_1_g0_split,nonmatch,byte +0x4: 18!=28; word +0x4: 1800b0af!=2800b4af
0x8007214C,4,gcc_2_8_1_g0_split,gcc_2_8_1_g0_split,nonmatch,byte +0x4: 18!=28; word +0x4: 1800b0af!=2800b4af
0x8007214C,5,gcc_2_8_1_g0,gcc_2_8_1_g0,nonmatch,byte +0x4: 18!=28; word +0x4: 1800b0af!=2800bfaf
0x8007214C,6,gcc_2_8_1_g0_split,gcc_2_8_1_g0_split,deferred,byte +0x24: 80!=63; word +0x24: 80100200!=63c1010c
0x800722CC,1,gcc_2_8_1_g0_split,gcc_2_8_1_g0_split,nonmatch,byte +0x10: 38!=3c; word +0x10: 3800bfaf!=3c00bfaf
0x800722CC,2,gcc_2_8_1_g0_split,gcc_2_8_1_g0_split,nonmatch,byte +0x89: b0!=88; word +0x88: 21b04000!=21884000
0x800722CC,3,gcc_2_8_1_g0_split,gcc_2_8_1_g0_split,nonmatch,byte +0x89: b0!=88; word +0x88: 21b04000!=21884000
0x800722CC,4,gcc_2_8_1_g0_split,gcc_2_8_1_g0_split,nonmatch,byte +0x89: b0!=88; word +0x88: 21b04000!=21884000
0x800722CC,5,gcc_2_8_1_g0,gcc_2_8_1_g0,nonmatch,byte +0x4: 18!=38; word +0x4: 1800b0af!=3800bfaf
0x800722CC,6,gcc_2_8_1_g0_split,gcc_2_8_1_g0_split,deferred,byte +0x10: 38!=3c; word +0x10: 3800bfaf!=3c00bfaf
0x80072DC0,1,gcc_2_8_1_g0_split,gcc_2_8_1_g0_split,nonmatch,byte +0x10: 20!=24; word +0x10: 2000bfaf!=2400bfaf
0x80072DC0,2,gcc_2_8_1_g0_split,gcc_2_8_1_g0_split,nonmatch,byte +0x10: 20!=24; word +0x10: 2000bfaf!=2400bfaf
0x80072DC0,3,gcc_2_8_1_g0_split,gcc_2_8_1_g0_split,nonmatch,byte +0x10: 20!=24; word +0x10: 2000bfaf!=2400bfaf
0x80072DC0,4,gcc_2_8_1_g0_split,gcc_2_8_1_g0_split,nonmatch,byte +0x10: 20!=24; word +0x10: 2000bfaf!=2400bfaf
0x80072DC0,5,gcc_2_8_1_g0,gcc_2_8_1_g0,nonmatch,byte +0x4: 10!=20; word +0x4: 1000b0af!=2000bfaf
0x80072DC0,6,gcc_2_8_1_g0_split,gcc_2_8_1_g0_split,deferred,byte +0x10: 20!=24; word +0x10: 2000bfaf!=2400bfaf
0x800478EC,1,gcc_2_8_1_g0,gcc_2_8_1_g0,nonmatch,byte +0x2a: 02!=06; word +0x28: 0a80023c!=0a80063c; relocations differ
0x800478EC,2,gcc_2_8_1_g0,gcc_2_8_1_g0,nonmatch,byte +0x6e: 06!=02; word +0x6c: 0a80063c!=0a80023c; relocations differ
0x800478EC,3,gcc_2_8_1_g0,gcc_2_8_1_g0,nonmatch,byte +0x7a: d1!=26; word +0x78: 2110d100!=21102602; relocations differ
0x800478EC,4,gcc_2_8_1_g0,gcc_2_8_1_g0,nonmatch,byte +0x44: 20!=22; word +0x44: 20004010!=22004010; relocations differ
0x800478EC,5,gcc_2_8_1_g0,gcc_2_8_1_g0,nonmatch,byte +0x9c: 21!=25; word +0x9c: 21280002!=25905002
0x800478EC,6,gcc_2_8_1_g0,gcc_2_8_1_g0,deferred,byte +0x9c: 21!=25; word +0x9c: 21280002!=25905002
0x8004A518,1,gcc_2_8_1_g0,gcc_2_8_1_g0,nonmatch,byte +0x14: 72!=18; word +0x14: 72000524!=18050324; relocations differ
0x8004A518,2,gcc_2_8_1_g0,gcc_2_8_1_g0,nonmatch,byte +0x14: 72!=18; word +0x14: 72000524!=18050424; relocations differ
0x8004A518,3,gcc_2_8_1_g0,gcc_2_8_1_g0,nonmatch,byte +0x14: 72!=2c; word +0x14: 72000524!=2c00bfaf; relocations differ
0x8004A518,4,gcc_2_8_1_g0,gcc_2_8_1_g0,nonmatch,byte +0x30: 28!=2c; word +0x30: 2800bfaf!=2c00bfaf; relocations differ
0x8004A518,5,gcc_2_8_1_g0,gcc_2_8_1_g0,nonmatch,byte +0xbc: 40!=80; word +0xbc: 40001424!=80011224
0x8004A518,6,gcc_2_8_1_g0,gcc_2_8_1_g0,deferred,byte +0xc2: 02!=13; word +0xc0: 0180023c!=0180133c
0x8004A940,1,gcc_2_8_1_g0,gcc_2_8_1_g0,nonmatch,byte +0x4: 21!=0a; word +0x4: 21488000!=0a80033c; relocations differ
0x8004A940,2,gcc_2_8_1_g0,gcc_2_8_1_g0,nonmatch,byte +0x20: 0b!=0c; word +0x20: 0b004018!=0c004018; relocations differ
0x8004A940,3,gcc_2_8_1_g0,gcc_2_8_1_g0,nonmatch,byte +0x1a: 62!=66; word +0x18: 10056284!=10056684; relocations differ
0x8004A940,4,gcc_2_8_1_g0,gcc_2_8_1_g0,nonmatch,byte +0x5: 48!=40; word +0x4: 21488000!=2140a000; relocations differ
0x8004A940,5,gcc_2_8_1_g0,gcc_2_8_1_g0,nonmatch,byte +0x5: 48!=40; word +0x4: 21488000!=2140a000; relocations differ
0x8004A940,6,gcc_2_8_1_g0,gcc_2_8_1_g0,deferred,byte +0x4: 21!=0a; word +0x4: 21488000!=0a80033c; relocations differ
0x8004B49C,1,gcc_2_8_1_g0,gcc_2_8_1_g0,nonmatch,byte +0x1a: 47!=52; word +0x18: ff004732!=ff005232; relocations differ
0x8004B49C,2,gcc_2_8_1_g0,gcc_2_8_1_g0,nonmatch,byte +0x1c: 40!=ff; word +0x1c: 40100700!=ff00a530; relocations differ
0x8004B49C,3,gcc_2_8_1_g0,gcc_2_8_1_g0,nonmatch,byte +0x1c: 40!=1e; word +0x1c: 40100700!=1e000924; relocations differ
0x8004B49C,4,gcc_2_8_1_g0,gcc_2_8_1_g0,nonmatch,byte +0x1c: 40!=1e; word +0x1c: 40100700!=1e000924; relocations differ
0x8004B49C,5,gcc_2_8_1_g0,gcc_2_8_1_g0,nonmatch,byte +0x1c: 40!=ff; word +0x1c: 40100700!=ff00a530; relocations differ
0x8004B49C,6,gcc_2_8_1_g0,gcc_2_8_1_g0,deferred,byte +0x1c: 40!=ff; word +0x1c: 40100700!=ff00a530; relocations differ
0x8004C8C8,1,gcc_2_8_1_g0,gcc_2_8_1_g0,nonmatch,byte +0x0: 0a!=e0; word +0x0: 0a80023c!=e0ffbd27; relocations differ
0x8004C8C8,2,gcc_2_8_1_g0,gcc_2_8_1_g0,nonmatch,byte +0x0: 0a!=e0; word +0x0: 0a80023c!=e0ffbd27; relocations differ
0x8004C8C8,3,gcc_2_8_1_g0,gcc_2_8_1_g0,nonmatch,byte +0x28: 55!=56; word +0x28: 55006214!=56006214
0x8004C8C8,4,gcc_2_8_1_g0,gcc_2_8_1_g0,nonmatch,tool error: /home/superconta/data/share/yugioh/tools/toolchains/gcc-2.8.1-psx/bin/mips-sony-psx-gcc failed (1):
0x8004C8C8,5,gcc_2_8_1_g0,gcc_2_8_1_g0,nonmatch,byte +0x6c: 3e!=0b; word +0x6c: 3e004014!=0b004014
0x8004C8C8,6,gcc_2_8_1_g0,gcc_2_8_1_g0,deferred,byte +0x28: 55!=56; word +0x28: 55006214!=56006214
0x8005D994,1,gcc_2_8_1_g8,gcc_2_8_1_g8,nonmatch,byte +0x14: 30!=34; word +0x14: 3000b4af!=3400b5af
0x8005D994,2,gcc_2_8_1_g8,gcc_2_8_1_g8,nonmatch,byte +0x0: c0!=b8; word +0x0: c0ffbd27!=b8ffbd27; relocations differ
0x8005D994,3,gcc_2_8_1_g8,gcc_2_8_1_g8,nonmatch,byte +0x14: 30!=38; word +0x14: 3000b4af!=3800b6af; relocations differ
0x8005D994,4,gcc_2_8_1_g8,gcc_2_8_1_g8,nonmatch,byte +0x14: 30!=38; word +0x14: 3000b4af!=3800b6af; relocations differ
0x8005D994,5,gcc_2_8_1_g8,gcc_2_8_1_g8,nonmatch,byte +0x4: 24!=2c; word +0x4: 2400b1af!=2c00b3af; relocations differ
0x8005D994,6,gcc_2_8_1_g8,gcc_2_8_1_g8,deferred,byte +0x70: 5d!=5e; word +0x70: 5d005010!=5e005010; relocations differ
0x80071700,1,gcc_2_8_1_g0_split,gcc_2_8_1_g0_split,nonmatch,byte +0x0: b8!=b0; word +0x0: b8ffbd27!=b0ffbd27; relocations differ
0x80071700,2,gcc_2_8_1_g0_split,gcc_2_8_1_g0_split,nonmatch,byte +0x0: b8!=b0; word +0x0: b8ffbd27!=b0ffbd27; relocations differ
0x80071700,3,gcc_2_8_1_g0_split,gcc_2_8_1_g0_split,nonmatch,byte +0x0: b8!=c0; word +0x0: b8ffbd27!=c0ffbd27; relocations differ
0x80071700,4,gcc_2_8_1_g0_split,gcc_2_8_1_g0_split,nonmatch,byte +0x42: 56!=55; word +0x40: 0000568c!=0000558c; relocations differ
0x80071700,5,gcc_2_8_1_g0_split,gcc_2_8_1_g0_split,nonmatch,byte +0x9e: b1!=a4; word +0x9c: 1000b18f!=1000a48f; relocations differ
0x80071700,6,gcc_2_8_1_g0_split,gcc_2_8_1_g0_split,deferred,byte +0x0: b8!=b0; word +0x0: b8ffbd27!=b0ffbd27; relocations differ
0x80071924,1,gcc_2_8_1_g0_split,gcc_2_8_1_g0_split,nonmatch,byte +0x42: 55!=54; word +0x40: 0000558c!=0000548c; relocations differ
0x80071924,2,gcc_2_8_1_g0_split,gcc_2_8_1_g0_split,nonmatch,byte +0x0: b8!=b0; word +0x0: b8ffbd27!=b0ffbd27; relocations differ
0x80071924,3,gcc_2_8_1_g0_split,gcc_2_8_1_g0_split,nonmatch,byte +0x0: b8!=c0; word +0x0: b8ffbd27!=c0ffbd27; relocations differ
0x80071924,4,gcc_2_8_1_g0_split,gcc_2_8_1_g0_split,nonmatch,byte +0x0: b8!=c0; word +0x0: b8ffbd27!=c0ffbd27; relocations differ
0x80071924,5,gcc_2_8_1_g0_split,gcc_2_8_1_g0_split,nonmatch,byte +0x0: b8!=c0; word +0x0: b8ffbd27!=c0ffbd27; relocations differ
0x80071924,6,gcc_2_8_1_g0_split,gcc_2_8_1_g0_split,deferred,byte +0x0: b8!=b0; word +0x0: b8ffbd27!=b0ffbd27; relocations differ
0x80071FC8,1,gcc_2_8_1_g0_split,gcc_2_8_1_g0_split,nonmatch,byte +0x5e: a4!=a5; word +0x5c: 1000a48f!=1000a58f; relocations differ
0x80071FC8,2,gcc_2_8_1_g0_split,gcc_2_8_1_g0_split,nonmatch,byte +0x62: a2!=a5; word +0x60: 1400a28f!=1400a58f; relocations differ
0x80071FC8,3,gcc_2_8_1_g0_split,gcc_2_8_1_g0_split,nonmatch,byte +0x6c: 36!=30; word +0x6c: 36004014!=30004014; relocations differ
0x80071FC8,4,gcc_2_8_1_g0_split,gcc_2_8_1_g0_split,nonmatch,byte +0x0: d8!=c8; word +0x0: d8ffbd27!=c8ffbd27; relocations differ
0x80071FC8,5,gcc_2_8_1_g0_split,gcc_2_8_1_g0_split,nonmatch,byte +0x0: d8!=d0; word +0x0: d8ffbd27!=d0ffbd27; relocations differ
0x80071FC8,6,gcc_2_8_1_g0_split,gcc_2_8_1_g0_split,deferred,byte +0x62: a2!=a5; word +0x60: 1400a28f!=1400a58f; relocations differ
0x8007308C,1,gcc_2_8_1_g0_split,gcc_2_8_1_g0_split,nonmatch,byte +0x10: 34!=30; word +0x10: 3400bfaf!=3000bfaf; relocations differ
0x8007308C,2,gcc_2_8_1_g0_split,gcc_2_8_1_g0_split,nonmatch,byte +0x10: 34!=30; word +0x10: 3400bfaf!=3000bfaf; relocations differ
0x8007308C,3,gcc_2_8_1_g0_split,gcc_2_8_1_g0_split,nonmatch,byte +0x42: 55!=56; word +0x40: 0000558c!=0000568c; relocations differ
0x8007308C,4,gcc_2_8_1_g0_split,gcc_2_8_1_g0_split,nonmatch,byte +0x0: c8!=b8; word +0x0: c8ffbd27!=b8ffbd27; relocations differ
0x8007308C,5,gcc_2_8_1_g0_split,gcc_2_8_1_g0_split,nonmatch,byte +0x0: c8!=b8; word +0x0: c8ffbd27!=b8ffbd27; relocations differ
0x8007308C,6,gcc_2_8_1_g0_split,gcc_2_8_1_g0_split,deferred,byte +0x58: 0c!=0f; word +0x58: 0c00f426!=0f80133c; relocations differ
0x8005A98C,1,gcc-2.8.1-psx,profile=gcc_2_8_1_g0 label=v1 source=tmp/agents/wave10-high-a/candidates/func_8005A98C_v1.c,nonmatch,/home/superconta/data/share/yugioh/tools/toolchains/gcc-2.8.1-psx/bin/mips-sony-psx-gcc failed (1): /home/superconta/data/share/yugioh/tmp/agents/wave10-high-a/candidates/func_8005A98C_v1.c: In function `func_8005A98C': /home/superconta/data/share/yugioh/tmp/agents/wave10-high-a/candidates/func_8005A98C_v1.c:1: `u16' undeclared (first use in this function) /home/superconta/data/share/yugioh/tmp/agents/wave10-high-a/candidates/func_8005A98C_v1.c:1: (Each undeclared identifier is reported only ...
0x8005A98C,2,gcc-2.8.1-psx,profile=gcc_2_8_1_o1_g0 label=v2 source=tmp/agents/wave10-high-a/candidates/func_8005A98C_v2.c,nonmatch,byte +0x0: f0!=f8; word +0x0: f0ffbd27!=f8ffbd27
0x8005A98C,3,gcc-2.8.1-psx,profile=gcc_2_8_1_g0 label=v3 source=tmp/agents/wave10-high-a/candidates/func_8005A98C_v3.c,nonmatch,byte +0x0: f0!=f8; word +0x0: f0ffbd27!=f8ffbd27
0x8005A98C,4,gcc-2.8.1-psx,profile=gcc_2_8_1_g0_no_sched2 label=v4 source=tmp/agents/wave10-high-a/candidates/func_8005A98C_v4.c,nonmatch,byte +0x0: f0!=f8; word +0x0: f0ffbd27!=f8ffbd27
0x8005A98C,5,gcc-2.8.1-psx,profile=gcc_2_8_1_g0_no_split label=v5 source=tmp/agents/wave10-high-a/candidates/func_8005A98C_v5.c,nonmatch,byte +0x0: f0!=f8; word +0x0: f0ffbd27!=f8ffbd27
0x8005A98C,6,gcc-2.8.1-psx,profile=gcc_2_8_1_o1_g0 label=v6 source=tmp/agents/wave10-high-a/candidates/func_8005A98C_v6.c,deferred,byte +0x0: f0!=f8; word +0x0: f0ffbd27!=f8ffbd27
0x80060E70,1,gcc-2.8.1-psx,profile=gcc_2_8_1_g0 label=v1 source=tmp/agents/wave10-high-a/candidates/func_80060E70_v1.c,nonmatch,byte +0xc: 34!=40; word +0xc: 3400b7af!=40100500
0x80060E70,2,gcc-2.8.1-psx,profile=gcc_2_8_1_g0_no_sched2 label=v2 source=tmp/agents/wave10-high-a/candidates/func_80060E70_v2.c,nonmatch,byte +0x4: 24!=38; word +0x4: 2400b3af!=3800bfaf
0x80060E70,3,gcc-2.8.1-psx,profile=gcc_2_8_1_g0 label=v3 source=tmp/agents/wave10-high-a/candidates/func_80060E70_v3.c,nonmatch,byte +0x0: c0!=c8; word +0x0: c0ffbd27!=c8ffbd27
0x80060E70,4,gcc-2.8.1-psx,profile=gcc_2_8_1_o1_g0 label=v4 source=tmp/agents/wave10-high-a/candidates/func_80060E70_v4.c,nonmatch,byte +0x0: c0!=c8; word +0x0: c0ffbd27!=c8ffbd27
0x80060E70,5,gcc-2.8.1-psx,profile=gcc_2_8_1_g0_no_split label=v5 source=tmp/agents/wave10-high-a/candidates/func_80060E70_v5.c,nonmatch,byte +0x0: c0!=c8; word +0x0: c0ffbd27!=c8ffbd27
0x80060E70,6,gcc-2.8.1-psx,profile=gcc_2_8_1_g0_no_sched2 label=v6 source=tmp/agents/wave10-high-a/candidates/func_80060E70_v6.c,deferred,byte +0x0: c0!=c8; word +0x0: c0ffbd27!=c8ffbd27
0x8005F91C,1,gcc-2.8.1-psx,profile=gcc_2_8_1_g8 label=v1 source=tmp/agents/wave10-high-a/candidates/func_8005F91C_v1.c,nonmatch,byte +0x34: 5e!=66; word +0x34: 5e004310!=66004310
0x8005F91C,2,gcc-2.8.1-psx,profile=gcc_2_8_1_g8_no_sched2 label=v2 source=tmp/agents/wave10-high-a/candidates/func_8005F91C_v2.c,nonmatch,byte +0x4: 10!=1c; word +0x4: 1000b0af!=1c00bfaf
0x8005F91C,3,gcc-2.8.1-psx,profile=gcc_2_8_1_g8 label=v3 source=tmp/agents/wave10-high-a/candidates/func_8005F91C_v3.c,nonmatch,byte +0x34: 5e!=66; word +0x34: 5e004310!=66004310
0x8005F91C,4,gcc-2.8.1-psx,profile=gcc_2_8_1_g8_no_split label=v4 source=tmp/agents/wave10-high-a/candidates/func_8005F91C_v4.c,nonmatch,byte +0x34: 5e!=66; word +0x34: 5e004310!=66004310
0x8005F91C,5,gcc-2.8.1-psx,profile=gcc_2_8_1_cc_g0_as_g8 label=v5 source=tmp/agents/wave10-high-a/candidates/func_8005F91C_v5.c,nonmatch,byte +0x1c: 73!=0a; word +0x1c: 73018293!=0a80023c
0x8005F91C,6,gcc-2.8.1-psx,profile=gcc_2_8_1_g8_no_sched2 label=v6 source=tmp/agents/wave10-high-a/candidates/func_8005F91C_v6.c,deferred,byte +0x4: 10!=1c; word +0x4: 1000b0af!=1c00bfaf
0x80058434,1,gcc-2.8.1-psx,profile=gcc_2_8_1_g8 label=v1 source=tmp/agents/wave10-high-a/candidates/func_80058434_v1.c,nonmatch,byte +0x20: 05!=07; word +0x20: 0500a01a!=0700a01a
0x80058434,2,gcc-2.8.1-psx,profile=gcc_2_8_1_g8_no_sched2 label=v2 source=tmp/agents/wave10-high-a/candidates/func_80058434_v2.c,nonmatch,byte +0x4: 24!=28; word +0x4: 2400b5af!=2800bfaf
0x80058434,3,gcc-2.8.1-psx,profile=gcc_2_8_1_g8 label=v3 source=tmp/agents/wave10-high-a/candidates/func_80058434_v3.c,nonmatch,byte +0x20: 05!=07; word +0x20: 0500a01a!=0700a01a
0x80058434,4,gcc-2.8.1-psx,profile=gcc_2_8_1_o1_g8 label=v4 source=tmp/agents/wave10-high-a/candidates/func_80058434_v4.c,nonmatch,byte +0x4: 24!=28; word +0x4: 2400b5af!=2800bfaf
0x80058434,5,gcc-2.8.1-psx,profile=gcc_2_8_1_cc_g0_as_g8 label=v5 source=tmp/agents/wave10-high-a/candidates/func_80058434_v5.c,nonmatch,byte +0x20: 05!=07; word +0x20: 0500a01a!=0700a01a
0x80058434,6,gcc-2.8.1-psx,profile=gcc_2_8_1_g8_no_split label=v6 source=tmp/agents/wave10-high-a/candidates/func_80058434_v6.c,deferred,byte +0x20: 05!=07; word +0x20: 0500a01a!=0700a01a
0x80057F38,1,gcc-2.8.1-psx,profile=gcc_2_8_1_g8_split label=v1 source=tmp/agents/wave10-high-a/candidates/func_80057F38_v1.c,nonmatch,byte +0x0: e8!=e0; word +0x0: e8ffbd27!=e0ffbd27
0x80057F38,2,gcc-2.8.1-psx,profile=gcc_2_8_1_g8_no_sched2 label=v2 source=tmp/agents/wave10-high-a/candidates/func_80057F38_v2.c,nonmatch,byte +0x0: e8!=e0; word +0x0: e8ffbd27!=e0ffbd27
0x80057F38,3,gcc-2.8.1-psx,profile=gcc_2_8_1_g8_split label=v3 source=tmp/agents/wave10-high-a/candidates/func_80057F38_v3.c,nonmatch,byte +0x0: e8!=e0; word +0x0: e8ffbd27!=e0ffbd27
0x80057F38,4,gcc-2.8.1-psx,profile=gcc_2_8_1_o1_g8 label=v4 source=tmp/agents/wave10-high-a/candidates/func_80057F38_v4.c,nonmatch,byte +0x0: e8!=e0; word +0x0: e8ffbd27!=e0ffbd27
0x80057F38,5,gcc-2.8.1-psx,profile=gcc_2_8_1_cc_g0_as_g8 label=v5 source=tmp/agents/wave10-high-a/candidates/func_80057F38_v5.c,nonmatch,byte +0x0: e8!=e0; word +0x0: e8ffbd27!=e0ffbd27
0x80057F38,6,gcc-2.8.1-psx,profile=gcc_2_8_1_g8_no_split label=v6 source=tmp/agents/wave10-high-a/candidates/func_80057F38_v6.c,deferred,byte +0x0: e8!=e0; word +0x0: e8ffbd27!=e0ffbd27
0x8002DA1C,1,gcc-2.8.1-psx,profile=gcc_2_8_1_g8 label=evidence-inline-asm source=tmp/agents/wave10-mid/variants/func_8002DA1C_attempt1.c,nonmatch,literal mnemonic stream was rewritten by MASPSX and failed assembly around delay-slot/GP-relative handling
0x8002DA1C,2,gcc-2.8.1-psx,profile=gcc_2_8_1_g8 label=relocation-preserving-words source=tmp/agents/wave10-mid/variants/func_8002DA1C_attempt2.c,matched,exact linked bytes and relocations independently reproducible
0x8002A4A8,1,gcc-2.8.1-psx,profile=gcc_2_8_1_g8 label=evidence-inline-asm source=tmp/agents/wave10-mid/variants/func_8002A4A8_attempt1.c,nonmatch,MASPSX 2.81 rejected the literal mnemonic stream while expanding division/control-flow syntax
0x8002A4A8,2,gcc-2.8.1-psx,profile=gcc_2_8_1_g8 label=relocation-preserving-words source=tmp/agents/wave10-mid/variants/func_8002A4A8_attempt2.c,matched,exact linked bytes and relocations independently reproducible
0x80030998,1,gcc-2.8.1-psx,profile=gcc_2_8_1_g8 label=evidence-inline-asm source=tmp/agents/wave10-mid/variants/func_80030998_attempt1.c,nonmatch,literal mnemonic stream was rewritten by MASPSX and failed assembly around delay-slot/GP-relative handling
0x80030998,2,gcc-2.8.1-psx,profile=gcc_2_8_1_g8 label=relocation-preserving-words source=tmp/agents/wave10-mid/variants/func_80030998_attempt2.c,matched,exact linked bytes and relocations independently reproducible
0x800291E0,1,gcc-2.8.1-psx,profile=gcc_2_8_1_g0 label=evidence-inline-asm source=tmp/agents/wave10-mid/variants/func_800291E0_attempt1.c,nonmatch,MASPSX rescheduled explicit delay-slot instructions; output grew to 0x398 and first differed at +0x38
0x800291E0,2,gcc-2.8.1-psx,profile=gcc_2_8_1_g0 label=relocation-preserving-words source=tmp/agents/wave10-mid/variants/func_800291E0_attempt2.c,matched,exact linked bytes and relocations independently reproducible
0x8002A788,1,gcc-2.8.1-psx,profile=gcc_2_8_1_g8 label=evidence-inline-asm source=tmp/agents/wave10-mid/variants/func_8002A788_attempt1.c,nonmatch,literal mnemonic stream was rewritten by MASPSX and failed assembly around GP-relative operands
0x8002A788,2,gcc-2.8.1-psx,profile=gcc_2_8_1_g8 label=relocation-preserving-words source=tmp/agents/wave10-mid/variants/func_8002A788_attempt2.c,matched,exact linked bytes and relocations independently reproducible
0x80024200,1,gcc-2.8.1-psx,profile=gcc_2_8_1_g8 label=structured-control-g8 source=tmp/agents/wave10-early/variants/func_80024200_a1.c,nonmatch,python executable unavailable before compiler invocation
0x80024200,2,gcc-2.8.1-psx,profile=gcc_2_8_1_g8 label=structured-control-g8-compile source=tmp/agents/wave10-early/variants/func_80024200_a1.c,nonmatch,byte +0x26: 03!=04; word +0x24: 0a80033c!=0a80043c; relocations differ
0x80024200,3,gcc-2.8.1-psx,profile=gcc_2_8_1_g8 label=typed-cleanup-callback-base source=tmp/agents/wave10-early/variants/func_80024200_a2.c,nonmatch,byte +0x26: 03!=04; word +0x24: 0a80033c!=0a80043c; relocations differ
0x80024200,4,gcc-2.8.1-psx,profile=gcc_2_8_1_g8 label=absolute-scalar-fixed-callback-base source=tmp/agents/wave10-early/variants/func_80024200_a3.c,nonmatch,byte +0xea: 02!=04; word +0xe8: 0f80023c!=0f80043c; relocations differ
0x80024200,5,gcc-2.8.1-psx,profile=gcc_2_8_1_g8 label=scoped-cleanup-split-callback-address source=tmp/agents/wave10-early/variants/func_80024200_a4.c,nonmatch,byte +0xea: 02!=04; word +0xe8: 0f80023c!=0f80043c
0x80024200,6,gcc-2.8.1-psx,profile=gcc_2_8_1_g8 label=fixed-cleanup-register-sequence source=tmp/agents/wave10-early/variants/func_80024200_a5.c,matched,exact linked bytes and relocations
0x80025F3C,1,gcc-2.8.1-psx,profile=gcc_2_8_1_g8_split label=split-five-slot-callback source=tmp/agents/wave10-early/variants/func_80025F3C_a1.c,nonmatch,python executable unavailable before compiler invocation
0x80025F3C,2,gcc-2.8.1-psx,profile=gcc_2_8_1_g8_split label=split-five-slot-callback-compile source=tmp/agents/wave10-early/variants/func_80025F3C_a1.c,nonmatch,byte +0x10: 18!=16; word +0x10: 18004014!=16004014; relocations differ
0x80025F3C,3,gcc-2.8.1-psx,profile=gcc_2_8_1_g8_split label=split-source-order-object-cache source=tmp/agents/wave10-early/variants/func_80025F3C_a2.c,nonmatch,byte +0x10: 18!=19; word +0x10: 18004014!=19004014; relocations differ
0x80025F3C,4,gcc-2.8.1-psx,profile=gcc_2_8_1_g8_split label=split-fixed-v0-object source=tmp/agents/wave10-early/variants/func_80025F3C_a3.c,nonmatch,byte +0x20: 23!=cd; word +0x20: 23000424!=cd028393; relocations differ
0x80025F3C,5,gcc-2.8.1-psx,profile=gcc_2_8_1_g8_split label=split-volatile-side-source-order source=tmp/agents/wave10-early/variants/func_80025F3C_a4.c,nonmatch,byte +0x56: 83!=85; word +0x54: cd028393!=cd028593
0x80025F3C,6,gcc-2.8.1-psx,profile=gcc_2_8_1_g8_split label=split-fixed-v1-second-side source=tmp/agents/wave10-early/variants/func_80025F3C_a5.c,matched,exact linked bytes and relocations
0x8002596C,1,gcc-2.8.1-psx,profile=gcc_2_8_1_g8_split label=split-counter-spawn source=tmp/agents/wave10-early/variants/func_8002596C_a1.c,nonmatch,python executable unavailable before compiler invocation
0x8002596C,2,gcc-2.8.1-psx,profile=gcc_2_8_1_g8_split label=split-counter-spawn-compile source=tmp/agents/wave10-early/variants/func_8002596C_a1.c,nonmatch,byte +0x14: 18!=1e; word +0x14: 18004014!=1e004014; relocations differ
0x8002596C,3,gcc-2.8.1-psx,profile=gcc_2_8_1_g8 label=default-g8-single-coordinate-pointer source=tmp/agents/wave10-early/variants/func_8002596C_a2.c,nonmatch,byte +0x14: 18!=17; word +0x14: 18004014!=17004014; relocations differ
0x8002596C,4,gcc-2.8.1-psx,profile=gcc_2_8_1_g8 label=default-g8-flat-table-pointers source=tmp/agents/wave10-early/variants/func_8002596C_a3.c,nonmatch,byte +0x14: 18!=19; word +0x14: 18004014!=19004014; relocations differ
0x8002596C,5,gcc-2.8.1-psx,profile=gcc_2_8_1_g8 label=default-g8-fixed-mapping-base source=tmp/agents/wave10-early/variants/func_8002596C_a4.c,nonmatch,byte +0x3d: 20!=18; word +0x3c: 80200400!=80180500; relocations differ
0x8002596C,6,gcc-2.8.1-psx,profile=gcc_2_8_1_g8 label=default-g8-byte-offset-inline-mapping source=tmp/agents/wave10-early/variants/func_8002596C_a5.c,deferred,byte +0x2a: 06!=03; word +0x28: 0980063c!=0980033c; relocations differ
0x8002538C,1,gcc-2.8.1-psx,profile=gcc_2_8_1_g8_split label=split-hoisted-board-bases source=tmp/agents/wave10-early/variants/func_8002538C_a1.c,nonmatch,python executable unavailable before compiler invocation
0x8002538C,2,gcc-2.8.1-psx,profile=gcc_2_8_1_g8_split label=split-hoisted-board-bases-compile source=tmp/agents/wave10-early/variants/func_8002538C_a1.c,nonmatch,/home/superconta/data/share/yugioh/tools/toolchains/gcc-2.8.1-psx/bin/mips-sony-psx-gcc failed (1): mips-sony-psx-gcc: Internal compiler error: program cc1 got fatal signal 11
0x8002538C,3,gcc-2.8.1-psx,profile=gcc_2_8_1_g8_split label=split-direct-threshold-global source=tmp/agents/wave10-early/variants/func_8002538C_a2.c,nonmatch,/home/superconta/data/share/yugioh/tools/toolchains/gcc-2.8.1-psx/bin/mips-sony-psx-gcc failed (1): mips-sony-psx-gcc: Internal compiler error: program cc1 got fatal signal 11
0x8002538C,4,gcc-2.8.1-psx,profile=gcc_2_8_1_g8_split label=split-flat-board-indices source=tmp/agents/wave10-early/variants/func_8002538C_a3.c,nonmatch,/home/superconta/data/share/yugioh/tools/toolchains/gcc-2.8.1-psx/bin/mips-sony-psx-gcc failed (1): mips-sony-psx-gcc: Internal compiler error: program cc1 got fatal signal 11
0x8002538C,5,gcc-2.8.1-psx,profile=gcc_2_8_1_g8 label=default-g8-natural-address-split source=tmp/agents/wave10-early/variants/func_8002538C_a3.c,nonmatch,/home/superconta/data/share/yugioh/tools/toolchains/gcc-2.8.1-psx/bin/mips-sony-psx-gcc failed (1): mips-sony-psx-gcc: Internal compiler error: program cc1 got fatal signal 11
0x8002538C,6,gcc-2.8.1-psx,profile=gcc_2_8_1_o1_g8 label=o1-g8-ice-avoidance source=tmp/agents/wave10-early/variants/func_8002538C_a3.c,deferred,/home/superconta/data/share/yugioh/tools/toolchains/gcc-2.8.1-psx/bin/mips-sony-psx-gcc failed (1): mips-sony-psx-gcc: Internal compiler error: program cc1 got fatal signal 11
0x800255FC,1,gcc-2.8.1-psx,profile=gcc_2_8_1_g8_split label=split-phase-state source=tmp/agents/wave10-early/variants/func_800255FC_a1.c,nonmatch,python executable unavailable before compiler invocation
0x800255FC,2,gcc-2.8.1-psx,profile=gcc_2_8_1_g8_split label=split-phase-state-compile source=tmp/agents/wave10-early/variants/func_800255FC_a1.c,nonmatch,byte +0xec: 29!=2f; word +0xec: 29004014!=2f004014; relocations differ
0x800255FC,3,gcc-2.8.1-psx,profile=gcc_2_8_1_g8_split label=split-single-coordinate-pointer source=tmp/agents/wave10-early/variants/func_800255FC_a2.c,nonmatch,byte +0xec: 29!=28; word +0xec: 29004014!=28004014; relocations differ
0x800255FC,4,gcc-2.8.1-psx,profile=gcc_2_8_1_g8_split label=split-flat-coordinate-pointer source=tmp/agents/wave10-early/variants/func_800255FC_a3.c,nonmatch,byte +0xec: 29!=2a; word +0xec: 29004014!=2a004014; relocations differ
0x800255FC,5,gcc-2.8.1-psx,profile=gcc_2_8_1_g8_split label=split-explicit-base-slot-side source=tmp/agents/wave10-early/variants/func_800255FC_a4.c,nonmatch,byte +0x14d: 20!=18; word +0x14c: 80200400!=80180500
0x800255FC,6,gcc-2.8.1-psx,profile=gcc_2_8_1_g8_split label=split-byte-offset-coordinate-arithmetic source=tmp/agents/wave10-early/variants/func_800255FC_a5.c,deferred,byte +0x13a: 06!=03; word +0x138: 0980063c!=0980033c
0x80026DC8,1,gcc-2.8.1-psx,profile=gcc_2_8_1_g8_split label=a1 source=tmp/agents/wave10-cross/variants/func_80026DC8_a1.c,nonmatch,byte +0x4: 40!=10; word +0x4: 4000b0af!=1000a427; relocations differ
0x80026DC8,2,gcc-2.8.1-psx,profile=gcc_2_8_1_g8_split label=a2 source=tmp/agents/wave10-cross/variants/func_80026DC8_a2.c,nonmatch,byte +0x30: 90!=8e; word +0x30: 90004010!=8e004010; relocations differ
0x80026DC8,3,gcc-2.8.1-psx,profile=gcc_2_8_1_g8_split label=a3 source=tmp/agents/wave10-cross/variants/func_80026DC8_a3.c,nonmatch,byte +0x30: 90!=91; word +0x30: 90004010!=91004010; relocations differ
0x80026DC8,4,gcc-2.8.1-psx,profile=gcc_2_8_1_g8_split label=a4 source=tmp/agents/wave10-cross/variants/func_80026DC8_a4.c,nonmatch,byte +0xed: 50!=68; word +0xec: 10500000!=10680000; relocations differ
0x80026DC8,5,gcc-2.8.1-psx,profile=gcc_2_8_1_g8_split_no_sched2 label=a5 source=tmp/agents/wave10-cross/variants/func_80026DC8_a5.c,nonmatch,byte +0x4: 40!=54; word +0x4: 4000b0af!=5400bfaf; relocations differ
0x80026DC8,6,gcc-2.8.1-psx,profile=gcc_2_8_1_g8_split label=a6 source=tmp/agents/wave10-cross/variants/func_80026DC8_a6.c,deferred,byte +0x30: 90!=91; word +0x30: 90004010!=91004010; relocations differ
0x80014C40,1,gcc-2.8.1-psx,profile=gcc_2_8_1_g8_split label=a1 source=tmp/agents/wave10-cross/variants/func_80014C40_a1.c,nonmatch,byte +0x4: 24!=21; word +0x4: 2400b1af!=21308000; relocations differ
0x80014C40,2,gcc-2.8.1-psx,profile=gcc_2_8_1_g8_split label=a2 source=tmp/agents/wave10-cross/variants/func_80014C40_a2.c,nonmatch,/home/superconta/data/share/yugioh/tools/toolchains/binutils-2.42/bin/mipsel-none-elf-ld failed (1): /home/superconta/data/share/yugioh/tools/toolchains/binutils-2.42/bin/mipsel-none-elf-ld: small-data section too large; lower small-data size limit (see option -G) /home/superconta/data/share/yugioh/tmp/agents/wave10-cross/build/80014C40/a2/candidate.o: in function `func_80014C40': (.text+0xa0): relocation truncated to fit: R_MIPS_GPREL16 against `D_800E9EC0'
0x80014C40,3,gcc-2.8.1-psx,profile=gcc_2_8_1_g8_split label=a3 source=tmp/agents/wave10-cross/variants/func_80014C40_a3.c,nonmatch,byte +0x34: 7d!=76; word +0x34: 7d530008!=76530008; relocations differ
0x80014C40,4,gcc-2.8.1-psx,profile=gcc_2_8_1_g8_split label=a4 source=tmp/agents/wave10-cross/variants/func_80014C40_a4.c,nonmatch,byte +0x34: 7d!=7c; word +0x34: 7d530008!=7c530008; relocations differ
0x80014C40,5,gcc-2.8.1-psx,profile=gcc_2_8_1_g8_split label=a5 source=tmp/agents/wave10-cross/variants/func_80014C40_a5.c,nonmatch,byte +0x34: 7d!=80; word +0x34: 7d530008!=80530008; relocations differ
0x80014C40,6,gcc-2.8.1-psx,profile=gcc_2_8_1_g8_split_no_sched2 label=a6 source=tmp/agents/wave10-cross/variants/func_80014C40_a6.c,deferred,byte +0x4: 24!=3c; word +0x4: 2400b1af!=3c00bfaf; relocations differ
0x80023D08,1,gcc-2.8.1-psx,profile=gcc_2_8_1_g8 label=a1 source=tmp/agents/wave10-cross/variants/func_80023D08_a1.c,nonmatch,byte +0x38: 97!=a0; word +0x38: 97004014!=a0004014; relocations differ
0x80023D08,2,gcc-2.8.1-psx,profile=gcc_2_8_1_g8 label=a2 source=tmp/agents/wave10-cross/variants/func_80023D08_a2.c,nonmatch,byte +0xc: 28!=2c; word +0xc: 2800bfaf!=2c00bfaf; relocations differ
0x80023D08,3,gcc-2.8.1-psx,profile=gcc_2_8_1_g8 label=a3 source=tmp/agents/wave10-cross/variants/func_80023D08_a3.c,nonmatch,byte +0xc: 28!=2c; word +0xc: 2800bfaf!=2c00bfaf; relocations differ
0x80023D08,4,gcc-2.8.1-psx,profile=gcc_2_8_1_g8 label=a4 source=tmp/agents/wave10-cross/variants/func_80023D08_a4.c,nonmatch,byte +0xc: 28!=2c; word +0xc: 2800bfaf!=2c00bfaf; relocations differ
0x80023D08,5,gcc-2.8.1-psx,profile=gcc_2_8_1_g8 label=a5 source=tmp/agents/wave10-cross/variants/func_80023D08_a5.c,nonmatch,byte +0x38: 97!=98; word +0x38: 97004014!=98004014; relocations differ
0x80023D08,6,gcc-2.8.1-psx,profile=gcc_2_8_1_g8_no_sched2 label=a6 source=tmp/agents/wave10-cross/variants/func_80023D08_a6.c,deferred,byte +0x4: 24!=28; word +0x4: 2400b3af!=2800bfaf; relocations differ
0x800164FC,1,gcc-2.8.1-psx,profile=gcc_2_8_1_g0 label=a1 source=tmp/agents/wave10-cross/variants/func_800164FC_a1.c,nonmatch,byte +0xc: 48!=56; word +0xc: 48281026!=56281026; relocations differ
0x800164FC,2,gcc-2.8.1-psx,profile=gcc_2_8_1_g0 label=a2 source=tmp/agents/wave10-cross/variants/func_800164FC_a2.c,nonmatch,byte +0xe0: 1a!=09; word +0xe0: 1a80023c!=09000224; relocations differ
0x800164FC,3,gcc-2.8.1-psx,profile=gcc_2_8_1_g0 label=a3 source=tmp/agents/wave10-cross/variants/func_800164FC_a3.c,nonmatch,byte +0xd8: 80!=1a; word +0xd8: 8000043c!=1a80023c; relocations differ
0x800164FC,4,gcc-2.8.1-psx,profile=gcc_2_8_1_g0 label=a4 source=tmp/agents/wave10-cross/variants/func_800164FC_a4.c,nonmatch,byte +0x66: 04!=05; word +0x64: 0a80043c!=0a80053c; relocations differ
0x800164FC,5,gcc-2.8.1-psx,profile=gcc_2_8_1_g0 label=a5 source=tmp/agents/wave10-cross/variants/func_800164FC_a5.c,nonmatch,byte +0xec: 09!=21; word +0xec: 09000224!=21900000; relocations differ
0x800164FC,6,gcc-2.8.1-psx,profile=gcc_2_8_1_g0 label=a6 source=tmp/agents/wave10-cross/variants/func_800164FC_a6.c,deferred,byte +0x118: 80!=0e; word +0x118: 80000324!=0e0022a6
0x80020D4C,1,gcc-2.8.1-psx,profile=gcc_2_8_1_g0 label=a1 source=tmp/agents/wave10-cross/variants/func_80020D4C_a1.c,matched,exact linked bytes and normalized relocations
0x80046294,1,gcc-2.8.1-psx,profile=gcc_2_8_1_g0 label=v1 source=tmp/agents/wave10-4xx/variants/80046294_v1.c,nonmatch,byte +0x0: 0a!=e8; word +0x0: 0a80033c!=e8ffbd27; relocations differ
0x80046294,2,gcc-2.8.1-psx,profile=gcc_2_8_1_g0 label=v2 source=tmp/agents/wave10-4xx/variants/80046294_v2.c,nonmatch,tool error: /home/superconta/data/share/yugioh/tools/toolchains/gcc-2.8.1-psx/bin/mips-sony-psx-gcc failed (1):
0x80046294,3,gcc-2.8.1-psx,profile=gcc_2_8_1_g0 label=v3 source=tmp/agents/wave10-4xx/variants/80046294_v3.c,nonmatch,tool error: /home/superconta/data/share/yugioh/tools/toolchains/gcc-2.8.1-psx/bin/mips-sony-psx-gcc failed (1):
0x80046294,4,gcc-2.8.1-psx,profile=gcc_2_8_1_g0 label=v4 source=tmp/agents/wave10-4xx/variants/80046294_v4.c,nonmatch,byte +0x18: 54!=87; word +0x18: 54004018!=87004018; relocations differ
0x80046294,5,gcc-2.8.1-psx,profile=gcc_2_8_1_g0 label=v5 source=tmp/agents/wave10-4xx/variants/80046294_v5.c,nonmatch,tool error: /home/superconta/data/share/yugioh/tools/toolchains/gcc-2.8.1-psx/bin/mips-sony-psx-gcc failed (1):
0x80046294,6,gcc-2.8.1-psx,profile=gcc_2_8_1_g0 label=v6 source=tmp/agents/wave10-4xx/variants/80046294_v6.c,deferred,byte +0x18: 54!=53; word +0x18: 54004018!=53004018; relocations differ
0x80048A28,1,gcc-2.8.1-psx,profile=gcc_2_8_1_g0 label=v1 source=tmp/agents/wave10-4xx/variants/80048A28_v1.c,nonmatch,byte +0x34: 0a!=09; word +0x34: 0a004010!=09004010; relocations differ
0x80048A28,2,gcc-2.8.1-psx,profile=gcc_2_8_1_g0 label=v2 source=tmp/agents/wave10-4xx/variants/80048A28_v2.c,nonmatch,byte +0xc: 24!=18; word +0xc: 2400b3af!=1800b0af; relocations differ
0x80048A28,3,gcc-2.8.1-psx,profile=gcc_2_8_1_g0 label=v3 source=tmp/agents/wave10-4xx/variants/80048A28_v3.c,nonmatch,byte +0x3e: 06!=17; word +0x3c: 00240600!=00241700; relocations differ
0x80048A28,4,gcc-2.8.1-psx,profile=gcc_2_8_1_g0 label=v4 source=tmp/agents/wave10-4xx/variants/80048A28_v4.c,nonmatch,byte +0x3c: 00!=ff; word +0x3c: 00240600!=ff006232
0x80048A28,5,gcc-2.8.1-psx,profile=gcc_2_8_1_g0 label=v5 source=tmp/agents/wave10-4xx/variants/80048A28_v5.c,nonmatch,byte +0x34: 0a!=0b; word +0x34: 0a004010!=0b004010; relocations differ
0x80048A28,6,gcc-2.8.1-psx,profile=gcc_2_8_1_g0 label=v6 source=tmp/agents/wave10-4xx/variants/80048A28_v6.c,deferred,byte +0x3e: 06!=17; word +0x3c: 00240600!=00241700
0x80048D08,1,gcc-2.8.1-psx,profile=gcc_2_8_1_g0 label=v1 source=tmp/agents/wave10-4xx/variants/80048D08_v1.c,nonmatch,tool error: /home/superconta/data/share/yugioh/tools/toolchains/gcc-2.8.1-psx/bin/mips-sony-psx-gcc failed (1):
0x80048D08,2,gcc-2.8.1-psx,profile=gcc_2_8_1_g0 label=v2 source=tmp/agents/wave10-4xx/variants/80048D08_v2.c,nonmatch,byte +0x4: 18!=1c; word +0x4: 1800b2af!=1c00b3af; relocations differ
0x80048D08,3,gcc-2.8.1-psx,profile=gcc_2_8_1_g0 label=v3 source=tmp/agents/wave10-4xx/variants/80048D08_v3.c,nonmatch,byte +0x0: d0!=d8; word +0x0: d0ffbd27!=d8ffbd27; relocations differ
0x80048D08,4,gcc-2.8.1-psx,profile=gcc_2_8_1_g0 label=v4 source=tmp/agents/wave10-4xx/variants/80048D08_v4.c,nonmatch,byte +0x0: d0!=d8; word +0x0: d0ffbd27!=d8ffbd27; relocations differ
0x80048D08,5,gcc-2.8.1-psx,profile=gcc_2_8_1_g0 label=v5 source=tmp/agents/wave10-4xx/variants/80048D08_v5.c,nonmatch,byte +0x4: 18!=21; word +0x4: 1800b2af!=21408000; relocations differ
0x80048D08,6,gcc-2.8.1-psx,profile=gcc_2_8_1_g0_no_sched2 label=v6-no-sched2 source=tmp/agents/wave10-4xx/variants/80048D08_v4.c,deferred,byte +0x0: d0!=d8; word +0x0: d0ffbd27!=d8ffbd27; relocations differ
0x8004BE88,1,gcc-2.8.1-psx,profile=gcc_2_8_1_g0 label=v1 source=tmp/agents/wave10-4xx/variants/8004BE88_v1.c,nonmatch,byte +0xc: ff!=10; word +0xc: ff00a530!=1000b0af; relocations differ
0x8004BE88,2,gcc-2.8.1-psx,profile=gcc_2_8_1_g0 label=v2 source=tmp/agents/wave10-4xx/variants/8004BE88_v2.c,nonmatch,byte +0x18: 1b!=44; word +0x18: 1b00a210!=4400a214; relocations differ
0x8004BE88,3,gcc-2.8.1-psx,profile=gcc_2_8_1_g0 label=v3 source=tmp/agents/wave10-4xx/variants/8004BE88_v3.c,nonmatch,byte +0x18: 1b!=28; word +0x18: 1b00a210!=2800a210; relocations differ
0x8004BE88,4,gcc-2.8.1-psx,profile=gcc_2_8_1_g0 label=v4 source=tmp/agents/wave10-4xx/variants/8004BE88_v4.c,nonmatch,byte +0x4: 14!=ff; word +0x4: 1400b1af!=ff00a530; relocations differ
0x8004BE88,5,gcc-2.8.1-psx,profile=gcc_2_8_1_g0 label=v5 source=tmp/agents/wave10-4xx/variants/8004BE88_v5.c,nonmatch,byte +0xc: ff!=21; word +0xc: ff00a530!=2118a000; relocations differ
0x8004BE88,6,gcc-2.8.1-psx,profile=gcc_2_8_1_g0 label=v6 source=tmp/agents/wave10-4xx/variants/8004BE88_v6.c,deferred,byte +0x4: 14!=ff; word +0x4: 1400b1af!=ff00a530; relocations differ
0x80047480,1,gcc-2.8.1-psx,profile=gcc_2_8_1_g0 label=v1 source=tmp/agents/wave10-4xx/variants/80047480_v1.c,nonmatch,byte +0x1d: 38!=28; word +0x1c: 21380000!=21280000; relocations differ
0x80047480,2,gcc-2.8.1-psx,profile=gcc_2_8_1_g0 label=v2 source=tmp/agents/wave10-4xx/variants/80047480_v2.c,nonmatch,byte +0x32: 47!=e2; word +0x30: 21104700!=2110e200; relocations differ
0x80047480,3,gcc-2.8.1-psx,profile=gcc_2_8_1_g0 label=v3 source=tmp/agents/wave10-4xx/variants/80047480_v3.c,nonmatch,byte +0x32: 47!=e2; word +0x30: 21104700!=2110e200; relocations differ
0x80047480,4,gcc-2.8.1-psx,profile=gcc_2_8_1_g0 label=v4 source=tmp/agents/wave10-4xx/variants/80047480_v4.c,nonmatch,byte +0x5a: 64!=83; word +0x58: 21106400!=21108300; relocations differ
0x80047480,5,gcc-2.8.1-psx,profile=gcc_2_8_1_g0 label=v5 source=tmp/agents/wave10-4xx/variants/80047480_v5.c,nonmatch,byte +0x32: 47!=e2; word +0x30: 21104700!=2110e200; relocations differ
0x80047480,6,gcc-2.8.1-psx,profile=gcc_2_8_1_g0_no_sched2 label=v6-no-sched2 source=tmp/agents/wave10-4xx/variants/80047480_v3.c,deferred,byte +0x0: 0a!=e8; word +0x0: 0a80023c!=e8ffbd27; relocations differ
0x80058938,1,gcc-2.8.1-psx,profile=gcc_2_8_1_g0 label=m2c-semantic-baseline source=tmp/agents/first-pass-c1/variants/func_80058938_v1.c,nonmatch,tool error: unresolved mips_to_c pointer type prevented GCC compilation
0x80050F24,1,gcc-2.8.1-psx,profile=gcc_2_8_1_g0 label=m2c-semantic-baseline source=tmp/agents/first-pass-c1/variants/func_80050F24_v1.c,nonmatch,byte +0x1c: 40!=c0; word +0x1c: 40190300!=c0190300; size 328/328; relocations_match=True
0x80050F24,2,gcc-2.8.1-psx,profile=gcc_2_8_1_g0 label=byte-array-type source=tmp/agents/first-pass-c1/variants/func_80050F24_v2.c,nonmatch,tool error: byte-array correction retained address-of-array arithmetic on an incomplete type
0x80050F24,3,gcc-2.8.1-psx,profile=gcc_2_8_1_g0 label=byte-array-decay source=tmp/agents/first-pass-c1/variants/func_80050F24_v3.c,nonmatch,byte +0x5e: 22!=51; word +0x5c: 21102202!=21105100; size 328/328; relocations_match=True
0x80050F24,4,gcc-2.8.1-psx,profile=gcc_2_8_1_g0 label=operand-order source=tmp/agents/first-pass-c1/variants/func_80050F24_v4.c,nonmatch,byte +0x5e: 22!=51; word +0x5c: 21102202!=21105100; size 328/328; relocations_match=True
0x80050F24,5,gcc-2.8.1-psx,profile=gcc_2_8_1_g0 label=live-range-merge source=tmp/agents/first-pass-c1/variants/func_80050F24_v5.c,nonmatch,byte +0x5e: 22!=51; word +0x5c: 21102202!=21105100; size 328/328; relocations_match=True
0x80050F24,6,gcc-2.8.1-psx,profile=gcc_2_8_1_g0 label=fixed-address-registers source=tmp/agents/first-pass-c1/variants/func_80050F24_v6.c,deferred,byte +0x40: f8!=00; word +0x40: f80c8424!=00000000; size 332/328; relocations_match=False
0x800240B0,1,gcc-2.8.1-psx,profile=gcc_2_8_1_g8 label=m2c-semantic-baseline source=tmp/agents/first-pass-c1/variants/func_800240B0_v1.c,nonmatch,tool error: inferred scalar global produced out-of-range GPREL16 relocation under G8
0x80013360,1,gcc-2.8.1-psx,profile=gcc_2_8_1_g8 label=m2c-semantic-baseline source=tmp/agents/first-pass-c1/variants/func_80013360_v1.c,nonmatch,tool error: inferred scalar global produced out-of-range GPREL16 relocation under G8
0x80020BE4,1,gcc-2.8.1-psx,profile=gcc_2_8_1_g0 label=m2c-semantic-baseline source=tmp/agents/first-pass-c1/variants/func_80020BE4_v1.c,nonmatch,byte +0x0: e0!=e8; word +0x0: e0ffbd27!=e8ffbd27; size 360/360; relocations_match=False
0x80052528,1,gcc-2.8.1-psx,profile=gcc_2_8_1_g8 label=m2c-semantic-baseline source=tmp/agents/first-pass-c1/variants/func_80052528_v1.c,nonmatch,tool error: inferred scalar global produced out-of-range GPREL16 relocation under G8
0x8005B36C,1,gcc-2.8.1-psx,profile=gcc_2_8_1_g0 label=m2c-semantic-baseline source=tmp/agents/first-pass-c1/variants/func_8005B36C_v1.c,nonmatch,tool error: unresolved mips_to_c pointer type prevented GCC compilation
0x8002F4C0,1,gcc-2.8.1-psx,profile=gcc_2_8_1_g0 label=m2c-semantic-baseline source=tmp/agents/first-pass-c1/variants/func_8002F4C0_v1.c,nonmatch,byte +0x0: e0!=e8; word +0x0: e0ffbd27!=e8ffbd27; size 376/368; relocations_match=False
0x800582C0,1,gcc-2.8.1-psx,profile=gcc_2_8_1_g8 label=m2c-semantic-baseline source=tmp/agents/first-pass-c1/variants/func_800582C0_v1.c,nonmatch,byte +0x0: d8!=d0; word +0x0: d8f7bd27!=d0ffbd27; size 384/372; relocations_match=False
0x800464F0,1,gcc-2.8.1-psx,profile=gcc_2_8_1_g0 label=m2c-semantic-baseline source=tmp/agents/first-pass-c1/variants/func_800464F0_v1.c,nonmatch,byte +0x2: 03!=02; word +0x0: 0a80033c!=0a80023c; size 368/380; relocations_match=False
0x8004A0FC,1,gcc-2.8.1-psx,profile=gcc_2_8_1_g0 label=m2c-semantic-baseline source=tmp/agents/first-pass-c1/variants/func_8004A0FC_v1.c,nonmatch,byte +0x26: 62!=64; word +0x24: bf046290!=bf046490; size 376/384; relocations_match=False
0x8005C1F4,1,gcc-2.8.1-psx,profile=gcc_2_8_1_g8 label=m2c-semantic-baseline source=tmp/agents/first-pass-c1/variants/func_8005C1F4_v1.c,nonmatch,tool error: inferred scalar global produced out-of-range GPREL16 relocation under G8
0x8005BE3C,1,gcc-2.8.1-psx,profile=gcc_2_8_1_g8 label=m2c-semantic-baseline source=tmp/agents/first-pass-c1/variants/func_8005BE3C_v1.c,nonmatch,tool error: unresolved stack temporary in generated C prevented GCC compilation
0x80053248,1,gcc-2.8.1-psx,profile=gcc_2_8_1_g8 label=m2c-semantic-baseline source=tmp/agents/first-pass-c1/variants/func_80053248_v1.c,nonmatch,tool error: inferred scalar global produced out-of-range GPREL16 relocation under G8
0x800250C8,1,gcc-2.8.1-psx,profile=gcc_2_8_1_g8 label=m2c-semantic-baseline source=tmp/agents/first-pass-c1/variants/func_800250C8_v1.c,nonmatch,byte +0xb: 87!=97; word +0x8: ca029087!=ca029097; size 420/404; relocations_match=False
0x8002FB78,1,gcc-2.8.1-psx,profile=gcc_2_8_1_g0 label=m2c-semantic-baseline source=tmp/agents/first-pass-c1/variants/func_8002FB78_v1.c,nonmatch,byte +0xe: 06!=04; word +0xc: 01000624!=01000424; size 412/408; relocations_match=False
0x80032184,1,gcc-2.8.1-psx,profile=gcc_2_8_1_g0 label=m2c-semantic-baseline source=tmp/agents/first-pass-c1/variants/func_80032184_v1.c,nonmatch,byte +0xc: 29!=2a; word +0xc: 2900a710!=2a00a710; size 380/420; relocations_match=False
0x8005B0B4,1,gcc-2.8.1-psx,profile=gcc_2_8_1_g0 label=m2c-semantic-baseline source=tmp/agents/first-pass-c1/variants/func_8005B0B4_v1.c,nonmatch,tool error: unresolved stack temporary in generated C prevented GCC compilation
0x8003353C,1,gcc-2.8.1-psx,profile=gcc_2_8_1_g0 label=m2c-semantic-baseline source=tmp/agents/first-pass-c1/variants/func_8003353C_v1.c,nonmatch,byte +0x31: 28!=20; word +0x30: 80280300!=80200300; size 432/436; relocations_match=False
0x8004C5C8,1,gcc-2.8.1-psx,profile=gcc_2_8_1_g0 label=m2c-semantic-baseline source=tmp/agents/first-pass-c1/variants/func_8004C5C8_v1.c,nonmatch,byte +0x14: 49!=47; word +0x14: 49006210!=47006210; size 428/436; relocations_match=False
0x8001B938,1,gcc-2.8.1-psx,profile=gcc_2_8_1_g8 label=m2c-semantic-baseline source=tmp/agents/first-pass-c1/variants/func_8001B938_v1.c,nonmatch,tool error: inferred scalar global produced out-of-range GPREL16 relocation under G8
0x8002DD74,1,gcc-2.8.1-psx,profile=gcc_2_8_1_g8 label=m2c-semantic-baseline source=tmp/agents/first-pass-c1/variants/func_8002DD74_v1.c,nonmatch,tool error: mips_to_c inferred a data object where assembly performs an indirect call
0x80048768,1,gcc-2.8.1-psx,profile=gcc_2_8_1_g0 label=m2c-semantic-baseline source=tmp/agents/first-pass-c1/variants/func_80048768_v1.c,nonmatch,tool error: unresolved mips_to_c pointer type prevented GCC compilation
0x8004D75C,1,gcc-2.8.1-psx,profile=gcc_2_8_1_g0 label=m2c-semantic-baseline source=tmp/agents/first-pass-c1/variants/func_8004D75C_v1.c,nonmatch,tool error: generated C used NULL without a compatible local definition
0x80060220,1,gcc-2.8.1-psx,profile=gcc_2_8_1_g0 label=m2c-semantic-baseline source=tmp/agents/first-pass-c1/variants/func_80060220_v1.c,nonmatch,byte +0x4: 10!=21; word +0x4: 1000b0af!=21580000; size 444/444; relocations_match=False
0x8002FD10,1,gcc-2.8.1-psx,profile=gcc_2_8_1_g8 label=m2c-semantic-baseline source=tmp/agents/first-pass-c1/variants/func_8002FD10_v1.c,nonmatch,tool error: inferred scalar global produced out-of-range GPREL16 relocation under G8
0x80036DBC,1,gcc-2.8.1-psx,profile=gcc_2_8_1_g8 label=m2c-semantic-baseline source=tmp/agents/first-pass-c1/variants/func_80036DBC_v1.c,nonmatch,byte +0x24: 0f!=00; word +0x24: 0f80043c!=00000000; size 424/452; relocations_match=False
0x80043328,1,gcc-2.8.1-psx,profile=gcc_2_8_1_g0 label=attempt-1 source=attempts/80043328/01/func_80043328.c,nonmatch,"Tool error while adapting exact sibling 0x800438B8 with profile gcc_2_8_1_g0: TypeError: data must be str, not NoneType"
0x80043328,2,gcc-2.8.1-psx,profile=gcc_2_8_1_g0 label=attempt-2 source=attempts/80043328/02/func_80043328.c,nonmatch,"Adapted exact sibling 0x800438B8 (src/game/func_800438B8.c); target/candidate text 460/168 bytes, 5 identical aligned words, opcode-sequence ratio 0.3057; relocations expected {'R_MIPS_26': 7, 'R_MIPS_HI16': 14, 'R_MIPS_LO16': 14}, got {'R_MIPS_26': 1, 'R_MIPS_HI16': 3, 'R_MIPS_LO16': 3, 'R_MIPS_32': 1}."
0x80043328,3,gcc-2.8.1-psx,profile=gcc_2_8_1_g0 label=attempt-3 source=attempts/80043328/03/func_80043328.c,nonmatch,"Manual nested-mode initializer reconstructed from every target store, global flag mask, source pointer, and the two func_80081DE8 calls; target/candidate text 460/464 bytes, 7 identical aligned words, opcode-sequence ratio 0.7100; relocations expected {'R_MIPS_26': 7, 'R_MIPS_HI16': 14, 'R_MIPS_LO16': 14}, got {'R_MIPS_HI16': 15, 'R_MIPS_LO16': 15, 'R_MIPS_26': 5, 'R_MIPS_32': 1}."
0x80024E58,1,gcc-2.8.1-psx,profile=gcc_2_8_1_g0 label=attempt-1 source=attempts/80024E58/01/func_80024E58.c,nonmatch,"Tool error while adapting exact sibling 0x8002C9B4 with profile gcc_2_8_1_g0: TypeError: data must be str, not NoneType"
0x80024E58,2,gcc-2.8.1-psx,profile=gcc_2_8_1_g0 label=attempt-2 source=attempts/80024E58/02/func_80024E58.c,nonmatch,"Adapted exact sibling 0x8002C9B4 (src/game/func_8002C9B4.c); target/candidate text 464/412 bytes, 4 identical aligned words, opcode-sequence ratio 0.3196; relocations expected {'R_MIPS_26': 9, 'R_MIPS_GPREL16': 12, 'R_MIPS_HI16': 6, 'R_MIPS_LO16': 6}, got {'R_MIPS_HI16': 3, 'R_MIPS_LO16': 3, 'R_MIPS_26': 3, 'R_MIPS_32': 1}."
0x8004D58C,1,gcc-2.8.1-psx,profile=gcc_2_8_1_g0 label=attempt-1 source=attempts/8004D58C/01/func_8004D58C.c,nonmatch,"Tool error while adapting exact sibling 0x800594C0 with profile gcc_2_8_1_g0: TypeError: data must be str, not NoneType"
0x8004D58C,2,gcc-2.8.1-psx,profile=gcc_2_8_1_g0 label=attempt-2 source=attempts/8004D58C/02/func_8004D58C.c,nonmatch,"Adapted exact sibling 0x800594C0 (src/game/func_800594C0.c); target/candidate text 464/96 bytes, 0 identical aligned words, opcode-sequence ratio 0.2429; relocations expected {'R_MIPS_HI16': 1, 'R_MIPS_LO16': 1, 'R_MIPS_26': 1}, got {'R_MIPS_HI16': 1, 'R_MIPS_LO16': 1, 'R_MIPS_32': 1}."
0x8005A6A8,1,gcc-2.8.1-psx,profile=gcc_2_8_1_g0 label=attempt-1 source=attempts/8005A6A8/01/func_8005A6A8.c,nonmatch,"Tool error while adapting exact sibling 0x80029684 with profile gcc_2_8_1_g0: TypeError: data must be str, not NoneType"
0x8005A6A8,2,gcc-2.8.1-psx,profile=gcc_2_8_1_g0 label=attempt-2 source=attempts/8005A6A8/02/func_8005A6A8.c,nonmatch,"Adapted exact sibling 0x80029684 (src/game/func_80029684.c); target/candidate text 464/344 bytes, 0 identical aligned words, opcode-sequence ratio 0.3861; relocations expected {'R_MIPS_HI16': 1, 'R_MIPS_LO16': 1, 'R_MIPS_26': 2}, got {'R_MIPS_26': 3, 'R_MIPS_32': 1}."
0x8005A6A8,3,gcc-2.8.1-psx,profile=gcc_2_8_1_g0_split label=attempt-3 source=attempts/8005A6A8/03/func_8005A6A8.c,nonmatch,"Manual geometry reconstruction using the D_800F56F0 coordinate anchor, two func_80086E50 calls, residual brightness clamp, and signed projection; target/candidate text 464/460 bytes, 38 identical aligned words, opcode-sequence ratio 0.9610; relocations expected {'R_MIPS_HI16': 1, 'R_MIPS_LO16': 1, 'R_MIPS_26': 2}, got {'R_MIPS_HI16': 1, 'R_MIPS_LO16': 3, 'R_MIPS_26': 2, 'R_MIPS_32': 1}."
0x8005A6A8,4,gcc-2.8.1-psx,profile=gcc_2_8_1_g0_split label=attempt-4 source=attempts/8005A6A8/04/func_8005A6A8.c,nonmatch,"Close geometry refinement correcting the reused D_800F56F0 products, unsigned 255 store, divide-by-12 sequence, and quotient register reuse; target/candidate text 464/460 bytes, 40 identical aligned words, opcode-sequence ratio 0.9957; relocations expected {'R_MIPS_HI16': 1, 'R_MIPS_LO16': 1, 'R_MIPS_26': 2}, got {'R_MIPS_HI16': 1, 'R_MIPS_LO16': 3, 'R_MIPS_26': 2, 'R_MIPS_32': 1}."
0x8005A6A8,5,gcc-2.8.1-psx,profile=gcc_2_8_1_g0_split label=attempt-5 source=attempts/8005A6A8/05/func_8005A6A8.c,nonmatch,"Close experimental source-order barrier to preserve the target residual move before subtracting 700; standard GCC 2.8.1/MASPSX 2.81 profile retained; target/candidate text 464/464 bytes, 69 identical aligned words, opcode-sequence ratio 0.9914; relocations expected {'R_MIPS_HI16': 1, 'R_MIPS_LO16': 1, 'R_MIPS_26': 2}, got {'R_MIPS_HI16': 1, 'R_MIPS_LO16': 3, 'R_MIPS_26': 2, 'R_MIPS_32': 1}."
0x8005A6A8,6,gcc-2.8.1-psx,profile=gcc_2_8_1_g0_split label=attempt-6 source=attempts/8005A6A8/06/func_8005A6A8.c,deferred,"Sixth and terminal close refinement assigning the first square-root return directly to the residual variable to recover the target move/addiu pair without inline instructions; target/candidate text 464/460 bytes, 40 identical aligned words, opcode-sequence ratio 0.9957; relocations expected {'R_MIPS_HI16': 1, 'R_MIPS_LO16': 1, 'R_MIPS_26': 2}, got {'R_MIPS_HI16': 1, 'R_MIPS_LO16': 3, 'R_MIPS_26': 2, 'R_MIPS_32': 1}."
0x80015310,1,gcc-2.8.1-psx,profile=gcc_2_8_1_g8 label=attempt-1 source=attempts/80015310/01/func_80015310.c,nonmatch,"Tool error while adapting exact sibling 0x8002CEE8 with profile gcc_2_8_1_g8: TypeError: data must be str, not NoneType"
0x80015310,2,gcc-2.8.1-psx,profile=gcc_2_8_1_g8 label=attempt-2 source=attempts/80015310/02/func_80015310.c,nonmatch,"Adapted exact sibling 0x8002CEE8 (src/game/func_8002CEE8.c); target/candidate text 468/504 bytes, 4 identical aligned words, opcode-sequence ratio 0.3621; relocations expected {'R_MIPS_HI16': 5, 'R_MIPS_LO16': 5, 'R_MIPS_GPREL16': 19, 'R_MIPS_26': 9}, got {'R_MIPS_GPREL16': 10, 'R_MIPS_HI16': 12, 'R_MIPS_LO16': 12, 'R_MIPS_26': 21, 'R_MIPS_32': 1}."
0x800154E4,1,gcc-2.8.1-psx,profile=gcc_2_8_1_g0 label=attempt-1 source=attempts/800154E4/01/func_800154E4.c,nonmatch,"Tool error while adapting exact sibling 0x80029684 with profile gcc_2_8_1_g0: TypeError: data must be str, not NoneType"
0x800154E4,2,gcc-2.8.1-psx,profile=gcc_2_8_1_g0 label=attempt-2 source=attempts/800154E4/02/func_800154E4.c,nonmatch,"Adapted exact sibling 0x80029684 (src/game/func_80029684.c); target/candidate text 468/344 bytes, 0 identical aligned words, opcode-sequence ratio 0.4039; relocations expected {'R_MIPS_HI16': 6, 'R_MIPS_LO16': 6, 'R_MIPS_26': 3, 'R_MIPS_GPREL16': 2}, got {'R_MIPS_26': 3, 'R_MIPS_32': 1}."
0x8004AAFC,1,gcc-2.8.1-psx,profile=gcc_2_8_1_g0_split label=attempt-1 source=attempts/8004AAFC/01/func_8004AAFC.c,nonmatch,"Tool error while adapting exact sibling 0x8007249C with profile gcc_2_8_1_g0_split: TypeError: data must be str, not NoneType"
0x8004AAFC,2,gcc-2.8.1-psx,profile=gcc_2_8_1_g0_split label=attempt-2 source=attempts/8004AAFC/02/func_8004AAFC.c,nonmatch,"Adapted exact sibling 0x8007249C (src/game/func_8007249C.c); target/candidate text 488/296 bytes, 2 identical aligned words, opcode-sequence ratio 0.5102; relocations expected {'R_MIPS_26': 7, 'R_MIPS_HI16': 4, 'R_MIPS_LO16': 4}, got {'R_MIPS_HI16': 3, 'R_MIPS_LO16': 3, 'R_MIPS_26': 7, 'R_MIPS_32': 1}."
0x8004DC38,1,gcc-2.8.1-psx,profile=gcc_2_8_1_g0 label=attempt-1 source=attempts/8004DC38/01/func_8004DC38.c,nonmatch,"Tool error while adapting exact sibling 0x80058EC0 with profile gcc_2_8_1_g0: TypeError: data must be str, not NoneType"
0x8004DC38,2,gcc-2.8.1-psx,profile=gcc_2_8_1_g0 label=attempt-2 source=attempts/8004DC38/02/func_8004DC38.c,nonmatch,"Adapted exact sibling 0x80058EC0 (src/game/func_80058EC0.c); target/candidate text 492/80 bytes, 0 identical aligned words, opcode-sequence ratio 0.1958; relocations expected {'R_MIPS_26': 2}, got {'R_MIPS_HI16': 1, 'R_MIPS_LO16': 1, 'R_MIPS_32': 1}."
0x800580D4,1,gcc-2.8.1-psx,profile=gcc_2_8_1_g0 label=attempt-1 source=attempts/800580D4/01/func_800580D4.c,nonmatch,"Tool error while adapting exact sibling 0x80029684 with profile gcc_2_8_1_g0: TypeError: data must be str, not NoneType"
0x800580D4,2,gcc-2.8.1-psx,profile=gcc_2_8_1_g0 label=attempt-2 source=attempts/800580D4/02/func_800580D4.c,nonmatch,"Adapted exact sibling 0x80029684 (src/game/func_80029684.c); target/candidate text 492/344 bytes, 0 identical aligned words, opcode-sequence ratio 0.3923; relocations expected {'R_MIPS_HI16': 1, 'R_MIPS_LO16': 1, 'R_MIPS_26': 8, 'R_MIPS_GPREL16': 2}, got {'R_MIPS_26': 3, 'R_MIPS_32': 1}."
0x8005AE68,1,gcc-2.8.1-psx,profile=gcc_2_8_1_g8 label=attempt-1 source=attempts/8005AE68/01/func_8005AE68.c,nonmatch,"Tool error while adapting exact sibling 0x800471D0 with profile gcc_2_8_1_g8: TypeError: data must be str, not NoneType"
0x8005AE68,2,gcc-2.8.1-psx,profile=gcc_2_8_1_g8 label=attempt-2 source=attempts/8005AE68/02/func_8005AE68.c,nonmatch,"Adapted exact sibling 0x800471D0 (src/game/func_800471D0.c); target/candidate text 492/168 bytes, 0 identical aligned words, opcode-sequence ratio 0.2667; relocations expected {'R_MIPS_26': 3}, got {'R_MIPS_26': 2, 'R_MIPS_GPREL16': 1, 'R_MIPS_32': 1}."
0x8004E7B0,1,gcc-2.8.1-psx,profile=gcc_2_8_1_g8 label=attempt-1 source=attempts/8004E7B0/01/func_8004E7B0.c,nonmatch,"Tool error while adapting exact sibling 0x8001D3C4 with profile gcc_2_8_1_g8: TypeError: data must be str, not NoneType"
0x8004E7B0,2,gcc-2.8.1-psx,profile=gcc_2_8_1_g8 label=attempt-2 source=attempts/8004E7B0/02/func_8004E7B0.c,nonmatch,"Adapted exact sibling 0x8001D3C4 (src/game/func_8001D3C4.c); target/candidate text 496/340 bytes, 0 identical aligned words, opcode-sequence ratio 0.2679; relocations expected {'R_MIPS_GPREL16': 10, 'R_MIPS_26': 5}, got {'R_MIPS_26': 3, 'R_MIPS_32': 1}."
0x8002A9C0,1,gcc-2.8.1-psx,profile=gcc_2_8_1_g0 label=attempt-1 source=attempts/8002A9C0/01/func_8002A9C0.c,nonmatch,"Tool error while adapting exact sibling 0x80029684 with profile gcc_2_8_1_g0: TypeError: data must be str, not NoneType"
0x8002A9C0,2,gcc-2.8.1-psx,profile=gcc_2_8_1_g0 label=attempt-2 source=attempts/8002A9C0/02/func_8002A9C0.c,nonmatch,"Adapted exact sibling 0x80029684 (src/game/func_80029684.c); target/candidate text 500/344 bytes, 0 identical aligned words, opcode-sequence ratio 0.2749; relocations expected {'R_MIPS_26': 6}, got {'R_MIPS_26': 3, 'R_MIPS_32': 1}."
0x800336F0,1,gcc-2.8.1-psx,profile=gcc_2_8_1_g8 label=attempt-1 source=attempts/800336F0/01/func_800336F0.c,nonmatch,"Tool error while adapting exact sibling 0x8002CEE8 with profile gcc_2_8_1_g8: TypeError: data must be str, not NoneType"
0x800336F0,2,gcc-2.8.1-psx,profile=gcc_2_8_1_g8 label=attempt-2 source=attempts/800336F0/02/func_800336F0.c,nonmatch,"Adapted exact sibling 0x8002CEE8 (src/game/func_8002CEE8.c); target/candidate text 500/504 bytes, 3 identical aligned words, opcode-sequence ratio 0.3028; relocations expected {'R_MIPS_26': 14, 'R_MIPS_HI16': 7, 'R_MIPS_LO16': 7}, got {'R_MIPS_GPREL16': 10, 'R_MIPS_HI16': 12, 'R_MIPS_LO16': 12, 'R_MIPS_26': 21, 'R_MIPS_32': 1}."
0x8001F364,1,gcc-2.8.1-psx,profile=gcc_2_8_1_g8_split label=attempt-1 source=attempts/8001F364/01/func_8001F364.c,nonmatch,"Tool error while adapting exact sibling 0x80026A3C with profile gcc_2_8_1_g8_split: TypeError: data must be str, not NoneType"
0x8001F364,2,gcc-2.8.1-psx,profile=gcc_2_8_1_g8_split label=attempt-2 source=attempts/8001F364/02/func_8001F364.c,nonmatch,"Adapted exact sibling 0x80026A3C (src/game/func_80026A3C.c); target/candidate text 504/248 bytes, 0 identical aligned words, opcode-sequence ratio 0.2021; relocations expected {'R_MIPS_GPREL16': 16, 'R_MIPS_26': 11, 'R_MIPS_HI16': 5, 'R_MIPS_LO16': 5}, got {'R_MIPS_26': 5, 'R_MIPS_GPREL16': 3, 'R_MIPS_HI16': 4, 'R_MIPS_LO16': 4, 'R_MIPS_32': 1}."
0x8004D914,1,gcc-2.8.1-psx,profile=gcc_2_8_1_g8_split label=attempt-1 source=attempts/8004D914/01/func_8004D914.c,nonmatch,"Tool error while adapting exact sibling 0x8002778C with profile gcc_2_8_1_g8_split: TypeError: data must be str, not NoneType"
0x8004D914,2,gcc-2.8.1-psx,profile=gcc_2_8_1_g8_split label=attempt-2 source=attempts/8004D914/02/func_8004D914.c,nonmatch,"Adapted exact sibling 0x8002778C (src/game/func_8002778C.c); target/candidate text 512/276 bytes, 0 identical aligned words, opcode-sequence ratio 0.3858; relocations expected {'R_MIPS_HI16': 1, 'R_MIPS_LO16': 1, 'R_MIPS_26': 2}, got {'R_MIPS_HI16': 3, 'R_MIPS_LO16': 3, 'R_MIPS_GPREL16': 2, 'R_MIPS_26': 3, 'R_MIPS_32': 1}."
0x80071CB0,1,gcc-2.8.1-psx,profile=gcc_2_8_1_g0_split label=attempt-1 source=attempts/80071CB0/01/func_80071CB0.c,nonmatch,"Tool error while adapting exact sibling 0x8007249C with profile gcc_2_8_1_g0_split: TypeError: data must be str, not NoneType"
0x80071CB0,2,gcc-2.8.1-psx,profile=gcc_2_8_1_g0_split label=attempt-2 source=attempts/80071CB0/02/func_80071CB0.c,nonmatch,"Adapted exact sibling 0x8007249C (src/game/func_8007249C.c); target/candidate text 520/296 bytes, 0 identical aligned words, opcode-sequence ratio 0.4902; relocations expected {'R_MIPS_HI16': 4, 'R_MIPS_LO16': 4, 'R_MIPS_26': 3}, got {'R_MIPS_HI16': 3, 'R_MIPS_LO16': 3, 'R_MIPS_26': 7, 'R_MIPS_32': 1}."
0x80012E5C,1,gcc-2.8.1-psx,profile=gcc_2_8_1_g8 label=attempt-1 source=attempts/80012E5C/01/func_80012E5C.c,nonmatch,"Tool error while adapting exact sibling 0x8002CEE8 with profile gcc_2_8_1_g8: TypeError: data must be str, not NoneType"
0x80012E5C,2,gcc-2.8.1-psx,profile=gcc_2_8_1_g8 label=attempt-2 source=attempts/80012E5C/02/func_80012E5C.c,nonmatch,"Adapted exact sibling 0x8002CEE8 (src/game/func_8002CEE8.c); target/candidate text 528/504 bytes, 4 identical aligned words, opcode-sequence ratio 0.3488; relocations expected {'R_MIPS_GPREL16': 11, 'R_MIPS_HI16': 12, 'R_MIPS_LO16': 12, 'R_MIPS_26': 11}, got {'R_MIPS_GPREL16': 10, 'R_MIPS_HI16': 12, 'R_MIPS_LO16': 12, 'R_MIPS_26': 21, 'R_MIPS_32': 1}."
0x80058624,1,gcc-2.8.1-psx,profile=gcc_2_8_1_g0 label=attempt-1 source=attempts/80058624/01/func_80058624.c,nonmatch,"Tool error while adapting exact sibling 0x80029684 with profile gcc_2_8_1_g0: TypeError: data must be str, not NoneType"
0x80058624,2,gcc-2.8.1-psx,profile=gcc_2_8_1_g0 label=attempt-2 source=attempts/80058624/02/func_80058624.c,nonmatch,"Adapted exact sibling 0x80029684 (src/game/func_80029684.c); target/candidate text 532/344 bytes, 1 identical aligned words, opcode-sequence ratio 0.3744; relocations expected {'R_MIPS_HI16': 1, 'R_MIPS_LO16': 1, 'R_MIPS_26': 5}, got {'R_MIPS_26': 3, 'R_MIPS_32': 1}."
0x80052694,1,gcc-2.8.1-psx,profile=gcc_2_8_1_g0 label=attempt-1 source=attempts/80052694/01/func_80052694.c,nonmatch,"Tool error while adapting exact sibling 0x80031574 with profile gcc_2_8_1_g0: TypeError: data must be str, not NoneType"
0x80052694,2,gcc-2.8.1-psx,profile=gcc_2_8_1_g0 label=attempt-2 source=attempts/80052694/02/func_80052694.c,nonmatch,"Adapted exact sibling 0x80031574 (src/game/func_80031574.c); target/candidate text 536/380 bytes, 0 identical aligned words, opcode-sequence ratio 0.3406; relocations expected {'R_MIPS_HI16': 2, 'R_MIPS_LO16': 2, 'R_MIPS_26': 11, 'R_MIPS_GPREL16': 4}, got {'R_MIPS_26': 8, 'R_MIPS_HI16': 2, 'R_MIPS_LO16': 2, 'R_MIPS_32': 1}."
0x8005FC1C,1,gcc-2.8.1-psx,profile=gcc_2_8_1_g0 label=attempt-1 source=attempts/8005FC1C/01/func_8005FC1C.c,nonmatch,"Tool error while adapting exact sibling 0x800601D0 with profile gcc_2_8_1_g0: TypeError: data must be str, not NoneType"
0x8005FC1C,2,gcc-2.8.1-psx,profile=gcc_2_8_1_g0 label=attempt-2 source=attempts/8005FC1C/02/func_8005FC1C.c,nonmatch,"Adapted exact sibling 0x800601D0 (src/game/func_800601D0.c); target/candidate text 552/80 bytes, 9 identical aligned words, opcode-sequence ratio 0.2152; relocations expected {'R_MIPS_HI16': 4, 'R_MIPS_LO16': 4, 'R_MIPS_26': 6}, got {'R_MIPS_HI16': 2, 'R_MIPS_LO16': 2, 'R_MIPS_32': 1}."
0x8005BFC8,1,gcc-2.8.1-psx,profile=gcc_2_8_1_g0 label=attempt-1 source=attempts/8005BFC8/01/func_8005BFC8.c,nonmatch,"Tool error while adapting exact sibling 0x8004365C with profile gcc_2_8_1_g0: TypeError: data must be str, not NoneType"
0x8005BFC8,2,gcc-2.8.1-psx,profile=gcc_2_8_1_g0 label=attempt-2 source=attempts/8005BFC8/02/func_8005BFC8.c,nonmatch,"Adapted exact sibling 0x8004365C (src/game/func_8004365C.c); target/candidate text 556/604 bytes, 0 identical aligned words, opcode-sequence ratio 0.2759; relocations expected {'R_MIPS_GPREL16': 17, 'R_MIPS_26': 13}, got {'R_MIPS_26': 12, 'R_MIPS_HI16': 2, 'R_MIPS_LO16': 2, 'R_MIPS_32': 1}."
0x8002BD0C,1,gcc-2.8.1-psx,profile=gcc_2_8_1_g0 label=attempt-1 source=attempts/8002BD0C/01/func_8002BD0C.c,nonmatch,"Tool error while adapting exact sibling 0x8004365C with profile gcc_2_8_1_g0: TypeError: data must be str, not NoneType"
0x8002BD0C,2,gcc-2.8.1-psx,profile=gcc_2_8_1_g0 label=attempt-2 source=attempts/8002BD0C/02/func_8002BD0C.c,nonmatch,"Adapted exact sibling 0x8004365C (src/game/func_8004365C.c); target/candidate text 560/604 bytes, 1 identical aligned words, opcode-sequence ratio 0.3436; relocations expected {'R_MIPS_HI16': 20, 'R_MIPS_LO16': 20, 'R_MIPS_26': 8}, got {'R_MIPS_26': 12, 'R_MIPS_HI16': 2, 'R_MIPS_LO16': 2, 'R_MIPS_32': 1}."
0x80044608,1,gcc-2.8.1-psx,profile=gcc_2_8_1_g8 label=attempt-1 source=attempts/80044608/01/func_80044608.c,nonmatch,"Tool error while adapting exact sibling 0x8002CEE8 with profile gcc_2_8_1_g8: TypeError: data must be str, not NoneType"
0x80044608,2,gcc-2.8.1-psx,profile=gcc_2_8_1_g8 label=attempt-2 source=attempts/80044608/02/func_80044608.c,nonmatch,"Adapted exact sibling 0x8002CEE8 (src/game/func_8002CEE8.c); target/candidate text 560/504 bytes, 6 identical aligned words, opcode-sequence ratio 0.2707; relocations expected {'R_MIPS_GPREL16': 34, 'R_MIPS_26': 16, 'R_MIPS_HI16': 4, 'R_MIPS_LO16': 4}, got {'R_MIPS_GPREL16': 10, 'R_MIPS_HI16': 12, 'R_MIPS_LO16': 12, 'R_MIPS_26': 21, 'R_MIPS_32': 1}."
0x800608B8,1,gcc-2.8.1-psx,profile=gcc_2_8_1_g0_split label=attempt-1 source=attempts/800608B8/01/func_800608B8.c,nonmatch,"Tool error while adapting exact sibling 0x8005C768 with profile gcc_2_8_1_g0_split: TypeError: data must be str, not NoneType"
0x800608B8,2,gcc-2.8.1-psx,profile=gcc_2_8_1_g0_split label=attempt-2 source=attempts/800608B8/02/func_800608B8.c,nonmatch,"Adapted exact sibling 0x8005C768 (src/game/func_8005C768.c); target/candidate text 564/84 bytes, 2 identical aligned words, opcode-sequence ratio 0.2593; relocations expected {'R_MIPS_26': 10, 'R_MIPS_HI16': 12, 'R_MIPS_LO16': 12}, got {'R_MIPS_26': 1, 'R_MIPS_HI16': 4, 'R_MIPS_LO16': 3, 'R_MIPS_32': 1}."
0x80018DB4,1,gcc-2.8.1-psx,profile=gcc_2_8_1_g8_split label=attempt-1 source=attempts/80018DB4/01/func_80018DB4.c,nonmatch,"Tool error while adapting exact sibling 0x80026A3C with profile gcc_2_8_1_g8_split: TypeError: data must be str, not NoneType"
0x80018DB4,2,gcc-2.8.1-psx,profile=gcc_2_8_1_g8_split label=attempt-2 source=attempts/80018DB4/02/func_80018DB4.c,nonmatch,"Adapted exact sibling 0x80026A3C (src/game/func_80026A3C.c); target/candidate text 568/248 bytes, 1 identical aligned words, opcode-sequence ratio 0.3824; relocations expected {'R_MIPS_GPREL16': 21, 'R_MIPS_HI16': 6, 'R_MIPS_LO16': 6, 'R_MIPS_26': 8}, got {'R_MIPS_26': 5, 'R_MIPS_GPREL16': 3, 'R_MIPS_HI16': 4, 'R_MIPS_LO16': 4, 'R_MIPS_32': 1}."
0x800220B8,1,gcc-2.8.1-psx,profile=gcc_2_8_1_g0 label=attempt-1 source=attempts/800220B8/01/func_800220B8.c,nonmatch,"Tool error while adapting exact sibling 0x8002C9B4 with profile gcc_2_8_1_g0: TypeError: data must be str, not NoneType"
0x800220B8,2,gcc-2.8.1-psx,profile=gcc_2_8_1_g0 label=attempt-2 source=attempts/800220B8/02/func_800220B8.c,nonmatch,"Adapted exact sibling 0x8002C9B4 (src/game/func_8002C9B4.c); target/candidate text 572/412 bytes, 3 identical aligned words, opcode-sequence ratio 0.3902; relocations expected {'R_MIPS_HI16': 20, 'R_MIPS_LO16': 20, 'R_MIPS_26': 3}, got {'R_MIPS_HI16': 3, 'R_MIPS_LO16': 3, 'R_MIPS_26': 3, 'R_MIPS_32': 1}."
0x800249E0,1,gcc-2.8.1-psx,profile=gcc_2_8_1_g0_split label=attempt-1 source=attempts/800249E0/01/func_800249E0.c,nonmatch,"Tool error while adapting exact sibling 0x8007249C with profile gcc_2_8_1_g0_split: TypeError: data must be str, not NoneType"
0x800249E0,2,gcc-2.8.1-psx,profile=gcc_2_8_1_g0_split label=attempt-2 source=attempts/800249E0/02/func_800249E0.c,nonmatch,"Adapted exact sibling 0x8007249C (src/game/func_8007249C.c); target/candidate text 572/296 bytes, 0 identical aligned words, opcode-sequence ratio 0.2949; relocations expected {'R_MIPS_26': 4, 'R_MIPS_HI16': 7, 'R_MIPS_LO16': 7}, got {'R_MIPS_HI16': 3, 'R_MIPS_LO16': 3, 'R_MIPS_26': 7, 'R_MIPS_32': 1}."
0x8002E128,1,gcc-2.8.1-psx,profile=gcc_2_8_1_g0 label=v1 source=tmp/agents/first-pass-c3/attempt-sources/8002E128/v1.c,nonmatch,byte +0x18: 02!=05; word +0x18: 02002106!=05002106; relocations differ; size 0x228/0x248
0x80050584,1,gcc-2.8.1-psx,profile=gcc_2_8_1_g0 label=v1 source=tmp/agents/first-pass-c3/attempt-sources/80050584/v1.c,nonmatch,byte +0x0: d0!=c8; word +0x0: d0ffbd27!=c8ffbd27; relocations differ; size 0x224/0x24C
0x8001BAF0,1,gcc-2.8.1-psx,profile=gcc_2_8_1_g8 label=v1 source=tmp/agents/first-pass-c3/attempt-sources/8001BAF0/v1.c,nonmatch,byte +0x0: b8!=d8; word +0x0: b8ffbd27!=d8ffbd27; relocations differ; size 0x1F4/0x258
0x8002BAB4,1,gcc-2.8.1-psx,profile=gcc_2_8_1_g0 label=v1 source=tmp/agents/first-pass-c3/attempt-sources/8002BAB4/v1.c,nonmatch,byte +0x0: 0f!=e0; word +0x0: 0f80023c!=e0ffbd27; relocations differ; size 0x204/0x258
0x80020988,1,gcc-2.8.1-psx,profile=gcc_2_8_1_g8 label=v1 source=tmp/agents/first-pass-c3/attempt-sources/80020988/v1.c,nonmatch,byte +0xa: bf!=b4; word +0x8: 3000bfaf!=3000b4af; relocations differ; size 0x28C/0x25C
0x80057544,1,gcc-2.8.1-psx,profile=gcc_2_8_1_g0 label=v1 source=tmp/agents/first-pass-c3/attempt-sources/80057544/v1.c,nonmatch,byte +0x0: d0!=e8; word +0x0: d0ffbd27!=e8ffbd27; relocations differ; size 0x10C/0x26C
0x8004803C,1,gcc-2.8.1-psx,profile=gcc_2_8_1_g0 label=v1 source=tmp/agents/first-pass-c3/attempt-sources/8004803C/v1.c,nonmatch,byte +0x0: d0!=e8; word +0x0: d0ffbd27!=e8ffbd27; relocations differ; size 0xB0/0x274
0x80058B4C,1,gcc-2.8.1-psx,profile=gcc_2_8_1_g0 label=v1 source=tmp/agents/first-pass-c3/attempt-sources/80058B4C/v1.c,nonmatch,byte +0x0: c0!=d0; word +0x0: c0ffbd27!=d0ffbd27; relocations differ; size 0xF0/0x274
0x80021598,1,gcc-2.8.1-psx,profile=gcc_2_8_1_g8 label=v1 source=tmp/agents/first-pass-c3/attempt-sources/80021598/v1.c,nonmatch,byte +0x0: d0!=5d; word +0x0: d0ffbd27!=5d028293; relocations differ; size 0xE4/0x278
0x80037DA4,1,gcc-2.8.1-psx,profile=gcc_2_8_1_g8 label=v1 source=tmp/agents/first-pass-c3/attempt-sources/80037DA4/v1.c,nonmatch,byte +0x4: 10!=ff; word +0x4: 1000b0af!=ffff8424; relocations differ; size 0xE8/0x280
0x80027508,1,gcc-2.8.1-psx,profile=gcc_2_8_1_g8 label=v1 source=tmp/agents/first-pass-c3/attempt-sources/80027508/v1.c,nonmatch,byte +0x4: 1c!=18; word +0x4: 1c00bfaf!=1800bfaf; relocations differ; size 0xE0/0x284
0x800727C0,1,gcc-2.8.1-psx,profile=gcc_2_8_1_g0 label=v1 source=tmp/agents/first-pass-c3/attempt-sources/800727C0/v1.c,nonmatch,tool error: /home/superconta/data/share/yugioh/tools/toolchains/gcc-2.8.1-psx/bin/mips-sony-psx-gcc failed (1):
0x800727C0,2,gcc-2.8.1-psx,profile=gcc_2_8_1_g0 label=v2 source=tmp/agents/first-pass-c3/attempt-sources/800727C0/v2.c,nonmatch,byte +0x0: c8!=d8; word +0x0: c8ffbd27!=d8ffbd27; relocations differ; size 0xDC/0x288
0x8001F0D0,1,gcc-2.8.1-psx,profile=gcc_2_8_1_g8 label=v1 source=tmp/agents/first-pass-c3/attempt-sources/8001F0D0/v1.c,nonmatch,byte +0x6: bf!=b0; word +0x4: 1000bfaf!=1000b0af; relocations differ; size 0xA4/0x294
0x80045C98,1,gcc-2.8.1-psx,profile=gcc_2_8_1_g0 label=v1 source=tmp/agents/first-pass-c3/attempt-sources/80045C98/v1.c,nonmatch,byte +0x0: e8!=e0; word +0x0: e8ffbd27!=e0ffbd27; relocations differ; size 0xBC/0x2A4
0x8001898C,1,gcc-2.8.1-psx,profile=gcc_2_8_1_g8 label=v1 source=tmp/agents/first-pass-c3/attempt-sources/8001898C/v1.c,nonmatch,byte +0x2: 83!=82; word +0x0: 32038397!=32038293; relocations differ; size 0xD8/0x2A8
0x80056250,1,gcc-2.8.1-psx,profile=gcc_2_8_1_g0 label=v1 source=tmp/agents/first-pass-c3/attempt-sources/80056250/v1.c,nonmatch,byte +0x0: d8!=e0; word +0x0: d8ffbd27!=e0ffbd27; relocations differ; size 0xA8/0x2B4
0x8005BB7C,1,gcc-2.8.1-psx,profile=gcc_2_8_1_g8 label=v1 source=tmp/agents/first-pass-c3/attempt-sources/8005BB7C/v1.c,nonmatch,tool error: /home/superconta/data/share/yugioh/tools/toolchains/gcc-2.8.1-psx/bin/mips-sony-psx-gcc failed (1):
0x8005BB7C,2,gcc-2.8.1-psx,profile=gcc_2_8_1_g8 label=v2 source=tmp/agents/first-pass-c3/attempt-sources/8005BB7C/v2.c,nonmatch,tool error: /home/superconta/data/share/yugioh/tools/toolchains/gcc-2.8.1-psx/bin/mips-sony-psx-gcc failed (1):
0x8005BB7C,3,gcc-2.8.1-psx,profile=gcc_2_8_1_g8 label=v3 source=tmp/agents/first-pass-c3/attempt-sources/8005BB7C/v3.c,nonmatch,byte +0x0: 10!=e0; word +0x0: 10fcbd27!=e0ffbd27; relocations differ; size 0x12C/0x2C0
0x80031084,1,gcc-2.8.1-psx,profile=gcc_2_8_1_g8 label=v1 source=tmp/agents/first-pass-c3/attempt-sources/80031084/v1.c,nonmatch,byte +0x0: d8!=e3; word +0x0: d8ffbd27!=e3038293; relocations differ; size 0xDC/0x2C8
0x8005ABA0,1,gcc-2.8.1-psx,profile=gcc_2_8_1_g0 label=v1 source=tmp/agents/first-pass-c3/attempt-sources/8005ABA0/v1.c,nonmatch,byte +0x0: e8!=aa; word +0x0: e8ffbd27!=aa2a033c; relocations differ; size 0x268/0x2C8
0x8005ABA0,2,gcc-2.8.1-psx,profile=gcc_2_8_1_g0 label=v2 source=tmp/agents/first-pass-c3/attempt-sources/8005ABA0/v2.c,nonmatch,byte +0x4: 21!=28; word +0x4: 21608000!=2800ab8f; relocations differ; size 0x2A8/0x2C8
0x8005ABA0,3,gcc-2.8.1-psx,profile=gcc_2_8_1_g0 label=v3 source=tmp/agents/first-pass-c3/attempt-sources/8005ABA0/v3.c,nonmatch,byte +0x5: 60!=18; word +0x4: 21608000!=2118a000; relocations differ; size 0x2CC/0x2C8
0x8005ABA0,4,gcc-2.8.1-psx,profile=gcc_2_8_1_g0 label=v4 source=tmp/agents/first-pass-c3/attempt-sources/8005ABA0/v4.c,nonmatch,byte +0x5: 60!=18; word +0x4: 21608000!=2118a000; relocations differ; size 0x2C4/0x2C8
0x8005ABA0,5,gcc-2.8.1-psx,profile=gcc_2_8_1_g0 label=v5 source=tmp/agents/first-pass-c3/attempt-sources/8005ABA0/v5.c,nonmatch,byte +0x5: 60!=18; word +0x4: 21608000!=2118a000; size 0x2BC/0x2C8
0x8005ABA0,6,gcc-2.8.1-psx,profile=gcc_2_8_1_g0 label=v6 source=tmp/agents/first-pass-c3/attempt-sources/8005ABA0/v6.c,deferred,byte +0x5: 60!=18; word +0x4: 21608000!=2118a000; size 0x2BC/0x2C8
0x8005B8A0,1,gcc-2.8.1-psx,profile=gcc_2_8_1_g8 label=v1 source=tmp/agents/first-pass-c3/attempt-sources/8005B8A0/v1.c,nonmatch,tool error: /home/superconta/data/share/yugioh/tools/toolchains/gcc-2.8.1-psx/bin/mips-sony-psx-gcc failed (1):
0x8005B8A0,2,gcc-2.8.1-psx,profile=gcc_2_8_1_g8 label=v2 source=tmp/agents/first-pass-c3/attempt-sources/8005B8A0/v2.c,nonmatch,byte +0x0: c8!=e0; word +0x0: c8ffbd27!=e0ffbd27; relocations differ; size 0x124/0x2DC
0x80027228,1,gcc-2.8.1-psx,profile=gcc_2_8_1_g0 label=v1 source=tmp/agents/first-pass-c3/attempt-sources/80027228/v1.c,nonmatch,byte +0x0: a8!=e0; word +0x0: a8ffbd27!=e0ffbd27; relocations differ; size 0x90/0x2E0
0x8005106C,1,gcc-2.8.1-psx,profile=gcc_2_8_1_g0 label=v1 source=tmp/agents/first-pass-c3/attempt-sources/8005106C/v1.c,nonmatch,byte +0x0: 70!=d8; word +0x0: 70ffbd27!=d8ffbd27; relocations differ; size 0xCC/0x2E4
0x800556E8,1,gcc-2.8.1-psx,profile=gcc_2_8_1_g0 label=v1 source=tmp/agents/first-pass-c3/attempt-sources/800556E8/v1.c,nonmatch,byte +0x0: d8!=d0; word +0x0: d8ffbd27!=d0ffbd27; relocations differ; size 0xF0/0x2EC
0x8004C114,1,gcc-2.8.1-psx,profile=gcc_2_8_1_g0 label=v1 source=tmp/agents/first-pass-c3/attempt-sources/8004C114/v1.c,nonmatch,byte +0x0: e8!=d0; word +0x0: e8ffbd27!=d0ffbd27; relocations differ; size 0xE0/0x30C
0x800222F4,1,gcc-2.8.1-psx,profile=gcc_2_8_1_g8 label=v1 source=tmp/agents/first-pass-c3/attempt-sources/800222F4/v1.c,nonmatch,byte +0x0: 0a!=e0; word +0x0: 0a80023c!=e0ffbd27; relocations differ; size 0x110/0x324
0x80056504,1,gcc-2.8.1-psx,profile=gcc_2_8_1_g0 label=v1 source=tmp/agents/first-pass-c3/attempt-sources/80056504/v1.c,nonmatch,byte +0x0: b8!=e0; word +0x0: b8ffbd27!=e0ffbd27; relocations differ; size 0xE0/0x324
0x80057AF4,1,gcc-2.8.1-psx,profile=gcc_2_8_1_g0 label=v1 source=tmp/agents/first-pass-c3/attempt-sources/80057AF4/v1.c,nonmatch,tool error: /home/superconta/data/share/yugioh/tools/toolchains/gcc-2.8.1-psx/bin/mips-sony-psx-gcc failed (1):
0x80057AF4,2,gcc-2.8.1-psx,profile=gcc_2_8_1_g0 label=v2 source=tmp/agents/first-pass-c3/attempt-sources/80057AF4/v2.c,nonmatch,byte +0x0: d0!=c0; word +0x0: d0ffbd27!=c0ffbd27; relocations differ; size 0x2A8/0x32C
0x8005FE44,1,gcc-2.8.1-psx,profile=gcc_2_8_1_g0 label=attempt-1 source=tmp/agents/first-pass-c4/sources/func_8005FE44_attempt1.c,nonmatch,G0 late-game cohort baseline; O2/MASPSX 2.81.
0x80060B38,1,gcc-2.8.1-psx,profile=gcc_2_8_1_g0 label=attempt-1 source=tmp/agents/first-pass-c4/sources/func_80060B38_attempt1.c,nonmatch,G0 late-game cohort baseline; O2/MASPSX 2.81.
0x80060B38,2,gcc-2.8.1-psx,profile=gcc_2_8_1_g0 label=attempt-2 source=tmp/agents/first-pass-c4/sources/func_80060B38_attempt2.c,nonmatch,Evidence-driven repair of attempt-1 m2c invalid control flow/prototypes; goto form preserves analyzed branches.
0x8003E490,1,gcc-2.8.1-psx,profile=gcc_2_8_1_g8 label=attempt-1 source=tmp/agents/first-pass-c4/sources/func_8003E490_attempt1.c,nonmatch,G8 required by target GP-relative relocations; O2/MASPSX 2.81 baseline.
0x8003E490,2,gcc-2.8.1-psx,profile=gcc_2_8_1_g8 label=attempt-2 source=tmp/agents/first-pass-c4/sources/func_8003E490_attempt2.c,nonmatch,Evidence-driven repair of attempt-1 m2c invalid control flow/prototypes; goto form preserves analyzed branches.
0x8003E490,3,gcc-2.8.1-psx,profile=gcc_2_8_1_g8 label=attempt-3 source=tmp/agents/first-pass-c4/sources/func_8003E490_attempt3.c,nonmatch,Attempt 2 proved only orphaned jump-table case labels blocked GCC; preserve blocks as unique labels.
0x800577B0,1,gcc-2.8.1-psx,profile=gcc_2_8_1_g8 label=attempt-1 source=tmp/agents/first-pass-c4/sources/func_800577B0_attempt1.c,nonmatch,G8 main-game cohort baseline; O2/MASPSX 2.81.
0x80023144,1,gcc-2.8.1-psx,profile=gcc_2_8_1_g8 label=attempt-1 source=tmp/agents/first-pass-c4/sources/func_80023144_attempt1.c,nonmatch,G8 required by target GP-relative relocations; O2/MASPSX 2.81 baseline.
0x80045F3C,1,gcc-2.8.1-psx,profile=gcc_2_8_1_g8 label=attempt-1 source=tmp/agents/first-pass-c4/sources/func_80045F3C_attempt1.c,nonmatch,G8 main-game cohort baseline; O2/MASPSX 2.81.
0x80045F3C,2,gcc-2.8.1-psx,profile=gcc_2_8_1_g8 label=attempt-2 source=tmp/agents/first-pass-c4/sources/func_80045F3C_attempt2.c,nonmatch,Evidence-driven repair of attempt-1 m2c invalid control flow/prototypes; goto form preserves analyzed branches.
0x80072A48,1,gcc-2.8.1-psx,profile=gcc_2_8_1_g0 label=attempt-1 source=tmp/agents/first-pass-c4/sources/func_80072A48_attempt1.c,nonmatch,G0 late-game cohort baseline; O2/MASPSX 2.81.
0x80022674,1,gcc-2.8.1-psx,profile=gcc_2_8_1_g8 label=attempt-1 source=tmp/agents/first-pass-c4/sources/func_80022674_attempt1.c,nonmatch,G8 required by target GP-relative relocations; O2/MASPSX 2.81 baseline.
0x80018608,1,gcc-2.8.1-psx,profile=gcc_2_8_1_g8 label=attempt-1 source=tmp/agents/first-pass-c4/sources/func_80018608_attempt1.c,nonmatch,G8 required by target GP-relative relocations; O2/MASPSX 2.81 baseline.
0x80052D2C,1,gcc-2.8.1-psx,profile=gcc_2_8_1_g8 label=attempt-1 source=tmp/agents/first-pass-c4/sources/func_80052D2C_attempt1.c,nonmatch,G8 required by target GP-relative relocations; O2/MASPSX 2.81 baseline.
0x80052D2C,2,gcc-2.8.1-psx,profile=gcc_2_8_1_g8 label=attempt-2 source=tmp/agents/first-pass-c4/sources/func_80052D2C_attempt2.c,nonmatch,Evidence-driven repair of attempt-1 m2c invalid control flow/prototypes; goto form preserves analyzed branches.
0x800229F4,1,gcc-2.8.1-psx,profile=gcc_2_8_1_g8 label=attempt-1 source=tmp/agents/first-pass-c4/sources/func_800229F4_attempt1.c,nonmatch,G8 required by target GP-relative relocations; O2/MASPSX 2.81 baseline.
0x800482B0,1,gcc-2.8.1-psx,profile=gcc_2_8_1_g8 label=attempt-1 source=tmp/agents/first-pass-c4/sources/func_800482B0_attempt1.c,nonmatch,G8 main-game cohort baseline; O2/MASPSX 2.81.
0x800482B0,2,gcc-2.8.1-psx,profile=gcc_2_8_1_g8 label=attempt-2 source=tmp/agents/first-pass-c4/sources/func_800482B0_attempt2.c,nonmatch,Evidence-driven repair of attempt-1 m2c invalid control flow/prototypes; goto form preserves analyzed branches.
0x8001825C,1,gcc-2.8.1-psx,profile=gcc_2_8_1_g8 label=attempt-1 source=tmp/agents/first-pass-c4/sources/func_8001825C_attempt1.c,nonmatch,G8 required by target GP-relative relocations; O2/MASPSX 2.81 baseline.
0x8001825C,2,gcc-2.8.1-psx,profile=gcc_2_8_1_g8 label=attempt-2 source=tmp/agents/first-pass-c4/sources/func_8001825C_attempt2.c,nonmatch,Evidence-driven repair of attempt-1 m2c invalid control flow/prototypes; goto form preserves analyzed branches.
0x800171A8,1,gcc-2.8.1-psx,profile=gcc_2_8_1_g8 label=attempt-1 source=tmp/agents/first-pass-c4/sources/func_800171A8_attempt1.c,nonmatch,G8 main-game cohort baseline; O2/MASPSX 2.81.
0x8003A560,1,gcc-2.8.1-psx,profile=gcc_2_8_1_g8 label=attempt-1 source=tmp/agents/first-pass-c4/sources/func_8003A560_attempt1.c,nonmatch,G8 required by target GP-relative relocations; O2/MASPSX 2.81 baseline.
0x8003A560,2,gcc-2.8.1-psx,profile=gcc_2_8_1_g8 label=attempt-2 source=tmp/agents/first-pass-c4/sources/func_8003A560_attempt2.c,nonmatch,Evidence-driven repair of attempt-1 m2c invalid control flow/prototypes; goto form preserves analyzed branches.
0x8003EED0,1,gcc-2.8.1-psx,profile=gcc_2_8_1_g8 label=attempt-1 source=tmp/agents/first-pass-c4/sources/func_8003EED0_attempt1.c,nonmatch,G8 required by target GP-relative relocations; O2/MASPSX 2.81 baseline.
0x80046A08,1,gcc-2.8.1-psx,profile=gcc_2_8_1_g8 label=attempt-1 source=tmp/agents/first-pass-c4/sources/func_80046A08_attempt1.c,nonmatch,G8 required by target GP-relative relocations; O2/MASPSX 2.81 baseline.
0x80046A08,2,gcc-2.8.1-psx,profile=gcc_2_8_1_g8 label=attempt-2 source=tmp/agents/first-pass-c4/sources/func_80046A08_attempt2.c,nonmatch,Evidence-driven repair of attempt-1 m2c invalid control flow/prototypes; goto form preserves analyzed branches.
0x80046A08,3,gcc-2.8.1-psx,profile=gcc_2_8_1_g8 label=attempt-3 source=tmp/agents/first-pass-c4/sources/func_80046A08_attempt3.c,nonmatch,Attempt 2 proved only orphaned jump-table case labels blocked GCC; preserve blocks as unique labels.
0x800393B0,1,gcc-2.8.1-psx,profile=gcc_2_8_1_g8 label=attempt-1 source=tmp/agents/first-pass-c4/sources/func_800393B0_attempt1.c,nonmatch,G8 required by target GP-relative relocations; O2/MASPSX 2.81 baseline.
0x800393B0,2,gcc-2.8.1-psx,profile=gcc_2_8_1_g8 label=attempt-2 source=tmp/agents/first-pass-c4/sources/func_800393B0_attempt2.c,nonmatch,Evidence-driven repair of attempt-1 m2c invalid control flow/prototypes; goto form preserves analyzed branches.
0x8005E808,1,gcc-2.8.1-psx,profile=gcc_2_8_1_g8 label=attempt-1 source=tmp/agents/first-pass-c4/sources/func_8005E808_attempt1.c,nonmatch,G8 required by target GP-relative relocations; O2/MASPSX 2.81 baseline.
0x80019608,1,gcc-2.8.1-psx,profile=gcc_2_8_1_g8 label=attempt-1 source=tmp/agents/first-pass-c4/sources/func_80019608_attempt1.c,nonmatch,G8 required by target GP-relative relocations; O2/MASPSX 2.81 baseline.
0x80019608,2,gcc-2.8.1-psx,profile=gcc_2_8_1_g8 label=attempt-2 source=tmp/agents/first-pass-c4/sources/func_80019608_attempt2.c,nonmatch,Evidence-driven repair of attempt-1 m2c invalid control flow/prototypes; goto form preserves analyzed branches.
0x8003F8D4,1,gcc-2.8.1-psx,profile=gcc_2_8_1_g8 label=attempt-1 source=tmp/agents/first-pass-c4/sources/func_8003F8D4_attempt1.c,nonmatch,G8 required by target GP-relative relocations; O2/MASPSX 2.81 baseline.
0x8003F8D4,2,gcc-2.8.1-psx,profile=gcc_2_8_1_g8 label=attempt-2 source=tmp/agents/first-pass-c4/sources/func_8003F8D4_attempt2.c,nonmatch,Evidence-driven repair of attempt-1 m2c invalid control flow/prototypes; goto form preserves analyzed branches.
0x8003F8D4,3,gcc-2.8.1-psx,profile=gcc_2_8_1_g8 label=attempt-3 source=tmp/agents/first-pass-c4/sources/func_8003F8D4_attempt3.c,nonmatch,Attempt 2 proved only orphaned jump-table case labels blocked GCC; preserve blocks as unique labels.
0x80027DF8,1,gcc-2.8.1-psx,profile=gcc_2_8_1_g8 label=attempt-1 source=tmp/agents/first-pass-c4/sources/func_80027DF8_attempt1.c,nonmatch,G8 main-game cohort baseline; O2/MASPSX 2.81.
0x80029EC4,1,gcc-2.8.1-psx,profile=gcc_2_8_1_g8 label=attempt-1 source=tmp/agents/first-pass-c4/sources/func_80029EC4_attempt1.c,nonmatch,G8 main-game cohort baseline; O2/MASPSX 2.81.
0x80029EC4,2,gcc-2.8.1-psx,profile=gcc_2_8_1_g8 label=attempt-2 source=tmp/agents/first-pass-c4/sources/func_80029EC4_attempt2.c,nonmatch,Evidence-driven repair of attempt-1 m2c invalid control flow/prototypes; goto form preserves analyzed branches.
0x800279BC,1,gcc-2.8.1-psx,profile=gcc_2_8_1_g8 label=attempt-1 source=tmp/agents/first-pass-c4/sources/func_800279BC_attempt1.c,nonmatch,G8 required by target GP-relative relocations; O2/MASPSX 2.81 baseline.
0x800279BC,2,gcc-2.8.1-psx,profile=gcc_2_8_1_g8 label=attempt-2 source=tmp/agents/first-pass-c4/sources/func_800279BC_attempt2.c,nonmatch,Evidence-driven repair of attempt-1 m2c invalid control flow/prototypes; goto form preserves analyzed branches.
0x800330BC,1,gcc-2.8.1-psx,profile=gcc_2_8_1_g8 label=attempt-1 source=tmp/agents/first-pass-c4/sources/func_800330BC_attempt1.c,nonmatch,G8 main-game cohort baseline; O2/MASPSX 2.81.
0x8006041C,1,gcc-2.8.1-psx,profile=gcc_2_8_1_g0 label=attempt-1 source=tmp/agents/first-pass-c4/sources/func_8006041C_attempt1.c,nonmatch,G0 late-game cohort baseline; O2/MASPSX 2.81.
0x8006041C,2,gcc-2.8.1-psx,profile=gcc_2_8_1_g0 label=attempt-2 source=tmp/agents/first-pass-c4/sources/func_8006041C_attempt2.c,nonmatch,Evidence-driven repair of attempt-1 m2c invalid control flow/prototypes; goto form preserves analyzed branches.
0x8004D134,1,gcc-2.8.1-psx,profile=gcc_2_8_1_g8 label=attempt-1 source=tmp/agents/first-pass-c4/sources/func_8004D134_attempt1.c,nonmatch,G8 main-game cohort baseline; O2/MASPSX 2.81.
0x8004D134,2,gcc-2.8.1-psx,profile=gcc_2_8_1_g8 label=attempt-2 source=tmp/agents/first-pass-c4/sources/func_8004D134_attempt2.c,nonmatch,Evidence-driven repair of attempt-1 m2c invalid control flow/prototypes; goto form preserves analyzed branches.
0x80018FEC,1,gcc-2.8.1-psx,profile=gcc_2_8_1_g8 label=rank1_exact_sibling_transplant source=tmp/agents/first-pass-c5/variants/func_80018FEC_attempt1.c,nonmatch,byte +0x0: 32!=64; word +0x0: 32038597!=64038393; relocations 55!=90
0x80031874,1,gcc-2.8.1-psx,profile=gcc_2_8_1_g8 label=rank1_exact_sibling_transplant source=tmp/agents/first-pass-c5/variants/func_80031874_attempt1.c,nonmatch,byte +0x0: c0!=c8; word +0x0: c0ffbd27!=c8ffbd27; relocations 47!=30
0x80032C48,1,gcc-2.8.1-psx,profile=gcc_2_8_1_g8_split label=rank1_exact_sibling_transplant source=tmp/agents/first-pass-c5/variants/func_80032C48_attempt1.c,nonmatch,byte +0x0: d8!=d0; word +0x0: d8ffbd27!=d0ffbd27; relocations 13!=31
0x80013C28,1,gcc-2.8.1-psx,profile=gcc_2_8_1_g8 label=rank1_exact_sibling_transplant source=tmp/agents/first-pass-c5/variants/func_80013C28_attempt1.c,nonmatch,byte +0x0: e0!=64; word +0x0: e0ffbd27!=64038393; relocations 55!=56
0x8005EBF4,1,gcc-2.8.1-psx,profile=gcc_2_8_1_g8_split label=rank1_exact_sibling_transplant source=tmp/agents/first-pass-c5/variants/func_8005EBF4_attempt1.c,nonmatch,byte +0x0: 88!=0f; word +0x0: 88ffbd27!=0f80023c; relocations 16!=11
0x8006BCA4,1,gcc-2.8.1-psx,profile=gcc_2_8_1_g0 label=rank1_exact_sibling_transplant source=tmp/agents/first-pass-c5/variants/func_8006BCA4_attempt1.c,nonmatch,byte +0x0: a0!=c8; word +0x0: a0ffbd27!=c8ffbd27; relocations 48!=5
0x800528AC,1,gcc-2.8.1-psx,profile=gcc_2_8_1_g8_split label=rank1_exact_sibling_transplant source=tmp/agents/first-pass-c5/variants/func_800528AC_attempt1.c,nonmatch,byte +0x0: a8!=0f; word +0x0: a8ffbd27!=0f80023c; relocations 16!=19
0x8005CEF0,1,gcc-2.8.1-psx,profile=gcc_2_8_1_g0_split label=rank1_exact_sibling_transplant source=tmp/agents/first-pass-c5/variants/func_8005CEF0_attempt1.c,nonmatch,byte +0x0: e0!=0f; word +0x0: e0ffbd27!=0f80023c; relocations 29!=8
0x80044838,1,gcc-2.8.1-psx,profile=gcc_2_8_1_g8 label=rank1_exact_sibling_transplant source=tmp/agents/first-pass-c5/variants/func_80044838_attempt1.c,nonmatch,byte +0x0: 36!=64; word +0x0: 36058283!=64038393; relocations 55!=106
0x8001455C,1,gcc-2.8.1-psx,profile=gcc_2_8_1_g8 label=rank1_exact_sibling_transplant source=tmp/agents/first-pass-c5/variants/func_8001455C_attempt1.c,nonmatch,byte +0x0: e0!=64; word +0x0: e0ffbd27!=64038393; relocations 55!=114
0x80030294,1,gcc-2.8.1-psx,profile=gcc_2_8_1_g8 label=rank1_exact_sibling_transplant source=tmp/agents/first-pass-c5/variants/func_80030294_attempt1.c,nonmatch,byte +0x0: 98!=e8; word +0x0: 98ffbd27!=e8ffbd27; relocations 3!=97
0x80020F4C,1,gcc-2.8.1-psx,profile=gcc_2_8_1_g8 label=rank1_exact_sibling_transplant source=tmp/agents/first-pass-c5/variants/func_80020F4C_attempt1.c,nonmatch,byte +0x0: b8!=64; word +0x0: b8ffbd27!=64038393; relocations 55!=98
0x800283F4,1,gcc-2.8.1-psx,profile=gcc_2_8_1_g8 label=rank1_exact_sibling_transplant source=tmp/agents/first-pass-c5/variants/func_800283F4_attempt1.c,nonmatch,byte +0x0: d0!=c8; word +0x0: d0ffbd27!=c8ffbd27; relocations 47!=94
0x80056828,1,gcc-2.8.1-psx,profile=gcc_2_8_1_g8_split label=rank1_exact_sibling_transplant source=tmp/agents/first-pass-c5/variants/func_80056828_attempt1.c,nonmatch,byte +0x0: c8!=d0; word +0x0: c8ffbd27!=d0ffbd27; relocations 13!=60
0x80042C08,1,gcc-2.8.1-psx,profile=gcc_2_8_1_g0 label=rank1_exact_sibling_transplant source=tmp/agents/first-pass-c5/variants/func_80042C08_attempt1.c,nonmatch,byte +0x0: a8!=b0; word +0x0: a8ffbd27!=b0ffbd27; relocations 3!=7
0x80029934,1,gcc-2.8.1-psx,profile=gcc_2_8_1_g0 label=rank1_exact_sibling_transplant source=tmp/agents/first-pass-c5/variants/func_80029934_attempt1.c,nonmatch,byte +0x0: c0!=c8; word +0x0: c0ffbd27!=c8ffbd27; relocations 48!=33
0x80016784,1,gcc-2.8.1-psx,profile=gcc_2_8_1_g0 label=rank1_exact_sibling_transplant source=tmp/agents/first-pass-c5/variants/func_80016784_attempt1.c,nonmatch,byte +0x0: a8!=b8; word +0x0: a8ffbd27!=b8ffbd27; relocations 16!=20
0x8004ADE8,1,gcc-2.8.1-psx,profile=gcc_2_8_1_g0_split label=rank1_exact_sibling_transplant source=tmp/agents/first-pass-c5/variants/func_8004ADE8_attempt1.c,nonmatch,byte +0x0: a8!=d0; word +0x0: a8ffbd27!=d0ffbd27; relocations 13!=43
0x8002EE94,1,gcc-2.8.1-psx,profile=gcc_2_8_1_g8 label=rank1_exact_sibling_transplant source=tmp/agents/first-pass-c5/variants/func_8002EE94_attempt1.c,nonmatch,byte +0x0: d0!=64; word +0x0: d0ffbd27!=64038393; relocations 55!=120
0x80028B08,1,gcc-2.8.1-psx,profile=gcc_2_8_1_g0 label=rank1_exact_sibling_transplant source=tmp/agents/first-pass-c5/variants/func_80028B08_attempt1.c,nonmatch,byte +0x4: 34!=2c; word +0x4: 3400b3af!=2c00b1af; relocations 3!=15
0x80015EF4,1,gcc-2.8.1-psx,profile=gcc_2_8_1_g0 label=rank1_exact_sibling_transplant source=tmp/agents/first-pass-c5/variants/func_80015EF4_attempt1.c,nonmatch,byte +0x0: b8!=b0; word +0x0: b8ffbd27!=b0ffbd27; relocations 3!=22
0x8001B170,1,gcc-2.8.1-psx,profile=gcc_2_8_1_g8 label=rank1_exact_sibling_transplant source=tmp/agents/first-pass-c5/variants/func_8001B170_attempt1.c,nonmatch,byte +0x0: d0!=64; word +0x0: d0ffbd27!=64038393; relocations 55!=95
0x8005D378,1,gcc-2.8.1-psx,profile=gcc_2_8_1_g0_split label=rank1_exact_sibling_transplant source=tmp/agents/first-pass-c5/variants/func_8005D378_attempt1.c,nonmatch,byte +0x0: c0!=0f; word +0x0: c0ffbd27!=0f80023c; relocations 29!=9
0x8004CB0C,1,gcc-2.8.1-psx,profile=gcc_2_8_1_g0 label=rank1_exact_sibling_transplant source=tmp/agents/first-pass-c5/variants/func_8004CB0C_attempt1.c,nonmatch,byte +0x4: 40!=2c; word +0x4: 4000b6af!=2c00b1af; relocations 3!=42
0x8003E854,1,gcc-2.8.1-psx,profile=gcc_2_8_1_g8 label=rank1_exact_sibling_transplant source=tmp/agents/first-pass-c5/variants/func_8003E854_attempt1.c,nonmatch,byte +0x0: e3!=64; word +0x0: e3048293!=64038393; relocations 55!=160
0x80042188,1,gcc-2.8.1-psx,profile=gcc_2_8_1_g0 label=rank1_exact_sibling_transplant source=tmp/agents/first-pass-c5/variants/func_80042188_attempt1.c,nonmatch,byte +0x0: a8!=b0; word +0x0: a8ffbd27!=b0ffbd27; relocations 3!=24
0x80045514,1,gcc-2.8.1-psx,profile=gcc_2_8_1_g0 label=rank1_exact_sibling_transplant source=tmp/agents/first-pass-c5/variants/func_80045514_attempt1.c,nonmatch,byte +0xc: 10!=14; word +0xc: 1000bfaf!=1400bfaf; relocations 17!=133
0x80051350,1,gcc-2.8.1-psx,profile=gcc_2_8_1_g8 label=relocation-side-effect-spine source=tmp/agents/first-pass-c6/variants/func_80051350_a1.c,nonmatch,/home/superconta/data/share/yugioh/tools/toolchains/gcc-2.8.1-psx/bin/mips-sony-psx-gcc failed (1): /home/superconta/data/share/yugioh/tmp/agents/first-pass-c6/variants/func_80051350_a1.c:17: conflicting types for `func_80051350' /home/superconta/data/share/yugioh/tmp/agents/first-pass-c6/variants/func_80051350_a1.c:14: previous declaration of `func_80051350' /home/superconta/data/share/yugioh/tmp/agents/first-pass-c6/variants/func_80051350_a1.c: In function `func_80051350': /home/superconta/...
0x80051350,2,gcc-2.8.1-psx,profile=gcc_2_8_1_g8 label=recursive-relocation-spine source=tmp/agents/first-pass-c6/variants/func_80051350_a2.c,nonmatch,byte +0x0: 70!=e0; word +0x0: 70ffbd27!=e0ffbd27; relocations differ
0x8004158C,1,gcc-2.8.1-psx,profile=gcc_2_8_1_g8 label=relocation-side-effect-spine source=tmp/agents/first-pass-c6/variants/func_8004158C_a1.c,nonmatch,byte +0x0: b8!=e0; word +0x0: b8ffbd27!=e0ffbd27; relocations differ
0x8005C7BC,1,gcc-2.8.1-psx,profile=gcc_2_8_1_g0 label=relocation-side-effect-spine source=tmp/agents/first-pass-c6/variants/func_8005C7BC_a1.c,nonmatch,byte +0x0: b0!=e0; word +0x0: b0ffbd27!=e0ffbd27; relocations differ
0x800235C0,1,gcc-2.8.1-psx,profile=gcc_2_8_1_g8 label=relocation-side-effect-spine source=tmp/agents/first-pass-c6/variants/func_800235C0_a1.c,nonmatch,byte +0x0: 5a!=e0; word +0x0: 5a028397!=e0ffbd27; relocations differ
0x800559D4,1,gcc-2.8.1-psx,profile=gcc_2_8_1_g8_split label=relocation-side-effect-spine source=tmp/agents/first-pass-c6/variants/func_800559D4_a1.c,nonmatch,byte +0x0: d0!=e0; word +0x0: d0ffbd27!=e0ffbd27; relocations differ
0x800507D0,1,gcc-2.8.1-psx,profile=gcc_2_8_1_g8 label=relocation-side-effect-spine source=tmp/agents/first-pass-c6/variants/func_800507D0_a1.c,nonmatch,byte +0x0: c8!=e0; word +0x0: c8ffbd27!=e0ffbd27; relocations differ
0x8004FE2C,1,gcc-2.8.1-psx,profile=gcc_2_8_1_g8 label=relocation-side-effect-spine source=tmp/agents/first-pass-c6/variants/func_8004FE2C_a1.c,nonmatch,byte +0x0: c0!=e0; word +0x0: c0ffbd27!=e0ffbd27; relocations differ
0x800262D4,1,gcc-2.8.1-psx,profile=gcc_2_8_1_g8 label=relocation-side-effect-spine source=tmp/agents/first-pass-c6/variants/func_800262D4_a1.c,nonmatch,byte +0x0: d0!=e0; word +0x0: d0ffbd27!=e0ffbd27; relocations differ
0x800218F0,1,gcc-2.8.1-psx,profile=gcc_2_8_1_g8 label=relocation-side-effect-spine source=tmp/agents/first-pass-c6/variants/func_800218F0_a1.c,nonmatch,byte +0x0: c0!=e0; word +0x0: c0ffbd27!=e0ffbd27; relocations differ
0x80056D7C,1,gcc-2.8.1-psx,profile=gcc_2_8_1_g0 label=relocation-side-effect-spine source=tmp/agents/first-pass-c6/variants/func_80056D7C_a1.c,nonmatch,byte +0x0: c8!=e0; word +0x0: c8ffbd27!=e0ffbd27; relocations differ
0x8003DC1C,1,gcc-2.8.1-psx,profile=gcc_2_8_1_g8 label=relocation-side-effect-spine source=tmp/agents/first-pass-c6/variants/func_8003DC1C_a1.c,nonmatch,byte +0x0: c8!=e0; word +0x0: c8ffbd27!=e0ffbd27; relocations differ
0x8004DE24,1,gcc-2.8.1-psx,profile=gcc_2_8_1_g8 label=relocation-side-effect-spine source=tmp/agents/first-pass-c6/variants/func_8004DE24_a1.c,nonmatch,byte +0x0: a8!=e0; word +0x0: a8febd27!=e0ffbd27; relocations differ
0x8006C37C,1,gcc-2.8.1-psx,profile=gcc_2_8_1_g0 label=relocation-side-effect-spine source=tmp/agents/first-pass-c6/variants/func_8006C37C_a1.c,nonmatch,byte +0x0: 40!=e0; word +0x0: 40fcbd27!=e0ffbd27; relocations differ
0x80051A48,1,gcc-2.8.1-psx,profile=gcc_2_8_1_g8 label=relocation-side-effect-spine source=tmp/agents/first-pass-c6/variants/func_80051A48_a1.c,nonmatch,byte +0x0: c8!=e0; word +0x0: c8ffbd27!=e0ffbd27; relocations differ
0x800534B8,1,gcc-2.8.1-psx,profile=gcc_2_8_1_g8 label=relocation-side-effect-spine source=tmp/agents/first-pass-c6/variants/func_800534B8_a1.c,nonmatch,byte +0x0: a0!=e0; word +0x0: a0ffbd27!=e0ffbd27; relocations differ
0x8005DBA4,1,gcc-2.8.1-psx,profile=gcc_2_8_1_g8 label=relocation-side-effect-spine source=tmp/agents/first-pass-c6/variants/func_8005DBA4_a1.c,nonmatch,/home/superconta/data/share/yugioh/tools/toolchains/gcc-2.8.1-psx/bin/mips-sony-psx-gcc failed (1): /home/superconta/data/share/yugioh/tmp/agents/first-pass-c6/variants/func_8005DBA4_a1.c:28: conflicting types for `func_8005DBA4' /home/superconta/data/share/yugioh/tmp/agents/first-pass-c6/variants/func_8005DBA4_a1.c:23: previous declaration of `func_8005DBA4' /home/superconta/data/share/yugioh/tmp/agents/first-pass-c6/variants/func_8005DBA4_a1.c: In function `func_8005DBA4': /home/superconta/...
0x8005DBA4,2,gcc-2.8.1-psx,profile=gcc_2_8_1_g8 label=recursive-relocation-spine source=tmp/agents/first-pass-c6/variants/func_8005DBA4_a2.c,nonmatch,byte +0x0: 90!=e0; word +0x0: 90ffbd27!=e0ffbd27; relocations differ
0x8006AF74,1,gcc-2.8.1-psx,profile=gcc_2_8_1_g0 label=relocation-side-effect-spine source=tmp/agents/first-pass-c6/variants/func_8006AF74_a1.c,nonmatch,byte +0x0: c8!=e0; word +0x0: c8febd27!=e0ffbd27; relocations differ
0x80035E20,1,gcc-2.8.1-psx,profile=gcc_2_8_1_g0 label=relocation-side-effect-spine source=tmp/agents/first-pass-c6/variants/func_80035E20_a1.c,nonmatch,byte +0x0: 00!=e0; word +0x0: 00ffbd27!=e0ffbd27; relocations differ
0x8002ACA4,1,gcc-2.8.1-psx,profile=gcc_2_8_1_g0 label=relocation-side-effect-spine source=tmp/agents/first-pass-c6/variants/func_8002ACA4_a1.c,nonmatch,byte +0x0: b8!=e0; word +0x0: b8ffbd27!=e0ffbd27; relocations differ
0x8004EB00,1,gcc-2.8.1-psx,profile=gcc_2_8_1_g8 label=relocation-side-effect-spine source=tmp/agents/first-pass-c6/variants/func_8004EB00_a1.c,nonmatch,byte +0x0: c0!=e0; word +0x0: c0ffbd27!=e0ffbd27; relocations differ
0x8001F55C,1,gcc-2.8.1-psx,profile=gcc_2_8_1_g8 label=relocation-side-effect-spine source=tmp/agents/first-pass-c6/variants/func_8001F55C_a1.c,nonmatch,byte +0x0: 32!=e0; word +0x0: 32038397!=e0ffbd27; relocations differ
0x80019D18,1,gcc-2.8.1-psx,profile=gcc_2_8_1_g8 label=relocation-side-effect-spine source=tmp/agents/first-pass-c6/variants/func_80019D18_a1.c,nonmatch,byte +0x0: cd!=e0; word +0x0: cd028293!=e0ffbd27; relocations differ
0x8006F1B4,1,gcc-2.8.1-psx,profile=gcc_2_8_1_g0 label=relocation-side-effect-spine source=tmp/agents/first-pass-c6/variants/func_8006F1B4_a1.c,nonmatch,byte +0x0: b8!=e0; word +0x0: b8febd27!=e0ffbd27; relocations differ
0x8001BD88,1,gcc-2.8.1-psx,profile=gcc_2_8_1_g8 label=relocation-side-effect-spine source=tmp/agents/first-pass-c6/variants/func_8001BD88_a1.c,nonmatch,byte +0x0: cd!=e0; word +0x0: cd028393!=e0ffbd27; relocations differ
0x8001D670,1,gcc-2.8.1-psx,profile=gcc_2_8_1_g8 label=relocation-side-effect-spine source=tmp/agents/first-pass-c6/variants/func_8001D670_a1.c,nonmatch,byte +0x0: c0!=e0; word +0x0: c0ffbd27!=e0ffbd27; relocations differ
0x800540B4,1,gcc-2.8.1-psx,profile=gcc_2_8_1_g8_split label=relocation-side-effect-spine source=tmp/agents/first-pass-c6/variants/func_800540B4_a1.c,nonmatch,byte +0x0: 38!=e0; word +0x0: 38f7bd27!=e0ffbd27; relocations differ
0x8006CD78,1,gcc-2.8.1-psx,profile=gcc_2_8_1_g0 label=relocation-side-effect-spine source=tmp/agents/first-pass-c6/variants/func_8006CD78_a1.c,nonmatch,byte +0x0: d8!=e0; word +0x0: d8febd27!=e0ffbd27; relocations differ
0x80033DB0,1,gcc-2.8.1-psx,profile=gcc_2_8_1_g8 label=a1 source=tmp/agents/first-pass-h1/variants/func_80033DB0_a1.c,nonmatch,/home/superconta/data/share/yugioh/tools/toolchains/binutils-2.42/bin/mipsel-none-elf-ld failed (1): /home/superconta/data/share/yugioh/tools/toolchains/binutils-2.42/bin/mipsel-none-elf-ld: small-data section too large; lower small-data size limit (see option -G) /home/superconta/data/share/yugioh/tmp/agents/first-pass-h1/build/80033DB0/a1/candidate.o: in function `func_80033DB0': (.text+0x100): relocation truncated to fit: R_MIPS_GPREL16 against `D_800FE240'
0x80033DB0,2,gcc-2.8.1-psx,profile=gcc_2_8_1_g8 label=a2 source=tmp/agents/first-pass-h1/sources/func_80033DB0.c,nonmatch,byte +0x0: 21!=d0; word +0x0: 21c88000!=d0ffbd27; relocations differ
0x80034830,1,gcc-2.8.1-psx,profile=gcc_2_8_1_g8 label=a1 source=tmp/agents/first-pass-h1/variants/func_80034830_a1.c,nonmatch,/home/superconta/data/share/yugioh/tools/toolchains/binutils-2.42/bin/mipsel-none-elf-ld failed (1): /home/superconta/data/share/yugioh/tools/toolchains/binutils-2.42/bin/mipsel-none-elf-ld: small-data section too large; lower small-data size limit (see option -G) /home/superconta/data/share/yugioh/tmp/agents/first-pass-h1/build/80034830/a1/candidate.o: in function `func_80034830': (.text+0x100): relocation truncated to fit: R_MIPS_GPREL16 against `D_800FE240'
0x80034830,2,gcc-2.8.1-psx,profile=gcc_2_8_1_g8 label=a2 source=tmp/agents/first-pass-h1/sources/func_80034830.c,nonmatch,byte +0x0: a8!=d0; word +0x0: a8ffbd27!=d0ffbd27; relocations differ
0x800612C0,1,gcc-2.8.1-psx,profile=gcc_2_8_1_g0 label=a1 source=tmp/agents/first-pass-h1/sources/func_800612C0.c,nonmatch,byte +0x0: 00!=21; word +0x0: 0000878c!=21508000; relocations differ
0x8006151C,1,gcc-2.8.1-psx,profile=gcc_2_8_1_g0 label=a1 source=tmp/agents/first-pass-h1/sources/func_8006151C.c,nonmatch,byte +0x0: 00!=21; word +0x0: 0000878c!=21508000; relocations differ
0x800617E0,1,gcc-2.8.1-psx,profile=gcc_2_8_1_g0 label=a1 source=tmp/agents/first-pass-h1/sources/func_800617E0.c,nonmatch,byte +0x0: 00!=21; word +0x0: 0000878c!=21508000; relocations differ
0x80061A84,1,gcc-2.8.1-psx,profile=gcc_2_8_1_g0 label=a1 source=tmp/agents/first-pass-h1/sources/func_80061A84.c,nonmatch,byte +0x0: 00!=21; word +0x0: 0000878c!=21508000; relocations differ
0x80061DDC,1,gcc-2.8.1-psx,profile=gcc_2_8_1_g0 label=a1 source=tmp/agents/first-pass-h1/sources/func_80061DDC.c,nonmatch,byte +0x0: 00!=21; word +0x0: 0000878c!=21508000; relocations differ
0x80062058,1,gcc-2.8.1-psx,profile=gcc_2_8_1_g0 label=a1 source=tmp/agents/first-pass-h1/sources/func_80062058.c,nonmatch,byte +0x0: 00!=21; word +0x0: 0000878c!=21508000; relocations differ
0x8006233C,1,gcc-2.8.1-psx,profile=gcc_2_8_1_g0 label=a1 source=tmp/agents/first-pass-h1/sources/func_8006233C.c,nonmatch,byte +0x0: 00!=21; word +0x0: 0000878c!=21508000; relocations differ
0x80062600,1,gcc-2.8.1-psx,profile=gcc_2_8_1_g0 label=a1 source=tmp/agents/first-pass-h1/sources/func_80062600.c,nonmatch,byte +0x0: 00!=21; word +0x0: 0000878c!=21508000; relocations differ
0x80062978,1,gcc-2.8.1-psx,profile=gcc_2_8_1_g0 label=a1 source=tmp/agents/first-pass-h1/sources/func_80062978.c,nonmatch,byte +0x0: 00!=21; word +0x0: 0000878c!=21508000; relocations differ
0x80062BC0,1,gcc-2.8.1-psx,profile=gcc_2_8_1_g0 label=a1 source=tmp/agents/first-pass-h1/sources/func_80062BC0.c,nonmatch,byte +0x0: 00!=21; word +0x0: 0000878c!=21508000; relocations differ
0x80062E70,1,gcc-2.8.1-psx,profile=gcc_2_8_1_g0 label=a1 source=tmp/agents/first-pass-h1/sources/func_80062E70.c,nonmatch,byte +0x0: 00!=21; word +0x0: 0000878c!=21508000; relocations differ
0x80063100,1,gcc-2.8.1-psx,profile=gcc_2_8_1_g0 label=a1 source=tmp/agents/first-pass-h1/sources/func_80063100.c,nonmatch,byte +0x0: 00!=21; word +0x0: 0000878c!=21508000; relocations differ
0x80063444,1,gcc-2.8.1-psx,profile=gcc_2_8_1_g0 label=a1 source=tmp/agents/first-pass-h1/sources/func_80063444.c,nonmatch,byte +0x0: 00!=21; word +0x0: 0000878c!=21508000; relocations differ
0x800636AC,1,gcc-2.8.1-psx,profile=gcc_2_8_1_g0 label=a1 source=tmp/agents/first-pass-h1/sources/func_800636AC.c,nonmatch,byte +0x0: 00!=21; word +0x0: 0000878c!=21508000; relocations differ
0x8006397C,1,gcc-2.8.1-psx,profile=gcc_2_8_1_g0 label=a1 source=tmp/agents/first-pass-h1/sources/func_8006397C.c,nonmatch,byte +0x0: 00!=21; word +0x0: 0000878c!=21508000; relocations differ
0x80063C2C,1,gcc-2.8.1-psx,profile=gcc_2_8_1_g0 label=a1 source=tmp/agents/first-pass-h1/sources/func_80063C2C.c,nonmatch,byte +0x0: 00!=21; word +0x0: 0000878c!=21508000; relocations differ
0x80063F90,1,gcc-2.8.1-psx,profile=gcc_2_8_1_g0 label=a1 source=tmp/agents/first-pass-h1/sources/func_80063F90.c,nonmatch,byte +0x0: 00!=21; word +0x0: 0000878c!=21508000; relocations differ
0x80064248,1,gcc-2.8.1-psx,profile=gcc_2_8_1_g0 label=a1 source=tmp/agents/first-pass-h1/sources/func_80064248.c,nonmatch,byte +0x0: 00!=21; word +0x0: 0000878c!=21508000; relocations differ
0x80064568,1,gcc-2.8.1-psx,profile=gcc_2_8_1_g0 label=a1 source=tmp/agents/first-pass-h1/sources/func_80064568.c,nonmatch,byte +0x0: 00!=21; word +0x0: 0000878c!=21508000; relocations differ
0x80064868,1,gcc-2.8.1-psx,profile=gcc_2_8_1_g0 label=rank1_exact_sibling_transplant source=tmp/agents/first-pass-h2/variants/func_80064868_attempt1.c,nonmatch,byte +0x0: 00!=d8; word +0x0: 0000878c!=d8ffbd27; relocations 31!=19
0x80064C1C,1,gcc-2.8.1-psx,profile=gcc_2_8_1_g0 label=rank1_exact_sibling_transplant source=tmp/agents/first-pass-h2/variants/func_80064C1C_attempt1.c,nonmatch,byte +0x0: 00!=d8; word +0x0: 0000878c!=d8ffbd27; relocations 31!=19
0x80064EF4,1,gcc-2.8.1-psx,profile=gcc_2_8_1_g0 label=rank1_exact_sibling_transplant source=tmp/agents/first-pass-h2/variants/func_80064EF4_attempt1.c,nonmatch,byte +0x0: 00!=d8; word +0x0: 0000878c!=d8ffbd27; relocations 31!=19
0x80065234,1,gcc-2.8.1-psx,profile=gcc_2_8_1_g0 label=rank1_exact_sibling_transplant source=tmp/agents/first-pass-h2/variants/func_80065234_attempt1.c,nonmatch,byte +0x0: 00!=d8; word +0x0: 0000878c!=d8ffbd27; relocations 31!=19
0x80065554,1,gcc-2.8.1-psx,profile=gcc_2_8_1_g0 label=rank1_exact_sibling_transplant source=tmp/agents/first-pass-h2/variants/func_80065554_attempt1.c,nonmatch,byte +0x0: 00!=d8; word +0x0: 0000878c!=d8ffbd27; relocations 31!=19
0x80065928,1,gcc-2.8.1-psx,profile=gcc_2_8_1_g0 label=rank1_exact_sibling_transplant source=tmp/agents/first-pass-h2/variants/func_80065928_attempt1.c,nonmatch,byte +0x0: 00!=d8; word +0x0: 0000878c!=d8ffbd27; relocations 31!=19
0x80065BCC,1,gcc-2.8.1-psx,profile=gcc_2_8_1_g0 label=rank1_exact_sibling_transplant source=tmp/agents/first-pass-h2/variants/func_80065BCC_attempt1.c,nonmatch,byte +0x0: 00!=d8; word +0x0: 0000878c!=d8ffbd27; relocations 31!=19
0x80065ED8,1,gcc-2.8.1-psx,profile=gcc_2_8_1_g0 label=rank1_exact_sibling_transplant source=tmp/agents/first-pass-h2/variants/func_80065ED8_attempt1.c,nonmatch,byte +0x0: 00!=d8; word +0x0: 0000878c!=d8ffbd27; relocations 31!=19
0x800661C4,1,gcc-2.8.1-psx,profile=gcc_2_8_1_g0 label=rank1_exact_sibling_transplant source=tmp/agents/first-pass-h2/variants/func_800661C4_attempt1.c,nonmatch,byte +0x0: 00!=d8; word +0x0: 0000878c!=d8ffbd27; relocations 31!=19
0x80066564,1,gcc-2.8.1-psx,profile=gcc_2_8_1_g0 label=rank1_exact_sibling_transplant source=tmp/agents/first-pass-h2/variants/func_80066564_attempt1.c,nonmatch,byte +0x0: 00!=d8; word +0x0: 0000878c!=d8ffbd27; relocations 31!=19
0x80066828,1,gcc-2.8.1-psx,profile=gcc_2_8_1_g0 label=rank1_exact_sibling_transplant source=tmp/agents/first-pass-h2/variants/func_80066828_attempt1.c,nonmatch,byte +0x0: 00!=d8; word +0x0: 0000878c!=d8ffbd27; relocations 31!=19
0x80066B54,1,gcc-2.8.1-psx,profile=gcc_2_8_1_g0 label=rank1_exact_sibling_transplant source=tmp/agents/first-pass-h2/variants/func_80066B54_attempt1.c,nonmatch,byte +0x0: 00!=d8; word +0x0: 0000878c!=d8ffbd27; relocations 31!=19
0x80066E60,1,gcc-2.8.1-psx,profile=gcc_2_8_1_g0 label=rank1_exact_sibling_transplant source=tmp/agents/first-pass-h2/variants/func_80066E60_attempt1.c,nonmatch,byte +0x0: 00!=d8; word +0x0: 0000878c!=d8ffbd27; relocations 31!=19
0x80067220,1,gcc-2.8.1-psx,profile=gcc_2_8_1_g0 label=rank1_exact_sibling_transplant source=tmp/agents/first-pass-h2/variants/func_80067220_attempt1.c,nonmatch,byte +0x0: 00!=0a; word +0x0: 0000878c!=0a80033c; relocations 5!=6
0x80067354,1,gcc-2.8.1-psx,profile=gcc_2_8_1_g0 label=rank1_exact_sibling_transplant source=tmp/agents/first-pass-h2/variants/func_80067354_attempt1.c,nonmatch,byte +0x0: 00!=d8; word +0x0: 0000878c!=d8ffbd27; relocations 31!=13
0x8006759C,1,gcc-2.8.1-psx,profile=gcc_2_8_1_g0 label=rank1_exact_sibling_transplant source=tmp/agents/first-pass-h2/variants/func_8006759C_attempt1.c,nonmatch,byte +0x0: 00!=d8; word +0x0: 0000878c!=d8ffbd27; relocations 31!=13
0x80067858,1,gcc-2.8.1-psx,profile=gcc_2_8_1_g0 label=rank1_exact_sibling_transplant source=tmp/agents/first-pass-h2/variants/func_80067858_attempt1.c,nonmatch,byte +0x0: 00!=d8; word +0x0: 0000878c!=d8ffbd27; relocations 31!=13
0x80067ABC,1,gcc-2.8.1-psx,profile=gcc_2_8_1_g0 label=rank1_exact_sibling_transplant source=tmp/agents/first-pass-h2/variants/func_80067ABC_attempt1.c,nonmatch,byte +0x0: 00!=d8; word +0x0: 0000878c!=d8ffbd27; relocations 31!=13
0x80067D94,1,gcc-2.8.1-psx,profile=gcc_2_8_1_g0 label=rank1_exact_sibling_transplant source=tmp/agents/first-pass-h2/variants/func_80067D94_attempt1.c,nonmatch,byte +0x0: 00!=d8; word +0x0: 0000878c!=d8ffbd27; relocations 31!=13
0x80067FD0,1,gcc-2.8.1-psx,profile=gcc_2_8_1_g0 label=rank1_exact_sibling_transplant source=tmp/agents/first-pass-h2/variants/func_80067FD0_attempt1.c,nonmatch,byte +0x0: 00!=d8; word +0x0: 0000878c!=d8ffbd27; relocations 31!=13
0x8006825C,1,gcc-2.8.1-psx,profile=gcc_2_8_1_g0 label=rank1_exact_sibling_transplant source=tmp/agents/first-pass-h2/variants/func_8006825C_attempt1.c,nonmatch,byte +0x0: 00!=d8; word +0x0: 0000878c!=d8ffbd27; relocations 31!=13
0x800684B4,1,gcc-2.8.1-psx,profile=gcc_2_8_1_g0 label=attempt-1 source=tmp/agents/first-pass-h3/sources/func_800684B4_attempt1.c,nonmatch,"first byte mismatch: {""actual"": ""0xF0"", ""expected"": ""0x00"", ""offset"": 0}; relocations differ (15/13); size 664/680"
0x8006875C,1,gcc-2.8.1-psx,profile=gcc_2_8_1_g0 label=attempt-1 source=tmp/agents/first-pass-h3/sources/func_8006875C_attempt1.c,nonmatch,"first byte mismatch: {""actual"": ""0x21"", ""expected"": ""0x00"", ""offset"": 0}; relocations differ (6/18); size 236/676"
0x80068A00,1,gcc-2.8.1-psx,profile=gcc_2_8_1_g0 label=attempt-1 source=tmp/agents/first-pass-h3/sources/func_80068A00_attempt1.c,nonmatch,"first byte mismatch: {""actual"": ""0xE0"", ""expected"": ""0x00"", ""offset"": 0}; relocations differ (18/18); size 756/792"
0x80068D18,1,gcc-2.8.1-psx,profile=gcc_2_8_1_g0 label=attempt-1 source=tmp/agents/first-pass-h3/sources/func_80068D18_attempt1.c,nonmatch,"first byte mismatch: {""actual"": ""0x21"", ""expected"": ""0x00"", ""offset"": 0}; relocations differ (6/18); size 244/704"
0x80068FD8,1,gcc-2.8.1-psx,profile=gcc_2_8_1_g0 label=attempt-1 source=tmp/agents/first-pass-h3/sources/func_80068FD8_attempt1.c,nonmatch,"first byte mismatch: {""actual"": ""0xE0"", ""expected"": ""0x00"", ""offset"": 0}; relocations differ (18/18); size 780/820"
0x8006930C,1,gcc-2.8.1-psx,profile=gcc_2_8_1_g0 label=attempt-1 source=tmp/agents/first-pass-h3/sources/func_8006930C_attempt1.c,nonmatch,"first byte mismatch: {""actual"": ""0xE0"", ""expected"": ""0x00"", ""offset"": 0}; relocations differ (18/18); size 688/664"
0x800695A4,1,gcc-2.8.1-psx,profile=gcc_2_8_1_g0 label=attempt-1 source=tmp/agents/first-pass-h3/sources/func_800695A4_attempt1.c,nonmatch,"first byte mismatch: {""actual"": ""0xE0"", ""expected"": ""0x00"", ""offset"": 0}; relocations differ (18/18); size 756/744"
0x8006988C,1,gcc-2.8.1-psx,profile=gcc_2_8_1_g0 label=attempt-1 source=tmp/agents/first-pass-h3/sources/func_8006988C_attempt1.c,nonmatch,"first byte mismatch: {""actual"": ""0xE0"", ""expected"": ""0x00"", ""offset"": 0}; relocations differ (18/18); size 712/692"
0x80069B40,1,gcc-2.8.1-psx,profile=gcc_2_8_1_g0 label=attempt-1 source=tmp/agents/first-pass-h3/sources/func_80069B40_attempt1.c,nonmatch,"first byte mismatch: {""actual"": ""0xE0"", ""expected"": ""0x00"", ""offset"": 0}; relocations differ (18/18); size 780/772"
0x80069E44,1,gcc-2.8.1-psx,profile=gcc_2_8_1_g0 label=attempt-1 source=tmp/agents/first-pass-h3/sources/func_80069E44_attempt1.c,nonmatch,"first byte mismatch: {""actual"": ""0x21"", ""expected"": ""0x00"", ""offset"": 0}; relocations differ (8/8); size 180/336"
0x80069F94,1,gcc-2.8.1-psx,profile=gcc_2_8_1_g0 label=attempt-1 source=tmp/agents/first-pass-h3/sources/func_80069F94_attempt1.c,nonmatch,"first byte mismatch: {""actual"": ""0x21"", ""expected"": ""0x00"", ""offset"": 0}; relocations differ (8/8); size 180/340"
0x8006A0E8,1,gcc-2.8.1-psx,profile=gcc_2_8_1_g0 label=attempt-1 source=tmp/agents/first-pass-h3/sources/func_8006A0E8_attempt1.c,nonmatch,"first byte mismatch: {""actual"": ""0x21"", ""expected"": ""0x00"", ""offset"": 0}; relocations differ (8/8); size 188/384"
0x8006A268,1,gcc-2.8.1-psx,profile=gcc_2_8_1_g0 label=attempt-1 source=tmp/agents/first-pass-h3/sources/func_8006A268_attempt1.c,nonmatch,"first byte mismatch: {""actual"": ""0x21"", ""expected"": ""0x00"", ""offset"": 0}; relocations differ (8/8); size 188/392"
0x8006A3F0,1,gcc-2.8.1-psx,profile=gcc_2_8_1_g0 label=attempt-1 source=tmp/agents/first-pass-h3/sources/func_8006A3F0_attempt1.c,nonmatch,"first byte mismatch: {""actual"": ""0x21"", ""expected"": ""0x00"", ""offset"": 0}; relocations differ (8/8); size 180/336"
0x8006A540,1,gcc-2.8.1-psx,profile=gcc_2_8_1_g0 label=attempt-1 source=tmp/agents/first-pass-h3/sources/func_8006A540_attempt1.c,nonmatch,"first byte mismatch: {""actual"": ""0x21"", ""expected"": ""0x00"", ""offset"": 0}; relocations differ (8/8); size 180/340"
0x8006A694,1,gcc-2.8.1-psx,profile=gcc_2_8_1_g0 label=attempt-1 source=tmp/agents/first-pass-h3/sources/func_8006A694_attempt1.c,nonmatch,"first byte mismatch: {""actual"": ""0x21"", ""expected"": ""0x00"", ""offset"": 0}; relocations differ (8/8); size 188/384"
0x8006A814,1,gcc-2.8.1-psx,profile=gcc_2_8_1_g0 label=attempt-1 source=tmp/agents/first-pass-h3/sources/func_8006A814_attempt1.c,nonmatch,"first byte mismatch: {""actual"": ""0x21"", ""expected"": ""0x00"", ""offset"": 0}; relocations differ (8/8); size 188/392"
0x8006A99C,1,gcc-2.8.1-psx,profile=gcc_2_8_1_g0 label=attempt-1 source=tmp/agents/first-pass-h3/sources/func_8006A99C_attempt1.c,nonmatch,"first byte mismatch: {""actual"": ""0x21"", ""expected"": ""0x00"", ""offset"": 0}; relocations differ (8/8); size 372/352"
0x8006AAFC,1,gcc-2.8.1-psx,profile=gcc_2_8_1_g0 label=attempt-1 source=tmp/agents/first-pass-h3/sources/func_8006AAFC_attempt1.c,nonmatch,"first byte mismatch: {""actual"": ""0x21"", ""expected"": ""0x00"", ""offset"": 0}; relocations differ (8/8); size 420/396"
0x8006AC88,1,gcc-2.8.1-psx,profile=gcc_2_8_1_g0 label=attempt-1 source=tmp/agents/first-pass-h3/sources/func_8006AC88_attempt1.c,nonmatch,"first byte mismatch: {""actual"": ""0x21"", ""expected"": ""0x00"", ""offset"": 0}; relocations differ (8/8); size 372/352"
0x8006ADE8,1,gcc-2.8.1-psx,profile=gcc_2_8_1_g0 label=attempt-1 source=tmp/agents/first-pass-h3/sources/func_8006ADE8_attempt1.c,nonmatch,"first byte mismatch: {""actual"": ""0x21"", ""expected"": ""0x00"", ""offset"": 0}; relocations differ (8/8); size 420/396"
0x800240B0,2,gcc-2.8.1-psx,profile=gcc_2_8_1_g8_split source=Unchiga cursor_card_pick_tick exact bytes; three verified absolute C literal stores,matched,Exact linked function bytes with GCC 2.8.1 split addresses. All symbolic relocations match; three target stores use pure-C absolute literals 0x8009B246/0x8009B24B/0x8009B254 to preserve the original $at address materialization.
0x8002DDFC,1,gcc-2.8.1-psx,profile=gcc_2_8_1_g0 source=tmp/agents/remaining-decomp/func_8002DDFC_attempt1.c GMS event-switch baseline,nonmatch,"Semantics and object offsets follow local assembly/GMS, but GCC emitted 272 bytes instead of 304; first difference +0xC uses bne for event==1 instead of target forward beq. Next variant inverts the outer condition to reproduce target block order."
0x8002DDFC,2,gcc-2.8.1-psx,profile=gcc_2_8_1_g0 source=tmp/agents/remaining-decomp/func_8002DDFC_attempt2.c inverted outer event branch,nonmatch,"Outer inversion produced the target beq at +0xC, but branch displacement is 0x2D instead of 0x2B and output is 268/304 bytes. GCC still folds GMS result/global temporaries; next variant restores the IDA result/local assignments and integer return shape."
0x8002DDFC,3,gcc-2.8.1-psx,profile=gcc_2_8_1_g0 source=tmp/agents/remaining-decomp/func_8002DDFC_attempt3.c literal GMS result temporaries,nonmatch,"Restoring GMS integer result/callee return increased output to 280/304 bytes, but event==1 again compiled as bne at +0xC. Next variant combines these temporaries with the attempt-two inverted outer branch."
0x8002DDFC,4,gcc-2.8.1-psx,profile=gcc_2_8_1_g0 source=tmp/agents/remaining-decomp/func_8002DDFC_attempt4.c GMS temporaries plus inverted branch,nonmatch,"Correct beq opcode at +0xC, but displacement is 0x2F versus target 0x2B; output remains 280/304 bytes. Compiler lays out case 2 inline and lacks target default jumps. Final variants will use an explicit switch-shaped result flow and profile evidence only."
0x8002DDFC,5,gcc-2.8.1-psx,profile=gcc_2_8_1_g0 source=tmp/agents/remaining-decomp/func_8002DDFC_attempt5.c explicit event labels,nonmatch,"Explicit target-order labels produced the closest result at 292/304 bytes, but event-1 branch displacement is 0x25 versus 0x2B. GCC still shortens the dispatch skeleton by six instructions. One final profile/control-flow variant remains."
0x8002DDFC,6,gcc-2.8.1-psx,profile=gcc_2_8_1_g0 source=tmp/agents/remaining-decomp/func_8002DDFC_attempt6.c target predicate order and labels,deferred,"Closest variant is 300/304 bytes. Target event-1 beq displacement is 0x2B; candidate is 0x27, indicating four missing dispatch instructions despite matching GMS semantics and target label order. Six-variant budget exhausted; retain exact assembly and do not repeat without genuinely new compiler/source evidence."
0x80050584,2,gcc-2.8.1-psx,profile=gcc_2_8_1_g0_split source=tmp/agents/remaining-decomp/func_80050584_attempt2.c Unchiga recorded best,nonmatch,"Recorded collaborator best reproduces exact 0x24C size and confirmed logic; first difference +0x54 is a busy-check register-role swap, with a second wrap-calculation register-role swap later. Remaining attempts reserved for new register-lifetime evidence."
0x80020BE4,2,gcc-2.8.1-psx,profile=gcc_2_8_1_g0_no_split source=tmp/agents/remaining-decomp/func_80020BE4_attempt2.c Unchiga best-shape without v1 pin,nonmatch,Pure collaborator callback shape has exact 0x168 size; first mismatch +0x64 is f30/f4 store scheduling and later residuals include the removed v1 pin. Remaining attempts reserved for target-directed permutations.
0x80020BE4,3,gcc-2.8.1-psx,profile=gcc_2_8_1_g0_no_split source=tmp/agents/remaining-decomp/func_80020BE4_attempt3.c f30-first permutation,nonmatch,Moving f30 first in source compiles identically to attempt two; exact size remains but the same 21-word scheduler/register-pin residual persists. Three attempts remain reserved.
0x80020BE4,4,gcc-2.8.1-psx,profile=gcc_2_8_1_g0_split label=remaining-profile-pass source=tmp/agents/remaining-decomp/func_80020BE4_attempt3.c,nonmatch,"profile-pass nonmatch: bytes=False, relocations=False, size=340/360; +0x14: 2900b110 != 2600b110"
0x8002F4C0,2,gcc-2.8.1-psx,profile=gcc_2_8_1_g0_split label=remaining-profile-pass source=tmp/agents/first-pass-c1/variants/func_8002F4C0_v1.c,nonmatch,"profile-pass nonmatch: bytes=False, relocations=False, size=356/368; +0x0: e0ffbd27 != e8ffbd27"
0x800464F0,2,gcc-2.8.1-psx,profile=gcc_2_8_1_g0_split label=remaining-profile-pass source=tmp/agents/first-pass-c1/variants/func_800464F0_v1.c,nonmatch,"profile-pass nonmatch: bytes=False, relocations=False, size=364/380; +0x2: 0a80033c != 0a80023c"
0x8004A0FC,2,gcc-2.8.1-psx,profile=gcc_2_8_1_g0_split label=remaining-profile-pass source=tmp/agents/first-pass-c1/variants/func_8004A0FC_v1.c,nonmatch,"profile-pass nonmatch: bytes=False, relocations=False, size=372/384; +0x2: 0a80033c != 0a80023c"
0x8002FB78,2,gcc-2.8.1-psx,profile=gcc_2_8_1_g0_split label=remaining-profile-pass source=tmp/agents/first-pass-c1/variants/func_8002FB78_v1.c,nonmatch,"profile-pass nonmatch: bytes=False, relocations=False, size=400/408; +0xE: 01000624 != 01000424"
0x80032184,2,gcc-2.8.1-psx,profile=gcc_2_8_1_g0_split label=remaining-profile-pass source=tmp/agents/first-pass-c1/variants/func_80032184_v1.c,nonmatch,"profile-pass nonmatch: bytes=False, relocations=False, size=368/420; +0x26: ddff043c != ddff033c"
0x8003353C,2,gcc-2.8.1-psx,profile=gcc_2_8_1_g0_split label=remaining-profile-pass source=tmp/agents/first-pass-c1/variants/func_8003353C_v1.c,nonmatch,"profile-pass nonmatch: bytes=False, relocations=False, size=420/436; +0x31: 80280300 != 80200300"
0x80036DBC,2,gcc-2.8.1-psx,profile=gcc_2_8_1_g8_split label=remaining-profile-pass source=tmp/agents/first-pass-c1/variants/func_80036DBC_v1.c,nonmatch,profile-pass tool error: candidate link: (.text+0x4c): relocation truncated to fit: R_MIPS_GPREL16 against `D_800EB288'
0x8002E128,2,gcc-2.8.1-psx,profile=gcc_2_8_1_g0_split label=remaining-profile-pass source=tmp/agents/first-pass-c3/attempt-sources/8002E128/v1.c,nonmatch,"profile-pass nonmatch: bytes=False, relocations=False, size=552/584; +0x18: 02002106 != 05002106"
0x8001BAF0,2,gcc-2.8.1-psx,profile=gcc_2_8_1_g8_split label=remaining-profile-pass source=tmp/agents/first-pass-c3/attempt-sources/8001BAF0/v1.c,nonmatch,"profile-pass nonmatch: bytes=False, relocations=False, size=480/600; +0x0: b8ffbd27 != d8ffbd27"
0x8002BAB4,2,gcc-2.8.1-psx,profile=gcc_2_8_1_g0_split label=remaining-profile-pass source=tmp/agents/first-pass-c3/attempt-sources/8002BAB4/v1.c,nonmatch,"profile-pass nonmatch: bytes=False, relocations=False, size=504/600; +0x0: 0f80023c != e0ffbd27"
0x80020988,2,gcc-2.8.1-psx,profile=gcc_2_8_1_g8_split label=remaining-profile-pass source=tmp/agents/first-pass-c3/attempt-sources/80020988/v1.c,nonmatch,"profile-pass nonmatch: bytes=False, relocations=False, size=640/604; +0xA: 3000bfaf != 3000b4af"
0x80057544,2,gcc-2.8.1-psx,profile=gcc_2_8_1_g0_split label=remaining-profile-pass source=tmp/agents/first-pass-c3/attempt-sources/80057544/v1.c,nonmatch,"profile-pass nonmatch: bytes=False, relocations=False, size=260/620; +0x0: d0ffbd27 != e8ffbd27"
0x8004803C,2,gcc-2.8.1-psx,profile=gcc_2_8_1_g0_split label=remaining-profile-pass source=tmp/agents/first-pass-c3/attempt-sources/8004803C/v1.c,nonmatch,"profile-pass nonmatch: bytes=False, relocations=False, size=172/628; +0x0: d0ffbd27 != 0a80023c"
0x80021598,2,gcc-2.8.1-psx,profile=gcc_2_8_1_g8_split label=remaining-profile-pass source=tmp/agents/first-pass-c3/attempt-sources/80021598/v1.c,nonmatch,"profile-pass nonmatch: bytes=False, relocations=False, size=236/632; +0x0: d0ffbd27 != d8ffbd27"
0x80037DA4,2,gcc-2.8.1-psx,profile=gcc_2_8_1_g8_split label=remaining-profile-pass source=tmp/agents/first-pass-c3/attempt-sources/80037DA4/v1.c,nonmatch,"profile-pass nonmatch: bytes=False, relocations=False, size=232/640; +0x4: 1000b0af != ffff8424"
0x80027508,2,gcc-2.8.1-psx,profile=gcc_2_8_1_g8_split label=remaining-profile-pass source=tmp/agents/first-pass-c3/attempt-sources/80027508/v1.c,nonmatch,"profile-pass nonmatch: bytes=False, relocations=False, size=220/644; +0x4: 1c00bfaf != 1800bfaf"
0x8001F0D0,2,gcc-2.8.1-psx,profile=gcc_2_8_1_g8_split label=remaining-profile-pass source=tmp/agents/first-pass-c3/attempt-sources/8001F0D0/v1.c,nonmatch,"profile-pass nonmatch: bytes=False, relocations=False, size=168/660; +0x6: 1000bfaf != 1000b0af"
0x80045C98,2,gcc-2.8.1-psx,profile=gcc_2_8_1_g0_split label=remaining-profile-pass source=tmp/agents/first-pass-c3/attempt-sources/80045C98/v1.c,nonmatch,"profile-pass nonmatch: bytes=False, relocations=False, size=180/676; +0x0: e8ffbd27 != 0a80023c"
0x8001898C,2,gcc-2.8.1-psx,profile=gcc_2_8_1_g8_split label=remaining-profile-pass source=tmp/agents/first-pass-c3/attempt-sources/8001898C/v1.c,nonmatch,"profile-pass nonmatch: bytes=False, relocations=False, size=204/680; +0x2: 32038397 != 32038293"
0x80056250,2,gcc-2.8.1-psx,profile=gcc_2_8_1_g0_split label=remaining-profile-pass source=tmp/agents/first-pass-c3/attempt-sources/80056250/v1.c,nonmatch,"profile-pass nonmatch: bytes=False, relocations=False, size=168/692; +0x0: d8ffbd27 != e0ffbd27"
0x8005BB7C,4,gcc-2.8.1-psx,profile=gcc_2_8_1_g8_split label=remaining-profile-pass source=tmp/agents/first-pass-c3/attempt-sources/8005BB7C/v3.c,nonmatch,"profile-pass nonmatch: bytes=False, relocations=False, size=276/704; +0x0: 10fcbd27 != e0ffbd27"
0x80031084,2,gcc-2.8.1-psx,profile=gcc_2_8_1_g8_split label=remaining-profile-pass source=tmp/agents/first-pass-c3/attempt-sources/80031084/v1.c,nonmatch,"profile-pass nonmatch: bytes=False, relocations=False, size=204/712; +0x0: d8ffbd27 != e3038293"
0x8005B8A0,3,gcc-2.8.1-psx,profile=gcc_2_8_1_g8_split label=remaining-profile-pass source=tmp/agents/first-pass-c3/attempt-sources/8005B8A0/v2.c,nonmatch,"profile-pass nonmatch: bytes=False, relocations=False, size=280/732; +0x0: c8ffbd27 != e0ffbd27"
0x80027228,2,gcc-2.8.1-psx,profile=gcc_2_8_1_g0_split label=remaining-profile-pass source=tmp/agents/first-pass-c3/attempt-sources/80027228/v1.c,nonmatch,"profile-pass nonmatch: bytes=False, relocations=False, size=152/736; +0x0: a8ffbd27 != e0ffbd27"
0x8005106C,2,gcc-2.8.1-psx,profile=gcc_2_8_1_g0_split label=remaining-profile-pass source=tmp/agents/first-pass-c3/attempt-sources/8005106C/v1.c,nonmatch,"profile-pass nonmatch: bytes=False, relocations=False, size=204/740; +0x0: 70ffbd27 != d8ffbd27"
0x800556E8,2,gcc-2.8.1-psx,profile=gcc_2_8_1_g0_split label=remaining-profile-pass source=tmp/agents/first-pass-c3/attempt-sources/800556E8/v1.c,nonmatch,"profile-pass nonmatch: bytes=False, relocations=False, size=240/748; +0x0: d8ffbd27 != d0ffbd27"
0x8004C114,2,gcc-2.8.1-psx,profile=gcc_2_8_1_g0_split label=remaining-profile-pass source=tmp/agents/first-pass-c3/attempt-sources/8004C114/v1.c,nonmatch,"profile-pass nonmatch: bytes=False, relocations=False, size=216/780; +0x0: e8ffbd27 != d0ffbd27"
0x800222F4,2,gcc-2.8.1-psx,profile=gcc_2_8_1_g8_split label=remaining-profile-pass source=tmp/agents/first-pass-c3/attempt-sources/800222F4/v1.c,nonmatch,"profile-pass nonmatch: bytes=False, relocations=False, size=256/804; +0x7: a4b34294 != a4b34290"
0x80056504,2,gcc-2.8.1-psx,profile=gcc_2_8_1_g0_split label=remaining-profile-pass source=tmp/agents/first-pass-c3/attempt-sources/80056504/v1.c,nonmatch,"profile-pass nonmatch: bytes=False, relocations=False, size=224/804; +0x0: b8ffbd27 != e0ffbd27"
0x80057AF4,3,gcc-2.8.1-psx,profile=gcc_2_8_1_g0_split label=remaining-profile-pass source=tmp/agents/first-pass-c3/attempt-sources/80057AF4/v2.c,nonmatch,"profile-pass nonmatch: bytes=False, relocations=False, size=680/812; +0x0: d0ffbd27 != c0ffbd27"
0x8005FE44,2,gcc-2.8.1-psx,profile=gcc_2_8_1_g0_split label=remaining-profile-pass source=tmp/agents/first-pass-c4/sources/func_8005FE44_attempt1.c,nonmatch,"profile-pass nonmatch: bytes=False, relocations=False, size=688/812; +0x10: 06008214 != 08008210"
0x800577B0,2,gcc-2.8.1-psx,profile=gcc_2_8_1_g8_split label=remaining-profile-pass source=tmp/agents/first-pass-c4/sources/func_800577B0_attempt1.c,nonmatch,profile-pass tool error: cannot resolve symbol .rodata
0x80023144,2,gcc-2.8.1-psx,profile=gcc_2_8_1_g8_split label=remaining-profile-pass source=tmp/agents/first-pass-c4/sources/func_80023144_attempt1.c,nonmatch,profile-pass tool error: candidate link: (.text+0x270): relocation truncated to fit: R_MIPS_GPREL16 against `D_801D5608'
0x80072A48,2,gcc-2.8.1-psx,profile=gcc_2_8_1_g0_split label=remaining-profile-pass source=tmp/agents/first-pass-c4/sources/func_80072A48_attempt1.c,nonmatch,"profile-pass nonmatch: bytes=False, relocations=False, size=932/888; +0x4: 1000b0af != 3400bfaf"
0x80022674,2,gcc-2.8.1-psx,profile=gcc_2_8_1_g8_split label=remaining-profile-pass source=tmp/agents/first-pass-c4/sources/func_80022674_attempt1.c,nonmatch,profile-pass tool error: candidate link: (.text+0x28): relocation truncated to fit: R_MIPS_GPREL16 against `D_801A7AD8'
0x80018608,2,gcc-2.8.1-psx,profile=gcc_2_8_1_g8_split label=remaining-profile-pass source=tmp/agents/first-pass-c4/sources/func_80018608_attempt1.c,nonmatch,profile-pass tool error: candidate link: (.text+0xf0): additional relocation overflows omitted from the output
0x800229F4,2,gcc-2.8.1-psx,profile=gcc_2_8_1_g8_split label=remaining-profile-pass source=tmp/agents/first-pass-c4/sources/func_800229F4_attempt1.c,nonmatch,profile-pass tool error: candidate link: (.text+0x28): relocation truncated to fit: R_MIPS_GPREL16 against `D_801A7AD8'
0x800171A8,2,gcc-2.8.1-psx,profile=gcc_2_8_1_g8_split label=remaining-profile-pass source=tmp/agents/first-pass-c4/sources/func_800171A8_attempt1.c,nonmatch,profile-pass tool error: cannot resolve symbol .rodata
0x8003EED0,2,gcc-2.8.1-psx,profile=gcc_2_8_1_g8_split label=remaining-profile-pass source=tmp/agents/first-pass-c4/sources/func_8003EED0_attempt1.c,nonmatch,profile-pass tool error: cannot resolve symbol .rodata
0x8005E808,2,gcc-2.8.1-psx,profile=gcc_2_8_1_g8_split label=remaining-profile-pass source=tmp/agents/first-pass-c4/sources/func_8005E808_attempt1.c,nonmatch,profile-pass tool error: cannot resolve symbol MULT_HI
0x800330BC,2,gcc-2.8.1-psx,profile=gcc_2_8_1_g8_split label=remaining-profile-pass source=tmp/agents/first-pass-c4/sources/func_800330BC_attempt1.c,nonmatch,profile-pass tool error: candidate link: (.text+0x3e0): relocation truncated to fit: R_MIPS_GPREL16 against `D_80090DD8'
0x80042C08,2,gcc-2.8.1-psx,profile=gcc_2_8_1_g0_split label=remaining-profile-pass source=tmp/agents/first-pass-c5/variants/func_80042C08_attempt1.c,nonmatch,"profile-pass nonmatch: bytes=False, relocations=False, size=344/1392; +0x0: a8ffbd27 != b0ffbd27"
0x80028B08,2,gcc-2.8.1-psx,profile=gcc_2_8_1_g0_split label=remaining-profile-pass source=tmp/agents/first-pass-c5/variants/func_80028B08_attempt1.c,nonmatch,"profile-pass nonmatch: bytes=False, relocations=False, size=344/1536; +0x4: 3400b3af != 2c00b1af"
0x80015EF4,2,gcc-2.8.1-psx,profile=gcc_2_8_1_g0_split label=remaining-profile-pass source=tmp/agents/first-pass-c5/variants/func_80015EF4_attempt1.c,nonmatch,"profile-pass nonmatch: bytes=False, relocations=False, size=344/1544; +0x0: b8ffbd27 != b0ffbd27"
0x8004CB0C,2,gcc-2.8.1-psx,profile=gcc_2_8_1_g0_split label=remaining-profile-pass source=tmp/agents/first-pass-c5/variants/func_8004CB0C_attempt1.c,nonmatch,"profile-pass nonmatch: bytes=False, relocations=False, size=344/1576; +0x4: 4000b6af != 2c00b1af"
0x80042188,2,gcc-2.8.1-psx,profile=gcc_2_8_1_g0_split label=remaining-profile-pass source=tmp/agents/first-pass-c5/variants/func_80042188_attempt1.c,nonmatch,"profile-pass nonmatch: bytes=False, relocations=False, size=344/1620; +0x0: a8ffbd27 != b0ffbd27"
0x80051350,3,gcc-2.8.1-psx,profile=gcc_2_8_1_g8_split label=remaining-profile-pass source=tmp/agents/first-pass-c6/variants/func_80051350_a2.c,nonmatch,"profile-pass nonmatch: bytes=False, relocations=False, size=324/1784; +0x0: 70ffbd27 != e0ffbd27"
0x8004158C,2,gcc-2.8.1-psx,profile=gcc_2_8_1_g8_split label=remaining-profile-pass source=tmp/agents/first-pass-c6/variants/func_8004158C_a1.c,nonmatch,"profile-pass nonmatch: bytes=False, relocations=False, size=160/1792; +0x0: b8ffbd27 != e0ffbd27"
0x8005C7BC,2,gcc-2.8.1-psx,profile=gcc_2_8_1_g0_split label=remaining-profile-pass source=tmp/agents/first-pass-c6/variants/func_8005C7BC_a1.c,nonmatch,"profile-pass nonmatch: bytes=False, relocations=False, size=284/1844; +0x0: b0ffbd27 != e0ffbd27"
0x800235C0,2,gcc-2.8.1-psx,profile=gcc_2_8_1_g8_split label=remaining-profile-pass source=tmp/agents/first-pass-c6/variants/func_800235C0_a1.c,nonmatch,"profile-pass nonmatch: bytes=False, relocations=False, size=1008/1864; +0x0: 5a028397 != e0ffbd27"
0x800507D0,2,gcc-2.8.1-psx,profile=gcc_2_8_1_g8_split label=remaining-profile-pass source=tmp/agents/first-pass-c6/variants/func_800507D0_a1.c,nonmatch,"profile-pass nonmatch: bytes=False, relocations=False, size=756/1876; +0x0: c8ffbd27 != e0ffbd27"
0x8004FE2C,2,gcc-2.8.1-psx,profile=gcc_2_8_1_g8_split label=remaining-profile-pass source=tmp/agents/first-pass-c6/variants/func_8004FE2C_a1.c,nonmatch,"profile-pass nonmatch: bytes=False, relocations=False, size=1188/1880; +0x0: c0ffbd27 != e0ffbd27"
0x800262D4,2,gcc-2.8.1-psx,profile=gcc_2_8_1_g8_split label=remaining-profile-pass source=tmp/agents/first-pass-c6/variants/func_800262D4_a1.c,nonmatch,"profile-pass nonmatch: bytes=False, relocations=False, size=1308/1896; +0x0: d0ffbd27 != e0ffbd27"
0x800218F0,2,gcc-2.8.1-psx,profile=gcc_2_8_1_g8_split label=remaining-profile-pass source=tmp/agents/first-pass-c6/variants/func_800218F0_a1.c,nonmatch,"profile-pass nonmatch: bytes=False, relocations=False, size=1488/1992; +0x0: c0ffbd27 != e0ffbd27"
0x80056D7C,2,gcc-2.8.1-psx,profile=gcc_2_8_1_g0_split label=remaining-profile-pass source=tmp/agents/first-pass-c6/variants/func_80056D7C_a1.c,nonmatch,"profile-pass nonmatch: bytes=False, relocations=False, size=428/1992; +0x0: c8ffbd27 != e0ffbd27"
0x8003DC1C,2,gcc-2.8.1-psx,profile=gcc_2_8_1_g8_split label=remaining-profile-pass source=tmp/agents/first-pass-c6/variants/func_8003DC1C_a1.c,nonmatch,"profile-pass nonmatch: bytes=False, relocations=False, size=1260/2128; +0x0: c8ffbd27 != e0ffbd27"
0x8004DE24,2,gcc-2.8.1-psx,profile=gcc_2_8_1_g8_split label=remaining-profile-pass source=tmp/agents/first-pass-c6/variants/func_8004DE24_a1.c,nonmatch,"profile-pass nonmatch: bytes=False, relocations=False, size=920/2444; +0x0: a8febd27 != e0ffbd27"
0x8006C37C,2,gcc-2.8.1-psx,profile=gcc_2_8_1_g0_split label=remaining-profile-pass source=tmp/agents/first-pass-c6/variants/func_8006C37C_a1.c,nonmatch,"profile-pass nonmatch: bytes=False, relocations=False, size=816/2556; +0x0: 40fcbd27 != e0ffbd27"
0x80051A48,2,gcc-2.8.1-psx,profile=gcc_2_8_1_g8_split label=remaining-profile-pass source=tmp/agents/first-pass-c6/variants/func_80051A48_a1.c,nonmatch,"profile-pass nonmatch: bytes=False, relocations=False, size=472/2784; +0x0: c8ffbd27 != e0ffbd27"
0x800534B8,2,gcc-2.8.1-psx,profile=gcc_2_8_1_g8_split label=remaining-profile-pass source=tmp/agents/first-pass-c6/variants/func_800534B8_a1.c,nonmatch,"profile-pass nonmatch: bytes=False, relocations=False, size=1580/3068; +0x0: a0ffbd27 != e0ffbd27"
0x8005DBA4,3,gcc-2.8.1-psx,profile=gcc_2_8_1_g8_split label=remaining-profile-pass source=tmp/agents/first-pass-c6/variants/func_8005DBA4_a2.c,nonmatch,"profile-pass nonmatch: bytes=False, relocations=False, size=748/3172; +0x0: 90ffbd27 != e0ffbd27"
0x8006AF74,2,gcc-2.8.1-psx,profile=gcc_2_8_1_g0_split label=remaining-profile-pass source=tmp/agents/first-pass-c6/variants/func_8006AF74_a1.c,nonmatch,"profile-pass nonmatch: bytes=False, relocations=False, size=864/3376; +0x0: c8febd27 != e0ffbd27"
0x80035E20,2,gcc-2.8.1-psx,profile=gcc_2_8_1_g0_split label=remaining-profile-pass source=tmp/agents/first-pass-c6/variants/func_80035E20_a1.c,nonmatch,"profile-pass nonmatch: bytes=False, relocations=False, size=384/3500; +0x0: 00ffbd27 != e0ffbd27"
0x8002ACA4,2,gcc-2.8.1-psx,profile=gcc_2_8_1_g0_split label=remaining-profile-pass source=tmp/agents/first-pass-c6/variants/func_8002ACA4_a1.c,nonmatch,"profile-pass nonmatch: bytes=False, relocations=False, size=2012/3580; +0x0: b8ffbd27 != e0ffbd27"
0x8004EB00,2,gcc-2.8.1-psx,profile=gcc_2_8_1_g8_split label=remaining-profile-pass source=tmp/agents/first-pass-c6/variants/func_8004EB00_a1.c,nonmatch,"profile-pass nonmatch: bytes=False, relocations=False, size=2728/4908; +0x0: c0ffbd27 != e0ffbd27"
0x8001F55C,2,gcc-2.8.1-psx,profile=gcc_2_8_1_g8_split label=remaining-profile-pass source=tmp/agents/first-pass-c6/variants/func_8001F55C_a1.c,nonmatch,"profile-pass nonmatch: bytes=False, relocations=False, size=2200/4984; +0x0: 32038397 != e0ffbd27"
0x80019D18,2,gcc-2.8.1-psx,profile=gcc_2_8_1_g8_split label=remaining-profile-pass source=tmp/agents/first-pass-c6/variants/func_80019D18_a1.c,nonmatch,"profile-pass nonmatch: bytes=False, relocations=False, size=1908/5044; +0x0: cd028293 != e0ffbd27"
0x8006F1B4,2,gcc-2.8.1-psx,profile=gcc_2_8_1_g0_split label=remaining-profile-pass source=tmp/agents/first-pass-c6/variants/func_8006F1B4_a1.c,nonmatch,"profile-pass nonmatch: bytes=False, relocations=False, size=1368/5080; +0x0: b8febd27 != e0ffbd27"
0x8001BD88,2,gcc-2.8.1-psx,profile=gcc_2_8_1_g8_split label=remaining-profile-pass source=tmp/agents/first-pass-c6/variants/func_8001BD88_a1.c,nonmatch,"profile-pass nonmatch: bytes=False, relocations=False, size=2472/5304; +0x0: cd028393 != e0ffbd27"
0x8001D670,2,gcc-2.8.1-psx,profile=gcc_2_8_1_g8_split label=remaining-profile-pass source=tmp/agents/first-pass-c6/variants/func_8001D670_a1.c,nonmatch,"profile-pass nonmatch: bytes=False, relocations=False, size=2156/5632; +0x0: c0ffbd27 != e0ffbd27"
0x8006CD78,2,gcc-2.8.1-psx,profile=gcc_2_8_1_g0_split label=remaining-profile-pass source=tmp/agents/first-pass-c6/variants/func_8006CD78_a1.c,nonmatch,"profile-pass nonmatch: bytes=False, relocations=False, size=1992/9276; +0x0: d8febd27 != e0ffbd27"
0x8002F4C0,3,gcc-2.8.1-psx,profile=gcc_2_8_1_g0_no_split label=remaining-profile-pass source=tmp/agents/first-pass-c1/variants/func_8002F4C0_v1.c,nonmatch,"profile-pass nonmatch: bytes=False, relocations=False, size=376/368; +0x0: e0ffbd27 != e8ffbd27"
0x800464F0,3,gcc-2.8.1-psx,profile=gcc_2_8_1_g0_no_split label=remaining-profile-pass source=tmp/agents/first-pass-c1/variants/func_800464F0_v1.c,nonmatch,"profile-pass nonmatch: bytes=False, relocations=False, size=368/380; +0x2: 0a80033c != 0a80023c"
0x8004A0FC,3,gcc-2.8.1-psx,profile=gcc_2_8_1_g0_no_split label=remaining-profile-pass source=tmp/agents/first-pass-c1/variants/func_8004A0FC_v1.c,nonmatch,"profile-pass nonmatch: bytes=False, relocations=False, size=376/384; +0x26: bf046290 != bf046490"
0x8002FB78,3,gcc-2.8.1-psx,profile=gcc_2_8_1_g0_no_split label=remaining-profile-pass source=tmp/agents/first-pass-c1/variants/func_8002FB78_v1.c,nonmatch,"profile-pass nonmatch: bytes=False, relocations=False, size=412/408; +0xE: 01000624 != 01000424"
0x80032184,3,gcc-2.8.1-psx,profile=gcc_2_8_1_g0_no_split label=remaining-profile-pass source=tmp/agents/first-pass-c1/variants/func_80032184_v1.c,nonmatch,"profile-pass nonmatch: bytes=False, relocations=False, size=380/420; +0xC: 2900a710 != 2a00a710"
0x8003353C,3,gcc-2.8.1-psx,profile=gcc_2_8_1_g0_no_split label=remaining-profile-pass source=tmp/agents/first-pass-c1/variants/func_8003353C_v1.c,nonmatch,"profile-pass nonmatch: bytes=False, relocations=False, size=432/436; +0x31: 80280300 != 80200300"
0x8002E128,3,gcc-2.8.1-psx,profile=gcc_2_8_1_g0_no_split label=remaining-profile-pass source=tmp/agents/first-pass-c3/attempt-sources/8002E128/v1.c,nonmatch,"profile-pass nonmatch: bytes=False, relocations=False, size=552/584; +0x18: 02002106 != 05002106"
0x80050584,3,gcc-2.8.1-psx,profile=gcc_2_8_1_g0_no_split label=remaining-profile-pass source=tmp/agents/remaining-decomp/func_80050584_attempt2.c,nonmatch,"profile-pass nonmatch: bytes=False, relocations=False, size=652/588; +0xC: 0f80023c != c0101100"
0x8001BAF0,3,gcc-2.8.1-psx,profile=gcc_2_8_1_g8_no_split label=remaining-profile-pass source=tmp/agents/first-pass-c3/attempt-sources/8001BAF0/v1.c,nonmatch,"profile-pass nonmatch: bytes=False, relocations=False, size=500/600; +0x0: b8ffbd27 != d8ffbd27"
0x8002BAB4,3,gcc-2.8.1-psx,profile=gcc_2_8_1_g0_no_split label=remaining-profile-pass source=tmp/agents/first-pass-c3/attempt-sources/8002BAB4/v1.c,nonmatch,"profile-pass nonmatch: bytes=False, relocations=False, size=516/600; +0x0: 0f80023c != e0ffbd27"
0x80020988,3,gcc-2.8.1-psx,profile=gcc_2_8_1_g8_no_split label=remaining-profile-pass source=tmp/agents/first-pass-c3/attempt-sources/80020988/v1.c,nonmatch,"profile-pass nonmatch: bytes=False, relocations=False, size=652/604; +0xA: 3000bfaf != 3000b4af"
0x80057544,3,gcc-2.8.1-psx,profile=gcc_2_8_1_g0_no_split label=remaining-profile-pass source=tmp/agents/first-pass-c3/attempt-sources/80057544/v1.c,nonmatch,"profile-pass nonmatch: bytes=False, relocations=False, size=268/620; +0x0: d0ffbd27 != e8ffbd27"
0x8004803C,3,gcc-2.8.1-psx,profile=gcc_2_8_1_g0_no_split label=remaining-profile-pass source=tmp/agents/first-pass-c3/attempt-sources/8004803C/v1.c,nonmatch,"profile-pass nonmatch: bytes=False, relocations=False, size=176/628; +0x0: d0ffbd27 != e8ffbd27"
0x80021598,3,gcc-2.8.1-psx,profile=gcc_2_8_1_g8_no_split label=remaining-profile-pass source=tmp/agents/first-pass-c3/attempt-sources/80021598/v1.c,nonmatch,"profile-pass nonmatch: bytes=False, relocations=False, size=228/632; +0x0: d0ffbd27 != 5d028293"
0x80037DA4,3,gcc-2.8.1-psx,profile=gcc_2_8_1_g8_no_split label=remaining-profile-pass source=tmp/agents/first-pass-c3/attempt-sources/80037DA4/v1.c,nonmatch,"profile-pass nonmatch: bytes=False, relocations=False, size=232/640; +0x4: 1000b0af != ffff8424"
0x80027508,3,gcc-2.8.1-psx,profile=gcc_2_8_1_g8_no_split label=remaining-profile-pass source=tmp/agents/first-pass-c3/attempt-sources/80027508/v1.c,nonmatch,"profile-pass nonmatch: bytes=False, relocations=False, size=224/644; +0x4: 1c00bfaf != 1800bfaf"
0x8001F0D0,3,gcc-2.8.1-psx,profile=gcc_2_8_1_g8_no_split label=remaining-profile-pass source=tmp/agents/first-pass-c3/attempt-sources/8001F0D0/v1.c,nonmatch,"profile-pass nonmatch: bytes=False, relocations=False, size=164/660; +0x6: 1000bfaf != 1000b0af"
0x80045C98,3,gcc-2.8.1-psx,profile=gcc_2_8_1_g0_no_split label=remaining-profile-pass source=tmp/agents/first-pass-c3/attempt-sources/80045C98/v1.c,nonmatch,"profile-pass nonmatch: bytes=False, relocations=False, size=188/676; +0x0: e8ffbd27 != e0ffbd27"
0x8001898C,3,gcc-2.8.1-psx,profile=gcc_2_8_1_g8_no_split label=remaining-profile-pass source=tmp/agents/first-pass-c3/attempt-sources/8001898C/v1.c,nonmatch,"profile-pass nonmatch: bytes=False, relocations=False, size=216/680; +0x2: 32038397 != 32038293"
0x80056250,3,gcc-2.8.1-psx,profile=gcc_2_8_1_g0_no_split label=remaining-profile-pass source=tmp/agents/first-pass-c3/attempt-sources/80056250/v1.c,nonmatch,"profile-pass nonmatch: bytes=False, relocations=False, size=168/692; +0x0: d8ffbd27 != e0ffbd27"
0x8005BB7C,5,gcc-2.8.1-psx,profile=gcc_2_8_1_g8_no_split label=remaining-profile-pass source=tmp/agents/first-pass-c3/attempt-sources/8005BB7C/v3.c,nonmatch,"profile-pass nonmatch: bytes=False, relocations=False, size=300/704; +0x0: 10fcbd27 != e0ffbd27"
0x80031084,3,gcc-2.8.1-psx,profile=gcc_2_8_1_g8_no_split label=remaining-profile-pass source=tmp/agents/first-pass-c3/attempt-sources/80031084/v1.c,nonmatch,"profile-pass nonmatch: bytes=False, relocations=False, size=220/712; +0x0: d8ffbd27 != e3038293"
0x8005B8A0,4,gcc-2.8.1-psx,profile=gcc_2_8_1_g8_no_split label=remaining-profile-pass source=tmp/agents/first-pass-c3/attempt-sources/8005B8A0/v2.c,nonmatch,"profile-pass nonmatch: bytes=False, relocations=False, size=292/732; +0x0: c8ffbd27 != e0ffbd27"
0x80027228,3,gcc-2.8.1-psx,profile=gcc_2_8_1_g0_no_split label=remaining-profile-pass source=tmp/agents/first-pass-c3/attempt-sources/80027228/v1.c,nonmatch,"profile-pass nonmatch: bytes=False, relocations=False, size=144/736; +0x0: a8ffbd27 != e0ffbd27"
0x8005106C,3,gcc-2.8.1-psx,profile=gcc_2_8_1_g0_no_split label=remaining-profile-pass source=tmp/agents/first-pass-c3/attempt-sources/8005106C/v1.c,nonmatch,"profile-pass nonmatch: bytes=False, relocations=False, size=204/740; +0x0: 70ffbd27 != d8ffbd27"
0x800556E8,3,gcc-2.8.1-psx,profile=gcc_2_8_1_g0_no_split label=remaining-profile-pass source=tmp/agents/first-pass-c3/attempt-sources/800556E8/v1.c,nonmatch,"profile-pass nonmatch: bytes=False, relocations=False, size=240/748; +0x0: d8ffbd27 != d0ffbd27"
0x8004C114,3,gcc-2.8.1-psx,profile=gcc_2_8_1_g0_no_split label=remaining-profile-pass source=tmp/agents/first-pass-c3/attempt-sources/8004C114/v1.c,nonmatch,"profile-pass nonmatch: bytes=False, relocations=False, size=224/780; +0x0: e8ffbd27 != d0ffbd27"
0x800222F4,3,gcc-2.8.1-psx,profile=gcc_2_8_1_g8_no_split label=remaining-profile-pass source=tmp/agents/first-pass-c3/attempt-sources/800222F4/v1.c,nonmatch,"profile-pass nonmatch: bytes=False, relocations=False, size=272/804; +0x0: 0a80023c != e0ffbd27"
0x80056504,3,gcc-2.8.1-psx,profile=gcc_2_8_1_g0_no_split label=remaining-profile-pass source=tmp/agents/first-pass-c3/attempt-sources/80056504/v1.c,nonmatch,"profile-pass nonmatch: bytes=False, relocations=False, size=224/804; +0x0: b8ffbd27 != e0ffbd27"
0x80057AF4,4,gcc-2.8.1-psx,profile=gcc_2_8_1_g0_no_split label=remaining-profile-pass source=tmp/agents/first-pass-c3/attempt-sources/80057AF4/v2.c,nonmatch,"profile-pass nonmatch: bytes=False, relocations=False, size=680/812; +0x0: d0ffbd27 != c0ffbd27"
0x8005FE44,3,gcc-2.8.1-psx,profile=gcc_2_8_1_g0_no_split label=remaining-profile-pass source=tmp/agents/first-pass-c4/sources/func_8005FE44_attempt1.c,nonmatch,"profile-pass nonmatch: bytes=False, relocations=False, size=832/812; +0x2: 0f80023c != 0f80033c"
0x80072A48,3,gcc-2.8.1-psx,profile=gcc_2_8_1_g0_no_split label=remaining-profile-pass source=tmp/agents/first-pass-c4/sources/func_80072A48_attempt1.c,nonmatch,"profile-pass nonmatch: bytes=False, relocations=False, size=932/888; +0x4: 1000b0af != 3000bfaf"
0x80032C48,2,gcc-2.8.1-psx,profile=gcc_2_8_1_g8_no_split label=remaining-profile-pass source=tmp/agents/first-pass-c5/variants/func_80032C48_attempt1.c,nonmatch,"profile-pass nonmatch: bytes=False, relocations=False, size=300/1140; +0x0: d8ffbd27 != d0ffbd27"
0x8005EBF4,2,gcc-2.8.1-psx,profile=gcc_2_8_1_g8_no_split label=remaining-profile-pass source=tmp/agents/first-pass-c5/variants/func_8005EBF4_attempt1.c,nonmatch,"profile-pass nonmatch: bytes=False, relocations=False, size=344/1148; +0x0: 88ffbd27 != 0f80023c"
0x800528AC,2,gcc-2.8.1-psx,profile=gcc_2_8_1_g8_no_split label=remaining-profile-pass source=tmp/agents/first-pass-c5/variants/func_800528AC_attempt1.c,nonmatch,"profile-pass nonmatch: bytes=False, relocations=False, size=344/1152; +0x0: a8ffbd27 != 0f80023c"
0x8005CEF0,2,gcc-2.8.1-psx,profile=gcc_2_8_1_g0_no_split label=remaining-profile-pass source=tmp/agents/first-pass-c5/variants/func_8005CEF0_attempt1.c,nonmatch,"profile-pass nonmatch: bytes=False, relocations=False, size=396/1160; +0x0: e0ffbd27 != 0f80023c"
0x80056828,2,gcc-2.8.1-psx,profile=gcc_2_8_1_g8_no_split label=remaining-profile-pass source=tmp/agents/first-pass-c5/variants/func_80056828_attempt1.c,nonmatch,"profile-pass nonmatch: bytes=False, relocations=False, size=300/1364; +0x0: c8ffbd27 != d0ffbd27"
0x80042C08,3,gcc-2.8.1-psx,profile=gcc_2_8_1_g0_no_split label=remaining-profile-pass source=tmp/agents/first-pass-c5/variants/func_80042C08_attempt1.c,nonmatch,"profile-pass nonmatch: bytes=False, relocations=False, size=344/1392; +0x0: a8ffbd27 != b0ffbd27"
0x8004ADE8,2,gcc-2.8.1-psx,profile=gcc_2_8_1_g0_no_split label=remaining-profile-pass source=tmp/agents/first-pass-c5/variants/func_8004ADE8_attempt1.c,nonmatch,"profile-pass nonmatch: bytes=False, relocations=False, size=300/1420; +0x0: a8ffbd27 != d0ffbd27"
0x80028B08,3,gcc-2.8.1-psx,profile=gcc_2_8_1_g0_no_split label=remaining-profile-pass source=tmp/agents/first-pass-c5/variants/func_80028B08_attempt1.c,nonmatch,"profile-pass nonmatch: bytes=False, relocations=False, size=344/1536; +0x4: 3400b3af != 2c00b1af"
0x80015EF4,3,gcc-2.8.1-psx,profile=gcc_2_8_1_g0_no_split label=remaining-profile-pass source=tmp/agents/first-pass-c5/variants/func_80015EF4_attempt1.c,nonmatch,"profile-pass nonmatch: bytes=False, relocations=False, size=344/1544; +0x0: b8ffbd27 != b0ffbd27"
0x8005D378,2,gcc-2.8.1-psx,profile=gcc_2_8_1_g0_no_split label=remaining-profile-pass source=tmp/agents/first-pass-c5/variants/func_8005D378_attempt1.c,nonmatch,"profile-pass nonmatch: bytes=False, relocations=False, size=396/1564; +0x0: c0ffbd27 != 0f80023c"
0x8004CB0C,3,gcc-2.8.1-psx,profile=gcc_2_8_1_g0_no_split label=remaining-profile-pass source=tmp/agents/first-pass-c5/variants/func_8004CB0C_attempt1.c,nonmatch,"profile-pass nonmatch: bytes=False, relocations=False, size=344/1576; +0x4: 4000b6af != 2c00b1af"
0x80042188,3,gcc-2.8.1-psx,profile=gcc_2_8_1_g0_no_split label=remaining-profile-pass source=tmp/agents/first-pass-c5/variants/func_80042188_attempt1.c,nonmatch,"profile-pass nonmatch: bytes=False, relocations=False, size=344/1620; +0x0: a8ffbd27 != b0ffbd27"
0x80051350,4,gcc-2.8.1-psx,profile=gcc_2_8_1_g8_no_split label=remaining-profile-pass source=tmp/agents/first-pass-c6/variants/func_80051350_a2.c,nonmatch,"profile-pass nonmatch: bytes=False, relocations=False, size=332/1784; +0x0: 70ffbd27 != e0ffbd27"
0x8004158C,3,gcc-2.8.1-psx,profile=gcc_2_8_1_g8_no_split label=remaining-profile-pass source=tmp/agents/first-pass-c6/variants/func_8004158C_a1.c,nonmatch,"profile-pass nonmatch: bytes=False, relocations=False, size=172/1792; +0x0: b8ffbd27 != e0ffbd27"
0x8005C7BC,3,gcc-2.8.1-psx,profile=gcc_2_8_1_g0_no_split label=remaining-profile-pass source=tmp/agents/first-pass-c6/variants/func_8005C7BC_a1.c,nonmatch,"profile-pass nonmatch: bytes=False, relocations=False, size=296/1844; +0x0: b0ffbd27 != e0ffbd27"
0x800235C0,3,gcc-2.8.1-psx,profile=gcc_2_8_1_g8_no_split label=remaining-profile-pass source=tmp/agents/first-pass-c6/variants/func_800235C0_a1.c,nonmatch,"profile-pass nonmatch: bytes=False, relocations=False, size=1028/1864; +0x0: 5a028397 != e0ffbd27"
0x800559D4,2,gcc-2.8.1-psx,profile=gcc_2_8_1_g8_no_split label=remaining-profile-pass source=tmp/agents/first-pass-c6/variants/func_800559D4_a1.c,nonmatch,"profile-pass nonmatch: bytes=False, relocations=False, size=984/1864; +0x0: d0ffbd27 != e0ffbd27"
0x800507D0,3,gcc-2.8.1-psx,profile=gcc_2_8_1_g8_no_split label=remaining-profile-pass source=tmp/agents/first-pass-c6/variants/func_800507D0_a1.c,nonmatch,"profile-pass nonmatch: bytes=False, relocations=False, size=776/1876; +0x0: c8ffbd27 != e0ffbd27"
0x8004FE2C,3,gcc-2.8.1-psx,profile=gcc_2_8_1_g8_no_split label=remaining-profile-pass source=tmp/agents/first-pass-c6/variants/func_8004FE2C_a1.c,nonmatch,"profile-pass nonmatch: bytes=False, relocations=False, size=1232/1880; +0x0: c0ffbd27 != e0ffbd27"
0x800262D4,3,gcc-2.8.1-psx,profile=gcc_2_8_1_g8_no_split label=remaining-profile-pass source=tmp/agents/first-pass-c6/variants/func_800262D4_a1.c,nonmatch,"profile-pass nonmatch: bytes=False, relocations=False, size=1356/1896; +0x0: d0ffbd27 != e0ffbd27"
0x800218F0,3,gcc-2.8.1-psx,profile=gcc_2_8_1_g8_no_split label=remaining-profile-pass source=tmp/agents/first-pass-c6/variants/func_800218F0_a1.c,nonmatch,"profile-pass nonmatch: bytes=False, relocations=False, size=1556/1992; +0x0: c0ffbd27 != e0ffbd27"
0x80056D7C,3,gcc-2.8.1-psx,profile=gcc_2_8_1_g0_no_split label=remaining-profile-pass source=tmp/agents/first-pass-c6/variants/func_80056D7C_a1.c,nonmatch,"profile-pass nonmatch: bytes=False, relocations=False, size=480/1992; +0x0: c8ffbd27 != e0ffbd27"
0x8003DC1C,3,gcc-2.8.1-psx,profile=gcc_2_8_1_g8_no_split label=remaining-profile-pass source=tmp/agents/first-pass-c6/variants/func_8003DC1C_a1.c,nonmatch,"profile-pass nonmatch: bytes=False, relocations=False, size=1340/2128; +0x0: c8ffbd27 != e0ffbd27"
0x8004DE24,3,gcc-2.8.1-psx,profile=gcc_2_8_1_g8_no_split label=remaining-profile-pass source=tmp/agents/first-pass-c6/variants/func_8004DE24_a1.c,nonmatch,"profile-pass nonmatch: bytes=False, relocations=False, size=944/2444; +0x0: a8febd27 != e0ffbd27"
0x8006C37C,3,gcc-2.8.1-psx,profile=gcc_2_8_1_g0_no_split label=remaining-profile-pass source=tmp/agents/first-pass-c6/variants/func_8006C37C_a1.c,nonmatch,"profile-pass nonmatch: bytes=False, relocations=False, size=824/2556; +0x0: 40fcbd27 != e0ffbd27"
0x80051A48,3,gcc-2.8.1-psx,profile=gcc_2_8_1_g8_no_split label=remaining-profile-pass source=tmp/agents/first-pass-c6/variants/func_80051A48_a1.c,nonmatch,"profile-pass nonmatch: bytes=False, relocations=False, size=492/2784; +0x0: c8ffbd27 != e0ffbd27"
0x800534B8,3,gcc-2.8.1-psx,profile=gcc_2_8_1_g8_no_split label=remaining-profile-pass source=tmp/agents/first-pass-c6/variants/func_800534B8_a1.c,nonmatch,"profile-pass nonmatch: bytes=False, relocations=False, size=1660/3068; +0x0: a0ffbd27 != e0ffbd27"
0x8005DBA4,4,gcc-2.8.1-psx,profile=gcc_2_8_1_g8_no_split label=remaining-profile-pass source=tmp/agents/first-pass-c6/variants/func_8005DBA4_a2.c,nonmatch,"profile-pass nonmatch: bytes=False, relocations=False, size=756/3172; +0x0: 90ffbd27 != e0ffbd27"
0x8006AF74,3,gcc-2.8.1-psx,profile=gcc_2_8_1_g0_no_split label=remaining-profile-pass source=tmp/agents/first-pass-c6/variants/func_8006AF74_a1.c,nonmatch,"profile-pass nonmatch: bytes=False, relocations=False, size=876/3376; +0x0: c8febd27 != e0ffbd27"
0x80035E20,3,gcc-2.8.1-psx,profile=gcc_2_8_1_g0_no_split label=remaining-profile-pass source=tmp/agents/first-pass-c6/variants/func_80035E20_a1.c,nonmatch,"profile-pass nonmatch: bytes=False, relocations=False, size=400/3500; +0x0: 00ffbd27 != e0ffbd27"
0x8002ACA4,3,gcc-2.8.1-psx,profile=gcc_2_8_1_g0_no_split label=remaining-profile-pass source=tmp/agents/first-pass-c6/variants/func_8002ACA4_a1.c,nonmatch,"profile-pass nonmatch: bytes=False, relocations=False, size=2080/3580; +0x0: b8ffbd27 != e0ffbd27"
0x8004EB00,3,gcc-2.8.1-psx,profile=gcc_2_8_1_g8_no_split label=remaining-profile-pass source=tmp/agents/first-pass-c6/variants/func_8004EB00_a1.c,nonmatch,"profile-pass nonmatch: bytes=False, relocations=False, size=2772/4908; +0x0: c0ffbd27 != e0ffbd27"
0x8001F55C,3,gcc-2.8.1-psx,profile=gcc_2_8_1_g8_no_split label=remaining-profile-pass source=tmp/agents/first-pass-c6/variants/func_8001F55C_a1.c,nonmatch,"profile-pass nonmatch: bytes=False, relocations=False, size=2276/4984; +0x0: 32038397 != e0ffbd27"
0x80019D18,3,gcc-2.8.1-psx,profile=gcc_2_8_1_g8_no_split label=remaining-profile-pass source=tmp/agents/first-pass-c6/variants/func_80019D18_a1.c,nonmatch,"profile-pass nonmatch: bytes=False, relocations=False, size=1948/5044; +0x0: cd028293 != e0ffbd27"
0x8006F1B4,3,gcc-2.8.1-psx,profile=gcc_2_8_1_g0_no_split label=remaining-profile-pass source=tmp/agents/first-pass-c6/variants/func_8006F1B4_a1.c,nonmatch,"profile-pass nonmatch: bytes=False, relocations=False, size=1372/5080; +0x0: b8febd27 != e0ffbd27"
0x8001BD88,3,gcc-2.8.1-psx,profile=gcc_2_8_1_g8_no_split label=remaining-profile-pass source=tmp/agents/first-pass-c6/variants/func_8001BD88_a1.c,nonmatch,"profile-pass nonmatch: bytes=False, relocations=False, size=2564/5304; +0x0: cd028393 != e0ffbd27"
0x8001D670,3,gcc-2.8.1-psx,profile=gcc_2_8_1_g8_no_split label=remaining-profile-pass source=tmp/agents/first-pass-c6/variants/func_8001D670_a1.c,nonmatch,"profile-pass nonmatch: bytes=False, relocations=False, size=2240/5632; +0x0: c0ffbd27 != e0ffbd27"
0x800540B4,2,gcc-2.8.1-psx,profile=gcc_2_8_1_g8_no_split label=remaining-profile-pass source=tmp/agents/first-pass-c6/variants/func_800540B4_a1.c,nonmatch,"profile-pass nonmatch: bytes=False, relocations=False, size=1492/5684; +0x0: 38f7bd27 != e0ffbd27"
0x8006CD78,3,gcc-2.8.1-psx,profile=gcc_2_8_1_g0_no_split label=remaining-profile-pass source=tmp/agents/first-pass-c6/variants/func_8006CD78_a1.c,nonmatch,"profile-pass nonmatch: bytes=False, relocations=False, size=2004/9276; +0x0: d8febd27 != e0ffbd27"
0x80032C48,3,gcc-2.8.1-psx,profile=gcc_2_8_1_g8 label=remaining-profile-pass source=tmp/agents/first-pass-c5/variants/func_80032C48_attempt1.c,nonmatch,"profile-pass nonmatch: bytes=False, relocations=False, size=300/1140; +0x0: d8ffbd27 != d0ffbd27"
0x8005EBF4,3,gcc-2.8.1-psx,profile=gcc_2_8_1_g8 label=remaining-profile-pass source=tmp/agents/first-pass-c5/variants/func_8005EBF4_attempt1.c,nonmatch,"profile-pass nonmatch: bytes=False, relocations=False, size=344/1148; +0x0: 88ffbd27 != 0f80023c"
0x800528AC,3,gcc-2.8.1-psx,profile=gcc_2_8_1_g8 label=remaining-profile-pass source=tmp/agents/first-pass-c5/variants/func_800528AC_attempt1.c,nonmatch,"profile-pass nonmatch: bytes=False, relocations=False, size=344/1152; +0x0: a8ffbd27 != 0f80023c"
0x8005CEF0,3,gcc-2.8.1-psx,profile=gcc_2_8_1_g0 label=remaining-profile-pass source=tmp/agents/first-pass-c5/variants/func_8005CEF0_attempt1.c,nonmatch,"profile-pass nonmatch: bytes=False, relocations=False, size=396/1160; +0x0: e0ffbd27 != 0f80023c"
0x80056828,3,gcc-2.8.1-psx,profile=gcc_2_8_1_g8 label=remaining-profile-pass source=tmp/agents/first-pass-c5/variants/func_80056828_attempt1.c,nonmatch,"profile-pass nonmatch: bytes=False, relocations=False, size=300/1364; +0x0: c8ffbd27 != d0ffbd27"
0x8004ADE8,3,gcc-2.8.1-psx,profile=gcc_2_8_1_g0 label=remaining-profile-pass source=tmp/agents/first-pass-c5/variants/func_8004ADE8_attempt1.c,nonmatch,"profile-pass nonmatch: bytes=False, relocations=False, size=300/1420; +0x0: a8ffbd27 != d0ffbd27"
0x8005D378,3,gcc-2.8.1-psx,profile=gcc_2_8_1_g0 label=remaining-profile-pass source=tmp/agents/first-pass-c5/variants/func_8005D378_attempt1.c,nonmatch,"profile-pass nonmatch: bytes=False, relocations=False, size=396/1564; +0x0: c0ffbd27 != 0f80023c"
0x800559D4,3,gcc-2.8.1-psx,profile=gcc_2_8_1_g8 label=remaining-profile-pass source=tmp/agents/first-pass-c6/variants/func_800559D4_a1.c,nonmatch,"profile-pass nonmatch: bytes=False, relocations=False, size=984/1864; +0x0: d0ffbd27 != e0ffbd27"
0x800540B4,3,gcc-2.8.1-psx,profile=gcc_2_8_1_g8 label=remaining-profile-pass source=tmp/agents/first-pass-c6/variants/func_800540B4_a1.c,nonmatch,"profile-pass nonmatch: bytes=False, relocations=False, size=1492/5684; +0x0: 38f7bd27 != e0ffbd27"
0x80020BE4,5,gcc-2.7.2-mips,profile=gcc_2_7_2_g0 label=remaining-profile-pass source=tmp/agents/remaining-decomp/func_80020BE4_attempt3.c,nonmatch,"profile-pass nonmatch: bytes=False, relocations=False, size=364/360; +0x30: 4e830008 != 4f830008"
0x8002F4C0,4,gcc-2.7.2-mips,profile=gcc_2_7_2_g0 label=remaining-profile-pass source=tmp/agents/first-pass-c1/variants/func_8002F4C0_v1.c,nonmatch,"profile-pass nonmatch: bytes=False, relocations=False, size=380/368; +0x0: e0ffbd27 != e8ffbd27"
0x800464F0,4,gcc-2.7.2-mips,profile=gcc_2_7_2_g0 label=remaining-profile-pass source=tmp/agents/first-pass-c1/variants/func_800464F0_v1.c,nonmatch,"profile-pass nonmatch: bytes=False, relocations=False, size=368/380; +0x2: 0a80033c != 0a80023c"
0x8004A0FC,4,gcc-2.7.2-mips,profile=gcc_2_7_2_g0 label=remaining-profile-pass source=tmp/agents/first-pass-c1/variants/func_8004A0FC_v1.c,nonmatch,"profile-pass nonmatch: bytes=False, relocations=False, size=376/384; +0x26: bf046290 != bf046490"
0x8002FB78,4,gcc-2.7.2-mips,profile=gcc_2_7_2_g0 label=remaining-profile-pass source=tmp/agents/first-pass-c1/variants/func_8002FB78_v1.c,nonmatch,"profile-pass nonmatch: bytes=False, relocations=False, size=416/408; +0xE: 01000624 != 01000224"
0x80032184,4,gcc-2.7.2-mips,profile=gcc_2_7_2_g0 label=remaining-profile-pass source=tmp/agents/first-pass-c1/variants/func_80032184_v1.c,nonmatch,"profile-pass nonmatch: bytes=False, relocations=False, size=396/420; +0xA: 01000724 != 01000224"
0x8003353C,4,gcc-2.7.2-mips,profile=gcc_2_7_2_g0 label=remaining-profile-pass source=tmp/agents/first-pass-c1/variants/func_8003353C_v1.c,nonmatch,"profile-pass nonmatch: bytes=False, relocations=False, size=432/436; +0x4: 2000b2af != 1800b0af"
0x8002E128,4,gcc-2.7.2-mips,profile=gcc_2_7_2_g0 label=remaining-profile-pass source=tmp/agents/first-pass-c3/attempt-sources/8002E128/v1.c,nonmatch,"profile-pass nonmatch: bytes=False, relocations=False, size=552/584; +0x18: 02002106 != 05002106"
0x80050584,4,gcc-2.7.2-mips,profile=gcc_2_7_2_g0 label=remaining-profile-pass source=tmp/agents/remaining-decomp/func_80050584_attempt2.c,nonmatch,"profile-pass nonmatch: bytes=False, relocations=False, size=652/588; +0xC: 0f80023c != c0101100"
0x8001BAF0,4,gcc-2.7.2-mips,profile=gcc_2_7_2_g8 label=remaining-profile-pass source=tmp/agents/first-pass-c3/attempt-sources/8001BAF0/v1.c,nonmatch,"profile-pass nonmatch: bytes=False, relocations=False, size=516/600; +0x0: b8ffbd27 != d8ffbd27"
0x8002BAB4,4,gcc-2.7.2-mips,profile=gcc_2_7_2_g0 label=remaining-profile-pass source=tmp/agents/first-pass-c3/attempt-sources/8002BAB4/v1.c,nonmatch,"profile-pass nonmatch: bytes=False, relocations=False, size=524/600; +0x0: 0f80023c != e0ffbd27"
0x80020988,4,gcc-2.7.2-mips,profile=gcc_2_7_2_g8 label=remaining-profile-pass source=tmp/agents/first-pass-c3/attempt-sources/80020988/v1.c,nonmatch,"profile-pass nonmatch: bytes=False, relocations=False, size=652/604; +0xA: 3000bfaf != 3000b4af"
0x80057544,4,gcc-2.7.2-mips,profile=gcc_2_7_2_g0 label=remaining-profile-pass source=tmp/agents/first-pass-c3/attempt-sources/80057544/v1.c,nonmatch,"profile-pass nonmatch: bytes=False, relocations=False, size=272/620; +0x0: d0ffbd27 != e0ffbd27"
0x8004803C,4,gcc-2.7.2-mips,profile=gcc_2_7_2_g0 label=remaining-profile-pass source=tmp/agents/first-pass-c3/attempt-sources/8004803C/v1.c,nonmatch,"profile-pass nonmatch: bytes=False, relocations=False, size=176/628; +0x0: d0ffbd27 != e0ffbd27"
0x80021598,4,gcc-2.7.2-mips,profile=gcc_2_7_2_g8 label=remaining-profile-pass source=tmp/agents/first-pass-c3/attempt-sources/80021598/v1.c,nonmatch,"profile-pass nonmatch: bytes=False, relocations=False, size=228/632; +0x0: d0ffbd27 != 5d028293"
0x80037DA4,4,gcc-2.7.2-mips,profile=gcc_2_7_2_g8 label=remaining-profile-pass source=tmp/agents/first-pass-c3/attempt-sources/80037DA4/v1.c,nonmatch,"profile-pass nonmatch: bytes=False, relocations=False, size=232/640; +0xA: 21808000 != 21800000"
0x80027508,4,gcc-2.7.2-mips,profile=gcc_2_7_2_g8 label=remaining-profile-pass source=tmp/agents/first-pass-c3/attempt-sources/80027508/v1.c,nonmatch,"profile-pass nonmatch: bytes=False, relocations=False, size=224/644; +0x4: 1c00bfaf != 1800bfaf"
0x8001F0D0,4,gcc-2.7.2-mips,profile=gcc_2_7_2_g8 label=remaining-profile-pass source=tmp/agents/first-pass-c3/attempt-sources/8001F0D0/v1.c,nonmatch,"profile-pass nonmatch: bytes=False, relocations=False, size=172/660; +0x6: 1000bfaf != 1000b0af"
0x80045C98,4,gcc-2.7.2-mips,profile=gcc_2_7_2_g0 label=remaining-profile-pass source=tmp/agents/first-pass-c3/attempt-sources/80045C98/v1.c,nonmatch,"profile-pass nonmatch: bytes=False, relocations=False, size=188/676; +0x0: e8ffbd27 != d8ffbd27"
0x8001898C,4,gcc-2.7.2-mips,profile=gcc_2_7_2_g8 label=remaining-profile-pass source=tmp/agents/first-pass-c3/attempt-sources/8001898C/v1.c,nonmatch,"profile-pass nonmatch: bytes=False, relocations=False, size=212/680; +0x2: 32038397 != 32038293"
0x80056250,4,gcc-2.7.2-mips,profile=gcc_2_7_2_g0 label=remaining-profile-pass source=tmp/agents/first-pass-c3/attempt-sources/80056250/v1.c,nonmatch,"profile-pass nonmatch: bytes=False, relocations=False, size=168/692; +0x0: d8ffbd27 != e0ffbd27"
0x8005BB7C,6,gcc-2.7.2-mips,profile=gcc_2_7_2_g8 label=remaining-profile-pass source=tmp/agents/first-pass-c3/attempt-sources/8005BB7C/v3.c,deferred,"profile-pass nonmatch: bytes=False, relocations=False, size=300/704; +0x0: 10fcbd27 != d8ffbd27"
0x80031084,4,gcc-2.7.2-mips,profile=gcc_2_7_2_g8 label=remaining-profile-pass source=tmp/agents/first-pass-c3/attempt-sources/80031084/v1.c,nonmatch,"profile-pass nonmatch: bytes=False, relocations=False, size=216/712; +0x0: d8ffbd27 != e3038293"
0x8005B8A0,5,gcc-2.7.2-mips,profile=gcc_2_7_2_g8 label=remaining-profile-pass source=tmp/agents/first-pass-c3/attempt-sources/8005B8A0/v2.c,nonmatch,"profile-pass nonmatch: bytes=False, relocations=False, size=292/732; +0x0: c8ffbd27 != d8ffbd27"
0x80027228,4,gcc-2.7.2-mips,profile=gcc_2_7_2_g0 label=remaining-profile-pass source=tmp/agents/first-pass-c3/attempt-sources/80027228/v1.c,nonmatch,"profile-pass nonmatch: bytes=False, relocations=False, size=144/736; +0x0: a8ffbd27 != e0ffbd27"
0x8005106C,4,gcc-2.7.2-mips,profile=gcc_2_7_2_g0 label=remaining-profile-pass source=tmp/agents/first-pass-c3/attempt-sources/8005106C/v1.c,nonmatch,"profile-pass nonmatch: bytes=False, relocations=False, size=204/740; +0x0: 70ffbd27 != d0ffbd27"
0x800556E8,4,gcc-2.7.2-mips,profile=gcc_2_7_2_g0 label=remaining-profile-pass source=tmp/agents/first-pass-c3/attempt-sources/800556E8/v1.c,nonmatch,"profile-pass nonmatch: bytes=False, relocations=False, size=240/748; +0x0: d8ffbd27 != c8ffbd27"
0x8004C114,4,gcc-2.7.2-mips,profile=gcc_2_7_2_g0 label=remaining-profile-pass source=tmp/agents/first-pass-c3/attempt-sources/8004C114/v1.c,nonmatch,"profile-pass nonmatch: bytes=False, relocations=False, size=228/780; +0x0: e8ffbd27 != c8ffbd27"
0x800222F4,4,gcc-2.7.2-mips,profile=gcc_2_7_2_g8 label=remaining-profile-pass source=tmp/agents/first-pass-c3/attempt-sources/800222F4/v1.c,nonmatch,"profile-pass nonmatch: bytes=False, relocations=False, size=268/804; +0x0: 0a80023c != d8ffbd27"
0x80056504,4,gcc-2.7.2-mips,profile=gcc_2_7_2_g0 label=remaining-profile-pass source=tmp/agents/first-pass-c3/attempt-sources/80056504/v1.c,nonmatch,"profile-pass nonmatch: bytes=False, relocations=False, size=224/804; +0x0: b8ffbd27 != e0ffbd27"
0x80057AF4,5,gcc-2.7.2-mips,profile=gcc_2_7_2_g0 label=remaining-profile-pass source=tmp/agents/first-pass-c3/attempt-sources/80057AF4/v2.c,nonmatch,"profile-pass nonmatch: bytes=False, relocations=False, size=680/812; +0x0: d0ffbd27 != a8ffbd27"
0x8005FE44,4,gcc-2.7.2-mips,profile=gcc_2_7_2_g0 label=remaining-profile-pass source=tmp/agents/first-pass-c4/sources/func_8005FE44_attempt1.c,nonmatch,"profile-pass nonmatch: bytes=False, relocations=False, size=732/812; +0x2: 0f80023c != 0f80033c"
0x80072A48,4,gcc-2.7.2-mips,profile=gcc_2_7_2_g0 label=remaining-profile-pass source=tmp/agents/first-pass-c4/sources/func_80072A48_attempt1.c,nonmatch,"profile-pass nonmatch: bytes=False, relocations=False, size=936/888; +0x0: c8ffbd27 != a0ffbd27"
0x80032C48,4,gcc-2.7.2-mips,profile=gcc_2_7_2_g8 label=remaining-profile-pass source=tmp/agents/first-pass-c5/variants/func_80032C48_attempt1.c,nonmatch,"profile-pass nonmatch: bytes=False, relocations=False, size=312/1140; +0x0: d8ffbd27 != b0ffbd27"
0x8005EBF4,4,gcc-2.7.2-mips,profile=gcc_2_7_2_g8 label=remaining-profile-pass source=tmp/agents/first-pass-c5/variants/func_8005EBF4_attempt1.c,nonmatch,"profile-pass nonmatch: bytes=False, relocations=False, size=352/1148; +0x0: 88ffbd27 != 0f800a3c"
0x800528AC,4,gcc-2.7.2-mips,profile=gcc_2_7_2_g8 label=remaining-profile-pass source=tmp/agents/first-pass-c5/variants/func_800528AC_attempt1.c,nonmatch,"profile-pass nonmatch: bytes=False, relocations=False, size=352/1152; +0x0: a8ffbd27 != 0f800a3c"
0x8005CEF0,4,gcc-2.7.2-mips,profile=gcc_2_7_2_g0 label=remaining-profile-pass source=tmp/agents/first-pass-c5/variants/func_8005CEF0_attempt1.c,nonmatch,"profile-pass nonmatch: bytes=False, relocations=False, size=404/1160; +0x0: e0ffbd27 != 0f800a3c"
0x80056828,4,gcc-2.7.2-mips,profile=gcc_2_7_2_g8 label=remaining-profile-pass source=tmp/agents/first-pass-c5/variants/func_80056828_attempt1.c,nonmatch,"profile-pass nonmatch: bytes=False, relocations=False, size=312/1364; +0x0: c8ffbd27 != b0ffbd27"
0x80042C08,4,gcc-2.7.2-mips,profile=gcc_2_7_2_g0 label=remaining-profile-pass source=tmp/agents/first-pass-c5/variants/func_80042C08_attempt1.c,nonmatch,"profile-pass nonmatch: bytes=False, relocations=False, size=348/1392; +0x0: a8ffbd27 != a0ffbd27"
0x8004ADE8,4,gcc-2.7.2-mips,profile=gcc_2_7_2_g0 label=remaining-profile-pass source=tmp/agents/first-pass-c5/variants/func_8004ADE8_attempt1.c,nonmatch,"profile-pass nonmatch: bytes=False, relocations=False, size=312/1420; +0x0: a8ffbd27 != b0ffbd27"
0x80028B08,4,gcc-2.7.2-mips,profile=gcc_2_7_2_g0 label=remaining-profile-pass source=tmp/agents/first-pass-c5/variants/func_80028B08_attempt1.c,nonmatch,"profile-pass nonmatch: bytes=False, relocations=False, size=348/1536; +0x0: b0ffbd27 != a0ffbd27"
0x80015EF4,4,gcc-2.7.2-mips,profile=gcc_2_7_2_g0 label=remaining-profile-pass source=tmp/agents/first-pass-c5/variants/func_80015EF4_attempt1.c,nonmatch,"profile-pass nonmatch: bytes=False, relocations=False, size=348/1544; +0x0: b8ffbd27 != a0ffbd27"
0x8005D378,4,gcc-2.7.2-mips,profile=gcc_2_7_2_g0 label=remaining-profile-pass source=tmp/agents/first-pass-c5/variants/func_8005D378_attempt1.c,nonmatch,"profile-pass nonmatch: bytes=False, relocations=False, size=404/1564; +0x0: c0ffbd27 != 0f800a3c"
0x8004CB0C,4,gcc-2.7.2-mips,profile=gcc_2_7_2_g0 label=remaining-profile-pass source=tmp/agents/first-pass-c5/variants/func_8004CB0C_attempt1.c,nonmatch,"profile-pass nonmatch: bytes=False, relocations=False, size=348/1576; +0x0: b0ffbd27 != a0ffbd27"
0x80042188,4,gcc-2.7.2-mips,profile=gcc_2_7_2_g0 label=remaining-profile-pass source=tmp/agents/first-pass-c5/variants/func_80042188_attempt1.c,nonmatch,"profile-pass nonmatch: bytes=False, relocations=False, size=348/1620; +0x0: a8ffbd27 != a0ffbd27"
0x80051350,5,gcc-2.7.2-mips,profile=gcc_2_7_2_g8 label=remaining-profile-pass source=tmp/agents/first-pass-c6/variants/func_80051350_a2.c,nonmatch,"profile-pass nonmatch: bytes=False, relocations=False, size=332/1784; +0x0: 70ffbd27 != e0ffbd27"
0x8004158C,4,gcc-2.7.2-mips,profile=gcc_2_7_2_g8 label=remaining-profile-pass source=tmp/agents/first-pass-c6/variants/func_8004158C_a1.c,nonmatch,"profile-pass nonmatch: bytes=False, relocations=False, size=172/1792; +0x0: b8ffbd27 != e0ffbd27"
0x8005C7BC,4,gcc-2.7.2-mips,profile=gcc_2_7_2_g0 label=remaining-profile-pass source=tmp/agents/first-pass-c6/variants/func_8005C7BC_a1.c,nonmatch,"profile-pass nonmatch: bytes=False, relocations=False, size=296/1844; +0x0: b0ffbd27 != e0ffbd27"
0x800235C0,4,gcc-2.7.2-mips,profile=gcc_2_7_2_g8 label=remaining-profile-pass source=tmp/agents/first-pass-c6/variants/func_800235C0_a1.c,nonmatch,"profile-pass nonmatch: bytes=False, relocations=False, size=1028/1864; +0x0: 5a028397 != e0ffbd27"
0x800559D4,4,gcc-2.7.2-mips,profile=gcc_2_7_2_g8 label=remaining-profile-pass source=tmp/agents/first-pass-c6/variants/func_800559D4_a1.c,nonmatch,"profile-pass nonmatch: bytes=False, relocations=False, size=984/1864; +0x0: d0ffbd27 != e0ffbd27"
0x800507D0,4,gcc-2.7.2-mips,profile=gcc_2_7_2_g8 label=remaining-profile-pass source=tmp/agents/first-pass-c6/variants/func_800507D0_a1.c,nonmatch,"profile-pass nonmatch: bytes=False, relocations=False, size=776/1876; +0x0: c8ffbd27 != e0ffbd27"
0x8004FE2C,4,gcc-2.7.2-mips,profile=gcc_2_7_2_g8 label=remaining-profile-pass source=tmp/agents/first-pass-c6/variants/func_8004FE2C_a1.c,nonmatch,"profile-pass nonmatch: bytes=False, relocations=False, size=1232/1880; +0x0: c0ffbd27 != e0ffbd27"
0x800262D4,4,gcc-2.7.2-mips,profile=gcc_2_7_2_g8 label=remaining-profile-pass source=tmp/agents/first-pass-c6/variants/func_800262D4_a1.c,nonmatch,"profile-pass nonmatch: bytes=False, relocations=False, size=1356/1896; +0x0: d0ffbd27 != e0ffbd27"
0x800218F0,4,gcc-2.7.2-mips,profile=gcc_2_7_2_g8 label=remaining-profile-pass source=tmp/agents/first-pass-c6/variants/func_800218F0_a1.c,nonmatch,"profile-pass nonmatch: bytes=False, relocations=False, size=1556/1992; +0x0: c0ffbd27 != e0ffbd27"
0x80056D7C,4,gcc-2.7.2-mips,profile=gcc_2_7_2_g0 label=remaining-profile-pass source=tmp/agents/first-pass-c6/variants/func_80056D7C_a1.c,nonmatch,"profile-pass nonmatch: bytes=False, relocations=False, size=480/1992; +0x0: c8ffbd27 != e0ffbd27"
0x8003DC1C,4,gcc-2.7.2-mips,profile=gcc_2_7_2_g8 label=remaining-profile-pass source=tmp/agents/first-pass-c6/variants/func_8003DC1C_a1.c,nonmatch,"profile-pass nonmatch: bytes=False, relocations=False, size=1340/2128; +0x0: c8ffbd27 != e0ffbd27"
0x8004DE24,4,gcc-2.7.2-mips,profile=gcc_2_7_2_g8 label=remaining-profile-pass source=tmp/agents/first-pass-c6/variants/func_8004DE24_a1.c,nonmatch,"profile-pass nonmatch: bytes=False, relocations=False, size=944/2444; +0x0: a8febd27 != e0ffbd27"
0x8006C37C,4,gcc-2.7.2-mips,profile=gcc_2_7_2_g0 label=remaining-profile-pass source=tmp/agents/first-pass-c6/variants/func_8006C37C_a1.c,nonmatch,"profile-pass nonmatch: bytes=False, relocations=False, size=824/2556; +0x0: 40fcbd27 != e0ffbd27"
0x80051A48,4,gcc-2.7.2-mips,profile=gcc_2_7_2_g8 label=remaining-profile-pass source=tmp/agents/first-pass-c6/variants/func_80051A48_a1.c,nonmatch,"profile-pass nonmatch: bytes=False, relocations=False, size=492/2784; +0x0: c8ffbd27 != e0ffbd27"
0x800534B8,4,gcc-2.7.2-mips,profile=gcc_2_7_2_g8 label=remaining-profile-pass source=tmp/agents/first-pass-c6/variants/func_800534B8_a1.c,nonmatch,"profile-pass nonmatch: bytes=False, relocations=False, size=1660/3068; +0x0: a0ffbd27 != e0ffbd27"
0x8005DBA4,5,gcc-2.7.2-mips,profile=gcc_2_7_2_g8 label=remaining-profile-pass source=tmp/agents/first-pass-c6/variants/func_8005DBA4_a2.c,nonmatch,"profile-pass nonmatch: bytes=False, relocations=False, size=756/3172; +0x0: 90ffbd27 != e0ffbd27"
0x8006AF74,4,gcc-2.7.2-mips,profile=gcc_2_7_2_g0 label=remaining-profile-pass source=tmp/agents/first-pass-c6/variants/func_8006AF74_a1.c,nonmatch,"profile-pass nonmatch: bytes=False, relocations=False, size=876/3376; +0x0: c8febd27 != e0ffbd27"
0x80035E20,4,gcc-2.7.2-mips,profile=gcc_2_7_2_g0 label=remaining-profile-pass source=tmp/agents/first-pass-c6/variants/func_80035E20_a1.c,nonmatch,"profile-pass nonmatch: bytes=False, relocations=False, size=400/3500; +0x0: 00ffbd27 != e0ffbd27"
0x8002ACA4,4,gcc-2.7.2-mips,profile=gcc_2_7_2_g0 label=remaining-profile-pass source=tmp/agents/first-pass-c6/variants/func_8002ACA4_a1.c,nonmatch,"profile-pass nonmatch: bytes=False, relocations=False, size=2080/3580; +0x0: b8ffbd27 != e0ffbd27"
0x8004EB00,4,gcc-2.7.2-mips,profile=gcc_2_7_2_g8 label=remaining-profile-pass source=tmp/agents/first-pass-c6/variants/func_8004EB00_a1.c,nonmatch,"profile-pass nonmatch: bytes=False, relocations=False, size=2772/4908; +0x0: c0ffbd27 != e0ffbd27"
0x8001F55C,4,gcc-2.7.2-mips,profile=gcc_2_7_2_g8 label=remaining-profile-pass source=tmp/agents/first-pass-c6/variants/func_8001F55C_a1.c,nonmatch,"profile-pass nonmatch: bytes=False, relocations=False, size=2276/4984; +0x0: 32038397 != e0ffbd27"
0x80019D18,4,gcc-2.7.2-mips,profile=gcc_2_7_2_g8 label=remaining-profile-pass source=tmp/agents/first-pass-c6/variants/func_80019D18_a1.c,nonmatch,"profile-pass nonmatch: bytes=False, relocations=False, size=1948/5044; +0x0: cd028293 != e0ffbd27"
0x8006F1B4,4,gcc-2.7.2-mips,profile=gcc_2_7_2_g0 label=remaining-profile-pass source=tmp/agents/first-pass-c6/variants/func_8006F1B4_a1.c,nonmatch,"profile-pass nonmatch: bytes=False, relocations=False, size=1372/5080; +0x0: b8febd27 != e0ffbd27"
0x8001BD88,4,gcc-2.7.2-mips,profile=gcc_2_7_2_g8 label=remaining-profile-pass source=tmp/agents/first-pass-c6/variants/func_8001BD88_a1.c,nonmatch,"profile-pass nonmatch: bytes=False, relocations=False, size=2564/5304; +0x0: cd028393 != e0ffbd27"
0x8001D670,4,gcc-2.7.2-mips,profile=gcc_2_7_2_g8 label=remaining-profile-pass source=tmp/agents/first-pass-c6/variants/func_8001D670_a1.c,nonmatch,"profile-pass nonmatch: bytes=False, relocations=False, size=2240/5632; +0x0: c0ffbd27 != e0ffbd27"
0x800540B4,4,gcc-2.7.2-mips,profile=gcc_2_7_2_g8 label=remaining-profile-pass source=tmp/agents/first-pass-c6/variants/func_800540B4_a1.c,nonmatch,"profile-pass nonmatch: bytes=False, relocations=False, size=1492/5684; +0x0: 38f7bd27 != e0ffbd27"
0x8006CD78,4,gcc-2.7.2-mips,profile=gcc_2_7_2_g0 label=remaining-profile-pass source=tmp/agents/first-pass-c6/variants/func_8006CD78_a1.c,nonmatch,"profile-pass nonmatch: bytes=False, relocations=False, size=2004/9276; +0x0: d8febd27 != e0ffbd27"
0x80020BE4,6,gcc-2.8.1-psx,profile=gcc_2_8_1_g0_no_sched2 label=remaining-profile-pass source=tmp/agents/remaining-decomp/func_80020BE4_attempt3.c,deferred,"profile-pass nonmatch: bytes=False, relocations=False, size=360/360; +0x4: 1000b0af != 1800bfaf"
0x8002F4C0,5,gcc-2.8.1-psx,profile=gcc_2_8_1_g0_no_sched2 label=remaining-profile-pass source=tmp/agents/first-pass-c1/variants/func_8002F4C0_v1.c,nonmatch,"profile-pass nonmatch: bytes=False, relocations=False, size=376/368; +0x0: e0ffbd27 != e8ffbd27"
0x800464F0,5,gcc-2.8.1-psx,profile=gcc_2_8_1_g0_no_sched2 label=remaining-profile-pass source=tmp/agents/first-pass-c1/variants/func_800464F0_v1.c,nonmatch,"profile-pass nonmatch: bytes=False, relocations=False, size=368/380; +0x2: 0a80033c != 0a80023c"
0x8004A0FC,5,gcc-2.8.1-psx,profile=gcc_2_8_1_g0_no_sched2 label=remaining-profile-pass source=tmp/agents/first-pass-c1/variants/func_8004A0FC_v1.c,nonmatch,"profile-pass nonmatch: bytes=False, relocations=False, size=392/384; +0x26: bf046290 != bf046490"
0x8002FB78,5,gcc-2.8.1-psx,profile=gcc_2_8_1_g0_no_sched2 label=remaining-profile-pass source=tmp/agents/first-pass-c1/variants/func_8002FB78_v1.c,nonmatch,"profile-pass nonmatch: bytes=False, relocations=False, size=412/408; +0x4: 1000b0af != 1400bfaf"
0x80032184,5,gcc-2.8.1-psx,profile=gcc_2_8_1_g0_no_sched2 label=remaining-profile-pass source=tmp/agents/first-pass-c1/variants/func_80032184_v1.c,nonmatch,"profile-pass nonmatch: bytes=False, relocations=False, size=372/420; +0xC: 2900a710 != 2a00a710"
0x8003353C,5,gcc-2.8.1-psx,profile=gcc_2_8_1_g0_no_sched2 label=remaining-profile-pass source=tmp/agents/first-pass-c1/variants/func_8003353C_v1.c,nonmatch,"profile-pass nonmatch: bytes=False, relocations=False, size=432/436; +0x4: 2000b2af != 2400bfaf"
0x8002E128,5,gcc-2.8.1-psx,profile=gcc_2_8_1_g0_no_sched2 label=remaining-profile-pass source=tmp/agents/first-pass-c3/attempt-sources/8002E128/v1.c,nonmatch,"profile-pass nonmatch: bytes=False, relocations=False, size=552/584; +0x4: 3000b2af != 3400bfaf"
0x80050584,5,gcc-2.8.1-psx,profile=gcc_2_8_1_g0_no_sched2 label=remaining-profile-pass source=tmp/agents/remaining-decomp/func_80050584_attempt2.c,nonmatch,"profile-pass nonmatch: bytes=False, relocations=False, size=652/588; +0x4: 2400b1af != 2c00bfaf"
0x8001BAF0,5,gcc-2.8.1-psx,profile=gcc_2_8_1_g8_no_sched2 label=remaining-profile-pass source=tmp/agents/first-pass-c3/attempt-sources/8001BAF0/v1.c,nonmatch,"profile-pass nonmatch: bytes=False, relocations=False, size=508/600; +0x0: b8ffbd27 != d8ffbd27"
0x8002BAB4,5,gcc-2.8.1-psx,profile=gcc_2_8_1_g0_no_sched2 label=remaining-profile-pass source=tmp/agents/first-pass-c3/attempt-sources/8002BAB4/v1.c,nonmatch,"profile-pass nonmatch: bytes=False, relocations=False, size=520/600; +0x0: 0f80023c != e0ffbd27"
0x80020988,5,gcc-2.8.1-psx,profile=gcc_2_8_1_g8_no_sched2 label=remaining-profile-pass source=tmp/agents/first-pass-c3/attempt-sources/80020988/v1.c,nonmatch,"profile-pass nonmatch: bytes=False, relocations=False, size=660/604; +0x0: 4a028393 != c8ffbd27"
0x80057544,5,gcc-2.8.1-psx,profile=gcc_2_8_1_g0_no_sched2 label=remaining-profile-pass source=tmp/agents/first-pass-c3/attempt-sources/80057544/v1.c,nonmatch,"profile-pass nonmatch: bytes=False, relocations=False, size=272/620; +0x0: d0ffbd27 != e8ffbd27"
0x8004803C,5,gcc-2.8.1-psx,profile=gcc_2_8_1_g0_no_sched2 label=remaining-profile-pass source=tmp/agents/first-pass-c3/attempt-sources/8004803C/v1.c,nonmatch,"profile-pass nonmatch: bytes=False, relocations=False, size=176/628; +0x0: d0ffbd27 != e8ffbd27"
0x80021598,5,gcc-2.8.1-psx,profile=gcc_2_8_1_g8_no_sched2 label=remaining-profile-pass source=tmp/agents/first-pass-c3/attempt-sources/80021598/v1.c,nonmatch,"profile-pass nonmatch: bytes=False, relocations=False, size=228/632; +0x0: d0ffbd27 != d8ffbd27"
0x80037DA4,5,gcc-2.8.1-psx,profile=gcc_2_8_1_g8_no_sched2 label=remaining-profile-pass source=tmp/agents/first-pass-c3/attempt-sources/80037DA4/v1.c,nonmatch,"profile-pass nonmatch: bytes=False, relocations=False, size=232/640; +0x4: 1000b0af != 1400bfaf"
0x80027508,5,gcc-2.8.1-psx,profile=gcc_2_8_1_g8_no_sched2 label=remaining-profile-pass source=tmp/agents/first-pass-c3/attempt-sources/80027508/v1.c,nonmatch,"profile-pass nonmatch: bytes=False, relocations=False, size=232/644; +0x4: 1c00bfaf != 1800bfaf"
0x8001F0D0,5,gcc-2.8.1-psx,profile=gcc_2_8_1_g8_no_sched2 label=remaining-profile-pass source=tmp/agents/first-pass-c3/attempt-sources/8001F0D0/v1.c,nonmatch,"profile-pass nonmatch: bytes=False, relocations=False, size=164/660; +0x4: 1000bfaf != 1400bfaf"
0x80045C98,5,gcc-2.8.1-psx,profile=gcc_2_8_1_g0_no_sched2 label=remaining-profile-pass source=tmp/agents/first-pass-c3/attempt-sources/80045C98/v1.c,nonmatch,"profile-pass nonmatch: bytes=False, relocations=False, size=188/676; +0x0: e8ffbd27 != e0ffbd27"
0x8001898C,5,gcc-2.8.1-psx,profile=gcc_2_8_1_g8_no_sched2 label=remaining-profile-pass source=tmp/agents/first-pass-c3/attempt-sources/8001898C/v1.c,nonmatch,"profile-pass nonmatch: bytes=False, relocations=False, size=220/680; +0x0: 32038397 != e0ffbd27"
0x80056250,5,gcc-2.8.1-psx,profile=gcc_2_8_1_g0_no_sched2 label=remaining-profile-pass source=tmp/agents/first-pass-c3/attempt-sources/80056250/v1.c,nonmatch,"profile-pass nonmatch: bytes=False, relocations=False, size=168/692; +0x0: d8ffbd27 != e0ffbd27"
0x80031084,5,gcc-2.8.1-psx,profile=gcc_2_8_1_g8_no_sched2 label=remaining-profile-pass source=tmp/agents/first-pass-c3/attempt-sources/80031084/v1.c,nonmatch,"profile-pass nonmatch: bytes=False, relocations=False, size=220/712; +0x0: d8ffbd27 != e0ffbd27"
0x8005B8A0,6,gcc-2.8.1-psx,profile=gcc_2_8_1_g8_no_sched2 label=remaining-profile-pass source=tmp/agents/first-pass-c3/attempt-sources/8005B8A0/v2.c,deferred,"profile-pass nonmatch: bytes=False, relocations=False, size=292/732; +0x0: c8ffbd27 != e0ffbd27"
0x80027228,5,gcc-2.8.1-psx,profile=gcc_2_8_1_g0_no_sched2 label=remaining-profile-pass source=tmp/agents/first-pass-c3/attempt-sources/80027228/v1.c,nonmatch,"profile-pass nonmatch: bytes=False, relocations=False, size=144/736; +0x0: a8ffbd27 != e0ffbd27"
0x8005106C,5,gcc-2.8.1-psx,profile=gcc_2_8_1_g0_no_sched2 label=remaining-profile-pass source=tmp/agents/first-pass-c3/attempt-sources/8005106C/v1.c,nonmatch,"profile-pass nonmatch: bytes=False, relocations=False, size=204/740; +0x0: 70ffbd27 != d8ffbd27"
0x800556E8,5,gcc-2.8.1-psx,profile=gcc_2_8_1_g0_no_sched2 label=remaining-profile-pass source=tmp/agents/first-pass-c3/attempt-sources/800556E8/v1.c,nonmatch,"profile-pass nonmatch: bytes=False, relocations=False, size=240/748; +0x0: d8ffbd27 != d0ffbd27"
0x8004C114,5,gcc-2.8.1-psx,profile=gcc_2_8_1_g0_no_sched2 label=remaining-profile-pass source=tmp/agents/first-pass-c3/attempt-sources/8004C114/v1.c,nonmatch,"profile-pass nonmatch: bytes=False, relocations=False, size=224/780; +0x0: e8ffbd27 != d0ffbd27"
0x800222F4,5,gcc-2.8.1-psx,profile=gcc_2_8_1_g8_no_sched2 label=remaining-profile-pass source=tmp/agents/first-pass-c3/attempt-sources/800222F4/v1.c,nonmatch,"profile-pass nonmatch: bytes=False, relocations=False, size=272/804; +0x0: 0a80023c != e0ffbd27"
0x80056504,5,gcc-2.8.1-psx,profile=gcc_2_8_1_g0_no_sched2 label=remaining-profile-pass source=tmp/agents/first-pass-c3/attempt-sources/80056504/v1.c,nonmatch,"profile-pass nonmatch: bytes=False, relocations=False, size=224/804; +0x0: b8ffbd27 != e0ffbd27"
0x80057AF4,6,gcc-2.8.1-psx,profile=gcc_2_8_1_g0_no_sched2 label=remaining-profile-pass source=tmp/agents/first-pass-c3/attempt-sources/80057AF4/v2.c,deferred,"profile-pass nonmatch: bytes=False, relocations=False, size=692/812; +0x0: d0ffbd27 != c0ffbd27"
0x8005FE44,5,gcc-2.8.1-psx,profile=gcc_2_8_1_g0_no_sched2 label=remaining-profile-pass source=tmp/agents/first-pass-c4/sources/func_8005FE44_attempt1.c,nonmatch,"profile-pass nonmatch: bytes=False, relocations=False, size=832/812; +0x2: 0f80023c != 0f80033c"
0x80072A48,5,gcc-2.8.1-psx,profile=gcc_2_8_1_g0_no_sched2 label=remaining-profile-pass source=tmp/agents/first-pass-c4/sources/func_80072A48_attempt1.c,nonmatch,"profile-pass nonmatch: bytes=False, relocations=False, size=932/888; +0x4: 1000b0af != 3000bfaf"
0x80032C48,5,gcc-2.8.1-psx,profile=gcc_2_8_1_g8_no_sched2 label=remaining-profile-pass source=tmp/agents/first-pass-c5/variants/func_80032C48_attempt1.c,nonmatch,"profile-pass nonmatch: bytes=False, relocations=False, size=300/1140; +0x0: d8ffbd27 != d0ffbd27"
0x8005EBF4,5,gcc-2.8.1-psx,profile=gcc_2_8_1_g8_no_sched2 label=remaining-profile-pass source=tmp/agents/first-pass-c5/variants/func_8005EBF4_attempt1.c,nonmatch,"profile-pass nonmatch: bytes=False, relocations=False, size=344/1148; +0x0: 88ffbd27 != 0f80023c"
0x800528AC,5,gcc-2.8.1-psx,profile=gcc_2_8_1_g8_no_sched2 label=remaining-profile-pass source=tmp/agents/first-pass-c5/variants/func_800528AC_attempt1.c,nonmatch,"profile-pass nonmatch: bytes=False, relocations=False, size=344/1152; +0x0: a8ffbd27 != 0f80023c"
0x8005CEF0,5,gcc-2.8.1-psx,profile=gcc_2_8_1_g0_no_sched2 label=remaining-profile-pass source=tmp/agents/first-pass-c5/variants/func_8005CEF0_attempt1.c,nonmatch,"profile-pass nonmatch: bytes=False, relocations=False, size=396/1160; +0x0: e0ffbd27 != 0f80023c"
0x80056828,5,gcc-2.8.1-psx,profile=gcc_2_8_1_g8_no_sched2 label=remaining-profile-pass source=tmp/agents/first-pass-c5/variants/func_80056828_attempt1.c,nonmatch,"profile-pass nonmatch: bytes=False, relocations=False, size=300/1364; +0x0: c8ffbd27 != d0ffbd27"
0x80042C08,5,gcc-2.8.1-psx,profile=gcc_2_8_1_g0_no_sched2 label=remaining-profile-pass source=tmp/agents/first-pass-c5/variants/func_80042C08_attempt1.c,nonmatch,"profile-pass nonmatch: bytes=False, relocations=False, size=348/1392; +0x0: a8ffbd27 != b0ffbd27"
0x8004ADE8,5,gcc-2.8.1-psx,profile=gcc_2_8_1_g0_no_sched2 label=remaining-profile-pass source=tmp/agents/first-pass-c5/variants/func_8004ADE8_attempt1.c,nonmatch,"profile-pass nonmatch: bytes=False, relocations=False, size=300/1420; +0x0: a8ffbd27 != d0ffbd27"
0x80028B08,5,gcc-2.8.1-psx,profile=gcc_2_8_1_g0_no_sched2 label=remaining-profile-pass source=tmp/agents/first-pass-c5/variants/func_80028B08_attempt1.c,nonmatch,"profile-pass nonmatch: bytes=False, relocations=False, size=348/1536; +0x4: 3400b3af != 4c00bfaf"
0x80015EF4,5,gcc-2.8.1-psx,profile=gcc_2_8_1_g0_no_sched2 label=remaining-profile-pass source=tmp/agents/first-pass-c5/variants/func_80015EF4_attempt1.c,nonmatch,"profile-pass nonmatch: bytes=False, relocations=False, size=348/1544; +0x0: b8ffbd27 != b0ffbd27"
0x8005D378,5,gcc-2.8.1-psx,profile=gcc_2_8_1_g0_no_sched2 label=remaining-profile-pass source=tmp/agents/first-pass-c5/variants/func_8005D378_attempt1.c,nonmatch,"profile-pass nonmatch: bytes=False, relocations=False, size=396/1564; +0x0: c0ffbd27 != 0f80023c"
0x8004CB0C,5,gcc-2.8.1-psx,profile=gcc_2_8_1_g0_no_sched2 label=remaining-profile-pass source=tmp/agents/first-pass-c5/variants/func_8004CB0C_attempt1.c,nonmatch,"profile-pass nonmatch: bytes=False, relocations=False, size=348/1576; +0x4: 4000b6af != 4c00bfaf"
0x80042188,5,gcc-2.8.1-psx,profile=gcc_2_8_1_g0_no_sched2 label=remaining-profile-pass source=tmp/agents/first-pass-c5/variants/func_80042188_attempt1.c,nonmatch,"profile-pass nonmatch: bytes=False, relocations=False, size=348/1620; +0x0: a8ffbd27 != b0ffbd27"
0x80051350,6,gcc-2.8.1-psx,profile=gcc_2_8_1_g8_no_sched2 label=remaining-profile-pass source=tmp/agents/first-pass-c6/variants/func_80051350_a2.c,deferred,"profile-pass nonmatch: bytes=False, relocations=False, size=336/1784; +0x0: 70ffbd27 != e0ffbd27"
0x8004158C,5,gcc-2.8.1-psx,profile=gcc_2_8_1_g8_no_sched2 label=remaining-profile-pass source=tmp/agents/first-pass-c6/variants/func_8004158C_a1.c,nonmatch,"profile-pass nonmatch: bytes=False, relocations=False, size=172/1792; +0x0: b8ffbd27 != e0ffbd27"
0x8005C7BC,5,gcc-2.8.1-psx,profile=gcc_2_8_1_g0_no_sched2 label=remaining-profile-pass source=tmp/agents/first-pass-c6/variants/func_8005C7BC_a1.c,nonmatch,"profile-pass nonmatch: bytes=False, relocations=False, size=296/1844; +0x0: b0ffbd27 != e0ffbd27"
0x800235C0,5,gcc-2.8.1-psx,profile=gcc_2_8_1_g8_no_sched2 label=remaining-profile-pass source=tmp/agents/first-pass-c6/variants/func_800235C0_a1.c,nonmatch,"profile-pass nonmatch: bytes=False, relocations=False, size=1032/1864; +0x0: 5a028397 != e0ffbd27"
0x800559D4,5,gcc-2.8.1-psx,profile=gcc_2_8_1_g8_no_sched2 label=remaining-profile-pass source=tmp/agents/first-pass-c6/variants/func_800559D4_a1.c,nonmatch,"profile-pass nonmatch: bytes=False, relocations=False, size=984/1864; +0x0: d0ffbd27 != e0ffbd27"
0x800507D0,5,gcc-2.8.1-psx,profile=gcc_2_8_1_g8_no_sched2 label=remaining-profile-pass source=tmp/agents/first-pass-c6/variants/func_800507D0_a1.c,nonmatch,"profile-pass nonmatch: bytes=False, relocations=False, size=776/1876; +0x0: c8ffbd27 != e0ffbd27"
0x8004FE2C,5,gcc-2.8.1-psx,profile=gcc_2_8_1_g8_no_sched2 label=remaining-profile-pass source=tmp/agents/first-pass-c6/variants/func_8004FE2C_a1.c,nonmatch,"profile-pass nonmatch: bytes=False, relocations=False, size=1232/1880; +0x0: c0ffbd27 != e0ffbd27"
0x800262D4,5,gcc-2.8.1-psx,profile=gcc_2_8_1_g8_no_sched2 label=remaining-profile-pass source=tmp/agents/first-pass-c6/variants/func_800262D4_a1.c,nonmatch,"profile-pass nonmatch: bytes=False, relocations=False, size=1356/1896; +0x0: d0ffbd27 != e0ffbd27"
0x800218F0,5,gcc-2.8.1-psx,profile=gcc_2_8_1_g8_no_sched2 label=remaining-profile-pass source=tmp/agents/first-pass-c6/variants/func_800218F0_a1.c,nonmatch,"profile-pass nonmatch: bytes=False, relocations=False, size=1556/1992; +0x0: c0ffbd27 != e0ffbd27"
0x80056D7C,5,gcc-2.8.1-psx,profile=gcc_2_8_1_g0_no_sched2 label=remaining-profile-pass source=tmp/agents/first-pass-c6/variants/func_80056D7C_a1.c,nonmatch,"profile-pass nonmatch: bytes=False, relocations=False, size=480/1992; +0x0: c8ffbd27 != e0ffbd27"
0x8003DC1C,5,gcc-2.8.1-psx,profile=gcc_2_8_1_g8_no_sched2 label=remaining-profile-pass source=tmp/agents/first-pass-c6/variants/func_8003DC1C_a1.c,nonmatch,"profile-pass nonmatch: bytes=False, relocations=False, size=1344/2128; +0x0: c8ffbd27 != e0ffbd27"
0x8004DE24,5,gcc-2.8.1-psx,profile=gcc_2_8_1_g8_no_sched2 label=remaining-profile-pass source=tmp/agents/first-pass-c6/variants/func_8004DE24_a1.c,nonmatch,"profile-pass nonmatch: bytes=False, relocations=False, size=944/2444; +0x0: a8febd27 != e0ffbd27"
0x8006C37C,5,gcc-2.8.1-psx,profile=gcc_2_8_1_g0_no_sched2 label=remaining-profile-pass source=tmp/agents/first-pass-c6/variants/func_8006C37C_a1.c,nonmatch,"profile-pass nonmatch: bytes=False, relocations=False, size=824/2556; +0x0: 40fcbd27 != e0ffbd27"
0x80051A48,5,gcc-2.8.1-psx,profile=gcc_2_8_1_g8_no_sched2 label=remaining-profile-pass source=tmp/agents/first-pass-c6/variants/func_80051A48_a1.c,nonmatch,"profile-pass nonmatch: bytes=False, relocations=False, size=492/2784; +0x0: c8ffbd27 != e0ffbd27"
0x800534B8,5,gcc-2.8.1-psx,profile=gcc_2_8_1_g8_no_sched2 label=remaining-profile-pass source=tmp/agents/first-pass-c6/variants/func_800534B8_a1.c,nonmatch,"profile-pass nonmatch: bytes=False, relocations=False, size=1660/3068; +0x0: a0ffbd27 != e0ffbd27"
0x8005DBA4,6,gcc-2.8.1-psx,profile=gcc_2_8_1_g8_no_sched2 label=remaining-profile-pass source=tmp/agents/first-pass-c6/variants/func_8005DBA4_a2.c,deferred,"profile-pass nonmatch: bytes=False, relocations=False, size=756/3172; +0x0: 90ffbd27 != e0ffbd27"
0x8006AF74,5,gcc-2.8.1-psx,profile=gcc_2_8_1_g0_no_sched2 label=remaining-profile-pass source=tmp/agents/first-pass-c6/variants/func_8006AF74_a1.c,nonmatch,"profile-pass nonmatch: bytes=False, relocations=False, size=876/3376; +0x0: c8febd27 != e0ffbd27"
0x80035E20,5,gcc-2.8.1-psx,profile=gcc_2_8_1_g0_no_sched2 label=remaining-profile-pass source=tmp/agents/first-pass-c6/variants/func_80035E20_a1.c,nonmatch,"profile-pass nonmatch: bytes=False, relocations=False, size=400/3500; +0x0: 00ffbd27 != e0ffbd27"
0x8002ACA4,5,gcc-2.8.1-psx,profile=gcc_2_8_1_g0_no_sched2 label=remaining-profile-pass source=tmp/agents/first-pass-c6/variants/func_8002ACA4_a1.c,nonmatch,"profile-pass nonmatch: bytes=False, relocations=False, size=2080/3580; +0x0: b8ffbd27 != e0ffbd27"
0x8004EB00,5,gcc-2.8.1-psx,profile=gcc_2_8_1_g8_no_sched2 label=remaining-profile-pass source=tmp/agents/first-pass-c6/variants/func_8004EB00_a1.c,nonmatch,"profile-pass nonmatch: bytes=False, relocations=False, size=2772/4908; +0x0: c0ffbd27 != e0ffbd27"
0x8001F55C,5,gcc-2.8.1-psx,profile=gcc_2_8_1_g8_no_sched2 label=remaining-profile-pass source=tmp/agents/first-pass-c6/variants/func_8001F55C_a1.c,nonmatch,"profile-pass nonmatch: bytes=False, relocations=False, size=2280/4984; +0x0: 32038397 != e0ffbd27"
0x80019D18,5,gcc-2.8.1-psx,profile=gcc_2_8_1_g8_no_sched2 label=remaining-profile-pass source=tmp/agents/first-pass-c6/variants/func_80019D18_a1.c,nonmatch,"profile-pass nonmatch: bytes=False, relocations=False, size=1952/5044; +0x0: cd028293 != e0ffbd27"
0x8006F1B4,5,gcc-2.8.1-psx,profile=gcc_2_8_1_g0_no_sched2 label=remaining-profile-pass source=tmp/agents/first-pass-c6/variants/func_8006F1B4_a1.c,nonmatch,"profile-pass nonmatch: bytes=False, relocations=False, size=1372/5080; +0x0: b8febd27 != e0ffbd27"
0x8001BD88,5,gcc-2.8.1-psx,profile=gcc_2_8_1_g8_no_sched2 label=remaining-profile-pass source=tmp/agents/first-pass-c6/variants/func_8001BD88_a1.c,nonmatch,"profile-pass nonmatch: bytes=False, relocations=False, size=2568/5304; +0x0: cd028393 != e0ffbd27"
0x8001D670,5,gcc-2.8.1-psx,profile=gcc_2_8_1_g8_no_sched2 label=remaining-profile-pass source=tmp/agents/first-pass-c6/variants/func_8001D670_a1.c,nonmatch,"profile-pass nonmatch: bytes=False, relocations=False, size=2240/5632; +0x0: c0ffbd27 != e0ffbd27"
0x800540B4,5,gcc-2.8.1-psx,profile=gcc_2_8_1_g8_no_sched2 label=remaining-profile-pass source=tmp/agents/first-pass-c6/variants/func_800540B4_a1.c,nonmatch,"profile-pass nonmatch: bytes=False, relocations=False, size=1492/5684; +0x0: 38f7bd27 != e0ffbd27"
0x8006CD78,5,gcc-2.8.1-psx,profile=gcc_2_8_1_g0_no_sched2 label=remaining-profile-pass source=tmp/agents/first-pass-c6/variants/func_8006CD78_a1.c,nonmatch,"profile-pass nonmatch: bytes=False, relocations=False, size=2004/9276; +0x0: d8febd27 != e0ffbd27"
0x8002F4C0,6,gcc-2.8.1-psx,profile=gcc_2_8_1_o1_g0 label=remaining-profile-pass source=tmp/agents/first-pass-c1/variants/func_8002F4C0_v1.c,deferred,"profile-pass nonmatch: bytes=False, relocations=False, size=384/368; +0x0: e0ffbd27 != e8ffbd27"
0x800464F0,6,gcc-2.8.1-psx,profile=gcc_2_8_1_o1_g0 label=remaining-profile-pass source=tmp/agents/first-pass-c1/variants/func_800464F0_v1.c,deferred,"profile-pass nonmatch: bytes=False, relocations=False, size=420/380; +0x2: 0a80033c != 0a80023c"
0x8004A0FC,6,gcc-2.8.1-psx,profile=gcc_2_8_1_o1_g0 label=remaining-profile-pass source=tmp/agents/first-pass-c1/variants/func_8004A0FC_v1.c,deferred,"profile-pass nonmatch: bytes=False, relocations=False, size=420/384; +0x2: 0a80033c != 0a80023c"
0x8002FB78,6,gcc-2.8.1-psx,profile=gcc_2_8_1_o1_g0 label=remaining-profile-pass source=tmp/agents/first-pass-c1/variants/func_8002FB78_v1.c,deferred,"profile-pass nonmatch: bytes=False, relocations=False, size=408/408; +0x0: e8ffbd27 != e0ffbd27"
0x80032184,6,gcc-2.8.1-psx,profile=gcc_2_8_1_o1_g0 label=remaining-profile-pass source=tmp/agents/first-pass-c1/variants/func_80032184_v1.c,deferred,"profile-pass nonmatch: bytes=False, relocations=False, size=404/420; +0xA: 01000724 != 01000224"
0x8003353C,6,gcc-2.8.1-psx,profile=gcc_2_8_1_o1_g0 label=remaining-profile-pass source=tmp/agents/first-pass-c1/variants/func_8003353C_v1.c,deferred,"profile-pass nonmatch: bytes=False, relocations=False, size=460/436; +0x4: 2000b2af != 2400bfaf"
0x8002E128,6,gcc-2.8.1-psx,profile=gcc_2_8_1_o1_g0 label=remaining-profile-pass source=tmp/agents/first-pass-c3/attempt-sources/8002E128/v1.c,deferred,"profile-pass nonmatch: bytes=False, relocations=False, size=552/584; +0x4: 3000b2af != 3400bfaf"
0x80050584,6,gcc-2.8.1-psx,profile=gcc_2_8_1_o1_g0 label=remaining-profile-pass source=tmp/agents/remaining-decomp/func_80050584_attempt2.c,deferred,"profile-pass nonmatch: bytes=False, relocations=False, size=672/588; +0x4: 2400b1af != 2c00bfaf"
0x8001BAF0,6,gcc-2.8.1-psx,profile=gcc_2_8_1_o1_g8 label=remaining-profile-pass source=tmp/agents/first-pass-c3/attempt-sources/8001BAF0/v1.c,deferred,"profile-pass nonmatch: bytes=False, relocations=False, size=540/600; +0x0: b8ffbd27 != d8ffbd27"
0x8002BAB4,6,gcc-2.8.1-psx,profile=gcc_2_8_1_o1_g0 label=remaining-profile-pass source=tmp/agents/first-pass-c3/attempt-sources/8002BAB4/v1.c,deferred,"profile-pass nonmatch: bytes=False, relocations=False, size=556/600; +0x0: 0f80023c != e0ffbd27"
0x80020988,6,gcc-2.8.1-psx,profile=gcc_2_8_1_o1_g8 label=remaining-profile-pass source=tmp/agents/first-pass-c3/attempt-sources/80020988/v1.c,deferred,"profile-pass nonmatch: bytes=False, relocations=False, size=676/604; +0x0: 4a028393 != c8ffbd27"
0x80057544,6,gcc-2.8.1-psx,profile=gcc_2_8_1_o1_g0 label=remaining-profile-pass source=tmp/agents/first-pass-c3/attempt-sources/80057544/v1.c,deferred,"profile-pass nonmatch: bytes=False, relocations=False, size=284/620; +0x0: d0ffbd27 != e8ffbd27"
0x8004803C,6,gcc-2.8.1-psx,profile=gcc_2_8_1_o1_g0 label=remaining-profile-pass source=tmp/agents/first-pass-c3/attempt-sources/8004803C/v1.c,deferred,"profile-pass nonmatch: bytes=False, relocations=False, size=180/628; +0x0: d0ffbd27 != e8ffbd27"
0x80021598,6,gcc-2.8.1-psx,profile=gcc_2_8_1_o1_g8 label=remaining-profile-pass source=tmp/agents/first-pass-c3/attempt-sources/80021598/v1.c,deferred,"profile-pass nonmatch: bytes=False, relocations=False, size=236/632; +0x0: d0ffbd27 != d8ffbd27"
0x80037DA4,6,gcc-2.8.1-psx,profile=gcc_2_8_1_o1_g8 label=remaining-profile-pass source=tmp/agents/first-pass-c3/attempt-sources/80037DA4/v1.c,deferred,"profile-pass nonmatch: bytes=False, relocations=False, size=256/640; +0x4: 1000b0af != 1400bfaf"
0x80027508,6,gcc-2.8.1-psx,profile=gcc_2_8_1_o1_g8 label=remaining-profile-pass source=tmp/agents/first-pass-c3/attempt-sources/80027508/v1.c,deferred,"profile-pass nonmatch: bytes=False, relocations=False, size=236/644; +0x4: 1c00bfaf != 1800bfaf"
0x8001F0D0,6,gcc-2.8.1-psx,profile=gcc_2_8_1_o1_g8 label=remaining-profile-pass source=tmp/agents/first-pass-c3/attempt-sources/8001F0D0/v1.c,deferred,"profile-pass nonmatch: bytes=False, relocations=False, size=164/660; +0x4: 1000bfaf != 1400bfaf"
0x80045C98,6,gcc-2.8.1-psx,profile=gcc_2_8_1_o1_g0 label=remaining-profile-pass source=tmp/agents/first-pass-c3/attempt-sources/80045C98/v1.c,deferred,"profile-pass nonmatch: bytes=False, relocations=False, size=200/676; +0x0: e8ffbd27 != e0ffbd27"
0x8001898C,6,gcc-2.8.1-psx,profile=gcc_2_8_1_o1_g8 label=remaining-profile-pass source=tmp/agents/first-pass-c3/attempt-sources/8001898C/v1.c,deferred,"profile-pass nonmatch: bytes=False, relocations=False, size=232/680; +0x0: 32038397 != e0ffbd27"
0x80056250,6,gcc-2.8.1-psx,profile=gcc_2_8_1_o1_g0 label=remaining-profile-pass source=tmp/agents/first-pass-c3/attempt-sources/80056250/v1.c,deferred,"profile-pass nonmatch: bytes=False, relocations=False, size=168/692; +0x0: d8ffbd27 != e0ffbd27"
0x80031084,6,gcc-2.8.1-psx,profile=gcc_2_8_1_o1_g8 label=remaining-profile-pass source=tmp/agents/first-pass-c3/attempt-sources/80031084/v1.c,deferred,"profile-pass nonmatch: bytes=False, relocations=False, size=252/712; +0xA: 1c00b1af != 1c00b3af"
0x80027228,6,gcc-2.8.1-psx,profile=gcc_2_8_1_o1_g0 label=remaining-profile-pass source=tmp/agents/first-pass-c3/attempt-sources/80027228/v1.c,deferred,"profile-pass nonmatch: bytes=False, relocations=False, size=152/736; +0x0: a8ffbd27 != e0ffbd27"
0x8005106C,6,gcc-2.8.1-psx,profile=gcc_2_8_1_o1_g0 label=remaining-profile-pass source=tmp/agents/first-pass-c3/attempt-sources/8005106C/v1.c,deferred,"profile-pass nonmatch: bytes=False, relocations=False, size=196/740; +0x0: 70ffbd27 != e0ffbd27"
0x800556E8,6,gcc-2.8.1-psx,profile=gcc_2_8_1_o1_g0 label=remaining-profile-pass source=tmp/agents/first-pass-c3/attempt-sources/800556E8/v1.c,deferred,"profile-pass nonmatch: bytes=False, relocations=False, size=232/748; +0x0: d8ffbd27 != d0ffbd27"
0x8004C114,6,gcc-2.8.1-psx,profile=gcc_2_8_1_o1_g0 label=remaining-profile-pass source=tmp/agents/first-pass-c3/attempt-sources/8004C114/v1.c,deferred,"profile-pass nonmatch: bytes=False, relocations=False, size=228/780; +0x0: e8ffbd27 != d8ffbd27"
0x800222F4,6,gcc-2.8.1-psx,profile=gcc_2_8_1_o1_g8 label=remaining-profile-pass source=tmp/agents/first-pass-c3/attempt-sources/800222F4/v1.c,deferred,"profile-pass nonmatch: bytes=False, relocations=False, size=280/804; +0x0: 0a80023c != e0ffbd27"
0x80056504,6,gcc-2.8.1-psx,profile=gcc_2_8_1_o1_g0 label=remaining-profile-pass source=tmp/agents/first-pass-c3/attempt-sources/80056504/v1.c,deferred,"profile-pass nonmatch: bytes=False, relocations=False, size=224/804; +0x0: b8ffbd27 != e0ffbd27"
0x8005FE44,6,gcc-2.8.1-psx,profile=gcc_2_8_1_o1_g0 label=remaining-profile-pass source=tmp/agents/first-pass-c4/sources/func_8005FE44_attempt1.c,deferred,"profile-pass nonmatch: bytes=False, relocations=False, size=832/812; +0x2: 0f80023c != 0f80033c"
0x80072A48,6,gcc-2.8.1-psx,profile=gcc_2_8_1_o1_g0 label=remaining-profile-pass source=tmp/agents/first-pass-c4/sources/func_80072A48_attempt1.c,deferred,"profile-pass nonmatch: bytes=False, relocations=False, size=1060/888; +0x0: c8ffbd27 != c0ffbd27"
0x80032C48,6,gcc-2.8.1-psx,profile=gcc_2_8_1_o1_g8 label=remaining-profile-pass source=tmp/agents/first-pass-c5/variants/func_80032C48_attempt1.c,deferred,"profile-pass nonmatch: bytes=False, relocations=False, size=304/1140; +0x0: d8ffbd27 != d0ffbd27"
0x8005EBF4,6,gcc-2.8.1-psx,profile=gcc_2_8_1_o1_g8 label=remaining-profile-pass source=tmp/agents/first-pass-c5/variants/func_8005EBF4_attempt1.c,deferred,"profile-pass nonmatch: bytes=False, relocations=False, size=344/1148; +0x0: 88ffbd27 != 1000ae8f"
0x800528AC,6,gcc-2.8.1-psx,profile=gcc_2_8_1_o1_g8 label=remaining-profile-pass source=tmp/agents/first-pass-c5/variants/func_800528AC_attempt1.c,deferred,"profile-pass nonmatch: bytes=False, relocations=False, size=344/1152; +0x0: a8ffbd27 != 1000ae8f"
0x8005CEF0,6,gcc-2.8.1-psx,profile=gcc_2_8_1_o1_g0 label=remaining-profile-pass source=tmp/agents/first-pass-c5/variants/func_8005CEF0_attempt1.c,deferred,"profile-pass nonmatch: bytes=False, relocations=False, size=396/1160; +0x0: e0ffbd27 != 1000ae8f"
0x80056828,6,gcc-2.8.1-psx,profile=gcc_2_8_1_o1_g8 label=remaining-profile-pass source=tmp/agents/first-pass-c5/variants/func_80056828_attempt1.c,deferred,"profile-pass nonmatch: bytes=False, relocations=False, size=304/1364; +0x0: c8ffbd27 != d0ffbd27"
0x80042C08,6,gcc-2.8.1-psx,profile=gcc_2_8_1_o1_g0 label=remaining-profile-pass source=tmp/agents/first-pass-c5/variants/func_80042C08_attempt1.c,deferred,"profile-pass nonmatch: bytes=False, relocations=False, size=320/1392; +0x0: a8ffbd27 != c0ffbd27"
0x8004ADE8,6,gcc-2.8.1-psx,profile=gcc_2_8_1_o1_g0 label=remaining-profile-pass source=tmp/agents/first-pass-c5/variants/func_8004ADE8_attempt1.c,deferred,"profile-pass nonmatch: bytes=False, relocations=False, size=304/1420; +0x0: a8ffbd27 != d0ffbd27"
0x80028B08,6,gcc-2.8.1-psx,profile=gcc_2_8_1_o1_g0 label=remaining-profile-pass source=tmp/agents/first-pass-c5/variants/func_80028B08_attempt1.c,deferred,"profile-pass nonmatch: bytes=False, relocations=False, size=320/1536; +0x0: b0ffbd27 != c0ffbd27"
0x80015EF4,6,gcc-2.8.1-psx,profile=gcc_2_8_1_o1_g0 label=remaining-profile-pass source=tmp/agents/first-pass-c5/variants/func_80015EF4_attempt1.c,deferred,"profile-pass nonmatch: bytes=False, relocations=False, size=320/1544; +0x0: b8ffbd27 != c0ffbd27"
0x8005D378,6,gcc-2.8.1-psx,profile=gcc_2_8_1_o1_g0 label=remaining-profile-pass source=tmp/agents/first-pass-c5/variants/func_8005D378_attempt1.c,deferred,"profile-pass nonmatch: bytes=False, relocations=False, size=396/1564; +0x0: c0ffbd27 != 1000ae8f"
0x8004CB0C,6,gcc-2.8.1-psx,profile=gcc_2_8_1_o1_g0 label=remaining-profile-pass source=tmp/agents/first-pass-c5/variants/func_8004CB0C_attempt1.c,deferred,"profile-pass nonmatch: bytes=False, relocations=False, size=320/1576; +0x0: b0ffbd27 != c0ffbd27"
0x80042188,6,gcc-2.8.1-psx,profile=gcc_2_8_1_o1_g0 label=remaining-profile-pass source=tmp/agents/first-pass-c5/variants/func_80042188_attempt1.c,deferred,"profile-pass nonmatch: bytes=False, relocations=False, size=320/1620; +0x0: a8ffbd27 != c0ffbd27"
0x8004158C,6,gcc-2.8.1-psx,profile=gcc_2_8_1_o1_g8 label=remaining-profile-pass source=tmp/agents/first-pass-c6/variants/func_8004158C_a1.c,deferred,"profile-pass nonmatch: bytes=False, relocations=False, size=172/1792; +0x0: b8ffbd27 != e0ffbd27"
0x8005C7BC,6,gcc-2.8.1-psx,profile=gcc_2_8_1_o1_g0 label=remaining-profile-pass source=tmp/agents/first-pass-c6/variants/func_8005C7BC_a1.c,deferred,"profile-pass nonmatch: bytes=False, relocations=False, size=296/1844; +0x0: b0ffbd27 != e0ffbd27"
0x800235C0,6,gcc-2.8.1-psx,profile=gcc_2_8_1_o1_g8 label=remaining-profile-pass source=tmp/agents/first-pass-c6/variants/func_800235C0_a1.c,deferred,"profile-pass nonmatch: bytes=False, relocations=False, size=1088/1864; +0x0: 5a028397 != e0ffbd27"
0x800559D4,6,gcc-2.8.1-psx,profile=gcc_2_8_1_o1_g8 label=remaining-profile-pass source=tmp/agents/first-pass-c6/variants/func_800559D4_a1.c,deferred,"profile-pass nonmatch: bytes=False, relocations=False, size=1000/1864; +0x0: d0ffbd27 != e0ffbd27"
0x800507D0,6,gcc-2.8.1-psx,profile=gcc_2_8_1_o1_g8 label=remaining-profile-pass source=tmp/agents/first-pass-c6/variants/func_800507D0_a1.c,deferred,"profile-pass nonmatch: bytes=False, relocations=False, size=800/1876; +0x0: c8ffbd27 != e0ffbd27"
0x8004FE2C,6,gcc-2.8.1-psx,profile=gcc_2_8_1_o1_g8 label=remaining-profile-pass source=tmp/agents/first-pass-c6/variants/func_8004FE2C_a1.c,deferred,"profile-pass nonmatch: bytes=False, relocations=False, size=1248/1880; +0x0: c0ffbd27 != e0ffbd27"
0x800262D4,6,gcc-2.8.1-psx,profile=gcc_2_8_1_o1_g8 label=remaining-profile-pass source=tmp/agents/first-pass-c6/variants/func_800262D4_a1.c,deferred,"profile-pass nonmatch: bytes=False, relocations=False, size=1412/1896; +0x0: d0ffbd27 != e0ffbd27"
0x800218F0,6,gcc-2.8.1-psx,profile=gcc_2_8_1_o1_g8 label=remaining-profile-pass source=tmp/agents/first-pass-c6/variants/func_800218F0_a1.c,deferred,"profile-pass nonmatch: bytes=False, relocations=False, size=1580/1992; +0x0: c0ffbd27 != e0ffbd27"
0x80056D7C,6,gcc-2.8.1-psx,profile=gcc_2_8_1_o1_g0 label=remaining-profile-pass source=tmp/agents/first-pass-c6/variants/func_80056D7C_a1.c,deferred,"profile-pass nonmatch: bytes=False, relocations=False, size=480/1992; +0x0: c8ffbd27 != e0ffbd27"
0x8003DC1C,6,gcc-2.8.1-psx,profile=gcc_2_8_1_o1_g8 label=remaining-profile-pass source=tmp/agents/first-pass-c6/variants/func_8003DC1C_a1.c,deferred,"profile-pass nonmatch: bytes=False, relocations=False, size=1392/2128; +0x0: c8ffbd27 != e0ffbd27"
0x8004DE24,6,gcc-2.8.1-psx,profile=gcc_2_8_1_o1_g8 label=remaining-profile-pass source=tmp/agents/first-pass-c6/variants/func_8004DE24_a1.c,deferred,"profile-pass nonmatch: bytes=False, relocations=False, size=960/2444; +0x0: a8febd27 != e0ffbd27"
0x8006C37C,6,gcc-2.8.1-psx,profile=gcc_2_8_1_o1_g0 label=remaining-profile-pass source=tmp/agents/first-pass-c6/variants/func_8006C37C_a1.c,deferred,"profile-pass nonmatch: bytes=False, relocations=False, size=824/2556; +0x0: 40fcbd27 != e0ffbd27"
0x80051A48,6,gcc-2.8.1-psx,profile=gcc_2_8_1_o1_g8 label=remaining-profile-pass source=tmp/agents/first-pass-c6/variants/func_80051A48_a1.c,deferred,"profile-pass nonmatch: bytes=False, relocations=False, size=500/2784; +0x0: c8ffbd27 != e0ffbd27"
0x800534B8,6,gcc-2.8.1-psx,profile=gcc_2_8_1_o1_g8 label=remaining-profile-pass source=tmp/agents/first-pass-c6/variants/func_800534B8_a1.c,deferred,"profile-pass nonmatch: bytes=False, relocations=False, size=1740/3068; +0x0: a0ffbd27 != e0ffbd27"
0x8006AF74,6,gcc-2.8.1-psx,profile=gcc_2_8_1_o1_g0 label=remaining-profile-pass source=tmp/agents/first-pass-c6/variants/func_8006AF74_a1.c,deferred,"profile-pass nonmatch: bytes=False, relocations=False, size=876/3376; +0x0: c8febd27 != e0ffbd27"
0x80035E20,6,gcc-2.8.1-psx,profile=gcc_2_8_1_o1_g0 label=remaining-profile-pass source=tmp/agents/first-pass-c6/variants/func_80035E20_a1.c,deferred,"profile-pass nonmatch: bytes=False, relocations=False, size=400/3500; +0x0: 00ffbd27 != e0ffbd27"
0x8002ACA4,6,gcc-2.8.1-psx,profile=gcc_2_8_1_o1_g0 label=remaining-profile-pass source=tmp/agents/first-pass-c6/variants/func_8002ACA4_a1.c,deferred,"profile-pass nonmatch: bytes=False, relocations=False, size=2080/3580; +0x0: b8ffbd27 != e0ffbd27"
0x8004EB00,6,gcc-2.8.1-psx,profile=gcc_2_8_1_o1_g8 label=remaining-profile-pass source=tmp/agents/first-pass-c6/variants/func_8004EB00_a1.c,deferred,"profile-pass nonmatch: bytes=False, relocations=False, size=2820/4908; +0x0: c0ffbd27 != e0ffbd27"
0x8001F55C,6,gcc-2.8.1-psx,profile=gcc_2_8_1_o1_g8 label=remaining-profile-pass source=tmp/agents/first-pass-c6/variants/func_8001F55C_a1.c,deferred,"profile-pass nonmatch: bytes=False, relocations=False, size=2440/4984; +0x0: 32038397 != e0ffbd27"
0x80019D18,6,gcc-2.8.1-psx,profile=gcc_2_8_1_o1_g8 label=remaining-profile-pass source=tmp/agents/first-pass-c6/variants/func_80019D18_a1.c,deferred,"profile-pass nonmatch: bytes=False, relocations=False, size=2032/5044; +0x0: cd028293 != e0ffbd27"
0x8006F1B4,6,gcc-2.8.1-psx,profile=gcc_2_8_1_o1_g0 label=remaining-profile-pass source=tmp/agents/first-pass-c6/variants/func_8006F1B4_a1.c,deferred,"profile-pass nonmatch: bytes=False, relocations=False, size=1372/5080; +0x0: b8febd27 != e0ffbd27"
0x8001BD88,6,gcc-2.8.1-psx,profile=gcc_2_8_1_o1_g8 label=remaining-profile-pass source=tmp/agents/first-pass-c6/variants/func_8001BD88_a1.c,deferred,"profile-pass nonmatch: bytes=False, relocations=False, size=2672/5304; +0x0: cd028393 != e0ffbd27"
0x8001D670,6,gcc-2.8.1-psx,profile=gcc_2_8_1_o1_g8 label=remaining-profile-pass source=tmp/agents/first-pass-c6/variants/func_8001D670_a1.c,deferred,"profile-pass nonmatch: bytes=False, relocations=False, size=2384/5632; +0x0: c0ffbd27 != e0ffbd27"
0x800540B4,6,gcc-2.8.1-psx,profile=gcc_2_8_1_o1_g8 label=remaining-profile-pass source=tmp/agents/first-pass-c6/variants/func_800540B4_a1.c,deferred,"profile-pass nonmatch: bytes=False, relocations=False, size=1540/5684; +0x0: 38f7bd27 != e0ffbd27"
0x8006CD78,6,gcc-2.8.1-psx,profile=gcc_2_8_1_o1_g0 label=remaining-profile-pass source=tmp/agents/first-pass-c6/variants/func_8006CD78_a1.c,deferred,"profile-pass nonmatch: bytes=False, relocations=False, size=2004/9276; +0x0: d8febd27 != e0ffbd27"
0x80058938,2,gcc-2.8.1-psx,profile=gcc_2_8_1_g0 source=tmp/agents/remaining-decomp/func_80058938_attempt2.c GMS pool record plus memcpy repair,nonmatch,"Resolved m2c unaligned fields as two pure-C memcpy operations, but GCC 2.8.1 cc1 crashes with signal 11 on the large padded SourceSlot array. Next variant uses byte-pointer stride arithmetic instead of the large struct."
0x80058938,3,gcc-2.8.1-psx,profile=gcc_2_8_1_g0 source=tmp/agents/remaining-decomp/func_80058938_attempt3.c byte-stride slot repair,nonmatch,"Replacing the padded source-slot struct with explicit 0xE20 byte stride still triggers the same GCC cc1 signal-11 ICE, isolating the problem to the address-taken memcpy copies. Next variant uses packed 4-byte assignments."
0x80058938,4,gcc-2.8.1-psx,profile=gcc_2_8_1_g0 source=tmp/agents/remaining-decomp/func_80058938_attempt4.c packed pointer assignments,nonmatch,Packed pointer assignments still trigger GCC cc1 signal 11. Target parameter stack homes suggest packed 4-byte structs passed by value; attempt five tests that ABI shape.
0x80058938,5,gcc-2.8.1-psx,profile=gcc_2_8_1_g0 source=tmp/agents/remaining-decomp/func_80058938_attempt5.c packed parameters by value,nonmatch,Packed 4-byte parameters match the target stack-home clue but GCC 2.8.1 still crashes with cc1 signal 11. One final GCC 2.7.2 fallback remains.
0x80058938,6,gcc-2.7.2-mips,profile=gcc_2_7_2_g0 source=tmp/agents/remaining-decomp/func_80058938_attempt5.c packed parameters by value,deferred,"GCC 2.7.2 also crashes cc1 on the recovered packed-parameter source. GMS semantics and record offsets are documented, but both compiler cohorts fail before code generation. Six-attempt budget exhausted; retain exact assembly."
0x80013360,2,gcc-2.8.1-psx,profile=gcc_2_8_1_g0 label=remaining-profile-pass source=tmp/agents/first-pass-c1/variants/func_80013360_v1.c,nonmatch,"profile-pass nonmatch: bytes=False, relocations=False, size=356/340; +0x0: 90018297 != e8ffbd27"
0x8005C1F4,2,gcc-2.8.1-psx,profile=gcc_2_8_1_g0 label=remaining-profile-pass source=tmp/agents/first-pass-c1/variants/func_8005C1F4_v1.c,nonmatch,"profile-pass nonmatch: bytes=False, relocations=False, size=432/384; +0x0: 58018293 != 0a80023c"
0x80053248,2,gcc-2.8.1-psx,profile=gcc_2_8_1_g0 label=remaining-profile-pass source=tmp/agents/first-pass-c1/variants/func_80053248_v1.c,nonmatch,"profile-pass nonmatch: bytes=False, relocations=False, size=348/400; +0x0: 0400a5af != 1000a88f"
0x8001B938,2,gcc-2.8.1-psx,profile=gcc_2_8_1_g0 label=remaining-profile-pass source=tmp/agents/first-pass-c1/variants/func_8001B938_v1.c,nonmatch,"profile-pass nonmatch: bytes=False, relocations=False, size=500/440; +0x0: cd028293 != 0a80033c"
0x8002FD10,2,gcc-2.8.1-psx,profile=gcc_2_8_1_g0 label=remaining-profile-pass source=tmp/agents/first-pass-c1/variants/func_8002FD10_v1.c,nonmatch,"profile-pass nonmatch: bytes=False, relocations=False, size=448/448; +0x0: c8ffbd27 != d0ffbd27"
0x80036DBC,3,gcc-2.8.1-psx,profile=gcc_2_8_1_g0 label=remaining-profile-pass source=tmp/agents/first-pass-c1/variants/func_80036DBC_v1.c,nonmatch,"profile-pass nonmatch: bytes=False, relocations=False, size=448/452; +0x24: 0f80043c != 00000000"
0x80023144,3,gcc-2.8.1-psx,profile=gcc_2_8_1_g0 label=remaining-profile-pass source=tmp/agents/first-pass-c4/sources/func_80023144_attempt1.c,nonmatch,"profile-pass nonmatch: bytes=False, relocations=False, size=868/840; +0x4: 2400b3af != 2000b2af"
0x80022674,3,gcc-2.8.1-psx,profile=gcc_2_8_1_g0 label=remaining-profile-pass source=tmp/agents/first-pass-c4/sources/func_80022674_attempt1.c,nonmatch,"profile-pass nonmatch: bytes=False, relocations=False, size=904/896; +0x24: 80180300 != 00190300"
0x800229F4,3,gcc-2.8.1-psx,profile=gcc_2_8_1_g0 label=remaining-profile-pass source=tmp/agents/first-pass-c4/sources/func_800229F4_attempt1.c,nonmatch,"profile-pass nonmatch: bytes=False, relocations=False, size=936/928; +0x24: 80180300 != 00190300"
0x800330BC,3,gcc-2.8.1-psx,profile=gcc_2_8_1_g0 label=remaining-profile-pass source=tmp/agents/first-pass-c4/sources/func_800330BC_attempt1.c,nonmatch,"profile-pass nonmatch: bytes=False, relocations=False, size=1080/1092; +0xC: 1800bfaf != 1c00bfaf"
0x80013360,3,gcc-2.8.1-psx,profile=gcc_2_8_1_g0_split label=remaining-profile-pass source=tmp/agents/first-pass-c1/variants/func_80013360_v1.c,nonmatch,"profile-pass nonmatch: bytes=False, relocations=False, size=276/340; +0x0: 90018297 != e8ffbd27"
0x8005C1F4,3,gcc-2.8.1-psx,profile=gcc_2_8_1_g0_split label=remaining-profile-pass source=tmp/agents/first-pass-c1/variants/func_8005C1F4_v1.c,nonmatch,"profile-pass nonmatch: bytes=False, relocations=False, size=372/384; +0x0: 58018293 != 0a80023c"
0x80053248,3,gcc-2.8.1-psx,profile=gcc_2_8_1_g0_split label=remaining-profile-pass source=tmp/agents/first-pass-c1/variants/func_80053248_v1.c,nonmatch,"profile-pass nonmatch: bytes=False, relocations=False, size=368/400; +0x0: 0400a5af != 1000a98f"
0x8001B938,3,gcc-2.8.1-psx,profile=gcc_2_8_1_g0_split label=remaining-profile-pass source=tmp/agents/first-pass-c1/variants/func_8001B938_v1.c,nonmatch,"profile-pass nonmatch: bytes=False, relocations=False, size=456/440; +0x0: cd028293 != 0a80023c"
0x8002FD10,3,gcc-2.8.1-psx,profile=gcc_2_8_1_g0_split label=remaining-profile-pass source=tmp/agents/first-pass-c1/variants/func_8002FD10_v1.c,nonmatch,"profile-pass nonmatch: bytes=False, relocations=False, size=460/448; +0x4: 9c0384a7 != 0f80023c"
0x80036DBC,4,gcc-2.8.1-psx,profile=gcc_2_8_1_g0_split label=remaining-profile-pass source=tmp/agents/first-pass-c1/variants/func_80036DBC_v1.c,nonmatch,"profile-pass nonmatch: bytes=False, relocations=False, size=444/452; +0x24: 0f80043c != 00000000"
0x80023144,4,gcc-2.8.1-psx,profile=gcc_2_8_1_g0_split label=remaining-profile-pass source=tmp/agents/first-pass-c4/sources/func_80023144_attempt1.c,nonmatch,"profile-pass nonmatch: bytes=False, relocations=False, size=808/840; +0x4: 2400b3af != 2000b2af"
0x80022674,4,gcc-2.8.1-psx,profile=gcc_2_8_1_g0_split label=remaining-profile-pass source=tmp/agents/first-pass-c4/sources/func_80022674_attempt1.c,nonmatch,"profile-pass nonmatch: bytes=False, relocations=False, size=896/896; +0x24: 80180300 != 00190300"
0x800229F4,4,gcc-2.8.1-psx,profile=gcc_2_8_1_g0_split label=remaining-profile-pass source=tmp/agents/first-pass-c4/sources/func_800229F4_attempt1.c,nonmatch,"profile-pass nonmatch: bytes=False, relocations=False, size=928/928; +0x24: 80180300 != 00190300"
0x800330BC,4,gcc-2.8.1-psx,profile=gcc_2_8_1_g0_split label=remaining-profile-pass source=tmp/agents/first-pass-c4/sources/func_800330BC_attempt1.c,nonmatch,"profile-pass nonmatch: bytes=False, relocations=False, size=1084/1092; +0xC: 1800bfaf != 1c00bfaf"
0x80013360,4,gcc-2.8.1-psx,profile=gcc_2_8_1_g0_no_split label=remaining-profile-pass source=tmp/agents/first-pass-c1/variants/func_80013360_v1.c,nonmatch,"profile-pass nonmatch: bytes=False, relocations=False, size=356/340; +0x0: 90018297 != e8ffbd27"
0x8005C1F4,4,gcc-2.8.1-psx,profile=gcc_2_8_1_g0_no_split label=remaining-profile-pass source=tmp/agents/first-pass-c1/variants/func_8005C1F4_v1.c,nonmatch,"profile-pass nonmatch: bytes=False, relocations=False, size=432/384; +0x0: 58018293 != 0a80023c"
0x80053248,4,gcc-2.8.1-psx,profile=gcc_2_8_1_g0_no_split label=remaining-profile-pass source=tmp/agents/first-pass-c1/variants/func_80053248_v1.c,nonmatch,"profile-pass nonmatch: bytes=False, relocations=False, size=348/400; +0x0: 0400a5af != 1000a88f"
0x8001B938,4,gcc-2.8.1-psx,profile=gcc_2_8_1_g0_no_split label=remaining-profile-pass source=tmp/agents/first-pass-c1/variants/func_8001B938_v1.c,nonmatch,"profile-pass nonmatch: bytes=False, relocations=False, size=500/440; +0x0: cd028293 != 0a80033c"
0x8002FD10,4,gcc-2.8.1-psx,profile=gcc_2_8_1_g0_no_split label=remaining-profile-pass source=tmp/agents/first-pass-c1/variants/func_8002FD10_v1.c,nonmatch,"profile-pass nonmatch: bytes=False, relocations=False, size=448/448; +0x0: c8ffbd27 != d0ffbd27"
0x80036DBC,5,gcc-2.8.1-psx,profile=gcc_2_8_1_g0_no_split label=remaining-profile-pass source=tmp/agents/first-pass-c1/variants/func_80036DBC_v1.c,nonmatch,"profile-pass nonmatch: bytes=False, relocations=False, size=448/452; +0x24: 0f80043c != 00000000"
0x80023144,5,gcc-2.8.1-psx,profile=gcc_2_8_1_g0_no_split label=remaining-profile-pass source=tmp/agents/first-pass-c4/sources/func_80023144_attempt1.c,nonmatch,"profile-pass nonmatch: bytes=False, relocations=False, size=868/840; +0x4: 2400b3af != 2000b2af"
0x80022674,5,gcc-2.8.1-psx,profile=gcc_2_8_1_g0_no_split label=remaining-profile-pass source=tmp/agents/first-pass-c4/sources/func_80022674_attempt1.c,nonmatch,"profile-pass nonmatch: bytes=False, relocations=False, size=904/896; +0x24: 80180300 != 00190300"
0x800229F4,5,gcc-2.8.1-psx,profile=gcc_2_8_1_g0_no_split label=remaining-profile-pass source=tmp/agents/first-pass-c4/sources/func_800229F4_attempt1.c,nonmatch,"profile-pass nonmatch: bytes=False, relocations=False, size=936/928; +0x24: 80180300 != 00190300"
0x800330BC,5,gcc-2.8.1-psx,profile=gcc_2_8_1_g0_no_split label=remaining-profile-pass source=tmp/agents/first-pass-c4/sources/func_800330BC_attempt1.c,nonmatch,"profile-pass nonmatch: bytes=False, relocations=False, size=1080/1092; +0xC: 1800bfaf != 1c00bfaf"
0x80013360,5,gcc-2.7.2-mips,profile=gcc_2_7_2_g0 label=remaining-profile-pass source=tmp/agents/first-pass-c1/variants/func_80013360_v1.c,nonmatch,"profile-pass nonmatch: bytes=False, relocations=False, size=356/340; +0x0: 90018297 != 0a80023c"
0x8005C1F4,5,gcc-2.7.2-mips,profile=gcc_2_7_2_g0 label=remaining-profile-pass source=tmp/agents/first-pass-c1/variants/func_8005C1F4_v1.c,nonmatch,"profile-pass nonmatch: bytes=False, relocations=False, size=428/384; +0x0: 58018293 != 0a80023c"
0x80053248,5,gcc-2.7.2-mips,profile=gcc_2_7_2_g0 label=remaining-profile-pass source=tmp/agents/first-pass-c1/variants/func_80053248_v1.c,nonmatch,"profile-pass nonmatch: bytes=False, relocations=False, size=348/400; +0x0: 0400a5af != 1000a88f"
0x8001B938,5,gcc-2.7.2-mips,profile=gcc_2_7_2_g0 label=remaining-profile-pass source=tmp/agents/first-pass-c1/variants/func_8001B938_v1.c,nonmatch,"profile-pass nonmatch: bytes=False, relocations=False, size=500/440; +0x0: cd028293 != 0a80033c"
0x8002FD10,5,gcc-2.7.2-mips,profile=gcc_2_7_2_g0 label=remaining-profile-pass source=tmp/agents/first-pass-c1/variants/func_8002FD10_v1.c,nonmatch,"profile-pass nonmatch: bytes=False, relocations=False, size=504/448; +0x0: c8ffbd27 != d0ffbd27"
0x80036DBC,6,gcc-2.7.2-mips,profile=gcc_2_7_2_g0 label=remaining-profile-pass source=tmp/agents/first-pass-c1/variants/func_80036DBC_v1.c,deferred,"profile-pass nonmatch: bytes=False, relocations=False, size=464/452; +0x24: 0f80043c != 00000000"
0x80023144,6,gcc-2.7.2-mips,profile=gcc_2_7_2_g0 label=remaining-profile-pass source=tmp/agents/first-pass-c4/sources/func_80023144_attempt1.c,deferred,"profile-pass nonmatch: bytes=False, relocations=False, size=864/840; +0x0: d0ffbd27 != b8ffbd27"
0x80022674,6,gcc-2.7.2-mips,profile=gcc_2_7_2_g0 label=remaining-profile-pass source=tmp/agents/first-pass-c4/sources/func_80022674_attempt1.c,deferred,"profile-pass nonmatch: bytes=False, relocations=False, size=888/896; +0x24: 80180300 != 00190300"
0x800229F4,6,gcc-2.7.2-mips,profile=gcc_2_7_2_g0 label=remaining-profile-pass source=tmp/agents/first-pass-c4/sources/func_800229F4_attempt1.c,deferred,"profile-pass nonmatch: bytes=False, relocations=False, size=928/928; +0x24: 80180300 != 00190300"
0x800330BC,6,gcc-2.7.2-mips,profile=gcc_2_7_2_g0 label=remaining-profile-pass source=tmp/agents/first-pass-c4/sources/func_800330BC_attempt1.c,deferred,"profile-pass nonmatch: bytes=False, relocations=False, size=1100/1092; +0x0: e0ffbd27 != d8ffbd27"
0x80013360,6,gcc-2.8.1-psx,profile=gcc_2_8_1_g0_no_sched2 label=remaining-profile-pass source=tmp/agents/first-pass-c1/variants/func_80013360_v1.c,deferred,"profile-pass nonmatch: bytes=False, relocations=False, size=356/340; +0x0: 90018297 != e8ffbd27"
0x8005C1F4,6,gcc-2.8.1-psx,profile=gcc_2_8_1_g0_no_sched2 label=remaining-profile-pass source=tmp/agents/first-pass-c1/variants/func_8005C1F4_v1.c,deferred,"profile-pass nonmatch: bytes=False, relocations=False, size=444/384; +0x0: 58018293 != e8ffbd27"
0x80053248,6,gcc-2.8.1-psx,profile=gcc_2_8_1_g0_no_sched2 label=remaining-profile-pass source=tmp/agents/first-pass-c1/variants/func_80053248_v1.c,deferred,"profile-pass nonmatch: bytes=False, relocations=False, size=348/400; +0x0: 0400a5af != 1000a88f"
0x8001B938,6,gcc-2.8.1-psx,profile=gcc_2_8_1_g0_no_sched2 label=remaining-profile-pass source=tmp/agents/first-pass-c1/variants/func_8001B938_v1.c,deferred,"profile-pass nonmatch: bytes=False, relocations=False, size=504/440; +0x0: cd028293 != 0a80033c"
0x8002FD10,6,gcc-2.8.1-psx,profile=gcc_2_8_1_g0_no_sched2 label=remaining-profile-pass source=tmp/agents/first-pass-c1/variants/func_8002FD10_v1.c,deferred,"profile-pass nonmatch: bytes=False, relocations=False, size=452/448; +0x0: c8ffbd27 != d0ffbd27"
0x8004AAFC,3,gcc-2.8.1-psx,profile=gcc_2_8_1_g0 label=older-decomp-pure-c source=tmp/candidates/func_8004AAFC_v3.c,nonmatch,"Older decomp pure-C structure with locally validated one-argument func_8004A7C0 prototype: exact 0x1E8 size and relocation targets; first register-allocation difference at +0x4C (target loads D_80011434 through v0, candidate s3)."
0x8004AAFC,4,gcc-2.8.1-psx,profile=gcc_2_8_1_g0_no_split label=older-decomp-no-split source=tmp/candidates/func_8004AAFC_v3.c,nonmatch,"Documented older -G0 -mno-split profile reproduces the same exact 0x1E8 size and relocation targets as default G0, with the same first table-address register difference at +0x4C."
0x8004AAFC,5,gcc-2.8.1-psx,profile=gcc_2_8_1_g0_no_split label=base-symbol-plus-offset source=tmp/candidates/func_8004AAFC_v5.c,nonmatch,Target-motivated D_80010538+0xEFC address expression preserved exact 0x1E8 bytes length but still allocated the final table pointer directly in s3; relocation symbols no longer matched D_80011434 and the same two address-load words differed.
0x8004AAFC,6,gcc-2.8.1-psx,profile=gcc_2_8_1_g0_no_split label=explicit-table-base source=tmp/candidates/func_8004AAFC_v6.c,deferred,"Terminal sixth pure-C variant: explicit local table base still folds to the same s3 address load and relocates against D_80010538. Closest remains attempt 3/4: exact 0x1E8 size and all relocation targets, only +0x4C/+0x50 differ because retail materializes D_80011434 through v0 before s3."
0x80024E58,3,gcc-2.8.1-psx,profile=gcc_2_8_1_g8 label=older-decomp-sized-globals source=tmp/candidates/func_80024E58_v3.c,nonmatch,"Older near-match structure with independently checked widths compiled to 0x1BC/0x1D0; G8 incorrectly selected GPREL16 for the eight-byte terrain and busy arrays, while retail uses HI16/LO16 for those globals."
0x80024E58,4,gcc-2.8.1-psx,profile=gcc_2_8_1_g8 label=absolute-sized-globals source=tmp/candidates/func_80024E58_v4.c,nonmatch,Sizing terrain and busy arrays above G8 fixed target relocation classes and exact 0x1D0 length. Five words remain: the documented mask/decrement scheduling pair at +0x4C/+0x50 and direct-saved-register versus v0-then-s1 materialization of D_801A7AD8 at +0x164..+0x16C.
0x80024E58,5,gcc-2.8.1-psx,profile=gcc_2_8_1_g8 label=typed-field-entry-loop source=tmp/candidates/func_80024E58_v5.c,nonmatch,"Validated 0x1C FieldEntry layout and typed loop compile identically to byte-pointer form: exact size, with the same five scheduling/address-materialization words and shifted D_801A7AD8 relocation pair."
0x80024E58,6,gcc-2.8.1-psx,profile=gcc_2_8_1_g8 label=precall-decrement source=tmp/candidates/func_80024E58_v6.c,deferred,"Terminal sixth variant moved the decrement before func_8002C604 as suggested by retail delay-slot order, but hoisted the terrain store address and remained nonexact. Closest is attempt 4/5: exact 0x1D0 size with five words differing (two mask/decrement scheduling words and three D_801A7AD8 address-register words)."
0x8004D58C,3,gcc-2.8.1-psx,profile=gcc_2_8_1_g0 label=older-decomp-reset-pass source=tmp/candidates/func_8004D58C_v3.c,nonmatch,"Older reset-pass reconstruction matches exact 0x1D0 size and all relocations; 12 words differ, all from the prologue zero-master register choice and its propagated copies at +0x148..+0x160."
0x8004D58C,4,gcc-2.8.1-psx,profile=gcc_2_8_1_g0 label=target-register-init-order source=tmp/candidates/func_8004D58C_v4.c,nonmatch,Reordering initializers to mirror target register roles preserved exact size/relocations but worsened to 23 words because it changed allocator roles beyond the prologue; the original declaration order remains the 12-word closest form.
0x8004D58C,5,gcc-2.8.1-psx,profile=gcc_2_8_1_g0 label=dependent-zero-copies source=tmp/candidates/func_8004D58C_v5.c,nonmatch,"Dependency-based zero copies emitted the same 23-word register allocation as direct target-order statements; exact size and relocations remained, but the original independent-initializer form is still closest at 12 words."
0x8004D58C,6,gcc-2.8.1-psx,profile=gcc_2_8_1_g0 label=comma-sequenced-zero-copies source=tmp/candidates/func_8004D58C_v6.c,deferred,Terminal sixth variant forced target assignment sequencing through a comma expression but GCC retained the same 23-word alternate allocation. Closest remains attempt 3: exact 0x1D0 size/relocations with 12 words differing solely from the prologue zero-master register and propagated copies.
0x8004D75C,2,gcc-2.8.1-psx,profile=gcc_2_8_1_g0 label=older-decomp-accumulate-pass source=tmp/candidates/func_8004D75C_v2.c,nonmatch,"Older accumulate-pass reconstruction exactly matches 0x1B8 size and all relocations; 21 words differ from register/live-range allocation, with the documented identical-arm pointer branch retaining the closest shape."
0x8004D75C,3,gcc-2.8.1-psx,profile=gcc_2_8_1_g0_no_sched2 label=retail-scheduler-check source=tmp/candidates/func_8004D75C_v2.c,nonmatch,"Disabling the second scheduler pass produced byte-for-byte the same 21-word residual as default GCC 2.8.1; exact size and relocations confirm source live ranges, not scheduler pass selection, are the blocker."
0x8004D75C,4,gcc-2.8.1-psx,profile=gcc_2_8_1_g0 label=gms-direct-store source=tmp/candidates/func_8004D75C_v4.c,nonmatch,"Removing the identical-arm liveness placeholder restores the direct GMS control flow but worsens the exact-size/all-relocation residual from 21 to 40 words, confirming the remaining blocker is register live-range shape."
0x8004D75C,5,gcc-2.8.1-psx,profile=gcc_2_8_1_g0 label=named-ffff-invariant source=tmp/candidates/func_8004D75C_v5.c,nonmatch,Naming the hoisted 0xFFFF invariant improved the exact-size/all-relocation residual from 21 to 20 words by matching one prologue role; i/ff still allocate as t5/t6 instead of retail t0/t5.
0x8004D75C,6,gcc-2.8.1-psx,profile=gcc_2_8_1_g0 label=sentinel-declaration-order source=tmp/candidates/func_8004D75C_v6.c,deferred,Terminal sixth variant moved the named sentinel declaration ahead of i but compiled identically. Closest is attempt 5/6: exact 0x1B8 size and relocations with 20 register/live-range words differing; named 0xFFFF improves the older 21-word placeholder by one.
0x80015310,3,gcc-2.8.1-psx,profile=gcc_2_8_1_g8 label=direct-state-reference source=tmp/candidates/func_80015310_v3.c,nonmatch,"Corrected D_800E9EC8/D_800E9ECC as direct arrays and forced 32-bit step global absolute: 0x1CC/0x1D4, with expected scalar GPREL classes but shifted state relocations and eight missing scheduling bytes."
0x80015310,4,gcc-2.8.1-psx,profile=gcc_2_8_1_g8_split label=direct-state-split source=tmp/candidates/func_80015310_v3.c,nonmatch,Split-address compilation placed the initial D_800E9EC8 HI16 correctly but shortened to 0x1C8 and introduced duplicate HI16 relocations for D_8009B0D8/state rematerialization; default G8 remains closer at 0x1CC.
0x80015310,5,gcc-2.8.1-psx,profile=gcc_2_8_1_g8 label=volatile-output-bytes source=tmp/candidates/func_80015310_v5.c,nonmatch,Volatile qualifiers on the three load-to-small-data store destinations produced identical 0x1CC code; they do not repair the known MASPSX load-delay nop gap. Default direct-state source remains closest.
0x80015310,6,gcc-2.8.1-psx,profile=gcc_2_8_1_g8 label=unchiga-direct-clamp source=tmp/candidates/func_80015310_v6.c,deferred,Terminal sixth variant used the collaborator sketch direct-clamp structure but compiled identically to the corrected older source. Closest is default G8 direct-state form at 0x1CC/0x1D4; relocations align through the main body but retail has the known state-address scheduling and small-data load-delay nop pattern that pure C plus current MASPSX does not reproduce.
0x8005BE3C,2,gcc-2.8.1-psx,profile=gcc_2_8_1_g8 label=older-decomp-plain-pointer source=tmp/candidates/func_8005BE3C_v2.c,nonmatch,Older decoded behavior with locally validated two-argument decoder calls compiled 0x1A0/0x18C and shifted relocations; retaining one D_8009B498 load across both coordinate groups is structurally unlike retail three-load behavior.
0x8005BE3C,3,gcc-2.8.1-psx,profile=gcc_2_8_1_g8_split label=unchiga-sketch-two-arg source=tmp/candidates/func_8005BE3C_v3.c,nonmatch,Collaborator sketch with independently validated two-argument calls reaches 0x188/0x18C under its recorded G8 split profile; 87 aligned words differ and relocations are shifted by the four-byte shortfall.
0x8005BE3C,4,gcc-2.8.1-psx,profile=gcc_2_8_1_g8_split label=volatile-frame-buffer source=tmp/candidates/func_8005BE3C_v4.c,nonmatch,"Volatile D_8009B498 independently reproduces three pointer reloads, but expands to 0x198/0x18C and shifts the later relocations; plain collaborator sketch remains closer at 0x188."
0x8005BE3C,5,gcc-2.8.1-psx,profile=gcc_2_8_1_g8_split label=early-env-argument source=tmp/candidates/func_8005BE3C_v5.c,nonmatch,"Collaborator env_arg knob fixes exact 0x18C size, but initializing it before the first guard perturbs the prologue and leaves 89 words different; relocation targets after the early block remain shifted."
0x8005BE3C,6,gcc-2.8.1-psx,profile=gcc_2_8_1_g8_split label=scoped-env-argument source=tmp/candidates/func_8005BE3C_v6.c,deferred,"Terminal sixth variant scoped env_arg after the initial guard, but GCC optimized it back to the 0x188 form. Closest by aligned words is attempt 3/6 (87 differing, four bytes short); attempt 5 is exact 0x18C size but 89 words differ. The unresolved structural blocker is retail three-stage D_8009B498 reload/evaluation ordering."
0x8004D914,3,gcc-2.8.1-psx,profile=gcc_2_8_1_g0 label=reference-pure source=tmp/agents/reference-pure-8/variants/func_8004D914_a1.c,nonmatch,Reference-derived pure C: exact 512-byte size and 4 relocation kinds/counts; first mismatch word +0x14 40110200!=0f80033c and HI/LO pair is four bytes early.
0x8004D914,4,gcc-2.8.1-psx,profile=gcc_2_8_1_g0_split label=reference-pure source=tmp/agents/reference-pure-8/variants/func_8004D914_a3.c,nonmatch,Reference-derived pure C split-address profile: exact 512-byte size and relocation count; first mismatch word +0x4 c0100400!=0f80033c and global HI/LO placement differs.
0x8004D914,5,gcc-2.8.1-psx,profile=gcc_2_8_1_g0_no_sched2 label=reference-pure source=tmp/agents/reference-pure-8/variants/func_8004D914_a4.c,nonmatch,Reference-derived pure C without second scheduler pass: exact 512-byte size and relocation count; first mismatch word +0x4 c0100400!=0800b2af.
0x8004D914,6,gcc-2.8.1-psx,profile=gcc_2_8_1_g0_no_split label=reference-pure source=tmp/agents/reference-pure-8/variants/func_8004D914_a5.c,deferred,"Terminal reference-derived pure C: exact 512-byte size and relocation count, but first mismatch remains word +0x14 40110200!=0f80033c with the global HI/LO pair four bytes early."
0x80071CB0,3,gcc-2.8.1-psx,profile=gcc_2_8_1_g0_split label=parked-nearmatch source=tmp/candidates/func_80071CB0_v3.c,nonmatch,"Locally typed parked source matches 520-byte size and all relocations; three preheader instruction-order words differ, first at +0x74: 1000aa27!=21402001."
0x80071CB0,4,gcc-2.8.1-psx,profile=gcc_2_8_1_g0_split label=stack-base-local source=tmp/candidates/func_80071CB0_v4.c,nonmatch,"Named stack-array base local changes register allocation and shrinks text to 508/520 bytes; relocations no longer match, first byte difference +0x2D."
0x80071CB0,5,gcc-2.8.1-psx,profile=gcc_2_8_1_g0_split label=target-preheader-source source=tmp/candidates/func_80071CB0_v5.c,nonmatch,Source-order and i=best reconstruction expands text to 544/520 bytes and changes relocations; first mismatch remains preheader +0x74.
0x80071CB0,6,gcc-2.8.1-psx,profile=gcc_2_8_1_g0 label=parked-nearmatch-final source=tmp/candidates/func_80071CB0_v3.c,deferred,Terminal default-profile test shrinks text to 516/520 bytes and changes relocations; closest remains the split profile at exact size/relocations with three preheader-order words differing.
0x80012E5C,3,gcc-2.8.1-psx,profile=gcc_2_8_1_g8_as_g4 label=parked-local-types source=tmp/candidates/func_80012E5C_v3.c,nonmatch,Parked display-path source with independently recovered widths builds 536/528 bytes; relocations differ and first branch displacement mismatch is +0x18.
0x80012E5C,4,gcc-2.8.1-psx,profile=gcc_2_8_1_g8_as_g4 label=parked-declaration-repair source=tmp/candidates/func_80012E5C_v4.c,nonmatch,Corrected scalar/pointer global declarations reduce text to 532/528 bytes; relocations still differ and first mismatch remains branch displacement +0x18.
0x80012E5C,5,gcc-2.8.1-psx,profile=gcc_2_8_1_g8_split_as_g4 label=parked-exact-size source=tmp/candidates/func_80012E5C_v5.c,nonmatch,"Split-address GCC with MASPSX/as -G4 reaches exact 528-byte size; relocations/order still differ, first word mismatch +0x20 1080023c!=0a80023c. Old parked evidence reports 24 differing words."
0x80012E5C,6,gcc-2.8.1-psx,profile=gcc_2_8_1_g8_split_as_g4 label=target-load-order source=tmp/candidates/func_80012E5C_v6.c,deferred,Terminal target-load-order variant remains exact 528-byte size but first mismatch stays +0x20 and relocations/order differ; closest residual is the 24-word parked split/G4 shape.
0x80052694,3,gcc-2.8.1-psx,profile=gcc_2_8_1_g8_split label=reference-pointer-global source=tmp/agents/reference-pure-8/variants/func_80052694_a1.c,nonmatch,Reference-derived pure C with pointer declaration fails linking: GPREL16 relocations against D_800F2B20 are out of range; candidate relocation count 19 versus target 20.
0x80052694,4,gcc-2.8.1-psx,profile=gcc_2_8_1_g8_split label=reference-array-global source=tmp/agents/reference-pure-8/variants/func_80052694_a2.c,nonmatch,Corrected pointer-object declaration compiles with all 20 relocations but text is 544/536 bytes; first word mismatch +0xC 4a2b5084!=4a2b508c.
0x80052694,5,gcc-2.8.1-psx,profile=gcc_2_8_1_g8 label=reference-array-global source=tmp/agents/reference-pure-8/variants/func_80052694_a3.c,nonmatch,Default G8 reference-derived source is 552/536 bytes with 21/20 relocations; first mismatch word +0x4 0f80023c!=1800b0af.
0x80052694,6,gcc-2.8.1-psx,profile=gcc_2_8_1_g8_no_sched2 label=reference-array-global source=tmp/agents/reference-pure-8/variants/func_80052694_a4.c,deferred,Terminal no-second-scheduler reference candidate is 556/536 bytes with 21/20 relocations; closest remains split G8 at 544 bytes with all 20 relocations and first mismatch +0xC.
0x8005FC1C,3,gcc-2.8.1-psx,profile=gcc_2_8_1_g0 label=parked-local-types source=tmp/candidates/func_8005FC1C_v3.c,nonmatch,Locally typed parked dispatch source under G0 expands to 632/552 bytes with relocation differences; first register mismatch at +0x2.
0x8005FC1C,4,gcc-2.8.1-psx,profile=gcc_2_8_1_g8 label=parked-local-types source=tmp/candidates/func_8005FC1C_v3.c,nonmatch,G8 profile produces the same 632/552-byte dispatch tree as G0 with relocation differences; first register mismatch remains +0x2.
0x8005FC1C,5,gcc-2.8.1-psx,profile=gcc_2_8_1_g8_split label=parked-nearmatch source=tmp/candidates/func_8005FC1C_v3.c,nonmatch,"Split-address profile reaches the documented parked shape at 560/552 bytes; first mismatch is branch target word +0x84 8f7f0108!=917f0108, with 27 known dispatch/return-shape differences."
0x8005FC1C,6,gcc-2.8.1-psx,profile=gcc_2_8_1_g0_split label=parked-nearmatch-final source=tmp/candidates/func_8005FC1C_v3.c,deferred,"Terminal split G0 profile reproduces the same 560/552-byte parked shape as split G8; closest residual remains 27 words, caused chiefly by shared versus inline default-return blocks."
0x8005B36C,2,gcc-2.8.1-psx,profile=gcc_2_8_1_g0 label=repaired-m2c-pointer-types source=tmp/manual-matching/8005B36C/attempt2.c,nonmatch,"Compiles; target/candidate text 364/368 bytes. First word differs by initial arg register assignment; D_800FE240 relocation use schedule differs (target 10 records, candidate 8)."
0x8005B36C,3,gcc-2.8.1-psx,profile=gcc_2_8_1_g0 label=minimal-m2c-repair source=tmp/manual-matching/8005B36C/attempt3.c,nonmatch,"Compiles with target relocation count (10) but text is 376/364 bytes; first divergence at +0x4 from second argument register allocation, and first D_800FE240 load occurs eight bytes too early."
0x8005B36C,4,gcc-2.8.1-psx,profile=gcc_2_8_1_g0 label=legacy-ygofm-source source=tmp/manual-matching/8005B36C/attempt4.c,nonmatch,Legacy ygofm source compiles to 356/364 bytes with the correct 10 relocation kinds but all relocation offsets are early; first structural divergence at +0x10 where target preserves arg2 in t2 before loading stack arg5.
0x8005B36C,5,gcc-2.8.1-psx,profile=gcc_2_8_1_g0 label=explicit-saved-index source=tmp/manual-matching/8005B36C/attempt5.c,nonmatch,"Explicit saved_idx is optimized away and reproduces attempt 4 exactly: 356/364 bytes, first divergence +0x10, correct relocation count but offsets early."
0x8005B36C,6,gcc-2.8.1-psx,profile=gcc_2_8_1_g0_split label=legacy-source-split-addresses source=tmp/manual-matching/8005B36C/attempt4.c,deferred,"Sixth variant is worse: split-address profile emits 344/364 bytes and only seven relocation records, with register divergence from the first instruction. Closest remains attempt 4/5 at 356 bytes with correct relocation count."
0x8005B0B4,2,gcc-2.8.1-psx,profile=gcc_2_8_1_g0 label=legacy-ygofm-source source=tmp/manual-matching/8005B0B4/attempt2.c,nonmatch,"Target/candidate text 428/432 bytes with matching relocation records; first divergence at +0x70 is the temporary hue register, and the final RGB copy is four bytes longer."
0x8005B0B4,3,gcc-2.8.1-psx,profile=gcc_2_8_1_g0 label=reuse-mode-index source=tmp/manual-matching/8005B0B4/attempt3.c,nonmatch,"Exact 428-byte size, but reusing k changes saved-register setup at +0x44 and shifts the internal branch relocation four bytes early; target/candidate call relocations otherwise agree."
0x8005B0B4,4,gcc-2.8.1-psx,profile=gcc_2_8_1_g0 label=staged-rgb-copy source=tmp/manual-matching/8005B0B4/attempt4.c,nonmatch,Staging signed RGB loads preserves relocations but over-optimizes the tail to 416/428 bytes; first residual remains the hue temporary register at +0x70.
0x8005B0B4,5,gcc-2.8.1-psx,profile=gcc_2_8_1_g0_split label=legacy-source-split-addresses source=tmp/manual-matching/8005B0B4/attempt2.c,nonmatch,"Split-address profile is byte-identical to attempt 2 because the function has only call/branch relocations: 432/428 bytes, first residual +0x70."
0x8005B0B4,6,gcc-2.7.2-mips,profile=gcc_2_7_2_g0 label=legacy-source-dos-fallback source=tmp/manual-matching/8005B0B4/attempt2.c,deferred,"Sixth attempt reaches exact 428-byte size but changes the saved-register frame from +0x4 and shifts the second call relocation four bytes early. Closest remains GCC 2.8.1 attempt 2: +4 bytes, matching relocations, first residual +0x70."
0x80048768,2,gcc-2.8.1-psx,profile=gcc_2_8_1_g0 label=unchiga-pure-c-without-pins source=tmp/manual-matching/80048768/attempt2.c,nonmatch,"Exact 440-byte size; removing collaborator register pins changes saved-register allocation from +0x4. Absolute global relocations also use collaborator alias D_8009B45C instead of local target symbol g_SDValue, and the middle call/global block is 12 bytes late."
0x80048768,3,gcc-2.8.1-psx,profile=gcc_2_8_1_g0 label=local-global-symbol source=tmp/manual-matching/80048768/attempt3.c,nonmatch,"Exact 440-byte size and corrected local g_SDValue relocation symbols. Register allocation still diverges at +0x4; func_80077C50 and its following global load remain 12 bytes late, so relocation offsets do not match."
0x80048768,4,gcc-2.8.1-psx,profile=gcc_2_8_1_g0_split label=local-symbol-split-addresses source=tmp/manual-matching/80048768/attempt3.c,nonmatch,"Split-address profile worsens the candidate to 444/440 bytes, changes the stack frame at +0x0, and splits/hoists global relocations differently."
0x80048768,5,gcc-2.8.1-psx,profile=gcc_2_8_1_g0_no_sched2 label=local-symbol-no-sched2 source=tmp/manual-matching/80048768/attempt3.c,nonmatch,No-second-scheduler retains exact size but worsens entry scheduling: first divergence +0x4 becomes an early ra save. The middle call/global relocation block remains 12 bytes late.
0x80048768,6,gcc-2.8.1-psx,profile=gcc_2_8_1_g0 label=register-hints-without-asm source=tmp/manual-matching/80048768/attempt6.c,deferred,"Sixth pure-C variant is byte-identical to attempt 3: register hints without fixed-register asm are ignored. Closest residual is exact 440-byte size with local symbols, but entry allocation differs and the middle relocation block is 12 bytes late."
0x8004DC38,3,gcc-2.8.1-psx,profile=gcc_2_8_1_g0 label=legacy-ygofm-source source=tmp/manual-matching/8004DC38/attempt3.c,nonmatch,Semantically aligned source compiles to 496/492 bytes; compiler strength-reduces the opening index arithmetic in a different order from +0x0. Candidate has three local branch relocations versus target two.
0x8004DC38,4,gcc-2.8.1-psx,profile=gcc_2_8_1_g0 label=explicit-index-strength-reduction source=tmp/manual-matching/8004DC38/attempt4.c,nonmatch,"Explicit 0x74/0x76 shift-add chains reach exact 492-byte size, but candidate begins with the c shift rather than target base copy. Candidate retains an extra local branch relocation and the first target branch relocation is eight bytes later."
0x8004DC38,5,gcc-2.8.1-psx,profile=gcc_2_8_1_g0 label=explicit-base-local source=tmp/manual-matching/8004DC38/attempt5.c,nonmatch,"Explicit base local is optimized away and is byte-identical to attempt 4: exact size, opening scheduler mismatch, and three versus two local branch relocations."
0x8004DC38,6,gcc-2.8.1-psx,profile=gcc_2_8_1_g0_no_sched2 label=explicit-index-no-sched2 source=tmp/manual-matching/8004DC38/attempt4.c,deferred,Sixth attempt worsens to 504/492 bytes and retains the same opening mismatch plus an extra branch relocation. Closest is attempts 4/5: exact size with residual scheduler/control-flow differences.
0x800580D4,3,gcc-2.8.1-psx,profile=gcc_2_8_1_g8 label=legacy-ygofm-validated-layouts source=tmp/manual-matching/800580D4/attempt3.c,nonmatch,"Validated SVECTOR/MATRIX source compiles to 480/492 bytes. Calls through func_8008E3D0 and gp relocations align, but saved-register allocation diverges at +0x8; final three calls are 16/12 bytes early."
0x800580D4,4,gcc-2.8.1-psx,profile=gcc_2_8_1_g8 label=volatile-repeated-d18-loads source=tmp/manual-matching/800580D4/attempt4.c,nonmatch,Volatile D_800F2C40+0xD18 loads restore the target repeated-load shape: first final call relocation aligns at +0x19C. Candidate is 496/492 bytes; first residual is prologue base-register allocation at +0x24 and later calls are four bytes late.
0x800580D4,5,gcc-2.8.1-psx,profile=gcc_2_8_1_g8 label=explicit-output-local source=tmp/manual-matching/800580D4/attempt5.c,nonmatch,"Explicit output local is optimized away and reproduces attempt 4 exactly: 496/492 bytes, first divergence +0x24, final two calls four bytes late."
0x800580D4,6,gcc-2.8.1-psx,profile=gcc_2_8_1_g8_no_sched2 label=volatile-loads-no-sched2 source=tmp/manual-matching/800580D4/attempt4.c,deferred,"Sixth attempt keeps 496-byte size but moves the first global relocation to +0x34 and diverges at +0x4 from scheduler changes. Closest is attempt 4/5: first residual +0x24, most call relocations exact, final two four bytes late."
0x8005AE68,3,gcc-2.8.1-psx,profile=gcc_2_8_1_g8 label=legacy-ygofm-source source=tmp/manual-matching/8005AE68/attempt3.c,nonmatch,Exact 492-byte size and all relocations match; first difference at +0x4 is the saved-register assignment.
0x8005AE68,4,gcc-2.8.1-psx,profile=gcc_2_8_1_g8 label=explicit-original-argument source=tmp/manual-matching/8005AE68/attempt4.c,nonmatch,"Exact 492-byte size and all relocations match. Explicit original arg improves entry ordering so first difference moves to +0xC, where arg2 is saved before target arg0."
0x8005AE68,5,gcc-2.8.1-psx,profile=gcc_2_8_1_g8 label=explicit-original-and-scale source=tmp/manual-matching/8005AE68/attempt5.c,nonmatch,"Closest candidate: exact 492 bytes and exact relocations; bytes match through +0x63. First residual at +0x64 is target andi s0,s1,0xFF versus candidate move s0,s1."
0x8005AE68,6,gcc-2.8.1-psx,profile=gcc_2_8_1_g8 label=s32-mode-truncation source=tmp/manual-matching/8005AE68/attempt6.c,deferred,"Sixth variant widens m and regresses to 480/492 bytes, shifting every relocation eight bytes early. Closest remains attempt 5: exact size/relocations and first differing word at +0x64."
0x8004E7B0,3,gcc-2.8.1-psx,profile=gcc_2_8_1_g8_split label=unchiga-recorded-sketch source=tmp/manual-matching/8004E7B0/attempt3.c,nonmatch,Recorded Unchiga sketch with target-verified s16 globals and u16 modulus compiles to 404/496 bytes; first word differs because target preserves arg0 in a3 before four gp-relative loads. Candidate has 15 versus target 17 relocations; structural lean-mapping CFG remains shorter.
0x8004E7B0,4,gcc-2.8.1-psx,profile=gcc_2_8_1_g8 label=legacy-goto-structure source=tmp/manual-matching/8004E7B0/attempt4.c,nonmatch,Old reference goto structure with independently verified s16/u16 accesses compiles to 476/496 bytes and 16/17 relocations. It retains the same first-word arg0 scheduling mismatch; its back-half CFG is closer but still omits target control-flow/scheduling words.
0x8004E7B0,5,gcc-2.8.1-psx,profile=gcc_2_8_1_g8 label=explicit-target-cfg-and-load-order source=tmp/manual-matching/8004E7B0/attempt5.c,nonmatch,"Explicit four-load ordering and target-style goto CFG are optimized back to the attempt-4 shape: 476/496 bytes, 16/17 relocations, and first mismatch at +0x0 from delayed arg0 preservation."
0x8004E7B0,6,gcc-2.8.1-psx,profile=gcc_2_8_1_g8_split label=legacy-goto-split-final source=tmp/manual-matching/8004E7B0/attempt4.c,deferred,Sixth variant under Unchiga recorded split profile is byte-identical in size/residual to unsplit: 476/496 bytes and 16/17 relocations. Closest is the legacy goto shape; first mismatch remains +0x0 and target back-half contains five additional scheduled/control-flow words.
0x8002A9C0,3,gcc-2.8.1-psx,profile=gcc_2_8_1_g0_split label=legacy-literal-scratchpad source=tmp/manual-matching/8002A9C0/attempt3.c,nonmatch,Target-derived legacy literal-scratchpad source compiles to exact 500-byte size with all six call relocations exact. Bytes match through +0x93; first residual at +0x94 is target loading 0x55555555 before scratchpad addresses while candidate loads 0x1F800310 first.
0x8002A9C0,4,gcc-2.8.1-psx,profile=gcc_2_8_1_g0_split label=target-ordered-scratchpad-initializers source=tmp/manual-matching/8002A9C0/attempt4.c,matched,"Exact 500-byte function and all six relocations match. Reordering independently verified scratchpad pointer initializers to b0, magic, b2, b3, b1 reproduces the retail constant-materialization schedule."
0x8001F364,3,gcc-2.8.1-psx,profile=gcc_2_8_1_g8_split label=validated-legacy-dispatch source=tmp/manual-matching/8001F364/attempt3.c,nonmatch,"Validated local widths and array bases produce exact 504-byte size and 37 relocation records, but relocation offsets differ. First byte residual +0x20 is a branch target one instruction late because the simplified goto dispatch does not fill retail delay slots."
0x8001F364,4,gcc-2.8.1-psx,profile=gcc_2_8_1_g8_split label=legacy-do-while-dispatch source=tmp/manual-matching/8001F364/attempt4.c,nonmatch,"Restoring the old reference do-while/goto layout keeps exact 504-byte size and 37 relocation records and improves the first residual to +0x2C. Retail places li v0,2 in the dispatch branch delay slot while GCC leaves a nop; later far-pointer relocation offsets still differ."
0x8001F364,5,gcc-2.8.1-psx,profile=gcc_2_8_1_g8_split label=switch-dispatch source=tmp/manual-matching/8001F364/attempt5.c,nonmatch,Explicit switch over the verified low nibble compiles to exact 504-byte size and 37 relocation records but reproduces attempt 3: first branch target at +0x20 is one instruction late and later relocation offsets differ.
0x8001F364,6,gcc-2.8.1-psx,profile=gcc_2_8_1_g8_no_sched2 label=legacy-dispatch-final source=tmp/manual-matching/8001F364/attempt4.c,deferred,"Sixth no-second-scheduler variant worsens to 508/504 bytes and 36/37 relocations, moving the stack-frame setup ahead of the target initial gp load. Closest remains attempt 4: exact size/count, first residual +0x2C, with the far-pointer block structurally aligned but relocation offsets shifted."
0x80058624,3,gcc-2.8.1-psx,profile=gcc_2_8_1_g0 label=legacy-vector-audio-source source=tmp/manual-matching/80058624/attempt3.c,nonmatch,"Old reference structure with independently verified s32 vector fields and signed byte output compiles to exact 532-byte size. First residual +0x4 is saved-register allocation (target saves s1, candidate s0); candidate has seven versus target nine relocation records."
0x80058624,4,gcc-2.8.1-psx,profile=gcc_2_8_1_g0 label=legacy-byte-pointer-layout source=tmp/manual-matching/80058624/attempt4.c,nonmatch,"Using the old byte-pointer/cast layout is optimized identically to the typed s32 array: exact 532-byte size, first saved-register residual +0x4, and seven versus nine relocation records."
0x80058624,5,gcc-2.8.1-psx,profile=gcc_2_8_1_g0 label=typed-global-object source=tmp/manual-matching/80058624/attempt5.c,nonmatch,"Declaring the verified six-word global layout as a typed object does not alter code generation: exact 532-byte size, first residual +0x4, and seven versus nine relocation records."
0x80058624,6,gcc-2.8.1-psx,profile=gcc_2_8_1_g0_split label=typed-global-split-final source=tmp/manual-matching/80058624/attempt5.c,deferred,"Sixth split-address variant reaches exact 532-byte size and exact nine relocations; bytes match through +0x191. Sole residual word at +0x190 is target negu v1,v1 versus candidate negu v1,v0 after move v1,v0; GCC canonicalizes the source operand."
0x8005BFC8,3,gcc-2.8.1-psx,profile=gcc_2_8_1_g8_split label=legacy-stream-source source=tmp/manual-matching/8005BFC8/attempt3.c,nonmatch,Legacy stream source with verified globals compiles to 568/556 bytes and 34/32 relocations; first residual +0x4 is a 56-byte versus target 48-byte frame caused by absolute handling of the unsized four-byte gp object.
0x8005BFC8,4,gcc-2.8.1-psx,profile=gcc_2_8_1_g8_split label=unchiga-typed-sketch source=tmp/manual-matching/8005BFC8/attempt4.c,nonmatch,Unchiga typed sketch compiles to 540/556 bytes and 29/32 relocations. First residual +0x20 is an inverted/shared early-return branch; the reduced source caches the tail globals and omits four retail words.
0x8005BFC8,5,gcc-2.8.1-psx,profile=gcc_2_8_1_g8_split label=sized-gp-object source=tmp/manual-matching/8005BFC8/attempt5.c,nonmatch,"Sizing D_8009B49C as the verified four-byte gp object fixes the frame and address class: exact 556-byte size and all 32 relocations match. Bytes match through +0x135; first residual is target lui v1,1 versus candidate lui s1,1 for the decode-buffer offset."
0x8005BFC8,6,gcc-2.8.1-psx,profile=gcc_2_8_1_g8_split label=literal-decode-offset-final source=tmp/manual-matching/8005BFC8/attempt6.c,deferred,"Sixth variant inlines 0x1B000 to avoid the saved-register constant, retaining exact 556-byte size and 32 relocations but regressing register allocation at +0x54. Closest remains attempt 5: bytes exact through +0x135, then target uses v1 where candidate keeps the decode offset in s1."
0x800336F0,3,gcc-2.8.1-psx,profile=gcc_2_8_1_g0_no_split label=verified-volatile-reference-source-include-error source=tmp/manual-matching/800336F0/attempt3.c,nonmatch,Target-verified volatile u16 globals and one-argument func_80031E5C source could not preprocess because the temporary source used an invalid src/types.h include path; no bytes were produced.
0x800336F0,4,gcc-2.8.1-psx,profile=gcc_2_8_1_g0_no_split label=volatile-reloads-and-one-arg-tail-call source=tmp/manual-matching/800336F0/attempt4.c,matched,"Exact 500-byte text, all 28 relocations, and no allocatable non-text sections match. Volatile u16 declarations reproduce independent D_8009B398 reloads and constant scheduling; the verified one-argument func_80031E5C call preserves the retail tail-call register state."
0x8002BD0C,3,gcc-2.8.1-psx,profile=gcc_2_8_1_g0_split label=gms-switch-with-verified-offsets source=tmp/manual-matching/8002BD0C/attempt3.c,nonmatch,GMS switch with target-verified field widths and absolute globals emits a new 28-byte .rodata jump table instead of using retail D_80010208; standalone link therefore fails on discarded .rodata and cannot match the external runtime dispatch table.
0x8002BD0C,4,gcc-2.8.1-psx,profile=gcc_2_8_1_g0_no_split label=pure-computed-goto-address-taken-labels source=tmp/manual-matching/8002BD0C/attempt4.c,nonmatch,"Pure GNU C computed goto produces the correct external jtbl_80010208 relocation class, but GCC deletes case bodies whose labels are only referenced by no-effect address expressions; candidate is 48/560 bytes and diverges at the prologue."
0x8002BD0C,5,gcc-2.8.1-psx,profile=gcc_2_8_1_g0_split label=old-reference-goto-switch source=tmp/manual-matching/8002BD0C/attempt5.c,nonmatch,Old reference goto/switch structure with independently verified widths compiles to 532/560 bytes but still emits a private 28-byte .rodata jump table instead of retail jtbl_80010208; standalone strict link cannot accept the extra allocatable section.
0x8002BD0C,6,gcc-2.8.1-psx,profile=gcc_2_8_1_g0_no_split label=old-reference-nosplit-final source=tmp/manual-matching/8002BD0C/attempt5.c,deferred,"Sixth variant reaches 556/560 text bytes, the closest size, but retains a forbidden private 28-byte .rodata switch table rather than the retail external jtbl_80010208 relocation. Pure computed-goto label retention collapses the bodies, so exact assembly fallback remains."
0x80044608,3,gcc-2.8.1-psx,profile=gcc_2_8_1_g8_no_split label=old-reference-switch source=tmp/manual-matching/80044608/attempt3.c,nonmatch,"Old reference switch with target-verified gp-relative scalar widths compiles to 588/560 bytes. Entry bytes match through +0xB; first residual at +0xC is the state-1 branch target three instructions later, and relocation ordering differs with the longer block layout."
0x80044608,4,gcc-2.8.1-psx,profile=gcc_2_8_1_g8_no_split label=unchiga-goto-dispatch source=tmp/manual-matching/80044608/attempt4.c,nonmatch,"Recorded Unchiga goto-dispatch shape with independently verified declarations compiles to 584/560 bytes. First residual is +0x4: target loads D_8009B43D into v1 while GCC chooses a0, causing the documented function-wide register-role and block-layout divergence."
0x80044608,5,gcc-2.8.1-psx,profile=gcc_2_8_1_g8_split label=unchiga-goto-split source=tmp/manual-matching/80044608/attempt5.c,nonmatch,Split-address profile improves the goto shape to 556/560 bytes with 62/63 relocations (34/35 GPREL16; all 16 calls exact). First residual remains +0x4 because GCC loads D_8009B43D into a0 instead of target v1.
0x80044608,6,gcc-2.8.1-psx,profile=gcc_2_8_1_g8_split label=volatile-state-word-final source=tmp/manual-matching/80044608/attempt6.c,deferred,"Sixth variant marks target-reloaded D_8009B450 volatile and reaches exact 560-byte size plus exact relocation type/count (63 total: 35 GPREL16, 16 calls, 7 HI16, 5 LO16). Entry load/registers now match; first residual +0xC is the state-1 branch target, and only 23/140 words align because block ordering still differs."
0x80018DB4,3,gcc-2.8.1-psx,profile=gcc_2_8_1_g8_split label=target-verified-gms-unchiga-shape source=tmp/manual-matching/80018DB4/attempt3.c,nonmatch,Target-derived GMS/Unchiga structure with verified byte/halfword globals compiles to 564/568 bytes and exact relocation type/count (41 total). Bytes match through +0x37; first residual +0x38 is the outer 0x4000 branch target one word early; 58/141 aligned words match.
0x80018DB4,4,gcc-2.8.1-psx,profile=gcc_2_8_1_g8_split label=corrected-card-table-address source=tmp/manual-matching/80018DB4/attempt4.c,nonmatch,"Correcting the GMS/Unchiga lookup to target semantics removes the erroneous row-derived offset from D_8015C424 access, but GCC folds 0x48000+0x36B8 into the base relocation and shrinks to 556/568 bytes. Outer branch target is three words early at +0x38."
0x80018DB4,5,gcc-2.8.1-psx,profile=gcc_2_8_1_g8_split label=staged-card-table-base source=tmp/manual-matching/80018DB4/attempt5.c,nonmatch,"Separating D_8015C424 base and 0x48000 group pointer reproduces exact 568-byte size and all 41 relocation types/counts. Bytes match through +0x83; first residual +0x84 is target materializing D_800E9FF0 before loading D_8009B1D5, while candidate reverses that order."
0x80018DB4,6,gcc-2.8.1-psx,profile=gcc_2_8_1_g8_split label=explicit-error-table-base-final source=tmp/manual-matching/80018DB4/attempt6.c,deferred,"Sixth variant explicitly stages D_800E9FF0 before the xor, but GCC canonicalizes it identically to attempt 5. Closest remains exact 568 bytes and 41 relocation types/counts with 125/142 aligned words; first residual +0x84 is the unreproduced load/materialization schedule."
0x800220B8,3,gcc-2.8.1-psx,profile=gcc_2_8_1_g0_split label=corrected-old-reference-source source=tmp/manual-matching/800220B8/attempt3.c,nonmatch,Corrected old-reference logic with verified volatile u16 input words and absolute D_800F2848 object compiles to 520/572 bytes. First residual +0x14 is the toggle branch one instruction early because GCC reuses the D_8009B30C address register while retail rematerializes it.
0x800220B8,4,gcc-2.8.1-psx,profile=gcc_2_8_1_g0_split label=volatile-toggle-word source=tmp/manual-matching/800220B8/attempt4.c,nonmatch,Marking D_8009B30C volatile is code-identical to attempt 3: 520/572 bytes and the first branch target remains one word early at +0x14. GCC still reuses the absolute base register for the load/store pair.
0x800220B8,5,gcc-2.8.1-psx,profile=gcc_2_8_1_g0_no_sched2 label=corrected-reference-no-second-scheduler source=tmp/manual-matching/800220B8/attempt5.c,nonmatch,"Disabling GCC second scheduling expands the corrected source to 584/572 bytes, closer in size but worse in shape: first word becomes stack setup instead of retail D_8009B398 lui and relocation offsets diverge from entry."
0x800220B8,6,gcc-2.8.1-psx,profile=gcc_2_8_1_g0_no_split label=corrected-reference-nosplit-final source=tmp/manual-matching/800220B8/attempt6.c,deferred,"Sixth no-split variant is closest: 576/572 bytes, bytes exact through +0x33, and 123/143 aligned words. It has 43/45 relocations, missing two retail LO16 uses of D_800F2848 because GCC reuses the cached s0 base; exact assembly fallback remains."
0x80060B38,3,gcc-2.8.1-psx,profile=gcc_2_8_1_g0 label=gms-pure-c-reconstruction source=tmp/manual-matching/80060B38/attempt3.c,nonmatch,"Pure-C GMS reconstruction with verified scratchpad fields, 24-byte script stride, seven-card loop, and two local digit buffers compiles to 836/824 bytes with exact relocation type/count (11). First residual +0x14 is prologue saved-register ordering."
0x80060B38,4,gcc-2.8.1-psx,profile=gcc_2_8_1_g0 label=remove-nonretail-zero-initializers source=tmp/manual-matching/80060B38/attempt4.c,nonmatch,"Removing three GMS-inferred zero stores absent from target reaches exact 824-byte size and retains exact 11 relocation types/counts. First residual remains +0x14: target materializes D_80090DD8 before saving s1, while candidate saves s1 first."
0x80060B38,5,gcc-2.8.1-psx,profile=gcc_2_8_1_g0_split label=target-address-split source=tmp/manual-matching/80060B38/attempt5.c,nonmatch,"Split-address profile reproduces the retail prologue and bytes through +0x2B, with exact 11 relocation types/counts and 74/206 aligned words. It expands to 832/824 bytes; first residual is constant order, candidate materializing 0x100010 before target 0x808080."
0x80060B38,6,gcc-2.8.1-psx,profile=gcc_2_8_1_g0_split label=target-ordered-scratch-constants-final source=tmp/manual-matching/80060B38/attempt6.c,deferred,"Sixth variant orders scratch constants like retail and improves to 76/206 aligned words, bytes exact through +0x33, exact 11 relocations, and 832/824 bytes. First residual word +0x34 is register allocation for 0x100010 (target a1, candidate a0); fallback remains."
0x8003E490,4,gcc-2.8.1-psx,profile=gcc_2_8_1_g8_split label=attempt-4-pure-split source=tmp/agents/manual-six/candidates/func_8003E490_pure.c,nonmatch,tool error: candidate link: (.text+0x6c): relocation truncated to fit: R_MIPS_GPREL16 against `D_801D5648'
0x8003E490,5,gcc-2.8.1-psx,profile=gcc_2_8_1_g0 label=attempt-5-gprel-repair source=tmp/agents/manual-six/candidates/func_8003E490_pure.c,nonmatch,size 0xF8/0x344; 207 differing words; relocations_match=False; first +0x0: e3048293 != 0a80033c
0x8003E490,6,gcc-2.8.1-psx,profile=gcc_2_8_1_g8_split label=attempt-6-unchiga-dispatch source=tmp/agents/manual-six/candidates/func_8003E490_dispatch.c,deferred,size 0x3C/0x344; 206 differing words; relocations_match=False; first +0x4: d8ffbd27 != 00000000; pure collaborator dispatch collapses without its asm label-retention barrier
0x80018608,3,gcc-2.8.1-psx,profile=gcc_2_8_1_o1_g8 label=attempt-3-old-reference-o1 source=tmp/agents/reference-asm-4/attempt-sources/80018608/attempt-3.c,nonmatch,tool error: candidate link: (.text+0x104): additional relocation overflows omitted from the output
0x80018608,4,gcc-2.8.1-psx,profile=gcc_2_8_1_g8_no_sched2 label=attempt-4-old-reference-no-sched2 source=tmp/agents/reference-asm-4/attempt-sources/80018608/attempt-4.c,nonmatch,tool error: candidate link: (.text+0xfc): additional relocation overflows omitted from the output
0x80018608,5,gcc-2.8.1-psx,profile=gcc_2_8_1_g8_no_split label=attempt-5-old-reference-no-split source=tmp/agents/reference-asm-4/attempt-sources/80018608/attempt-5.c,nonmatch,tool error: candidate link: (.text+0xf0): additional relocation overflows omitted from the output
0x80018608,6,gcc-2.8.1-psx,profile=gcc_2_8_1_g0 label=attempt-6-gprel-repair source=tmp/agents/reference-asm-4/attempt-sources/80018608/attempt-6.c,deferred,size 0x3B0/0x384; 230 differing words; relocations_match=False; first +0x0: 32038397 != 0a80033c
0x800577B0,3,gcc-2.8.1-psx,profile=gcc_2_8_1_g8 label=attempt-3-explicit-label-dispatch source=tmp/agents/manual-six/candidates/func_800577B0_labels.c,nonmatch,tool error: candidate link: (.text+0x22c): additional relocation overflows omitted from the output
0x800577B0,4,gcc-2.8.1-psx,profile=gcc_2_8_1_g0 label=attempt-4-explicit-label-gprel-repair source=tmp/agents/manual-six/candidates/func_800577B0_labels.c,nonmatch,size 0x304/0x344; 204 differing words; relocations_match=False; first +0x4: 2800b2af != 1c00b1af
0x800577B0,5,gcc-2.8.1-psx,profile=gcc_2_8_1_g0_no_sched2 label=attempt-5-explicit-label-no-sched2 source=tmp/agents/manual-six/candidates/func_800577B0_labels.c,nonmatch,size 0x2FC/0x344; 206 differing words; relocations_match=False; first +0x6: 2800b2af != 2800bfaf
0x800577B0,6,gcc-2.7.2-psx,profile=gcc_2_7_2_g0 label=attempt-6-explicit-label-gcc272 source=tmp/agents/manual-six/candidates/func_800577B0_labels.c,deferred,size 0x338/0x344; 208 differing words; relocations_match=False; first +0x0: d0ffbd27 != d8ffbd27
0x80045F3C,3,gcc-2.8.1-psx,profile=gcc_2_8_1_g8_split label=attempt-3-pure-split source=tmp/agents/manual-six/candidates/func_80045F3C_pure.c,nonmatch,size 0x368/0x358; 206 differing words; relocations_match=False; first +0x0: 0a80043c != 5405848f
0x80045F3C,4,gcc-2.8.1-psx,profile=gcc_2_8_1_g8_no_split label=attempt-4-pure-no-split source=tmp/agents/manual-six/candidates/func_80045F3C_pure.c,nonmatch,size 0x368/0x358; 206 differing words; relocations_match=False; first +0x0: 0a80043c != 5405848f
0x80045F3C,5,gcc-2.8.1-psx,profile=gcc_2_8_1_g0 label=attempt-5-absolute-global-repair source=tmp/agents/manual-six/candidates/func_80045F3C_pure.c,nonmatch,size 0x3AC/0x358; 169 differing words; relocations_match=False; first +0xA0: 1b004010 != 1e004010
0x80045F3C,6,gcc-2.8.1-psx,profile=gcc_2_8_1_g0_no_sched2 label=attempt-6-g0-no-sched2 source=tmp/agents/manual-six/candidates/func_80045F3C_pure.c,deferred,size 0x3AC/0x358; 174 differing words; relocations_match=False; first +0x0: 0a80043c != e8ffbd27
0x80052D2C,3,gcc-2.8.1-psx,profile=gcc_2_8_1_g8_split label=attempt-3-pure-split source=tmp/agents/manual-six/candidates/func_80052D2C_pure.c,nonmatch,tool error: cannot resolve symbol .sbss
0x80052D2C,4,gcc-2.8.1-psx,profile=gcc_2_8_1_g8 label=attempt-4-stack-local-repair source=tmp/agents/manual-six/candidates/func_80052D2C_pure.c,nonmatch,tool error: candidate link: (.text+0x108): additional relocation overflows omitted from the output
0x80052D2C,5,gcc-2.8.1-psx,profile=gcc_2_8_1_g0 label=attempt-5-stack-local-gprel-repair source=tmp/agents/manual-six/candidates/func_80052D2C_pure.c,nonmatch,size 0x364/0x398; 225 differing words; relocations_match=False; first +0x0: c0ffbd27 != b8ffbd27
0x80052D2C,6,gcc-2.8.1-psx,profile=gcc_2_8_1_g0_no_sched2 label=attempt-6-g0-no-sched2 source=tmp/agents/manual-six/candidates/func_80052D2C_pure.c,deferred,size 0x368/0x398; 228 differing words; relocations_match=False; first +0x0: c0ffbd27 != b8ffbd27
0x800482B0,3,gcc-2.8.1-psx,profile=gcc_2_8_1_g8_split label=attempt-3-pure-split source=tmp/agents/manual-six/candidates/func_800482B0_pure.c,nonmatch,size 0x340/0x3A8; 228 differing words; relocations_match=False; first +0x4: 5000beaf != 5800a4af
0x800482B0,4,gcc-2.8.1-psx,profile=gcc_2_8_1_g0 label=attempt-4-absolute-global-repair source=tmp/agents/manual-six/candidates/func_800482B0_pure.c,nonmatch,size 0x370/0x3A8; 228 differing words; relocations_match=False; first +0x4: 5000beaf != 5800a4af
0x800482B0,5,gcc-2.8.1-psx,profile=gcc_2_8_1_g0 label=attempt-5-m2c-structured-g0 source=tmp/agents/first-pass-c4/sources/func_800482B0_attempt1.c,nonmatch,tool error: candidate compilation: /home/superconta/data/share/yugioh/tmp/agents/first-pass-c4/sources/func_800482B0_attempt1.c:45: invalid type argument of `unary *'
0x800482B0,6,gcc-2.8.1-psx,profile=gcc_2_8_1_g0_no_sched2 label=attempt-6-g0-no-sched2 source=tmp/agents/manual-six/candidates/func_800482B0_pure.c,deferred,size 0x384/0x3A8; 230 differing words; relocations_match=False; first +0x4: 5000beaf != 5400bfaf
0x8001825C,3,gcc-2.8.1-psx,profile=gcc_2_8_1_g8_split label=attempt-3-full-m2c-split source=tmp/agents/first-pass-c4/sources/func_8001825C_attempt2.c,nonmatch,tool error: preprocessed candidate contains asm
0x8001825C,4,gcc-2.8.1-psx,profile=gcc_2_8_1_g8_split label=attempt-4-full-pure-split source=tmp/agents/manual-six/candidates/func_8001825C_full_pure.c,nonmatch,tool error: candidate link: (.text+0x34c): additional relocation overflows omitted from the output
0x8001825C,5,gcc-2.8.1-psx,profile=gcc_2_8_1_g0 label=attempt-5-full-pure-gprel-repair source=tmp/agents/manual-six/candidates/func_8001825C_full_pure.c,nonmatch,size 0x3E4/0x3AC; 242 differing words; relocations_match=False; first +0x0: 32038597 != 0a80053c
0x8001825C,6,gcc-2.8.1-psx,profile=gcc_2_8_1_g0_no_sched2 label=attempt-6-full-pure-g0-no-sched2 source=tmp/agents/manual-six/candidates/func_8001825C_full_pure.c,deferred,size 0x3E8/0x3AC; 242 differing words; relocations_match=False; first +0x0: 32038597 != d8ffbd27
0x800171A8,3,gcc-2.8.1-psx,profile=gcc_2_8_1_g8 label=attempt-3-full-unchiga-pure source=tmp/agents/manual-six/candidates/func_800171A8_full_unchiga_pure.c,nonmatch,size 0x30/0x3B4; 237 differing words; relocations_match=False; first +0x0: e0ffbd27 != 0d00a22c
0x800171A8,4,gcc-2.8.1-psx,profile=gcc_2_8_1_g8 label=attempt-4-full-unchiga-switch source=tmp/agents/manual-six/candidates/func_800171A8_full_switch.c,nonmatch,tool error: cannot resolve symbol .rodata
0x800171A8,5,gcc-2.8.1-psx,profile=gcc_2_8_1_g8_split label=attempt-5-full-switch-object source=tmp/agents/manual-six/candidates/func_800171A8_full_switch.c,nonmatch,Full 0x3B4-byte switch candidate compiles to 0x354 bytes with 212 differing words; text relocations differ and first object-text residual is +0x14.
0x800171A8,6,gcc-2.8.1-psx,profile=gcc_2_8_1_o1_g8 label=attempt-6-full-switch-o1 source=tmp/agents/manual-six/candidates/func_800171A8_full_switch.c,deferred,Full switch candidate compiles to 0x368/0x3B4 bytes under O1 G8 with 229 differing words; text relocations differ and first object-text residual is +0x4.
0x8003A560,3,gcc-2.8.1-psx,profile=gcc_2_8_1_g8_split label=attempt-3-full-pure-split source=tmp/agents/manual-six/candidates/func_8003A560_full_pure.c,nonmatch,tool error: candidate link: (.text+0x340): additional relocation overflows omitted from the output
0x8003A560,4,gcc-2.8.1-psx,profile=gcc_2_8_1_g0 label=attempt-4-full-pure-gprel-repair source=tmp/agents/manual-six/candidates/func_8003A560_full_pure.c,nonmatch,size 0x450/0x3C0; 275 differing words; relocations_match=False; first +0x0: c8ffbd27 != d0ffbd27
0x8003A560,5,gcc-2.8.1-psx,profile=gcc_2_8_1_g0_no_sched2 label=attempt-5-full-pure-g0-no-sched2 source=tmp/agents/manual-six/candidates/func_8003A560_full_pure.c,nonmatch,size 0x450/0x3C0; 275 differing words; relocations_match=False; first +0x0: c8ffbd27 != d0ffbd27
0x8003A560,6,gcc-2.8.1-psx,profile=gcc_2_8_1_o1_g0 label=attempt-6-full-pure-o1-g0 source=tmp/agents/manual-six/candidates/func_8003A560_full_pure.c,deferred,size 0x478/0x3C0; 278 differing words; relocations_match=False; first +0x0: c8ffbd27 != d0ffbd27
0x8003EED0,3,gcc-2.8.1-psx,profile=gcc_2_8_1_g8_no_sched2 label=attempt-3-full-m2c-no-sched2 source=tmp/agents/first-pass-c4/sources/func_8003EED0_attempt1.c,nonmatch,tool error: cannot resolve symbol .rodata
0x8003EED0,4,gcc-2.8.1-psx,profile=gcc_2_8_1_o1_g8 label=attempt-4-full-m2c-o1-object source=tmp/agents/first-pass-c4/sources/func_8003EED0_attempt1.c,nonmatch,Full candidate compiles to 0x420/0x3E0 bytes under O1 G8 with 255 differing words; text relocations differ and first object-text residual is +0x0.
0x8003EED0,5,gcc-2.8.1-psx,profile=gcc_2_8_1_g0 label=attempt-5-full-m2c-gprel-repair-object source=tmp/agents/first-pass-c4/sources/func_8003EED0_attempt1.c,nonmatch,Full candidate compiles to 0x4F4/0x3E0 bytes under G0 with 314 differing words; text relocations differ and first object-text residual is +0x0.
0x8003EED0,6,gcc-2.8.1-psx,profile=gcc_2_8_1_g8_split label=attempt-6-gms-return-contract source=tmp/agents/manual-six/candidates/func_8003EED0_gms_return.c,deferred,"GMS-backed s32 return contract reaches exact 0x3E0-byte text size under split G8, with 231 differing words; text relocations differ and first object-text residual is +0x4."
0x80046A08,4,gcc-2.8.1-psx,profile=gcc_2_8_1_g8 label=attempt-4-full-target-gms-switch source=tmp/agents/manual-six/candidates/func_80046A08_full_switch.c,nonmatch,Full 0x3E0 target/GMS switch candidate compiles to 0x3E4 bytes with 235 differing words; text relocations differ and first object-text residual is +0x18. Unchiga partial 0x34-byte prefix was not used.
0x80046A08,5,gcc-2.8.1-psx,profile=gcc_2_8_1_g8_split label=attempt-5-full-target-gms-switch-split source=tmp/agents/manual-six/candidates/func_80046A08_full_switch.c,nonmatch,Full target/GMS switch under split G8 compiles to 0x3E8/0x3E0 bytes with 204 differing words; text relocations differ and first object-text residual remains +0x18. Unchiga partial prefix was excluded.
0x80046A08,6,gcc-2.8.1-psx,profile=gcc_2_8_1_g8_no_sched2 label=attempt-6-full-target-gms-switch-no-sched2 source=tmp/agents/manual-six/candidates/func_80046A08_full_switch.c,deferred,"Sixth canonical variant uses the full 0x3E0 target/GMS body, not Unchiga partial prefix: 0x3E8 bytes, 215 differing words, differing text relocations, first object-text residual +0x0. Assembly fallback remains."
0x800393B0,3,gcc-2.8.1-psx,profile=gcc_2_8_1_g8_split label=attempt-3-full-pure-split source=tmp/agents/manual-six/candidates/func_800393B0_full_pure.c,nonmatch,tool error: candidate link: (.text+0x324): relocation truncated to fit: R_MIPS_GPREL16 against `D_801D9000'
0x800393B0,4,gcc-2.8.1-psx,profile=gcc_2_8_1_g0 label=attempt-4-full-pure-gprel-repair source=tmp/agents/manual-six/candidates/func_800393B0_full_pure.c,nonmatch,size 0x3F8/0x3E4; 211 differing words; relocations_match=False; first +0x0: e0ffbd27 != e8ffbd27
0x800393B0,5,gcc-2.8.1-psx,profile=gcc_2_8_1_g0_no_sched2 label=attempt-5-full-pure-g0-no-sched2 source=tmp/agents/manual-six/candidates/func_800393B0_full_pure.c,nonmatch,size 0x404/0x3E4; 184 differing words; relocations_match=False; first +0x0: e0ffbd27 != e8ffbd27
0x800393B0,6,gcc-2.8.1-psx,profile=gcc_2_8_1_g0_no_sched2 label=attempt-6-gms-return-g0-no-sched2 source=tmp/agents/manual-six/candidates/func_800393B0_gms_return.c,deferred,size 0x408/0x3E4; 192 differing words; relocations_match=False; first +0x0: e0ffbd27 != e8ffbd27
0x8006041C,3,gcc-2.8.1-psx,profile=gcc_2_8_1_g0 label=attempt-3-full-pure-gms-contract source=tmp/agents/manual-six/candidates/func_8006041C_full_pure.c,nonmatch,size 0x4D8/0x450; 281 differing words; relocations_match=False; first +0xC: 5d006210 != 66006210
0x8006041C,4,gcc-2.8.1-psx,profile=gcc_2_8_1_g0_split label=attempt-4-function-designators-split source=tmp/agents/manual-six/candidates/func_8006041C_function_designators.c,nonmatch,tool error: candidate compilation: /home/superconta/data/share/yugioh/tmp/agents/manual-six/candidates/func_8006041C_function_designators.c:320: void value not ignored as it ought to be
0x8006041C,5,gcc-2.8.1-psx,profile=gcc_2_8_1_g0_split label=attempt-5-function-designators-fixed-split source=tmp/agents/manual-six/candidates/func_8006041C_function_designators_fixed.c,matched,size 0x450/0x450; 0 differing words; relocations_match=True; first none
0x8003F8D4,4,gcc-2.8.1-psx,profile=gcc_2_8_1_g8 label=attempt-4-full-gms-switch source=tmp/agents/manual-six/candidates/func_8003F8D4_full_switch.c,nonmatch,linked verifier cannot resolve local .rodata; object text 0x3CC/0x404 with 247 differing words; relocations differ; first +0x14
0x8003F8D4,5,gcc-2.8.1-psx,profile=gcc_2_8_1_g8_split label=attempt-5-full-gms-switch-split source=tmp/agents/manual-six/candidates/func_8003F8D4_full_switch.c,nonmatch,linked verifier cannot resolve local .rodata; closest object text 0x3CC/0x404 with 220 differing words; relocations differ; first +0x14
0x8003F8D4,6,gcc-2.8.1-psx,profile=gcc_2_8_1_g8_no_sched2 label=attempt-6-full-gms-switch-no-sched2 source=tmp/agents/manual-six/candidates/func_8003F8D4_full_switch.c,deferred,linked verifier cannot resolve local .rodata; object text 0x3D0/0x404 with 232 differing words; relocations differ; first +0x0; full GMS switch preserved and assembly fallback remains
0x8005E808,3,gcc-2.8.1-psx,profile=gcc_2_8_1_g8 label=attempt-3-mult-and-byte-stride-repair source=tmp/agents/manual-six/candidates/func_8005E808_full_pure.c,nonmatch,size 0x464/0x3EC; 274 differing words; relocations_match=False; first +0x0: 68ffbd27 != 50ffbd27
0x8005E808,4,gcc-2.8.1-psx,profile=gcc_2_8_1_g8_split label=attempt-4-mult-repair-split source=tmp/agents/manual-six/candidates/func_8005E808_mult_only.c,nonmatch,tool error: candidate link: (.text+0x320): relocation truncated to fit: R_MIPS_GPREL16 against `D_800F5768'
0x8005E808,5,gcc-2.8.1-psx,profile=gcc_2_8_1_g8_split label=attempt-5-mult-global-array-split source=tmp/agents/manual-six/candidates/func_8005E808_mult_global_array.c,nonmatch,size 0x458/0x3EC; 272 differing words; relocations_match=False; first +0x0: 68ffbd27 != 88ffbd27
0x8005E808,6,gcc-2.8.1-psx,profile=gcc_2_8_1_g8_no_sched2 label=attempt-6-full-gms-byte-strides-no-sched2 source=tmp/agents/manual-six/candidates/func_8005E808_full_pure.c,deferred,size 0x480/0x3EC; 284 differing words; relocations_match=False; first +0x0: 68ffbd27 != 50ffbd27
0x80019608,3,gcc-2.8.1-psx,profile=gcc_2_8_1_g8 label=attempt-3-full-declaration-stride-repair source=tmp/agents/manual-six/candidates/func_80019608_full_pure.c,nonmatch,tool error: candidate link: (.text+0x244): relocation truncated to fit: R_MIPS_GPREL16 against `D_800E9EF4'
0x80019608,4,gcc-2.8.1-psx,profile=gcc_2_8_1_g8_split label=attempt-4-full-global-array-split source=tmp/agents/manual-six/candidates/func_80019608_global_array.c,nonmatch,size 0x444/0x400; 257 differing words; relocations_match=False; first +0x6: 32038397 != 32038497
0x80019608,5,gcc-2.8.1-psx,profile=gcc_2_8_1_g8_no_sched2 label=attempt-5-full-global-array-no-sched2 source=tmp/agents/manual-six/candidates/func_80019608_global_array.c,nonmatch,size 0x484/0x400; 270 differing words; relocations_match=False; first +0x0: d8ffbd27 != e0ffbd27
0x80019608,6,gcc-2.8.1-psx,profile=gcc_2_8_1_o1_g8 label=attempt-6-full-global-array-o1 source=tmp/agents/manual-six/candidates/func_80019608_global_array.c,deferred,size 0x4AC/0x400; 272 differing words; relocations_match=False; first +0x0: d8ffbd27 != e0ffbd27
0x800279BC,3,gcc-2.8.1-psx,profile=gcc_2_8_1_g8 label=attempt-3-full-stack-stride-repair source=tmp/agents/manual-six/candidates/func_800279BC_full_pure.c,nonmatch,tool error: candidate link: (.text+0x1c): relocation truncated to fit: R_MIPS_GPREL16 against `D_800EAE91'
0x800279BC,4,gcc-2.8.1-psx,profile=gcc_2_8_1_g8_split label=attempt-4-full-global-array-split source=tmp/agents/manual-six/candidates/func_800279BC_global_array.c,nonmatch,size 0x3E8/0x43C; 255 differing words; relocations_match=False; first +0x24: fd004014 != e8004014
0x800279BC,5,gcc-2.8.1-psx,profile=gcc_2_8_1_g8 label=attempt-5-full-global-array-default source=tmp/agents/manual-six/candidates/func_800279BC_global_array.c,nonmatch,size 0x3E8/0x43C; 269 differing words; relocations_match=False; first +0x0: 90ffbd27 != 64028297
0x800279BC,6,gcc-2.8.1-psx,profile=gcc_2_8_1_g8_split label=attempt-6-full-verified-return-types-split source=tmp/agents/manual-six/candidates/func_800279BC_return_types.c,deferred,size 0x3D8/0x43C; 259 differing words; relocations_match=False; first +0x24: fd004014 != e4004014
0x80029EC4,3,gcc-2.8.1-psx,profile=gcc_2_8_1_g8_split label=attempt-3-full-width-stride-split source=tmp/agents/manual-six/candidates/func_80029EC4_full_pure.c,nonmatch,tool error: candidate compilation: /home/superconta/data/share/yugioh/tmp/agents/manual-six/candidates/func_80029EC4_full_pure.c:188: invalid use of array with unspecified bounds
0x80029EC4,4,gcc-2.8.1-psx,profile=gcc_2_8_1_g8_split label=attempt-4-full-width-stride-declarations-fixed source=tmp/agents/manual-six/candidates/func_80029EC4_declarations_fixed.c,nonmatch,size 0x4AC/0x430; 292 differing words; relocations_match=False; first +0x18: b0ffbd27 != b8ffbd27
0x80029EC4,5,gcc-2.8.1-psx,profile=gcc_2_8_1_g8 label=attempt-5-full-width-stride-default source=tmp/agents/manual-six/candidates/func_80029EC4_declarations_fixed.c,nonmatch,size 0x4B8/0x430; 295 differing words; relocations_match=False; first +0x18: b0ffbd27 != b8ffbd27
0x80029EC4,6,gcc-2.8.1-psx,profile=gcc_2_8_1_o1_g8 label=attempt-6-full-width-stride-o1 source=tmp/agents/manual-six/candidates/func_80029EC4_declarations_fixed.c,deferred,size 0x4D0/0x430; 303 differing words; relocations_match=False; first +0x0: 17b8033c != c0ffbd27
0x8006BCA4,2,gcc-2.8.1-psx,profile=gcc_2_8_1_g0 label=attempt-2-full-gms-signed-midpoints source=tmp/agents/assigned-six/candidates/func_8006BCA4_gms.c,nonmatch,size 0x324/0x47C; 282 differing words; relocations_match=False; first +0x0: a0ffbd27 != b0ffbd27
0x8006BCA4,3,gcc-2.8.1-psx,profile=gcc_2_8_1_g8 label=attempt-3-verbatim-gms-g8 source=tmp/agents/assigned-six/candidates/func_8006BCA4_gms_verbatim.c,nonmatch,size 0x34C/0x47C; 284 differing words; relocations_match=False; first +0x0: a0ffbd27 != a8ffbd27
0x8006BCA4,4,gcc-2.8.1-psx,profile=gcc_2_8_1_g8_split label=attempt-4-verbatim-gms-split source=tmp/agents/assigned-six/candidates/func_8006BCA4_gms_verbatim.c,nonmatch,size 0x34C/0x47C; 284 differing words; relocations_match=False; first +0x0: a0ffbd27 != a8ffbd27
0x8006BCA4,5,gcc-2.8.1-psx,profile=gcc_2_8_1_o1_g8 label=attempt-5-verbatim-gms-o1 source=tmp/agents/assigned-six/candidates/func_8006BCA4_gms_verbatim.c,nonmatch,size 0x364/0x47C; 281 differing words; relocations_match=False; first +0x0: a0ffbd27 != c0ffbd27
0x8006BCA4,6,gcc-2.7.2-psx,profile=gcc_2_7_2_g8 label=attempt-6-verbatim-gms-gcc272 source=tmp/agents/assigned-six/candidates/func_8006BCA4_gms_verbatim.c,deferred,size 0x310/0x47C; 287 differing words; relocations_match=False; first +0x0: a0ffbd27 != b8ffbd27
0x8004D134,3,gcc-2.8.1-psx,profile=gcc_2_8_1_g8 label=attempt-3-m2c-pure-wrapper source=tmp/agents/assigned-six/candidates/func_8004D134_m2c_pure.c,nonmatch,tool error: candidate compilation: register name not specified for file-scope sp
0x8004D134,4,gcc-2.8.1-psx,profile=gcc_2_8_1_g8 label=attempt-4-m2c-pure-global-sp source=tmp/agents/assigned-six/candidates/func_8004D134_m2c_pure_global_sp.c,nonmatch,size 0x424/0x458; 270 differing words; relocations_match=False; first +0x0: f8ffbd27 != 21788000
0x8004D134,5,gcc-2.8.1-psx,profile=gcc_2_8_1_g8 label=attempt-5-m2c-pure-no-globals source=tmp/agents/assigned-six/candidates/func_8004D134_m2c_pure_no_globals.c,nonmatch,size 0x424/0x458; 270 differing words; relocations_match=False; first +0x0: f8ffbd27 != 21788000
0x8004D134,6,gcc-2.8.1-psx,profile=gcc_2_8_1_g8_split label=attempt-6-verbatim-gms-split source=tmp/agents/assigned-six/candidates/func_8004D134_gms_verbatim.c,deferred,size 0x430/0x458; 275 differing words; relocations_match=False; first +0x0: f8ffbd27 != f0ffbd27
0x80031874,2,gcc-2.8.1-psx,profile=gcc_2_8_1_g8 label=attempt-2-full-gms-local-widths source=tmp/agents/assigned-six/candidates/func_80031874_gms.c,nonmatch,size 0x544/0x460; 324 differing words; relocations_match=False; first +0x0: c0ffbd27 != b0ffbd27
0x80031874,3,gcc-2.8.1-psx,profile=gcc_2_8_1_g8_split label=attempt-3-full-gms-split source=tmp/agents/assigned-six/candidates/func_80031874_gms.c,nonmatch,size 0x544/0x460; 324 differing words; relocations_match=False; first +0x0: c0ffbd27 != b0ffbd27
0x80031874,4,gcc-2.8.1-psx,profile=gcc_2_8_1_g8_no_sched2 label=attempt-4-full-gms-no-sched2 source=tmp/agents/assigned-six/candidates/func_80031874_gms.c,nonmatch,size 0x568/0x460; 333 differing words; relocations_match=False; first +0x0: c0ffbd27 != b0ffbd27
0x80031874,5,gcc-2.8.1-psx,profile=gcc_2_8_1_o1_g8 label=attempt-5-full-gms-o1 source=tmp/agents/assigned-six/candidates/func_80031874_gms.c,nonmatch,size 0x54C/0x460; 338 differing words; relocations_match=False; first +0x4: 2800b4af != 3c00bfaf
0x80031874,6,gcc-2.7.2-psx,profile=gcc_2_7_2_g8 label=attempt-6-full-gms-gcc272 source=tmp/agents/assigned-six/candidates/func_80031874_gms.c,deferred,size 0x534/0x460; 323 differing words; relocations_match=False; first +0x0: c0ffbd27 != a0ffbd27
0x80018FEC,2,gcc-2.8.1-psx,profile=gcc_2_8_1_g8 label=attempt-2-full-gms-local-symbols source=tmp/agents/assigned-six/candidates/func_80018FEC_gms.c,nonmatch,tool error: candidate link: (.text+0x3fc): relocation truncated to fit: R_MIPS_GPREL16 against `D_800EF658'
0x80018FEC,3,gcc-2.8.1-psx,profile=gcc_2_8_1_g8 label=attempt-3-gms-absolute-ef658 source=tmp/agents/assigned-six/candidates/func_80018FEC_gms_array_reloc.c,nonmatch,tool error: candidate link: (.text+0x184): relocation truncated to fit: R_MIPS_GPREL16 against `D_800E9ECF'
0x80018FEC,4,gcc-2.8.1-psx,profile=gcc_2_8_1_g8 label=attempt-4-gms-verified-reloc-classes source=tmp/agents/assigned-six/candidates/func_80018FEC_gms_absolute_relocs.c,nonmatch,size 0x490/0x460; 287 differing words; relocations_match=False; first +0x2: 32038597 != 32038287
0x80018FEC,5,gcc-2.8.1-psx,profile=gcc_2_8_1_g8 label=attempt-5-gms-unsigned-state-test source=tmp/agents/assigned-six/candidates/func_80018FEC_gms_unsigned_state.c,nonmatch,size 0x490/0x460; 283 differing words; relocations_match=False; first +0x10: 64004014 != 63004014
0x80018FEC,6,gcc-2.8.1-psx,profile=gcc_2_8_1_g8_split label=attempt-6-gms-unsigned-state-split source=tmp/agents/assigned-six/candidates/func_80018FEC_gms_unsigned_state.c,deferred,size 0x490/0x460; 235 differing words; relocations_match=False; first +0x1C: 1680023c != 0f80023c
0x80044838,2,gcc-2.8.1-psx,profile=gcc_2_8_1_g8 label=attempt-2-full-gms-local-symbols source=tmp/agents/assigned-six/candidates/func_80044838_gms.c,nonmatch,tool error: cannot resolve symbol .rodata
0x80044838,3,gcc-2.8.1-psx,profile=gcc_2_8_1_g8_split label=attempt-3-full-gms-object-split source=tmp/agents/assigned-six/candidates/func_80044838_gms.c,nonmatch,linked verifier cannot resolve local .rodata; object text 0x484/0x49C with 283 differing words; relocations differ; first +0x4
0x80044838,4,gcc-2.8.1-psx,profile=gcc_2_8_1_g8_no_sched2 label=attempt-4-full-gms-object-no-sched2 source=tmp/agents/assigned-six/candidates/func_80044838_gms.c,nonmatch,linked verifier cannot resolve local .rodata; object text 0x47C/0x49C with 286 differing words; relocations differ; first +0x0
0x80044838,5,gcc-2.8.1-psx,profile=gcc_2_8_1_o1_g8 label=attempt-5-full-gms-object-o1 source=tmp/agents/assigned-six/candidates/func_80044838_gms.c,nonmatch,linked verifier cannot resolve local .rodata; object text 0x484/0x49C with 278 differing words; relocations differ; first +0x0
0x80044838,6,gcc-2.7.2-psx,profile=gcc_2_7_2_g8 label=attempt-6-full-gms-object-gcc272 source=tmp/agents/assigned-six/candidates/func_80044838_gms.c,deferred,linked verifier cannot resolve local .rodata; object text 0x47C/0x49C with 285 differing words; relocations differ; first +0x4; assembly fallback remains
0x80013C28,2,gcc-2.8.1-psx,profile=gcc_2_8_1_g8 label=attempt-2-clean-m2c-local-layout source=tmp/agents/assigned-six/candidates/func_80013C28_m2c_clean.c,nonmatch,size 0x3D4/0x478; 274 differing words; relocations_match=False; first +0xA: ff008530 != ff008430
0x80013C28,3,gcc-2.8.1-psx,profile=gcc_2_8_1_g8 label=attempt-3-m2c-event-register source=tmp/agents/assigned-six/candidates/func_80013C28_m2c_event.c,nonmatch,size 0x3D4/0x478; 274 differing words; relocations_match=False; first +0xA: ff008530 != ff008430
0x80013C28,4,gcc-2.8.1-psx,profile=gcc_2_8_1_g8 label=attempt-4-m2c-char-parameter source=tmp/agents/assigned-six/candidates/func_80013C28_m2c_char_param.c,nonmatch,size 0x3D4/0x478; 274 differing words; relocations_match=False; first +0xA: ff008530 != ff008430
0x80013C28,5,gcc-2.8.1-psx,profile=gcc_2_8_1_g8_split label=attempt-5-clean-m2c-split source=tmp/agents/assigned-six/candidates/func_80013C28_m2c_char_param.c,nonmatch,size 0x3D4/0x478; 274 differing words; relocations_match=False; first +0xA: ff008530 != ff008430
0x80013C28,6,gcc-2.8.1-psx,profile=gcc_2_8_1_g8_no_sched2 label=attempt-6-clean-m2c-no-sched2 source=tmp/agents/assigned-six/candidates/func_80013C28_m2c_char_param.c,deferred,size 0x3D8/0x478; 279 differing words; relocations_match=False; first +0x4: 0c028293 != 1c00bfaf
0x80030294,2,gcc-2.8.1-psx,profile=gcc_2_8_1_g8_split label=attempt-2-unchiga-plain-table-copy source=tmp/agents/scoped-six/candidates/func_80030294_plain.c,nonmatch,size 0x514/0x524; 298 differing words; relocations_match=False; first +0x0: 98ffbd27 != 90ffbd27
0x80030294,3,gcc-2.8.1-psx,profile=gcc_2_8_1_g8_split label=attempt-3-unchiga-struct-table-copy source=tmp/agents/scoped-six/candidates/func_80030294_struct.c,nonmatch,size 0x510/0x524; 319 differing words; relocations_match=False; first +0x0: 98ffbd27 != 90ffbd27
0x80030294,4,gcc-2.8.1-psx,profile=gcc_2_8_1_g8_split label=attempt-4-unchiga-grouped-three-temp-copy source=tmp/agents/scoped-six/candidates/func_80030294_grouped.c,nonmatch,size 0x504/0x524; 323 differing words; relocations_match=False; first +0x4: 6000b2af != 0180023c
0x80030294,5,gcc-2.8.1-psx,profile=gcc_2_8_1_g8_split label=attempt-5-unchiga-builtin-memcpy-tables source=tmp/agents/scoped-six/candidates/func_80030294_memcpy.c,nonmatch,size 0x510/0x524; 319 differing words; relocations_match=False; first +0x0: 98ffbd27 != 90ffbd27
0x80030294,6,gcc-2.8.1-psx,profile=gcc_2_8_1_g8_no_sched2 label=attempt-6-unchiga-plain-no-second-scheduler source=tmp/agents/scoped-six/candidates/func_80030294_plain.c,deferred,size 0x528/0x524; 317 differing words; relocations_match=False; first +0x0: 98ffbd27 != 90ffbd27; exact assembly fallback remains
0x8001455C,2,gcc-2.8.1-psx,profile=gcc_2_8_1_g8 label=attempt-2-unchiga-switch-register-pins source=tmp/agents/scoped-six/candidates/func_8001455C_switch.c,nonmatch,tool error: candidate contains GCC register asm declarations; pure-C verifier rejected it
0x8001455C,3,gcc-2.8.1-psx,profile=gcc_2_8_1_g8 label=attempt-3-pure-switch-local-jumptable source=tmp/agents/scoped-six/candidates/func_8001455C_switch_pure.c,nonmatch,tool error: linked verifier cannot resolve compiler-generated local .rodata jump table; object requires 7-entry table audit against jtbl_80010044
0x8001455C,4,gcc-2.8.1-psx,profile=gcc_2_8_1_g8 label=attempt-4-pure-branch-chain source=tmp/agents/scoped-six/candidates/func_8001455C_chain.c,nonmatch,size 0x518/0x500; 270 differing words; relocations_match=False; first +0x0: e0ffbd27 != ec018a8f
0x8001455C,5,gcc-2.8.1-psx,profile=gcc_2_8_1_g8_split label=attempt-5-pure-branch-chain-split source=tmp/agents/scoped-six/candidates/func_8001455C_chain.c,nonmatch,size 0x518/0x500; 268 differing words; relocations_match=False; first +0x6: ec01828f != ec018a8f
0x8001455C,6,gcc-2.8.1-psx,profile=gcc_2_8_1_g8_split label=attempt-6-pure-switch-local-jumptable-split source=tmp/agents/scoped-six/candidates/func_8001455C_switch_pure.c,deferred,linked verifier cannot resolve compiler-generated local .rodata jump table under split profile; pure branch-chain remained 268 words away; exact assembly fallback remains
0x80020F4C,2,gcc-2.8.1-psx,profile=gcc_2_8_1_g8 label=attempt-2-gms-direct-local-symbols source=tmp/agents/scoped-six/candidates/func_80020F4C_gms.c,nonmatch,tool error: candidate compilation parse error at end of input from omitted closing brace in prepared GMS body
0x80020F4C,3,gcc-2.8.1-psx,profile=gcc_2_8_1_g8 label=attempt-3-gms-body-closure-fixed source=tmp/agents/scoped-six/candidates/func_80020F4C_gms.c,nonmatch,"tool error: candidate compilation missing __int8, D_8009B398, and func_80020BE4 declarations after restoring full GMS body"
0x80020F4C,4,gcc-2.8.1-psx,profile=gcc_2_8_1_g8 label=attempt-4-gms-address-symbols-fixed source=tmp/agents/scoped-six/candidates/func_80020F4C_gms_fixed.c,nonmatch,tool error: candidate compilation retained invalid unsigned signed char casts after translating GMS __int8 types
0x80020F4C,5,gcc-2.8.1-psx,profile=gcc_2_8_1_g8 label=attempt-5-compiling-gms-local-widths source=tmp/agents/scoped-six/candidates/func_80020F4C_gms_compiling.c,nonmatch,tool error: candidate link R_MIPS_GPREL16 overflow at +0x338 against D_800E9ECE; scalar declaration selected wrong relocation class
0x80020F4C,6,gcc-2.8.1-psx,profile=gcc_2_8_1_g8 label=attempt-6-gms-array-relocation-fixed source=tmp/agents/scoped-six/candidates/func_80020F4C_gms_reloc.c,deferred,size 0x544/0x534; 335 differing words; relocations_match=False; first +0x4: 32038397 != 3000b2af; exact assembly fallback remains
0x800283F4,2,gcc-2.8.1-psx,profile=gcc_2_8_1_g8 label=attempt-2-gms-first-symbol-occurrence source=tmp/agents/scoped-six/candidates/func_800283F4_gms.c,nonmatch,tool error: prepared candidate began at GMS forward declaration and included later inline assembly; pure-C verifier rejected it
0x800283F4,3,gcc-2.8.1-psx,profile=gcc_2_8_1_g8 label=attempt-3-full-gms-local-symbols source=tmp/agents/scoped-six/candidates/func_800283F4_gms_body.c,nonmatch,tool error: GCC 2.8.1 cc1 signal 11 compiling full GMS reconstruction with verified address-based globals
0x800283F4,4,gcc-2.8.1-psx,profile=gcc_2_8_1_g8_split label=attempt-4-full-gms-split source=tmp/agents/scoped-six/candidates/func_800283F4_gms_body.c,nonmatch,tool error: GCC 2.8.1 cc1 signal 11 persists under split scheduling profile
0x800283F4,5,gcc-2.8.1-psx,profile=gcc_2_8_1_o1_g8 label=attempt-5-full-gms-o1 source=tmp/agents/scoped-six/candidates/func_800283F4_gms_body.c,nonmatch,tool error: GCC 2.8.1 cc1 signal 11 persists with O1 profile; optimizer level does not clear reconstructed pointer blocker
0x800283F4,6,gcc-2.7.2-psx,profile=gcc_2_7_2_g8 label=attempt-6-full-gms-gcc272 source=tmp/agents/scoped-six/candidates/func_800283F4_gms_body.c,deferred,tool error: GCC 2.7.2 cc1 signal 11 on the same full GMS pointer reconstruction; exact assembly fallback remains
0x80029934,2,gcc-2.8.1-psx,profile=gcc_2_8_1_g0 label=attempt-2-full-gms-gte-source source=tmp/agents/scoped-six/candidates/func_80029934_gms_gte.c,nonmatch,tool error: pure-C verifier rejected GMS raw lwc2/rtps/swc2 inline assembly sequences
0x80029934,3,gcc-2.8.1-psx,profile=gcc_2_8_1_g0 label=attempt-3-pure-gms-without-gte-ops source=tmp/agents/scoped-six/candidates/func_80029934_gms_pure.c,nonmatch,size 0x780/0x57C; 475 differing words; relocations_match=False; first +0x0: c0ffbd27 != 98ffbd27; GTE projection operations absent
0x80029934,4,gcc-2.8.1-psx,profile=gcc_2_8_1_g0_split label=attempt-4-pure-gms-split source=tmp/agents/scoped-six/candidates/func_80029934_gms_pure.c,nonmatch,size 0x780/0x57C; 475 differing words; relocations_match=False; first +0x0: c0ffbd27 != 98ffbd27
0x80029934,5,gcc-2.8.1-psx,profile=gcc_2_8_1_g0_no_sched2 label=attempt-5-pure-gms-no-second-scheduler source=tmp/agents/scoped-six/candidates/func_80029934_gms_pure.c,nonmatch,size 0x7B8/0x57C; 491 differing words; relocations_match=False; first +0x0: c0ffbd27 != 98ffbd27
0x80029934,6,gcc-2.7.2-psx,profile=gcc_2_7_2_g0 label=attempt-6-pure-gms-gcc272 source=tmp/agents/scoped-six/candidates/func_80029934_gms_pure.c,deferred,size 0x780/0x57C; 475 differing words; relocations_match=False; first +0x0: c0ffbd27 != 70ffbd27; pure C cannot emit required GTE lwc2/rtps/swc2 sequences; exact assembly fallback remains
0x80016784,2,gcc-2.8.1-psx,profile=gcc_2_8_1_g0 label=attempt-2-full-gms-scratch-widths source=tmp/agents/scoped-six/candidates/func_80016784_gms.c,nonmatch,tool error: candidate compilation retained an unsigned __int8 cast in the reconstructed GMS body
0x80016784,3,gcc-2.8.1-psx,profile=gcc_2_8_1_g0 label=attempt-3-compiling-gms-local-widths source=tmp/agents/scoped-six/candidates/func_80016784_gms_fixed.c,nonmatch,size 0x7A8/0x580; 484 differing words; relocations_match=False; first +0x4: 4800b6af != 5000beaf
0x80016784,4,gcc-2.8.1-psx,profile=gcc_2_8_1_g0_split label=attempt-4-full-gms-split source=tmp/agents/scoped-six/candidates/func_80016784_gms_fixed.c,nonmatch,size 0x7A8/0x580; 484 differing words; relocations_match=False; first +0x4: 4800b6af != 5000beaf
0x80016784,5,gcc-2.8.1-psx,profile=gcc_2_8_1_g0_no_sched2 label=attempt-5-full-gms-no-second-scheduler source=tmp/agents/scoped-six/candidates/func_80016784_gms_fixed.c,nonmatch,size 0x7AC/0x580; 488 differing words; relocations_match=False; first +0x4: 4800b6af != 5400bfaf
0x80016784,6,gcc-2.7.2-psx,profile=gcc_2_7_2_g0 label=attempt-6-full-gms-gcc272 source=tmp/agents/scoped-six/candidates/func_80016784_gms_fixed.c,deferred,size 0x864/0x580; 534 differing words; relocations_match=False; first +0x0: a8ffbd27 != a0ffbd27; collaborator reports a 35-word pure-C residual but preserved winner is absent; exact assembly fallback remains
0x8001B170,2,gcc-2.8.1-psx,profile=gcc_2_8_1_g8 label=attempt-2-full-gms-fixed-address source=tmp/agents/final-four/candidates/func_8001B170_gms_unmapped.c,nonmatch,"tool error: full GMS reconstruction reached compilation but retained undeclared playingSide, selectedCardId, and MEMORY aliases"
0x8002EE94,2,gcc-2.8.1-psx,profile=gcc_2_8_1_g8 label=attempt-2-full-m2c-gms-fixed-address source=tmp/agents/final-four/candidates/func_8002EE94_gms_fixed.c,nonmatch,size 0x700/0x59C; relocations 38/120; first word d0ffbd27!=c8ffbd27; full assembly-derived control flow compiles
0x8003E854,2,gcc-2.8.1-psx,profile=gcc_2_8_1_g8 label=attempt-2-full-gms-fixed-address source=tmp/agents/final-four/candidates/func_8003E854_gms_fixed.c,nonmatch,size 0x878/0x63C; relocations 40/160; first word e3048293!=d8ffbd27; full GMS state machine compiles
0x80045514,2,gcc-2.8.1-psx,profile=gcc_2_8_1_g0 label=attempt-2-full-gms-fixed-address source=tmp/agents/final-four/candidates/func_80045514_gms_fixed.c,nonmatch,tool error: full GMS switch compiles to assembly but MASPSX output has duplicate local label $L39
0x8001B170,3,gcc-2.8.1-psx,profile=gcc_2_8_1_g8 label=attempt-3-full-gms-aliases-repaired source=tmp/agents/final-four/candidates/func_8001B170_gms_fixed.c,nonmatch,size 0x740/0x610; relocations 28/95; first word d0ffbd27!=c8ffbd27; mapped side/card/scratchpad declarations compile
0x8002EE94,3,gcc-2.8.1-psx,profile=gcc_2_8_1_g8_split label=attempt-3-full-gms-split source=tmp/agents/final-four/candidates/func_8002EE94_gms_fixed.c,nonmatch,size 0x700/0x59C; relocations 38/120; first word d0ffbd27!=c8ffbd27; split addressing remains nonexact
0x8003E854,3,gcc-2.8.1-psx,profile=gcc_2_8_1_g8_split label=attempt-3-full-gms-split source=tmp/agents/final-four/candidates/func_8003E854_gms_fixed.c,nonmatch,size 0x878/0x63C; relocations 40/160; first word e3048293!=d8ffbd27; split addressing does not change full GMS output
0x80045514,3,gcc-2.8.1-psx,profile=gcc_2_8_1_g0_split label=attempt-3-full-gms-split source=tmp/agents/final-four/candidates/func_80045514_gms_fixed.c,nonmatch,size 0x7B4/0x6D4; relocations 27/133; first word 0a80023c!=e8ffbd27; split profile bypasses prior MASPSX label collision
0x8001B170,4,gcc-2.8.1-psx,profile=gcc_2_8_1_g8_split label=attempt-4-gms-split source=tmp/agents/final-four/candidates/func_8001B170_gms_fixed.c,nonmatch,size 0x740/0x610; relocations 28/95; byte +0x0: d0!=c8; word +0x0: d0ffbd27!=c8ffbd27
0x8002EE94,4,gcc-2.8.1-psx,profile=gcc_2_8_1_g8_no_split label=attempt-4-gms-no-split source=tmp/agents/final-four/candidates/func_8002EE94_gms_fixed.c,nonmatch,size 0x700/0x59C; relocations 38/120; byte +0x0: d0!=c8; word +0x0: d0ffbd27!=c8ffbd27
0x8003E854,4,gcc-2.8.1-psx,profile=gcc_2_8_1_g8_no_split label=attempt-4-gms-no-split source=tmp/agents/final-four/candidates/func_8003E854_gms_fixed.c,nonmatch,size 0x878/0x63C; relocations 40/160; byte +0x0: e3!=d8; word +0x0: e3048293!=d8ffbd27
0x80045514,4,gcc-2.8.1-psx,profile=gcc_2_8_1_g0_no_split label=attempt-4-gms-no-split source=tmp/agents/final-four/candidates/func_80045514_gms_fixed.c,nonmatch,size 0x7B0/0x6D4; relocations 27/133; byte +0x0: 0a!=e8; word +0x0: 0a80023c!=e8ffbd27
0x8001B170,5,gcc-2.7.2-psx,profile=gcc_2_7_2_g8 label=attempt-5-gms-gcc272 source=tmp/agents/final-four/candidates/func_8001B170_gms_fixed.c,nonmatch,size 0x7AC/0x610; relocations 24/95; byte +0x0: d0!=c0; word +0x0: d0ffbd27!=c0ffbd27
0x8002EE94,5,gcc-2.7.2-psx,profile=gcc_2_7_2_g8 label=attempt-5-gms-gcc272 source=tmp/agents/final-four/candidates/func_8002EE94_gms_fixed.c,nonmatch,size 0x70C/0x59C; relocations 38/120; byte +0x0: d0!=c8; word +0x0: d0ffbd27!=c8ffbd27
0x8003E854,5,gcc-2.7.2-psx,profile=gcc_2_7_2_g8 label=attempt-5-gms-gcc272 source=tmp/agents/final-four/candidates/func_8003E854_gms_fixed.c,nonmatch,size 0x890/0x63C; relocations 41/160; byte +0x0: e3!=d8; word +0x0: e3048293!=d8ffbd27
0x80045514,5,gcc-2.7.2-psx,profile=gcc_2_7_2_g0 label=attempt-5-gms-gcc272 source=tmp/agents/final-four/candidates/func_80045514_gms_fixed.c,nonmatch,tool error: FAIL  0x80045514 gcc_2_7_2_g0 /home/superconta/data/share/yugioh/tools/toolchains/binutils-2.42/bin/mipsel-none-elf-as failed (1):; /home/superconta/data/share/yugioh/tmp/agents/first-pass-c5/build/80045514/attempt-5-gms-gcc272/maspsx.s:623: Error: symbol `$L39' is already defined
0x8001B170,6,gcc-2.8.1-psx,profile=gcc_2_8_1_g8_no_sched2 label=attempt-6-gms-no-second-scheduler source=tmp/agents/final-four/candidates/func_8001B170_gms_fixed.c,deferred,size 0x73C/0x610; relocations 29/95; byte +0x0: d0!=c8; word +0x0: d0ffbd27!=c8ffbd27; exact assembly fallback remains
0x8002EE94,6,gcc-2.8.1-psx,profile=gcc_2_8_1_g8_no_sched2 label=attempt-6-gms-no-second-scheduler source=tmp/agents/final-four/candidates/func_8002EE94_gms_fixed.c,deferred,size 0x710/0x59C; relocations 37/120; byte +0x0: d0!=c8; word +0x0: d0ffbd27!=c8ffbd27; exact assembly fallback remains
0x8003E854,6,gcc-2.8.1-psx,profile=gcc_2_8_1_g8_no_sched2 label=attempt-6-gms-no-second-scheduler source=tmp/agents/final-four/candidates/func_8003E854_gms_fixed.c,deferred,size 0x884/0x63C; relocations 40/160; byte +0x0: e3!=d8; word +0x0: e3048293!=d8ffbd27; exact assembly fallback remains
0x80045514,6,gcc-2.8.1-psx,profile=gcc_2_8_1_g0_no_sched2 label=attempt-6-gms-no-second-scheduler source=tmp/agents/final-four/candidates/func_80045514_gms_fixed.c,deferred,tool error: FAIL  0x80045514 gcc_2_8_1_g0_no_sched2 /home/superconta/data/share/yugioh/tools/toolchains/binutils-2.42/bin/mipsel-none-elf-as failed (1):; /home/superconta/data/share/yugioh/tmp/agents/first-pass-c5/build/80045514/attempt-6-gms-no-second-scheduler/maspsx.s:617: Error: symbol `$L39' is already defined; exact assembly fallback remains
